symbol,entry_time,onset_time,peak_time,spike_pct,lag_minutes,close,return_1m_pct,return_3m_pct,return_5m_pct,return_15m_pct,rsi_14,cmo_14,stoch_k,stoch_d,cci_20,adx_14,di_gap,ema9_21_gap_pct,ema_cross_up,macd_histogram_pct,roc_10_pct,atr_pct,bb_position,bb_width_pct,volume_ratio_20,cmf_20,obv_slope_5,body_pct,range_pct,close_position_in_range
HAEDALTRY,2026-08-15 20:56:59,2026-08-15 20:56:59,2026-08-15 21:11:59,5.04926,0,0.812,0.12330456,0.12330456,0.12330456,0.99502488,95.41304054,100.0,100.0,100.0,83.56807512,71.42857143,100.0,0.25118284,0,0.05169839,0.99502488,0.00070373,0.81282228,0.01761542,0.09235905,0.0,1.0,0.0,0.0,
HAEDALTRY,2026-08-15 20:56:59,2026-08-15 20:56:59,2026-08-15 21:11:59,5.04926,1,0.811,0.0,0.0,0.0,0.87064677,94.25892511,100.0,100.0,100.0,74.07407407,64.28571429,100.0,0.2476268,0,0.05683638,0.87064677,0.00061652,0.7763854,0.01725804,0.0,0.0,,0.0,0.0,
HAEDALTRY,2026-08-15 20:56:59,2026-08-15 20:56:59,2026-08-15 21:11:59,5.04926,3,0.811,0.0,0.0,0.0,0.87064677,94.25892511,100.0,100.0,100.0,95.23809524,50.0,100.0,0.25885861,0,0.08322476,0.87064677,0.00061652,0.84069257,0.01656042,0.0,0.0,,0.0,0.0,
HEMITRY,2026-08-15 21:18:59,2026-08-15 21:19:59,2026-08-15 21:30:59,7.17274,0,0.3345,-0.02988643,-3.29575022,-4.75512528,-5.45505936,38.64163075,-55.42168675,16.30901288,12.32813004,-173.08749679,35.29138072,-24.66843501,-0.32715995,0,-0.7435842,-3.49105597,0.01610079,0.02078041,0.06883162,1.87983643,0.0347376,-0.75291326,-0.11943864,1.91330344,0.59375
HEMITRY,2026-08-15 21:18:59,2026-08-15 21:19:59,2026-08-15 21:30:59,7.17274,1,0.3346,-0.29797378,-5.21246459,-4.45459737,-4.15353767,38.75018205,-56.47058824,11.36363636,17.94151618,-185.08418468,34.41480367,-19.87012987,-0.03625262,0,-0.65789479,-4.09859559,0.01643754,-0.04270113,0.06240899,0.92624945,0.04996758,-0.42584998,-0.38701995,2.09205021,0.42857143
HEMITRY,2026-08-15 21:18:59,2026-08-15 21:19:59,2026-08-15 21:30:59,7.17274,3,0.3459,-2.01133144,-1.22786979,0.05785363,1.28843338,53.4907267,17.52021563,33.14917127,57.80386325,25.57377049,34.51608206,17.4796748,0.84574334,0,-0.21315989,-1.42490738,0.01523975,0.43766309,0.04970099,0.48501927,0.04980289,0.70413871,-1.95578231,2.2260769,0.05194805
HEMITRY,2026-08-15 21:18:59,2026-08-15 21:19:59,2026-08-15 21:30:59,7.17274,5,0.3512,0.28555111,1.59097483,1.3271783,2.42053077,66.37834261,30.71895425,66.16915423,59.36981758,84.95347487,31.20317252,16.30276565,0.99724457,0,-0.15964692,-0.73487846,0.0139725,0.78708581,0.04821617,0.46553295,0.08780473,0.39754381,0.4002287,0.79726651,0.78571429
HEMITRY,2026-08-15 21:18:59,2026-08-15 21:19:59,2026-08-15 21:30:59,7.17274,10,0.3466,-0.65921467,-1.22542035,-2.03504805,2.5140491,60.59293483,9.65732087,43.28358209,52.12699699,38.99656597,33.97832138,4.7277937,1.35722073,0,-0.09039048,1.07903179,0.01438463,0.63958875,0.06717852,0.43692482,0.02693845,-0.76565664,-0.63073394,1.84650894,0.65625
COWTRY,2026-08-15 21:24:59,2026-08-15 21:29:59,2026-08-15 21:39:59,5.95238,0,6.63,-0.30075188,-1.19225037,-1.33928571,1.37614679,51.77925384,17.64705882,52.0,58.66666667,35.58052434,33.61690881,12.5,0.39702655,0,0.08835921,0.30257186,0.00775695,0.59200134,0.04114083,0.98431038,0.17724363,-0.49361878,-0.30075188,0.75414781,0.4
COWTRY,2026-08-15 21:24:59,2026-08-15 21:29:59,2026-08-15 21:39:59,5.95238,1,6.65,-0.15015015,-0.74626866,-0.89418778,1.99386503,55.38984865,31.42857143,60.0,69.33333333,54.70560964,34.07725928,18.57142857,0.48770706,0,0.1614292,1.52671756,0.0075188,0.67832453,0.04162701,1.93314756,0.19192885,0.00112816,-0.15015015,0.7518797,0.6
COWTRY,2026-08-15 21:24:59,2026-08-15 21:29:59,2026-08-15 21:39:59,5.95238,3,6.71,0.14925373,0.0,1.35951662,2.75650842,67.77065831,61.29032258,84.0,86.33333333,162.76202219,34.28258548,32.30769231,0.61131952,0,0.30079613,2.44274809,0.00691931,0.94041173,0.04046959,2.07056622,0.26552909,0.67511674,0.14925373,0.74515648,0.2
COWTRY,2026-08-15 21:24:59,2026-08-15 21:29:59,2026-08-15 21:39:59,5.95238,5,6.72,0.1490313,1.51057402,1.66414523,2.59541985,71.31439292,60.0,91.66666667,92.77777778,238.58447489,30.32896767,26.2295082,0.49857145,0,0.31925407,2.75229358,0.00648384,1.13292674,0.03447495,2.74209306,0.34950039,0.82478781,0.29850746,1.04166667,0.71428571
COWTRY,2026-08-15 21:24:59,2026-08-15 21:29:59,2026-08-15 21:39:59,5.95238,10,6.61,0.91603053,0.91603053,1.07033639,0.91603053,57.22853225,33.33333333,100.0,70.37037037,66.66666667,25.80713359,8.0,-0.08164601,0,0.10914919,0.91603053,0.00540307,0.9333396,0.01812067,2.52044913,0.20479702,0.38853004,1.07033639,1.5128593,1.0
ACETRY,2026-08-15 21:58:59,2026-08-15 21:59:59,2026-08-15 22:13:59,5.00503,0,7.908,-0.55331992,0.304414,0.21543531,0.12661433,45.58581133,2.23325062,23.57723577,41.19241192,-33.64799026,21.13374053,5.66572238,-0.14074902,0,0.08954828,-0.71563089,0.00637691,0.34420709,0.01663682,1.18476182,-0.06668632,-0.05078694,-0.49075123,0.7334345,0.20689655
ACETRY,2026-08-15 21:58:59,2026-08-15 21:59:59,2026-08-15 22:13:59,5.00503,1,7.952,0.29007441,0.36602297,0.1385216,0.6837174,50.63616583,15.0,59.3495935,34.68834688,59.1891375,20.81844467,10.94674556,-0.12979428,0,0.10963252,0.1385216,0.00607215,0.67974227,0.01687734,0.2828037,-0.00950279,-0.03395304,0.1511335,0.42756539,0.61764706
ACETRY,2026-08-15 21:58:59,2026-08-15 21:59:59,2026-08-15 22:13:59,5.00503,3,7.884,-0.49223779,-0.71779373,-0.32869785,-1.63443543,41.82411329,-13.125,4.06504065,15.35859778,-56.99460862,19.9505018,2.72314675,-0.23569345,0,0.06721177,-0.21516264,0.00598862,0.25558004,0.01905966,0.49101841,0.05106784,-0.0428757,-0.54244985,0.65956367,0.09615385
ACETRY,2026-08-15 21:58:59,2026-08-15 21:59:59,2026-08-15 22:13:59,5.00503,5,7.891,-0.62964362,-0.24020228,-0.92906466,-0.0633232,41.54723068,-27.27272727,7.33333333,31.54375722,-19.74606784,26.69258745,-0.68306011,-0.22184663,0,0.10136275,-0.08863003,0.00662599,0.31942954,0.01951159,0.94612838,0.03948744,-0.54133629,-0.70466843,1.02648587,0.13580247
ACETRY,2026-08-15 21:58:59,2026-08-15 21:59:59,2026-08-15 22:13:59,5.00503,10,7.965,0.30222894,0.81002405,0.84831603,1.25858124,49.13409892,19.14893617,70.18348624,64.22018349,117.05917277,46.31958207,14.78463329,-0.25090232,0,0.18499293,0.87386018,0.00770334,0.80088938,0.02173445,0.77191376,0.02671842,0.82582558,0.17607848,0.64030132,0.2745098
COWTRY,2026-08-15 22:07:59,2026-08-15 22:16:59,2026-08-15 22:22:59,6.12855,0,6.65,-0.59790732,-0.74626866,-1.33531157,-1.18870728,41.13098223,-30.43478261,6.66666667,17.05738706,-111.51515152,38.08095975,-21.53846154,-0.41327784,0,-0.10789516,-1.62721893,0.00698174,0.07088417,0.02616061,0.99111062,0.02437953,-0.16587709,-0.59790732,0.90225564,0.16666667
COWTRY,2026-08-15 22:07:59,2026-08-15 22:16:59,2026-08-15 22:22:59,6.12855,1,6.69,0.1497006,0.0,-1.32743363,0.29985007,44.7410056,-8.33333333,23.07692308,31.5018315,-75.42026352,37.08889626,-6.15384615,-0.34973592,0,-0.07976767,-1.03550296,0.00694,0.25017283,0.02526812,0.57164313,0.04103944,-0.02662293,0.1497006,0.29895366,0.5
COWTRY,2026-08-15 22:07:59,2026-08-15 22:16:59,2026-08-15 22:22:59,6.12855,3,6.7,0.14947683,-1.179941,0.6006006,-1.03397341,45.34312113,-10.0,50.0,55.55555556,-99.32967703,38.94319417,-22.89156627,-0.30332589,0,-0.07164412,-1.32547865,0.00884861,0.25,0.02668643,1.35453883,0.02701608,0.50415514,0.0,0.74626866,0.8
COWTRY,2026-08-15 22:07:59,2026-08-15 22:16:59,2026-08-15 22:22:59,6.12855,5,6.74,-0.5899705,1.2012012,-0.29585799,-0.73637703,48.59269939,-3.57142857,72.22222222,69.84126984,-7.07583449,35.91416437,-15.0,-0.23210748,0,-0.04209891,0.14858841,0.00847817,0.40281807,0.02892582,0.37228299,0.06998346,0.0549112,-0.5899705,0.59347181,0.0
COWTRY,2026-08-15 22:07:59,2026-08-15 22:16:59,2026-08-15 22:22:59,6.12855,10,6.76,0.0,-0.44182622,0.44576523,-0.14771049,48.73729943,-17.94871795,62.5,59.72222222,-22.47191011,27.82920398,-27.27272727,-0.15690674,0,-0.07416247,-0.44182622,0.0069738,0.40623868,0.02282796,0.30141598,0.05058572,0.11007937,0.0,0.44378698,0.33333333
ALPINETRY,2026-08-15 22:26:59,2026-08-15 22:26:59,2026-08-15 22:41:59,5.26316,0,15.39,0.26058632,0.65402224,0.78585462,0.91803279,87.61608649,70.0,93.33333333,85.27777778,270.31219701,86.587726,72.0,0.24015802,0,0.04848111,0.91803279,0.00116031,1.27121114,0.00984763,6.66818237,0.47682758,1.0,0.06501951,0.12995452,0.5
ALPINETRY,2026-08-15 22:26:59,2026-08-15 22:26:59,2026-08-15 22:41:59,5.26316,1,15.35,0.32679739,0.39241334,0.39241334,0.6557377,84.15835157,62.5,100.0,70.83333333,222.22222222,87.8864273,65.0,0.18863047,0,0.0215061,0.6557377,0.00093067,1.27277038,0.00703516,44.03969669,0.64675326,0.94489366,0.19582245,0.19543974,1.0
ALPINETRY,2026-08-15 22:26:59,2026-08-15 22:26:59,2026-08-15 22:41:59,5.26316,3,15.29,0.0,0.0,0.26229508,0.26229508,74.27166193,40.0,50.0,41.66666667,136.17021277,86.98773449,50.0,0.14738175,0,-0.0028408,0.26229508,0.00065402,0.93008266,0.00487641,0.0,-0.12080353,-0.02667786,0.0,0.0,
ALPINETRY,2026-08-15 22:26:59,2026-08-15 22:26:59,2026-08-15 22:41:59,5.26316,5,15.27,-0.13080445,0.13114754,0.13114754,0.13114754,69.05537253,25.0,25.0,53.57142857,132.17559093,85.83333333,50.0,0.1424858,0,-0.00715925,0.13114754,0.00056132,0.74536553,0.00521119,1.55104879,-0.12569927,-0.12048358,-0.06544503,0.06548788,0.0
ALPINETRY,2026-08-15 22:26:59,2026-08-15 22:26:59,2026-08-15 22:41:59,5.26316,10,15.25,0.0,0.0,0.0,0.32894737,89.39574219,100.0,100.0,100.0,59.70149254,74.68820862,100.0,0.13571164,0,-0.02306528,0.0,0.00023419,0.69034675,0.00689898,0.0,-0.08516017,0.0,0.0,0.0,
HEMITRY,2026-08-15 23:12:59,2026-08-15 23:13:59,2026-08-15 23:24:59,5.34467,0,0.3311,0.54661403,-1.1641791,-2.04142012,-1.92535545,43.7808742,-24.54212454,28.88888889,26.93415638,-237.99311107,23.62453567,-16.52360515,-0.04811202,0,-0.26591698,-1.60475483,0.01005307,0.01007155,0.02832855,1.83291723,-0.13851401,0.12206592,0.45509709,1.17789188,1.0
HEMITRY,2026-08-15 23:12:59,2026-08-15 23:13:59,2026-08-15 23:24:59,5.34467,1,0.3293,-2.11058264,-2.28486647,-2.91863208,-1.7601432,39.75860695,-32.29571984,5.0,27.18106996,-229.26271821,24.24332333,-10.88888889,0.09237028,0,-0.21451329,-1.81872391,0.00976096,-0.2898967,0.02550284,1.08950274,-0.14179253,-0.30824885,-1.99404762,2.21682357,0.08219178
HEMITRY,2026-08-15 23:12:59,2026-08-15 23:13:59,2026-08-15 23:24:59,5.34467,3,0.335,-0.59347181,-1.23820755,-0.62296055,0.38957147,50.66981835,4.34782609,29.62962963,50.20576132,-2.95331947,26.6570817,6.76691729,0.40928707,0,-0.04272382,-0.17878427,0.00850746,0.4211569,0.02927451,0.8719577,-0.0982296,-0.75161595,-0.59347181,0.59701493,0.0
HEMITRY,2026-08-15 23:12:59,2026-08-15 23:13:59,2026-08-15 23:24:59,5.34467,5,0.338,-0.35377358,0.26698309,0.44576523,0.20753039,58.58318343,9.26829268,66.66666667,69.57502374,98.65130404,27.70624539,9.45273632,0.58155684,0,0.06660072,0.11848341,0.00849535,0.7340339,0.03659231,1.0492379,-0.00718143,-0.44495953,-0.35377358,0.59171598,0.0
HEMITRY,2026-08-15 23:12:59,2026-08-15 23:13:59,2026-08-15 23:24:59,5.34467,10,0.3365,0.32796661,0.2681764,-0.32582938,2.21749696,59.12106587,33.02752294,79.50819672,71.03825137,66.35383222,24.56685107,9.17225951,0.55144534,0,0.10620091,-0.23717759,0.00948843,0.76081449,0.04227775,0.51717551,0.26727526,-0.05067059,0.29806259,0.56463596,1.0
REDTRY,2026-08-15 23:17:59,2026-08-15 23:17:59,2026-08-15 23:32:59,6.78733,0,4.42,0.0,0.0,-0.22573363,0.22675737,59.7793472,-20.0,50.0,45.23809524,26.14379085,56.70222635,-16.66666667,0.2282113,0,-0.03458056,0.0,0.00193924,0.57985957,0.01418118,0.26417078,-0.33406637,-0.39437263,0.0,0.0,
REDTRY,2026-08-15 23:17:59,2026-08-15 23:17:59,2026-08-15 23:32:59,6.78733,1,4.42,0.0,-0.22573363,0.6833713,0.45454545,59.7793472,7.69230769,42.85714286,45.23809524,31.47353362,62.0593692,5.88235294,0.24581362,0,-0.02882571,-0.22573363,0.00274725,0.60086832,0.01572568,0.03005883,-0.33871114,0.71386036,0.0,0.0,
REDTRY,2026-08-15 23:17:59,2026-08-15 23:17:59,2026-08-15 23:32:59,6.78733,3,4.42,-0.22573363,0.6833713,0.0,0.6833713,59.7793472,20.0,50.0,58.33333333,42.52968793,73.65491651,22.72727273,0.28208162,0,-0.01398484,-0.22573363,0.00355527,0.63720532,0.0206703,0.35159281,-0.34169962,-0.13000099,0.0,0.0,
REDTRY,2026-08-15 23:17:59,2026-08-15 23:17:59,2026-08-15 23:32:59,6.78733,5,4.43,0.91116173,0.22624434,0.22624434,1.14155251,65.45457226,28.57142857,62.5,33.33333333,67.61904762,82.49845393,28.57142857,0.28326418,0,-0.01821264,0.45351474,0.003386,0.77205359,0.02506191,3.20440841,-0.34378738,-0.07926904,0.45351474,0.45146727,1.0
REDTRY,2026-08-15 23:17:59,2026-08-15 23:17:59,2026-08-15 23:32:59,6.78733,10,4.42,-0.22573363,-0.22573363,0.22675737,1.6091954,71.831016,63.63636364,63.63636364,69.6969697,82.96296296,85.23809524,55.55555556,0.47914341,0,0.12294733,0.91324201,0.00290886,0.77031073,0.03122964,1.68971693,-0.3274315,-0.85330797,0.0,0.0,
COWTRY,2026-08-15 23:19:59,2026-08-15 23:20:59,2026-08-15 23:34:59,5.72289,0,6.62,-0.30120482,-1.48809524,-1.19402985,-2.21565731,30.24204428,-44.44444444,16.0,18.76767677,-142.8314445,43.51356052,-25.35211268,-0.77116798,0,-0.12787811,-2.21565731,0.00766077,0.04087579,0.0438449,2.06175424,-0.16360573,-0.70190415,-0.45112782,1.51057402,0.4
COWTRY,2026-08-15 23:19:59,2026-08-15 23:20:59,2026-08-15 23:34:59,5.72289,1,6.64,-1.19047619,-0.74738416,-0.5988024,-2.20913108,31.89712362,-37.14285714,13.63636364,20.84175084,-128.44036697,40.9954565,-23.07692308,-0.69037121,0,-0.09185561,-2.49632893,0.00699225,0.04544721,0.04160689,2.44426263,-0.05352113,-0.38518293,-1.19047619,1.80722892,0.25
COWTRY,2026-08-15 23:19:59,2026-08-15 23:20:59,2026-08-15 23:34:59,5.72289,3,6.72,0.44843049,0.5988024,0.1490313,-2.18340611,40.03527574,-38.88888889,22.22222222,12.24867725,-94.59459459,35.12244063,-33.87096774,-0.6564592,0,-0.08845482,-1.3215859,0.00659014,0.26552987,0.03743103,0.60877608,-0.05388827,-0.2314136,0.44843049,0.44642857,1.0
COWTRY,2026-08-15 23:19:59,2026-08-15 23:20:59,2026-08-15 23:34:59,5.72289,5,6.7,0.2994012,-0.1490313,-1.03397341,-2.33236152,35.63534576,-54.28571429,9.52380952,4.68975469,-137.9745239,25.75558028,-33.87096774,-0.69373387,0,-0.14898169,-1.03397341,0.00660981,0.1161807,0.03472322,0.61476684,-0.0429965,-0.5085517,0.0,0.59701493,0.5
COWTRY,2026-08-15 23:19:59,2026-08-15 23:20:59,2026-08-15 23:34:59,5.72289,10,6.77,-0.58737151,-0.58737151,0.0,-0.73313783,40.50022366,-6.66666667,27.77777778,46.2962963,-124.20785805,23.22132879,-10.95890411,-0.36209689,0,-0.00636025,-1.31195335,0.00770205,0.11771394,0.02012924,1.51857943,0.10140897,0.06778727,-0.44117647,0.73855244,0.2
REDTRY,2026-08-15 23:47:59,2026-08-15 23:42:59,2026-08-16 00:02:59,17.52809,0,4.41,-0.67567568,-0.8988764,-1.34228188,-1.5625,43.96315086,-12.72727273,3.125,6.41801075,-134.37558161,67.76410878,20.23809524,-0.15771094,0,-0.21991594,-1.34228188,0.01360544,0.18125238,0.0428034,0.6330614,-0.12359961,-0.19903781,-0.45146727,0.68027211,0.33333333
REDTRY,2026-08-15 23:47:59,2026-08-15 23:42:59,2026-08-16 00:02:59,17.52809,1,4.44,0.22573363,-1.33333333,0.45248869,-0.44843049,47.9193391,-7.69230769,9.67741935,9.67741935,-90.53497942,69.74749125,24.3902439,-0.05097622,0,-0.18010063,-4.10367171,0.01319176,0.32086369,0.04118428,0.347668,-0.11278344,0.33372525,0.22573363,0.22522523,1.0
REDTRY,2026-08-15 23:47:59,2026-08-15 23:42:59,2026-08-16 00:02:59,17.52809,3,4.45,-1.11111111,0.67873303,0.22522523,-0.66964286,49.03638055,-5.66037736,12.90322581,20.43010753,-15.26149265,69.30951002,27.05882353,0.09400463,0,-0.13726759,-0.8908686,0.01364366,0.38675424,0.04245836,0.26279114,-0.12252164,-0.5764274,-0.8908686,1.12359551,0.0
REDTRY,2026-08-15 23:47:59,2026-08-15 23:42:59,2026-08-16 00:02:59,17.52809,5,4.47,1.13122172,0.67567568,0.0,0.4494382,52.41611749,2.12765957,19.35483871,8.63799283,-22.31237323,71.62122269,31.70731707,0.07710826,0,-0.18823449,-0.22321429,0.01310323,0.52031111,0.04409685,0.23281952,-0.13529394,-0.90834746,0.4494382,0.89485459,1.0
REDTRY,2026-08-15 23:47:59,2026-08-15 23:42:59,2026-08-16 00:02:59,17.52809,10,4.47,-3.45572354,-0.4454343,-0.22321429,1.13122172,51.49940357,12.19512195,16.66666667,72.22222222,155.57501459,53.39204585,51.61290323,0.75545194,0,0.16534126,0.4494382,0.00990732,0.54355201,0.04632357,15.90736757,0.00971349,-0.05720799,-3.45572354,5.81655481,0.03846154
HEMITRY,2026-08-15 23:50:59,2026-08-15 23:51:59,2026-08-16 00:00:59,5.02065,0,0.3155,0.25421036,-0.47318612,-0.59861374,-1.19010335,31.05902195,-39.39393939,20.56074766,13.97582539,-136.65138616,52.00948273,-29.34472934,-1.1570128,0,-0.01529639,-1.5600624,0.00794657,0.13083765,0.02867054,0.78343251,-0.05404799,0.05343051,0.47770701,0.79239303,0.88
HEMITRY,2026-08-15 23:50:59,2026-08-15 23:51:59,2026-08-16 00:00:59,5.02065,1,0.3147,-0.31675641,-0.66287879,-1.47150908,-1.28607277,28.1879875,-33.33333333,6.06060606,16.64605236,-136.78657074,51.28269773,-16.92708333,-1.18986408,0,-0.03926541,-1.65625,0.00871578,0.10132246,0.0380312,0.52539965,-0.13896289,-0.45384942,-0.2851711,0.73085478,0.26086957
HEMITRY,2026-08-15 23:50:59,2026-08-15 23:51:59,2026-08-16 00:00:59,5.02065,3,0.317,0.06313131,-0.75140889,-1.15372622,0.22130888,31.55448098,-4.54545455,28.57142857,33.98864133,-94.78557505,54.46839457,-8.77192982,-1.15686495,0,-0.02452022,-1.64443065,0.00899054,0.27475186,0.06057351,0.94158966,-0.12295092,-0.51601112,0.25300443,1.26182965,0.7
HEMITRY,2026-08-15 23:50:59,2026-08-15 23:51:59,2026-08-16 00:00:59,5.02065,5,0.3174,-0.62617408,-1.02899906,-0.96723869,-3.4965035,31.74268216,-18.68131868,39.44954128,36.05382836,-69.33629959,59.17199102,-11.56316916,-1.15915589,0,-0.03219661,-0.59505168,0.0105095,0.27944888,0.08755786,0.98477963,-0.20624229,-0.52159483,-0.53274835,0.97668557,0.29032258
HEMITRY,2026-08-15 23:50:59,2026-08-15 23:51:59,2026-08-16 00:00:59,5.02065,10,0.3205,0.15625,-0.55848588,0.37582211,-6.55976676,35.7701198,-61.36363636,25.60553633,25.30409493,-62.98568507,48.74294831,-39.34911243,-1.40471052,0,-0.24178247,-2.55396777,0.01506575,0.28376805,0.12836545,0.80800247,-0.18034271,0.75359474,0.18755861,0.68642746,0.31818182
YBTRY,2026-08-15 23:50:59,2026-08-15 23:50:59,2026-08-16 00:05:59,8.0402,0,3.98,-0.25062657,0.0,-0.25062657,0.50505051,55.53793091,33.33333333,22.22222222,25.92592593,57.14285714,62.69016698,66.66666667,0.16285836,0,0.04469183,0.50505051,0.00215363,0.66854997,0.01494448,0.25689733,-0.67204205,-0.74769757,-0.25062657,0.25125628,0.0
YBTRY,2026-08-15 23:50:59,2026-08-15 23:50:59,2026-08-16 00:05:59,8.0402,1,3.99,0.25125628,0.25125628,0.0,0.75757576,64.59018944,60.0,33.33333333,25.92592593,95.01557632,58.94867038,81.81818182,0.18174155,0,0.06380659,0.75757576,0.00196921,0.85476212,0.01491423,0.08696251,-0.66760776,-0.58540943,0.0,0.0,
YBTRY,2026-08-15 23:50:59,2026-08-15 23:50:59,2026-08-16 00:05:59,8.0402,3,3.98,0.0,-0.25062657,-0.25062657,0.75949367,58.27512796,60.0,22.22222222,30.74074074,68.37606838,49.43104515,81.81818182,0.17660768,0,0.07943112,0.50505051,0.00197416,0.74504901,0.0144053,0.0,-0.63185794,-0.02263944,0.0,0.0,
YBTRY,2026-08-15 23:50:59,2026-08-15 23:50:59,2026-08-16 00:05:59,8.0402,5,3.99,0.0,0.0,0.75757576,0.75757576,67.9823797,100.0,40.0,40.0,152.70018622,41.144094,100.0,0.19785746,0,0.12103636,0.75757576,0.00179019,0.9463037,0.01583482,0.00757135,-0.60904112,0.15946399,0.0,0.0,
YBTRY,2026-08-15 23:50:59,2026-08-15 23:50:59,2026-08-16 00:05:59,8.0402,10,3.96,0.0,0.0,0.0,0.50761421,49.05453885,60.0,100.0,100.0,74.07407407,33.93630179,60.0,-0.03297074,0,0.04185095,0.0,0.00090188,0.72406454,0.00790311,0.0,-0.41361915,,0.0,0.0,
REDTRY,2026-08-16 00:18:59,2026-08-16 00:26:59,2026-08-16 00:33:59,5.86011,0,5.16,-0.76923077,-1.90114068,-3.73134328,-6.18181818,47.26755257,-30.55555556,7.69230769,8.44645551,-152.71659325,33.72066505,-25.53191489,0.33003197,0,-1.01104373,-5.32110092,0.01951827,-0.01202024,0.06865613,0.48775416,-0.0639486,-0.83493014,-0.9596929,2.13178295,0.27272727
REDTRY,2026-08-16 00:18:59,2026-08-16 00:26:59,2026-08-16 00:33:59,5.86011,1,5.2,-1.32827324,-1.32827324,-2.07156309,-4.05904059,49.74716923,-37.5,0.0,10.78431373,-129.31726908,36.32052793,-21.52777778,0.64808649,0,-0.94220277,-4.76190476,0.01978022,0.01335089,0.06226875,0.28155173,0.03638193,-0.29318923,-0.95238095,1.53846154,0.0
REDTRY,2026-08-16 00:18:59,2026-08-16 00:26:59,2026-08-16 00:33:59,5.86011,3,5.26,-0.18975332,-0.94161959,-0.56710775,-2.95202952,53.81214812,-15.6626506,14.70588235,25.49019608,-102.02757502,43.28441023,-8.48484848,1.15390261,0,-0.87305105,-0.75471698,0.0224063,0.1815671,0.06060021,0.4527326,0.03222662,-0.25319752,0.0,0.95057034,0.6
REDTRY,2026-08-16 00:18:59,2026-08-16 00:26:59,2026-08-16 00:33:59,5.86011,5,5.36,0.94161959,1.32325142,-1.65137615,-1.65137615,60.3786148,-14.63414634,44.11764706,31.37254902,-11.76470588,53.01157584,-7.18562874,1.73925269,0,-0.73590642,-2.54545455,0.0222548,0.4833315,0.06149728,0.36332334,0.21824458,-0.48050683,1.13207547,1.67910448,0.77777778
REDTRY,2026-08-16 00:18:59,2026-08-16 00:26:59,2026-08-16 00:33:59,5.86011,10,5.45,-0.18315018,2.83018868,-0.90909091,6.4453125,67.52659107,22.22222222,73.68421053,79.32162085,70.3010279,80.60716739,21.71717172,3.40444606,0,-0.17133847,0.0,0.0259502,0.69120678,0.221561,0.45634864,0.32795082,-0.10482519,-0.18315018,0.91743119,0.0
LINEATRY,2026-08-16 00:25:59,2026-08-16 00:25:59,2026-08-16 00:40:59,6.42378,0,0.1043,0.09596929,0.48169557,0.48169557,0.77294686,76.01382561,57.14285714,80.0,83.33333333,205.03597122,68.45083488,60.0,0.22753063,0,0.05835481,0.57859209,0.00102726,1.00650222,0.01065762,0.03432331,0.86141053,0.7501814,0.0,0.0,
LINEATRY,2026-08-16 00:25:59,2026-08-16 00:25:59,2026-08-16 00:40:59,6.42378,1,0.1042,-0.28708134,0.38535645,0.48216008,0.6763285,73.90123042,53.84615385,70.0,90.0,234.7012239,64.03525046,64.28571429,0.20901711,0,0.05483251,0.48216008,0.00095969,1.00201208,0.00960455,1.1682433,0.86137103,0.74954539,0.0,0.09596929,0.0
LINEATRY,2026-08-16 00:25:59,2026-08-16 00:25:59,2026-08-16 00:40:59,6.42378,3,0.1038,0.0,0.09643202,0.09643202,0.28985507,92.99056067,100.0,100.0,100.0,100.7751938,57.10884354,50.0,0.12207264,0,0.01262366,0.28985507,0.00027525,0.8141449,0.00660711,0.70446875,0.95300307,0.00092655,0.0,0.0,
LINEATRY,2026-08-16 00:25:59,2026-08-16 00:25:59,2026-08-16 00:40:59,6.42378,5,0.1038,0.09643202,0.09643202,0.09643202,0.28985507,92.99056088,100.0,100.0,100.0,124.62462462,54.72789116,50.0,0.12128713,0,0.01593872,0.28985507,0.00027525,0.86297503,0.00731831,0.01801154,0.98336552,0.00096217,0.0,0.0,
LINEATRY,2026-08-16 00:25:59,2026-08-16 00:25:59,2026-08-16 00:40:59,6.42378,10,0.1037,0.0,0.19323671,0.19323671,0.48449612,90.36364236,100.0,100.0,100.0,120.89810017,41.63265306,100.0,0.12065324,0,0.03028637,0.19323671,0.0003444,0.91243809,0.0067995,0.0,0.19393388,1.0,0.0,0.0,
USTCTRY,2026-08-16 00:40:59,2026-08-16 00:40:59,2026-08-16 00:55:59,5.16667,0,0.24,0.92514718,0.92514718,0.96760623,0.96760623,95.3320866,92.0,100.0,100.0,666.66666667,74.30952381,92.0,0.15499067,0,0.04458279,0.92514718,0.00074405,1.5505898,0.008705,13.96542323,0.42363852,0.56622416,0.62893082,0.625,1.0
USTCTRY,2026-08-16 00:40:59,2026-08-16 00:40:59,2026-08-16 00:55:59,5.16667,1,0.2378,0.0,0.04206984,0.0,0.04206984,75.10175245,33.33333333,100.0,100.0,59.3220339,72.84013605,33.33333333,0.05781336,0,-0.01382806,0.0,9.011e-05,0.67132727,0.00257836,0.0,0.0,0.11262223,0.0,0.0,
USTCTRY,2026-08-16 00:40:59,2026-08-16 00:40:59,2026-08-16 00:55:59,5.16667,3,0.2378,0.04206984,0.0,0.0,0.168492,75.10175297,66.66666667,100.0,83.33333333,63.18082789,80.45918367,66.66666667,0.06487278,0,-0.01357645,0.0,0.00018022,0.71114515,0.00288961,5.19906298,0.0,0.92396455,0.0,0.0,
USTCTRY,2026-08-16 00:40:59,2026-08-16 00:40:59,2026-08-16 00:55:59,5.16667,5,0.2377,-0.04205214,-0.04205214,-0.04205214,0.126369,70.4392519,60.0,75.0,91.66666667,30.3030303,83.31632653,60.0,0.07686402,0,-0.01007455,0.0,0.00015025,0.60910895,0.00308565,0.06661869,0.0,-0.18819242,0.0,0.0,
USTCTRY,2026-08-16 00:40:59,2026-08-16 00:40:59,2026-08-16 00:55:59,5.16667,10,0.2378,0.0,0.0,0.04206984,0.12631579,84.00284801,100.0,100.0,100.0,106.81399632,80.40423862,100.0,0.10771149,0,0.00798099,0.168492,0.00012015,0.76991564,0.00522657,0.0,0.05239846,0.5414929,0.0,0.0,
HEMITRY,2026-08-16 01:08:59,2026-08-16 01:12:59,2026-08-16 01:22:59,5.6615,0,0.339,1.61870504,0.41469194,-0.41128085,0.68310068,53.26993197,3.09278351,65.11627907,25.31988419,-13.9913027,21.01731836,1.36452242,0.0126387,1,-0.0663966,0.89285714,0.0108091,0.67706095,0.02770773,0.63035966,-0.00234495,-0.43002576,1.67966407,1.6519174,1.0
HEMITRY,2026-08-16 01:08:59,2026-08-16 01:12:59,2026-08-16 01:22:59,5.6615,1,0.3336,-0.29886432,-0.59594756,-2.02643172,-0.29886432,44.75772141,-8.98550725,0.0,20.2811245,-128.18261633,22.9743956,0.20533881,-0.07266318,0,-0.13680992,-0.20939276,0.01042737,0.11391689,0.02757649,1.17912939,-0.03865486,-0.64934832,-0.14965579,0.7793765,0.0
HEMITRY,2026-08-16 01:08:59,2026-08-16 01:12:59,2026-08-16 01:22:59,5.6615,3,0.3376,0.59594756,-0.85168869,-0.1183432,-0.50103154,50.77916901,10.57401813,50.0,53.03030303,-27.5,25.24982058,4.65116279,0.17807508,0,0.0008672,0.02962963,0.01000762,0.52011734,0.02504348,1.12475825,-0.02479692,0.20034894,0.0,0.68127962,0.82608696
HEMITRY,2026-08-16 01:08:59,2026-08-16 01:12:59,2026-08-16 01:22:59,5.6615,5,0.3404,-0.02936858,0.71005917,1.30952381,1.33968443,55.66452364,10.58823529,81.81818182,75.37878788,109.16057123,26.2804525,11.65254237,0.34504963,0,0.11646071,1.0989011,0.00990431,0.831757,0.02725204,0.78083641,0.12637386,0.36139405,-0.08805401,0.52878966,0.83333333
HEMITRY,2026-08-16 01:08:59,2026-08-16 01:12:59,2026-08-16 01:22:59,5.6615,10,0.336,0.50852528,-0.44444444,-0.20790021,1.91082803,49.79857692,8.60534125,32.58426966,56.139201,23.67315769,19.38307816,12.77890467,0.11197707,0,0.03630634,0.02977077,0.01048044,0.57711964,0.04084266,0.68158896,0.14249744,0.32596769,0.29850746,0.83333333,0.5
ONTTRY,2026-08-16 01:21:59,2026-08-16 01:26:59,2026-08-16 01:36:59,8.67117,0,1.772,-0.11273957,-0.11273957,-0.22522523,-0.22522523,25.66997101,-66.66666667,0.0,22.22222222,-218.16168328,58.33333333,-44.44444444,-0.03363743,0,-0.02763317,-0.22522523,0.00036279,-0.20096568,0.00269193,0.7208632,0.76416723,-0.21359598,0.0,0.0,
ONTTRY,2026-08-16 01:21:59,2026-08-16 01:26:59,2026-08-16 01:36:59,8.67117,1,1.774,0.0,0.05640158,-0.11261261,-0.11261261,38.31819485,-50.0,33.33333333,33.33333333,-127.59856631,60.71428571,-28.57142857,-0.01867716,0,-0.02174882,-0.11261261,0.00028185,0.07907778,0.00207394,0.0,0.79315986,-0.04822375,0.0,0.0,
ONTTRY,2026-08-16 01:21:59,2026-08-16 01:26:59,2026-08-16 01:36:59,8.67117,3,1.774,0.05640158,-0.11261261,-0.11261261,-0.11261261,38.31819494,-50.0,33.33333333,44.44444444,-249.74200206,67.85714286,-28.57142857,-0.00850582,0,-0.02172928,-0.11261261,0.00028185,-0.07078706,0.00172656,3.58185185,0.79315986,-0.04822375,0.05640158,0.05636979,1.0
ONTTRY,2026-08-16 01:21:59,2026-08-16 01:26:59,2026-08-16 01:36:59,8.67117,5,1.776,0.0,0.0,0.0,0.0,73.41415765,0.0,100.0,66.66666667,-333.33333333,71.42857143,-100.0,0.0201701,0,-0.00874429,0.0,0.00012066,0.55735393,0.00049088,91.30088496,0.8277439,0.0,0.16920474,0.16891892,1.0
ONTTRY,2026-08-16 01:21:59,2026-08-16 01:26:59,2026-08-16 01:36:59,8.67117,10,1.776,0.0,0.0,0.0,0.05633803,73.41415846,100.0,50.0,83.33333333,47.61904762,90.47619048,100.0,0.031069,0,-0.0084374,0.0,4.022e-05,0.66366342,0.00103229,0.0,0.0,,0.0,0.0,
COWTRY,2026-08-16 01:59:59,2026-08-16 02:00:59,2026-08-16 02:07:59,5.15933,0,6.57,-0.30349014,-1.05421687,-0.60514372,0.30534351,48.26211182,-3.7037037,46.15384615,69.23076923,-22.64685067,34.92408907,-2.17391304,0.23321572,0,-0.00941996,0.0,0.00500109,0.41792365,0.0222129,0.80853348,0.61662953,0.0087068,-0.15197568,0.456621,0.66666667
COWTRY,2026-08-16 01:59:59,2026-08-16 02:00:59,2026-08-16 02:07:59,5.15933,1,6.59,-0.75301205,-0.30257186,-0.45317221,0.61068702,52.0601641,14.28571429,61.53846154,87.17948718,30.04787849,36.58642673,4.44444444,0.32603719,0,0.05117623,0.304414,0.00487752,0.56744641,0.02366124,2.13737561,0.60799246,-0.00855554,-0.45317221,0.91047041,0.5
COWTRY,2026-08-16 01:59:59,2026-08-16 02:00:59,2026-08-16 02:07:59,5.15933,3,6.64,0.45385779,0.3021148,0.3021148,1.2195122,63.69680516,39.13043478,100.0,93.93939394,129.81407703,39.56089587,23.68421053,0.37826207,0,0.10933478,1.68453292,0.00408778,0.92936568,0.02517281,2.96134407,0.52524039,0.43808823,0.45385779,0.45180723,1.0
COWTRY,2026-08-16 01:59:59,2026-08-16 02:00:59,2026-08-16 02:07:59,5.15933,5,6.61,-0.1510574,-0.1510574,0.60882801,1.3803681,58.94980547,36.0,90.90909091,94.19191919,120.4278813,40.66909021,25.64102564,0.34395273,0,0.11834645,0.91603053,0.00421439,0.81177615,0.02691207,0.89361401,0.37102673,0.18920952,0.15151515,0.30257186,0.5
COWTRY,2026-08-16 01:59:59,2026-08-16 02:00:59,2026-08-16 02:07:59,5.15933,10,6.57,0.0,0.61255743,0.30534351,0.92165899,54.92314603,40.74074074,90.0,83.33333333,102.83687943,41.03486428,11.36363636,0.10079568,0,0.0534313,0.76687117,0.00478365,0.82995601,0.01669811,0.28953758,-0.00373101,-0.19428215,0.15243902,0.304414,1.0
HEMITRY,2026-08-16 02:05:59,2026-08-16 02:05:59,2026-08-16 02:17:59,5.51918,0,0.3207,-1.04905893,-0.80420662,0.56444026,-0.52729529,37.42881243,-15.17857143,52.10084034,69.46778711,-22.58173239,50.85600108,-6.58823529,-1.01728196,0,0.2596932,0.9125236,0.0094659,0.41361647,0.07744771,0.46612325,-0.22327236,0.60842481,-1.11008326,1.40318054,0.13333333
HEMITRY,2026-08-16 02:05:59,2026-08-16 02:05:59,2026-08-16 02:17:59,5.51918,1,0.3241,0.18547141,0.71472965,1.06018085,0.77736318,42.55824044,8.21256039,80.67226891,79.01215532,-1.65184861,53.32044839,7.35632184,-1.05008882,0,0.27805418,2.23974763,0.00958699,0.49754708,0.10060539,0.70012452,-0.21879117,0.29287843,0.21645022,0.61709349,0.35
HEMITRY,2026-08-16 02:05:59,2026-08-16 02:05:59,2026-08-16 02:17:59,5.51918,3,0.3233,0.46612803,0.81072654,0.74789654,-1.40286673,40.81781699,10.37735849,80.73394495,46.55000962,-30.94939356,58.58386753,-5.65656566,-1.41110503,0,0.11690141,-0.12357121,0.01093633,0.42302437,0.1350032,0.16634799,-0.14050808,-0.0648495,0.59116366,0.71141355,1.0
HEMITRY,2026-08-16 02:05:59,2026-08-16 02:05:59,2026-08-16 02:17:59,5.51918,5,0.3189,-0.56127222,-0.62324712,0.34612964,-8.12445981,31.23044871,-66.51376147,12.12121212,15.97796143,-57.19975984,60.69038594,-41.32653061,-1.79683756,0,-0.12251734,-1.08560794,0.01756036,0.29402278,0.14918421,1.08130289,-0.17304766,0.11989662,-0.43709023,0.56444026,0.0
HEMITRY,2026-08-16 02:05:59,2026-08-16 02:05:59,2026-08-16 02:17:59,5.51918,10,0.3178,0.25236593,-1.82267532,-1.42679901,-7.83062645,26.46790926,-60.26200873,9.09090909,6.59076004,-105.50632432,42.1634742,-38.95939086,-2.29111366,0,-0.72250594,-8.44137136,0.01771105,0.15047942,0.14936517,1.08959523,-0.18335423,-0.33218221,0.12602394,1.35305223,0.76744186
DOLOTRY,2026-08-16 02:52:59,2026-08-16 02:54:59,2026-08-16 03:07:59,5.58276,0,1.02,-0.09794319,-0.58479532,-0.87463557,-1.82868142,36.89119791,-48.57142857,0.0,0.0,-132.56113256,37.75303076,-40.0,-0.46080754,0,-0.13012716,-1.06692532,0.00315126,0.09057809,0.02253856,0.1243152,0.35253171,-0.85100756,-0.19569472,0.19607843,0.0
DOLOTRY,2026-08-16 02:52:59,2026-08-16 02:54:59,2026-08-16 03:07:59,5.58276,1,1.021,0.0,-0.87378641,-0.77745384,-0.9699321,37.74806064,-50.0,0.0,7.84313725,-141.82754183,34.72974867,-42.22222222,-0.43434867,0,-0.1307956,-1.44787645,0.00314817,0.07948348,0.02089331,0.0,-0.25473978,-0.80148489,0.0,0.0,
DOLOTRY,2026-08-16 02:52:59,2026-08-16 02:54:59,2026-08-16 03:07:59,5.58276,3,1.026,-0.38834951,-0.29154519,0.39138943,-0.58139535,41.94861654,-7.31707317,23.52941176,37.25490196,-67.47137109,30.57848212,-12.0,-0.34739454,0,-0.10805538,-1.15606936,0.00348092,0.30668168,0.04151056,0.0381859,-0.16551435,0.45755855,-0.29154519,0.29239766,0.0
DOLOTRY,2026-08-16 02:52:59,2026-08-16 02:54:59,2026-08-16 03:07:59,5.58276,5,1.029,0.0,0.68493151,-0.19398642,-0.19398642,44.56917996,-10.0,41.17647059,30.55175559,-58.40039015,29.73717263,-18.86792453,-0.37198279,0,-0.15583903,-0.96246391,0.00367902,0.33470902,0.04725146,0.0,-0.11019178,-0.75694856,0.0,0.0,
DOLOTRY,2026-08-16 02:52:59,2026-08-16 02:54:59,2026-08-16 03:07:59,5.58276,10,1.031,-0.48262548,-0.6743738,-0.76997113,-2.36742424,43.43770648,-35.21126761,18.75,25.69444444,-81.99121523,25.03153477,-27.61904762,-0.19084295,0,-0.19668239,0.0,0.00727449,0.23873592,0.04240386,0.08596488,0.00071736,-0.45294283,0.0,0.0,
WALTRY,2026-08-16 03:05:59,2026-08-16 03:07:59,2026-08-16 03:20:59,6.61157,0,1.18,-1.66666667,-3.27868852,-3.27868852,-3.27868852,26.51466998,-50.0,0.0,5.55555556,-283.14606742,27.25623583,0.0,-0.40875915,0,-0.38151547,-2.47933884,0.00726392,-0.32622372,0.03727903,1.71711701,-0.21835787,-0.69717529,-0.84033613,1.69491525,0.0
WALTRY,2026-08-16 03:05:59,2026-08-16 03:07:59,2026-08-16 03:20:59,6.61157,1,1.2,-0.82644628,-1.63934426,-1.63934426,-1.63934426,36.3207893,-33.33333333,16.66666667,13.88888889,-249.48875256,28.27664399,10.0,-0.10713875,0,-0.22760691,-0.82644628,0.00595238,-0.14549722,0.02539661,5.92169112,-0.1477173,-0.63522343,-0.82644628,1.66666667,0.5
WALTRY,2026-08-16 03:05:59,2026-08-16 03:07:59,2026-08-16 03:20:59,6.61157,3,1.22,0.0,0.0,0.0,-0.81300813,54.30378876,-20.0,25.0,25.0,-36.91639522,24.93197279,44.44444444,0.16938363,0,-0.09428863,0.0,0.00526932,0.39959758,0.02036793,1.91600631,-0.18447119,0.33068459,0.0,0.0,
WALTRY,2026-08-16 03:05:59,2026-08-16 03:07:59,2026-08-16 03:20:59,6.61157,5,1.22,0.0,0.0,0.82644628,-0.81300813,54.30378884,-20.0,25.0,33.33333333,-31.74603175,22.55102041,37.5,0.21319102,0,-0.09400403,0.0,0.00468384,0.41048564,0.02284538,0.0,-0.22346132,0.7469592,0.0,0.0,
WALTRY,2026-08-16 03:05:59,2026-08-16 03:07:59,2026-08-16 03:20:59,6.61157,10,1.21,0.0,-0.81967213,-0.81967213,-0.81967213,45.81935236,0.0,0.0,16.66666667,-71.96198235,23.55442177,-16.66666667,0.17453202,0,-0.21940584,-1.62601626,0.00354191,0.28448909,0.03425859,1.18878694,-0.15252595,-0.61015991,0.0,0.0,
ACETRY,2026-08-16 03:07:59,2026-08-16 03:10:59,2026-08-16 03:22:59,5.17055,0,7.272,-0.23322815,-1.5701137,-2.1396851,-1.53012864,35.08271706,-21.37931034,20.60810811,30.63063063,-236.82228916,15.98329485,-10.20746888,-0.45542528,0,-0.16446241,-0.47899275,0.01183601,-0.10288468,0.02695993,0.39304314,-0.16933957,-1.0,-0.34260655,0.78382838,0.56140351
ACETRY,2026-08-16 03:07:59,2026-08-16 03:10:59,2026-08-16 03:22:59,5.17055,1,7.289,-0.74891068,-1.81842672,-1.59308762,-1.91091374,36.45163725,-16.72473868,26.35135135,43.69369369,-253.74952569,16.80298711,-7.82828283,-0.33313998,0,-0.10617193,-2.08221386,0.01164181,-0.16188002,0.02254204,1.47800246,-0.18815768,-0.48286623,-0.53220524,0.78200027,0.28070175
ACETRY,2026-08-16 03:07:59,2026-08-16 03:10:59,2026-08-16 03:22:59,5.17055,3,7.388,-0.48491379,-0.25651411,-0.45809755,-0.69892473,45.81098158,-5.2238806,59.7972973,68.69369369,-32.60045489,19.08077026,-2.69097222,-0.10463739,0,0.0302099,0.203445,0.01113775,0.31116623,0.0170761,0.42517242,-0.13081507,0.30320734,-0.57865698,0.97455333,0.16666667
ACETRY,2026-08-16 03:07:59,2026-08-16 03:10:59,2026-08-16 03:22:59,5.17055,5,7.431,0.32401782,0.12126112,1.69700287,0.18875556,50.79709731,0.56710775,74.32432432,73.12517295,81.0279877,22.50814748,-0.37002775,-0.09657651,0,0.05046127,0.62288422,0.01039083,0.61564867,0.01784016,1.53232458,-0.17866876,0.90757347,0.0,1.33225676,0.23232323
ACETRY,2026-08-16 03:07:59,2026-08-16 03:10:59,2026-08-16 03:22:59,5.17055,10,7.307,-1.84040838,-0.89515801,-1.05619499,-2.28670768,35.03700286,-35.28089888,32.76450512,43.26917196,-260.48511398,27.08705276,-24.54780362,-0.33561151,0,-0.10807699,-1.48307941,0.00756613,-0.27480444,0.02059684,8.97739819,-0.24518237,-0.18998865,-1.66868524,3.22977966,0.40677966
CHIPTRY,2026-08-16 03:10:59,2026-08-16 03:12:59,2026-08-16 03:23:59,5.38733,0,1.2956,0.32522843,-1.03880232,-1.0236822,-1.88564938,40.38282665,-27.6974416,27.32919255,12.25708421,-169.44444444,25.55132903,-34.98168498,-0.34892277,0,-0.11449787,-0.36145505,0.00602038,0.07960218,0.02473695,3.26348433,0.08111229,0.05210909,0.23984526,0.67922198,1.0
CHIPTRY,2026-08-16 03:10:59,2026-08-16 03:12:59,2026-08-16 03:23:59,5.38733,1,1.2914,-0.75315094,-1.73489575,-0.69209474,-2.20371072,36.75104781,-33.95565928,0.0,17.08177959,-182.58782622,23.80507658,-32.97455969,-0.30139949,0,-0.1004676,-1.09519798,0.00565278,-0.12228747,0.02301609,1.66572536,-0.07613994,-0.24907075,-0.67681895,0.68143101,0.0
CHIPTRY,2026-08-16 03:10:59,2026-08-16 03:12:59,2026-08-16 03:23:59,5.38733,3,1.3092,-0.3804596,0.67671486,-0.42592029,-0.18298262,47.85543383,-5.6,41.80327869,48.36065574,-36.30802624,21.01034358,-9.44386149,-0.12256074,0,0.0013278,-0.65260282,0.00519947,0.39637709,0.01758507,1.23730449,-0.01955798,-0.29281514,-0.16014642,0.31316835,0.48780488
CHIPTRY,2026-08-16 03:10:59,2026-08-16 03:12:59,2026-08-16 03:23:59,5.38733,5,1.309,0.66133497,-0.44113173,0.66907637,-0.42598509,47.63329482,-8.17790531,40.98360656,26.63934426,-82.7703548,21.06328776,-18.90989989,-0.19756959,0,-0.04965521,-0.87088224,0.0049056,0.37921393,0.01764002,1.7689893,0.01477449,0.13255532,0.59944666,0.59587471,1.0
CHIPTRY,2026-08-16 03:10:59,2026-08-16 03:12:59,2026-08-16 03:23:59,5.38733,10,1.3003,-0.41357126,-1.32797086,-1.52972359,-0.7101405,34.58017419,-35.96287703,5.32786885,7.90383577,-234.02345805,20.14517305,-20.20497804,-0.17718355,0,-0.0810951,-1.08778336,0.00375188,-0.14261601,0.01566772,0.96725435,-0.30313959,-0.8549685,-0.31432076,0.45374144,0.22033898
NXPCTRY,2026-08-16 03:24:59,2026-08-16 03:24:59,2026-08-16 03:39:59,6.41711,0,9.35,0.0,-0.10683761,-0.10683761,-1.37130802,52.06549844,-21.21212121,50.0,42.51336898,-25.67829457,19.34749938,-9.09090909,0.06570834,0,-0.026942,0.32188841,0.00252101,0.42892284,0.02628356,0.0,-0.10857466,-0.5,0.0,0.0,
NXPCTRY,2026-08-16 03:24:59,2026-08-16 03:24:59,2026-08-16 03:39:59,6.41711,1,9.35,-0.10683761,-0.10683761,-0.31982942,-1.68243954,52.06549845,-33.33333333,41.17647059,37.44090522,-28.44508187,22.89429741,-21.42857143,0.07363542,0,-0.02568155,0.75431034,0.00320856,0.4191019,0.0263847,0.09474832,-0.0540527,-0.67907735,0.0,0.0,
NXPCTRY,2026-08-16 03:24:59,2026-08-16 03:24:59,2026-08-16 03:39:59,6.41711,3,9.36,0.0,-0.21321962,0.42918455,-0.42553191,53.94381203,-21.73913043,34.7826087,34.7826087,-1.64203612,33.66260473,-15.09433962,0.07703633,0,-0.03087563,0.10695187,0.00404457,0.49454325,0.02936378,0.0,-0.05432224,-0.77171775,0.0,0.0,
NXPCTRY,2026-08-16 03:24:59,2026-08-16 03:24:59,2026-08-16 03:39:59,6.41711,5,9.36,-0.21321962,0.42918455,0.42918455,-0.42553191,53.94381202,-7.69230769,34.7826087,27.53623188,8.11287478,45.79145627,4.6875,0.05227651,0,-0.05915623,-1.26582278,0.004884,0.52533148,0.03165724,0.10686829,-0.05459449,-0.8087403,0.0,0.0,
NXPCTRY,2026-08-16 03:24:59,2026-08-16 03:24:59,2026-08-16 03:39:59,6.41711,10,9.32,0.43103448,-0.32085561,-1.68776371,0.53937433,48.29580884,9.80392157,20.83333333,9.72222222,-15.17939282,54.26908975,17.46031746,0.09944819,0,-0.11393803,-0.85106383,0.00482833,0.44915828,0.03475998,1.43170876,-0.07211877,-0.71922356,0.0,0.0,
HEMITRY,2026-08-16 03:50:59,2026-08-16 03:50:59,2026-08-16 03:58:59,5.12662,0,0.3238,-0.15417823,-0.79656863,-0.94830223,-0.21571649,46.22030221,-2.42214533,52.7607362,60.12269939,-49.09222948,8.22584542,-6.0546875,-0.01666072,0,0.11558228,1.85592954,0.01129445,0.39617869,0.02640186,0.91139777,-0.11101779,-0.58311951,-0.12338063,1.60592959,0.59615385
HEMITRY,2026-08-16 03:50:59,2026-08-16 03:50:59,2026-08-16 03:58:59,5.12662,1,0.3243,-0.79535026,-0.33804548,-1.36861314,0.58933002,47.10425226,-0.70422535,55.82822086,65.4396728,37.27714749,7.61694049,0.6263048,0.04652089,0,0.17486321,0.21631644,0.0105502,0.46221832,0.02690568,1.27746905,-0.07123412,-0.637159,-0.85600734,1.1409189,0.05405405
HEMITRY,2026-08-16 03:50:59,2026-08-16 03:50:59,2026-08-16 03:58:59,5.12662,3,0.3264,0.30731407,-0.72992701,-0.09182736,0.52356021,51.00654322,6.80272109,68.71165644,67.68916155,88.42975207,10.31030789,-2.05761317,0.07274941,0,0.25428437,0.80296479,0.0106355,0.72817812,0.03232701,0.73374392,0.04461127,-0.47844502,0.03064664,0.3370098,0.45454545
HEMITRY,2026-08-16 03:50:59,2026-08-16 03:50:59,2026-08-16 03:58:59,5.12662,5,0.3269,-0.57785888,0.06121824,2.83107896,1.33292002,51.8322288,10.39426523,71.7791411,86.31747997,154.46800271,14.16267208,2.89256198,0.04921398,1,0.31947303,0.73959938,0.01057554,0.81015677,0.03504485,1.65743185,0.09102838,0.1995257,-0.12221204,1.40715815,0.0
HEMITRY,2026-08-16 03:50:59,2026-08-16 03:50:59,2026-08-16 03:58:59,5.12662,10,0.3179,-1.76143387,-1.82211242,-2.03389831,-1.15049751,35.35950059,-11.65048544,24.7706422,61.0658695,-108.77192982,34.79259516,-12.46943765,-0.56145081,0,0.11511208,-1.45691259,0.00918977,0.02492269,0.02783388,3.08075266,-0.05893335,-0.75264004,-1.57894737,2.45360176,0.34615385
HEMITRY,2026-08-16 04:13:59,2026-08-16 04:07:59,2026-08-16 04:20:59,6.86007,0,0.2948,-11.73652695,-12.10494931,-12.98701299,-9.34809348,21.44927759,-48.20359281,13.79962193,50.25419496,-278.56964241,35.14962384,-40.50104384,-0.60545009,0,-0.85940449,-12.78106509,0.02321186,-0.41960046,0.11674248,25.17610052,-0.37528963,-0.98632283,-11.86846039,16.04477612,0.15433404
HEMITRY,2026-08-16 04:13:59,2026-08-16 04:07:59,2026-08-16 04:20:59,6.86007,1,0.334,-0.91960842,-1.35853514,-0.74294205,2.76923077,54.21176155,29.93197279,57.33333333,68.69958848,34.74104315,31.56247025,19.07514451,0.80534961,0,0.06618295,-0.02993116,0.01109923,0.60174614,0.06412358,0.70233537,0.03835135,-0.68244531,-0.23894863,0.53892216,0.22222222
HEMITRY,2026-08-16 04:13:59,2026-08-16 04:07:59,2026-08-16 04:20:59,6.86007,3,0.3354,-0.94506793,-0.3268945,0.35906643,3.42275671,58.38331404,44.61538462,69.13580247,83.95897307,80.07506322,27.24488413,24.6,0.98525471,0,0.21632414,2.3497101,0.01064827,0.70884261,0.06519067,0.90654332,-0.05299046,-0.04750113,-0.76923077,1.22242099,0.0
HEMITRY,2026-08-16 04:13:59,2026-08-16 04:07:59,2026-08-16 04:20:59,6.86007,5,0.3388,0.68350669,1.3764213,0.23668639,3.79901961,66.88822021,46.30350195,91.87817259,81.89509306,121.28181539,21.64336517,13.51351351,1.05294135,0,0.3338615,4.18204182,0.0109209,0.93815109,0.06128792,0.29626387,0.03189193,-0.34474254,0.95351609,0.94451004,1.0
HEMITRY,2026-08-16 04:13:59,2026-08-16 04:07:59,2026-08-16 04:20:59,6.86007,10,0.338,1.16731518,3.14311871,3.93603936,3.45883073,69.87797675,47.79116466,95.05494505,94.14529915,262.51946562,14.67090154,26.59090909,0.75080925,0,0.41540991,3.55392157,0.00929839,1.20538044,0.04923702,3.04342819,0.08151576,1.0,1.01613867,1.30177515,0.79545455
HEMITRY,2026-08-16 04:35:59,2026-08-16 04:34:59,2026-08-16 04:45:59,8.05281,0,0.3012,-0.066357,-0.13262599,-0.09950249,-1.4720314,40.92868368,-47.15447154,15.03759398,18.29573935,-80.58009498,38.07054527,-23.96313364,-0.78162861,0,0.08607601,-1.34294137,0.01029216,0.28112411,0.05374,0.24496163,0.2197491,0.0883632,0.46697799,0.73041169,0.90909091
HEMITRY,2026-08-16 04:35:59,2026-08-16 04:34:59,2026-08-16 04:45:59,8.05281,1,0.3014,-0.69192751,0.2661344,-1.53544593,-2.26977951,41.17552067,-13.65079365,12.03007519,17.79448622,-55.96784168,37.68971276,-6.99588477,-0.77084836,0,0.10507435,-1.21271714,0.01151768,0.32887531,0.05939745,0.02681548,0.23943883,-0.2003189,0.09963467,0.1658925,1.0
HEMITRY,2026-08-16 04:35:59,2026-08-16 04:34:59,2026-08-16 04:45:59,8.05281,3,0.3016,0.332668,-1.47010781,-2.29996761,0.332668,40.6318779,-9.79228487,13.53383459,18.83513131,-31.58420077,43.96085421,-10.94339623,-0.79910826,0,0.12017618,-3.17817014,0.0125521,0.41521931,0.07519262,1.08172339,0.18345958,-0.46278224,0.53333333,0.72944297,0.81818182
HEMITRY,2026-08-16 04:35:59,2026-08-16 04:34:59,2026-08-16 04:45:59,8.05281,5,0.3015,-1.50277687,-2.33236152,-1.24467737,2.06499661,39.9079416,15.18072289,36.95652174,58.92688078,2.05524995,51.0996658,10.28938907,-0.63305733,0,0.27658847,-1.37389598,0.01473584,0.44032349,0.08157965,1.15227254,0.23668168,-0.32532893,-1.50277687,1.72470978,0.11538462
HEMITRY,2026-08-16 04:35:59,2026-08-16 04:34:59,2026-08-16 04:45:59,8.05281,10,0.3053,0.06555228,-1.99036918,-0.13084724,2.31233244,43.64033155,23.40425532,62.31884058,70.25211353,14.77243834,65.11487369,20.83333333,-0.83329818,0,0.46530524,3.35138795,0.01459922,0.51581197,0.15782773,0.20024911,0.07710424,-0.25463099,-0.42400522,1.2119227,0.02702703
HEMITRY,2026-08-16 05:00:59,2026-08-16 05:02:59,2026-08-16 05:15:59,7.30019,0,0.3155,-0.44177974,-0.50457269,-0.81735303,-2.50309023,47.00301305,-22.48062016,13.86138614,22.35002179,-115.00769062,23.69436539,-10.0,0.0017701,0,-0.25672729,-0.56728648,0.0115463,0.16122161,0.03886961,0.90865322,0.06341333,0.13801203,-0.31595577,0.76069731,0.58333333
HEMITRY,2026-08-16 05:00:59,2026-08-16 05:02:59,2026-08-16 05:15:59,7.30019,1,0.3169,-0.28319698,-0.62715585,-0.12606366,-2.2818378,49.4713321,-25.09363296,23.0,24.97593656,-95.21078291,26.75122917,-10.96153846,0.09628831,0,-0.23232243,-1.18490801,0.01172069,0.24577643,0.03694942,0.10317997,0.01491893,0.54577928,-0.15752993,0.53644683,0.70588235
HEMITRY,2026-08-16 05:00:59,2026-08-16 05:02:59,2026-08-16 05:15:59,7.30019,3,0.3171,-0.56444026,-0.06303183,0.22123894,-1.12254443,49.90139284,-35.64013841,21.73913043,27.55887681,-98.05835774,32.77991062,-10.53604436,0.19575944,0,-0.23950636,-0.90625,0.01218633,0.22454596,0.03565243,0.57263413,-0.01799928,0.27472969,-0.6890072,1.60832545,0.43137255
HEMITRY,2026-08-16 05:00:59,2026-08-16 05:02:59,2026-08-16 05:15:59,7.30019,5,0.3181,0.25212732,0.53729456,0.25212732,-0.40701315,51.7181248,-9.79228487,27.34375,30.72916667,-91.69451218,40.48609419,-0.17761989,0.29504663,0,-0.24852552,-1.69962917,0.01264203,0.29598234,0.0345782,0.2357828,-0.07511114,0.27783124,-0.09422111,0.53442314,0.58823529
HEMITRY,2026-08-16 05:00:59,2026-08-16 05:02:59,2026-08-16 05:15:59,7.30019,10,0.3173,-1.06018085,-0.84375,-1.94684796,-0.71964956,50.8096261,-5.99369085,9.00900901,42.94888948,12.73273273,55.12233518,-4.44839858,0.85515092,0,-0.07706731,-0.65748278,0.01265139,0.49300817,0.09684633,1.5013496,0.08546468,-0.5560559,-1.12184481,1.60731169,0.11764706
PIXELTRY,2026-08-16 05:14:59,2026-08-16 05:17:59,2026-08-16 05:29:59,5.71429,0,0.243,-0.40983607,-0.81632653,-0.40983607,0.41322314,51.53416206,11.11111111,25.0,50.0,-12.19512195,37.44434137,12.5,0.32941719,0,-0.08282624,-0.40983607,0.00470312,0.38154911,0.01906498,1.20339862,-0.02126565,-0.26903494,-0.40983607,0.41152263,0.0
PIXELTRY,2026-08-16 05:14:59,2026-08-16 05:17:59,2026-08-16 05:29:59,5.71429,1,0.244,-0.40816327,-0.40816327,0.0,0.82644628,59.29128064,25.0,50.0,66.66666667,49.24242424,39.26252319,20.0,0.42716384,0,-0.03017178,-0.40816327,0.0043911,0.60380685,0.01978085,0.22261714,0.03165709,-0.01271821,-0.40816327,0.40983607,0.0
PIXELTRY,2026-08-16 05:14:59,2026-08-16 05:17:59,2026-08-16 05:29:59,5.71429,3,0.245,0.0,0.40983607,0.40983607,1.23966942,68.92508529,42.85714286,75.0,71.66666667,111.11111111,41.31880025,33.33333333,0.50130584,0,0.01421361,0.82304527,0.00349854,0.81388884,0.02489962,0.73556974,0.13198348,0.4281287,0.0,0.40816327,0.0
PIXELTRY,2026-08-16 05:14:59,2026-08-16 05:17:59,2026-08-16 05:29:59,5.71429,5,0.244,0.0,0.0,0.0,0.82644628,64.27790062,33.33333333,60.0,66.66666667,87.61904762,42.28033871,18.18181818,0.49740701,0,0.01442875,0.82644628,0.00322014,0.70801257,0.02973651,0.21680785,0.11425686,0.30278144,-0.40816327,0.40983607,0.0
PIXELTRY,2026-08-16 05:14:59,2026-08-16 05:17:59,2026-08-16 05:29:59,5.71429,10,0.244,-0.40816327,0.41152263,0.82644628,1.66666667,69.61678945,71.42857143,85.71428571,95.23809524,110.11904762,39.02573617,29.41176471,0.58225313,0,0.11161543,0.82644628,0.00497658,0.84581298,0.03235677,0.46389502,0.08409689,0.3965639,0.0,0.40983607,1.0
HEMITRY,2026-08-16 05:45:59,2026-08-16 05:49:59,2026-08-16 06:00:59,9.87945,0,0.3372,0.20802377,-0.56030669,-0.79435128,-1.34581627,48.91146881,-22.72727273,35.16483516,32.82880641,-95.95868612,17.66082426,-2.37388724,0.00820964,0,-0.1692577,0.44682752,0.00713862,0.29231321,0.02683725,0.33064596,-0.23254682,-0.34991495,0.297442,0.47449585,1.0
HEMITRY,2026-08-16 05:45:59,2026-08-16 05:49:59,2026-08-16 06:00:59,9.87945,1,0.3365,-0.3848431,-1.0585122,-0.79599057,-2.00931858,46.96863822,-30.28571429,27.47252747,32.59368118,-87.8870674,19.85607294,-3.24483776,0.05059767,0,-0.16573339,0.2681764,0.00719592,0.19360856,0.02669528,0.19826686,-0.21568602,0.19049988,-0.47323277,0.77265973,0.07692308
HEMITRY,2026-08-16 05:45:59,2026-08-16 05:49:59,2026-08-16 06:00:59,9.87945,3,0.3391,-0.29403117,-0.02948113,0.3848431,-0.87693657,53.7691407,-14.91712707,34.45945946,38.51351351,-29.94011976,25.68407862,11.02756892,0.19850186,0,-0.10708726,0.14766686,0.0084046,0.47524581,0.02619175,1.23875599,-0.23280903,0.33685732,-0.20600353,0.70775582,0.70833333
HEMITRY,2026-08-16 05:45:59,2026-08-16 05:49:59,2026-08-16 06:00:59,9.87945,5,0.3399,0.20636792,0.62166963,1.25111707,-0.29334116,56.16021802,-2.64550265,39.86486486,38.51351351,7.69736225,29.13459644,17.79448622,0.19593405,0,-0.13878045,-0.55588063,0.00838482,0.59077755,0.02745416,1.90544626,-0.32531734,0.48242149,0.23591861,0.35304501,0.91666667
HEMITRY,2026-08-16 05:45:59,2026-08-16 05:49:59,2026-08-16 06:00:59,9.87945,10,0.3357,0.02979738,-0.85646781,-1.7846694,-1.17750957,47.88623091,-4.21052632,11.48648649,8.62290862,-135.05217925,20.35216824,3.35051546,0.13010356,0,-0.35573168,-1.52537401,0.00825567,0.14049782,0.02719964,0.15361219,-0.30252322,-0.53718864,0.08944544,0.11915401,0.75
WALTRY,2026-08-16 06:11:59,2026-08-16 06:11:59,2026-08-16 06:26:59,5.64516,0,1.24,1.63934426,0.81300813,1.63934426,1.63934426,61.46972508,25.0,100.0,50.0,203.0075188,72.61904762,44.44444444,0.22562915,0,0.11827393,1.63934426,0.00518433,1.13089327,0.02137588,5.49592365,0.73426352,0.61093888,0.81300813,0.80645161,1.0
WALTRY,2026-08-16 06:11:59,2026-08-16 06:11:59,2026-08-16 06:26:59,5.64516,1,1.22,-0.81300813,-1.61290323,0.0,0.0,46.24233958,0.0,0.0,33.33333333,-44.44444444,67.85714286,28.57142857,0.10320062,0,0.0554548,-0.81300813,0.00409836,0.3834369,0.01754406,1.32377757,0.65739682,0.42036472,0.0,0.0,
WALTRY,2026-08-16 06:11:59,2026-08-16 06:11:59,2026-08-16 06:26:59,5.64516,3,1.23,-0.80645161,0.81967213,0.81967213,0.81967213,56.63402475,20.0,50.0,50.0,185.60606061,57.14285714,50.0,0.15157302,0,0.1138812,0.81967213,0.00348432,0.89223227,0.01669073,0.54341224,0.85375073,0.87978171,0.0,0.0,
WALTRY,2026-08-16 06:11:59,2026-08-16 06:11:59,2026-08-16 06:26:59,5.64516,5,1.22,0.0,0.0,0.0,0.0,46.25833669,0.0,0.0,0.0,-39.21568627,42.85714286,33.33333333,-0.06614623,0,0.00194488,0.0,0.00175644,0.41666667,0.00982801,0.0,0.77804285,,0.0,0.0,
WALTRY,2026-08-16 06:11:59,2026-08-16 06:11:59,2026-08-16 06:26:59,5.64516,10,1.22,-0.81300813,0.0,0.0,-0.81300813,46.25833653,-33.33333333,0.0,33.33333333,-47.61904762,10.95238095,0.0,-0.0334428,0,0.03011592,0.0,0.00234192,0.35566243,0.0141681,2.56546158,0.76996031,0.71134478,0.0,0.0,
HEMITRY,2026-08-16 06:30:59,2026-08-16 06:31:59,2026-08-16 06:45:59,6.97036,0,0.3613,-0.8507135,-1.98046663,-3.0587604,-3.75599361,39.46850032,-24.15026834,13.64985163,12.63075862,-211.44153226,22.37903897,-12.60663507,-0.44618651,0,-0.71591532,-3.70469083,0.02085722,-0.0648388,0.0605756,1.08485796,0.04918663,-0.38068073,-1.09499042,2.65707169,0.47916667
HEMITRY,2026-08-16 06:30:59,2026-08-16 06:31:59,2026-08-16 06:45:59,6.97036,1,0.3644,-1.51351351,-2.38414144,-3.41902995,-2.85257265,42.47263628,-20.59925094,1.51515152,12.80521753,-182.65593838,23.60407989,-4.16666667,-0.17041469,0,-0.62928134,-5.10416667,0.01975851,-0.03535883,0.05170976,0.51345258,0.0384455,-0.22746571,-1.27336765,1.37211855,0.06
HEMITRY,2026-08-16 06:30:59,2026-08-16 06:31:59,2026-08-16 06:45:59,6.97036,3,0.3686,-1.25904099,-2.30585741,-1.02040816,-2.43515087,46.8843593,-11.76470588,14.17322835,25.72178478,-179.28633594,28.24160641,-4.25985091,0.21086459,0,-0.54065656,-1.94200585,0.01819626,0.06415216,0.04302972,0.5108662,0.02867946,0.42768294,-1.02040816,1.92620727,0.46478873
HEMITRY,2026-08-16 06:30:59,2026-08-16 06:31:59,2026-08-16 06:45:59,6.97036,5,0.3727,-1.21918897,0.08055854,-0.6663113,-0.56029883,51.95667766,-8.74200426,30.31496063,38.18897638,-65.40369869,34.76152117,10.67357513,0.5388174,0,-0.46739447,-0.71923282,0.01849438,0.24890614,0.04030068,0.41938655,0.10198169,0.08979289,-1.16679926,1.31473035,0.10204082
HEMITRY,2026-08-16 06:30:59,2026-08-16 06:31:59,2026-08-16 06:45:59,6.97036,10,0.3752,-2.29166667,-0.18621974,-0.05327651,0.13344009,56.38058282,-11.62790698,17.83783784,56.21621622,16.74242989,60.5150365,11.42506143,1.39826145,0,-0.24701337,0.10672359,0.0154965,0.38159226,0.03786971,0.8823066,0.15587416,0.18671687,-2.21527235,3.01172708,0.22123894
COWTRY,2026-08-16 06:56:59,2026-08-16 06:56:59,2026-08-16 07:10:59,5.96026,0,6.04,-0.98360656,0.0,0.33222591,1.17252931,56.30699762,19.04761905,45.0,70.0,107.89509444,37.9795941,32.75862069,0.58396349,0,0.13100574,1.17252931,0.00685904,0.71201053,0.03382026,0.92227918,0.13924089,0.2083103,-0.98360656,1.1589404,0.0
COWTRY,2026-08-16 06:56:59,2026-08-16 06:56:59,2026-08-16 07:10:59,5.96026,1,6.1,-0.48939641,1.49750416,1.49750416,2.00668896,66.77598924,35.13513514,75.0,82.27272727,200.78299776,35.50211662,43.39622642,0.6491023,0,0.19328821,2.5210084,0.00620609,1.0159816,0.03542557,3.10272876,0.188173,0.38416581,-0.48939641,0.81967213,0.2
COWTRY,2026-08-16 06:56:59,2026-08-16 06:56:59,2026-08-16 07:10:59,5.96026,3,6.04,0.49916805,0.49916805,1.17252931,1.8549747,63.47072293,25.92592593,81.81818182,71.5950716,151.51515152,27.38304047,32.5,0.37845543,0,0.07045442,0.49916805,0.00473037,0.98884618,0.02225375,3.3027244,0.24201283,0.88502294,0.49916805,0.66225166,0.75
COWTRY,2026-08-16 06:56:59,2026-08-16 06:56:59,2026-08-16 07:10:59,5.96026,5,6.02,0.16638935,0.83752094,0.83752094,1.86125212,61.28799017,35.71428571,71.42857143,78.10816634,173.54497354,21.4094955,39.02439024,0.32002336,0,0.04980442,0.83752094,0.00486474,0.94886247,0.01922334,0.81602083,0.1779104,0.73633438,0.0,0.16611296,0.0
COWTRY,2026-08-16 06:56:59,2026-08-16 06:56:59,2026-08-16 07:10:59,5.96026,10,5.97,0.33613445,-0.6655574,0.0,0.33613445,54.02491372,6.66666667,61.53846154,56.41025641,41.02564103,15.16747825,9.09090909,0.18727449,0,-0.03292281,1.01522843,0.00526442,0.60419046,0.01691031,0.48244222,0.15168954,0.09838952,0.0,0.0,
ACETRY,2026-08-16 07:01:59,2026-08-16 07:04:59,2026-08-16 07:09:59,5.1306,0,6.395,-0.37389001,-0.57524876,-1.82683451,-1.91717791,34.67029749,-57.08812261,9.21658986,12.03446077,-179.74372477,17.39322255,-24.34210526,-0.5357447,0,-0.20088861,-1.69100692,0.00679102,-0.02038788,0.02954281,0.81575618,-0.25167767,-0.64236966,-0.34283933,0.6567631,0.47619048
ACETRY,2026-08-16 07:01:59,2026-08-16 07:04:59,2026-08-16 07:09:59,5.1306,1,6.419,0.32822757,-0.66542866,-1.42813268,-2.0,37.38001004,-38.69731801,18.39622642,11.28784555,-187.94817819,13.73832816,-15.20376176,-0.46933654,0,-0.18580124,-1.65466524,0.00709946,0.01703981,0.0264471,1.11038429,-0.2609705,-0.48439967,0.24988287,0.73220128,0.65957447
ACETRY,2026-08-16 07:01:59,2026-08-16 07:04:59,2026-08-16 07:09:59,5.1306,3,6.432,-0.46425255,-1.22850123,-0.95472744,-1.18297742,36.89505107,-24.64788732,6.97674419,21.76455131,-238.68131868,9.45986601,-5.1242236,-0.29878683,0,-0.12583447,-1.65137615,0.00715174,-0.17098369,0.01893033,0.51202297,-0.26184022,-0.21831349,-0.27906977,0.40422886,0.26923077
ACETRY,2026-08-16 07:01:59,2026-08-16 07:04:59,2026-08-16 07:09:59,5.1306,5,6.514,0.03071253,0.30797659,0.13835511,-0.38232146,48.71928854,-20.14925373,33.89830508,25.16804817,-36.07951281,10.3253528,-1.57977883,-0.12989233,0,-0.04025954,-0.09202454,0.00694109,0.44842255,0.01412763,0.43157025,-0.24244117,-0.22426617,0.03071253,0.47589807,0.64516129
ACETRY,2026-08-16 07:01:59,2026-08-16 07:04:59,2026-08-16 07:09:59,5.1306,10,6.505,-0.33706144,-0.5351682,-0.23006135,-0.10749386,46.55570884,5.17241379,38.37209302,44.18604651,-63.59348851,16.07921703,9.18499353,-0.07923533,0,-0.05284905,-0.51995718,0.00848798,0.24958408,0.01635431,0.3583507,-0.3374734,0.36240469,-0.41334966,0.4765565,0.0
HEMITRY,2026-08-16 07:13:59,2026-08-16 07:17:59,2026-08-16 07:27:59,5.39474,0,0.372,0.48622366,-2.74509804,-3.60196942,-0.77353961,43.41703976,-3.18181818,23.62637363,23.98688967,-140.27316353,47.64091925,0.58055152,-0.18434355,0,-0.20936664,-1.71730515,0.01322965,0.17432026,0.04056209,0.76865446,0.05416877,-0.03847172,1.08695652,1.26344086,0.91489362
HEMITRY,2026-08-16 07:13:59,2026-08-16 07:17:59,2026-08-16 07:27:59,5.39474,1,0.3702,-1.85577943,-2.57894737,-2.96199214,-1.72551102,40.96289382,-10.75514874,13.25966851,40.98705368,-123.96256401,50.82955979,3.8961039,-0.01535574,0,-0.12686785,-1.67330677,0.01337115,0.03462234,0.03928963,1.56917424,0.00625184,0.00367475,-2.03757608,2.728255,0.23762376
HEMITRY,2026-08-16 07:13:59,2026-08-16 07:17:59,2026-08-16 07:27:59,5.39474,3,0.3825,0.65789474,0.2621232,1.45888594,2.32744783,55.86396947,24.93150685,74.62686567,78.34318341,123.47047713,52.84562364,26.2350937,0.42015328,0,0.16060179,1.91846523,0.01096172,0.88117732,0.03732036,2.69995286,0.03951471,0.70487193,0.65789474,1.04575163,0.625
HEMITRY,2026-08-16 07:13:59,2026-08-16 07:17:59,2026-08-16 07:27:59,5.39474,5,0.3859,1.15334207,2.36074271,1.95508587,3.09911835,62.38148104,32.247557,100.0,91.73789174,150.84745763,49.48688787,23.63315697,0.41922057,0,0.2106674,2.93411576,0.01049495,1.0657813,0.04009519,1.15607588,0.00474034,0.75628202,1.15334207,1.45115315,1.0
HEMITRY,2026-08-16 07:13:59,2026-08-16 07:17:59,2026-08-16 07:27:59,5.39474,10,0.3785,0.5312085,0.85265121,0.96025607,-1.71384056,53.47362045,-15.6626506,58.55263158,41.36316315,-0.71331764,40.33263323,-16.82847896,-0.11718614,0,-0.07228317,1.12209458,0.01166258,0.52842468,0.04700128,1.2418869,-0.10642266,-0.24813033,0.42451579,0.6340819,0.75
COWTRY,2026-08-16 07:58:59,2026-08-16 07:59:59,2026-08-16 08:12:59,5.17799,0,6.16,-0.3236246,-0.48465267,-0.96463023,-1.12359551,39.04565511,-25.92592593,21.42857143,20.47619048,-177.57215246,43.43128369,-20.0,-0.373627,0,-0.10539671,-1.12359551,0.005218,0.01919196,0.0215518,1.34909625,-0.20663706,-0.63679522,-0.3236246,0.97402597,0.5
COWTRY,2026-08-16 07:58:59,2026-08-16 07:59:59,2026-08-16 08:12:59,5.17799,1,6.18,-0.32258065,-0.80256822,-0.80256822,-1.4354067,41.6049251,-20.0,10.0,20.0,-138.78246062,40.99339549,-16.66666667,-0.31984292,0,-0.08371369,-0.96153846,0.00485437,0.11363636,0.0211844,0.67407229,-0.23615053,-0.39262961,-0.16155089,0.3236246,0.5
COWTRY,2026-08-16 07:58:59,2026-08-16 07:59:59,2026-08-16 08:12:59,5.17799,3,6.19,-0.64205457,-0.64205457,0.32414911,-1.43312102,42.57332469,-33.33333333,20.0,32.85714286,-95.05334627,37.3650311,-23.25581395,-0.28148521,0,-0.07922892,-0.48231511,0.00496192,0.17156888,0.02705711,0.65124795,-0.23760782,0.59492603,-0.48231511,0.48465267,0.0
COWTRY,2026-08-16 07:58:59,2026-08-16 07:59:59,2026-08-16 08:12:59,5.17799,5,6.22,-0.16051364,0.81037277,-0.16051364,-1.11287758,46.50040314,-21.73913043,35.71428571,31.12044818,-59.56961665,37.02859218,-24.3902439,-0.28208888,0,-0.09866757,-0.16051364,0.00470831,0.29874973,0.02819875,0.02021154,-0.226679,-0.05725138,-0.16051364,0.1607717,0.0
COWTRY,2026-08-16 07:58:59,2026-08-16 07:59:59,2026-08-16 08:12:59,5.17799,10,6.23,-0.16025641,0.1607717,0.0,-1.88976378,45.63815049,-33.33333333,14.28571429,17.31092437,-70.77826725,23.88413933,-25.0,-0.19964407,0,-0.15316688,-0.95389507,0.00504471,0.23099797,0.02812881,0.60946761,0.18250358,-0.27428147,-0.16025641,0.32102729,0.0
HEMITRY,2026-08-16 08:09:59,2026-08-16 08:09:59,2026-08-16 08:24:59,5.07614,0,0.3743,-1.93869531,-1.75853018,-2.72869023,-5.24050633,27.41267054,-62.89308176,18.08118081,18.94840859,-206.55378076,27.48869385,-30.22222222,-1.10359228,0,-0.50412956,-5.04819888,0.01288119,-0.12660732,0.06180623,3.06551209,-0.06940131,-0.70381734,-1.5,2.83195298,0.46226415
HEMITRY,2026-08-16 08:09:59,2026-08-16 08:09:59,2026-08-16 08:24:59,5.07614,1,0.3817,-0.23523262,0.05242464,-2.40347737,-3.63544559,35.24786297,-52.98804781,16.85393258,17.06447449,-160.70145178,23.41374782,-19.58041958,-0.86418147,0,-0.40702286,-2.55297421,0.01070399,0.06663865,0.05139432,1.18538496,-0.08418712,-0.63890962,-0.07853403,0.65496463,0.72
HEMITRY,2026-08-16 08:09:59,2026-08-16 08:09:59,2026-08-16 08:24:59,5.07614,3,0.381,-0.1310616,-2.58245973,-2.70684372,-2.38278248,32.71882645,-43.17343173,12.42937853,9.42568146,-262.52158895,17.69112356,-14.38721137,-0.73320553,0,-0.44638919,-2.92993631,0.01055493,-0.10132425,0.04612951,2.57492341,-0.26313529,-0.8607145,-0.67778936,1.25984252,0.45833333
HEMITRY,2026-08-16 08:09:59,2026-08-16 08:09:59,2026-08-16 08:24:59,5.07614,5,0.3848,-1.61084122,-1.73646578,-2.38457636,-2.48352762,37.20333118,-38.22629969,6.75675676,20.17339921,-186.13263836,14.27174093,-14.80804388,-0.32557113,0,-0.29084543,-2.58227848,0.0101537,-0.13665359,0.03570255,0.94371301,-0.10365252,-0.40937424,-1.68625447,2.41683992,0.10752688
HEMITRY,2026-08-16 08:09:59,2026-08-16 08:09:59,2026-08-16 08:24:59,5.07614,10,0.3942,0.63824355,0.43312102,-0.20253165,-1.12866817,52.62090192,-16.08832808,34.04255319,20.33096927,-64.0106438,24.8129529,-7.34126984,0.00841956,1,-0.22898414,-0.10136847,0.00913242,0.37743884,0.02897755,0.37174063,-0.03945357,-0.28323752,0.58688441,0.65956367,0.92307692
XAITRY,2026-08-16 08:23:59,2026-08-16 08:23:59,2026-08-16 08:38:59,5.8753,0,0.3336,-0.50700865,0.090009,1.15221346,2.55149093,71.33619202,55.70469799,72.63157895,82.00869145,112.76035432,92.14878611,63.04347826,0.747852,0,0.18110706,1.6763182,0.00393971,0.84388016,0.04106219,0.07569062,0.32219186,-0.15108352,0.0,0.0,
XAITRY,2026-08-16 08:23:59,2026-08-16 08:23:59,2026-08-16 08:38:59,5.8753,1,0.3353,0.32914423,0.3591739,1.82204677,3.07408546,83.70780923,75.75757576,91.74311927,82.26299694,172.05675572,86.39481786,77.84431138,0.76394445,0,0.21791437,2.19445291,0.00355758,1.01204954,0.04030472,2.12188798,0.27126153,-0.08159578,0.08955224,0.08947211,1.0
XAITRY,2026-08-16 08:23:59,2026-08-16 08:23:59,2026-08-16 08:38:59,5.8753,3,0.3333,-0.23944927,1.21469784,1.55393053,2.5854109,80.04952505,71.42857143,73.39449541,82.84478518,181.76100629,74.34124643,81.37931034,0.61948543,0,0.18641435,1.70888007,0.00310745,1.03368613,0.03271845,15.09402092,0.22897344,-0.13281256,-0.23944927,0.480048,0.5
XAITRY,2026-08-16 08:23:59,2026-08-16 08:23:59,2026-08-16 08:38:59,5.8753,5,0.3298,0.15183723,0.48750762,0.51813472,1.50815636,77.04868347,75.38461538,94.23076923,92.94871795,124.92890361,63.81828725,84.05797101,0.39881037,0,0.09425251,1.38333846,0.00149441,0.92421828,0.02222213,2.42676854,0.28653674,0.7238198,0.0,0.0,
XAITRY,2026-08-16 08:23:59,2026-08-16 08:23:59,2026-08-16 08:38:59,5.8753,10,0.3281,0.0,0.12206286,0.86074393,0.86074393,79.14322428,59.18367347,100.0,100.0,172.83950617,32.29453248,69.81132075,0.27577385,0,0.081128,0.98491844,0.00115383,0.99340192,0.01374423,0.0,0.00269337,0.83854399,0.0,0.0,
ACETRY,2026-08-16 08:33:59,2026-08-16 08:33:59,2026-08-16 08:48:59,5.66123,0,6.624,-0.12062726,-0.09049774,-0.30102348,-0.37599639,46.11997554,-5.74712644,76.97841727,75.71833924,18.88867326,19.02480386,-9.81818182,-0.17687364,0,0.12985315,1.34638923,0.00593081,0.56920534,0.0249111,0.71305271,-0.08590718,-0.84372412,-0.07542616,0.31702899,0.42857143
ACETRY,2026-08-16 08:33:59,2026-08-16 08:33:59,2026-08-16 08:48:59,5.66123,1,6.632,0.06035003,-0.16558784,-0.24067389,-0.39050766,47.43280444,-6.46387833,76.66666667,74.6776032,12.46742478,18.1681605,-10.41292639,-0.19455458,0,0.13922444,1.57757696,0.00599905,0.57487575,0.02896056,0.19354974,-0.02331185,-0.83153019,0.06035003,0.24125452,1.0
ACETRY,2026-08-16 08:33:59,2026-08-16 08:33:59,2026-08-16 08:48:59,5.66123,3,6.63,-0.19569472,-0.27075812,0.88253195,-0.09041591,47.02115306,-11.85185185,73.85620915,79.73856209,1.50662019,15.70715783,-12.12121212,-0.26888464,0,0.13544012,0.34811563,0.00604396,0.52114969,0.03354195,0.96480549,-0.08757861,0.04943553,-0.27075812,0.63348416,0.52380952
ACETRY,2026-08-16 08:33:59,2026-08-16 08:33:59,2026-08-16 08:48:59,5.66123,5,6.644,-0.06016847,1.09555691,1.65238678,-1.20446097,49.00405131,17.46987952,83.00653595,52.30652648,5.48203349,14.61081658,-6.31067961,-0.40527187,0,0.08819766,-0.07519928,0.00664402,0.53031556,0.03976656,0.48919351,-0.09625753,0.76033545,-0.12026458,0.37627935,0.52
ACETRY,2026-08-16 08:33:59,2026-08-16 08:33:59,2026-08-16 08:48:59,5.66123,10,6.536,0.10721397,-1.07461783,-1.69950368,-3.02670623,32.57764299,-44.3254818,5.90062112,3.86207995,-155.11136493,25.61488869,-9.91926182,-0.85182033,0,-0.26269555,-2.81040892,0.009475,0.04655232,0.0442077,1.14382522,-0.24329517,-0.54717564,-0.07644091,0.70379437,0.41304348
XAITRY,2026-08-16 08:53:59,2026-08-16 08:49:59,2026-08-16 09:01:59,11.04701,0,0.3386,-1.56976744,-2.72910083,-1.99710564,-1.51250727,43.95637731,-6.66666667,5.05836576,17.10462412,-111.54842051,45.95569505,1.88916877,0.29357778,0,-0.39273506,-5.78742348,0.01674964,0.12516341,0.05365769,1.50473768,0.13192471,-0.72066354,-1.65553297,2.06733609,0.18571429
XAITRY,2026-08-16 08:53:59,2026-08-16 08:49:59,2026-08-16 09:01:59,11.04701,1,0.344,-0.89311438,-0.40532716,-0.31874819,-0.23201856,52.10734192,0.46296296,16.29955947,26.8722467,-5.54442218,49.34405609,9.88142292,0.58745972,0,-0.24900669,-2.49433107,0.01575997,0.41802503,0.05401625,1.26574783,0.19358627,-0.49905025,-0.89311438,0.93023256,0.0
XAITRY,2026-08-16 08:53:59,2026-08-16 08:49:59,2026-08-16 09:01:59,11.04701,3,0.3481,0.78170237,0.86931324,0.63602197,2.29209521,59.78749944,16.36363636,34.36123348,27.97050906,44.78215181,54.64301755,14.83870968,0.80173855,0,-0.17320967,0.51978054,0.01590266,0.66140014,0.06483633,0.66028449,0.29579932,0.09456891,0.8400927,0.94800345,1.0
XAITRY,2026-08-16 08:53:59,2026-08-16 08:49:59,2026-08-16 09:01:59,11.04701,5,0.3455,0.11590843,-0.11564036,-3.86755704,2.1584861,56.22351297,15.27777778,27.08333333,30.81407796,31.5270936,60.1536957,19.94382022,0.94229771,0,-0.14279744,0.49447353,0.01471987,0.5854945,0.07032947,0.13746242,0.25955748,-0.76453517,-0.31736872,0.83936324,0.48275862
XAITRY,2026-08-16 08:53:59,2026-08-16 08:49:59,2026-08-16 09:01:59,11.04701,10,0.3594,1.8707483,3.78284724,4.53752182,6.58362989,85.49796062,65.19174041,92.56505576,93.79792009,232.19140837,65.51390454,53.7037037,1.80898051,0,0.44317438,6.26848019,0.00965896,1.19254825,0.07970089,7.49257538,0.57463242,0.78810904,2.39316239,2.89371174,0.80769231
ACETRY,2026-08-16 09:03:59,2026-08-16 08:55:59,2026-08-16 09:11:59,9.00608,0,7.074,2.28455755,0.05657709,1.05714286,5.70830843,68.50069737,45.35050072,74.66063348,63.27045506,101.90781204,65.84255493,44.0,1.39877634,0,0.25293251,4.67593963,0.01312654,0.89608741,0.08252131,4.41108528,0.07217463,0.60883552,2.13687554,4.46706248,0.64556962
ACETRY,2026-08-16 09:03:59,2026-08-16 08:55:59,2026-08-16 09:11:59,9.00608,1,6.916,-1.08695652,-1.90070922,-1.49551346,3.6726128,58.7416513,36.96369637,48.2832618,65.89361739,55.74916066,64.04565293,40.85714286,1.31837085,0,0.23928947,2.12640284,0.01084442,0.65640969,0.07893976,0.7581706,0.06293728,0.10655305,-0.88850674,1.18565645,0.24390244
ACETRY,2026-08-16 09:03:59,2026-08-16 08:55:59,2026-08-16 09:11:59,9.00608,3,7.07,0.28368794,0.69790628,3.89419544,5.36512668,80.49671313,75.10040161,82.53012048,76.5060241,161.85299125,60.22028178,59.14221219,1.5858937,0,0.50035194,4.66321244,0.0089513,0.98158059,0.08300485,1.65214708,0.05870045,0.81543746,0.15582944,1.07496464,0.60526316
ACETRY,2026-08-16 09:03:59,2026-08-16 08:55:59,2026-08-16 09:11:59,9.00608,5,7.0,-0.29910269,2.86554004,3.58094111,4.39970172,77.24459077,56.41025641,68.47389558,80.38821954,197.40021166,58.35167658,51.32211538,1.31833684,0,0.47709442,4.60251046,0.0084898,1.01671947,0.0701175,1.30298774,0.00914796,0.76585315,-0.14265335,0.68571429,0.5625
ACETRY,2026-08-16 09:03:59,2026-08-16 08:55:59,2026-08-16 09:11:59,9.00608,10,6.758,-0.20673361,0.04441155,0.98625224,1.9306184,61.09546326,40.12345679,76.47058824,84.8807863,108.69565217,46.69403367,33.03730018,0.50599697,0,0.19735224,0.79045488,0.00595062,0.83663955,0.03241571,0.6251701,0.19865559,0.21034355,-0.13299837,0.38472921,0.26923077
HEMITRY,2026-08-16 09:07:59,2026-08-16 09:07:59,2026-08-16 09:22:59,5.36044,0,0.3787,-0.3945292,-0.26336582,-0.18450185,-2.92232761,45.04938478,-27.86069652,53.86996904,58.41073271,-40.1862648,40.75294164,-27.06766917,-0.36095199,0,-0.01676764,1.82844851,0.01505149,0.36279699,0.07127622,0.37735475,-0.012481,-0.11623748,-0.26336582,0.63374703,0.45833333
HEMITRY,2026-08-16 09:07:59,2026-08-16 09:07:59,2026-08-16 09:22:59,5.36044,1,0.3802,-0.36687631,0.07896815,0.07896815,-2.51282051,47.2664538,-25.44987147,58.51393189,59.44272446,-22.6242649,41.70305762,-25.95419847,-0.35604977,0,-0.01497646,-2.38767651,0.01476666,0.41263698,0.0707617,0.58573949,-0.02734799,-0.26554728,-0.47120419,0.92056812,0.34285714
HEMITRY,2026-08-16 09:07:59,2026-08-16 09:07:59,2026-08-16 09:22:59,5.36044,3,0.3797,-0.05264543,-0.05264543,2.64936469,-2.03818369,46.36069952,-26.02739726,56.96594427,56.8627451,-37.39745403,40.14461209,-23.7244898,-0.50471107,0,-0.12348471,-3.08831036,0.01474849,0.38322882,0.0705715,1.11518301,-0.07263194,0.24694906,0.07907222,0.68475112,0.53846154
HEMITRY,2026-08-16 09:07:59,2026-08-16 09:07:59,2026-08-16 09:22:59,5.36044,5,0.3794,-0.13161358,2.56826169,2.01667115,-0.47219307,45.89730707,-3.87243736,56.0371517,52.4251806,-53.95832103,36.65511116,-11.20186698,-0.63373983,0,-0.25833189,-2.74288644,0.0161345,0.3524829,0.06984885,1.23619368,-0.06036279,0.38980484,0.15839493,1.13336848,0.69767442
HEMITRY,2026-08-16 09:07:59,2026-08-16 09:07:59,2026-08-16 09:22:59,5.36044,10,0.3719,-4.51861361,-5.079122,-4.66547039,-2.79665447,31.97604702,-35.59322034,0.0,50.59101655,-88.52540273,33.99223657,-9.83870968,-0.00020506,0,-0.12965519,-2.43966422,0.01190796,-0.08001106,0.05604311,3.261588,-0.05040861,-0.86505904,-4.51861361,5.37778973,0.0
ACETRY,2026-08-16 09:32:59,2026-08-16 09:41:59,2026-08-16 09:47:59,5.55556,0,7.125,-0.26595745,-1.46591066,-1.87302025,-2.33036326,39.60843408,-15.73426573,18.50533808,8.66844603,-124.14266118,33.20987552,-9.83957219,-0.69476137,0,-0.32325491,-2.10222589,0.00937343,0.16011476,0.06495439,1.24624149,-0.32205886,-0.8907872,-0.26595745,0.99649123,0.73239437
ACETRY,2026-08-16 09:32:59,2026-08-16 09:41:59,2026-08-16 09:47:59,5.55556,1,7.144,-0.62595632,-0.99778271,-2.6172301,-4.08163265,40.70635649,-23.85466035,0.0,8.43220339,-93.17543749,33.55910668,-12.9778672,-0.59423745,0,-0.30101129,-1.62489672,0.00993841,0.17845837,0.06987559,1.97171632,-0.30454173,-0.87262553,-0.66740823,1.00783875,0.0
ACETRY,2026-08-16 09:32:59,2026-08-16 09:41:59,2026-08-16 09:47:59,5.55556,3,7.231,0.2078714,-1.43129771,-0.19323671,-4.1362853,45.93336565,-31.53409091,17.79661017,16.90574262,-62.26944576,31.61116245,-19.74752029,-0.40746094,0,-0.25182332,-0.0552868,0.01095482,0.29736835,0.06492618,0.26517904,-0.14428832,-0.11303044,0.15235457,0.76061402,0.25454545
ACETRY,2026-08-16 09:32:59,2026-08-16 09:41:59,2026-08-16 09:47:59,5.55556,5,7.261,-1.02235551,0.22084196,-0.23358065,-4.10723719,47.51246623,-39.00134953,20.08639309,27.06983441,-47.20744681,27.00807191,-25.08143322,-0.30843005,0,-0.25796849,-0.46607265,0.01208019,0.31808189,0.0627914,0.47605259,-0.18548838,0.17626493,-0.96835788,1.12932103,0.13414634
ACETRY,2026-08-16 09:32:59,2026-08-16 09:41:59,2026-08-16 09:47:59,5.55556,10,7.278,0.22032498,0.5943331,-0.23303633,-3.42356688,47.73393452,-17.93548387,23.75809935,17.56659467,-84.78642708,23.12878895,-15.59454191,-0.31332138,0,-0.56203963,-3.88272583,0.01510423,0.24786525,0.06121884,0.54490749,-0.17554557,0.24903498,0.08250825,0.76944215,0.67857143
PIXELTRY,2026-08-16 09:58:59,2026-08-16 09:58:59,2026-08-16 10:13:59,5.13834,0,0.253,-0.39370079,-0.78431373,-0.39370079,2.84552846,58.8541939,37.5,66.66666667,78.88888889,54.16887945,45.88078588,31.81818182,0.7177174,0,0.08547118,0.3968254,0.00621118,0.66613358,0.05280046,1.23865501,-0.1853145,-0.01429949,-0.39370079,0.39525692,0.0
PIXELTRY,2026-08-16 09:58:59,2026-08-16 09:58:59,2026-08-16 10:13:59,5.13834,1,0.254,-0.39215686,-0.39215686,0.79365079,2.8340081,63.86000488,50.0,80.0,86.66666667,80.34188034,42.03463203,36.36363636,0.81141255,0,0.15953547,1.19521912,0.00618673,0.75893791,0.05474087,1.1235978,-0.13120617,0.35368902,-0.39215686,0.39370079,0.0
PIXELTRY,2026-08-16 09:58:59,2026-08-16 09:58:59,2026-08-16 10:13:59,5.13834,3,0.255,0.0,1.19047619,1.19047619,3.2388664,69.33611025,50.0,90.0,93.33333333,122.80701754,32.51082251,36.36363636,0.84717272,0,0.23770807,3.2388664,0.00616246,0.90528761,0.05186692,2.16361635,-0.15320023,0.62311776,0.0,0.39215686,0.0
PIXELTRY,2026-08-16 09:58:59,2026-08-16 09:58:59,2026-08-16 10:13:59,5.13834,5,0.254,0.79365079,0.79365079,0.79365079,3.25203252,67.07559889,50.0,100.0,91.66666667,118.05555556,26.55844156,35.0,0.73111453,0,0.23416733,3.25203252,0.0056243,0.94760526,0.04394679,2.12427793,0.00050706,0.46493042,0.79365079,0.78740157,1.0
PIXELTRY,2026-08-16 09:58:59,2026-08-16 09:58:59,2026-08-16 10:13:59,5.13834,10,0.252,0.39840637,2.0242915,2.43902439,1.20481928,71.24101246,27.27272727,85.71428571,86.9047619,236.11111111,8.7621109,23.07692308,0.3621464,0,0.17825639,2.43902439,0.00368481,1.18763385,0.02494698,6.66706728,-0.13558341,0.98869432,0.39840637,0.79365079,0.5
HEMITRY,2026-08-16 10:01:59,2026-08-16 10:01:59,2026-08-16 10:07:59,5.03886,0,0.3989,-1.26237624,-2.68358136,-2.89678676,-1.45750988,38.52866174,-43.60902256,12.72727273,34.74503851,-226.20070658,35.09816913,-24.5243129,0.11342493,0,-0.33258074,-1.74876847,0.00846972,-0.21689509,0.03039279,1.72201977,-0.24407812,-0.82444224,-1.45750988,2.00551517,0.2625
HEMITRY,2026-08-16 10:01:59,2026-08-16 10:01:59,2026-08-16 10:07:59,5.03886,1,0.404,-1.51145783,-1.3671875,-1.89412336,-0.54160512,46.87962153,-2.94117647,23.14049587,52.27132175,-122.98320215,37.65473419,-3.8961039,0.40350246,0,-0.18222453,-0.24691358,0.00816832,0.04415028,0.02286369,1.8527474,-0.20790667,-0.77171673,-1.46341463,2.2029703,0.31460674
HEMITRY,2026-08-16 10:01:59,2026-08-16 10:01:59,2026-08-16 10:07:59,5.03886,3,0.4099,0.07324219,-0.46138902,0.2936139,0.24455857,61.50520677,7.94979079,65.30612245,67.34693878,51.41466383,45.53454545,7.45192308,0.6370597,0,-0.06247302,0.34271726,0.00724915,0.68688734,0.0265655,0.24039949,-0.15534696,0.13411228,-0.07313506,0.34154672,0.64285714
HEMITRY,2026-08-16 10:01:59,2026-08-16 10:01:59,2026-08-16 10:07:59,5.03886,5,0.4108,-0.24283633,0.51382432,1.18226601,0.61229488,64.29041259,2.43902439,74.48979592,77.1191955,97.92887847,55.72970637,10.75514874,0.72706426,0,-0.01988129,1.48221344,0.00759841,0.77909884,0.03429702,0.33788427,-0.08721265,0.36232602,-0.29126214,0.41382668,0.11764706
HEMITRY,2026-08-16 10:01:59,2026-08-16 10:01:59,2026-08-16 10:07:59,5.03886,10,0.406,0.24691358,-0.6119951,0.29644269,1.83095059,58.27504235,20.0,45.0617284,46.31580199,19.85672388,67.95609712,19.27330174,0.66223091,0,-0.12662401,-0.56331129,0.01113652,0.61757742,0.04792607,0.74514891,-0.06441487,0.07555424,0.02463661,0.64039409,0.96153846
RONINTRY,2026-08-16 10:09:59,2026-08-16 10:15:59,2026-08-16 10:24:59,6.69456,0,2.38,0.0,-1.24481328,-1.24481328,-0.41841004,38.62642194,-20.0,57.14285714,52.38095238,-225.49019608,91.11111111,-50.0,0.0898095,0,-0.05122883,-0.41841004,0.0030012,0.13888889,0.01504388,16.67728377,-0.22302475,-0.50972832,-0.41841004,2.10084034,0.8
RONINTRY,2026-08-16 10:09:59,2026-08-16 10:15:59,2026-08-16 10:24:59,6.69456,1,2.38,-1.24481328,-1.24481328,-0.41841004,-0.41841004,38.62642187,-20.0,0.0,66.66666667,-35.35353535,94.28571429,-20.0,0.18535626,0,0.00518363,-0.41841004,0.0015006,0.13888889,0.01504388,329.21612607,-0.94543619,-0.95377151,-1.24481328,1.2605042,0.0
RONINTRY,2026-08-16 10:09:59,2026-08-16 10:15:59,2026-08-16 10:24:59,6.69456,3,2.41,0.0,0.83682008,0.83682008,0.83682008,89.86762991,100.0,100.0,100.0,222.22222222,100.0,100.0,0.29068527,0,0.09021116,0.83682008,0.00059277,1.0422446,0.01426613,0.0,0.0,1.0,0.0,0.0,
RONINTRY,2026-08-16 10:09:59,2026-08-16 10:15:59,2026-08-16 10:24:59,6.69456,5,2.41,0.83682008,0.83682008,0.83682008,1.2605042,89.86762985,100.0,100.0,83.33333333,337.25490196,100.0,100.0,0.19712609,0,0.0531925,0.83682008,0.00059277,1.32207305,0.01094971,6.2970659,0.0,1.0,0.0,0.0,
RONINTRY,2026-08-16 10:09:59,2026-08-16 10:15:59,2026-08-16 10:24:59,6.69456,10,2.39,0.0,0.0,0.0,0.42016807,70.41524204,100.0,100.0,100.0,66.66666667,78.57142857,100.0,0.14477789,0,0.03376025,0.42016807,0.00029886,0.72406454,0.01310994,0.0,0.0,,0.0,0.0,
DOLOTRY,2026-08-16 10:10:59,2026-08-16 10:10:59,2026-08-16 10:23:59,5.38244,0,1.059,-0.56338028,-0.65666041,-0.9354537,-1.57992565,31.29092648,-39.13043478,10.34482759,10.46581972,-176.80608365,34.54296698,-35.0877193,-0.45413654,0,-0.09049654,-2.39631336,0.0038446,-0.06226815,0.02467624,18.55675068,0.08929263,-0.78161024,-0.56338028,0.84985836,0.33333333
DOLOTRY,2026-08-16 10:10:59,2026-08-16 10:10:59,2026-08-16 10:23:59,5.38244,1,1.065,-0.46728972,-0.37418148,-0.28089888,-1.02230483,35.9986662,-26.82926829,0.0,7.01754386,-122.12802556,33.27411161,-20.40816327,-0.37380051,0,-0.05048066,-1.84331797,0.00328638,0.07503417,0.02113033,0.19672903,0.52959205,0.57108852,-0.37418148,0.37558685,0.0
DOLOTRY,2026-08-16 10:10:59,2026-08-16 10:10:59,2026-08-16 10:23:59,5.38244,3,1.066,-0.28063611,-0.18726592,-1.20481928,-0.92936803,34.31243127,-33.33333333,0.0,10.52631579,-161.31907308,35.69225553,-26.82926829,-0.35103588,0,-0.05067207,-0.92936803,0.00274725,0.03948119,0.01898062,0.04406196,0.48996631,-0.1685415,-0.09372071,0.09380863,0.0
DOLOTRY,2026-08-16 10:10:59,2026-08-16 10:10:59,2026-08-16 10:23:59,5.38244,5,1.069,0.09363296,-0.92678406,-1.47465438,-0.46554935,37.1170418,-15.15151515,15.78947368,9.19834308,-135.70127505,35.17385773,-14.28571429,-0.27365794,0,-0.01290676,-0.65055762,0.00280636,0.16326466,0.01808515,1.02338279,0.6102017,-0.25556275,0.18744142,0.28063611,1.0
DOLOTRY,2026-08-16 10:10:59,2026-08-16 10:10:59,2026-08-16 10:23:59,5.38244,10,1.085,0.0,0.83643123,0.83643123,1.97368421,53.83879186,66.66666667,100.0,95.65217391,116.78832117,33.21738565,60.60606061,-0.03376585,0,0.20618722,1.02420857,0.00217248,0.81309788,0.02342561,0.0,0.28497101,0.93735433,0.0,0.0,
XAITRY,2026-08-16 10:19:59,2026-08-16 10:22:59,2026-08-16 10:34:59,6.21266,0,0.3343,0.0,-0.14934289,-0.86002372,-0.77174236,42.65666342,-29.9270073,27.08333333,33.27020202,-138.90935888,33.31623574,-21.46341463,-0.18371486,0,-0.07357,-0.86002372,0.00438015,0.06522497,0.01401838,1.68160019,-0.02635823,-0.40979019,0.0,0.38887227,0.23076923
XAITRY,2026-08-16 10:19:59,2026-08-16 10:22:59,2026-08-16 10:34:59,6.21266,1,0.3343,-0.41703902,-0.5651398,-0.14934289,-0.83061406,42.65666343,-17.10526316,23.63636364,35.15151515,-142.30769231,30.86037699,-14.21800948,-0.15500778,0,-0.06585709,-0.80118694,0.00450835,0.02158655,0.01409766,0.64985338,0.02381001,-0.15561983,-0.41703902,0.41878552,0.0
XAITRY,2026-08-16 10:19:59,2026-08-16 10:22:59,2026-08-16 10:34:59,6.21266,3,0.3348,-0.4164188,0.0,-0.56430056,-0.88809947,43.61103144,-19.40298507,32.72727273,55.75757576,-138.0910937,30.12306919,-11.11111111,-0.11195373,0,-0.05487379,-0.71174377,0.00441628,0.03382359,0.01267487,1.43097581,0.05980172,-0.26052883,-0.29779631,0.53763441,0.11111111
XAITRY,2026-08-16 10:19:59,2026-08-16 10:22:59,2026-08-16 10:34:59,6.21266,5,0.3372,0.71684588,0.14850015,0.0,-0.4428698,52.06875173,3.22580645,76.36363636,37.6068775,-49.30921304,28.07578071,-10.05025126,-0.07145978,0,-0.04207785,0.0890472,0.00421539,0.53699477,0.01202975,1.71638997,0.20953098,0.0008606,0.38701995,0.80071174,0.88888889
XAITRY,2026-08-16 10:19:59,2026-08-16 10:22:59,2026-08-16 10:34:59,6.21266,10,0.3372,0.05934718,0.0,0.0890472,-0.17761989,50.80895428,-8.10810811,30.55555556,24.07407407,12.59519625,16.08209118,-10.75268817,0.05671973,0,0.00229253,-0.4428698,0.00394001,0.54314795,0.01306624,2.22877521,-0.08045054,0.61232572,0.0,0.23724792,0.5
HEMITRY,2026-08-16 10:22:59,2026-08-16 10:19:59,2026-08-16 10:37:59,6.69643,0,0.4034,0.1489573,-0.88452088,-0.51787916,-0.14851485,45.42933659,-0.69284065,12.84916201,15.08379888,-65.12767836,9.00781416,-2.96010296,-0.16356904,0,-0.19436031,-1.77745313,0.01375806,0.33394163,0.04092146,0.99752931,0.17150096,-0.18092847,0.12410027,0.79325731,0.71875
HEMITRY,2026-08-16 10:22:59,2026-08-16 10:19:59,2026-08-16 10:37:59,6.69643,1,0.4028,-0.5923001,-1.25030645,-0.93457944,-0.02482005,44.40093843,-2.79069767,9.4972067,24.13407821,-56.90414758,9.4172369,1.0230179,-0.09392365,0,-0.17693333,-1.2745098,0.01386722,0.27941776,0.04126393,1.0796294,0.15869333,-0.67362309,-0.5923001,0.64548163,0.03846154
HEMITRY,2026-08-16 10:22:59,2026-08-16 10:19:59,2026-08-16 10:37:59,6.69643,3,0.407,-0.22064231,0.09837678,-0.53763441,2.03058411,50.3837199,13.31719128,40.0,41.22972973,8.10179349,12.52043528,9.7135741,0.10193634,0,-0.08738422,0.96750186,0.01409266,0.4955235,0.04115744,1.14351393,0.22207228,-0.44705575,-0.22064231,0.46683047,0.31578947
HEMITRY,2026-08-16 10:22:59,2026-08-16 10:19:59,2026-08-16 10:37:59,6.69643,5,0.4055,-0.27053615,-0.90420332,-1.266131,-1.14578255,48.33989723,3.28227571,39.18918919,47.44744745,-55.78006368,16.05132613,1.67664671,0.1494711,0,-0.07957543,0.37128713,0.01470847,0.38808993,0.04298351,2.74790142,0.17625773,-0.54308524,0.0,1.28236745,0.84615385
HEMITRY,2026-08-16 10:22:59,2026-08-16 10:19:59,2026-08-16 10:37:59,6.69643,10,0.4107,0.66176471,1.88538824,1.65841584,-0.24289531,55.72751297,-2.29645094,62.61261261,69.66966967,21.9302362,20.47614158,-3.32005312,0.30455206,0,0.0384986,0.12189176,0.01309611,0.69730628,0.04324934,1.13176359,0.16280196,0.20641646,1.30735076,2.48356465,0.8627451
DOLOTRY,2026-08-16 10:38:59,2026-08-16 10:30:59,2026-08-16 10:43:59,11.9965,0,1.105,0.45454545,0.0,0.18132366,3.3676333,65.67436188,54.83870968,76.08695652,72.63336417,60.37374221,57.54107234,50.0,0.8010915,0,0.1516913,0.82116788,0.00607628,0.7486509,0.0667848,0.02732473,-0.23318911,0.54810556,0.36330609,0.63348416,1.0
DOLOTRY,2026-08-16 10:38:59,2026-08-16 10:30:59,2026-08-16 10:43:59,11.9965,1,1.1,-0.45248869,-0.45248869,0.18214936,3.38345865,62.17240371,52.54237288,65.2173913,74.49326755,58.99102445,54.27128091,50.56179775,0.82007847,0,0.18560214,1.38248848,0.00577922,0.70605902,0.0686795,0.21886743,-0.26515226,0.60630945,-0.1814882,0.18181818,0.0
DOLOTRY,2026-08-16 10:38:59,2026-08-16 10:30:59,2026-08-16 10:43:59,11.9965,3,1.105,0.0,0.63752277,-0.09041591,4.24528302,68.67863165,73.13432836,81.66666667,80.55555556,98.10737737,48.87162104,64.28571429,0.90454043,0,0.30454607,2.69516729,0.00633484,0.82717188,0.06742585,0.13874898,-0.22371642,-0.64274584,-0.27075812,0.45248869,0.0
DOLOTRY,2026-08-16 10:38:59,2026-08-16 10:30:59,2026-08-16 10:43:59,11.9965,5,1.103,0.45537341,-0.27124774,0.63868613,4.15486308,67.59249838,63.38028169,78.33333333,75.0,114.14761108,48.2827218,59.13978495,0.86184637,0,0.37250195,3.18054256,0.00602254,0.88244584,0.06212881,0.21127009,-0.21725918,-0.70439727,0.27272727,0.54397099,0.5
DOLOTRY,2026-08-16 10:38:59,2026-08-16 10:30:59,2026-08-16 10:43:59,11.9965,10,1.096,1.01382488,1.85873606,2.52572498,2.52572498,69.2544764,40.29850746,97.56097561,97.5203252,245.43946932,37.18649044,33.78378378,0.3217001,0,0.33926473,3.49386213,0.00482273,1.18578226,0.0351535,2.4334483,0.1178875,0.90428098,0.45829514,0.54744526,0.83333333
KAITOTRY,2026-08-16 10:38:59,2026-08-16 10:44:59,2026-08-16 10:53:59,7.30357,0,16.836,0.32177333,0.32177333,0.21428571,0.08917425,58.7782126,15.53398058,86.48648649,28.82882883,75.15576324,50.6174555,40.93959732,0.00183102,1,0.00209878,0.20832093,0.0012643,1.02538743,0.00389698,2.73528284,-0.37122431,0.61186613,0.31579575,0.3801378,1.0
KAITOTRY,2026-08-16 10:38:59,2026-08-16 10:44:59,2026-08-16 10:53:59,7.30357,1,16.782,0.0,-0.03573981,-0.10714286,-0.13092121,45.84925222,-23.07692308,0.0,0.0,-114.66865227,50.3242678,30.0,-0.03036156,0,-0.0193458,-0.30889866,0.00110663,0.19155336,0.00341579,0.96274258,-0.57388089,-0.24770839,-0.00595841,0.00595877,0.0
KAITOTRY,2026-08-16 10:38:59,2026-08-16 10:44:59,2026-08-16 10:53:59,7.30357,3,16.782,-0.03573981,-0.10714286,-0.0178731,-0.24964337,45.8492521,-2.97029703,0.0,9.83606557,-101.26227209,46.24563454,34.66666667,-0.01850715,0,-0.01737296,-0.14874755,0.00127688,0.16436767,0.0040778,0.32210957,-0.55222201,-0.95888915,-0.11308851,0.11321654,0.0
KAITOTRY,2026-08-16 10:38:59,2026-08-16 10:44:59,2026-08-16 10:53:59,7.30357,5,16.8,0.0,0.0893655,-0.00595203,0.01190618,49.82102974,0.81300813,24.59016393,31.14754098,-47.08798017,41.97290337,36.49851632,0.00072367,0,-0.00917867,-0.12484395,0.00143282,0.3955184,0.00381551,0.0,-0.54239759,-0.95806871,0.0,0.0,
KAITOTRY,2026-08-16 10:38:59,2026-08-16 10:44:59,2026-08-16 10:53:59,7.30357,10,16.801,-0.19603184,-0.03569941,-0.118899,0.02976899,49.7096454,2.34113712,20.96774194,37.6344086,-5.46932742,31.80668013,32.64781491,0.02798368,0,0.00015351,0.01785927,0.00165381,0.48787015,0.00539727,0.23932893,-0.32931331,-0.19065353,-0.01190264,0.01190405,0.0
RONINTRY,2026-08-16 11:04:59,2026-08-16 11:05:59,2026-08-16 11:19:59,6.99588,0,2.43,0.0,-0.40983607,-0.40983607,0.82987552,49.30123131,20.0,25.0,38.33333333,13.42281879,40.36423894,14.28571429,0.03431264,0,0.04949624,0.41322314,0.00205761,0.625,0.01980198,0.21429272,-0.57230001,-0.18426046,0.41322314,0.41152263,1.0
RONINTRY,2026-08-16 11:04:59,2026-08-16 11:05:59,2026-08-16 11:19:59,6.99588,1,2.43,0.0,-0.81632653,-0.40983607,1.25,49.30123133,33.33333333,40.0,52.22222222,28.98550725,40.23668792,42.85714286,0.05134905,0,0.06935673,0.41322314,0.00205761,0.61053183,0.02052358,0.68838689,-0.56794286,-0.19011906,0.0,0.0,
RONINTRY,2026-08-16 11:04:59,2026-08-16 11:05:59,2026-08-16 11:19:59,6.99588,3,2.44,-0.40816327,0.0,0.82644628,1.24481328,53.73008194,42.85714286,66.66666667,83.33333333,111.80124224,36.97138179,37.5,0.10209039,0,0.13097664,0.82644628,0.00234192,0.8114988,0.02052358,2.34364244,-0.51153809,0.06310135,-0.40816327,0.40983607,0.0
RONINTRY,2026-08-16 11:04:59,2026-08-16 11:05:59,2026-08-16 11:19:59,6.99588,5,2.44,0.0,0.82644628,0.82644628,0.0,54.80022421,33.33333333,100.0,91.66666667,93.88185654,31.29110968,14.28571429,-0.02068153,0,0.09293315,1.24481328,0.00204918,0.83333333,0.01980198,0.0,-0.41656583,1.0,0.0,0.0,
RONINTRY,2026-08-16 11:04:59,2026-08-16 11:05:59,2026-08-16 11:19:59,6.99588,10,2.42,0.0,0.0,0.41493776,-2.41935484,46.60405183,-33.33333333,40.0,29.07407407,-49.7659522,31.59902232,-41.66666667,-0.30824683,0,-0.08189406,-0.81967213,0.00354191,0.35235731,0.04448676,0.03538547,-0.21854815,0.52694323,0.0,0.0,
COTITRY,2026-08-16 11:19:59,2026-08-16 11:19:59,2026-08-16 11:34:59,6.98859,0,0.4908,-0.08143322,0.4091653,0.63563666,1.36307311,72.12678252,64.44444444,93.5483871,97.84946237,122.43851145,61.86821681,65.30612245,0.33579965,0,0.09298718,0.71824338,0.00142624,0.90310245,0.02015303,6.77836813,0.55746343,-0.12590199,-0.08143322,0.20374898,0.6
COTITRY,2026-08-16 11:19:59,2026-08-16 11:19:59,2026-08-16 11:34:59,6.98859,1,0.4912,0.16313214,0.7176543,0.55271238,1.59255429,75.44379595,74.46808511,100.0,100.0,140.02057613,56.60461137,75.0,0.31946174,0,0.09593024,1.19489081,0.001396,0.99069829,0.01989944,2.07357985,0.67124126,0.82639328,0.18356109,0.18322476,1.0
COTITRY,2026-08-16 11:19:59,2026-08-16 11:19:59,2026-08-16 11:34:59,6.98859,3,0.4888,0.22554849,0.06141249,0.16393443,1.09617373,67.51732873,68.83116883,100.0,89.33333333,111.13103778,47.09384816,70.88607595,0.23524344,0,0.06652228,0.78350515,0.00115443,0.87221703,0.01686906,0.01848476,-0.19513043,-0.68722895,0.0,0.0,
COTITRY,2026-08-16 11:19:59,2026-08-16 11:19:59,2026-08-16 11:34:59,6.98859,5,0.4877,-0.16376663,-0.06147541,0.08208496,0.99399462,62.49361291,42.10526316,84.0,94.66666667,98.66102889,39.06539353,57.69230769,0.23125184,0,0.08427236,0.7228418,0.00114239,0.80698549,0.01550256,0.24490056,0.14601372,0.70499254,0.02050861,0.02050441,1.0
COTITRY,2026-08-16 11:19:59,2026-08-16 11:19:59,2026-08-16 11:34:59,6.98859,10,0.4873,0.39142975,0.4742268,0.64023131,0.70262451,66.43373404,28.57142857,100.0,100.0,203.27868852,26.56430305,32.22222222,0.08402867,0,0.06027532,0.91116173,0.00131922,1.21044134,0.00810538,0.10173457,-0.37829011,1.0,0.30876904,0.30781859,1.0
FORMTRY,2026-08-16 11:26:59,2026-08-16 11:26:59,2026-08-16 11:41:59,5.27404,0,9.67,0.0,0.41536864,0.41536864,0.31120332,74.77683403,27.27272727,70.0,71.66666667,166.66666667,45.44217687,42.85714286,0.0840522,0,0.05944788,0.62434964,0.00103413,1.0161854,0.0081479,0.0,-0.75740774,1.0,0.0,0.0,
FORMTRY,2026-08-16 11:26:59,2026-08-16 11:26:59,2026-08-16 11:41:59,5.27404,1,9.67,0.41536864,0.41536864,0.62434964,0.31120332,74.77683401,27.27272727,70.0,73.33333333,229.65440357,49.52380952,42.85714286,0.04641029,1,0.04353114,0.72916667,0.00103413,1.10024505,0.00726749,59.32071821,-0.75740774,1.0,0.0,0.31023785,0.0
FORMTRY,2026-08-16 11:26:59,2026-08-16 11:26:59,2026-08-16 11:41:59,5.27404,3,9.63,0.0,0.20811655,0.20811655,-0.10373444,54.74948572,-14.28571429,75.0,75.0,14.38848921,59.72789116,-14.28571429,-0.01690691,0,0.01033021,-0.10373444,0.00051921,0.54934638,0.00631502,0.0,0.0,1.0,0.0,0.0,
FORMTRY,2026-08-16 11:26:59,2026-08-16 11:26:59,2026-08-16 11:41:59,5.27404,5,9.63,0.20811655,0.20811655,0.20811655,-0.10373444,54.74948573,-14.28571429,75.0,41.66666667,11.69590643,71.97278912,-14.28571429,-0.04894378,0,-0.00900302,-0.10373444,0.00051921,0.54044905,0.00641975,0.20054792,0.0,1.0,0.0,0.0,
FORMTRY,2026-08-16 11:26:59,2026-08-16 11:26:59,2026-08-16 11:41:59,5.27404,10,9.61,0.10416667,-0.31120332,-0.31120332,-0.20768432,35.8004513,-33.33333333,25.0,8.33333333,-121.21212121,78.41269841,-33.33333333,-0.05763624,0,-0.03623466,-0.31120332,0.00044596,0.15496722,0.00601926,0.13263129,0.0,-0.97033766,0.0,0.0,
DOLOTRY,2026-08-16 11:38:59,2026-08-16 11:41:59,2026-08-16 11:53:59,5.03202,0,1.091,0.0,-0.18298262,-0.99818512,-2.76292335,36.5675187,-36.70886076,14.70588235,14.04983046,-97.83845279,52.00765493,-27.53623188,-0.87699801,0,0.0091273,-0.63752277,0.00903496,0.20010164,0.04447961,0.91213998,-0.26451358,-0.22080086,0.18365473,0.45829514,0.6
DOLOTRY,2026-08-16 11:38:59,2026-08-16 11:41:59,2026-08-16 11:53:59,5.03202,1,1.091,0.0,-1.08794198,-0.63752277,-2.67618198,36.56751874,-38.27160494,14.28571429,15.13077566,-102.98269932,49.59652146,-28.77697842,-0.8930832,0,6.368e-05,-1.88848921,0.00910043,0.17358232,0.04591467,0.72882914,-0.17465325,0.14657975,0.0,0.27497709,0.33333333
DOLOTRY,2026-08-16 11:38:59,2026-08-16 11:41:59,2026-08-16 11:53:59,5.03202,3,1.093,-0.90661831,-0.45537341,0.0,-2.84444444,37.39854454,-31.70731707,17.94871795,33.21123321,-105.85424134,45.30899227,-24.64788732,-0.87136657,0,0.01639927,-1.62016202,0.00927983,0.14075433,0.04127306,0.31944722,-0.23819036,0.22581011,-0.63636364,0.64043916,0.0
DOLOTRY,2026-08-16 11:38:59,2026-08-16 11:41:59,2026-08-16 11:53:59,5.03202,5,1.102,0.36429872,0.82342177,0.36429872,-2.30496454,41.16559799,-29.87012987,38.0952381,35.12265512,-101.17603136,40.5749882,-25.89928058,-0.92881631,0,-0.01229485,-1.78253119,0.00900959,0.28377796,0.03952885,1.11403151,-0.27707567,-0.35864409,0.27297543,0.90744102,1.0
DOLOTRY,2026-08-16 11:38:59,2026-08-16 11:41:59,2026-08-16 11:53:59,5.03202,10,1.098,-1.25899281,-1.17011701,-2.13903743,-2.13903743,34.94560091,-29.26829268,13.15789474,13.36032389,-167.14579055,31.15276767,-22.96296296,-0.93935842,0,-0.09105155,-2.65957447,0.0087822,-0.00966992,0.03948447,1.97348323,-0.14729697,-0.73124542,-1.25899281,1.73041894,0.26315789
RONINTRY,2026-08-16 11:53:59,2026-08-16 11:54:59,2026-08-16 12:08:59,5.76132,0,2.42,-0.41152263,-0.81967213,-2.81124498,-6.20155039,37.44381322,-41.93548387,0.0,4.54545455,-82.64874284,47.69549945,-20.68965517,-1.75464253,0,-0.54146134,-3.2,0.01711924,0.2542192,0.17920453,0.49301954,-0.21916068,-0.58720485,-0.81967213,0.82644628,0.0
RONINTRY,2026-08-16 11:53:59,2026-08-16 11:54:59,2026-08-16 12:08:59,5.76132,1,2.43,-1.2195122,-1.2195122,-0.40983607,-8.30188679,38.42074938,-45.45454545,0.0,5.99472991,-75.16864761,43.58294534,-23.80952381,-1.69357699,0,-0.57850306,-2.40963855,0.01851852,0.26200802,0.20165455,0.31253393,-0.1334002,-0.16484909,-0.81632653,1.2345679,0.0
RONINTRY,2026-08-16 11:53:59,2026-08-16 11:54:59,2026-08-16 12:08:59,5.76132,3,2.44,-0.81300813,0.0,-1.61290323,-10.62271062,38.44548328,-60.0,4.34782609,7.2230014,-77.72709996,35.45858122,-27.77777778,-1.68332413,0,-0.75054724,-3.93700787,0.02107728,0.23781928,0.21255398,0.26534776,-0.02831723,-0.69240357,-1.2145749,2.04918033,0.2
RONINTRY,2026-08-16 11:53:59,2026-08-16 11:54:59,2026-08-16 12:08:59,5.76132,5,2.49,2.04918033,0.40322581,-0.4,-12.32394366,43.35819382,-73.58490566,10.86956522,5.07246377,-73.59105729,28.20459228,-38.54166667,-1.557716,0,-0.88495395,-3.48837209,0.02753873,0.29258977,0.20042618,0.24889433,0.02682294,-0.61217241,1.2195122,1.20481928,1.0
RONINTRY,2026-08-16 11:53:59,2026-08-16 11:54:59,2026-08-16 12:08:59,5.76132,10,2.5,0.40160643,-1.57480315,-3.10077519,-1.57480315,41.59933008,-8.10810811,9.09090909,5.3030303,-84.62332301,28.37237313,-3.22580645,-0.84282886,0,-1.23445695,-11.97183099,0.03542857,0.25768874,0.17922549,0.3994226,0.04398021,-0.49849398,0.80645161,1.2,1.0
HEMITRY,2026-08-16 12:41:59,2026-08-16 12:42:59,2026-08-16 12:51:59,5.25367,0,0.3874,-0.23177955,-1.19867381,-0.48805548,-1.14825211,36.79152614,-28.35820896,18.6440678,27.78331672,-171.52819688,40.86154432,-19.86899563,-0.43827611,0,-0.06576292,-1.22386537,0.00844458,0.00565189,0.02343168,1.43916234,-0.09110042,-0.04390167,0.10335917,1.39390811,0.40740741
HEMITRY,2026-08-16 12:41:59,2026-08-16 12:42:59,2026-08-16 12:51:59,5.25367,1,0.3883,-0.91860168,-0.51242634,-0.38481272,-0.30808729,38.41953485,-17.64705882,14.70588235,38.88888889,-146.41885766,42.88301642,-17.25768322,-0.37373411,0,-0.03175405,-1.99394245,0.00778117,0.02614628,0.02149115,1.84079894,-0.06379193,-0.09550299,-0.94387755,1.36492403,0.28301887
HEMITRY,2026-08-16 12:41:59,2026-08-16 12:42:59,2026-08-16 12:51:59,5.25367,3,0.3921,0.4611837,0.59004618,-0.3051106,-0.70904026,46.44719592,-12.90322581,51.96078431,36.92810458,-62.97229219,46.03379966,-21.56862745,-0.35353836,0,-0.02104897,-0.2543882,0.00836157,0.42790972,0.01978311,1.21093276,0.06532568,-0.16501771,0.4611837,0.73960724,0.93103448
HEMITRY,2026-08-16 12:41:59,2026-08-16 12:42:59,2026-08-16 12:51:59,5.25367,5,0.3893,-0.12827091,-1.01703534,-0.73941866,-1.31812421,38.45538685,-21.21212121,24.50980392,30.06535948,-165.70380559,39.40464758,-21.49321267,-0.41233493,0,-0.07437617,-0.66343455,0.00810979,0.02444003,0.01908143,2.43568552,-0.04785234,-0.58067406,-0.40931184,0.61649114,0.16666667
HEMITRY,2026-08-16 12:41:59,2026-08-16 12:42:59,2026-08-16 12:51:59,5.25367,10,0.3922,-1.00959112,-0.22894938,0.07655014,-1.63029847,43.47653991,-7.90697674,45.45454545,56.33402963,-50.62698261,33.95191269,-9.97679814,-0.27359425,0,-0.00086756,-0.58301648,0.00784949,0.27387484,0.03284836,0.57063876,0.02729545,0.17541078,-0.70886076,0.76491586,0.06666667
MOVRTRY,2026-08-16 12:52:59,2026-08-16 12:57:59,2026-08-16 13:07:59,9.30233,0,38.5,-0.25906736,-0.25906736,-0.51679587,-1.78571429,35.05552412,-57.14285714,14.28571429,13.0952381,-101.13519092,76.36924,-50.0,-0.44140595,0,-0.13316311,-0.51679587,0.00333952,0.17734973,0.03226395,1.9833448,0.048841,-0.70793722,-0.25906736,0.51948052,0.5
MOVRTRY,2026-08-16 12:52:59,2026-08-16 12:57:59,2026-08-16 13:07:59,9.30233,1,38.6,0.0,-0.25839793,-0.25839793,-1.53061224,37.92214783,-42.85714286,12.5,12.5,-85.72008938,74.75751839,-44.44444444,-0.4221636,0,-0.13882374,-0.77120823,0.00333087,0.22672897,0.03334813,0.09389618,0.13631037,-0.30231695,0.0,0.0,
MOVRTRY,2026-08-16 12:52:59,2026-08-16 12:57:59,2026-08-16 13:07:59,9.30233,3,38.6,-0.25839793,-0.25839793,0.0,-2.27848101,37.92214793,-42.85714286,12.5,18.24074074,-95.18304432,69.40037553,-47.36842105,-0.41594743,0,-0.17804686,-1.27877238,0.00351591,0.17678861,0.03526208,0.4580272,0.12877924,-0.33535486,0.0,0.25906736,0.0
MOVRTRY,2026-08-16 12:52:59,2026-08-16 12:57:59,2026-08-16 13:07:59,9.30233,5,38.7,0.0,0.25906736,0.0,-2.02531646,40.57896148,-50.0,20.0,26.66666667,-101.66860691,60.46722535,-55.0,-0.39416327,0,-0.2171691,-1.2755102,0.0036914,0.18450509,0.03483102,0.1571107,-0.07158059,-0.7077779,0.0,0.0,
MOVRTRY,2026-08-16 12:52:59,2026-08-16 12:57:59,2026-08-16 13:07:59,9.30233,10,38.7,-0.51413882,-1.0230179,-1.2755102,-2.27272727,36.34053549,-44.44444444,0.0,0.0,-186.49517685,39.86848586,-52.0,-0.20573566,0,-0.30048528,-2.02531646,0.00461425,-0.12092042,0.02620051,1.97318482,-0.09881643,-0.44470641,-0.51413882,0.51679587,0.0
ALICETRY,2026-08-16 13:00:59,2026-08-16 13:00:59,2026-08-16 13:15:59,6.41628,0,6.39,0.0,0.47169811,-0.31201248,-1.54083205,50.99138717,-18.51851852,30.76923077,23.58974359,-64.25702811,18.66756098,-13.88888889,0.0094669,0,-0.1673377,-0.31201248,0.00402414,0.36078849,0.02241284,0.39164103,-0.06327601,-0.40064869,0.0,0.31298905,1.0
ALICETRY,2026-08-16 13:00:59,2026-08-16 13:00:59,2026-08-16 13:15:59,6.41628,1,6.39,0.31397174,0.15673981,-0.46728972,-0.77639752,50.99138719,-31.25,26.66666667,15.55555556,-67.82945736,17.01314922,-16.66666667,0.01775787,0,-0.18734231,-0.62208398,0.00469484,0.37067347,0.02292322,0.59128449,-0.06062494,-0.55521073,0.31397174,0.46948357,1.0
ALICETRY,2026-08-16 13:00:59,2026-08-16 13:00:59,2026-08-16 13:15:59,6.41628,3,6.36,-0.31347962,-0.93457944,-0.7800312,-0.46948357,46.2475862,-13.51351351,6.66666667,15.55555556,-112.70190896,16.48511439,-4.25531915,0.08995365,0,-0.20090159,-1.70015456,0.00527853,0.19570204,0.02410705,0.37637123,-0.17172474,-0.71433988,0.0,0.1572327,1.0
ALICETRY,2026-08-16 13:00:59,2026-08-16 13:00:59,2026-08-16 13:15:59,6.41628,5,6.41,-0.15576324,0.0,0.0,0.62794349,53.55133702,20.0,40.0,52.54901961,19.2165558,20.39535996,16.32653061,0.28830095,0,-0.12129188,-1.23266564,0.00546022,0.51328735,0.02348925,0.78045499,-0.00232059,-0.3956969,-0.15576324,0.31201248,0.0
ALICETRY,2026-08-16 13:00:59,2026-08-16 13:00:59,2026-08-16 13:15:59,6.41628,10,6.41,-0.31104199,-0.92735703,-1.23266564,0.31298905,54.65748494,7.31707317,47.05882353,50.98039216,2.88600289,32.25570436,3.84615385,0.49131963,0,-0.07070046,0.62794349,0.00579452,0.5058617,0.02661865,0.73496149,0.00348966,-0.57997011,-0.15576324,0.31201248,0.5
MOVRTRY,2026-08-16 13:22:59,2026-08-16 13:19:59,2026-08-16 13:34:59,8.90585,0,39.1,-0.50890585,-2.00501253,-1.51133501,0.77319588,44.14125897,1.33333333,0.0,10.06435006,-55.02392344,41.88769624,7.33944954,-0.05784588,0,-0.38770093,-5.55555556,0.01991231,0.31556231,0.09736652,0.77689011,-0.11396198,-0.69551203,-0.50890585,1.0230179,0.0
MOVRTRY,2026-08-16 13:22:59,2026-08-16 13:19:59,2026-08-16 13:34:59,8.90585,1,39.3,-0.75757576,-0.50632911,-1.5037594,1.28865979,46.15796594,6.66666667,8.57142857,19.97425997,-36.03603604,42.64319074,10.28037383,0.13814411,0,-0.3143832,-5.52884615,0.01944747,0.37084188,0.09822726,1.50886018,-0.07607477,-0.69148719,-1.00755668,1.27226463,0.2
MOVRTRY,2026-08-16 13:22:59,2026-08-16 13:19:59,2026-08-16 13:34:59,8.90585,3,39.9,1.01265823,0.0,0.25125628,2.83505155,52.61528622,15.94202899,29.72972973,24.32432432,6.80272109,40.70360028,15.15151515,0.46809768,0,-0.17721724,-0.74626866,0.01772288,0.54525041,0.10573803,0.58167177,-0.02765574,-0.11433101,1.01265823,1.00250627,1.0
MOVRTRY,2026-08-16 13:22:59,2026-08-16 13:19:59,2026-08-16 13:34:59,8.90585,5,39.7,-0.50125313,-0.25125628,-4.10628019,2.05655527,50.43456115,9.09090909,24.32432432,29.98382998,16.36822349,38.17685188,17.20430108,0.7661288,0,-0.03611364,2.31958763,0.01673264,0.52273667,0.11106519,0.8773021,-0.05364357,-0.57515746,-0.50125313,0.75566751,0.0
MOVRTRY,2026-08-16 13:22:59,2026-08-16 13:19:59,2026-08-16 13:34:59,8.90585,10,41.4,-0.48076923,2.98507463,6.70103093,7.25388601,72.22324861,53.84615385,73.17073171,82.88513654,190.09085747,41.72211329,49.29577465,1.79279212,0,0.84587913,6.42673522,0.01224983,0.98427104,0.11200314,4.83875498,-0.00981504,-0.23661279,-0.24096386,2.41545894,0.4
RVNTRY,2026-08-16 13:26:59,2026-08-16 13:26:59,2026-08-16 13:41:59,8.05215,0,0.1304,-0.15313936,-0.15313936,-0.15313936,0.0,44.28895445,-100.0,0.0,22.22222222,-48.99930987,65.81632653,-100.0,0.04647075,0,-0.02070983,-0.22953328,0.00016433,0.34924433,0.00609861,1.17292261,0.44333479,-1.0,0.0,0.0,
RVNTRY,2026-08-16 13:26:59,2026-08-16 13:26:59,2026-08-16 13:41:59,8.05215,1,0.1306,0.0,0.0,0.0,0.15337423,72.78979685,50.0,0.0,44.44444444,35.40903541,62.24489796,50.0,0.0688134,0,-0.00900025,-0.07651109,0.00021877,0.60900116,0.00667829,0.0,0.47070308,,0.0,0.0,
RVNTRY,2026-08-16 13:26:59,2026-08-16 13:26:59,2026-08-16 13:41:59,8.05215,3,0.1306,0.0,0.0,0.0,0.38431975,72.78979661,71.42857143,66.66666667,77.77777778,43.58974359,58.67346939,71.42857143,0.08124657,0,-0.00348568,-0.07651109,0.00038285,0.64608718,0.00734579,0.0,0.22969181,,0.0,0.0,
RVNTRY,2026-08-16 13:26:59,2026-08-16 13:26:59,2026-08-16 13:41:59,8.05215,5,0.1306,0.0,0.0,-0.07651109,0.38431975,72.78979667,71.42857143,83.33333333,83.33333333,53.04136253,54.59183673,71.42857143,0.09515343,0,0.0048981,0.15337423,0.00038285,0.6828,0.00755009,0.0,0.22969181,-1.0,0.0,0.0,
RVNTRY,2026-08-16 13:26:59,2026-08-16 13:26:59,2026-08-16 13:41:59,8.05215,10,0.1307,0.0,0.0,0.23006135,0.38402458,87.1887362,71.42857143,100.0,100.0,124.1673328,43.36734694,71.42857143,0.13305998,0,0.0434543,0.4611837,0.00038256,0.90656247,0.00717208,0.0,0.82060465,1.0,0.0,0.0,
SYRUPTRY,2026-08-16 13:38:59,2026-08-16 13:38:59,2026-08-16 13:53:59,26.0078,0,7.69,-0.02600104,-0.02600104,-0.15580369,0.29998696,72.43048068,46.93877551,63.88888889,67.59259259,72.87449393,86.1795174,45.09803922,0.13248409,0,0.01779077,0.29998696,0.00047371,0.75465786,0.00693141,0.92578728,-0.25798264,-0.25096334,0.0,0.0,
SYRUPTRY,2026-08-16 13:38:59,2026-08-16 13:38:59,2026-08-16 13:53:59,26.0078,1,7.692,0.0,-0.14280151,0.06504488,0.32607278,76.29502983,53.19148936,69.44444444,69.44444444,94.95295124,89.96960486,51.02040816,0.14082394,0,0.0259949,0.32607278,0.00045502,0.81935428,0.00681316,0.0,-0.22910952,-0.03773789,0.0,0.0,
SYRUPTRY,2026-08-16 13:38:59,2026-08-16 13:38:59,2026-08-16 13:53:59,26.0078,3,7.692,-0.14280151,0.06504488,0.32607278,0.32607278,76.29502987,53.19148936,69.44444444,89.81481481,147.45278876,96.65653495,51.02040816,0.14678698,0,0.03887623,0.32607278,0.00045502,0.87469819,0.00734099,6.98234833,-0.25113074,0.3540787,0.0,0.07800312,0.16666667
SYRUPTRY,2026-08-16 13:38:59,2026-08-16 13:38:59,2026-08-16 13:53:59,26.0078,5,7.702,0.19513464,0.45650189,0.45650189,0.45650189,99.71901403,100.0,100.0,81.74603175,331.63107397,100.0,97.22222222,0.11918053,0,0.03302512,0.45650189,0.00033387,1.2301761,0.00644038,3.01238432,-0.42783586,1.0,0.01298533,0.01298364,1.0
SYRUPTRY,2026-08-16 13:38:59,2026-08-16 13:38:59,2026-08-16 13:53:59,26.0078,10,7.667,0.0,0.0,0.0,0.24843096,98.35016513,100.0,100.0,100.0,60.60606061,78.57142857,100.0,0.0692376,0,0.00613365,0.0,0.00017701,0.72613351,0.00493697,0.0,0.0,,0.0,0.0,
DODOTRY,2026-08-16 13:43:59,2026-08-16 13:58:59,2026-08-16 13:58:59,6.35186,0,1.0024,4.68929504,4.68929504,4.71116682,4.72210614,96.51884292,95.76271186,77.05882353,66.95611578,647.68866468,43.30424972,86.15384615,0.53536426,0,0.27725008,4.83162518,0.00509492,1.58614252,0.04134523,337.23740515,0.52127895,0.99834643,4.97434286,6.78371907,0.77058824
DODOTRY,2026-08-16 13:43:59,2026-08-16 13:58:59,2026-08-16 13:58:59,6.35186,1,0.9575,0.0,0.02089209,0.02089209,0.03134141,59.14150388,13.04347826,61.9047619,64.34676435,33.50664356,37.61972591,31.42857143,0.02492067,0,-0.01080473,0.13595482,0.0002611,0.57734932,0.00418704,0.0,0.16688154,0.21198232,0.0,0.0,
DODOTRY,2026-08-16 13:43:59,2026-08-16 13:58:59,2026-08-16 13:58:59,6.35186,3,0.9575,0.02089209,0.02089209,0.13595482,0.02089209,59.14150183,47.36842105,69.23076923,64.1025641,6.54608096,35.76515884,58.33333333,0.01987205,0,-0.01756235,0.03134141,0.00035808,0.51353745,0.00540075,0.10415829,0.09557892,0.84313137,0.0,0.0,
DODOTRY,2026-08-16 13:43:59,2026-08-16 13:58:59,2026-08-16 13:58:59,6.35186,5,0.9573,0.0,0.11503869,0.11503869,-0.26047093,57.51462867,-30.66666667,61.53846154,38.25307484,-18.10762561,34.08006703,-15.29411765,0.01111077,0,-0.02949695,0.01044714,0.00063422,0.43620568,0.00621987,0.0,0.09096776,0.71446635,0.0,0.0,
DODOTRY,2026-08-16 13:43:59,2026-08-16 13:58:59,2026-08-16 13:58:59,6.35186,10,0.9562,0.0,-0.10447137,-0.10447137,-0.38545682,48.48137452,-55.2238806,11.9047619,19.84126984,-83.0758668,54.66817697,-55.2238806,0.02439786,0,-0.05540847,-0.37507814,0.00050049,0.19801263,0.00661854,0.0,0.55367596,-0.95099689,0.0,0.0,
CHIPTRY,2026-08-16 13:50:59,2026-08-16 13:50:59,2026-08-16 14:03:59,5.05065,0,1.4018,-0.58156028,-0.57450883,-0.52512064,0.16434441,50.97984734,1.4084507,41.58415842,70.0770077,19.21180467,25.4716008,2.56880734,0.24937261,0,0.0256845,0.70402299,0.00555408,0.47920455,0.0178315,0.55954846,-0.16039979,-0.32976896,-0.53923655,0.69910116,0.18367347
CHIPTRY,2026-08-16 13:50:59,2026-08-16 13:50:59,2026-08-16 14:03:59,5.05065,1,1.41,-0.2758328,0.55626872,0.44165836,0.71428571,58.26745057,18.38879159,68.64686469,88.45861222,129.53459958,25.5461114,8.13165537,0.31465508,0,0.07347029,1.35863705,0.00523303,0.8086704,0.01877669,2.78438051,-0.12970242,-0.22628662,-0.23349607,0.9858156,0.31654676
CHIPTRY,2026-08-16 13:50:59,2026-08-16 13:50:59,2026-08-16 14:03:59,5.05065,3,1.4099,0.54913707,0.43453483,0.32733224,-0.04962427,59.60119454,11.81988743,96.72897196,78.43685166,75.00209855,25.46059255,-1.88679245,0.25175264,0,0.05538882,0.78633212,0.00510168,0.89525493,0.0184278,1.28642537,-0.15812921,-0.01357079,0.56348074,0.99297823,0.95
CHIPTRY,2026-08-16 13:50:59,2026-08-16 13:50:59,2026-08-16 14:03:59,5.05065,5,1.4092,0.38467018,0.27752081,1.23563218,1.1702204,61.17147627,19.24398625,82.30452675,66.16146408,114.95515285,26.34891321,21.62162162,0.22818457,0,0.05412966,0.69310468,0.00543875,0.91060582,0.01959908,0.25740119,-0.13449254,0.59841514,0.21334092,0.26965654,0.78947368
CHIPTRY,2026-08-16 13:50:59,2026-08-16 13:50:59,2026-08-16 14:03:59,5.05065,10,1.392,0.064697,-0.49324469,-0.53590568,0.74545849,47.77981096,13.53383459,25.60553633,31.52182259,-40.89740057,26.72948401,13.03501946,0.0186098,0,-0.07671192,-0.0646134,0.00527504,0.3734713,0.01846603,1.32987631,-0.07230103,-0.17259684,-0.05026208,0.13649425,0.31578947
DOLOTRY,2026-08-16 13:56:59,2026-08-16 13:56:59,2026-08-16 14:11:59,5.42907,0,1.142,-0.26200873,-1.7211704,-2.30966638,-0.95403296,39.37628674,-16.41791045,5.40540541,14.3018018,-142.52378388,26.53507158,-8.49056604,-0.09573484,0,-0.08121509,-0.95403296,0.00662997,0.0500768,0.02701228,0.87402937,-0.12916689,-1.0,-0.17482517,0.61295972,0.28571429
DOLOTRY,2026-08-16 13:56:59,2026-08-16 13:56:59,2026-08-16 14:11:59,5.42907,1,1.145,-1.03716508,-1.54772141,-2.22032451,-1.20793788,41.09591259,-12.5,0.0,30.20833333,-80.90792605,28.62147833,-4.0,0.05537425,0,0.00759601,-0.17436792,0.0062383,0.11467598,0.02547302,3.43861052,-0.07662414,-1.0,-1.03716508,1.04803493,0.0
DOLOTRY,2026-08-16 13:56:59,2026-08-16 13:56:59,2026-08-16 14:11:59,5.42907,3,1.162,-0.08598452,-0.76857387,-0.08598452,0.51903114,53.02480786,15.25423729,53.125,61.45833333,64.17624521,33.32660897,13.54166667,0.29131384,0,0.18324625,0.78057242,0.00590116,0.69453544,0.02936384,1.09645701,0.20756346,0.38385736,0.0,0.4302926,0.6
DOLOTRY,2026-08-16 13:56:59,2026-08-16 13:56:59,2026-08-16 14:11:59,5.42907,5,1.169,-0.17079419,0.51590714,1.3876843,1.82926829,58.8395948,19.29824561,75.0,80.97222222,171.22302158,31.72499564,25.26315789,0.32450253,0,0.26543802,1.3876843,0.00580472,0.92873777,0.0317516,0.87211132,0.16656631,0.64526778,-0.42589438,0.427716,0.0
DOLOTRY,2026-08-16 13:56:59,2026-08-16 13:56:59,2026-08-16 14:11:59,5.42907,10,1.153,0.52310375,0.0,0.0,0.78671329,48.79545893,11.47540984,71.42857143,58.33333333,59.51667665,20.51159002,12.5,-0.12916086,0,0.11209565,0.43554007,0.00594722,0.6596579,0.0226253,0.13789198,0.14851489,-0.74354905,-0.08665511,0.08673027,0.0
GPSTRY,2026-08-16 14:18:59,2026-08-16 14:19:59,2026-08-16 14:21:59,7.48988,0,0.486,-1.6194332,-8.81801126,-8.81801126,-8.81801126,4.19605646,-95.91836735,15.78947368,37.00918964,-409.44392669,51.40236422,-74.02597403,-1.5738868,0,-0.90083728,-8.81801126,0.01131687,-0.32280729,0.09805114,2.80586109,-0.30569015,-1.0,-1.2195122,3.08641975,0.6
GPSTRY,2026-08-16 14:18:59,2026-08-16 14:19:59,2026-08-16 14:21:59,7.48988,1,0.494,-7.31707317,-7.31707317,-7.14285714,-7.31707317,5.02836845,-95.12195122,28.57142857,53.96825397,-666.66666667,45.37724181,-93.33333333,-0.8335317,0,-0.49737338,-7.31707317,0.00867553,-0.585631,0.06434508,409.79860429,-0.3803689,-0.97038741,-7.14285714,10.93117409,0.2962963
GPSTRY,2026-08-16 14:18:59,2026-08-16 14:19:59,2026-08-16 14:21:59,7.48988,3,0.533,0.0,0.18796992,0.18796992,-0.18726592,49.25624041,-33.33333333,66.66666667,66.66666667,-10.98901099,38.58070501,-33.33333333,-0.04662281,0,-0.0036841,0.0,0.00080407,0.45603422,0.00639922,0.0,0.26052223,1.0,0.0,0.0,
GPSTRY,2026-08-16 14:18:59,2026-08-16 14:19:59,2026-08-16 14:21:59,7.48988,5,0.533,0.18796992,0.18796992,0.0,-0.37383178,49.25624034,-33.33333333,66.66666667,41.66666667,-17.79935275,35.11750155,-33.33333333,-0.07300035,0,-0.02352539,0.0,0.00080407,0.42957048,0.00665663,4.04784114,0.28934412,0.88124205,0.0,0.0,
GPSTRY,2026-08-16 14:18:59,2026-08-16 14:19:59,2026-08-16 14:21:59,7.48988,10,0.533,0.0,0.0,0.0,-0.55970149,45.90985001,-20.0,50.0,46.66666667,-37.03703704,21.27705628,-30.0,-0.04013675,0,-0.02997105,-0.37383178,0.00134012,0.29374284,0.00817285,2.67786009,0.35667588,0.0,-0.18726592,0.18761726,0.0
EDENTRY,2026-08-16 14:21:59,2026-08-16 14:21:59,2026-08-16 14:34:59,5.09259,0,2.16,-0.27700831,-0.68965517,-0.32302723,0.6993007,58.74546591,23.80952381,51.61290323,66.7281106,68.02449414,35.51607424,36.92307692,0.34088483,0,0.0528328,0.6993007,0.00214947,0.67946576,0.01889547,1.21135124,0.40340961,-0.03075191,-0.13869626,0.13888889,0.0
EDENTRY,2026-08-16 14:21:59,2026-08-16 14:21:59,2026-08-16 14:34:59,5.09259,1,2.166,0.0,-0.04614675,0.65055762,0.97902098,66.2567854,36.84210526,74.28571429,82.85714286,120.95179655,36.02627832,39.0625,0.38347112,0,0.08881215,0.60380864,0.00211054,0.8449039,0.01920105,0.11437716,0.47644126,0.77059214,-0.04614675,0.04616805,0.0
EDENTRY,2026-08-16 14:21:59,2026-08-16 14:21:59,2026-08-16 14:34:59,5.09259,3,2.175,0.36917397,1.06877323,1.1627907,1.63551402,79.38487554,62.5,100.0,97.61904762,223.78716745,40.15548245,48.14814815,0.39091086,0,0.12250739,1.35135135,0.0017734,1.1583743,0.01841232,1.41283085,0.5330991,0.79079368,0.36917397,0.36781609,1.0
EDENTRY,2026-08-16 14:21:59,2026-08-16 14:21:59,2026-08-16 14:34:59,5.09259,5,2.167,0.69702602,0.79069767,1.02564103,1.2143858,75.35421058,60.0,96.42857143,88.55311355,237.14585519,42.77762783,45.09803922,0.26671473,0,0.07199753,1.02564103,0.00168106,1.2615099,0.01306663,14.49661268,0.52728897,0.8730422,0.69702602,0.73834795,0.9375
EDENTRY,2026-08-16 14:21:59,2026-08-16 14:21:59,2026-08-16 14:34:59,5.09259,10,2.145,-0.37157455,-0.04659832,0.0,0.23364486,56.27835152,16.12903226,60.0,86.66666667,59.92509363,44.90553763,8.5106383,0.20327505,0,0.05719111,0.18682858,0.0015651,0.65259932,0.01546447,5.30049471,-0.19167952,-0.36318216,-0.04659832,0.04662005,0.0
HEMITRY,2026-08-16 14:22:59,2026-08-16 14:31:59,2026-08-16 14:37:59,7.54045,0,0.3062,0.09807127,-0.64892927,-0.87406928,-6.33221169,23.07492049,-50.36144578,20.2020202,18.56537146,-82.36212443,76.75712401,-19.27175844,-4.07155571,0,0.41555418,-3.25434439,0.02626668,0.2628394,0.17798955,0.82394645,-0.20611359,0.0732412,0.22913257,2.80862182,0.69767442
HEMITRY,2026-08-16 14:22:59,2026-08-16 14:31:59,2026-08-16 14:37:59,7.54045,1,0.3059,-0.81063554,-2.26837061,-0.06533812,-9.84379605,22.58419884,-50.72463768,15.65495208,16.85228522,-71.60003311,78.34841653,-15.97160603,-4.27959165,0,0.32403093,-4.97048773,0.02631579,0.23997407,0.19172112,0.76311708,-0.2334198,0.14539454,-0.71405388,2.28832952,0.0
HEMITRY,2026-08-16 14:22:59,2026-08-16 14:31:59,2026-08-16 14:37:59,7.54045,3,0.3082,-1.53354633,0.68605031,0.42359075,-10.61484919,23.46167344,-66.94214876,15.06276151,18.89818689,-78.14139295,81.18984372,-30.82524272,-4.69108783,0,0.09563077,-5.89312977,0.02864559,0.24754725,0.23639201,1.10673688,-0.21377329,0.0363002,-1.40754958,2.88773524,0.34831461
HEMITRY,2026-08-16 14:22:59,2026-08-16 14:31:59,2026-08-16 14:37:59,7.54045,5,0.3089,0.91473375,0.65167807,-2.40126382,-12.06945631,19.65910097,-59.79020979,16.52719665,11.36881934,-86.4758167,82.72135369,-31.36929461,-5.30007604,0,-0.36124452,-5.50627103,0.02786385,0.21848549,0.26300871,1.21369061,-0.22178772,-0.30282195,1.01373447,3.04305601,0.41489362
HEMITRY,2026-08-16 14:22:59,2026-08-16 14:31:59,2026-08-16 14:37:59,7.54045,10,0.3165,-1.67753961,-3.35877863,-3.18140104,-15.03355705,17.09411286,-69.35270806,5.87248322,7.10997321,-121.29313789,74.97515579,-43.53120244,-5.05385977,0,-0.8245836,-9.90606319,0.02965471,0.0906801,0.23187887,0.82086554,-0.16791206,0.02435653,-1.55520995,3.15955766,0.35
PORTALTRY,2026-08-16 14:32:59,2026-08-16 14:34:59,2026-08-16 14:47:59,6.82745,0,0.5875,1.13616802,0.68551842,0.27308414,0.42735043,56.44786414,9.05923345,68.87966805,61.54910097,46.52278177,13.54135028,8.90269151,0.43354642,0,0.01387221,2.13838665,0.01174468,0.75851167,0.02892234,0.64050015,-0.01397143,0.24056193,1.36300897,1.54893617,0.86813187
PORTALTRY,2026-08-16 14:32:59,2026-08-16 14:34:59,2026-08-16 14:47:59,6.82745,1,0.5809,-1.34171196,-1.72559635,-1.32495329,0.03444119,50.17961661,-7.6635514,41.49377593,56.01659751,17.5455761,12.91961672,10.51524711,0.40890441,0,-0.00143952,0.88572421,0.01169368,0.40148196,0.02961848,0.43534476,-0.03559837,-0.21144665,-1.17386866,1.32552935,0.0
PORTALTRY,2026-08-16 14:32:59,2026-08-16 14:34:59,2026-08-16 14:47:59,6.82745,3,0.5835,-1.28573845,-0.88330219,0.60344828,-0.54542356,54.31578212,-6.13861386,52.28215768,68.22103669,93.76890502,10.85685472,0.91743119,0.49049348,0,0.06494598,0.08576329,0.01334313,0.59962689,0.03088659,1.23600013,-0.0569124,0.0837518,-1.28573845,2.22793488,0.11538462
PORTALTRY,2026-08-16 14:32:59,2026-08-16 14:34:59,2026-08-16 14:47:59,6.82745,5,0.5859,-0.47562426,1.01724138,1.86022253,1.59528351,60.72790374,13.25842697,64.93506494,62.91486291,126.32391539,21.71523239,6.78496868,0.43188834,0,0.05242995,0.15384615,0.01167922,0.81628579,0.02913631,1.76235623,-0.04028379,0.21524737,-0.23837902,0.98993002,0.15517241
PORTALTRY,2026-08-16 14:32:59,2026-08-16 14:34:59,2026-08-16 14:47:59,6.82745,10,0.5752,-0.10420285,-1.33790738,-1.67521368,0.31391699,46.77466833,-0.5988024,18.61471861,19.26855238,-73.1722091,36.52405898,-8.29081633,0.24357639,0,-0.10879388,-0.26010057,0.00973574,0.33016191,0.03039782,2.6968749,-0.00967325,-0.86142351,-0.10420285,0.90403338,0.82692308
HEITRY,2026-08-16 14:46:59,2026-08-16 14:46:59,2026-08-16 15:01:59,6.24518,0,6.485,-0.01541782,-0.20006156,-0.15396459,0.49589338,47.85839591,-7.87878788,18.60465116,41.34686519,6.80272109,17.58333467,4.92424242,-0.01070752,0,0.0135126,-0.15396459,0.00290781,0.52789,0.01880824,0.45092323,-0.2846756,-0.78560931,-0.10782502,0.23130301,0.53333333
HEITRY,2026-08-16 14:46:59,2026-08-16 14:46:59,2026-08-16 15:01:59,6.24518,1,6.486,0.10804136,-0.46040516,-0.13856813,1.20143548,48.09265325,15.78947368,42.37288136,61.87204153,2.2896115,18.51704937,19.06354515,0.00196204,0,0.02387057,-0.35335689,0.00329281,0.53976741,0.01881752,0.07605563,-0.34431564,-0.3408034,0.04627487,0.13876041,1.0
HEITRY,2026-08-16 14:46:59,2026-08-16 14:46:59,2026-08-16 15:01:59,6.24518,3,6.498,-0.27624309,0.04618938,-0.16899677,0.97902098,50.57583134,36.20689655,80.18018018,85.33783784,57.67280104,21.89118095,29.25373134,0.0534595,0,0.06776247,-0.1843318,0.00368245,0.63782275,0.01880758,0.54392697,-0.34404804,-0.73038711,-0.09225092,0.20006156,0.0
HEITRY,2026-08-16 14:46:59,2026-08-16 14:46:59,2026-08-16 15:01:59,6.24518,5,6.495,0.0,-0.2150868,0.0,0.29339098,50.29338358,13.2231405,79.16666667,80.83333333,49.09136171,19.73239415,7.67123288,0.02204465,0,0.06982168,0.65086007,0.00401408,0.6205475,0.01849685,0.95711496,-0.29516369,-0.39783226,-0.04616805,0.18475751,0.16666667
HEITRY,2026-08-16 14:46:59,2026-08-16 14:46:59,2026-08-16 15:01:59,6.24518,10,6.495,-0.2150868,-0.23041475,0.65086007,-0.01539409,50.48972854,1.2145749,79.83193277,85.71428571,31.29219284,22.59399043,3.89972145,-0.03861903,0,0.09434374,0.29339098,0.00394809,0.55395936,0.02213983,0.37603715,-0.3083791,0.6789121,-0.30698388,0.30792918,0.0
PORTALTRY,2026-08-16 15:02:59,2026-08-16 15:02:59,2026-08-16 15:17:59,6.64552,0,0.5989,1.5428959,1.76720476,-0.41569671,-4.1453265,48.04421844,-26.99055331,23.04216867,18.58804449,-74.06956451,29.25460982,-8.56074766,-0.39697361,0,-0.68186496,-6.3633521,0.03190373,0.31459088,0.10235049,0.26794654,0.11968397,-0.46283741,1.4397019,2.02037068,0.96694215
PORTALTRY,2026-08-16 15:02:59,2026-08-16 15:02:59,2026-08-16 15:17:59,6.64552,1,0.5898,-1.73275575,-0.80726539,-5.40497193,-2.84961291,43.781175,-22.845953,9.3373494,12.70219339,-90.93384591,32.46247651,-2.51979842,-0.35748112,0,-0.77495094,-5.03944614,0.03364337,0.1844311,0.10521292,0.95206818,0.10137337,-0.68529553,-1.7,2.83146829,0.37125749
PORTALTRY,2026-08-16 15:02:59,2026-08-16 15:02:59,2026-08-16 15:17:59,6.64552,3,0.5885,-1.02589976,-5.61347233,-5.64373898,-1.4072709,42.1977148,-5.28301887,5.38461538,9.21275893,-96.52052052,37.66639928,5.35455861,0.07097172,0,-0.71489553,-3.8869835,0.03354776,0.1629364,0.10475519,0.79900992,0.11599129,-0.67129795,-1.1090573,1.98810535,0.2991453
PORTALTRY,2026-08-16 15:02:59,2026-08-16 15:02:59,2026-08-16 15:17:59,6.64552,5,0.6014,-3.54450682,-3.57543691,-5.9724828,1.8803998,47.36173028,6.78077683,14.58699473,39.80856814,1.37006978,38.09625009,14.30214724,1.03982299,0,-0.22645518,-3.74519846,0.03097534,0.36998271,0.10632067,1.23469425,0.16898691,-0.67346877,-3.96039604,4.75557034,0.04895105
PORTALTRY,2026-08-16 15:02:59,2026-08-16 15:02:59,2026-08-16 15:17:59,6.64552,10,0.6396,2.97858638,4.45859873,2.368758,8.42515681,68.95715807,45.27972028,83.30658106,67.32228938,170.56220278,34.09307266,32.22797927,2.01660767,0,0.49867998,8.35168558,0.02155365,1.04846311,0.11134029,2.00234561,0.3607736,0.64597316,3.31125828,4.83114447,0.66343042
HEMITRY,2026-08-16 15:03:59,2026-08-16 15:04:59,2026-08-16 15:09:59,5.65428,0,0.3102,0.22617124,-1.64870006,-2.78909433,-4.14091471,33.6114924,-55.97014925,11.9047619,9.87196608,-196.64778093,28.31352542,-23.91975309,-0.98943988,0,-0.39143869,-4.43622921,0.01492125,-0.02530291,0.06356124,0.72310924,-0.24643737,-0.55549922,0.38834951,1.61186331,0.5
HEMITRY,2026-08-16 15:03:59,2026-08-16 15:04:59,2026-08-16 15:09:59,5.65428,1,0.3095,-1.87064046,-2.70355234,-3.58255452,-3.55250857,32.16596857,-50.90252708,3.51758794,9.28209049,-233.69998406,26.00309376,-22.36220472,-0.82168058,0,-0.34289826,-4.47530864,0.01465497,-0.17200647,0.05605491,1.82283127,-0.22042172,-0.8817448,-1.55852417,1.90630048,0.11864407
HEMITRY,2026-08-16 15:03:59,2026-08-16 15:04:59,2026-08-16 15:09:59,5.65428,3,0.3154,-0.84878969,-1.74454829,-2.11049038,-3.6652413,38.77345234,-10.29411765,10.13513514,21.3928698,-199.96954005,23.41421284,-12.5,-0.41704347,0,-0.15482435,-3.5768878,0.01467524,-0.06597729,0.04103876,0.79631809,-0.10143766,-0.85155116,-1.31414268,2.09258085,0.22727273
HEMITRY,2026-08-16 15:03:59,2026-08-16 15:04:59,2026-08-16 15:09:59,5.65428,5,0.3191,-0.59190031,-0.96213532,-1.6943931,-1.57310302,43.51343993,-26.5060241,29.22077922,36.91974692,-171.64351852,24.66294109,-19.91150442,-0.11462875,0,0.00722036,-1.39060569,0.01517661,0.11571419,0.03384537,2.05588864,-0.02650313,-0.67642083,-0.8082064,2.22500783,0.63380282
HEMITRY,2026-08-16 15:03:59,2026-08-16 15:04:59,2026-08-16 15:09:59,5.65428,10,0.3246,0.18518519,-0.76429227,0.30902349,1.78739417,50.70641534,14.05405405,58.46153846,55.12820513,45.32964013,37.80125186,5.68862275,0.27450741,0,0.33157913,0.12338063,0.01469941,0.63077154,0.04216444,0.46423441,-0.05067425,0.61112791,0.24706609,0.98582871,0.46875
ROBOTRY,2026-08-16 15:19:59,2026-08-16 15:26:59,2026-08-16 15:34:59,5.26316,0,0.677,-0.14749263,-1.16788321,-1.16788321,-0.29455081,33.08180273,-45.45454545,0.0,12.5,-148.99401849,44.12698413,-26.66666667,-0.04868376,0,-0.08386958,-0.87847731,0.00158261,0.01017597,0.01452154,2.24625894,-0.21411255,-1.0,-0.14749263,0.14771049,0.0
ROBOTRY,2026-08-16 15:19:59,2026-08-16 15:26:59,2026-08-16 15:34:59,5.26316,1,0.678,-0.58651026,-1.02189781,-1.02189781,-0.29411765,35.48944884,-7.69230769,0.0,37.5,-86.37873754,42.0861678,-5.88235294,0.04288898,0,-0.03500137,-0.73206442,0.00179098,0.09125874,0.0139925,2.54142877,-0.1188108,-0.60346764,-0.58651026,0.5899705,0.0
ROBOTRY,2026-08-16 15:19:59,2026-08-16 15:26:59,2026-08-16 15:34:59,5.26316,3,0.685,0.0,0.0,0.14619883,0.88365243,65.5487404,71.42857143,75.0,75.0,96.03340292,44.44880516,45.45454545,0.19532115,0,0.06670681,0.4398827,0.00114703,0.81374072,0.01589932,0.0,0.02033692,0.77102958,0.0,0.0,
ROBOTRY,2026-08-16 15:19:59,2026-08-16 15:26:59,2026-08-16 15:34:59,5.26316,5,0.685,0.0,0.14619883,0.29282577,1.03244838,65.5487402,75.0,75.0,83.33333333,106.75990676,42.70744195,50.0,0.18487396,0,0.08165824,0.88365243,0.0012513,0.88327473,0.01590327,1.61166295,-0.00881356,0.77512941,0.14619883,0.1459854,1.0
ROBOTRY,2026-08-16 15:19:59,2026-08-16 15:26:59,2026-08-16 15:34:59,5.26316,10,0.683,0.0,0.14662757,0.58910162,0.44117647,58.96357163,45.45454545,100.0,100.0,151.2345679,37.18142453,41.66666667,0.08121401,0,0.07607906,0.73746313,0.00125497,0.92897049,0.01114568,0.0,0.14351825,0.13999009,0.0,0.0,
XAITRY,2026-08-16 15:29:59,2026-08-16 15:31:59,2026-08-16 15:44:59,5.27859,0,0.3407,0.05873715,-0.08797654,0.7094295,1.21806298,61.04470593,13.04347826,72.34042553,79.52088258,106.1316658,33.50732653,14.83516484,0.36509985,0,0.00872826,0.91824645,0.00381567,0.80111672,0.01749092,0.88245854,-0.01715484,0.12104044,0.02935995,0.55767537,0.31578947
XAITRY,2026-08-16 15:29:59,2026-08-16 15:31:59,2026-08-16 15:44:59,5.27859,1,0.3405,-0.14662757,0.0,0.14705882,1.00860279,60.36852187,28.05755396,72.22222222,86.74074074,126.02078693,33.49351502,27.51322751,0.37569021,0,0.01689144,0.85900474,0.00396476,0.79982095,0.01698305,1.67673844,0.01879848,-0.41224854,-0.20515826,0.44052863,0.0
XAITRY,2026-08-16 15:29:59,2026-08-16 15:31:59,2026-08-16 15:44:59,5.27859,3,0.341,0.14684288,0.29411765,0.35314891,0.76832151,62.90322315,22.75862069,94.0,72.66666667,156.98415589,32.05280952,15.67567568,0.37695982,0,0.02418369,0.82791248,0.00387516,0.9746066,0.01524788,0.80381264,0.1545827,0.27972475,0.26462805,0.35190616,1.0
XAITRY,2026-08-16 15:29:59,2026-08-16 15:31:59,2026-08-16 15:44:59,5.27859,5,0.3383,-0.5,-0.44143614,0.20734597,0.11837822,54.53162778,6.66666667,40.0,70.66666667,63.33271364,36.29645165,11.83431953,0.32612058,0,-0.00551078,0.50505051,0.00356826,0.54590639,0.01643208,1.7049971,0.09850025,0.47605062,-0.5,0.53207213,0.05555556
XAITRY,2026-08-16 15:29:59,2026-08-16 15:31:59,2026-08-16 15:44:59,5.27859,10,0.3376,0.0,-0.17740982,0.29708853,0.86644756,57.13697341,24.44444444,68.62745098,69.28104575,37.45085868,42.56332935,22.27979275,0.27666811,0,-0.04157686,-0.08878366,0.00408345,0.59894454,0.01604162,0.61655105,0.0892641,-0.15464529,0.02962963,0.02962085,1.0
PORTALTRY,2026-08-16 15:32:59,2026-08-16 15:25:59,2026-08-16 15:47:59,10.40093,0,0.6421,0.83228643,1.02265576,0.48513302,5.02126268,61.30107627,21.63616792,82.75,73.89176245,80.58874144,45.65644139,5.45454545,1.42354244,0,0.21092639,3.68157597,0.01774312,0.82133358,0.09314528,0.86824443,0.16651001,0.32683915,0.9591195,1.88444168,1.0
PORTALTRY,2026-08-16 15:32:59,2026-08-16 15:25:59,2026-08-16 15:47:59,10.40093,1,0.6368,0.1730376,-1.16405401,-1.02580044,5.08250825,58.90511089,25.86558045,69.5,70.83176903,87.49666043,46.16371885,15.34126487,1.40398095,0,0.22865983,3.00873504,0.01791323,0.76475699,0.09139564,0.57464782,0.1171053,-0.10179362,0.1730376,0.70665829,0.28888889
PORTALTRY,2026-08-16 15:32:59,2026-08-16 15:25:59,2026-08-16 15:47:59,10.40093,3,0.6356,-1.35030265,-1.21230961,-0.1257071,5.49377593,58.36640283,32.71719039,73.57001972,82.06246922,120.89677064,42.64203744,25.87635437,1.5430252,0,0.39815502,3.01458671,0.01763238,0.79910582,0.09312847,1.91592009,0.12095996,0.0344461,-1.15085537,2.45437382,0.17948718
PORTALTRY,2026-08-16 15:32:59,2026-08-16 15:25:59,2026-08-16 15:47:59,10.40093,5,0.639,-0.68386696,0.40854808,3.18101082,5.0295858,61.66182942,35.02538071,81.85117967,83.34535153,167.936195,38.2324365,27.29083665,1.45424554,0,0.47170198,4.51422964,0.01683434,0.94764464,0.09165815,1.62418373,0.14370888,0.28627554,-0.60662622,0.97026604,0.0
PORTALTRY,2026-08-16 15:32:59,2026-08-16 15:25:59,2026-08-16 15:47:59,10.40093,10,0.6193,0.17793594,0.37277147,1.29211645,3.18227258,57.33605073,49.24874791,90.16853933,86.46643619,88.81176265,26.64038452,13.38448423,0.65388943,0,0.21246747,1.79158448,0.0135291,0.823565,0.06618843,0.82563871,0.01567715,0.13790523,0.08080155,2.2283223,0.74637681
ALICETRY,2026-08-16 15:38:59,2026-08-16 15:40:59,2026-08-16 15:53:59,5.42265,0,6.24,-0.16,-0.4784689,-0.16,0.48309179,45.48657131,12.5,28.57142857,48.80952381,-27.77777778,22.77334127,17.39130435,0.04060671,0,-0.00485767,-0.79491256,0.00263278,0.38476168,0.01319111,0.62711052,-0.05987687,0.29831663,-0.16,0.16025641,0.0
ALICETRY,2026-08-16 15:38:59,2026-08-16 15:40:59,2026-08-16 15:53:59,5.42265,1,6.25,-0.31897927,-0.15974441,-0.15974441,0.32102729,48.80900688,25.0,42.85714286,64.28571429,12.60126013,22.37651587,20.83333333,0.08148472,0,0.02159671,-0.31897927,0.00274286,0.51193185,0.01341164,0.80233226,-0.02063677,0.20937671,-0.15974441,0.16,0.0
ALICETRY,2026-08-16 15:38:59,2026-08-16 15:40:59,2026-08-16 15:53:59,5.42265,3,6.27,0.15974441,0.15974441,0.15974441,0.64205457,56.46900782,17.64705882,75.0,62.5,71.47041593,19.79490631,12.0,0.10246138,0,0.04523541,0.64205457,0.00284803,0.78159395,0.01364539,0.73186819,0.02056806,0.35498263,0.0,0.15948963,1.0
ALICETRY,2026-08-16 15:38:59,2026-08-16 15:40:59,2026-08-16 15:53:59,5.42265,5,6.25,-0.15974441,-0.15974441,-0.63593005,0.32102729,49.93638791,12.5,50.0,58.33333333,42.92929293,17.59645117,4.76190476,0.08804523,0,0.04844407,0.64412238,0.0024,0.59470274,0.0135333,1.11613594,0.09665896,-0.6982786,0.0,0.16,0.0
ALICETRY,2026-08-16 15:38:59,2026-08-16 15:40:59,2026-08-16 15:53:59,5.42265,10,6.29,0.31897927,0.96308186,1.28824477,0.80128205,64.38541244,37.5,100.0,91.66666667,255.28007346,17.47657105,27.27272727,0.07313357,1,0.10392377,0.96308186,0.0024983,1.22828587,0.01166805,3.0234145,0.12210868,1.0,0.31897927,0.31796502,1.0
NOMTRY,2026-08-16 15:42:59,2026-08-16 15:42:59,2026-08-16 15:55:59,5.19481,0,0.077,-1.28205128,-1.28205128,-1.28205128,-1.28205128,35.3240551,0.0,0.0,66.66666667,-74.07407407,50.0,0.0,0.01467937,0,0.03338363,0.0,0.00185529,0.2236146,0.02566054,26.90424425,0.0,-0.99956554,0.0,0.0,
NOMTRY,2026-08-16 15:42:59,2026-08-16 15:42:59,2026-08-16 15:55:59,5.19481,1,0.078,0.0,0.0,0.0,0.0,62.71294574,0.0,100.0,100.0,55.55555556,57.14285714,0.0,0.13685101,0,0.12073693,1.2987013,0.0018315,0.70412415,0.02525247,0.0,0.0,0.0,0.0,0.0,
NOMTRY,2026-08-16 15:42:59,2026-08-16 15:42:59,2026-08-16 15:55:59,5.19481,3,0.078,0.0,0.0,1.2987013,0.0,62.71294574,0.0,100.0,100.0,55.55555556,57.14285714,0.0,0.06643923,0,0.1121823,1.2987013,0.0018315,0.70412415,0.02525247,0.00304289,0.0,0.90769994,0.0,0.0,
NOMTRY,2026-08-16 15:42:59,2026-08-16 15:42:59,2026-08-16 15:55:59,5.19481,5,0.078,0.0,1.2987013,1.2987013,0.0,62.71294625,0.0,100.0,66.66666667,55.55555556,57.14285714,0.0,-0.07483827,0,0.05041757,0.0,0.0018315,0.70412415,0.02525247,0.0,0.0,1.0,0.0,0.0,
NOMTRY,2026-08-16 15:42:59,2026-08-16 15:42:59,2026-08-16 15:55:59,5.19481,10,0.077,0.0,0.0,-1.28205128,-1.28205128,25.86402327,-100.0,0.0,0.0,-133.33333333,57.14285714,-100.0,-0.31010876,0,-0.16633472,-1.28205128,0.00092764,0.0669873,0.02227718,0.0,0.0,-1.0,0.0,0.0,
RVNTRY,2026-08-16 15:42:59,2026-08-16 15:42:59,2026-08-16 15:57:59,7.1701,0,0.1311,0.0,0.0,0.30604438,0.07633588,51.44155002,0.0,100.0,100.0,35.90490053,73.85114885,-33.33333333,-0.01913147,0,0.02357629,0.0,0.00065381,0.62397118,0.00461728,0.68632795,0.81248733,0.93315594,0.0,0.07627765,1.0
RVNTRY,2026-08-16 15:42:59,2026-08-16 15:42:59,2026-08-16 15:57:59,7.1701,1,0.1311,0.0,0.07633588,0.30604438,0.07633588,51.44154997,11.11111111,100.0,100.0,44.44444444,74.71694972,-30.76923077,-0.02987595,0,0.02001764,0.0,0.00070829,0.60024945,0.00494816,0.0,0.8057139,0.98774227,0.0,0.0,
RVNTRY,2026-08-16 15:42:59,2026-08-16 15:42:59,2026-08-16 15:57:59,7.1701,3,0.1311,0.07633588,0.30604438,0.07633588,0.0,51.44154935,0.0,100.0,74.4047619,29.45736434,75.66933067,-35.71428571,-0.06209519,0,0.00353425,0.0,0.00076278,0.56242779,0.00550023,0.07732183,0.8057139,0.59339775,0.0,0.0,
RVNTRY,2026-08-16 15:42:59,2026-08-16 15:42:59,2026-08-16 15:57:59,7.1701,5,0.1307,0.0,-0.22900763,-0.3051106,-0.45696877,20.24007461,-75.0,37.5,34.72222222,-156.02836879,74.11255411,-93.75,-0.10422542,0,-0.02647533,-0.22900763,0.00087441,0.01007491,0.00591722,0.24292285,0.61625105,-0.95281981,0.0,0.0,
RVNTRY,2026-08-16 15:42:59,2026-08-16 15:42:59,2026-08-16 15:57:59,7.1701,10,0.1311,0.0,0.0,0.07633588,-0.15232292,39.48322354,-50.0,66.66666667,66.66666667,-25.36231884,48.3982684,-88.88888889,-0.03999938,0,0.00682477,-0.15232292,0.00049036,0.38946817,0.00379394,0.0,0.48309051,0.71431976,0.0,0.0,
DOLOTRY,2026-08-16 16:03:59,2026-08-16 16:03:59,2026-08-16 16:18:59,5.73698,0,1.133,0.26548673,0.08833922,-0.08818342,1.16071429,58.45036075,26.82926829,65.0,65.1986044,73.15816589,58.62583153,36.20689655,0.38047126,0,0.12444889,1.16071429,0.00365654,0.71949732,0.03668363,0.0006824,0.18175041,-0.11019633,0.0,0.0,
DOLOTRY,2026-08-16 16:03:59,2026-08-16 16:03:59,2026-08-16 16:18:59,5.73698,1,1.13,-0.26478376,-0.61565523,-0.26478376,1.71017102,55.35749903,25.0,56.52173913,69.24622345,54.53135254,55.27785395,33.33333333,0.3918797,0,0.14949144,0.89285714,0.00379267,0.67119897,0.03902777,1.03497092,0.20509021,-0.04195076,0.0,0.08849558,1.0
DOLOTRY,2026-08-16 16:03:59,2026-08-16 16:03:59,2026-08-16 16:18:59,5.73698,3,1.132,-0.43975374,-0.08826125,0.0,2.44343891,58.51450489,52.94117647,77.14285714,83.96825397,83.96865735,48.26097829,54.28571429,0.44963363,0,0.23822628,0.53285968,0.00441696,0.75796511,0.04328376,1.17038844,0.03800531,0.01073216,-0.26431718,0.44169611,0.4
DOLOTRY,2026-08-16 16:03:59,2026-08-16 16:03:59,2026-08-16 16:18:59,5.73698,5,1.134,0.08826125,0.17667845,1.25,2.7173913,63.17323168,68.18181818,83.33333333,82.69980507,113.44311699,39.10533802,66.12903226,0.4153638,0,0.29255502,1.25,0.00390527,0.87295458,0.04178262,0.24499163,-0.07993021,0.95120163,0.0,0.0,
DOLOTRY,2026-08-16 16:03:59,2026-08-16 16:03:59,2026-08-16 16:18:59,5.73698,10,1.12,0.0,-0.53285968,0.0,0.35842294,50.7906431,28.20512821,74.07407407,77.77777778,59.40450254,26.28851324,32.65306122,0.03831263,0,0.26999216,1.44927536,0.003125,0.69483331,0.03088868,0.2073648,-0.20653473,0.09654853,0.0,0.0,
DODOTRY,2026-08-16 16:06:59,2026-08-16 16:07:59,2026-08-16 16:18:59,5.02918,0,1.0283,0.02918288,-0.47425474,-0.72407801,-0.81983025,52.95573841,-20.25052192,43.33333333,45.20311814,-38.66381343,40.66618841,-7.30994152,0.24183603,0,-0.07229063,-0.44534805,0.00475125,0.39567246,0.02166976,0.18337528,0.34302447,-0.35336923,0.16559517,0.1653214,1.0
DODOTRY,2026-08-16 16:06:59,2026-08-16 16:07:59,2026-08-16 16:18:59,5.02918,1,1.028,-0.26195789,-0.99200616,0.26333756,-0.36828843,52.62557937,-18.03278689,40.76086957,52.13914507,-13.09034908,46.90828444,-5.05617978,0.28909401,0,-0.05252724,-0.5706548,0.00494719,0.40886435,0.02348533,0.10162551,0.39023682,0.11416451,-0.24260068,0.24319066,0.0
DODOTRY,2026-08-16 16:06:59,2026-08-16 16:07:59,2026-08-16 16:18:59,5.02918,3,1.0332,-0.49118752,0.77050619,1.15527707,0.37889828,59.06868424,7.26915521,64.14141414,77.1043771,60.20768286,59.27703104,15.17150396,0.38854362,0,0.00152219,-0.23174971,0.00524031,0.6444202,0.03258909,0.97264392,0.42151265,0.65330616,-0.39525692,0.45489741,0.12765957
DODOTRY,2026-08-16 16:06:59,2026-08-16 16:07:59,2026-08-16 16:18:59,5.02918,5,1.0358,1.02409051,1.40982965,0.2807629,1.56893509,64.20587198,25.10121457,77.27272727,46.79106067,77.8429729,67.81509195,27.05248991,0.31646898,0,-0.04856229,-0.09645062,0.00512371,0.76409121,0.03659654,1.96579576,0.45990446,0.4825775,0.5631068,0.82062174,0.68235294
DODOTRY,2026-08-16 16:06:59,2026-08-16 16:07:59,2026-08-16 16:18:59,5.02918,10,1.0329,-0.09672115,-0.26071842,-0.37615741,2.10557533,66.03582816,60.33057851,74.91525424,81.29566855,65.27936146,64.82158233,45.88910134,0.68996303,0,0.14811278,1.2845656,0.00361672,0.73304536,0.05003401,0.74655009,0.47219247,0.24778648,-0.00968054,0.30012586,0.96774194
PORTALTRY,2026-08-16 16:17:59,2026-08-16 16:24:59,2026-08-16 16:32:59,5.78279,0,0.6841,-1.18445761,-3.44389555,-3.03330971,-8.76233662,29.36321742,-68.14814815,5.02994012,9.01110359,-123.1199329,52.67931312,-31.16756229,-2.32604687,0,-0.82129492,-9.25852235,0.02137323,0.06708735,0.14337133,1.17266156,-0.17076939,-0.38305936,-1.19872906,1.98801345,0.30882353
PORTALTRY,2026-08-16 16:17:59,2026-08-16 16:24:59,2026-08-16 16:32:59,5.78279,1,0.6923,-2.8078057,-1.15648201,-1.52204836,-8.75181231,31.76060203,-53.38904364,2.60273973,11.8034369,-102.02675616,49.47181711,-24.1191067,-2.09829104,0,-0.77696458,-7.82851817,0.02078991,0.0892907,0.13632239,0.87579756,-0.18641573,0.17897591,-2.13457733,3.26448072,0.0840708
PORTALTRY,2026-08-16 16:17:59,2026-08-16 16:24:59,2026-08-16 16:32:59,5.78279,3,0.7085,1.15648201,0.78236131,-0.25341405,-7.14285714,36.42112857,-54.09482759,13.40694006,7.36113688,-103.78251657,45.82534457,-25.72572573,-2.02296477,0,-0.93598296,-6.14650947,0.02014316,0.18272075,0.13687372,0.66247772,-0.14219666,-0.31673268,1.1998286,1.53846154,0.77981651
PORTALTRY,2026-08-16 16:17:59,2026-08-16 16:24:59,2026-08-16 16:32:59,5.78279,5,0.7055,0.35561878,-0.6757708,-6.4199496,-7.64497971,32.40654148,-38.62745098,8.08823529,8.09336824,-156.76003395,39.77412608,-23.76417234,-1.86980381,0,-1.14901371,-5.9082422,0.02232459,0.06391305,0.13011744,0.98683027,-0.03924383,-0.74117904,0.25579082,1.275691,0.6
PORTALTRY,2026-08-16 16:17:59,2026-08-16 16:24:59,2026-08-16 16:32:59,5.78279,10,0.7539,0.37278658,-0.13246788,0.54681248,-1.46386093,51.97150735,-20.25586354,27.91164659,24.16331995,-85.52066862,23.15534353,-11.2579763,0.09078808,0,-0.54394156,-1.30907187,0.02078714,0.28929449,0.04924727,0.4905517,0.09174519,0.05801809,0.50659912,1.45907945,0.80909091
DOLOTRY,2026-08-16 16:46:59,2026-08-16 16:51:59,2026-08-16 17:01:59,5.24535,0,1.212,1.8487395,0.24813896,2.53807107,2.45139476,57.48954046,23.2,82.22222222,55.55555556,117.07152497,18.13559804,8.69565217,0.34789859,0,0.05714093,2.71186441,0.01084394,1.00849253,0.03349998,2.10108371,0.17818718,0.38532783,2.36486486,3.05280528,0.86486486
DOLOTRY,2026-08-16 16:46:59,2026-08-16 16:51:59,2026-08-16 17:01:59,5.24535,1,1.19,-0.66777963,-1.97693575,0.16835017,0.93299406,49.92528321,6.7961165,33.33333333,53.33333333,3.065505,17.51826041,-1.33333333,0.20992969,0,-0.02469843,-0.08396306,0.0090036,0.48018642,0.02967104,0.76320639,-0.00084951,0.09305357,-0.75062552,1.00840336,0.25
DOLOTRY,2026-08-16 16:46:59,2026-08-16 16:51:59,2026-08-16 17:01:59,5.24535,3,1.209,-0.41186161,1.76767677,1.68208579,0.83402836,57.8372177,21.64948454,75.55555556,62.71604938,114.00368804,17.99500463,5.59440559,0.29471419,0,0.03743221,1.4261745,0.00844854,0.74997484,0.0500867,0.40413612,0.1389111,0.39889066,-0.24752475,0.66170389,0.0
DOLOTRY,2026-08-16 16:46:59,2026-08-16 16:51:59,2026-08-16 17:01:59,5.24535,5,1.182,-0.50505051,-0.58873003,0.16949153,-0.83892617,48.06213848,-17.33333333,25.92592593,28.73176207,-68.8663917,18.78808343,-17.94871795,-0.1069332,0,-0.23259016,-0.08453085,0.00707034,0.30704253,0.04670866,0.25627083,0.02985951,0.12975106,-0.50505051,0.50761421,0.0
DOLOTRY,2026-08-16 16:46:59,2026-08-16 16:51:59,2026-08-16 17:01:59,5.24535,10,1.18,-0.92359362,-1.00671141,-0.25359256,-2.47933884,47.43422398,-9.93377483,5.79710145,16.79779158,-81.78438662,20.17195965,-1.87793427,0.00168112,0,-0.36286138,-1.00671141,0.01289346,0.23490341,0.06225184,0.37160944,0.16683069,-0.27826777,-0.92359362,1.01694915,0.08333333
GIGGLETRY,2026-08-16 16:54:59,2026-08-16 16:55:59,2026-08-16 17:09:59,6.61269,0,1481.0,-0.06747638,-0.20215633,-0.13486177,-0.20215633,43.24856957,-38.46153846,0.0,4.76190476,-124.29378531,34.24958445,-29.41176471,0.01637524,0,-0.05832126,-0.40349697,0.00081991,0.11412818,0.0062842,1.11296845,-0.19113792,-0.79257799,0.0,0.0,
GIGGLETRY,2026-08-16 16:54:59,2026-08-16 16:55:59,2026-08-16 17:09:59,6.61269,1,1482.0,-0.13477089,-0.13477089,-0.2020202,-0.2020202,46.6544618,-14.28571429,0.0,9.52380952,-92.94320138,37.10672731,-16.66666667,0.04348361,0,-0.04928322,-0.33624748,0.00086755,0.20742781,0.00610083,0.0620905,-0.08623736,-0.72644859,0.0,0.0,
GIGGLETRY,2026-08-16 16:54:59,2026-08-16 16:55:59,2026-08-16 17:09:59,6.61269,3,1484.0,0.0,-0.06734007,-0.20174849,0.20256583,54.64669974,17.64705882,14.28571429,23.28042328,-7.52688172,45.33278696,14.28571429,0.08345369,0,-0.03671848,-0.1345895,0.00101078,0.4478714,0.00646121,0.10181723,-0.17615283,-0.87446908,-0.06734007,0.06738544,0.0
GIGGLETRY,2026-08-16 16:54:59,2026-08-16 16:55:59,2026-08-16 17:09:59,6.61269,5,1483.0,-0.13468013,-0.26899798,-0.26899798,0.06747638,51.3074112,5.88235294,22.22222222,44.44444444,-18.85175664,51.75085419,5.0,0.12137348,0,-0.02262294,-0.06738544,0.0009633,0.40859538,0.00774056,0.48808744,-0.14132572,-0.44292955,-0.06738544,0.06743088,0.0
GIGGLETRY,2026-08-16 16:54:59,2026-08-16 16:55:59,2026-08-16 17:09:59,6.61269,10,1487.0,0.0,0.06729475,0.20215633,0.60893099,69.68367457,47.36842105,72.72727273,79.7979798,103.77358491,73.61126269,42.85714286,0.20743092,0,0.03957214,0.33738192,0.00100874,0.81420877,0.01181524,0.0,-0.16266827,0.41704462,0.0,0.0,
ALICETRY,2026-08-16 17:24:59,2026-08-16 17:25:59,2026-08-16 17:39:59,6.13208,0,6.36,0.0,0.0,-0.15698587,-1.24223602,34.17976283,-50.0,12.5,8.33333333,-139.07448651,20.60177917,-22.22222222,-0.29650837,0,-0.08494819,-0.7800312,0.00202156,0.09514628,0.01639612,2.62352895,-0.29451178,0.14067348,0.0,0.1572327,1.0
ALICETRY,2026-08-16 17:24:59,2026-08-16 17:25:59,2026-08-16 17:39:59,6.13208,1,6.36,-0.15698587,-0.31347962,-0.46948357,-1.24223602,34.17976412,-57.14285714,0.0,4.16666667,-156.02836879,18.22082679,-25.0,-0.28619682,0,-0.09117504,-0.7800312,0.00224618,0.03963156,0.01559787,0.92408113,-0.49957331,-0.22004025,0.0,0.0,
ALICETRY,2026-08-16 17:24:59,2026-08-16 17:25:59,2026-08-16 17:39:59,6.13208,3,6.36,-0.31347962,-0.46948357,-0.93457944,-0.7800312,32.16133888,-53.84615385,0.0,4.76190476,-203.0651341,14.76713762,-26.31578947,-0.25259768,0,-0.09698114,-0.93457944,0.00213387,-0.05445351,0.01546325,1.55448545,-0.56698457,-0.70779437,-0.15698587,0.1572327,0.0
ALICETRY,2026-08-16 17:24:59,2026-08-16 17:25:59,2026-08-16 17:39:59,6.13208,5,6.37,-0.31298905,-0.7788162,-0.62402496,-0.93312597,32.26728272,-38.46153846,0.0,0.0,-218.82352941,10.92098378,-22.22222222,-0.18362612,0,-0.07810226,-1.08695652,0.00201839,-0.12660051,0.01304561,3.44629551,-0.27405451,-0.97683862,-0.15673981,0.31397174,0.0
ALICETRY,2026-08-16 17:24:59,2026-08-16 17:25:59,2026-08-16 17:39:59,6.13208,10,6.41,0.0,-0.15576324,-0.46583851,-0.31104199,43.1622195,-23.07692308,0.0,11.11111111,-111.81434599,7.47413301,-5.26315789,-0.06834022,0,-0.03337382,-0.31104199,0.00211723,0.17857143,0.00871189,0.35675999,0.11172341,-0.63535962,0.0,0.0,
DOLOTRY,2026-08-16 17:53:59,2026-08-16 17:53:59,2026-08-16 18:08:59,6.9594,0,1.207,-0.16542597,0.33250208,-0.90311987,0.41597338,47.50547507,0.0,31.81818182,33.21678322,83.55167394,29.73791833,12.76595745,-0.15727099,0,0.07371093,0.0,0.00556279,0.57108889,0.01633515,1.63801428,-0.14739814,-0.77997878,-0.65843621,0.91135046,0.0
DOLOTRY,2026-08-16 17:53:59,2026-08-16 17:53:59,2026-08-16 18:08:59,6.9594,1,1.209,0.49875312,0.08278146,-0.16515277,0.91819699,48.80417981,11.86440678,40.90909091,34.83294483,51.0114336,29.29991294,8.88888889,-0.17025264,0,0.07672115,0.24875622,0.00531726,0.67551855,0.01630463,0.16466924,-0.0035262,-0.02871923,0.0,0.16542597,1.0
DOLOTRY,2026-08-16 17:53:59,2026-08-16 17:53:59,2026-08-16 18:08:59,6.9594,3,1.203,-0.41390728,-0.66061107,-0.33140017,0.25,44.58392054,8.77192982,36.66666667,58.88888889,15.0697256,30.00969523,9.89010989,-0.18180473,0,0.09242317,-0.82440231,0.00540316,0.4697438,0.02333631,1.0827884,-0.11768228,-0.18682331,-0.41390728,0.58187864,0.0
DOLOTRY,2026-08-16 17:53:59,2026-08-16 17:53:59,2026-08-16 18:08:59,6.9594,5,1.218,0.57803468,0.91135046,0.91135046,0.99502488,53.66599728,42.22222222,86.66666667,75.85858586,96.78375574,31.47280509,20.25316456,-0.14194488,0,0.15572224,1.33111481,0.00463289,0.74912645,0.03775676,1.62541511,-0.0141161,0.3707688,0.41220115,0.73891626,0.55555556
DOLOTRY,2026-08-16 17:53:59,2026-08-16 17:53:59,2026-08-16 18:08:59,6.9594,10,1.207,0.08291874,-0.49464138,0.41597338,-2.10867802,46.20667925,-27.77777778,49.12280702,45.02282352,-26.98750888,32.95782451,-31.46853147,-0.43206794,0,0.04117435,0.08291874,0.00846254,0.42318732,0.05156765,0.01251156,0.05554502,-0.07538866,0.0,0.16570008,1.0
GPSTRY,2026-08-16 17:55:59,2026-08-16 18:03:59,2026-08-16 18:10:59,5.70825,0,0.472,0.0,0.0,0.0,0.0,27.68394284,-100.0,70.0,23.33333333,-165.72504708,40.23809524,-83.33333333,-0.26481329,0,0.00491487,-0.21141649,0.00181598,0.23544664,0.01078048,50.92940804,0.54625054,0.0,-0.42194093,1.90677966,0.77777778
GPSTRY,2026-08-16 17:55:59,2026-08-16 18:03:59,2026-08-16 18:10:59,5.70825,1,0.472,0.0,0.0,-0.21141649,-0.63157895,27.68394283,0.0,0.0,0.0,-84.23913043,35.95238095,0.0,-0.27823197,0,-0.00294679,-0.21141649,0.00090799,0.21491164,0.01148118,0.0,0.5213085,-1.0,0.0,0.0,
GPSTRY,2026-08-16 17:55:59,2026-08-16 18:03:59,2026-08-16 18:10:59,5.70825,3,0.472,0.0,-0.21141649,-0.21141649,-0.63157895,27.68394365,-33.33333333,0.0,0.0,-98.33333333,47.85714286,-33.33333333,-0.2983476,0,-0.01774922,-0.63157895,0.00136199,0.15930743,0.01207645,0.0,-0.53447394,-0.44194535,0.0,0.0,
GPSTRY,2026-08-16 17:55:59,2026-08-16 18:03:59,2026-08-16 18:10:59,5.70825,5,0.472,-0.21141649,-0.21141649,-0.21141649,-0.84033613,27.68394376,-33.33333333,0.0,19.44444444,-103.7037037,57.38095238,-33.33333333,-0.30126729,0,-0.0250547,0.0,0.00136199,0.15685549,0.01627029,0.64684083,-0.53447394,-0.41518797,-0.21141649,0.21186441,0.0
GPSTRY,2026-08-16 17:55:59,2026-08-16 18:03:59,2026-08-16 18:10:59,5.70825,10,0.473,0.0,-0.42105263,0.21186441,-1.2526096,31.75657986,-50.0,14.28571429,23.80952381,-106.55737705,80.0,-50.0,-0.31096654,0,-0.05558295,-0.6302521,0.00181214,0.15315447,0.01967489,0.0,-0.48818775,0.99163284,0.0,0.0,
RARETRY,2026-08-16 18:27:59,2026-08-16 18:34:59,2026-08-16 18:42:59,5.4111,0,0.5668,-0.07052186,-0.6833713,-0.33409531,0.03529827,50.5172328,-3.84615385,12.5,26.62568306,-39.4581861,66.69284993,-11.68831169,0.19184534,0,-0.05978259,-0.456621,0.00194072,0.39280137,0.01560908,0.51877582,0.35519321,-0.09985055,0.03529827,0.12350035,1.0
RARETRY,2026-08-16 18:27:59,2026-08-16 18:34:59,2026-08-16 18:42:59,5.4111,1,0.5672,-0.33386048,-0.64809949,-0.35137034,0.24743726,52.6799769,5.66037736,10.0,51.57294044,11.91197254,72.00557204,2.5974026,0.25364074,0,-0.02806674,-0.40386304,0.00193935,0.47135458,0.018147,0.21199948,0.33758741,-0.18716116,-0.33386048,0.33497884,0.0
RARETRY,2026-08-16 18:27:59,2026-08-16 18:34:59,2026-08-16 18:42:59,5.4111,3,0.5707,-0.0350324,0.26352776,0.35167927,1.27772848,79.39581688,71.42857143,87.34177215,89.41460528,104.40891473,79.58565846,42.75862069,0.35714582,0,0.03774128,0.52844812,0.00181481,0.81330856,0.02167806,1.74550012,0.45281486,0.043284,-0.10502363,0.17522341,0.0
RARETRY,2026-08-16 18:27:59,2026-08-16 18:34:59,2026-08-16 18:42:59,5.4111,5,0.5687,-0.08784259,0.0,-0.12293642,1.24621684,74.62988056,60.0,87.87878788,93.54995741,69.11241703,77.78905567,39.3442623,0.33715667,0,0.03483438,0.37063184,0.00153232,0.72135675,0.02211181,1.93407989,0.59310399,-0.95320384,-0.10539259,0.21100756,0.33333333
RARETRY,2026-08-16 18:27:59,2026-08-16 18:34:59,2026-08-16 18:42:59,5.4111,10,0.5694,-0.01755926,0.29945394,0.49417579,1.40694568,88.48256223,88.76404494,98.79518072,99.59839357,141.53396514,58.02937973,65.51724138,0.39249152,0,0.12506936,1.37083853,0.00145517,0.95050512,0.02115341,0.00303158,0.65652943,0.99886897,0.0,0.0,
GPSTRY,2026-08-16 18:32:59,2026-08-16 18:32:59,2026-08-16 18:47:59,8.16327,0,0.49,0.0,-0.20366599,-0.40650407,2.51046025,69.89391644,50.0,61.53846154,72.80558947,62.97502714,82.27729327,52.63157895,0.97655045,0,0.09465582,1.03092784,0.00276968,0.6946776,0.07067144,0.21386326,-0.03226057,-0.61142956,0.0,0.0,
GPSTRY,2026-08-16 18:32:59,2026-08-16 18:32:59,2026-08-16 18:47:59,8.16327,1,0.49,-0.60851927,-0.20366599,0.0,4.7008547,69.89391465,60.0,64.28571429,84.2372134,67.17904925,84.33144827,52.17391304,1.05510954,0,0.1582835,1.03092784,0.00335277,0.71489674,0.07478244,0.91703854,-0.03250348,0.29945026,0.0,0.0,
GPSTRY,2026-08-16 18:32:59,2026-08-16 18:32:59,2026-08-16 18:47:59,8.16327,3,0.491,0.0,0.20408163,0.82135524,4.91452991,79.72533965,92.0,95.83333333,97.22222222,89.63827641,82.94359263,82.14285714,1.12771347,0,0.25964683,1.86721992,0.00407332,0.800646,0.07374565,0.0,-0.30854306,0.95726856,0.0,0.0,
GPSTRY,2026-08-16 18:32:59,2026-08-16 18:32:59,2026-08-16 18:47:59,8.16327,5,0.492,0.40816327,1.02669405,1.44329897,5.12820513,84.02670553,100.0,100.0,100.0,111.22373133,76.94359263,88.88888889,1.14748883,0,0.35355268,2.92887029,0.00391986,0.89604317,0.07395331,1.19732623,-0.30820455,1.0,0.0,0.0,
GPSTRY,2026-08-16 18:32:59,2026-08-16 18:32:59,2026-08-16 18:47:59,8.16327,10,0.485,0.0,0.62240664,1.46443515,3.85438972,76.8498791,64.28571429,53.125,53.06186869,125.0,68.39896237,79.31034483,0.82714291,0,0.42776036,3.63247863,0.00854197,0.94794854,0.05760421,0.0,-0.03931708,1.0,0.0,0.0,
BOMETRY,2026-08-16 18:33:59,2026-08-16 18:38:59,2026-08-16 18:48:59,8.49539,0,0.03911,0.0,0.02557545,0.07676561,-0.68562722,41.81986353,-52.0,23.33333333,20.73083779,-79.48717949,30.59246797,-50.0,-0.11175801,0,0.01156478,-0.38206826,0.00116886,0.2874024,0.01151756,0.02301556,-0.17339278,0.56547258,0.12800819,0.12784454,1.0
BOMETRY,2026-08-16 18:33:59,2026-08-16 18:38:59,2026-08-16 18:48:59,8.49539,1,0.03911,0.02557545,0.07676561,0.17930328,-0.68562722,41.81986346,-52.94117647,21.21212121,18.83541295,-63.90328152,29.40658821,-46.66666667,-0.11843014,0,0.0080174,-0.25503698,0.00109581,0.2874024,0.01151756,1.62374205,-0.10862429,0.65916288,-0.02556237,0.02556891,0.0
BOMETRY,2026-08-16 18:33:59,2026-08-16 18:38:59,2026-08-16 18:48:59,8.49539,3,0.0391,0.05117707,0.15368852,-0.28054068,-0.25510204,40.88271987,-56.0,17.64705882,13.08956015,-62.40533172,28.15302696,-51.72413793,-0.1262482,0,0.00267788,-0.61006609,0.00105955,0.32947675,0.01361669,0.70482443,-0.05935572,-0.1066792,0.07678526,0.07672634,1.0
BOMETRY,2026-08-16 18:33:59,2026-08-16 18:38:59,2026-08-16 18:48:59,8.49539,5,0.03908,0.10245902,-0.33154807,-0.45848192,-0.07670672,39.19367781,-13.04347826,10.81081081,13.68112298,-54.6388964,27.6637228,-17.56756757,-0.11321831,0,0.01002417,-0.76180802,0.00135254,0.33186591,0.01502886,0.98900979,-0.04356577,-0.45946192,0.0,0.0,
BOMETRY,2026-08-16 18:33:59,2026-08-16 18:38:59,2026-08-16 18:48:59,8.49539,10,0.03926,0.12751849,-0.20335536,-0.30472321,0.82177709,47.68072916,41.7721519,72.72727273,70.90909091,51.92982456,32.77942644,20.49180328,0.01150665,0,0.13276625,0.38353362,0.00221963,0.67684668,0.01769889,0.13102898,0.11089709,-0.90578949,0.0,0.0,
BARTRY,2026-08-16 18:42:59,2026-08-16 18:44:59,2026-08-16 18:57:59,7.38413,0,12.75,0.15710919,0.15710919,0.15710919,0.39370079,83.51858331,45.45454545,100.0,100.0,86.95652174,52.29437229,41.66666667,0.16217753,0,0.0127232,0.15710919,0.00067227,0.83612331,0.00971528,14.93099419,0.60552526,1.0,0.23584906,0.23529412,1.0
BARTRY,2026-08-16 18:42:59,2026-08-16 18:44:59,2026-08-16 18:57:59,7.38413,1,12.73,0.0,0.0,0.0,0.23622047,77.92451784,33.33333333,100.0,100.0,69.13580247,56.19047619,33.33333333,0.15414861,0,0.00888774,0.47355959,0.00050499,0.70625716,0.01030501,0.0,0.12837142,,0.0,0.0,
BARTRY,2026-08-16 18:42:59,2026-08-16 18:44:59,2026-08-16 18:57:59,7.38413,3,12.73,0.0,0.0,0.0,0.71202532,77.92451756,33.33333333,100.0,100.0,78.55626327,65.71428571,33.33333333,0.17068807,0,0.02306087,0.23622047,0.00050499,0.74828177,0.01142245,0.0,0.12837142,,0.0,0.0,
BARTRY,2026-08-16 18:42:59,2026-08-16 18:44:59,2026-08-16 18:57:59,7.38413,5,12.73,0.0,0.0,0.0,0.71202532,77.92451758,60.0,100.0,100.0,92.18436874,66.19047619,60.0,0.18176553,0,0.03813413,0.23622047,0.00084166,0.80120725,0.0117776,0.0,0.12837142,,0.0,0.0,
BARTRY,2026-08-16 18:42:59,2026-08-16 18:44:59,2026-08-16 18:57:59,7.38413,10,12.73,0.47355959,0.23622047,0.23622047,0.71202532,77.92451749,60.0,100.0,66.66666667,151.1627907,44.76190476,60.0,0.13408109,0,0.04132254,0.71202532,0.00084166,1.06604893,0.00941739,2.43457238,0.12837142,-0.14787392,0.23622047,0.23566379,1.0
ONTTRY,2026-08-16 18:49:59,2026-08-16 18:49:59,2026-08-16 19:04:59,6.26703,0,1.835,0.0,-0.05446623,0.27322404,0.32804811,51.095059,29.41176471,90.90909091,90.90909091,138.71635611,33.07217862,26.31578947,-0.0297247,0,0.08083665,0.54794521,0.00073959,0.88461754,0.00653405,0.0,-0.01296037,0.99785309,0.0,0.0,
ONTTRY,2026-08-16 18:49:59,2026-08-16 18:49:59,2026-08-16 19:04:59,6.26703,1,1.835,0.0,0.27322404,0.27322404,0.21845986,51.09506071,33.33333333,90.90909091,93.93939394,158.92139989,34.54276686,33.33333333,-0.04955503,0,0.0803132,0.54794521,0.00081744,0.92017304,0.00617668,0.0,-0.01139337,0.99785309,0.0,0.0,
ONTTRY,2026-08-16 18:49:59,2026-08-16 18:49:59,2026-08-16 19:04:59,6.26703,3,1.836,0.32786885,0.32786885,0.32786885,0.3827228,53.33277464,33.33333333,100.0,88.88888889,162.90726817,38.57785457,24.0,-0.10949449,0,0.0649206,0.43763676,0.00097261,0.88861582,0.00780216,0.33368382,-0.01094796,1.0,0.0,0.0,
ONTTRY,2026-08-16 18:49:59,2026-08-16 18:49:59,2026-08-16 19:04:59,6.26703,5,1.83,0.0,0.0,0.2739726,-0.10917031,38.27076757,-15.78947368,83.33333333,61.11111111,-30.93987157,45.52590652,-8.0,-0.17999956,0,0.03485957,0.05467469,0.0009758,0.4272607,0.01200937,0.0,0.26484921,1.0,0.0,0.0,
ONTTRY,2026-08-16 18:49:59,2026-08-16 18:49:59,2026-08-16 19:04:59,6.26703,10,1.825,0.0,-0.16411379,-0.21869874,-1.1375948,25.41016672,-73.33333333,0.0,0.0,-91.07757479,57.74149091,-46.15384615,-0.3170487,0,-0.04607119,-0.38209607,0.00152642,0.18880795,0.01977454,0.0,0.25323006,-0.78371521,0.0,0.0,
BELTRY,2026-08-16 18:55:59,2026-08-16 19:00:59,2026-08-16 19:10:59,5.13308,0,5.25,-0.19011407,-0.19011407,-0.19011407,-0.75614367,36.53797904,-100.0,25.0,25.0,-149.42528736,31.77437642,-57.14285714,-0.05146504,0,-0.05410943,-0.37950664,0.00095238,0.04503251,0.00792584,2.15002028,0.19503657,-0.64478674,0.0,0.19047619,1.0
BELTRY,2026-08-16 18:55:59,2026-08-16 19:00:59,2026-08-16 19:10:59,5.13308,1,5.26,0.0,0.0,0.0,-0.37878788,46.23215884,-100.0,25.0,25.0,-74.07407407,29.86961451,-50.0,-0.02855757,0,-0.04681026,-0.18975332,0.00081477,0.23647686,0.00720063,0.0,0.10231613,0.0,0.0,0.0,
BELTRY,2026-08-16 18:55:59,2026-08-16 19:00:59,2026-08-16 19:10:59,5.13308,3,5.26,0.0,0.0,0.0,-0.37878788,46.23215888,-50.0,25.0,8.33333333,-120.68965517,29.5521542,-28.57142857,-0.01914962,0,-0.05571312,-0.37878788,0.00095057,0.19060083,0.00674498,0.38473449,0.01495021,0.0,0.19047619,0.19011407,1.0
BELTRY,2026-08-16 18:55:59,2026-08-16 19:00:59,2026-08-16 19:10:59,5.13308,5,5.26,0.0,0.0,-0.18975332,-0.18975332,46.23215892,-20.0,0.0,0.0,-82.82416836,31.61564626,-11.11111111,0.00089097,0,-0.0602327,-0.56710775,0.00122216,0.26163435,0.0079606,0.0,-0.0412759,-0.15637111,0.0,0.0,
BELTRY,2026-08-16 18:55:59,2026-08-16 19:00:59,2026-08-16 19:10:59,5.13308,10,5.27,0.0,-0.18939394,-0.37807183,0.19011407,54.17740349,33.33333333,50.0,58.33333333,33.27965647,39.71088435,16.66666667,0.12658353,0,-0.01412475,0.0,0.00162646,0.54003204,0.00948367,0.98563517,-0.01534706,-0.40840842,-0.18939394,0.18975332,0.0
GPSTRY,2026-08-16 19:18:59,2026-08-16 19:27:59,2026-08-16 19:33:59,5.94059,0,0.495,-1.39442231,-1.39442231,-2.17391304,-2.55905512,27.57730035,-55.55555556,15.38461538,31.79487179,-262.29508197,45.63370803,-45.0,-0.3640196,0,-0.19849303,-1.98019802,0.002886,-0.28009783,0.0235151,4.41026697,-0.41702407,-0.91875629,-1.19760479,1.61616162,0.25
GPSTRY,2026-08-16 19:18:59,2026-08-16 19:27:59,2026-08-16 19:33:59,5.94059,1,0.502,0.0,-0.3968254,-0.79051383,-0.19880716,41.16463035,-42.85714286,40.0,40.0,-114.37908497,46.61410019,-38.0952381,-0.19549091,0,-0.11074853,-0.59405941,0.00298805,0.16873904,0.01733893,0.35165516,-0.39653452,-0.11083451,0.0,0.0,
GPSTRY,2026-08-16 19:18:59,2026-08-16 19:27:59,2026-08-16 19:33:59,5.94059,3,0.502,-0.3968254,-0.79051383,-0.59405941,-1.37524558,41.16463026,-18.18181818,40.0,57.57575758,-118.63896417,48.87600495,-31.03448276,-0.12548092,0,-0.09445661,0.0,0.00412635,0.10302702,0.01793637,0.04958022,-0.40491234,0.07105256,-0.19880716,0.19920319,0.0
GPSTRY,2026-08-16 19:18:59,2026-08-16 19:27:59,2026-08-16 19:33:59,5.94059,5,0.506,0.0,0.1980198,0.1980198,-0.39370079,52.59769734,-9.09090909,72.72727273,69.6969697,-6.94444444,51.13945578,-24.13793103,-0.03804963,0,-0.05617738,-0.39370079,0.00409373,0.47798873,0.01794993,0.0,-0.40337195,0.40255377,0.0,0.0,
GPSTRY,2026-08-16 19:18:59,2026-08-16 19:27:59,2026-08-16 19:33:59,5.94059,10,0.505,0.0,0.59760956,-0.59055118,-0.78585462,49.6976359,-18.18181818,63.63636364,54.54545455,-66.56101426,63.01805338,-31.03448276,-0.115928,0,-0.18266636,-0.59055118,0.00410184,0.28725926,0.01946592,0.0,-0.40656747,-0.99989861,0.0,0.0,
ONTTRY,2026-08-16 19:28:59,2026-08-16 19:28:59,2026-08-16 19:32:59,5.40396,0,1.869,-0.42621204,-1.47601476,-1.37203166,-0.37313433,42.20772164,-7.69230769,0.0,7.09377768,-99.15799901,69.64606633,21.33333333,0.10858236,0,-0.19611679,-1.83823529,0.01433158,0.07263827,0.02195204,1.4268915,-0.27543772,-0.55512167,-0.32,0.58855003,0.0
ONTTRY,2026-08-16 19:28:59,2026-08-16 19:28:59,2026-08-16 19:32:59,5.40396,1,1.877,-0.79281184,-1.0021097,-0.89757128,-0.31864047,46.68307845,1.20481928,5.04201681,13.93138452,-66.02972399,70.60523788,22.22222222,0.25499133,0,-0.12687299,-0.94986807,0.01404216,0.2192906,0.02019267,0.9235326,-0.23706673,-0.04067348,-0.79281184,1.11880661,0.28571429
ONTTRY,2026-08-16 19:28:59,2026-08-16 19:28:59,2026-08-16 19:32:59,5.40396,3,1.897,0.05274262,0.15839493,-0.15789474,1.28136679,61.56683602,24.32432432,20.51282051,21.00294239,20.6095791,69.93807265,30.35230352,0.43803911,0,-0.03219076,0.69002123,0.01389412,0.7257039,0.02017741,0.50857665,-0.27517195,-0.49303774,0.1055409,0.36900369,0.71428571
ONTTRY,2026-08-16 19:28:59,2026-08-16 19:28:59,2026-08-16 19:32:59,5.40396,5,1.895,0.05279831,-0.26315789,-0.47268908,0.31762837,60.50072105,29.11392405,21.48760331,22.03856749,8.70322019,66.42485131,31.52173913,0.48345777,0,-0.01227421,1.01279318,0.01387109,0.68170081,0.01996628,0.42236919,-0.32191653,-0.26967263,-0.31562336,0.58047493,0.45454545
ONTTRY,2026-08-16 19:28:59,2026-08-16 19:28:59,2026-08-16 19:32:59,5.40396,10,1.904,0.47493404,1.06157113,1.49253731,2.64150943,71.86583851,15.2173913,28.92561983,25.8348104,78.61698557,69.73277023,14.24501425,0.570455,0,0.05315517,0.79407094,0.01316777,0.88606111,0.03726005,1.75359858,-0.17317838,0.90016041,0.74074074,0.73529412,1.0
PORTALTRY,2026-08-16 19:29:59,2026-08-16 19:30:59,2026-08-16 19:43:59,5.10577,0,0.6262,-0.39764594,-0.42932104,-1.15232833,-2.46105919,35.22749842,-48.38709677,22.79069767,31.21423854,-109.3451164,43.71172094,-19.1091954,-0.70983262,0,-0.15472433,-1.72630257,0.00793904,0.09610219,0.0413083,1.0371309,-0.34008586,-0.31913372,-0.58739482,1.30948579,0.0
PORTALTRY,2026-08-16 19:29:59,2026-08-16 19:30:59,2026-08-16 19:43:59,5.10577,1,0.6287,-0.15880578,0.4955243,-0.56934999,-1.31847434,37.62636773,-41.17647059,33.1838565,33.67024937,-118.3439742,41.60624299,-23.94578313,-0.67091645,0,-0.1522078,-1.67344385,0.00754391,0.14918801,0.04135347,0.46380483,-0.3105512,0.05547921,-0.03180156,0.27039924,0.0
PORTALTRY,2026-08-16 19:29:59,2026-08-16 19:30:59,2026-08-16 19:43:59,5.10577,3,0.6289,0.52749361,-0.53771944,-1.54978084,-2.61690926,37.39595079,-38.46153846,30.15873016,18.57935393,-144.18999152,37.60918265,-34.80392157,-0.65283327,0,-0.19172528,-1.79575265,0.00926788,0.09999069,0.04416417,0.32803268,-0.27071536,-0.52994678,0.25506137,0.49292415,0.70967742
PORTALTRY,2026-08-16 19:29:59,2026-08-16 19:30:59,2026-08-16 19:43:59,5.10577,5,0.6335,0.18978333,-0.82968065,-0.58066541,-2.35819975,39.43632861,-43.63143631,10.05586592,8.23851726,-119.31496714,32.4588331,-29.79865772,-0.45342763,0,-0.1166574,-1.32398754,0.00840005,0.12817867,0.03608346,0.7592138,-0.25486267,0.12256903,0.20563113,0.45777427,0.62068966
PORTALTRY,2026-08-16 19:29:59,2026-08-16 19:30:59,2026-08-16 19:43:59,5.10577,10,0.6372,-0.34407257,-0.4996877,-0.74766355,-0.23485204,42.31325613,-15.91448931,13.77952756,16.41256496,-86.06856309,26.69061676,-5.11945392,-0.29038506,0,-0.07812194,-1.78791615,0.00985338,0.21916765,0.03170794,1.12179145,-0.12554847,-0.4267072,-0.17233276,0.91023227,0.60344828
DOLOTRY,2026-08-16 19:48:59,2026-08-16 19:48:59,2026-08-16 20:03:59,5.0173,0,1.156,-0.34482759,-0.77253219,-0.51635112,-0.51635112,30.99192621,-40.74074074,10.52631579,28.89576883,-83.27883148,25.3279191,-16.88311688,-0.58120446,0,0.17906031,-1.11206159,0.00475779,0.18962971,0.0191173,0.65804763,0.0040586,-0.78180158,-0.17271157,0.43252595,0.4
DOLOTRY,2026-08-16 19:48:59,2026-08-16 19:48:59,2026-08-16 20:03:59,5.0173,1,1.16,-0.34364261,-0.68493151,-0.17211704,0.51993068,33.54963481,-7.14285714,23.52941176,48.05366357,-33.66058906,27.25706812,0.0,-0.55358378,0,0.2236825,-0.76988879,0.00492611,0.350041,0.01834523,0.52319478,-0.01216468,-0.34807247,0.0,0.51724138,0.33333333
DOLOTRY,2026-08-16 19:48:59,2026-08-16 19:48:59,2026-08-16 20:03:59,5.0173,3,1.165,-0.25684932,0.25817556,-0.17137961,0.86580087,37.0478089,39.39393939,68.0,68.0,26.04920405,35.20384683,9.63855422,-0.59086748,0,0.27033864,-0.17137961,0.0050889,0.56285941,0.01845615,0.45594545,0.12712893,-0.32942717,0.0,0.34334764,0.5
DOLOTRY,2026-08-16 19:48:59,2026-08-16 19:48:59,2026-08-16 20:03:59,5.0173,5,1.162,0.0,-0.42844901,-0.5988024,0.0,31.86728874,25.92592593,56.0,65.0952381,-47.90419162,43.22622049,4.9382716,-0.73119992,0,0.26040817,0.0,0.0049791,0.4165752,0.02008191,1.10484724,-0.06736875,-0.66589568,-0.08598452,0.60240964,0.85714286
DOLOTRY,2026-08-16 19:48:59,2026-08-16 19:48:59,2026-08-16 20:03:59,5.0173,10,1.169,0.0,0.17137961,0.60240964,-2.58333333,36.0224389,-13.04347826,72.72727273,50.07575758,-22.53536879,60.02219137,-16.36363636,-1.03822821,0,0.28029176,0.60240964,0.00672125,0.42355137,0.07730833,0.7377994,-0.10647594,0.38425147,0.08561644,0.427716,0.2
ALICETRY,2026-08-16 19:51:59,2026-08-16 19:51:59,2026-08-16 20:06:59,5.64024,0,6.56,0.0,-0.4552352,0.45941807,0.61349693,51.23030772,20.0,76.92307692,84.61538462,86.2745098,28.889962,5.88235294,0.0750205,0,0.08249578,0.45941807,0.00370209,0.68907994,0.01576806,0.4804062,-0.02364525,0.56108279,-0.152207,0.30487805,0.0
ALICETRY,2026-08-16 19:51:59,2026-08-16 19:51:59,2026-08-16 20:06:59,5.64024,1,6.56,-0.4552352,-0.152207,0.45941807,0.3058104,51.23030764,20.0,76.92307692,92.30769231,64.38213915,28.60528292,-0.0,0.0803662,0,0.09920423,0.76804916,0.00348432,0.68907994,0.01576806,0.20094895,-0.05199591,0.50260058,0.0,0.0,
ALICETRY,2026-08-16 19:51:59,2026-08-16 19:51:59,2026-08-16 20:06:59,5.64024,3,6.59,0.304414,0.91883614,0.61068702,0.61068702,58.50292113,20.0,100.0,90.0,97.89029536,29.36404796,2.94117647,0.02223688,1,0.09444989,1.38461538,0.00368524,0.83917466,0.020498,1.11151551,-0.13732394,-0.08443074,0.304414,0.30349014,1.0
ALICETRY,2026-08-16 19:51:59,2026-08-16 19:51:59,2026-08-16 20:06:59,5.64024,5,6.53,0.0,-0.30534351,0.0,-0.45731707,45.88633531,-6.66666667,70.0,69.74358974,-41.22722915,31.87727547,-18.75,-0.13920132,0,0.00975379,0.15337423,0.00350033,0.38388383,0.02826214,0.71303835,-0.05470104,-0.57092656,-0.1529052,0.30627871,0.5
ALICETRY,2026-08-16 19:51:59,2026-08-16 19:51:59,2026-08-16 20:06:59,5.64024,10,6.53,0.30721966,0.46153846,0.15337423,-1.21028744,45.80806614,-29.03225806,30.43478261,21.73913043,-67.2021419,33.11479181,-17.77777778,-0.29080116,0,-0.10164358,-0.45731707,0.00492234,0.31749459,0.0296268,0.30053979,0.052655,-0.45830902,0.30721966,0.30627871,1.0
PORTALTRY,2026-08-16 20:06:59,2026-08-16 20:07:59,2026-08-16 20:21:59,8.00885,0,0.6864,1.23893805,-2.76243094,-2.34741784,-1.76041219,49.98564436,-4.89396411,27.93103448,20.3568557,-100.64190738,40.57208464,-11.7352614,0.66634027,0,-0.57802745,-2.34741784,0.01871046,0.31484559,0.07269611,0.98033839,0.00385414,-0.2749793,1.26881086,2.40384615,0.98181818
PORTALTRY,2026-08-16 20:06:59,2026-08-16 20:07:59,2026-08-16 20:21:59,8.00885,1,0.678,-2.22094029,-3.4600598,-6.43113442,-2.37580994,45.62183591,-17.17842324,4.01529637,29.24067245,-89.89217552,44.74332522,-10.23255814,0.92099627,0,-0.50478959,-2.9765312,0.01812052,0.15430688,0.07333365,1.40866573,0.00630511,-0.68974997,-2.37580994,2.74336283,0.11290323
PORTALTRY,2026-08-16 20:06:59,2026-08-16 20:07:59,2026-08-16 20:21:59,8.00885,3,0.7059,0.51260145,-2.5807342,0.74211503,3.7325496,61.69171058,23.27044025,54.58248473,50.45222609,52.44043126,55.60221089,11.13846154,1.75924819,0,-0.04677849,3.51957765,0.01644304,0.70186271,0.08265771,0.77089316,0.20174492,0.25088187,0.58421203,1.31746706,1.0
PORTALTRY,2026-08-16 20:06:59,2026-08-16 20:07:59,2026-08-16 20:21:59,8.00885,5,0.7029,-2.99475573,0.31397174,0.0,2.79321439,60.47022574,20.59369202,48.99193548,77.77871099,99.06704617,64.26213738,15.72815534,2.12940701,0,0.18456979,0.60111636,0.01570026,0.68740416,0.10342688,1.29105014,0.18156236,0.31840581,-3.10173697,3.51401337,0.08097166
PORTALTRY,2026-08-16 20:06:59,2026-08-16 20:07:59,2026-08-16 20:21:59,8.00885,10,0.7029,0.58672009,3.07963044,0.60111636,6.79124886,72.16894581,48.59611231,100.0,92.01503759,110.53698075,75.3903953,26.87285223,2.00627358,0,0.24472971,2.79321439,0.01478568,0.88362376,0.10768413,1.06893354,0.28473851,-0.08078007,0.60111636,0.69711196,1.0
BARDTRY,2026-08-16 20:35:59,2026-08-16 20:36:59,2026-08-16 20:50:59,7.92079,0,5.04,-0.1980198,-0.1980198,0.0,-0.1980198,44.43637664,-33.33333333,0.0,66.66666667,-66.66666667,33.33333333,-33.33333333,0.01408543,0,-0.00739232,-0.1980198,0.00042517,0.25,0.00396432,8.15230283,0.30024351,0.0,0.0,0.0,
BARDTRY,2026-08-16 20:35:59,2026-08-16 20:36:59,2026-08-16 20:50:59,7.92079,1,5.05,0.0,0.1984127,0.1984127,0.0,64.81447026,0.0,100.0,100.0,71.26436782,30.95238095,0.0,0.02965891,0,0.00214973,0.0,0.00028289,0.75,0.00396432,0.0,0.42906857,1.0,0.0,0.0,
BARDTRY,2026-08-16 20:35:59,2026-08-16 20:36:59,2026-08-16 20:50:59,7.92079,3,5.05,0.1984127,0.1984127,0.1984127,0.1984127,64.81447026,33.33333333,100.0,33.33333333,41.06280193,30.95238095,33.33333333,0.00762355,1,-0.01265788,0.0,0.00042433,0.80618622,0.003885,14.27895261,0.42906857,1.0,0.1984127,0.1980198,1.0
BARDTRY,2026-08-16 20:35:59,2026-08-16 20:36:59,2026-08-16 20:50:59,7.92079,5,5.04,0.0,0.0,-0.1980198,0.0,44.39943989,0.0,0.0,0.0,-51.28205128,42.85714286,0.0,-0.00520848,0,-0.0273901,-0.1980198,0.00028345,0.31655015,0.00378285,0.0,0.0,-1.0,0.0,0.0,
BARDTRY,2026-08-16 20:35:59,2026-08-16 20:36:59,2026-08-16 20:50:59,7.92079,10,5.05,0.0,0.0,0.0,0.1984127,70.69346806,100.0,100.0,100.0,74.07407407,42.85714286,100.0,0.06660076,0,0.00472253,0.1984127,0.00014144,0.7763854,0.00394484,0.0,-0.31604718,,0.0,0.0,
PORTALTRY,2026-08-16 20:59:59,2026-08-16 21:00:59,2026-08-16 21:14:59,6.48732,0,0.7016,-1.69539022,-2.39287702,-3.61313367,-4.66095937,36.47732954,-31.98924731,3.90879479,9.8202566,-154.79244242,38.78015198,-25.07886435,-0.6115609,0,-0.37871625,-1.68161435,0.01290927,-0.02994266,0.06041315,2.10238604,-0.06817643,-1.0,-1.8466704,2.35176739,0.07272727
PORTALTRY,2026-08-16 20:59:59,2026-08-16 21:00:59,2026-08-16 21:14:59,6.48732,1,0.7137,-0.18181818,-1.5450407,-0.2376293,-3.14832406,43.55060946,-30.49450549,11.85770751,16.77420574,-104.20832365,35.23075395,-25.35657686,-0.37573423,0,-0.26775852,-1.66712593,0.01263036,0.1767598,0.0527067,0.96893149,0.02635624,-0.35304834,-0.36297641,0.99481575,0.26760563
PORTALTRY,2026-08-16 20:59:59,2026-08-16 21:00:59,2026-08-16 21:14:59,6.48732,3,0.7188,-0.84149538,0.4752586,0.27901786,-3.41306101,46.92211579,-29.13165266,24.7706422,39.59465132,-66.07295222,30.68667756,-25.26315789,-0.20458029,0,-0.22577588,-1.45324925,0.01321647,0.25713561,0.04806581,0.45305035,0.07042359,0.04259183,-0.92350103,1.50250417,0.21296296
PORTALTRY,2026-08-16 20:59:59,2026-08-16 21:00:59,2026-08-16 21:14:59,6.48732,5,0.7279,1.74727425,1.54854911,2.00392377,0.1375705,53.49312457,-21.45985401,50.58823529,28.7254902,-42.69716203,28.89459618,-20.46153846,-0.2068747,0,-0.28949879,-1.08710423,0.01275685,0.49253425,0.04690758,1.20171444,0.11427758,0.29830323,1.74727425,1.71726886,1.0
PORTALTRY,2026-08-16 20:59:59,2026-08-16 21:00:59,2026-08-16 21:14:59,6.48732,10,0.7136,-1.68090383,-2.16616397,-3.03030303,-1.34107563,41.94939321,-27.21804511,8.52941176,25.51520203,-169.69406174,30.2464384,-16.71826625,0.0803762,0,-0.41256246,-1.82968771,0.01293242,-0.03304271,0.04066288,1.78796151,-0.05937496,-0.57164515,-1.77563661,2.21412556,0.1835443
BARDTRY,2026-08-16 21:22:59,2026-08-16 21:22:59,2026-08-16 21:37:59,5.4902,0,5.1,0.0,-0.19569472,0.0,-2.29885057,41.56349926,-50.0,13.33333333,11.11111111,-93.71671991,35.55303693,-33.33333333,-0.44638116,0,-0.18477387,-0.390625,0.00504202,0.22052269,0.03851906,0.59075008,-0.12794876,0.11878938,0.19646365,0.19607843,1.0
BARDTRY,2026-08-16 21:22:59,2026-08-16 21:22:59,2026-08-16 21:37:59,5.4902,1,5.1,0.19646365,0.0,-0.77821012,-2.48565966,41.56349926,-50.0,13.33333333,13.33333333,-110.1742552,32.34817728,-37.83783784,-0.44840097,0,-0.21361606,-0.58479532,0.00518207,0.19522981,0.03721002,0.3469603,-0.17395045,-0.13166352,0.19646365,0.39215686,1.0
BARDTRY,2026-08-16 21:22:59,2026-08-16 21:22:59,2026-08-16 21:37:59,5.4902,3,5.11,0.19607843,-0.58365759,-0.58365759,-2.29445507,42.31553262,-54.54545455,20.0,11.11111111,-104.48608745,24.43501201,-38.23529412,-0.3885186,0,-0.24092052,-1.73076923,0.00475259,0.16794311,0.03523793,0.14094324,-0.21635572,-0.03668417,0.0,0.39138943,0.5
BARDTRY,2026-08-16 21:22:59,2026-08-16 21:22:59,2026-08-16 21:37:59,5.4902,5,5.1,-0.77821012,-0.77821012,-0.390625,-1.1627907,40.24947673,-36.0,0.0,19.44444444,-128.67704892,16.47654009,-21.62162162,-0.29815095,0,-0.25682602,-2.29885057,0.00518207,0.01743881,0.0325949,0.54365494,-0.11988465,-0.08934398,-0.77821012,0.78431373,0.0
BARDTRY,2026-08-16 21:22:59,2026-08-16 21:22:59,2026-08-16 21:37:59,5.4902,10,5.12,-0.19493177,-1.53846154,-1.91570881,-0.38910506,42.19402719,-21.21212121,6.25,13.19444444,-153.51812367,23.23020815,-5.55555556,-0.06245193,0,-0.2928108,-0.7751938,0.00753348,0.01756029,0.02913812,0.48571884,-0.3128113,-0.92175282,-0.19493177,0.5859375,0.33333333
BELTRY,2026-08-16 21:34:59,2026-08-16 21:38:59,2026-08-16 21:48:59,5.80762,0,5.49,-0.72332731,-1.25899281,-1.61290323,0.18248175,51.44618882,2.85714286,23.52941176,42.82765738,3.2,43.92996172,7.69230769,0.49341977,0,-0.07792637,-0.18181818,0.00845693,0.47487405,0.03621428,1.6172369,-0.00682324,-0.4843076,-0.54347826,1.09289617,0.33333333
BELTRY,2026-08-16 21:34:59,2026-08-16 21:38:59,2026-08-16 21:48:59,5.80762,1,5.53,-0.18050542,0.36297641,-0.71813285,1.84162063,58.26549725,16.12903226,47.05882353,58.79404393,53.46027096,47.72294293,16.66666667,0.6312273,0,0.00230728,1.28205128,0.00774994,0.68378397,0.03814715,0.33769863,0.06024363,0.12336015,0.0,0.54249548,0.66666667
BELTRY,2026-08-16 21:34:59,2026-08-16 21:38:59,2026-08-16 21:48:59,5.80762,3,5.56,0.90744102,-0.17953321,0.72463768,2.77264325,63.88181472,41.17647059,71.42857143,66.95526696,100.456621,51.05862203,26.31578947,0.7410581,0,0.08078313,1.27504554,0.00732271,0.86402797,0.04086591,1.95324757,0.1260782,0.68767134,0.72463768,0.89928058,0.8
BELTRY,2026-08-16 21:34:59,2026-08-16 21:38:59,2026-08-16 21:48:59,5.80762,5,5.58,0.17953321,1.08695652,1.45454545,2.95202952,74.1386853,73.91304348,81.81818182,86.36363636,178.05688955,52.47951297,40.42553191,0.8315521,0,0.1642426,1.82481752,0.00601639,1.02098253,0.03913664,3.43904048,0.13957948,0.8306993,0.17953321,1.07526882,0.33333333
BELTRY,2026-08-16 21:34:59,2026-08-16 21:38:59,2026-08-16 21:48:59,5.80762,10,5.5,0.73260073,0.18214936,0.3649635,1.66358595,64.66827271,21.73913043,100.0,83.33333333,109.66057441,55.43622872,13.15789474,0.54722745,0,0.05673365,1.47601476,0.00493506,0.88346418,0.02852025,0.29126914,0.15636348,0.08451425,0.3649635,0.54545455,1.0
HEMITRY,2026-08-16 21:46:59,2026-08-16 21:54:59,2026-08-16 22:01:59,5.62633,0,0.2818,-0.07092199,-0.24778761,-0.24778761,0.28469751,56.97473645,20.3539823,42.42424242,40.90909091,7.72357724,43.21207513,8.29015544,0.35794681,0,-0.0498696,-0.80957409,0.00489202,0.57709283,0.0225942,0.30109993,0.01018267,-0.41149303,0.03549876,0.39034776,1.0
HEMITRY,2026-08-16 21:46:59,2026-08-16 21:54:59,2026-08-16 22:01:59,5.62633,1,0.282,0.24884465,-0.10626993,-0.35335689,0.17761989,58.07125537,7.93650794,45.45454545,44.44444444,33.58015069,44.41801205,6.15384615,0.40044981,0,-0.03033011,0.60649304,0.00493921,0.62447657,0.02844601,0.12587014,0.03185117,-0.50063319,0.17761989,0.17730496,1.0
HEMITRY,2026-08-16 21:46:59,2026-08-16 21:54:59,2026-08-16 22:01:59,5.62633,3,0.2825,0.07084662,-0.17667845,-0.0353857,1.54565061,61.84194602,20.93023256,53.03030303,58.94660895,68.34817013,49.37007722,18.84057971,0.51649494,0,0.03839093,0.71301248,0.00523388,0.70172295,0.03846291,0.71492037,0.04326467,-0.24061042,0.07084662,0.24778761,0.28571429
HEMITRY,2026-08-16 21:46:59,2026-08-16 21:54:59,2026-08-16 22:01:59,5.62633,5,0.2825,-0.17667845,-0.0353857,-0.56318198,2.46644904,62.20929909,30.98591549,63.0952381,69.15827122,86.9338886,50.09866587,25.80645161,0.58658831,0,0.09830305,0.53380783,0.00627054,0.74231859,0.04257931,0.78522271,0.03934392,-0.82712952,-0.0353857,0.46017699,0.0
HEMITRY,2026-08-16 21:46:59,2026-08-16 21:54:59,2026-08-16 22:01:59,5.62633,10,0.2841,1.35569033,1.28342246,1.10320285,3.30909091,71.55617139,55.84415584,94.0,80.19178082,157.07342031,33.08765366,36.13445378,0.56691283,0,0.19584897,3.04678999,0.00598381,1.07984504,0.03765174,1.68898533,0.1491136,0.71695428,1.28342246,1.47835269,0.85714286
PORTALTRY,2026-08-16 21:47:59,2026-08-16 21:56:59,2026-08-16 22:01:59,5.34846,0,0.8063,1.80555556,1.14149523,0.12417733,-0.49364433,49.30820884,-7.30868444,44.03669725,24.45542921,-68.24240462,45.03979312,-7.0005385,-0.70769629,0,-0.32483406,-1.90997567,0.01645081,0.41848005,0.05829501,1.04186402,-0.21188083,-0.11460906,1.42138365,2.59208731,0.91866029
PORTALTRY,2026-08-16 21:47:59,2026-08-16 21:56:59,2026-08-16 22:01:59,5.34846,1,0.792,-0.98762345,-0.1261034,-2.48707215,-2.65486726,41.75741614,-17.18309859,5.37897311,15.537847,-117.07420345,46.92219238,-11.84807256,-0.85423217,0,-0.47769655,-3.2967033,0.01590909,0.11859249,0.06297083,1.25819829,-0.18477588,-0.60432083,-1.01237345,1.30050505,0.21359223
PORTALTRY,2026-08-16 21:47:59,2026-08-16 21:56:59,2026-08-16 22:01:59,5.34846,3,0.7972,0.5296343,-1.84683575,0.27672956,-3.32282319,43.73484619,-27.176781,17.28395062,19.69017003,-115.1873154,49.26732055,-14.73102061,-0.77701197,0,-0.56166956,-3.27590391,0.0178213,0.16762039,0.06816286,0.30131042,-0.10592787,0.31557805,0.31458412,1.12895133,0.38888889
PORTALTRY,2026-08-16 21:47:59,2026-08-16 21:56:59,2026-08-16 22:01:59,5.34846,5,0.8053,-0.84954445,1.29559748,-2.03163017,-3.33693434,46.58911089,-23.13503305,34.87297921,33.80497758,-81.99387677,46.22056095,-13.17273193,-0.54806778,0,-0.5715548,-0.61705541,0.017305,0.24374807,0.07537169,0.47542187,-0.09792887,-0.2387232,-0.58024691,1.37836831,0.1981982
PORTALTRY,2026-08-16 21:47:59,2026-08-16 21:56:59,2026-08-16 22:01:59,5.34846,10,0.822,0.36630037,-0.2669255,1.44390966,-4.41860465,53.36480704,-39.34226553,30.62283737,24.23270599,-61.01312414,38.16713205,-25.05070994,0.1204312,0,-0.63258628,-1.33237306,0.01713591,0.31388397,0.07155649,0.4029605,0.0549609,0.66046147,0.31730535,0.77858881,0.53125
BELTRY,2026-08-16 22:17:59,2026-08-16 22:19:59,2026-08-16 22:32:59,5.06108,0,5.68,-0.52539405,-0.52539405,-1.55979203,-0.35087719,47.51574802,-5.26315789,33.33333333,46.03174603,-110.85714286,18.5693954,-11.23595506,0.03035595,0,-0.22001984,-1.55979203,0.01119215,0.20393345,0.02801168,0.50164663,-0.25334377,-0.81835063,-0.52539405,1.23239437,0.42857143
BELTRY,2026-08-16 22:17:59,2026-08-16 22:19:59,2026-08-16 22:32:59,5.06108,1,5.71,-0.34904014,-0.34904014,-0.69565217,-0.34904014,50.09476624,1.81818182,47.61904762,50.79365079,-49.00973481,19.58789745,-5.88235294,0.13462305,0,-0.18154767,-0.69565217,0.01063297,0.36281508,0.03430619,0.55069682,-0.22459542,-0.23542758,-0.34904014,0.70052539,0.25
BELTRY,2026-08-16 22:17:59,2026-08-16 22:19:59,2026-08-16 22:32:59,5.06108,3,5.71,-0.34904014,-0.69565217,-0.34904014,0.88339223,50.22964792,-8.77192982,47.61904762,60.31746032,-61.66056166,23.01470548,-5.43478261,0.22301452,0,-0.17478506,-1.21107266,0.01150863,0.34389673,0.04013515,0.90559912,-0.06723497,0.11654673,-0.34904014,0.52539405,0.33333333
BELTRY,2026-08-16 22:17:59,2026-08-16 22:19:59,2026-08-16 22:32:59,5.06108,5,5.77,0.34782609,0.69808028,0.0,-1.70357751,55.10726809,9.09090909,76.19047619,58.50793651,50.98039216,25.92500379,-1.01010101,0.36246798,0,-0.12765764,1.22807018,0.01225551,0.57699341,0.04064434,0.83436069,-0.04009318,0.29887838,0.34782609,1.21317158,0.28571429
BELTRY,2026-08-16 22:17:59,2026-08-16 22:19:59,2026-08-16 22:32:59,5.06108,10,5.77,0.34782609,-0.17301038,1.22807018,1.9434629,56.06226476,-5.26315789,46.15384615,48.44322344,52.88461538,43.2552252,8.03571429,0.647852,0,-0.09166796,-1.70357751,0.01386482,0.63398024,0.0580104,0.35574865,0.03207647,0.52884269,0.17361111,0.86655113,0.4
PORTALTRY,2026-08-16 22:48:59,2026-08-16 22:48:59,2026-08-16 23:02:59,5.39974,0,0.763,-1.2425576,-1.91541329,-2.45461519,-4.77973293,24.73319059,-58.90909091,26.62192394,18.19717907,-133.32830429,74.98581165,-42.73301738,-1.36568109,0,-0.16064241,-2.62889229,0.01185171,0.10069088,0.07940579,2.11072962,-0.12438657,-1.0,-1.03761349,2.62123198,0.595
PORTALTRY,2026-08-16 22:48:59,2026-08-16 22:48:59,2026-08-16 23:02:59,5.39974,1,0.7726,-0.28394424,-0.6940874,-1.57961783,-3.76183358,29.51031099,-55.9454191,15.46961326,15.80924711,-90.29305909,73.14013679,-41.70176917,-1.24836201,0,-0.10213969,-1.74233753,0.01097408,0.21863433,0.08274007,0.9820261,-0.15423917,-1.0,-0.18087855,1.03546466,0.7
PORTALTRY,2026-08-16 22:48:59,2026-08-16 22:48:59,2026-08-16 23:02:59,5.39974,3,0.7779,-0.01285347,-0.9044586,-0.06423433,-4.91382472,32.60373171,-60.35087719,19.45812808,19.19012433,-74.1542475,68.44009319,-42.3015873,-1.24347718,0,-0.12826181,-0.70206791,0.01156961,0.2429838,0.08591452,0.52574322,-0.18605484,-0.5969024,-0.01285347,0.80987273,0.46031746
PORTALTRY,2026-08-16 22:48:59,2026-08-16 22:48:59,2026-08-16 23:02:59,5.39974,5,0.7822,-0.3566879,0.48818088,-0.17866258,-5.026712,35.10266316,-64.96124031,21.78571429,20.28000167,-68.46435733,60.70164513,-43.09433962,-1.28916142,0,-0.20156103,-2.38362661,0.01209957,0.24900475,0.08457693,0.87904234,-0.14052018,-0.54789444,-0.3566879,0.65200716,0.29411765
PORTALTRY,2026-08-16 22:48:59,2026-08-16 22:48:59,2026-08-16 23:02:59,5.39974,10,0.7836,-0.34338039,0.02552974,-2.20891052,-3.47376201,30.2945237,-55.27728086,20.47531993,23.27848873,-136.25706425,38.69077507,-30.68006182,-1.2708536,0,-0.46534089,-4.85672657,0.01179538,0.06132663,0.07063011,0.67426306,-0.17215295,-0.38152205,-0.40671073,0.61255743,0.33333333
XAITRY,2026-08-16 22:51:59,2026-08-16 22:55:59,2026-08-16 23:05:59,5.17486,0,0.3501,-0.82152975,-0.28481914,-0.7371704,0.37270642,49.66341328,3.50877193,23.25581395,68.14322628,34.21848014,25.64823604,5.02793296,0.22287407,0,-0.01336205,0.02857143,0.00365202,0.41488704,0.01491491,2.2956169,0.24334415,-0.05266782,-0.82152975,0.85689803,0.03333333
XAITRY,2026-08-16 22:51:59,2026-08-16 22:55:59,2026-08-16 23:05:59,5.17486,1,0.353,0.14184397,0.36963321,0.14184397,1.23315171,65.56066452,44.68085106,90.69767442,80.3912883,163.66466533,26.02431529,27.5,0.29954644,0,0.03633936,0.71326676,0.00323756,0.96793123,0.0148746,1.83316849,0.35991534,0.50711255,0.17026107,0.28328612,0.6
XAITRY,2026-08-16 22:51:59,2026-08-16 22:55:59,2026-08-16 23:05:59,5.17486,3,0.3511,-0.17059994,-0.39716312,0.19977169,0.48654837,57.76951882,31.57894737,60.0,76.2962963,84.78009259,20.065719,20.89552239,0.25247968,0,0.01438958,0.31428571,0.00272613,0.68641652,0.01232757,1.22160226,0.27181122,0.22226899,-0.11379801,0.3987468,0.35714286
XAITRY,2026-08-16 22:51:59,2026-08-16 22:55:59,2026-08-16 23:05:59,5.17486,5,0.3527,0.05673759,0.65639269,0.77142857,0.65639269,69.23891897,17.64705882,95.55555556,81.57706093,198.94366197,16.14740819,11.27819549,0.27781748,0,0.03919044,1.11811927,0.00269351,1.05837027,0.01360948,3.31050682,0.39575128,0.5401186,0.19886364,0.42529062,1.0
XAITRY,2026-08-16 22:51:59,2026-08-16 22:55:59,2026-08-16 23:05:59,5.17486,10,0.35,-0.14265335,0.0,0.3440367,0.63254744,58.12161916,27.83505155,66.66666667,69.62962963,49.83797072,15.63462777,18.60465116,0.18348532,0,-0.02952698,-0.11415525,0.00263265,0.67134779,0.01378899,3.50681773,-0.19567446,-0.05900493,-0.11415525,0.42857143,0.6
PORTALTRY,2026-08-16 23:17:59,2026-08-16 23:15:59,2026-08-16 23:32:59,7.19461,0,0.7748,-0.34726688,-0.2189311,-1.43747615,-2.34434081,42.00190024,-31.91489362,8.69565217,17.33261095,-138.8987707,38.34426196,-17.43503772,-0.35157002,0,-0.14204281,-2.4672709,0.01099823,0.07764207,0.03427201,0.53744553,-0.05820797,-0.57573992,-0.24462469,0.67114094,0.53846154
PORTALTRY,2026-08-16 23:17:59,2026-08-16 23:15:59,2026-08-16 23:32:59,7.19461,1,0.7775,-0.39713041,-0.10278813,-0.26936891,-2.28729421,43.90392234,-22.17573222,16.82242991,19.00311526,-102.72430653,38.0404112,-12.11382114,-0.28161928,0,-0.11784487,-1.31996446,0.01129995,0.17667372,0.03418623,0.51903935,-0.06153297,-0.23937427,-0.51183621,0.92604502,0.44444444
PORTALTRY,2026-08-16 23:17:59,2026-08-16 23:15:59,2026-08-16 23:32:59,7.19461,3,0.7765,-0.23127329,-0.39763982,-1.67152083,-1.2086514,42.55209101,-19.77715877,13.70716511,13.37664311,-110.67118073,36.784681,-4.0181956,-0.21366171,0,-0.11046623,-2.41296971,0.0121332,0.1551724,0.03512379,0.76494938,-0.08261703,-0.64916865,-0.32092426,1.15904701,0.48888889
PORTALTRY,2026-08-16 23:17:59,2026-08-16 23:15:59,2026-08-16 23:32:59,7.19461,5,0.7861,0.8337609,-0.45586932,-1.0448137,1.43225806,49.2540708,4.43490701,26.42276423,28.09986987,-9.44726452,36.35181963,7.55905512,0.00762587,0,0.00972114,-0.92009075,0.01153979,0.51064957,0.03704443,0.7267583,0.00121856,-0.28345544,0.78205128,1.08128737,0.71764706
PORTALTRY,2026-08-16 23:17:59,2026-08-16 23:15:59,2026-08-16 23:32:59,7.19461,10,0.7944,0.82497779,-0.16337816,0.12603983,3.02165737,56.02319916,39.57597173,71.17647059,59.01836949,92.78861575,35.09624382,24.90023943,0.3220835,0,0.28381208,2.50322581,0.01126636,0.80509431,0.05248439,0.88323292,0.13848546,-0.02466533,0.59516272,1.33434038,0.47169811
ATTRY,2026-08-16 23:28:59,2026-08-16 23:28:59,2026-08-16 23:43:59,5.92938,0,7.505,0.0,0.0,0.0,-0.0266418,34.47107133,-20.0,66.66666667,66.66666667,-35.8974359,47.14285714,-20.0,-0.01604568,0,0.00559108,-0.0266418,9.517e-05,0.41666667,0.00095928,0.0,-0.7211749,,0.0,0.0,
ATTRY,2026-08-16 23:28:59,2026-08-16 23:28:59,2026-08-16 23:43:59,5.92938,1,7.505,0.0,0.0,0.0,-0.0266418,34.47106925,-20.0,66.66666667,66.66666667,-40.4040404,52.85714286,-20.0,-0.01765059,0,0.00535948,-0.0266418,9.517e-05,0.4038113,0.00096958,0.0,-0.7211749,,0.0,0.0,
ATTRY,2026-08-16 23:28:59,2026-08-16 23:28:59,2026-08-16 23:43:59,5.92938,3,7.505,0.0,0.0,0.05332622,-0.0266418,34.47106645,-20.0,66.66666667,66.66666667,-51.28205128,64.28571429,-20.0,-0.02135822,0,0.0044362,-0.0266418,9.517e-05,0.37779677,0.0009812,0.0,-0.7211749,1.0,0.0,0.0,
ATTRY,2026-08-16 23:28:59,2026-08-16 23:28:59,2026-08-16 23:43:59,5.92938,5,7.505,0.0,0.05332622,-0.0266418,-0.0266418,34.47106729,-20.0,66.66666667,66.66666667,-66.66666667,75.71428571,-20.0,-0.02584511,0,0.00263852,-0.0266418,9.517e-05,0.3506405,0.00098117,0.0,-0.70082896,-0.4423498,0.0,0.0,
ATTRY,2026-08-16 23:28:59,2026-08-16 23:28:59,2026-08-16 23:43:59,5.92938,10,7.507,0.0,0.0,0.0,-0.09315944,7.87686289,0.0,50.0,33.33333333,-44.44444444,92.85714286,0,-0.02285306,0,0.00463927,0.0,,0.35566243,0.0016147,0.0,0.0,,0.0,0.0,
RARETRY,2026-08-16 23:32:59,2026-08-16 23:39:59,2026-08-16 23:47:59,5.35106,0,0.5867,-0.76116373,-0.84502282,-0.55932203,0.94631796,51.58080839,19.46308725,27.77777778,61.26729139,30.46450835,41.11323144,26.86567164,0.44557154,0,0.06531615,0.47953417,0.0048942,0.53189569,0.02834786,2.53773462,0.18211994,0.08611482,-0.57617353,0.69882393,0.17073171
RARETRY,2026-08-16 23:32:59,2026-08-16 23:39:59,2026-08-16 23:47:59,5.35106,1,0.5912,-0.7554138,-0.28672626,0.52712124,1.86078567,62.69817627,39.0625,64.45783133,82.05853718,124.28270146,39.18155053,40.6162465,0.56009513,0,0.15094658,0.93904729,0.00431326,0.80979018,0.02897777,3.36268929,0.29983652,0.40096865,-0.65535204,0.84573748,0.22
RARETRY,2026-08-16 23:32:59,2026-08-16 23:39:59,2026-08-16 23:47:59,5.35106,3,0.5917,-0.20239501,0.61214079,0.92103019,1.45747599,72.7605407,41.06280193,90.15151515,92.69653052,176.14377119,29.78096349,28.07017544,0.49910434,0,0.16151774,1.5271105,0.00344045,0.993464,0.02410322,2.50843952,0.42316855,0.62931644,-0.1518731,0.30420821,0.33333333
RARETRY,2026-08-16 23:32:59,2026-08-16 23:39:59,2026-08-16 23:47:59,5.35106,5,0.59,0.32307431,0.63107624,1.04469943,1.35715513,73.86352174,42.01183432,88.69565217,95.44757033,177.79003493,27.69616273,28.32618026,0.37484108,0,0.12779976,1.51410874,0.00282082,1.05407262,0.02065256,6.60547411,0.30754987,1.0,0.37427696,0.61016949,0.63888889
RARETRY,2026-08-16 23:32:59,2026-08-16 23:39:59,2026-08-16 23:47:59,5.35106,10,0.5839,-0.30732457,0.18874399,0.46455609,1.00328663,58.64196994,37.17948718,66.66666667,81.21112604,105.77995983,26.0613835,26.21359223,0.19642157,0,0.08598222,0.30922522,0.00252,0.78155639,0.01818869,0.26566632,0.22126255,0.79117015,-0.32434278,0.37677685,0.13636364
PORTALTRY,2026-08-17 00:03:59,2026-08-17 00:09:59,2026-08-17 00:18:59,5.09513,0,0.7875,1.13008861,0.57471264,0.76775432,-2.2589053,41.8210087,-28.1512605,41.80602007,16.84286769,-63.69377247,68.5516431,-14.36672968,-1.01459101,0,-0.1076545,-1.04297562,0.00959637,0.35607799,0.06312419,0.86782649,-0.13921424,0.45643868,1.02629891,1.86666667,0.85034014
PORTALTRY,2026-08-17 00:03:59,2026-08-17 00:09:59,2026-08-17 00:18:59,5.09513,1,0.7787,0.12858429,-0.73932441,-0.56186949,-3.84045443,30.65099413,-61.9266055,6.2295082,7.89947613,-101.33668669,70.04624094,-32.68858801,-1.16091417,0,-0.22387138,-2.65033129,0.00948467,0.17195292,0.06705692,0.51283391,-0.20721672,-0.30263,0.21879022,0.3980994,0.5483871
PORTALTRY,2026-08-17 00:03:59,2026-08-17 00:09:59,2026-08-17 00:18:59,5.09513,3,0.783,-0.19120459,-0.01276976,-0.30557678,-3.80835381,32.52713045,-69.64656965,14.97584541,12.07579971,-97.25986149,61.58046011,-29.74910394,-1.12448797,0,-0.26939506,-2.125,0.01018062,0.17561526,0.06496165,0.46858895,-0.10818541,-0.55764116,0.01277302,0.44699872,0.08571429
PORTALTRY,2026-08-17 00:03:59,2026-08-17 00:09:59,2026-08-17 00:18:59,5.09513,5,0.7815,-0.20431618,-0.49656226,-1.7969339,-4.39197455,29.50783615,-70.12987013,2.65251989,4.67755506,-128.33125778,52.20530513,-30.46875,-1.16445763,0,-0.38664968,-3.00359935,0.0105292,0.06910093,0.06151762,2.18803028,-0.20370774,-1.0,-0.07671653,0.78055022,0.16393443
PORTALTRY,2026-08-17 00:03:59,2026-08-17 00:09:59,2026-08-17 00:18:59,5.09513,10,0.7958,-0.51256407,-0.525,-1.22874519,-3.70280736,37.6237095,-37.52310536,7.98611111,17.04493305,-147.92739095,32.91716179,-29.64563526,-0.63604544,0,-0.32274396,-2.64252508,0.01038488,0.0465967,0.04615626,0.70026652,0.00587955,-0.62969906,-0.51256407,0.85448605,0.33823529
RARETRY,2026-08-17 00:28:59,2026-08-17 00:28:59,2026-08-17 00:42:59,5.03134,0,0.5903,-0.43852252,-0.10154002,-0.78991597,-6.00318471,35.80922045,-56.91823899,4.92227979,6.67766292,-65.04592963,70.49721782,-39.20972644,-1.61083966,0,-0.25619045,-0.0507958,0.01194308,0.2778406,0.12145949,0.31207187,-0.30931428,-0.62563682,-0.4217274,0.5251567,0.19354839
RARETRY,2026-08-17 00:28:59,2026-08-17 00:28:59,2026-08-17 00:42:59,5.03134,1,0.5929,0.49152542,-0.33619096,0.18587361,-6.03803487,37.34091587,-56.16,11.36363636,6.91801661,-63.80358789,66.48126202,-40.59003052,-1.66248939,0,-0.32616787,-0.47003525,0.01184252,0.29580816,0.13677925,0.30051549,-0.25331641,-0.13119494,0.27059022,0.26986001,1.0
RARETRY,2026-08-17 00:28:59,2026-08-17 00:28:59,2026-08-17 00:42:59,5.03134,3,0.5909,-0.67238191,-0.1520784,-1.22032765,-7.57078054,34.90259932,-55.89586524,5.64334086,9.85198386,-77.03069928,58.0465006,-39.19694073,-1.7729573,0,-0.51591272,-3.68378158,0.01264415,0.22714941,0.14633837,0.15051392,-0.20781581,-0.60649167,-0.75579442,0.88001354,0.13461538
RARETRY,2026-08-17 00:28:59,2026-08-17 00:28:59,2026-08-17 00:42:59,5.03134,5,0.595,0.54072322,-0.53493815,0.74500508,-9.24344112,37.01911965,-63.90977444,11.16751269,9.39311567,-88.28970025,48.7448127,-46.50040225,-1.83016184,0,-0.71809826,-5.25477707,0.01492197,0.21790384,0.14795236,0.4161057,-0.16240844,0.2244072,0.54072322,1.04201681,0.80645161
RARETRY,2026-08-17 00:28:59,2026-08-17 00:28:59,2026-08-17 00:42:59,5.03134,10,0.5906,-0.85613564,-3.73268134,-5.95541401,-8.44830259,31.27727423,-61.50442478,3.25443787,6.33657071,-192.8151482,28.57205139,-45.40145985,-1.47585471,0,-1.22384287,-9.91458206,0.01656911,-0.06457663,0.11524127,1.29194053,-0.02255388,-1.0,-0.78951789,1.59160176,0.23404255
SOPHTRY,2026-08-17 00:41:59,2026-08-17 00:41:59,2026-08-17 00:56:59,7.97872,0,0.188,0.0,0.53475936,-0.52910053,-3.58974359,43.57574606,-27.27272727,28.57142857,13.22751323,-102.1021021,46.68331668,-25.0,-0.45073355,0,-0.25001775,0.0,0.00911854,0.24019238,0.04552039,0.6456175,0.14810603,-0.10165335,0.0,1.06382979,1.0
SOPHTRY,2026-08-17 00:41:59,2026-08-17 00:41:59,2026-08-17 00:56:59,7.97872,1,0.188,0.53475936,0.0,-1.05263158,-3.09278351,43.57574606,-46.66666667,11.11111111,3.7037037,-101.2345679,42.28771229,-28.57142857,-0.4576883,0,-0.29279283,-1.57068063,0.0106383,0.2152526,0.04426745,0.46118423,0.01382134,-0.36245357,0.0,0.53191489,1.0
SOPHTRY,2026-08-17 00:41:59,2026-08-17 00:41:59,2026-08-17 00:56:59,7.97872,3,0.187,-0.53191489,-1.57894737,-1.57894737,-2.09424084,38.66684938,-29.41176471,0.0,4.16666667,-146.77640604,38.26173826,-16.12903226,-0.36290105,0,-0.32728683,-2.60416667,0.0118411,-0.00082386,0.04079187,0.31239801,0.00676132,-0.72634759,-0.53191489,0.53475936,0.0
SOPHTRY,2026-08-17 00:41:59,2026-08-17 00:41:59,2026-08-17 00:56:59,7.97872,5,0.189,-0.52631579,-0.52631579,0.53191489,-1.04712042,45.20704163,-17.64705882,12.5,20.83333333,-125.0,39.3006993,-12.12121212,-0.11275854,0,-0.24783042,-3.07692308,0.01247166,0.14335102,0.03298679,0.45805921,0.09424183,-0.00242702,0.53191489,0.52910053,1.0
SOPHTRY,2026-08-17 00:41:59,2026-08-17 00:41:59,2026-08-17 00:56:59,7.97872,10,0.188,-1.57068063,-2.08333333,-3.58974359,-0.52910053,41.82926973,-15.78947368,0.0,23.80952381,-112.82051282,46.84648685,2.43902439,0.18214746,0,-0.24375409,-1.57068063,0.01557751,0.03167294,0.03518739,0.85932784,0.01711713,-0.66047472,-1.57068063,1.59574468,0.0
PORTALTRY,2026-08-17 00:42:59,2026-08-17 00:42:59,2026-08-17 00:50:59,5.09277,0,0.8031,-1.14475628,-0.85185185,-1.58088235,-1.15692308,42.83792164,-21.11553785,18.28358209,32.04707393,-117.87580508,17.73154636,-15.20342612,0.06983768,0,-0.18387368,-2.29927007,0.0083071,0.08866516,0.02800776,1.70006429,0.03952204,-0.54287209,-0.99852071,1.61872743,0.37692308
PORTALTRY,2026-08-17 00:42:59,2026-08-17 00:42:59,2026-08-17 00:50:59,5.09277,1,0.8124,-0.1965602,-0.5630355,-0.64815947,1.09507218,51.4070031,-0.23752969,26.31578947,40.05511067,-0.8343763,16.5622449,-0.48250905,0.24080069,0,-0.09570231,-0.47776553,0.00728881,0.4860642,0.0264886,0.96730055,0.13922456,-0.41927908,-0.07380074,0.40620384,0.57575758
PORTALTRY,2026-08-17 00:42:59,2026-08-17 00:42:59,2026-08-17 00:50:59,5.09277,3,0.81,-0.85679315,-0.94166565,-1.2195122,0.87173101,49.21195167,7.24637681,42.30769231,58.97435897,10.03215434,16.63965015,4.28724544,0.34021994,0,-0.05793897,-0.07401925,0.00822751,0.43045019,0.03011324,0.86075252,-0.02498343,-0.57694985,-0.85679315,0.86419753,0.0
PORTALTRY,2026-08-17 00:42:59,2026-08-17 00:42:59,2026-08-17 00:50:59,5.09277,5,0.816,-0.20790021,-0.48780488,-0.72992701,1.00259933,55.97308883,24.56140351,65.38461538,65.6940428,74.11477411,18.68303649,17.24915445,0.4917451,0,0.03472097,0.43076923,0.00776436,0.67493512,0.02975185,0.45937898,-0.10403296,-0.59634039,-0.45138465,0.69852941,0.0
PORTALTRY,2026-08-17 00:42:59,2026-08-17 00:42:59,2026-08-17 00:50:59,5.09277,10,0.822,0.69827269,1.40636566,1.16923077,0.55045872,63.88609165,12.96625222,89.43661972,73.75160051,144.77987421,24.08651069,3.19634703,0.56383595,0,0.15241144,1.7452655,0.00951512,0.99789281,0.02999411,1.08100178,0.03384692,0.76271507,0.71061014,1.07055961,0.65909091
ACTTRY,2026-08-17 00:43:59,2026-08-17 00:45:59,2026-08-17 00:53:59,5.2687,0,0.4708,-0.77976818,-1.07165371,-1.25838926,-2.10022874,7.88819967,-82.11382114,13.84615385,4.61538462,-204.88738151,52.36691573,-83.55263158,-0.46092699,0,-0.22112417,-2.32365145,0.00230611,-0.17944744,0.02616123,15.6015552,-0.32027705,-1.0,-0.84245998,1.23194562,0.31034483
ACTTRY,2026-08-17 00:43:59,2026-08-17 00:45:59,2026-08-17 00:53:59,5.2687,1,0.4745,0.0,-0.48238255,-1.47425249,-1.33083801,12.42902322,-74.41860465,0.0,0.0,-178.03596127,48.65966102,-76.59574468,-0.34142397,0,-0.1725648,-1.33083801,0.00141502,-0.04040621,0.02057416,0.0,-0.20608409,-1.0,0.0,0.0,
ACTTRY,2026-08-17 00:43:59,2026-08-17 00:45:59,2026-08-17 00:53:59,5.2687,3,0.4759,-0.18875839,-1.18355482,-1.18355482,-1.0397172,15.30305705,-69.44444444,0.0,5.84795322,-266.09695005,42.47931654,-72.5,-0.20088779,0,-0.12906379,-1.0397172,0.00120073,-0.16623838,0.01430739,1.89410856,-0.32035324,-0.944223,-0.06299874,0.06303845,0.0
ACTTRY,2026-08-17 00:43:59,2026-08-17 00:45:59,2026-08-17 00:53:59,5.2687,5,0.4768,-0.99667774,-0.99667774,-1.07883817,-0.89378508,17.75365747,-66.15384615,8.77192982,45.34821903,-579.4137696,44.68643858,-69.8630137,-0.04361015,0,-0.05764336,-0.8525681,0.0010936,-0.51687254,0.00847545,8.54194008,-0.25259931,-0.95144814,-0.50083472,0.60822148,0.17241379
ACTTRY,2026-08-17 00:43:59,2026-08-17 00:45:59,2026-08-17 00:53:59,5.2687,10,0.482,0.22873778,0.22873778,0.22873778,0.20790021,82.78750082,62.5,100.0,33.33333333,550.10224949,63.72683556,63.15789474,0.05537367,0,0.00811473,0.18707129,0.00028156,1.54713477,0.00198542,6.76751848,-0.11751186,1.0,0.06227943,0.06224066,1.0
DODOTRY,2026-08-17 01:03:59,2026-08-17 01:03:59,2026-08-17 01:18:59,5.506,0,1.0425,0.0,0.23074704,0.12485594,0.34652036,53.86838464,4.34782609,37.87878788,30.44733045,52.44614693,17.7073505,-0.72202166,0.03119544,0,0.01757513,-0.28694405,0.00189791,0.65764331,0.01207089,0.0,-0.43200024,-0.30247764,0.0,0.0,
DODOTRY,2026-08-17 01:03:59,2026-08-17 01:03:59,2026-08-17 01:18:59,5.506,1,1.0425,0.23074704,0.23074704,0.24038462,0.34652036,53.8683846,16.98113208,37.87878788,25.66420508,56.02611081,19.06755862,15.70996979,0.01865962,0,0.01163424,-0.34413536,0.0022679,0.6756649,0.01335508,0.5123886,-0.35307578,-0.06166466,0.03838403,0.07673861,0.5
DODOTRY,2026-08-17 01:03:59,2026-08-17 01:03:59,2026-08-17 01:18:59,5.506,3,1.0401,0.0,0.00961538,-0.23978515,0.58994197,47.92597519,21.77777778,23.52941176,47.70800212,24.54571401,20.44523134,24.10958904,0.01116162,0,0.00807162,-0.0480492,0.00250663,0.55301543,0.01524589,0.83460269,-0.37469338,-0.76223372,0.0,0.16344582,0.0
DODOTRY,2026-08-17 01:03:59,2026-08-17 01:03:59,2026-08-17 01:18:59,5.506,5,1.0412,0.11538462,-0.13427969,-0.41128647,0.76454079,50.30387048,31.85840708,63.51351351,62.61261261,46.46576693,21.85859326,19.13746631,0.04321447,0,0.03343268,0.22138801,0.00254514,0.60824931,0.01555283,0.78180471,-0.29349163,-0.72333763,-0.18214936,0.24010757,0.0
DODOTRY,2026-08-17 01:03:59,2026-08-17 01:03:59,2026-08-17 01:18:59,5.506,10,1.0455,-0.05735589,0.47088218,0.63528732,0.33589251,59.9206677,14.40329218,92.56756757,92.18918919,105.62696372,22.21875128,9.19220056,0.08716169,0,0.11483407,1.18068325,0.00245269,0.86160123,0.01696612,1.71102892,0.06190996,0.36714268,0.16286645,0.26781444,0.60714286
PORTALTRY,2026-08-17 01:05:59,2026-08-17 01:07:59,2026-08-17 01:20:59,8.89023,0,0.8174,-0.62006079,-1.71936997,-0.96922704,-0.58379956,46.4193313,-1.71821306,22.92490119,44.92753623,-86.05236657,21.8526329,4.84739677,0.19376798,0,-0.09158286,-0.70456754,0.0097347,0.17377705,0.02329764,0.69577113,-0.03552911,-0.2672533,-0.40209577,0.61169562,0.32
PORTALTRY,2026-08-17 01:05:59,2026-08-17 01:07:59,2026-08-17 01:20:59,8.89023,1,0.8225,-0.7840772,-0.55616008,-1.18933205,-1.1655852,50.62256654,0.52724077,43.08300395,63.76811594,4.1809198,22.10696325,3.52622061,0.3374196,0,-0.00819312,0.8583691,0.00960486,0.44367072,0.02371058,0.71244264,-0.05164234,-0.32784453,-0.87973006,1.27659574,0.28571429
PORTALTRY,2026-08-17 01:05:59,2026-08-17 01:07:59,2026-08-17 01:20:59,8.89023,3,0.8317,0.55616008,-0.08409419,1.19235917,1.15543663,59.45082203,11.14503817,79.44664032,56.62624636,104.11185059,24.01344988,4.18482999,0.43716146,0,0.06571608,1.55067155,0.00985074,0.94942299,0.02339851,0.72694565,-0.0903754,0.4704066,0.59264635,1.25045088,0.75961538
PORTALTRY,2026-08-17 01:05:59,2026-08-17 01:07:59,2026-08-17 01:20:59,8.89023,5,0.8254,-0.84094185,0.42584256,0.26724976,1.12717471,54.78719477,8.63422292,42.59259259,51.77328844,91.63591636,22.83077659,19.4488189,0.37958089,0,0.04337783,0.38919971,0.01099034,0.69649995,0.02440885,0.89633249,-0.07262013,0.19628554,-0.69778633,1.45384056,0.20833333
PORTALTRY,2026-08-17 01:05:59,2026-08-17 01:07:59,2026-08-17 01:20:59,8.89023,10,0.8232,0.94420601,0.51282051,0.12162491,2.50280164,55.15345199,15.84327087,43.01369863,38.45606269,38.96795259,16.61163457,14.38746439,0.24604016,0,-0.04656394,0.85763293,0.01218242,0.7206858,0.02922366,1.58051457,-0.07714022,0.21003105,0.82057563,1.53061224,0.79365079
SOPHTRY,2026-08-17 01:58:59,2026-08-17 02:11:59,2026-08-17 02:13:59,6.63265,0,0.194,-1.02040816,-1.52284264,-1.52284264,-0.51282051,36.67228415,-33.33333333,0.0,50.0,-134.75177305,25.10204082,-42.85714286,-0.07205312,0,-0.04073473,-1.02040816,0.00257732,-0.03441675,0.01814843,0.50861849,0.06837986,-0.52756353,-0.51282051,1.03092784,0.0
SOPHTRY,2026-08-17 01:58:59,2026-08-17 02:11:59,2026-08-17 02:13:59,6.63265,1,0.196,-0.50761421,-0.50761421,0.0,0.51282051,47.42955514,20.0,50.0,83.33333333,41.66666667,21.60997732,14.28571429,0.07370421,0,0.0520057,0.0,0.00255102,0.5,0.0158081,0.56582338,0.09351706,-0.36900091,-0.50761421,0.51020408,0.0
SOPHTRY,2026-08-17 01:58:59,2026-08-17 02:11:59,2026-08-17 02:13:59,6.63265,3,0.197,0.0,0.51020408,0.51020408,1.54639175,54.90747768,50.0,100.0,100.0,118.47389558,16.60997732,33.33333333,0.10283714,0,0.09394702,0.51020408,0.00217549,0.79515064,0.01641773,0.30711727,0.1784334,0.46013931,0.0,0.0,
SOPHTRY,2026-08-17 01:58:59,2026-08-17 02:11:59,2026-08-17 02:13:59,6.63265,5,0.197,0.51020408,0.51020408,0.51020408,0.51020408,54.90747752,14.28571429,100.0,88.88888889,90.32258065,11.05442177,0.0,0.04072845,1,0.0818757,1.02564103,0.00326323,0.85476212,0.01510452,0.00201985,0.07814605,0.34243232,0.51020408,0.50761421,1.0
SOPHTRY,2026-08-17 01:58:59,2026-08-17 02:11:59,2026-08-17 02:13:59,6.63265,10,0.196,0.0,0.0,0.51282051,-0.50761421,49.16079244,0.0,66.66666667,55.55555556,0.0,17.99886621,-10.0,-0.10909602,0,0.03071863,0.0,0.00364431,0.51689343,0.01510452,0.10100977,0.02616655,0.36234297,0.0,0.0,
GPSTRY,2026-08-17 02:01:59,2026-08-17 02:04:59,2026-08-17 02:16:59,5.625,0,0.479,-0.20833333,-0.20833333,-0.20833333,-0.20833333,35.38891199,-100.0,0.0,66.66666667,-518.51851852,78.57142857,-100.0,0.03690887,0,-0.03465906,-0.20833333,0.00029824,-0.58972474,0.0018164,5.49104212,0.77118056,-1.0,0.0,0.0,
GPSTRY,2026-08-17 02:01:59,2026-08-17 02:04:59,2026-08-17 02:16:59,5.625,1,0.48,0.0,0.0,0.0,0.0,92.87433178,0.0,100.0,100.0,35.0877193,78.57142857,-100.0,0.06516882,0,-0.02101956,0.0,0.00014881,,0.0,0.0,0.99405345,,0.0,0.0,
GPSTRY,2026-08-17 02:01:59,2026-08-17 02:04:59,2026-08-17 02:16:59,5.625,3,0.48,0.0,0.0,0.0,0.0,92.87433178,0.0,100.0,100.0,35.0877193,78.57142857,-100.0,0.07756419,0,-0.01950103,0.0,0.00014881,,0.0,0.0,0.99405345,0.0,0.0,0.0,
GPSTRY,2026-08-17 02:01:59,2026-08-17 02:04:59,2026-08-17 02:16:59,5.625,5,0.48,0.0,0.0,0.0,0.0,92.87433178,0.0,100.0,83.33333333,37.03703704,78.57142857,-100.0,0.09183518,0,-0.016272,0.0,0.00014881,0.55735393,0.00545033,0.0,0.99122416,0.0,0.0,0.0,
GPSTRY,2026-08-17 02:01:59,2026-08-17 02:04:59,2026-08-17 02:16:59,5.625,10,0.48,0.0,0.0,0.0,0.62893082,92.87433178,100.0,50.0,83.33333333,47.61904762,100.0,100.0,0.13499083,0,0.00304652,0.0,0.00044643,0.66366342,0.01147796,0.0,0.0,,0.0,0.0,
GPSTRY,2026-08-17 02:44:59,2026-08-17 02:52:59,2026-08-17 02:59:59,5.31496,0,0.505,-0.39447732,-0.98039216,-0.78585462,-0.19762846,49.80318295,-11.11111111,0.0,33.33333333,-54.60060667,55.06802721,0.0,0.23592333,0,-0.14024579,-0.59055118,0.00183876,0.28506826,0.0156098,0.16546669,0.24420032,-0.2848295,-0.19762846,0.1980198,0.0
GPSTRY,2026-08-17 02:44:59,2026-08-17 02:52:59,2026-08-17 02:59:59,5.31496,1,0.507,-0.19685039,-0.39292731,-0.19685039,0.79522863,55.22095181,14.28571429,40.0,66.66666667,13.33333333,57.34766247,18.18181818,0.32999625,0,-0.09734736,0.0,0.00154973,0.53792913,0.0156098,0.06667971,0.25502705,0.37823993,0.0,0.0,
GPSTRY,2026-08-17 02:44:59,2026-08-17 02:52:59,2026-08-17 02:59:59,5.31496,3,0.51,0.19646365,0.39370079,0.39370079,1.19047619,64.53343325,100.0,100.0,100.0,121.92192192,53.83725444,63.63636364,0.43785315,0,-0.04917966,0.79051383,0.00154062,0.87417066,0.02059485,0.08028674,-0.15729756,0.70498755,0.19646365,0.19607843,1.0
GPSTRY,2026-08-17 02:44:59,2026-08-17 02:52:59,2026-08-17 02:59:59,5.31496,5,0.509,0.19685039,0.19685039,0.19685039,0.79207921,62.63163564,71.42857143,100.0,88.88888889,91.95402299,46.1472219,45.45454545,0.4399511,0,-0.06425108,0.59288538,0.00154364,0.74249908,0.02732025,0.03517745,-0.05870705,0.50951861,0.0,0.0,
GPSTRY,2026-08-17 02:44:59,2026-08-17 02:52:59,2026-08-17 02:59:59,5.31496,10,0.508,0.19723866,0.39525692,0.39525692,1.39720559,60.82013404,25.58139535,37.03703704,39.01234568,87.32394366,42.47083836,47.61904762,0.49166074,0,-0.08272697,0.59405941,0.00885827,0.73665327,0.02720787,0.96703868,0.12003145,0.74396769,0.0,0.0,
PORTALTRY,2026-08-17 03:01:59,2026-08-17 03:01:59,2026-08-17 03:06:59,5.48534,0,0.7675,-3.53192559,-2.71263785,-2.25420275,-9.32183365,20.52728981,-65.70898981,6.84596577,13.94762787,-164.41556585,38.58663599,-37.2972973,-2.2593821,0,-0.69279626,-8.16082326,0.01893904,-0.05713424,0.12079712,3.04755398,-0.3820763,0.29212364,-3.37404004,4.22149837,0.17283951
PORTALTRY,2026-08-17 03:01:59,2026-08-17 03:01:59,2026-08-17 03:06:59,5.48534,1,0.7956,0.53070508,0.93884801,-4.5814344,-5.74576472,28.56043297,-57.85876993,21.25984252,15.01374367,-133.30713046,34.75567895,-31.12359551,-1.91243617,0,-0.5388513,-5.17282479,0.01598075,0.1420833,0.10523682,0.97504708,-0.32928615,0.0614351,0.54340958,1.24434389,0.74747475
PORTALTRY,2026-08-17 03:01:59,2026-08-17 03:01:59,2026-08-17 03:06:59,5.48534,3,0.7889,0.08880995,-5.38498441,-5.28274703,-6.33978392,21.98070978,-61.53846154,10.04431315,7.87789266,-252.58787608,28.41324003,-32.33429395,-1.79121256,0,-0.65116165,-6.10568912,0.01570903,-0.05941951,0.09235664,1.49284933,-0.37951847,-0.03486848,0.13962935,1.22956015,0.64948454
PORTALTRY,2026-08-17 03:01:59,2026-08-17 03:01:59,2026-08-17 03:06:59,5.48534,5,0.7852,-5.82873591,-5.72697803,-6.04283834,-7.04392092,18.52220997,-64.85849057,4.57902511,27.48054018,-389.95366181,23.25076037,-38.18815331,-1.14082374,0,-0.39403903,-7.23062382,0.013054,-0.5174695,0.06095728,8.55658326,-0.32672957,-0.67171436,-5.85131894,7.37391747,0.05354059
PORTALTRY,2026-08-17 03:01:59,2026-08-17 03:01:59,2026-08-17 03:06:59,5.48534,10,0.8357,-0.39332539,-0.53558677,-1.26417769,-0.13145315,39.00684826,-5.82524272,17.81609195,37.76543931,-110.62153336,20.56628479,3.22195704,-0.41348054,0,0.044759,-1.06546703,0.00716252,0.14105665,0.02089429,0.70602878,-0.17443459,-0.16307597,-0.58291696,1.18463563,0.31313131
PORTALTRY,2026-08-17 03:54:59,2026-08-17 03:57:59,2026-08-17 04:08:59,5.84736,0,0.7772,-1.38307321,-1.63270472,-2.97128589,-0.65192381,35.00317132,-21.69117647,13.91076115,22.61085595,-149.37235148,10.7507649,-13.80186283,-0.42910942,0,-0.23798429,-2.59431006,0.01085398,0.01134213,0.04382925,1.61616464,-0.10995406,-0.70817139,-1.29540259,2.03293875,0.33544304
PORTALTRY,2026-08-17 03:54:59,2026-08-17 03:57:59,2026-08-17 04:08:59,5.84736,1,0.7881,-0.24050633,-1.69639516,-1.85554172,0.63848806,41.92486674,11.55378486,22.88732394,28.43370568,-81.60237389,9.90191287,-4.4198895,-0.20367215,0,-0.11868901,-0.6805293,0.00984284,0.27280396,0.04362833,1.43478564,-0.0499102,-0.67303062,0.07619048,1.50996066,0.54621849
PORTALTRY,2026-08-17 03:54:59,2026-08-17 03:57:59,2026-08-17 04:08:59,5.84736,3,0.7901,-1.44692528,-1.60647572,-1.80213771,-0.16426586,43.38123747,10.01964637,31.37931034,57.24137931,-35.24923281,11.03898727,3.34288443,0.02059378,0,0.00456629,-0.29025745,0.00946535,0.28712371,0.04335524,1.31535262,-0.08390792,-0.4416509,-1.45921676,1.48082521,0.0
PORTALTRY,2026-08-17 03:54:59,2026-08-17 03:57:59,2026-08-17 04:08:59,5.84736,5,0.801,-0.249066,-0.44742729,0.38851986,-1.45177165,51.97342093,-14.1509434,68.96551724,68.78334182,4.23975984,10.66226285,-13.31114809,0.16976771,0,0.12234307,2.39038732,0.01071874,0.54702002,0.04829992,0.80597986,-0.10820099,-0.26857449,-0.27390438,1.04868914,0.73809524
PORTALTRY,2026-08-17 03:54:59,2026-08-17 03:57:59,2026-08-17 04:08:59,5.84736,10,0.7979,0.55450536,0.69409389,1.9941199,-0.77104838,50.93322137,-23.18059299,45.43010753,37.56003584,-27.2476398,14.61327409,-14.05361495,-0.21608162,0,-0.04483797,-1.83316929,0.01102,0.47703363,0.04824153,0.37997486,-0.13992037,0.66913165,0.36477987,1.30342148,0.79807692
GPSTRY,2026-08-17 04:00:59,2026-08-17 04:01:59,2026-08-17 04:15:59,5.07519,0,0.53,-0.37593985,0.0,-0.18832392,-0.56285178,45.359964,-23.07692308,0.0,22.22222222,-96.45909646,29.30735931,-30.76923077,-0.06686741,0,-0.04106132,-0.18832392,0.00175202,0.20454545,0.00828157,0.00447017,-0.2060697,-0.33333333,0.0,0.0,
GPSTRY,2026-08-17 04:00:59,2026-08-17 04:01:59,2026-08-17 04:15:59,5.07519,1,0.532,0.37735849,0.37735849,0.18832392,-0.18761726,54.93534019,-9.09090909,66.66666667,22.22222222,36.52968037,28.35497835,-18.18181818,-0.05280401,0,-0.03687136,0.18832392,0.00147691,0.62310691,0.00840655,0.00442697,-0.20407838,0.0,0.0,0.0,
GPSTRY,2026-08-17 04:00:59,2026-08-17 04:01:59,2026-08-17 04:15:59,5.07519,3,0.53,0.0,-0.18832392,-0.18832392,-0.18832392,43.94809433,-9.09090909,0.0,11.11111111,-104.16666667,25.80395795,-18.18181818,-0.07922161,0,-0.06926235,0.0,0.00148248,0.14198049,0.00866865,0.0,-0.20412593,-1.0,0.0,0.0,
GPSTRY,2026-08-17 04:00:59,2026-08-17 04:01:59,2026-08-17 04:15:59,5.07519,5,0.531,0.0,0.0,0.0,-0.37523452,48.70157456,-16.66666667,33.33333333,33.33333333,-62.29508197,30.08967223,-25.0,-0.04214482,0,-0.06378654,-0.37523452,0.00161421,0.27828899,0.008055,0.0,0.27861718,,0.0,0.0,
GPSTRY,2026-08-17 04:00:59,2026-08-17 04:01:59,2026-08-17 04:15:59,5.07519,10,0.531,0.0,0.18867925,-0.37523452,-0.37523452,48.7015746,-16.66666667,33.33333333,55.55555556,-120.56737589,25.11131725,-25.0,0.00380166,0,-0.08757343,-0.37523452,0.00161421,0.12759251,0.00731258,0.0,0.30687303,-0.97010896,0.0,0.0,
PORTALTRY,2026-08-17 04:35:59,2026-08-17 04:46:59,2026-08-17 04:50:59,6.19207,0,0.7383,-4.94399382,-9.13230769,-9.33316959,-9.64386244,19.60146226,-67.01030928,26.92640693,19.83462578,-490.69635966,23.50935634,-57.92,-1.2349895,0,-0.86591678,-8.96424168,0.01814013,-0.45582669,0.08784712,13.23634282,-0.17133925,-0.95521399,-4.698593,9.14262495,0.46074074
PORTALTRY,2026-08-17 04:35:59,2026-08-17 04:46:59,2026-08-17 04:50:59,6.19207,1,0.7767,-3.99258344,-3.99258344,-5.2111301,-3.98071455,29.54236631,-51.26903553,6.84931507,25.098639,-358.94747354,17.73884564,-29.80544747,-0.36003314,0,-0.34377438,-4.00444939,0.0118174,-0.45301785,0.04228621,4.86402646,-0.26633331,-0.87811906,-3.88565772,4.49336938,0.10028653
PORTALTRY,2026-08-17 04:35:59,2026-08-17 04:46:59,2026-08-17 04:50:59,6.19207,3,0.8125,0.43263288,-0.84207957,-0.1720113,0.93167702,52.37771554,3.78787879,42.7184466,41.84271567,7.61705101,15.62164189,7.38581147,0.18965524,0,-0.01847685,0.16025641,0.00904615,0.592806,0.02052843,0.52710691,-0.14653222,0.25042647,0.16025641,0.35692308,1.0
PORTALTRY,2026-08-17 04:35:59,2026-08-17 04:46:59,2026-08-17 04:50:59,6.19207,5,0.8143,-0.62240664,0.04914609,0.40690506,1.14271519,54.40575853,19.76047904,57.08154506,67.09585122,97.97893538,14.75833618,15.76402321,0.29488625,0,0.04823115,-0.34267532,0.00907002,0.71528631,0.02385156,1.02570419,-0.07990002,0.20793173,-0.64665691,0.68770723,0.05357143
PORTALTRY,2026-08-17 04:35:59,2026-08-17 04:46:59,2026-08-17 04:50:59,6.19207,10,0.811,0.23482882,-0.02465483,-0.74654265,-0.01232894,53.35405333,22.95514512,57.91139241,56.01265823,30.76923077,15.710677,4.33145009,0.199735,0,-0.00776503,0.73282822,0.00935353,0.63940898,0.01897797,1.0555598,-0.0948971,-0.62450539,0.1729249,0.82614057,0.64179104
HEMITRY,2026-08-17 04:40:59,2026-08-17 04:40:59,2026-08-17 04:50:59,5.46146,0,0.2893,-1.26279863,-1.09401709,-0.75471698,-1.59863946,35.99942907,-42.57425743,0.0,25.80645161,-143.87917329,13.5755316,-29.03225806,-0.1920774,0,-0.01116296,-0.75471698,0.00306158,-0.16020923,0.01523793,0.90690897,-0.03941319,-0.31204303,-1.19535519,1.2098168,0.0
HEMITRY,2026-08-17 04:40:59,2026-08-17 04:40:59,2026-08-17 04:50:59,5.46146,1,0.293,0.48010974,0.54907344,0.48010974,-0.27229408,52.04314406,-14.70588235,61.29032258,40.86021505,32.93583191,11.33397924,-6.4516129,-0.09563276,0,0.05183846,-0.03411805,0.00226719,0.67454335,0.01214901,0.36514724,0.01861977,-0.49577131,0.30811366,0.34129693,0.9
HEMITRY,2026-08-17 04:40:59,2026-08-17 04:40:59,2026-08-17 04:50:59,5.46146,3,0.2925,0.37748799,0.30864198,0.37748799,0.1369394,48.51651528,-13.20754717,45.16129032,22.58064516,-8.68621064,9.01110034,-10.0,-0.15081706,0,0.02524397,-0.27275827,0.0019536,0.56678004,0.01332254,0.53760034,-0.05381482,0.60107704,0.37748799,0.37606838,1.0
HEMITRY,2026-08-17 04:40:59,2026-08-17 04:40:59,2026-08-17 04:50:59,5.46146,5,0.2915,-0.03429355,0.03431709,0.0,-0.20540911,40.59869799,-1.75438596,12.90322581,13.97849462,-74.79149852,12.27484004,-8.33333333,-0.19060179,0,0.00096242,-0.85034014,0.00205832,0.29091665,0.01309006,1.49791126,-0.28745191,0.56425857,-0.03429355,0.17152659,0.8
HEMITRY,2026-08-17 04:40:59,2026-08-17 04:40:59,2026-08-17 04:50:59,5.46146,10,0.2915,-0.54588878,-0.6137061,-0.85034014,-0.579809,39.78651621,-12.35955056,34.14634146,60.16260163,-98.09760132,23.71908399,-13.1147541,-0.1065562,0,0.06380929,-0.20540911,0.00298946,0.18708928,0.01228629,0.52343567,-0.54421466,-0.62936044,-0.17123288,0.17152659,0.0
PORTALTRY,2026-08-17 05:06:59,2026-08-17 05:08:59,2026-08-17 05:16:59,5.37176,0,0.8763,1.37667746,0.38950624,-1.41748228,3.41043191,58.01738577,7.62589928,66.72794118,54.04411765,38.5840045,30.64013945,3.74800638,1.42125131,0,-0.14280048,2.21626035,0.0204431,0.66666997,0.08288049,1.29409767,0.14465109,-0.25923749,1.20106248,2.25950017,0.87878788
PORTALTRY,2026-08-17 05:06:59,2026-08-17 05:08:59,2026-08-17 05:16:59,5.37176,1,0.8644,-0.3573487,-2.33871879,-1.15494568,0.88702148,54.46529145,11.69188446,44.85294118,51.96078431,34.21763008,30.32644794,5.93662254,1.48458113,0,-0.13131547,2.04226183,0.02060058,0.53442952,0.09219088,0.31257846,0.17892866,-0.65012069,-0.80330503,1.48079593,0.0078125
PORTALTRY,2026-08-17 05:06:59,2026-08-17 05:08:59,2026-08-17 05:16:59,5.37176,3,0.8729,-1.37837532,-0.18296169,-0.90816211,2.75456151,57.54823571,10.32608696,60.47794118,81.12745098,61.46449121,28.22300393,9.9009901,1.99466891,0,0.17913756,-0.61482409,0.02066183,0.6476663,0.17602961,0.36583881,0.22329531,-0.29549566,-1.11022998,1.55802497,0.27941176
PORTALTRY,2026-08-17 05:06:59,2026-08-17 05:08:59,2026-08-17 05:16:59,5.37176,5,0.8889,1.64665523,0.90816211,3.6859909,8.08608949,63.56148937,44.90358127,100.0,95.97283107,91.65256052,23.21401897,23.05049811,2.2193279,0,0.38543644,4.89733302,0.02339167,0.79151668,0.19034111,0.31510002,0.18722963,0.63741032,0.78231293,1.1362358,1.0
PORTALTRY,2026-08-17 05:06:59,2026-08-17 05:08:59,2026-08-17 05:16:59,5.37176,10,0.8573,1.20410813,-2.39098258,1.16827944,5.51384615,57.68701045,15.95639247,85.42970973,85.39176627,64.44305758,21.4800411,-0.43243243,1.93400885,0,0.49391445,4.24367704,0.0385346,0.72096953,0.16912858,0.72605697,0.15202366,0.39501421,1.53973706,2.62451884,0.76888889
ACETRY,2026-08-17 05:27:59,2026-08-17 05:28:59,2026-08-17 05:42:59,8.1397,0,6.813,-0.43840421,-0.35103115,-0.04401408,-1.47505423,49.83775152,-37.7245509,5.26315789,17.49512671,-92.36062577,27.63138406,-18.55500821,0.11426806,0,-0.15489775,-0.74300699,0.00638485,0.20972939,0.02297963,1.22313393,-0.05509384,0.12364221,-0.27810304,0.38162337,0.23076923
ACETRY,2026-08-17 05:27:59,2026-08-17 05:28:59,2026-08-17 05:42:59,8.1397,1,6.843,0.08775779,0.26373626,0.45507927,-1.25541126,54.89828808,-21.95121951,25.69444444,22.91666667,-51.5348577,29.97466207,-14.63815789,0.16910253,0,-0.14106985,0.24904776,0.00634642,0.39960705,0.02294593,1.39402392,-0.00137434,0.70338218,0.08775779,0.35072337,1.0
ACETRY,2026-08-17 05:27:59,2026-08-17 05:28:59,2026-08-17 05:42:59,8.1397,3,6.837,0.17582418,0.36699941,-0.14604936,-1.27075812,54.03143718,-13.45646438,21.52777778,13.07023487,-5.414274,36.3067461,-13.33333333,0.19053662,0,-0.17394583,-0.36432527,0.00689525,0.4413685,0.03050437,0.36835063,-0.06304389,0.50359781,0.05853944,0.55579933,0.10526316
ACETRY,2026-08-17 05:27:59,2026-08-17 05:28:59,2026-08-17 05:42:59,8.1397,5,6.816,0.05871991,-0.45275303,-0.6993007,0.02935134,51.29275851,-11.25827815,6.09756098,18.79690432,-25.91730407,43.81459734,-5.99201065,0.25299557,0,-0.19045545,-1.43167028,0.00787014,0.40142195,0.0359633,0.86711221,-0.05490997,0.03548579,0.04403347,0.32276995,0.13636364
ACETRY,2026-08-17 05:27:59,2026-08-17 05:28:59,2026-08-17 05:42:59,8.1397,10,6.864,0.55669499,0.02914602,-0.73752711,2.08209399,58.76567531,26.33832976,54.7008547,47.58529637,37.79502102,62.6910592,18.75,0.63074055,0,-0.05525448,0.73378339,0.00765901,0.65255128,0.04364603,0.68534701,0.05712483,-0.26787469,0.45368067,0.62645688,0.72093023
GPSTRY,2026-08-17 05:33:59,2026-08-17 05:33:59,2026-08-17 05:48:59,5.19931,0,0.577,0.0,0.17361111,-0.68846816,0.87412587,58.33227213,21.73913043,53.33333333,55.55555556,52.44371225,38.81660055,14.70588235,0.40998134,0,0.05560775,1.4059754,0.00420896,0.68810077,0.02918244,0.0,-0.33284669,-0.92675289,0.0,0.0,
GPSTRY,2026-08-17 05:33:59,2026-08-17 05:33:59,2026-08-17 05:48:59,5.19931,1,0.577,-0.17301038,-0.51724138,-0.68846816,1.05078809,58.33227213,21.73913043,53.33333333,53.33333333,60.60606061,39.04951981,14.70588235,0.44417109,0,0.08647032,1.4059754,0.00420896,0.70661863,0.0316605,2.43098939,-0.44594279,-0.85534003,0.17361111,0.34662045,0.5
GPSTRY,2026-08-17 05:33:59,2026-08-17 05:33:59,2026-08-17 05:48:59,5.19931,3,0.576,-0.68965517,-0.8605852,0.6993007,1.4084507,57.43768389,23.80952381,46.66666667,67.63888889,90.39548023,37.91597944,28.125,0.49131903,0,0.14991937,0.6993007,0.00396825,0.70436989,0.03378673,5.04238635,-0.37292605,-0.06616795,-0.51813472,0.69444444,0.0
GPSTRY,2026-08-17 05:33:59,2026-08-17 05:33:59,2026-08-17 05:48:59,5.19931,5,0.581,0.0,1.57342657,2.10896309,2.83185841,71.75729025,45.45454545,81.25,81.98529412,206.1094327,31.92366947,46.875,0.50456042,0,0.21290569,1.57342657,0.0039341,1.0535093,0.03164018,0.30751318,0.47378496,0.86739794,0.0,0.0,
GPSTRY,2026-08-17 05:33:59,2026-08-17 05:33:59,2026-08-17 05:48:59,5.19931,10,0.569,0.0,-0.52447552,-0.52447552,0.35273369,49.20118526,4.76190476,60.0,63.33333333,3.31674959,25.6654515,13.79310345,0.0657138,0,0.00865426,0.7079646,0.00364047,0.4942017,0.01515372,0.0,0.34693768,-0.24767643,0.0,0.0,
PORTALTRY,2026-08-17 05:45:59,2026-08-17 05:49:59,2026-08-17 05:57:59,6.43221,0,0.8514,-0.6302521,-0.73452256,-2.97435897,-9.03846154,29.74141312,-70.61503417,8.95953757,7.29685735,-136.98538665,50.25251577,-31.38760881,-1.78806178,0,-0.79636377,-5.95382746,0.01638478,0.08155154,0.12052584,0.34782892,-0.34622063,-0.66266852,-0.61865297,2.33732676,0.31155779
PORTALTRY,2026-08-17 05:45:59,2026-08-17 05:49:59,2026-08-17 05:57:59,6.43221,1,0.8568,-0.91361166,-0.87922258,-3.91387238,-7.45301361,31.45681892,-75.42857143,2.68199234,5.4916986,-136.92568416,45.59218046,-32.42068666,-1.63920854,0,-0.81059601,-4.77883974,0.01918267,0.08236976,0.11756529,0.3245731,-0.31231713,-0.71601137,-0.84480963,0.99206349,0.14117647
PORTALTRY,2026-08-17 05:45:59,2026-08-17 05:49:59,2026-08-17 05:57:59,6.43221,3,0.8577,-0.77510412,-3.81294157,-4.27455357,-8.00171619,29.17716356,-69.42070275,3.5440613,4.18232182,-166.14637816,41.2892815,-29.05434318,-1.38119281,0,-0.88384974,-5.0901848,0.01946235,-0.02115018,0.10648619,0.55027313,-0.25387448,-0.71484743,-0.77510412,1.21254518,0.35576923
PORTALTRY,2026-08-17 05:45:59,2026-08-17 05:49:59,2026-08-17 05:57:59,6.43221,5,0.8775,-1.59246383,-2.06473214,-3.07080526,-6.62907001,35.94143989,-65.26429342,0.0,1.84645287,-124.13619009,37.68034261,-25.54131684,-0.76377494,0,-0.69492473,-6.25,0.01842084,0.01779243,0.08061316,0.95329584,-0.28780991,-0.54708855,-1.73572228,2.39316239,0.0
PORTALTRY,2026-08-17 05:45:59,2026-08-17 05:49:59,2026-08-17 05:57:59,6.43221,10,0.9053,0.61124694,0.17704991,-3.27991453,-1.049295,48.76912655,-3.47648262,22.59475219,17.05539359,-97.66514942,42.02403825,-7.49778172,0.05959026,0,-0.6147265,-3.67099383,0.01778416,0.24482201,0.05879806,0.24662642,-0.07803343,-0.81885171,1.02667113,1.01623771,1.0
ACETRY,2026-08-17 05:57:59,2026-08-17 05:57:59,2026-08-17 06:12:59,8.93127,0,7.289,1.16585704,0.87185165,-0.51862973,-1.0990502,55.25749728,-14.70281543,57.91583166,50.83500334,-7.12059065,22.74620248,-18.4544406,0.62879712,0,-0.32221249,1.22205249,0.01699234,0.5355283,0.07259011,0.47437398,0.21350685,-0.51321784,1.13778271,2.15393058,0.88535032
ACETRY,2026-08-17 05:57:59,2026-08-17 05:57:59,2026-08-17 06:12:59,8.93127,1,7.205,-0.85317187,-1.54413774,-3.61204013,1.33614627,50.6359702,-17.64705882,41.08216433,46.62658651,-20.18507144,25.66134289,-17.41440378,0.67565706,0,-0.34733316,-1.08456892,0.01679389,0.40125717,0.07623755,0.53545288,0.20988919,-0.87614719,-1.05740181,1.66551006,0.35833333
ACETRY,2026-08-17 05:57:59,2026-08-17 05:57:59,2026-08-17 06:12:59,8.93127,3,7.226,-1.25717409,-3.33110368,-1.66031573,2.77343194,52.26036746,16.36675236,45.29058116,58.18303273,16.08052538,32.77283978,6.95020747,1.05002228,0,-0.19130822,-2.87634409,0.01905816,0.47013723,0.08205495,0.87163584,0.18725027,-0.04877004,-1.01369863,1.61915306,0.0
ACETRY,2026-08-17 05:57:59,2026-08-17 05:57:59,2026-08-17 06:12:59,8.93127,5,7.327,-1.97993311,-0.28579205,1.74975698,3.5325703,58.82206835,26.13111727,65.53106212,80.58530855,70.93198598,38.36465013,9.66480447,1.46748046,0,0.0482371,-0.5834464,0.01745014,0.66777552,0.09017563,1.49038871,0.17727384,0.52585791,-1.71696848,2.32018561,0.21764706
ACETRY,2026-08-17 05:57:59,2026-08-17 05:57:59,2026-08-17 06:12:59,8.93127,10,7.201,-1.1394838,-3.21236559,-2.29308005,1.12343772,57.26391933,21.5590743,43.31896552,63.50574713,60.3845904,56.8103461,4.08035154,1.60814937,0,0.18055447,1.75215487,0.01580138,0.61953662,0.10105713,0.82074038,0.24633578,-0.15210817,-0.33217993,1.09706985,0.01265823
GPSTRY,2026-08-17 06:23:59,2026-08-17 06:31:59,2026-08-17 06:38:59,6.19765,0,0.603,1.85810811,0.66777963,0.5,1.34453782,60.06488183,31.42857143,100.0,57.57575758,61.41732283,25.90697662,11.53846154,0.34446722,0,0.00286703,1.00502513,0.00615968,1.00890791,0.02024747,7.27473166,-0.03345392,0.61850667,2.03045685,1.99004975,1.0
GPSTRY,2026-08-17 06:23:59,2026-08-17 06:31:59,2026-08-17 06:38:59,6.19765,1,0.592,-1.33333333,-1.66112957,-1.33333333,-0.50420168,45.14527924,-11.11111111,0.0,45.45454545,-93.5483871,26.21309907,-4.65116279,0.26486541,0,-0.0516241,-0.50420168,0.00518822,0.07927385,0.01793092,0.47005302,-0.41016888,0.10736792,-1.00334448,1.01351351,0.0
GPSTRY,2026-08-17 06:23:59,2026-08-17 06:31:59,2026-08-17 06:38:59,6.19765,3,0.599,-0.49833887,-0.16666667,0.33500838,0.5033557,58.76368502,4.76190476,63.63636364,84.84848485,112.55411255,28.63983899,10.81081081,0.43368861,0,0.0616014,1.01180438,0.00441212,0.7495878,0.01847911,1.8406319,-0.27439409,0.10570636,-0.49833887,0.50083472,0.0
GPSTRY,2026-08-17 06:23:59,2026-08-17 06:31:59,2026-08-17 06:38:59,6.19765,5,0.6,0.0,0.50251256,0.50251256,0.67114094,63.38796529,22.22222222,100.0,88.88888889,115.66771819,27.61184672,17.14285714,0.408966,0,0.06767369,0.84033613,0.00416667,0.83153249,0.02585831,0.81703579,-0.19339866,0.06367515,0.16694491,0.16666667,1.0
GPSTRY,2026-08-17 06:23:59,2026-08-17 06:31:59,2026-08-17 06:38:59,6.19765,10,0.597,0.33613445,0.67453626,0.33613445,2.40137221,59.31692292,45.45454545,86.66666667,78.94048848,80.68938504,24.62739436,28.0,0.31274982,0,0.03754976,0.16778523,0.00598229,0.74435698,0.04329638,0.98111439,-0.14602075,0.2768962,-0.16722408,0.33500838,0.0
ACETRY,2026-08-17 06:30:59,2026-08-17 06:30:59,2026-08-17 06:45:59,9.38707,0,7.766,-4.13529194,-4.19442388,-4.00494438,-2.91286411,44.08816976,-16.2055336,5.93607306,48.76768185,-90.52670387,36.89870265,-19.03204709,0.96456651,0,-0.51848221,-2.925,0.01406313,0.01155692,0.05912615,1.74729637,-0.000804,-0.20926905,-3.94557823,4.44244141,0.07536232
ACETRY,2026-08-17 06:30:59,2026-08-17 06:30:59,2026-08-17 06:45:59,9.38707,1,8.101,0.50868486,-0.89307561,-0.52799607,3.05304669,64.47983341,13.67292225,76.45259939,73.54698169,51.49051491,39.47069587,-2.42326333,1.53161906,0,-0.19824824,2.64825139,0.01091576,0.72235186,0.05754802,1.2479115,0.12754888,0.01899506,0.50868486,1.4566103,0.84745763
ACETRY,2026-08-17 06:30:59,2026-08-17 06:30:59,2026-08-17 06:45:59,9.38707,3,8.106,-0.83190604,-0.46660118,-0.29520295,3.39285714,66.3438223,32.68292683,80.2739726,85.33318876,101.44675086,47.16387322,15.18151815,1.84182504,0,-0.05543598,1.6171493,0.01067992,0.75888291,0.06996013,0.60048961,0.11721849,0.1531299,-0.83190604,0.86355786,0.0
ACETRY,2026-08-17 06:30:59,2026-08-17 06:30:59,2026-08-17 06:45:59,9.38707,5,8.09,-0.66306483,-0.49200492,1.125,3.71794872,69.19506432,24.66124661,76.78100264,88.54935965,110.01615509,51.99582642,14.08906883,1.98570296,0,0.02307413,1.13764221,0.01090411,0.79572624,0.07389169,0.54640627,0.15737443,0.48796921,-0.66306483,1.26081582,0.15686275
ACETRY,2026-08-17 06:30:59,2026-08-17 06:30:59,2026-08-17 06:45:59,9.38707,10,8.0,1.3684744,0.28832895,0.01250156,4.76689366,69.59131974,40.89171975,100.0,86.15588723,84.13767098,57.37963838,12.42897727,1.96489506,0,0.0332905,2.56410256,0.01257143,0.78443751,0.11624529,1.07779741,0.29209757,-0.12605774,1.03561505,1.4375,1.0
PORTALTRY,2026-08-17 06:46:59,2026-08-17 06:46:59,2026-08-17 06:56:59,5.10297,0,0.874,-0.87331292,-1.16476309,-2.05087975,-3.77628537,37.95237299,-39.25399645,21.21212121,15.1123548,-147.1681903,19.58134459,-18.83116883,-0.44684052,0,-0.20805385,-2.07282913,0.01006865,0.07975203,0.04831833,2.06730143,-0.11817799,-1.0,-0.56882821,1.67048055,0.47945205
PORTALTRY,2026-08-17 06:46:59,2026-08-17 06:46:59,2026-08-17 06:56:59,5.10297,1,0.8817,-0.19243831,-0.53023466,-1.09927089,-4.35018442,42.95085991,-43.75,12.2605364,12.26289955,-72.33547745,18.72923158,-14.05361495,-0.32145664,0,-0.15312958,-0.9993263,0.00997262,0.20856148,0.04565587,0.96759586,-0.07379582,-0.66941224,-0.01134044,1.08880572,0.0
PORTALTRY,2026-08-17 06:46:59,2026-08-17 06:46:59,2026-08-17 06:56:59,5.10297,3,0.8843,-0.23691336,-0.80762759,0.18126204,-2.03832946,44.75325124,-23.66930917,12.66375546,15.9350883,-93.79272628,19.97570417,-7.83783784,-0.22514124,0,-0.13336402,-0.34933514,0.01195457,0.24582998,0.04349356,1.11734303,0.05535991,0.0739256,-0.07909605,0.74635305,0.87878788
PORTALTRY,2026-08-17 06:46:59,2026-08-17 06:46:59,2026-08-17 06:56:59,5.10297,5,0.8923,0.0897364,1.08757222,-0.02240896,-1.23962369,50.17980202,-9.00584795,24.52830189,18.39622642,-29.53240361,24.8615389,-4.02075227,-0.12760056,0,-0.10545243,-1.76153253,0.0123437,0.449431,0.04323157,0.61543598,0.07230577,0.09327697,0.65425832,0.68362658,0.95081967
PORTALTRY,2026-08-17 06:46:59,2026-08-17 06:46:59,2026-08-17 06:56:59,5.10297,10,0.8925,0.21333932,0.57471264,-1.73951338,0.96153846,49.30978592,5.59824369,32.62711864,25.98870056,-25.80457721,29.89042724,6.87022901,0.0470591,0,-0.10853738,-1.21748755,0.01467787,0.47363231,0.04477743,0.42901484,-0.04724954,-0.39866789,0.41629163,1.19887955,0.79439252
GPSTRY,2026-08-17 07:11:59,2026-08-17 07:19:59,2026-08-17 07:26:59,5.07463,0,0.667,-0.89153046,-0.1497006,-0.1497006,0.0,54.98374347,-7.69230769,60.86956522,75.94202899,-90.33613445,36.2490834,-12.19512195,0.36162853,0,-0.19674117,-0.44776119,0.00878132,0.37263133,0.01234007,1.09390002,0.06853425,0.15553882,-0.44776119,1.49925037,0.7
GPSTRY,2026-08-17 07:11:59,2026-08-17 07:19:59,2026-08-17 07:26:59,5.07463,1,0.673,0.59790732,0.74850299,1.05105105,0.44776119,66.3640499,27.27272727,86.95652174,80.65217391,215.90909091,34.69628837,-2.77777778,0.4343397,0,-0.17452224,0.59790732,0.00764169,1.1004523,0.01234007,0.98151582,0.02595996,0.79736047,0.59790732,1.04011887,0.57142857
GPSTRY,2026-08-17 07:11:59,2026-08-17 07:19:59,2026-08-17 07:26:59,5.07463,3,0.668,0.0,0.3003003,-0.29850746,0.60240964,60.05839387,-4.76190476,75.0,75.0,19.14708442,34.01975397,-13.43283582,0.40597648,0,-0.25501752,0.3003003,0.00716424,0.5281272,0.01064773,0.10710118,0.07729931,-0.00498259,0.0,0.2994012,0.5
GPSTRY,2026-08-17 07:11:59,2026-08-17 07:19:59,2026-08-17 07:26:59,5.07463,5,0.668,0.3003003,-0.29850746,-0.29850746,0.14992504,60.05839374,3.44827586,75.0,68.33333333,39.85507246,33.54575792,-13.51351351,0.48059458,0,-0.28335704,0.14992504,0.00791275,0.54800154,0.01248213,1.35385072,0.10199712,-0.00470749,0.3003003,1.04790419,0.42857143
GPSTRY,2026-08-17 07:11:59,2026-08-17 07:19:59,2026-08-17 07:26:59,5.07463,10,0.67,0.14947683,0.6006006,0.44977511,0.90361446,64.3126685,21.21212121,89.47368421,78.94736842,102.13414634,27.82999935,-11.25,0.7875661,0,-0.28958617,0.44977511,0.00852878,0.80986913,0.01670352,0.86526816,0.06585965,-0.02974934,0.0,0.44776119,0.66666667
PORTALTRY,2026-08-17 07:33:59,2026-08-17 07:35:59,2026-08-17 07:36:59,5.29994,0,0.8908,4.05326481,2.65038027,2.07402315,-0.58035714,52.64406162,-2.20994475,67.08185053,23.85496442,-49.98737237,36.71514774,0.73394495,-0.80320892,0,-0.28674157,-1.16498391,0.01311021,0.53724948,0.06843424,1.1774473,-0.31001598,-0.13180994,4.06542056,4.73731477,0.89336493
PORTALTRY,2026-08-17 07:33:59,2026-08-17 07:35:59,2026-08-17 07:36:59,5.29994,1,0.8561,-0.27955737,-1.02890173,-3.3201581,-4.2393736,27.72853192,-52.0208605,2.74223035,4.08694017,-180.18246088,38.79396528,-18.36431227,-1.11723051,0,-0.56371813,-5.4659894,0.01122199,-0.03428319,0.06917516,0.44187021,-0.31148284,-0.69450427,-0.31439218,0.94615115,0.18518519
PORTALTRY,2026-08-17 07:33:59,2026-08-17 07:35:59,2026-08-17 07:36:59,5.29994,3,0.8678,0.32369942,-1.99887069,-3.86617924,-2.77840018,32.82941134,-39.28571429,7.77777778,6.54185217,-208.29732066,35.34067655,-11.91588785,-0.68840218,0,-0.43236666,-2.80017921,0.0105686,-0.03834552,0.05046613,0.69138413,-0.33803585,-0.79565398,0.15002885,1.11776907,0.36082474
PORTALTRY,2026-08-17 07:33:59,2026-08-17 07:35:59,2026-08-17 07:36:59,5.29994,5,0.8727,-1.44551101,-3.32336324,-3.17319427,-2.94706406,33.61184873,-40.27993779,10.73170732,28.83595643,-252.2809251,33.10371159,-13.87755102,-0.18562992,0,-0.21136582,-2.60044643,0.01002635,-0.21985704,0.03358277,1.68447916,-0.31197296,-0.8086045,-1.31177202,1.83339063,0.275
PORTALTRY,2026-08-17 07:33:59,2026-08-17 07:35:59,2026-08-17 07:36:59,5.29994,10,0.9013,-0.47482332,0.95206093,0.59151786,1.6580194,56.68792493,23.93162393,75.80645161,82.27867071,136.81114947,27.75593571,22.73190622,0.279449,0,0.12747454,0.23354093,0.00777448,0.8697104,0.02550688,0.82803275,-0.15225567,-0.42355694,-0.39783401,0.55475424,0.28
DODOTRY,2026-08-17 07:54:59,2026-08-17 07:54:59,2026-08-17 08:09:59,5.32927,0,1.0508,0.03808073,-0.19944914,0.06666032,-0.51126681,38.63340918,-24.10714286,29.66101695,29.37853107,-92.91247023,39.16253548,-40.14084507,-0.24486169,0,-0.03600211,-0.49242424,0.0019305,0.20208175,0.01285576,1.6882114,-0.10480849,0.23438579,-0.0190295,0.05709935,0.66666667
DODOTRY,2026-08-17 07:54:59,2026-08-17 07:54:59,2026-08-17 08:09:59,5.32927,1,1.0504,-0.0665969,-0.23743945,-0.23743945,-0.33209982,37.54190987,-26.36363636,26.27118644,35.31073446,-105.03858712,37.189697,-41.00719424,-0.24927646,0,-0.04403033,-0.65260569,0.00189044,0.15629309,0.01387969,0.75711279,-0.08948344,-0.29119311,-0.09511128,0.10472201,0.09090909
DODOTRY,2026-08-17 07:54:59,2026-08-17 07:54:59,2026-08-17 08:09:59,5.32927,3,1.0529,0.0,0.0,-0.29356061,-0.66981132,41.61690032,-25.44802867,47.45762712,37.86645313,-79.07742998,38.36095913,-31.25,-0.23933996,0,-0.05005052,-0.43498818,0.00238796,0.26612046,0.015779,0.0,-0.00116912,-0.56390892,0.0,0.0,
DODOTRY,2026-08-17 07:54:59,2026-08-17 07:54:59,2026-08-17 08:09:59,5.32927,5,1.0501,-0.26593219,-0.55871212,-0.55871212,-1.18565917,34.94097048,-39.92094862,22.04724409,23.51069753,-151.35649691,39.57741709,-37.73006135,-0.26627709,0,-0.0857243,-0.57754213,0.00221748,0.0595623,0.01669778,0.72194098,-0.084013,-0.88194786,-0.14263979,0.34282449,0.58333333
DODOTRY,2026-08-17 07:54:59,2026-08-17 07:54:59,2026-08-17 08:09:59,5.32927,10,1.056,-0.1229547,-0.14184397,-0.01893581,-0.65851364,40.0445133,-41.17647059,20.0,28.88888889,-95.43265238,29.93213676,-25.47528517,-0.15905073,0,-0.06723727,-0.63046956,0.00177895,0.18230707,0.01442018,1.06019679,-0.01435236,0.54825516,-0.01893581,0.01893939,0.0
GPSTRY,2026-08-17 07:54:59,2026-08-17 07:55:59,2026-08-17 08:03:59,5.93343,0,0.688,-0.4341534,-3.64145658,-3.91061453,-4.31154381,36.92841234,-46.93877551,20.96774194,16.01702509,-278.05695142,26.53893667,-36.52694611,-0.58358969,0,-0.83227602,-5.10344828,0.01733804,-0.11037818,0.06867245,1.19894596,0.07662088,-0.68995747,-0.57803468,2.47093023,0.76470588
GPSTRY,2026-08-17 07:54:59,2026-08-17 07:55:59,2026-08-17 08:03:59,5.93343,1,0.691,-1.28571429,-4.42600277,-4.16088766,-4.02777778,38.26127864,-25.45454545,4.16666667,15.9243295,-274.29805616,24.39283821,-18.6746988,-0.25327874,0,-0.72858438,-5.85831063,0.0171594,-0.19772084,0.05686741,0.70963372,0.07168482,-0.61997572,-1.42653352,1.447178,0.0
GPSTRY,2026-08-17 07:54:59,2026-08-17 07:55:59,2026-08-17 08:03:59,5.93343,3,0.714,-1.24481328,-0.97087379,0.14025245,-0.69541029,50.72945265,-7.86516854,20.68965517,33.33333333,-59.40594059,24.19238422,-6.29370629,0.48900746,0,-0.39783042,-2.05761317,0.01430572,0.24445374,0.03879814,0.32115193,0.09115325,-0.24974184,-1.10803324,1.12044818,0.0
GPSTRY,2026-08-17 07:54:59,2026-08-17 07:55:59,2026-08-17 08:03:59,5.93343,5,0.716,-0.69348128,0.42075736,-1.24137931,-0.13947001,52.90002015,-4.0,27.5862069,45.97701149,-27.35143644,30.78984378,-3.64963504,0.69620677,0,-0.37292026,-0.41724618,0.0136672,0.35661903,0.04211669,0.31967382,0.02568445,-0.9154627,-0.96818811,1.11731844,0.125
GPSTRY,2026-08-17 07:54:59,2026-08-17 07:55:59,2026-08-17 08:03:59,5.93343,10,0.725,-1.22615804,-0.54869684,0.83449235,1.3986014,64.37831352,30.90909091,66.66666667,84.12698413,90.5634759,48.97684039,9.01639344,1.56206726,0,-0.03089776,1.11576011,0.0120197,0.69457654,0.05625604,0.70364554,0.1954794,0.2108422,-1.09140518,2.20689655,0.25
PORTALTRY,2026-08-17 08:00:59,2026-08-17 08:00:59,2026-08-17 08:15:59,5.3705,0,0.8826,0.78794108,0.01133144,-0.66404052,-1.0205226,47.88361322,-21.76870748,33.07692308,17.18138981,-65.15283843,22.3362305,-14.33370661,-0.24572726,0,-0.10793185,-1.31932021,0.00722702,0.39724551,0.03143375,0.53402476,-0.07416541,-0.61040588,0.86857143,0.97439384,1.0
PORTALTRY,2026-08-17 08:00:59,2026-08-17 08:00:59,2026-08-17 08:15:59,5.3705,1,0.8757,-0.40941658,-0.261959,-1.36291958,-0.68050357,42.0613635,-28.77697842,5.078125,15.08182967,-108.76985301,22.22758503,-12.37569061,-0.27117248,0,-0.14378268,-1.99216564,0.00738185,0.15997615,0.03189124,1.65981829,-0.12375521,-0.64074059,-0.1140641,0.47961631,0.30952381
PORTALTRY,2026-08-17 08:00:59,2026-08-17 08:00:59,2026-08-17 08:15:59,5.3705,3,0.8825,0.51252847,-0.5969813,-0.24867187,0.79954312,46.67244868,10.07751938,26.77824268,31.58689961,-74.00416558,23.23603331,2.81162137,-0.11683303,0,-0.07830253,-1.03173713,0.00863618,0.35159275,0.02983613,0.40894837,-0.11822319,-0.49469695,0.46675774,0.6572238,0.9137931
PORTALTRY,2026-08-17 08:00:59,2026-08-17 08:00:59,2026-08-17 08:15:59,5.3705,5,0.8885,0.07884659,0.42952413,-0.65966011,1.03479645,50.56393846,18.1988743,59.64912281,54.26900585,-4.99359795,23.24480868,13.32046332,0.05292113,0,0.01298882,-0.35886509,0.00832864,0.50496438,0.03287883,0.37283536,0.06712858,-0.67963688,0.29348685,0.57400113,0.68627451
PORTALTRY,2026-08-17 08:00:59,2026-08-17 08:00:59,2026-08-17 08:15:59,5.3705,10,0.8944,0.10072748,0.30279242,0.30279242,0.40413112,54.303525,-11.53846154,80.35087719,79.07922797,70.55831951,20.90711078,1.64190774,0.28432578,0,0.20852191,1.70570844,0.01021435,0.70506886,0.05977062,0.30076947,-0.00996035,0.32207792,0.10072748,0.36896243,0.72727273
GPSTRY,2026-08-17 08:18:59,2026-08-17 08:15:59,2026-08-17 08:30:59,6.33803,0,0.711,-0.55944056,-0.83682008,-0.28050491,-0.83682008,48.69816703,-10.52631579,32.25806452,40.86021505,-18.28204591,16.67105899,-12.23021583,0.11863293,0,-0.06539703,0.85106383,0.01396424,0.46823951,0.06187525,1.1771647,0.18972625,-0.55820453,-0.42016807,1.54711674,0.72727273
GPSTRY,2026-08-17 08:18:59,2026-08-17 08:15:59,2026-08-17 08:30:59,6.33803,1,0.715,0.0,-0.4178273,0.70422535,-0.1396648,51.45631738,-2.7027027,45.16129032,52.3297491,35.16125277,15.29601004,-4.34782609,0.20407514,0,-0.01668906,0.0,0.01378621,0.57660083,0.06882964,0.49377976,0.20084624,-0.04430081,0.14005602,0.41958042,0.33333333
GPSTRY,2026-08-17 08:18:59,2026-08-17 08:15:59,2026-08-17 08:30:59,6.33803,3,0.717,-0.13927577,0.98591549,-0.41666667,3.76266281,52.74421329,28.0,66.66666667,66.4399093,40.66834805,17.05556001,14.53488372,0.26579565,0,0.02432928,-1.23966942,0.01713489,0.64703227,0.07383259,0.24922276,0.14185201,0.17482373,0.1396648,1.11576011,0.875
GPSTRY,2026-08-17 08:18:59,2026-08-17 08:15:59,2026-08-17 08:30:59,6.33803,5,0.713,0.42253521,-0.97222222,1.13475177,3.63372093,50.67165196,26.0,61.2244898,67.43048096,19.29392447,22.88901774,14.94252874,0.23142531,0,0.01164774,-0.55788006,0.01743138,0.56800641,0.07462107,0.29177391,0.13191108,0.59313573,0.56417489,1.26227209,0.66666667
GPSTRY,2026-08-17 08:18:59,2026-08-17 08:15:59,2026-08-17 08:30:59,6.33803,10,0.705,-1.3986014,-2.89256198,-1.67364017,-1.53631285,47.0380957,-18.0,52.63157895,70.76023392,-11.28175958,33.28222625,-10.16042781,0.20088981,0,0.0599607,2.47093023,0.0189463,0.40784878,0.07642062,0.97563733,-0.05229778,0.09067776,-1.53631285,2.41134752,0.23529412
EDENTRY,2026-08-17 08:45:59,2026-08-17 08:50:59,2026-08-17 09:00:59,5.87147,0,2.153,-0.13914657,-0.64605445,-0.46232085,1.31764706,58.32623404,45.76271186,57.44680851,71.58431032,52.77777778,64.58199186,39.24050633,0.39651263,0,0.1048267,0.84309133,0.00262093,0.67595576,0.03265471,0.00504732,0.34877957,0.58407823,0.0,0.0,
EDENTRY,2026-08-17 08:45:59,2026-08-17 08:50:59,2026-08-17 09:00:59,5.87147,1,2.156,-0.59935454,-0.46168052,-0.13895322,1.55440415,61.76584437,54.38596491,65.30612245,84.31943212,91.93706981,63.92439549,45.56962025,0.45333238,0,0.15846851,1.41110066,0.00261728,0.73806066,0.03298908,1.50912962,0.25578477,0.64829685,-0.64516129,0.64935065,0.0
EDENTRY,2026-08-17 08:45:59,2026-08-17 08:50:59,2026-08-17 09:00:59,5.87147,3,2.167,0.04616805,0.37054192,1.26168224,2.21698113,80.09770901,100.0,95.65217391,97.84150478,166.58202133,59.98578552,78.125,0.45919148,0,0.21824889,1.92850423,0.00210957,0.99015508,0.0301423,0.53352228,0.38143865,1.0,-0.09220839,0.09229349,0.0
EDENTRY,2026-08-17 08:45:59,2026-08-17 08:50:59,2026-08-17 09:00:59,5.87147,5,2.163,0.18527096,1.07476636,1.31147541,1.88412624,78.32577517,86.95652174,100.0,100.0,179.86692423,54.34637988,71.92982456,0.33023563,0,0.1999478,1.78823529,0.00188231,1.07454655,0.02423144,1.77860653,0.37852605,1.0,0.32467532,0.3236246,1.0
EDENTRY,2026-08-17 08:45:59,2026-08-17 08:50:59,2026-08-17 09:00:59,5.87147,10,2.135,0.4233302,0.4233302,0.47058824,-0.37330845,56.71419981,-25.0,60.0,36.0,8.76504448,38.26635581,-21.42857143,-0.08351188,0,0.02488025,0.56523787,0.00140515,0.60151462,0.01733278,1.790512,-0.15165718,1.0,0.3761166,0.37470726,1.0
RVNTRY,2026-08-17 09:03:59,2026-08-17 09:08:59,2026-08-17 09:18:59,5.87828,0,0.1434,0.06978367,0.0,-0.82987552,-1.10344828,42.6385012,-31.81818182,16.66666667,5.55555556,-115.98302687,21.08726149,-24.52830189,-0.15072017,0,-0.11367635,-0.13927577,0.00263997,0.17668013,0.0158787,2.84826729,-0.09309959,-0.24226481,0.06978367,0.27894003,0.75
RVNTRY,2026-08-17 09:03:59,2026-08-17 09:08:59,2026-08-17 09:18:59,5.87828,1,0.1433,0.0,-0.48611111,-1.0359116,-1.24052378,41.14850342,-37.77777778,0.0,0.0,-134.79052823,19.47046612,-29.62962963,-0.13066293,0,-0.11750765,-0.69300069,0.00269166,0.09739628,0.01516002,0.37209099,-0.18197424,-0.92919705,-0.06973501,0.06978367,0.0
RVNTRY,2026-08-17 09:03:59,2026-08-17 09:08:59,2026-08-17 09:18:59,5.87828,3,0.1434,-0.41666667,-0.96685083,-0.27816412,-0.55478502,42.09123364,-24.0,0.0,31.11111111,-133.33333333,17.6522843,-18.96551724,-0.03058794,0,-0.08385801,-0.69252078,0.00288902,0.01798051,0.01286788,1.88048018,-0.14470314,-0.2702361,-0.41666667,0.41841004,0.0
RVNTRY,2026-08-17 09:03:59,2026-08-17 09:08:59,2026-08-17 09:18:59,5.87828,5,0.1446,-0.13812155,0.55632823,0.69637883,0.27739251,55.83652854,15.55555556,66.66666667,71.11111111,31.74603175,18.49097302,14.28571429,0.07503889,0,-0.03142836,-0.27586207,0.00276625,0.6203055,0.01180093,0.00459188,0.00524886,0.85832388,0.06920415,0.06915629,1.0
RVNTRY,2026-08-17 09:03:59,2026-08-17 09:08:59,2026-08-17 09:18:59,5.87828,10,0.1436,-0.48510049,-0.55401662,-0.96551724,-0.89717046,43.80752686,-30.23255814,0.0,18.78224974,-145.54905783,26.49981319,-20.37037037,0.05338634,0,-0.11175504,-0.41608877,0.00268603,-0.01898242,0.01219988,0.66189693,0.31656534,-0.42476686,-0.34698126,0.34818942,0.0
SIGNTRY,2026-08-17 09:05:59,2026-08-17 09:05:59,2026-08-17 09:20:59,6.09756,0,0.328,0.0,0.0,0.0,0.3058104,76.02926528,100.0,100.0,100.0,59.52380952,30.95238095,100.0,0.1066082,0,-0.00634519,0.3058104,0.00021777,0.70412415,0.00598166,0.45028484,0.0163252,0.0,0.0,0.0,
SIGNTRY,2026-08-17 09:05:59,2026-08-17 09:05:59,2026-08-17 09:20:59,6.09756,1,0.328,0.0,0.0,0.0,0.0,76.02926528,100.0,100.0,100.0,64.81481481,23.80952381,100.0,0.11170398,0,-0.00383888,0.3058104,0.00021777,0.72613351,0.00607533,0.0,0.01450936,0.0,0.0,0.0,
SIGNTRY,2026-08-17 09:05:59,2026-08-17 09:05:59,2026-08-17 09:20:59,6.09756,3,0.328,0.0,0.0,0.0,0.0,76.02926528,0.0,100.0,100.0,79.25407925,9.52380952,0.0,0.11880447,0,0.00025747,0.3058104,0.00065331,0.7763854,0.00607719,0.0,0.01441789,0.0,0.0,0.0,
SIGNTRY,2026-08-17 09:05:59,2026-08-17 09:05:59,2026-08-17 09:20:59,6.09756,5,0.328,0.0,0.0,0.3058104,0.3058104,76.02926528,33.33333333,100.0,100.0,102.56410256,23.80952381,25.0,0.11817238,0,0.00021554,0.3058104,0.00087108,0.84069257,0.00582825,6.42090469,0.01441789,0.03634289,0.0,0.0,
SIGNTRY,2026-08-17 09:05:59,2026-08-17 09:05:59,2026-08-17 09:20:59,6.09756,10,0.327,0.0,0.0,0.0,0.0,59.87838234,0.0,0.0,0.0,-39.21568627,50.0,0.0,0.07244179,0,-0.04314286,0.0,0.00065531,0.39497899,0.00436584,0.0,0.02045222,0.0,0.0,0.0,
PORTALTRY,2026-08-17 09:09:59,2026-08-17 09:10:59,2026-08-17 09:16:59,5.1186,0,0.8066,0.69912609,-0.30898529,-0.530275,-1.67012069,39.23212334,-19.38168847,22.3255814,13.44186047,-108.90763217,20.4581098,-10.32831737,-1.01849829,0,0.02807396,-2.30135659,0.01294676,0.23782037,0.04546196,1.27334669,-0.19497114,-0.45991055,0.81239845,1.19018101,1.0
PORTALTRY,2026-08-17 09:09:59,2026-08-17 09:10:59,2026-08-17 09:16:59,5.1186,1,0.801,-0.64500124,-1.52446521,-1.01334652,-3.20241692,34.51058749,-23.79778052,2.5,13.58333333,-127.13459451,21.43616497,-8.61209964,-1.06755865,0,-0.00279525,-4.28964034,0.01252898,0.06336751,0.04621162,4.65079948,-0.29253017,-0.63824749,-0.63267585,0.87390762,0.14285714
PORTALTRY,2026-08-17 09:09:59,2026-08-17 09:10:59,2026-08-17 09:16:59,5.1186,3,0.8091,-0.52864519,-0.01235788,0.35971223,-0.96695226,38.4171618,-12.68571429,22.75,27.83333333,-87.95622966,22.94804313,2.63340263,-0.9914266,0,0.05107213,-1.20879121,0.01273902,0.19975841,0.04745639,0.3048827,-0.17620973,0.10728367,-0.44296788,0.60561117,0.02040816
PORTALTRY,2026-08-17 09:09:59,2026-08-17 09:10:59,2026-08-17 09:16:59,5.1186,5,0.8109,0.21008403,0.58298189,-1.78052326,-2.28943246,38.71663068,-12.68237935,27.25,19.83333333,-124.02877698,25.46587042,-8.41523342,-1.06859416,0,0.01082042,-1.14592222,0.01434033,0.19526748,0.04960144,0.70048199,-0.17859251,-0.53436631,0.21008403,0.83857442,1.0
PORTALTRY,2026-08-17 09:09:59,2026-08-17 09:10:59,2026-08-17 09:16:59,5.1186,10,0.8256,-1.35022105,0.80586081,0.64610508,-0.57803468,42.97039623,-14.17112299,53.76044568,61.28133705,-13.35792674,23.85380334,-0.967519,-0.75640725,0,0.28318967,-0.51813472,0.01251903,0.36271288,0.03926864,0.93285979,-0.01294786,0.14067436,-1.36200717,1.9379845,0.2125
CHIPTRY,2026-08-17 09:32:59,2026-08-17 09:35:59,2026-08-17 09:47:59,5.17597,0,1.4536,-0.20595908,-0.08248557,0.27593819,2.6046446,68.55222504,47.65432099,83.61904762,90.78531983,100.19394258,45.87889199,35.76512456,0.90646105,0,0.15187092,2.1145065,0.00552323,0.80664901,0.04975558,2.21451439,0.10188033,-0.24044345,-0.08248557,0.39900936,0.36206897
CHIPTRY,2026-08-17 09:32:59,2026-08-17 09:35:59,2026-08-17 09:47:59,5.17597,1,1.4566,-0.21237241,-0.06174957,1.11064834,2.97631672,71.83569349,50.06273526,89.33333333,92.79964657,131.26417427,41.14697752,37.82569632,0.94606492,0,0.1998159,1.86013986,0.00545792,0.88167627,0.04965084,1.72108247,0.14063638,0.2120316,-0.18502022,0.51489771,0.25333333
CHIPTRY,2026-08-17 09:32:59,2026-08-17 09:35:59,2026-08-17 09:47:59,5.17597,3,1.4548,-0.18524871,0.9857004,1.71292736,3.32386364,73.41662877,56.53298836,89.66202783,93.44021864,175.78735761,30.89824361,45.49675023,0.88809457,0,0.22490921,3.11879785,0.00528791,0.98089821,0.04300926,4.448674,0.03836346,0.33818565,-0.04122578,0.37118504,0.03703704
CHIPTRY,2026-08-17 09:32:59,2026-08-17 09:35:59,2026-08-17 09:47:59,5.17597,5,1.4496,0.62473969,1.34936727,1.83350896,2.9033861,73.47085755,50.74424899,91.78644764,96.33489877,196.91039386,20.39605069,35.53398058,0.71789096,0,0.17999854,2.3222983,0.00507529,1.11310273,0.03255245,6.06326072,0.2237009,0.8784112,0.68764326,1.12444812,0.75460123
CHIPTRY,2026-08-17 09:32:59,2026-08-17 09:35:59,2026-08-17 09:47:59,5.17597,10,1.4235,-0.45454545,0.90019847,0.47998871,1.10803324,60.81433895,16.03498542,74.10358566,85.72123165,162.92356894,13.21767684,14.1499472,0.38571737,0,0.0533998,1.05061404,0.00475187,0.9013407,0.01687327,1.17696937,-0.0723997,0.01631835,-0.40579305,0.456621,0.10769231
HBARTRY,2026-08-17 10:09:59,2026-08-17 10:09:59,2026-08-17 10:24:59,8.00129,0,3.112,-0.06422608,-0.1283697,-0.1283697,-0.1283697,20.19214002,-100.0,0.0,16.66666667,-456.79012346,14.28571429,-100.0,-0.00513992,0,-0.01947437,-0.1283697,9.181e-05,-0.46966347,0.00122469,173.13084112,0.0,-0.96025878,0.0,0.0,
HBARTRY,2026-08-17 10:09:59,2026-08-17 10:09:59,2026-08-17 10:24:59,8.00129,1,3.114,-0.06418485,-0.06418485,-0.06418485,-0.06418485,34.16122353,-100.0,0.0,33.33333333,-666.66666667,7.14285714,-100.0,0.00818011,0,-0.01344736,-0.06418485,4.588e-05,-0.58972474,0.00055957,28.27906977,0.0,-0.59813084,0.0,0.0,
HBARTRY,2026-08-17 10:09:59,2026-08-17 10:09:59,2026-08-17 10:24:59,8.00129,3,3.116,0.0,0.0,0.0,0.0,95.52731077,0.0,50.0,50.0,0.0,14.28571429,0,0.01827355,0,-0.01015715,0.0,,,0.0,,,,0.0,0.0,
HBARTRY,2026-08-17 10:09:59,2026-08-17 10:09:59,2026-08-17 10:24:59,8.00129,5,3.116,0.0,0.0,0.0,0.0,95.52731077,0.0,50.0,50.0,0.0,28.57142857,0,0.02195855,0,-0.0108538,0.0,,,0.0,,,,0.0,0.0,
HBARTRY,2026-08-17 10:09:59,2026-08-17 10:09:59,2026-08-17 10:24:59,8.00129,10,3.116,0.0,0.0,0.0,0.0,95.52731077,0.0,50.0,50.0,35.0877193,64.28571429,0,0.03438974,0,-0.01135299,0.0,,0.55735393,0.00055957,0.0,0.0,,0.0,0.0,
GPSTRY,2026-08-17 11:17:59,2026-08-17 11:24:59,2026-08-17 11:31:59,7.05036,0,0.7,0.57471264,2.04081633,0.86455331,-2.64255911,44.3736999,-24.24242424,51.28205128,32.97239547,-75.05205376,53.81119186,-24.46043165,-0.96663786,0,-0.16439508,-1.82328191,0.01418367,0.35922469,0.07182374,4.09743028,0.23724296,0.43160568,0.14306152,2.85714286,1.0
GPSTRY,2026-08-17 11:17:59,2026-08-17 11:24:59,2026-08-17 11:31:59,7.05036,1,0.696,1.1627907,0.57803468,1.1627907,-3.19888734,40.38510145,-35.38461538,35.13513514,17.58778009,-83.49238976,49.99710525,-22.58064516,-1.12391822,0,-0.29783118,-2.5210084,0.01272578,0.26435407,0.0725155,1.72879215,0.06395322,0.20293483,1.31004367,1.86781609,0.76923077
GPSTRY,2026-08-17 11:17:59,2026-08-17 11:24:59,2026-08-17 11:31:59,7.05036,3,0.686,-0.86705202,-0.29069767,-4.18994413,-5.1175657,28.68378232,-63.33333333,5.12820513,16.12800636,-167.91000592,41.11261847,-36.97478992,-1.16496253,0,-0.44549042,-4.05594406,0.01239067,-0.01743091,0.06795447,1.49990754,-0.02550601,-0.70576477,-0.86705202,1.16618076,0.25
GPSTRY,2026-08-17 11:17:59,2026-08-17 11:24:59,2026-08-17 11:31:59,7.05036,5,0.694,0.87209302,-3.0726257,-2.66479663,-3.47705146,33.15675508,-41.37931034,23.25581395,13.01509588,-223.58923885,32.3427772,-30.43478261,-0.90194635,0,-0.39508211,-3.47705146,0.01183615,-0.01503934,0.05465081,1.53472963,-0.00734493,-0.34577809,0.57971014,1.72910663,0.83333333
GPSTRY,2026-08-17 11:17:59,2026-08-17 11:24:59,2026-08-17 11:31:59,7.05036,10,0.713,-0.14005602,-0.27972028,-0.83449235,-0.55788006,43.41201741,-17.64705882,30.0,28.68421053,-92.11553474,27.02063593,-19.04761905,-0.18152829,0,-0.06456963,-0.83449235,0.00841515,0.23811492,0.02156725,0.2434718,0.08441521,-0.37710135,0.0,0.42075736,1.0
ACETRY,2026-08-17 11:30:59,2026-08-17 11:36:59,2026-08-17 11:45:59,5.81674,0,7.048,-0.42384854,-1.08070175,-0.4519774,-1.13620424,36.10767759,-33.62445415,11.71171171,31.74273174,-186.78277305,14.56763801,-14.98771499,-0.21635011,0,-0.01349043,-0.69043258,0.00412478,-0.10322989,0.01258147,1.08781312,-0.03897323,-0.17315445,-0.50818746,0.72360953,0.25490196
ACETRY,2026-08-17 11:30:59,2026-08-17 11:36:59,2026-08-17 11:45:59,5.81674,1,7.078,-0.45007032,-0.07059156,-0.07059156,-0.45007032,41.30864676,-25.12315271,24.17582418,53.11355311,-85.9362486,14.38764257,-4.45026178,-0.15564477,0,0.02564923,-0.79887877,0.003855,0.13684381,0.01052212,1.21675777,-0.0086844,-0.41783967,-0.46406975,0.53687482,0.13157895
ACETRY,2026-08-17 11:30:59,2026-08-17 11:36:59,2026-08-17 11:45:59,5.81674,3,7.125,0.59296908,0.59296908,0.40868095,0.18278965,51.94539018,9.60451977,75.82417582,43.95604396,14.02103155,13.52362426,14.08839779,-0.16323346,0,0.03178492,0.09834223,0.00362907,0.75122313,0.00999731,0.53941299,0.04879836,-0.27820337,0.66402939,0.67368421,0.97916667
ACETRY,2026-08-17 11:30:59,2026-08-17 11:36:59,2026-08-17 11:45:59,5.81674,5,7.08,-0.04235493,-0.22547914,-0.23953783,-0.46393927,38.66685442,-15.06849315,26.37362637,11.20666773,-183.06878307,13.83086558,2.4691358,-0.2369624,0,-0.01469229,-0.68733343,0.00326877,0.08682941,0.00950022,3.50608157,-0.11987236,-0.67615637,0.02825657,0.4519774,0.75
ACETRY,2026-08-17 11:30:59,2026-08-17 11:36:59,2026-08-17 11:45:59,5.81674,10,7.097,-0.53258584,-0.29502669,-0.44887081,-0.4628331,40.51064372,-16.88311688,7.40740741,47.37654321,-50.45492142,17.37431742,3.25443787,-0.14245509,0,0.05094596,-0.22494025,0.00340184,0.20449122,0.00929623,0.48892387,-0.11927768,-0.25011821,-0.4628331,0.46498521,0.0
PORTALTRY,2026-08-17 11:44:59,2026-08-17 11:51:59,2026-08-17 11:57:59,5.36475,0,0.7597,1.49632599,1.40149493,0.67585476,-3.48113327,47.67038297,-21.12359551,49.87277354,23.72808298,-72.71689669,28.35229054,-5.32703978,-0.73177748,0,-0.18359522,-1.84754522,0.01394347,0.37763835,0.06515116,1.64907727,-0.08823227,0.23269022,1.4421151,2.79057523,0.9245283
PORTALTRY,2026-08-17 11:44:59,2026-08-17 11:51:59,2026-08-17 11:57:59,5.36475,1,0.7485,0.10699478,0.29478762,-2.45014988,-3.49406911,39.2246073,-44.67592593,11.47540984,10.79978051,-118.01930074,30.57209555,-10.70441989,-0.88234353,0,-0.31942302,-3.09425168,0.01381811,0.1437225,0.0647147,0.43966179,-0.11594785,-0.35098935,0.05346879,0.6012024,0.77777778
PORTALTRY,2026-08-17 11:44:59,2026-08-17 11:51:59,2026-08-17 11:57:59,5.36475,3,0.7492,0.38858368,-2.35892089,-0.78135346,-3.09145001,39.30751273,-28.29015544,11.08786611,8.29981616,-134.23131348,31.50645878,-2.7100271,-0.75846212,0,-0.34159821,-3.56545244,0.01407215,0.09835274,0.05847767,1.62391643,-0.15557627,-0.18325392,0.40203699,1.21462894,0.58241758
PORTALTRY,2026-08-17 11:44:59,2026-08-17 11:51:59,2026-08-17 11:57:59,5.36475,5,0.7546,-1.65515444,-0.0662164,-2.50645995,-1.60385969,41.03407807,-18.19184123,12.29314421,18.01975133,-88.24656484,34.75757425,6.02582496,-0.42951939,0,-0.22157408,-4.12908144,0.01319526,0.13943542,0.04995087,2.30592121,-0.10760013,-0.39619605,-1.78315762,2.63715876,0.26130653
PORTALTRY,2026-08-17 11:44:59,2026-08-17 11:51:59,2026-08-17 11:57:59,5.36475,10,0.774,0.20714656,-0.37327841,-1.66433744,1.49488592,51.55689165,21.64179104,52.41935484,51.70250896,51.51035782,39.80336541,23.11608961,0.25062296,0,0.15616205,0.92580519,0.00906238,0.66173361,0.04234688,0.87363214,-0.04192998,-0.74707014,0.19417476,0.50387597,0.43589744
ZKPTRY,2026-08-17 12:11:59,2026-08-17 12:20:59,2026-08-17 12:24:59,5.3443,0,1.92,-0.7751938,-0.7751938,-0.7751938,-0.7751938,24.95868165,-28.30188679,0.0,0.0,-203.30969267,25.03743636,-28.30188679,-0.13595942,0,-0.09510093,-1.74002047,0.00197173,-0.08603384,0.01567431,0.05902102,-0.33469908,-1.0,0.0,0.0,
ZKPTRY,2026-08-17 12:11:59,2026-08-17 12:20:59,2026-08-17 12:24:59,5.3443,1,1.935,0.0,0.0,0.0,0.0,42.58471827,0.0,0.0,0.0,-44.44444444,23.01587302,0.0,-0.0421493,0,-0.04587874,-0.97236438,0.00140273,0.36247746,0.01331611,0.0,-0.33573878,,0.0,0.0,
ZKPTRY,2026-08-17 12:11:59,2026-08-17 12:20:59,2026-08-17 12:24:59,5.3443,3,1.935,0.0,0.0,-0.56526208,0.0,42.58471823,0.0,0.0,0.0,-44.44444444,23.01587302,0.0,-0.00867882,0,-0.03794941,0.0,0.00140273,0.36247746,0.01331611,0.0,-0.33573878,-1.0,0.0,0.0,
ZKPTRY,2026-08-17 12:11:59,2026-08-17 12:20:59,2026-08-17 12:24:59,5.3443,5,1.935,0.0,-0.56526208,-0.97236438,0.0,42.58471819,0.0,0.0,19.29824561,-44.44444444,23.01587302,0.0,0.05557644,0,-0.00518334,0.0,0.00140273,0.36247746,0.01331611,0.0,-0.33573878,-1.0,0.0,0.0,
ZKPTRY,2026-08-17 12:11:59,2026-08-17 12:20:59,2026-08-17 12:24:59,5.3443,10,1.954,0.0,0.98191214,0.98191214,0.98191214,89.71017738,100.0,100.0,83.33333333,333.33333333,14.28571429,100.0,0.1588621,0,0.10789509,0.98191214,0.00069455,1.25,0.01177139,0.0,0.0,0.53187191,0.0,0.0,
RARETRY,2026-08-17 12:15:59,2026-08-17 12:15:59,2026-08-17 12:30:59,12.24132,0,0.5702,0.17568517,0.19328765,0.26375945,1.06345268,73.01561723,70.73170732,100.0,94.54861111,124.95575221,45.93004841,70.43478261,0.20580267,0,0.07531576,0.97396848,0.0014406,0.92606873,0.01447473,0.00075034,-0.12287364,0.96774695,0.0,0.0,
RARETRY,2026-08-17 12:15:59,2026-08-17 12:15:59,2026-08-17 12:30:59,12.24132,1,0.5692,0.0175716,0.07032349,0.12313105,0.77903683,68.51595766,67.56756757,88.33333333,92.98611111,115.18257114,42.88555193,70.27027027,0.18522983,0,0.0730045,0.7968833,0.00139293,0.85719786,0.01334305,0.5568757,-0.10040286,0.9819555,-0.12282857,0.12297962,0.0
RARETRY,2026-08-17 12:15:59,2026-08-17 12:15:59,2026-08-17 12:30:59,12.24132,3,0.5691,0.05274262,0.1055409,0.37037037,0.74349442,68.02079194,40.22988506,95.3125,94.61236339,140.34256847,39.06108828,33.84615385,0.16783444,0,0.08471797,0.81488043,0.00163165,0.93913593,0.01186565,0.81867935,-0.09383959,1.0,0.07033585,0.12300123,0.57142857
RARETRY,2026-08-17 12:15:59,2026-08-17 12:15:59,2026-08-17 12:30:59,12.24132,5,0.5687,0.0351803,0.29982363,0.70834071,0.45928281,66.22122106,37.6344086,93.44262295,94.01384135,191.14516816,36.62931254,16.44736842,0.12654742,0,0.08338342,0.79758951,0.00190912,1.01145824,0.00986503,1.18236121,-0.12979085,0.95890392,0.01758706,0.08791982,0.2
RARETRY,2026-08-17 12:15:59,2026-08-17 12:15:59,2026-08-17 12:30:59,12.24132,10,0.5647,0.0,0.03542958,0.08862106,-0.24730613,40.60947354,-25.0,53.125,51.04166667,-73.40241796,35.08243633,-29.7029703,-0.08201744,0,-0.00929709,-0.24730613,0.00127754,0.2548613,0.0048703,0.0,-0.33417369,1.0,0.0,0.0,
ACETRY,2026-08-17 12:16:59,2026-08-17 12:16:59,2026-08-17 12:20:59,5.80811,0,7.765,-0.96926412,-2.9375,-3.05867665,-3.89851485,43.47106984,-52.0661157,14.54081633,19.6621696,-157.73232867,26.47410708,-22.62474368,0.40319792,0,-0.63796999,-2.69423559,0.01345782,-0.04815263,0.04643314,1.86009902,0.00322173,-0.79683415,-1.08280255,2.12491951,0.34545455
ACETRY,2026-08-17 12:16:59,2026-08-17 12:16:59,2026-08-17 12:20:59,5.80811,1,7.841,-1.34625063,-2.71712159,-2.48725283,-1.38347378,48.71015153,-45.17958412,6.51465798,34.51704126,-87.04389134,25.4911912,-14.1218638,0.74927228,0,-0.49514094,-2.10986267,0.01270793,0.10532297,0.04191666,0.73035211,0.08057478,-0.77096973,-1.24685139,1.58143094,0.16129032
ACETRY,2026-08-17 12:16:59,2026-08-17 12:16:59,2026-08-17 12:20:59,5.80811,3,8.0,-0.74441687,-0.50988683,-0.42320139,2.15808964,63.14994754,29.13385827,59.10543131,71.17239867,3.45892684,27.11587676,10.72874494,1.26463222,0,-0.274237,-0.31152648,0.01323214,0.59120566,0.04486206,0.98129453,0.20707039,-0.66056847,-0.57171265,2.6,0.77884615
ACETRY,2026-08-17 12:16:59,2026-08-17 12:16:59,2026-08-17 12:20:59,5.80811,5,8.01,-0.38552419,-0.2987304,0.37593985,1.81771959,67.29711267,25.2173913,71.07843137,77.81230344,66.70909648,28.40550249,14.85507246,1.47035134,0,-0.22089764,-0.86633663,0.01230605,0.65762747,0.06412194,1.14920079,0.20817288,-0.5960248,-0.42267529,1.24843945,0.1
ACETRY,2026-08-17 12:16:59,2026-08-17 12:16:59,2026-08-17 12:20:59,5.80811,10,7.98,-0.37453184,-0.56074766,-1.23762376,6.48518815,70.3896936,53.54107649,72.74401473,79.19473246,83.8172522,45.50008749,19.53302961,2.01468593,0,-0.01179028,1.43637981,0.01571787,0.71903566,0.0944539,0.73466197,0.07315646,-0.64023153,-0.34965035,1.71679198,0.18248175
BELTRY,2026-08-17 12:16:59,2026-08-17 12:18:59,2026-08-17 12:31:59,6.11855,0,5.21,0.0,-0.95057034,-0.95057034,0.57915058,51.68746649,5.88235294,18.18181818,26.01010101,-15.95641175,71.43806486,13.63636364,0.31222834,0,-0.05492994,0.19230769,0.00301618,0.47043438,0.02594789,4.20289968,0.31722005,-0.15905216,0.0,0.19193858,1.0
BELTRY,2026-08-17 12:16:59,2026-08-17 12:18:59,2026-08-17 12:31:59,6.11855,1,5.21,-0.38240918,-0.95057034,-1.51228733,0.57915058,51.68746659,15.78947368,18.18181818,42.17171717,4.75146199,76.15440115,26.08695652,0.39842438,0,-0.00652335,0.19230769,0.00315328,0.48952967,0.02748959,1.09512885,0.16616946,-0.54495989,-0.19157088,0.19193858,0.0
BELTRY,2026-08-17 12:16:59,2026-08-17 12:18:59,2026-08-17 12:31:59,6.11855,3,5.26,0.0,-0.56710775,0.57361377,1.74081238,71.88472479,46.66666667,66.66666667,67.52136752,123.94957983,77.33044733,57.89473684,0.58623632,0,0.12602788,1.15384615,0.00258012,0.84981502,0.03020672,1.48326567,0.09300222,0.56775042,0.0,0.19011407,0.0
BELTRY,2026-08-17 12:16:59,2026-08-17 12:18:59,2026-08-17 12:31:59,6.11855,5,5.26,-0.56710775,0.57361377,1.15384615,1.9379845,71.88472486,55.55555556,69.23076923,87.36263736,169.52380952,73.22871573,70.0,0.59096943,0,0.16978675,1.54440154,0.00271592,0.92948718,0.03004044,1.57692138,0.13463089,0.6998371,-0.37878788,0.38022814,0.0
BELTRY,2026-08-17 12:16:59,2026-08-17 12:18:59,2026-08-17 12:31:59,6.11855,10,5.2,0.0,0.0,0.38610039,1.36452242,71.03421264,75.0,100.0,100.0,91.84149184,50.47119547,66.66666667,0.32530936,0,0.08815227,0.7751938,0.00164835,0.83196422,0.0207066,0.42454348,0.15608003,0.04287783,0.19267823,0.19230769,1.0
GPSTRY,2026-08-17 12:45:59,2026-08-17 12:45:59,2026-08-17 13:00:59,5.70652,0,0.736,0.68399453,-0.40595399,-0.27100271,-0.67476383,47.23170814,-29.03225806,36.36363636,16.66666667,-126.25178827,20.37501303,-11.84210526,-0.21051965,0,-0.17647959,-0.80862534,0.00737578,0.23884905,0.02301297,0.67768679,0.15284331,0.04636984,0.54644809,0.67934783,1.0
GPSTRY,2026-08-17 12:45:59,2026-08-17 12:45:59,2026-08-17 13:00:59,5.70652,1,0.731,-0.13661202,-1.08254398,-0.81411126,-2.14190094,39.89350474,-33.33333333,13.63636364,14.96212121,-211.29943503,18.35131446,-14.47368421,-0.21787325,0,-0.21031877,-1.87919463,0.00742623,-0.07157967,0.02256172,0.52531116,0.13210775,0.34175779,-0.13661202,0.82079343,0.5
GPSTRY,2026-08-17 12:45:59,2026-08-17 12:45:59,2026-08-17 13:00:59,5.70652,3,0.739,0.0,0.27137042,0.0,-0.13513514,49.47707436,-12.5,31.25,29.16666667,-64.30446194,14.66486403,-11.11111111,-0.0052188,0,-0.12398227,-0.9383378,0.00782911,0.33553548,0.0172294,0.3472333,0.15194084,0.42668576,0.13550136,0.27063599,1.0
GPSTRY,2026-08-17 12:45:59,2026-08-17 12:45:59,2026-08-17 13:00:59,5.70652,5,0.738,0.13568521,-0.135318,-0.53908356,0.0,48.14728992,-8.57142857,25.0,31.25,-98.9010989,12.84795998,-7.05882353,0.03526257,0,-0.13702342,-0.4048583,0.00822687,0.24029071,0.01688228,2.0444034,0.14329931,-0.10602772,0.27173913,0.54200542,0.75
GPSTRY,2026-08-17 12:45:59,2026-08-17 12:45:59,2026-08-17 13:00:59,5.70652,10,0.742,-0.40268456,-0.53619303,0.13495277,0.40595399,53.0060598,6.25,55.55555556,68.51851852,31.25536665,12.01487678,-4.9382716,0.35120978,0,0.0005466,0.54200542,0.00779746,0.56330158,0.02452184,1.12363463,0.06577486,-0.00229125,-0.2688172,0.53908356,0.5
ACETRY,2026-08-17 12:50:59,2026-08-17 12:57:59,2026-08-17 13:05:59,6.3288,0,7.968,-1.61748364,-1.23946455,-1.52020764,-2.43663524,38.39789944,-34.16815742,7.2,38.14074074,-203.06688237,48.08138105,-22.44897959,-0.28268085,0,-0.25228694,-1.71456766,0.00966365,-0.20971053,0.02917123,0.72548202,0.14502232,-0.22126206,-1.60533465,2.18373494,0.10344828
ACETRY,2026-08-17 12:50:59,2026-08-17 12:57:59,2026-08-17 13:05:59,6.3288,1,8.099,-0.4302926,0.50881112,-0.92966361,-1.14732088,48.56928511,-15.59633028,43.88888889,44.62962963,-79.56600362,45.78559922,-12.89308176,-0.09605984,0,-0.15925095,-1.02651839,0.00841374,0.23750985,0.0223061,0.12218373,0.21771597,-0.31217933,-0.5403414,0.95073466,0.41558442
ACETRY,2026-08-17 12:50:59,2026-08-17 12:57:59,2026-08-17 13:05:59,6.3288,3,8.068,0.12410027,-1.3088685,-0.43193879,-1.36919315,45.24114295,-35.34246575,26.66666667,29.07407407,-186.36788049,42.894832,-27.57437071,-0.11981881,0,-0.22533316,-1.48962149,0.0077378,0.03432007,0.02198386,0.69201722,0.18633804,0.05836109,0.12410027,0.33465543,0.66666667
ACETRY,2026-08-17 12:50:59,2026-08-17 12:57:59,2026-08-17 13:05:59,6.3288,5,8.091,-1.02752294,-0.1480933,-0.19736031,-1.00330356,47.04349367,-29.57746479,39.44444444,69.44444444,-80.26787399,35.13767576,-22.88329519,0.06532666,0,-0.16482771,-0.93057426,0.0077158,-0.02306936,0.01675809,0.98241643,0.29057245,0.21771911,-0.86988483,1.33481646,0.0
ACETRY,2026-08-17 12:50:59,2026-08-17 12:57:59,2026-08-17 13:05:59,6.3288,10,8.107,-0.92875474,-1.01343101,-0.73466389,1.52786475,49.01588177,-16.51090343,26.19047619,71.70612855,0.60463904,12.86778303,-22.07637232,0.29439854,0,-0.13468368,-0.80753701,0.00738339,0.409374,0.04095238,0.93977596,0.16004096,-0.25278981,-0.92875474,1.11015172,0.05555556
CATITRY,2026-08-17 13:10:59,2026-08-17 13:10:59,2026-08-17 13:25:59,8.07234,0,2.267,0.0,0.0,0.0,0.22104332,65.33219702,100.0,50.0,83.33333333,47.61904762,100.0,100.0,0.02799183,0,0.01096946,0.0,0.00015754,0.66366342,0.00404553,0.0,0.0,,0.0,0.0,
CATITRY,2026-08-17 13:10:59,2026-08-17 13:10:59,2026-08-17 13:25:59,8.07234,1,2.267,0.0,0.0,0.0,0.22104332,65.33219694,100.0,100.0,100.0,51.28205128,100.0,100.0,0.02942509,0,0.01346021,0.0,0.00015754,0.68344985,0.00421119,0.0,0.0,,0.0,0.0,
CATITRY,2026-08-17 13:10:59,2026-08-17 13:10:59,2026-08-17 13:25:59,8.07234,3,2.267,0.0,0.0,0.0,0.22104332,65.33219679,100.0,100.0,100.0,60.60606061,100.0,100.0,0.03159129,0,0.01919779,0.0,0.00015754,0.72613351,0.00439337,0.0,0.0,,0.0,0.0,
CATITRY,2026-08-17 13:10:59,2026-08-17 13:10:59,2026-08-17 13:25:59,8.07234,5,2.267,0.0,0.0,0.0,0.22104332,65.33219666,100.0,100.0,100.0,74.07407407,100.0,100.0,0.03195358,0,0.02563524,0.22104332,0.00015754,0.7763854,0.00439434,0.0,0.0,,0.0,0.0,
CATITRY,2026-08-17 13:10:59,2026-08-17 13:10:59,2026-08-17 13:25:59,8.07234,10,2.267,0.0,0.0,0.22104332,0.22104332,65.33220033,100.0,100.0,100.0,92.43697479,100.0,100.0,0.01137245,1,0.03598093,0.22104332,0.00015754,0.8115982,0.00467843,0.0,0.0,1.0,0.0,0.0,
ACETRY,2026-08-17 13:20:59,2026-08-17 13:21:59,2026-08-17 13:35:59,6.03578,0,8.58,-0.98095788,-1.52645472,-1.63934426,-1.03806228,53.2236813,-11.72413793,22.53521127,35.09389671,-24.75154256,48.24517811,-8.17378498,0.88710673,0,-0.29479634,-1.71821306,0.01130536,0.39569703,0.0570381,0.77927598,0.17754512,-0.19772303,-0.65995137,1.32867133,0.35087719
ACETRY,2026-08-17 13:20:59,2026-08-17 13:21:59,2026-08-17 13:35:59,6.03578,1,8.665,0.73238782,-1.06188628,-0.43663105,0.30096076,59.71696875,-0.7751938,52.46478873,51.76722797,18.87051531,52.09589046,-4.8951049,1.10811101,0,-0.19251215,1.01422243,0.01060918,0.5833793,0.0656882,0.70734133,0.22488687,0.20411646,0.67387011,1.15406809,0.82
ACETRY,2026-08-17 13:20:59,2026-08-17 13:21:59,2026-08-17 13:35:59,6.03578,3,8.713,-0.51381594,0.11490291,-0.32032948,4.17264467,65.9083582,34.85540335,72.55520505,82.50739251,67.09534944,59.28146329,19.28353659,1.49235179,0,0.00473964,1.16103564,0.01075569,0.67750024,0.09377224,0.51425825,0.30868864,-0.18439998,-0.64994299,0.65419488,0.0
ACETRY,2026-08-17 13:20:59,2026-08-17 13:21:59,2026-08-17 13:35:59,6.03578,5,8.723,0.22980581,-0.2059261,-0.08018328,4.98254904,69.00441711,55.5847569,84.6,83.70984928,73.27667894,59.22687355,31.02710414,1.66265806,0,0.11996709,0.61130334,0.01148032,0.72175497,0.1203774,0.6309245,0.31661849,-0.2194894,-0.10306917,0.76808437,0.29850746
ACETRY,2026-08-17 13:20:59,2026-08-17 13:21:59,2026-08-17 13:35:59,6.03578,10,8.73,1.77197482,1.3584117,0.69204152,7.79108532,73.76525629,79.04564315,97.81771502,90.19398089,106.99907554,45.91330789,47.52407153,1.83223149,0,0.41644795,5.06679504,0.01189658,0.88236557,0.12385819,2.10454612,0.38232018,-0.32117794,1.72453973,1.92439863,0.89880952
GPSTRY,2026-08-17 13:35:59,2026-08-17 13:35:59,2026-08-17 13:50:59,5.00659,0,0.759,0.13192612,-0.39370079,-1.171875,-2.94117647,41.57624708,-39.28571429,14.70588235,17.64705882,-82.23599277,39.8075098,-20.93023256,-0.50142189,0,-0.2289221,-0.13157895,0.01214003,0.22368421,0.04938272,0.95376484,-0.01510237,-0.19358532,0.13192612,0.79051383,0.5
GPSTRY,2026-08-17 13:35:59,2026-08-17 13:35:59,2026-08-17 13:50:59,5.00659,1,0.758,-0.65530799,-1.17340287,-1.43042913,-3.43949045,40.42620204,-42.85714286,11.76470588,19.95230525,-96.83355543,36.62952527,-23.25581395,-0.47271739,0,-0.24309026,-1.30208333,0.01215605,0.1682188,0.04928216,1.56866559,-0.01513464,-0.62023123,-0.52493438,1.05540897,0.5
GPSTRY,2026-08-17 13:35:59,2026-08-17 13:35:59,2026-08-17 13:50:59,5.00659,3,0.762,-0.65189048,-0.91027308,0.39525692,-1.80412371,43.43585742,-33.33333333,21.62162162,31.53153153,-72.3780449,31.58442253,-8.27067669,-0.39303525,0,-0.25641133,-2.80612245,0.01246719,0.21289622,0.04823185,0.35028471,-0.06444232,-0.10830224,-0.65189048,0.78740157,0.16666667
GPSTRY,2026-08-17 13:35:59,2026-08-17 13:35:59,2026-08-17 13:50:59,5.00659,5,0.768,-0.13003901,1.18577075,1.05263158,-1.66453265,48.5204915,-21.31147541,37.83783784,29.72972973,-53.59332843,32.47294994,-8.95522388,-0.38298416,0,-0.3241779,-1.79028133,0.0124628,0.32145661,0.05094665,0.45184929,-0.11681699,0.19825392,-0.13003901,0.52083333,0.5
GPSTRY,2026-08-17 13:35:59,2026-08-17 13:35:59,2026-08-17 13:50:59,5.00659,10,0.76,-1.04166667,-3.06122449,-2.81329923,-4.40251572,39.58346317,-52.72727273,16.21621622,16.17538591,-268.03243705,28.13767046,-24.21875,-0.08646009,0,-0.48624137,-2.68886044,0.01203008,-0.14908573,0.0419051,0.78826641,-0.1173743,-0.58772075,-1.04166667,1.84210526,0.42857143
PORTALTRY,2026-08-17 13:39:59,2026-08-17 13:39:59,2026-08-17 13:54:59,5.01627,0,0.7376,0.0,-1.20546477,-2.49834765,-2.22693531,35.38754008,-24.91694352,13.31360947,10.19918669,-210.15092527,35.004996,-12.65306122,-0.58232759,0,-0.35115367,-3.39227243,0.00949024,-0.00023828,0.04228683,0.80239642,-0.35627191,-0.61480794,0.040689,0.94902386,0.64285714
PORTALTRY,2026-08-17 13:39:59,2026-08-17 13:39:59,2026-08-17 13:54:59,5.01627,1,0.7376,0.08141113,-1.7188541,-2.96013682,-2.01912859,35.38754015,-27.09677419,9.56790123,6.71825467,-228.64651774,35.50997624,-11.0403397,-0.47180483,0,-0.33135663,-3.07490145,0.00912225,-0.09369486,0.03753159,1.21467961,-0.33497382,-0.72466817,0.05425936,1.0032538,0.08108108
PORTALTRY,2026-08-17 13:39:59,2026-08-17 13:39:59,2026-08-17 13:54:59,5.01627,3,0.7466,-0.51965356,-1.77608209,-0.91572661,-1.24338624,41.68216376,-15.86452763,2.8708134,12.62360447,-151.27331711,35.36486013,-1.95360195,-0.06612314,0,-0.1465889,-2.27748691,0.00783552,0.03262606,0.02533119,1.62453298,-0.25054923,-0.19784393,-0.58588549,0.75006697,0.10714286
PORTALTRY,2026-08-17 13:39:59,2026-08-17 13:39:59,2026-08-17 13:54:59,5.01627,5,0.7565,-0.47362189,0.398142,-0.91683039,0.1986755,51.19350475,-1.46137787,35.0,38.92011834,24.60890493,36.21359799,11.45431145,0.19524967,0,-0.00388727,0.27836691,0.00733642,0.54765696,0.02513235,1.66093521,-0.0164093,0.16622245,-0.35563751,0.56840714,0.34883721
PORTALTRY,2026-08-17 13:39:59,2026-08-17 13:39:59,2026-08-17 13:54:59,5.01627,10,0.7635,0.32851511,-0.06544503,1.20625663,2.52450651,60.64206096,37.25490196,84.11214953,75.51213065,131.66959578,26.69188557,34.44444444,0.40493513,0,0.16666874,1.12582781,0.0067359,0.95316531,0.0301766,0.94016217,-0.09964201,0.23095269,0.34170062,0.58939096,0.8
ACETRY,2026-08-17 13:50:59,2026-08-17 13:50:59,2026-08-17 14:05:59,5.43384,0,9.22,-0.01084481,1.25192181,1.39667876,0.34828037,64.92602468,51.08571429,86.66666667,88.1827622,113.28901767,9.6211169,18.27548807,1.26418635,0,0.14370706,3.59550562,0.01428571,0.838585,0.06741283,1.53135293,0.19288725,-0.07524158,0.19560965,0.78091106,0.45833333
ACETRY,2026-08-17 13:50:59,2026-08-17 13:50:59,2026-08-17 14:05:59,5.43384,1,9.221,-0.17321641,1.40767623,2.16042544,1.01884312,64.99686172,2.56012413,87.69470405,86.9481943,118.14706144,7.18368185,-3.67647059,1.24143624,0,0.14949124,3.69995502,0.01790943,0.87894144,0.06637849,0.74113597,0.19914413,0.39766118,-0.20562771,1.37729097,0.65354331
ACETRY,2026-08-17 13:50:59,2026-08-17 13:50:59,2026-08-17 14:05:59,5.43384,3,9.106,0.14296712,0.88632838,-0.05487872,3.53610006,61.20845561,8.10810811,82.96296296,81.35802469,74.90409853,16.20568871,-3.68725011,1.02966354,0,0.05077995,2.40665767,0.01765712,0.78230385,0.05999175,0.44401784,0.13635258,-0.16052227,0.14296712,1.22995827,0.94642857
ACETRY,2026-08-17 13:50:59,2026-08-17 13:50:59,2026-08-17 14:05:59,5.43384,5,9.093,0.74230002,-0.19756338,2.16853933,2.97848245,60.68970337,16.36828645,80.55555556,76.2345679,104.03901742,18.80104331,2.66384778,0.99951714,0,0.04508608,-1.03395734,0.01857787,0.81939869,0.05730892,0.25863747,0.18734163,0.265687,0.53067993,0.58286594,0.9245283
ACETRY,2026-08-17 13:50:59,2026-08-17 13:50:59,2026-08-17 14:05:59,5.43384,10,8.9,0.08996851,0.08996851,-3.13452329,1.52863336,55.09192463,3.78117458,44.81481481,36.91358025,55.40053482,21.81163165,-6.0348892,0.68781288,0,-0.1895155,0.79275198,0.01702247,0.61584401,0.06843271,0.57477118,0.20029066,-0.06101816,0.42879711,1.13483146,0.45544554
PORTALTRY,2026-08-17 14:11:59,2026-08-17 14:15:59,2026-08-17 14:25:59,5.00323,0,0.7755,1.35929944,0.32341527,-0.20589371,2.43032624,59.83274091,28.93772894,76.5625,50.29591206,23.38079473,49.61346684,17.89686552,0.40543365,0,-0.0957057,0.20674506,0.00910933,0.72512934,0.039789,0.56246153,0.01095554,-0.66778625,1.41231856,1.84397163,1.0
PORTALTRY,2026-08-17 14:11:59,2026-08-17 14:15:59,2026-08-17 14:25:59,5.00323,1,0.7651,0.0,-1.08597285,-1.41734313,1.25727898,49.3238837,17.09401709,34.64912281,49.13405308,-24.32673444,50.61790565,11.81192661,0.3615401,0,-0.14393288,-1.7843389,0.00814086,0.39843721,0.03903098,0.08978993,-0.01063669,-0.53608085,-0.10445228,0.39210561,0.03333333
PORTALTRY,2026-08-17 14:11:59,2026-08-17 14:15:59,2026-08-17 14:25:59,5.00323,3,0.773,-0.06464124,-0.39943306,-0.1421005,1.99234728,59.52384896,42.01474201,73.07692308,78.97435897,51.64835165,50.97706533,23.82716049,0.66553635,0,0.02409148,0.57246942,0.00748475,0.66367637,0.04053692,0.43196087,0.07287167,-0.41442645,0.19442644,0.45278137,0.48571429
PORTALTRY,2026-08-17 14:11:59,2026-08-17 14:15:59,2026-08-17 14:25:59,5.00323,5,0.7771,0.12884938,0.38754683,0.41349012,1.43584388,65.6567083,29.01785714,88.84615385,81.15384615,96.55916464,49.95515978,17.56272401,0.79077942,0,0.11804151,2.64165896,0.00769344,0.8281016,0.04360076,0.84119305,0.10808996,-0.11879342,0.21924168,0.33457727,0.84615385
PORTALTRY,2026-08-17 14:11:59,2026-08-17 14:15:59,2026-08-17 14:25:59,5.00323,10,0.7739,-0.65468549,0.68956544,2.21899353,2.89855072,64.33649587,33.33333333,76.53846154,90.99745408,137.80790318,56.08054209,36.66666667,0.81649587,0,0.25150335,1.01814385,0.00858361,0.89261494,0.04625958,1.15521426,0.19389646,0.71761538,-0.57810894,0.93035276,0.375
ACETRY,2026-08-17 14:23:59,2026-08-17 14:19:59,2026-08-17 14:34:59,5.17427,0,9.227,-0.93407773,0.78645549,-3.80525438,-2.08001698,42.21156026,-40.88159032,29.13992298,34.01797176,-112.56900666,19.77974931,-30.51293292,-0.5518827,0,-0.72712637,-4.49228858,0.01765781,0.13598695,0.07886028,0.48729287,0.02581417,-0.4577836,-1.04032604,2.1025252,0.43298969
ACETRY,2026-08-17 14:23:59,2026-08-17 14:19:59,2026-08-17 14:34:59,5.17427,1,9.314,0.64836827,1.51498638,-3.00947621,-1.93724995,45.62995577,-8.09205642,40.30808729,30.93709884,-94.59821599,16.08998416,-15.51362683,-0.39134761,0,-0.7229883,-3.03976681,0.01829044,0.22132174,0.07441771,0.59807082,0.03574308,-0.4484167,0.74634938,1.15954477,0.63888889
ACETRY,2026-08-17 14:23:59,2026-08-17 14:19:59,2026-08-17 14:34:59,5.17427,3,9.155,-0.21798365,-4.66520879,-5.5990926,-2.84410485,37.41083025,-25.5668491,19.89730424,26.32608901,-202.01993118,12.49649499,-21.36343899,-0.07284739,0,-0.7530321,-6.01580947,0.01796832,-0.08610052,0.06733543,2.35542709,0.00310195,-1.0,-0.17446298,3.35335882,0.50488599
ACETRY,2026-08-17 14:23:59,2026-08-17 14:19:59,2026-08-17 14:34:59,5.17427,5,9.592,-0.11454754,-1.09300887,-0.71421178,1.41679002,57.49900244,17.84140969,59.0809628,63.6761488,28.98095836,9.54117598,0.53361793,0.99672287,0,-0.19580284,1.79348403,0.01395508,0.57677613,0.04913661,0.35371687,0.12481941,-0.53496227,-0.27032647,0.69849875,0.43283582
ACETRY,2026-08-17 14:23:59,2026-08-17 14:19:59,2026-08-17 14:34:59,5.17427,10,9.661,0.57255882,-0.82127092,2.5257349,2.95183291,64.93678846,15.93090211,79.73977695,73.79182156,108.95924462,13.78152,-6.06601249,1.3981271,0,0.01599111,2.14633115,0.01657622,0.85092351,0.05778095,0.73228968,0.20738148,0.34869828,0.58302967,1.49052893,0.86805556
GPSTRY,2026-08-17 14:31:59,2026-08-17 14:33:59,2026-08-17 14:37:59,5.47074,0,0.78,-0.88945362,-1.63934426,-1.26582278,-1.63934426,36.66021836,-48.57142857,25.80645161,10.56293485,-253.57686454,18.41203863,-12.35955056,-0.2827654,0,-0.21385645,-1.76322418,0.00815018,-0.16391798,0.02478538,2.51643293,-0.19936488,-0.00080644,-0.88945362,1.92307692,0.53333333
GPSTRY,2026-08-17 14:31:59,2026-08-17 14:33:59,2026-08-17 14:37:59,5.47074,1,0.787,0.12722646,-0.505689,-0.37974684,-1.625,43.96974448,-18.75,5.88235294,14.46078431,-155.06445672,19.68798491,3.75,-0.15430431,0,-0.15729763,-1.00628931,0.00726085,0.06451056,0.01995748,0.75511244,-0.19642768,0.67995894,0.12722646,0.38119441,0.33333333
GPSTRY,2026-08-17 14:31:59,2026-08-17 14:33:59,2026-08-17 14:37:59,5.47074,3,0.793,0.2528445,0.37974684,0.2528445,-0.50188206,51.55090763,-27.27272727,37.5,24.78070175,-40.49079755,24.74728264,-1.1627907,-0.02026112,0,-0.11203325,-0.62656642,0.00774635,0.3881966,0.01688661,0.53628249,-0.10697138,0.44377498,0.2528445,0.75662043,0.5
GPSTRY,2026-08-17 14:31:59,2026-08-17 14:33:59,2026-08-17 14:37:59,5.47074,5,0.79,0.0,-0.12642225,-0.50377834,-0.8782936,47.14750186,-16.66666667,15.78947368,20.07797271,-108.33333333,30.88481858,0.0,-0.01227769,0,-0.14557577,-0.37831021,0.00822785,0.21791759,0.01896949,0.53856247,-0.08152308,-0.53077416,0.0,0.63291139,0.6
GPSTRY,2026-08-17 14:31:59,2026-08-17 14:33:59,2026-08-17 14:37:59,5.47074,10,0.794,-0.12578616,-0.50125313,0.1261034,0.0,52.33319042,2.22222222,45.45454545,46.96969697,-1.85479597,39.58448748,7.36842105,0.23437635,0,-0.07312166,-0.37641154,0.00854624,0.53458066,0.02551687,0.60781412,-0.1134203,0.38381274,-0.12578616,0.50377834,0.75
LUMIATRY,2026-08-17 14:45:59,2026-08-17 14:48:59,2026-08-17 15:00:59,5.06654,0,4.24,-0.77229113,-1.00396918,-1.2345679,-1.39534884,45.38292996,-26.55737705,33.05785124,44.89906517,-72.13114754,19.24933841,-4.38799076,-0.1033431,0,-0.02120508,0.26010877,0.00729447,0.23550614,0.02893542,0.49309164,0.16246938,-0.85856031,-0.46948357,0.47169811,0.0
LUMIATRY,2026-08-17 14:45:59,2026-08-17 14:48:59,2026-08-17 15:00:59,5.06654,1,4.273,0.51752529,-0.3962704,0.30516432,-1.13373438,50.32940242,-9.21501706,59.83606557,56.55737705,-13.31300813,19.34228917,-0.9478673,-0.03223641,0,0.02417043,0.65959953,0.00705426,0.49293715,0.02815915,0.18761781,0.22084864,-0.05191449,0.44663846,0.46805523,0.95
LUMIATRY,2026-08-17 14:45:59,2026-08-17 14:48:59,2026-08-17 15:00:59,5.06654,3,4.283,-0.16317016,0.5399061,1.3967803,0.56351256,51.79744529,1.31578947,68.03278689,72.67759563,17.02871411,21.35901445,7.91855204,0.00488406,1,0.05678269,-0.39534884,0.00737134,0.5776442,0.02817758,0.98441538,0.2785542,0.51322782,-0.16317016,0.77048798,0.78787879
LUMIATRY,2026-08-17 14:45:59,2026-08-17 14:48:59,2026-08-17 15:00:59,5.06654,5,4.293,0.77464789,1.63352273,1.51336013,0.70372977,53.44106927,2.95857988,76.2295082,57.37704918,52.76978867,23.22450361,14.95535714,-0.10802154,0,-0.0024093,-0.1627907,0.00745399,0.68740847,0.03521968,1.50527933,0.1602109,0.62127583,-0.232396,1.07151176,0.7826087
LUMIATRY,2026-08-17 14:45:59,2026-08-17 14:48:59,2026-08-17 15:00:59,5.06654,10,4.229,-0.37691402,-1.65116279,-1.65116279,1.65865385,43.80257801,12.15880893,25.6,59.99532164,-83.36055162,27.10748896,10.20793951,-0.06957809,0,-0.04488141,-0.7975604,0.00893491,0.32176836,0.04213603,1.53463168,-0.32228238,-0.35792909,-0.37691402,1.06408134,0.64444444
PORTALTRY,2026-08-17 15:00:59,2026-08-17 15:00:59,2026-08-17 15:12:59,5.04768,0,0.7865,-1.41639509,-1.50281778,-3.35463259,-0.71951527,42.72793676,-13.32357247,0.61919505,15.37881214,-79.74314451,20.48986619,2.49776985,0.04980364,0,-0.18533174,-1.19346734,0.01018073,0.09622307,0.03321042,0.81712332,-0.08346521,-0.72838966,-1.47814105,1.9453274,0.0130719
PORTALTRY,2026-08-17 15:00:59,2026-08-17 15:00:59,2026-08-17 15:12:59,5.04768,1,0.7978,0.40271835,-1.27459473,-1.26237624,-0.02506266,51.06426114,9.27152318,28.27586207,25.40229885,0.71280456,20.35625029,9.06432749,0.25843959,0,-0.06988158,0.25131943,0.00918598,0.51866146,0.0322599,0.70956328,-0.05874779,-0.11610331,0.27652086,0.82727501,0.56060606
PORTALTRY,2026-08-17 15:00:59,2026-08-17 15:00:59,2026-08-17 15:12:59,5.04768,3,0.7985,-1.18797179,-1.17574257,-0.1875,0.5034613,51.57425388,-0.50083472,30.68965517,60.1078222,71.13866607,19.18627674,5.68527919,0.47193665,0,0.05913393,0.65548973,0.00881116,0.5408905,0.0323541,1.8125709,-0.09086619,0.25969601,-1.23685838,2.07889793,0.06626506
PORTALTRY,2026-08-17 15:00:59,2026-08-17 15:00:59,2026-08-17 15:12:59,5.04768,5,0.8138,0.71782178,1.725,2.2361809,3.13014827,67.08039039,47.04830054,85.84070796,88.02472783,222.0705347,15.73824987,27.44874715,0.55083425,0,0.14373504,2.7265842,0.00770635,1.15834858,0.03126921,2.42964262,-0.02910965,0.87512817,0.63064177,1.21651511,0.51515152
PORTALTRY,2026-08-17 15:00:59,2026-08-17 15:00:59,2026-08-17 15:12:59,5.04768,10,0.796,0.02513194,0.34035043,0.47967685,-0.45022511,54.60788908,-11.30434783,51.28205128,47.02309511,4.5659973,12.89961577,-13.35578002,0.18275699,0,-0.10505052,0.87441389,0.00799533,0.57354093,0.02310089,0.49650333,-0.03642801,0.4808332,0.18879799,0.55276382,0.84090909
IOTRY,2026-08-17 15:01:59,2026-08-17 15:01:59,2026-08-17 15:03:59,5.14747,0,5.323,-0.24362819,-0.31835206,-0.33701554,-0.41159963,23.71214459,-71.42857143,0.0,2.56410256,-303.93067162,24.04811962,-63.15789474,-0.05769222,0,-0.03893707,-0.39296407,0.00050992,-0.35703772,0.00433498,1.60895849,0.21881041,-0.99959137,-0.20622422,0.20665039,0.0
IOTRY,2026-08-17 15:01:59,2026-08-17 15:01:59,2026-08-17 15:03:59,5.14747,1,5.336,-0.0561903,-0.09361543,-0.09361543,-0.16838167,37.07468067,-36.0,0.0,2.56410256,-186.60190245,21.3870552,-28.57142857,-0.02358862,0,-0.02185882,-0.1497006,0.00037481,-0.0237247,0.00275135,0.26855936,0.34597936,-0.99948711,0.0,0.0,
IOTRY,2026-08-17 15:01:59,2026-08-17 15:01:59,2026-08-17 15:03:59,5.14747,3,5.34,-0.01872309,-0.01872309,-0.11223345,-0.0748503,44.03868619,-18.18181818,0.0,0.0,-100.21786492,20.96961549,-12.5,-0.00568136,0,-0.01603584,-0.20556905,0.00032103,0.21894066,0.00256335,6.9513666,0.35763315,-0.48379395,0.0,0.0,
IOTRY,2026-08-17 15:01:59,2026-08-17 15:01:59,2026-08-17 15:03:59,5.14747,5,5.341,0.0,-0.09352787,-0.05613772,0.01872659,45.93231952,-14.28571429,0.0,19.44444444,-74.07407407,23.740057,-8.69565217,0.00785132,0,-0.01172972,-0.0748363,0.00030759,0.29706948,0.00262811,0.0,0.46723042,-0.10344779,0.0,0.0,
IOTRY,2026-08-17 15:01:59,2026-08-17 15:01:59,2026-08-17 15:03:59,5.14747,10,5.344,0.0,-0.13081667,-0.01870907,-0.03741115,52.04390813,3.44827586,46.15384615,64.1025641,18.61427094,25.52350892,3.44827586,0.03833502,0,0.00533158,0.07490637,0.00038762,0.55410173,0.00294043,0.0,0.18811512,0.09868664,0.0,0.0,
COTITRY,2026-08-17 15:20:59,2026-08-17 15:20:59,2026-08-17 15:34:59,5.16863,0,0.5011,-0.35792404,-0.31828128,-0.47666336,-0.47666336,39.07751009,-37.5,0.0,14.49275362,-206.99912511,18.66861602,-22.89156627,-0.04405668,0,-0.08762086,-0.67393459,0.00118311,-0.19054346,0.00728905,1.78473838,0.03588589,-0.29895836,-0.35792404,0.35920974,0.0
COTITRY,2026-08-17 15:20:59,2026-08-17 15:20:59,2026-08-17 15:34:59,5.16863,1,0.5029,0.07960199,-0.11916584,-0.19845207,0.01988862,49.37140578,-13.04347826,30.43478261,21.73913043,-121.54589372,19.22620658,-7.69230769,0.00324326,0,-0.06863946,-0.31714569,0.00092322,0.19022005,0.00586269,1.66895373,0.19621158,-0.01905704,0.07960199,0.07953868,1.0
COTITRY,2026-08-17 15:20:59,2026-08-17 15:20:59,2026-08-17 15:34:59,5.16863,3,0.5027,-0.15888779,-0.23814249,-0.27772267,-0.55390702,47.73514494,-22.03389831,21.73913043,25.22168545,-198.57142857,21.15897969,-26.66666667,0.04158715,0,-0.06413245,-0.25793651,0.00106567,0.02106032,0.00507562,0.3461142,0.21279135,-1.0,0.07963369,0.0994629,1.0
COTITRY,2026-08-17 15:20:59,2026-08-17 15:20:59,2026-08-17 15:34:59,5.16863,5,0.5035,-0.07938083,-0.119024,-0.19821606,-0.23776501,53.14796526,-16.21621622,25.92592593,37.03703704,-85.86556169,24.33492942,-8.23529412,0.08770397,0,-0.0508088,0.0,0.00120584,0.25818865,0.00504509,0.28828675,0.23387049,-0.86406719,0.0,0.0,
COTITRY,2026-08-17 15:20:59,2026-08-17 15:20:59,2026-08-17 15:34:59,5.16863,10,0.5045,0.0,0.09920635,0.19860973,-0.15832179,60.63829631,-6.49350649,62.96296296,64.89197531,55.30028214,37.70876215,-10.84337349,0.16704368,0,-0.03207393,-0.0396275,0.00117514,0.6446459,0.01517565,0.0,0.4863277,0.86155371,0.0,0.0,
HAEDALTRY,2026-08-17 15:40:59,2026-08-17 15:40:59,2026-08-17 15:55:59,5.57621,0,0.807,0.0,0.0,0.0,0.0,66.05758932,0.0,50.0,50.0,0.0,28.57142857,0,0.00779174,0,-0.00049317,0.0,,,0.0,,,,0.0,0.0,
HAEDALTRY,2026-08-17 15:40:59,2026-08-17 15:40:59,2026-08-17 15:55:59,5.57621,1,0.807,0.0,0.0,0.0,0.0,66.05759019,0.0,50.0,50.0,0.0,35.71428571,0,0.00848573,0,-0.00018549,0.0,,,0.0,,,,0.0,0.0,
HAEDALTRY,2026-08-17 15:40:59,2026-08-17 15:40:59,2026-08-17 15:55:59,5.57621,3,0.807,0.0,0.0,0.0,0.0,66.05759174,0.0,50.0,50.0,0.0,50.0,0,0.0100175,0,0.00066076,0.0,,,0.0,,,,0.0,0.0,
HAEDALTRY,2026-08-17 15:40:59,2026-08-17 15:40:59,2026-08-17 15:55:59,5.57621,5,0.807,0.0,0.0,0.0,0.0,66.05759309,0.0,50.0,50.0,35.0877193,64.28571429,0,0.01173014,0,0.0018933,0.0,,0.55735393,0.00108034,0.0,0.0,,0.0,0.0,
HAEDALTRY,2026-08-17 15:40:59,2026-08-17 15:40:59,2026-08-17 15:55:59,5.57621,10,0.807,0.0,0.0,0.0,0.12406948,66.05759309,100.0,50.0,83.33333333,47.61904762,100.0,100.0,0.01639294,0,0.00734343,0.0,8.851e-05,0.66366342,0.00227226,0.0,0.0,,0.0,0.0,
ACETRY,2026-08-17 15:44:59,2026-08-17 15:44:59,2026-08-17 15:53:59,5.87888,0,8.471,-1.03971963,-0.85440075,-2.37409243,-8.42162162,23.98038861,-66.55737705,3.98351648,6.02194339,-94.84522896,66.41416348,-34.86910995,-2.23747782,0,-0.3273743,-2.75513718,0.01610537,0.18376079,0.14210768,0.80108448,-0.36076412,-0.48286618,-1.00502513,1.42840279,0.23966942
ACETRY,2026-08-17 15:44:59,2026-08-17 15:44:59,2026-08-17 15:53:59,5.87888,1,8.56,0.03505902,-0.81112399,-1.49597238,-9.02327559,26.71803585,-69.27710843,7.74193548,6.30759924,-83.89746766,61.89156735,-37.61283852,-2.19204573,0,-0.34407514,-2.22729869,0.01663885,0.22749492,0.14928671,0.49637192,-0.33710855,-0.4612689,0.11695906,0.72429907,0.48387097
ACETRY,2026-08-17 15:44:59,2026-08-17 15:44:59,2026-08-17 15:53:59,5.87888,3,8.544,-0.99652375,-1.68009206,-1.5781592,-8.78616419,25.37846649,-66.30705394,4.84048405,4.61584191,-97.55265975,51.15462063,-39.55152672,-2.22370731,0,-0.48907528,-3.80544922,0.01752274,0.16174784,0.15520522,2.36787601,-0.32289011,-0.56001779,-0.93913043,1.4747191,0.34920635
ACETRY,2026-08-17 15:44:59,2026-08-17 15:44:59,2026-08-17 15:53:59,5.87888,5,8.677,-0.14959724,-0.04607764,-0.3903111,-9.03658664,29.35892427,-65.65143824,5.29875986,6.37203622,-90.02741334,40.86498937,-37.81472684,-2.11960993,0,-0.5660304,-6.19459459,0.01732824,0.18541553,0.14757843,0.61304608,-0.26290282,-0.07727569,-0.42460409,0.70300795,0.13114754
ACETRY,2026-08-17 15:44:59,2026-08-17 15:44:59,2026-08-17 15:53:59,5.87888,10,8.711,-0.50256996,-1.92524206,-5.82702703,-6.7544423,24.8455771,-52.56518082,8.35051546,8.70285403,-187.45067552,23.87768773,-33.03696771,-1.80852214,0,-0.92246367,-8.68015515,0.017523,-0.01652947,0.10930585,1.57329393,-0.1568461,-1.0,-0.74065634,1.80231891,0.51592357
PORTALTRY,2026-08-17 16:02:59,2026-08-17 16:03:59,2026-08-17 16:17:59,6.25305,0,0.8182,-0.07327797,-1.1358144,-1.55215979,-1.83563287,42.20368458,-42.21311475,28.99022801,16.72854344,-243.47382784,31.17913011,-19.96105161,-0.14837593,0,-0.26533736,-1.78850078,0.00896567,-0.03297323,0.0247897,1.55107372,-0.14515503,-0.74667973,-0.06107243,1.36885847,0.79464286
PORTALTRY,2026-08-17 16:02:59,2026-08-17 16:03:59,2026-08-17 16:17:59,6.25305,1,0.8188,-0.47404886,-0.79961231,-2.10425634,-1.27803231,42.71572098,-27.47663551,9.1954023,13.25821242,-248.6836776,30.3770545,-7.9766537,-0.04120728,0,-0.23374463,-1.21848233,0.00896783,-0.11222762,0.02175923,1.44907412,-0.03390837,-0.69494864,-0.32866707,0.62286273,0.47058824
PORTALTRY,2026-08-17 16:02:59,2026-08-17 16:03:59,2026-08-17 16:17:59,6.25305,3,0.8276,0.26653744,-1.05212817,-0.38517092,0.3273124,50.77114334,-3.68852459,18.57923497,21.92053734,-35.80473321,34.50299367,9.47255113,0.21141558,0,-0.12457226,-0.40914561,0.00801802,0.38961657,0.0230384,0.72199742,-0.06852727,0.16562351,0.07255139,0.47124215,0.23076923
PORTALTRY,2026-08-17 16:02:59,2026-08-17 16:03:59,2026-08-17 16:17:59,6.25305,5,0.8311,-0.6336681,0.03610977,-0.24006722,-0.13217976,54.37822446,4.24242424,40.625,53.17361111,60.02803428,38.01837835,10.1171459,0.39794681,0,-0.03424436,-0.28794241,0.0080702,0.58806329,0.02533327,0.4287953,-0.0269802,0.30589824,-0.6336681,0.63770906,0.0
PORTALTRY,2026-08-17 16:02:59,2026-08-17 16:03:59,2026-08-17 16:17:59,6.25305,10,0.8331,0.50669562,0.25270758,-0.0479904,1.43674662,58.86131048,21.41527002,62.09677419,51.75268817,57.64647064,37.3491741,17.30589336,0.4924588,0,0.01842953,0.10814708,0.00916542,0.79734151,0.02851823,1.76491344,-0.07317782,0.35977424,0.36140224,1.16432601,0.91752577
BERATRY,2026-08-17 16:06:59,2026-08-17 16:09:59,2026-08-17 16:21:59,16.49382,0,7.075,0.51143628,0.51143628,0.51143628,0.66875356,76.51071057,82.45614035,75.40983607,91.80327869,306.52260904,54.57692349,82.66666667,0.04726192,1,0.04340616,0.62580003,0.00075719,1.36998106,0.00637131,57.5269465,0.13413701,1.0,0.51143628,0.73498233,0.71153846
BERATRY,2026-08-17 16:06:59,2026-08-17 16:09:59,2026-08-17 16:21:59,16.49382,1,7.039,0.0,0.0,0.14226775,0.15651679,51.66543234,52.38095238,100.0,100.0,40.36631991,53.60302849,47.82608696,-0.01332294,0,0.00976359,0.07108331,0.00023339,0.61588271,0.00478383,0.0,-0.67119369,1.0,0.0,0.0,
BERATRY,2026-08-17 16:06:59,2026-08-17 16:09:59,2026-08-17 16:21:59,16.49382,3,7.039,0.0,0.14226775,0.11378182,0.15651679,51.66543214,52.38095238,100.0,100.0,15.39556246,56.6133241,47.82608696,-0.02773019,0,0.00340676,0.07108331,0.00023339,0.54917291,0.00606893,0.0,-0.67119369,-0.162635,0.0,0.0,
BERATRY,2026-08-17 16:06:59,2026-08-17 16:09:59,2026-08-17 16:21:59,16.49382,5,7.039,0.14226775,0.11378182,0.11378182,-0.25506589,51.66543219,-36.0,100.0,35.63218391,-0.49236829,57.34946397,-34.61538462,-0.05169482,0,-0.01192279,0.15651679,0.00052767,0.5,0.00726399,0.31504629,-0.58693629,-0.162635,0.0,0.0,
BERATRY,2026-08-17 16:06:59,2026-08-17 16:09:59,2026-08-17 16:21:59,16.49382,10,7.031,-0.04264999,-0.04264999,0.0426864,-0.311924,41.17340719,-72.72727273,10.34482759,14.87684729,-69.48156066,43.23061985,-65.2173913,-0.07024729,0,-0.04424807,-0.36842851,0.00046732,0.25767565,0.00989532,1.44635399,-0.30008465,0.17285421,-0.04264999,0.05689091,0.25
GUNTRY,2026-08-17 16:14:59,2026-08-17 16:19:59,2026-08-17 16:26:59,5.47945,0,0.145,-0.68493151,-0.68493151,-0.68493151,-0.68493151,21.9379011,-33.33333333,0.0,16.66666667,-173.07692308,48.80952381,-33.33333333,-0.2672729,0,-0.04867038,-1.36054422,0.00147783,-0.08975024,0.0156413,0.02385375,0.12715738,-0.02353844,0.0,0.0,
GUNTRY,2026-08-17 16:14:59,2026-08-17 16:19:59,2026-08-17 16:26:59,5.47945,1,0.146,0.0,0.0,-0.68027211,0.0,32.99964942,0.0,0.0,33.33333333,-60.60606061,53.57142857,0.0,-0.19134534,0,-0.00470656,0.0,0.00097847,0.27386649,0.01358808,0.0,0.12361837,-0.07425158,0.0,0.0,
GUNTRY,2026-08-17 16:14:59,2026-08-17 16:19:59,2026-08-17 16:26:59,5.47945,3,0.146,0.0,-0.68027211,-0.68027211,-0.68027211,32.99964937,-33.33333333,50.0,50.0,-74.07407407,65.47619048,-50.0,-0.17123341,0,0.00753519,0.0,0.00195695,0.2236146,0.01357881,0.62547895,0.12551542,-0.06339902,0.0,0.0,
GUNTRY,2026-08-17 16:14:59,2026-08-17 16:19:59,2026-08-17 16:26:59,5.47945,5,0.146,-0.68027211,-0.68027211,-0.68027211,-0.68027211,32.99964932,-33.33333333,50.0,83.33333333,-95.23809524,72.61904762,-50.0,-0.11315315,0,0.05168714,0.0,0.00195695,0.15930743,0.01300974,0.08099494,0.12937493,-0.07836664,0.0,0.0,
GUNTRY,2026-08-17 16:14:59,2026-08-17 16:19:59,2026-08-17 16:26:59,5.47945,10,0.147,0.68493151,0.68493151,0.68493151,0.0,50.62080146,0.0,100.0,66.66666667,47.61904762,95.23809524,-33.33333333,-0.24850777,0,0.01830793,0.0,0.00145773,0.66366342,0.01249509,2.07188121,0.13220798,0.32828195,0.0,0.0,
GPSTRY,2026-08-17 16:22:59,2026-08-17 16:27:59,2026-08-17 16:37:59,6.15165,0,0.69,0.29069767,-1.98863636,-1.28755365,-1.98863636,31.34444445,-30.90909091,32.43243243,27.10751817,-114.08934708,68.54698226,-18.07228916,-1.54909896,0,0.07800295,-1.70940171,0.01718427,0.20420455,0.07965598,1.62599719,-0.12368927,-0.25258351,0.14513788,2.46376812,0.70588235
GPSTRY,2026-08-17 16:22:59,2026-08-17 16:27:59,2026-08-17 16:37:59,6.15165,1,0.688,-1.14942529,-2.41134752,-1.00719424,-6.01092896,29.31364363,-28.57142857,20.58823529,29.74699976,-93.05064782,68.96818268,-16.14906832,-1.5428143,0,0.09263041,-2.27272727,0.01671512,0.1539958,0.08619675,1.14696567,-0.18569069,-0.5504837,-1.29124821,2.03488372,0.14285714
GPSTRY,2026-08-17 16:22:59,2026-08-17 16:27:59,2026-08-17 16:37:59,6.15165,3,0.704,-0.14184397,1.29496403,0.28490028,-3.42935528,37.19468354,-45.20547945,40.35087719,37.8302077,-33.89830508,64.88841202,-23.56321839,-1.46795891,0,0.1780726,-0.14184397,0.01765422,0.34998117,0.09427935,1.39400032,-0.12133694,-0.58319481,0.0,2.13068182,0.26666667
GPSTRY,2026-08-17 16:22:59,2026-08-17 16:27:59,2026-08-17 16:37:59,6.15165,5,0.699,0.57553957,-0.42735043,-0.42735043,-5.54054054,31.98125423,-44.30379747,31.03448276,21.82630907,-76.34641322,56.81431575,-36.68639053,-1.81067361,0,-0.01442746,-0.71022727,0.01726957,0.24319776,0.10146117,0.562109,-0.06596095,-0.48946504,0.7204611,0.8583691,0.83333333
GPSTRY,2026-08-17 16:22:59,2026-08-17 16:27:59,2026-08-17 16:37:59,6.15165,10,0.702,-0.28409091,-0.42553191,-0.28409091,-4.61956522,30.32634692,-40.0,15.51724138,12.11153682,-125.04751045,36.7624544,-26.54320988,-2.0197088,0,-0.25192281,-5.13513514,0.01648352,0.11185871,0.09337791,1.31715954,-0.13769296,-0.05142173,-0.56657224,1.70940171,0.58333333
PORTALTRY,2026-08-17 16:45:59,2026-08-17 16:46:59,2026-08-17 17:00:59,6.49206,0,0.8087,0.38480636,-0.11116601,0.07424824,-3.62292933,39.01107233,-23.23232323,44.92307692,31.72102588,-45.63128561,59.14138343,-13.19327731,-1.00856225,0,0.02515803,1.10013752,0.0105107,0.39439629,0.08293072,0.15385689,-0.25591147,-0.38879217,0.39726878,0.70483492,1.0
PORTALTRY,2026-08-17 16:45:59,2026-08-17 16:46:59,2026-08-17 17:00:59,6.49206,1,0.8056,-0.12397719,-0.136358,-0.30936765,-4.20927467,35.48068008,-51.30168453,24.57264957,27.3558387,-54.61053439,63.30517455,-22.3869533,-1.10654422,0,-0.03437645,0.67483129,0.01196092,0.33466988,0.09489126,0.40146662,-0.24876758,-0.37634211,-0.25999752,0.55858987,0.53333333
PORTALTRY,2026-08-17 16:45:59,2026-08-17 16:46:59,2026-08-17 17:00:59,6.49206,3,0.8096,0.35948928,0.18562059,-0.18493404,-3.92785096,37.97327374,-32.67882188,31.8275154,25.83406185,-53.530064,66.06564754,-18.11346548,-1.21484916,0,-0.11748202,0.94763092,0.01290761,0.3419009,0.11072509,0.58471788,-0.20779373,-0.00832023,0.37193156,0.76581028,0.77419355
PORTALTRY,2026-08-17 16:45:59,2026-08-17 16:46:59,2026-08-17 17:00:59,6.49206,5,0.8081,0.0,-0.36986808,1.02512814,-6.10039507,35.73451822,-54.76956056,19.8019802,22.06506365,-70.55352055,61.99035092,-32.6221224,-1.37916795,0,-0.2739465,-3.69443451,0.01574239,0.284316,0.11904147,0.67386394,-0.18014518,0.35758279,-0.13593673,0.74248237,0.81666667
PORTALTRY,2026-08-17 16:45:59,2026-08-17 16:46:59,2026-08-17 17:00:59,6.49206,10,0.7999,-0.03749063,-0.26184539,-4.67167203,-7.0316132,26.01299485,-71.94982896,5.25547445,6.03406326,-148.19810818,50.29579908,-37.91469194,-1.70341051,0,-0.89645624,-7.05321868,0.01507331,0.0556174,0.11525421,1.44330461,-0.20723179,-1.0,-0.04998126,0.55006876,0.68181818
EULTRY,2026-08-17 16:54:59,2026-08-17 16:54:59,2026-08-17 17:09:59,5.49828,0,58.2,0.34482759,0.51813472,0.69204152,1.57068063,69.74944283,47.36842105,100.0,77.77777778,121.09025916,72.26362923,33.33333333,0.36389803,0,0.02552942,0.51813472,0.00368189,0.94783303,0.01954506,1.71480888,0.04653887,0.89239631,0.34482759,0.34364261,1.0
EULTRY,2026-08-17 16:54:59,2026-08-17 16:54:59,2026-08-17 17:09:59,5.49828,1,58.0,0.34602076,0.17271157,0.17271157,1.04529617,65.41639769,41.17647059,77.77777778,66.66666667,78.69742198,70.18029589,28.57142857,0.32634132,0,0.0037364,0.34602076,0.00344828,0.82722376,0.01828678,0.3888609,-0.00763438,0.08669299,0.34602076,0.34482759,1.0
EULTRY,2026-08-17 16:54:59,2026-08-17 16:54:59,2026-08-17 17:09:59,5.49828,3,57.9,0.0,0.0,0.0,1.04712042,64.72072043,37.5,66.66666667,62.96296296,73.37526205,66.0620332,29.62962963,0.35127718,0,0.01971394,0.69565217,0.00333087,0.78147448,0.019434,0.26757377,-0.02250034,-0.04648612,0.17301038,0.17271157,1.0
EULTRY,2026-08-17 16:54:59,2026-08-17 16:54:59,2026-08-17 17:09:59,5.49828,5,57.8,-0.17271157,-0.17271157,-0.17271157,0.69686411,62.22269393,33.33333333,55.55555556,55.55555556,90.2285264,58.69241869,37.5,0.36717946,0,0.03700005,0.87260035,0.00296589,0.74677151,0.02149685,1.97115055,0.00066481,0.37342308,-0.17271157,0.34602076,0.0
EULTRY,2026-08-17 16:54:59,2026-08-17 16:54:59,2026-08-17 17:09:59,5.49828,10,57.9,0.17301038,0.69565217,1.04712042,1.93661972,75.55459687,71.42857143,91.66666667,91.66666667,186.93134822,29.92784993,68.42105263,0.36822048,0,0.09439251,0.87108014,0.00234394,1.05641757,0.01945306,0.59667125,0.3156544,0.81897959,0.34662045,0.34542314,1.0
GPSTRY,2026-08-17 17:23:59,2026-08-17 17:23:59,2026-08-17 17:38:59,5.1532,0,0.718,0.0,0.41958042,1.26939351,0.0,42.98424839,-21.56862745,61.53846154,45.73804574,-26.79464107,38.60327426,-11.30434783,-0.99243657,0,0.08835202,-0.69156293,0.01144051,0.45868652,0.03870673,0.22400958,-0.17635134,0.18643413,-0.13908206,0.69637883,0.6
GPSTRY,2026-08-17 17:23:59,2026-08-17 17:23:59,2026-08-17 17:38:59,5.1532,1,0.718,0.56022409,1.55586987,0.41958042,-0.69156293,42.98424831,0.0,43.24324324,36.93693694,-41.8990419,40.14738397,2.27272727,-1.12576219,0,0.01560978,-0.41608877,0.01313172,0.42822884,0.05797437,0.87042445,-0.20240483,-0.19064265,0.70126227,0.97493036,0.71428571
GPSTRY,2026-08-17 17:23:59,2026-08-17 17:23:59,2026-08-17 17:38:59,5.1532,3,0.715,1.13154173,0.0,0.28050491,-2.45566166,40.0950843,1.4084507,35.13513514,22.35656709,-64.02674209,51.97336337,-0.72463768,-1.3786753,0,-0.16005601,-1.37931034,0.01378621,0.33553884,0.09089071,1.31505689,-0.23380214,-0.12092264,0.98870056,2.7972028,0.55
GPSTRY,2026-08-17 17:23:59,2026-08-17 17:23:59,2026-08-17 17:38:59,5.1532,5,0.709,-0.83916084,-0.56100982,-1.93637621,-6.09271523,33.93121794,-30.86419753,18.42105263,16.65497076,-93.90944907,61.12438424,-21.23287671,-1.46227098,0,-0.27974681,-1.25348189,0.01470885,0.21522181,0.10800938,1.95253536,-0.26974225,-0.54962837,-0.70028011,1.69252468,0.58333333
GPSTRY,2026-08-17 17:23:59,2026-08-17 17:23:59,2026-08-17 17:38:59,5.1532,10,0.723,0.27739251,-0.27586207,0.69637883,-6.22568093,38.82433999,-48.93617021,18.03278689,15.23003702,-72.92696321,58.92455626,-28.20512821,-1.41691769,0,-0.51136734,-4.2384106,0.01541197,0.2459585,0.11444611,0.58355421,-0.22354435,0.49025802,0.41666667,0.96818811,0.42857143
HEMITRY,2026-08-17 17:24:59,2026-08-17 17:25:59,2026-08-17 17:39:59,5.24968,0,0.3139,0.48015365,-0.63311174,-0.22250477,-0.12726694,51.38466096,-13.88888889,37.20930233,27.21791559,-32.90676417,37.85026609,-8.47457627,0.14515562,0,-0.08380644,-0.31756113,0.00402767,0.4650046,0.02319451,0.33937279,0.18697683,0.02513834,0.51232789,0.50971647,1.0
HEMITRY,2026-08-17 17:24:59,2026-08-17 17:25:59,2026-08-17 17:39:59,5.24968,1,0.3124,-0.6993007,-0.6993007,-1.32659507,-0.35087719,45.57099015,-13.10344828,0.0,42.31481481,-30.46782403,39.32695432,2.1978022,0.17929201,0,-0.07508146,-0.95117311,0.00416133,0.31293754,0.02630803,0.88879463,0.15608981,-0.09921724,-0.6993007,0.70422535,0.0
HEMITRY,2026-08-17 17:24:59,2026-08-17 17:25:59,2026-08-17 17:39:59,5.24968,3,0.3159,0.41322314,-0.22109918,0.5730659,1.96901227,60.94227585,28.78787879,82.5,75.59081527,67.63858281,40.88819349,26.59574468,0.33780809,0,0.0174764,0.25388765,0.00425089,0.74589494,0.02949994,1.7350751,0.2543602,0.76195433,0.41322314,0.44317822,0.92857143
HEMITRY,2026-08-17 17:24:59,2026-08-17 17:25:59,2026-08-17 17:39:59,5.24968,5,0.3146,-0.63171194,0.15918497,-0.09526834,1.5821763,56.06703735,33.8028169,73.68421053,87.9416852,59.23362424,37.15008907,32.36714976,0.36963185,0,0.04173176,0.09545021,0.00469985,0.64987944,0.0305729,0.16915208,0.27453958,0.31659286,-0.37998733,0.38143675,0.0
HEMITRY,2026-08-17 17:24:59,2026-08-17 17:25:59,2026-08-17 17:39:59,5.24968,10,0.3149,-0.15852885,-0.06347191,0.19090041,1.35178629,62.63918447,41.81818182,83.09859155,90.61032864,101.06076329,29.57964964,35.79545455,0.44994065,0,0.1460954,1.67904424,0.0039922,0.80388703,0.02819317,0.58937847,0.15733396,0.12280414,-0.15852885,0.15878057,0.0
ACETRY,2026-08-17 17:25:59,2026-08-17 17:19:59,2026-08-17 17:34:59,5.60126,0,8.939,1.57954545,2.05502911,2.59382532,2.37059093,64.42265949,20.41166381,96.85714286,85.40656422,196.68262891,13.31706279,12.44778613,0.19870111,1,0.22076037,2.38231589,0.00956483,1.15828296,0.03120917,3.2882122,0.1699032,0.59718966,1.48728429,1.65566618,0.92567568
ACETRY,2026-08-17 17:25:59,2026-08-17 17:19:59,2026-08-17 17:34:59,5.60126,1,8.8,0.0,1.25417098,0.99850798,0.77874485,54.28723787,12.78195489,79.6812749,74.23638778,78.20200379,12.68314124,8.58369099,-0.03986064,0,0.09950821,0.44515466,0.00945617,0.72445674,0.02502307,0.76239706,0.06120546,0.23154336,0.27347311,0.53409091,0.59574468
ACETRY,2026-08-17 17:25:59,2026-08-17 17:19:59,2026-08-17 17:34:59,5.60126,3,8.759,0.78241859,0.52794675,1.54185022,-0.28460838,50.71639704,1.76817289,63.34661355,48.20717131,-31.80011357,11.9212128,0.70671378,-0.24915067,0,-0.01487485,-0.87143504,0.00923132,0.54820076,0.024544,1.70120938,0.06158165,0.44833011,0.94502708,1.06176504,1.0
ACETRY,2026-08-17 17:25:59,2026-08-17 17:19:59,2026-08-17 17:34:59,5.60126,5,8.713,0.0,1.00857872,-0.20616195,-0.70655271,45.86079913,-25.2446184,45.01992032,43.44579355,-43.27159482,15.960981,-5.45977011,-0.33324791,0,-0.08472407,-0.21759047,0.00855864,0.31990725,0.02417498,0.78585826,-0.06688481,-0.23524114,-0.14898006,0.68862619,0.21666667
ACETRY,2026-08-17 17:25:59,2026-08-17 17:19:59,2026-08-17 17:34:59,5.60126,10,8.731,-0.34242666,-1.18832051,-0.01145213,-1.02029248,44.83905911,-8.79712747,20.39473684,36.17324561,-69.37394247,25.05604966,-3.6344756,-0.13782548,0,-0.04796283,-0.5014245,0.00787833,0.16941833,0.01617945,0.77745317,0.02003155,-0.1543093,-0.61468412,1.09953041,0.22916667
CATITRY,2026-08-17 17:28:59,2026-08-17 17:28:59,2026-08-17 17:43:59,5.51249,0,2.322,0.0,0.0,0.0,0.0,78.84786096,0.0,50.0,50.0,0.0,0.0,0,0.0080064,0,-0.0069652,0.0,,,0.0,,,,0.0,0.0,
CATITRY,2026-08-17 17:28:59,2026-08-17 17:28:59,2026-08-17 17:43:59,5.51249,1,2.322,0.0,0.0,0.0,0.0,78.84786047,0.0,50.0,50.0,0.0,0.0,0,0.008797,0,-0.00740481,0.0,,,0.0,,,,0.0,0.0,
CATITRY,2026-08-17 17:28:59,2026-08-17 17:28:59,2026-08-17 17:43:59,5.51249,3,2.322,0.0,0.0,0.0,0.0,78.8478596,0.0,50.0,50.0,0.0,0.0,0,0.01061487,0,-0.00832861,0.0,,,0.0,,,,0.0,0.0,
CATITRY,2026-08-17 17:28:59,2026-08-17 17:28:59,2026-08-17 17:43:59,5.51249,5,2.322,0.0,0.0,0.0,0.0,78.84785704,0.0,50.0,50.0,0.0,0.0,0,0.01279789,0,-0.00929595,0.0,,,0.0,,,,0.0,0.0,
CATITRY,2026-08-17 17:28:59,2026-08-17 17:28:59,2026-08-17 17:43:59,5.51249,10,2.322,0.0,0.0,0.0,0.0,78.84785484,0.0,50.0,50.0,0.0,14.28571429,0,0.0203163,0,-0.01167057,0.0,,,0.0,,,,0.0,0.0,
LUMIATRY,2026-08-17 17:46:59,2026-08-17 17:58:59,2026-08-17 18:01:59,8.48101,0,3.901,-0.66208302,-0.98984772,-0.25568908,-1.41521355,31.51068212,-13.0952381,0.0,28.81944444,-97.57035707,47.09885294,3.1152648,-0.60126532,0,0.05431411,-0.76316459,0.00587761,0.16396804,0.03251987,0.60674402,-0.18299343,-0.19375422,-0.48469388,0.4870546,0.0
LUMIATRY,2026-08-17 17:46:59,2026-08-17 17:58:59,2026-08-17 18:01:59,8.48101,1,3.927,0.0764526,-0.27932961,0.43478261,-1.15781525,36.92924811,-17.04545455,44.79166667,44.91139847,-47.70738471,51.53513304,-10.59782609,-0.5693754,0,0.08387548,-0.35523979,0.00669359,0.33351094,0.03542747,0.23951629,-0.14995807,0.99268871,0.0764526,0.43290043,0.23529412
LUMIATRY,2026-08-17 17:46:59,2026-08-17 17:58:59,2026-08-17 18:01:59,8.48101,3,3.94,0.0507872,0.76726343,-0.0760842,-1.67207387,39.40870215,-27.08333333,48.27586207,36.10249143,-53.45680615,50.86135151,-22.42268041,-0.64047588,0,0.05925827,-0.17734989,0.00703408,0.37314462,0.04337656,0.15882867,-0.15752377,-0.00303577,0.38216561,0.63451777,1.0
LUMIATRY,2026-08-17 17:46:59,2026-08-17 17:58:59,2026-08-17 18:01:59,8.48101,5,3.911,0.02557545,-0.8115648,-0.50877639,-2.83229814,27.78048995,-58.16326531,18.49315068,18.49315068,-97.14980202,46.54176859,-34.3832021,-0.8191964,0,-0.05183986,-1.16249684,0.0069584,0.17831728,0.04658478,0.6784543,-0.10690046,-0.48835536,0.02557545,0.10227563,1.0
LUMIATRY,2026-08-17 17:46:59,2026-08-17 17:58:59,2026-08-17 18:01:59,8.48101,10,3.931,-0.2537427,-0.40537117,-0.65706343,-2.21393035,27.70633229,-43.87755102,28.31325301,34.13654618,-112.50853076,30.11033999,-27.20207254,-0.81063051,0,-0.09794927,-2.33540373,0.00701385,0.08661585,0.03920014,1.76163271,-0.21676768,-0.46558803,-0.2284264,1.11930806,0.22727273
EDENTRY,2026-08-17 17:57:59,2026-08-17 18:00:59,2026-08-17 18:12:59,5.74413,0,2.294,-0.1740644,-0.1740644,-0.08710801,0.56992547,62.83147125,9.80392157,63.63636364,73.12252964,34.75177305,60.27307978,7.86516854,0.35511751,0,-0.01936262,0.0,0.0027712,0.65421665,0.01572607,0.37024933,0.28595183,0.25490389,0.26223776,0.26155187,1.0
EDENTRY,2026-08-17 17:57:59,2026-08-17 18:00:59,2026-08-17 18:12:59,5.74413,1,2.298,0.08710801,0.13071895,0.17436792,0.78947368,68.20054622,30.90909091,81.81818182,80.11553664,77.85168761,66.5684793,25.28735632,0.38909502,0,-0.00047139,0.13071895,0.00270421,0.7670017,0.01809637,2.95081634,0.27424407,0.39520098,0.08710801,0.1305483,1.0
EDENTRY,2026-08-17 17:57:59,2026-08-17 18:00:59,2026-08-17 18:12:59,5.74413,3,2.298,0.13071895,0.17436792,0.74528715,1.27809608,69.55509994,39.28571429,84.61538462,85.28127763,78.91491985,75.69277309,29.06976744,0.41776616,0,0.01734164,0.13071895,0.00267313,0.7966122,0.02170528,1.63190703,0.14272823,0.35237354,0.13071895,0.39164491,0.88888889
EDENTRY,2026-08-17 17:57:59,2026-08-17 18:00:59,2026-08-17 18:12:59,5.74413,5,2.296,0.08718396,0.65760631,0.08718396,1.41342756,69.02081106,38.70967742,93.10344828,88.37417539,90.78947368,76.9601232,36.25,0.42926243,0,0.02825542,0.65760631,0.0024888,0.79361513,0.02555597,0.81487054,0.19030164,-0.34955269,-0.04353505,0.13066202,0.66666667
EDENTRY,2026-08-17 17:57:59,2026-08-17 18:00:59,2026-08-17 18:12:59,5.74413,10,2.294,-0.04357298,-0.04357298,0.56992547,2.13713268,77.3850359,81.48148148,91.30434783,92.45401338,114.56441305,73.05596247,76.47058824,0.5664081,0,0.14498596,1.32508834,0.00211732,0.84254415,0.03398763,0.30508102,0.58728415,0.52649172,-0.1740644,0.17436792,0.0
LUNATRY,2026-08-17 18:18:59,2026-08-17 18:19:59,2026-08-17 18:33:59,6.12855,0,2.006,-0.04982561,0.0,0.0,-0.04982561,43.52163012,-7.69230769,0.0,25.0,-106.48148148,25.6043956,-7.69230769,-0.0217131,0,-0.00333641,-0.04982561,0.0004629,0.1885012,0.00247861,0.03053618,-0.42391453,0.22702967,0.0,0.0,
LUNATRY,2026-08-17 18:18:59,2026-08-17 18:19:59,2026-08-17 18:33:59,6.12855,1,2.007,-0.0498008,0.0,0.0,0.0,46.88471802,0.0,25.0,25.0,-45.56354916,26.14552115,-0.0,-0.01605617,0,-5.411e-05,0.0,0.00042708,0.36399173,0.00238046,0.43119075,-0.42459583,-0.8014221,0.0,0.0,
LUNATRY,2026-08-17 18:18:59,2026-08-17 18:19:59,2026-08-17 18:33:59,6.12855,3,2.006,-0.04982561,-0.04982561,-0.19900498,-0.09960159,42.21312356,-20.0,0.0,8.33333333,-104.02684564,35.02583003,-36.36363636,-0.02146685,0,-0.0037329,-0.04982561,0.00039168,0.20686808,0.00263392,0.0787894,-0.41028445,-0.98160191,0.0,0.0,
LUNATRY,2026-08-17 18:18:59,2026-08-17 18:19:59,2026-08-17 18:33:59,6.12855,5,2.006,-0.04982561,-0.19900498,-0.04982561,-0.09960159,41.16501931,-40.0,0.0,22.22222222,-88.57808858,37.18700219,-27.27272727,-0.01178874,0,0.00223296,-0.04982561,0.00039168,0.18765248,0.00255155,9.1627191,-0.39480788,-0.96721717,0.0,0.04985045,0.0
LUNATRY,2026-08-17 18:18:59,2026-08-17 18:19:59,2026-08-17 18:33:59,6.12855,10,2.007,0.0,0.0,0.0,0.0,44.42351523,0.0,28.57142857,28.57142857,-12.34567901,45.10343624,14.28571429,-0.02679557,0,0.00146575,-0.0498008,0.00049826,0.44796366,0.00335072,0.21443924,0.30409885,0.0,0.0,0.0,
EGLDTRY,2026-08-17 18:24:59,2026-08-17 18:24:59,2026-08-17 18:39:59,5.79151,0,129.5,-0.07716049,0.30983734,0.30983734,0.46547711,74.95471853,75.0,80.0,93.33333333,250.0,39.74025974,87.5,0.10979173,0,0.02619964,0.30983734,0.00044126,1.01697594,0.00621873,3.20481102,0.40911896,0.47843542,0.0,0.0,
EGLDTRY,2026-08-17 18:24:59,2026-08-17 18:24:59,2026-08-17 18:39:59,5.79151,1,129.6,0.38729667,0.38729667,0.38729667,0.6993007,83.75872331,100.0,100.0,100.0,282.05128205,33.39105339,100.0,0.09182838,0,0.01814551,0.38729667,0.0003858,1.2563018,0.00548088,17.40731143,0.4781268,1.0,0.23201856,0.23148148,1.0
EGLDTRY,2026-08-17 18:24:59,2026-08-17 18:24:59,2026-08-17 18:39:59,5.79151,3,129.1,0.0,0.0,0.0,0.0,64.27826624,100.0,100.0,100.0,44.44444444,21.96248196,100.0,0.05681047,0,-0.00357362,0.0,0.00022131,0.63382584,0.00405385,0.0,0.0,,0.0,0.0,
EGLDTRY,2026-08-17 18:24:59,2026-08-17 18:24:59,2026-08-17 18:39:59,5.79151,5,129.1,0.0,0.0,0.0,0.0,64.27826566,0.0,100.0,100.0,51.28205128,18.62914863,0.0,0.06375758,0,0.00012415,0.15515904,0.00044262,0.67251639,0.00449345,0.0,0.0,,0.0,0.0,
EGLDTRY,2026-08-17 18:24:59,2026-08-17 18:24:59,2026-08-17 18:39:59,5.79151,10,129.1,0.0,0.0,0.15515904,0.23291925,64.27826584,27.27272727,100.0,100.0,83.33333333,30.93279736,27.27272727,0.07081935,0,0.00752731,0.0,0.00060861,0.78690952,0.00486639,0.0,0.0,0.5,0.0,0.0,
EDENTRY,2026-08-17 18:27:59,2026-08-17 18:20:59,2026-08-17 18:42:59,9.13242,0,2.386,-0.12557555,-1.28258171,-1.24172185,3.91986063,56.26176766,25.69659443,33.33333333,39.77567804,18.62745098,62.6172812,35.49432739,1.12510329,0,-0.04998349,1.14455278,0.01847084,0.59280744,0.0947573,0.70531156,0.04752731,-0.1163178,0.16792611,1.08968986,0.80769231
EDENTRY,2026-08-17 18:27:59,2026-08-17 18:20:59,2026-08-17 18:42:59,9.13242,1,2.389,-1.44389439,-0.041841,-2.25040917,4.27760803,57.02066091,28.44036697,35.6,44.88078315,40.24390244,61.02443135,38.06343907,1.31619735,0,0.06697517,1.05752961,0.01790947,0.62266858,0.09807596,1.81933836,0.02955402,-0.25883377,-0.99461252,2.38593554,0.35087719
EDENTRY,2026-08-17 18:27:59,2026-08-17 18:20:59,2026-08-17 18:42:59,9.13242,3,2.417,1.12970711,-1.10474632,-0.41203131,5.13266638,65.68833273,39.13043478,48.64864865,45.04504505,76.35635762,54.24958723,39.27813163,1.56001811,0,0.26291727,4.81352992,0.01391926,0.78904025,0.09916904,1.11795473,0.20331238,-0.19557873,0.70833333,1.36532892,0.81818182
EDENTRY,2026-08-17 18:27:59,2026-08-17 18:20:59,2026-08-17 18:42:59,9.13242,5,2.416,-1.14566285,-0.45323445,2.41627808,5.31822145,69.38271166,46.77419355,48.26254826,68.56251856,120.71238632,47.78065505,52.06812652,1.80583333,0,0.51025572,5.22648084,0.01215114,0.83770753,0.09754633,3.32026306,0.24463972,0.20914852,-1.10519853,2.06953642,0.12
EDENTRY,2026-08-17 18:27:59,2026-08-17 18:20:59,2026-08-17 18:42:59,9.13242,10,2.359,-0.21150592,2.29835212,2.74390244,2.74390244,80.10257225,60.37735849,91.02564103,90.34188034,279.7029703,28.39754532,37.97468354,0.796745,0,0.24025052,2.83347864,0.00478411,1.12633698,0.03818387,2.877686,0.20369842,0.40363364,0.08485363,0.50869012,0.41666667
USUALTRY,2026-08-17 18:27:59,2026-08-17 18:27:59,2026-08-17 18:42:59,18.28979,0,0.421,0.0,0.0,0.0,-0.23696682,28.33233159,-100.0,0.0,0.0,-51.28205128,92.85714286,-100.0,-0.03941242,0,-0.01068427,0.0,0.00016966,0.31655015,0.00452801,0.0,0.0,,0.0,0.0,
USUALTRY,2026-08-17 18:27:59,2026-08-17 18:27:59,2026-08-17 18:42:59,18.28979,1,0.421,0.0,0.0,0.0,-0.23696682,28.33233159,-100.0,0.0,0.0,-55.55555556,92.85714286,-100.0,-0.04146297,0,-0.01358193,0.0,0.00016966,0.29587585,0.00465019,0.0,0.0,,0.0,0.0,
USUALTRY,2026-08-17 18:27:59,2026-08-17 18:27:59,2026-08-17 18:42:59,18.28979,3,0.421,0.0,0.0,0.0,-0.23696682,28.33233159,-100.0,0.0,0.0,-66.66666667,92.85714286,-100.0,-0.04461754,0,-0.02017675,-0.23696682,0.00016966,0.25,0.00474496,0.0,0.0,,0.0,0.0,
USUALTRY,2026-08-17 18:27:59,2026-08-17 18:27:59,2026-08-17 18:42:59,18.28979,5,0.421,0.0,0.0,0.0,-0.23696682,28.33233159,-100.0,0.0,0.0,-83.33333333,92.85714286,-100.0,-0.04531403,0,-0.02731749,-0.23696682,0.00016966,0.19381378,0.00464799,0.0,0.0,,0.0,0.0,
USUALTRY,2026-08-17 18:27:59,2026-08-17 18:27:59,2026-08-17 18:42:59,18.28979,10,0.421,0.0,-0.23696682,-0.23696682,-0.23696682,28.33233159,-100.0,0.0,0.0,-133.33333333,92.85714286,-100.0,-0.01761105,0,-0.03425408,-0.23696682,0.00016966,0.0669873,0.00410682,0.0,0.0,-1.0,0.0,0.0,
BMTTRY,2026-08-17 18:46:59,2026-08-17 18:46:59,2026-08-17 18:58:59,5.12129,0,0.742,-0.2688172,-0.1345895,-0.2688172,-1.98150594,38.04282068,-62.96296296,9.09090909,13.63636364,-102.40181759,40.53165318,-32.14285714,-0.41221191,0,-0.29856371,-2.36842105,0.00539084,0.15523736,0.04218206,2.02807964,0.17793347,-0.89255919,-0.40268456,0.67385445,0.4
BMTTRY,2026-08-17 18:46:59,2026-08-17 18:46:59,2026-08-17 18:58:59,5.12129,1,0.744,0.1345895,0.26954178,0.0,-1.45695364,40.73948299,-48.14814815,18.18181818,15.15151515,-104.50819672,37.26634706,-30.76923077,-0.37774147,0,-0.31983189,-2.10526316,0.0062404,0.180777,0.04175147,0.01971881,0.23809273,-0.27578071,0.1345895,0.1344086,1.0
BMTTRY,2026-08-17 18:46:59,2026-08-17 18:46:59,2026-08-17 18:58:59,5.12129,3,0.743,0.13477089,-0.1344086,-1.32802125,-3.00261097,38.72279797,-44.82758621,13.63636364,8.54545455,-166.02233677,33.87518356,-33.78378378,-0.30946508,0,-0.37875245,-1.84940555,0.00711402,0.06264877,0.03768194,0.0160793,0.24103062,-0.63110856,0.13477089,0.269179,1.0
BMTTRY,2026-08-17 18:46:59,2026-08-17 18:46:59,2026-08-17 18:58:59,5.12129,5,0.744,0.0,-1.19521912,-2.10526316,-2.61780105,39.06346647,-52.63157895,4.0,7.39393939,-175.22192204,33.03819013,-34.52380952,-0.09734994,0,-0.35288829,-1.71730515,0.00806452,-0.01242883,0.03173785,0.99891521,0.28991972,-0.67446746,-0.26809651,0.53763441,0.25
BMTTRY,2026-08-17 18:46:59,2026-08-17 18:46:59,2026-08-17 18:58:59,5.12129,10,0.76,0.0,0.39630119,0.39630119,1.33333333,63.01296671,31.57894737,63.63636364,63.63636364,58.79458795,43.73651799,5.43478261,0.55950197,0,-0.08046792,-0.52356021,0.00864662,0.66470347,0.03172078,0.29684016,0.42252938,0.69772133,0.26385224,0.26315789,1.0
GPSTRY,2026-08-17 19:00:59,2026-08-17 19:05:59,2026-08-17 19:15:59,5.31915,0,0.737,-0.94086022,-2.89855072,-1.99468085,-3.91134289,31.42456385,-28.81355932,13.51351351,19.85489383,-182.49038746,44.93305916,-16.66666667,-0.7667888,0,-0.21597375,-2.38410596,0.01221167,-0.03194321,0.05159926,1.41208831,-0.13907122,-0.44256723,-0.94086022,1.62822252,0.41666667
GPSTRY,2026-08-17 19:00:59,2026-08-17 19:05:59,2026-08-17 19:15:59,5.31915,1,0.744,-0.93209055,-2.49017038,-1.45695364,-3.37662338,35.52363797,-35.38461538,13.79310345,32.99744814,-129.89705991,46.72740008,-18.75,-0.57503923,0,-0.11521087,-1.71730515,0.01228879,0.07216157,0.04815274,2.10341224,-0.09501536,-0.40467917,-0.93209055,1.61290323,0.33333333
GPSTRY,2026-08-17 19:00:59,2026-08-17 19:05:59,2026-08-17 19:15:59,5.31915,3,0.759,-0.5242464,0.52980132,0.93085106,-1.81112549,47.34368457,-27.5862069,52.94117647,49.07563025,-20.38472581,46.15605114,-13.15789474,-0.37638849,0,0.00056694,0.52980132,0.0107284,0.41537093,0.04497596,0.77804181,-0.02494916,0.21909852,-0.5242464,1.05401845,0.375
GPSTRY,2026-08-17 19:00:59,2026-08-17 19:05:59,2026-08-17 19:15:59,5.31915,5,0.752,-0.39735099,0.0,-0.39735099,-2.84237726,37.6845132,-48.93617021,31.42857143,38.0952381,-87.1590153,46.02618101,-28.125,-0.59926178,0,-0.15482477,-1.95567145,0.00911854,0.19596383,0.04614289,1.17231058,-0.07470281,-0.63747718,-0.39735099,0.79787234,0.5
GPSTRY,2026-08-17 19:00:59,2026-08-17 19:05:59,2026-08-17 19:15:59,5.31915,10,0.755,-0.26420079,0.0,-1.56453716,-1.82054616,38.35339541,-27.65957447,40.0,39.04761905,-117.75362319,32.00260136,-23.33333333,-0.56070759,0,-0.29082724,-2.45478036,0.00851466,0.10069268,0.03950264,0.5982813,-0.01302537,-0.2995885,-0.26420079,0.79470199,0.16666667
HEMITRY,2026-08-17 19:05:59,2026-08-17 19:06:59,2026-08-17 19:14:59,5.18151,0,0.3257,1.05491778,-0.33659731,-0.88253195,-0.9729401,45.23527349,-14.13612565,43.11926606,15.05336079,-148.06168647,24.13249533,-1.94805195,-0.32215603,0,-0.13237534,-0.54961832,0.00675468,0.25300274,0.02520047,0.91539512,-0.00135873,0.05911602,1.0235732,1.56585815,0.92156863
HEMITRY,2026-08-17 19:05:59,2026-08-17 19:06:59,2026-08-17 19:14:59,5.18151,1,0.3223,-0.37094281,-2.03647416,-2.03647416,-2.36292033,35.11584548,-40.74074074,2.04081633,3.10451453,-246.02792489,24.98031059,-14.28571429,-0.32860982,0,-0.16009181,-1.2863706,0.00605026,-0.19129421,0.02455315,0.9012104,0.03910249,-0.22281553,-0.52469136,0.58951288,0.10526316
HEMITRY,2026-08-17 19:05:59,2026-08-17 19:06:59,2026-08-17 19:14:59,5.18151,3,0.3268,-0.66869301,-0.66869301,-0.96969697,0.18393624,44.7448332,-17.39130435,7.27272727,34.0626605,-88.10968757,25.1269816,6.48854962,-0.01140496,0,0.01863809,-0.75918615,0.00572653,0.19532856,0.01474764,0.34873566,0.13711233,-0.40185458,-0.06116208,0.12239902,0.0
HEMITRY,2026-08-17 19:05:59,2026-08-17 19:06:59,2026-08-17 19:14:59,5.18151,5,0.3286,-0.12158055,-0.42424242,0.33587786,0.1218769,49.78316996,12.92517007,44.06779661,55.3563668,33.82599421,23.9181208,17.40740741,0.05780343,0,0.0780869,-0.09121313,0.00586905,0.57895406,0.01620924,0.34055668,0.21347362,0.00428395,0.0304414,0.27388923,0.44444444
HEMITRY,2026-08-17 19:05:59,2026-08-17 19:06:59,2026-08-17 19:14:59,5.18151,10,0.3275,0.30627871,-0.54661403,-0.4256613,1.51890887,47.74949186,11.57894737,35.29411765,47.93814762,10.21750126,18.40954867,12.36363636,-0.0841881,0,0.05842972,-0.21328458,0.00599782,0.54404911,0.02081473,0.5298725,-0.0078664,-0.2722291,0.1529052,0.24427481,0.75
COMPTRY,2026-08-17 19:11:59,2026-08-17 19:19:59,2026-08-17 19:26:59,9.18239,0,794.0,-0.62578223,-0.12578616,-0.12578616,0.0,44.68154638,0.0,0.0,55.55555556,-48.85057471,33.33333333,6.66666667,0.07872334,0,0.01289335,-0.37641154,0.00134941,0.31547372,0.00783773,0.76511315,-0.87947132,0.91196919,-0.12578616,0.12594458,0.0
COMPTRY,2026-08-17 19:11:59,2026-08-17 19:19:59,2026-08-17 19:26:59,9.18239,1,799.0,0.0,0.50314465,0.50314465,0.62972292,80.51988609,55.55555556,83.33333333,66.66666667,219.04761905,32.85714286,60.0,0.12354483,0,0.04501535,0.25094103,0.00089397,1.1177619,0.00783773,0.0,-0.87461774,1.0,0.0,0.0,
COMPTRY,2026-08-17 19:11:59,2026-08-17 19:19:59,2026-08-17 19:26:59,9.18239,3,795.0,0.0,0.0,0.0,0.12594458,56.39359136,20.0,33.33333333,33.33333333,32.63403263,24.28571429,20.0,0.0365363,0,-0.00227789,0.12594458,0.00044924,0.5961887,0.00457897,0.0,0.0,,0.0,0.0,
COMPTRY,2026-08-17 19:11:59,2026-08-17 19:19:59,2026-08-17 19:26:59,9.18239,5,795.0,0.0,0.0,-0.25094103,0.12594458,56.39359123,20.0,33.33333333,33.33333333,41.95804196,21.42857143,20.0,0.04492488,0,0.00287955,0.12594458,0.00044924,0.62220323,0.00463456,0.0,0.0,-1.0,0.0,0.0,
COMPTRY,2026-08-17 19:11:59,2026-08-17 19:19:59,2026-08-17 19:26:59,9.18239,10,797.0,0.0,0.37783375,0.37783375,0.37783375,89.31768322,100.0,100.0,83.33333333,333.33333333,40.47619048,100.0,0.07692506,0,0.03427891,0.37783375,0.00026887,1.25,0.00453229,0.0,0.99934442,1.0,0.0,0.0,
BMTTRY,2026-08-17 19:13:59,2026-08-17 19:06:59,2026-08-17 19:22:59,6.11979,0,0.76,0.79575597,1.06382979,0.92961487,1.8766756,57.16798233,21.875,41.17647059,26.10644258,53.76344086,38.3112317,25.49019608,0.18388369,0,-0.01658022,-0.65359477,0.00958647,0.7184757,0.0422433,0.18403997,-0.12079183,0.55764545,0.79575597,0.78947368,1.0
BMTTRY,2026-08-17 19:13:59,2026-08-17 19:06:59,2026-08-17 19:22:59,6.11979,1,0.754,0.66755674,0.0,0.26595745,0.80213904,51.4994904,13.79310345,25.71428571,19.04761905,-2.30741924,38.03912286,19.58762887,0.10783131,0,-0.0714119,0.0,0.00918909,0.55687491,0.04324606,0.40134205,-0.13537911,0.66975748,0.80213904,0.79575597,1.0
BMTTRY,2026-08-17 19:13:59,2026-08-17 19:06:59,2026-08-17 19:22:59,6.11979,3,0.752,-0.26525199,0.0,-2.33766234,1.62162162,49.08616566,11.11111111,20.0,29.16666667,8.85668277,40.13052352,18.08510638,0.23281842,0,-0.01125777,0.13315579,0.00892857,0.5191074,0.04527614,0.28134942,-0.13454105,-0.279029,-0.26525199,0.39893617,0.33333333
BMTTRY,2026-08-17 19:13:59,2026-08-17 19:06:59,2026-08-17 19:22:59,6.11979,5,0.753,0.13297872,-2.20779221,-1.56862745,1.48247978,50.2256123,20.68965517,32.5,42.5,6.84931507,43.43697966,22.10526316,0.39834947,0,0.10556881,0.9383378,0.00901157,0.57608321,0.0472977,1.38717425,-0.09304591,0.08215653,0.26631158,1.062417,0.875
BMTTRY,2026-08-17 19:13:59,2026-08-17 19:06:59,2026-08-17 19:22:59,6.11979,10,0.765,1.45888594,1.86418109,2.54691689,2.82258065,71.21083183,65.71428571,96.15384615,96.4957265,191.39928699,47.03072274,44.23076923,0.28225879,0,0.22673985,3.09973046,0.00485528,1.18218324,0.03401732,7.02970133,0.09048138,0.97364134,1.32450331,1.4379085,0.90909091
HEMITRY,2026-08-17 19:29:59,2026-08-17 19:32:59,2026-08-17 19:44:59,6.13795,0,0.328,-0.09137984,-0.33424491,-0.81644995,-1.79640719,45.650995,-50.0,16.84210526,19.50292398,-102.94433699,33.27281536,-30.32490975,-0.11312883,0,-0.13431309,-0.06093845,0.00603223,0.20282141,0.03135438,0.09939785,-0.07641142,-1.0,-0.152207,0.45731707,0.66666667
HEMITRY,2026-08-17 19:29:59,2026-08-17 19:32:59,2026-08-17 19:44:59,6.13795,1,0.3283,-0.0608828,-0.4548211,-0.57540884,-1.05485232,46.38741044,-34.54545455,19.79166667,23.26388889,-86.61521733,32.69906391,-21.52777778,-0.06958999,0,-0.12607973,-0.72573329,0.00626605,0.2385065,0.03182442,0.14332485,-0.0682052,-0.89490263,0.09146341,0.39597929,0.53846154
HEMITRY,2026-08-17 19:29:59,2026-08-17 19:32:59,2026-08-17 19:44:59,6.13795,3,0.3291,-0.21224985,-0.33313144,-0.66405071,-2.6043208,48.20996854,-24.75247525,28.125,31.14821489,-37.30102162,30.87278736,-20.25316456,0.03554844,0,-0.09323333,-1.17117117,0.00685853,0.35768352,0.03611006,0.17892531,0.00034881,0.15388937,-0.3029385,0.42540261,0.21428571
HEMITRY,2026-08-17 19:29:59,2026-08-17 19:32:59,2026-08-17 19:44:59,6.13795,5,0.3307,0.15142338,-0.18110474,0.76173065,1.00794136,51.76708578,0.33670034,34.12698413,31.68498168,14.89278752,29.83420843,8.87290168,0.12156564,0,-0.06254337,-0.98802395,0.00900687,0.53020747,0.04410444,0.05079105,-0.00624323,0.79438159,0.06051437,0.21167221,0.28571429
HEMITRY,2026-08-17 19:29:59,2026-08-17 19:32:59,2026-08-17 19:44:59,6.13795,10,0.3282,-0.75597218,-1.44144144,-1.73652695,0.76757753,47.06944684,6.92520776,34.93975904,45.98393574,-7.91201148,24.87563974,8.59728507,0.29109025,0,-0.00372712,0.24434942,0.00961957,0.45940987,0.05355523,1.05982865,-0.09816784,-0.82662097,-0.75597218,1.31017672,0.41860465
GIGGLETRY,2026-08-17 19:48:59,2026-08-17 19:48:59,2026-08-17 20:03:59,5.61255,0,1657.0,0.12084592,0.5461165,1.03658537,1.96923077,75.25874655,90.0,100.0,99.25925926,162.534973,39.58596949,59.61538462,0.41803643,0,0.18394954,1.71884592,0.00224157,1.01691869,0.02579071,1.09584199,0.41439155,1.0,0.06038647,0.24140012,1.0
GIGGLETRY,2026-08-17 19:48:59,2026-08-17 19:48:59,2026-08-17 20:03:59,5.61255,1,1655.0,0.12099214,0.66909976,1.16136919,1.78351784,73.98964159,71.42857143,97.77777778,97.54985755,185.81687612,36.18500014,26.15384615,0.36130965,0,0.17486042,1.65847666,0.00280535,1.05651831,0.02281498,0.52762661,0.37283236,1.0,0.12099214,0.18126888,0.66666667
GIGGLETRY,2026-08-17 19:48:59,2026-08-17 19:48:59,2026-08-17 20:03:59,5.61255,3,1648.0,0.243309,0.73349633,1.10429448,1.10429448,69.10136965,52.63157895,94.87179487,98.29059829,196.12794613,33.59091055,14.51612903,0.20810571,0,0.12502966,1.41538462,0.00268724,1.09164878,0.01625682,1.43400354,0.18583612,1.0,0.18237082,0.30339806,0.6
GIGGLETRY,2026-08-17 19:48:59,2026-08-17 19:48:59,2026-08-17 20:03:59,5.61255,5,1640.0,0.24449878,0.61349693,0.6752609,0.12210012,61.93892123,5.0,100.0,90.12345679,115.24547804,36.23851216,-21.21212121,0.06233881,0,0.06285509,0.92307692,0.00287456,0.92978818,0.01240883,1.04958174,0.01600077,0.99993951,0.24449878,0.24390244,1.0
GIGGLETRY,2026-08-17 19:48:59,2026-08-17 19:48:59,2026-08-17 20:03:59,5.61255,10,1629.0,0.06142506,0.24615385,0.24615385,-0.54945055,48.19525583,-24.32432432,66.66666667,63.60153257,-27.45098039,24.55390377,-35.48387097,-0.10801227,0,-0.03976882,-0.54945055,0.00271858,0.39932391,0.01187593,0.08288795,-0.0611046,-0.29305063,-0.06134969,0.06138735,0.0
TSTTRY,2026-08-17 19:51:59,2026-08-17 19:51:59,2026-08-17 20:06:59,5.22088,0,0.747,0.94594595,0.13404826,1.2195122,1.49456522,56.31924323,13.7254902,65.0,48.33333333,83.98268398,23.28170463,11.11111111,0.1808064,0,0.0023699,-0.4,0.00774527,0.79840735,0.02462899,1.32429886,-0.15503235,0.18011309,0.53835801,0.93708166,0.57142857
TSTTRY,2026-08-17 19:51:59,2026-08-17 19:51:59,2026-08-17 20:06:59,5.22088,1,0.74,-0.53763441,-0.53763441,0.27100271,0.54347826,48.9913257,8.33333333,30.0,46.66666667,-9.47577564,24.2379492,11.68831169,0.12478945,0,-0.03519956,-0.80428954,0.00743243,0.43493993,0.02384939,0.91328097,-0.1883403,-0.15577764,-0.53763441,0.67567568,0.2
TSTTRY,2026-08-17 19:51:59,2026-08-17 19:51:59,2026-08-17 20:06:59,5.22088,3,0.746,0.2688172,1.08401084,0.67476383,1.35869565,56.33419138,23.80952381,60.0,43.33333333,83.1372549,22.63361181,16.66666667,0.18481901,0,0.00050285,0.94722598,0.00689391,0.78061657,0.02380369,1.00663012,-0.11863534,-0.2287681,0.40376851,0.67024129,0.6
TSTTRY,2026-08-17 19:51:59,2026-08-17 19:51:59,2026-08-17 20:06:59,5.22088,5,0.738,0.0,-0.4048583,-1.6,-0.135318,47.57636913,5.88235294,20.0,30.0,-20.68416866,21.13649781,10.76923077,0.11066486,0,-0.05464104,0.27173913,0.00629113,0.38257707,0.0241644,0.72189913,-0.19263981,-0.90381691,0.0,0.81300813,0.16666667
TSTTRY,2026-08-17 19:51:59,2026-08-17 19:51:59,2026-08-17 20:06:59,5.22088,10,0.75,0.53619303,1.48849797,1.90217391,1.62601626,64.06715692,43.75,100.0,92.46031746,214.42495127,21.49588432,24.52830189,0.32736982,0,0.13053013,1.48849797,0.00504762,1.18146299,0.02164118,2.82157784,0.22574618,0.55006198,0.53619303,0.66666667,1.0
ACETRY,2026-08-17 19:58:59,2026-08-17 19:59:59,2026-08-17 20:13:59,5.18715,0,8.319,0.12035143,-0.22787239,-0.41896098,0.01202212,42.38885757,-7.24637681,25.65445026,11.12661438,-99.84111853,31.43326811,-0.85106383,-0.16144346,0,-0.06832168,-0.66865672,0.00605327,0.26743852,0.01801506,2.56833641,-0.01530722,-0.06306226,0.18063584,0.61305445,0.96078431
ACETRY,2026-08-17 19:58:59,2026-08-17 19:59:59,2026-08-17 20:13:59,5.18715,1,8.309,-0.06013952,-0.63381966,-0.95362975,-0.12020676,40.34739341,-3.1358885,2.56410256,11.05997945,-77.91952895,32.388387,5.84795322,-0.13672705,0,-0.06315479,-1.1186481,0.00588003,0.20761044,0.01823958,0.56394255,-0.16559839,-0.70093677,-0.0360924,0.38512456,0.125
ACETRY,2026-08-17 19:58:59,2026-08-17 19:59:59,2026-08-17 20:13:59,5.18715,3,8.338,-0.28701268,-0.60793897,-0.98563116,0.25249489,44.32714206,12.40875912,25.45454545,34.77056277,-36.82795699,34.90287692,6.63716814,-0.01242406,0,0.00408441,-0.72627694,0.00580818,0.37986202,0.01748323,2.47595838,-0.05385666,-0.69753458,-0.2392917,0.74358359,0.46774194
ACETRY,2026-08-17 19:58:59,2026-08-17 19:59:59,2026-08-17 20:13:59,5.18715,5,8.354,-0.41721302,-0.79562997,-0.25074627,0.52948255,46.57419141,12.74131274,38.85714286,54.28571429,13.78340366,38.26581974,16.44444444,0.06728416,0,0.06323874,0.43279635,0.0057714,0.47702354,0.01744589,0.98000056,0.02588912,-0.16768593,-0.34593821,0.59851568,0.2
ACETRY,2026-08-17 19:58:59,2026-08-17 19:59:59,2026-08-17 20:13:59,5.18715,10,8.375,-0.33321433,-0.2857483,0.68526088,0.2994012,50.78997883,2.98507463,50.85714286,64.40365815,70.06249529,46.56595813,13.82978723,0.02678446,0,0.11746243,0.78219013,0.00561194,0.67588581,0.01664689,0.56509228,-0.00858073,0.80249929,-0.3687842,0.44179104,0.16216216
BMTTRY,2026-08-17 19:58:59,2026-08-17 19:58:59,2026-08-17 20:10:59,5.04648,0,0.753,-0.26490066,-1.05124836,-0.92105263,-0.92105263,39.17576682,-26.31578947,26.31578947,13.90013495,-221.06179286,32.05502489,-21.91780822,-0.40930234,0,-0.05859224,-1.31061599,0.00692468,-0.02953171,0.01923835,1.73180561,0.10412769,-0.59321389,-0.26490066,0.92961487,0.71428571
BMTTRY,2026-08-17 19:58:59,2026-08-17 19:58:59,2026-08-17 20:10:59,5.04648,1,0.755,0.0,-0.78843627,-0.26420079,-1.30718954,41.04279479,-12.82051282,7.69230769,23.07692308,-150.61728395,33.83129096,-12.67605634,-0.35921077,0,-0.03293689,-1.30718954,0.00671712,0.04143662,0.01719362,0.2227502,0.0768723,-0.19750399,0.0,0.26490066,0.0
BMTTRY,2026-08-17 19:58:59,2026-08-17 19:58:59,2026-08-17 20:10:59,5.04648,3,0.761,0.0,0.52840159,-0.52287582,0.13157895,46.81391569,-12.82051282,53.84615385,51.28205128,31.11111111,38.19577359,-13.88888889,-0.26072426,0,0.02870174,0.0,0.00675803,0.45292228,0.01394712,0.62511109,0.19914085,-0.0895089,-0.1312336,0.39421813,0.0
BMTTRY,2026-08-17 19:58:59,2026-08-17 19:58:59,2026-08-17 20:10:59,5.04648,5,0.76,0.39630119,-0.65359477,-0.3931848,0.26385224,45.71701741,-6.38297872,46.15384615,36.41025641,-69.42528736,43.16728749,-14.1025641,-0.32202572,0,-0.00383108,0.0,0.00733083,0.40828236,0.01575789,0.3983845,0.27858234,-0.37644884,0.39630119,0.78947368,1.0
BMTTRY,2026-08-17 19:58:59,2026-08-17 19:58:59,2026-08-17 20:10:59,5.04648,10,0.763,-0.26143791,0.26281209,0.39473684,1.59786951,46.60813555,17.94871795,73.33333333,85.52287582,-12.5704378,56.62554962,-9.09090909,-0.27461826,0,0.04649396,0.65963061,0.00720839,0.48741333,0.03642784,0.42077289,-0.12174706,-0.58385431,-0.13089005,0.5242464,0.75
POLTRY,2026-08-17 19:59:59,2026-08-17 19:59:59,2026-08-17 20:14:59,7.44024,0,3.723,0.1344809,0.1344809,0.1344809,-0.21441973,47.00811736,-44.44444444,38.46153846,12.82051282,-49.80842912,63.73360939,-44.44444444,-0.05987518,0,-0.03614746,-0.21441973,0.00034534,0.34128983,0.00676232,17.68763748,-0.0021645,1.0,0.02686728,0.02686006,1.0
POLTRY,2026-08-17 19:59:59,2026-08-17 19:59:59,2026-08-17 20:14:59,7.44024,1,3.718,0.0,0.0,0.0,-0.34843206,28.9988249,-100.0,0.0,0.0,-111.75004792,63.97515528,-100.0,-0.07115675,0,-0.04946748,-0.34843206,0.00024975,0.1319415,0.00706991,0.0,-0.48738821,,0.0,0.0,
POLTRY,2026-08-17 19:59:59,2026-08-17 19:59:59,2026-08-17 20:14:59,7.44024,3,3.718,0.0,0.0,-0.34843206,-0.34843206,28.99882433,-100.0,0.0,0.0,-148.22571262,57.65104461,-100.0,-0.05430922,0,-0.05420148,-0.34843206,0.00024975,0.05104088,0.00633218,0.0,-0.47144283,-1.0,0.0,0.0,
POLTRY,2026-08-17 19:59:59,2026-08-17 19:59:59,2026-08-17 20:14:59,7.44024,5,3.718,0.0,-0.34843206,-0.34843206,-0.50842922,28.99882397,-100.0,0.0,0.0,-184.12698413,52.45623941,-100.0,-0.01608057,0,-0.04531498,-0.34843206,0.00036502,-0.03916539,0.00552074,0.0,-0.47144283,-1.0,0.0,0.0,
POLTRY,2026-08-17 19:59:59,2026-08-17 19:59:59,2026-08-17 20:14:59,7.44024,10,3.731,0.0,0.0,0.0,0.21488047,66.88509972,40.0,57.14285714,57.14285714,41.54995331,68.17052513,40.0,0.07398078,0,3.07e-06,-0.1605566,0.00038289,0.64296107,0.00572284,0.0,-0.94584243,,0.0,0.0,
COMPTRY,2026-08-17 20:08:59,2026-08-17 20:08:59,2026-08-17 20:23:59,9.81366,0,805.0,0.0,0.0,0.0,-0.37128713,48.31769301,-42.85714286,40.0,35.0,-45.66210046,22.20525506,-10.0,-0.04421646,0,-0.04199137,0.12437811,0.00088731,0.36782987,0.01407193,0.0,-0.75827822,,0.0,0.0,
COMPTRY,2026-08-17 20:08:59,2026-08-17 20:08:59,2026-08-17 20:23:59,9.81366,1,805.0,0.0,0.0,0.0,-0.73982737,48.317693,-42.85714286,40.0,28.33333333,-49.52380952,24.65835752,-10.0,-0.04643534,0,-0.04942183,0.0,0.00088731,0.35125897,0.01666194,0.0,-0.55886458,,0.0,0.0,
COMPTRY,2026-08-17 20:08:59,2026-08-17 20:08:59,2026-08-17 20:23:59,9.81366,3,805.0,0.0,0.0,0.0,-0.86206897,48.31769289,-63.63636364,20.0,20.0,-58.60805861,29.91976278,-31.25,-0.04971779,0,-0.06721619,0.0,0.0014197,0.3168879,0.01690754,0.0,-0.54953046,,0.0,0.0,
COMPTRY,2026-08-17 20:08:59,2026-08-17 20:08:59,2026-08-17 20:23:59,9.81366,5,805.0,0.0,0.0,0.12437811,-1.22699387,48.31769329,-63.63636364,20.0,18.46153846,-56.03448276,35.84666795,-31.25,-0.05005445,0,-0.08912232,-0.37128713,0.0014197,0.32850141,0.01733253,0.0,-0.5518599,-0.42228012,0.0,0.0,
COMPTRY,2026-08-17 20:08:59,2026-08-17 20:08:59,2026-08-17 20:23:59,9.81366,10,804.0,-0.1242236,-0.1242236,-0.4950495,0.0,44.12563681,0.0,0.0,5.55555556,-80.58608059,57.53029053,7.40740741,0.02108787,0,-0.13097676,-1.34969325,0.00239872,0.24942038,0.01705131,1.04946992,-0.42709965,-0.74405436,0.0,0.0,
HEMITRY,2026-08-17 20:12:59,2026-08-17 20:19:59,2026-08-17 20:27:59,6.45356,0,0.3297,-0.36264733,-0.42283298,-0.72267389,-2.88659794,33.96780104,-31.70731707,10.90909091,8.23966412,-114.12128018,46.01334957,-11.74089069,-0.69167796,0,-0.09079746,-1.3464991,0.00535119,0.15435055,0.03399368,0.843965,-0.17778998,-1.0,-0.18165304,0.39429785,0.46153846
HEMITRY,2026-08-17 20:12:59,2026-08-17 20:19:59,2026-08-17 20:27:59,6.45356,1,0.3309,-0.03021148,-0.18099548,-0.69027611,-2.21631206,36.6486104,-50.58823529,6.59340659,6.37635012,-81.08741505,46.83758648,-25.67567568,-0.67652859,0,-0.09216592,-0.8984726,0.0063895,0.25235585,0.04136792,0.48184848,-0.17427222,-1.0,-0.24118179,0.36264733,0.33333333
HEMITRY,2026-08-17 20:12:59,2026-08-17 20:19:59,2026-08-17 20:27:59,6.45356,3,0.3311,-0.12066365,-0.6302521,-0.30111412,-1.8962963,37.08539912,-26.63316583,5.31914894,7.69897557,-85.73239182,44.56220304,-20.70063694,-0.70325645,0,-0.13824317,-0.15078408,0.00677396,0.24085556,0.05287673,0.63624097,-0.14206609,-0.54259947,-0.03019324,0.30202356,0.5
HEMITRY,2026-08-17 20:12:59,2026-08-17 20:19:59,2026-08-17 20:27:59,6.45356,5,0.3321,-0.33013205,0.0,-0.62836625,-3.40314136,39.07847104,-30.8056872,12.22222222,12.67574372,-75.39088162,45.28335913,-17.26190476,-0.70634722,0,-0.18148224,-2.17967599,0.00722674,0.25023644,0.05944424,0.67733015,-0.15745683,-0.60448343,-0.27027027,0.51189401,0.17647059
HEMITRY,2026-08-17 20:12:59,2026-08-17 20:19:59,2026-08-17 20:27:59,6.45356,10,0.3342,0.08984726,0.7840772,-1.56111929,-3.04612707,40.99446099,-46.78111588,20.64516129,17.18475073,-98.64306785,29.02147224,-37.5328084,-0.66534475,0,-0.34727884,-2.79232112,0.00814311,0.20000119,0.05223081,0.53031251,-0.16491194,-0.24247777,0.11983223,0.35906643,0.66666667
COMPTRY,2026-08-17 21:06:59,2026-08-17 21:06:59,2026-08-17 21:21:59,5.39568,0,834.0,0.0,0.24038462,0.12004802,0.0,56.44385496,8.33333333,83.33333333,77.77777778,85.73256558,15.54654712,-12.5,0.15782057,0,0.0089675,0.60313631,0.00274066,0.74234211,0.01116248,0.0,-0.16847618,0.0114476,0.0,0.0,
COMPTRY,2026-08-17 21:06:59,2026-08-17 21:06:59,2026-08-17 21:21:59,5.39568,1,834.0,0.12004802,-0.11976048,0.0,0.12004802,56.44385496,0.0,83.33333333,66.66666667,72.94832827,14.43740781,-14.70588235,0.15690171,0,0.00988099,0.24038462,0.00291196,0.74479527,0.01351444,0.55263574,-0.16847618,-0.23548904,0.12004802,0.35971223,0.66666667
COMPTRY,2026-08-17 21:06:59,2026-08-17 21:06:59,2026-08-17 21:21:59,5.39568,3,832.0,-0.35928144,-0.23980815,0.12033694,0.60459492,52.95440076,16.12903226,50.0,75.92592593,61.61137441,14.13446055,8.33333333,0.15877339,0,0.01434094,0.0,0.00309066,0.62419682,0.01648555,2.95562657,-0.18815622,-0.38494569,-0.35928144,0.36057692,0.0
COMPTRY,2026-08-17 21:06:59,2026-08-17 21:06:59,2026-08-17 21:21:59,5.39568,5,833.0,-0.11990408,0.24067389,0.48250905,1.09223301,56.05447057,18.51851852,77.77777778,79.7979798,82.00902492,12.27110651,9.67741935,0.1565841,0,0.0208681,-0.11990408,0.00265821,0.74977075,0.01592397,1.94191484,-0.15017221,-0.01813517,-0.11990408,0.12004802,0.0
COMPTRY,2026-08-17 21:06:59,2026-08-17 21:06:59,2026-08-17 21:21:59,5.39568,10,829.0,-0.36057692,-0.36057692,-0.59952038,-0.24067389,50.39760089,4.0,45.45454545,57.57575758,-0.92592593,17.95267566,0.0,0.1055387,0,0.00028228,0.60679612,0.00267103,0.48310657,0.01427752,0.16137207,-0.18994603,-0.97024154,-0.12048193,0.12062726,0.0
POLTRY,2026-08-17 21:18:59,2026-08-17 21:18:59,2026-08-17 21:33:59,7.51261,0,3.767,0.21282256,0.21282256,0.07970244,-0.26476039,48.08695029,-9.67741935,90.0,34.44444444,-18.35234474,33.15223665,-12.5,-0.12234955,0,-0.00508273,0.07970244,0.00060677,0.44532075,0.01503787,5.37915276,0.21133782,0.30215195,0.0,0.0,
POLTRY,2026-08-17 21:18:59,2026-08-17 21:18:59,2026-08-17 21:33:59,7.51261,1,3.759,0.0,0.0,-0.07974482,-1.10497238,38.99199692,-60.0,8.33333333,5.21963824,-67.6059094,32.66068519,-62.5,-0.15164606,0,-0.02524549,-0.13283741,0.00060806,0.2962289,0.0150975,0.0,0.27117037,-0.96852765,0.0,0.0,
POLTRY,2026-08-17 21:18:59,2026-08-17 21:18:59,2026-08-17 21:33:59,7.51261,3,3.759,0.0,-0.07974482,0.0266099,-1.05290866,38.99199689,-77.77777778,2.3255814,5.71705426,-79.17162109,30.73896971,-78.57142857,-0.158686,0,-0.03798636,-0.13283741,0.00106411,0.25692707,0.01461337,0.0,0.27117037,-0.71203152,0.0,0.0,
POLTRY,2026-08-17 21:18:59,2026-08-17 21:18:59,2026-08-17 21:33:59,7.51261,5,3.764,0.05316321,0.15965939,0.0,-0.34418851,42.44755224,-32.30769231,12.5,9.72222222,-64.95176849,30.58335191,-24.69135802,-0.15329821,0,-0.04603208,-0.34418851,0.00153712,0.30491675,0.01385337,0.05448891,0.37929439,0.4450885,0.0,0.0,
POLTRY,2026-08-17 21:18:59,2026-08-17 21:18:59,2026-08-17 21:33:59,7.51261,10,3.764,0.0,0.0,-0.34418851,-0.34418851,40.27580817,-21.31147541,0.0,0.0,-125.18195051,34.85337554,-10.0,-0.12581307,0,-0.07688734,-0.34418851,0.00151814,0.17554922,0.01166516,0.0,-0.05101085,-1.0,0.0,0.0,
NILTRY,2026-08-17 21:36:59,2026-08-17 21:39:59,2026-08-17 21:51:59,5.87432,0,2.182,-0.63752277,-0.63752277,-0.6827492,-0.27422303,39.03184283,-17.07317073,18.18181818,60.60606061,-147.70114943,15.69663914,-24.07407407,0.03160448,0,-0.00502507,-0.31978072,0.00176771,0.035,0.00849161,0.1349583,0.20213956,-0.29279841,-0.04580852,0.09165903,0.5
NILTRY,2026-08-17 21:36:59,2026-08-17 21:39:59,2026-08-17 21:51:59,5.87432,1,2.196,0.0,-0.04551661,0.18248175,0.0911577,59.67826366,28.57142857,81.81818182,81.81818182,97.08737864,13.77196683,5.0,0.09800862,0,0.03903177,0.31978072,0.00130107,0.79125418,0.00767824,0.00612041,0.20759275,0.72155943,0.0,0.0,
NILTRY,2026-08-17 21:36:59,2026-08-17 21:39:59,2026-08-17 21:51:59,5.87432,3,2.196,-0.04551661,0.18248175,0.73394495,0.18248175,59.67826401,8.57142857,81.81818182,84.84848485,124.17248166,13.99254651,-6.25,0.07924544,0,0.03884852,0.31978072,0.00156128,0.85745004,0.00715236,0.40752189,0.22563369,0.87144957,0.0,0.0,
NILTRY,2026-08-17 21:36:59,2026-08-17 21:39:59,2026-08-17 21:51:59,5.87432,5,2.197,0.22810219,0.77981651,0.36546368,0.27384756,61.53992537,14.28571429,86.36363636,72.90552585,179.17675545,16.31722184,-2.17391304,0.02749675,1,0.01526317,0.41133455,0.00149555,1.02212803,0.00686779,9.41039201,0.31469805,0.946897,0.22810219,0.36413291,0.625
NILTRY,2026-08-17 21:36:59,2026-08-17 21:39:59,2026-08-17 21:51:59,5.87432,10,2.189,0.0,0.0,0.04570384,0.04570384,49.74630162,29.41176471,50.0,50.0,-5.27704485,15.44092643,26.31578947,0.01086834,0,-0.01099365,-0.09128252,0.00061998,0.47527054,0.00461775,0.0,0.23803959,0.78889158,0.0,0.0,
SAGATRY,2026-08-18 00:30:59,2026-08-18 00:33:59,2026-08-18 00:45:59,5.82822,0,0.645,0.1552795,-1.07361963,-0.30911901,1.09717868,56.60141535,25.92592593,41.17647059,52.94117647,33.94546466,41.07391425,15.78947368,0.4044223,0,0.07919856,0.78125,0.00420819,0.65497152,0.0296484,0.43584041,0.19390512,0.30366059,0.46728972,0.46511628,1.0
SAGATRY,2026-08-18 00:30:59,2026-08-18 00:33:59,2026-08-18 00:45:59,5.82822,1,0.644,-1.22699387,-0.77041602,-0.15503876,0.94043887,54.44009949,23.07692308,35.29411765,72.54901961,66.91449814,41.92425439,20.0,0.46492261,0,0.1319181,0.625,0.00388199,0.62163926,0.03010897,2.9106274,0.17519155,0.37538883,-0.92307692,1.08695652,0.14285714
SAGATRY,2026-08-18 00:30:59,2026-08-18 00:33:59,2026-08-18 00:45:59,5.82822,3,0.652,0.46224961,1.08527132,2.19435737,2.19435737,86.40657948,77.77777778,100.0,93.88888889,220.76502732,36.81425717,54.54545455,0.49009122,0,0.20010946,2.19435737,0.00241017,1.16940121,0.02634737,4.76707798,0.53182424,1.0,0.46224961,0.61349693,1.0
SAGATRY,2026-08-18 00:30:59,2026-08-18 00:33:59,2026-08-18 00:45:59,5.82822,5,0.647,0.31007752,1.41065831,1.09375,1.56985871,80.37347504,71.42857143,90.0,92.5,273.01587302,27.78364493,56.25,0.29234384,0,0.12505208,1.41065831,0.00176639,1.20661362,0.01648541,7.20729672,0.45260165,0.91220181,0.31007752,0.46367852,0.66666667
SAGATRY,2026-08-18 00:30:59,2026-08-18 00:33:59,2026-08-18 00:45:59,5.82822,10,0.64,0.0,0.31347962,0.31347962,0.15649452,70.23192957,20.0,100.0,100.0,127.79060816,27.14285714,20.0,0.07082611,0,0.02467596,0.47095761,0.00055804,0.90686674,0.00538824,0.0,-0.18109076,0.36405128,0.0,0.0,
BMTTRY,2026-08-18 00:52:59,2026-08-18 00:52:59,2026-08-18 01:07:59,5.14512,0,0.758,-0.13175231,0.1321004,-0.26315789,-0.52493438,44.58538423,-20.0,18.18181818,18.18181818,-111.31059246,31.24609493,-10.71428571,-0.07280817,0,-0.104878,-0.91503268,0.00263852,0.17219817,0.01342298,1.25996431,-0.14556481,-0.80466778,-0.13175231,0.13192612,0.0
BMTTRY,2026-08-18 00:52:59,2026-08-18 00:52:59,2026-08-18 01:07:59,5.14512,1,0.759,0.26420079,0.0,-0.26281209,-0.39370079,47.51190331,-15.78947368,27.27272727,15.15151515,-113.06042885,34.87280877,-10.71428571,-0.05545374,0,-0.10968131,-1.04302477,0.00263505,0.24377498,0.01281293,0.1719147,-0.08261894,-0.77240595,0.13192612,0.13175231,1.0
BMTTRY,2026-08-18 00:52:59,2026-08-18 00:52:59,2026-08-18 01:07:59,5.14512,3,0.757,-0.26350461,-0.52562418,-0.52562418,-0.65616798,40.22536764,-29.41176471,9.09090909,3.03030303,-219.70554926,40.93373314,-17.24137931,-0.0016959,0,-0.11121322,-0.91623037,0.00273637,-0.04848276,0.01136889,1.56400489,-0.14019392,-0.85552431,-0.13192612,0.26420079,0.5
BMTTRY,2026-08-18 00:52:59,2026-08-18 00:52:59,2026-08-18 01:07:59,5.14512,5,0.76,-0.13140604,-0.13140604,-0.65359477,-0.13140604,48.77420166,-6.66666667,0.0,14.28571429,-66.42066421,48.00582514,3.84615385,0.11480234,0,-0.06394026,-0.26246719,0.00244361,0.24117071,0.00988769,0.55601121,-0.10682774,-0.72345491,-0.13140604,0.26315789,0.0
BMTTRY,2026-08-18 00:52:59,2026-08-18 00:52:59,2026-08-18 01:07:59,5.14512,10,0.765,-0.26075619,0.13089005,0.39370079,0.92348285,67.8547707,50.0,77.77777778,89.25925926,102.61930391,66.40285061,33.33333333,0.35647875,0,0.07627927,0.52562418,0.00252101,0.79550983,0.020919,3.31109349,0.06391,0.32200366,0.0,0.26143791,0.5
CFGTRY,2026-08-18 01:45:59,2026-08-18 01:45:59,2026-08-18 02:00:59,5.68212,0,7.55,-0.13227513,0.10607266,0.10607266,0.26560425,50.92224771,50.0,66.66666667,88.88888889,114.85319516,31.10526316,50.0,0.01293291,0,0.04449126,0.10607266,0.00037843,0.76166855,0.00430734,1.15925543,0.93924626,0.87822497,0.0,0.0,
CFGTRY,2026-08-18 01:45:59,2026-08-18 01:45:59,2026-08-18 02:00:59,5.68212,1,7.56,0.0,0.23866348,0.23866348,0.39840637,64.30100342,100.0,100.0,100.0,257.49559083,33.02834008,100.0,0.01118114,1,0.05019759,0.23866348,0.00028345,1.10302269,0.00422231,0.0,0.98628258,1.0,0.0,0.0,
CFGTRY,2026-08-18 01:45:59,2026-08-18 01:45:59,2026-08-18 02:00:59,5.68212,3,7.542,0.0,0.0,0.0,0.0,39.72143882,0.0,100.0,100.0,46.0704607,29.73163678,0.0,-0.04213784,0,0.02888718,0.15936255,0.0002273,0.64011213,0.00265068,0.0,0.78494624,,0.0,0.0,
CFGTRY,2026-08-18 01:45:59,2026-08-18 01:45:59,2026-08-18 02:00:59,5.68212,5,7.542,0.0,0.0,0.0,0.07961783,39.72143821,20.0,100.0,100.0,37.89042499,39.73163678,18.75,-0.05386987,0,0.03031977,0.15936255,0.00030306,0.62641035,0.00272806,0.0,-0.11858407,,0.0,0.0,
CFGTRY,2026-08-18 01:45:59,2026-08-18 01:45:59,2026-08-18 02:00:59,5.68212,10,7.542,0.0,0.15936255,0.15936255,-0.18528322,39.72143747,-5.26315789,85.71428571,60.62271062,-18.58736059,71.46096009,-5.0,-0.10517338,0,0.01909161,0.07961783,0.00037883,0.4506415,0.00617656,0.0,-0.74422188,1.0,0.0,0.0,
PORTALTRY,2026-08-18 02:10:59,2026-08-18 02:16:59,2026-08-18 02:25:59,5.16102,0,0.7089,-0.18304703,-0.53318367,-0.57503506,-1.17105813,43.31912048,-28.40909091,26.78571429,28.03453921,-111.26110924,26.95769847,-29.36802974,-0.06837175,0,-0.06911644,-0.3934242,0.00271044,0.15954158,0.01406116,2.59814311,-0.27440245,-0.66497687,-0.18304703,0.36676541,0.46153846
PORTALTRY,2026-08-18 02:10:59,2026-08-18 02:16:59,2026-08-18 02:25:59,5.16102,1,0.7102,-0.02815315,-0.23879758,-0.12656448,-1.05879075,46.34904022,-36.04060914,30.76923077,34.74018607,-82.82333741,25.1084474,-34.89208633,-0.03196481,0,-0.05503198,0.14100395,0.00279599,0.25570824,0.01444486,0.64649851,-0.30720876,0.40706153,-0.01407856,0.12672487,0.88888889
PORTALTRY,2026-08-18 02:10:59,2026-08-18 02:16:59,2026-08-18 02:25:59,5.16102,3,0.7127,0.11237533,0.22500352,0.22500352,-0.2100252,52.47214979,-11.76470588,46.90265487,45.42772861,-41.58534364,22.91488748,-18.94736842,0.0196611,0,-0.03587166,0.42271382,0.00285634,0.45539093,0.01398811,0.65728305,-0.14297114,0.30789077,0.40856579,0.40690333,1.0
PORTALTRY,2026-08-18 02:10:59,2026-08-18 02:16:59,2026-08-18 02:25:59,5.16102,5,0.713,0.26719167,0.26719167,0.18266123,-0.55788006,53.30573508,-9.9009901,49.55752212,41.59292035,-40.38977546,23.86524726,-16.60377358,0.01210884,1,-0.05428043,-0.59947024,0.00265478,0.44723344,0.01513838,1.4090817,-0.21173899,0.05703237,0.35186488,0.35063114,1.0
PORTALTRY,2026-08-18 02:10:59,2026-08-18 02:16:59,2026-08-18 02:25:59,5.16102,10,0.7117,0.35250987,0.28180922,-0.78070542,-0.32212885,50.18187402,-26.05042017,38.05309735,17.48436578,-49.58463136,32.10434335,-23.52941176,0.03188449,0,-0.10822339,-0.73919107,0.00324174,0.39915788,0.01912166,0.23599327,-0.06883894,-0.93302455,0.36666197,0.36532247,1.0
BMTTRY,2026-08-18 03:12:59,2026-08-18 03:12:59,2026-08-18 03:27:59,5.40881,0,0.795,-0.12562814,0.0,0.0,-3.40218712,37.28244989,-60.78431373,13.15789474,13.71416346,-77.49946478,34.13596366,-39.17525773,-0.80780966,0,-0.21236661,-2.33415233,0.00871518,0.24948823,0.06907985,0.50158462,-0.18711641,-0.02536611,0.0,0.50314465,0.75
BMTTRY,2026-08-18 03:12:59,2026-08-18 03:12:59,2026-08-18 03:27:59,5.40881,1,0.796,0.12578616,0.37831021,0.37831021,-3.98069964,38.09165259,-50.94339623,15.78947368,13.20416754,-81.99928851,30.30943305,-38.38383838,-0.83441177,0,-0.2623842,-1.72839506,0.0088837,0.24208874,0.06772058,0.26436372,-0.22806671,0.36004614,0.25188917,0.25125628,1.0
BMTTRY,2026-08-18 03:12:59,2026-08-18 03:12:59,2026-08-18 03:27:59,5.40881,3,0.795,0.25220681,0.25220681,0.12594458,-3.40218712,36.81826767,-60.6557377,11.62790698,8.8142406,-110.70559611,23.83939236,-44.23076923,-0.876434,0,-0.38287843,-3.40218712,0.00934412,0.16735319,0.06348111,0.3243666,-0.17645441,-0.32271382,0.37878788,0.75471698,0.66666667
BMTTRY,2026-08-18 03:12:59,2026-08-18 03:12:59,2026-08-18 03:27:59,5.40881,5,0.795,0.25220681,0.12594458,-2.33415233,-2.81173594,35.71433203,-36.23188406,9.25925926,6.86134853,-159.54522739,18.21094719,-22.68907563,-0.79091933,0,-0.45359666,-3.40218712,0.01069182,0.07636833,0.05637243,0.10513618,-0.18773356,-0.68936435,0.25220681,0.50314465,1.0
BMTTRY,2026-08-18 03:12:59,2026-08-18 03:12:59,2026-08-18 03:27:59,5.40881,10,0.814,0.49382716,-1.09356015,-1.09356015,-0.24509804,46.95035214,-11.86440678,25.0,16.06753813,-133.13388182,18.93574886,-3.47826087,0.05623897,0,-0.16793047,-0.48899756,0.01009126,0.22659402,0.02676267,1.05118864,-0.11602012,-0.57534713,0.12300123,1.47420147,0.83333333
GPSTRY,2026-08-18 04:02:59,2026-08-18 04:03:59,2026-08-18 04:15:59,5.71429,0,0.761,-1.16883117,-4.63659148,-5.93325093,-4.27672956,21.25036134,-57.37704918,1.85185185,7.38877242,-306.34023854,54.54832792,-17.5,-0.74481305,0,-0.57933453,-5.11221945,0.01126338,-0.2566495,0.05803188,2.85315034,-0.44659203,-1.0,-1.29701686,1.57687254,0.08333333
GPSTRY,2026-08-18 04:02:59,2026-08-18 04:03:59,2026-08-18 04:15:59,5.71429,1,0.77,-1.91082803,-4.46650124,-4.34782609,-3.14465409,24.96051179,-47.16981132,16.98113208,12.03464636,-311.86790506,55.03305446,-18.34862385,-0.328509,0,-0.37443691,-3.8701623,0.01011132,-0.33741316,0.0416835,5.39319899,-0.37212017,-0.72422772,-2.03562341,3.63636364,0.32142857
GPSTRY,2026-08-18 04:02:59,2026-08-18 04:03:59,2026-08-18 04:15:59,5.71429,3,0.798,-0.99255583,-0.86956522,-0.86956522,0.25125628,48.71779864,0.0,15.78947368,49.56140351,0.7613247,54.35037004,21.42857143,0.35157387,0,0.01770476,0.25125628,0.00626566,0.42951521,0.0239608,1.48336157,-0.27800869,-0.06214959,-0.74626866,0.87719298,0.14285714
GPSTRY,2026-08-18 04:02:59,2026-08-18 04:03:59,2026-08-18 04:15:59,5.71429,5,0.809,0.49689441,0.49689441,0.87281796,1.25156446,72.38608461,71.42857143,75.0,63.03030303,156.42178911,48.38626026,40.98360656,0.4833327,0,0.12303913,1.76100629,0.00538584,1.03385771,0.02486909,2.43805375,-0.22493097,0.73753025,0.49689441,0.98887515,0.5
GPSTRY,2026-08-18 04:02:59,2026-08-18 04:03:59,2026-08-18 04:15:59,5.71429,10,0.802,0.12484395,0.75376884,0.88050314,1.00755668,63.3563215,33.33333333,85.71428571,86.3997114,205.08905852,24.01071032,34.09090909,0.29035072,0,0.07507202,0.37546934,0.00391877,1.04141477,0.01520892,11.42807775,-0.07445936,0.97642098,0.12484395,0.49875312,0.5
ACETRY,2026-08-18 04:19:59,2026-08-18 04:21:59,2026-08-18 04:31:59,5.18458,0,7.396,0.48913043,-0.41739599,-0.73815595,-1.79259063,39.76941686,-31.06796117,25.58139535,13.99161266,-144.05723473,42.2371233,-21.32921175,-0.48246283,0,-0.25777854,-1.80562931,0.00624855,0.12407015,0.03721854,0.76316128,0.0488001,-0.72495399,0.48913043,0.89237426,1.0
ACETRY,2026-08-18 04:19:59,2026-08-18 04:21:59,2026-08-18 04:31:59,5.18458,1,7.36,-0.10857763,-1.19479125,-1.45936538,-2.07557211,33.86028377,-44.64751958,6.55737705,6.85336976,-171.89028817,42.26768098,-17.36334405,-0.46065335,0,-0.28500086,-2.12765957,0.00603649,-0.03877945,0.03553219,0.71956186,0.00441678,-1.0,-0.33852404,0.33967391,0.0
ACETRY,2026-08-18 04:19:59,2026-08-18 04:21:59,2026-08-18 04:31:59,5.18458,3,7.427,-0.29534166,-0.56232427,-1.62913907,-2.39190432,40.25638166,-34.59459459,4.16666667,10.00957854,-128.48206097,42.2861819,-12.57961783,-0.19872405,0,-0.18859228,-1.43331121,0.00603974,0.07648914,0.02712161,1.21474758,0.09575551,-1.0,-0.18814675,0.48471792,0.13888889
ACETRY,2026-08-18 04:19:59,2026-08-18 04:21:59,2026-08-18 04:31:59,5.18458,5,7.451,-0.24099612,-1.31125828,-1.07541158,0.01342282,42.91216867,-27.68878719,13.36206897,15.09243058,-132.75917358,46.1268288,-1.33868809,-0.02612329,0,-0.12578577,-1.06227593,0.00716107,0.15038686,0.02492516,0.81322299,0.10105768,-0.62487436,-0.06706009,0.57710374,0.72093023
ACETRY,2026-08-18 04:19:59,2026-08-18 04:21:59,2026-08-18 04:31:59,5.18458,10,7.532,0.15957447,-0.0398142,0.01327845,0.82998661,53.4249666,14.35406699,42.30769231,47.52236136,37.29586024,38.50727163,26.05820106,0.24341005,0,0.03921332,1.10067114,0.00716941,0.65198856,0.02807229,0.03787518,0.04442739,-0.19900871,0.25289498,0.25225704,1.0
COWTRY,2026-08-18 04:19:59,2026-08-18 04:19:59,2026-08-18 04:34:59,5.19231,0,5.2,0.0,0.0,0.7751938,1.36452242,71.14015192,71.42857143,100.0,100.0,124.70023981,62.9174397,62.5,0.22271341,0,0.1249422,1.16731518,0.0010989,0.88015519,0.01756895,0.0,-0.82692254,0.53935427,0.0,0.0,
COWTRY,2026-08-18 04:19:59,2026-08-18 04:19:59,2026-08-18 04:34:59,5.19231,1,5.2,0.0,0.0,0.7751938,0.58027079,71.14015172,77.77777778,100.0,100.0,142.81013491,64.95825603,50.0,0.20105695,0,0.1298327,0.97087379,0.00137363,0.92239093,0.01650447,0.0,-0.82692254,0.43126406,0.0,0.0,
COWTRY,2026-08-18 04:19:59,2026-08-18 04:19:59,2026-08-18 04:34:59,5.19231,3,5.2,0.0,0.7751938,1.16731518,0.58027079,71.14015162,23.07692308,100.0,91.66666667,188.75502008,66.34972171,7.14285714,0.11400531,0,0.11168559,0.97087379,0.00192308,1.0458952,0.01384272,0.38741476,-0.82692254,0.49793609,0.0,0.0,
COWTRY,2026-08-18 04:19:59,2026-08-18 04:19:59,2026-08-18 04:34:59,5.19231,5,5.16,0.0,0.38910506,0.38910506,-0.1934236,50.8466701,-11.11111111,75.0,75.0,30.34752814,65.05102041,-20.0,-0.06459104,0,0.02227091,0.58479532,0.00138427,0.53880753,0.00999155,0.21842921,-0.88887926,0.16523671,-0.1934236,0.19379845,0.0
COWTRY,2026-08-18 04:19:59,2026-08-18 04:19:59,2026-08-18 04:34:59,5.19231,10,5.14,-0.19417476,-0.19417476,0.19493177,-0.58027079,31.58895855,-42.85714286,25.0,41.66666667,-147.18614719,61.9047619,-71.42857143,-0.14453981,0,-0.04125259,-0.58027079,0.00097276,0.03879497,0.00944993,0.07839112,-0.92731014,0.14658046,0.0,0.0,
GPSTRY,2026-08-18 04:37:59,2026-08-18 04:38:59,2026-08-18 04:46:59,5.35248,0,0.77,0.52219321,-4.7029703,-4.82076638,-4.22885572,32.26654022,-45.71428571,23.21428571,31.73809524,-353.21141444,19.73480181,-40.8,-0.4825703,0,-0.49279053,-3.8701623,0.01159555,-0.16484624,0.05549864,1.97435884,-0.19588954,-0.3128065,0.13003901,2.07792208,0.8125
GPSTRY,2026-08-18 04:37:59,2026-08-18 04:38:59,2026-08-18 04:46:59,5.35248,1,0.766,-4.96277916,-5.08054523,-4.96277916,-4.1301627,28.620399,-55.88235294,0.0,50.66666667,-354.56475584,18.69584077,-33.91304348,-0.116563,0,-0.31766583,-4.25,0.01072361,-0.49521819,0.04390533,4.4713721,-0.27098765,-0.77676924,-4.96277916,5.22193211,0.0
GPSTRY,2026-08-18 04:37:59,2026-08-18 04:38:59,2026-08-18 04:46:59,5.35248,3,0.808,0.12391574,0.24813896,0.87390762,0.87390762,60.00893292,21.21212121,80.0,80.0,133.60599864,21.37555708,5.06329114,0.49417328,0,0.06495245,1.38017566,0.00698373,0.865254,0.02065442,0.49480753,-0.16652756,0.75872313,0.0,0.4950495,0.25
GPSTRY,2026-08-18 04:37:59,2026-08-18 04:38:59,2026-08-18 04:46:59,5.35248,5,0.809,0.37220844,0.99875156,0.99875156,1.125,61.73462143,8.57142857,84.0,78.66666667,132.57575758,27.4190137,-3.40909091,0.49151258,0,0.08174232,0.62189055,0.00776973,0.98853665,0.0188963,0.17603936,-0.16087876,0.72705087,0.12376238,0.49443758,1.0
GPSTRY,2026-08-18 04:37:59,2026-08-18 04:38:59,2026-08-18 04:46:59,5.35248,10,0.801,0.125,0.50188206,-0.37313433,0.50188206,55.51015118,-6.66666667,50.0,48.71794872,51.04761905,41.35042473,-8.33333333,0.3713659,0,0.02918903,0.125,0.00856073,0.63906067,0.04517026,0.98694668,-0.13463324,-0.3150111,0.0,0.24968789,0.0
GPSTRY,2026-08-18 05:10:59,2026-08-18 05:11:59,2026-08-18 05:25:59,10.91593,0,0.796,-0.12547051,-0.12547051,-1.48514851,-0.37546934,45.89235477,-7.69230769,47.22222222,57.40740741,-153.93830488,13.49709775,-12.0,0.02513052,0,-0.16049943,-1.24069479,0.01346016,0.12632975,0.02349406,3.24212127,-0.09592512,-0.44022079,-0.5,2.88944724,0.60869565
GPSTRY,2026-08-18 05:10:59,2026-08-18 05:11:59,2026-08-18 05:25:59,10.91593,1,0.797,-1.11662531,-2.08845209,-0.74719801,-0.12531328,46.5705077,-3.03030303,50.0,43.42105263,-68.80189798,12.46910547,-6.92307692,0.14191709,0,-0.10674156,-0.74719801,0.01165083,0.13336234,0.02223265,3.86916236,-0.12057914,-0.21697229,-1.23915737,2.88582183,0.30434783
GPSTRY,2026-08-18 05:10:59,2026-08-18 05:11:59,2026-08-18 05:25:59,10.91593,3,0.797,-2.08845209,-0.74719801,-1.36138614,-0.49937578,46.07730113,-5.88235294,5.26315789,55.55555556,-9.36037441,15.02334573,-1.13636364,0.2952155,0,-0.02554713,-0.49937578,0.00788672,0.13039725,0.02155326,5.33491015,-0.24970566,-0.40360763,-2.20858896,2.25846926,0.0
GPSTRY,2026-08-18 05:10:59,2026-08-18 05:11:59,2026-08-18 05:25:59,10.91593,5,0.808,0.62266501,0.0,0.24813896,0.24813896,57.62416595,16.12903226,66.66666667,62.96296296,85.81560284,21.28141261,-4.22535211,0.39681244,0,0.0518469,1.12640801,0.00627652,0.8636512,0.01832916,0.67844534,-0.18228921,-0.14544877,0.37267081,0.4950495,1.0
GPSTRY,2026-08-18 05:10:59,2026-08-18 05:11:59,2026-08-18 05:25:59,10.91593,10,0.806,0.373599,0.62421973,0.87609512,0.24875622,58.83836515,36.0,84.61538462,72.64957265,111.77248677,27.09065071,4.83870968,0.34084589,0,0.06876411,0.0,0.00549451,0.8248969,0.02385969,2.01971369,0.16231328,0.78325168,0.49875312,0.86848635,0.71428571
GPSTRY,2026-08-18 06:29:59,2026-08-18 06:32:59,2026-08-18 06:44:59,5.35032,0,0.779,-0.38363171,-0.76433121,0.0,-0.76433121,40.45612581,-15.78947368,7.14285714,23.80952381,-161.42557652,12.86535067,-8.16326531,-0.26203469,0,-0.05691239,-1.14213198,0.00449294,-0.031311,0.01521814,1.83808748,-0.42650872,-0.830998,-0.38363171,0.51347882,0.0
GPSTRY,2026-08-18 06:29:59,2026-08-18 06:32:59,2026-08-18 06:44:59,5.35032,1,0.782,-0.12771392,-0.12771392,-0.63532402,-0.38216561,43.896648,-8.57142857,28.57142857,38.0952381,-109.94152047,14.2939221,-2.17391304,-0.21197655,0,-0.03159382,-0.50890585,0.00420168,0.14553923,0.01328547,1.1437175,-0.44800541,-0.89495303,-0.12771392,0.25575448,0.0
GPSTRY,2026-08-18 06:29:59,2026-08-18 06:32:59,2026-08-18 06:44:59,5.35032,3,0.785,0.25542784,-0.25412961,-0.25412961,-0.63291139,47.46652745,-3.03030303,50.0,30.95238095,-75.44836116,17.68583442,-2.27272727,-0.18666163,0,-0.02315085,-0.50697085,0.00400364,0.37334261,0.01255217,0.01477769,-0.51943387,-0.81261823,0.25542784,0.25477707,1.0
GPSTRY,2026-08-18 06:29:59,2026-08-18 06:32:59,2026-08-18 06:44:59,5.35032,5,0.779,-1.01651842,-1.01651842,-1.14213198,-0.89058524,38.89726457,-31.25,7.14285714,19.04761905,-255.74712644,18.02130416,-6.66666667,-0.19470928,0,-0.03917612,-0.76433121,0.00412617,-0.27899171,0.01248381,3.57368952,-0.52474017,-0.4199653,-0.89058524,1.02695764,0.125
GPSTRY,2026-08-18 06:29:59,2026-08-18 06:32:59,2026-08-18 06:44:59,5.35032,10,0.788,0.25445293,-0.12674271,0.38216561,-0.12674271,49.44494598,-6.66666667,44.44444444,25.92592593,-27.49140893,16.2004162,4.65116279,-0.13148435,0,0.01675323,0.25445293,0.00389775,0.50461148,0.0137604,0.65172192,-0.35782857,0.70930762,0.1270648,0.25380711,1.0
OPENTRY,2026-08-18 06:45:59,2026-08-18 06:45:59,2026-08-18 07:00:59,8.67277,0,7.979,0.0,0.0,0.0,0.0,84.54389853,0.0,50.0,50.0,-66.66666667,0.0,0,0.02568985,0,-0.01825161,0.0,,,0.0,,,,0.0,0.0,
OPENTRY,2026-08-18 06:45:59,2026-08-18 06:45:59,2026-08-18 07:00:59,8.67277,1,7.979,0.0,0.0,0.0,0.0,84.54389853,0.0,50.0,50.0,-66.66666667,0.0,0,0.02821941,0,-0.01926262,0.0,,,0.0,,,,0.0,0.0,
OPENTRY,2026-08-18 06:45:59,2026-08-18 06:45:59,2026-08-18 07:00:59,8.67277,3,7.979,0.0,0.0,0.0,0.0,84.54389853,0.0,50.0,50.0,-66.66666667,0.0,0,0.03402954,0,-0.02129133,0.0,,,0.0,,,,0.0,0.0,
OPENTRY,2026-08-18 06:45:59,2026-08-18 06:45:59,2026-08-18 07:00:59,8.67277,5,7.979,0.0,0.0,0.0,0.0,84.54389853,0.0,50.0,50.0,-66.66666667,0.0,0,0.04099436,0,-0.02323912,0.0,,,0.0,,,,0.0,0.0,
OPENTRY,2026-08-18 06:45:59,2026-08-18 06:45:59,2026-08-18 07:00:59,8.67277,10,7.979,0.0,0.0,0.0,0.0,84.54389914,0.0,50.0,50.0,-66.66666667,21.42857143,0,0.06486054,0,-0.02659017,0.0,,,0.0,,,,0.0,0.0,
REDTRY,2026-08-18 07:33:59,2026-08-18 07:38:59,2026-08-18 07:48:59,6.11765,0,4.24,-0.23529412,-0.23529412,-0.23529412,-0.70257611,39.86606167,-23.07692308,25.0,35.0,-100.53475936,59.20073225,-37.5,-0.28591403,0,-0.05314453,-0.70257611,0.00269542,0.2454658,0.02165486,0.52881885,-0.153675,-0.34922061,0.0,0.0,
REDTRY,2026-08-18 07:33:59,2026-08-18 07:38:59,2026-08-18 07:48:59,6.11765,1,4.25,0.0,-0.23474178,-0.23474178,-0.23474178,42.89662176,-16.66666667,40.0,40.0,-60.65485776,55.29095781,-25.0,-0.27447466,0,-0.05231852,-0.23474178,0.00268908,0.33698042,0.02730157,0.0,-0.06057815,-0.41910525,0.0,0.0,
REDTRY,2026-08-18 07:33:59,2026-08-18 07:38:59,2026-08-18 07:48:59,6.11765,3,4.25,-0.23474178,-0.23474178,0.23584906,-1.1627907,42.89662178,-20.0,40.0,36.66666667,-62.72022551,51.49814244,-31.81818182,-0.29743344,0,-0.08414735,-0.46838407,0.00369748,0.30730064,0.03577245,0.13632499,-0.23144686,-0.0308652,0.0,0.0,
REDTRY,2026-08-18 07:33:59,2026-08-18 07:38:59,2026-08-18 07:48:59,6.11765,5,4.25,-0.23474178,0.23584906,-0.46838407,-2.29885057,42.19820612,-47.36842105,20.0,15.0,-61.3847252,45.7762383,-46.42857143,-0.34100375,0,-0.14025491,-0.46838407,0.00470588,0.27076267,0.03966644,0.34325855,-0.19911249,-0.51778937,-0.23474178,0.23529412,0.0
REDTRY,2026-08-18 07:33:59,2026-08-18 07:38:59,2026-08-18 07:48:59,6.11765,10,4.27,0.23474178,0.0,0.0,-2.06422018,43.87850656,-44.44444444,21.42857143,16.66666667,-85.96918086,47.24957404,-37.93103448,-0.23399227,0,-0.2072135,-1.83908046,0.00485112,0.26656289,0.03482772,0.31498087,0.11378477,-0.05571064,0.70754717,0.70257611,1.0
EDENTRY,2026-08-18 07:56:59,2026-08-18 07:57:59,2026-08-18 08:11:59,6.11805,0,2.316,-0.21542439,-1.06791969,-0.60085837,-1.82280627,29.32679284,-53.57142857,7.5,12.5877193,-128.44036697,57.50050263,-36.31840796,-1.08234042,0,-0.14013664,-2.68907563,0.00619911,0.06959276,0.04519967,1.26226618,-0.17715544,-0.43259114,-0.30133448,0.82037997,0.31578947
EDENTRY,2026-08-18 07:56:59,2026-08-18 07:57:59,2026-08-18 08:11:59,6.11805,1,2.321,-0.38626609,-0.38626609,-1.10779719,-2.15008432,30.35476758,-30.64516129,9.21052632,21.19883041,-133.09178744,56.79286159,-27.31707317,-1.05241523,0,-0.14094333,-2.80569514,0.00630886,0.09264841,0.04852119,0.74793478,-0.14385389,-0.59007937,-0.34349506,0.51701853,0.33333333
EDENTRY,2026-08-18 07:56:59,2026-08-18 07:57:59,2026-08-18 08:11:59,6.11805,3,2.341,0.472103,-0.2556455,-1.306914,-1.55592935,34.69432937,-38.1294964,33.33333333,20.23809524,-115.07182859,58.0347649,-27.27272727,-1.00220838,0,-0.14820031,-1.43157895,0.00671264,0.19004058,0.04986391,0.81691714,-0.12973396,-0.71368879,0.08550663,0.25630073,1.0
EDENTRY,2026-08-18 07:56:59,2026-08-18 07:57:59,2026-08-18 08:11:59,6.11805,5,2.33,-0.72432893,-1.77065767,-2.10084034,-4.23345664,29.73580906,-46.96132597,8.33333333,9.05248134,-139.81052047,57.07880366,-43.06569343,-0.96470639,0,-0.17541354,-1.22933446,0.00839975,0.07476748,0.05946894,3.09400129,-0.1530874,-1.0,-0.68201194,1.03004292,0.33333333
EDENTRY,2026-08-18 07:56:59,2026-08-18 07:57:59,2026-08-18 08:11:59,6.11805,10,2.38,-0.33500838,0.21052632,0.89020772,-2.97594782,40.57458738,-41.81818182,21.23893805,26.04516326,-74.66484372,38.41474378,-36.46209386,-0.72626484,0,-0.09062445,-2.1783806,0.00831333,0.25450188,0.05404114,0.54057365,-0.09538154,-0.23824506,-0.04199916,0.12605042,0.66666667
REDTRY,2026-08-18 08:18:59,2026-08-18 08:23:59,2026-08-18 08:30:59,6.66667,0,4.9,0.0,-1.80360721,-1.01010101,-7.7212806,36.70032725,-81.81818182,11.47540984,9.85860852,-124.38625205,46.44462992,-35.13513514,-1.33440665,0,-1.36352725,-8.23970037,0.02157434,0.10503975,0.1426251,0.77308255,-0.00449015,-0.12968227,0.20449898,2.24489796,0.63636364
REDTRY,2026-08-18 08:18:59,2026-08-18 08:23:59,2026-08-18 08:30:59,6.66667,1,4.9,-1.6064257,-1.6064257,-3.54330709,-7.89473684,36.70032725,-51.89873418,6.77966102,10.43598763,-130.43478261,43.93776179,-25.0,-1.13468751,0,-1.43373397,-8.06754221,0.02215743,0.05241701,0.13575782,1.05092061,-0.05417361,-0.37470626,-1.6064257,2.85714286,0.28571429
REDTRY,2026-08-18 08:18:59,2026-08-18 08:23:59,2026-08-18 08:30:59,6.66667,3,4.99,0.20080321,-1.77165354,-3.10679612,-7.59259259,41.9895697,-47.22222222,13.20754717,9.38822184,-146.7047718,43.53900448,-21.83098592,-0.6407034,0,-1.50367233,-6.20300752,0.02032637,0.06920412,0.12166248,0.5990648,0.03975244,-0.4180664,0.60483871,1.60320641,0.625
REDTRY,2026-08-18 08:18:59,2026-08-18 08:23:59,2026-08-18 08:30:59,6.66667,5,4.95,-2.55905512,-3.88349515,-7.30337079,-8.16326531,38.76305581,-62.96296296,3.63636364,7.4136716,-221.89992748,45.98065454,-32.25806452,-0.00608407,0,-1.55274529,-6.77966102,0.02236652,-0.16557814,0.09868888,0.96333717,0.07292606,-1.0,-2.36686391,3.23232323,0.125
REDTRY,2026-08-18 08:18:59,2026-08-18 08:23:59,2026-08-18 08:30:59,6.66667,10,5.34,0.18761726,0.37593985,0.56497175,3.08880309,67.8884288,11.42857143,57.57575758,57.11761579,28.57142857,62.90436302,5.81395349,2.52076323,0,-0.68183274,-0.92764378,0.02300696,0.58659627,0.10254082,0.30618597,0.26417876,0.23641264,0.18761726,0.93632959,0.8
OPGTRY,2026-08-18 08:31:59,2026-08-18 08:38:59,2026-08-18 08:46:59,6.33947,0,4.93,1.02459016,0.81799591,0.6122449,1.85950413,68.56508694,57.14285714,80.0,74.44444444,175.54644809,28.30934938,38.0952381,0.25575103,0,0.07963468,1.44032922,0.0030426,1.16697297,0.01691531,6.2584584,0.21139586,0.61606923,1.23203285,1.62271805,0.75
OPGTRY,2026-08-18 08:31:59,2026-08-18 08:38:59,2026-08-18 08:46:59,6.33947,1,4.88,-0.20449898,-0.40816327,-0.20449898,0.41152263,53.52298847,40.0,60.0,75.55555556,59.46791862,27.47446997,21.42857143,0.16894421,0,0.03432574,0.20533881,0.00204918,0.63235294,0.01396017,0.29170393,-0.01278744,0.33890494,-0.20449898,0.20491803,0.0
OPGTRY,2026-08-18 08:31:59,2026-08-18 08:38:59,2026-08-18 08:46:59,6.33947,3,4.89,-0.20408163,0.0,0.41067762,0.61728395,58.7433448,27.27272727,83.33333333,94.44444444,132.67813268,32.23637474,13.33333333,0.20424811,0,0.07347487,0.61728395,0.00219106,0.81733585,0.0152171,0.35148324,-0.25243573,0.53419835,-0.20408163,0.20449898,0.0
OPGTRY,2026-08-18 08:31:59,2026-08-18 08:38:59,2026-08-18 08:46:59,6.33947,5,4.9,0.20449898,0.61601643,0.82304527,1.03092784,64.13721546,27.27272727,100.0,100.0,218.75,32.69401234,20.0,0.17381153,0,0.07912531,1.23966942,0.00218659,1.08248237,0.01341794,1.64589441,-0.23536571,0.8472375,0.20449898,0.20408163,1.0
OPGTRY,2026-08-18 08:31:59,2026-08-18 08:38:59,2026-08-18 08:46:59,6.33947,10,4.86,-0.20533881,0.0,0.41322314,0.20618557,50.5637135,9.09090909,66.66666667,77.77777778,6.28084343,30.73604966,11.76470588,-0.01768397,0,-0.01491059,0.20618557,0.00249853,0.48642186,0.01515075,0.60723406,-0.46981692,0.18685187,-0.20533881,0.20576132,0.0
DOLOTRY,2026-08-18 08:38:59,2026-08-18 08:38:59,2026-08-18 08:53:59,7.47075,0,1.111,0.0,0.09009009,0.09009009,-0.53715309,44.11001328,-27.27272727,40.0,35.0,-53.33333333,26.69929443,-15.38461538,-0.08829395,0,-0.02169297,-0.17969452,0.0008358,0.32644747,0.0103539,0.0,0.4256516,0.62546795,0.0,0.0,
DOLOTRY,2026-08-18 08:38:59,2026-08-18 08:38:59,2026-08-18 08:53:59,7.47075,1,1.111,0.0,0.09009009,0.0,-0.53715309,44.1100132,-42.85714286,40.0,25.37037037,-58.34885164,26.39854255,-31.25,-0.0957662,0,-0.0299904,-0.17969452,0.00102867,0.30659583,0.01091366,0.11648064,0.4256516,-0.38945945,0.0,0.0,
DOLOTRY,2026-08-18 08:38:59,2026-08-18 08:38:59,2026-08-18 08:53:59,7.47075,3,1.11,0.0,-0.090009,0.09017133,-0.53763441,39.96120997,-62.5,11.11111111,9.76430976,-95.23809524,27.67095435,-50.0,-0.11189312,0,-0.05176395,-0.35906643,0.0011583,0.18377223,0.01135468,0.0945134,0.39810852,0.36556382,0.0,0.0,
DOLOTRY,2026-08-18 08:38:59,2026-08-18 08:38:59,2026-08-18 08:53:59,7.47075,5,1.11,-0.090009,0.09017133,-0.26954178,-0.71556351,39.96120981,-30.0,9.09090909,18.18181818,-113.20754717,28.53501927,-22.72727273,-0.09747437,0,-0.05911096,-0.6266786,0.0014157,0.11748852,0.01055572,0.92438725,0.39078928,0.33754362,0.0,0.0,
DOLOTRY,2026-08-18 08:38:59,2026-08-18 08:38:59,2026-08-18 08:53:59,7.47075,10,1.113,0.0,-0.08976661,-0.35810206,0.0,44.859755,0.0,12.5,13.0952381,-57.27376861,38.19237424,-5.0,0.00918672,0,-0.03516899,-0.44722719,0.00128353,0.3411714,0.00988398,8.93718136,0.52554218,-0.11643268,0.0,0.08984726,1.0
GPSTRY,2026-08-18 08:40:59,2026-08-18 08:41:59,2026-08-18 08:55:59,5.35032,0,0.785,0.0,-0.25412961,-1.50564617,-2.36318408,28.15721854,-56.25,10.34482759,10.591133,-170.78410311,23.16391521,-29.03225806,-0.65775814,0,-0.26907757,-2.60545906,0.00564149,0.02349887,0.0387056,0.82938637,-0.30943073,-0.70053901,0.12755102,0.50955414,0.75
GPSTRY,2026-08-18 08:40:59,2026-08-18 08:41:59,2026-08-18 08:55:59,5.35032,1,0.785,-0.25412961,-0.88383838,-2.24159402,-2.11970075,28.15721882,-57.57575758,7.14285714,11.9047619,-192.15184474,20.53447634,-26.66666667,-0.59415598,0,-0.26872099,-2.60545906,0.00545951,-0.05939806,0.03527054,0.62742916,-0.36142292,-0.80205918,-0.38071066,0.76433121,0.16666667
GPSTRY,2026-08-18 08:40:59,2026-08-18 08:41:59,2026-08-18 08:55:59,5.35032,3,0.787,-0.63131313,-1.99252802,-2.11442786,-2.47831475,29.8241968,-53.84615385,14.28571429,4.76190476,-336.23819898,18.14099263,-32.20338983,-0.37844846,0,-0.20262371,-1.625,0.00535487,-0.26813265,0.02546303,3.69119944,-0.31098297,-0.92394657,-0.63131313,1.27064803,0.4
GPSTRY,2026-08-18 08:40:59,2026-08-18 08:41:59,2026-08-18 08:55:59,5.35032,5,0.797,-0.74719801,-0.87064677,-1.11662531,-1.11662531,39.56092272,-25.0,0.0,18.18181818,-203.0075188,19.35803117,-4.16666667,-0.07448369,0,-0.04613123,-0.87064677,0.00430185,-0.16071429,0.01392342,0.65075072,-0.23390858,-0.23027003,-0.87064677,0.8782936,0.0
GPSTRY,2026-08-18 08:40:59,2026-08-18 08:41:59,2026-08-18 08:55:59,5.35032,10,0.806,0.0,0.75,0.24875622,-0.12391574,52.82255805,-12.5,60.0,45.64102564,51.87766163,27.61881907,-16.0,0.06891692,0,0.06404872,0.0,0.00443105,0.65363176,0.02025224,0.57892093,0.16480069,-0.69325398,0.0,0.12406948,1.0
ACETRY,2026-08-18 08:54:59,2026-08-18 08:54:59,2026-08-18 09:09:59,5.98572,0,7.284,0.12371134,0.05494505,0.0,-0.35567715,47.47506727,-6.89655172,20.93023256,24.85905567,-41.41300263,19.67174108,-0.79365079,-0.05515772,0,-0.03129227,-0.60043668,0.00370675,0.37694932,0.0120873,1.16487923,0.12099969,0.38747907,0.06869075,0.23338825,0.47058824
ACETRY,2026-08-18 08:54:59,2026-08-18 08:54:59,2026-08-18 09:09:59,5.98572,1,7.275,-0.36976171,-0.32881217,-0.3561156,0.24803638,45.68482605,-15.02145923,10.46511628,27.68623306,-43.59339988,19.8237018,-0.79365079,-0.0444227,0,-0.02910095,-0.39704272,0.00371134,0.31122038,0.01318276,1.90916865,0.08421497,0.2107291,-0.30149376,0.34364261,0.12
ACETRY,2026-08-18 08:54:59,2026-08-18 08:54:59,2026-08-18 09:09:59,5.98572,3,7.28,-0.26030963,-0.28763183,-0.54644809,0.19267823,46.20778129,8.33333333,29.41176471,36.92810458,-20.90880203,20.9901872,10.60606061,-0.01806439,0,-0.01771129,-0.24664292,0.0038854,0.38058837,0.01343725,0.71155703,0.05034366,-0.00282329,-0.17825312,0.21978022,0.0
ACETRY,2026-08-18 08:54:59,2026-08-18 08:54:59,2026-08-18 09:09:59,5.98572,5,7.284,-0.23284482,-0.49180328,-0.60043668,0.46896552,46.73989192,-1.70940171,33.33333333,45.25350593,-9.37158996,20.33213091,6.31313131,0.02478001,0,0.00873325,-0.35567715,0.00388327,0.4354248,0.01380671,0.40398525,-0.03640645,-0.72784769,-0.16447368,0.16474465,0.0
ACETRY,2026-08-18 08:54:59,2026-08-18 08:54:59,2026-08-18 09:09:59,5.98572,10,7.328,0.32858708,0.41107153,0.24623803,0.0,55.53905738,25.58139535,88.76404494,65.24319904,94.77178423,19.88698461,15.60283688,0.02617426,1,0.05364449,1.07586207,0.00412313,0.83146165,0.0144371,0.73171207,-0.23133484,-0.21360833,0.38356164,0.51855895,0.73684211
ACETRY,2026-08-18 09:24:59,2026-08-18 09:20:59,2026-08-18 09:37:59,7.54187,0,7.912,0.4443316,-0.42788825,1.57915008,7.12158137,75.83605625,65.83941606,87.3540856,88.18091097,98.77860041,76.21022914,37.10910354,1.84485592,0,0.29995971,2.75324675,0.01299112,0.83561495,0.10061722,1.89150045,0.36556014,0.23831088,0.50813008,1.30182002,1.0
ACETRY,2026-08-18 09:24:59,2026-08-18 09:20:59,2026-08-18 09:37:59,7.54187,1,7.877,-0.81843364,-0.42978132,2.04689727,6.15902965,74.24969628,67.72413793,82.96422487,91.06065651,110.82644023,76.07457601,43.09000709,1.87549199,0,0.36219125,2.3518711,0.01279494,0.82820415,0.0984901,1.17708605,0.29140447,0.14259193,-0.80594384,1.44725149,0.39473684
ACETRY,2026-08-18 09:24:59,2026-08-18 09:20:59,2026-08-18 09:37:59,7.54187,3,7.946,0.44242194,2.94079544,3.84213278,7.21899879,84.34416052,77.19054242,95.9933222,96.36303019,162.26088991,73.34814903,49.38931298,1.84601288,0,0.45379594,5.46854261,0.01177592,1.02806414,0.09159483,1.97874028,0.32220356,1.0,0.51865908,1.32141958,0.77142857
ACETRY,2026-08-18 09:24:59,2026-08-18 09:20:59,2026-08-18 09:37:59,7.54187,5,7.789,0.90685322,1.7903816,1.15584416,4.57841031,79.04251531,59.73377704,93.09576837,78.84187082,125.37731781,72.32778452,43.56699201,1.4353853,0,0.31523663,5.45626862,0.01033509,0.97923788,0.07353606,1.32426738,0.20633382,0.22685837,1.05085625,2.25959687,0.84659091
ACETRY,2026-08-18 09:24:59,2026-08-18 09:20:59,2026-08-18 09:37:59,7.54187,10,7.7,0.05197505,2.20334484,4.25128622,4.81894909,79.35640876,64.1025641,73.96963124,88.20922554,252.5739114,68.63173399,51.18434604,1.21117314,0,0.40710698,3.38345865,0.00900742,1.08497266,0.06358875,4.93499439,0.24674228,1.0,0.03897622,1.96103896,0.20529801
EDENTRY,2026-08-18 09:32:59,2026-08-18 09:35:59,2026-08-18 09:47:59,6.19869,0,2.407,-0.45492142,-1.19047619,-1.75510204,-1.71498571,31.48247861,-39.0625,7.36842105,4.48866068,-213.42134213,20.79428871,-25.0,-0.4734077,0,-0.30455832,-2.70816492,0.00581637,-0.091533,0.03423365,3.85792388,-0.01848464,-1.0,-0.37251656,0.74781886,0.38888889
EDENTRY,2026-08-18 09:32:59,2026-08-18 09:35:59,2026-08-18 09:47:59,6.19869,1,2.418,-0.53475936,-0.98280098,-2.14488062,-1.50712831,34.5211341,-24.8,6.09756098,3.1254165,-205.5584688,20.26319627,-19.2513369,-0.33601648,0,-0.25703159,-2.96950241,0.00552405,-0.08845463,0.02887776,0.92154191,0.10509292,-1.0,-0.49382716,0.70306038,0.29411765
EDENTRY,2026-08-18 09:32:59,2026-08-18 09:35:59,2026-08-18 09:47:59,6.19869,3,2.436,-0.24570025,-1.41643059,-1.45631068,-1.41643059,40.31659488,-13.79310345,3.27868852,7.26573568,-144.48287963,19.6973779,-7.26256983,-0.10385659,0,-0.17030952,-1.25658695,0.00524865,0.06936487,0.02405641,0.90972984,0.15877579,-0.9637969,-0.20483408,0.28735632,0.28571429
EDENTRY,2026-08-18 09:32:59,2026-08-18 09:35:59,2026-08-18 09:47:59,6.19869,5,2.45,-0.84985836,-0.88996764,-0.97008892,-0.72933549,45.3086005,-16.39344262,16.66666667,38.19444444,-49.31393789,18.57262515,-13.82978723,0.12823787,0,-0.05781425,0.04083299,0.00548105,0.28145043,0.02267183,2.5340103,0.2784042,-0.58484082,-0.72933549,1.14285714,0.32142857
EDENTRY,2026-08-18 09:32:59,2026-08-18 09:35:59,2026-08-18 09:47:59,6.19869,10,2.474,-0.7223114,0.28374544,1.02082483,0.85609458,55.89006329,22.66666667,65.57377049,85.6044974,102.60499734,17.92834337,15.42553191,0.33554389,0,0.09288073,0.24311183,0.00542788,0.74762089,0.02224014,0.08154565,0.15801609,0.95568851,-0.36246476,0.44462409,0.18181818
ALICETRY,2026-08-18 09:45:59,2026-08-18 09:46:59,2026-08-18 10:00:59,5.50162,0,6.16,-0.3236246,0.0,0.65359477,0.3257329,60.60954274,16.66666667,50.0,70.23809524,127.43823147,26.55172209,10.0,0.22865632,0,0.04454963,0.3257329,0.00231911,0.76609058,0.0110137,0.35311562,-0.14470177,0.63555717,-0.3236246,0.32467532,0.0
ALICETRY,2026-08-18 09:45:59,2026-08-18 09:46:59,2026-08-18 10:00:59,5.50162,1,6.18,0.0,0.48780488,0.98039216,0.6514658,72.25682715,40.0,75.0,80.23809524,270.77223851,31.37315066,26.31578947,0.23834013,0,0.05770597,0.6514658,0.00219602,1.09575577,0.01079755,4.09960478,-0.22575939,0.67106397,-0.32258065,0.3236246,0.0
ALICETRY,2026-08-18 09:45:59,2026-08-18 09:46:59,2026-08-18 10:00:59,5.50162,3,6.16,0.16260163,0.65359477,0.3257329,0.48939641,66.74689113,33.33333333,80.0,51.66666667,213.88888889,34.88788989,20.0,0.13477927,0,0.00275754,0.48939641,0.00173933,1.07076839,0.00728285,7.40849916,-0.07384463,0.89811933,0.16260163,0.32467532,0.5
ALICETRY,2026-08-18 09:45:59,2026-08-18 09:46:59,2026-08-18 10:00:59,5.50162,5,6.12,0.0,-0.3257329,-0.3257329,-0.16313214,48.91376474,-42.85714286,0.0,0.0,-99.25925926,37.17726718,-27.27272727,0.06195873,0,-0.05072292,-0.3257329,0.00128385,0.20850058,0.00615494,0.4354308,-0.26128653,-0.07353143,0.0,0.0,
ALICETRY,2026-08-18 09:45:59,2026-08-18 09:46:59,2026-08-18 10:00:59,5.50162,10,6.14,0.0,0.16313214,0.0,0.6557377,61.96627525,25.0,66.66666667,64.44444444,75.77337504,47.92818293,27.27272727,0.18143445,0,0.0098674,0.16313214,0.00127966,0.72765028,0.01327534,1.22178219,-0.33266251,-0.12258832,0.0,0.0,
ETHFITRY,2026-08-18 09:45:59,2026-08-18 09:53:59,2026-08-18 10:00:59,5.12821,0,23.35,-0.0855798,-0.29888984,-0.17101325,-0.25630073,42.55898943,-26.31578947,0.0,37.5,-196.6374269,15.70027096,-28.0,0.01747376,0,-0.03346732,-0.21367521,0.00076476,-0.14417313,0.00298598,0.02315043,0.32636575,0.04375796,0.0,0.0,
ETHFITRY,2026-08-18 09:45:59,2026-08-18 09:53:59,2026-08-18 10:00:59,5.12821,1,23.37,-0.21349274,-0.17086715,-0.17086715,-0.08550663,47.01706188,-22.22222222,25.0,66.66666667,-122.236671,18.184743,-20.0,0.04469289,0,-0.02027216,-0.0427716,0.00076411,0.02389171,0.00242381,1.78521466,0.32676341,0.02991641,-0.0427716,0.0427899,0.0
ETHFITRY,2026-08-18 09:45:59,2026-08-18 09:53:59,2026-08-18 10:00:59,5.12821,3,23.42,0.04271679,0.04271679,0.08547009,0.08547009,62.12372892,25.0,87.5,76.78571429,152.35322659,24.66360249,16.0,0.06670485,0,-0.00975593,0.12825994,0.00076247,0.96120503,0.00208506,1.38327648,0.33158189,0.92791597,-0.04268032,0.04269855,0.0
ETHFITRY,2026-08-18 09:45:59,2026-08-18 09:53:59,2026-08-18 10:00:59,5.12821,5,23.39,-0.08543358,-0.04273504,-0.04273504,0.0,54.99978786,-6.66666667,57.14285714,76.19047619,-41.2979351,33.84727596,-8.69565217,0.06277422,0,-0.01629194,-0.08543358,0.00070238,0.34710179,0.00195675,0.05413105,0.2791328,0.24540101,0.0,0.0,
ETHFITRY,2026-08-18 09:45:59,2026-08-18 09:53:59,2026-08-18 10:00:59,5.12821,10,23.4,0.0855432,0.04275331,-0.04271679,0.0,59.8250252,-6.66666667,55.55555556,29.62962963,45.45454545,51.08662465,8.33333333,0.07723357,0,-0.01915915,0.04275331,0.0007326,0.63582634,0.00440746,0.32000954,0.17496874,0.73349456,0.0,0.0,
EDENTRY,2026-08-18 10:02:59,2026-08-18 09:56:59,2026-08-18 10:12:59,7.01366,0,2.59,0.77821012,0.1934236,-1.33333333,5.80065359,64.28474984,47.82608696,77.19298246,75.29346012,57.08245243,61.20010538,29.77099237,1.35915859,0,0.07978722,1.171875,0.01083839,0.69938621,0.10952279,0.79065177,0.45298645,-0.21213945,0.58252427,0.61776062,0.9375
EDENTRY,2026-08-18 10:02:59,2026-08-18 09:56:59,2026-08-18 10:12:59,7.01366,1,2.57,-0.84876543,-0.96339114,-2.24419932,5.58751027,60.61064841,45.86466165,67.75956284,75.59895021,53.24074074,59.03241007,33.07291667,1.44291255,0,0.14339688,0.90302316,0.0106726,0.65139052,0.11519204,0.67910229,0.44195899,-0.54806341,-0.92521203,1.12840467,0.17241379
EDENTRY,2026-08-18 10:02:59,2026-08-18 09:56:59,2026-08-18 10:12:59,7.01366,3,2.585,-0.38535645,-1.67364017,0.23264831,6.16016427,66.56738802,60.9375,78.10945274,86.52428912,75.78374173,56.82792133,43.3427762,1.73821816,0,0.39572789,3.60721443,0.00975408,0.74532443,0.12330566,1.2784411,0.41550146,0.00635156,-0.07730963,0.61895551,0.3125
EDENTRY,2026-08-18 10:02:59,2026-08-18 09:56:59,2026-08-18 10:12:59,7.01366,5,2.625,-0.15214911,1.78363707,2.5390625,8.65066225,81.22645053,85.84070796,98.04878049,98.31332407,133.32662845,55.86051364,58.30721003,1.95061696,0,0.66187463,7.23039216,0.00868027,0.93742245,0.12061161,1.73618018,0.53319287,0.1860462,0.11441648,0.53333333,0.78571429
EDENTRY,2026-08-18 10:02:59,2026-08-18 09:56:59,2026-08-18 10:12:59,7.01366,10,2.56,0.5104044,2.60521042,4.5751634,4.83210483,77.32055209,63.91752577,100.0,95.98997494,220.43820037,41.12637397,41.43426295,1.01059221,0,0.55812987,5.9602649,0.00700335,1.11675602,0.06704251,2.21527094,0.2950715,1.0,0.39215686,0.5859375,1.0
HEITRY,2026-08-18 10:05:59,2026-08-18 10:06:59,2026-08-18 10:20:59,5.41024,0,6.17,0.24370431,0.27628799,0.83346952,0.99852676,68.23439865,45.18518519,92.78350515,94.26116838,172.31842232,32.11928452,32.03883495,0.2304228,0,0.11793921,1.23051682,0.00238481,1.03505268,0.01583916,7.52171594,0.27244635,0.87885577,0.2274204,0.48622366,0.76666667
HEITRY,2026-08-18 10:05:59,2026-08-18 10:06:59,2026-08-18 10:20:59,5.41024,1,6.155,-0.03248335,0.11385817,0.91818331,0.63767168,64.32727409,38.33333333,93.75,94.93506494,168.84793913,28.95051701,26.70454545,0.18209009,0,0.10442617,0.7529874,0.00204247,0.96386245,0.01383569,0.65775713,0.18141509,0.78576387,-0.03248335,0.09748172,0.5
HEITRY,2026-08-18 10:05:59,2026-08-18 10:06:59,2026-08-18 10:20:59,5.41024,3,6.153,0.08132726,0.88539105,0.96816541,0.55564635,64.29667247,27.41935484,94.80519481,98.26839827,220.96049207,24.51500489,20.11494253,0.0917077,0,0.07625831,1.01789526,0.00201992,1.1315998,0.01090774,0.82339892,-0.10130404,0.90974488,0.21172638,0.29254022,0.77777778
HEITRY,2026-08-18 10:05:59,2026-08-18 10:06:59,2026-08-18 10:20:59,5.41024,5,6.119,0.32792261,0.41023958,0.39376538,-0.04900359,54.27596633,4.25531915,100.0,60.86956522,-3.01659125,21.91463637,-2.29007634,-0.06190095,0,-0.0074027,0.16369291,0.00152919,0.59780076,0.01221289,2.17582435,-0.1346916,0.65255964,0.32792261,0.35953587,1.0
HEITRY,2026-08-18 10:05:59,2026-08-18 10:06:59,2026-08-18 10:20:59,5.41024,10,6.095,-0.22917008,0.06567066,-0.22917008,-1.00698392,44.02690654,-42.5,17.44186047,22.48062016,-102.94749506,16.42660034,-37.25490196,-0.09774103,0,-0.06344761,-0.44103234,0.00239072,0.22462638,0.0128831,0.83422689,-0.14121574,-0.38807569,-0.16380016,0.22969647,0.28571429
ACETRY,2026-08-18 10:09:59,2026-08-18 10:10:59,2026-08-18 10:20:59,5.30465,0,8.946,0.75458948,-0.11165699,-3.01387684,-5.43340381,44.45076941,-61.13989637,19.34566145,12.85321175,-137.5469134,51.58874846,-26.24050067,-0.32060266,0,-0.99022249,-4.81966167,0.01786114,0.11628189,0.08354862,1.10387573,0.22092162,-0.58380951,0.65256526,1.86675609,0.81437126
ACETRY,2026-08-18 10:09:59,2026-08-18 10:10:59,2026-08-18 10:20:59,5.30465,1,8.879,-0.2919708,-2.70655271,-3.48913043,-4.61918573,40.43953698,-77.77777778,7.7147016,7.6157306,-148.00884084,50.73502689,-22.06803939,-0.15834703,0,-1.04071312,-5.34115139,0.01797178,0.01528911,0.081729,0.70961799,0.22723458,-0.75064571,-0.20231539,0.63070166,0.08928571
ACETRY,2026-08-18 10:09:59,2026-08-18 10:10:59,2026-08-18 10:20:59,5.30465,3,8.956,-1.86280956,-2.65217391,-4.81453927,-2.84226513,43.64361778,-44.2193087,3.63321799,18.70262707,-84.7665287,51.04214183,-10.95591445,0.59108645,0,-0.82675323,-5.1873809,0.01827187,0.12267418,0.08272157,1.55880422,0.26974791,-0.75020781,-2.10952017,3.11523001,0.07526882
ACETRY,2026-08-18 10:09:59,2026-08-18 10:10:59,2026-08-18 10:20:59,5.30465,5,9.224,0.26086957,-1.96620257,-1.8619002,2.43198223,57.65849527,20.51886792,41.85110664,53.3852248,19.94802085,55.72729376,11.33879781,1.39935233,0,-0.48166004,-2.49471459,0.01700533,0.50578402,0.09939774,0.64319529,0.43550132,-0.25135704,0.26086957,2.03816132,0.19680851
ACETRY,2026-08-18 10:09:59,2026-08-18 10:10:59,2026-08-18 10:20:59,5.30465,10,9.399,0.20255864,-0.49756511,-0.6448203,9.64769015,71.24877243,56.52173913,88.48101266,89.50986455,75.25794221,46.63457105,32.2454944,2.50774643,0,0.05991305,4.37534703,0.01560196,0.77778297,0.1303557,1.13080585,0.51246775,-0.01170677,0.21324235,1.70230876,0.93125
ACETRY,2026-08-18 10:56:59,2026-08-18 10:56:59,2026-08-18 11:11:59,5.04984,0,9.129,-0.82563824,-1.48915507,-1.60594956,-1.4997842,38.62482266,-11.47540984,16.44295302,33.73887186,-245.0525152,10.79540346,-10.88709677,-0.26564026,0,-0.20803077,-1.57412399,0.01164265,-0.11404847,0.02649018,1.50734998,-0.18655261,-0.48609392,-0.64214192,1.20495125,0.44545455
ACETRY,2026-08-18 10:56:59,2026-08-18 10:56:59,2026-08-18 11:11:59,5.04984,1,9.205,-0.71189731,-0.80818966,-1.39260846,-1.1702813,43.85024731,-11.47540984,28.80658436,42.49736972,-122.93460925,9.25263571,-8.66353257,-0.11047013,0,-0.13195325,-1.28686327,0.01155428,0.08840016,0.02194434,1.21993476,-0.21310033,-0.50470364,-0.70118662,1.14068441,0.19047619
ACETRY,2026-08-18 10:56:59,2026-08-18 10:56:59,2026-08-18 11:11:59,5.04984,3,9.267,-0.14008621,-0.72844135,0.11884183,-1.13090793,48.86746544,-13.71841155,42.7184466,45.30744337,-73.31673002,6.90918049,-4.85436893,0.00351688,0,-0.08568476,0.6954254,0.01190862,0.3338555,0.0247088,0.73201649,-0.10243992,-0.36411388,-0.06470398,1.26254451,0.55555556
ACETRY,2026-08-18 10:56:59,2026-08-18 10:56:59,2026-08-18 11:11:59,5.04984,5,9.278,-0.61060525,0.23768366,0.03234501,-0.32230339,49.75918338,-14.28571429,46.27831715,61.27292341,-18.00219539,9.07660727,1.68067227,0.06601609,0,-0.06555973,0.10789814,0.01190989,0.35049296,0.02517297,1.55574839,-0.05359413,-0.56006894,-0.68507814,0.90536754,0.0952381
ACETRY,2026-08-18 10:56:59,2026-08-18 10:56:59,2026-08-18 11:11:59,5.04984,10,9.275,-0.53619303,0.78235358,0.0755287,-1.01387407,50.16782991,-7.2808321,45.30744337,53.39805825,-10.04829413,12.19720133,-1.12893642,0.02865694,0,-0.16619139,-0.35453373,0.01296111,0.34815503,0.02789263,1.12296488,0.06423691,0.09798569,-0.32240731,1.28301887,0.13445378
INITTRY,2026-08-18 11:22:59,2026-08-18 11:22:59,2026-08-18 11:37:59,10.54852,0,2.37,-0.42016807,-0.42016807,-0.42016807,0.85106383,61.69280385,50.0,66.66666667,88.88888889,53.0204259,53.57142857,50.0,0.29989794,0,0.11142777,0.85106383,0.00120555,0.68136906,0.02336279,0.37762056,0.97401672,-1.0,0.0,0.0,
INITTRY,2026-08-18 11:22:59,2026-08-18 11:22:59,2026-08-18 11:37:59,10.54852,1,2.38,0.0,0.0,0.0,1.27659574,90.48548231,100.0,100.0,100.0,114.10601977,57.14285714,100.0,0.34096471,0,0.15540366,1.27659574,0.00090036,0.88188131,0.02331111,0.0,0.99337508,,0.0,0.0,
INITTRY,2026-08-18 11:22:59,2026-08-18 11:22:59,2026-08-18 11:37:59,10.54852,3,2.38,0.0,0.0,1.27659574,1.27659574,90.48548245,100.0,100.0,100.0,172.61904762,57.14285714,100.0,0.29619954,0,0.17539178,1.27659574,0.00090036,1.0,0.02037351,0.0,0.94300165,1.0,0.0,0.0,
INITTRY,2026-08-18 11:22:59,2026-08-18 11:22:59,2026-08-18 11:37:59,10.54852,5,2.38,0.0,1.27659574,1.27659574,1.27659574,90.48548257,100.0,100.0,83.33333333,355.11982571,57.14285714,100.0,0.17596647,0,0.14891187,1.27659574,0.00090036,1.25,0.01529962,0.0,0.94300165,1.0,0.0,0.0,
INITTRY,2026-08-18 11:22:59,2026-08-18 11:22:59,2026-08-18 11:37:59,10.54852,10,2.35,0.0,0.0,0.0,0.0,7.12627307,0.0,50.0,50.0,-39.21568627,78.57142857,0,-0.09425247,0,0.0182555,0.0,,0.39497899,0.00607393,0.0,0.0,,0.0,0.0,
HEMITRY,2026-08-18 11:23:59,2026-08-18 11:28:59,2026-08-18 11:38:59,5.98635,0,0.3212,0.0623053,-0.21745884,-0.37220844,-0.6495515,40.60223269,-36.98630137,24.13793103,21.9348659,-109.81308411,26.1558666,-22.12389381,-0.19824187,0,-0.02069084,-0.34129693,0.0025129,0.19739503,0.01076763,0.29741258,-0.18106188,-0.36926804,0.0,0.15566625,0.8
HEMITRY,2026-08-18 11:23:59,2026-08-18 11:28:59,2026-08-18 11:38:59,5.98635,1,0.321,-0.155521,-0.21759403,-0.52680508,-0.46511628,38.99204738,-29.87012987,13.88888889,26.85185185,-119.1626409,24.03886595,-13.79310345,-0.19665077,0,-0.0223326,-0.52680508,0.00258122,0.11442284,0.01110196,0.22651931,-0.10179547,-0.59901523,-0.155521,0.15576324,0.0
HEMITRY,2026-08-18 11:23:59,2026-08-18 11:28:59,2026-08-18 11:38:59,5.98635,3,0.3219,0.06216972,-0.24790827,0.31162356,-0.37140204,43.79548486,-3.79746835,38.88888889,41.66666667,-78.88669302,27.28865426,-0.83333333,-0.1765194,0,-0.01308988,-0.24790827,0.00266276,0.2966598,0.01044295,0.55732716,-0.19849107,-0.06045601,0.06216972,0.0621311,1.0
HEMITRY,2026-08-18 11:23:59,2026-08-18 11:28:59,2026-08-18 11:38:59,5.98635,5,0.3224,-0.0929656,0.46743534,0.03102699,-0.43236566,46.13790918,-16.27906977,52.77777778,45.37037037,-34.28005693,28.49848992,-6.81818182,-0.18415235,0,-0.02210912,-0.27837921,0.00292449,0.38131331,0.01460956,0.53536585,-0.15071379,-0.50903342,-0.0929656,0.12406948,0.0
HEMITRY,2026-08-18 11:23:59,2026-08-18 11:28:59,2026-08-18 11:38:59,5.98635,10,0.3223,-0.12395414,-0.12395414,-0.30931024,-0.80024623,41.48630624,-43.20987654,14.63414634,19.60673095,-93.18996416,26.46048704,-22.13740458,-0.16515689,0,-0.05253819,-0.46324892,0.00290324,0.16681802,0.01311934,1.51265058,-0.14261879,-0.55277089,-0.24760136,0.27924294,0.11111111
GIGGLETRY,2026-08-18 11:24:59,2026-08-18 11:35:59,2026-08-18 11:39:59,8.41121,0,1596.0,-0.12515645,-0.06261741,-0.12515645,-0.18761726,51.61493908,-4.0,9.09090909,13.4006734,-91.64922075,41.10089208,-15.38461538,0.09924904,0,-0.06931434,-0.31230481,0.00174544,0.26184828,0.00814015,0.23310387,-0.19820254,-0.34033002,0.06269592,0.06265664,1.0
GIGGLETRY,2026-08-18 11:24:59,2026-08-18 11:35:59,2026-08-18 11:39:59,8.41121,1,1598.0,0.0,-0.06253909,-0.18738289,-0.24968789,55.45770983,-4.0,20.0,10.37037037,-24.07407407,43.68025715,-13.15789474,0.12886822,0,-0.06027443,-0.43613707,0.00169855,0.46905812,0.01111962,0.64590979,-0.21168927,-0.48344884,0.06261741,0.12515645,1.0
GIGGLETRY,2026-08-18 11:24:59,2026-08-18 11:35:59,2026-08-18 11:39:59,8.41121,3,1597.0,-0.12507817,-0.24984385,-0.12507817,-0.24984385,53.98060762,3.03030303,0.0,27.64705882,7.61904762,49.9037969,-2.08333333,0.16966747,0,-0.05188066,-0.31210986,0.00214688,0.48969543,0.01518928,1.2852401,-0.26711746,-0.52954487,-0.12507817,0.12523482,0.0
GIGGLETRY,2026-08-18 11:24:59,2026-08-18 11:35:59,2026-08-18 11:39:59,8.41121,5,1598.0,-0.18738289,-0.06253909,-0.18738289,0.82018927,56.18829707,19.14893617,52.94117647,68.04388422,37.7293181,58.04776639,21.875,0.23005564,0,-0.02583493,-0.06253909,0.00286072,0.57437532,0.01811413,1.09261406,-0.21774893,-0.65993324,-0.24968789,0.25031289,0.0
GIGGLETRY,2026-08-18 11:24:59,2026-08-18 11:35:59,2026-08-18 11:39:59,8.41121,10,1601.0,-0.24922118,-0.06242197,0.12507817,1.13708149,62.7373853,33.33333333,79.16666667,87.31884058,74.9812887,49.79291383,35.82089552,0.35521801,0,0.06099701,1.00946372,0.0029892,0.777597,0.02184474,0.49528037,-0.00481861,0.01512623,0.12507817,0.24984385,0.75
REDTRY,2026-08-18 11:41:59,2026-08-18 11:47:59,2026-08-18 11:56:59,7.26496,0,4.64,-0.64239829,-1.69491525,-1.06609808,-3.33333333,37.54228383,-58.62068966,5.26315789,5.67595459,-134.30919363,25.64471459,-40.0,-0.35476978,0,-0.25877703,-2.31578947,0.00769704,0.0625313,0.04373152,0.7127716,0.03628008,0.04577088,-0.42918455,0.64655172,0.33333333
REDTRY,2026-08-18 11:41:59,2026-08-18 11:47:59,2026-08-18 11:56:59,7.26496,1,4.67,0.0,-1.05932203,-0.21367521,-3.1120332,41.96416915,-48.14814815,5.88235294,14.44788442,-102.37709346,25.27841422,-34.69387755,-0.23641423,0,-0.21699477,-1.26849894,0.00749465,0.16918108,0.04055095,0.51022695,0.05135862,0.50328441,0.21459227,0.42826552,0.5
REDTRY,2026-08-18 11:41:59,2026-08-18 11:47:59,2026-08-18 11:56:59,7.26496,3,4.72,0.0,0.85470085,0.21231423,0.42553191,50.5144838,-30.76923077,31.57894737,26.31578947,-28.18828681,26.27556522,-19.23076923,-0.06010434,0,-0.16127916,-1.46137787,0.00786925,0.41884181,0.03903363,0.39060102,0.05479017,0.24868094,0.0,0.21186441,1.0
REDTRY,2026-08-18 11:41:59,2026-08-18 11:47:59,2026-08-18 11:56:59,7.26496,5,4.69,0.21367521,-0.42462845,-1.26315789,-0.21276596,44.68352661,-8.57142857,15.78947368,10.81871345,-78.31014941,32.60415726,-6.4516129,-0.0939013,0,-0.24384417,-2.29166667,0.00944258,0.29072915,0.04141161,0.57086834,-0.03711853,-0.7472513,0.0,0.63965885,1.0
REDTRY,2026-08-18 11:41:59,2026-08-18 11:47:59,2026-08-18 11:56:59,7.26496,10,4.75,0.42283298,-0.83507307,-1.04166667,1.4957265,54.2651746,22.58064516,44.44444444,46.2962963,33.99904898,43.09404553,9.25925926,0.52204927,0,0.03718928,1.06382979,0.0081203,0.60883985,0.04470482,0.82646733,-0.00951611,0.01076932,0.0,0.84210526,0.5
HEMITRY,2026-08-18 11:56:59,2026-08-18 11:56:59,2026-08-18 12:10:59,5.716,0,0.3324,-0.74649149,-2.52199413,-1.80206795,-5.2991453,42.92493557,-60.81871345,5.06912442,8.13157677,-135.10268562,40.07462576,-36.65086888,0.10104085,0,-0.51620485,-1.88902007,0.01360237,0.05386539,0.06205833,0.81710829,0.03903986,-0.59872893,-0.68718255,1.02286402,0.32352941
HEMITRY,2026-08-18 11:56:59,2026-08-18 11:56:59,2026-08-18 12:10:59,5.716,1,0.3349,-1.15112161,-1.20943953,-1.18028917,-3.95755664,46.70820267,-47.49262537,5.47945205,14.81793701,-78.7763624,42.32106193,-24.9614792,0.35291357,0,-0.42235554,-2.67364138,0.01384209,0.22444252,0.07055281,0.54037514,0.05867889,-0.49721657,-1.09273479,1.46312332,0.24489796
HEMITRY,2026-08-18 11:56:59,2026-08-18 11:56:59,2026-08-18 12:10:59,5.716,3,0.341,0.5899705,0.61965181,-0.58309038,0.08805401,57.99008935,-10.85043988,25.12820513,22.71708683,-0.25450844,50.33398661,-9.55882353,0.70338822,0,-0.30098467,-1.67243368,0.01424382,0.52487208,0.09454608,0.21030313,0.09503043,-0.47272513,0.64935065,1.26099707,0.90697674
HEMITRY,2026-08-18 11:56:59,2026-08-18 11:56:59,2026-08-18 12:10:59,5.716,5,0.3385,-0.11802892,-1.31195335,-0.08854782,3.86621663,54.01916283,10.8490566,28.1512605,43.34120609,-1.33815068,62.0006502,6.99481865,0.90609127,0,-0.27133198,-3.56125356,0.01629036,0.50370101,0.11579098,0.43683398,0.09520406,-0.13338864,0.20722321,0.85672083,0.82758621
HEMITRY,2026-08-18 11:56:59,2026-08-18 11:56:59,2026-08-18 12:10:59,5.716,10,0.3388,-1.54024993,-2.30680507,-3.47578348,5.38102644,57.36613362,37.52711497,51.1627907,62.79069767,40.22115796,64.11907551,27.00135685,1.78820344,0,0.22709796,3.95826941,0.01553803,0.61117699,0.14335474,1.84436508,0.07499969,-0.50862063,-1.36826783,2.24321133,0.23684211
EDENTRY,2026-08-18 13:08:59,2026-08-18 13:08:59,2026-08-18 13:23:59,5.11919,0,2.559,0.39231071,0.31360251,0.47114252,0.15655577,49.6059322,1.93548387,31.42857143,25.71428571,-15.93252109,22.48390612,-1.69491525,-0.07146994,0,-0.04508948,-1.12055641,0.00658739,0.48399539,0.02928615,0.16219983,0.37545359,-0.05357058,0.51060487,0.54708871,0.92857143
EDENTRY,2026-08-18 13:08:59,2026-08-18 13:08:59,2026-08-18 13:23:59,5.11919,1,2.549,-0.31286664,0.03924647,-0.31286664,-0.23483366,45.68135188,-4.10958904,17.14285714,21.9047619,-22.3282029,23.80111042,-3.41880342,-0.0865266,0,-0.0631612,-1.35448916,0.00655719,0.39046463,0.03265433,0.90800545,0.40433259,-0.35059944,-0.19577134,0.43154178,0.18181818
EDENTRY,2026-08-18 13:08:59,2026-08-18 13:08:59,2026-08-18 13:23:59,5.11919,3,2.551,0.1177394,-0.23464998,-1.96003075,0.1177394,46.18505821,-5.18518519,20.0,16.7611336,-24.67733283,23.73055816,-5.83333333,-0.03707861,0,-0.04814398,0.0,0.00672005,0.4665366,0.03860753,0.2027098,0.15657954,-0.70149207,0.39354585,0.54880439,1.0
EDENTRY,2026-08-18 13:08:59,2026-08-18 13:08:59,2026-08-18 13:23:59,5.11919,5,2.547,-0.3910833,-2.11375865,-1.58423493,1.1517077,44.68254453,11.25,21.05263158,41.38180503,-17.09856822,23.51649857,7.87401575,0.0963381,0,0.02980081,-0.31311155,0.00712323,0.43871224,0.04025918,0.34123285,0.08204201,-0.45759085,-0.35211268,0.54966627,0.35714286
EDENTRY,2026-08-18 13:08:59,2026-08-18 13:08:59,2026-08-18 13:23:59,5.11919,10,2.588,0.15479876,1.4504116,1.29158513,0.11605416,60.53188883,20.0,95.12195122,75.6097561,121.5651135,21.08246101,14.28571429,0.14310745,0,0.20305086,2.77998411,0.00618238,0.85651754,0.03722896,1.37858002,0.02519685,0.19970737,0.15479876,0.38639876,0.6
GPSTRY,2026-08-18 13:39:59,2026-08-18 13:41:59,2026-08-18 13:54:59,5.85424,0,0.836,-0.11947431,0.0,-0.11947431,0.48076923,57.42794569,11.11111111,60.0,75.23809524,33.52569387,38.21957491,-6.66666667,0.23246347,0,-0.00098577,0.11976048,0.00256323,0.64433757,0.01245333,0.36837044,0.4469858,-0.24696664,0.0,0.23923445,1.0
GPSTRY,2026-08-18 13:39:59,2026-08-18 13:41:59,2026-08-18 13:54:59,5.85424,1,0.837,0.0,0.23952096,0.11961722,0.84337349,60.49744253,26.31578947,80.0,80.23809524,83.60691617,39.46957491,6.89655172,0.25583598,0,0.01379245,0.48019208,0.00247483,0.73717082,0.0151668,0.59847861,0.45842306,0.24235713,0.0,0.23894863,0.5
GPSTRY,2026-08-18 13:39:59,2026-08-18 13:41:59,2026-08-18 13:54:59,5.85424,3,0.836,0.11976048,0.0,0.0,0.60168472,58.58894807,18.18181818,75.0,76.85185185,60.2372035,42.28523148,6.25,0.267696,0,0.02531242,0.11976048,0.00273411,0.6916785,0.02161899,0.09928707,0.38058972,0.21601818,0.11976048,0.11961722,1.0
GPSTRY,2026-08-18 13:39:59,2026-08-18 13:41:59,2026-08-18 13:54:59,5.85424,5,0.837,0.11961722,0.11961722,0.23952096,1.33171913,62.05706443,39.13043478,88.88888889,91.16809117,86.95652174,44.58114984,27.02702703,0.31860993,0,0.0678997,0.60096154,0.00315754,0.77947731,0.02388418,0.53326568,0.36127176,0.40262487,0.11961722,0.11947431,1.0
GPSTRY,2026-08-18 13:39:59,2026-08-18 13:41:59,2026-08-18 13:54:59,5.85424,10,0.835,0.24009604,0.0,0.36057692,0.96735187,61.10803457,38.46153846,93.33333333,91.11111111,104.2244835,28.1380399,24.3902439,0.2865887,0,0.11397932,1.08958838,0.00350727,0.85856858,0.0201848,0.76928262,0.35197624,0.7900339,0.11990408,0.35928144,0.66666667
EDENTRY,2026-08-18 13:44:59,2026-08-18 13:44:59,2026-08-18 13:59:59,5.52147,0,2.608,-0.3058104,0.19208605,-0.26768642,-1.09973455,48.18864174,-30.43478261,13.79310345,14.36781609,-96.76296554,41.79700687,-3.04568528,-0.06416423,0,-0.18903979,-1.21212121,0.00539549,0.2079847,0.02301984,0.59288715,-0.08619115,-0.49304566,0.26912726,0.26840491,1.0
EDENTRY,2026-08-18 13:44:59,2026-08-18 13:44:59,2026-08-18 13:59:59,5.52147,1,2.616,0.57670127,0.42226488,-0.41872859,-0.72106262,51.33620377,-14.68531469,27.5862069,11.49425287,-76.01626016,48.13177179,3.07692308,-0.04094165,0,-0.20205327,-0.72106262,0.00532438,0.31367494,0.02226956,1.01075303,-0.2164913,-0.4809834,0.46082949,0.68807339,0.77777778
EDENTRY,2026-08-18 13:44:59,2026-08-18 13:44:59,2026-08-18 13:59:59,5.52147,3,2.603,-0.07677543,-0.91358965,-0.15343306,-1.28934395,45.81984276,-25.0,5.17241379,10.20898642,-152.27608433,60.10130405,-4.86486486,0.01566961,0,-0.23505222,-1.25189681,0.00507656,0.01409885,0.02143783,0.62374445,-0.13378351,-0.56006748,0.11538462,0.23050327,0.5
EDENTRY,2026-08-18 13:44:59,2026-08-18 13:44:59,2026-08-18 13:59:59,5.52147,5,2.615,-0.45679482,0.30686613,-0.9469697,-0.68363084,50.05369689,-13.82113821,21.81818182,20.2995472,-79.4309425,71.76050988,-1.52284264,0.20041609,0,-0.1804458,-0.83428138,0.00538104,0.27270382,0.02426066,0.30279225,-0.03226589,-0.10714133,0.19157088,0.19120459,1.0
EDENTRY,2026-08-18 13:44:59,2026-08-18 13:44:59,2026-08-18 13:59:59,5.52147,10,2.64,0.18975332,0.15174507,0.11376564,2.16718266,64.00793729,38.0952381,50.0,48.58906526,50.56179775,90.91201028,46.07843137,0.60426892,0,-0.01191183,0.26585644,0.00827922,0.69606475,0.04187804,0.27459794,0.04604444,0.13560772,0.18975332,0.22727273,0.83333333
ACETRY,2026-08-18 14:17:59,2026-08-18 14:18:59,2026-08-18 14:32:59,5.24855,0,8.667,0.19653179,0.08083141,-0.2187428,-0.37931034,44.68570859,0.0,37.93103448,34.86590038,-54.3584604,13.05568962,-4.60947503,-0.27158327,0,0.07226921,-0.66475645,0.00643657,0.3759472,0.01364916,0.51907149,0.00943555,0.26444436,0.12707948,0.56536287,0.63265306
ACETRY,2026-08-18 14:17:59,2026-08-18 14:18:59,2026-08-18 14:32:59,5.24855,1,8.65,-0.20766036,0.37131585,-0.42592379,-0.84823475,42.35389033,-13.15789474,28.16091954,33.52490421,-74.61069736,13.53962303,-8.03571429,-0.29865891,0,0.06434757,-0.81412682,0.00647399,0.21855198,0.01399259,0.57211479,-0.0269998,-0.0110571,-0.29967727,0.39306358,0.17647059
ACETRY,2026-08-18 14:17:59,2026-08-18 14:18:59,2026-08-18 14:32:59,5.24855,3,8.66,0.48735205,-0.31080926,-0.36815462,0.34762457,43.17114604,-13.91752577,33.90804598,30.05846651,-110.52266988,10.99128288,-4.61725395,-0.32322866,0,0.06701422,-0.52837124,0.00678819,0.29315337,0.01544213,0.88342403,0.00591943,-0.13036376,0.60408922,0.86605081,0.78666667
ACETRY,2026-08-18 14:17:59,2026-08-18 14:18:59,2026-08-18 14:32:59,5.24855,5,8.686,-0.01151145,-0.06902899,-0.4469914,-0.35562694,44.09012934,0.96618357,50.27932961,43.76163873,-40.86021505,12.29338949,-5.51724138,-0.26942295,0,0.12241739,-0.16091954,0.00715437,0.44887556,0.01327727,0.40637574,0.07427088,-0.53970709,0.14989046,0.5526134,0.79166667
ACETRY,2026-08-18 14:17:59,2026-08-18 14:18:59,2026-08-18 14:32:59,5.24855,10,8.725,0.0458663,0.21824029,0.28735632,1.00717759,46.57764709,7.99220273,74.13793103,65.90038314,99.67532468,21.84338236,1.51187905,-0.31027066,0,0.2088156,0.09177469,0.00758084,0.77923186,0.01407225,0.50145314,-0.07228411,0.31894984,0.11474469,0.45845272,0.625
HEMITRY,2026-08-18 14:19:59,2026-08-18 14:20:59,2026-08-18 14:34:59,5.34472,0,0.3159,-0.09487666,-0.28409091,-0.22109918,-0.06327112,49.78229224,-4.0,44.44444444,55.55555556,-18.21386604,9.54496902,1.85185185,0.07925488,0,0.03211357,0.41322314,0.002442,0.4949721,0.00944353,1.31720232,0.08660617,-0.21790276,0.0,0.12662235,1.0
HEMITRY,2026-08-18 14:19:59,2026-08-18 14:20:59,2026-08-18 14:34:59,5.34472,1,0.3162,-0.18939394,-0.22088987,0.09496676,0.31725888,51.71540255,1.36986301,52.77777778,63.88888889,50.97806758,10.47437587,7.54716981,0.10041414,0,0.05075682,0.15837821,0.00239451,0.59019262,0.0094755,1.07265242,0.04069964,0.31033698,-0.18939394,0.22137887,0.14285714
HEMITRY,2026-08-18 14:19:59,2026-08-18 14:20:59,2026-08-18 14:34:59,5.34472,3,0.3168,-0.0315557,0.28490028,0.57142857,0.0,55.73472605,10.84337349,69.44444444,73.65900383,127.94612795,11.08456309,6.72268908,0.09845418,0,0.06642726,0.57142857,0.00268308,0.83532899,0.00930106,0.18915405,0.12532243,0.86531344,-0.09460738,0.12626263,0.0
HEMITRY,2026-08-18 14:19:59,2026-08-18 14:20:59,2026-08-18 14:34:59,5.34472,5,0.3166,0.22158911,0.50793651,0.63572791,0.12650221,54.94665462,0.0,79.31034483,67.81609195,90.49313676,9.35296136,0.78740157,0.03914162,0,0.04520407,0.15817779,0.00286526,0.80915169,0.01132917,0.53952872,-0.06879386,0.64150605,0.22158911,0.22109918,1.0
HEMITRY,2026-08-18 14:19:59,2026-08-18 14:20:59,2026-08-18 14:34:59,5.34472,10,0.3146,-0.34843206,-0.12698413,-0.47453338,-0.34843206,44.40343059,11.11111111,36.58536585,52.03252033,-49.49687245,8.83704875,4.13793103,-0.0265792,0,0.00631697,-0.50600886,0.00329216,0.25473275,0.01059949,0.68576836,-0.15372752,-0.21885292,-0.28526149,0.31786395,0.0
GPSTRY,2026-08-18 14:40:59,2026-08-18 14:39:59,2026-08-18 14:54:59,5.24434,0,0.842,0.23809524,0.35756853,0.11890606,0.0,53.45303867,3.22580645,90.0,70.0,32.16374269,17.9141937,-6.52173913,-0.00535683,0,0.04364909,0.47732697,0.00390227,0.70554465,0.01274502,1.12639687,-0.00931452,0.57301126,0.23809524,0.47505938,1.0
GPSTRY,2026-08-18 14:40:59,2026-08-18 14:39:59,2026-08-18 14:54:59,5.24434,1,0.84,0.23866348,-0.23752969,0.4784689,-0.11890606,50.54237107,-6.66666667,70.0,60.0,-8.36820084,17.9141937,-13.33333333,-0.04832616,0,0.02192872,0.35842294,0.00382653,0.53768892,0.01264078,1.01645136,-0.03343348,0.70150001,0.23866348,0.47619048,0.75
GPSTRY,2026-08-18 14:40:59,2026-08-18 14:39:59,2026-08-18 14:54:59,5.24434,3,0.839,-0.35629454,0.35885167,0.59952038,-0.35629454,48.89292259,-3.44827586,60.0,70.51282051,18.5882944,15.54156632,-15.90909091,-0.06338949,0,0.01776963,-0.35629454,0.00374596,0.47382482,0.01365571,0.45301163,-0.12440896,0.89972279,-0.35629454,0.35756853,0.0
GPSTRY,2026-08-18 14:40:59,2026-08-18 14:39:59,2026-08-18 14:54:59,5.24434,5,0.841,0.59808612,0.83932854,0.35799523,0.35799523,51.93450951,-10.34482759,61.53846154,33.33333333,35.11450382,13.76378855,-11.11111111,-0.13087454,0,-0.02141668,-0.11876485,0.00382198,0.66301958,0.01388993,2.57488364,-0.1053516,0.69477619,0.47789725,0.71343639,0.66666667
GPSTRY,2026-08-18 14:40:59,2026-08-18 14:39:59,2026-08-18 14:54:59,5.24434,10,0.838,0.11947431,-0.47505938,-0.47505938,-0.11918951,46.06935078,-9.09090909,27.27272727,39.39393939,-88.57067091,20.50009973,-8.69565217,-0.07736737,0,-0.02142773,0.0,0.0039209,0.29712433,0.01319909,0.50180874,-0.25357229,-0.06188267,0.0,0.11933174,1.0
ACETRY,2026-08-18 15:00:59,2026-08-18 15:00:59,2026-08-18 15:15:59,5.00546,0,9.15,0.0218627,0.1751697,0.36196117,1.36257893,62.10266127,24.94481236,83.52941176,80.55147059,94.18798051,37.76174912,23.49726776,0.43993158,0,-0.02428419,0.12036328,0.00571429,0.82011368,0.02451628,2.69452954,-0.1478611,0.07103162,0.0218627,0.68852459,0.55555556
ACETRY,2026-08-18 15:00:59,2026-08-18 15:00:59,2026-08-18 15:15:59,5.00546,1,9.148,0.29602017,0.63806381,-0.04370629,1.38534855,61.90829644,26.2472885,87.5,78.95833333,95.23809524,35.74612806,20.54208274,0.44010366,0,-0.02815618,1.34042317,0.00547348,0.83796604,0.02350566,0.59787694,-0.14396525,-0.52596596,0.24106947,0.26235243,0.91666667
ACETRY,2026-08-18 15:00:59,2026-08-18 15:00:59,2026-08-18 15:15:59,5.00546,3,9.134,0.4840484,-0.19667832,0.16449172,1.53401512,61.17013876,26.97674419,78.75,68.7593633,100.89985806,31.77285936,22.64416315,0.45576063,0,-0.02850549,1.28631626,0.00556007,0.83237389,0.02193147,0.74999118,-0.22576755,-0.33384706,0.2524421,0.41602803,0.60526316
ACETRY,2026-08-18 15:00:59,2026-08-18 15:00:59,2026-08-18 15:15:59,5.00546,5,9.117,-0.38243007,-0.02193223,-0.24072656,0.26393929,60.70084239,30.38961039,71.34831461,81.57262661,101.05016451,29.11811105,21.32049519,0.51467144,0,0.00076126,0.99700897,0.0056958,0.77188483,0.02097603,0.89364907,-0.08441769,-0.052998,-0.43682429,0.66907974,0.3442623
ACETRY,2026-08-18 15:00:59,2026-08-18 15:00:59,2026-08-18 15:15:59,5.00546,10,9.139,1.24072228,1.34176092,1.24072228,0.4837823,68.89638053,11.33004926,99.35897436,61.73076923,113.75080697,34.32935263,6.39686684,0.43777206,0,-0.06493856,0.50588365,0.0059869,1.07024761,0.01641435,1.18668918,0.21135164,0.37462169,1.09513274,1.44435934,0.99242424
ACETRY,2026-08-18 15:30:59,2026-08-18 15:24:59,2026-08-18 15:45:59,8.23493,0,9.541,0.33652329,-0.10470108,-0.82120582,2.50322303,62.98991516,34.88372093,56.1694291,52.5475752,34.82587065,57.5355762,18.4528606,0.94242596,0,-0.08577595,1.85758514,0.00929073,0.64990991,0.07022802,0.71186756,0.05298069,-0.59813514,0.22058824,0.94329735,0.87777778
ACETRY,2026-08-18 15:30:59,2026-08-18 15:24:59,2026-08-18 15:45:59,8.23493,1,9.509,-0.05255413,-0.56467636,-1.99938163,2.12651702,60.81379144,27.8779473,50.27624309,53.16144874,38.44676736,60.86436019,22.14708369,1.02783642,0,-0.04498328,1.91854234,0.00888632,0.62051764,0.07142089,0.42210122,0.05158242,-1.0,-0.11554622,0.52581765,0.3
ACETRY,2026-08-18 15:30:59,2026-08-18 15:24:59,2026-08-18 15:45:59,8.23493,3,9.551,-0.12548363,-1.56652582,-1.10788983,3.54509974,65.19146291,38.35425384,58.01104972,64.15921322,70.9813806,65.17054455,30.14950166,1.32847678,0,0.14995609,3.05351748,0.00900429,0.71611431,0.07663211,0.81850199,0.09478276,-0.58934495,-0.24023397,0.64914669,0.17741935
ACETRY,2026-08-18 15:30:59,2026-08-18 15:24:59,2026-08-18 15:45:59,8.23493,5,9.62,-0.85540554,-0.3934562,2.7009715,3.82041874,72.62833115,53.93258427,73.4557596,86.4968581,132.03448612,65.37785168,36.4831553,1.57296844,0,0.36789555,3.35195531,0.00903623,0.85995468,0.07829935,1.82860217,0.14735205,0.14446975,-0.81451696,1.12266112,0.17592593
ACETRY,2026-08-18 15:30:59,2026-08-18 15:24:59,2026-08-18 15:45:59,8.23493,10,9.367,0.3965702,1.06819163,0.63386334,2.39396589,71.65030083,52.0383693,93.03278689,81.01092896,136.29890257,62.8053747,30.40752351,0.67955652,0,0.04676066,1.09000648,0.00729766,0.96265844,0.0338894,1.62554549,0.11311832,-0.07725136,0.43963114,0.75798014,0.76056338
ACETRY,2026-08-18 16:00:59,2026-08-18 15:59:59,2026-08-18 16:06:59,5.17258,0,10.338,0.45670975,-0.93905711,-1.77672209,-1.30787589,51.86157384,-32.86219081,30.88235294,16.69676523,-206.13762591,39.76614884,-28.81172002,0.44092169,0,-0.58135454,-2.05589768,0.01273388,0.04546696,0.03087594,0.86869284,0.23837703,-0.58886919,0.4664723,1.21880441,1.0
ACETRY,2026-08-18 16:00:59,2026-08-18 15:59:59,2026-08-18 16:06:59,5.17258,1,10.291,-0.80963855,-1.83153677,-2.17680608,-1.59686365,48.90090457,-19.49152542,5.78512397,17.70018674,-159.41869021,39.60887015,-20.57416268,0.59665424,0,-0.56955106,-2.97001697,0.01305579,-0.04800422,0.03327668,0.62105417,0.21028965,-0.73248925,-0.77138174,1.62277718,0.1257485
ACETRY,2026-08-18 16:00:59,2026-08-18 15:59:59,2026-08-18 16:06:59,5.17258,3,10.436,-0.44834494,-0.79847909,-1.08056872,-0.37231504,58.9804584,-2.31990232,33.89261745,47.35922361,-33.89876308,44.19590505,-12.33624454,1.08765921,0,-0.39438865,-0.09573042,0.01253901,0.42391135,0.04261625,1.41430248,0.25013717,-0.39610945,-0.32473734,1.41816788,0.68243243
ACETRY,2026-08-18 16:00:59,2026-08-18 15:59:59,2026-08-18 16:06:59,5.17258,5,10.525,0.04752852,-0.23696682,-0.28422549,2.40319128,66.17177831,3.35917313,61.5658363,71.03472051,48.72099469,52.01196199,-11.01123596,1.44877542,0,-0.26701145,0.47732697,0.01208008,0.63993871,0.06961945,0.44968279,0.22483247,0.09249507,0.01900599,1.05463183,0.61261261
ACETRY,2026-08-18 16:00:59,2026-08-18 15:59:59,2026-08-18 16:06:59,5.17258,10,10.555,-0.48085989,1.04346161,0.76372315,5.42349181,71.71563112,52.62689225,88.32335329,90.79190328,84.18041011,79.9744987,22.97702298,2.13443191,0,0.02773438,2.69507686,0.01354808,0.76298808,0.10750059,0.41778044,0.35851057,0.25893621,-0.4245283,0.6063477,0.296875
ACETRY,2026-08-18 16:36:59,2026-08-18 16:38:59,2026-08-18 16:45:59,5.39341,0,10.528,-0.16121385,-1.75438596,-1.66261909,0.152207,42.26564574,-25.39964476,6.7114094,17.32401459,-127.76447529,24.71550076,2.33236152,-0.17924197,0,-0.21170909,-1.57988221,0.00930851,0.11436954,0.02788707,1.46678823,-0.10531366,-0.75002374,-0.07593014,0.66489362,0.28571429
ACETRY,2026-08-18 16:36:59,2026-08-18 16:38:59,2026-08-18 16:45:59,5.39341,1,10.545,-0.39671295,-1.0045062,-1.44859813,-0.33081285,43.25403744,4.68085106,11.2244898,39.38406688,-81.23775226,27.24113273,7.48987854,-0.06277816,0,-0.16390062,-1.18077031,0.01003861,0.16761887,0.02766091,1.20883279,-0.10444834,-0.41235359,-0.37789325,1.23281176,0.11538462
ACETRY,2026-08-18 16:36:59,2026-08-18 16:38:59,2026-08-18 16:45:59,5.39341,3,10.716,0.60082614,0.14953271,-0.24204059,0.78058873,54.5211705,14.06491499,72.89156627,65.46184739,70.02703747,32.21963451,11.55988858,0.20244578,0,-0.01976767,0.61971831,0.0095718,0.74933427,0.0273384,0.68310064,0.00606685,0.1809856,0.56306306,0.69988802,0.8
ACETRY,2026-08-18 16:36:59,2026-08-18 16:38:59,2026-08-18 16:45:59,5.39341,5,10.706,0.05607477,-0.33513312,0.08413574,1.61351557,54.22950791,28.39506173,69.87951807,76.30522088,44.82269504,35.56089582,14.32506887,0.26254209,0,0.01651687,1.84550989,0.00968749,0.66198704,0.03106255,0.72346072,-0.02169841,0.68140308,0.09349289,0.37362227,0.85
ACETRY,2026-08-18 16:36:59,2026-08-18 16:38:59,2026-08-18 16:45:59,5.39341,10,10.697,0.24365102,0.44131455,1.75989346,-1.24630724,55.24394155,-14.87804878,63.19444444,56.48148148,17.08474249,31.19508749,-11.99776786,0.09464152,0,-0.07401307,1.52809415,0.01196597,0.55499604,0.0414854,0.4598862,0.00560351,0.32859537,0.08420659,0.46742077,0.54
ACETRY,2026-08-18 17:06:59,2026-08-18 17:06:59,2026-08-18 17:14:59,6.08571,0,10.5,-1.07405314,-1.86915888,-2.37099024,-4.81370683,30.56463507,-72.88590604,9.23076923,12.04472249,-149.22845589,45.03872421,-39.90877993,-0.78373091,0,-0.49745095,-4.77917838,0.01193197,-0.04034205,0.0623283,2.58253909,-0.113589,-1.0,-1.03675778,1.9047619,0.3
ACETRY,2026-08-18 17:06:59,2026-08-18 17:06:59,2026-08-18 17:14:59,6.08571,1,10.614,-0.59936318,-1.00727476,-0.9518477,-3.40371314,35.71031965,-64.85225505,11.85185185,14.52335497,-136.22531299,43.17718541,-35.4375,-0.58987409,0,-0.43596436,-3.47399054,0.01076745,0.03656302,0.05506433,1.14806628,-0.10161563,-0.44769615,-0.62728209,1.23421896,0.48854962
ACETRY,2026-08-18 17:06:59,2026-08-18 17:06:59,2026-08-18 17:14:59,6.08571,3,10.7,-0.2051856,-0.14930944,-1.40066347,-2.83327279,40.38612012,-31.75074184,16.66666667,21.93345586,-148.79986688,40.17642822,-27.29608221,-0.38008826,0,-0.42202905,-3.16742081,0.01039386,0.06311734,0.04761259,0.41373013,-0.0467269,-0.08227667,-0.15862648,0.6635514,0.73239437
ACETRY,2026-08-18 17:06:59,2026-08-18 17:06:59,2026-08-18 17:14:59,6.08571,5,10.755,0.36394177,-0.89384445,-2.46667271,-2.40471869,43.44439591,-39.15343915,27.76617954,16.37357965,-164.80716752,37.39597725,-34.68547913,-0.1653884,0,-0.40571151,-2.50203971,0.01129707,0.09731823,0.04184944,0.97326681,-0.04615842,-0.17777272,0.3077784,1.28312413,0.96376812
ACETRY,2026-08-18 17:06:59,2026-08-18 17:06:59,2026-08-18 17:14:59,6.08571,10,11.027,0.2819207,-0.2081448,-0.03626145,2.17753892,60.86878673,29.36610608,62.02898551,62.40930068,51.41928985,39.37802988,3.83211679,0.73642534,0,0.00130485,0.06352087,0.01064919,0.68764252,0.06605335,0.40468973,0.04321107,0.47820719,0.46465015,0.65294278,1.0
ATOMTRY,2026-08-18 17:14:59,2026-08-18 17:14:59,2026-08-18 17:29:59,11.84408,0,66.7,0.0,0.0,0.0,0.15015015,64.92400672,100.0,100.0,100.0,89.37198068,42.85714286,0.0,0.03467169,0,0.0099222,0.15015015,0.00021418,0.80618622,0.00294056,0.0,0.15221995,0.0,0.0,0.0,
ATOMTRY,2026-08-18 17:14:59,2026-08-18 17:14:59,2026-08-18 17:29:59,11.84408,1,66.7,0.0,0.0,0.0,0.15015015,64.92400668,100.0,100.0,100.0,102.56410256,50.0,0.0,0.03456608,0,0.01143837,0.15015015,0.00021418,0.84069257,0.00286318,0.0,0.15221995,0.0,0.0,0.0,
ATOMTRY,2026-08-18 17:14:59,2026-08-18 17:14:59,2026-08-18 17:29:59,11.84408,3,66.7,0.0,0.0,0.15015015,0.15015015,64.92400668,100.0,100.0,100.0,142.85714286,64.28571429,0.0,0.03132758,0,0.01314356,0.15015015,0.00021418,0.9330127,0.0025997,3.05007084,0.01164677,0.29474273,0.0,0.0,
ATOMTRY,2026-08-18 17:14:59,2026-08-18 17:14:59,2026-08-18 17:29:59,11.84408,5,66.7,0.0,0.15015015,0.15015015,0.15015015,64.92400668,100.0,100.0,100.0,88.13559322,67.14285714,0.0,0.02149891,0,0.01075981,0.15015015,0.00021418,0.74853371,0.00392487,0.0,0.01351642,0.23850255,0.0,0.0,
ATOMTRY,2026-08-18 17:14:59,2026-08-18 17:14:59,2026-08-18 17:29:59,11.84408,10,66.6,0.0,0.0,0.0,-0.2994012,45.88633688,-100.0,0.0,0.0,-53.18491033,65.71428571,-100.0,-0.01734078,0,-0.01645053,0.0,0.0002145,0.31655015,0.00572335,0.0,-0.31680407,0.0,0.0,0.0,
HEITRY,2026-08-18 17:25:59,2026-08-18 17:25:59,2026-08-18 17:40:59,6.38362,0,6.642,-0.04514673,-0.0752219,-0.28524246,-1.86170213,41.9253838,-66.56346749,7.03125,6.90104167,-102.40584456,21.39199662,-28.92804699,-0.44187408,0,-0.19784849,-0.86567164,0.00732353,0.22298863,0.04001541,0.43524675,-0.20749481,-0.84231942,-0.06018658,0.22583559,0.73333333
HEITRY,2026-08-18 17:25:59,2026-08-18 17:25:59,2026-08-18 17:40:59,6.38362,1,6.645,0.10545345,-0.16526442,-0.24020417,-2.02005308,42.26708853,-30.07334963,8.203125,7.55208333,-106.83018002,17.86848928,-16.51376147,-0.43517834,0,-0.2228701,-1.51178301,0.00820166,0.2045647,0.0391961,0.320793,-0.17444336,-0.61138727,0.12053639,0.27088036,0.5
HEITRY,2026-08-18 17:25:59,2026-08-18 17:25:59,2026-08-18 17:40:59,6.38362,3,6.647,-0.13521635,-0.21017865,-0.64275037,-1.2039239,42.13351164,-25.17321016,8.984375,5.66746434,-113.27060704,14.88379192,-11.48989899,-0.37763686,0,-0.2551883,-3.24599709,0.00851082,0.16111893,0.03602467,0.77851673,-0.11264265,-0.77764986,-0.13521635,1.00797352,0.34328358
HEITRY,2026-08-18 17:25:59,2026-08-18 17:25:59,2026-08-18 17:40:59,6.38362,5,6.661,0.0,-0.43348281,-0.58208955,-1.61004431,43.47569032,-6.86070686,1.35135135,2.50672751,-103.80025126,12.99483576,-4.46428571,-0.27108669,0,-0.26119598,-1.58096927,0.00840715,0.1994653,0.03467718,1.20607662,-0.17594556,-0.23645079,-0.0899955,0.48040835,0.09375
HEITRY,2026-08-18 17:25:59,2026-08-18 17:25:59,2026-08-18 17:40:59,6.38362,10,6.7,-0.6966059,-2.47452693,-1.00472813,-1.28186238,46.52712329,6.59722222,17.43119266,35.47400612,-58.53582796,12.28462442,5.23114355,0.1901049,0,-0.1071037,-1.03397341,0.00876333,0.25710043,0.03385296,0.8856692,-0.00430263,0.0060219,-0.85824208,0.86567164,0.0
ALPINETRY,2026-08-18 17:51:59,2026-08-18 17:52:59,2026-08-18 18:06:59,5.05051,0,14.83,-0.13468013,-0.13468013,-0.13468013,-0.26899798,28.97422808,-100.0,0.0,22.22222222,-134.25129088,91.64835165,-100.0,-0.01657971,0,-0.02520168,-0.13468013,0.00024082,-0.08371723,0.00299826,79.34771157,-0.67801318,-1.0,-0.13468013,0.13486177,0.0
ALPINETRY,2026-08-18 17:51:59,2026-08-18 17:52:59,2026-08-18 18:06:59,5.05051,1,14.85,0.0,0.0,0.0,-0.13449899,51.16230602,-100.0,33.33333333,33.33333333,-53.65296804,88.79120879,-100.0,-0.00107549,0,-0.01851828,0.0,0.0001443,0.29587585,0.00263776,0.0,0.66666667,,0.0,0.0,
ALPINETRY,2026-08-18 17:51:59,2026-08-18 17:52:59,2026-08-18 18:06:59,5.05051,3,14.85,0.0,0.0,0.0,-0.13449899,51.16230767,-100.0,33.33333333,33.33333333,-64.58333333,83.07692308,-100.0,0.00163527,0,-0.02266038,-0.13449899,0.0001443,0.25495099,0.00288339,0.0,0.12131909,0.0,0.0,0.0,
ALPINETRY,2026-08-18 17:51:59,2026-08-18 17:52:59,2026-08-18 18:06:59,5.05051,5,14.85,0.0,0.0,0.0,-0.13449899,51.16230758,-100.0,33.33333333,33.33333333,-80.97928437,77.36263736,-100.0,0.00656694,0,-0.02671082,-0.13449899,0.0001443,0.22577982,0.00355728,0.0,0.12131909,0.0,0.0,0.0,
ALPINETRY,2026-08-18 17:51:59,2026-08-18 17:52:59,2026-08-18 18:06:59,5.05051,10,14.85,0.0,-0.13449899,-0.13449899,-0.26863667,51.16230772,-100.0,20.0,20.0,-24.31610942,63.30780331,-100.0,0.0398852,0,-0.02740073,-0.13449899,0.0002405,0.42040417,0.0071871,0.0,0.40584233,-1.0,0.0,0.0,
OPNTRY,2026-08-18 17:57:59,2026-08-18 17:58:59,2026-08-18 18:12:59,5.28169,0,2.84,0.0,-0.6993007,-1.04529617,1.42857143,57.84808055,33.33333333,42.85714286,51.78571429,6.53594771,70.16233766,15.0,0.55397162,0,-0.08433615,-0.35087719,0.00503018,0.55735393,0.03691375,0.39147359,-0.43135222,-0.86447448,0.0,0.35211268,1.0
OPNTRY,2026-08-18 17:57:59,2026-08-18 17:58:59,2026-08-18 18:12:59,5.28169,1,2.84,-0.35087719,-0.35087719,-1.04529617,1.42857143,57.84808068,33.33333333,50.0,62.5,28.68764718,72.32683983,25.0,0.64768873,0,-0.03669857,0.0,0.00503018,0.5764433,0.03927018,0.45610544,-0.462568,-0.78469872,-0.35087719,0.35211268,0.0
OPNTRY,2026-08-18 17:57:59,2026-08-18 17:58:59,2026-08-18 18:12:59,5.28169,3,2.86,0.35087719,-0.34843206,0.0,2.14285714,69.15280553,60.0,75.0,80.55555556,77.65567766,70.01803752,35.29411765,0.84362269,0,0.08874415,1.41843972,0.00424575,0.77335553,0.04663478,0.49060439,-0.48021693,-0.63819782,0.35087719,0.6993007,0.5
OPNTRY,2026-08-18 17:57:59,2026-08-18 17:58:59,2026-08-18 18:12:59,5.28169,5,2.87,0.0,0.34965035,0.70175439,2.86738351,80.51465949,100.0,100.0,95.83333333,112.16694615,64.09182088,42.85714286,0.97055795,0,0.20097457,2.5,0.00348432,0.89569201,0.04846228,2.75822477,-0.16864599,0.0890097,0.34965035,0.34843206,1.0
OPNTRY,2026-08-18 17:57:59,2026-08-18 17:58:59,2026-08-18 18:12:59,5.28169,10,2.85,0.35211268,1.06382979,1.78571429,2.51798561,76.42114495,63.63636364,90.0,96.66666667,176.47058824,37.32180518,43.75,0.78683042,0,0.2436994,2.15053763,0.00401003,0.99453536,0.04348602,1.62090222,0.11835648,0.94267211,0.35211268,0.70175439,0.5
PORTOTRY,2026-08-18 18:03:59,2026-08-18 18:03:59,2026-08-18 18:18:59,6.72691,0,19.92,0.0,0.0,0.0,0.0,55.53694851,0.0,0.0,0.0,-35.0877193,7.14285714,0.0,0.00839792,0,-0.00788912,-0.1003009,0.00014343,0.44264607,0.00087524,0.0,0.0,,0.0,0.0,
PORTOTRY,2026-08-18 18:03:59,2026-08-18 18:03:59,2026-08-18 18:18:59,6.72691,1,19.92,0.0,0.0,0.0,0.0,55.5369487,0.0,0.0,0.0,-35.0877193,7.14285714,0.0,0.00954568,0,-0.00832569,0.0,0.00014343,0.44264607,0.00087524,0.0,0.0,,0.0,0.0,
PORTOTRY,2026-08-18 18:03:59,2026-08-18 18:03:59,2026-08-18 18:18:59,6.72691,3,19.92,0.0,0.0,0.0,0.0,55.53695033,0.0,0.0,0.0,-35.0877193,7.14285714,0.0,0.01245493,0,-0.00900755,0.0,0.00014343,0.44264607,0.00087524,0.0,0.0,,0.0,0.0,
PORTOTRY,2026-08-18 18:03:59,2026-08-18 18:03:59,2026-08-18 18:18:59,6.72691,5,19.92,0.0,0.0,-0.1003009,0.0,55.53695013,0.0,0.0,0.0,-35.0877193,7.14285714,0.0,0.01648403,0,-0.00915373,0.0,0.00014343,0.44264607,0.00087524,0.0,0.0,-1.0,0.0,0.0,
PORTOTRY,2026-08-18 18:03:59,2026-08-18 18:03:59,2026-08-18 18:18:59,6.72691,10,19.94,0.10040161,0.10040161,0.10040161,0.10040161,82.79668694,100.0,100.0,66.66666667,666.66666667,14.28571429,100.0,0.03557878,0,-0.00250321,0.10040161,7.164e-05,1.58972474,0.00087524,,0.0,1.0,0.0,0.0,
SANTOSTRY,2026-08-18 18:03:59,2026-08-18 18:03:59,2026-08-18 18:18:59,5.33872,0,22.29,0.0,0.0,0.0448833,0.0,51.46575361,0.0,100.0,100.0,53.49794239,32.56802721,-30.0,-0.00853656,0,0.00315804,0.0448833,0.00032045,0.62220323,0.00165237,0.0,0.13741307,-0.17634409,0.0,0.0,
SANTOSTRY,2026-08-18 18:03:59,2026-08-18 18:03:59,2026-08-18 18:18:59,5.33872,1,22.29,0.0,0.17977528,0.0448833,0.0,51.46575358,0.0,100.0,100.0,57.36894164,34.05225727,-30.0,-0.01280182,0,0.00091407,0.0,0.00032045,0.63558154,0.00165484,1.80576459,0.13741307,-0.17634409,0.0,0.0,
SANTOSTRY,2026-08-18 18:03:59,2026-08-18 18:03:59,2026-08-18 18:18:59,5.33872,3,22.29,0.17977528,0.0448833,0.0,0.0,51.46575353,0.0,100.0,33.33333333,33.33333333,37.02071738,-30.0,-0.02551224,0,-0.00764014,0.0,0.00032045,0.66610265,0.00189125,0.27989273,-0.28262099,-0.82547021,0.0448833,0.04486317,1.0
SANTOSTRY,2026-08-18 18:03:59,2026-08-18 18:03:59,2026-08-18 18:18:59,5.33872,5,22.28,0.0,-0.04486317,0.0,0.0,42.5368364,0.0,0.0,0.0,-61.8556701,38.28849722,0.0,-0.01960272,0,-0.00690271,-0.04486317,0.00012824,0.32562854,0.00154399,0.0,-0.27719047,-0.85299519,0.0,0.0,
SANTOSTRY,2026-08-18 18:03:59,2026-08-18 18:03:59,2026-08-18 18:18:59,5.33872,10,22.28,-0.04486317,-0.04486317,-0.04486317,-0.0896861,41.32509372,-25.0,50.0,66.66666667,-73.71405427,54.61966605,-37.5,-0.01807987,0,-0.01028517,0.0,0.00025648,0.31809828,0.00369868,4.72552563,-0.54230081,-1.0,0.0,0.0,
LAZIOTRY,2026-08-18 18:05:59,2026-08-18 18:09:59,2026-08-18 18:20:59,5.15654,0,16.22,-0.42971148,-0.42971148,-0.42971148,-0.49079755,0.06509684,-100.0,0.0,0.0,-538.46153846,42.85714286,-100.0,-0.06540958,0,-0.03420688,-0.49079755,0.0003523,-0.55605192,0.00427157,2.1170412,0.0,-1.0,0.0,0.0,
LAZIOTRY,2026-08-18 18:05:59,2026-08-18 18:09:59,2026-08-18 18:20:59,5.15654,1,16.29,0.0,0.0,-0.06134969,-0.06134969,0.7203986,-100.0,0.0,0.0,-133.33333333,35.71428571,-100.0,-0.01796128,0,-0.00727727,-0.06134969,4.385e-05,0.0669873,0.00106277,0.0,0.0,-1.0,0.0,0.0,
LAZIOTRY,2026-08-18 18:05:59,2026-08-18 18:09:59,2026-08-18 18:20:59,5.15654,3,16.29,0.0,-0.06134969,-0.06134969,-0.06134969,0.72039862,-100.0,0.0,0.0,-222.22222222,21.42857143,-100.0,-0.01464399,0,-0.00734271,-0.06134969,4.385e-05,-0.09511904,0.00087633,0.0,0.0,-1.0,0.0,0.0,
LAZIOTRY,2026-08-18 18:05:59,2026-08-18 18:09:59,2026-08-18 18:20:59,5.15654,5,16.29,-0.06134969,-0.06134969,-0.06134969,-0.06134969,0.72039862,-100.0,0.0,33.33333333,-666.66666667,7.14285714,-100.0,-0.0066445,0,-0.00406342,-0.06134969,4.385e-05,-0.58972474,0.00053485,,0.0,-1.0,0.0,0.0,
LAZIOTRY,2026-08-18 18:05:59,2026-08-18 18:09:59,2026-08-18 18:20:59,5.15654,10,16.3,0.0,0.0,0.0,0.0,99.99797217,0.0,50.0,50.0,0.0,0.0,0,7.822e-05,0,-0.00021405,0.0,,,0.0,,,,0.0,0.0,
STRAXTRY,2026-08-18 18:16:59,2026-08-18 18:16:59,2026-08-18 18:31:59,5.97015,0,0.402,-0.24813896,0.7518797,0.0,1.00502513,62.33308438,28.57142857,80.0,66.66666667,133.33333333,49.23251352,28.57142857,0.25027128,0,0.08716131,1.00502513,0.00248756,0.90686674,0.01723913,0.22183176,-0.24033405,0.11482549,0.0,0.0,
STRAXTRY,2026-08-18 18:16:59,2026-08-18 18:16:59,2026-08-18 18:31:59,5.97015,1,0.403,1.00250627,0.0,1.00250627,1.25628141,68.37080805,38.46153846,100.0,46.66666667,223.16384181,47.19169719,38.46153846,0.22502758,0,0.08327352,1.25628141,0.00230415,1.12017367,0.01616493,3.88111552,-0.24314003,0.24315626,0.0,0.0,
STRAXTRY,2026-08-18 18:16:59,2026-08-18 18:16:59,2026-08-18 18:31:59,5.97015,3,0.399,-0.99255583,0.0,0.0,0.25125628,50.59682356,11.11111111,20.0,73.33333333,108.26210826,43.65079365,11.11111111,0.18626669,0,0.07730151,0.25125628,0.00161117,0.55574706,0.01349749,15.29260513,-0.29280606,0.08445609,-0.99255583,1.00250627,0.0
STRAXTRY,2026-08-18 18:16:59,2026-08-18 18:16:59,2026-08-18 18:31:59,5.97015,5,0.402,0.7518797,0.7518797,1.00502513,1.00502513,97.64397318,100.0,100.0,100.0,380.6763285,35.71428571,100.0,0.14713,0,0.08149541,1.00502513,0.00071073,1.48198051,0.00920196,112.6168,0.85564153,1.0,0.24937656,0.24875622,1.0
STRAXTRY,2026-08-18 18:16:59,2026-08-18 18:16:59,2026-08-18 18:31:59,5.97015,10,0.398,0.0,0.0,0.0,0.0,20.78179494,0.0,50.0,50.0,0.0,0.0,0,-0.01354357,0,0.0057024,0.0,,,0.0,0.0,0.0,,0.0,0.0,
ALPINETRY,2026-08-18 18:30:59,2026-08-18 18:38:59,2026-08-18 18:45:59,6.2724,0,16.34,-0.96969697,-2.56410256,-2.44776119,-9.22222222,40.05312989,-63.45177665,6.4516129,5.86234129,-108.67094634,51.47594199,-30.9178744,-0.76256035,0,-1.08578062,-3.99529965,0.01809757,0.12645782,0.13887107,0.87526581,-0.14680884,-0.89929463,-1.14942529,1.7747858,0.34482759
ALPINETRY,2026-08-18 18:30:59,2026-08-18 18:38:59,2026-08-18 18:45:59,6.2724,1,16.5,-0.54249548,-1.37477585,-1.96078431,-9.19097413,43.00350334,-67.56756757,3.22580645,7.04513699,-97.86545271,49.5311016,-27.46478873,-0.51201836,0,-1.0683781,-5.06329114,0.01844156,0.15711747,0.14040083,0.61539814,-0.08354143,-0.87291173,-0.54249548,1.27272727,0.19047619
ALPINETRY,2026-08-18 18:30:59,2026-08-18 18:38:59,2026-08-18 18:45:59,6.2724,3,16.77,0.23909145,-0.35650624,0.17921147,-7.55237045,48.31466203,-67.71300448,10.0,6.88223308,-95.85179219,47.51658061,-29.37365011,-0.08046596,0,-1.08583664,-4.98583569,0.01972059,0.19180774,0.13250604,0.09658424,0.13011572,-0.4174042,0.29904306,1.07334526,0.61111111
ALPINETRY,2026-08-18 18:30:59,2026-08-18 18:38:59,2026-08-18 18:45:59,6.2724,5,16.75,-0.47534165,0.05973716,-1.58636898,-8.71934605,47.81801918,-42.30769231,2.79329609,7.93867445,-77.79932138,48.39370575,-18.92430279,0.29179115,0,-1.18512834,-6.94444444,0.02140725,0.2224106,0.14530307,0.21636549,0.22071478,-0.64774772,-0.82889284,1.13432836,0.26315789
ALPINETRY,2026-08-18 18:30:59,2026-08-18 18:38:59,2026-08-18 18:45:59,6.2724,10,17.02,-2.07134638,-3.5694051,-5.44444444,8.89315419,52.78017976,20.69716776,39.00414938,54.4860889,-3.21209487,66.37979143,11.06870229,2.25166356,0,-0.72993539,-7.2479564,0.0329864,0.46861066,0.23872333,1.38134359,0.29161679,-0.72810767,-2.07134638,3.99529965,0.39705882
LAZIOTRY,2026-08-18 18:36:59,2026-08-18 18:36:59,2026-08-18 18:51:59,5.39216,0,16.32,-1.03092784,0.30731407,-0.48780488,-4.61718293,41.89185157,-44.61538462,6.94444444,11.04497354,-91.9158361,38.24656729,-21.91011236,-0.46761971,0,-0.30875339,-3.03030303,0.00779062,0.19565942,0.06444666,0.04499286,0.01667483,-0.86655726,0.0,0.0,
LAZIOTRY,2026-08-18 18:36:59,2026-08-18 18:36:59,2026-08-18 18:51:59,5.39216,1,16.49,1.35218193,0.67155067,0.42630938,-2.94290759,48.9202173,-46.26865672,26.19047619,8.73015873,-66.12806703,40.95099965,-19.23076923,-0.42461904,0,-0.32380118,-1.96195006,0.00788357,0.3276643,0.06196711,0.04099686,0.05583666,-0.95242077,0.73304826,0.72771377,1.0
LAZIOTRY,2026-08-18 18:36:59,2026-08-18 18:36:59,2026-08-18 18:51:59,5.39216,3,16.27,-0.67155067,-0.9135201,-1.15431349,-3.67081113,36.02144786,-58.06451613,0.0,2.43902439,-119.38173683,45.550362,-25.37313433,-0.41409809,0,-0.44153664,-2.86567164,0.0088243,0.10320672,0.06135781,0.22129511,0.09298402,-0.98587429,-0.24524831,0.24585126,0.0
LAZIOTRY,2026-08-18 18:36:59,2026-08-18 18:36:59,2026-08-18 18:51:59,5.39216,5,16.4,-0.12180268,-0.36452005,-2.55496138,-2.08955224,41.2734159,-40.98360656,4.87804878,4.06504065,-61.001242,52.08162835,-13.67924528,-0.17153932,0,-0.40791046,-4.14962011,0.00923345,0.25516338,0.06506835,1.19987613,0.12306329,-0.99331827,-0.90634441,0.91463415,0.0
LAZIOTRY,2026-08-18 18:36:59,2026-08-18 18:36:59,2026-08-18 18:51:59,5.39216,10,16.83,0.05945303,0.47761194,-1.6364699,3.76078915,63.61357323,45.18518519,63.54166667,60.41666667,45.60456046,68.43441094,25.41666667,0.82363656,0,0.03701415,0.47761194,0.01018589,0.66963527,0.07664139,0.26219986,0.43116025,-0.02545616,0.05945303,0.41592395,1.0
WCTTRY,2026-08-18 18:52:59,2026-08-18 18:52:59,2026-08-18 19:07:59,5.36913,0,1.639,0.0,0.0,0.0,0.36742192,95.40658562,100.0,100.0,100.0,111.11111111,100.0,100.0,0.20311597,0,0.01705183,0.36742192,0.00026148,0.85422363,0.00794551,0.0,0.87153095,,0.0,0.0,
WCTTRY,2026-08-18 18:52:59,2026-08-18 18:52:59,2026-08-18 19:07:59,5.36913,1,1.639,0.0,0.0,0.36742192,0.36742192,95.40658562,100.0,100.0,100.0,133.33333333,100.0,100.0,0.20787999,0,0.02261173,0.36742192,0.00026148,0.88424277,0.00820331,0.0,0.87153095,1.0,0.0,0.0,
WCTTRY,2026-08-18 18:52:59,2026-08-18 18:52:59,2026-08-18 19:07:59,5.36913,3,1.639,0.0,0.36742192,0.36742192,0.55214724,95.40658562,100.0,100.0,100.0,190.69296915,100.0,100.0,0.20580818,0,0.02831477,0.36742192,0.00026148,0.97572899,0.00804638,0.0,0.84441079,1.0,0.0,0.0,
WCTTRY,2026-08-18 18:52:59,2026-08-18 18:52:59,2026-08-18 19:07:59,5.36913,5,1.639,0.36742192,0.36742192,0.36742192,0.67567568,95.40658562,100.0,100.0,100.0,161.80589883,96.7032967,100.0,0.17745342,0,0.01703051,0.36742192,0.00047939,0.96107789,0.0108385,1.26095438,0.84441079,1.0,0.0,0.0,
WCTTRY,2026-08-18 18:52:59,2026-08-18 18:52:59,2026-08-18 19:07:59,5.36913,10,1.633,0.0,0.0,0.0,0.80246914,89.82334483,100.0,100.0,100.0,75.1419834,81.11888112,100.0,0.18695674,0,0.03029804,0.30712531,0.00056863,0.75147494,0.01392876,0.0,0.90045097,0.0,0.0,0.0,
ALPINETRY,2026-08-18 19:18:59,2026-08-18 19:18:59,2026-08-18 19:33:59,6.41711,0,18.7,1.08108108,-0.10683761,-1.21500264,-1.11052353,50.73906662,-13.27433628,55.55555556,29.06384174,-152.27127319,26.05584484,-18.28978622,-0.02040898,0,-0.50778632,-1.57894737,0.01608098,0.26153533,0.04129989,1.49932963,0.1007226,-0.38250548,0.80862534,3.36898396,0.79365079
ALPINETRY,2026-08-18 19:18:59,2026-08-18 19:18:59,2026-08-18 19:33:59,6.41711,1,18.5,-0.64446831,-2.11640212,-1.22797651,-2.06458444,46.05456525,-19.06976744,7.69230769,20.65768277,-179.39393939,24.50560936,-12.34256927,0.00822507,0,-0.57112502,-1.80467091,0.01532819,-0.01435189,0.04205275,1.40047957,0.07077645,-0.35357124,-0.69779925,1.13513514,0.0952381
ALPINETRY,2026-08-18 19:18:59,2026-08-18 19:18:59,2026-08-18 19:33:59,6.41711,3,18.72,-0.95238095,-0.05339028,-0.37253858,-2.5,50.83171733,-26.74897119,30.33707865,42.7439385,-80.56099152,22.14855461,-9.19037199,0.37929537,0,-0.4764057,0.10695187,0.01743742,0.13701686,0.03401172,0.720249,0.19981434,0.12432884,-0.63694268,1.4957265,0.0
ALPINETRY,2026-08-18 19:18:59,2026-08-18 19:18:59,2026-08-18 19:33:59,6.41711,5,18.93,1.06780566,0.74507717,-0.36842105,-1.20041754,55.69610971,-5.55555556,50.52631579,39.55555556,-79.58251794,20.27545137,-8.13492063,0.57309622,0,-0.48031997,0.10576415,0.01901743,0.42027693,0.03271421,1.3279227,0.22564278,0.11246634,1.33832976,1.47913365,1.0
ALPINETRY,2026-08-18 19:18:59,2026-08-18 19:18:59,2026-08-18 19:33:59,6.41711,10,19.0,0.8492569,1.60427807,0.47593866,-0.26246719,58.67057003,0.0,46.66666667,38.22222222,9.44032367,38.84144417,3.05343511,1.12303332,0,-0.51093169,-0.83507307,0.01969925,0.52730201,0.03666401,0.69976471,0.14422199,0.36458527,0.74231177,1.42105263,0.62962963
