[START] strategy=BB_MFI_MEAN_REVERSION pine_version=v3 initial=10000.00 TRY window=2026-08-05T09:51:38+00:00..2026-08-12T09:51:38+00:00
[CONFIG] universe=312 source=BinanceTR-exchangeInfo order_pct=0.1000 pyramiding=2 max_positions=500 commission=0.001500 spread=0.001000 slippage=0.000250
[DATA] 1000SATSTRY source=BinanceTR-public interval=5m candles=2303
[DATA] 0GTRY source=BinanceTR-public interval=5m candles=2303
[DATA] 2ZTRY source=BinanceTR-public interval=5m candles=2303
[DATA] 1MBABYDOGETRY source=BinanceTR-public interval=5m candles=2303
[DATA] AAVETRY source=BinanceTR-public interval=5m candles=2303
[DATA] 1000CATTRY source=BinanceTR-public interval=5m candles=2303
[DATA] ACETRY source=BinanceTR-public interval=5m candles=2303
[DATA] ACXTRY source=BinanceTR-public interval=5m candles=2303
[DATA] ACMTRY source=BinanceTR-public interval=5m candles=2303
[DATA] ACTTRY source=BinanceTR-public interval=5m candles=2303
[DATA] ACHTRY source=BinanceTR-public interval=5m candles=2303
[DATA] ADATRY source=BinanceTR-public interval=5m candles=2303
[DATA] AEROTRY source=BinanceTR-public interval=5m candles=2303
[DATA] AIGENSYNTRY source=BinanceTR-public interval=5m candles=2303
[DATA] AITRY source=BinanceTR-public interval=5m candles=2303
[DATA] AIXBTTRY source=BinanceTR-public interval=5m candles=2303
[DATA] AEVOTRY source=BinanceTR-public interval=5m candles=2303
[DATA] ALICETRY source=BinanceTR-public interval=5m candles=2303
[DATA] ALGOTRY source=BinanceTR-public interval=5m candles=2303
[DATA] ALTTRY source=BinanceTR-public interval=5m candles=2303
[DATA] ANIMETRY source=BinanceTR-public interval=5m candles=2303
[DATA] ALPINETRY source=BinanceTR-public interval=5m candles=2303
[DATA] AMPTRY source=BinanceTR-public interval=5m candles=2303
[DATA] ALLOTRY source=BinanceTR-public interval=5m candles=2303
[DATA] API3TRY source=BinanceTR-public interval=5m candles=2303
[DATA] ARBTRY source=BinanceTR-public interval=5m candles=2303
[DATA] APETRY source=BinanceTR-public interval=5m candles=2303
[DATA] ARKMTRY source=BinanceTR-public interval=5m candles=2303
[DATA] APTTRY source=BinanceTR-public interval=5m candles=2303
[DATA] ANKRTRY source=BinanceTR-public interval=5m candles=2303
[DATA] ASRTRY source=BinanceTR-public interval=5m candles=2303
[DATA] ARKTRY source=BinanceTR-public interval=5m candles=2303
[DATA] ARTRY source=BinanceTR-public interval=5m candles=2303
[DATA] ARPATRY source=BinanceTR-public interval=5m candles=2303
[DATA] ASTERTRY source=BinanceTR-public interval=5m candles=2303
[DATA] ATOMTRY source=BinanceTR-public interval=5m candles=2303
[DATA] ATMTRY source=BinanceTR-public interval=5m candles=2303
[DATA] ATRY source=BinanceTR-public interval=5m candles=2303
[DATA] ATTRY source=BinanceTR-public interval=5m candles=2303
[DATA] AUCTIONTRY source=BinanceTR-public interval=5m candles=2303
[DATA] AVNTTRY source=BinanceTR-public interval=5m candles=2303
[DATA] AUDIOTRY source=BinanceTR-public interval=5m candles=2303
[DATA] AVAXTRY source=BinanceTR-public interval=5m candles=2303
[DATA] AXLTRY source=BinanceTR-public interval=5m candles=2303
[DATA] AXSTRY source=BinanceTR-public interval=5m candles=2303
[DATA] BANANATRY source=BinanceTR-public interval=5m candles=2303
[DATA] BABYTRY source=BinanceTR-public interval=5m candles=2303
[DATA] BANKTRY source=BinanceTR-public interval=5m candles=2303
[DATA] BARDTRY source=BinanceTR-public interval=5m candles=2303
[DATA] BARTRY source=BinanceTR-public interval=5m candles=2303
[DATA] BEAMXTRY source=BinanceTR-public interval=5m candles=2303
[DATA] BBTRY source=BinanceTR-public interval=5m candles=2303
[DATA] BCHTRY source=BinanceTR-public interval=5m candles=2303
[DATA] BELTRY source=BinanceTR-public interval=5m candles=2303
[DATA] BLURTRY source=BinanceTR-public interval=5m candles=2303
[DATA] BIOTRY source=BinanceTR-public interval=5m candles=2303
[DATA] BNBTRY source=BinanceTR-public interval=5m candles=2303
[DATA] BERATRY source=BinanceTR-public interval=5m candles=2303
[DATA] BOMETRY source=BinanceTR-public interval=5m candles=2303
[DATA] BMTTRY source=BinanceTR-public interval=5m candles=2303
[DATA] BREVTRY source=BinanceTR-public interval=5m candles=2303
[DATA] CAKETRY source=BinanceTR-public interval=5m candles=2303
[DATA] BTTCTRY source=BinanceTR-public interval=5m candles=2303
[DATA] BTCTRY source=BinanceTR-public interval=5m candles=2303
[DATA] BONKTRY source=BinanceTR-public interval=5m candles=2303
[DATA] CETUSTRY source=BinanceTR-public interval=5m candles=2303
[DATA] CFGTRY source=BinanceTR-public interval=5m candles=2303
[DATA] CHIPTRY source=BinanceTR-public interval=5m candles=2303
[DATA] CFXTRY source=BinanceTR-public interval=5m candles=2303
[DATA] CELOTRY source=BinanceTR-public interval=5m candles=2303
[DATA] CATITRY source=BinanceTR-public interval=5m candles=2303
[DATA] CHZTRY source=BinanceTR-public interval=5m candles=2303
[DATA] COMPTRY source=BinanceTR-public interval=5m candles=2303
[DATA] CITYTRY source=BinanceTR-public interval=5m candles=2303
[DATA] CKBTRY source=BinanceTR-public interval=5m candles=2303
[DATA] COTITRY source=BinanceTR-public interval=5m candles=2303
[DATA] CTRY source=BinanceTR-public interval=5m candles=2303
[DATA] CRVTRY source=BinanceTR-public interval=5m candles=2303
[DATA] COWTRY source=BinanceTR-public interval=5m candles=2303
[DATA] CYBERTRY source=BinanceTR-public interval=5m candles=2303
[DATA] DASHTRY source=BinanceTR-public interval=5m candles=2303
[DATA] DODOTRY source=BinanceTR-public interval=5m candles=2303
[DATA] DOGSTRY source=BinanceTR-public interval=5m candles=2303
[DATA] DOGETRY source=BinanceTR-public interval=5m candles=2303
[DATA] DOTTRY source=BinanceTR-public interval=5m candles=2303
[DATA] DOLOTRY source=BinanceTR-public interval=5m candles=2303
[DATA] DYMTRY source=BinanceTR-public interval=5m candles=2303
[DATA] DYDXTRY source=BinanceTR-public interval=5m candles=2303
[DATA] EDUTRY source=BinanceTR-public interval=5m candles=2303
[DATA] EDENTRY source=BinanceTR-public interval=5m candles=2303
[DATA] EGLDTRY source=BinanceTR-public interval=5m candles=2303
[DATA] ENATRY source=BinanceTR-public interval=5m candles=2303
[DATA] ENJTRY source=BinanceTR-public interval=5m candles=2303
[DATA] EIGENTRY source=BinanceTR-public interval=5m candles=2303
[DATA] ENSOTRY source=BinanceTR-public interval=5m candles=2303
[DATA] ESPTRY source=BinanceTR-public interval=5m candles=2303
[DATA] ENSTRY source=BinanceTR-public interval=5m candles=2303
[DATA] ERATRY source=BinanceTR-public interval=5m candles=2303
[DATA] ETCTRY source=BinanceTR-public interval=5m candles=2303
[DATA] ETHTRY source=BinanceTR-public interval=5m candles=2303
[DATA] ETHFITRY source=BinanceTR-public interval=5m candles=2303
[DATA] EULTRY source=BinanceTR-public interval=5m candles=2303
[DATA] FDUSDTRY source=BinanceTR-public interval=5m candles=2303
[DATA] FETTRY source=BinanceTR-public interval=5m candles=2303
[DATA] FILTRY source=BinanceTR-public interval=5m candles=2303
[DATA] FIDATRY source=BinanceTR-public interval=5m candles=2303
[DATA] FFTRY source=BinanceTR-public interval=5m candles=2303
[DATA] FOGOTRY source=BinanceTR-public interval=5m candles=2303
[DATA] FLOKITRY source=BinanceTR-public interval=5m candles=2303
[DATA] FORMTRY source=BinanceTR-public interval=5m candles=2303
[DATA] FTRY source=BinanceTR-public interval=5m candles=2303
[DATA] GALATRY source=BinanceTR-public interval=5m candles=2303
[DATA] GASTRY source=BinanceTR-public interval=5m candles=2303
[DATA] GENIUSTRY source=BinanceTR-public interval=5m candles=2303
[DATA] GRAMTRY source=BinanceTR-public interval=5m candles=2303
[DATA] GIGGLETRY source=BinanceTR-public interval=5m candles=2303
[DATA] GPSTRY source=BinanceTR-public interval=5m candles=2303
[DATA] GRTTRY source=BinanceTR-public interval=5m candles=2303
[DATA] HBARTRY source=BinanceTR-public interval=5m candles=2303
[DATA] GUNTRY source=BinanceTR-public interval=5m candles=2303
[DATA] GTRY source=BinanceTR-public interval=5m candles=2303
[DATA] HAEDALTRY source=BinanceTR-public interval=5m candles=2303
[DATA] GMTTRY source=BinanceTR-public interval=5m candles=2303
[DATA] HEITRY source=BinanceTR-public interval=5m candles=2303
[DATA] HEMITRY source=BinanceTR-public interval=5m candles=2303
[DATA] HIVETRY source=BinanceTR-public interval=5m candles=2303
[DATA] HMSTRTRY source=BinanceTR-public interval=5m candles=2303
[DATA] HOLOTRY source=BinanceTR-public interval=5m candles=2303
[DATA] HOMETRY source=BinanceTR-public interval=5m candles=2303
[DATA] HOTTRY source=BinanceTR-public interval=5m candles=2303
[DATA] HUMATRY source=BinanceTR-public interval=5m candles=2303
[DATA] INJTRY source=BinanceTR-public interval=5m candles=2303
[DATA] HYPERTRY source=BinanceTR-public interval=5m candles=2303
[DATA] ICPTRY source=BinanceTR-public interval=5m candles=2303
[DATA] INITTRY source=BinanceTR-public interval=5m candles=2303
[DATA] IDTRY source=BinanceTR-public interval=5m candles=2303
[DATA] IOTATRY source=BinanceTR-public interval=5m candles=2303
[DATA] JASMYTRY source=BinanceTR-public interval=5m candles=2303
[DATA] JTOTRY source=BinanceTR-public interval=5m candles=2303
[DATA] IOTRY source=BinanceTR-public interval=5m candles=2303
[DATA] JUPTRY source=BinanceTR-public interval=5m candles=2303
[DATA] JUVTRY source=BinanceTR-public interval=5m candles=2303
[DATA] KAITOTRY source=BinanceTR-public interval=5m candles=2303
[DATA] KATTRY source=BinanceTR-public interval=5m candles=2303
[DATA] KERNELTRY source=BinanceTR-public interval=5m candles=2303
[DATA] KITETRY source=BinanceTR-public interval=5m candles=2303
[DATA] KSMTRY source=BinanceTR-public interval=5m candles=2303
[DATA] LATRY source=BinanceTR-public interval=5m candles=2303
[DATA] LAYERTRY source=BinanceTR-public interval=5m candles=2303
[DATA] LDOTRY source=BinanceTR-public interval=5m candles=2303
[DATA] LINKTRY source=BinanceTR-public interval=5m candles=2303
[DATA] LAZIOTRY source=BinanceTR-public interval=5m candles=2303
[DATA] LINEATRY source=BinanceTR-public interval=5m candles=2303
[DATA] LISTATRY source=BinanceTR-public interval=5m candles=2303
[DATA] LUMIATRY source=BinanceTR-public interval=5m candles=2303
[DATA] LUNATRY source=BinanceTR-public interval=5m candles=2303
[DATA] LUNCTRY source=BinanceTR-public interval=5m candles=2303
[DATA] LTCTRY source=BinanceTR-public interval=5m candles=2303
[DATA] LPTTRY source=BinanceTR-public interval=5m candles=2303
[DATA] MANATRY source=BinanceTR-public interval=5m candles=2303
[DATA] MAGICTRY source=BinanceTR-public interval=5m candles=2303
[DATA] MANTATRY source=BinanceTR-public interval=5m candles=2303
[DATA] MASKTRY source=BinanceTR-public interval=5m candles=2303
[DATA] MAVTRY source=BinanceTR-public interval=5m candles=2303
[DATA] MANTRATRY source=BinanceTR-public interval=5m candles=2303
[DATA] MEGATRY source=BinanceTR-public interval=5m candles=2303
[DATA] MEMETRY source=BinanceTR-public interval=5m candles=2303
[DATA] MINATRY source=BinanceTR-public interval=5m candles=2303
[DATA] METRY source=BinanceTR-public interval=5m candles=2303
[DATA] METISTRY source=BinanceTR-public interval=5m candles=2303
[DATA] MIRATRY source=BinanceTR-public interval=5m candles=2303
[DATA] MITOTRY source=BinanceTR-public interval=5m candles=2303
[DATA] MORPHOTRY source=BinanceTR-public interval=5m candles=2303
[DATA] MMTTRY source=BinanceTR-public interval=5m candles=2303
[DATA] MUBARAKTRY source=BinanceTR-public interval=5m candles=2303
[DATA] MOVRTRY source=BinanceTR-public interval=5m candles=2303
[DATA] METTRY source=BinanceTR-public interval=5m candles=2303
[DATA] NEARTRY source=BinanceTR-public interval=5m candles=2303
[DATA] NEWTTRY source=BinanceTR-public interval=5m candles=2303
[DATA] NEOTRY source=BinanceTR-public interval=5m candles=2303
[DATA] NEIROTRY source=BinanceTR-public interval=5m candles=2303
[DATA] NIGHTTRY source=BinanceTR-public interval=5m candles=2303
[DATA] NMRTRY source=BinanceTR-public interval=5m candles=2303
[DATA] NILTRY source=BinanceTR-public interval=5m candles=2303
[DATA] NOMTRY source=BinanceTR-public interval=5m candles=2303
[DATA] NOTTRY source=BinanceTR-public interval=5m candles=2303
[DATA] OGNTRY source=BinanceTR-public interval=5m candles=2303
[DATA] ONDOTRY source=BinanceTR-public interval=5m candles=2303
[DATA] NXPCTRY source=BinanceTR-public interval=5m candles=2303
[DATA] OGTRY source=BinanceTR-public interval=5m candles=2303
[DATA] ONETRY source=BinanceTR-public interval=5m candles=2303
[DATA] ONTTRY source=BinanceTR-public interval=5m candles=2303
[DATA] OPENTRY source=BinanceTR-public interval=5m candles=2303
[DATA] OPGTRY source=BinanceTR-public interval=5m candles=2303
[DATA] OPNTRY source=BinanceTR-public interval=5m candles=2303
[DATA] OPTRY source=BinanceTR-public interval=5m candles=2303
[DATA] ORCATRY source=BinanceTR-public interval=5m candles=2303
[DATA] ORDITRY source=BinanceTR-public interval=5m candles=2303
[DATA] PARTITRY source=BinanceTR-public interval=5m candles=2303
[DATA] PAXGTRY source=BinanceTR-public interval=5m candles=2303
[DATA] PENDLETRY source=BinanceTR-public interval=5m candles=2303
[DATA] PEOPLETRY source=BinanceTR-public interval=5m candles=2303
[DATA] PEPETRY source=BinanceTR-public interval=5m candles=2303
[DATA] PHATRY source=BinanceTR-public interval=5m candles=2303
[DATA] PENGUTRY source=BinanceTR-public interval=5m candles=2303
[DATA] PIXELTRY source=BinanceTR-public interval=5m candles=2303
[DATA] PLUMETRY source=BinanceTR-public interval=5m candles=2303
[DATA] POLYXTRY source=BinanceTR-public interval=5m candles=2303
[DATA] PNUTTRY source=BinanceTR-public interval=5m candles=2303
[DATA] POLTRY source=BinanceTR-public interval=5m candles=2303
[DATA] PORTALTRY source=BinanceTR-public interval=5m candles=2303
[DATA] PROVETRY source=BinanceTR-public interval=5m candles=2303
[DATA] PORTOTRY source=BinanceTR-public interval=5m candles=2303
[DATA] PSGTRY source=BinanceTR-public interval=5m candles=2303
[DATA] QTUMTRY source=BinanceTR-public interval=5m candles=2303
[DATA] PUMPTRY source=BinanceTR-public interval=5m candles=2303
[DATA] PYTHTRY source=BinanceTR-public interval=5m candles=2303
[DATA] RARETRY source=BinanceTR-public interval=5m candles=2303
[DATA] RADTRY source=BinanceTR-public interval=5m candles=2303
[DATA] RAYTRY source=BinanceTR-public interval=5m candles=2303
[DATA] RENDERTRY source=BinanceTR-public interval=5m candles=2303
[DATA] RESOLVTRY source=BinanceTR-public interval=5m candles=2303
[DATA] RETRY source=BinanceTR-public interval=5m candles=2303
[DATA] ROBOTRY source=BinanceTR-public interval=5m candles=2303
[DATA] REZTRY source=BinanceTR-public interval=5m candles=2303
[DATA] REDTRY source=BinanceTR-public interval=5m candles=2303
[DATA] RVNTRY source=BinanceTR-public interval=5m candles=2303
[DATA] SAGATRY source=BinanceTR-public interval=5m candles=2303
[DATA] RONINTRY source=BinanceTR-public interval=5m candles=2303
[DATA] ROSETRY source=BinanceTR-public interval=5m candles=2303
[DATA] RSRTRY source=BinanceTR-public interval=5m candles=2303
[DATA] SAHARATRY source=BinanceTR-public interval=5m candles=2303
[DATA] SANDTRY source=BinanceTR-public interval=5m candles=2303
[DATA] SEITRY source=BinanceTR-public interval=5m candles=2303
[DATA] SANTOSTRY source=BinanceTR-public interval=5m candles=2303
[DATA] SAPIENTRY source=BinanceTR-public interval=5m candles=2303
[DATA] SCRTRY source=BinanceTR-public interval=5m candles=2303
[DATA] SKLTRY source=BinanceTR-public interval=5m candles=2303
[DATA] SHELLTRY source=BinanceTR-public interval=5m candles=2303
[DATA] SIGNTRY source=BinanceTR-public interval=5m candles=2303
[DATA] SENTTRY source=BinanceTR-public interval=5m candles=2303
[DATA] SKYTRY source=BinanceTR-public interval=5m candles=2303
[DATA] SHIBTRY source=BinanceTR-public interval=5m candles=2303
[DATA] SLPTRY source=BinanceTR-public interval=5m candles=2303
[DATA] SOMITRY source=BinanceTR-public interval=5m candles=2303
[DATA] SOLTRY source=BinanceTR-public interval=5m candles=2303
[DATA] SNXTRY source=BinanceTR-public interval=5m candles=2303
[DATA] SOLVTRY source=BinanceTR-public interval=5m candles=2303
[DATA] SOPHTRY source=BinanceTR-public interval=5m candles=2303
[DATA] SPELLTRY source=BinanceTR-public interval=5m candles=2303
[DATA] SPKTRY source=BinanceTR-public interval=5m candles=2303
[DATA] STRKTRY source=BinanceTR-public interval=5m candles=2303
[DATA] STRAXTRY source=BinanceTR-public interval=5m candles=2303
[DATA] STOTRY source=BinanceTR-public interval=5m candles=2303
[DATA] STXTRY source=BinanceTR-public interval=5m candles=2303
[DATA] SUITRY source=BinanceTR-public interval=5m candles=2303
[DATA] STRY source=BinanceTR-public interval=5m candles=2303
[DATA] SUPERTRY source=BinanceTR-public interval=5m candles=2303
[DATA] SUNTRY source=BinanceTR-public interval=5m candles=2303
[DATA] SUSHITRY source=BinanceTR-public interval=5m candles=2303
[DATA] SXTTRY source=BinanceTR-public interval=5m candles=2303
[DATA] THETRY source=BinanceTR-public interval=5m candles=2303
[DATA] SYRUPTRY source=BinanceTR-public interval=5m candles=2303
[DATA] TAOTRY source=BinanceTR-public interval=5m candles=2303
[DATA] THETATRY source=BinanceTR-public interval=5m candles=2303
[DATA] TIATRY source=BinanceTR-public interval=5m candles=2303
[DATA] TLMTRY source=BinanceTR-public interval=5m candles=2303
[DATA] TNSRTRY source=BinanceTR-public interval=5m candles=2303
[DATA] TRBTRY source=BinanceTR-public interval=5m candles=2303
[DATA] TOWNSTRY source=BinanceTR-public interval=5m candles=2303
[DATA] TREETRY source=BinanceTR-public interval=5m candles=2303
[DATA] TRXTRY source=BinanceTR-public interval=5m candles=2303
[DATA] TSTTRY source=BinanceTR-public interval=5m candles=2303
[DATA] TURBOTRY source=BinanceTR-public interval=5m candles=2303
[DATA] TURTLETRY source=BinanceTR-public interval=5m candles=2303
[DATA] TRUMPTRY source=BinanceTR-public interval=5m candles=2303
[DATA] UMATRY source=BinanceTR-public interval=5m candles=2303
[DATA] TWTTRY source=BinanceTR-public interval=5m candles=2303
[DATA] USD1TRY source=BinanceTR-public interval=5m candles=2303
[DATA] UNITRY source=BinanceTR-public interval=5m candles=2303
[DATA] USDTTRY source=BinanceTR-public interval=5m candles=2303
[DATA] USDCTRY source=BinanceTR-public interval=5m candles=2303
[DATA] USUALTRY source=BinanceTR-public interval=5m candles=2303
[DATA] USTCTRY source=BinanceTR-public interval=5m candles=2303
[DATA] VANRYTRY source=BinanceTR-public interval=5m candles=2303
[DATA] UTRY source=BinanceTR-public interval=5m candles=2303
[DATA] VANATRY source=BinanceTR-public interval=5m candles=2303
[DATA] VICTRY source=BinanceTR-public interval=5m candles=2303
[DATA] WALTRY source=BinanceTR-public interval=5m candles=2303
[DATA] VETTRY source=BinanceTR-public interval=5m candles=2303
[DATA] WCTTRY source=BinanceTR-public interval=5m candles=2303
[DATA] VIRTUALTRY source=BinanceTR-public interval=5m candles=2303
[DATA] WIFTRY source=BinanceTR-public interval=5m candles=2303
[DATA] WLDTRY source=BinanceTR-public interval=5m candles=2303
[DATA] WTRY source=BinanceTR-public interval=5m candles=2303
[DATA] WLFITRY source=BinanceTR-public interval=5m candles=2303
[DATA] XAITRY source=BinanceTR-public interval=5m candles=2303
[DATA] XAUTTRY source=BinanceTR-public interval=5m candles=2303
[DATA] XRPTRY source=BinanceTR-public interval=5m candles=2303
[DATA] XPLTRY source=BinanceTR-public interval=5m candles=2303
[DATA] XLMTRY source=BinanceTR-public interval=5m candles=2303
[DATA] XECTRY source=BinanceTR-public interval=5m candles=2303
[DATA] YBTRY source=BinanceTR-public interval=5m candles=2303
[DATA] XTZTRY source=BinanceTR-public interval=5m candles=2303
[DATA] XVGTRY source=BinanceTR-public interval=5m candles=2303
[DATA] ZAMATRY source=BinanceTR-public interval=5m candles=2303
[DATA] ZKCTRY source=BinanceTR-public interval=5m candles=2303
[DATA] ZILTRY source=BinanceTR-public interval=5m candles=2303
[DATA] ZBTTRY source=BinanceTR-public interval=5m candles=2303
[DATA] ZKPTRY source=BinanceTR-public interval=5m candles=2303
[DATA] ZKTRY source=BinanceTR-public interval=5m candles=2303
[DATA] ZROTRY source=BinanceTR-public interval=5m candles=2304
[ACTIVITY] 0GTRY status=PASSIVE metrics={"status": "PASSIVE", "quote_volume": 81577250.7, "range_15m_pct": 0.2692, "atr_pct": 0.2208, "volume_ratio": 0.2923, "spread_pct": 0.1343, "checks": {"quote_volume": true, "range_15m": true, "atr": true, "volume_ratio": false, "spread": true}, "reason": "movement_or_liquidity_below_threshold"}
[ACTIVITY] 1000CATTRY status=PASSIVE metrics={"status": "PASSIVE", "quote_volume": 5725145.93, "range_15m_pct": 0.0, "atr_pct": 0.1808, "volume_ratio": 1.247, "spread_pct": 1.2579, "checks": {"quote_volume": true, "range_15m": false, "atr": true, "volume_ratio": true, "spread": false}, "reason": "movement_or_liquidity_below_threshold"}
[ACTIVITY] 1000SATSTRY status=PASSIVE metrics={"status": "PASSIVE", "quote_volume": 9186122.21, "range_15m_pct": 0.207, "atr_pct": 0.207, "volume_ratio": 0.3319, "spread_pct": 0.2073, "checks": {"quote_volume": true, "range_15m": true, "atr": true, "volume_ratio": false, "spread": true}, "reason": "movement_or_liquidity_below_threshold"}
[ACTIVITY] 1MBABYDOGETRY status=PASSIVE metrics={"status": "PASSIVE", "quote_volume": 31608250.73, "range_15m_pct": 0.2424, "atr_pct": 0.0693, "volume_ratio": 2.5062, "spread_pct": 0.182, "checks": {"quote_volume": true, "range_15m": true, "atr": false, "volume_ratio": true, "spread": true}, "reason": "movement_or_liquidity_below_threshold"}
[ACTIVITY] 2ZTRY status=PASSIVE metrics={"status": "PASSIVE", "quote_volume": 817246.61, "range_15m_pct": 0.0, "atr_pct": 0.0659, "volume_ratio": 0.0, "spread_pct": 0.1612, "checks": {"quote_volume": false, "range_15m": false, "atr": false, "volume_ratio": false, "spread": true}, "reason": "movement_or_liquidity_below_threshold"}
[ACTIVITY] AAVETRY status=PASSIVE metrics={"status": "PASSIVE", "quote_volume": 11097696.75, "range_15m_pct": 0.2341, "atr_pct": 0.1269, "volume_ratio": 0.0, "spread_pct": 0.0468, "checks": {"quote_volume": true, "range_15m": true, "atr": false, "volume_ratio": false, "spread": true}, "reason": "movement_or_liquidity_below_threshold"}
[ACTIVITY] ACETRY status=ACTIVE metrics={"status": "ACTIVE", "quote_volume": 86088073.0, "range_15m_pct": 4.2783, "atr_pct": 1.7357, "volume_ratio": 4.4341, "spread_pct": 0.1626, "checks": {"quote_volume": true, "range_15m": true, "atr": true, "volume_ratio": true, "spread": true}, "reason": "active"}
[ACTIVITY] ACHTRY status=PASSIVE metrics={"status": "PASSIVE", "quote_volume": 7117349.67, "range_15m_pct": 0.2494, "atr_pct": 0.1317, "volume_ratio": 0.8876, "spread_pct": 0.0499, "checks": {"quote_volume": true, "range_15m": true, "atr": false, "volume_ratio": true, "spread": true}, "reason": "movement_or_liquidity_below_threshold"}
[ACTIVITY] ACMTRY status=PASSIVE metrics={"status": "PASSIVE", "quote_volume": 1471348.61, "range_15m_pct": 0.0, "atr_pct": 0.0673, "volume_ratio": 0.0, "spread_pct": 0.7062, "checks": {"quote_volume": true, "range_15m": false, "atr": false, "volume_ratio": false, "spread": false}, "reason": "movement_or_liquidity_below_threshold"}
[ACTIVITY] ACTTRY status=PASSIVE metrics={"status": "PASSIVE", "quote_volume": 19556883.08, "range_15m_pct": 0.5675, "atr_pct": 0.2821, "volume_ratio": 0.1542, "spread_pct": 0.0809, "checks": {"quote_volume": true, "range_15m": true, "atr": true, "volume_ratio": false, "spread": true}, "reason": "movement_or_liquidity_below_threshold"}
[ACTIVITY] ACXTRY status=PASSIVE metrics={"status": "PASSIVE", "quote_volume": 20018682.69, "range_15m_pct": 0.0, "atr_pct": 0.0407, "volume_ratio": 0.0, "spread_pct": 0.1036, "checks": {"quote_volume": true, "range_15m": false, "atr": false, "volume_ratio": false, "spread": true}, "reason": "movement_or_liquidity_below_threshold"}
[ACTIVITY] ADATRY status=PASSIVE metrics={"status": "PASSIVE", "quote_volume": 30906496.58, "range_15m_pct": 0.3375, "atr_pct": 0.1441, "volume_ratio": 3.9232, "spread_pct": 0.112, "checks": {"quote_volume": true, "range_15m": true, "atr": false, "volume_ratio": true, "spread": true}, "reason": "movement_or_liquidity_below_threshold"}
[ACTIVITY] AEROTRY status=PASSIVE metrics={"status": "PASSIVE", "quote_volume": 1404488.65, "range_15m_pct": 0.6015, "atr_pct": 0.1103, "volume_ratio": 10.2329, "spread_pct": 0.0998, "checks": {"quote_volume": true, "range_15m": true, "atr": false, "volume_ratio": true, "spread": true}, "reason": "movement_or_liquidity_below_threshold"}
[ACTIVITY] AEVOTRY status=PASSIVE metrics={"status": "PASSIVE", "quote_volume": 3670577.59, "range_15m_pct": 0.1058, "atr_pct": 0.1361, "volume_ratio": 0.0527, "spread_pct": 0.1059, "checks": {"quote_volume": true, "range_15m": false, "atr": false, "volume_ratio": false, "spread": true}, "reason": "movement_or_liquidity_below_threshold"}
[ACTIVITY] AIGENSYNTRY status=ACTIVE metrics={"status": "ACTIVE", "quote_volume": 18277536.49, "range_15m_pct": 0.4069, "atr_pct": 0.2316, "volume_ratio": 1.9041, "spread_pct": 0.1014, "checks": {"quote_volume": true, "range_15m": true, "atr": true, "volume_ratio": true, "spread": true}, "reason": "active"}
[ACTIVITY] AITRY status=PASSIVE metrics={"status": "PASSIVE", "quote_volume": 5626284.63, "range_15m_pct": 1.2195, "atr_pct": 0.0861, "volume_ratio": 0.0, "spread_pct": 1.2121, "checks": {"quote_volume": true, "range_15m": true, "atr": false, "volume_ratio": false, "spread": false}, "reason": "movement_or_liquidity_below_threshold"}
[ACTIVITY] AIXBTTRY status=PASSIVE metrics={"status": "PASSIVE", "quote_volume": 5569506.3, "range_15m_pct": 0.3576, "atr_pct": 0.1192, "volume_ratio": 0.0, "spread_pct": 0.2378, "checks": {"quote_volume": true, "range_15m": true, "atr": false, "volume_ratio": false, "spread": true}, "reason": "movement_or_liquidity_below_threshold"}
[ACTIVITY] ALGOTRY status=PASSIVE metrics={"status": "PASSIVE", "quote_volume": 2144476.5, "range_15m_pct": 0.0, "atr_pct": 0.0148, "volume_ratio": 0.0, "spread_pct": 0.0517, "checks": {"quote_volume": true, "range_15m": false, "atr": false, "volume_ratio": false, "spread": true}, "reason": "movement_or_liquidity_below_threshold"}
[ACTIVITY] ALICETRY status=PASSIVE metrics={"status": "PASSIVE", "quote_volume": 16331140.92, "range_15m_pct": 0.0, "atr_pct": 0.0764, "volume_ratio": 0.0, "spread_pct": 0.1778, "checks": {"quote_volume": true, "range_15m": false, "atr": false, "volume_ratio": false, "spread": true}, "reason": "movement_or_liquidity_below_threshold"}
[ACTIVITY] ALLOTRY status=ACTIVE metrics={"status": "ACTIVE", "quote_volume": 39065157.03, "range_15m_pct": 0.9479, "atr_pct": 0.6912, "volume_ratio": 0.7161, "spread_pct": 0.067, "checks": {"quote_volume": true, "range_15m": true, "atr": true, "volume_ratio": true, "spread": true}, "reason": "active"}
[ACTIVITY] ALPINETRY status=PASSIVE metrics={"status": "PASSIVE", "quote_volume": 6731863.89, "range_15m_pct": 0.3268, "atr_pct": 0.0747, "volume_ratio": 5.8409, "spread_pct": 0.1308, "checks": {"quote_volume": true, "range_15m": true, "atr": false, "volume_ratio": true, "spread": true}, "reason": "movement_or_liquidity_below_threshold"}
[ACTIVITY] ALTTRY status=PASSIVE metrics={"status": "PASSIVE", "quote_volume": 6132421.63, "range_15m_pct": 0.0, "atr_pct": 0.0765, "volume_ratio": 0.1839, "spread_pct": 0.7168, "checks": {"quote_volume": true, "range_15m": false, "atr": false, "volume_ratio": false, "spread": false}, "reason": "movement_or_liquidity_below_threshold"}
[ACTIVITY] AMPTRY status=PASSIVE metrics={"status": "PASSIVE", "quote_volume": 20040722.68, "range_15m_pct": 0.5495, "atr_pct": 0.0785, "volume_ratio": 0.0, "spread_pct": 0.5479, "checks": {"quote_volume": true, "range_15m": true, "atr": false, "volume_ratio": false, "spread": false}, "reason": "movement_or_liquidity_below_threshold"}
[ACTIVITY] ANIMETRY status=PASSIVE metrics={"status": "PASSIVE", "quote_volume": 555770.28, "range_15m_pct": 0.0, "atr_pct": 0.0, "volume_ratio": 0.0, "spread_pct": 0.8584, "checks": {"quote_volume": false, "range_15m": false, "atr": false, "volume_ratio": false, "spread": false}, "reason": "movement_or_liquidity_below_threshold"}
[ACTIVITY] ANKRTRY status=PASSIVE metrics={"status": "PASSIVE", "quote_volume": 585624.76, "range_15m_pct": 0.0606, "atr_pct": 0.0476, "volume_ratio": 0.0, "spread_pct": 0.0606, "checks": {"quote_volume": false, "range_15m": false, "atr": false, "volume_ratio": false, "spread": true}, "reason": "movement_or_liquidity_below_threshold"}
[ACTIVITY] APETRY status=PASSIVE metrics={"status": "PASSIVE", "quote_volume": 3586305.76, "range_15m_pct": 0.1626, "atr_pct": 0.1278, "volume_ratio": 0.0, "spread_pct": 0.1625, "checks": {"quote_volume": true, "range_15m": true, "atr": false, "volume_ratio": false, "spread": true}, "reason": "movement_or_liquidity_below_threshold"}
[ACTIVITY] API3TRY status=PASSIVE metrics={"status": "PASSIVE", "quote_volume": 9100554.91, "range_15m_pct": 0.1107, "atr_pct": 0.1266, "volume_ratio": 0.096, "spread_pct": 0.1108, "checks": {"quote_volume": true, "range_15m": false, "atr": false, "volume_ratio": false, "spread": true}, "reason": "movement_or_liquidity_below_threshold"}
[ACTIVITY] APTTRY status=PASSIVE metrics={"status": "PASSIVE", "quote_volume": 5045412.46, "range_15m_pct": 0.369, "atr_pct": 0.1838, "volume_ratio": 0.1705, "spread_pct": 0.3683, "checks": {"quote_volume": true, "range_15m": true, "atr": true, "volume_ratio": false, "spread": false}, "reason": "movement_or_liquidity_below_threshold"}
[ACTIVITY] ARBTRY status=PASSIVE metrics={"status": "PASSIVE", "quote_volume": 20232583.75, "range_15m_pct": 0.266, "atr_pct": 0.095, "volume_ratio": 0.0, "spread_pct": 0.2663, "checks": {"quote_volume": true, "range_15m": true, "atr": false, "volume_ratio": false, "spread": true}, "reason": "movement_or_liquidity_below_threshold"}
[ACTIVITY] ARKMTRY status=PASSIVE metrics={"status": "PASSIVE", "quote_volume": 6123986.94, "range_15m_pct": 0.155, "atr_pct": 0.1613, "volume_ratio": 0.0812, "spread_pct": 0.1106, "checks": {"quote_volume": true, "range_15m": true, "atr": true, "volume_ratio": false, "spread": true}, "reason": "movement_or_liquidity_below_threshold"}
[ACTIVITY] ARKTRY status=PASSIVE metrics={"status": "PASSIVE", "quote_volume": 1062223.4, "range_15m_pct": 0.0, "atr_pct": 0.0808, "volume_ratio": 0.0, "spread_pct": 0.227, "checks": {"quote_volume": true, "range_15m": false, "atr": false, "volume_ratio": false, "spread": true}, "reason": "movement_or_liquidity_below_threshold"}
[ACTIVITY] ARPATRY status=PASSIVE metrics={"status": "PASSIVE", "quote_volume": 6734449.25, "range_15m_pct": 0.1434, "atr_pct": 0.1023, "volume_ratio": 0.1573, "spread_pct": 0.0953, "checks": {"quote_volume": true, "range_15m": false, "atr": false, "volume_ratio": false, "spread": true}, "reason": "movement_or_liquidity_below_threshold"}
[ACTIVITY] ARTRY status=PASSIVE metrics={"status": "PASSIVE", "quote_volume": 1368142.93, "range_15m_pct": 0.2922, "atr_pct": 0.1185, "volume_ratio": 0.0, "spread_pct": 0.1284, "checks": {"quote_volume": true, "range_15m": true, "atr": false, "volume_ratio": false, "spread": true}, "reason": "movement_or_liquidity_below_threshold"}
[ACTIVITY] ASRTRY status=PASSIVE metrics={"status": "PASSIVE", "quote_volume": 12763825.81, "range_15m_pct": 0.1702, "atr_pct": 0.078, "volume_ratio": 0.0, "spread_pct": 0.1697, "checks": {"quote_volume": true, "range_15m": true, "atr": false, "volume_ratio": false, "spread": true}, "reason": "movement_or_liquidity_below_threshold"}
[ACTIVITY] ASTERTRY status=PASSIVE metrics={"status": "PASSIVE", "quote_volume": 5221664.2, "range_15m_pct": 0.0694, "atr_pct": 0.0421, "volume_ratio": 0.4483, "spread_pct": 0.0347, "checks": {"quote_volume": true, "range_15m": false, "atr": false, "volume_ratio": false, "spread": true}, "reason": "movement_or_liquidity_below_threshold"}
[ACTIVITY] ATMTRY status=PASSIVE metrics={"status": "PASSIVE", "quote_volume": 43242454.56, "range_15m_pct": 0.1938, "atr_pct": 0.3293, "volume_ratio": 0.0, "spread_pct": 0.1669, "checks": {"quote_volume": true, "range_15m": true, "atr": true, "volume_ratio": false, "spread": true}, "reason": "movement_or_liquidity_below_threshold"}
[ACTIVITY] ATOMTRY status=PASSIVE metrics={"status": "PASSIVE", "quote_volume": 3083001.53, "range_15m_pct": 0.0, "atr_pct": 0.0316, "volume_ratio": 0.0, "spread_pct": 0.1478, "checks": {"quote_volume": true, "range_15m": false, "atr": false, "volume_ratio": false, "spread": true}, "reason": "movement_or_liquidity_below_threshold"}
[ACTIVITY] ATRY status=PASSIVE metrics={"status": "PASSIVE", "quote_volume": 486057.91, "range_15m_pct": 0.0, "atr_pct": 0.0233, "volume_ratio": 1.6852, "spread_pct": 0.3273, "checks": {"quote_volume": false, "range_15m": false, "atr": false, "volume_ratio": true, "spread": false}, "reason": "movement_or_liquidity_below_threshold"}
[ACTIVITY] ATTRY status=ACTIVE metrics={"status": "ACTIVE", "quote_volume": 27949382.59, "range_15m_pct": 0.7742, "atr_pct": 0.5775, "volume_ratio": 3.0101, "spread_pct": 0.1216, "checks": {"quote_volume": true, "range_15m": true, "atr": true, "volume_ratio": true, "spread": true}, "reason": "active"}
[ACTIVITY] AUCTIONTRY status=PASSIVE metrics={"status": "PASSIVE", "quote_volume": 1035263.82, "range_15m_pct": 0.0, "atr_pct": 0.0, "volume_ratio": 0.0, "spread_pct": 0.1447, "checks": {"quote_volume": true, "range_15m": false, "atr": false, "volume_ratio": false, "spread": true}, "reason": "movement_or_liquidity_below_threshold"}
[ACTIVITY] AUDIOTRY status=PASSIVE metrics={"status": "PASSIVE", "quote_volume": 38748293.81, "range_15m_pct": 0.2419, "atr_pct": 0.1157, "volume_ratio": 0.0562, "spread_pct": 0.0862, "checks": {"quote_volume": true, "range_15m": true, "atr": false, "volume_ratio": false, "spread": true}, "reason": "movement_or_liquidity_below_threshold"}
[ACTIVITY] AVAXTRY status=ACTIVE metrics={"status": "ACTIVE", "quote_volume": 93756448.62, "range_15m_pct": 0.1678, "atr_pct": 0.1726, "volume_ratio": 0.7326, "spread_pct": 0.0336, "checks": {"quote_volume": true, "range_15m": true, "atr": true, "volume_ratio": true, "spread": true}, "reason": "active"}
[ACTIVITY] AVNTTRY status=PASSIVE metrics={"status": "PASSIVE", "quote_volume": 5803152.42, "range_15m_pct": 0.0, "atr_pct": 0.2115, "volume_ratio": 0.0, "spread_pct": 0.2286, "checks": {"quote_volume": true, "range_15m": false, "atr": true, "volume_ratio": false, "spread": true}, "reason": "movement_or_liquidity_below_threshold"}
[ACTIVITY] AXLTRY status=PASSIVE metrics={"status": "PASSIVE", "quote_volume": 174093.5, "range_15m_pct": 1.1696, "atr_pct": 0.0826, "volume_ratio": 1.2866, "spread_pct": 0.5764, "checks": {"quote_volume": false, "range_15m": true, "atr": false, "volume_ratio": true, "spread": false}, "reason": "movement_or_liquidity_below_threshold"}
[ACTIVITY] AXSTRY status=PASSIVE metrics={"status": "PASSIVE", "quote_volume": 1715119.14, "range_15m_pct": 0.0, "atr_pct": 0.1348, "volume_ratio": 0.0, "spread_pct": 0.2367, "checks": {"quote_volume": true, "range_15m": false, "atr": false, "volume_ratio": false, "spread": true}, "reason": "movement_or_liquidity_below_threshold"}
[ACTIVITY] BABYTRY status=ACTIVE metrics={"status": "ACTIVE", "quote_volume": 19982258.36, "range_15m_pct": 2.1467, "atr_pct": 2.0026, "volume_ratio": 0.9139, "spread_pct": 0.1807, "checks": {"quote_volume": true, "range_15m": true, "atr": true, "volume_ratio": true, "spread": true}, "reason": "active"}
[ACTIVITY] BANANATRY status=PASSIVE metrics={"status": "PASSIVE", "quote_volume": 31957451.75, "range_15m_pct": 0.0, "atr_pct": 0.0406, "volume_ratio": 0.0, "spread_pct": 0.5666, "checks": {"quote_volume": true, "range_15m": false, "atr": false, "volume_ratio": false, "spread": false}, "reason": "movement_or_liquidity_below_threshold"}
[ACTIVITY] BANKTRY status=ACTIVE metrics={"status": "ACTIVE", "quote_volume": 184251978.86, "range_15m_pct": 0.8955, "atr_pct": 0.4129, "volume_ratio": 0.6946, "spread_pct": 0.0598, "checks": {"quote_volume": true, "range_15m": true, "atr": true, "volume_ratio": true, "spread": true}, "reason": "active"}
[ACTIVITY] BARDTRY status=PASSIVE metrics={"status": "PASSIVE", "quote_volume": 4464741.4, "range_15m_pct": 0.0, "atr_pct": 0.0273, "volume_ratio": 0.0, "spread_pct": 0.1914, "checks": {"quote_volume": true, "range_15m": false, "atr": false, "volume_ratio": false, "spread": true}, "reason": "movement_or_liquidity_below_threshold"}
[ACTIVITY] BARTRY status=PASSIVE metrics={"status": "PASSIVE", "quote_volume": 4971157.53, "range_15m_pct": 0.0801, "atr_pct": 0.0629, "volume_ratio": 1.6487, "spread_pct": 0.16, "checks": {"quote_volume": true, "range_15m": false, "atr": false, "volume_ratio": true, "spread": true}, "reason": "movement_or_liquidity_below_threshold"}
[ACTIVITY] BBTRY status=ACTIVE metrics={"status": "ACTIVE", "quote_volume": 25779071.74, "range_15m_pct": 0.633, "atr_pct": 0.2259, "volume_ratio": 5.4045, "spread_pct": 0.1495, "checks": {"quote_volume": true, "range_15m": true, "atr": true, "volume_ratio": true, "spread": true}, "reason": "active"}
[ACTIVITY] BCHTRY status=PASSIVE metrics={"status": "PASSIVE", "quote_volume": 89517.28, "range_15m_pct": 0.0, "atr_pct": 0.0252, "volume_ratio": 0.0, "spread_pct": 0.049, "checks": {"quote_volume": false, "range_15m": false, "atr": false, "volume_ratio": false, "spread": true}, "reason": "movement_or_liquidity_below_threshold"}
[ACTIVITY] BEAMXTRY status=PASSIVE metrics={"status": "PASSIVE", "quote_volume": 1363549.4, "range_15m_pct": 0.0, "atr_pct": 0.12, "volume_ratio": 0.0, "spread_pct": 0.153, "checks": {"quote_volume": true, "range_15m": false, "atr": false, "volume_ratio": false, "spread": true}, "reason": "movement_or_liquidity_below_threshold"}
[ACTIVITY] BELTRY status=PASSIVE metrics={"status": "PASSIVE", "quote_volume": 25292992.09, "range_15m_pct": 0.4065, "atr_pct": 0.1449, "volume_ratio": 1.2389, "spread_pct": 0.203, "checks": {"quote_volume": true, "range_15m": true, "atr": false, "volume_ratio": true, "spread": true}, "reason": "movement_or_liquidity_below_threshold"}
[ACTIVITY] BERATRY status=PASSIVE metrics={"status": "PASSIVE", "quote_volume": 14887485.89, "range_15m_pct": 0.3546, "atr_pct": 0.2543, "volume_ratio": 0.0, "spread_pct": 0.1138, "checks": {"quote_volume": true, "range_15m": true, "atr": true, "volume_ratio": false, "spread": true}, "reason": "movement_or_liquidity_below_threshold"}
[ACTIVITY] BIOTRY status=ACTIVE metrics={"status": "ACTIVE", "quote_volume": 18994439.74, "range_15m_pct": 0.3384, "atr_pct": 0.1689, "volume_ratio": 1.1061, "spread_pct": 0.0844, "checks": {"quote_volume": true, "range_15m": true, "atr": true, "volume_ratio": true, "spread": true}, "reason": "active"}
[ACTIVITY] BLURTRY status=PASSIVE metrics={"status": "PASSIVE", "quote_volume": 2174485.08, "range_15m_pct": 0.1543, "atr_pct": 0.1213, "volume_ratio": 0.2928, "spread_pct": 0.1547, "checks": {"quote_volume": true, "range_15m": true, "atr": false, "volume_ratio": false, "spread": true}, "reason": "movement_or_liquidity_below_threshold"}
[ACTIVITY] BMTTRY status=PASSIVE metrics={"status": "PASSIVE", "quote_volume": 419003816.35, "range_15m_pct": 0.8383, "atr_pct": 1.0595, "volume_ratio": 0.3042, "spread_pct": 0.12, "checks": {"quote_volume": true, "range_15m": true, "atr": true, "volume_ratio": false, "spread": true}, "reason": "movement_or_liquidity_below_threshold"}
[ACTIVITY] BNBTRY status=PASSIVE metrics={"status": "PASSIVE", "quote_volume": 25606501.88, "range_15m_pct": 0.1027, "atr_pct": 0.3751, "volume_ratio": 0.021, "spread_pct": 0.0205, "checks": {"quote_volume": true, "range_15m": false, "atr": true, "volume_ratio": false, "spread": true}, "reason": "movement_or_liquidity_below_threshold"}
[ACTIVITY] BOMETRY status=PASSIVE metrics={"status": "PASSIVE", "quote_volume": 33836601.62, "range_15m_pct": 0.8719, "atr_pct": 0.4476, "volume_ratio": 0.0058, "spread_pct": 0.0814, "checks": {"quote_volume": true, "range_15m": true, "atr": true, "volume_ratio": false, "spread": true}, "reason": "movement_or_liquidity_below_threshold"}
[ACTIVITY] BONKTRY status=PASSIVE metrics={"status": "PASSIVE", "quote_volume": 70145526.13, "range_15m_pct": 0.183, "atr_pct": 0.2089, "volume_ratio": 0.0318, "spread_pct": 0.0914, "checks": {"quote_volume": true, "range_15m": true, "atr": true, "volume_ratio": false, "spread": true}, "reason": "movement_or_liquidity_below_threshold"}
[ACTIVITY] BREVTRY status=PASSIVE metrics={"status": "PASSIVE", "quote_volume": 548326.48, "range_15m_pct": 0.0, "atr_pct": 0.0853, "volume_ratio": 9.0177, "spread_pct": 0.299, "checks": {"quote_volume": false, "range_15m": false, "atr": false, "volume_ratio": true, "spread": true}, "reason": "movement_or_liquidity_below_threshold"}
[ACTIVITY] BTCTRY status=PASSIVE metrics={"status": "PASSIVE", "quote_volume": 164732963.33, "range_15m_pct": 0.1305, "atr_pct": 0.0867, "volume_ratio": 0.9986, "spread_pct": 0.0, "checks": {"quote_volume": true, "range_15m": false, "atr": false, "volume_ratio": true, "spread": true}, "reason": "movement_or_liquidity_below_threshold"}
[ACTIVITY] BTTCTRY status=PASSIVE metrics={"status": "PASSIVE", "quote_volume": 1737957.08, "range_15m_pct": 0.1603, "atr_pct": 0.3829, "volume_ratio": 0.0, "spread_pct": 0.08, "checks": {"quote_volume": true, "range_15m": true, "atr": true, "volume_ratio": false, "spread": true}, "reason": "movement_or_liquidity_below_threshold"}
[ACTIVITY] CAKETRY status=PASSIVE metrics={"status": "PASSIVE", "quote_volume": 1955447.61, "range_15m_pct": 0.1879, "atr_pct": 0.2019, "volume_ratio": 0.3233, "spread_pct": 0.072, "checks": {"quote_volume": true, "range_15m": true, "atr": true, "volume_ratio": false, "spread": true}, "reason": "movement_or_liquidity_below_threshold"}
[ACTIVITY] CATITRY status=PASSIVE metrics={"status": "PASSIVE", "quote_volume": 2994125.58, "range_15m_pct": 0.0986, "atr_pct": 0.0528, "volume_ratio": 0.0176, "spread_pct": 0.1969, "checks": {"quote_volume": true, "range_15m": false, "atr": false, "volume_ratio": false, "spread": true}, "reason": "movement_or_liquidity_below_threshold"}
[ACTIVITY] CELOTRY status=PASSIVE metrics={"status": "PASSIVE", "quote_volume": 279431.29, "range_15m_pct": 0.4058, "atr_pct": 0.0866, "volume_ratio": 98.6193, "spread_pct": 0.1684, "checks": {"quote_volume": false, "range_15m": true, "atr": false, "volume_ratio": true, "spread": true}, "reason": "movement_or_liquidity_below_threshold"}
[ACTIVITY] CETUSTRY status=PASSIVE metrics={"status": "PASSIVE", "quote_volume": 9959564.51, "range_15m_pct": 0.2169, "atr_pct": 0.0852, "volume_ratio": 0.2486, "spread_pct": 0.1085, "checks": {"quote_volume": true, "range_15m": true, "atr": false, "volume_ratio": false, "spread": true}, "reason": "movement_or_liquidity_below_threshold"}
[ACTIVITY] CFGTRY status=PASSIVE metrics={"status": "PASSIVE", "quote_volume": 3801534.0, "range_15m_pct": 0.1862, "atr_pct": 0.1337, "volume_ratio": 1.3272, "spread_pct": 0.0399, "checks": {"quote_volume": true, "range_15m": true, "atr": false, "volume_ratio": true, "spread": true}, "reason": "movement_or_liquidity_below_threshold"}
[ACTIVITY] CFXTRY status=PASSIVE metrics={"status": "PASSIVE", "quote_volume": 1905572.99, "range_15m_pct": 0.2001, "atr_pct": 0.1143, "volume_ratio": 3.0282, "spread_pct": 0.1, "checks": {"quote_volume": true, "range_15m": true, "atr": false, "volume_ratio": true, "spread": true}, "reason": "movement_or_liquidity_below_threshold"}
[ACTIVITY] CHIPTRY status=PASSIVE metrics={"status": "PASSIVE", "quote_volume": 12345357.66, "range_15m_pct": 1.4651, "atr_pct": 0.3428, "volume_ratio": 0.3569, "spread_pct": 0.0735, "checks": {"quote_volume": true, "range_15m": true, "atr": true, "volume_ratio": false, "spread": true}, "reason": "movement_or_liquidity_below_threshold"}
[ACTIVITY] CHZTRY status=PASSIVE metrics={"status": "PASSIVE", "quote_volume": 28680646.18, "range_15m_pct": 0.165, "atr_pct": 0.1061, "volume_ratio": 0.0, "spread_pct": 0.1649, "checks": {"quote_volume": true, "range_15m": true, "atr": false, "volume_ratio": false, "spread": true}, "reason": "movement_or_liquidity_below_threshold"}
[ACTIVITY] CITYTRY status=PASSIVE metrics={"status": "PASSIVE", "quote_volume": 3872615.78, "range_15m_pct": 0.5848, "atr_pct": 0.0415, "volume_ratio": 20.857, "spread_pct": 0.5797, "checks": {"quote_volume": true, "range_15m": true, "atr": false, "volume_ratio": true, "spread": false}, "reason": "movement_or_liquidity_below_threshold"}
[ACTIVITY] CKBTRY status=PASSIVE metrics={"status": "PASSIVE", "quote_volume": 500607.54, "range_15m_pct": 0.0, "atr_pct": 0.1071, "volume_ratio": 0.0, "spread_pct": 0.2509, "checks": {"quote_volume": false, "range_15m": false, "atr": false, "volume_ratio": false, "spread": true}, "reason": "movement_or_liquidity_below_threshold"}
[ACTIVITY] COMPTRY status=PASSIVE metrics={"status": "PASSIVE", "quote_volume": 160952.7, "range_15m_pct": 0.129, "atr_pct": 0.0369, "volume_ratio": 0.0, "spread_pct": 0.1289, "checks": {"quote_volume": false, "range_15m": false, "atr": false, "volume_ratio": false, "spread": true}, "reason": "movement_or_liquidity_below_threshold"}
[ACTIVITY] COTITRY status=ACTIVE metrics={"status": "ACTIVE", "quote_volume": 26372546.79, "range_15m_pct": 0.6744, "atr_pct": 0.6257, "volume_ratio": 1.0669, "spread_pct": 0.2834, "checks": {"quote_volume": true, "range_15m": true, "atr": true, "volume_ratio": true, "spread": true}, "reason": "active"}
[ACTIVITY] COWTRY status=PASSIVE metrics={"status": "PASSIVE", "quote_volume": 475522.42, "range_15m_pct": 0.3984, "atr_pct": 0.0996, "volume_ratio": 21.7589, "spread_pct": 0.1994, "checks": {"quote_volume": false, "range_15m": true, "atr": false, "volume_ratio": true, "spread": true}, "reason": "movement_or_liquidity_below_threshold"}
[ACTIVITY] CRVTRY status=ACTIVE metrics={"status": "ACTIVE", "quote_volume": 51203553.87, "range_15m_pct": 1.2938, "atr_pct": 0.5764, "volume_ratio": 0.5468, "spread_pct": 0.0756, "checks": {"quote_volume": true, "range_15m": true, "atr": true, "volume_ratio": true, "spread": true}, "reason": "active"}
[ACTIVITY] CTRY status=PASSIVE metrics={"status": "PASSIVE", "quote_volume": 12275836.68, "range_15m_pct": 0.1599, "atr_pct": 0.1232, "volume_ratio": 0.1394, "spread_pct": 0.2233, "checks": {"quote_volume": true, "range_15m": true, "atr": false, "volume_ratio": false, "spread": true}, "reason": "movement_or_liquidity_below_threshold"}
[ACTIVITY] CYBERTRY status=PASSIVE metrics={"status": "PASSIVE", "quote_volume": 3231472.93, "range_15m_pct": 0.0, "atr_pct": 0.0978, "volume_ratio": 0.0, "spread_pct": 0.6873, "checks": {"quote_volume": true, "range_15m": false, "atr": false, "volume_ratio": false, "spread": false}, "reason": "movement_or_liquidity_below_threshold"}
[ACTIVITY] DASHTRY status=PASSIVE metrics={"status": "PASSIVE", "quote_volume": 5156517.51, "range_15m_pct": 0.4138, "atr_pct": 0.054, "volume_ratio": 5.0412, "spread_pct": 0.0688, "checks": {"quote_volume": true, "range_15m": true, "atr": false, "volume_ratio": true, "spread": true}, "reason": "movement_or_liquidity_below_threshold"}
[ACTIVITY] DODOTRY status=PASSIVE metrics={"status": "PASSIVE", "quote_volume": 200394166.02, "range_15m_pct": 2.2816, "atr_pct": 1.5048, "volume_ratio": 0.4195, "spread_pct": 0.3653, "checks": {"quote_volume": true, "range_15m": true, "atr": true, "volume_ratio": false, "spread": false}, "reason": "movement_or_liquidity_below_threshold"}
[ACTIVITY] DOGETRY status=PASSIVE metrics={"status": "PASSIVE", "quote_volume": 87087485.0, "range_15m_pct": 0.0875, "atr_pct": 0.1374, "volume_ratio": 0.2766, "spread_pct": 0.0292, "checks": {"quote_volume": true, "range_15m": false, "atr": false, "volume_ratio": false, "spread": true}, "reason": "movement_or_liquidity_below_threshold"}
[ACTIVITY] DOGSTRY status=PASSIVE metrics={"status": "PASSIVE", "quote_volume": 3679242.79, "range_15m_pct": 0.0, "atr_pct": 0.0806, "volume_ratio": 0.0, "spread_pct": 0.0594, "checks": {"quote_volume": true, "range_15m": false, "atr": false, "volume_ratio": false, "spread": true}, "reason": "movement_or_liquidity_below_threshold"}
[ACTIVITY] DOLOTRY status=PASSIVE metrics={"status": "PASSIVE", "quote_volume": 13367667.56, "range_15m_pct": 0.4579, "atr_pct": 0.0981, "volume_ratio": 5.6873, "spread_pct": 0.1832, "checks": {"quote_volume": true, "range_15m": true, "atr": false, "volume_ratio": true, "spread": true}, "reason": "movement_or_liquidity_below_threshold"}
[ACTIVITY] DOTTRY status=PASSIVE metrics={"status": "PASSIVE", "quote_volume": 6011436.11, "range_15m_pct": 0.0, "atr_pct": 0.019, "volume_ratio": 0.0, "spread_pct": 0.2656, "checks": {"quote_volume": true, "range_15m": false, "atr": false, "volume_ratio": false, "spread": true}, "reason": "movement_or_liquidity_below_threshold"}
[ACTIVITY] DYDXTRY status=PASSIVE metrics={"status": "PASSIVE", "quote_volume": 1777432.56, "range_15m_pct": 0.0, "atr_pct": 0.0983, "volume_ratio": 0.0, "spread_pct": 0.1321, "checks": {"quote_volume": true, "range_15m": false, "atr": false, "volume_ratio": false, "spread": true}, "reason": "movement_or_liquidity_below_threshold"}
[ACTIVITY] DYMTRY status=ACTIVE metrics={"status": "ACTIVE", "quote_volume": 8727937.63, "range_15m_pct": 0.1602, "atr_pct": 0.4983, "volume_ratio": 2.6916, "spread_pct": 0.204, "checks": {"quote_volume": true, "range_15m": true, "atr": true, "volume_ratio": true, "spread": true}, "reason": "active"}
[ACTIVITY] EDENTRY status=PASSIVE metrics={"status": "PASSIVE", "quote_volume": 25189097.64, "range_15m_pct": 0.3795, "atr_pct": 0.2948, "volume_ratio": 0.0, "spread_pct": 0.0946, "checks": {"quote_volume": true, "range_15m": true, "atr": true, "volume_ratio": false, "spread": true}, "reason": "movement_or_liquidity_below_threshold"}
[ACTIVITY] EDUTRY status=PASSIVE metrics={"status": "PASSIVE", "quote_volume": 31279994.74, "range_15m_pct": 0.5376, "atr_pct": 0.6528, "volume_ratio": 0.0128, "spread_pct": 0.5362, "checks": {"quote_volume": true, "range_15m": true, "atr": true, "volume_ratio": false, "spread": false}, "reason": "movement_or_liquidity_below_threshold"}
[ACTIVITY] EGLDTRY status=PASSIVE metrics={"status": "PASSIVE", "quote_volume": 1702412.04, "range_15m_pct": 0.0, "atr_pct": 0.2215, "volume_ratio": 0.0, "spread_pct": 0.1558, "checks": {"quote_volume": true, "range_15m": false, "atr": true, "volume_ratio": false, "spread": true}, "reason": "movement_or_liquidity_below_threshold"}
[ACTIVITY] EIGENTRY status=ACTIVE metrics={"status": "ACTIVE", "quote_volume": 29520462.09, "range_15m_pct": 0.2165, "atr_pct": 0.1939, "volume_ratio": 1.1694, "spread_pct": 0.0721, "checks": {"quote_volume": true, "range_15m": true, "atr": true, "volume_ratio": true, "spread": true}, "reason": "active"}
[ACTIVITY] ENATRY status=PASSIVE metrics={"status": "PASSIVE", "quote_volume": 64165102.31, "range_15m_pct": 0.1405, "atr_pct": 0.1655, "volume_ratio": 0.5839, "spread_pct": 0.0234, "checks": {"quote_volume": true, "range_15m": false, "atr": true, "volume_ratio": true, "spread": true}, "reason": "movement_or_liquidity_below_threshold"}
[ACTIVITY] ENJTRY status=PASSIVE metrics={"status": "PASSIVE", "quote_volume": 3107119.91, "range_15m_pct": 0.085, "atr_pct": 0.0668, "volume_ratio": 0.6741, "spread_pct": 0.085, "checks": {"quote_volume": true, "range_15m": false, "atr": false, "volume_ratio": true, "spread": true}, "reason": "movement_or_liquidity_below_threshold"}
[ACTIVITY] ENSOTRY status=PASSIVE metrics={"status": "PASSIVE", "quote_volume": 8620689.39, "range_15m_pct": 0.4376, "atr_pct": 0.1719, "volume_ratio": 0.0, "spread_pct": 0.2176, "checks": {"quote_volume": true, "range_15m": true, "atr": true, "volume_ratio": false, "spread": true}, "reason": "movement_or_liquidity_below_threshold"}
[ACTIVITY] ENSTRY status=PASSIVE metrics={"status": "PASSIVE", "quote_volume": 2072691.02, "range_15m_pct": 0.303, "atr_pct": 0.1298, "volume_ratio": 0.0, "spread_pct": 0.0505, "checks": {"quote_volume": true, "range_15m": true, "atr": false, "volume_ratio": false, "spread": true}, "reason": "movement_or_liquidity_below_threshold"}
[ACTIVITY] ERATRY status=PASSIVE metrics={"status": "PASSIVE", "quote_volume": 4789333.67, "range_15m_pct": 0.0, "atr_pct": 0.1405, "volume_ratio": 0.0, "spread_pct": 0.3284, "checks": {"quote_volume": true, "range_15m": false, "atr": false, "volume_ratio": false, "spread": false}, "reason": "movement_or_liquidity_below_threshold"}
[ACTIVITY] ESPTRY status=ACTIVE metrics={"status": "ACTIVE", "quote_volume": 28558991.14, "range_15m_pct": 1.4536, "atr_pct": 0.9029, "volume_ratio": 0.6745, "spread_pct": 0.0588, "checks": {"quote_volume": true, "range_15m": true, "atr": true, "volume_ratio": true, "spread": true}, "reason": "active"}
[ACTIVITY] ETCTRY status=PASSIVE metrics={"status": "PASSIVE", "quote_volume": 331102.59, "range_15m_pct": 0.0, "atr_pct": 0.045, "volume_ratio": 0.0, "spread_pct": 0.1644, "checks": {"quote_volume": false, "range_15m": false, "atr": false, "volume_ratio": false, "spread": true}, "reason": "movement_or_liquidity_below_threshold"}
[ACTIVITY] ETHFITRY status=ACTIVE metrics={"status": "ACTIVE", "quote_volume": 29166419.96, "range_15m_pct": 0.7795, "atr_pct": 0.2211, "volume_ratio": 5.6568, "spread_pct": 0.0554, "checks": {"quote_volume": true, "range_15m": true, "atr": true, "volume_ratio": true, "spread": true}, "reason": "active"}
[ACTIVITY] ETHTRY status=PASSIVE metrics={"status": "PASSIVE", "quote_volume": 177769746.01, "range_15m_pct": 0.216, "atr_pct": 0.1328, "volume_ratio": 0.4357, "spread_pct": 0.0011, "checks": {"quote_volume": true, "range_15m": true, "atr": false, "volume_ratio": false, "spread": true}, "reason": "movement_or_liquidity_below_threshold"}
[ACTIVITY] EULTRY status=PASSIVE metrics={"status": "PASSIVE", "quote_volume": 13925055.01, "range_15m_pct": 0.3759, "atr_pct": 0.2412, "volume_ratio": 0.154, "spread_pct": 0.1874, "checks": {"quote_volume": true, "range_15m": true, "atr": true, "volume_ratio": false, "spread": true}, "reason": "movement_or_liquidity_below_threshold"}
[ACTIVITY] FDUSDTRY status=PASSIVE metrics={"status": "PASSIVE", "quote_volume": 21237801.63, "range_15m_pct": 0.021, "atr_pct": 0.0105, "volume_ratio": 0.0, "spread_pct": 0.021, "checks": {"quote_volume": true, "range_15m": false, "atr": false, "volume_ratio": false, "spread": true}, "reason": "movement_or_liquidity_below_threshold"}
[ACTIVITY] FETTRY status=PASSIVE metrics={"status": "PASSIVE", "quote_volume": 32851411.64, "range_15m_pct": 0.1548, "atr_pct": 0.1437, "volume_ratio": 0.6353, "spread_pct": 0.1547, "checks": {"quote_volume": true, "range_15m": true, "atr": false, "volume_ratio": true, "spread": true}, "reason": "movement_or_liquidity_below_threshold"}
[ACTIVITY] FFTRY status=PASSIVE metrics={"status": "PASSIVE", "quote_volume": 33555256.12, "range_15m_pct": 0.4522, "atr_pct": 0.085, "volume_ratio": 0.1434, "spread_pct": 0.0321, "checks": {"quote_volume": true, "range_15m": true, "atr": false, "volume_ratio": false, "spread": true}, "reason": "movement_or_liquidity_below_threshold"}
[ACTIVITY] FIDATRY status=PASSIVE metrics={"status": "PASSIVE", "quote_volume": 5535605.1, "range_15m_pct": 0.3517, "atr_pct": 0.1089, "volume_ratio": 0.2649, "spread_pct": 0.1173, "checks": {"quote_volume": true, "range_15m": true, "atr": false, "volume_ratio": false, "spread": true}, "reason": "movement_or_liquidity_below_threshold"}
[ACTIVITY] FILTRY status=PASSIVE metrics={"status": "PASSIVE", "quote_volume": 4128905.67, "range_15m_pct": 0.0, "atr_pct": 0.0533, "volume_ratio": 0.0, "spread_pct": 0.0599, "checks": {"quote_volume": true, "range_15m": false, "atr": false, "volume_ratio": false, "spread": true}, "reason": "movement_or_liquidity_below_threshold"}
[ACTIVITY] FLOKITRY status=PASSIVE metrics={"status": "PASSIVE", "quote_volume": 13872608.6, "range_15m_pct": 0.2047, "atr_pct": 0.1389, "volume_ratio": 0.0954, "spread_pct": 0.1023, "checks": {"quote_volume": true, "range_15m": true, "atr": false, "volume_ratio": false, "spread": true}, "reason": "movement_or_liquidity_below_threshold"}
[ACTIVITY] FOGOTRY status=ACTIVE metrics={"status": "ACTIVE", "quote_volume": 3419262.31, "range_15m_pct": 0.6897, "atr_pct": 0.2956, "volume_ratio": 3.0464, "spread_pct": 0.2323, "checks": {"quote_volume": true, "range_15m": true, "atr": true, "volume_ratio": true, "spread": true}, "reason": "active"}
[ACTIVITY] FORMTRY status=PASSIVE metrics={"status": "PASSIVE", "quote_volume": 6099147.35, "range_15m_pct": 0.0976, "atr_pct": 0.1603, "volume_ratio": 1.5404, "spread_pct": 0.0976, "checks": {"quote_volume": true, "range_15m": false, "atr": true, "volume_ratio": true, "spread": true}, "reason": "movement_or_liquidity_below_threshold"}
[ACTIVITY] FTRY status=PASSIVE metrics={"status": "PASSIVE", "quote_volume": 7524901.85, "range_15m_pct": 0.2251, "atr_pct": 0.2358, "volume_ratio": 0.0905, "spread_pct": 0.15, "checks": {"quote_volume": true, "range_15m": true, "atr": true, "volume_ratio": false, "spread": true}, "reason": "movement_or_liquidity_below_threshold"}
[ACTIVITY] GALATRY status=PASSIVE metrics={"status": "PASSIVE", "quote_volume": 12992832.58, "range_15m_pct": 0.123, "atr_pct": 0.1053, "volume_ratio": 1.0476, "spread_pct": 0.1229, "checks": {"quote_volume": true, "range_15m": false, "atr": false, "volume_ratio": true, "spread": true}, "reason": "movement_or_liquidity_below_threshold"}
[ACTIVITY] GASTRY status=PASSIVE metrics={"status": "PASSIVE", "quote_volume": 280545.86, "range_15m_pct": 0.0, "atr_pct": 0.0478, "volume_ratio": 0.0, "spread_pct": 0.223, "checks": {"quote_volume": false, "range_15m": false, "atr": false, "volume_ratio": false, "spread": true}, "reason": "movement_or_liquidity_below_threshold"}
[ACTIVITY] GENIUSTRY status=ACTIVE metrics={"status": "ACTIVE", "quote_volume": 21022652.91, "range_15m_pct": 0.5583, "atr_pct": 0.2538, "volume_ratio": 1.1809, "spread_pct": 0.1668, "checks": {"quote_volume": true, "range_15m": true, "atr": true, "volume_ratio": true, "spread": true}, "reason": "active"}
[ACTIVITY] GIGGLETRY status=ACTIVE metrics={"status": "ACTIVE", "quote_volume": 215277774.71, "range_15m_pct": 0.8023, "atr_pct": 0.659, "volume_ratio": 1.1099, "spread_pct": 0.0574, "checks": {"quote_volume": true, "range_15m": true, "atr": true, "volume_ratio": true, "spread": true}, "reason": "active"}
[ACTIVITY] GMTTRY status=PASSIVE metrics={"status": "PASSIVE", "quote_volume": 1168477.2, "range_15m_pct": 0.0, "atr_pct": 0.0898, "volume_ratio": 0.0, "spread_pct": 0.316, "checks": {"quote_volume": true, "range_15m": false, "atr": false, "volume_ratio": false, "spread": false}, "reason": "movement_or_liquidity_below_threshold"}
[ACTIVITY] GPSTRY status=PASSIVE metrics={"status": "PASSIVE", "quote_volume": 5448757.1, "range_15m_pct": 0.4292, "atr_pct": 0.5037, "volume_ratio": 0.0095, "spread_pct": 0.213, "checks": {"quote_volume": true, "range_15m": true, "atr": true, "volume_ratio": false, "spread": true}, "reason": "movement_or_liquidity_below_threshold"}
[ACTIVITY] GRAMTRY status=PASSIVE metrics={"status": "PASSIVE", "quote_volume": 23003880.85, "range_15m_pct": 0.1403, "atr_pct": 0.247, "volume_ratio": 0.0006, "spread_pct": 0.0467, "checks": {"quote_volume": true, "range_15m": false, "atr": true, "volume_ratio": false, "spread": true}, "reason": "movement_or_liquidity_below_threshold"}
[ACTIVITY] GRTTRY status=PASSIVE metrics={"status": "PASSIVE", "quote_volume": 4016278.77, "range_15m_pct": 0.1522, "atr_pct": 0.0761, "volume_ratio": 0.0, "spread_pct": 0.1521, "checks": {"quote_volume": true, "range_15m": true, "atr": false, "volume_ratio": false, "spread": true}, "reason": "movement_or_liquidity_below_threshold"}
[ACTIVITY] GTRY status=PASSIVE metrics={"status": "PASSIVE", "quote_volume": 3364235.15, "range_15m_pct": 0.0, "atr_pct": 0.0, "volume_ratio": 0.0, "spread_pct": 0.5865, "checks": {"quote_volume": true, "range_15m": false, "atr": false, "volume_ratio": false, "spread": false}, "reason": "movement_or_liquidity_below_threshold"}
[ACTIVITY] GUNTRY status=PASSIVE metrics={"status": "PASSIVE", "quote_volume": 65271790.74, "range_15m_pct": 0.6452, "atr_pct": 0.4147, "volume_ratio": 0.2114, "spread_pct": 0.6431, "checks": {"quote_volume": true, "range_15m": true, "atr": true, "volume_ratio": false, "spread": false}, "reason": "movement_or_liquidity_below_threshold"}
[ACTIVITY] HAEDALTRY status=PASSIVE metrics={"status": "PASSIVE", "quote_volume": 7181444.21, "range_15m_pct": 0.2509, "atr_pct": 0.1074, "volume_ratio": 0.9399, "spread_pct": 0.25, "checks": {"quote_volume": true, "range_15m": true, "atr": false, "volume_ratio": true, "spread": true}, "reason": "movement_or_liquidity_below_threshold"}
[ACTIVITY] HBARTRY status=PASSIVE metrics={"status": "PASSIVE", "quote_volume": 4534787.55, "range_15m_pct": 0.4101, "atr_pct": 0.0516, "volume_ratio": 0.6987, "spread_pct": 0.0314, "checks": {"quote_volume": true, "range_15m": true, "atr": false, "volume_ratio": true, "spread": true}, "reason": "movement_or_liquidity_below_threshold"}
[ACTIVITY] HEITRY status=ACTIVE metrics={"status": "ACTIVE", "quote_volume": 379870542.61, "range_15m_pct": 2.2665, "atr_pct": 1.0739, "volume_ratio": 0.7603, "spread_pct": 0.0808, "checks": {"quote_volume": true, "range_15m": true, "atr": true, "volume_ratio": true, "spread": true}, "reason": "active"}
[ACTIVITY] HEMITRY status=ACTIVE metrics={"status": "ACTIVE", "quote_volume": 18206267.57, "range_15m_pct": 0.7966, "atr_pct": 0.3403, "volume_ratio": 1.8201, "spread_pct": 0.0836, "checks": {"quote_volume": true, "range_15m": true, "atr": true, "volume_ratio": true, "spread": true}, "reason": "active"}
[ACTIVITY] HIVETRY status=PASSIVE metrics={"status": "PASSIVE", "quote_volume": 725173.85, "range_15m_pct": 0.0, "atr_pct": 0.0374, "volume_ratio": 0.0, "spread_pct": 0.5249, "checks": {"quote_volume": false, "range_15m": false, "atr": false, "volume_ratio": false, "spread": false}, "reason": "movement_or_liquidity_below_threshold"}
[ACTIVITY] HMSTRTRY status=ACTIVE metrics={"status": "ACTIVE", "quote_volume": 36291438.24, "range_15m_pct": 0.3311, "atr_pct": 0.2672, "volume_ratio": 0.9919, "spread_pct": 0.1101, "checks": {"quote_volume": true, "range_15m": true, "atr": true, "volume_ratio": true, "spread": true}, "reason": "active"}
[ACTIVITY] HOLOTRY status=ACTIVE metrics={"status": "ACTIVE", "quote_volume": 583275941.96, "range_15m_pct": 1.0124, "atr_pct": 1.011, "volume_ratio": 0.7288, "spread_pct": 0.1112, "checks": {"quote_volume": true, "range_15m": true, "atr": true, "volume_ratio": true, "spread": true}, "reason": "active"}
[ACTIVITY] HOMETRY status=PASSIVE metrics={"status": "PASSIVE", "quote_volume": 151047821.48, "range_15m_pct": 1.8018, "atr_pct": 1.1371, "volume_ratio": 0.3524, "spread_pct": 0.2245, "checks": {"quote_volume": true, "range_15m": true, "atr": true, "volume_ratio": false, "spread": true}, "reason": "movement_or_liquidity_below_threshold"}
[ACTIVITY] HOTTRY status=PASSIVE metrics={"status": "PASSIVE", "quote_volume": 6615714.74, "range_15m_pct": 0.2538, "atr_pct": 0.1224, "volume_ratio": 0.293, "spread_pct": 0.0634, "checks": {"quote_volume": true, "range_15m": true, "atr": false, "volume_ratio": false, "spread": true}, "reason": "movement_or_liquidity_below_threshold"}
[ACTIVITY] HUMATRY status=PASSIVE metrics={"status": "PASSIVE", "quote_volume": 2792184.28, "range_15m_pct": 0.0, "atr_pct": 0.167, "volume_ratio": 0.0, "spread_pct": 0.2119, "checks": {"quote_volume": true, "range_15m": false, "atr": true, "volume_ratio": false, "spread": true}, "reason": "movement_or_liquidity_below_threshold"}
[ACTIVITY] HYPERTRY status=PASSIVE metrics={"status": "PASSIVE", "quote_volume": 14372463.98, "range_15m_pct": 0.3257, "atr_pct": 0.3025, "volume_ratio": 0.3552, "spread_pct": 0.3252, "checks": {"quote_volume": true, "range_15m": true, "atr": true, "volume_ratio": false, "spread": false}, "reason": "movement_or_liquidity_below_threshold"}
[ACTIVITY] ICPTRY status=PASSIVE metrics={"status": "PASSIVE", "quote_volume": 7058142.99, "range_15m_pct": 0.0, "atr_pct": 0.1071, "volume_ratio": 0.0, "spread_pct": 0.0936, "checks": {"quote_volume": true, "range_15m": false, "atr": false, "volume_ratio": false, "spread": true}, "reason": "movement_or_liquidity_below_threshold"}
[ACTIVITY] IDTRY status=PASSIVE metrics={"status": "PASSIVE", "quote_volume": 27726643.13, "range_15m_pct": 0.2212, "atr_pct": 0.205, "volume_ratio": 0.0, "spread_pct": 0.2205, "checks": {"quote_volume": true, "range_15m": true, "atr": true, "volume_ratio": false, "spread": true}, "reason": "movement_or_liquidity_below_threshold"}
[ACTIVITY] INITTRY status=PASSIVE metrics={"status": "PASSIVE", "quote_volume": 4051590.19, "range_15m_pct": 0.3984, "atr_pct": 0.1417, "volume_ratio": 8.2554, "spread_pct": 0.3976, "checks": {"quote_volume": true, "range_15m": true, "atr": false, "volume_ratio": true, "spread": false}, "reason": "movement_or_liquidity_below_threshold"}
[ACTIVITY] INJTRY status=ACTIVE metrics={"status": "ACTIVE", "quote_volume": 32804025.83, "range_15m_pct": 0.1809, "atr_pct": 0.1774, "volume_ratio": 0.7031, "spread_pct": 0.0905, "checks": {"quote_volume": true, "range_15m": true, "atr": true, "volume_ratio": true, "spread": true}, "reason": "active"}
[ACTIVITY] IOTATRY status=PASSIVE metrics={"status": "PASSIVE", "quote_volume": 464692.7, "range_15m_pct": 0.7353, "atr_pct": 0.1825, "volume_ratio": 0.0, "spread_pct": 0.1825, "checks": {"quote_volume": false, "range_15m": true, "atr": true, "volume_ratio": false, "spread": true}, "reason": "movement_or_liquidity_below_threshold"}
[ACTIVITY] IOTRY status=PASSIVE metrics={"status": "PASSIVE", "quote_volume": 5970288.05, "range_15m_pct": 0.2298, "atr_pct": 0.2142, "volume_ratio": 0.0, "spread_pct": 0.62, "checks": {"quote_volume": true, "range_15m": true, "atr": true, "volume_ratio": false, "spread": false}, "reason": "movement_or_liquidity_below_threshold"}
[ACTIVITY] JASMYTRY status=PASSIVE metrics={"status": "PASSIVE", "quote_volume": 2196078.75, "range_15m_pct": 0.0, "atr_pct": 0.0374, "volume_ratio": 0.0076, "spread_pct": 0.5222, "checks": {"quote_volume": true, "range_15m": false, "atr": false, "volume_ratio": false, "spread": false}, "reason": "movement_or_liquidity_below_threshold"}
[ACTIVITY] JTOTRY status=ACTIVE metrics={"status": "ACTIVE", "quote_volume": 9849470.02, "range_15m_pct": 0.6432, "atr_pct": 0.7426, "volume_ratio": 0.5853, "spread_pct": 0.0378, "checks": {"quote_volume": true, "range_15m": true, "atr": true, "volume_ratio": true, "spread": true}, "reason": "active"}
[ACTIVITY] JUPTRY status=PASSIVE metrics={"status": "PASSIVE", "quote_volume": 3760100.58, "range_15m_pct": 0.0, "atr_pct": 0.475, "volume_ratio": 0.0, "spread_pct": 0.1208, "checks": {"quote_volume": true, "range_15m": false, "atr": true, "volume_ratio": false, "spread": true}, "reason": "movement_or_liquidity_below_threshold"}
[ACTIVITY] JUVTRY status=PASSIVE metrics={"status": "PASSIVE", "quote_volume": 5078160.92, "range_15m_pct": 0.2048, "atr_pct": 0.078, "volume_ratio": 1.242, "spread_pct": 0.205, "checks": {"quote_volume": true, "range_15m": true, "atr": false, "volume_ratio": true, "spread": true}, "reason": "movement_or_liquidity_below_threshold"}
[ACTIVITY] KAITOTRY status=ACTIVE metrics={"status": "ACTIVE", "quote_volume": 38738131.54, "range_15m_pct": 3.6957, "atr_pct": 1.8789, "volume_ratio": 2.1455, "spread_pct": 0.1857, "checks": {"quote_volume": true, "range_15m": true, "atr": true, "volume_ratio": true, "spread": true}, "reason": "active"}
[ACTIVITY] KATTRY status=PASSIVE metrics={"status": "PASSIVE", "quote_volume": 6104893.58, "range_15m_pct": 0.0463, "atr_pct": 0.0958, "volume_ratio": 0.0946, "spread_pct": 0.0462, "checks": {"quote_volume": true, "range_15m": false, "atr": false, "volume_ratio": false, "spread": true}, "reason": "movement_or_liquidity_below_threshold"}
[ACTIVITY] KERNELTRY status=PASSIVE metrics={"status": "PASSIVE", "quote_volume": 6147195.03, "range_15m_pct": 0.0, "atr_pct": 0.2874, "volume_ratio": 0.0, "spread_pct": 0.5731, "checks": {"quote_volume": true, "range_15m": false, "atr": true, "volume_ratio": false, "spread": false}, "reason": "movement_or_liquidity_below_threshold"}
[ACTIVITY] KITETRY status=ACTIVE metrics={"status": "ACTIVE", "quote_volume": 5523488.57, "range_15m_pct": 0.9302, "atr_pct": 0.1637, "volume_ratio": 7.916, "spread_pct": 0.1001, "checks": {"quote_volume": true, "range_15m": true, "atr": true, "volume_ratio": true, "spread": true}, "reason": "active"}
[ACTIVITY] KSMTRY status=PASSIVE metrics={"status": "PASSIVE", "quote_volume": 487126.51, "range_15m_pct": 0.0, "atr_pct": 0.051, "volume_ratio": 0.0, "spread_pct": 0.7117, "checks": {"quote_volume": false, "range_15m": false, "atr": false, "volume_ratio": false, "spread": false}, "reason": "movement_or_liquidity_below_threshold"}
[ACTIVITY] LATRY status=PASSIVE metrics={"status": "PASSIVE", "quote_volume": 18845211.72, "range_15m_pct": 0.8403, "atr_pct": 0.2101, "volume_ratio": 0.0, "spread_pct": 0.4193, "checks": {"quote_volume": true, "range_15m": true, "atr": true, "volume_ratio": false, "spread": false}, "reason": "movement_or_liquidity_below_threshold"}
[ACTIVITY] LAYERTRY status=PASSIVE metrics={"status": "PASSIVE", "quote_volume": 1911867.84, "range_15m_pct": 0.0, "atr_pct": 0.0508, "volume_ratio": 0.0, "spread_pct": 0.354, "checks": {"quote_volume": true, "range_15m": false, "atr": false, "volume_ratio": false, "spread": false}, "reason": "movement_or_liquidity_below_threshold"}
[ACTIVITY] LAZIOTRY status=PASSIVE metrics={"status": "PASSIVE", "quote_volume": 2620158.67, "range_15m_pct": 0.5405, "atr_pct": 0.1115, "volume_ratio": 0.0, "spread_pct": 0.7796, "checks": {"quote_volume": true, "range_15m": true, "atr": false, "volume_ratio": false, "spread": false}, "reason": "movement_or_liquidity_below_threshold"}
[ACTIVITY] LDOTRY status=PASSIVE metrics={"status": "PASSIVE", "quote_volume": 8896134.52, "range_15m_pct": 0.2179, "atr_pct": 0.1918, "volume_ratio": 0.0674, "spread_pct": 0.1451, "checks": {"quote_volume": true, "range_15m": true, "atr": true, "volume_ratio": false, "spread": true}, "reason": "movement_or_liquidity_below_threshold"}
[ACTIVITY] LINEATRY status=PASSIVE metrics={"status": "PASSIVE", "quote_volume": 2207394.98, "range_15m_pct": 0.0, "atr_pct": 0.0412, "volume_ratio": 0.0, "spread_pct": 0.096, "checks": {"quote_volume": true, "range_15m": false, "atr": false, "volume_ratio": false, "spread": true}, "reason": "movement_or_liquidity_below_threshold"}
[ACTIVITY] LINKTRY status=PASSIVE metrics={"status": "PASSIVE", "quote_volume": 23379025.86, "range_15m_pct": 0.191, "atr_pct": 0.0852, "volume_ratio": 0.5265, "spread_pct": 0.0238, "checks": {"quote_volume": true, "range_15m": true, "atr": false, "volume_ratio": true, "spread": true}, "reason": "movement_or_liquidity_below_threshold"}
[ACTIVITY] LISTATRY status=PASSIVE metrics={"status": "PASSIVE", "quote_volume": 17571674.32, "range_15m_pct": 0.3247, "atr_pct": 0.1849, "volume_ratio": 0.2278, "spread_pct": 0.3241, "checks": {"quote_volume": true, "range_15m": true, "atr": true, "volume_ratio": false, "spread": false}, "reason": "movement_or_liquidity_below_threshold"}
[ACTIVITY] LPTTRY status=PASSIVE metrics={"status": "PASSIVE", "quote_volume": 1854626.27, "range_15m_pct": 0.0, "atr_pct": 0.0122, "volume_ratio": 0.0, "spread_pct": 0.1711, "checks": {"quote_volume": true, "range_15m": false, "atr": false, "volume_ratio": false, "spread": true}, "reason": "movement_or_liquidity_below_threshold"}
[ACTIVITY] LTCTRY status=PASSIVE metrics={"status": "PASSIVE", "quote_volume": 2174835.8, "range_15m_pct": 0.0462, "atr_pct": 0.0264, "volume_ratio": 0.8537, "spread_pct": 0.0461, "checks": {"quote_volume": true, "range_15m": false, "atr": false, "volume_ratio": true, "spread": true}, "reason": "movement_or_liquidity_below_threshold"}
[ACTIVITY] LUMIATRY status=PASSIVE metrics={"status": "PASSIVE", "quote_volume": 2842350.78, "range_15m_pct": 0.0549, "atr_pct": 0.1099, "volume_ratio": 0.0, "spread_pct": 0.5189, "checks": {"quote_volume": true, "range_15m": false, "atr": false, "volume_ratio": false, "spread": false}, "reason": "movement_or_liquidity_below_threshold"}
[ACTIVITY] LUNATRY status=PASSIVE metrics={"status": "PASSIVE", "quote_volume": 508562247.78, "range_15m_pct": 1.3488, "atr_pct": 0.6475, "volume_ratio": 0.4455, "spread_pct": 0.0466, "checks": {"quote_volume": true, "range_15m": true, "atr": true, "volume_ratio": false, "spread": true}, "reason": "movement_or_liquidity_below_threshold"}
[ACTIVITY] LUNCTRY status=ACTIVE metrics={"status": "ACTIVE", "quote_volume": 198947612.04, "range_15m_pct": 0.2884, "atr_pct": 0.194, "volume_ratio": 0.8361, "spread_pct": 0.0412, "checks": {"quote_volume": true, "range_15m": true, "atr": true, "volume_ratio": true, "spread": true}, "reason": "active"}
[ACTIVITY] MAGICTRY status=PASSIVE metrics={"status": "PASSIVE", "quote_volume": 2544111.43, "range_15m_pct": 0.0, "atr_pct": 0.037, "volume_ratio": 0.0097, "spread_pct": 0.5195, "checks": {"quote_volume": true, "range_15m": false, "atr": false, "volume_ratio": false, "spread": false}, "reason": "movement_or_liquidity_below_threshold"}
[ACTIVITY] MANATRY status=PASSIVE metrics={"status": "PASSIVE", "quote_volume": 1562197.42, "range_15m_pct": 0.0, "atr_pct": 0.0227, "volume_ratio": 0.0, "spread_pct": 0.318, "checks": {"quote_volume": true, "range_15m": false, "atr": false, "volume_ratio": false, "spread": false}, "reason": "movement_or_liquidity_below_threshold"}
[ACTIVITY] MANTATRY status=PASSIVE metrics={"status": "PASSIVE", "quote_volume": 1141948.9, "range_15m_pct": 0.0, "atr_pct": 0.0573, "volume_ratio": 0.0, "spread_pct": 0.0731, "checks": {"quote_volume": true, "range_15m": false, "atr": false, "volume_ratio": false, "spread": true}, "reason": "movement_or_liquidity_below_threshold"}
[ACTIVITY] MANTRATRY status=ACTIVE metrics={"status": "ACTIVE", "quote_volume": 5378244.98, "range_15m_pct": 0.5578, "atr_pct": 0.1531, "volume_ratio": 25.297, "spread_pct": 0.0795, "checks": {"quote_volume": true, "range_15m": true, "atr": true, "volume_ratio": true, "spread": true}, "reason": "active"}
[ACTIVITY] MASKTRY status=PASSIVE metrics={"status": "PASSIVE", "quote_volume": 364099.05, "range_15m_pct": 0.0, "atr_pct": 0.0, "volume_ratio": 0.0, "spread_pct": 0.348, "checks": {"quote_volume": false, "range_15m": false, "atr": false, "volume_ratio": false, "spread": false}, "reason": "movement_or_liquidity_below_threshold"}
[ACTIVITY] MAVTRY status=PASSIVE metrics={"status": "PASSIVE", "quote_volume": 39426487.17, "range_15m_pct": 2.381, "atr_pct": 1.3289, "volume_ratio": 0.1817, "spread_pct": 2.3529, "checks": {"quote_volume": true, "range_15m": true, "atr": true, "volume_ratio": false, "spread": false}, "reason": "movement_or_liquidity_below_threshold"}
[ACTIVITY] MEGATRY status=PASSIVE metrics={"status": "PASSIVE", "quote_volume": 21447504.07, "range_15m_pct": 0.1921, "atr_pct": 0.2328, "volume_ratio": 0.0789, "spread_pct": 0.064, "checks": {"quote_volume": true, "range_15m": true, "atr": true, "volume_ratio": false, "spread": true}, "reason": "movement_or_liquidity_below_threshold"}
[ACTIVITY] MEMETRY status=PASSIVE metrics={"status": "PASSIVE", "quote_volume": 5764485.59, "range_15m_pct": 0.4167, "atr_pct": 0.1488, "volume_ratio": 0.0, "spread_pct": 0.4158, "checks": {"quote_volume": true, "range_15m": true, "atr": false, "volume_ratio": false, "spread": false}, "reason": "movement_or_liquidity_below_threshold"}
[ACTIVITY] METISTRY status=PASSIVE metrics={"status": "PASSIVE", "quote_volume": 2322713.08, "range_15m_pct": 0.0, "atr_pct": 0.0, "volume_ratio": 0.0, "spread_pct": 0.8511, "checks": {"quote_volume": true, "range_15m": false, "atr": false, "volume_ratio": false, "spread": false}, "reason": "movement_or_liquidity_below_threshold"}
[ACTIVITY] METRY status=PASSIVE metrics={"status": "PASSIVE", "quote_volume": 4604484.28, "range_15m_pct": 0.1348, "atr_pct": 0.2668, "volume_ratio": 0.1957, "spread_pct": 0.1683, "checks": {"quote_volume": true, "range_15m": false, "atr": true, "volume_ratio": false, "spread": true}, "reason": "movement_or_liquidity_below_threshold"}
[ACTIVITY] METTRY status=PASSIVE metrics={"status": "PASSIVE", "quote_volume": 1814906.07, "range_15m_pct": 0.2594, "atr_pct": 0.0741, "volume_ratio": 0.0305, "spread_pct": 0.3883, "checks": {"quote_volume": true, "range_15m": true, "atr": false, "volume_ratio": false, "spread": false}, "reason": "movement_or_liquidity_below_threshold"}
[ACTIVITY] MINATRY status=PASSIVE metrics={"status": "PASSIVE", "quote_volume": 4041841.15, "range_15m_pct": 0.5495, "atr_pct": 0.1962, "volume_ratio": 0.3592, "spread_pct": 0.5479, "checks": {"quote_volume": true, "range_15m": true, "atr": true, "volume_ratio": false, "spread": false}, "reason": "movement_or_liquidity_below_threshold"}
[ACTIVITY] MIRATRY status=PASSIVE metrics={"status": "PASSIVE", "quote_volume": 4957931.64, "range_15m_pct": 0.0, "atr_pct": 0.0, "volume_ratio": 0.0, "spread_pct": 0.5195, "checks": {"quote_volume": true, "range_15m": false, "atr": false, "volume_ratio": false, "spread": false}, "reason": "movement_or_liquidity_below_threshold"}
[ACTIVITY] MITOTRY status=ACTIVE metrics={"status": "ACTIVE", "quote_volume": 317320405.27, "range_15m_pct": 1.6436, "atr_pct": 0.6206, "volume_ratio": 2.1906, "spread_pct": 0.1696, "checks": {"quote_volume": true, "range_15m": true, "atr": true, "volume_ratio": true, "spread": true}, "reason": "active"}
[ACTIVITY] MMTTRY status=PASSIVE metrics={"status": "PASSIVE", "quote_volume": 93328192.03, "range_15m_pct": 0.3175, "atr_pct": 0.446, "volume_ratio": 0.3433, "spread_pct": 0.1057, "checks": {"quote_volume": true, "range_15m": true, "atr": true, "volume_ratio": false, "spread": true}, "reason": "movement_or_liquidity_below_threshold"}
[ACTIVITY] MORPHOTRY status=PASSIVE metrics={"status": "PASSIVE", "quote_volume": 731337.09, "range_15m_pct": 0.0, "atr_pct": 0.072, "volume_ratio": 0.0, "spread_pct": 0.4784, "checks": {"quote_volume": false, "range_15m": false, "atr": false, "volume_ratio": false, "spread": false}, "reason": "movement_or_liquidity_below_threshold"}
[ACTIVITY] MOVRTRY status=PASSIVE metrics={"status": "PASSIVE", "quote_volume": 75458506.48, "range_15m_pct": 1.4286, "atr_pct": 0.4751, "volume_ratio": 1.8086, "spread_pct": 0.4773, "checks": {"quote_volume": true, "range_15m": true, "atr": true, "volume_ratio": true, "spread": false}, "reason": "movement_or_liquidity_below_threshold"}
[ACTIVITY] MUBARAKTRY status=ACTIVE metrics={"status": "ACTIVE", "quote_volume": 86086935.19, "range_15m_pct": 2.0979, "atr_pct": 0.8535, "volume_ratio": 0.623, "spread_pct": 0.1159, "checks": {"quote_volume": true, "range_15m": true, "atr": true, "volume_ratio": true, "spread": true}, "reason": "active"}
[ACTIVITY] NEARTRY status=PASSIVE metrics={"status": "PASSIVE", "quote_volume": 23486021.59, "range_15m_pct": 0.6337, "atr_pct": 0.2532, "volume_ratio": 0.469, "spread_pct": 0.1267, "checks": {"quote_volume": true, "range_15m": true, "atr": true, "volume_ratio": false, "spread": true}, "reason": "movement_or_liquidity_below_threshold"}
[ACTIVITY] NEIROTRY status=PASSIVE metrics={"status": "PASSIVE", "quote_volume": 22640613.15, "range_15m_pct": 0.0, "atr_pct": 0.113, "volume_ratio": 0.0, "spread_pct": 0.316, "checks": {"quote_volume": true, "range_15m": false, "atr": false, "volume_ratio": false, "spread": false}, "reason": "movement_or_liquidity_below_threshold"}
[ACTIVITY] NEOTRY status=PASSIVE metrics={"status": "PASSIVE", "quote_volume": 2336425.78, "range_15m_pct": 0.2401, "atr_pct": 0.0941, "volume_ratio": 1.1435, "spread_pct": 0.1197, "checks": {"quote_volume": true, "range_15m": true, "atr": false, "volume_ratio": true, "spread": true}, "reason": "movement_or_liquidity_below_threshold"}
[ACTIVITY] NEWTTRY status=PASSIVE metrics={"status": "PASSIVE", "quote_volume": 2847022.23, "range_15m_pct": 0.0, "atr_pct": 0.0781, "volume_ratio": 0.0, "spread_pct": 0.551, "checks": {"quote_volume": true, "range_15m": false, "atr": false, "volume_ratio": false, "spread": false}, "reason": "movement_or_liquidity_below_threshold"}
[ACTIVITY] NIGHTTRY status=PASSIVE metrics={"status": "PASSIVE", "quote_volume": 4193699.19, "range_15m_pct": 0.0, "atr_pct": 0.0684, "volume_ratio": 0.5915, "spread_pct": 0.12, "checks": {"quote_volume": true, "range_15m": false, "atr": false, "volume_ratio": true, "spread": true}, "reason": "movement_or_liquidity_below_threshold"}
[ACTIVITY] NILTRY status=ACTIVE metrics={"status": "ACTIVE", "quote_volume": 41722562.72, "range_15m_pct": 1.6447, "atr_pct": 0.8779, "volume_ratio": 2.6196, "spread_pct": 0.0541, "checks": {"quote_volume": true, "range_15m": true, "atr": true, "volume_ratio": true, "spread": true}, "reason": "active"}
[ACTIVITY] NMRTRY status=PASSIVE metrics={"status": "PASSIVE", "quote_volume": 440008.71, "range_15m_pct": 0.0, "atr_pct": 0.0795, "volume_ratio": 0.0, "spread_pct": 0.2974, "checks": {"quote_volume": false, "range_15m": false, "atr": false, "volume_ratio": false, "spread": true}, "reason": "movement_or_liquidity_below_threshold"}
[ACTIVITY] NOMTRY status=PASSIVE metrics={"status": "PASSIVE", "quote_volume": 12200710.59, "range_15m_pct": 0.0, "atr_pct": 0.3711, "volume_ratio": 0.0, "spread_pct": 1.3072, "checks": {"quote_volume": true, "range_15m": false, "atr": true, "volume_ratio": false, "spread": false}, "reason": "movement_or_liquidity_below_threshold"}
[ACTIVITY] NOTTRY status=PASSIVE metrics={"status": "PASSIVE", "quote_volume": 3472225.58, "range_15m_pct": 0.0, "atr_pct": 0.1652, "volume_ratio": 0.0, "spread_pct": 0.5764, "checks": {"quote_volume": true, "range_15m": false, "atr": true, "volume_ratio": false, "spread": false}, "reason": "movement_or_liquidity_below_threshold"}
[ACTIVITY] NXPCTRY status=PASSIVE metrics={"status": "PASSIVE", "quote_volume": 735877.31, "range_15m_pct": 0.3086, "atr_pct": 0.374, "volume_ratio": 0.6177, "spread_pct": 0.206, "checks": {"quote_volume": false, "range_15m": true, "atr": true, "volume_ratio": true, "spread": true}, "reason": "movement_or_liquidity_below_threshold"}
[ACTIVITY] OGNTRY status=PASSIVE metrics={"status": "PASSIVE", "quote_volume": 2282588.98, "range_15m_pct": 0.1279, "atr_pct": 0.0457, "volume_ratio": 0.0, "spread_pct": 0.128, "checks": {"quote_volume": true, "range_15m": false, "atr": false, "volume_ratio": false, "spread": true}, "reason": "movement_or_liquidity_below_threshold"}
[ACTIVITY] OGTRY status=PASSIVE metrics={"status": "PASSIVE", "quote_volume": 9340403.97, "range_15m_pct": 0.1649, "atr_pct": 0.0529, "volume_ratio": 0.259, "spread_pct": 0.0824, "checks": {"quote_volume": true, "range_15m": true, "atr": false, "volume_ratio": false, "spread": true}, "reason": "movement_or_liquidity_below_threshold"}
[ACTIVITY] ONDOTRY status=ACTIVE metrics={"status": "ACTIVE", "quote_volume": 18733376.15, "range_15m_pct": 0.3121, "atr_pct": 0.2089, "volume_ratio": 0.723, "spread_pct": 0.0623, "checks": {"quote_volume": true, "range_15m": true, "atr": true, "volume_ratio": true, "spread": true}, "reason": "active"}
[ACTIVITY] ONETRY status=ACTIVE metrics={"status": "ACTIVE", "quote_volume": 233988558.57, "range_15m_pct": 4.0323, "atr_pct": 2.1763, "volume_ratio": 0.8195, "spread_pct": 0.2628, "checks": {"quote_volume": true, "range_15m": true, "atr": true, "volume_ratio": true, "spread": true}, "reason": "active"}
[ACTIVITY] ONTTRY status=ACTIVE metrics={"status": "ACTIVE", "quote_volume": 1367579.58, "range_15m_pct": 0.4566, "atr_pct": 0.2597, "volume_ratio": 4.4088, "spread_pct": 0.0568, "checks": {"quote_volume": true, "range_15m": true, "atr": true, "volume_ratio": true, "spread": true}, "reason": "active"}
[ACTIVITY] OPENTRY status=PASSIVE metrics={"status": "PASSIVE", "quote_volume": 89262528.91, "range_15m_pct": 3.5758, "atr_pct": 1.4325, "volume_ratio": 1.4199, "spread_pct": 0.3229, "checks": {"quote_volume": true, "range_15m": true, "atr": true, "volume_ratio": true, "spread": false}, "reason": "movement_or_liquidity_below_threshold"}
[ACTIVITY] OPGTRY status=ACTIVE metrics={"status": "ACTIVE", "quote_volume": 16951259.74, "range_15m_pct": 1.9868, "atr_pct": 0.733, "volume_ratio": 1.3676, "spread_pct": 0.2186, "checks": {"quote_volume": true, "range_15m": true, "atr": true, "volume_ratio": true, "spread": true}, "reason": "active"}
[ACTIVITY] OPNTRY status=PASSIVE metrics={"status": "PASSIVE", "quote_volume": 5596767.18, "range_15m_pct": 0.8475, "atr_pct": 0.2119, "volume_ratio": 0.7892, "spread_pct": 0.4228, "checks": {"quote_volume": true, "range_15m": true, "atr": true, "volume_ratio": true, "spread": false}, "reason": "movement_or_liquidity_below_threshold"}
[ACTIVITY] OPTRY status=PASSIVE metrics={"status": "PASSIVE", "quote_volume": 7618823.42, "range_15m_pct": 0.0, "atr_pct": 0.0497, "volume_ratio": 0.0, "spread_pct": 0.2323, "checks": {"quote_volume": true, "range_15m": false, "atr": false, "volume_ratio": false, "spread": true}, "reason": "movement_or_liquidity_below_threshold"}
[ACTIVITY] ORCATRY status=PASSIVE metrics={"status": "PASSIVE", "quote_volume": 939243.59, "range_15m_pct": 0.8114, "atr_pct": 0.0862, "volume_ratio": 0.0, "spread_pct": 0.2014, "checks": {"quote_volume": false, "range_15m": true, "atr": false, "volume_ratio": false, "spread": true}, "reason": "movement_or_liquidity_below_threshold"}
[ACTIVITY] ORDITRY status=PASSIVE metrics={"status": "PASSIVE", "quote_volume": 7837106.93, "range_15m_pct": 0.0, "atr_pct": 0.0616, "volume_ratio": 0.0, "spread_pct": 0.0613, "checks": {"quote_volume": true, "range_15m": false, "atr": false, "volume_ratio": false, "spread": true}, "reason": "movement_or_liquidity_below_threshold"}
[ACTIVITY] PARTITRY status=PASSIVE metrics={"status": "PASSIVE", "quote_volume": 12216791.55, "range_15m_pct": 0.8929, "atr_pct": 0.7653, "volume_ratio": 0.2978, "spread_pct": 0.8969, "checks": {"quote_volume": true, "range_15m": true, "atr": true, "volume_ratio": false, "spread": false}, "reason": "movement_or_liquidity_below_threshold"}
[ACTIVITY] PAXGTRY status=PASSIVE metrics={"status": "PASSIVE", "quote_volume": 28550739.29, "range_15m_pct": 0.0851, "atr_pct": 0.0721, "volume_ratio": 1.5085, "spread_pct": 0.0228, "checks": {"quote_volume": true, "range_15m": false, "atr": false, "volume_ratio": true, "spread": true}, "reason": "movement_or_liquidity_below_threshold"}
[ACTIVITY] PENDLETRY status=PASSIVE metrics={"status": "PASSIVE", "quote_volume": 1946622.67, "range_15m_pct": 0.313, "atr_pct": 0.123, "volume_ratio": 0.6468, "spread_pct": 0.1561, "checks": {"quote_volume": true, "range_15m": true, "atr": false, "volume_ratio": true, "spread": true}, "reason": "movement_or_liquidity_below_threshold"}
[ACTIVITY] PENGUTRY status=ACTIVE metrics={"status": "ACTIVE", "quote_volume": 22818165.9, "range_15m_pct": 0.1636, "atr_pct": 0.2404, "volume_ratio": 2.6571, "spread_pct": 0.0327, "checks": {"quote_volume": true, "range_15m": true, "atr": true, "volume_ratio": true, "spread": true}, "reason": "active"}
[ACTIVITY] PEOPLETRY status=ACTIVE metrics={"status": "ACTIVE", "quote_volume": 16922556.01, "range_15m_pct": 0.5063, "atr_pct": 0.1619, "volume_ratio": 1.8793, "spread_pct": 0.2516, "checks": {"quote_volume": true, "range_15m": true, "atr": true, "volume_ratio": true, "spread": true}, "reason": "active"}
[ACTIVITY] PEPETRY status=PASSIVE metrics={"status": "PASSIVE", "quote_volume": 76715353.34, "range_15m_pct": 0.2216, "atr_pct": 0.1892, "volume_ratio": 0.3244, "spread_pct": 0.0147, "checks": {"quote_volume": true, "range_15m": true, "atr": true, "volume_ratio": false, "spread": true}, "reason": "movement_or_liquidity_below_threshold"}
[ACTIVITY] PHATRY status=PASSIVE metrics={"status": "PASSIVE", "quote_volume": 6181037.35, "range_15m_pct": 0.9434, "atr_pct": 0.2695, "volume_ratio": 0.2354, "spread_pct": 0.939, "checks": {"quote_volume": true, "range_15m": true, "atr": true, "volume_ratio": false, "spread": false}, "reason": "movement_or_liquidity_below_threshold"}
[ACTIVITY] PIXELTRY status=PASSIVE metrics={"status": "PASSIVE", "quote_volume": 18991835.75, "range_15m_pct": 0.0, "atr_pct": 0.0343, "volume_ratio": 0.0, "spread_pct": 0.4796, "checks": {"quote_volume": true, "range_15m": false, "atr": false, "volume_ratio": false, "spread": false}, "reason": "movement_or_liquidity_below_threshold"}
[ACTIVITY] PLUMETRY status=PASSIVE metrics={"status": "PASSIVE", "quote_volume": 12260738.57, "range_15m_pct": 0.6849, "atr_pct": 0.2915, "volume_ratio": 0.0793, "spread_pct": 0.1702, "checks": {"quote_volume": true, "range_15m": true, "atr": true, "volume_ratio": false, "spread": true}, "reason": "movement_or_liquidity_below_threshold"}
[ACTIVITY] PNUTTRY status=PASSIVE metrics={"status": "PASSIVE", "quote_volume": 14365357.24, "range_15m_pct": 0.0, "atr_pct": 0.1105, "volume_ratio": 0.0, "spread_pct": 0.5141, "checks": {"quote_volume": true, "range_15m": false, "atr": false, "volume_ratio": false, "spread": false}, "reason": "movement_or_liquidity_below_threshold"}
[ACTIVITY] POLTRY status=PASSIVE metrics={"status": "PASSIVE", "quote_volume": 938023.52, "range_15m_pct": 0.195, "atr_pct": 0.0616, "volume_ratio": 13.8282, "spread_pct": 0.0278, "checks": {"quote_volume": false, "range_15m": true, "atr": false, "volume_ratio": true, "spread": true}, "reason": "movement_or_liquidity_below_threshold"}
[ACTIVITY] POLYXTRY status=PASSIVE metrics={"status": "PASSIVE", "quote_volume": 547735.4, "range_15m_pct": 0.0, "atr_pct": 0.0, "volume_ratio": 0.0, "spread_pct": 0.6826, "checks": {"quote_volume": false, "range_15m": false, "atr": false, "volume_ratio": false, "spread": false}, "reason": "movement_or_liquidity_below_threshold"}
[ACTIVITY] PORTALTRY status=ACTIVE metrics={"status": "ACTIVE", "quote_volume": 22400720.04, "range_15m_pct": 0.4076, "atr_pct": 0.2106, "volume_ratio": 1.4916, "spread_pct": 0.0583, "checks": {"quote_volume": true, "range_15m": true, "atr": true, "volume_ratio": true, "spread": true}, "reason": "active"}
[ACTIVITY] PORTOTRY status=PASSIVE metrics={"status": "PASSIVE", "quote_volume": 1523601.53, "range_15m_pct": 0.0, "atr_pct": 0.1368, "volume_ratio": 0.0, "spread_pct": 0.5252, "checks": {"quote_volume": true, "range_15m": false, "atr": false, "volume_ratio": false, "spread": false}, "reason": "movement_or_liquidity_below_threshold"}
[ACTIVITY] PROVETRY status=PASSIVE metrics={"status": "PASSIVE", "quote_volume": 547325.15, "range_15m_pct": 0.0, "atr_pct": 0.0698, "volume_ratio": 0.0, "spread_pct": 0.1396, "checks": {"quote_volume": false, "range_15m": false, "atr": false, "volume_ratio": false, "spread": true}, "reason": "movement_or_liquidity_below_threshold"}
[ACTIVITY] PSGTRY status=PASSIVE metrics={"status": "PASSIVE", "quote_volume": 6945872.47, "range_15m_pct": 0.4189, "atr_pct": 0.1676, "volume_ratio": 7.5167, "spread_pct": 0.3766, "checks": {"quote_volume": true, "range_15m": true, "atr": true, "volume_ratio": true, "spread": false}, "reason": "movement_or_liquidity_below_threshold"}
[ACTIVITY] PUMPTRY status=ACTIVE metrics={"status": "ACTIVE", "quote_volume": 60073511.61, "range_15m_pct": 0.9346, "atr_pct": 0.532, "volume_ratio": 0.551, "spread_pct": 0.0775, "checks": {"quote_volume": true, "range_15m": true, "atr": true, "volume_ratio": true, "spread": true}, "reason": "active"}
[ACTIVITY] PYTHTRY status=PASSIVE metrics={"status": "PASSIVE", "quote_volume": 8079699.66, "range_15m_pct": 0.0, "atr_pct": 0.133, "volume_ratio": 0.0, "spread_pct": 0.0517, "checks": {"quote_volume": true, "range_15m": false, "atr": false, "volume_ratio": false, "spread": true}, "reason": "movement_or_liquidity_below_threshold"}
[ACTIVITY] QTUMTRY status=PASSIVE metrics={"status": "PASSIVE", "quote_volume": 4079009.27, "range_15m_pct": 0.3226, "atr_pct": 0.0459, "volume_ratio": 0.1823, "spread_pct": 0.3221, "checks": {"quote_volume": true, "range_15m": true, "atr": false, "volume_ratio": false, "spread": false}, "reason": "movement_or_liquidity_below_threshold"}
[ACTIVITY] RADTRY status=PASSIVE metrics={"status": "PASSIVE", "quote_volume": 286411798.19, "range_15m_pct": 1.0169, "atr_pct": 0.8718, "volume_ratio": 0.2877, "spread_pct": 0.1679, "checks": {"quote_volume": true, "range_15m": true, "atr": true, "volume_ratio": false, "spread": true}, "reason": "movement_or_liquidity_below_threshold"}
[ACTIVITY] RARETRY status=PASSIVE metrics={"status": "PASSIVE", "quote_volume": 18248334.5, "range_15m_pct": 0.0, "atr_pct": 0.1708, "volume_ratio": 0.0, "spread_pct": 0.1186, "checks": {"quote_volume": true, "range_15m": false, "atr": true, "volume_ratio": false, "spread": true}, "reason": "movement_or_liquidity_below_threshold"}
[ACTIVITY] RAYTRY status=ACTIVE metrics={"status": "ACTIVE", "quote_volume": 1691926.08, "range_15m_pct": 0.6275, "atr_pct": 0.1597, "volume_ratio": 34.7866, "spread_pct": 0.1314, "checks": {"quote_volume": true, "range_15m": true, "atr": true, "volume_ratio": true, "spread": true}, "reason": "active"}
[ACTIVITY] REDTRY status=PASSIVE metrics={"status": "PASSIVE", "quote_volume": 1364460.73, "range_15m_pct": 0.0, "atr_pct": 0.0695, "volume_ratio": 0.0, "spread_pct": 0.2436, "checks": {"quote_volume": true, "range_15m": false, "atr": false, "volume_ratio": false, "spread": true}, "reason": "movement_or_liquidity_below_threshold"}
[ACTIVITY] RENDERTRY status=PASSIVE metrics={"status": "PASSIVE", "quote_volume": 10705687.41, "range_15m_pct": 0.1661, "atr_pct": 0.0949, "volume_ratio": 0.1118, "spread_pct": 0.166, "checks": {"quote_volume": true, "range_15m": true, "atr": false, "volume_ratio": false, "spread": true}, "reason": "movement_or_liquidity_below_threshold"}
[ACTIVITY] RESOLVTRY status=PASSIVE metrics={"status": "PASSIVE", "quote_volume": 3244408.97, "range_15m_pct": 0.1518, "atr_pct": 0.244, "volume_ratio": 0.3155, "spread_pct": 0.1263, "checks": {"quote_volume": true, "range_15m": true, "atr": true, "volume_ratio": false, "spread": true}, "reason": "movement_or_liquidity_below_threshold"}
[ACTIVITY] RETRY status=PASSIVE metrics={"status": "PASSIVE", "quote_volume": 76805603.71, "range_15m_pct": 0.4444, "atr_pct": 0.4903, "volume_ratio": 0.3911, "spread_pct": 0.0496, "checks": {"quote_volume": true, "range_15m": true, "atr": true, "volume_ratio": false, "spread": true}, "reason": "movement_or_liquidity_below_threshold"}
[ACTIVITY] REZTRY status=PASSIVE metrics={"status": "PASSIVE", "quote_volume": 4397080.83, "range_15m_pct": 0.0, "atr_pct": 0.0599, "volume_ratio": 0.0, "spread_pct": 0.0763, "checks": {"quote_volume": true, "range_15m": false, "atr": false, "volume_ratio": false, "spread": true}, "reason": "movement_or_liquidity_below_threshold"}
[ACTIVITY] ROBOTRY status=ACTIVE metrics={"status": "ACTIVE", "quote_volume": 42252253.37, "range_15m_pct": 0.6504, "atr_pct": 0.2539, "volume_ratio": 2.503, "spread_pct": 0.1625, "checks": {"quote_volume": true, "range_15m": true, "atr": true, "volume_ratio": true, "spread": true}, "reason": "active"}
[ACTIVITY] RONINTRY status=PASSIVE metrics={"status": "PASSIVE", "quote_volume": 375942.02, "range_15m_pct": 0.8368, "atr_pct": 0.0889, "volume_ratio": 0.0, "spread_pct": 0.4158, "checks": {"quote_volume": false, "range_15m": true, "atr": false, "volume_ratio": false, "spread": false}, "reason": "movement_or_liquidity_below_threshold"}
[ACTIVITY] ROSETRY status=PASSIVE metrics={"status": "PASSIVE", "quote_volume": 12259306.87, "range_15m_pct": 0.0, "atr_pct": 0.0879, "volume_ratio": 0.0, "spread_pct": 0.2309, "checks": {"quote_volume": true, "range_15m": false, "atr": false, "volume_ratio": false, "spread": true}, "reason": "movement_or_liquidity_below_threshold"}
[ACTIVITY] RSRTRY status=PASSIVE metrics={"status": "PASSIVE", "quote_volume": 600690.57, "range_15m_pct": 0.3472, "atr_pct": 0.0867, "volume_ratio": 2.9937, "spread_pct": 0.1732, "checks": {"quote_volume": false, "range_15m": true, "atr": false, "volume_ratio": true, "spread": true}, "reason": "movement_or_liquidity_below_threshold"}
[ACTIVITY] RVNTRY status=ACTIVE metrics={"status": "ACTIVE", "quote_volume": 60935863.28, "range_15m_pct": 0.3118, "atr_pct": 0.4454, "volume_ratio": 2.663, "spread_pct": 0.0779, "checks": {"quote_volume": true, "range_15m": true, "atr": true, "volume_ratio": true, "spread": true}, "reason": "active"}
[ACTIVITY] SAGATRY status=ACTIVE metrics={"status": "ACTIVE", "quote_volume": 42722371.74, "range_15m_pct": 0.7599, "atr_pct": 0.2273, "volume_ratio": 4.1914, "spread_pct": 0.1512, "checks": {"quote_volume": true, "range_15m": true, "atr": true, "volume_ratio": true, "spread": true}, "reason": "active"}
[ACTIVITY] SAHARATRY status=PASSIVE metrics={"status": "PASSIVE", "quote_volume": 12569575.61, "range_15m_pct": 0.1329, "atr_pct": 0.169, "volume_ratio": 0.0269, "spread_pct": 0.0531, "checks": {"quote_volume": true, "range_15m": false, "atr": true, "volume_ratio": false, "spread": true}, "reason": "movement_or_liquidity_below_threshold"}
[ACTIVITY] SANDTRY status=PASSIVE metrics={"status": "PASSIVE", "quote_volume": 1494430.93, "range_15m_pct": 0.0, "atr_pct": 0.064, "volume_ratio": 0.0, "spread_pct": 0.0527, "checks": {"quote_volume": true, "range_15m": false, "atr": false, "volume_ratio": false, "spread": true}, "reason": "movement_or_liquidity_below_threshold"}
[ACTIVITY] SANTOSTRY status=PASSIVE metrics={"status": "PASSIVE", "quote_volume": 9465110.95, "range_15m_pct": 0.1326, "atr_pct": 0.0757, "volume_ratio": 6.3673, "spread_pct": 0.0441, "checks": {"quote_volume": true, "range_15m": false, "atr": false, "volume_ratio": true, "spread": true}, "reason": "movement_or_liquidity_below_threshold"}
[ACTIVITY] SAPIENTRY status=PASSIVE metrics={"status": "PASSIVE", "quote_volume": 3835744.11, "range_15m_pct": 0.2081, "atr_pct": 0.1877, "volume_ratio": 0.149, "spread_pct": 0.13, "checks": {"quote_volume": true, "range_15m": true, "atr": true, "volume_ratio": false, "spread": true}, "reason": "movement_or_liquidity_below_threshold"}
[ACTIVITY] SCRTRY status=PASSIVE metrics={"status": "PASSIVE", "quote_volume": 2297464.45, "range_15m_pct": 0.0, "atr_pct": 0.0803, "volume_ratio": 0.1074, "spread_pct": 0.1022, "checks": {"quote_volume": true, "range_15m": false, "atr": false, "volume_ratio": false, "spread": true}, "reason": "movement_or_liquidity_below_threshold"}
[ACTIVITY] SEITRY status=PASSIVE metrics={"status": "PASSIVE", "quote_volume": 3083003.94, "range_15m_pct": 0.1572, "atr_pct": 0.0786, "volume_ratio": 0.0022, "spread_pct": 0.0524, "checks": {"quote_volume": true, "range_15m": true, "atr": false, "volume_ratio": false, "spread": true}, "reason": "movement_or_liquidity_below_threshold"}
[ACTIVITY] SENTTRY status=PASSIVE metrics={"status": "PASSIVE", "quote_volume": 9104982.46, "range_15m_pct": 0.8582, "atr_pct": 0.3547, "volume_ratio": 0.2258, "spread_pct": 0.1236, "checks": {"quote_volume": true, "range_15m": true, "atr": true, "volume_ratio": false, "spread": true}, "reason": "movement_or_liquidity_below_threshold"}
[ACTIVITY] SHELLTRY status=PASSIVE metrics={"status": "PASSIVE", "quote_volume": 7928103.31, "range_15m_pct": 1.087, "atr_pct": 0.3072, "volume_ratio": 0.9398, "spread_pct": 1.0811, "checks": {"quote_volume": true, "range_15m": true, "atr": true, "volume_ratio": true, "spread": false}, "reason": "movement_or_liquidity_below_threshold"}
[ACTIVITY] SHIBTRY status=PASSIVE metrics={"status": "PASSIVE", "quote_volume": 31638212.26, "range_15m_pct": 0.1401, "atr_pct": 0.2199, "volume_ratio": 0.8896, "spread_pct": 0.0466, "checks": {"quote_volume": true, "range_15m": false, "atr": true, "volume_ratio": true, "spread": true}, "reason": "movement_or_liquidity_below_threshold"}
[ACTIVITY] SIGNTRY status=PASSIVE metrics={"status": "PASSIVE", "quote_volume": 1757971.05, "range_15m_pct": 0.0, "atr_pct": 0.0678, "volume_ratio": 0.0, "spread_pct": 0.318, "checks": {"quote_volume": true, "range_15m": false, "atr": false, "volume_ratio": false, "spread": false}, "reason": "movement_or_liquidity_below_threshold"}
[ACTIVITY] SKLTRY status=PASSIVE metrics={"status": "PASSIVE", "quote_volume": 3458383.55, "range_15m_pct": 0.0, "atr_pct": 0.0861, "volume_ratio": 0.0, "spread_pct": 0.6042, "checks": {"quote_volume": true, "range_15m": false, "atr": false, "volume_ratio": false, "spread": false}, "reason": "movement_or_liquidity_below_threshold"}
[ACTIVITY] SKYTRY status=PASSIVE metrics={"status": "PASSIVE", "quote_volume": 916227.79, "range_15m_pct": 0.1972, "atr_pct": 0.0507, "volume_ratio": 1.1036, "spread_pct": 0.0393, "checks": {"quote_volume": false, "range_15m": true, "atr": false, "volume_ratio": true, "spread": true}, "reason": "movement_or_liquidity_below_threshold"}
[ACTIVITY] SLPTRY status=PASSIVE metrics={"status": "PASSIVE", "quote_volume": 1130617.1, "range_15m_pct": 0.0, "atr_pct": 0.1287, "volume_ratio": 0.0, "spread_pct": 0.3998, "checks": {"quote_volume": true, "range_15m": false, "atr": false, "volume_ratio": false, "spread": false}, "reason": "movement_or_liquidity_below_threshold"}
[ACTIVITY] SNXTRY status=PASSIVE metrics={"status": "PASSIVE", "quote_volume": 3993719.11, "range_15m_pct": 0.1045, "atr_pct": 0.097, "volume_ratio": 0.0, "spread_pct": 0.1048, "checks": {"quote_volume": true, "range_15m": false, "atr": false, "volume_ratio": false, "spread": true}, "reason": "movement_or_liquidity_below_threshold"}
[ACTIVITY] SOLTRY status=PASSIVE metrics={"status": "PASSIVE", "quote_volume": 57706706.69, "range_15m_pct": 0.1176, "atr_pct": 0.1289, "volume_ratio": 0.5273, "spread_pct": 0.0027, "checks": {"quote_volume": true, "range_15m": false, "atr": false, "volume_ratio": true, "spread": true}, "reason": "movement_or_liquidity_below_threshold"}
[ACTIVITY] SOLVTRY status=PASSIVE metrics={"status": "PASSIVE", "quote_volume": 4717048.33, "range_15m_pct": 0.0, "atr_pct": 0.0632, "volume_ratio": 0.0, "spread_pct": 0.8811, "checks": {"quote_volume": true, "range_15m": false, "atr": false, "volume_ratio": false, "spread": false}, "reason": "movement_or_liquidity_below_threshold"}
[ACTIVITY] SOMITRY status=PASSIVE metrics={"status": "PASSIVE", "quote_volume": 1062909.95, "range_15m_pct": 0.4728, "atr_pct": 0.084, "volume_ratio": 16.2328, "spread_pct": 0.235, "checks": {"quote_volume": true, "range_15m": true, "atr": false, "volume_ratio": true, "spread": true}, "reason": "movement_or_liquidity_below_threshold"}
[ACTIVITY] SOPHTRY status=PASSIVE metrics={"status": "PASSIVE", "quote_volume": 7072576.13, "range_15m_pct": 3.8889, "atr_pct": 0.9471, "volume_ratio": 2.0941, "spread_pct": 0.551, "checks": {"quote_volume": true, "range_15m": true, "atr": true, "volume_ratio": true, "spread": false}, "reason": "movement_or_liquidity_below_threshold"}
[ACTIVITY] SPELLTRY status=PASSIVE metrics={"status": "PASSIVE", "quote_volume": 8714993.97, "range_15m_pct": 0.0, "atr_pct": 0.0952, "volume_ratio": 0.0, "spread_pct": 0.267, "checks": {"quote_volume": true, "range_15m": false, "atr": false, "volume_ratio": false, "spread": true}, "reason": "movement_or_liquidity_below_threshold"}
[ACTIVITY] SPKTRY status=PASSIVE metrics={"status": "PASSIVE", "quote_volume": 1642338.42, "range_15m_pct": 0.0, "atr_pct": 0.0188, "volume_ratio": 0.0, "spread_pct": 0.176, "checks": {"quote_volume": true, "range_15m": false, "atr": false, "volume_ratio": false, "spread": true}, "reason": "movement_or_liquidity_below_threshold"}
[ACTIVITY] STOTRY status=PASSIVE metrics={"status": "PASSIVE", "quote_volume": 12255506.24, "range_15m_pct": 0.2141, "atr_pct": 0.1376, "volume_ratio": 0.3944, "spread_pct": 0.0535, "checks": {"quote_volume": true, "range_15m": true, "atr": false, "volume_ratio": false, "spread": true}, "reason": "movement_or_liquidity_below_threshold"}
[ACTIVITY] STRAXTRY status=PASSIVE metrics={"status": "PASSIVE", "quote_volume": 2784423.08, "range_15m_pct": 0.9709, "atr_pct": 0.3278, "volume_ratio": 0.0295, "spread_pct": 0.2413, "checks": {"quote_volume": true, "range_15m": true, "atr": true, "volume_ratio": false, "spread": true}, "reason": "movement_or_liquidity_below_threshold"}
[ACTIVITY] STRKTRY status=ACTIVE metrics={"status": "ACTIVE", "quote_volume": 13579914.97, "range_15m_pct": 0.8182, "atr_pct": 0.2842, "volume_ratio": 1.2117, "spread_pct": 0.0905, "checks": {"quote_volume": true, "range_15m": true, "atr": true, "volume_ratio": true, "spread": true}, "reason": "active"}
[ACTIVITY] STRY status=PASSIVE metrics={"status": "PASSIVE", "quote_volume": 2313686.15, "range_15m_pct": 0.1826, "atr_pct": 0.0912, "volume_ratio": 3.2088, "spread_pct": 0.0914, "checks": {"quote_volume": true, "range_15m": true, "atr": false, "volume_ratio": true, "spread": true}, "reason": "movement_or_liquidity_below_threshold"}
[ACTIVITY] STXTRY status=PASSIVE metrics={"status": "PASSIVE", "quote_volume": 2308776.31, "range_15m_pct": 0.1667, "atr_pct": 0.0714, "volume_ratio": 0.4574, "spread_pct": 0.1665, "checks": {"quote_volume": true, "range_15m": true, "atr": false, "volume_ratio": false, "spread": true}, "reason": "movement_or_liquidity_below_threshold"}
[ACTIVITY] SUITRY status=PASSIVE metrics={"status": "PASSIVE", "quote_volume": 17682068.6, "range_15m_pct": 0.1213, "atr_pct": 0.1299, "volume_ratio": 1.5645, "spread_pct": 0.0303, "checks": {"quote_volume": true, "range_15m": false, "atr": false, "volume_ratio": true, "spread": true}, "reason": "movement_or_liquidity_below_threshold"}
[ACTIVITY] SUNTRY status=PASSIVE metrics={"status": "PASSIVE", "quote_volume": 2210318.22, "range_15m_pct": 0.0115, "atr_pct": 0.0123, "volume_ratio": 0.0, "spread_pct": 0.1265, "checks": {"quote_volume": true, "range_15m": false, "atr": false, "volume_ratio": false, "spread": true}, "reason": "movement_or_liquidity_below_threshold"}
[ACTIVITY] SUPERTRY status=PASSIVE metrics={"status": "PASSIVE", "quote_volume": 3094882.4, "range_15m_pct": 0.2439, "atr_pct": 0.1742, "volume_ratio": 0.0536, "spread_pct": 0.2442, "checks": {"quote_volume": true, "range_15m": true, "atr": true, "volume_ratio": false, "spread": true}, "reason": "movement_or_liquidity_below_threshold"}
[ACTIVITY] SUSHITRY status=PASSIVE metrics={"status": "PASSIVE", "quote_volume": 1213104.42, "range_15m_pct": 0.0, "atr_pct": 0.1183, "volume_ratio": 0.0, "spread_pct": 0.2567, "checks": {"quote_volume": true, "range_15m": false, "atr": false, "volume_ratio": false, "spread": true}, "reason": "movement_or_liquidity_below_threshold"}
[ACTIVITY] SXTTRY status=PASSIVE metrics={"status": "PASSIVE", "quote_volume": 3198192.31, "range_15m_pct": 0.0, "atr_pct": 0.1683, "volume_ratio": 0.0, "spread_pct": 0.1386, "checks": {"quote_volume": true, "range_15m": false, "atr": true, "volume_ratio": false, "spread": true}, "reason": "movement_or_liquidity_below_threshold"}
[ACTIVITY] SYRUPTRY status=PASSIVE metrics={"status": "PASSIVE", "quote_volume": 2142044.16, "range_15m_pct": 0.3673, "atr_pct": 0.0777, "volume_ratio": 0.0, "spread_pct": 0.1276, "checks": {"quote_volume": true, "range_15m": true, "atr": false, "volume_ratio": false, "spread": true}, "reason": "movement_or_liquidity_below_threshold"}
[ACTIVITY] TAOTRY status=PASSIVE metrics={"status": "PASSIVE", "quote_volume": 18041788.32, "range_15m_pct": 0.1749, "atr_pct": 0.2175, "volume_ratio": 0.0, "spread_pct": 0.0719, "checks": {"quote_volume": true, "range_15m": true, "atr": true, "volume_ratio": false, "spread": true}, "reason": "movement_or_liquidity_below_threshold"}
[ACTIVITY] THETATRY status=PASSIVE metrics={"status": "PASSIVE", "quote_volume": 1639772.61, "range_15m_pct": 0.0, "atr_pct": 0.0625, "volume_ratio": 0.0, "spread_pct": 0.2498, "checks": {"quote_volume": true, "range_15m": false, "atr": false, "volume_ratio": false, "spread": true}, "reason": "movement_or_liquidity_below_threshold"}
[ACTIVITY] THETRY status=PASSIVE metrics={"status": "PASSIVE", "quote_volume": 33911799.37, "range_15m_pct": 0.3924, "atr_pct": 0.3174, "volume_ratio": 0.0307, "spread_pct": 0.0711, "checks": {"quote_volume": true, "range_15m": true, "atr": true, "volume_ratio": false, "spread": true}, "reason": "movement_or_liquidity_below_threshold"}
[ACTIVITY] TIATRY status=PASSIVE metrics={"status": "PASSIVE", "quote_volume": 23551767.9, "range_15m_pct": 0.0681, "atr_pct": 0.1944, "volume_ratio": 0.3851, "spread_pct": 0.1362, "checks": {"quote_volume": true, "range_15m": false, "atr": true, "volume_ratio": false, "spread": true}, "reason": "movement_or_liquidity_below_threshold"}
[ACTIVITY] TLMTRY status=ACTIVE metrics={"status": "ACTIVE", "quote_volume": 35726615.83, "range_15m_pct": 3.709, "atr_pct": 0.6163, "volume_ratio": 43.0219, "spread_pct": 0.1411, "checks": {"quote_volume": true, "range_15m": true, "atr": true, "volume_ratio": true, "spread": true}, "reason": "active"}
[ACTIVITY] TNSRTRY status=PASSIVE metrics={"status": "PASSIVE", "quote_volume": 19492983.98, "range_15m_pct": 0.6536, "atr_pct": 0.5135, "volume_ratio": 3.3216, "spread_pct": 0.6557, "checks": {"quote_volume": true, "range_15m": true, "atr": true, "volume_ratio": true, "spread": false}, "reason": "movement_or_liquidity_below_threshold"}
[ACTIVITY] TOWNSTRY status=PASSIVE metrics={"status": "PASSIVE", "quote_volume": 12236769.1, "range_15m_pct": 0.9091, "atr_pct": 0.5195, "volume_ratio": 0.0823, "spread_pct": 0.905, "checks": {"quote_volume": true, "range_15m": true, "atr": true, "volume_ratio": false, "spread": false}, "reason": "movement_or_liquidity_below_threshold"}
[ACTIVITY] TRBTRY status=PASSIVE metrics={"status": "PASSIVE", "quote_volume": 14129580.07, "range_15m_pct": 0.7692, "atr_pct": 0.2637, "volume_ratio": 0.0102, "spread_pct": 0.1537, "checks": {"quote_volume": true, "range_15m": true, "atr": true, "volume_ratio": false, "spread": true}, "reason": "movement_or_liquidity_below_threshold"}
[ACTIVITY] TREETRY status=PASSIVE metrics={"status": "PASSIVE", "quote_volume": 1946297.57, "range_15m_pct": 0.0, "atr_pct": 0.0855, "volume_ratio": 0.0, "spread_pct": 0.6006, "checks": {"quote_volume": true, "range_15m": false, "atr": false, "volume_ratio": false, "spread": false}, "reason": "movement_or_liquidity_below_threshold"}
[ACTIVITY] TRUMPTRY status=PASSIVE metrics={"status": "PASSIVE", "quote_volume": 22137588.23, "range_15m_pct": 0.1416, "atr_pct": 0.1518, "volume_ratio": 0.1263, "spread_pct": 0.1417, "checks": {"quote_volume": true, "range_15m": false, "atr": true, "volume_ratio": false, "spread": true}, "reason": "movement_or_liquidity_below_threshold"}
[ACTIVITY] TRXTRY status=PASSIVE metrics={"status": "PASSIVE", "quote_volume": 43283327.65, "range_15m_pct": 0.0749, "atr_pct": 0.0388, "volume_ratio": 1.0805, "spread_pct": 0.0062, "checks": {"quote_volume": true, "range_15m": false, "atr": false, "volume_ratio": true, "spread": true}, "reason": "movement_or_liquidity_below_threshold"}
[ACTIVITY] TSTTRY status=ACTIVE metrics={"status": "ACTIVE", "quote_volume": 215446495.62, "range_15m_pct": 1.6058, "atr_pct": 0.9253, "volume_ratio": 0.536, "spread_pct": 0.2882, "checks": {"quote_volume": true, "range_15m": true, "atr": true, "volume_ratio": true, "spread": true}, "reason": "active"}
[ACTIVITY] TURBOTRY status=PASSIVE metrics={"status": "PASSIVE", "quote_volume": 6707463.28, "range_15m_pct": 0.5181, "atr_pct": 0.1665, "volume_ratio": 0.0, "spread_pct": 0.2581, "checks": {"quote_volume": true, "range_15m": true, "atr": true, "volume_ratio": false, "spread": true}, "reason": "movement_or_liquidity_below_threshold"}
[ACTIVITY] TURTLETRY status=PASSIVE metrics={"status": "PASSIVE", "quote_volume": 1318111.8, "range_15m_pct": 0.0, "atr_pct": 0.0, "volume_ratio": 1.53, "spread_pct": 0.4684, "checks": {"quote_volume": true, "range_15m": false, "atr": false, "volume_ratio": true, "spread": false}, "reason": "movement_or_liquidity_below_threshold"}
[ACTIVITY] TWTTRY status=PASSIVE metrics={"status": "PASSIVE", "quote_volume": 5756345.36, "range_15m_pct": 0.3696, "atr_pct": 0.1282, "volume_ratio": 0.0, "spread_pct": 0.0527, "checks": {"quote_volume": true, "range_15m": true, "atr": false, "volume_ratio": false, "spread": true}, "reason": "movement_or_liquidity_below_threshold"}
[ACTIVITY] UMATRY status=PASSIVE metrics={"status": "PASSIVE", "quote_volume": 9355427.94, "range_15m_pct": 0.2546, "atr_pct": 0.1091, "volume_ratio": 0.0336, "spread_pct": 0.0636, "checks": {"quote_volume": true, "range_15m": true, "atr": false, "volume_ratio": false, "spread": true}, "reason": "movement_or_liquidity_below_threshold"}
[ACTIVITY] UNITRY status=PASSIVE metrics={"status": "PASSIVE", "quote_volume": 25742682.75, "range_15m_pct": 0.4152, "atr_pct": 0.2583, "volume_ratio": 0.0315, "spread_pct": 0.0593, "checks": {"quote_volume": true, "range_15m": true, "atr": true, "volume_ratio": false, "spread": true}, "reason": "movement_or_liquidity_below_threshold"}
[ACTIVITY] USD1TRY status=PASSIVE metrics={"status": "PASSIVE", "quote_volume": 2378374.65, "range_15m_pct": 0.0, "atr_pct": 0.0015, "volume_ratio": 0.0, "spread_pct": 0.021, "checks": {"quote_volume": true, "range_15m": false, "atr": false, "volume_ratio": false, "spread": true}, "reason": "movement_or_liquidity_below_threshold"}
[ACTIVITY] USDCTRY status=PASSIVE metrics={"status": "PASSIVE", "quote_volume": 94519230.39, "range_15m_pct": 0.021, "atr_pct": 0.021, "volume_ratio": 0.6396, "spread_pct": 0.021, "checks": {"quote_volume": true, "range_15m": false, "atr": false, "volume_ratio": true, "spread": true}, "reason": "movement_or_liquidity_below_threshold"}
[ACTIVITY] USDTTRY status=PASSIVE metrics={"status": "PASSIVE", "quote_volume": 1208123132.69, "range_15m_pct": 0.021, "atr_pct": 0.021, "volume_ratio": 1.272, "spread_pct": 0.021, "checks": {"quote_volume": true, "range_15m": false, "atr": false, "volume_ratio": true, "spread": true}, "reason": "movement_or_liquidity_below_threshold"}
[ACTIVITY] USTCTRY status=ACTIVE metrics={"status": "ACTIVE", "quote_volume": 47273046.74, "range_15m_pct": 0.2472, "atr_pct": 0.3728, "volume_ratio": 0.8707, "spread_pct": 0.1642, "checks": {"quote_volume": true, "range_15m": true, "atr": true, "volume_ratio": true, "spread": true}, "reason": "active"}
[ACTIVITY] USUALTRY status=PASSIVE metrics={"status": "PASSIVE", "quote_volume": 13609300.84, "range_15m_pct": 0.237, "atr_pct": 0.1689, "volume_ratio": 0.0, "spread_pct": 0.2367, "checks": {"quote_volume": true, "range_15m": true, "atr": true, "volume_ratio": false, "spread": true}, "reason": "movement_or_liquidity_below_threshold"}
[ACTIVITY] UTRY status=PASSIVE metrics={"status": "PASSIVE", "quote_volume": 1315387.08, "range_15m_pct": 0.0, "atr_pct": 0.0015, "volume_ratio": 0.0, "spread_pct": 0.021, "checks": {"quote_volume": true, "range_15m": false, "atr": false, "volume_ratio": false, "spread": true}, "reason": "movement_or_liquidity_below_threshold"}
[ACTIVITY] VANATRY status=PASSIVE metrics={"status": "PASSIVE", "quote_volume": 1680758.35, "range_15m_pct": 0.4975, "atr_pct": 0.1061, "volume_ratio": 11.7541, "spread_pct": 0.2472, "checks": {"quote_volume": true, "range_15m": true, "atr": false, "volume_ratio": true, "spread": true}, "reason": "movement_or_liquidity_below_threshold"}
[ACTIVITY] VANRYTRY status=PASSIVE metrics={"status": "PASSIVE", "quote_volume": 26800793.23, "range_15m_pct": 1.4131, "atr_pct": 1.1855, "volume_ratio": 0.3027, "spread_pct": 0.741, "checks": {"quote_volume": true, "range_15m": true, "atr": true, "volume_ratio": false, "spread": false}, "reason": "movement_or_liquidity_below_threshold"}
[ACTIVITY] VETTRY status=PASSIVE metrics={"status": "PASSIVE", "quote_volume": 1087170.75, "range_15m_pct": 0.0, "atr_pct": 0.0195, "volume_ratio": 0.0, "spread_pct": 0.2711, "checks": {"quote_volume": true, "range_15m": false, "atr": false, "volume_ratio": false, "spread": true}, "reason": "movement_or_liquidity_below_threshold"}
[ACTIVITY] VICTRY status=PASSIVE metrics={"status": "PASSIVE", "quote_volume": 70057226.22, "range_15m_pct": 0.8403, "atr_pct": 1.25, "volume_ratio": 0.1948, "spread_pct": 0.8368, "checks": {"quote_volume": true, "range_15m": true, "atr": true, "volume_ratio": false, "spread": false}, "reason": "movement_or_liquidity_below_threshold"}
[ACTIVITY] VIRTUALTRY status=PASSIVE metrics={"status": "PASSIVE", "quote_volume": 2046143.65, "range_15m_pct": 0.1957, "atr_pct": 0.1116, "volume_ratio": 0.0, "spread_pct": 0.3476, "checks": {"quote_volume": true, "range_15m": true, "atr": false, "volume_ratio": false, "spread": false}, "reason": "movement_or_liquidity_below_threshold"}
[ACTIVITY] WALTRY status=PASSIVE metrics={"status": "PASSIVE", "quote_volume": 1459351.53, "range_15m_pct": 0.0, "atr_pct": 0.1348, "volume_ratio": 0.0, "spread_pct": 0.9479, "checks": {"quote_volume": true, "range_15m": false, "atr": false, "volume_ratio": false, "spread": false}, "reason": "movement_or_liquidity_below_threshold"}
[ACTIVITY] WCTTRY status=PASSIVE metrics={"status": "PASSIVE", "quote_volume": 520680.23, "range_15m_pct": 0.3505, "atr_pct": 0.025, "volume_ratio": 0.0, "spread_pct": 0.2334, "checks": {"quote_volume": false, "range_15m": true, "atr": false, "volume_ratio": false, "spread": true}, "reason": "movement_or_liquidity_below_threshold"}
[ACTIVITY] WIFTRY status=PASSIVE metrics={"status": "PASSIVE", "quote_volume": 5931971.87, "range_15m_pct": 0.0451, "atr_pct": 0.0997, "volume_ratio": 0.0, "spread_pct": 0.0751, "checks": {"quote_volume": true, "range_15m": false, "atr": false, "volume_ratio": false, "spread": true}, "reason": "movement_or_liquidity_below_threshold"}
[ACTIVITY] WLDTRY status=PASSIVE metrics={"status": "PASSIVE", "quote_volume": 36053513.25, "range_15m_pct": 0.4991, "atr_pct": 0.2183, "volume_ratio": 0.0173, "spread_pct": 0.1252, "checks": {"quote_volume": true, "range_15m": true, "atr": true, "volume_ratio": false, "spread": true}, "reason": "movement_or_liquidity_below_threshold"}
[ACTIVITY] WLFITRY status=PASSIVE metrics={"status": "PASSIVE", "quote_volume": 7804740.42, "range_15m_pct": 0.1528, "atr_pct": 0.0791, "volume_ratio": 1.0221, "spread_pct": 0.0382, "checks": {"quote_volume": true, "range_15m": true, "atr": false, "volume_ratio": true, "spread": true}, "reason": "movement_or_liquidity_below_threshold"}
[ACTIVITY] WTRY status=PASSIVE metrics={"status": "PASSIVE", "quote_volume": 3799687.23, "range_15m_pct": 0.0, "atr_pct": 0.0591, "volume_ratio": 0.0, "spread_pct": 0.0501, "checks": {"quote_volume": true, "range_15m": false, "atr": false, "volume_ratio": false, "spread": true}, "reason": "movement_or_liquidity_below_threshold"}
[ACTIVITY] XAITRY status=PASSIVE metrics={"status": "PASSIVE", "quote_volume": 12922229.31, "range_15m_pct": 0.5869, "atr_pct": 0.1551, "volume_ratio": 0.0008, "spread_pct": 0.0968, "checks": {"quote_volume": true, "range_15m": true, "atr": true, "volume_ratio": false, "spread": true}, "reason": "movement_or_liquidity_below_threshold"}
[ACTIVITY] XAUTTRY status=PASSIVE metrics={"status": "PASSIVE", "quote_volume": 17011978.82, "range_15m_pct": 0.0372, "atr_pct": 0.0718, "volume_ratio": 0.0727, "spread_pct": 0.0038, "checks": {"quote_volume": true, "range_15m": false, "atr": false, "volume_ratio": false, "spread": true}, "reason": "movement_or_liquidity_below_threshold"}
[ACTIVITY] XECTRY status=PASSIVE metrics={"status": "PASSIVE", "quote_volume": 3717295.79, "range_15m_pct": 0.0, "atr_pct": 0.1162, "volume_ratio": 0.0, "spread_pct": 0.1597, "checks": {"quote_volume": true, "range_15m": false, "atr": false, "volume_ratio": false, "spread": true}, "reason": "movement_or_liquidity_below_threshold"}
[ACTIVITY] XLMTRY status=ACTIVE metrics={"status": "ACTIVE", "quote_volume": 9984071.98, "range_15m_pct": 0.1689, "atr_pct": 0.1947, "volume_ratio": 0.7753, "spread_pct": 0.013, "checks": {"quote_volume": true, "range_15m": true, "atr": true, "volume_ratio": true, "spread": true}, "reason": "active"}
[ACTIVITY] XPLTRY status=PASSIVE metrics={"status": "PASSIVE", "quote_volume": 4154949.5, "range_15m_pct": 0.4409, "atr_pct": 0.2808, "volume_ratio": 0.0209, "spread_pct": 0.0275, "checks": {"quote_volume": true, "range_15m": true, "atr": true, "volume_ratio": false, "spread": true}, "reason": "movement_or_liquidity_below_threshold"}
[ACTIVITY] XRPTRY status=PASSIVE metrics={"status": "PASSIVE", "quote_volume": 146883475.49, "range_15m_pct": 0.1435, "atr_pct": 0.1229, "volume_ratio": 2.6415, "spread_pct": 0.0205, "checks": {"quote_volume": true, "range_15m": false, "atr": false, "volume_ratio": true, "spread": true}, "reason": "movement_or_liquidity_below_threshold"}
[ACTIVITY] XTZTRY status=PASSIVE metrics={"status": "PASSIVE", "quote_volume": 388193.62, "range_15m_pct": 0.0, "atr_pct": 0.1151, "volume_ratio": 0.0, "spread_pct": 0.7491, "checks": {"quote_volume": false, "range_15m": false, "atr": false, "volume_ratio": false, "spread": false}, "reason": "movement_or_liquidity_below_threshold"}
[ACTIVITY] XVGTRY status=PASSIVE metrics={"status": "PASSIVE", "quote_volume": 5330646.82, "range_15m_pct": 0.198, "atr_pct": 0.1201, "volume_ratio": 0.1648, "spread_pct": 0.0991, "checks": {"quote_volume": true, "range_15m": true, "atr": false, "volume_ratio": false, "spread": true}, "reason": "movement_or_liquidity_below_threshold"}
[ACTIVITY] YBTRY status=ACTIVE metrics={"status": "ACTIVE", "quote_volume": 2098971.11, "range_15m_pct": 1.8617, "atr_pct": 0.2805, "volume_ratio": 34.9576, "spread_pct": 0.2614, "checks": {"quote_volume": true, "range_15m": true, "atr": true, "volume_ratio": true, "spread": true}, "reason": "active"}
[ACTIVITY] ZAMATRY status=PASSIVE metrics={"status": "PASSIVE", "quote_volume": 301788.31, "range_15m_pct": 0.0, "atr_pct": 0.1646, "volume_ratio": 0.0, "spread_pct": 0.2726, "checks": {"quote_volume": false, "range_15m": false, "atr": true, "volume_ratio": false, "spread": true}, "reason": "movement_or_liquidity_below_threshold"}
[ACTIVITY] ZBTTRY status=ACTIVE metrics={"status": "ACTIVE", "quote_volume": 54474671.71, "range_15m_pct": 0.6865, "atr_pct": 0.2273, "volume_ratio": 0.9164, "spread_pct": 0.2281, "checks": {"quote_volume": true, "range_15m": true, "atr": true, "volume_ratio": true, "spread": true}, "reason": "active"}
[ACTIVITY] ZILTRY status=PASSIVE metrics={"status": "PASSIVE", "quote_volume": 4065797.36, "range_15m_pct": 0.1799, "atr_pct": 0.1861, "volume_ratio": 0.0506, "spread_pct": 0.0898, "checks": {"quote_volume": true, "range_15m": true, "atr": true, "volume_ratio": false, "spread": true}, "reason": "movement_or_liquidity_below_threshold"}
[ACTIVITY] ZKCTRY status=PASSIVE metrics={"status": "PASSIVE", "quote_volume": 806005.47, "range_15m_pct": 0.0, "atr_pct": 0.0, "volume_ratio": 0.0, "spread_pct": 0.5479, "checks": {"quote_volume": false, "range_15m": false, "atr": false, "volume_ratio": false, "spread": false}, "reason": "movement_or_liquidity_below_threshold"}
[ACTIVITY] ZKPTRY status=PASSIVE metrics={"status": "PASSIVE", "quote_volume": 939673.2, "range_15m_pct": 0.0482, "atr_pct": 0.0344, "volume_ratio": 0.9557, "spread_pct": 0.1929, "checks": {"quote_volume": false, "range_15m": false, "atr": false, "volume_ratio": true, "spread": true}, "reason": "movement_or_liquidity_below_threshold"}
[ACTIVITY] ZKTRY status=PASSIVE metrics={"status": "PASSIVE", "quote_volume": 12077320.11, "range_15m_pct": 0.2849, "atr_pct": 0.2239, "volume_ratio": 0.0, "spread_pct": 0.2845, "checks": {"quote_volume": true, "range_15m": true, "atr": true, "volume_ratio": false, "spread": true}, "reason": "movement_or_liquidity_below_threshold"}
[ACTIVITY] ZROTRY status=PASSIVE metrics={"status": "PASSIVE", "quote_volume": 9588300.0, "range_15m_pct": 0.0, "atr_pct": 0.1418, "volume_ratio": 1.0785, "spread_pct": 0.2491, "checks": {"quote_volume": true, "range_15m": false, "atr": false, "volume_ratio": true, "spread": true}, "reason": "movement_or_liquidity_below_threshold"}
[SIGNAL] 2026-08-05T09:49:59+00:00 HOMETRY BUY fill_at=2026-08-05T09:54:59+00:00 features={"close": 0.461, "bb_lower": 0.46248985034024503, "bb_upper": 0.48970062585023144, "rsi": 39.04513452881193, "mfi": 19.01736719288452, "atr": 0.006714285714285708}
[ENTRY] 2026-08-05T09:54:59+00:00 HOMETRY layer=1 value=998.50 entry=0.46234650 cash=9000.00
[SIGNAL] 2026-08-05T09:49:59+00:00 OPENTRY BUY fill_at=2026-08-05T09:54:59+00:00 features={"close": 9.281, "bb_lower": 9.295001253150913, "bb_upper": 9.381855889706232, "rsi": 34.77238637593436, "mfi": 32.32880113128667, "atr": 0.017928571428571516}
[ENTRY] 2026-08-05T09:54:59+00:00 OPENTRY layer=1 value=898.65 entry=9.28295700 cash=8100.00
[SCAN] 2026-08-05T09:54:59+00:00 symbols=20 signals=2 entries=2 exits=0 blocked=0 open=2 cash=8100.00 equity=9997.15
[SIGNAL] 2026-08-05T09:54:59+00:00 OPENTRY BUY fill_at=2026-08-05T09:59:59+00:00 features={"close": 9.246, "bb_lower": 9.275364307436721, "bb_upper": 9.392540454468044, "rsi": 29.355798924406983, "mfi": 17.21301591693917, "atr": 0.021000000000000036}
[ENTRY] 2026-08-05T09:59:59+00:00 OPENTRY layer=2 value=808.79 entry=9.25393525 cash=7290.00
[SCAN] 2026-08-05T09:59:59+00:00 symbols=20 signals=1 entries=1 exits=0 blocked=0 open=2 cash=7290.00 equity=9991.47
[SCAN] 2026-08-05T10:04:59+00:00 symbols=20 signals=0 entries=0 exits=0 blocked=1 open=2 cash=7290.00 equity=9988.16
[SCAN] 2026-08-05T10:09:59+00:00 symbols=20 signals=0 entries=0 exits=0 blocked=1 open=2 cash=7290.00 equity=9984.84
[SCAN] 2026-08-05T10:14:59+00:00 symbols=20 signals=0 entries=0 exits=0 blocked=2 open=2 cash=7290.00 equity=9983.32
[SCAN] 2026-08-05T10:19:59+00:00 symbols=20 signals=0 entries=0 exits=0 blocked=1 open=2 cash=7290.00 equity=9993.18
[SIGNAL] 2026-08-05T10:19:59+00:00 BANKTRY BUY fill_at=2026-08-05T10:24:59+00:00 features={"close": 2.289, "bb_lower": 2.2898019474134226, "bb_upper": 2.361340909729434, "rsi": 27.78845679861074, "mfi": 15.617343183511679, "atr": 0.017285714285714286}
[ENTRY] 2026-08-05T10:24:59+00:00 BANKTRY layer=1 value=727.91 entry=2.29171750 cash=6561.00
[SCAN] 2026-08-05T10:24:59+00:00 symbols=20 signals=1 entries=1 exits=0 blocked=1 open=3 cash=6561.00 equity=9992.77
[SCAN] 2026-08-05T10:29:59+00:00 symbols=20 signals=0 entries=0 exits=0 blocked=0 open=3 cash=6561.00 equity=9982.64
[SCAN] 2026-08-05T10:34:59+00:00 symbols=20 signals=0 entries=0 exits=0 blocked=0 open=3 cash=6561.00 equity=9976.10
[SCAN] 2026-08-05T10:39:59+00:00 symbols=20 signals=0 entries=0 exits=0 blocked=0 open=3 cash=6561.00 equity=9975.39
[SCAN] 2026-08-05T10:44:59+00:00 symbols=20 signals=0 entries=0 exits=0 blocked=0 open=3 cash=6561.00 equity=9977.98
[SCAN] 2026-08-05T10:49:59+00:00 symbols=20 signals=0 entries=0 exits=0 blocked=0 open=3 cash=6561.00 equity=9980.05
[SCAN] 2026-08-05T10:54:59+00:00 symbols=20 signals=0 entries=0 exits=0 blocked=1 open=3 cash=6561.00 equity=9983.05
[SCAN] 2026-08-05T10:59:59+00:00 symbols=20 signals=0 entries=0 exits=0 blocked=1 open=3 cash=6561.00 equity=9984.37
[SCAN] 2026-08-05T11:04:59+00:00 symbols=20 signals=0 entries=0 exits=0 blocked=0 open=3 cash=6561.00 equity=9977.16
[SIGNAL] 2026-08-05T11:04:59+00:00 EIGENTRY BUY fill_at=2026-08-05T11:09:59+00:00 features={"close": 8.91, "bb_lower": 8.91258320467741, "bb_upper": 8.999607271513067, "rsi": 34.876815794743635, "mfi": 40.8070309846129, "atr": 0.015285714285714316}
[ENTRY] 2026-08-05T11:09:59+00:00 EIGENTRY layer=1 value=655.12 entry=8.91668250 cash=5904.90
[SCAN] 2026-08-05T11:09:59+00:00 symbols=20 signals=1 entries=1 exits=0 blocked=0 open=4 cash=5904.90 equity=9987.07
[SCAN] 2026-08-05T11:14:59+00:00 symbols=20 signals=0 entries=0 exits=0 blocked=0 open=4 cash=5904.90 equity=9980.29
[SCAN] 2026-08-05T11:19:59+00:00 symbols=20 signals=0 entries=0 exits=0 blocked=0 open=4 cash=5904.90 equity=9984.82
[SIGNAL] 2026-08-05T11:19:59+00:00 LDOTRY BUY fill_at=2026-08-05T11:24:59+00:00 features={"close": 13.87, "bb_lower": 13.881598055830205, "bb_upper": 14.165068610836462, "rsi": 39.28600466497281, "mfi": 31.056073763368857, "atr": 0.06857142857142876}
[ENTRY] 2026-08-05T11:24:59+00:00 LDOTRY layer=1 value=589.61 entry=13.91042500 cash=5314.41
[SCAN] 2026-08-05T11:24:59+00:00 symbols=20 signals=1 entries=1 exits=0 blocked=0 open=5 cash=5314.41 equity=9969.15
[SIGNAL] 2026-08-05T11:24:59+00:00 HOMETRY BUY fill_at=2026-08-05T11:29:59+00:00 features={"close": 0.455, "bb_lower": 0.45608459183315586, "bb_upper": 0.46610588435732037, "rsi": 37.608713317453244, "mfi": 36.17053773425975, "atr": 0.004428571428571433}
[ENTRY] 2026-08-05T11:29:59+00:00 HOMETRY layer=2 value=530.65 entry=0.45534125 cash=4782.97
[SCAN] 2026-08-05T11:29:59+00:00 symbols=20 signals=1 entries=1 exits=0 blocked=0 open=5 cash=4782.97 equity=9976.34
[SCAN] 2026-08-05T11:34:59+00:00 symbols=20 signals=0 entries=0 exits=0 blocked=0 open=5 cash=4782.97 equity=9978.32
[SCAN] 2026-08-05T11:39:59+00:00 symbols=20 signals=0 entries=0 exits=0 blocked=0 open=5 cash=4782.97 equity=9974.99
[SIGNAL] 2026-08-05T11:39:59+00:00 HOMETRY BUY fill_at=2026-08-05T11:44:59+00:00 features={"close": 0.455, "bb_lower": 0.45523902903467356, "bb_upper": 0.46495144715580267, "rsi": 39.07301887908652, "mfi": 36.06072674077833, "atr": 0.004285714285714289}
[BLOCKED] HOMETRY reason=max_layers
[SCAN] 2026-08-05T11:44:59+00:00 symbols=20 signals=1 entries=0 exits=0 blocked=1 open=5 cash=4782.97 equity=9964.16
[SIGNAL] 2026-08-05T11:44:59+00:00 HOMETRY BUY fill_at=2026-08-05T11:49:59+00:00 features={"close": 0.453, "bb_lower": 0.4540323049684766, "bb_upper": 0.46530102836485676, "rsi": 36.58534746085322, "mfi": 32.09637078075309, "atr": 0.004285714285714289}
[BLOCKED] HOMETRY reason=max_layers
[SCAN] 2026-08-05T11:49:59+00:00 symbols=20 signals=1 entries=0 exits=0 blocked=1 open=5 cash=4782.97 equity=9972.77
[SCAN] 2026-08-05T11:54:59+00:00 symbols=20 signals=0 entries=0 exits=0 blocked=0 open=5 cash=4782.97 equity=9974.36
[SCAN] 2026-08-05T11:59:59+00:00 symbols=20 signals=0 entries=0 exits=0 blocked=1 open=5 cash=4782.97 equity=9956.67
[SIGNAL] 2026-08-05T11:59:59+00:00 BANKTRY BUY fill_at=2026-08-05T12:04:59+00:00 features={"close": 2.239, "bb_lower": 2.2558053971234133, "bb_upper": 2.3129565076384906, "rsi": 29.33486640587715, "mfi": 40.576040518580925, "atr": 0.02285714285714291}
[ENTRY] 2026-08-05T12:04:59+00:00 BANKTRY layer=2 value=537.08 entry=2.24168000 cash=4840.96
[SCAN] 2026-08-05T12:04:59+00:00 symbols=20 signals=1 entries=1 exits=1 blocked=1 open=4 cash=4840.96 equity=9943.00
[SIGNAL] 2026-08-05T12:04:59+00:00 BANKTRY BUY fill_at=2026-08-05T12:09:59+00:00 features={"close": 2.232, "bb_lower": 2.2455328764745097, "bb_upper": 2.317800456858823, "rsi": 27.830249722358914, "mfi": 39.7563281659056, "atr": 0.023142857142857225}
[BLOCKED] BANKTRY reason=max_layers
[SCAN] 2026-08-05T12:09:59+00:00 symbols=20 signals=1 entries=0 exits=0 blocked=1 open=4 cash=4840.96 equity=9953.97
[SIGNAL] 2026-08-05T12:09:59+00:00 BANKTRY BUY fill_at=2026-08-05T12:14:59+00:00 features={"close": 2.233, "bb_lower": 2.2375565091661613, "bb_upper": 2.3202530146433613, "rsi": 28.39861453559216, "mfi": 33.92374500095043, "atr": 0.021714285714285797}
[BLOCKED] BANKTRY reason=max_layers
[SIGNAL] 2026-08-05T12:09:59+00:00 HOMETRY BUY fill_at=2026-08-05T12:14:59+00:00 features={"close": 0.451, "bb_lower": 0.45119972240621803, "bb_upper": 0.4639431347366391, "rsi": 35.61397385147971, "mfi": 34.18355396826864, "atr": 0.004571428571428575}
[BLOCKED] HOMETRY reason=max_layers
[SCAN] 2026-08-05T12:14:59+00:00 symbols=20 signals=2 entries=0 exits=0 blocked=2 open=4 cash=4840.96 equity=9946.04
[SIGNAL] 2026-08-05T12:14:59+00:00 BANKTRY BUY fill_at=2026-08-05T12:19:59+00:00 features={"close": 2.227, "bb_lower": 2.229409857299156, "bb_upper": 2.3229710950817952, "rsi": 27.015681025832166, "mfi": 29.084532005280792, "atr": 0.019571428571428635}
[BLOCKED] BANKTRY reason=max_layers
[SIGNAL] 2026-08-05T12:14:59+00:00 HOMETRY BUY fill_at=2026-08-05T12:19:59+00:00 features={"close": 0.449, "bb_lower": 0.4498552383491386, "bb_upper": 0.4641447616508613, "rsi": 33.04861192390159, "mfi": 29.147050651521155, "atr": 0.004857142857142861}
[BLOCKED] HOMETRY reason=max_layers
[SCAN] 2026-08-05T12:19:59+00:00 symbols=20 signals=2 entries=0 exits=0 blocked=2 open=4 cash=4840.96 equity=9933.40
[SIGNAL] 2026-08-05T12:19:59+00:00 HOMETRY BUY fill_at=2026-08-05T12:24:59+00:00 features={"close": 0.444, "bb_lower": 0.44731713724419553, "bb_upper": 0.4652542913272333, "rsi": 27.653708116590266, "mfi": 25.376834828453937, "atr": 0.005071428571428576}
[BLOCKED] HOMETRY reason=max_layers
[SCAN] 2026-08-05T12:24:59+00:00 symbols=20 signals=1 entries=0 exits=0 blocked=1 open=4 cash=4840.96 equity=9941.84
[SCAN] 2026-08-05T12:29:59+00:00 symbols=20 signals=0 entries=0 exits=0 blocked=0 open=4 cash=4840.96 equity=9946.74
[SCAN] 2026-08-05T12:34:59+00:00 symbols=20 signals=0 entries=0 exits=0 blocked=0 open=4 cash=4840.96 equity=9941.04
[SIGNAL] 2026-08-05T12:34:59+00:00 ADATRY BUY fill_at=2026-08-05T12:39:59+00:00 features={"close": 9.2, "bb_lower": 9.208097549753965, "bb_upper": 9.306188164531747, "rsi": 38.80740022086002, "mfi": 45.76843876256286, "atr": 0.025000000000000102}
[ENTRY] 2026-08-05T12:39:59+00:00 ADATRY layer=1 value=483.37 entry=9.19689250 cash=4356.86
[SCAN] 2026-08-05T12:39:59+00:00 symbols=20 signals=1 entries=1 exits=0 blocked=0 open=5 cash=4356.86 equity=9947.96
[SIGNAL] 2026-08-05T12:39:59+00:00 VICTRY BUY fill_at=2026-08-05T12:44:59+00:00 features={"close": 1.75, "bb_lower": 1.7549187225437834, "bb_upper": 1.8603193726943124, "rsi": 34.85734825093009, "mfi": 23.44174386130571, "atr": 0.030714285714285743}
[ENTRY] 2026-08-05T12:44:59+00:00 VICTRY layer=1 value=435.03 entry=1.74130500 cash=3921.18
[SIGNAL] 2026-08-05T12:39:59+00:00 ADATRY BUY fill_at=2026-08-05T12:44:59+00:00 features={"close": 9.2, "bb_lower": 9.202058796110464, "bb_upper": 9.309369775318107, "rsi": 38.8074002440993, "mfi": 18.567564057299307, "atr": 0.024285714285714403}
[ENTRY] 2026-08-05T12:44:59+00:00 ADATRY layer=2 value=391.53 entry=9.19689250 cash=3529.06
[SCAN] 2026-08-05T12:44:59+00:00 symbols=20 signals=2 entries=2 exits=0 blocked=0 open=6 cash=3529.06 equity=9956.35
[SCAN] 2026-08-05T12:49:59+00:00 symbols=20 signals=0 entries=0 exits=0 blocked=0 open=6 cash=3529.06 equity=9958.02
[SCAN] 2026-08-05T12:54:59+00:00 symbols=20 signals=0 entries=0 exits=0 blocked=0 open=6 cash=3529.06 equity=9956.11
[EXIT] 2026-08-05T12:59:59+00:00 VICTRY reason=fixed_take_profit pnl=+8.43 cash=3973.17
[SCAN] 2026-08-05T12:59:59+00:00 symbols=20 signals=0 entries=0 exits=1 blocked=0 open=5 cash=3973.17 equity=9942.06
[SCAN] 2026-08-05T13:04:59+00:00 symbols=20 signals=0 entries=0 exits=2 blocked=0 open=3 cash=6349.95 equity=9941.90
[SCAN] 2026-08-05T13:09:59+00:00 symbols=20 signals=0 entries=0 exits=0 blocked=0 open=3 cash=6349.95 equity=9952.85
[SCAN] 2026-08-05T13:14:59+00:00 symbols=20 signals=0 entries=0 exits=0 blocked=1 open=3 cash=6349.95 equity=9966.47
[SCAN] 2026-08-05T13:19:59+00:00 symbols=20 signals=0 entries=0 exits=0 blocked=1 open=3 cash=6349.95 equity=9993.42
[SCAN] 2026-08-05T13:24:59+00:00 symbols=20 signals=0 entries=0 exits=0 blocked=2 open=3 cash=6349.95 equity=9969.96
[SCAN] 2026-08-05T13:29:59+00:00 symbols=20 signals=0 entries=0 exits=0 blocked=1 open=3 cash=6349.95 equity=9975.74
[SIGNAL] 2026-08-05T13:29:59+00:00 ADATRY BUY fill_at=2026-08-05T13:34:59+00:00 features={"close": 9.12, "bb_lower": 9.13309557726293, "bb_upper": 9.3002377560704, "rsi": 28.12876161840522, "mfi": 50.20885091561953, "atr": 0.025000000000000227}
[BLOCKED] ADATRY reason=max_layers
[SCAN] 2026-08-05T13:34:59+00:00 symbols=20 signals=1 entries=0 exits=0 blocked=1 open=3 cash=6349.95 equity=9966.46
[SIGNAL] 2026-08-05T13:34:59+00:00 ADATRY BUY fill_at=2026-08-05T13:39:59+00:00 features={"close": 9.04, "bb_lower": 9.099437265184587, "bb_upper": 9.30913416338684, "rsi": 20.313320517239262, "mfi": 42.557218704949626, "atr": 0.02714285714285745}
[BLOCKED] ADATRY reason=max_layers
[SIGNAL] 2026-08-05T13:34:59+00:00 ONDOTRY BUY fill_at=2026-08-05T13:39:59+00:00 features={"close": 17.92, "bb_lower": 17.943057251370835, "bb_upper": 18.478847510533928, "rsi": 30.058207353332264, "mfi": 36.25021258936429, "atr": 0.05357142857142857}
[ENTRY] 2026-08-05T13:39:59+00:00 ONDOTRY layer=1 value=634.04 entry=17.90341750 cash=5714.96
[SCAN] 2026-08-05T13:39:59+00:00 symbols=20 signals=2 entries=1 exits=0 blocked=4 open=4 cash=5714.96 equity=9976.63
[SCAN] 2026-08-05T13:44:59+00:00 symbols=20 signals=0 entries=0 exits=0 blocked=1 open=4 cash=5714.96 equity=9982.53
[SCAN] 2026-08-05T13:49:59+00:00 symbols=20 signals=0 entries=0 exits=0 blocked=0 open=4 cash=5714.96 equity=9994.18
[SCAN] 2026-08-05T13:54:59+00:00 symbols=20 signals=0 entries=0 exits=0 blocked=0 open=4 cash=5714.96 equity=10024.15
[EXIT] 2026-08-05T13:59:59+00:00 HOMETRY reason=fixed_take_profit pnl=+29.62 cash=7276.02
[SCAN] 2026-08-05T13:59:59+00:00 symbols=20 signals=0 entries=0 exits=1 blocked=0 open=3 cash=7276.02 equity=10024.81
[SCAN] 2026-08-05T14:04:59+00:00 symbols=20 signals=0 entries=0 exits=1 blocked=0 open=2 cash=7915.23 equity=10020.71
[SCAN] 2026-08-05T14:09:59+00:00 symbols=20 signals=0 entries=0 exits=0 blocked=0 open=2 cash=7915.23 equity=10014.25
[SCAN] 2026-08-05T14:14:59+00:00 symbols=20 signals=0 entries=0 exits=0 blocked=0 open=2 cash=7915.23 equity=10009.40
[SIGNAL] 2026-08-05T14:14:59+00:00 HEITRY BUY fill_at=2026-08-05T14:19:59+00:00 features={"close": 8.724, "bb_lower": 8.737324123675233, "bb_upper": 9.625437781086674, "rsi": 41.59954089366923, "mfi": 56.37794770677746, "atr": 0.28442857142857164}
[ENTRY] 2026-08-05T14:19:59+00:00 HEITRY layer=1 value=790.34 entry=8.70652500 cash=7123.70
[SCAN] 2026-08-05T14:19:59+00:00 symbols=20 signals=1 entries=1 exits=0 blocked=0 open=3 cash=7123.70 equity=10008.90
[SIGNAL] 2026-08-05T14:19:59+00:00 BANKTRY BUY fill_at=2026-08-05T14:24:59+00:00 features={"close": 2.193, "bb_lower": 2.1978371118503706, "bb_upper": 2.2375914595782014, "rsi": 29.720745200898634, "mfi": 46.81860627158037, "atr": 0.016071428571428546}
[BLOCKED] BANKTRY reason=max_layers
[SCAN] 2026-08-05T14:24:59+00:00 symbols=20 signals=1 entries=0 exits=0 blocked=1 open=3 cash=7123.70 equity=9988.04
[SIGNAL] 2026-08-05T14:24:59+00:00 HEITRY BUY fill_at=2026-08-05T14:29:59+00:00 features={"close": 8.485, "bb_lower": 8.570379348527496, "bb_upper": 9.684477794329652, "rsi": 37.11624058231053, "mfi": 38.3812994461324, "atr": 0.294857142857143}
[ENTRY] 2026-08-05T14:29:59+00:00 HEITRY layer=2 value=711.30 entry=8.48135625 cash=6411.33
[SCAN] 2026-08-05T14:29:59+00:00 symbols=20 signals=1 entries=1 exits=0 blocked=0 open=3 cash=6411.33 equity=9968.74
[SIGNAL] 2026-08-05T14:29:59+00:00 HEITRY BUY fill_at=2026-08-05T14:34:59+00:00 features={"close": 8.434, "bb_lower": 8.484496291074443, "bb_upper": 9.729122756544609, "rsi": 36.16699369513846, "mfi": 38.67331223350517, "atr": 0.2715714285714287}
[BLOCKED] HEITRY reason=max_layers
[SIGNAL] 2026-08-05T14:29:59+00:00 NOMTRY BUY fill_at=2026-08-05T14:34:59+00:00 features={"close": 0.074, "bb_lower": 0.07419094308876534, "bb_upper": 0.07904715214932989, "rsi": 38.45734036318916, "mfi": 37.91342448233719, "atr": 0.0010714285714285723}
[ENTRY] 2026-08-05T14:34:59+00:00 NOMTRY layer=1 value=640.17 entry=0.07405550 cash=5770.20
[SIGNAL] 2026-08-05T14:29:59+00:00 BANKTRY BUY fill_at=2026-08-05T14:34:59+00:00 features={"close": 2.189, "bb_lower": 2.192502320857815, "bb_upper": 2.2376881553326617, "rsi": 33.540085396224484, "mfi": 48.31811059924836, "atr": 0.01842857142857146}
[BLOCKED] BANKTRY reason=max_layers
[EXIT] 2026-08-05T14:34:59+00:00 NOMTRY reason=fixed_take_profit pnl=+12.40 cash=6423.73
[SCAN] 2026-08-05T14:34:59+00:00 symbols=20 signals=3 entries=1 exits=1 blocked=3 open=3 cash=6423.73 equity=10008.13
[SCAN] 2026-08-05T14:39:59+00:00 symbols=20 signals=0 entries=0 exits=0 blocked=1 open=3 cash=6423.73 equity=9984.55
[SIGNAL] 2026-08-05T14:39:59+00:00 BANKTRY BUY fill_at=2026-08-05T14:44:59+00:00 features={"close": 2.181, "bb_lower": 2.1857072838594385, "bb_upper": 2.2375308113786567, "rsi": 33.85241045229378, "mfi": 42.89804012865397, "atr": 0.020714285714285716}
[BLOCKED] BANKTRY reason=max_layers
[SCAN] 2026-08-05T14:44:59+00:00 symbols=20 signals=1 entries=0 exits=0 blocked=2 open=3 cash=6423.73 equity=10022.72
[SCAN] 2026-08-05T14:49:59+00:00 symbols=20 signals=0 entries=0 exits=0 blocked=1 open=3 cash=6423.73 equity=10002.33
[SCAN] 2026-08-05T14:54:59+00:00 symbols=20 signals=0 entries=0 exits=0 blocked=0 open=3 cash=6423.73 equity=10014.61
[EXIT] 2026-08-05T14:59:59+00:00 HEITRY reason=fixed_take_profit pnl=+29.09 cash=7956.71
[SCAN] 2026-08-05T14:59:59+00:00 symbols=20 signals=0 entries=0 exits=1 blocked=0 open=2 cash=7956.71 equity=10045.08
[SCAN] 2026-08-05T15:04:59+00:00 symbols=20 signals=0 entries=0 exits=0 blocked=0 open=2 cash=7956.71 equity=10038.07
[SCAN] 2026-08-05T15:09:59+00:00 symbols=20 signals=0 entries=0 exits=0 blocked=0 open=2 cash=7956.71 equity=10032.27
[SCAN] 2026-08-05T15:14:59+00:00 symbols=20 signals=0 entries=0 exits=0 blocked=0 open=2 cash=7956.71 equity=10027.81
[SIGNAL] 2026-08-05T15:14:59+00:00 HOMETRY BUY fill_at=2026-08-05T15:19:59+00:00 features={"close": 0.447, "bb_lower": 0.448291684488176, "bb_upper": 0.4820892678927765, "rsi": 34.81078075117843, "mfi": 43.40255242834736, "atr": 0.008071428571428563}
[ENTRY] 2026-08-05T15:19:59+00:00 HOMETRY layer=1 value=794.48 entry=0.45033750 cash=7161.04
[SCAN] 2026-08-05T15:19:59+00:00 symbols=20 signals=1 entries=1 exits=0 blocked=1 open=3 cash=7161.04 equity=10030.11
[SCAN] 2026-08-05T15:24:59+00:00 symbols=20 signals=0 entries=0 exits=0 blocked=0 open=3 cash=7161.04 equity=10023.31
[SCAN] 2026-08-05T15:29:59+00:00 symbols=20 signals=0 entries=0 exits=0 blocked=0 open=3 cash=7161.04 equity=10028.79
[SCAN] 2026-08-05T15:34:59+00:00 symbols=20 signals=0 entries=0 exits=0 blocked=0 open=3 cash=7161.04 equity=10029.27
[SIGNAL] 2026-08-05T15:34:59+00:00 RESOLVTRY BUY fill_at=2026-08-05T15:39:59+00:00 features={"close": 0.8155, "bb_lower": 0.8169789136143526, "bb_upper": 0.8442972768618375, "rsi": 35.74467390230764, "mfi": 20.343507078156662, "atr": 0.005028571428571398}
[ENTRY] 2026-08-05T15:39:59+00:00 RESOLVTRY layer=1 value=715.03 entry=0.81611163 cash=6444.94
[SCAN] 2026-08-05T15:39:59+00:00 symbols=20 signals=1 entries=1 exits=0 blocked=1 open=4 cash=6444.94 equity=10030.30
[SCAN] 2026-08-05T15:44:59+00:00 symbols=20 signals=0 entries=0 exits=0 blocked=1 open=4 cash=6444.94 equity=10027.82
[SCAN] 2026-08-05T15:49:59+00:00 symbols=20 signals=0 entries=0 exits=0 blocked=1 open=4 cash=6444.94 equity=10023.37
[SCAN] 2026-08-05T15:54:59+00:00 symbols=20 signals=0 entries=0 exits=0 blocked=0 open=4 cash=6444.94 equity=10021.37
[SIGNAL] 2026-08-05T15:54:59+00:00 EIGENTRY BUY fill_at=2026-08-05T15:59:59+00:00 features={"close": 8.839, "bb_lower": 8.850410342490969, "bb_upper": 8.909018228937603, "rsi": 36.80229683866274, "mfi": 18.079644640784693, "atr": 0.018928571428571343}
[ENTRY] 2026-08-05T15:59:59+00:00 EIGENTRY layer=1 value=643.53 entry=8.85963975 cash=5800.44
[SCAN] 2026-08-05T15:59:59+00:00 symbols=20 signals=1 entries=1 exits=0 blocked=2 open=5 cash=5800.44 equity=10012.78
[SCAN] 2026-08-05T16:04:59+00:00 symbols=20 signals=0 entries=0 exits=0 blocked=2 open=5 cash=5800.44 equity=10038.94
[SCAN] 2026-08-05T16:09:59+00:00 symbols=20 signals=0 entries=0 exits=0 blocked=2 open=5 cash=5800.44 equity=10054.53
[EXIT] 2026-08-05T16:14:59+00:00 RESOLVTRY reason=fixed_take_profit pnl=+13.85 cash=6530.40
[SCAN] 2026-08-05T16:14:59+00:00 symbols=20 signals=0 entries=0 exits=1 blocked=0 open=4 cash=6530.40 equity=10063.58
[SCAN] 2026-08-05T16:19:59+00:00 symbols=20 signals=0 entries=0 exits=0 blocked=0 open=4 cash=6530.40 equity=10056.99
[SIGNAL] 2026-08-05T16:19:59+00:00 VICTRY BUY fill_at=2026-08-05T16:24:59+00:00 features={"close": 1.69, "bb_lower": 1.6941823166346723, "bb_upper": 1.782008159555804, "rsi": 38.48141987458127, "mfi": 41.80649791857819, "atr": 0.030000000000000027}
[ENTRY] 2026-08-05T16:24:59+00:00 VICTRY layer=1 value=652.06 entry=1.69126750 cash=5877.36
[SCAN] 2026-08-05T16:24:59+00:00 symbols=20 signals=1 entries=1 exits=0 blocked=0 open=5 cash=5877.36 equity=10058.48
[SCAN] 2026-08-05T16:29:59+00:00 symbols=20 signals=0 entries=0 exits=0 blocked=1 open=5 cash=5877.36 equity=10062.42
[SCAN] 2026-08-05T16:34:59+00:00 symbols=20 signals=0 entries=0 exits=0 blocked=0 open=5 cash=5877.36 equity=10076.00
[SCAN] 2026-08-05T16:39:59+00:00 symbols=20 signals=0 entries=0 exits=0 blocked=0 open=5 cash=5877.36 equity=10061.27
[SCAN] 2026-08-05T16:44:59+00:00 symbols=20 signals=0 entries=0 exits=0 blocked=0 open=5 cash=5877.36 equity=10052.29
[SIGNAL] 2026-08-05T16:44:59+00:00 VICTRY BUY fill_at=2026-08-05T16:49:59+00:00 features={"close": 1.66, "bb_lower": 1.66544023445067, "bb_upper": 1.7774169084064726, "rsi": 34.788644015734235, "mfi": 28.25255808949153, "atr": 0.02642857142857145}
[ENTRY] 2026-08-05T16:49:59+00:00 VICTRY layer=2 value=586.86 entry=1.66124500 cash=5289.62
[SCAN] 2026-08-05T16:49:59+00:00 symbols=20 signals=1 entries=1 exits=0 blocked=0 open=5 cash=5289.62 equity=10014.72
[SIGNAL] 2026-08-05T16:49:59+00:00 VICTRY BUY fill_at=2026-08-05T16:54:59+00:00 features={"close": 1.65, "bb_lower": 1.654155978042718, "bb_upper": 1.7801297362429958, "rsi": 33.15498360067488, "mfi": 28.390408908060238, "atr": 0.025714285714285738}
[BLOCKED] VICTRY reason=max_layers
[SCAN] 2026-08-05T16:54:59+00:00 symbols=20 signals=1 entries=0 exits=0 blocked=1 open=5 cash=5289.62 equity=10021.64
[SCAN] 2026-08-05T16:59:59+00:00 symbols=20 signals=0 entries=0 exits=0 blocked=0 open=5 cash=5289.62 equity=10019.86
[SCAN] 2026-08-05T17:04:59+00:00 symbols=20 signals=0 entries=0 exits=0 blocked=0 open=5 cash=5289.62 equity=10019.23
[SIGNAL] 2026-08-05T17:04:59+00:00 BANKTRY BUY fill_at=2026-08-05T17:09:59+00:00 features={"close": 2.135, "bb_lower": 2.140018656145525, "bb_upper": 2.212076581949713, "rsi": 31.960517004623995, "mfi": 50.94423590214808, "atr": 0.021785714285714297}
[BLOCKED] BANKTRY reason=max_layers
[SCAN] 2026-08-05T17:09:59+00:00 symbols=20 signals=1 entries=0 exits=0 blocked=1 open=5 cash=5289.62 equity=10034.79
[EXIT] 2026-08-05T17:14:59+00:00 HOMETRY reason=fixed_take_profit pnl=+15.39 cash=6100.68
[SCAN] 2026-08-05T17:14:59+00:00 symbols=20 signals=0 entries=0 exits=1 blocked=0 open=4 cash=6100.68 equity=10012.11
[SIGNAL] 2026-08-05T17:14:59+00:00 BANKTRY BUY fill_at=2026-08-05T17:19:59+00:00 features={"close": 2.113, "bb_lower": 2.1246231163585296, "bb_upper": 2.2188054550700427, "rsi": 27.883607690695925, "mfi": 45.969929255489376, "atr": 0.025714285714285707}
[BLOCKED] BANKTRY reason=max_layers
[SCAN] 2026-08-05T17:19:59+00:00 symbols=20 signals=1 entries=0 exits=0 blocked=1 open=4 cash=6100.68 equity=10022.29
[EXIT] 2026-08-05T17:24:59+00:00 VICTRY reason=fixed_take_profit pnl=+24.00 cash=7365.45
[SCAN] 2026-08-05T17:24:59+00:00 symbols=20 signals=0 entries=0 exits=1 blocked=0 open=3 cash=7365.45 equity=10042.28
[SIGNAL] 2026-08-05T17:24:59+00:00 BANKTRY BUY fill_at=2026-08-05T17:29:59+00:00 features={"close": 2.099, "bb_lower": 2.105657952822993, "bb_upper": 2.2261515709865316, "rsi": 26.523338549995785, "mfi": 34.73512629470376, "atr": 0.027214285714285698}
[BLOCKED] BANKTRY reason=max_layers
[SCAN] 2026-08-05T17:29:59+00:00 symbols=20 signals=1 entries=0 exits=0 blocked=1 open=3 cash=7365.45 equity=10046.87
[SCAN] 2026-08-05T17:34:59+00:00 symbols=20 signals=0 entries=0 exits=0 blocked=0 open=3 cash=7365.45 equity=10045.49
[SCAN] 2026-08-05T17:39:59+00:00 symbols=20 signals=0 entries=0 exits=0 blocked=0 open=3 cash=7365.45 equity=10061.50
[SCAN] 2026-08-05T17:44:59+00:00 symbols=20 signals=0 entries=0 exits=0 blocked=0 open=3 cash=7365.45 equity=10065.95
[SCAN] 2026-08-05T17:49:59+00:00 symbols=20 signals=0 entries=0 exits=0 blocked=0 open=3 cash=7365.45 equity=10055.21
[SCAN] 2026-08-05T17:54:59+00:00 symbols=20 signals=0 entries=0 exits=0 blocked=0 open=3 cash=7365.45 equity=10052.78
[SCAN] 2026-08-05T17:59:59+00:00 symbols=20 signals=0 entries=0 exits=0 blocked=1 open=3 cash=7365.45 equity=10049.59
[SIGNAL] 2026-08-05T17:59:59+00:00 RESOLVTRY BUY fill_at=2026-08-05T18:04:59+00:00 features={"close": 0.8171, "bb_lower": 0.8180260128979556, "bb_upper": 0.8417454156734728, "rsi": 33.782365652615724, "mfi": 20.36794441828897, "atr": 0.005114285714285706}
[ENTRY] 2026-08-05T18:04:59+00:00 RESOLVTRY layer=1 value=735.44 entry=0.81721245 cash=6628.91
[SIGNAL] 2026-08-05T17:59:59+00:00 LDOTRY BUY fill_at=2026-08-05T18:04:59+00:00 features={"close": 14.24, "bb_lower": 14.279555309115283, "bb_upper": 14.459492309932342, "rsi": 40.740507529401995, "mfi": 35.89165934978132, "atr": 0.06928571428571395}
[ENTRY] 2026-08-05T18:04:59+00:00 LDOTRY layer=1 value=661.90 entry=14.26068750 cash=5966.02
[SCAN] 2026-08-05T18:04:59+00:00 symbols=20 signals=2 entries=2 exits=0 blocked=0 open=5 cash=5966.02 equity=10043.23
[SIGNAL] 2026-08-05T18:04:59+00:00 LDOTRY BUY fill_at=2026-08-05T18:09:59+00:00 features={"close": 14.17, "bb_lower": 14.239882398546182, "bb_upper": 14.484879506215723, "rsi": 35.09321347344731, "mfi": 32.65016798584249, "atr": 0.07642857142857107}
[ENTRY] 2026-08-05T18:09:59+00:00 LDOTRY layer=2 value=595.71 entry=14.18062750 cash=5369.41
[SCAN] 2026-08-05T18:09:59+00:00 symbols=20 signals=1 entries=1 exits=0 blocked=1 open=5 cash=5369.41 equity=10042.88
[SIGNAL] 2026-08-05T18:09:59+00:00 ADATRY BUY fill_at=2026-08-05T18:14:59+00:00 features={"close": 9.04, "bb_lower": 9.041909430887653, "bb_upper": 9.0904715214933, "rsi": 40.468187417283474, "mfi": 33.877790246701565, "atr": 0.0185714285714283}
[BLOCKED] ADATRY reason=max_layers
[SIGNAL] 2026-08-05T18:09:59+00:00 LDOTRY BUY fill_at=2026-08-05T18:14:59+00:00 features={"close": 14.2, "bb_lower": 14.216315492168075, "bb_upper": 14.484636888784308, "rsi": 39.017871867667715, "mfi": 33.25597654973224, "atr": 0.0749999999999998}
[BLOCKED] LDOTRY reason=max_layers
[SCAN] 2026-08-05T18:14:59+00:00 symbols=20 signals=2 entries=0 exits=0 blocked=2 open=5 cash=5369.41 equity=10046.99
[SCAN] 2026-08-05T18:19:59+00:00 symbols=20 signals=0 entries=0 exits=0 blocked=0 open=5 cash=5369.41 equity=10045.98
[SCAN] 2026-08-05T18:24:59+00:00 symbols=20 signals=0 entries=0 exits=0 blocked=1 open=5 cash=5369.41 equity=10047.20
[SIGNAL] 2026-08-05T18:24:59+00:00 ADATRY BUY fill_at=2026-08-05T18:29:59+00:00 features={"close": 9.02, "bb_lower": 9.030366216544815, "bb_upper": 9.094395688217089, "rsi": 38.28051452909297, "mfi": 25.04310014542682, "atr": 0.02071428571428578}
[BLOCKED] ADATRY reason=max_layers
[SCAN] 2026-08-05T18:29:59+00:00 symbols=20 signals=1 entries=0 exits=0 blocked=2 open=5 cash=5369.41 equity=10036.65
[SIGNAL] 2026-08-05T18:29:59+00:00 ADATRY BUY fill_at=2026-08-05T18:34:59+00:00 features={"close": 9.02, "bb_lower": 9.023485162832987, "bb_upper": 9.09651483716701, "rsi": 38.28051450657794, "mfi": 24.56288173627067, "atr": 0.02142857142857148}
[BLOCKED] ADATRY reason=max_layers
[SCAN] 2026-08-05T18:34:59+00:00 symbols=20 signals=1 entries=0 exits=0 blocked=2 open=5 cash=5369.41 equity=10052.29
[SIGNAL] 2026-08-05T18:34:59+00:00 ADATRY BUY fill_at=2026-08-05T18:39:59+00:00 features={"close": 9.0, "bb_lower": 9.012573870640772, "bb_upper": 9.101711843644946, "rsi": 34.00366398835635, "mfi": 22.421655739447317, "atr": 0.02142857142857148}
[BLOCKED] ADATRY reason=max_layers
[SCAN] 2026-08-05T18:39:59+00:00 symbols=20 signals=1 entries=0 exits=0 blocked=2 open=5 cash=5369.41 equity=10078.23
[EXIT] 2026-08-05T18:44:59+00:00 RESOLVTRY reason=fixed_take_profit pnl=+14.24 cash=6120.20
[SCAN] 2026-08-05T18:44:59+00:00 symbols=20 signals=0 entries=0 exits=1 blocked=1 open=4 cash=6120.20 equity=10079.17
[SCAN] 2026-08-05T18:49:59+00:00 symbols=20 signals=0 entries=0 exits=0 blocked=0 open=4 cash=6120.20 equity=10066.83
[SCAN] 2026-08-05T18:54:59+00:00 symbols=20 signals=0 entries=0 exits=0 blocked=0 open=4 cash=6120.20 equity=10049.97
[SCAN] 2026-08-05T18:59:59+00:00 symbols=20 signals=0 entries=0 exits=0 blocked=0 open=4 cash=6120.20 equity=10043.70
[SCAN] 2026-08-05T19:04:59+00:00 symbols=20 signals=0 entries=0 exits=0 blocked=1 open=4 cash=6120.20 equity=10051.67
[SIGNAL] 2026-08-05T19:04:59+00:00 HOMETRY BUY fill_at=2026-08-05T19:09:59+00:00 features={"close": 0.452, "bb_lower": 0.45220488532139635, "bb_upper": 0.46855701944050854, "rsi": 38.97878870472796, "mfi": 29.550804752681046, "atr": 0.005357142857142854}
[ENTRY] 2026-08-05T19:09:59+00:00 HOMETRY layer=1 value=611.10 entry=0.45133825 cash=5508.18
[SCAN] 2026-08-05T19:09:59+00:00 symbols=20 signals=1 entries=1 exits=0 blocked=1 open=5 cash=5508.18 equity=10058.53
[SCAN] 2026-08-05T19:14:59+00:00 symbols=20 signals=0 entries=0 exits=0 blocked=0 open=5 cash=5508.18 equity=10055.15
[SCAN] 2026-08-05T19:19:59+00:00 symbols=20 signals=0 entries=0 exits=0 blocked=0 open=5 cash=5508.18 equity=10036.48
[SIGNAL] 2026-08-05T19:19:59+00:00 HOMETRY BUY fill_at=2026-08-05T19:24:59+00:00 features={"close": 0.449, "bb_lower": 0.4493254736702622, "bb_upper": 0.46981738347259494, "rsi": 35.71999158453079, "mfi": 17.92750285409508, "atr": 0.004642857142857147}
[ENTRY] 2026-08-05T19:24:59+00:00 HOMETRY layer=2 value=549.99 entry=0.44933675 cash=4957.37
[EXIT] 2026-08-05T19:24:59+00:00 BANKTRY reason=fixed_stop_loss pnl=-116.85 cash=6107.40
[SCAN] 2026-08-05T19:24:59+00:00 symbols=20 signals=1 entries=1 exits=1 blocked=0 open=4 cash=6107.40 equity=10020.56
[SIGNAL] 2026-08-05T19:24:59+00:00 BANKTRY BUY fill_at=2026-08-05T19:29:59+00:00 features={"close": 2.067, "bb_lower": 2.073324598057417, "bb_upper": 2.1470563543235346, "rsi": 30.926004254597203, "mfi": 39.60122702651191, "atr": 0.02121428571428576}
[ENTRY] 2026-08-05T19:29:59+00:00 BANKTRY layer=1 value=609.83 entry=2.06855025 cash=5496.66
[SIGNAL] 2026-08-05T19:24:59+00:00 HOMETRY BUY fill_at=2026-08-05T19:29:59+00:00 features={"close": 0.447, "bb_lower": 0.44737583742009096, "bb_upper": 0.47043368638943267, "rsi": 33.384356690691405, "mfi": 11.546693960999548, "atr": 0.004428571428571433}
[BLOCKED] HOMETRY reason=max_layers
[SCAN] 2026-08-05T19:29:59+00:00 symbols=20 signals=2 entries=1 exits=0 blocked=2 open=5 cash=5496.66 equity=10021.33
[SIGNAL] 2026-08-05T19:29:59+00:00 BANKTRY BUY fill_at=2026-08-05T19:34:59+00:00 features={"close": 2.061, "bb_lower": 2.065540897949218, "bb_upper": 2.1484591020507815, "rsi": 29.537174178113503, "mfi": 33.06967179370355, "atr": 0.02200000000000005}
[ENTRY] 2026-08-05T19:34:59+00:00 BANKTRY layer=2 value=548.84 entry=2.06254575 cash=4947.00
[SCAN] 2026-08-05T19:34:59+00:00 symbols=20 signals=1 entries=1 exits=0 blocked=1 open=5 cash=4947.00 equity=9993.14
[SIGNAL] 2026-08-05T19:34:59+00:00 HOMETRY BUY fill_at=2026-08-05T19:39:59+00:00 features={"close": 0.439, "bb_lower": 0.4424902386318413, "bb_upper": 0.47217642803482535, "rsi": 26.743657234412268, "mfi": 10.066268554819459, "atr": 0.005071428571428576}
[BLOCKED] HOMETRY reason=max_layers
[SCAN] 2026-08-05T19:39:59+00:00 symbols=20 signals=1 entries=0 exits=0 blocked=2 open=5 cash=4947.00 equity=9988.68
[SIGNAL] 2026-08-05T19:39:59+00:00 BANKTRY BUY fill_at=2026-08-05T19:44:59+00:00 features={"close": 2.051, "bb_lower": 2.0510089905573228, "bb_upper": 2.1528957713474393, "rsi": 27.470887242856577, "mfi": 29.641148925358507, "atr": 0.022785714285714315}
[BLOCKED] BANKTRY reason=max_layers
[SIGNAL] 2026-08-05T19:39:59+00:00 HOMETRY BUY fill_at=2026-08-05T19:44:59+00:00 features={"close": 0.439, "bb_lower": 0.4398932134977653, "bb_upper": 0.47210678650223475, "rsi": 26.743657239514846, "mfi": 9.277481696443203, "atr": 0.00528571428571429}
[BLOCKED] HOMETRY reason=max_layers
[SCAN] 2026-08-05T19:44:59+00:00 symbols=20 signals=2 entries=0 exits=0 blocked=3 open=5 cash=4947.00 equity=9986.76
[SIGNAL] 2026-08-05T19:44:59+00:00 HEITRY BUY fill_at=2026-08-05T19:49:59+00:00 features={"close": 11.755, "bb_lower": 11.907161372157788, "bb_upper": 14.685791008794592, "rsi": 38.676768076317494, "mfi": 53.463661246194384, "atr": 0.6627857142857143}
[ENTRY] 2026-08-05T19:49:59+00:00 HEITRY layer=1 value=493.96 entry=11.77682600 cash=4452.30
[SIGNAL] 2026-08-05T19:44:59+00:00 HOMETRY BUY fill_at=2026-08-05T19:49:59+00:00 features={"close": 0.435, "bb_lower": 0.43715823138358856, "bb_upper": 0.4715084352830782, "rsi": 23.657441188638245, "mfi": 9.057840223314969, "atr": 0.005428571428571434}
[BLOCKED] HOMETRY reason=max_layers
[EXIT] 2026-08-05T19:49:59+00:00 HEITRY reason=fixed_take_profit pnl=+9.57 cash=4956.56
[SCAN] 2026-08-05T19:49:59+00:00 symbols=20 signals=2 entries=1 exits=1 blocked=1 open=5 cash=4956.56 equity=9989.50
[SIGNAL] 2026-08-05T19:49:59+00:00 HOMETRY BUY fill_at=2026-08-05T19:54:59+00:00 features={"close": 0.433, "bb_lower": 0.4340822170586696, "bb_upper": 0.47153683056037804, "rsi": 22.265653197580605, "mfi": 8.783225130785695, "atr": 0.0053571428571428615}
[BLOCKED] HOMETRY reason=max_layers
[SCAN] 2026-08-05T19:54:59+00:00 symbols=20 signals=1 entries=0 exits=0 blocked=3 open=5 cash=4956.56 equity=9972.50
[SIGNAL] 2026-08-05T19:54:59+00:00 HOMETRY BUY fill_at=2026-08-05T19:59:59+00:00 features={"close": 0.429, "bb_lower": 0.430634779022003, "bb_upper": 0.47155569716847323, "rsi": 19.748387559190704, "mfi": 6.822880883156074, "atr": 0.005500000000000005}
[BLOCKED] HOMETRY reason=max_layers
[SIGNAL] 2026-08-05T19:54:59+00:00 VANRYTRY BUY fill_at=2026-08-05T19:59:59+00:00 features={"close": 0.1684, "bb_lower": 0.16871657962009787, "bb_upper": 0.17334056323704503, "rsi": 37.32875364105462, "mfi": 51.65570931193881, "atr": 0.0015428571428571375}
[ENTRY] 2026-08-05T19:59:59+00:00 VANRYTRY layer=1 value=494.91 entry=0.16852630 cash=4460.91
[SCAN] 2026-08-05T19:59:59+00:00 symbols=20 signals=2 entries=1 exits=0 blocked=3 open=6 cash=4460.91 equity=9975.90
[SIGNAL] 2026-08-05T19:59:59+00:00 AMPTRY BUY fill_at=2026-08-05T20:04:59+00:00 features={"close": 0.0186, "bb_lower": 0.018614967730693485, "bb_upper": 0.01888027036454461, "rsi": 30.929470721469713, "mfi": 45.11228043788799, "atr": 4.999999999999995e-05}
[ENTRY] 2026-08-05T20:04:59+00:00 AMPTRY layer=1 value=445.42 entry=0.01871403 cash=4014.82
[SIGNAL] 2026-08-05T19:59:59+00:00 EIGENTRY BUY fill_at=2026-08-05T20:04:59+00:00 features={"close": 8.826, "bb_lower": 8.833053561293243, "bb_upper": 8.941422629182947, "rsi": 34.04587054185539, "mfi": 15.223784349464069, "atr": 0.017642857142857262}
[ENTRY] 2026-08-05T20:04:59+00:00 EIGENTRY layer=2 value=400.88 entry=8.83161875 cash=3613.34
[SCAN] 2026-08-05T20:04:59+00:00 symbols=20 signals=2 entries=2 exits=0 blocked=0 open=7 cash=3613.34 equity=9960.19
[SIGNAL] 2026-08-05T20:04:59+00:00 EIGENTRY BUY fill_at=2026-08-05T20:09:59+00:00 features={"close": 8.822, "bb_lower": 8.823108379070133, "bb_upper": 8.94336781140606, "rsi": 33.29835861680354, "mfi": 13.25380150285919, "atr": 0.017214285714285942}
[BLOCKED] EIGENTRY reason=max_layers
[SCAN] 2026-08-05T20:09:59+00:00 symbols=20 signals=1 entries=0 exits=0 blocked=2 open=7 cash=3613.34 equity=9966.95
[SIGNAL] 2026-08-05T20:09:59+00:00 EIGENTRY BUY fill_at=2026-08-05T20:14:59+00:00 features={"close": 8.806, "bb_lower": 8.813951803754454, "bb_upper": 8.939667243864596, "rsi": 30.40549568183529, "mfi": 8.67249698015408, "atr": 0.01742857142857154}
[BLOCKED] EIGENTRY reason=max_layers
[SIGNAL] 2026-08-05T20:09:59+00:00 ONDOTRY BUY fill_at=2026-08-05T20:14:59+00:00 features={"close": 17.84, "bb_lower": 17.844429805594917, "bb_upper": 18.007951146786038, "rsi": 29.861511187477433, "mfi": 35.02641169639139, "atr": 0.0342857142857133}
[ENTRY] 2026-08-05T20:14:59+00:00 ONDOTRY layer=1 value=360.79 entry=17.85338000 cash=3252.00
[SCAN] 2026-08-05T20:14:59+00:00 symbols=20 signals=2 entries=1 exits=0 blocked=3 open=8 cash=3252.00 equity=9943.54
[SIGNAL] 2026-08-05T20:14:59+00:00 LDOTRY BUY fill_at=2026-08-05T20:19:59+00:00 features={"close": 14.02, "bb_lower": 14.059837445087568, "bb_upper": 14.270638745388625, "rsi": 30.604759442857812, "mfi": 30.076909408178338, "atr": 0.0514285714285716}
[BLOCKED] LDOTRY reason=max_layers
[SCAN] 2026-08-05T20:19:59+00:00 symbols=20 signals=1 entries=0 exits=0 blocked=2 open=8 cash=3252.00 equity=9939.22
[SIGNAL] 2026-08-05T20:19:59+00:00 LDOTRY BUY fill_at=2026-08-05T20:24:59+00:00 features={"close": 14.0, "bb_lower": 14.030231119105785, "bb_upper": 14.282149833275163, "rsi": 29.164081302589878, "mfi": 35.98224241176712, "atr": 0.04928571428571438}
[BLOCKED] LDOTRY reason=max_layers
[SCAN] 2026-08-05T20:24:59+00:00 symbols=20 signals=1 entries=0 exits=0 blocked=1 open=8 cash=3252.00 equity=9953.81
[SIGNAL] 2026-08-05T20:24:59+00:00 LDOTRY BUY fill_at=2026-08-05T20:29:59+00:00 features={"close": 14.0, "bb_lower": 14.006010607486385, "bb_upper": 14.287322725846948, "rsi": 29.16408127453107, "mfi": 33.282141490913034, "atr": 0.048571428571428675}
[BLOCKED] LDOTRY reason=max_layers
[SCAN] 2026-08-05T20:29:59+00:00 symbols=20 signals=1 entries=0 exits=0 blocked=1 open=8 cash=3252.00 equity=9960.64
[SCAN] 2026-08-05T20:34:59+00:00 symbols=20 signals=0 entries=0 exits=0 blocked=0 open=8 cash=3252.00 equity=9966.72
[SCAN] 2026-08-05T20:39:59+00:00 symbols=20 signals=0 entries=0 exits=0 blocked=0 open=8 cash=3252.00 equity=9964.27
[SCAN] 2026-08-05T20:44:59+00:00 symbols=20 signals=0 entries=0 exits=0 blocked=0 open=8 cash=3252.00 equity=9969.35
[SCAN] 2026-08-05T20:49:59+00:00 symbols=20 signals=0 entries=0 exits=0 blocked=0 open=8 cash=3252.00 equity=9988.41
[SCAN] 2026-08-05T20:54:59+00:00 symbols=20 signals=0 entries=0 exits=0 blocked=0 open=8 cash=3252.00 equity=9987.53
[SCAN] 2026-08-05T20:59:59+00:00 symbols=20 signals=0 entries=0 exits=0 blocked=0 open=8 cash=3252.00 equity=9991.75
[SCAN] 2026-08-05T21:04:59+00:00 symbols=20 signals=0 entries=0 exits=1 blocked=0 open=7 cash=3750.41 equity=9978.28
[SCAN] 2026-08-05T21:09:59+00:00 symbols=20 signals=0 entries=0 exits=0 blocked=0 open=7 cash=3750.41 equity=9970.17
[SCAN] 2026-08-05T21:14:59+00:00 symbols=20 signals=0 entries=0 exits=0 blocked=0 open=7 cash=3750.41 equity=9955.03
[SCAN] 2026-08-05T21:19:59+00:00 symbols=20 signals=0 entries=0 exits=0 blocked=0 open=7 cash=3750.41 equity=9938.44
[SCAN] 2026-08-05T21:24:59+00:00 symbols=20 signals=0 entries=0 exits=0 blocked=0 open=7 cash=3750.41 equity=9948.93
[SIGNAL] 2026-08-05T21:24:59+00:00 EIGENTRY BUY fill_at=2026-08-05T21:29:59+00:00 features={"close": 8.751, "bb_lower": 8.764215733687708, "bb_upper": 8.864831885359914, "rsi": 25.585306387858424, "mfi": 48.24797883186152, "atr": 0.014142857142857426}
[BLOCKED] EIGENTRY reason=max_layers
[SCAN] 2026-08-05T21:29:59+00:00 symbols=20 signals=1 entries=0 exits=0 blocked=2 open=7 cash=3750.41 equity=9937.14
[SIGNAL] 2026-08-05T21:29:59+00:00 EIGENTRY BUY fill_at=2026-08-05T21:34:59+00:00 features={"close": 8.747, "bb_lower": 8.75676140282203, "bb_upper": 8.860667168606541, "rsi": 24.903851183628518, "mfi": 41.35238183218627, "atr": 0.014285714285714488}
[BLOCKED] EIGENTRY reason=max_layers
[SIGNAL] 2026-08-05T21:29:59+00:00 ONDOTRY BUY fill_at=2026-08-05T21:34:59+00:00 features={"close": 17.75, "bb_lower": 17.7767310461361, "bb_upper": 17.91755466814962, "rsi": 31.84076786187191, "mfi": 40.37599514527312, "atr": 0.04785714285714323}
[ENTRY] 2026-08-05T21:34:59+00:00 ONDOTRY layer=2 value=374.48 entry=17.76331250 cash=3375.37
[SCAN] 2026-08-05T21:34:59+00:00 symbols=20 signals=2 entries=1 exits=0 blocked=1 open=7 cash=3375.37 equity=9933.04
[SIGNAL] 2026-08-05T21:34:59+00:00 EIGENTRY BUY fill_at=2026-08-05T21:39:59+00:00 features={"close": 8.747, "bb_lower": 8.748584684943085, "bb_upper": 8.859415315056916, "rsi": 24.903851205259244, "mfi": 21.65257818206122, "atr": 0.0127142857142859}
[BLOCKED] EIGENTRY reason=max_layers
[SIGNAL] 2026-08-05T21:34:59+00:00 ONDOTRY BUY fill_at=2026-08-05T21:39:59+00:00 features={"close": 17.72, "bb_lower": 17.752879508295106, "bb_upper": 17.925215729800133, "rsi": 29.03851921614121, "mfi": 35.492151314268526, "atr": 0.045000000000000435}
[BLOCKED] ONDOTRY reason=max_layers
[SCAN] 2026-08-05T21:39:59+00:00 symbols=20 signals=2 entries=0 exits=0 blocked=2 open=7 cash=3375.37 equity=9924.95
[SIGNAL] 2026-08-05T21:39:59+00:00 BANKTRY BUY fill_at=2026-08-05T21:44:59+00:00 features={"close": 2.042, "bb_lower": 2.042629653441547, "bb_upper": 2.0896560608441677, "rsi": 34.46460106491513, "mfi": 33.927935907598, "atr": 0.015571428571428634}
[BLOCKED] BANKTRY reason=max_layers
[SCAN] 2026-08-05T21:44:59+00:00 symbols=20 signals=1 entries=0 exits=0 blocked=1 open=7 cash=3375.37 equity=9923.84
[SCAN] 2026-08-05T21:49:59+00:00 symbols=20 signals=0 entries=0 exits=0 blocked=0 open=7 cash=3375.37 equity=9919.37
[SCAN] 2026-08-05T21:54:59+00:00 symbols=20 signals=0 entries=0 exits=0 blocked=0 open=7 cash=3375.37 equity=9925.58
[SCAN] 2026-08-05T21:59:59+00:00 symbols=20 signals=0 entries=0 exits=0 blocked=0 open=7 cash=3375.37 equity=9931.96
[SCAN] 2026-08-05T22:04:59+00:00 symbols=20 signals=0 entries=0 exits=0 blocked=0 open=7 cash=3375.37 equity=9915.71
[SCAN] 2026-08-05T22:09:59+00:00 symbols=20 signals=0 entries=0 exits=0 blocked=0 open=7 cash=3375.37 equity=9921.43
[EXIT] 2026-08-05T22:14:59+00:00 HOMETRY reason=fixed_stop_loss pnl=-107.25 cash=4430.96
[SCAN] 2026-08-05T22:14:59+00:00 symbols=20 signals=0 entries=0 exits=1 blocked=0 open=6 cash=4430.96 equity=9878.50
[SIGNAL] 2026-08-05T22:14:59+00:00 HOMETRY BUY fill_at=2026-08-05T22:19:59+00:00 features={"close": 0.411, "bb_lower": 0.41788246677955354, "bb_upper": 0.44221277131568426, "rsi": 25.58599432034744, "mfi": 13.621934133358394, "atr": 0.005428571428571429}
[ENTRY] 2026-08-05T22:19:59+00:00 HOMETRY layer=1 value=442.43 entry=0.41130825 cash=3987.87
[SCAN] 2026-08-05T22:19:59+00:00 symbols=20 signals=1 entries=1 exits=0 blocked=1 open=7 cash=3987.87 equity=9883.06
[SIGNAL] 2026-08-05T22:19:59+00:00 HOMETRY BUY fill_at=2026-08-05T22:24:59+00:00 features={"close": 0.414, "bb_lower": 0.415300755710532, "bb_upper": 0.4431754347656584, "rsi": 30.866648271240734, "mfi": 13.343362831217576, "atr": 0.005714285714285715}
[ENTRY] 2026-08-05T22:24:59+00:00 HOMETRY layer=2 value=398.19 entry=0.41330975 cash=3589.08
[EXIT] 2026-08-05T22:24:59+00:00 HOMETRY reason=fixed_take_profit pnl=+16.28 cash=4447.24
[SCAN] 2026-08-05T22:24:59+00:00 symbols=20 signals=1 entries=1 exits=1 blocked=1 open=6 cash=4447.24 equity=9899.47
[SCAN] 2026-08-05T22:29:59+00:00 symbols=20 signals=0 entries=0 exits=0 blocked=0 open=6 cash=4447.24 equity=9898.31
[SCAN] 2026-08-05T22:34:59+00:00 symbols=20 signals=0 entries=0 exits=0 blocked=0 open=6 cash=4447.24 equity=9899.02
[SCAN] 2026-08-05T22:39:59+00:00 symbols=20 signals=0 entries=0 exits=0 blocked=0 open=6 cash=4447.24 equity=9897.16
[SCAN] 2026-08-05T22:44:59+00:00 symbols=20 signals=0 entries=0 exits=0 blocked=0 open=6 cash=4447.24 equity=9891.79
[SCAN] 2026-08-05T22:49:59+00:00 symbols=20 signals=0 entries=0 exits=0 blocked=0 open=6 cash=4447.24 equity=9888.89
[SCAN] 2026-08-05T22:54:59+00:00 symbols=20 signals=0 entries=0 exits=0 blocked=1 open=6 cash=4447.24 equity=9887.82
[SCAN] 2026-08-05T22:59:59+00:00 symbols=20 signals=0 entries=0 exits=0 blocked=1 open=6 cash=4447.24 equity=9897.11
[SCAN] 2026-08-05T23:04:59+00:00 symbols=20 signals=0 entries=0 exits=0 blocked=0 open=6 cash=4447.24 equity=9890.61
[SCAN] 2026-08-05T23:09:59+00:00 symbols=20 signals=0 entries=0 exits=0 blocked=1 open=6 cash=4447.24 equity=9894.18
[SCAN] 2026-08-05T23:14:59+00:00 symbols=20 signals=0 entries=0 exits=0 blocked=0 open=6 cash=4447.24 equity=9902.13
[SCAN] 2026-08-05T23:19:59+00:00 symbols=20 signals=0 entries=0 exits=0 blocked=0 open=6 cash=4447.24 equity=9902.25
[SCAN] 2026-08-05T23:24:59+00:00 symbols=20 signals=0 entries=0 exits=0 blocked=0 open=6 cash=4447.24 equity=9900.34
[SCAN] 2026-08-05T23:29:59+00:00 symbols=20 signals=0 entries=0 exits=0 blocked=0 open=6 cash=4447.24 equity=9900.64
[SCAN] 2026-08-05T23:34:59+00:00 symbols=20 signals=0 entries=0 exits=0 blocked=0 open=6 cash=4447.24 equity=9893.24
[SCAN] 2026-08-05T23:39:59+00:00 symbols=20 signals=0 entries=0 exits=0 blocked=1 open=6 cash=4447.24 equity=9899.77
[SCAN] 2026-08-05T23:44:59+00:00 symbols=20 signals=0 entries=0 exits=0 blocked=0 open=6 cash=4447.24 equity=9895.87
[SCAN] 2026-08-05T23:49:59+00:00 symbols=20 signals=0 entries=0 exits=0 blocked=0 open=6 cash=4447.24 equity=9889.26
[SCAN] 2026-08-05T23:54:59+00:00 symbols=20 signals=0 entries=0 exits=0 blocked=1 open=6 cash=4447.24 equity=9893.71
[SCAN] 2026-08-05T23:59:59+00:00 symbols=20 signals=0 entries=0 exits=0 blocked=1 open=6 cash=4447.24 equity=9896.57
[SIGNAL] 2026-08-05T23:59:59+00:00 RESOLVTRY BUY fill_at=2026-08-06T00:04:59+00:00 features={"close": 0.809, "bb_lower": 0.8114610245758433, "bb_upper": 0.8287484992336802, "rsi": 31.57906580560936, "mfi": 23.575288614662853, "atr": 0.00282142857142857}
[ENTRY] 2026-08-06T00:04:59+00:00 RESOLVTRY layer=1 value=444.06 entry=0.80760525 cash=4002.52
[SCAN] 2026-08-06T00:04:59+00:00 symbols=20 signals=1 entries=1 exits=0 blocked=0 open=7 cash=4002.52 equity=9889.51
[SIGNAL] 2026-08-06T00:04:59+00:00 HEITRY BUY fill_at=2026-08-06T00:09:59+00:00 features={"close": 11.907, "bb_lower": 12.296141546074537, "bb_upper": 13.396144168211176, "rsi": 30.501329838311023, "mfi": 35.45486110628015, "atr": 0.43850000000000006}
[ENTRY] 2026-08-06T00:09:59+00:00 HEITRY layer=1 value=399.65 entry=11.94895500 cash=3602.27
[EXIT] 2026-08-06T00:09:59+00:00 HEITRY reason=fixed_take_profit pnl=+7.74 cash=4010.26
[SCAN] 2026-08-06T00:09:59+00:00 symbols=20 signals=1 entries=1 exits=1 blocked=0 open=7 cash=4010.26 equity=9899.16
[SIGNAL] 2026-08-06T00:09:59+00:00 HEITRY BUY fill_at=2026-08-06T00:14:59+00:00 features={"close": 12.133, "bb_lower": 12.18223055392949, "bb_upper": 13.425578969880029, "rsi": 36.65579232452349, "mfi": 40.74279122710529, "atr": 0.43042857142857155}
[ENTRY] 2026-08-06T00:14:59+00:00 HEITRY layer=1 value=400.43 entry=12.15510950 cash=3609.23
[SIGNAL] 2026-08-06T00:09:59+00:00 BANKTRY BUY fill_at=2026-08-06T00:14:59+00:00 features={"close": 2.024, "bb_lower": 2.025477350292892, "bb_upper": 2.058713125897583, "rsi": 38.62240624751822, "mfi": 36.40992779305493, "atr": 0.012142857142857106}
[BLOCKED] BANKTRY reason=max_layers
[EXIT] 2026-08-06T00:14:59+00:00 HEITRY reason=fixed_take_profit pnl=+7.76 cash=4018.02
[SCAN] 2026-08-06T00:14:59+00:00 symbols=20 signals=2 entries=1 exits=1 blocked=1 open=7 cash=4018.02 equity=9923.60
[EXIT] 2026-08-06T00:19:59+00:00 LDOTRY reason=bb_mfi_v3_signal_exit pnl=-19.95 cash=5257.56
[EXIT] 2026-08-06T00:19:59+00:00 RESOLVTRY reason=fixed_take_profit pnl=+8.60 cash=5710.89
[SCAN] 2026-08-06T00:19:59+00:00 symbols=20 signals=0 entries=0 exits=2 blocked=0 open=5 cash=5710.89 equity=9921.83
[SIGNAL] 2026-08-06T00:19:59+00:00 BANKTRY BUY fill_at=2026-08-06T00:24:59+00:00 features={"close": 2.021, "bb_lower": 2.021892892088376, "bb_upper": 2.058392822197339, "rsi": 39.60523270553442, "mfi": 32.535076854761314, "atr": 0.013714285714285663}
[BLOCKED] BANKTRY reason=max_layers
[SCAN] 2026-08-06T00:24:59+00:00 symbols=20 signals=1 entries=0 exits=0 blocked=1 open=5 cash=5710.89 equity=9923.38
[SIGNAL] 2026-08-06T00:24:59+00:00 VICTRY BUY fill_at=2026-08-06T00:29:59+00:00 features={"close": 1.7, "bb_lower": 1.7078818589218265, "bb_upper": 1.7835467125067455, "rsi": 36.10009072571757, "mfi": 20.33956838673491, "atr": 0.01571428571428573}
[ENTRY] 2026-08-06T00:29:59+00:00 VICTRY layer=1 value=570.23 entry=1.70127500 cash=5139.80
[SCAN] 2026-08-06T00:29:59+00:00 symbols=20 signals=1 entries=1 exits=0 blocked=0 open=6 cash=5139.80 equity=9931.24
[SCAN] 2026-08-06T00:34:59+00:00 symbols=20 signals=0 entries=0 exits=0 blocked=0 open=6 cash=5139.80 equity=9923.51
[SIGNAL] 2026-08-06T00:34:59+00:00 VICTRY BUY fill_at=2026-08-06T00:39:59+00:00 features={"close": 1.7, "bb_lower": 1.7013919594362992, "bb_upper": 1.7757508977065586, "rsi": 37.652375729917836, "mfi": 25.125229543004323, "atr": 0.017857142857142873}
[ENTRY] 2026-08-06T00:39:59+00:00 VICTRY layer=2 value=513.21 entry=1.70127500 cash=4625.82
[SCAN] 2026-08-06T00:39:59+00:00 symbols=20 signals=1 entries=1 exits=0 blocked=1 open=6 cash=4625.82 equity=9924.95
[SCAN] 2026-08-06T00:44:59+00:00 symbols=20 signals=0 entries=0 exits=0 blocked=0 open=6 cash=4625.82 equity=9925.69
[EXIT] 2026-08-06T00:49:59+00:00 VICTRY reason=fixed_take_profit pnl=+20.99 cash=5731.87
[SCAN] 2026-08-06T00:49:59+00:00 symbols=20 signals=0 entries=0 exits=1 blocked=0 open=5 cash=5731.87 equity=9941.86
[SCAN] 2026-08-06T00:54:59+00:00 symbols=20 signals=0 entries=0 exits=0 blocked=1 open=5 cash=5731.87 equity=9941.43
[SCAN] 2026-08-06T00:59:59+00:00 symbols=20 signals=0 entries=0 exits=0 blocked=1 open=5 cash=5731.87 equity=9948.85
[SCAN] 2026-08-06T01:04:59+00:00 symbols=20 signals=0 entries=0 exits=0 blocked=0 open=5 cash=5731.87 equity=9948.06
[EXIT] 2026-08-06T01:09:59+00:00 EIGENTRY reason=bb_mfi_v3_signal_exit pnl=-10.61 cash=6767.24
[SCAN] 2026-08-06T01:09:59+00:00 symbols=20 signals=0 entries=0 exits=1 blocked=0 open=4 cash=6767.24 equity=9938.73
[SIGNAL] 2026-08-06T01:09:59+00:00 BANKTRY BUY fill_at=2026-08-06T01:14:59+00:00 features={"close": 2.009, "bb_lower": 2.0110240811781748, "bb_upper": 2.0464997283456348, "rsi": 35.44790866024731, "mfi": 31.846181510169785, "atr": 0.014500000000000084}
[BLOCKED] BANKTRY reason=max_layers
[SCAN] 2026-08-06T01:14:59+00:00 symbols=20 signals=1 entries=0 exits=0 blocked=1 open=4 cash=6767.24 equity=9938.80
[SIGNAL] 2026-08-06T01:14:59+00:00 BANKTRY BUY fill_at=2026-08-06T01:19:59+00:00 features={"close": 2.005, "bb_lower": 2.0074226343563204, "bb_upper": 2.046767841834156, "rsi": 33.620578284922686, "mfi": 25.00632617474666, "atr": 0.01335714285714294}
[BLOCKED] BANKTRY reason=max_layers
[SCAN] 2026-08-06T01:19:59+00:00 symbols=20 signals=1 entries=0 exits=0 blocked=1 open=4 cash=6767.24 equity=9939.80
[SCAN] 2026-08-06T01:24:59+00:00 symbols=20 signals=0 entries=0 exits=0 blocked=1 open=4 cash=6767.24 equity=9941.45
[SCAN] 2026-08-06T01:29:59+00:00 symbols=20 signals=0 entries=0 exits=0 blocked=1 open=4 cash=6767.24 equity=9934.67
[SCAN] 2026-08-06T01:34:59+00:00 symbols=20 signals=0 entries=0 exits=0 blocked=3 open=4 cash=6767.24 equity=9932.55
[SCAN] 2026-08-06T01:39:59+00:00 symbols=20 signals=0 entries=0 exits=0 blocked=1 open=4 cash=6767.24 equity=9931.69
[SCAN] 2026-08-06T01:44:59+00:00 symbols=20 signals=0 entries=0 exits=0 blocked=0 open=4 cash=6767.24 equity=9935.72
[SCAN] 2026-08-06T01:49:59+00:00 symbols=20 signals=0 entries=0 exits=0 blocked=0 open=4 cash=6767.24 equity=9936.28
[SCAN] 2026-08-06T01:54:59+00:00 symbols=20 signals=0 entries=0 exits=0 blocked=0 open=4 cash=6767.24 equity=9937.23
[SCAN] 2026-08-06T01:59:59+00:00 symbols=20 signals=0 entries=0 exits=0 blocked=0 open=4 cash=6767.24 equity=9930.40
[SCAN] 2026-08-06T02:04:59+00:00 symbols=20 signals=0 entries=0 exits=0 blocked=0 open=4 cash=6767.24 equity=9926.97
[SIGNAL] 2026-08-06T02:04:59+00:00 ENATRY BUY fill_at=2026-08-06T02:09:59+00:00 features={"close": 4.338, "bb_lower": 4.344688709053, "bb_upper": 4.39826367189938, "rsi": 30.37765753823375, "mfi": 24.67048915751566, "atr": 0.00907142857142862}
[ENTRY] 2026-08-06T02:09:59+00:00 ENATRY layer=1 value=675.71 entry=4.34125350 cash=6090.51
[SIGNAL] 2026-08-06T02:04:59+00:00 ONDOTRY BUY fill_at=2026-08-06T02:09:59+00:00 features={"close": 17.59, "bb_lower": 17.599830899354657, "bb_upper": 17.830645291121535, "rsi": 30.94113133310745, "mfi": 21.244641676247113, "atr": 0.03142857142857152}
[BLOCKED] ONDOTRY reason=max_layers
[SCAN] 2026-08-06T02:09:59+00:00 symbols=20 signals=2 entries=1 exits=0 blocked=2 open=5 cash=6090.51 equity=9923.14
[SIGNAL] 2026-08-06T02:09:59+00:00 ENATRY BUY fill_at=2026-08-06T02:14:59+00:00 features={"close": 4.339, "bb_lower": 4.340079473442592, "bb_upper": 4.398206240843122, "rsi": 31.25340957789811, "mfi": 32.91279833266741, "atr": 0.009000000000000088}
[ENTRY] 2026-08-06T02:14:59+00:00 ENATRY layer=2 value=608.14 entry=4.34725800 cash=5481.46
[SCAN] 2026-08-06T02:14:59+00:00 symbols=20 signals=1 entries=1 exits=0 blocked=1 open=5 cash=5481.46 equity=9918.63
[SIGNAL] 2026-08-06T02:14:59+00:00 BANKTRY BUY fill_at=2026-08-06T02:19:59+00:00 features={"close": 1.993, "bb_lower": 1.9955892051266648, "bb_upper": 2.0338393663019065, "rsi": 33.05035783749979, "mfi": 25.701725684939433, "atr": 0.01500000000000006}
[BLOCKED] BANKTRY reason=max_layers
[SCAN] 2026-08-06T02:19:59+00:00 symbols=20 signals=1 entries=0 exits=0 blocked=1 open=5 cash=5481.46 equity=9909.17
[SIGNAL] 2026-08-06T02:19:59+00:00 ADATRY BUY fill_at=2026-08-06T02:24:59+00:00 features={"close": 9.02, "bb_lower": 9.025489188490463, "bb_upper": 9.134510811509541, "rsi": 32.527396870371405, "mfi": 30.33285177868433, "atr": 0.01642857142857146}
[BLOCKED] ADATRY reason=max_layers
[SIGNAL] 2026-08-06T02:19:59+00:00 ENATRY BUY fill_at=2026-08-06T02:24:59+00:00 features={"close": 4.329, "bb_lower": 4.331452936455613, "bb_upper": 4.39778515878248, "rsi": 29.519003317466243, "mfi": 23.582869118112257, "atr": 0.009785714285714318}
[BLOCKED] ENATRY reason=max_layers
[SIGNAL] 2026-08-06T02:19:59+00:00 OPENTRY BUY fill_at=2026-08-06T02:24:59+00:00 features={"close": 9.774, "bb_lower": 9.783861108856755, "bb_upper": 9.944519843524198, "rsi": 34.377734346459405, "mfi": 28.151535256642546, "atr": 0.04071428571428574}
[ENTRY] 2026-08-06T02:24:59+00:00 OPENTRY layer=1 value=547.33 entry=9.78333200 cash=4933.32
[SCAN] 2026-08-06T02:24:59+00:00 symbols=20 signals=3 entries=1 exits=0 blocked=3 open=6 cash=4933.32 equity=9894.08
[SIGNAL] 2026-08-06T02:24:59+00:00 ENATRY BUY fill_at=2026-08-06T02:29:59+00:00 features={"close": 4.283, "bb_lower": 4.3126303447552825, "bb_upper": 4.407560131435192, "rsi": 18.79630180847974, "mfi": 10.111036279878505, "atr": 0.013857142857142854}
[BLOCKED] ENATRY reason=max_layers
[SCAN] 2026-08-06T02:29:59+00:00 symbols=20 signals=1 entries=0 exits=0 blocked=1 open=6 cash=4933.32 equity=9900.70
[SIGNAL] 2026-08-06T02:29:59+00:00 ENATRY BUY fill_at=2026-08-06T02:34:59+00:00 features={"close": 4.292, "bb_lower": 4.301104659640189, "bb_upper": 4.411085816550286, "rsi": 24.601437520323103, "mfi": 8.674393824430766, "atr": 0.014999999999999934}
[BLOCKED] ENATRY reason=max_layers
[SCAN] 2026-08-06T02:34:59+00:00 symbols=20 signals=1 entries=0 exits=0 blocked=1 open=6 cash=4933.32 equity=9908.64
[SCAN] 2026-08-06T02:39:59+00:00 symbols=20 signals=0 entries=0 exits=0 blocked=0 open=6 cash=4933.32 equity=9905.18
[SCAN] 2026-08-06T02:44:59+00:00 symbols=20 signals=0 entries=0 exits=0 blocked=0 open=6 cash=4933.32 equity=9901.42
[SIGNAL] 2026-08-06T02:44:59+00:00 FIDATRY BUY fill_at=2026-08-06T02:49:59+00:00 features={"close": 0.921, "bb_lower": 0.9224668333955777, "bb_upper": 0.9447712618425177, "rsi": 35.87586078112054, "mfi": 32.23831867648512, "atr": 0.005785714285714251}
[ENTRY] 2026-08-06T02:49:59+00:00 FIDATRY layer=1 value=492.59 entry=0.92169075 cash=4439.98
[SIGNAL] 2026-08-06T02:44:59+00:00 BANKTRY BUY fill_at=2026-08-06T02:49:59+00:00 features={"close": 1.982, "bb_lower": 1.9823722408038595, "bb_upper": 2.02715156871995, "rsi": 30.736989381826575, "mfi": 37.5449572898722, "atr": 0.014714285714285727}
[BLOCKED] BANKTRY reason=max_layers
[SCAN] 2026-08-06T02:49:59+00:00 symbols=20 signals=2 entries=1 exits=0 blocked=1 open=7 cash=4439.98 equity=9900.00
[SIGNAL] 2026-08-06T02:49:59+00:00 FIDATRY BUY fill_at=2026-08-06T02:54:59+00:00 features={"close": 0.918, "bb_lower": 0.9198767809238851, "bb_upper": 0.9458375047904005, "rsi": 33.61901113167917, "mfi": 30.334438138012757, "atr": 0.006071428571428545}
[ENTRY] 2026-08-06T02:54:59+00:00 FIDATRY layer=2 value=443.33 entry=0.91768775 cash=3995.99
[SCAN] 2026-08-06T02:54:59+00:00 symbols=20 signals=1 entries=1 exits=0 blocked=0 open=7 cash=3995.99 equity=9896.15
[SIGNAL] 2026-08-06T02:54:59+00:00 FIDATRY BUY fill_at=2026-08-06T02:59:59+00:00 features={"close": 0.914, "bb_lower": 0.9166899004640202, "bb_upper": 0.9472148614407417, "rsi": 30.818645626332795, "mfi": 28.07978216246515, "atr": 0.00592857142857141}
[BLOCKED] FIDATRY reason=max_layers
[SIGNAL] 2026-08-06T02:54:59+00:00 RESOLVTRY BUY fill_at=2026-08-06T02:59:59+00:00 features={"close": 0.8262, "bb_lower": 0.826235579380534, "bb_upper": 0.8396406110956567, "rsi": 42.12134794632395, "mfi": 58.07570343924378, "atr": 0.0048499999999999975}
[ENTRY] 2026-08-06T02:59:59+00:00 RESOLVTRY layer=1 value=399.00 entry=0.82812063 cash=3596.39
[SCAN] 2026-08-06T02:59:59+00:00 symbols=20 signals=2 entries=1 exits=0 blocked=1 open=8 cash=3596.39 equity=9892.79
[SCAN] 2026-08-06T03:04:59+00:00 symbols=20 signals=0 entries=0 exits=1 blocked=0 open=7 cash=4144.81 equity=9887.26
[SCAN] 2026-08-06T03:09:59+00:00 symbols=20 signals=0 entries=0 exits=0 blocked=1 open=7 cash=4144.81 equity=9878.03
[SCAN] 2026-08-06T03:14:59+00:00 symbols=20 signals=0 entries=0 exits=0 blocked=2 open=7 cash=4144.81 equity=9888.57
[SCAN] 2026-08-06T03:19:59+00:00 symbols=20 signals=0 entries=0 exits=0 blocked=1 open=7 cash=4144.81 equity=9884.03
[SCAN] 2026-08-06T03:24:59+00:00 symbols=20 signals=0 entries=0 exits=0 blocked=0 open=7 cash=4144.81 equity=9902.53
[SIGNAL] 2026-08-06T03:24:59+00:00 FIDATRY BUY fill_at=2026-08-06T03:29:59+00:00 features={"close": 0.902, "bb_lower": 0.9020493197956851, "bb_upper": 0.9447125849662197, "rsi": 24.25421231206265, "mfi": 17.676850338730546, "atr": 0.006071428571428577}
[BLOCKED] FIDATRY reason=max_layers
[SIGNAL] 2026-08-06T03:24:59+00:00 HOMETRY BUY fill_at=2026-08-06T03:29:59+00:00 features={"close": 0.421, "bb_lower": 0.42311811666129523, "bb_upper": 0.45173902619584766, "rsi": 33.83021243679853, "mfi": 50.76485435007118, "atr": 0.005642857142857148}
[ENTRY] 2026-08-06T03:29:59+00:00 HOMETRY layer=1 value=413.86 entry=0.42031500 cash=3730.33
[SCAN] 2026-08-06T03:29:59+00:00 symbols=20 signals=2 entries=1 exits=0 blocked=1 open=8 cash=3730.33 equity=9900.60
[SCAN] 2026-08-06T03:34:59+00:00 symbols=20 signals=0 entries=0 exits=0 blocked=0 open=8 cash=3730.33 equity=9917.23
[EXIT] 2026-08-06T03:39:59+00:00 BANKTRY reason=bb_mfi_v3_signal_exit pnl=-7.53 cash=4883.20
[EXIT] 2026-08-06T03:39:59+00:00 AMPTRY reason=bb_mfi_v3_signal_exit pnl=+0.37 cash=5329.66
[SIGNAL] 2026-08-06T03:34:59+00:00 FIDATRY BUY fill_at=2026-08-06T03:39:59+00:00 features={"close": 0.894, "bb_lower": 0.8943429207764073, "bb_upper": 0.9456570792235928, "rsi": 20.051551277753376, "mfi": 5.584706069958429, "atr": 0.006142857142857149}
[BLOCKED] FIDATRY reason=max_layers
[EXIT] 2026-08-06T03:39:59+00:00 HOMETRY reason=fixed_take_profit pnl=+8.02 cash=5752.16
[SCAN] 2026-08-06T03:39:59+00:00 symbols=20 signals=1 entries=0 exits=3 blocked=2 open=5 cash=5752.16 equity=9932.32
[SCAN] 2026-08-06T03:44:59+00:00 symbols=20 signals=0 entries=0 exits=0 blocked=1 open=5 cash=5752.16 equity=9932.31
[SCAN] 2026-08-06T03:49:59+00:00 symbols=20 signals=0 entries=0 exits=0 blocked=1 open=5 cash=5752.16 equity=9933.33
[SCAN] 2026-08-06T03:54:59+00:00 symbols=20 signals=0 entries=0 exits=0 blocked=1 open=5 cash=5752.16 equity=9924.06
[SCAN] 2026-08-06T03:59:59+00:00 symbols=20 signals=0 entries=0 exits=0 blocked=1 open=5 cash=5752.16 equity=9929.02
[SIGNAL] 2026-08-06T03:59:59+00:00 VICTRY BUY fill_at=2026-08-06T04:04:59+00:00 features={"close": 1.62, "bb_lower": 1.6202502442194482, "bb_upper": 1.736892612923409, "rsi": 28.58041400349468, "mfi": 28.03547924689225, "atr": 0.0214285714285714}
[ENTRY] 2026-08-06T04:04:59+00:00 VICTRY layer=1 value=574.35 entry=1.62121500 cash=5176.94
[SIGNAL] 2026-08-06T03:59:59+00:00 ADATRY BUY fill_at=2026-08-06T04:04:59+00:00 features={"close": 8.87, "bb_lower": 8.881286863347606, "bb_upper": 9.135855993795252, "rsi": 19.245279890498765, "mfi": 5.803842543146587, "atr": 0.019999999999999955}
[BLOCKED] ADATRY reason=max_layers
[SCAN] 2026-08-06T04:04:59+00:00 symbols=20 signals=2 entries=1 exits=0 blocked=1 open=6 cash=5176.94 equity=9926.02
[SCAN] 2026-08-06T04:09:59+00:00 symbols=20 signals=0 entries=0 exits=0 blocked=0 open=6 cash=5176.94 equity=9927.90
[SIGNAL] 2026-08-06T04:09:59+00:00 VICTRY BUY fill_at=2026-08-06T04:14:59+00:00 features={"close": 1.6, "bb_lower": 1.6050076955661199, "bb_upper": 1.7302303996719757, "rsi": 25.08232951243309, "mfi": 20.308186851059588, "atr": 0.0221428571428571}
[ENTRY] 2026-08-06T04:14:59+00:00 VICTRY layer=2 value=516.92 entry=1.61120750 cash=4659.25
[SCAN] 2026-08-06T04:14:59+00:00 symbols=20 signals=1 entries=1 exits=0 blocked=0 open=6 cash=4659.25 equity=9951.99
[SCAN] 2026-08-06T04:19:59+00:00 symbols=20 signals=0 entries=0 exits=0 blocked=0 open=6 cash=4659.25 equity=9982.27
[SIGNAL] 2026-08-06T04:19:59+00:00 VANRYTRY BUY fill_at=2026-08-06T04:24:59+00:00 features={"close": 0.1654, "bb_lower": 0.16723646176076706, "bb_upper": 0.17422068109637584, "rsi": 33.8711366341098, "mfi": 38.443710112256, "atr": 0.0018071428571428563}
[ENTRY] 2026-08-06T04:24:59+00:00 VANRYTRY layer=1 value=465.23 entry=0.16562413 cash=4193.32
[EXIT] 2026-08-06T04:24:59+00:00 VICTRY reason=fixed_take_profit pnl=+21.14 cash=5307.37
[SCAN] 2026-08-06T04:24:59+00:00 symbols=20 signals=1 entries=1 exits=1 blocked=0 open=6 cash=5307.37 equity=9987.77
[EXIT] 2026-08-06T04:29:59+00:00 ONDOTRY reason=bb_mfi_v3_signal_exit pnl=-4.71 cash=6039.04
[SCAN] 2026-08-06T04:29:59+00:00 symbols=20 signals=0 entries=0 exits=1 blocked=0 open=5 cash=6039.04 equity=9986.65
[EXIT] 2026-08-06T04:34:59+00:00 ENATRY reason=bb_mfi_v3_signal_exit pnl=+9.02 cash=7333.83
[EXIT] 2026-08-06T04:34:59+00:00 VANRYTRY reason=fixed_take_profit pnl=+9.01 cash=7808.76
[SCAN] 2026-08-06T04:34:59+00:00 symbols=20 signals=0 entries=0 exits=2 blocked=0 open=3 cash=7808.76 equity=9990.85
[SIGNAL] 2026-08-06T04:34:59+00:00 RESOLVTRY BUY fill_at=2026-08-06T04:39:59+00:00 features={"close": 0.8228, "bb_lower": 0.8230705298619826, "bb_upper": 0.8413389939475414, "rsi": 36.95971787952979, "mfi": 53.04374244682472, "atr": 0.0074642857142857245}
[ENTRY] 2026-08-06T04:39:59+00:00 RESOLVTRY layer=2 value=779.71 entry=0.82341710 cash=7027.89
[SCAN] 2026-08-06T04:39:59+00:00 symbols=20 signals=1 entries=1 exits=0 blocked=0 open=3 cash=7027.89 equity=10000.10
[SCAN] 2026-08-06T04:44:59+00:00 symbols=20 signals=0 entries=0 exits=0 blocked=1 open=3 cash=7027.89 equity=10003.76
[EXIT] 2026-08-06T04:49:59+00:00 RESOLVTRY reason=fixed_take_profit pnl=+22.83 cash=8231.19
[SCAN] 2026-08-06T04:49:59+00:00 symbols=20 signals=0 entries=0 exits=1 blocked=1 open=2 cash=8231.19 equity=9999.75
[SCAN] 2026-08-06T04:54:59+00:00 symbols=20 signals=0 entries=0 exits=0 blocked=1 open=2 cash=8231.19 equity=9999.75
[SCAN] 2026-08-06T04:59:59+00:00 symbols=20 signals=0 entries=0 exits=0 blocked=1 open=2 cash=8231.19 equity=9998.66
[SCAN] 2026-08-06T05:04:59+00:00 symbols=20 signals=0 entries=0 exits=0 blocked=1 open=2 cash=8231.19 equity=10007.75
[SIGNAL] 2026-08-06T05:04:59+00:00 HOMETRY BUY fill_at=2026-08-06T05:09:59+00:00 features={"close": 0.414, "bb_lower": 0.41456043703597134, "bb_upper": 0.4358205153449809, "rsi": 33.83987205263702, "mfi": 31.30751304603207, "atr": 0.005142857142857148}
[ENTRY] 2026-08-06T05:09:59+00:00 HOMETRY layer=1 value=821.89 entry=0.41330975 cash=7408.07
[SCAN] 2026-08-06T05:09:59+00:00 symbols=20 signals=1 entries=1 exits=0 blocked=1 open=3 cash=7408.07 equity=10009.78
[SIGNAL] 2026-08-06T05:09:59+00:00 HOMETRY BUY fill_at=2026-08-06T05:14:59+00:00 features={"close": 0.413, "bb_lower": 0.41308865844867027, "bb_upper": 0.43653038917037734, "rsi": 32.94166388605605, "mfi": 29.54670817926872, "atr": 0.005142857142857148}
[ENTRY] 2026-08-06T05:14:59+00:00 HOMETRY layer=2 value=739.70 entry=0.41330975 cash=6667.27
[SCAN] 2026-08-06T05:14:59+00:00 symbols=20 signals=1 entries=1 exits=0 blocked=1 open=3 cash=6667.27 equity=10006.30
[SCAN] 2026-08-06T05:19:59+00:00 symbols=20 signals=0 entries=0 exits=0 blocked=1 open=3 cash=6667.27 equity=10005.42
[SCAN] 2026-08-06T05:24:59+00:00 symbols=20 signals=0 entries=0 exits=0 blocked=0 open=3 cash=6667.27 equity=10016.46
[SCAN] 2026-08-06T05:29:59+00:00 symbols=20 signals=0 entries=0 exits=0 blocked=0 open=3 cash=6667.27 equity=10010.42
[SCAN] 2026-08-06T05:34:59+00:00 symbols=20 signals=0 entries=0 exits=0 blocked=0 open=3 cash=6667.27 equity=10029.60
[SIGNAL] 2026-08-06T05:34:59+00:00 BANKTRY BUY fill_at=2026-08-06T05:39:59+00:00 features={"close": 1.96, "bb_lower": 1.9880563897385282, "bb_upper": 2.1186102769281385, "rsi": 28.62339911135551, "mfi": 32.92777251179983, "atr": 0.028999999999999897}
[ENTRY] 2026-08-06T05:39:59+00:00 BANKTRY layer=1 value=665.73 entry=1.96147000 cash=6000.54
[EXIT] 2026-08-06T05:39:59+00:00 BANKTRY reason=fixed_take_profit pnl=+12.89 cash=6680.16
[SCAN] 2026-08-06T05:39:59+00:00 symbols=20 signals=1 entries=1 exits=1 blocked=0 open=3 cash=6680.16 equity=10025.78
[SCAN] 2026-08-06T05:44:59+00:00 symbols=20 signals=0 entries=0 exits=0 blocked=0 open=3 cash=6680.16 equity=10019.61
[SIGNAL] 2026-08-06T05:44:59+00:00 FIDATRY BUY fill_at=2026-08-06T05:49:59+00:00 features={"close": 0.894, "bb_lower": 0.896852381817867, "bb_upper": 0.9230523800868947, "rsi": 34.78726733009616, "mfi": 18.807155975586014, "atr": 0.006571428571428577}
[BLOCKED] FIDATRY reason=max_layers
[SCAN] 2026-08-06T05:49:59+00:00 symbols=20 signals=1 entries=0 exits=0 blocked=1 open=3 cash=6680.16 equity=10028.41
[EXIT] 2026-08-06T05:54:59+00:00 HOMETRY reason=fixed_take_profit pnl=+30.25 cash=8274.33
[SCAN] 2026-08-06T05:54:59+00:00 symbols=20 signals=0 entries=0 exits=1 blocked=0 open=2 cash=8274.33 equity=10036.52
[SCAN] 2026-08-06T05:59:59+00:00 symbols=20 signals=0 entries=0 exits=0 blocked=0 open=2 cash=8274.33 equity=10038.48
[SIGNAL] 2026-08-06T05:59:59+00:00 LDOTRY BUY fill_at=2026-08-06T06:04:59+00:00 features={"close": 14.07, "bb_lower": 14.086261661668187, "bb_upper": 14.251833576427051, "rsi": 35.00407218105693, "mfi": 35.935320367954546, "atr": 0.03285714285714266}
[ENTRY] 2026-08-06T06:04:59+00:00 LDOTRY layer=1 value=826.19 entry=14.06053750 cash=7446.90
[SCAN] 2026-08-06T06:04:59+00:00 symbols=20 signals=1 entries=1 exits=0 blocked=0 open=3 cash=7446.90 equity=10029.30
[SIGNAL] 2026-08-06T06:04:59+00:00 FIDATRY BUY fill_at=2026-08-06T06:09:59+00:00 features={"close": 0.889, "bb_lower": 0.8904862615461949, "bb_upper": 0.9237994527395194, "rsi": 33.448053864851616, "mfi": 26.3209564423277, "atr": 0.006500000000000006}
[BLOCKED] FIDATRY reason=max_layers
[SCAN] 2026-08-06T06:09:59+00:00 symbols=20 signals=1 entries=0 exits=0 blocked=1 open=3 cash=7446.90 equity=10020.10
[SIGNAL] 2026-08-06T06:09:59+00:00 FIDATRY BUY fill_at=2026-08-06T06:14:59+00:00 features={"close": 0.884, "bb_lower": 0.8867715272266109, "bb_upper": 0.924466568011484, "rsi": 30.394968998268794, "mfi": 25.480150314791643, "atr": 0.00621428571428572}
[BLOCKED] FIDATRY reason=max_layers
[SIGNAL] 2026-08-06T06:09:59+00:00 LDOTRY BUY fill_at=2026-08-06T06:14:59+00:00 features={"close": 14.01, "bb_lower": 14.044657596739128, "bb_upper": 14.2686757365942, "rsi": 29.957827739668204, "mfi": 27.44141348749531, "atr": 0.03499999999999976}
[ENTRY] 2026-08-06T06:14:59+00:00 LDOTRY layer=2 value=743.57 entry=14.02050750 cash=6702.21
[SCAN] 2026-08-06T06:14:59+00:00 symbols=20 signals=2 entries=1 exits=0 blocked=1 open=3 cash=6702.21 equity=10010.08
[SIGNAL] 2026-08-06T06:14:59+00:00 FIDATRY BUY fill_at=2026-08-06T06:19:59+00:00 features={"close": 0.878, "bb_lower": 0.8821012692889116, "bb_upper": 0.9257082545206121, "rsi": 27.170826579271363, "mfi": 20.369677142065086, "atr": 0.006357142857142862}
[BLOCKED] FIDATRY reason=max_layers
[SIGNAL] 2026-08-06T06:14:59+00:00 LDOTRY BUY fill_at=2026-08-06T06:19:59+00:00 features={"close": 13.99, "bb_lower": 14.016396302122054, "bb_upper": 14.281698935973182, "rsi": 28.286389136942987, "mfi": 21.776977193732264, "atr": 0.034285714285714065}
[BLOCKED] LDOTRY reason=max_layers
[SCAN] 2026-08-06T06:19:59+00:00 symbols=20 signals=2 entries=0 exits=0 blocked=2 open=3 cash=6702.21 equity=10012.67
[SIGNAL] 2026-08-06T06:19:59+00:00 LDOTRY BUY fill_at=2026-08-06T06:24:59+00:00 features={"close": 13.95, "bb_lower": 13.981821090096886, "bb_upper": 14.296274147998353, "rsi": 25.23576496448507, "mfi": 15.921432062236292, "atr": 0.03357142857142836}
[BLOCKED] LDOTRY reason=max_layers
[SCAN] 2026-08-06T06:24:59+00:00 symbols=20 signals=1 entries=0 exits=0 blocked=2 open=3 cash=6702.21 equity=10022.56
[SCAN] 2026-08-06T06:29:59+00:00 symbols=20 signals=0 entries=0 exits=0 blocked=0 open=3 cash=6702.21 equity=10024.63
[SCAN] 2026-08-06T06:34:59+00:00 symbols=20 signals=0 entries=0 exits=0 blocked=0 open=3 cash=6702.21 equity=10027.58
[SCAN] 2026-08-06T06:39:59+00:00 symbols=20 signals=0 entries=0 exits=0 blocked=0 open=3 cash=6702.21 equity=10021.34
[SCAN] 2026-08-06T06:44:59+00:00 symbols=20 signals=0 entries=0 exits=0 blocked=0 open=3 cash=6702.21 equity=10015.20
[SCAN] 2026-08-06T06:49:59+00:00 symbols=20 signals=0 entries=0 exits=0 blocked=0 open=3 cash=6702.21 equity=10020.56
[SCAN] 2026-08-06T06:54:59+00:00 symbols=20 signals=0 entries=0 exits=0 blocked=0 open=3 cash=6702.21 equity=10028.60
[SCAN] 2026-08-06T06:59:59+00:00 symbols=20 signals=0 entries=0 exits=0 blocked=0 open=3 cash=6702.21 equity=10030.94
[SCAN] 2026-08-06T07:04:59+00:00 symbols=20 signals=0 entries=0 exits=0 blocked=0 open=3 cash=6702.21 equity=10032.64
[SCAN] 2026-08-06T07:09:59+00:00 symbols=20 signals=0 entries=0 exits=0 blocked=0 open=3 cash=6702.21 equity=10028.23
[SCAN] 2026-08-06T07:14:59+00:00 symbols=20 signals=0 entries=0 exits=0 blocked=0 open=3 cash=6702.21 equity=10027.42
[SCAN] 2026-08-06T07:19:59+00:00 symbols=20 signals=0 entries=0 exits=0 blocked=1 open=3 cash=6702.21 equity=10027.52
[SCAN] 2026-08-06T07:24:59+00:00 symbols=20 signals=0 entries=0 exits=0 blocked=0 open=3 cash=6702.21 equity=10031.75
[SCAN] 2026-08-06T07:29:59+00:00 symbols=20 signals=0 entries=0 exits=0 blocked=0 open=3 cash=6702.21 equity=10027.48
[SCAN] 2026-08-06T07:34:59+00:00 symbols=20 signals=0 entries=0 exits=0 blocked=0 open=3 cash=6702.21 equity=10023.83
[SIGNAL] 2026-08-06T07:34:59+00:00 VICTRY BUY fill_at=2026-08-06T07:39:59+00:00 features={"close": 1.89, "bb_lower": 1.8991827911128634, "bb_upper": 2.061769589839517, "rsi": 43.516842608159045, "mfi": 51.066705364767216, "atr": 0.05928571428571424}
[ENTRY] 2026-08-06T07:39:59+00:00 VICTRY layer=1 value=669.22 entry=1.87140250 cash=6031.99
[SCAN] 2026-08-06T07:39:59+00:00 symbols=20 signals=1 entries=1 exits=0 blocked=0 open=4 cash=6031.99 equity=10025.46
[SIGNAL] 2026-08-06T07:39:59+00:00 LDOTRY BUY fill_at=2026-08-06T07:44:59+00:00 features={"close": 13.92, "bb_lower": 13.940026810422424, "bb_upper": 14.083782713387095, "rsi": 31.828043964296427, "mfi": 40.71900530774574, "atr": 0.031428571428571014}
[BLOCKED] LDOTRY reason=max_layers
[SCAN] 2026-08-06T07:44:59+00:00 symbols=20 signals=1 entries=0 exits=0 blocked=1 open=4 cash=6031.99 equity=10025.36
[SIGNAL] 2026-08-06T07:44:59+00:00 LDOTRY BUY fill_at=2026-08-06T07:49:59+00:00 features={"close": 13.91, "bb_lower": 13.925106248796853, "bb_upper": 14.08346517977458, "rsi": 30.852079683612715, "mfi": 39.337280808449805, "atr": 0.029999999999999614}
[BLOCKED] LDOTRY reason=max_layers
[SCAN] 2026-08-06T07:49:59+00:00 symbols=20 signals=1 entries=0 exits=0 blocked=1 open=4 cash=6031.99 equity=10013.71
[SCAN] 2026-08-06T07:54:59+00:00 symbols=20 signals=0 entries=0 exits=0 blocked=0 open=4 cash=6031.99 equity=9998.98
[SIGNAL] 2026-08-06T07:54:59+00:00 VICTRY BUY fill_at=2026-08-06T07:59:59+00:00 features={"close": 1.84, "bb_lower": 1.8529541102673965, "bb_upper": 2.067998270684984, "rsi": 38.83538198658336, "mfi": 39.14577665047523, "atr": 0.05285714285714281}
[ENTRY] 2026-08-06T07:59:59+00:00 VICTRY layer=2 value=602.30 entry=1.84138000 cash=5428.79
[SCAN] 2026-08-06T07:59:59+00:00 symbols=20 signals=1 entries=1 exits=0 blocked=0 open=4 cash=5428.79 equity=9990.44
[SCAN] 2026-08-06T08:04:59+00:00 symbols=20 signals=0 entries=0 exits=0 blocked=1 open=4 cash=5428.79 equity=9995.29
[SCAN] 2026-08-06T08:09:59+00:00 symbols=20 signals=0 entries=0 exits=0 blocked=0 open=4 cash=5428.79 equity=9964.28
[SIGNAL] 2026-08-06T08:09:59+00:00 NOMTRY BUY fill_at=2026-08-06T08:14:59+00:00 features={"close": 0.084, "bb_lower": 0.0871031834411677, "bb_upper": 0.09423014989216567, "rsi": 34.79181647270828, "mfi": 20.66609552317928, "atr": 0.003071428571428573}
[ENTRY] 2026-08-06T08:14:59+00:00 NOMTRY layer=1 value=542.07 entry=0.08406300 cash=4885.91
[SCAN] 2026-08-06T08:14:59+00:00 symbols=20 signals=1 entries=1 exits=0 blocked=2 open=5 cash=4885.91 equity=9956.11
[SIGNAL] 2026-08-06T08:14:59+00:00 NOMTRY BUY fill_at=2026-08-06T08:19:59+00:00 features={"close": 0.084, "bb_lower": 0.0859110319140452, "bb_upper": 0.09494611094309771, "rsi": 34.791816453148144, "mfi": 19.558831915251815, "atr": 0.003214285714285716}
[ENTRY] 2026-08-06T08:19:59+00:00 NOMTRY layer=2 value=487.86 entry=0.08506375 cash=4397.32
[SCAN] 2026-08-06T08:19:59+00:00 symbols=20 signals=1 entries=1 exits=0 blocked=1 open=5 cash=4397.32 equity=9936.38
[SIGNAL] 2026-08-06T08:19:59+00:00 NOMTRY BUY fill_at=2026-08-06T08:24:59+00:00 features={"close": 0.085, "bb_lower": 0.08511508091639079, "bb_upper": 0.09526587146456163, "rsi": 38.360472856437994, "mfi": 24.083057923466413, "atr": 0.003214285714285716}
[BLOCKED] NOMTRY reason=max_layers
[SCAN] 2026-08-06T08:24:59+00:00 symbols=20 signals=1 entries=0 exits=0 blocked=2 open=5 cash=4397.32 equity=9904.21
[SIGNAL] 2026-08-06T08:24:59+00:00 NOMTRY BUY fill_at=2026-08-06T08:29:59+00:00 features={"close": 0.083, "bb_lower": 0.08390169050694446, "bb_upper": 0.09571735711210316, "rsi": 34.294041864549186, "mfi": 20.110289466901207, "atr": 0.0032857142857142876}
[BLOCKED] NOMTRY reason=max_layers
[SCAN] 2026-08-06T08:29:59+00:00 symbols=20 signals=1 entries=0 exits=0 blocked=2 open=5 cash=4397.32 equity=9946.84
[SIGNAL] 2026-08-06T08:29:59+00:00 VANRYTRY BUY fill_at=2026-08-06T08:34:59+00:00 features={"close": 0.1663, "bb_lower": 0.16646757329515202, "bb_upper": 0.17249433146675278, "rsi": 37.0769872839416, "mfi": 28.952623701924608, "atr": 0.0014285714285714299}
[ENTRY] 2026-08-06T08:34:59+00:00 VANRYTRY layer=1 value=439.07 entry=0.16652480 cash=3957.59
[SCAN] 2026-08-06T08:34:59+00:00 symbols=20 signals=1 entries=1 exits=0 blocked=0 open=6 cash=3957.59 equity=9916.96
[SCAN] 2026-08-06T08:39:59+00:00 symbols=20 signals=0 entries=0 exits=0 blocked=0 open=6 cash=3957.59 equity=9949.12
[SCAN] 2026-08-06T08:44:59+00:00 symbols=20 signals=0 entries=0 exits=0 blocked=0 open=6 cash=3957.59 equity=9947.34
[EXIT] 2026-08-06T08:49:59+00:00 NOMTRY reason=fixed_take_profit pnl=+19.95 cash=5009.01
[SCAN] 2026-08-06T08:49:59+00:00 symbols=20 signals=0 entries=0 exits=1 blocked=0 open=5 cash=5009.01 equity=9980.62
[SCAN] 2026-08-06T08:54:59+00:00 symbols=20 signals=0 entries=0 exits=0 blocked=0 open=5 cash=5009.01 equity=9984.35
[SCAN] 2026-08-06T08:59:59+00:00 symbols=20 signals=0 entries=0 exits=0 blocked=0 open=5 cash=5009.01 equity=9964.75
[SCAN] 2026-08-06T09:04:59+00:00 symbols=20 signals=0 entries=0 exits=0 blocked=0 open=5 cash=5009.01 equity=9952.41
[SCAN] 2026-08-06T09:09:59+00:00 symbols=20 signals=0 entries=0 exits=0 blocked=0 open=5 cash=5009.01 equity=9958.54
[SIGNAL] 2026-08-06T09:09:59+00:00 ENATRY BUY fill_at=2026-08-06T09:14:59+00:00 features={"close": 4.339, "bb_lower": 4.34759754572804, "bb_upper": 4.37535483522434, "rsi": 32.079422839662314, "mfi": 40.931111989186086, "atr": 0.011500000000000035}
[ENTRY] 2026-08-06T09:14:59+00:00 ENATRY layer=1 value=500.15 entry=4.33624975 cash=4508.11
[SIGNAL] 2026-08-06T09:09:59+00:00 EIGENTRY BUY fill_at=2026-08-06T09:14:59+00:00 features={"close": 8.7, "bb_lower": 8.706740094235942, "bb_upper": 8.802307524811676, "rsi": 28.692435317814272, "mfi": 38.795683161228226, "atr": 0.016142857142857205}
[ENTRY] 2026-08-06T09:14:59+00:00 EIGENTRY layer=1 value=450.14 entry=8.70652500 cash=4057.30
[SIGNAL] 2026-08-06T09:09:59+00:00 ONDOTRY BUY fill_at=2026-08-06T09:14:59+00:00 features={"close": 17.57, "bb_lower": 17.66157151270405, "bb_upper": 17.904142773010236, "rsi": 27.215041485440167, "mfi": 42.75247966597972, "atr": 0.04714285714285741}
[ENTRY] 2026-08-06T09:14:59+00:00 ONDOTRY layer=1 value=405.12 entry=17.58317750 cash=3651.57
[SCAN] 2026-08-06T09:14:59+00:00 symbols=20 signals=3 entries=3 exits=0 blocked=0 open=8 cash=3651.57 equity=9934.40
[SIGNAL] 2026-08-06T09:14:59+00:00 ENATRY BUY fill_at=2026-08-06T09:19:59+00:00 features={"close": 4.318, "bb_lower": 4.336575966609658, "bb_upper": 4.381043081009388, "rsi": 25.102288705711217, "mfi": 40.04712635864391, "atr": 0.01242857142857152}
[ENTRY] 2026-08-06T09:19:59+00:00 ENATRY layer=2 value=364.61 entry=4.32724300 cash=3286.41
[SIGNAL] 2026-08-06T09:14:59+00:00 EIGENTRY BUY fill_at=2026-08-06T09:19:59+00:00 features={"close": 8.624, "bb_lower": 8.676378158959286, "bb_upper": 8.816002793421665, "rsi": 17.403742142430843, "mfi": 26.33558757286454, "atr": 0.018857142857142812}
[ENTRY] 2026-08-06T09:19:59+00:00 EIGENTRY layer=2 value=328.15 entry=8.64447850 cash=2957.77
[SIGNAL] 2026-08-06T09:14:59+00:00 ONDOTRY BUY fill_at=2026-08-06T09:19:59+00:00 features={"close": 17.53, "bb_lower": 17.609148893472426, "bb_upper": 17.93370824938472, "rsi": 24.955724103157365, "mfi": 23.654382665497252, "atr": 0.05142857142857186}
[ENTRY] 2026-08-06T09:19:59+00:00 ONDOTRY layer=2 value=295.33 entry=17.56316250 cash=2661.99
[SCAN] 2026-08-06T09:19:59+00:00 symbols=20 signals=3 entries=3 exits=0 blocked=0 open=8 cash=2661.99 equity=9941.89
[SIGNAL] 2026-08-06T09:19:59+00:00 ENATRY BUY fill_at=2026-08-06T09:24:59+00:00 features={"close": 4.329, "bb_lower": 4.331924117509604, "bb_upper": 4.3816949301094406, "rsi": 33.33063125797452, "mfi": 44.78856694260994, "atr": 0.01328571428571441}
[BLOCKED] ENATRY reason=max_layers
[SIGNAL] 2026-08-06T09:19:59+00:00 EIGENTRY BUY fill_at=2026-08-06T09:24:59+00:00 features={"close": 8.636, "bb_lower": 8.657654483364896, "bb_upper": 8.819964564254152, "rsi": 22.61185576506108, "mfi": 25.07090567413131, "atr": 0.018714285714285746}
[BLOCKED] EIGENTRY reason=max_layers
[SIGNAL] 2026-08-06T09:19:59+00:00 ONDOTRY BUY fill_at=2026-08-06T09:24:59+00:00 features={"close": 17.57, "bb_lower": 17.579953923043277, "bb_upper": 17.934331791242442, "rsi": 31.147955711750257, "mfi": 27.322371544678674, "atr": 0.054285714285714395}
[BLOCKED] ONDOTRY reason=max_layers
[SCAN] 2026-08-06T09:24:59+00:00 symbols=20 signals=3 entries=0 exits=0 blocked=3 open=8 cash=2661.99 equity=9968.82
[SIGNAL] 2026-08-06T09:24:59+00:00 HEITRY BUY fill_at=2026-08-06T09:29:59+00:00 features={"close": 21.181, "bb_lower": 21.99036409390533, "bb_upper": 25.438588287047043, "rsi": 35.869891187717, "mfi": 20.990210367795967, "atr": 1.2705714285714287}
[ENTRY] 2026-08-06T09:29:59+00:00 HEITRY layer=1 value=265.80 entry=21.26793900 cash=2395.79
[SIGNAL] 2026-08-06T09:24:59+00:00 EIGENTRY BUY fill_at=2026-08-06T09:29:59+00:00 features={"close": 8.603, "bb_lower": 8.633628673227063, "bb_upper": 8.826085612487221, "rsi": 19.035926663311997, "mfi": 9.973505433813813, "atr": 0.021000000000000036}
[BLOCKED] EIGENTRY reason=max_layers
[SCAN] 2026-08-06T09:29:59+00:00 symbols=20 signals=2 entries=1 exits=0 blocked=1 open=9 cash=2395.79 equity=9922.86
[SIGNAL] 2026-08-06T09:29:59+00:00 HEITRY BUY fill_at=2026-08-06T09:34:59+00:00 features={"close": 20.572, "bb_lower": 21.43350868584073, "bb_upper": 25.767253218921166, "rsi": 32.972095423221816, "mfi": 21.53077498603561, "atr": 1.2987857142857142}
[ENTRY] 2026-08-06T09:34:59+00:00 HEITRY layer=2 value=239.22 entry=20.56641325 cash=2156.21
[SIGNAL] 2026-08-06T09:29:59+00:00 TSTTRY BUY fill_at=2026-08-06T09:34:59+00:00 features={"close": 0.503, "bb_lower": 0.504506982576457, "bb_upper": 0.5169215888521144, "rsi": 33.2259291935179, "mfi": 17.816165423548256, "atr": 0.002714285714285717}
[ENTRY] 2026-08-06T09:34:59+00:00 TSTTRY layer=1 value=215.30 entry=0.50437800 cash=1940.59
[SIGNAL] 2026-08-06T09:29:59+00:00 EIGENTRY BUY fill_at=2026-08-06T09:34:59+00:00 features={"close": 8.582, "bb_lower": 8.608225402933165, "bb_upper": 8.832631739923976, "rsi": 17.1645835553243, "mfi": 9.52572303477207, "atr": 0.0211428571428571}
[BLOCKED] EIGENTRY reason=max_layers
[SCAN] 2026-08-06T09:34:59+00:00 symbols=20 signals=3 entries=2 exits=0 blocked=1 open=10 cash=1940.59 equity=9922.15
[SIGNAL] 2026-08-06T09:34:59+00:00 HEITRY BUY fill_at=2026-08-06T09:39:59+00:00 features={"close": 20.843, "bb_lower": 21.031146101698926, "bb_upper": 25.951996755443925, "rsi": 35.48464651364901, "mfi": 21.07837994657386, "atr": 1.3433571428571427}
[BLOCKED] HEITRY reason=max_layers
[EXIT] 2026-08-06T09:39:59+00:00 HEITRY reason=fixed_stop_loss pnl=-46.65 cash=2399.72
[SCAN] 2026-08-06T09:39:59+00:00 symbols=20 signals=1 entries=0 exits=1 blocked=1 open=9 cash=2399.72 equity=9892.42
[SIGNAL] 2026-08-06T09:39:59+00:00 HEITRY BUY fill_at=2026-08-06T09:44:59+00:00 features={"close": 19.02, "bb_lower": 20.179034974862567, "bb_upper": 26.404203120375527, "rsi": 27.87101948882237, "mfi": 20.79275418293149, "atr": 1.4765714285714286}
[ENTRY] 2026-08-06T09:44:59+00:00 HEITRY layer=1 value=239.61 entry=19.03226350 cash=2159.75
[SIGNAL] 2026-08-06T09:39:59+00:00 TSTTRY BUY fill_at=2026-08-06T09:44:59+00:00 features={"close": 0.503, "bb_lower": 0.5033208234594624, "bb_upper": 0.5162029860643469, "rsi": 37.11878670947589, "mfi": 21.218615398789296, "atr": 0.0028571428571428597}
[ENTRY] 2026-08-06T09:44:59+00:00 TSTTRY layer=2 value=215.65 entry=0.50337725 cash=1943.78
[SCAN] 2026-08-06T09:44:59+00:00 symbols=20 signals=2 entries=2 exits=0 blocked=0 open=10 cash=1943.78 equity=9862.14
[SIGNAL] 2026-08-06T09:44:59+00:00 HEITRY BUY fill_at=2026-08-06T09:49:59+00:00 features={"close": 18.067, "bb_lower": 19.2080720748948, "bb_upper": 26.780118401295674, "rsi": 24.85128780719353, "mfi": 13.088851433430946, "atr": 1.5655000000000003}
[ENTRY] 2026-08-06T09:49:59+00:00 HEITRY layer=2 value=194.09 entry=18.10556900 cash=1749.40
[SIGNAL] 2026-08-06T09:44:59+00:00 TSTTRY BUY fill_at=2026-08-06T09:49:59+00:00 features={"close": 0.501, "bb_lower": 0.5020876296612773, "bb_upper": 0.516102846529199, "rsi": 34.554270141295476, "mfi": 16.454273352702188, "atr": 0.0030714285714285743}
[BLOCKED] TSTTRY reason=max_layers
[SCAN] 2026-08-06T09:49:59+00:00 symbols=20 signals=2 entries=1 exits=0 blocked=2 open=10 cash=1749.40 equity=9867.12
[SIGNAL] 2026-08-06T09:49:59+00:00 HEITRY BUY fill_at=2026-08-06T09:54:59+00:00 features={"close": 17.917, "bb_lower": 18.3906897432206, "bb_upper": 26.96559597106511, "rsi": 24.400497428666213, "mfi": 7.907236926741788, "atr": 1.586928571428572}
[BLOCKED] HEITRY reason=max_layers
[SIGNAL] 2026-08-06T09:49:59+00:00 TSTTRY BUY fill_at=2026-08-06T09:54:59+00:00 features={"close": 0.501, "bb_lower": 0.5010281086491363, "bb_upper": 0.5159242723032446, "rsi": 34.55427013049372, "mfi": 9.646455892376693, "atr": 0.0030714285714285743}
[BLOCKED] TSTTRY reason=max_layers
[EXIT] 2026-08-06T09:54:59+00:00 VICTRY reason=fixed_stop_loss pnl=-117.45 cash=2905.37
[EXIT] 2026-08-06T09:54:59+00:00 HEITRY reason=fixed_stop_loss pnl=-40.06 cash=3299.66
[SCAN] 2026-08-06T09:54:59+00:00 symbols=20 signals=2 entries=0 exits=2 blocked=3 open=8 cash=3299.66 equity=9828.97
[SIGNAL] 2026-08-06T09:54:59+00:00 HEITRY BUY fill_at=2026-08-06T09:59:59+00:00 features={"close": 16.881, "bb_lower": 17.438129662469006, "bb_upper": 27.263965575626226, "rsi": 21.484532755398646, "mfi": 7.690463429940536, "atr": 1.6842857142857146}
[ENTRY] 2026-08-06T09:59:59+00:00 HEITRY layer=1 value=329.47 entry=16.91367575 cash=2969.69
[EXIT] 2026-08-06T09:59:59+00:00 HEITRY reason=fixed_take_profit pnl=+6.38 cash=3306.04
[SCAN] 2026-08-06T09:59:59+00:00 symbols=20 signals=1 entries=1 exits=1 blocked=1 open=8 cash=3306.04 equity=9848.13
[SCAN] 2026-08-06T10:04:59+00:00 symbols=20 signals=0 entries=0 exits=0 blocked=1 open=8 cash=3306.04 equity=9835.09
[SCAN] 2026-08-06T10:09:59+00:00 symbols=20 signals=0 entries=0 exits=0 blocked=0 open=8 cash=3306.04 equity=9832.29
[SCAN] 2026-08-06T10:14:59+00:00 symbols=20 signals=0 entries=0 exits=0 blocked=1 open=8 cash=3306.04 equity=9829.93
[SCAN] 2026-08-06T10:19:59+00:00 symbols=20 signals=0 entries=0 exits=0 blocked=1 open=8 cash=3306.04 equity=9847.66
[SCAN] 2026-08-06T10:24:59+00:00 symbols=20 signals=0 entries=0 exits=0 blocked=0 open=8 cash=3306.04 equity=9861.69
[SCAN] 2026-08-06T10:29:59+00:00 symbols=20 signals=0 entries=0 exits=0 blocked=0 open=8 cash=3306.04 equity=9865.73
[SCAN] 2026-08-06T10:34:59+00:00 symbols=20 signals=0 entries=0 exits=0 blocked=0 open=8 cash=3306.04 equity=9863.22
[SCAN] 2026-08-06T10:39:59+00:00 symbols=20 signals=0 entries=0 exits=0 blocked=0 open=8 cash=3306.04 equity=9864.21
[SCAN] 2026-08-06T10:44:59+00:00 symbols=20 signals=0 entries=0 exits=0 blocked=0 open=8 cash=3306.04 equity=9848.93
[SCAN] 2026-08-06T10:49:59+00:00 symbols=20 signals=0 entries=0 exits=0 blocked=0 open=8 cash=3306.04 equity=9832.24
[SCAN] 2026-08-06T10:54:59+00:00 symbols=20 signals=0 entries=0 exits=0 blocked=0 open=8 cash=3306.04 equity=9829.60
[SCAN] 2026-08-06T10:59:59+00:00 symbols=20 signals=0 entries=0 exits=0 blocked=0 open=8 cash=3306.04 equity=9835.90
[SCAN] 2026-08-06T11:04:59+00:00 symbols=20 signals=0 entries=0 exits=0 blocked=0 open=8 cash=3306.04 equity=9822.08
[SCAN] 2026-08-06T11:09:59+00:00 symbols=20 signals=0 entries=0 exits=0 blocked=0 open=8 cash=3306.04 equity=9830.20
[SCAN] 2026-08-06T11:14:59+00:00 symbols=20 signals=0 entries=0 exits=0 blocked=0 open=8 cash=3306.04 equity=9843.42
[SCAN] 2026-08-06T11:19:59+00:00 symbols=20 signals=0 entries=0 exits=0 blocked=2 open=8 cash=3306.04 equity=9863.19
[EXIT] 2026-08-06T11:24:59+00:00 LDOTRY reason=bb_mfi_v3_signal_exit pnl=+6.21 cash=4884.38
[SCAN] 2026-08-06T11:24:59+00:00 symbols=20 signals=0 entries=0 exits=1 blocked=1 open=7 cash=4884.38 equity=9862.40
[SIGNAL] 2026-08-06T11:24:59+00:00 BANKTRY BUY fill_at=2026-08-06T11:29:59+00:00 features={"close": 2.06, "bb_lower": 2.0671433395795065, "bb_upper": 2.1470471366109702, "rsi": 32.6203254612829, "mfi": 25.462513349512392, "atr": 0.02028571428571424}
[ENTRY] 2026-08-06T11:29:59+00:00 BANKTRY layer=1 value=487.71 entry=2.06054425 cash=4395.94
[SCAN] 2026-08-06T11:29:59+00:00 symbols=20 signals=1 entries=1 exits=0 blocked=1 open=8 cash=4395.94 equity=9866.90
[SIGNAL] 2026-08-06T11:29:59+00:00 BANKTRY BUY fill_at=2026-08-06T11:34:59+00:00 features={"close": 2.054, "bb_lower": 2.0585959362002355, "bb_upper": 2.150356444752146, "rsi": 31.207101474787237, "mfi": 16.9427355454969, "atr": 0.019928571428571424}
[ENTRY] 2026-08-06T11:34:59+00:00 BANKTRY layer=2 value=438.94 entry=2.05453975 cash=3956.34
[SCAN] 2026-08-06T11:34:59+00:00 symbols=20 signals=1 entries=1 exits=0 blocked=1 open=8 cash=3956.34 equity=9863.43
[SIGNAL] 2026-08-06T11:34:59+00:00 BANKTRY BUY fill_at=2026-08-06T11:39:59+00:00 features={"close": 2.05, "bb_lower": 2.050930210636134, "bb_upper": 2.1536412179352946, "rsi": 30.260283440149706, "mfi": 16.915340758806877, "atr": 0.020642857142857154}
[BLOCKED] BANKTRY reason=max_layers
[SCAN] 2026-08-06T11:39:59+00:00 symbols=20 signals=1 entries=0 exits=0 blocked=2 open=8 cash=3956.34 equity=9866.75
[EXIT] 2026-08-06T11:44:59+00:00 VANRYTRY reason=fixed_take_profit pnl=+8.50 cash=4404.58
[SCAN] 2026-08-06T11:44:59+00:00 symbols=20 signals=0 entries=0 exits=1 blocked=0 open=7 cash=4404.58 equity=9872.92
[SCAN] 2026-08-06T11:49:59+00:00 symbols=20 signals=0 entries=0 exits=0 blocked=0 open=7 cash=4404.58 equity=9893.89
[SCAN] 2026-08-06T11:54:59+00:00 symbols=20 signals=0 entries=0 exits=0 blocked=0 open=7 cash=4404.58 equity=9896.57
[SCAN] 2026-08-06T11:59:59+00:00 symbols=20 signals=0 entries=0 exits=0 blocked=0 open=7 cash=4404.58 equity=9901.79
[SCAN] 2026-08-06T12:04:59+00:00 symbols=20 signals=0 entries=0 exits=0 blocked=0 open=7 cash=4404.58 equity=9897.73
[SCAN] 2026-08-06T12:09:59+00:00 symbols=20 signals=0 entries=0 exits=0 blocked=0 open=7 cash=4404.58 equity=9871.87
[SIGNAL] 2026-08-06T12:09:59+00:00 ONDOTRY BUY fill_at=2026-08-06T12:14:59+00:00 features={"close": 17.49, "bb_lower": 17.51870405532637, "bb_upper": 17.71177213514982, "rsi": 31.43883025634331, "mfi": 25.734660937149812, "atr": 0.041428571428571814}
[BLOCKED] ONDOTRY reason=max_layers
[SCAN] 2026-08-06T12:14:59+00:00 symbols=20 signals=1 entries=0 exits=0 blocked=1 open=7 cash=4404.58 equity=9874.29
[SCAN] 2026-08-06T12:19:59+00:00 symbols=20 signals=0 entries=0 exits=0 blocked=1 open=7 cash=4404.58 equity=9876.38
[EXIT] 2026-08-06T12:24:59+00:00 BANKTRY reason=fixed_take_profit pnl=+17.95 cash=5350.56
[SCAN] 2026-08-06T12:24:59+00:00 symbols=20 signals=0 entries=0 exits=1 blocked=1 open=6 cash=5350.56 equity=9895.61
[SCAN] 2026-08-06T12:29:59+00:00 symbols=20 signals=0 entries=0 exits=0 blocked=0 open=6 cash=5350.56 equity=9890.68
[SCAN] 2026-08-06T12:34:59+00:00 symbols=20 signals=0 entries=0 exits=0 blocked=0 open=6 cash=5350.56 equity=9882.11
[SIGNAL] 2026-08-06T12:34:59+00:00 EIGENTRY BUY fill_at=2026-08-06T12:39:59+00:00 features={"close": 8.554, "bb_lower": 8.574098323422229, "bb_upper": 8.680663581339674, "rsi": 25.273795247270257, "mfi": 29.484450109950657, "atr": 0.01235714285714286}
[BLOCKED] EIGENTRY reason=max_layers
[SIGNAL] 2026-08-06T12:34:59+00:00 ONDOTRY BUY fill_at=2026-08-06T12:39:59+00:00 features={"close": 17.45, "bb_lower": 17.457170070804395, "bb_upper": 17.723782310147982, "rsi": 30.94356563476957, "mfi": 21.071693927596755, "atr": 0.044285714285714865}
[BLOCKED] ONDOTRY reason=max_layers
[SCAN] 2026-08-06T12:39:59+00:00 symbols=20 signals=2 entries=0 exits=0 blocked=2 open=6 cash=5350.56 equity=9889.39
[SCAN] 2026-08-06T12:44:59+00:00 symbols=20 signals=0 entries=0 exits=0 blocked=0 open=6 cash=5350.56 equity=9885.33
[SCAN] 2026-08-06T12:49:59+00:00 symbols=20 signals=0 entries=0 exits=0 blocked=0 open=6 cash=5350.56 equity=9880.06
[SCAN] 2026-08-06T12:54:59+00:00 symbols=20 signals=0 entries=0 exits=0 blocked=0 open=6 cash=5350.56 equity=9875.01
[SIGNAL] 2026-08-06T12:54:59+00:00 EIGENTRY BUY fill_at=2026-08-06T12:59:59+00:00 features={"close": 8.547, "bb_lower": 8.551993760892593, "bb_upper": 8.688291953393122, "rsi": 30.752961977547415, "mfi": 31.523897726835955, "atr": 0.0163571428571428}
[BLOCKED] EIGENTRY reason=max_layers
[SCAN] 2026-08-06T12:59:59+00:00 symbols=20 signals=1 entries=0 exits=0 blocked=1 open=6 cash=5350.56 equity=9864.43
[SIGNAL] 2026-08-06T12:59:59+00:00 FIDATRY BUY fill_at=2026-08-06T13:04:59+00:00 features={"close": 0.879, "bb_lower": 0.8801221946759635, "bb_upper": 0.8975920910383225, "rsi": 36.546405823486324, "mfi": 33.53956060019128, "atr": 0.005214285714285719}
[BLOCKED] FIDATRY reason=max_layers
[SCAN] 2026-08-06T13:04:59+00:00 symbols=20 signals=1 entries=0 exits=0 blocked=1 open=6 cash=5350.56 equity=9868.74
[SCAN] 2026-08-06T13:09:59+00:00 symbols=20 signals=0 entries=0 exits=0 blocked=0 open=6 cash=5350.56 equity=9864.95
[SCAN] 2026-08-06T13:14:59+00:00 symbols=20 signals=0 entries=0 exits=0 blocked=1 open=6 cash=5350.56 equity=9873.63
[SIGNAL] 2026-08-06T13:14:59+00:00 NOMTRY BUY fill_at=2026-08-06T13:19:59+00:00 features={"close": 0.08, "bb_lower": 0.08026209373828347, "bb_upper": 0.08326171578552607, "rsi": 37.307570182344506, "mfi": 32.93643680171796, "atr": 0.0011428571428571438}
[ENTRY] 2026-08-06T13:19:59+00:00 NOMTRY layer=1 value=534.25 entry=0.08006000 cash=4815.50
[SCAN] 2026-08-06T13:19:59+00:00 symbols=20 signals=1 entries=1 exits=0 blocked=1 open=7 cash=4815.50 equity=9881.12
[SCAN] 2026-08-06T13:24:59+00:00 symbols=20 signals=0 entries=0 exits=0 blocked=0 open=7 cash=4815.50 equity=9876.75
[SCAN] 2026-08-06T13:29:59+00:00 symbols=20 signals=0 entries=0 exits=0 blocked=0 open=7 cash=4815.50 equity=9877.80
[SCAN] 2026-08-06T13:34:59+00:00 symbols=20 signals=0 entries=0 exits=0 blocked=0 open=7 cash=4815.50 equity=9885.27
[SCAN] 2026-08-06T13:39:59+00:00 symbols=20 signals=0 entries=0 exits=0 blocked=0 open=7 cash=4815.50 equity=9887.60
[SCAN] 2026-08-06T13:44:59+00:00 symbols=20 signals=0 entries=0 exits=0 blocked=0 open=7 cash=4815.50 equity=9889.48
[SCAN] 2026-08-06T13:49:59+00:00 symbols=20 signals=0 entries=0 exits=0 blocked=0 open=7 cash=4815.50 equity=9891.50
[SIGNAL] 2026-08-06T13:49:59+00:00 NOMTRY BUY fill_at=2026-08-06T13:54:59+00:00 features={"close": 0.079, "bb_lower": 0.07915275447101228, "bb_upper": 0.08303772171946391, "rsi": 36.5634135743871, "mfi": 16.206282808587417, "atr": 0.0010714285714285723}
[ENTRY] 2026-08-06T13:54:59+00:00 NOMTRY layer=2 value=480.83 entry=0.08006000 cash=4333.95
[SCAN] 2026-08-06T13:54:59+00:00 symbols=20 signals=1 entries=1 exits=0 blocked=0 open=7 cash=4333.95 equity=9900.01
[EXIT] 2026-08-06T13:59:59+00:00 ADATRY reason=bb_mfi_v3_signal_exit pnl=-0.14 cash=5210.03
[SCAN] 2026-08-06T13:59:59+00:00 symbols=20 signals=0 entries=0 exits=1 blocked=0 open=6 cash=5210.03 equity=9878.30
[SCAN] 2026-08-06T14:04:59+00:00 symbols=20 signals=0 entries=0 exits=0 blocked=0 open=6 cash=5210.03 equity=9871.25
[SIGNAL] 2026-08-06T14:04:59+00:00 TSTTRY BUY fill_at=2026-08-06T14:09:59+00:00 features={"close": 0.502, "bb_lower": 0.5020208672901291, "bb_upper": 0.5064553231860617, "rsi": 42.23755004346641, "mfi": 20.577526829723823, "atr": 0.0014285714285714299}
[BLOCKED] TSTTRY reason=max_layers
[SCAN] 2026-08-06T14:09:59+00:00 symbols=20 signals=1 entries=0 exits=0 blocked=1 open=6 cash=5210.03 equity=9861.20
[SCAN] 2026-08-06T14:14:59+00:00 symbols=20 signals=0 entries=0 exits=0 blocked=1 open=6 cash=5210.03 equity=9862.62
[SCAN] 2026-08-06T14:19:59+00:00 symbols=20 signals=0 entries=0 exits=0 blocked=0 open=6 cash=5210.03 equity=9868.27
[SCAN] 2026-08-06T14:24:59+00:00 symbols=20 signals=0 entries=0 exits=0 blocked=1 open=6 cash=5210.03 equity=9869.35
[SIGNAL] 2026-08-06T14:24:59+00:00 VICTRY BUY fill_at=2026-08-06T14:29:59+00:00 features={"close": 1.66, "bb_lower": 1.6785273620329269, "bb_upper": 1.7557583522527869, "rsi": 33.599606860695005, "mfi": 46.45216866201106, "atr": 0.027857142857142882}
[ENTRY] 2026-08-06T14:29:59+00:00 VICTRY layer=1 value=520.22 entry=1.67125250 cash=4689.03
[SIGNAL] 2026-08-06T14:24:59+00:00 HEITRY BUY fill_at=2026-08-06T14:29:59+00:00 features={"close": 10.888, "bb_lower": 11.291847322878233, "bb_upper": 13.528724105693193, "rsi": 27.899938398269853, "mfi": 35.494958339323105, "atr": 0.6684999999999999}
[ENTRY] 2026-08-06T14:29:59+00:00 HEITRY layer=1 value=468.20 entry=10.87114725 cash=4220.12
[SCAN] 2026-08-06T14:29:59+00:00 symbols=20 signals=2 entries=2 exits=0 blocked=1 open=8 cash=4220.12 equity=9853.86
[SIGNAL] 2026-08-06T14:29:59+00:00 HEITRY BUY fill_at=2026-08-06T14:34:59+00:00 features={"close": 10.875, "bb_lower": 11.055951443483991, "bb_upper": 13.549762842230297, "rsi": 27.816210545954334, "mfi": 29.62241818807182, "atr": 0.651142857142857}
[ENTRY] 2026-08-06T14:34:59+00:00 HEITRY layer=2 value=421.38 entry=10.88415700 cash=3798.11
[SIGNAL] 2026-08-06T14:29:59+00:00 EIGENTRY BUY fill_at=2026-08-06T14:34:59+00:00 features={"close": 8.51, "bb_lower": 8.51931887030814, "bb_upper": 8.635823986834716, "rsi": 28.520234489158142, "mfi": 20.639812265175593, "atr": 0.018500000000000023}
[BLOCKED] EIGENTRY reason=max_layers
[SCAN] 2026-08-06T14:34:59+00:00 symbols=20 signals=2 entries=1 exits=0 blocked=1 open=8 cash=3798.11 equity=9872.15
[SCAN] 2026-08-06T14:39:59+00:00 symbols=20 signals=0 entries=0 exits=0 blocked=0 open=8 cash=3798.11 equity=9875.10
[SIGNAL] 2026-08-06T14:39:59+00:00 VICTRY BUY fill_at=2026-08-06T14:44:59+00:00 features={"close": 1.66, "bb_lower": 1.6607381010481306, "bb_upper": 1.7583095179994883, "rsi": 36.28112202040066, "mfi": 36.57503284201102, "atr": 0.025000000000000022}
[ENTRY] 2026-08-06T14:44:59+00:00 VICTRY layer=2 value=379.24 entry=1.67125250 cash=3418.30
[SCAN] 2026-08-06T14:44:59+00:00 symbols=20 signals=1 entries=1 exits=0 blocked=0 open=8 cash=3418.30 equity=9876.42
[SCAN] 2026-08-06T14:49:59+00:00 symbols=20 signals=0 entries=0 exits=0 blocked=1 open=8 cash=3418.30 equity=9887.43
[EXIT] 2026-08-06T14:54:59+00:00 VICTRY reason=fixed_take_profit pnl=+17.42 cash=4336.54
[SCAN] 2026-08-06T14:54:59+00:00 symbols=20 signals=0 entries=0 exits=1 blocked=1 open=7 cash=4336.54 equity=9874.58
[SCAN] 2026-08-06T14:59:59+00:00 symbols=20 signals=0 entries=0 exits=0 blocked=0 open=7 cash=4336.54 equity=9870.63
[SCAN] 2026-08-06T15:04:59+00:00 symbols=20 signals=0 entries=0 exits=1 blocked=1 open=6 cash=5206.23 equity=9859.29
[SCAN] 2026-08-06T15:09:59+00:00 symbols=20 signals=0 entries=0 exits=0 blocked=0 open=6 cash=5206.23 equity=9877.85
[SIGNAL] 2026-08-06T15:09:59+00:00 VANRYTRY BUY fill_at=2026-08-06T15:14:59+00:00 features={"close": 0.1617, "bb_lower": 0.16253492117298907, "bb_upper": 0.16721745977939195, "rsi": 31.076256329824318, "mfi": 31.441675115825632, "atr": 0.00106428571428571}
[ENTRY] 2026-08-06T15:14:59+00:00 VANRYTRY layer=1 value=519.84 entry=0.16182128 cash=4685.61
[EXIT] 2026-08-06T15:14:59+00:00 HEITRY reason=fixed_stop_loss pnl=-82.17 cash=5494.36
[SCAN] 2026-08-06T15:14:59+00:00 symbols=20 signals=1 entries=1 exits=1 blocked=0 open=6 cash=5494.36 equity=9817.15
[SIGNAL] 2026-08-06T15:14:59+00:00 VANRYTRY BUY fill_at=2026-08-06T15:19:59+00:00 features={"close": 0.1607, "bb_lower": 0.16176830716478902, "bb_upper": 0.1676412166447348, "rsi": 27.874395544531225, "mfi": 26.160650558776226, "atr": 0.001164285714285711}
[ENTRY] 2026-08-06T15:19:59+00:00 VANRYTRY layer=2 value=548.61 entry=0.16042022 cash=4944.92
[SCAN] 2026-08-06T15:19:59+00:00 symbols=20 signals=1 entries=1 exits=0 blocked=0 open=6 cash=4944.92 equity=9831.33
[SIGNAL] 2026-08-06T15:19:59+00:00 HOMETRY BUY fill_at=2026-08-06T15:24:59+00:00 features={"close": 0.467, "bb_lower": 0.46948776621658195, "bb_upper": 0.4931789004500846, "rsi": 39.26148809932566, "mfi": 34.8581619154737, "atr": 0.007785714285714289}
[ENTRY] 2026-08-06T15:24:59+00:00 HOMETRY layer=1 value=493.75 entry=0.46634950 cash=4450.43
[SIGNAL] 2026-08-06T15:19:59+00:00 VANRYTRY BUY fill_at=2026-08-06T15:24:59+00:00 features={"close": 0.1591, "bb_lower": 0.16066162025627317, "bb_upper": 0.16823361783896496, "rsi": 23.65064022492119, "mfi": 22.0418585002175, "atr": 0.0012857142857142848}
[BLOCKED] VANRYTRY reason=max_layers
[SCAN] 2026-08-06T15:24:59+00:00 symbols=20 signals=2 entries=1 exits=0 blocked=1 open=7 cash=4450.43 equity=9841.61
[SIGNAL] 2026-08-06T15:24:59+00:00 HOMETRY BUY fill_at=2026-08-06T15:29:59+00:00 features={"close": 0.463, "bb_lower": 0.46666481045354935, "bb_upper": 0.49476376097502195, "rsi": 36.613589261639994, "mfi": 33.37864404180759, "atr": 0.007785714285714289}
[ENTRY] 2026-08-06T15:29:59+00:00 HOMETRY layer=2 value=444.38 entry=0.46234650 cash=4005.38
[SCAN] 2026-08-06T15:29:59+00:00 symbols=20 signals=1 entries=1 exits=0 blocked=1 open=7 cash=4005.38 equity=9820.26
[SIGNAL] 2026-08-06T15:29:59+00:00 HOMETRY BUY fill_at=2026-08-06T15:34:59+00:00 features={"close": 0.464, "bb_lower": 0.46414607103090283, "bb_upper": 0.4951872623024303, "rsi": 37.75061890354647, "mfi": 35.80841843864995, "atr": 0.007285714285714289}
[BLOCKED] HOMETRY reason=max_layers
[SCAN] 2026-08-06T15:34:59+00:00 symbols=20 signals=1 entries=0 exits=0 blocked=1 open=7 cash=4005.38 equity=9812.99
[SIGNAL] 2026-08-06T15:34:59+00:00 HOMETRY BUY fill_at=2026-08-06T15:39:59+00:00 features={"close": 0.459, "bb_lower": 0.46106773667202355, "bb_upper": 0.4953132157089288, "rsi": 34.40743662545219, "mfi": 29.2963650238013, "atr": 0.007000000000000002}
[BLOCKED] HOMETRY reason=max_layers
[SCAN] 2026-08-06T15:39:59+00:00 symbols=20 signals=1 entries=0 exits=0 blocked=1 open=7 cash=4005.38 equity=9809.29
[SIGNAL] 2026-08-06T15:39:59+00:00 VICTRY BUY fill_at=2026-08-06T15:44:59+00:00 features={"close": 1.61, "bb_lower": 1.610238558460156, "bb_upper": 1.7326185843969866, "rsi": 30.50655265011109, "mfi": 29.225013632187355, "atr": 0.02428571428571426}
[ENTRY] 2026-08-06T15:44:59+00:00 VICTRY layer=1 value=399.94 entry=1.61120750 cash=3604.85
[SCAN] 2026-08-06T15:44:59+00:00 symbols=20 signals=1 entries=1 exits=0 blocked=1 open=8 cash=3604.85 equity=9824.06
[EXIT] 2026-08-06T15:49:59+00:00 VICTRY reason=fixed_take_profit pnl=+7.75 cash=4013.13
[SCAN] 2026-08-06T15:49:59+00:00 symbols=20 signals=0 entries=0 exits=1 blocked=0 open=7 cash=4013.13 equity=9830.21
[SCAN] 2026-08-06T15:54:59+00:00 symbols=20 signals=0 entries=0 exits=0 blocked=0 open=7 cash=4013.13 equity=9819.21
[SCAN] 2026-08-06T15:59:59+00:00 symbols=20 signals=0 entries=0 exits=0 blocked=1 open=7 cash=4013.13 equity=9810.42
[SIGNAL] 2026-08-06T15:59:59+00:00 OPENTRY BUY fill_at=2026-08-06T16:04:59+00:00 features={"close": 9.786, "bb_lower": 9.932177922258804, "bb_upper": 10.347631601550718, "rsi": 24.734838257572832, "mfi": 27.23049049921721, "atr": 0.08249999999999995}
[ENTRY] 2026-08-06T16:04:59+00:00 OPENTRY layer=1 value=400.71 entry=9.78133050 cash=3611.82
[SCAN] 2026-08-06T16:04:59+00:00 symbols=20 signals=1 entries=1 exits=0 blocked=1 open=8 cash=3611.82 equity=9819.55
[SIGNAL] 2026-08-06T16:04:59+00:00 OPENTRY BUY fill_at=2026-08-06T16:09:59+00:00 features={"close": 9.828, "bb_lower": 9.877770572982994, "bb_upper": 10.369562760350336, "rsi": 28.977466881420497, "mfi": 27.002800832996414, "atr": 0.0821428571428573}
[ENTRY] 2026-08-06T16:09:59+00:00 OPENTRY layer=2 value=360.64 entry=9.84237625 cash=3250.64
[SCAN] 2026-08-06T16:09:59+00:00 symbols=20 signals=1 entries=1 exits=0 blocked=1 open=8 cash=3250.64 equity=9809.57
[SIGNAL] 2026-08-06T16:09:59+00:00 NOMTRY BUY fill_at=2026-08-06T16:14:59+00:00 features={"close": 0.077, "bb_lower": 0.07739498094338977, "bb_upper": 0.08012882858041974, "rsi": 31.013338012467756, "mfi": 38.696120367856174, "atr": 0.0010714285714285723}
[BLOCKED] NOMTRY reason=max_layers
[SIGNAL] 2026-08-06T16:09:59+00:00 KATTRY BUY fill_at=2026-08-06T16:14:59+00:00 features={"close": 0.2148, "bb_lower": 0.21483550851169456, "bb_upper": 0.21701211053592454, "rsi": 36.05249799491869, "mfi": 29.7144391522923, "atr": 0.0004999999999999985}
[ENTRY] 2026-08-06T16:14:59+00:00 KATTRY layer=1 value=324.58 entry=0.21496110 cash=2925.57
[SIGNAL] 2026-08-06T16:09:59+00:00 OPENTRY BUY fill_at=2026-08-06T16:14:59+00:00 features={"close": 9.826, "bb_lower": 9.831881858481383, "bb_upper": 10.383070522471, "rsi": 28.89344677771959, "mfi": 35.01547687413412, "atr": 0.07521428571428578}
[BLOCKED] OPENTRY reason=max_layers
[SCAN] 2026-08-06T16:14:59+00:00 symbols=20 signals=3 entries=1 exits=0 blocked=2 open=9 cash=2925.57 equity=9820.50
[SIGNAL] 2026-08-06T16:14:59+00:00 KATTRY BUY fill_at=2026-08-06T16:19:59+00:00 features={"close": 0.2144, "bb_lower": 0.2146043495266166, "bb_upper": 0.21702422190195486, "rsi": 32.61273977372187, "mfi": 17.811247074865605, "atr": 0.00047857142857142543}
[ENTRY] 2026-08-06T16:19:59+00:00 KATTRY layer=2 value=292.12 entry=0.21456080 cash=2633.02
[SIGNAL] 2026-08-06T16:14:59+00:00 LDOTRY BUY fill_at=2026-08-06T16:19:59+00:00 features={"close": 14.0, "bb_lower": 14.020405692058686, "bb_upper": 14.123403831750844, "rsi": 37.50118753359827, "mfi": 49.82220360676487, "atr": 0.03785714285714269}
[ENTRY] 2026-08-06T16:19:59+00:00 LDOTRY layer=1 value=262.91 entry=14.02050750 cash=2369.71
[SCAN] 2026-08-06T16:19:59+00:00 symbols=20 signals=2 entries=2 exits=0 blocked=1 open=10 cash=2369.71 equity=9808.10
[SCAN] 2026-08-06T16:24:59+00:00 symbols=20 signals=0 entries=0 exits=0 blocked=0 open=10 cash=2369.71 equity=9811.99
[SIGNAL] 2026-08-06T16:24:59+00:00 LDOTRY BUY fill_at=2026-08-06T16:29:59+00:00 features={"close": 13.95, "bb_lower": 13.993030926552084, "bb_upper": 14.140302406781249, "rsi": 34.08072447222408, "mfi": 42.289403037177564, "atr": 0.044999999999999804}
[ENTRY] 2026-08-06T16:29:59+00:00 LDOTRY layer=2 value=236.62 entry=13.92043250 cash=2132.74
[SCAN] 2026-08-06T16:29:59+00:00 symbols=20 signals=1 entries=1 exits=0 blocked=0 open=10 cash=2132.74 equity=9800.22
[SIGNAL] 2026-08-06T16:29:59+00:00 LDOTRY BUY fill_at=2026-08-06T16:34:59+00:00 features={"close": 13.92, "bb_lower": 13.96339082169207, "bb_upper": 14.156609178307928, "rsi": 31.33641420380144, "mfi": 41.93232515723974, "atr": 0.045714285714285374}
[BLOCKED] LDOTRY reason=max_layers
[SCAN] 2026-08-06T16:34:59+00:00 symbols=20 signals=1 entries=0 exits=0 blocked=1 open=10 cash=2132.74 equity=9826.03
[SCAN] 2026-08-06T16:39:59+00:00 symbols=20 signals=0 entries=0 exits=0 blocked=0 open=10 cash=2132.74 equity=9833.39
[SCAN] 2026-08-06T16:44:59+00:00 symbols=20 signals=0 entries=0 exits=0 blocked=0 open=10 cash=2132.74 equity=9822.20
[SCAN] 2026-08-06T16:49:59+00:00 symbols=20 signals=0 entries=0 exits=0 blocked=0 open=10 cash=2132.74 equity=9814.73
[SIGNAL] 2026-08-06T16:49:59+00:00 LDOTRY BUY fill_at=2026-08-06T16:54:59+00:00 features={"close": 13.89, "bb_lower": 13.894482326402256, "bb_upper": 14.166470054550123, "rsi": 30.730477730150795, "mfi": 50.90760492482735, "atr": 0.046428571428570944}
[BLOCKED] LDOTRY reason=max_layers
[SCAN] 2026-08-06T16:54:59+00:00 symbols=20 signals=1 entries=0 exits=0 blocked=1 open=10 cash=2132.74 equity=9827.52
[EXIT] 2026-08-06T16:59:59+00:00 HOMETRY reason=fixed_take_profit pnl=+18.17 cash=3090.45
[SCAN] 2026-08-06T16:59:59+00:00 symbols=20 signals=0 entries=0 exits=1 blocked=0 open=9 cash=3090.45 equity=9847.47
[SCAN] 2026-08-06T17:04:59+00:00 symbols=20 signals=0 entries=0 exits=3 blocked=0 open=6 cash=4994.46 equity=9855.88
[SCAN] 2026-08-06T17:09:59+00:00 symbols=20 signals=0 entries=0 exits=0 blocked=0 open=6 cash=4994.46 equity=9839.77
[SCAN] 2026-08-06T17:14:59+00:00 symbols=20 signals=0 entries=0 exits=0 blocked=0 open=6 cash=4994.46 equity=9844.45
[SCAN] 2026-08-06T17:19:59+00:00 symbols=20 signals=0 entries=0 exits=0 blocked=0 open=6 cash=4994.46 equity=9847.85
[SCAN] 2026-08-06T17:24:59+00:00 symbols=20 signals=0 entries=0 exits=0 blocked=0 open=6 cash=4994.46 equity=9844.66
[SCAN] 2026-08-06T17:29:59+00:00 symbols=20 signals=0 entries=0 exits=0 blocked=0 open=6 cash=4994.46 equity=9827.47
[SCAN] 2026-08-06T17:34:59+00:00 symbols=20 signals=0 entries=0 exits=0 blocked=0 open=6 cash=4994.46 equity=9845.24
[SCAN] 2026-08-06T17:39:59+00:00 symbols=20 signals=0 entries=0 exits=0 blocked=0 open=6 cash=4994.46 equity=9832.32
[SIGNAL] 2026-08-06T17:39:59+00:00 LDOTRY BUY fill_at=2026-08-06T17:44:59+00:00 features={"close": 13.65, "bb_lower": 13.726526359140896, "bb_upper": 14.125854593240055, "rsi": 17.892374796582246, "mfi": 33.150038549555404, "atr": 0.04428571428571423}
[BLOCKED] LDOTRY reason=max_layers
[SCAN] 2026-08-06T17:44:59+00:00 symbols=20 signals=1 entries=0 exits=0 blocked=1 open=6 cash=4994.46 equity=9824.74
[SIGNAL] 2026-08-06T17:44:59+00:00 LDOTRY BUY fill_at=2026-08-06T17:49:59+00:00 features={"close": 13.66, "bb_lower": 13.691106934042413, "bb_upper": 14.119369256433778, "rsi": 19.802395336021377, "mfi": 24.90071030699417, "atr": 0.04857142857142855}
[BLOCKED] LDOTRY reason=max_layers
[SCAN] 2026-08-06T17:49:59+00:00 symbols=20 signals=1 entries=0 exits=0 blocked=1 open=6 cash=4994.46 equity=9821.32
[SIGNAL] 2026-08-06T17:49:59+00:00 LDOTRY BUY fill_at=2026-08-06T17:54:59+00:00 features={"close": 13.66, "bb_lower": 13.663112757073039, "bb_upper": 14.106411052450776, "rsi": 19.802395363713032, "mfi": 27.87007737300999, "atr": 0.04714285714285703}
[BLOCKED] LDOTRY reason=max_layers
[SCAN] 2026-08-06T17:54:59+00:00 symbols=20 signals=1 entries=0 exits=0 blocked=1 open=6 cash=4994.46 equity=9832.27
[SCAN] 2026-08-06T17:59:59+00:00 symbols=20 signals=0 entries=0 exits=0 blocked=0 open=6 cash=4994.46 equity=9833.31
[SCAN] 2026-08-06T18:04:59+00:00 symbols=20 signals=0 entries=0 exits=0 blocked=0 open=6 cash=4994.46 equity=9822.09
[SCAN] 2026-08-06T18:09:59+00:00 symbols=20 signals=0 entries=0 exits=0 blocked=0 open=6 cash=4994.46 equity=9803.45
[SCAN] 2026-08-06T18:14:59+00:00 symbols=20 signals=0 entries=0 exits=0 blocked=1 open=6 cash=4994.46 equity=9818.97
[SIGNAL] 2026-08-06T18:14:59+00:00 BANKTRY BUY fill_at=2026-08-06T18:19:59+00:00 features={"close": 1.995, "bb_lower": 1.9983410237608394, "bb_upper": 2.041087547667731, "rsi": 33.21480751580097, "mfi": 29.116537084390103, "atr": 0.011571428571428581}
[ENTRY] 2026-08-06T18:19:59+00:00 BANKTRY layer=1 value=498.70 entry=1.99649625 cash=4495.01
[SCAN] 2026-08-06T18:19:59+00:00 symbols=20 signals=1 entries=1 exits=0 blocked=1 open=7 cash=4495.01 equity=9812.29
[SIGNAL] 2026-08-06T18:19:59+00:00 BANKTRY BUY fill_at=2026-08-06T18:24:59+00:00 features={"close": 1.995, "bb_lower": 1.9956058883259116, "bb_upper": 2.0424893497693257, "rsi": 33.214807516673844, "mfi": 28.72780777345986, "atr": 0.011714285714285741}
[ENTRY] 2026-08-06T18:24:59+00:00 BANKTRY layer=2 value=448.83 entry=1.99549550 cash=4045.51
[SCAN] 2026-08-06T18:24:59+00:00 symbols=20 signals=1 entries=1 exits=0 blocked=1 open=7 cash=4045.51 equity=9807.21
[SIGNAL] 2026-08-06T18:24:59+00:00 VANRYTRY BUY fill_at=2026-08-06T18:29:59+00:00 features={"close": 0.159, "bb_lower": 0.1595192701622616, "bb_upper": 0.16155692031392885, "rsi": 35.81722635198851, "mfi": 24.415004368446915, "atr": 0.0006071428571428597}
[BLOCKED] VANRYTRY reason=max_layers
[SCAN] 2026-08-06T18:29:59+00:00 symbols=20 signals=1 entries=0 exits=0 blocked=2 open=7 cash=4045.51 equity=9809.39
[SIGNAL] 2026-08-06T18:29:59+00:00 VANRYTRY BUY fill_at=2026-08-06T18:34:59+00:00 features={"close": 0.1593, "bb_lower": 0.15932973248748847, "bb_upper": 0.16159407703632103, "rsi": 38.96399789046817, "mfi": 17.905583546775176, "atr": 0.0006000000000000033}
[BLOCKED] VANRYTRY reason=max_layers
[SCAN] 2026-08-06T18:34:59+00:00 symbols=20 signals=1 entries=0 exits=0 blocked=4 open=7 cash=4045.51 equity=9812.59
[SIGNAL] 2026-08-06T18:34:59+00:00 VANRYTRY BUY fill_at=2026-08-06T18:39:59+00:00 features={"close": 0.159, "bb_lower": 0.15910275989895778, "bb_upper": 0.16163057343437554, "rsi": 36.99884218141534, "mfi": 19.780131088906742, "atr": 0.000614285714285716}
[BLOCKED] VANRYTRY reason=max_layers
[SIGNAL] 2026-08-06T18:34:59+00:00 EIGENTRY BUY fill_at=2026-08-06T18:39:59+00:00 features={"close": 8.497, "bb_lower": 8.499728264878755, "bb_upper": 8.57303363988315, "rsi": 38.506467273340355, "mfi": 25.336886867113066, "atr": 0.01714285714285741}
[BLOCKED] EIGENTRY reason=max_layers
[SCAN] 2026-08-06T18:39:59+00:00 symbols=20 signals=2 entries=0 exits=0 blocked=4 open=7 cash=4045.51 equity=9822.45
[SIGNAL] 2026-08-06T18:39:59+00:00 EIGENTRY BUY fill_at=2026-08-06T18:44:59+00:00 features={"close": 8.488, "bb_lower": 8.492427900743303, "bb_upper": 8.573572099256696, "rsi": 36.391876948893035, "mfi": 24.59226361769896, "atr": 0.017642857142857515}
[BLOCKED] EIGENTRY reason=max_layers
[SCAN] 2026-08-06T18:44:59+00:00 symbols=20 signals=1 entries=0 exits=0 blocked=2 open=7 cash=4045.51 equity=9832.34
[EXIT] 2026-08-06T18:49:59+00:00 BANKTRY reason=fixed_take_profit pnl=+18.35 cash=5012.81
[SCAN] 2026-08-06T18:49:59+00:00 symbols=20 signals=0 entries=0 exits=1 blocked=1 open=6 cash=5012.81 equity=9845.92
[SCAN] 2026-08-06T18:54:59+00:00 symbols=20 signals=0 entries=0 exits=0 blocked=0 open=6 cash=5012.81 equity=9814.56
[SIGNAL] 2026-08-06T18:54:59+00:00 ENATRY BUY fill_at=2026-08-06T18:59:59+00:00 features={"close": 4.346, "bb_lower": 4.3471905152866, "bb_upper": 4.405190437094351, "rsi": 34.140369151910235, "mfi": 28.60444478573531, "atr": 0.012214285714285669}
[ENTRY] 2026-08-06T18:59:59+00:00 ENATRY layer=1 value=500.53 entry=4.34925950 cash=4511.53
[SIGNAL] 2026-08-06T18:54:59+00:00 EIGENTRY BUY fill_at=2026-08-06T18:59:59+00:00 features={"close": 8.457, "bb_lower": 8.473159172970226, "bb_upper": 8.569317017505965, "rsi": 30.331971548526127, "mfi": 22.073118912124286, "atr": 0.016857142857143157}
[BLOCKED] EIGENTRY reason=max_layers
[SCAN] 2026-08-06T18:59:59+00:00 symbols=20 signals=2 entries=1 exits=0 blocked=2 open=7 cash=4511.53 equity=9839.10
[SIGNAL] 2026-08-06T18:59:59+00:00 ZROTRY BUY fill_at=2026-08-06T19:04:59+00:00 features={"close": 38.8, "bb_lower": 38.82993546138697, "bb_upper": 39.36054072908922, "rsi": 33.67414886914216, "mfi": 39.26184332930602, "atr": 0.07142857142857142}
[ENTRY] 2026-08-06T19:04:59+00:00 ZROTRY layer=1 value=450.48 entry=38.92917500 cash=4060.38
[SIGNAL] 2026-08-06T18:59:59+00:00 TOWNSTRY BUY fill_at=2026-08-06T19:04:59+00:00 features={"close": 0.107, "bb_lower": 0.10711338033997145, "bb_upper": 0.11021995299336193, "rsi": 31.1897031041957, "mfi": 7.136524640446268, "atr": 0.00028571428571428595}
[ENTRY] 2026-08-06T19:04:59+00:00 TOWNSTRY layer=1 value=405.43 entry=0.10808100 cash=3654.34
[SCAN] 2026-08-06T19:04:59+00:00 symbols=20 signals=2 entries=2 exits=0 blocked=0 open=9 cash=3654.34 equity=9827.60
[SIGNAL] 2026-08-06T19:04:59+00:00 EIGENTRY BUY fill_at=2026-08-06T19:09:59+00:00 features={"close": 8.457, "bb_lower": 8.45992651274971, "bb_upper": 8.567597296774096, "rsi": 34.62606206910732, "mfi": 31.925006902612964, "atr": 0.019928571428571677}
[BLOCKED] EIGENTRY reason=max_layers
[SCAN] 2026-08-06T19:09:59+00:00 symbols=20 signals=1 entries=0 exits=0 blocked=1 open=9 cash=3654.34 equity=9829.99
[EXIT] 2026-08-06T19:14:59+00:00 KATTRY reason=bb_mfi_v3_signal_exit pnl=+2.64 cash=4274.60
[SCAN] 2026-08-06T19:14:59+00:00 symbols=20 signals=0 entries=0 exits=1 blocked=0 open=8 cash=4274.60 equity=9832.08
[SIGNAL] 2026-08-06T19:14:59+00:00 EIGENTRY BUY fill_at=2026-08-06T19:19:59+00:00 features={"close": 8.436, "bb_lower": 8.440259450082683, "bb_upper": 8.569359597536364, "rsi": 30.68714920151031, "mfi": 28.482297668808755, "atr": 0.01921428571428585}
[BLOCKED] EIGENTRY reason=max_layers
[SCAN] 2026-08-06T19:19:59+00:00 symbols=20 signals=1 entries=0 exits=0 blocked=1 open=8 cash=4274.60 equity=9828.26
[SIGNAL] 2026-08-06T19:19:59+00:00 ADATRY BUY fill_at=2026-08-06T19:24:59+00:00 features={"close": 9.64, "bb_lower": 9.64303977201662, "bb_upper": 9.84648403750719, "rsi": 33.923372122430834, "mfi": 50.83087751295203, "atr": 0.04714285714285703}
[ENTRY] 2026-08-06T19:24:59+00:00 ADATRY layer=1 value=426.82 entry=9.64723000 cash=3847.14
[SIGNAL] 2026-08-06T19:19:59+00:00 EIGENTRY BUY fill_at=2026-08-06T19:24:59+00:00 features={"close": 8.429, "bb_lower": 8.430395901100328, "bb_upper": 8.567508860804436, "rsi": 29.463390664243974, "mfi": 16.811184742103933, "atr": 0.01935714285714304}
[BLOCKED] EIGENTRY reason=max_layers
[SCAN] 2026-08-06T19:24:59+00:00 symbols=20 signals=2 entries=1 exits=0 blocked=2 open=9 cash=3847.14 equity=9827.31
[SCAN] 2026-08-06T19:29:59+00:00 symbols=20 signals=0 entries=0 exits=0 blocked=0 open=9 cash=3847.14 equity=9823.05
[SCAN] 2026-08-06T19:34:59+00:00 symbols=20 signals=0 entries=0 exits=0 blocked=1 open=9 cash=3847.14 equity=9822.66
[SCAN] 2026-08-06T19:39:59+00:00 symbols=20 signals=0 entries=0 exits=0 blocked=2 open=9 cash=3847.14 equity=9834.15
[SCAN] 2026-08-06T19:44:59+00:00 symbols=20 signals=0 entries=0 exits=0 blocked=0 open=9 cash=3847.14 equity=9819.75
[SCAN] 2026-08-06T19:49:59+00:00 symbols=20 signals=0 entries=0 exits=0 blocked=0 open=9 cash=3847.14 equity=9818.22
[SCAN] 2026-08-06T19:54:59+00:00 symbols=20 signals=0 entries=0 exits=0 blocked=0 open=9 cash=3847.14 equity=9831.89
[SCAN] 2026-08-06T19:59:59+00:00 symbols=20 signals=0 entries=0 exits=0 blocked=0 open=9 cash=3847.14 equity=9831.39
[SCAN] 2026-08-06T20:04:59+00:00 symbols=20 signals=0 entries=0 exits=1 blocked=0 open=8 cash=4350.77 equity=9828.41
[SCAN] 2026-08-06T20:09:59+00:00 symbols=20 signals=0 entries=0 exits=0 blocked=0 open=8 cash=4350.77 equity=9814.00
[SIGNAL] 2026-08-06T20:09:59+00:00 VICTRY BUY fill_at=2026-08-06T20:14:59+00:00 features={"close": 1.52, "bb_lower": 1.5257800062553892, "bb_upper": 1.636124755649372, "rsi": 24.515871063163942, "mfi": 15.207472000402447, "atr": 0.017857142857142873}
[ENTRY] 2026-08-06T20:14:59+00:00 VICTRY layer=1 value=434.42 entry=1.52114000 cash=3915.69
[SCAN] 2026-08-06T20:14:59+00:00 symbols=20 signals=1 entries=1 exits=0 blocked=0 open=9 cash=3915.69 equity=9811.91
[SIGNAL] 2026-08-06T20:14:59+00:00 VICTRY BUY fill_at=2026-08-06T20:19:59+00:00 features={"close": 1.51, "bb_lower": 1.5144591136308405, "bb_upper": 1.6398266006548734, "rsi": 22.6381847082031, "mfi": 12.288549452866164, "atr": 0.019285714285714302}
[ENTRY] 2026-08-06T20:19:59+00:00 VICTRY layer=2 value=390.98 entry=1.52114000 cash=3524.12
[SCAN] 2026-08-06T20:19:59+00:00 symbols=20 signals=1 entries=1 exits=0 blocked=0 open=9 cash=3524.12 equity=9827.78
[SCAN] 2026-08-06T20:24:59+00:00 symbols=20 signals=0 entries=0 exits=0 blocked=0 open=9 cash=3524.12 equity=9839.04
[SIGNAL] 2026-08-06T20:24:59+00:00 HOMETRY BUY fill_at=2026-08-06T20:29:59+00:00 features={"close": 0.45, "bb_lower": 0.4507894181020165, "bb_upper": 0.460734391421793, "rsi": 35.69829976364326, "mfi": 43.765285790621846, "atr": 0.0032857142857142885}
[ENTRY] 2026-08-06T20:29:59+00:00 HOMETRY layer=1 value=351.88 entry=0.45033750 cash=3171.71
[SCAN] 2026-08-06T20:29:59+00:00 symbols=20 signals=1 entries=1 exits=0 blocked=2 open=10 cash=3171.71 equity=9823.56
[SCAN] 2026-08-06T20:34:59+00:00 symbols=20 signals=0 entries=0 exits=0 blocked=2 open=10 cash=3171.71 equity=9822.30
[SIGNAL] 2026-08-06T20:34:59+00:00 HOMETRY BUY fill_at=2026-08-06T20:39:59+00:00 features={"close": 0.448, "bb_lower": 0.4491238411644601, "bb_upper": 0.46059044454982573, "rsi": 33.80909713189298, "mfi": 33.07109949355416, "atr": 0.0032142857142857173}
[ENTRY] 2026-08-06T20:39:59+00:00 HOMETRY layer=2 value=316.70 entry=0.44733525 cash=2854.54
[SCAN] 2026-08-06T20:39:59+00:00 symbols=20 signals=1 entries=1 exits=0 blocked=2 open=10 cash=2854.54 equity=9815.53
[EXIT] 2026-08-06T20:44:59+00:00 FIDATRY reason=bb_mfi_v3_signal_exit pnl=-28.68 cash=3763.19
[SIGNAL] 2026-08-06T20:39:59+00:00 HOMETRY BUY fill_at=2026-08-06T20:44:59+00:00 features={"close": 0.445, "bb_lower": 0.44748708372965484, "bb_upper": 0.4607986305560595, "rsi": 29.956329730746134, "mfi": 25.045907175672298, "atr": 0.0034285714285714314}
[BLOCKED] HOMETRY reason=max_layers
[SCAN] 2026-08-06T20:44:59+00:00 symbols=20 signals=1 entries=0 exits=1 blocked=3 open=9 cash=3763.19 equity=9847.96
[SIGNAL] 2026-08-06T20:44:59+00:00 HOMETRY BUY fill_at=2026-08-06T20:49:59+00:00 features={"close": 0.446, "bb_lower": 0.4462555960018141, "bb_upper": 0.46126821352199543, "rsi": 32.72477070697529, "mfi": 28.071330533930393, "atr": 0.00335714285714286}
[BLOCKED] HOMETRY reason=max_layers
[SCAN] 2026-08-06T20:49:59+00:00 symbols=20 signals=1 entries=0 exits=0 blocked=1 open=9 cash=3763.19 equity=9840.39
[SIGNAL] 2026-08-06T20:49:59+00:00 HOMETRY BUY fill_at=2026-08-06T20:54:59+00:00 features={"close": 0.442, "bb_lower": 0.4441500406597235, "bb_upper": 0.46213567362599073, "rsi": 27.939494366242556, "mfi": 24.561886654521317, "atr": 0.003571428571428575}
[BLOCKED] HOMETRY reason=max_layers
[SCAN] 2026-08-06T20:54:59+00:00 symbols=20 signals=1 entries=0 exits=0 blocked=1 open=9 cash=3763.19 equity=9836.61
[SIGNAL] 2026-08-06T20:54:59+00:00 ONDOTRY BUY fill_at=2026-08-06T20:59:59+00:00 features={"close": 17.19, "bb_lower": 17.28866325099131, "bb_upper": 17.60467008234202, "rsi": 19.669912324007228, "mfi": 25.09177411878879, "atr": 0.050714285714285524}
[ENTRY] 2026-08-06T20:59:59+00:00 ONDOTRY layer=1 value=375.76 entry=17.23291500 cash=3386.87
[SCAN] 2026-08-06T20:59:59+00:00 symbols=20 signals=1 entries=1 exits=0 blocked=0 open=10 cash=3386.87 equity=9881.89
[SIGNAL] 2026-08-06T20:59:59+00:00 OPENTRY BUY fill_at=2026-08-06T21:04:59+00:00 features={"close": 9.903, "bb_lower": 9.90620455990123, "bb_upper": 10.098271630574963, "rsi": 30.119286774575045, "mfi": 31.916175877791915, "atr": 0.025500000000000585}
[ENTRY] 2026-08-06T21:04:59+00:00 OPENTRY layer=1 value=338.18 entry=9.90642425 cash=3048.18
[SIGNAL] 2026-08-06T20:59:59+00:00 ONDOTRY BUY fill_at=2026-08-06T21:04:59+00:00 features={"close": 17.16, "bb_lower": 17.235210466411747, "bb_upper": 17.62098000977873, "rsi": 18.339082182000624, "mfi": 22.775892711560346, "atr": 0.05357142857142857}
[ENTRY] 2026-08-06T21:04:59+00:00 ONDOTRY layer=2 value=304.36 entry=17.16286250 cash=2743.37
[EXIT] 2026-08-06T21:04:59+00:00 VICTRY reason=fixed_take_profit pnl=+15.99 cash=3586.00
[SCAN] 2026-08-06T21:04:59+00:00 symbols=20 signals=2 entries=2 exits=1 blocked=0 open=10 cash=3586.00 equity=9877.36
[SIGNAL] 2026-08-06T21:04:59+00:00 OPENTRY BUY fill_at=2026-08-06T21:09:59+00:00 features={"close": 9.882, "bb_lower": 9.887397939644194, "bb_upper": 10.104697298451045, "rsi": 27.359623033309205, "mfi": 29.237395478799073, "atr": 0.02564285714285765}
[ENTRY] 2026-08-06T21:09:59+00:00 OPENTRY layer=2 value=358.06 entry=9.88640925 cash=3227.40
[SIGNAL] 2026-08-06T21:04:59+00:00 ONDOTRY BUY fill_at=2026-08-06T21:09:59+00:00 features={"close": 17.19, "bb_lower": 17.201199259683385, "bb_upper": 17.620705502221377, "rsi": 23.915777497722075, "mfi": 29.63325608321358, "atr": 0.054285714285714395}
[BLOCKED] ONDOTRY reason=max_layers
[SCAN] 2026-08-06T21:09:59+00:00 symbols=20 signals=2 entries=1 exits=0 blocked=1 open=10 cash=3227.40 equity=9862.34
[SIGNAL] 2026-08-06T21:09:59+00:00 ONDOTRY BUY fill_at=2026-08-06T21:14:59+00:00 features={"close": 17.15, "bb_lower": 17.16423590901539, "bb_upper": 17.619573614794135, "rsi": 21.768482742938346, "mfi": 26.144181921392004, "atr": 0.05642857142857162}
[BLOCKED] ONDOTRY reason=max_layers
[SCAN] 2026-08-06T21:14:59+00:00 symbols=20 signals=1 entries=0 exits=0 blocked=1 open=10 cash=3227.40 equity=9871.40
[SCAN] 2026-08-06T21:19:59+00:00 symbols=20 signals=0 entries=0 exits=0 blocked=0 open=10 cash=3227.40 equity=9857.63
[SCAN] 2026-08-06T21:24:59+00:00 symbols=20 signals=0 entries=0 exits=0 blocked=0 open=10 cash=3227.40 equity=9878.15
[SCAN] 2026-08-06T21:29:59+00:00 symbols=20 signals=0 entries=0 exits=0 blocked=0 open=10 cash=3227.40 equity=9891.15
[SCAN] 2026-08-06T21:34:59+00:00 symbols=20 signals=0 entries=0 exits=0 blocked=0 open=10 cash=3227.40 equity=9891.39
[EXIT] 2026-08-06T21:39:59+00:00 EIGENTRY reason=bb_mfi_v3_signal_exit pnl=-10.19 cash=3996.66
[SCAN] 2026-08-06T21:39:59+00:00 symbols=20 signals=0 entries=0 exits=1 blocked=0 open=9 cash=3996.66 equity=9892.24
[SIGNAL] 2026-08-06T21:39:59+00:00 TSTTRY BUY fill_at=2026-08-06T21:44:59+00:00 features={"close": 0.54, "bb_lower": 0.5401276433508632, "bb_upper": 0.5496818804586608, "rsi": 44.90445794781274, "mfi": 35.61591927386553, "atr": 0.004214285714285718}
[ENTRY] 2026-08-06T21:44:59+00:00 TSTTRY layer=1 value=399.07 entry=0.53940425 cash=3597.00
[SCAN] 2026-08-06T21:44:59+00:00 symbols=20 signals=1 entries=1 exits=0 blocked=0 open=10 cash=3597.00 equity=9904.01
[SIGNAL] 2026-08-06T21:44:59+00:00 TSTTRY BUY fill_at=2026-08-06T21:49:59+00:00 features={"close": 0.538, "bb_lower": 0.5390137375354049, "bb_upper": 0.5502243577026904, "rsi": 41.304166981009544, "mfi": 34.93220663176828, "atr": 0.0034285714285714314}
[ENTRY] 2026-08-06T21:49:59+00:00 TSTTRY layer=2 value=359.16 entry=0.53840350 cash=3237.30
[SCAN] 2026-08-06T21:49:59+00:00 symbols=20 signals=1 entries=1 exits=0 blocked=0 open=10 cash=3237.30 equity=9910.39
[EXIT] 2026-08-06T21:54:59+00:00 ZROTRY reason=bb_mfi_v3_signal_exit pnl=+4.90 cash=3693.35
[SIGNAL] 2026-08-06T21:49:59+00:00 TSTTRY BUY fill_at=2026-08-06T21:54:59+00:00 features={"close": 0.538, "bb_lower": 0.5380591736792381, "bb_upper": 0.5506074929874291, "rsi": 41.30416694771862, "mfi": 36.58678782736491, "atr": 0.0031428571428571456}
[BLOCKED] TSTTRY reason=max_layers
[SCAN] 2026-08-06T21:54:59+00:00 symbols=20 signals=1 entries=0 exits=1 blocked=1 open=9 cash=3693.35 equity=9907.34
[SCAN] 2026-08-06T21:59:59+00:00 symbols=20 signals=0 entries=0 exits=0 blocked=0 open=9 cash=3693.35 equity=9885.06
[SCAN] 2026-08-06T22:04:59+00:00 symbols=20 signals=0 entries=0 exits=2 blocked=0 open=7 cash=4822.33 equity=9876.74
[SIGNAL] 2026-08-06T22:04:59+00:00 TSTTRY BUY fill_at=2026-08-06T22:09:59+00:00 features={"close": 0.534, "bb_lower": 0.5358242350737495, "bb_upper": 0.5512233839738697, "rsi": 37.1894678764073, "mfi": 28.766982284151027, "atr": 0.003571428571428575}
[BLOCKED] TSTTRY reason=max_layers
[SCAN] 2026-08-06T22:09:59+00:00 symbols=20 signals=1 entries=0 exits=0 blocked=1 open=7 cash=4822.33 equity=9893.11
[SCAN] 2026-08-06T22:14:59+00:00 symbols=20 signals=0 entries=0 exits=0 blocked=0 open=7 cash=4822.33 equity=9897.05
[SCAN] 2026-08-06T22:19:59+00:00 symbols=20 signals=0 entries=0 exits=0 blocked=0 open=7 cash=4822.33 equity=9875.28
[SIGNAL] 2026-08-06T22:19:59+00:00 NOMTRY BUY fill_at=2026-08-06T22:24:59+00:00 features={"close": 0.078, "bb_lower": 0.07834963542800591, "bb_upper": 0.08069798361961314, "rsi": 36.80824502520775, "mfi": 10.517148317854165, "atr": 0.0007142857142857149}
[BLOCKED] NOMTRY reason=max_layers
[SCAN] 2026-08-06T22:24:59+00:00 symbols=20 signals=1 entries=0 exits=0 blocked=1 open=7 cash=4822.33 equity=9885.68
[SCAN] 2026-08-06T22:29:59+00:00 symbols=20 signals=0 entries=0 exits=0 blocked=1 open=7 cash=4822.33 equity=9867.69
[SIGNAL] 2026-08-06T22:29:59+00:00 NOMTRY BUY fill_at=2026-08-06T22:34:59+00:00 features={"close": 0.078, "bb_lower": 0.07810891367042372, "bb_upper": 0.08074822918671914, "rsi": 40.28557186578693, "mfi": 8.76183297413047, "atr": 0.0007142857142857149}
[BLOCKED] NOMTRY reason=max_layers
[SCAN] 2026-08-06T22:34:59+00:00 symbols=20 signals=1 entries=0 exits=0 blocked=2 open=7 cash=4822.33 equity=9862.20
[SCAN] 2026-08-06T22:39:59+00:00 symbols=20 signals=0 entries=0 exits=0 blocked=0 open=7 cash=4822.33 equity=9858.43
[SCAN] 2026-08-06T22:44:59+00:00 symbols=20 signals=0 entries=0 exits=0 blocked=0 open=7 cash=4822.33 equity=9847.38
[SIGNAL] 2026-08-06T22:44:59+00:00 ONDOTRY BUY fill_at=2026-08-06T22:49:59+00:00 features={"close": 17.06, "bb_lower": 17.090187593915314, "bb_upper": 17.313621929894214, "rsi": 25.35206961636476, "mfi": 0.9792533669503314, "atr": 0.034999999999999885}
[BLOCKED] ONDOTRY reason=max_layers
[SCAN] 2026-08-06T22:49:59+00:00 symbols=20 signals=1 entries=0 exits=0 blocked=1 open=7 cash=4822.33 equity=9854.70
[SIGNAL] 2026-08-06T22:49:59+00:00 ONDOTRY BUY fill_at=2026-08-06T22:54:59+00:00 features={"close": 17.06, "bb_lower": 17.068686515436408, "bb_upper": 17.322742055992162, "rsi": 25.352069651131103, "mfi": 0.9358894530012662, "atr": 0.034285714285714065}
[BLOCKED] ONDOTRY reason=max_layers
[SCAN] 2026-08-06T22:54:59+00:00 symbols=20 signals=1 entries=0 exits=0 blocked=3 open=7 cash=4822.33 equity=9855.13
[SCAN] 2026-08-06T22:59:59+00:00 symbols=20 signals=0 entries=0 exits=0 blocked=2 open=7 cash=4822.33 equity=9856.58
[SIGNAL] 2026-08-06T22:59:59+00:00 ADATRY BUY fill_at=2026-08-06T23:04:59+00:00 features={"close": 9.57, "bb_lower": 9.5830690012548, "bb_upper": 9.788359570173773, "rsi": 31.040910846488273, "mfi": 17.769191356350845, "atr": 0.02857142857142847}
[ENTRY] 2026-08-06T23:04:59+00:00 ADATRY layer=1 value=481.51 entry=9.56717000 cash=4340.09
[SIGNAL] 2026-08-06T22:59:59+00:00 OPENTRY BUY fill_at=2026-08-06T23:04:59+00:00 features={"close": 9.923, "bb_lower": 9.929757640221595, "bb_upper": 10.035575693111735, "rsi": 37.42653851538242, "mfi": 9.57158172038632, "atr": 0.019500000000000104}
[ENTRY] 2026-08-06T23:04:59+00:00 OPENTRY layer=1 value=433.36 entry=9.92944150 cash=3906.09
[SCAN] 2026-08-06T23:04:59+00:00 symbols=20 signals=2 entries=2 exits=0 blocked=0 open=9 cash=3906.09 equity=9846.51
[SIGNAL] 2026-08-06T23:04:59+00:00 ADATRY BUY fill_at=2026-08-06T23:09:59+00:00 features={"close": 9.54, "bb_lower": 9.559606982716751, "bb_upper": 9.799440636330868, "rsi": 27.749459111107925, "mfi": 8.411862113980888, "atr": 0.029999999999999995}
[ENTRY] 2026-08-06T23:09:59+00:00 ADATRY layer=2 value=390.02 entry=9.54715500 cash=3515.48
[SCAN] 2026-08-06T23:09:59+00:00 symbols=20 signals=1 entries=1 exits=0 blocked=0 open=9 cash=3515.48 equity=9832.58
[SCAN] 2026-08-06T23:14:59+00:00 symbols=20 signals=0 entries=0 exits=0 blocked=0 open=9 cash=3515.48 equity=9853.49
[SCAN] 2026-08-06T23:19:59+00:00 symbols=20 signals=0 entries=0 exits=0 blocked=0 open=9 cash=3515.48 equity=9827.63
[SIGNAL] 2026-08-06T23:19:59+00:00 VICTRY BUY fill_at=2026-08-06T23:24:59+00:00 features={"close": 1.45, "bb_lower": 1.4531099013563202, "bb_upper": 1.549747241500822, "rsi": 31.964039492464266, "mfi": 22.99630323147889, "atr": 0.017142857142857158}
[ENTRY] 2026-08-06T23:24:59+00:00 VICTRY layer=1 value=351.02 entry=1.46109500 cash=3163.93
[SIGNAL] 2026-08-06T23:19:59+00:00 VANRYTRY BUY fill_at=2026-08-06T23:24:59+00:00 features={"close": 0.1562, "bb_lower": 0.15676905009405281, "bb_upper": 0.1590595213345187, "rsi": 35.03415057399836, "mfi": 40.35293674650896, "atr": 0.0006214285714285724}
[BLOCKED] VANRYTRY reason=max_layers
[SCAN] 2026-08-06T23:24:59+00:00 symbols=20 signals=2 entries=1 exits=0 blocked=1 open=10 cash=3163.93 equity=9830.84
[SCAN] 2026-08-06T23:29:59+00:00 symbols=20 signals=0 entries=0 exits=0 blocked=0 open=10 cash=3163.93 equity=9827.70
[SIGNAL] 2026-08-06T23:29:59+00:00 VANRYTRY BUY fill_at=2026-08-06T23:34:59+00:00 features={"close": 0.1555, "bb_lower": 0.15615970397022058, "bb_upper": 0.159211724601208, "rsi": 33.357317127871426, "mfi": 36.50487444252195, "atr": 0.0006857142857142875}
[BLOCKED] VANRYTRY reason=max_layers
[SCAN] 2026-08-06T23:34:59+00:00 symbols=20 signals=1 entries=0 exits=0 blocked=1 open=10 cash=3163.93 equity=9822.52
[SIGNAL] 2026-08-06T23:34:59+00:00 VANRYTRY BUY fill_at=2026-08-06T23:39:59+00:00 features={"close": 0.1557, "bb_lower": 0.1558688867516171, "bb_upper": 0.15921682753409716, "rsi": 35.306762060773494, "mfi": 31.95285135125347, "atr": 0.0006857142857142855}
[BLOCKED] VANRYTRY reason=max_layers
[SCAN] 2026-08-06T23:39:59+00:00 symbols=20 signals=1 entries=0 exits=0 blocked=1 open=10 cash=3163.93 equity=9821.05
[SIGNAL] 2026-08-06T23:39:59+00:00 VANRYTRY BUY fill_at=2026-08-06T23:44:59+00:00 features={"close": 0.1555, "bb_lower": 0.15555721611866116, "bb_upper": 0.1592713553099103, "rsi": 34.222262557164754, "mfi": 30.869009477883367, "atr": 0.0006928571428571419}
[BLOCKED] VANRYTRY reason=max_layers
[SIGNAL] 2026-08-06T23:39:59+00:00 ONDOTRY BUY fill_at=2026-08-06T23:44:59+00:00 features={"close": 17.02, "bb_lower": 17.022562310417353, "bb_upper": 17.237437689582645, "rsi": 31.05837429862285, "mfi": 10.229479572929904, "atr": 0.034285714285714315}
[BLOCKED] ONDOTRY reason=max_layers
[SCAN] 2026-08-06T23:44:59+00:00 symbols=20 signals=2 entries=0 exits=0 blocked=3 open=10 cash=3163.93 equity=9813.41
[SIGNAL] 2026-08-06T23:44:59+00:00 VANRYTRY BUY fill_at=2026-08-06T23:49:59+00:00 features={"close": 0.1546, "bb_lower": 0.15507976222529937, "bb_upper": 0.15950119015565298, "rsi": 29.76514531920118, "mfi": 28.65957443824975, "atr": 0.0007285714285714276}
[BLOCKED] VANRYTRY reason=max_layers
[SCAN] 2026-08-06T23:49:59+00:00 symbols=20 signals=1 entries=0 exits=0 blocked=1 open=10 cash=3163.93 equity=9806.89
[SIGNAL] 2026-08-06T23:49:59+00:00 HOMETRY BUY fill_at=2026-08-06T23:54:59+00:00 features={"close": 0.439, "bb_lower": 0.44215284854442305, "bb_upper": 0.45689477050319593, "rsi": 32.60947256451439, "mfi": 38.14889625210071, "atr": 0.0037142857142857177}
[BLOCKED] HOMETRY reason=max_layers
[SCAN] 2026-08-06T23:54:59+00:00 symbols=20 signals=1 entries=0 exits=0 blocked=1 open=10 cash=3163.93 equity=9805.55
[SIGNAL] 2026-08-06T23:54:59+00:00 HOMETRY BUY fill_at=2026-08-06T23:59:59+00:00 features={"close": 0.437, "bb_lower": 0.44036773559390213, "bb_upper": 0.45667988345371674, "rsi": 30.45460520709068, "mfi": 27.029081975767625, "atr": 0.0038571428571428606}
[BLOCKED] HOMETRY reason=max_layers
[SCAN] 2026-08-06T23:59:59+00:00 symbols=20 signals=1 entries=0 exits=0 blocked=1 open=10 cash=3163.93 equity=9817.09
[SCAN] 2026-08-07T00:04:59+00:00 symbols=20 signals=0 entries=0 exits=0 blocked=1 open=10 cash=3163.93 equity=9800.23
[SIGNAL] 2026-08-07T00:04:59+00:00 VICTRY BUY fill_at=2026-08-07T00:09:59+00:00 features={"close": 1.4, "bb_lower": 1.4238496159560272, "bb_upper": 1.5199599078534969, "rsi": 27.038419539049755, "mfi": 24.34357784513584, "atr": 0.019285714285714302}
[ENTRY] 2026-08-07T00:09:59+00:00 VICTRY layer=2 value=315.92 entry=1.40105000 cash=2847.54
[SIGNAL] 2026-08-07T00:04:59+00:00 BANKTRY BUY fill_at=2026-08-07T00:09:59+00:00 features={"close": 2.07, "bb_lower": 2.0701268529454833, "bb_upper": 2.108539813721184, "rsi": 43.19425557204042, "mfi": 28.707531405747787, "atr": 0.016642857142857053}
[ENTRY] 2026-08-07T00:09:59+00:00 BANKTRY layer=1 value=284.33 entry=2.06955100 cash=2562.78
[SCAN] 2026-08-07T00:09:59+00:00 symbols=20 signals=2 entries=2 exits=0 blocked=0 open=11 cash=2562.78 equity=9797.42
[SIGNAL] 2026-08-07T00:09:59+00:00 VICTRY BUY fill_at=2026-08-07T00:14:59+00:00 features={"close": 1.4, "bb_lower": 1.4118883439833894, "bb_upper": 1.5223973703023248, "rsi": 27.038419555935945, "mfi": 21.565292395875233, "atr": 0.020000000000000018}
[BLOCKED] VICTRY reason=max_layers
[SIGNAL] 2026-08-07T00:09:59+00:00 BANKTRY BUY fill_at=2026-08-07T00:14:59+00:00 features={"close": 2.056, "bb_lower": 2.063972303780374, "bb_upper": 2.1105038866958177, "rsi": 37.943984707202695, "mfi": 30.561861610249892, "atr": 0.01671428571428562}
[ENTRY] 2026-08-07T00:14:59+00:00 BANKTRY layer=2 value=255.89 entry=2.05654125 cash=2306.50
[SCAN] 2026-08-07T00:14:59+00:00 symbols=20 signals=2 entries=1 exits=0 blocked=1 open=11 cash=2306.50 equity=9799.67
[SIGNAL] 2026-08-07T00:14:59+00:00 VICTRY BUY fill_at=2026-08-07T00:19:59+00:00 features={"close": 1.39, "bb_lower": 1.3996857791578625, "bb_upper": 1.5241237446516611, "rsi": 25.332819696426853, "mfi": 21.3563236043733, "atr": 0.020714285714285734}
[BLOCKED] VICTRY reason=max_layers
[SCAN] 2026-08-07T00:19:59+00:00 symbols=20 signals=1 entries=0 exits=0 blocked=2 open=11 cash=2306.50 equity=9797.68
[SCAN] 2026-08-07T00:24:59+00:00 symbols=20 signals=0 entries=0 exits=0 blocked=1 open=11 cash=2306.50 equity=9798.57
[SCAN] 2026-08-07T00:29:59+00:00 symbols=20 signals=0 entries=0 exits=0 blocked=1 open=11 cash=2306.50 equity=9794.40
[SIGNAL] 2026-08-07T00:29:59+00:00 RESOLVTRY BUY fill_at=2026-08-07T00:34:59+00:00 features={"close": 0.9521, "bb_lower": 0.9541125746329914, "bb_upper": 0.9762588539384375, "rsi": 37.3981155137598, "mfi": 56.5122060346805, "atr": 0.005285714285714267}
[ENTRY] 2026-08-07T00:34:59+00:00 RESOLVTRY layer=1 value=230.30 entry=0.95521588 cash=2075.85
[SCAN] 2026-08-07T00:34:59+00:00 symbols=20 signals=1 entries=1 exits=0 blocked=1 open=12 cash=2075.85 equity=9834.38
[EXIT] 2026-08-07T00:39:59+00:00 HOMETRY reason=fixed_take_profit pnl=+12.95 cash=2758.39
[SCAN] 2026-08-07T00:39:59+00:00 symbols=20 signals=0 entries=0 exits=1 blocked=0 open=11 cash=2758.39 equity=9799.55
[SCAN] 2026-08-07T00:44:59+00:00 symbols=20 signals=0 entries=0 exits=0 blocked=0 open=11 cash=2758.39 equity=9808.22
[SIGNAL] 2026-08-07T00:44:59+00:00 RESOLVTRY BUY fill_at=2026-08-07T00:49:59+00:00 features={"close": 0.942, "bb_lower": 0.9477099728294426, "bb_upper": 0.9784138366943672, "rsi": 32.703873568003175, "mfi": 28.85995973931253, "atr": 0.005892857142857136}
[ENTRY] 2026-08-07T00:49:59+00:00 RESOLVTRY layer=2 value=275.43 entry=0.94430770 cash=2482.55
[SCAN] 2026-08-07T00:49:59+00:00 symbols=20 signals=1 entries=1 exits=0 blocked=0 open=11 cash=2482.55 equity=9811.07
[SCAN] 2026-08-07T00:54:59+00:00 symbols=20 signals=0 entries=0 exits=0 blocked=1 open=11 cash=2482.55 equity=9819.30
[SCAN] 2026-08-07T00:59:59+00:00 symbols=20 signals=0 entries=0 exits=0 blocked=1 open=11 cash=2482.55 equity=9806.53
[SIGNAL] 2026-08-07T00:59:59+00:00 RESOLVTRY BUY fill_at=2026-08-07T01:04:59+00:00 features={"close": 0.9393, "bb_lower": 0.9411465537201141, "bb_upper": 0.9777582081846475, "rsi": 33.89790458351692, "mfi": 32.23166329350752, "atr": 0.006214285714285712}
[BLOCKED] RESOLVTRY reason=max_layers
[SCAN] 2026-08-07T01:04:59+00:00 symbols=20 signals=1 entries=0 exits=0 blocked=2 open=11 cash=2482.55 equity=9810.51
[SIGNAL] 2026-08-07T01:04:59+00:00 RESOLVTRY BUY fill_at=2026-08-07T01:09:59+00:00 features={"close": 0.9314, "bb_lower": 0.9368639993992264, "bb_upper": 0.9778693339341068, "rsi": 29.777669756010155, "mfi": 26.891749538707927, "atr": 0.006907142857142866}
[BLOCKED] RESOLVTRY reason=max_layers
[SCAN] 2026-08-07T01:09:59+00:00 symbols=20 signals=1 entries=0 exits=0 blocked=1 open=11 cash=2482.55 equity=9821.88
[EXIT] 2026-08-07T01:14:59+00:00 TOWNSTRY reason=bb_mfi_v3_signal_exit pnl=+1.92 cash=2890.51
[SIGNAL] 2026-08-07T01:09:59+00:00 ENATRY BUY fill_at=2026-08-07T01:14:59+00:00 features={"close": 4.389, "bb_lower": 4.389849525840186, "bb_upper": 4.4184361884455265, "rsi": 40.98119569081259, "mfi": 49.02802249353601, "atr": 0.009285714285714277}
[ENTRY] 2026-08-07T01:14:59+00:00 ENATRY layer=1 value=288.62 entry=4.39229175 cash=2601.45
[SCAN] 2026-08-07T01:14:59+00:00 symbols=20 signals=1 entries=1 exits=1 blocked=0 open=11 cash=2601.45 equity=9829.58
[SIGNAL] 2026-08-07T01:14:59+00:00 ENATRY BUY fill_at=2026-08-07T01:19:59+00:00 features={"close": 4.387, "bb_lower": 4.387218846013141, "bb_upper": 4.419162106367811, "rsi": 39.993466471376344, "mfi": 40.2538821004178, "atr": 0.009499999999999937}
[ENTRY] 2026-08-07T01:19:59+00:00 ENATRY layer=2 value=259.76 entry=4.39029025 cash=2341.31
[SCAN] 2026-08-07T01:19:59+00:00 symbols=20 signals=1 entries=1 exits=0 blocked=0 open=11 cash=2341.31 equity=9835.34
[SIGNAL] 2026-08-07T01:19:59+00:00 ENATRY BUY fill_at=2026-08-07T01:24:59+00:00 features={"close": 4.38, "bb_lower": 4.383351353516197, "bb_upper": 4.420077217912372, "rsi": 36.64463126713767, "mfi": 34.7209222931335, "atr": 0.00935714285714281}
[BLOCKED] ENATRY reason=max_layers
[SCAN] 2026-08-07T01:24:59+00:00 symbols=20 signals=1 entries=0 exits=0 blocked=1 open=11 cash=2341.31 equity=9841.25
[SIGNAL] 2026-08-07T01:24:59+00:00 HEITRY BUY fill_at=2026-08-07T01:29:59+00:00 features={"close": 8.97, "bb_lower": 9.000687804182295, "bb_upper": 9.582645529151037, "rsi": 32.77696238559878, "mfi": 38.291664541186755, "atr": 0.1693571428571429}
[ENTRY] 2026-08-07T01:29:59+00:00 HEITRY layer=1 value=233.78 entry=8.97872900 cash=2107.18
[SIGNAL] 2026-08-07T01:24:59+00:00 RESOLVTRY BUY fill_at=2026-08-07T01:29:59+00:00 features={"close": 0.9204, "bb_lower": 0.92355700803991, "bb_upper": 0.9785572776743758, "rsi": 28.076369330669763, "mfi": 14.117709856696436, "atr": 0.007028571428571455}
[BLOCKED] RESOLVTRY reason=max_layers
[SCAN] 2026-08-07T01:29:59+00:00 symbols=20 signals=2 entries=1 exits=0 blocked=1 open=12 cash=2107.18 equity=9833.85
[SCAN] 2026-08-07T01:34:59+00:00 symbols=20 signals=0 entries=0 exits=0 blocked=0 open=12 cash=2107.18 equity=9821.90
[SCAN] 2026-08-07T01:39:59+00:00 symbols=20 signals=0 entries=0 exits=0 blocked=0 open=12 cash=2107.18 equity=9834.47
[SIGNAL] 2026-08-07T01:39:59+00:00 HEITRY BUY fill_at=2026-08-07T01:44:59+00:00 features={"close": 8.746, "bb_lower": 8.817506988484842, "bb_upper": 9.645635868658013, "rsi": 26.65225509533741, "mfi": 30.90819403695366, "atr": 0.16242857142857137}
[ENTRY] 2026-08-07T01:44:59+00:00 HEITRY layer=2 value=210.40 entry=8.74255200 cash=1896.46
[SIGNAL] 2026-08-07T01:39:59+00:00 ADATRY BUY fill_at=2026-08-07T01:44:59+00:00 features={"close": 9.53, "bb_lower": 9.538999178988194, "bb_upper": 9.64671510672609, "rsi": 38.914646511503776, "mfi": 21.79410553903827, "atr": 0.027857142857143025}
[BLOCKED] ADATRY reason=max_layers
[SCAN] 2026-08-07T01:44:59+00:00 symbols=20 signals=2 entries=1 exits=0 blocked=1 open=12 cash=1896.46 equity=9824.67
[SIGNAL] 2026-08-07T01:44:59+00:00 ADATRY BUY fill_at=2026-08-07T01:49:59+00:00 features={"close": 9.53, "bb_lower": 9.530483749531339, "bb_upper": 9.650468631421042, "rsi": 38.91464650440327, "mfi": 21.585908341528054, "atr": 0.025000000000000102}
[BLOCKED] ADATRY reason=max_layers
[SCAN] 2026-08-07T01:49:59+00:00 symbols=20 signals=1 entries=0 exits=0 blocked=1 open=12 cash=1896.46 equity=9865.24
[EXIT] 2026-08-07T01:54:59+00:00 ENATRY reason=bb_mfi_v3_signal_exit pnl=+5.25 cash=2450.91
[SIGNAL] 2026-08-07T01:49:59+00:00 ADATRY BUY fill_at=2026-08-07T01:54:59+00:00 features={"close": 9.52, "bb_lower": 9.522588540664042, "bb_upper": 9.654554316478816, "rsi": 37.41881840974978, "mfi": 24.205769906419775, "atr": 0.025000000000000227}
[BLOCKED] ADATRY reason=max_layers
[SCAN] 2026-08-07T01:54:59+00:00 symbols=20 signals=1 entries=0 exits=1 blocked=1 open=11 cash=2450.91 equity=9852.39
[SIGNAL] 2026-08-07T01:54:59+00:00 ADATRY BUY fill_at=2026-08-07T01:59:59+00:00 features={"close": 9.5, "bb_lower": 9.510482218445214, "bb_upper": 9.660946352983357, "rsi": 34.54202609297582, "mfi": 24.314605732419636, "atr": 0.02571428571428593}
[BLOCKED] ADATRY reason=max_layers
[SCAN] 2026-08-07T01:59:59+00:00 symbols=20 signals=1 entries=0 exits=0 blocked=1 open=11 cash=2450.91 equity=9833.01
[SIGNAL] 2026-08-07T01:59:59+00:00 FIDATRY BUY fill_at=2026-08-07T02:04:59+00:00 features={"close": 0.889, "bb_lower": 0.8935375108337305, "bb_upper": 0.9056053463091265, "rsi": 32.81273750440462, "mfi": 41.507410981927585, "atr": 0.002714285714285717}
[ENTRY] 2026-08-07T02:04:59+00:00 FIDATRY layer=1 value=244.72 entry=0.88666450 cash=2205.82
[SCAN] 2026-08-07T02:04:59+00:00 symbols=20 signals=1 entries=1 exits=0 blocked=0 open=12 cash=2205.82 equity=9827.43
[SIGNAL] 2026-08-07T02:04:59+00:00 FIDATRY BUY fill_at=2026-08-07T02:09:59+00:00 features={"close": 0.889, "bb_lower": 0.8917168642602614, "bb_upper": 0.9066640881206908, "rsi": 32.81273748057342, "mfi": 34.55211044619202, "atr": 0.0030714285714285743}
[ENTRY] 2026-08-07T02:09:59+00:00 FIDATRY layer=2 value=220.25 entry=0.88666450 cash=1985.24
[SCAN] 2026-08-07T02:09:59+00:00 symbols=20 signals=1 entries=1 exits=0 blocked=0 open=12 cash=1985.24 equity=9797.69
[SIGNAL] 2026-08-07T02:09:59+00:00 FIDATRY BUY fill_at=2026-08-07T02:14:59+00:00 features={"close": 0.885, "bb_lower": 0.8890278574058774, "bb_upper": 0.9082102378322181, "rsi": 28.1862035736213, "mfi": 28.827897615403415, "atr": 0.0032142857142857173}
[BLOCKED] FIDATRY reason=max_layers
[SIGNAL] 2026-08-07T02:09:59+00:00 EIGENTRY BUY fill_at=2026-08-07T02:14:59+00:00 features={"close": 8.533, "bb_lower": 8.553100338551673, "bb_upper": 8.638899661448324, "rsi": 31.290638072768104, "mfi": 52.59762014428413, "atr": 0.017857142857142985}
[ENTRY] 2026-08-07T02:14:59+00:00 EIGENTRY layer=1 value=198.23 entry=8.53939975 cash=1786.71
[SCAN] 2026-08-07T02:14:59+00:00 symbols=20 signals=2 entries=1 exits=0 blocked=2 open=13 cash=1786.71 equity=9797.77
[SIGNAL] 2026-08-07T02:14:59+00:00 FIDATRY BUY fill_at=2026-08-07T02:19:59+00:00 features={"close": 0.886, "bb_lower": 0.8871077168286936, "bb_upper": 0.9090827593617825, "rsi": 30.827685918531174, "mfi": 38.83313770402944, "atr": 0.0030714285714285743}
[BLOCKED] FIDATRY reason=max_layers
[SCAN] 2026-08-07T02:19:59+00:00 symbols=20 signals=1 entries=0 exits=0 blocked=2 open=13 cash=1786.71 equity=9801.91
[SIGNAL] 2026-08-07T02:19:59+00:00 HEITRY BUY fill_at=2026-08-07T02:24:59+00:00 features={"close": 8.536, "bb_lower": 8.536158861747623, "bb_upper": 9.41117447158571, "rsi": 30.668100690757598, "mfi": 35.36160051653498, "atr": 0.17685714285714266}
[BLOCKED] HEITRY reason=max_layers
[EXIT] 2026-08-07T02:24:59+00:00 HEITRY reason=fixed_stop_loss pnl=-41.03 cash=2190.53
[SCAN] 2026-08-07T02:24:59+00:00 symbols=20 signals=1 entries=0 exits=1 blocked=2 open=12 cash=2190.53 equity=9719.41
[SIGNAL] 2026-08-07T02:24:59+00:00 HEITRY BUY fill_at=2026-08-07T02:29:59+00:00 features={"close": 8.002, "bb_lower": 8.332636815959214, "bb_upper": 9.490886993564596, "rsi": 21.250457251537455, "mfi": 23.64645807735542, "atr": 0.2079285714285712}
[ENTRY] 2026-08-07T02:29:59+00:00 HEITRY layer=1 value=218.73 entry=7.99399100 cash=1971.48
[SIGNAL] 2026-08-07T02:24:59+00:00 OPENTRY BUY fill_at=2026-08-07T02:29:59+00:00 features={"close": 9.904, "bb_lower": 9.942902480354302, "bb_upper": 10.066145138693315, "rsi": 37.24058054141503, "mfi": 33.53352638157055, "atr": 0.0404285714285711}
[ENTRY] 2026-08-07T02:29:59+00:00 OPENTRY layer=2 value=196.85 entry=9.91443025 cash=1774.33
[SCAN] 2026-08-07T02:29:59+00:00 symbols=20 signals=2 entries=2 exits=0 blocked=1 open=13 cash=1774.33 equity=9718.08
[SIGNAL] 2026-08-07T02:29:59+00:00 HEITRY BUY fill_at=2026-08-07T02:34:59+00:00 features={"close": 8.044, "bb_lower": 8.185146450947311, "bb_upper": 9.52847259667174, "rsi": 23.258422775036152, "mfi": 23.008418905728163, "atr": 0.2071428571428569}
[ENTRY] 2026-08-07T02:34:59+00:00 HEITRY layer=2 value=177.17 entry=8.05303525 cash=1596.90
[SIGNAL] 2026-08-07T02:29:59+00:00 OPENTRY BUY fill_at=2026-08-07T02:34:59+00:00 features={"close": 9.9, "bb_lower": 9.923811327808616, "bb_upper": 10.075902957905667, "rsi": 36.77376422707564, "mfi": 30.07324701923487, "atr": 0.03778571428571403}
[BLOCKED] OPENTRY reason=max_layers
[SCAN] 2026-08-07T02:34:59+00:00 symbols=20 signals=2 entries=1 exits=0 blocked=1 open=13 cash=1596.90 equity=9685.36
[SIGNAL] 2026-08-07T02:34:59+00:00 HEITRY BUY fill_at=2026-08-07T02:39:59+00:00 features={"close": 8.002, "bb_lower": 8.057288433279536, "bb_upper": 9.53842585243475, "rsi": 22.633225897220598, "mfi": 22.263440514476628, "atr": 0.20028571428571398}
[BLOCKED] HEITRY reason=max_layers
[SIGNAL] 2026-08-07T02:34:59+00:00 OPENTRY BUY fill_at=2026-08-07T02:39:59+00:00 features={"close": 9.9, "bb_lower": 9.9076986229661, "bb_upper": 10.08144423417676, "rsi": 36.77376412843188, "mfi": 30.191190202334226, "atr": 0.034571428571428316}
[BLOCKED] OPENTRY reason=max_layers
[SCAN] 2026-08-07T02:39:59+00:00 symbols=20 signals=2 entries=0 exits=0 blocked=3 open=13 cash=1596.90 equity=9695.88
[EXIT] 2026-08-07T02:44:59+00:00 HEITRY reason=fixed_take_profit pnl=+7.67 cash=2001.05
[SCAN] 2026-08-07T02:44:59+00:00 symbols=20 signals=0 entries=0 exits=1 blocked=1 open=12 cash=2001.05 equity=9713.15
[SIGNAL] 2026-08-07T02:44:59+00:00 TSTTRY BUY fill_at=2026-08-07T02:49:59+00:00 features={"close": 0.524, "bb_lower": 0.5243769183165236, "bb_upper": 0.5356230816834763, "rsi": 37.662830393301796, "mfi": 29.666337240150526, "atr": 0.0028571428571428597}
[BLOCKED] TSTTRY reason=max_layers
[SCAN] 2026-08-07T02:49:59+00:00 symbols=20 signals=1 entries=0 exits=0 blocked=1 open=12 cash=2001.05 equity=9725.18
[SCAN] 2026-08-07T02:54:59+00:00 symbols=20 signals=0 entries=0 exits=0 blocked=0 open=12 cash=2001.05 equity=9714.33
[SCAN] 2026-08-07T02:59:59+00:00 symbols=20 signals=0 entries=0 exits=0 blocked=1 open=12 cash=2001.05 equity=9699.34
[SIGNAL] 2026-08-07T02:59:59+00:00 TSTTRY BUY fill_at=2026-08-07T03:04:59+00:00 features={"close": 0.52, "bb_lower": 0.521165819005878, "bb_upper": 0.5365484667084076, "rsi": 33.05159295747616, "mfi": 32.46529591500972, "atr": 0.0028571428571428597}
[BLOCKED] TSTTRY reason=max_layers
[SCAN] 2026-08-07T03:04:59+00:00 symbols=20 signals=1 entries=0 exits=0 blocked=1 open=12 cash=2001.05 equity=9698.09
[SCAN] 2026-08-07T03:09:59+00:00 symbols=20 signals=0 entries=0 exits=0 blocked=0 open=12 cash=2001.05 equity=9730.52
[SCAN] 2026-08-07T03:14:59+00:00 symbols=20 signals=0 entries=0 exits=0 blocked=1 open=12 cash=2001.05 equity=9704.36
[SCAN] 2026-08-07T03:19:59+00:00 symbols=20 signals=0 entries=0 exits=0 blocked=3 open=12 cash=2001.05 equity=9717.45
[EXIT] 2026-08-07T03:24:59+00:00 VICTRY reason=fixed_take_profit pnl=+12.92 cash=2681.91
[SCAN] 2026-08-07T03:24:59+00:00 symbols=20 signals=0 entries=0 exits=1 blocked=4 open=11 cash=2681.91 equity=9733.36
[SCAN] 2026-08-07T03:29:59+00:00 symbols=20 signals=0 entries=0 exits=0 blocked=4 open=11 cash=2681.91 equity=9755.32
[SCAN] 2026-08-07T03:34:59+00:00 symbols=20 signals=0 entries=0 exits=0 blocked=2 open=11 cash=2681.91 equity=9739.97
[SCAN] 2026-08-07T03:39:59+00:00 symbols=20 signals=0 entries=0 exits=0 blocked=2 open=11 cash=2681.91 equity=9747.95
[SIGNAL] 2026-08-07T03:39:59+00:00 ONDOTRY BUY fill_at=2026-08-07T03:44:59+00:00 features={"close": 16.71, "bb_lower": 16.718722564203045, "bb_upper": 16.984134578654096, "rsi": 32.557873024220015, "mfi": 30.008390313610647, "atr": 0.04857142857142881}
[BLOCKED] ONDOTRY reason=max_layers
[EXIT] 2026-08-07T03:44:59+00:00 RESOLVTRY reason=fixed_stop_loss pnl=-46.71 cash=3141.69
[SCAN] 2026-08-07T03:44:59+00:00 symbols=20 signals=1 entries=0 exits=1 blocked=1 open=10 cash=3141.69 equity=9738.44
[EXIT] 2026-08-07T03:49:59+00:00 VANRYTRY reason=bb_mfi_v3_signal_exit pnl=-19.22 cash=4192.53
[SIGNAL] 2026-08-07T03:44:59+00:00 ONDOTRY BUY fill_at=2026-08-07T03:49:59+00:00 features={"close": 16.69, "bb_lower": 16.697235568796692, "bb_upper": 16.980859669298546, "rsi": 31.04262139909183, "mfi": 28.4256754241986, "atr": 0.04928571428571438}
[BLOCKED] ONDOTRY reason=max_layers
[SCAN] 2026-08-07T03:49:59+00:00 symbols=20 signals=1 entries=0 exits=1 blocked=2 open=9 cash=4192.53 equity=9736.38
[SCAN] 2026-08-07T03:54:59+00:00 symbols=20 signals=0 entries=0 exits=0 blocked=0 open=9 cash=4192.53 equity=9727.81
[SCAN] 2026-08-07T03:59:59+00:00 symbols=20 signals=0 entries=0 exits=0 blocked=0 open=9 cash=4192.53 equity=9718.82
[SCAN] 2026-08-07T04:04:59+00:00 symbols=20 signals=0 entries=0 exits=0 blocked=0 open=9 cash=4192.53 equity=9707.07
[SCAN] 2026-08-07T04:09:59+00:00 symbols=20 signals=0 entries=0 exits=0 blocked=0 open=9 cash=4192.53 equity=9707.61
[SCAN] 2026-08-07T04:14:59+00:00 symbols=20 signals=0 entries=0 exits=0 blocked=0 open=9 cash=4192.53 equity=9701.44
[SIGNAL] 2026-08-07T04:14:59+00:00 FIDATRY BUY fill_at=2026-08-07T04:19:59+00:00 features={"close": 0.869, "bb_lower": 0.869112223210991, "bb_upper": 0.8856496815509135, "rsi": 25.80159315397944, "mfi": 16.77394398204126, "atr": 0.0021428571428571447}
[BLOCKED] FIDATRY reason=max_layers
[SIGNAL] 2026-08-07T04:14:59+00:00 BANKTRY BUY fill_at=2026-08-07T04:19:59+00:00 features={"close": 2.007, "bb_lower": 2.0075856222655144, "bb_upper": 2.044795330115438, "rsi": 36.38783297813628, "mfi": 36.0883239669778, "atr": 0.011571428571428597}
[BLOCKED] BANKTRY reason=max_layers
[SCAN] 2026-08-07T04:19:59+00:00 symbols=20 signals=2 entries=0 exits=0 blocked=2 open=9 cash=4192.53 equity=9697.76
[SCAN] 2026-08-07T04:24:59+00:00 symbols=20 signals=0 entries=0 exits=0 blocked=1 open=9 cash=4192.53 equity=9716.91
[SCAN] 2026-08-07T04:29:59+00:00 symbols=20 signals=0 entries=0 exits=0 blocked=0 open=9 cash=4192.53 equity=9716.04
[SCAN] 2026-08-07T04:34:59+00:00 symbols=20 signals=0 entries=0 exits=0 blocked=0 open=9 cash=4192.53 equity=9705.07
[SCAN] 2026-08-07T04:39:59+00:00 symbols=20 signals=0 entries=0 exits=0 blocked=1 open=9 cash=4192.53 equity=9720.45
[SIGNAL] 2026-08-07T04:39:59+00:00 TOWNSTRY BUY fill_at=2026-08-07T04:44:59+00:00 features={"close": 0.105, "bb_lower": 0.10505238691968952, "bb_upper": 0.10885237498507239, "rsi": 29.44762588156037, "mfi": 20.370408414701174, "atr": 0.0005714285714285719}
[ENTRY] 2026-08-07T04:44:59+00:00 TOWNSTRY layer=1 value=418.62 entry=0.10607950 cash=3773.27
[SCAN] 2026-08-07T04:44:59+00:00 symbols=20 signals=1 entries=1 exits=0 blocked=0 open=10 cash=3773.27 equity=9718.52
[SIGNAL] 2026-08-07T04:44:59+00:00 ENATRY BUY fill_at=2026-08-07T04:49:59+00:00 features={"close": 4.377, "bb_lower": 4.380384806596508, "bb_upper": 4.423329479117779, "rsi": 37.44868264941821, "mfi": 26.647269165699868, "atr": 0.012214285714285542}
[ENTRY] 2026-08-07T04:49:59+00:00 ENATRY layer=1 value=376.76 entry=4.37928200 cash=3395.95
[SCAN] 2026-08-07T04:49:59+00:00 symbols=20 signals=1 entries=1 exits=0 blocked=1 open=11 cash=3395.95 equity=9718.76
[SCAN] 2026-08-07T04:54:59+00:00 symbols=20 signals=0 entries=0 exits=0 blocked=1 open=11 cash=3395.95 equity=9714.54
[SIGNAL] 2026-08-07T04:54:59+00:00 FIDATRY BUY fill_at=2026-08-07T04:59:59+00:00 features={"close": 0.861, "bb_lower": 0.8636031897781558, "bb_upper": 0.8802063340313679, "rsi": 17.56102862744028, "mfi": 7.946984181279973, "atr": 0.0028571428571428597}
[BLOCKED] FIDATRY reason=max_layers
[SIGNAL] 2026-08-07T04:54:59+00:00 ENATRY BUY fill_at=2026-08-07T04:59:59+00:00 features={"close": 4.37, "bb_lower": 4.373668438397041, "bb_upper": 4.4261410854124845, "rsi": 36.17233362322903, "mfi": 18.240095752328145, "atr": 0.012642857142856987}
[ENTRY] 2026-08-07T04:59:59+00:00 ENATRY layer=2 value=339.09 entry=4.37127600 cash=3056.35
[SCAN] 2026-08-07T04:59:59+00:00 symbols=20 signals=2 entries=1 exits=0 blocked=2 open=11 cash=3056.35 equity=9703.84
[SIGNAL] 2026-08-07T04:59:59+00:00 VICTRY BUY fill_at=2026-08-07T05:04:59+00:00 features={"close": 1.39, "bb_lower": 1.402698705559481, "bb_upper": 1.4887298658690904, "rsi": 37.893932246933424, "mfi": 50.352455055386635, "atr": 0.027857142857142882}
[ENTRY] 2026-08-07T05:04:59+00:00 VICTRY layer=1 value=305.18 entry=1.39104250 cash=2750.72
[SIGNAL] 2026-08-07T04:59:59+00:00 FIDATRY BUY fill_at=2026-08-07T05:04:59+00:00 features={"close": 0.861, "bb_lower": 0.8618990249712298, "bb_upper": 0.8804819274097228, "rsi": 17.561028623219613, "mfi": 39.667609353094974, "atr": 0.0028571428571428597}
[BLOCKED] FIDATRY reason=max_layers
[SIGNAL] 2026-08-07T04:59:59+00:00 ENATRY BUY fill_at=2026-08-07T05:04:59+00:00 features={"close": 4.357, "bb_lower": 4.365885216396063, "bb_upper": 4.429829069318221, "rsi": 32.066717299437556, "mfi": 15.073766399429346, "atr": 0.01285714285714271}
[BLOCKED] ENATRY reason=max_layers
[SIGNAL] 2026-08-07T04:59:59+00:00 ONDOTRY BUY fill_at=2026-08-07T05:04:59+00:00 features={"close": 16.65, "bb_lower": 16.654700776058974, "bb_upper": 16.829108747750546, "rsi": 32.19911592605541, "mfi": 43.69771319410359, "atr": 0.03785714285714269}
[BLOCKED] ONDOTRY reason=max_layers
[SCAN] 2026-08-07T05:04:59+00:00 symbols=20 signals=4 entries=1 exits=0 blocked=3 open=12 cash=2750.72 equity=9718.37
[EXIT] 2026-08-07T05:09:59+00:00 VICTRY reason=fixed_take_profit pnl=+5.91 cash=3062.26
[SCAN] 2026-08-07T05:09:59+00:00 symbols=20 signals=0 entries=0 exits=1 blocked=0 open=11 cash=3062.26 equity=9715.15
[SIGNAL] 2026-08-07T05:09:59+00:00 RESOLVTRY BUY fill_at=2026-08-07T05:14:59+00:00 features={"close": 0.8822, "bb_lower": 0.8826625974877255, "bb_upper": 0.9076707358456079, "rsi": 34.57513652984777, "mfi": 39.06481291081276, "atr": 0.005792857142857123}
[ENTRY] 2026-08-07T05:14:59+00:00 RESOLVTRY layer=1 value=305.77 entry=0.88426270 cash=2756.04
[SCAN] 2026-08-07T05:14:59+00:00 symbols=20 signals=1 entries=1 exits=0 blocked=2 open=12 cash=2756.04 equity=9716.09
[SCAN] 2026-08-07T05:19:59+00:00 symbols=20 signals=0 entries=0 exits=0 blocked=0 open=12 cash=2756.04 equity=9700.75
[SIGNAL] 2026-08-07T05:19:59+00:00 HOMETRY BUY fill_at=2026-08-07T05:24:59+00:00 features={"close": 0.415, "bb_lower": 0.41527256238118365, "bb_upper": 0.4242512471426257, "rsi": 35.19061090146404, "mfi": 36.35067954434604, "atr": 0.0030714285714285743}
[ENTRY] 2026-08-07T05:24:59+00:00 HOMETRY layer=1 value=275.19 entry=0.41631200 cash=2480.43
[SIGNAL] 2026-08-07T05:19:59+00:00 RESOLVTRY BUY fill_at=2026-08-07T05:24:59+00:00 features={"close": 0.8788, "bb_lower": 0.8791019970602407, "bb_upper": 0.9092122886540455, "rsi": 32.569352674635184, "mfi": 21.869212676303277, "atr": 0.0058142857142857085}
[ENTRY] 2026-08-07T05:24:59+00:00 RESOLVTRY layer=2 value=247.67 entry=0.87945910 cash=2232.39
[SIGNAL] 2026-08-07T05:19:59+00:00 ONDOTRY BUY fill_at=2026-08-07T05:24:59+00:00 features={"close": 16.58, "bb_lower": 16.62163024194034, "bb_upper": 16.819322139012026, "rsi": 30.759569534687643, "mfi": 17.36797620575834, "atr": 0.05071428571428527}
[BLOCKED] ONDOTRY reason=max_layers
[SCAN] 2026-08-07T05:24:59+00:00 symbols=20 signals=3 entries=2 exits=0 blocked=1 open=13 cash=2232.39 equity=9702.22
[SIGNAL] 2026-08-07T05:24:59+00:00 ONDOTRY BUY fill_at=2026-08-07T05:29:59+00:00 features={"close": 16.52, "bb_lower": 16.580747467131093, "bb_upper": 16.842109675726046, "rsi": 26.92093811055102, "mfi": 14.833647145828195, "atr": 0.05357142857142832}
[BLOCKED] ONDOTRY reason=max_layers
[SCAN] 2026-08-07T05:29:59+00:00 symbols=20 signals=1 entries=0 exits=0 blocked=1 open=13 cash=2232.39 equity=9713.97
[SIGNAL] 2026-08-07T05:29:59+00:00 ONDOTRY BUY fill_at=2026-08-07T05:34:59+00:00 features={"close": 16.42, "bb_lower": 16.51827688497962, "bb_upper": 16.87886597216324, "rsi": 21.970469109399033, "mfi": 10.869388003499651, "atr": 0.06142857142857113}
[BLOCKED] ONDOTRY reason=max_layers
[SCAN] 2026-08-07T05:34:59+00:00 symbols=20 signals=1 entries=0 exits=0 blocked=1 open=13 cash=2232.39 equity=9695.82
[SIGNAL] 2026-08-07T05:34:59+00:00 VANRYTRY BUY fill_at=2026-08-07T05:39:59+00:00 features={"close": 0.1556, "bb_lower": 0.15567467211447625, "bb_upper": 0.1600967564569524, "rsi": 41.78737204874556, "mfi": 41.566309012414486, "atr": 0.0017071428571428595}
[ENTRY] 2026-08-07T05:39:59+00:00 VANRYTRY layer=1 value=222.90 entry=0.15541647 cash=2009.15
[SIGNAL] 2026-08-07T05:34:59+00:00 ONDOTRY BUY fill_at=2026-08-07T05:39:59+00:00 features={"close": 16.35, "bb_lower": 16.448371320015326, "bb_upper": 16.915438203794196, "rsi": 19.28165594016903, "mfi": 7.837487153204805, "atr": 0.06785714285714281}
[BLOCKED] ONDOTRY reason=max_layers
[SCAN] 2026-08-07T05:39:59+00:00 symbols=20 signals=2 entries=1 exits=0 blocked=2 open=14 cash=2009.15 equity=9704.16
[SIGNAL] 2026-08-07T05:39:59+00:00 FIDATRY BUY fill_at=2026-08-07T05:44:59+00:00 features={"close": 0.855, "bb_lower": 0.8566962363805091, "bb_upper": 0.8756847160004431, "rsi": 23.722435572420963, "mfi": 28.910564582441452, "atr": 0.002928571428571431}
[BLOCKED] FIDATRY reason=max_layers
[SIGNAL] 2026-08-07T05:39:59+00:00 VANRYTRY BUY fill_at=2026-08-07T05:44:59+00:00 features={"close": 0.1547, "bb_lower": 0.1551666316528977, "bb_upper": 0.16034765406138804, "rsi": 38.685426613766104, "mfi": 28.85699804598339, "atr": 0.001778571428571431}
[ENTRY] 2026-08-07T05:44:59+00:00 VANRYTRY layer=2 value=200.61 entry=0.15471595 cash=1808.24
[SCAN] 2026-08-07T05:44:59+00:00 symbols=20 signals=2 entries=1 exits=0 blocked=1 open=14 cash=1808.24 equity=9698.40
[SIGNAL] 2026-08-07T05:44:59+00:00 VANRYTRY BUY fill_at=2026-08-07T05:49:59+00:00 features={"close": 0.1535, "bb_lower": 0.15439452102221723, "bb_upper": 0.1607197646920685, "rsi": 34.939131093622805, "mfi": 29.40733435644958, "atr": 0.001778571428571431}
[BLOCKED] VANRYTRY reason=max_layers
[EXIT] 2026-08-07T05:49:59+00:00 TOWNSTRY reason=fixed_take_profit pnl=+8.11 cash=2235.60
[EXIT] 2026-08-07T05:49:59+00:00 RESOLVTRY reason=fixed_take_profit pnl=+10.72 cash=2800.59
[SCAN] 2026-08-07T05:49:59+00:00 symbols=20 signals=1 entries=0 exits=2 blocked=2 open=12 cash=2800.59 equity=9714.27
[SIGNAL] 2026-08-07T05:49:59+00:00 VANRYTRY BUY fill_at=2026-08-07T05:54:59+00:00 features={"close": 0.1529, "bb_lower": 0.15366804705817463, "bb_upper": 0.16077957198944445, "rsi": 33.19774396800766, "mfi": 25.182586308467336, "atr": 0.0018428571428571441}
[BLOCKED] VANRYTRY reason=max_layers
[SCAN] 2026-08-07T05:54:59+00:00 symbols=20 signals=1 entries=0 exits=0 blocked=2 open=12 cash=2800.59 equity=9731.72
[SIGNAL] 2026-08-07T05:54:59+00:00 VANRYTRY BUY fill_at=2026-08-07T05:59:59+00:00 features={"close": 0.153, "bb_lower": 0.15306886600033723, "bb_upper": 0.1607787530472818, "rsi": 33.79353572076491, "mfi": 33.33776707458722, "atr": 0.0018142857142857147}
[BLOCKED] VANRYTRY reason=max_layers
[SIGNAL] 2026-08-07T05:54:59+00:00 OPENTRY BUY fill_at=2026-08-07T05:59:59+00:00 features={"close": 9.965, "bb_lower": 9.974792342279988, "bb_upper": 10.15482670533906, "rsi": 36.81978677562077, "mfi": 39.05396660089549, "atr": 0.03685714285714311}
[BLOCKED] OPENTRY reason=max_layers
[EXIT] 2026-08-07T05:59:59+00:00 HOMETRY reason=fixed_take_profit pnl=+5.33 cash=3081.52
[SCAN] 2026-08-07T05:59:59+00:00 symbols=20 signals=2 entries=0 exits=1 blocked=3 open=11 cash=3081.52 equity=9734.91
[SIGNAL] 2026-08-07T05:59:59+00:00 HEITRY BUY fill_at=2026-08-07T06:04:59+00:00 features={"close": 8.888, "bb_lower": 8.891862948043489, "bb_upper": 10.220327528146989, "rsi": 43.18705703134287, "mfi": 51.7766197858203, "atr": 0.45035714285714296}
[ENTRY] 2026-08-07T06:04:59+00:00 HEITRY layer=1 value=442.52 entry=8.88766075 cash=3988.69
[SCAN] 2026-08-07T06:04:59+00:00 symbols=20 signals=1 entries=1 exits=2 blocked=2 open=10 cash=3988.69 equity=9724.90
[EXIT] 2026-08-07T06:09:59+00:00 HEITRY reason=fixed_take_profit pnl=+8.57 cash=4440.44
[SCAN] 2026-08-07T06:09:59+00:00 symbols=20 signals=0 entries=0 exits=1 blocked=1 open=9 cash=4440.44 equity=9733.88
[SCAN] 2026-08-07T06:14:59+00:00 symbols=20 signals=0 entries=0 exits=0 blocked=0 open=9 cash=4440.44 equity=9760.03
[EXIT] 2026-08-07T06:19:59+00:00 ADATRY reason=bb_mfi_v3_signal_exit pnl=+5.08 cash=5318.37
[SCAN] 2026-08-07T06:19:59+00:00 symbols=20 signals=0 entries=0 exits=1 blocked=0 open=8 cash=5318.37 equity=9757.78
[SCAN] 2026-08-07T06:24:59+00:00 symbols=20 signals=0 entries=0 exits=0 blocked=0 open=8 cash=5318.37 equity=9756.18
[SCAN] 2026-08-07T06:29:59+00:00 symbols=20 signals=0 entries=0 exits=0 blocked=0 open=8 cash=5318.37 equity=9744.66
[SCAN] 2026-08-07T06:34:59+00:00 symbols=20 signals=0 entries=0 exits=0 blocked=0 open=8 cash=5318.37 equity=9737.43
[SCAN] 2026-08-07T06:39:59+00:00 symbols=20 signals=0 entries=0 exits=0 blocked=0 open=8 cash=5318.37 equity=9748.08
[SCAN] 2026-08-07T06:44:59+00:00 symbols=20 signals=0 entries=0 exits=0 blocked=0 open=8 cash=5318.37 equity=9762.39
[SCAN] 2026-08-07T06:49:59+00:00 symbols=20 signals=0 entries=0 exits=0 blocked=1 open=8 cash=5318.37 equity=9758.48
[SCAN] 2026-08-07T06:54:59+00:00 symbols=20 signals=0 entries=0 exits=0 blocked=1 open=8 cash=5318.37 equity=9768.49
[SCAN] 2026-08-07T06:59:59+00:00 symbols=20 signals=0 entries=0 exits=0 blocked=1 open=8 cash=5318.37 equity=9758.20
[SIGNAL] 2026-08-07T06:59:59+00:00 AMPTRY BUY fill_at=2026-08-07T07:04:59+00:00 features={"close": 0.0184, "bb_lower": 0.018425342098992253, "bb_upper": 0.01879370552005537, "rsi": 19.266777055662857, "mfi": 39.58873606226621, "atr": 4.2857142857143093e-05}
[ENTRY] 2026-08-07T07:04:59+00:00 AMPTRY layer=1 value=531.04 entry=0.01851387 cash=4786.53
[EXIT] 2026-08-07T07:04:59+00:00 VANRYTRY reason=fixed_take_profit pnl=+8.20 cash=5218.89
[SCAN] 2026-08-07T07:04:59+00:00 symbols=20 signals=1 entries=1 exits=1 blocked=0 open=8 cash=5218.89 equity=9759.26
[SCAN] 2026-08-07T07:09:59+00:00 symbols=20 signals=0 entries=0 exits=0 blocked=0 open=8 cash=5218.89 equity=9775.72
[SCAN] 2026-08-07T07:14:59+00:00 symbols=20 signals=0 entries=0 exits=0 blocked=0 open=8 cash=5218.89 equity=9792.83
[SCAN] 2026-08-07T07:19:59+00:00 symbols=20 signals=0 entries=0 exits=0 blocked=0 open=8 cash=5218.89 equity=9782.89
[SCAN] 2026-08-07T07:24:59+00:00 symbols=20 signals=0 entries=0 exits=0 blocked=0 open=8 cash=5218.89 equity=9793.94
[SCAN] 2026-08-07T07:29:59+00:00 symbols=20 signals=0 entries=0 exits=0 blocked=0 open=8 cash=5218.89 equity=9795.76
[SCAN] 2026-08-07T07:34:59+00:00 symbols=20 signals=0 entries=0 exits=0 blocked=0 open=8 cash=5218.89 equity=9786.43
[SCAN] 2026-08-07T07:39:59+00:00 symbols=20 signals=0 entries=0 exits=0 blocked=0 open=8 cash=5218.89 equity=9796.76
[SCAN] 2026-08-07T07:44:59+00:00 symbols=20 signals=0 entries=0 exits=0 blocked=0 open=8 cash=5218.89 equity=9799.81
[SCAN] 2026-08-07T07:49:59+00:00 symbols=20 signals=0 entries=0 exits=0 blocked=0 open=8 cash=5218.89 equity=9814.11
[SIGNAL] 2026-08-07T07:49:59+00:00 LDOTRY BUY fill_at=2026-08-07T07:54:59+00:00 features={"close": 13.66, "bb_lower": 13.683492296234734, "bb_upper": 13.791745799003364, "rsi": 35.546082602523384, "mfi": 27.45798623893252, "atr": 0.027857142857142896}
[BLOCKED] LDOTRY reason=max_layers
[SCAN] 2026-08-07T07:54:59+00:00 symbols=20 signals=1 entries=0 exits=0 blocked=1 open=8 cash=5218.89 equity=9818.09
[EXIT] 2026-08-07T07:59:59+00:00 TSTTRY reason=bb_mfi_v3_signal_exit pnl=+7.08 cash=5985.34
[SIGNAL] 2026-08-07T07:54:59+00:00 LDOTRY BUY fill_at=2026-08-07T07:59:59+00:00 features={"close": 13.67, "bb_lower": 13.673468217486842, "bb_upper": 13.796055592036968, "rsi": 37.82231289576189, "mfi": 33.21415249213929, "atr": 0.029999999999999995}
[BLOCKED] LDOTRY reason=max_layers
[SCAN] 2026-08-07T07:59:59+00:00 symbols=20 signals=1 entries=0 exits=1 blocked=1 open=7 cash=5985.34 equity=9825.68
[SIGNAL] 2026-08-07T07:59:59+00:00 ENATRY BUY fill_at=2026-08-07T08:04:59+00:00 features={"close": 4.404, "bb_lower": 4.4090745664049775, "bb_upper": 4.446830195499785, "rsi": 42.37564768418015, "mfi": 20.095566294616717, "atr": 0.01185714285714301}
[ENTRY] 2026-08-07T08:04:59+00:00 ENATRY layer=1 value=650.79 entry=4.40730300 cash=5865.88
[SIGNAL] 2026-08-07T07:59:59+00:00 LDOTRY BUY fill_at=2026-08-07T08:04:59+00:00 features={"close": 13.66, "bb_lower": 13.661891535667094, "bb_upper": 13.799060845285295, "rsi": 36.4286055730965, "mfi": 32.02149104110656, "atr": 0.029285714285714297}
[BLOCKED] LDOTRY reason=max_layers
[SCAN] 2026-08-07T08:04:59+00:00 symbols=20 signals=2 entries=1 exits=1 blocked=2 open=7 cash=5865.88 equity=9812.85
[SIGNAL] 2026-08-07T08:04:59+00:00 VICTRY BUY fill_at=2026-08-07T08:09:59+00:00 features={"close": 1.37, "bb_lower": 1.3736706426771919, "bb_upper": 1.424424595418046, "rsi": 38.54964984777075, "mfi": 26.88027519301778, "atr": 0.022142857142857148}
[ENTRY] 2026-08-07T08:09:59+00:00 VICTRY layer=1 value=585.71 entry=1.37102750 cash=5279.30
[EXIT] 2026-08-07T08:09:59+00:00 VICTRY reason=fixed_take_profit pnl=+11.34 cash=5877.23
[SCAN] 2026-08-07T08:09:59+00:00 symbols=20 signals=1 entries=1 exits=1 blocked=1 open=7 cash=5877.23 equity=9836.42
[SCAN] 2026-08-07T08:14:59+00:00 symbols=20 signals=0 entries=0 exits=0 blocked=0 open=7 cash=5877.23 equity=9827.53
[SCAN] 2026-08-07T08:19:59+00:00 symbols=20 signals=0 entries=0 exits=0 blocked=0 open=7 cash=5877.23 equity=9827.25
[SCAN] 2026-08-07T08:24:59+00:00 symbols=20 signals=0 entries=0 exits=0 blocked=0 open=7 cash=5877.23 equity=9840.12
[SCAN] 2026-08-07T08:29:59+00:00 symbols=20 signals=0 entries=0 exits=0 blocked=0 open=7 cash=5877.23 equity=9837.74
[SCAN] 2026-08-07T08:34:59+00:00 symbols=20 signals=0 entries=0 exits=0 blocked=1 open=7 cash=5877.23 equity=9839.80
[SCAN] 2026-08-07T08:39:59+00:00 symbols=20 signals=0 entries=0 exits=0 blocked=1 open=7 cash=5877.23 equity=9838.08
[EXIT] 2026-08-07T08:44:59+00:00 ENATRY reason=fixed_take_profit pnl=+12.61 cash=6541.60
[SCAN] 2026-08-07T08:44:59+00:00 symbols=20 signals=0 entries=0 exits=1 blocked=0 open=6 cash=6541.60 equity=9839.14
[SCAN] 2026-08-07T08:49:59+00:00 symbols=20 signals=0 entries=0 exits=0 blocked=0 open=6 cash=6541.60 equity=9837.36
[SCAN] 2026-08-07T08:54:59+00:00 symbols=20 signals=0 entries=0 exits=0 blocked=0 open=6 cash=6541.60 equity=9849.62
[SCAN] 2026-08-07T08:59:59+00:00 symbols=20 signals=0 entries=0 exits=0 blocked=0 open=6 cash=6541.60 equity=9845.43
[SIGNAL] 2026-08-07T08:59:59+00:00 BANKTRY BUY fill_at=2026-08-07T09:04:59+00:00 features={"close": 1.982, "bb_lower": 1.9846471129205396, "bb_upper": 2.018876696603269, "rsi": 35.52010022655661, "mfi": 32.02226895197242, "atr": 0.012714285714285678}
[BLOCKED] BANKTRY reason=max_layers
[SCAN] 2026-08-07T09:04:59+00:00 symbols=20 signals=1 entries=0 exits=0 blocked=2 open=6 cash=6541.60 equity=9830.01
[SIGNAL] 2026-08-07T09:04:59+00:00 BANKTRY BUY fill_at=2026-08-07T09:09:59+00:00 features={"close": 1.976, "bb_lower": 1.9805764151801692, "bb_upper": 2.021042632438878, "rsi": 32.72255588919012, "mfi": 26.042214307770365, "atr": 0.012285714285714233}
[BLOCKED] BANKTRY reason=max_layers
[SCAN] 2026-08-07T09:09:59+00:00 symbols=20 signals=1 entries=0 exits=0 blocked=2 open=6 cash=6541.60 equity=9836.72
[SCAN] 2026-08-07T09:14:59+00:00 symbols=20 signals=0 entries=0 exits=0 blocked=0 open=6 cash=6541.60 equity=9847.77
[SIGNAL] 2026-08-07T09:14:59+00:00 HOMETRY BUY fill_at=2026-08-07T09:19:59+00:00 features={"close": 0.422, "bb_lower": 0.42274201815725104, "bb_upper": 0.43906750565227287, "rsi": 37.2726104242741, "mfi": 31.145778392006093, "atr": 0.003928571428571432}
[ENTRY] 2026-08-07T09:19:59+00:00 HOMETRY layer=1 value=653.18 entry=0.42131575 cash=5887.44
[SCAN] 2026-08-07T09:19:59+00:00 symbols=20 signals=1 entries=1 exits=0 blocked=0 open=7 cash=5887.44 equity=9832.71
[SIGNAL] 2026-08-07T09:19:59+00:00 RESOLVTRY BUY fill_at=2026-08-07T09:24:59+00:00 features={"close": 0.8818, "bb_lower": 0.8823330838522953, "bb_upper": 0.8990573923381809, "rsi": 41.356775599394574, "mfi": 35.49020785113355, "atr": 0.0059071428571428565}
[ENTRY] 2026-08-07T09:24:59+00:00 RESOLVTRY layer=1 value=587.86 entry=0.88266150 cash=5298.70
[SCAN] 2026-08-07T09:24:59+00:00 symbols=20 signals=1 entries=1 exits=0 blocked=0 open=8 cash=5298.70 equity=9828.96
[SCAN] 2026-08-07T09:29:59+00:00 symbols=20 signals=0 entries=0 exits=0 blocked=0 open=8 cash=5298.70 equity=9835.61
[SIGNAL] 2026-08-07T09:29:59+00:00 RESOLVTRY BUY fill_at=2026-08-07T09:34:59+00:00 features={"close": 0.874, "bb_lower": 0.8779492521325704, "bb_upper": 0.9006221764388579, "rsi": 34.372891402228845, "mfi": 37.29443524407684, "atr": 0.00595714285714286}
[ENTRY] 2026-08-07T09:34:59+00:00 RESOLVTRY layer=2 value=529.08 entry=0.87645685 cash=4768.83
[EXIT] 2026-08-07T09:34:59+00:00 HOMETRY reason=fixed_take_profit pnl=+12.65 cash=5435.64
[SCAN] 2026-08-07T09:34:59+00:00 symbols=20 signals=1 entries=1 exits=1 blocked=0 open=7 cash=5435.64 equity=9825.79
[SCAN] 2026-08-07T09:39:59+00:00 symbols=20 signals=0 entries=0 exits=0 blocked=1 open=7 cash=5435.64 equity=9840.27
[SIGNAL] 2026-08-07T09:39:59+00:00 VANRYTRY BUY fill_at=2026-08-07T09:44:59+00:00 features={"close": 0.1502, "bb_lower": 0.1509953555020564, "bb_upper": 0.1558236921169912, "rsi": 34.540146583612156, "mfi": 36.710265070537496, "atr": 0.002249999999999996}
[ENTRY] 2026-08-07T09:44:59+00:00 VANRYTRY layer=1 value=542.75 entry=0.15061288 cash=4892.07
[SIGNAL] 2026-08-07T09:39:59+00:00 LDOTRY BUY fill_at=2026-08-07T09:44:59+00:00 features={"close": 13.64, "bb_lower": 13.641034016274222, "bb_upper": 13.710394555154348, "rsi": 40.58992745469454, "mfi": 48.773840529917905, "atr": 0.023571428571428195}
[BLOCKED] LDOTRY reason=max_layers
[SCAN] 2026-08-07T09:44:59+00:00 symbols=20 signals=2 entries=1 exits=0 blocked=1 open=8 cash=4892.07 equity=9832.48
[SIGNAL] 2026-08-07T09:44:59+00:00 VANRYTRY BUY fill_at=2026-08-07T09:49:59+00:00 features={"close": 0.1487, "bb_lower": 0.15004166141121, "bb_upper": 0.15624405287450427, "rsi": 30.31346485188267, "mfi": 34.70830985112751, "atr": 0.002307142857142855}
[ENTRY] 2026-08-07T09:49:59+00:00 VANRYTRY layer=2 value=488.47 entry=0.14971220 cash=4402.87
[SIGNAL] 2026-08-07T09:44:59+00:00 EIGENTRY BUY fill_at=2026-08-07T09:49:59+00:00 features={"close": 8.472, "bb_lower": 8.481593191315032, "bb_upper": 8.543359189637354, "rsi": 35.36812483471813, "mfi": 36.346689007321885, "atr": 0.013142857142856965}
[ENTRY] 2026-08-07T09:49:59+00:00 EIGENTRY layer=2 value=439.63 entry=8.46934725 cash=3962.58
[SIGNAL] 2026-08-07T09:44:59+00:00 TOWNSTRY BUY fill_at=2026-08-07T09:49:59+00:00 features={"close": 0.11, "bb_lower": 0.11014005844134037, "bb_upper": 0.1133837510824692, "rsi": 25.701590946069345, "mfi": 16.133731416788493, "atr": 0.0005000000000000004}
[ENTRY] 2026-08-07T09:49:59+00:00 TOWNSTRY layer=1 value=395.66 entry=0.11008250 cash=3566.32
[SIGNAL] 2026-08-07T09:44:59+00:00 LDOTRY BUY fill_at=2026-08-07T09:49:59+00:00 features={"close": 13.6, "bb_lower": 13.625793717711979, "bb_upper": 13.719920568002308, "rsi": 34.84504605633077, "mfi": 35.46840635412737, "atr": 0.04285714285714258}
[BLOCKED] LDOTRY reason=max_layers
[SCAN] 2026-08-07T09:49:59+00:00 symbols=20 signals=4 entries=3 exits=0 blocked=1 open=9 cash=3566.32 equity=9830.35
[SIGNAL] 2026-08-07T09:49:59+00:00 EIGENTRY BUY fill_at=2026-08-07T09:54:59+00:00 features={"close": 8.456, "bb_lower": 8.47055145690768, "bb_upper": 8.548686638330414, "rsi": 30.921897629239396, "mfi": 32.909382393613, "atr": 0.013785714285714132}
[BLOCKED] EIGENTRY reason=max_layers
[SIGNAL] 2026-08-07T09:49:59+00:00 ONDOTRY BUY fill_at=2026-08-07T09:54:59+00:00 features={"close": 16.58, "bb_lower": 16.61089606322635, "bb_upper": 16.735770603440322, "rsi": 34.933317766209, "mfi": 43.72484962540155, "atr": 0.03785714285714344}
[BLOCKED] ONDOTRY reason=max_layers
[SCAN] 2026-08-07T09:54:59+00:00 symbols=20 signals=2 entries=0 exits=0 blocked=2 open=9 cash=3566.32 equity=9826.64
[SIGNAL] 2026-08-07T09:54:59+00:00 ONDOTRY BUY fill_at=2026-08-07T09:59:59+00:00 features={"close": 16.6, "bb_lower": 16.600170275124484, "bb_upper": 16.73982972487552, "rsi": 39.154192362967756, "mfi": 41.00338134051834, "atr": 0.03428571428571482}
[BLOCKED] ONDOTRY reason=max_layers
[SCAN] 2026-08-07T09:59:59+00:00 symbols=20 signals=1 entries=0 exits=0 blocked=2 open=9 cash=3566.32 equity=9812.23
[SIGNAL] 2026-08-07T09:59:59+00:00 NOMTRY BUY fill_at=2026-08-07T10:04:59+00:00 features={"close": 0.075, "bb_lower": 0.07559542125625981, "bb_upper": 0.07869029302945446, "rsi": 35.98929612132156, "mfi": 32.31649289695146, "atr": 0.0007857142857142864}
[BLOCKED] NOMTRY reason=max_layers
[SCAN] 2026-08-07T10:04:59+00:00 symbols=20 signals=1 entries=0 exits=1 blocked=1 open=8 cash=4602.18 equity=9829.49
[SCAN] 2026-08-07T10:09:59+00:00 symbols=20 signals=0 entries=0 exits=0 blocked=0 open=8 cash=4602.18 equity=9839.76
[SCAN] 2026-08-07T10:14:59+00:00 symbols=20 signals=0 entries=0 exits=0 blocked=0 open=8 cash=4602.18 equity=9837.72
[SCAN] 2026-08-07T10:19:59+00:00 symbols=20 signals=0 entries=0 exits=0 blocked=1 open=8 cash=4602.18 equity=9859.24
[SCAN] 2026-08-07T10:24:59+00:00 symbols=20 signals=0 entries=0 exits=0 blocked=0 open=8 cash=4602.18 equity=9856.28
[SCAN] 2026-08-07T10:29:59+00:00 symbols=20 signals=0 entries=0 exits=0 blocked=0 open=8 cash=4602.18 equity=9843.82
[SCAN] 2026-08-07T10:34:59+00:00 symbols=20 signals=0 entries=0 exits=0 blocked=0 open=8 cash=4602.18 equity=9849.42
[SCAN] 2026-08-07T10:39:59+00:00 symbols=20 signals=0 entries=0 exits=0 blocked=0 open=8 cash=4602.18 equity=9830.95
[SCAN] 2026-08-07T10:44:59+00:00 symbols=20 signals=0 entries=0 exits=0 blocked=0 open=8 cash=4602.18 equity=9830.85
[SCAN] 2026-08-07T10:49:59+00:00 symbols=20 signals=0 entries=0 exits=0 blocked=0 open=8 cash=4602.18 equity=9854.38
[SCAN] 2026-08-07T10:54:59+00:00 symbols=20 signals=0 entries=0 exits=0 blocked=0 open=8 cash=4602.18 equity=9854.61
[SIGNAL] 2026-08-07T10:54:59+00:00 FIDATRY BUY fill_at=2026-08-07T10:59:59+00:00 features={"close": 0.849, "bb_lower": 0.8494883887551411, "bb_upper": 0.861559230292478, "rsi": 34.704956755111084, "mfi": 39.443273383667346, "atr": 0.0022857142857142876}
[BLOCKED] FIDATRY reason=max_layers
[SCAN] 2026-08-07T10:59:59+00:00 symbols=20 signals=1 entries=0 exits=0 blocked=1 open=8 cash=4602.18 equity=9835.87
[SCAN] 2026-08-07T11:04:59+00:00 symbols=20 signals=0 entries=0 exits=0 blocked=0 open=8 cash=4602.18 equity=9850.20
[SCAN] 2026-08-07T11:09:59+00:00 symbols=20 signals=0 entries=0 exits=0 blocked=0 open=8 cash=4602.18 equity=9849.96
[SCAN] 2026-08-07T11:14:59+00:00 symbols=20 signals=0 entries=0 exits=0 blocked=0 open=8 cash=4602.18 equity=9841.24
[SCAN] 2026-08-07T11:19:59+00:00 symbols=20 signals=0 entries=0 exits=0 blocked=2 open=8 cash=4602.18 equity=9834.10
[SIGNAL] 2026-08-07T11:19:59+00:00 RESOLVTRY BUY fill_at=2026-08-07T11:24:59+00:00 features={"close": 0.8679, "bb_lower": 0.8718473562114225, "bb_upper": 0.892466929502863, "rsi": 30.79414904454775, "mfi": 35.22878222621233, "atr": 0.003885714285714286}
[BLOCKED] RESOLVTRY reason=max_layers
[SCAN] 2026-08-07T11:24:59+00:00 symbols=20 signals=1 entries=0 exits=0 blocked=2 open=8 cash=4602.18 equity=9832.50
[SIGNAL] 2026-08-07T11:24:59+00:00 RESOLVTRY BUY fill_at=2026-08-07T11:29:59+00:00 features={"close": 0.8653, "bb_lower": 0.8688131751334311, "bb_upper": 0.8939487296284736, "rsi": 28.755062826246927, "mfi": 17.722148678680583, "atr": 0.004064285714285719}
[BLOCKED] RESOLVTRY reason=max_layers
[SCAN] 2026-08-07T11:29:59+00:00 symbols=20 signals=1 entries=0 exits=0 blocked=1 open=8 cash=4602.18 equity=9840.07
[SIGNAL] 2026-08-07T11:29:59+00:00 RESOLVTRY BUY fill_at=2026-08-07T11:34:59+00:00 features={"close": 0.8662, "bb_lower": 0.8664833287105156, "bb_upper": 0.8946880998609126, "rsi": 30.481299147977523, "mfi": 5.708788880483311, "atr": 0.003935714285714288}
[BLOCKED] RESOLVTRY reason=max_layers
[SCAN] 2026-08-07T11:34:59+00:00 symbols=20 signals=1 entries=0 exits=0 blocked=1 open=8 cash=4602.18 equity=9848.00
[SIGNAL] 2026-08-07T11:34:59+00:00 RESOLVTRY BUY fill_at=2026-08-07T11:39:59+00:00 features={"close": 0.8615, "bb_lower": 0.8634518412602159, "bb_upper": 0.8960148254064506, "rsi": 26.806721405676058, "mfi": 5.356288085149075, "atr": 0.0039857142857142825}
[BLOCKED] RESOLVTRY reason=max_layers
[SCAN] 2026-08-07T11:39:59+00:00 symbols=20 signals=1 entries=0 exits=0 blocked=1 open=8 cash=4602.18 equity=9838.09
[SIGNAL] 2026-08-07T11:39:59+00:00 RESOLVTRY BUY fill_at=2026-08-07T11:44:59+00:00 features={"close": 0.8592, "bb_lower": 0.8603043522039463, "bb_upper": 0.897276600177006, "rsi": 25.196427826746586, "mfi": 4.391717659520239, "atr": 0.004335714285714284}
[BLOCKED] RESOLVTRY reason=max_layers
[SCAN] 2026-08-07T11:44:59+00:00 symbols=20 signals=1 entries=0 exits=0 blocked=1 open=8 cash=4602.18 equity=9836.07
[SCAN] 2026-08-07T11:49:59+00:00 symbols=20 signals=0 entries=0 exits=0 blocked=0 open=8 cash=4602.18 equity=9832.72
[SCAN] 2026-08-07T11:54:59+00:00 symbols=20 signals=0 entries=0 exits=0 blocked=0 open=8 cash=4602.18 equity=9833.29
[SCAN] 2026-08-07T11:59:59+00:00 symbols=20 signals=0 entries=0 exits=0 blocked=0 open=8 cash=4602.18 equity=9833.34
[SCAN] 2026-08-07T12:04:59+00:00 symbols=20 signals=0 entries=0 exits=0 blocked=0 open=8 cash=4602.18 equity=9839.62
[SIGNAL] 2026-08-07T12:04:59+00:00 ADATRY BUY fill_at=2026-08-07T12:09:59+00:00 features={"close": 9.57, "bb_lower": 9.579619166965218, "bb_upper": 9.655618928272878, "rsi": 38.62618565128676, "mfi": 20.670556760287027, "atr": 0.022857142857142878}
[ENTRY] 2026-08-07T12:09:59+00:00 ADATRY layer=1 value=459.53 entry=9.57717750 cash=4141.96
[SCAN] 2026-08-07T12:09:59+00:00 symbols=20 signals=1 entries=1 exits=0 blocked=0 open=9 cash=4141.96 equity=9842.51
[SIGNAL] 2026-08-07T12:09:59+00:00 VICTRY BUY fill_at=2026-08-07T12:14:59+00:00 features={"close": 1.37, "bb_lower": 1.371746903916092, "bb_upper": 1.4006340484648598, "rsi": 38.78393403835711, "mfi": 36.08628770459926, "atr": 0.017142857142857064}
[ENTRY] 2026-08-07T12:14:59+00:00 VICTRY layer=1 value=413.58 entry=1.38103500 cash=3727.77
[SCAN] 2026-08-07T12:14:59+00:00 symbols=20 signals=1 entries=1 exits=0 blocked=0 open=10 cash=3727.77 equity=9821.34
[EXIT] 2026-08-07T12:19:59+00:00 EIGENTRY reason=bb_mfi_v3_signal_exit pnl=+1.06 cash=4367.63
[SCAN] 2026-08-07T12:19:59+00:00 symbols=20 signals=0 entries=0 exits=1 blocked=0 open=9 cash=4367.63 equity=9829.32
[SCAN] 2026-08-07T12:24:59+00:00 symbols=20 signals=0 entries=0 exits=0 blocked=3 open=9 cash=4367.63 equity=9829.25
[SCAN] 2026-08-07T12:29:59+00:00 symbols=20 signals=0 entries=0 exits=0 blocked=3 open=9 cash=4367.63 equity=9820.12
[SCAN] 2026-08-07T12:34:59+00:00 symbols=20 signals=0 entries=0 exits=0 blocked=2 open=9 cash=4367.63 equity=9826.77
[SIGNAL] 2026-08-07T12:34:59+00:00 ADATRY BUY fill_at=2026-08-07T12:39:59+00:00 features={"close": 9.54, "bb_lower": 9.551863006868755, "bb_upper": 9.660517945512199, "rsi": 37.923861554724425, "mfi": 56.749426269216734, "atr": 0.03142857142857114}
[ENTRY] 2026-08-07T12:39:59+00:00 ADATRY layer=2 value=436.11 entry=9.54715500 cash=3930.87
[SCAN] 2026-08-07T12:39:59+00:00 symbols=20 signals=1 entries=1 exits=0 blocked=2 open=9 cash=3930.87 equity=9826.77
[SCAN] 2026-08-07T12:44:59+00:00 symbols=20 signals=0 entries=0 exits=0 blocked=1 open=9 cash=3930.87 equity=9822.88
[SIGNAL] 2026-08-07T12:44:59+00:00 VICTRY BUY fill_at=2026-08-07T12:49:59+00:00 features={"close": 1.36, "bb_lower": 1.3639627813277964, "bb_upper": 1.4007991234341082, "rsi": 38.92013496309895, "mfi": 43.819457766059195, "atr": 0.0164285714285713}
[ENTRY] 2026-08-07T12:49:59+00:00 VICTRY layer=2 value=392.50 entry=1.36102000 cash=3537.78
[SCAN] 2026-08-07T12:49:59+00:00 symbols=20 signals=1 entries=1 exits=0 blocked=0 open=9 cash=3537.78 equity=9846.05
[SCAN] 2026-08-07T12:54:59+00:00 symbols=20 signals=0 entries=0 exits=0 blocked=0 open=9 cash=3537.78 equity=9844.21
[SCAN] 2026-08-07T12:59:59+00:00 symbols=20 signals=0 entries=0 exits=0 blocked=0 open=9 cash=3537.78 equity=9847.43
[SCAN] 2026-08-07T13:04:59+00:00 symbols=20 signals=0 entries=0 exits=1 blocked=0 open=8 cash=4347.20 equity=9844.83
[SCAN] 2026-08-07T13:09:59+00:00 symbols=20 signals=0 entries=0 exits=0 blocked=0 open=8 cash=4347.20 equity=9833.03
[SCAN] 2026-08-07T13:14:59+00:00 symbols=20 signals=0 entries=0 exits=0 blocked=0 open=8 cash=4347.20 equity=9828.45
[SCAN] 2026-08-07T13:19:59+00:00 symbols=20 signals=0 entries=0 exits=0 blocked=0 open=8 cash=4347.20 equity=9836.02
[SCAN] 2026-08-07T13:24:59+00:00 symbols=20 signals=0 entries=0 exits=0 blocked=0 open=8 cash=4347.20 equity=9832.14
[SIGNAL] 2026-08-07T13:24:59+00:00 HEITRY BUY fill_at=2026-08-07T13:29:59+00:00 features={"close": 10.975, "bb_lower": 11.090685433892832, "bb_upper": 11.73636218515478, "rsi": 40.76203042157083, "mfi": 48.75569689507023, "atr": 0.2834285714285713}
[ENTRY] 2026-08-07T13:29:59+00:00 HEITRY layer=1 value=434.07 entry=10.98122975 cash=3912.48
[SCAN] 2026-08-07T13:29:59+00:00 symbols=20 signals=1 entries=1 exits=0 blocked=0 open=9 cash=3912.48 equity=9813.54
[SIGNAL] 2026-08-07T13:29:59+00:00 HEITRY BUY fill_at=2026-08-07T13:34:59+00:00 features={"close": 10.846, "bb_lower": 10.9972195315407, "bb_upper": 11.79268523036406, "rsi": 37.792559623624605, "mfi": 42.332670342943, "atr": 0.2842857142857142}
[ENTRY] 2026-08-07T13:34:59+00:00 HEITRY layer=2 value=390.66 entry=10.84212550 cash=3521.23
[SCAN] 2026-08-07T13:34:59+00:00 symbols=20 signals=1 entries=1 exits=0 blocked=1 open=9 cash=3521.23 equity=9833.20
[SIGNAL] 2026-08-07T13:34:59+00:00 RESOLVTRY BUY fill_at=2026-08-07T13:39:59+00:00 features={"close": 0.8528, "bb_lower": 0.8535610949609974, "bb_upper": 0.8675627145628121, "rsi": 30.578024228728424, "mfi": 47.854266646167865, "atr": 0.0027428571428571263}
[BLOCKED] RESOLVTRY reason=max_layers
[SCAN] 2026-08-07T13:39:59+00:00 symbols=20 signals=1 entries=0 exits=0 blocked=1 open=9 cash=3521.23 equity=9829.51
[SCAN] 2026-08-07T13:44:59+00:00 symbols=20 signals=0 entries=0 exits=0 blocked=0 open=9 cash=3521.23 equity=9818.14
[SIGNAL] 2026-08-07T13:44:59+00:00 HEITRY BUY fill_at=2026-08-07T13:49:59+00:00 features={"close": 10.602, "bb_lower": 10.745023020193049, "bb_upper": 11.847453170283142, "rsi": 34.59161323153627, "mfi": 44.974159662000915, "atr": 0.2861428571428573}
[BLOCKED] HEITRY reason=max_layers
[SCAN] 2026-08-07T13:49:59+00:00 symbols=20 signals=1 entries=0 exits=0 blocked=1 open=9 cash=3521.23 equity=9827.99
[SCAN] 2026-08-07T13:54:59+00:00 symbols=20 signals=0 entries=0 exits=0 blocked=0 open=9 cash=3521.23 equity=9816.48
[SCAN] 2026-08-07T13:59:59+00:00 symbols=20 signals=0 entries=0 exits=0 blocked=1 open=9 cash=3521.23 equity=9789.55
[SIGNAL] 2026-08-07T13:59:59+00:00 HEITRY BUY fill_at=2026-08-07T14:04:59+00:00 features={"close": 10.485, "bb_lower": 10.525195215648678, "bb_upper": 11.85766192720847, "rsi": 35.33372494567564, "mfi": 38.504858440702236, "atr": 0.3025714285714284}
[BLOCKED] HEITRY reason=max_layers
[SIGNAL] 2026-08-07T13:59:59+00:00 ADATRY BUY fill_at=2026-08-07T14:04:59+00:00 features={"close": 9.48, "bb_lower": 9.487174736561437, "bb_upper": 9.608063358676654, "rsi": 31.23946215050593, "mfi": 21.971258816606735, "atr": 0.026428571428571627}
[BLOCKED] ADATRY reason=max_layers
[EXIT] 2026-08-07T14:04:59+00:00 HEITRY reason=fixed_stop_loss pnl=-76.18 cash=4271.02
[SCAN] 2026-08-07T14:04:59+00:00 symbols=20 signals=2 entries=0 exits=1 blocked=2 open=8 cash=4271.02 equity=9738.45
[SIGNAL] 2026-08-07T14:04:59+00:00 HEITRY BUY fill_at=2026-08-07T14:09:59+00:00 features={"close": 9.649, "bb_lower": 10.181726754528409, "bb_upper": 12.027225626423974, "rsi": 24.74076028734183, "mfi": 30.297961154564575, "atr": 0.37771428571428534}
[ENTRY] 2026-08-07T14:09:59+00:00 HEITRY layer=1 value=426.46 entry=9.65223375 cash=3843.92
[SIGNAL] 2026-08-07T14:04:59+00:00 ADATRY BUY fill_at=2026-08-07T14:09:59+00:00 features={"close": 9.44, "bb_lower": 9.46983711188599, "bb_upper": 9.609210507161624, "rsi": 25.645374161370583, "mfi": 18.98811753630126, "atr": 0.02928571428571455}
[BLOCKED] ADATRY reason=max_layers
[EXIT] 2026-08-07T14:09:59+00:00 HEITRY reason=fixed_take_profit pnl=+8.26 cash=4279.28
[SCAN] 2026-08-07T14:09:59+00:00 symbols=20 signals=2 entries=1 exits=1 blocked=1 open=8 cash=4279.28 equity=9754.92
[SIGNAL] 2026-08-07T14:09:59+00:00 HEITRY BUY fill_at=2026-08-07T14:14:59+00:00 features={"close": 9.761, "bb_lower": 9.956232392520201, "bb_upper": 12.083958083670273, "rsi": 27.87884469629597, "mfi": 39.58663119179515, "atr": 0.39614285714285674}
[ENTRY] 2026-08-07T14:14:59+00:00 HEITRY layer=1 value=427.29 entry=9.75731250 cash=3851.35
[SIGNAL] 2026-08-07T14:09:59+00:00 OPENTRY BUY fill_at=2026-08-07T14:14:59+00:00 features={"close": 9.986, "bb_lower": 9.99453904111213, "bb_upper": 10.126127625554535, "rsi": 35.05467233690024, "mfi": 37.44697369195592, "atr": 0.02414285714285696}
[ENTRY] 2026-08-07T14:14:59+00:00 OPENTRY layer=1 value=384.56 entry=9.99248875 cash=3466.21
[SCAN] 2026-08-07T14:14:59+00:00 symbols=20 signals=2 entries=2 exits=0 blocked=0 open=10 cash=3466.21 equity=9746.14
[SIGNAL] 2026-08-07T14:14:59+00:00 HEITRY BUY fill_at=2026-08-07T14:19:59+00:00 features={"close": 9.677, "bb_lower": 9.749308309995978, "bb_upper": 12.117644070956402, "rsi": 26.965292661951437, "mfi": 34.99542719860551, "atr": 0.3873571428571426}
[ENTRY] 2026-08-07T14:19:59+00:00 HEITRY layer=2 value=346.10 entry=9.67725250 cash=3119.59
[SIGNAL] 2026-08-07T14:14:59+00:00 BANKTRY BUY fill_at=2026-08-07T14:19:59+00:00 features={"close": 1.975, "bb_lower": 1.9776364621956222, "bb_upper": 1.9974111568519963, "rsi": 36.0291484841121, "mfi": 33.16290926391153, "atr": 0.007571428571428578}
[BLOCKED] BANKTRY reason=max_layers
[SCAN] 2026-08-07T14:19:59+00:00 symbols=20 signals=2 entries=1 exits=0 blocked=1 open=10 cash=3119.59 equity=9755.58
[SIGNAL] 2026-08-07T14:19:59+00:00 EIGENTRY BUY fill_at=2026-08-07T14:24:59+00:00 features={"close": 8.42, "bb_lower": 8.435455033621302, "bb_upper": 8.533116394950124, "rsi": 32.85373605964182, "mfi": 21.13703377825516, "atr": 0.02514285714285691}
[ENTRY] 2026-08-07T14:24:59+00:00 EIGENTRY layer=1 value=311.49 entry=8.43231950 cash=2807.63
[SCAN] 2026-08-07T14:24:59+00:00 symbols=20 signals=1 entries=1 exits=0 blocked=0 open=11 cash=2807.63 equity=9762.02
[SIGNAL] 2026-08-07T14:24:59+00:00 EIGENTRY BUY fill_at=2026-08-07T14:29:59+00:00 features={"close": 8.423, "bb_lower": 8.42590910598152, "bb_upper": 8.536567084494669, "rsi": 33.96880215047376, "mfi": 24.063664640536658, "atr": 0.024642857142856935}
[ENTRY] 2026-08-07T14:29:59+00:00 EIGENTRY layer=2 value=280.34 entry=8.43532175 cash=2526.87
[SCAN] 2026-08-07T14:29:59+00:00 symbols=20 signals=1 entries=1 exits=0 blocked=0 open=11 cash=2526.87 equity=9755.62
[SCAN] 2026-08-07T14:34:59+00:00 symbols=20 signals=0 entries=0 exits=0 blocked=0 open=11 cash=2526.87 equity=9724.59
[SIGNAL] 2026-08-07T14:34:59+00:00 ADATRY BUY fill_at=2026-08-07T14:39:59+00:00 features={"close": 9.43, "bb_lower": 9.4387003828218, "bb_upper": 9.600347236225815, "rsi": 32.918978318625605, "mfi": 10.196872096324938, "atr": 0.034999999999999885}
[BLOCKED] ADATRY reason=max_layers
[SCAN] 2026-08-07T14:39:59+00:00 symbols=20 signals=1 entries=0 exits=0 blocked=1 open=11 cash=2526.87 equity=9722.39
[SIGNAL] 2026-08-07T14:39:59+00:00 ADATRY BUY fill_at=2026-08-07T14:44:59+00:00 features={"close": 9.39, "bb_lower": 9.416354533014557, "bb_upper": 9.6055502288902, "rsi": 28.57605515899546, "mfi": 6.172521777838071, "atr": 0.03571428571428546}
[BLOCKED] ADATRY reason=max_layers
[SCAN] 2026-08-07T14:44:59+00:00 symbols=20 signals=1 entries=0 exits=0 blocked=1 open=11 cash=2526.87 equity=9759.22
[SIGNAL] 2026-08-07T14:44:59+00:00 LDOTRY BUY fill_at=2026-08-07T14:49:59+00:00 features={"close": 13.63, "bb_lower": 13.641591773081146, "bb_upper": 13.731741560252189, "rsi": 33.67420048933886, "mfi": 1.3277191542071876, "atr": 0.023571428571428958}
[BLOCKED] LDOTRY reason=max_layers
[SCAN] 2026-08-07T14:49:59+00:00 symbols=20 signals=1 entries=0 exits=0 blocked=1 open=11 cash=2526.87 equity=9726.79
[SIGNAL] 2026-08-07T14:49:59+00:00 LDOTRY BUY fill_at=2026-08-07T14:54:59+00:00 features={"close": 13.62, "bb_lower": 13.630544261127202, "bb_upper": 13.737074786491846, "rsi": 31.856528347173466, "mfi": 1.289517198170543, "atr": 0.023571428571428958}
[BLOCKED] LDOTRY reason=max_layers
[SCAN] 2026-08-07T14:54:59+00:00 symbols=20 signals=1 entries=0 exits=0 blocked=1 open=11 cash=2526.87 equity=9726.40
[SIGNAL] 2026-08-07T14:54:59+00:00 ENATRY BUY fill_at=2026-08-07T14:59:59+00:00 features={"close": 4.488, "bb_lower": 4.49748274222475, "bb_upper": 4.590231543489534, "rsi": 34.22126702622744, "mfi": 13.63244718568599, "atr": 0.017857142857142856}
[ENTRY] 2026-08-07T14:59:59+00:00 ENATRY layer=1 value=252.31 entry=4.49636975 cash=2274.18
[SIGNAL] 2026-08-07T14:54:59+00:00 LDOTRY BUY fill_at=2026-08-07T14:59:59+00:00 features={"close": 13.6, "bb_lower": 13.61585730194102, "bb_upper": 13.744142698058983, "rsi": 28.520927951752867, "mfi": 1.3060507975265239, "atr": 0.02428571428571453}
[BLOCKED] LDOTRY reason=max_layers
[SCAN] 2026-08-07T14:59:59+00:00 symbols=20 signals=2 entries=1 exits=0 blocked=1 open=12 cash=2274.18 equity=9740.85
[SCAN] 2026-08-07T15:04:59+00:00 symbols=20 signals=0 entries=0 exits=0 blocked=3 open=12 cash=2274.18 equity=9714.88
[SIGNAL] 2026-08-07T15:04:59+00:00 AMPTRY BUY fill_at=2026-08-07T15:09:59+00:00 features={"close": 0.0184, "bb_lower": 0.018435991741349633, "bb_upper": 0.01878305587769799, "rsi": 25.39866806254541, "mfi": 12.797260626718852, "atr": 5.714285714285705e-05}
[ENTRY] 2026-08-07T15:09:59+00:00 AMPTRY layer=1 value=227.08 entry=0.01841380 cash=2046.77
[SCAN] 2026-08-07T15:09:59+00:00 symbols=20 signals=1 entries=1 exits=0 blocked=4 open=13 cash=2046.77 equity=9734.83
[SIGNAL] 2026-08-07T15:09:59+00:00 AMPTRY BUY fill_at=2026-08-07T15:14:59+00:00 features={"close": 0.0184, "bb_lower": 0.01840481998541029, "bb_upper": 0.018795180014589706, "rsi": 25.398668075342698, "mfi": 14.55544230799002, "atr": 5.714285714285705e-05}
[ENTRY] 2026-08-07T15:14:59+00:00 AMPTRY layer=2 value=204.37 entry=0.01841380 cash=1842.09
[SCAN] 2026-08-07T15:14:59+00:00 symbols=20 signals=1 entries=1 exits=0 blocked=1 open=13 cash=1842.09 equity=9740.39
[SCAN] 2026-08-07T15:19:59+00:00 symbols=20 signals=0 entries=0 exits=0 blocked=0 open=13 cash=1842.09 equity=9733.80
[SCAN] 2026-08-07T15:24:59+00:00 symbols=20 signals=0 entries=0 exits=0 blocked=0 open=13 cash=1842.09 equity=9725.97
[SCAN] 2026-08-07T15:29:59+00:00 symbols=20 signals=0 entries=0 exits=0 blocked=0 open=13 cash=1842.09 equity=9712.63
[SCAN] 2026-08-07T15:34:59+00:00 symbols=20 signals=0 entries=0 exits=0 blocked=1 open=13 cash=1842.09 equity=9740.41
[SCAN] 2026-08-07T15:39:59+00:00 symbols=20 signals=0 entries=0 exits=0 blocked=0 open=13 cash=1842.09 equity=9758.99
[EXIT] 2026-08-07T15:44:59+00:00 FIDATRY reason=bb_mfi_v3_signal_exit pnl=-16.22 cash=2291.54
[SCAN] 2026-08-07T15:44:59+00:00 symbols=20 signals=0 entries=0 exits=1 blocked=0 open=12 cash=2291.54 equity=9756.68
[SCAN] 2026-08-07T15:49:59+00:00 symbols=20 signals=0 entries=0 exits=0 blocked=0 open=12 cash=2291.54 equity=9785.19
[SCAN] 2026-08-07T15:54:59+00:00 symbols=20 signals=0 entries=0 exits=0 blocked=0 open=12 cash=2291.54 equity=9769.71
[SCAN] 2026-08-07T15:59:59+00:00 symbols=20 signals=0 entries=0 exits=0 blocked=0 open=12 cash=2291.54 equity=9785.10
[EXIT] 2026-08-07T16:04:59+00:00 HEITRY reason=fixed_take_profit pnl=+14.98 cash=3334.58
[SCAN] 2026-08-07T16:04:59+00:00 symbols=20 signals=0 entries=0 exits=2 blocked=0 open=10 cash=3334.58 equity=9806.87
[SCAN] 2026-08-07T16:09:59+00:00 symbols=20 signals=0 entries=0 exits=0 blocked=0 open=10 cash=3334.58 equity=9800.77
[SCAN] 2026-08-07T16:14:59+00:00 symbols=20 signals=0 entries=0 exits=0 blocked=0 open=10 cash=3334.58 equity=9797.59
[SCAN] 2026-08-07T16:19:59+00:00 symbols=20 signals=0 entries=0 exits=0 blocked=0 open=10 cash=3334.58 equity=9785.07
[SIGNAL] 2026-08-07T16:19:59+00:00 VICTRY BUY fill_at=2026-08-07T16:24:59+00:00 features={"close": 1.34, "bb_lower": 1.3477460543894326, "bb_upper": 1.3922539456105671, "rsi": 37.500923074947, "mfi": 44.95088395464022, "atr": 0.017142857142857033}
[ENTRY] 2026-08-07T16:24:59+00:00 VICTRY layer=1 value=332.96 entry=1.35101250 cash=3001.13
[SCAN] 2026-08-07T16:24:59+00:00 symbols=20 signals=1 entries=1 exits=0 blocked=0 open=11 cash=3001.13 equity=9803.78
[SCAN] 2026-08-07T16:29:59+00:00 symbols=20 signals=0 entries=0 exits=0 blocked=0 open=11 cash=3001.13 equity=9786.13
[SCAN] 2026-08-07T16:34:59+00:00 symbols=20 signals=0 entries=0 exits=0 blocked=0 open=11 cash=3001.13 equity=9800.10
[SCAN] 2026-08-07T16:39:59+00:00 symbols=20 signals=0 entries=0 exits=0 blocked=0 open=11 cash=3001.13 equity=9808.54
[SIGNAL] 2026-08-07T16:39:59+00:00 OPENTRY BUY fill_at=2026-08-07T16:44:59+00:00 features={"close": 9.918, "bb_lower": 9.92612058059328, "bb_upper": 10.095117514644821, "rsi": 26.840147915606536, "mfi": 17.58512850247908, "atr": 0.01614285714285733}
[ENTRY] 2026-08-07T16:44:59+00:00 OPENTRY layer=2 value=299.66 entry=9.92643925 cash=2701.01
[SCAN] 2026-08-07T16:44:59+00:00 symbols=20 signals=1 entries=1 exits=0 blocked=0 open=11 cash=2701.01 equity=9790.68
[SIGNAL] 2026-08-07T16:44:59+00:00 OPENTRY BUY fill_at=2026-08-07T16:49:59+00:00 features={"close": 9.911, "bb_lower": 9.911237723402436, "bb_upper": 10.100286086121379, "rsi": 25.820168116101, "mfi": 16.487315835077325, "atr": 0.015428571428571633}
[BLOCKED] OPENTRY reason=max_layers
[SCAN] 2026-08-07T16:49:59+00:00 symbols=20 signals=1 entries=0 exits=0 blocked=1 open=11 cash=2701.01 equity=9767.09
[SIGNAL] 2026-08-07T16:49:59+00:00 BANKTRY BUY fill_at=2026-08-07T16:54:59+00:00 features={"close": 1.955, "bb_lower": 1.9655991672186537, "bb_upper": 2.003829404209917, "rsi": 28.078383029118868, "mfi": 22.088368141546496, "atr": 0.008928571428571428}
[BLOCKED] BANKTRY reason=max_layers
[SIGNAL] 2026-08-07T16:49:59+00:00 HOMETRY BUY fill_at=2026-08-07T16:54:59+00:00 features={"close": 0.441, "bb_lower": 0.441163840344442, "bb_upper": 0.4554075882269867, "rsi": 39.09997283075882, "mfi": 35.43632238152276, "atr": 0.004357142857142861}
[ENTRY] 2026-08-07T16:54:59+00:00 HOMETRY layer=1 value=269.70 entry=0.44233150 cash=2430.91
[SCAN] 2026-08-07T16:54:59+00:00 symbols=20 signals=2 entries=1 exits=0 blocked=1 open=12 cash=2430.91 equity=9786.65
[SIGNAL] 2026-08-07T16:54:59+00:00 BANKTRY BUY fill_at=2026-08-07T16:59:59+00:00 features={"close": 1.958, "bb_lower": 1.9615534635089538, "bb_upper": 2.0058751079196173, "rsi": 31.46073206263293, "mfi": 24.001875432354126, "atr": 0.008428571428571436}
[BLOCKED] BANKTRY reason=max_layers
[SCAN] 2026-08-07T16:59:59+00:00 symbols=20 signals=1 entries=0 exits=0 blocked=1 open=12 cash=2430.91 equity=9766.90
[SIGNAL] 2026-08-07T16:59:59+00:00 BANKTRY BUY fill_at=2026-08-07T17:04:59+00:00 features={"close": 1.948, "bb_lower": 1.9551664193240836, "bb_upper": 2.007881199723535, "rsi": 26.893553302644207, "mfi": 18.758645479946438, "atr": 0.008714285714285721}
[BLOCKED] BANKTRY reason=max_layers
[SIGNAL] 2026-08-07T16:59:59+00:00 HOMETRY BUY fill_at=2026-08-07T17:04:59+00:00 features={"close": 0.433, "bb_lower": 0.4373804900709958, "bb_upper": 0.4570004623099567, "rsi": 31.2325569769351, "mfi": 32.32290064390597, "atr": 0.00478571428571429}
[ENTRY] 2026-08-07T17:04:59+00:00 HOMETRY layer=2 value=276.61 entry=0.43332475 cash=2493.23
[SIGNAL] 2026-08-07T16:59:59+00:00 EIGENTRY BUY fill_at=2026-08-07T17:04:59+00:00 features={"close": 8.331, "bb_lower": 8.35720112184814, "bb_upper": 8.438132211485195, "rsi": 31.912921115499927, "mfi": 29.40893397837762, "atr": 0.026214285714285523}
[BLOCKED] EIGENTRY reason=max_layers
[SCAN] 2026-08-07T17:04:59+00:00 symbols=20 signals=3 entries=1 exits=1 blocked=3 open=11 cash=2493.23 equity=9758.65
[SIGNAL] 2026-08-07T17:04:59+00:00 BANKTRY BUY fill_at=2026-08-07T17:09:59+00:00 features={"close": 1.95, "bb_lower": 1.950501263989989, "bb_upper": 2.0083558788671536, "rsi": 29.122898059535984, "mfi": 17.900158547431488, "atr": 0.009000000000000008}
[BLOCKED] BANKTRY reason=max_layers
[SIGNAL] 2026-08-07T17:04:59+00:00 HOMETRY BUY fill_at=2026-08-07T17:09:59+00:00 features={"close": 0.432, "bb_lower": 0.434770487033162, "bb_upper": 0.4582771320144571, "rsi": 30.357508725834947, "mfi": 25.46073556307371, "atr": 0.004857142857142861}
[BLOCKED] HOMETRY reason=max_layers
[SIGNAL] 2026-08-07T17:04:59+00:00 AMPTRY BUY fill_at=2026-08-07T17:09:59+00:00 features={"close": 0.0183, "bb_lower": 0.01833145772898382, "bb_upper": 0.018611399413873325, "rsi": 31.676754950638696, "mfi": 7.055518420078556, "atr": 4.99999999999997e-05}
[BLOCKED] AMPTRY reason=max_layers
[SIGNAL] 2026-08-07T17:04:59+00:00 EIGENTRY BUY fill_at=2026-08-07T17:09:59+00:00 features={"close": 8.318, "bb_lower": 8.341022010684258, "bb_upper": 8.446597036934788, "rsi": 29.91518510129474, "mfi": 22.292392911767166, "atr": 0.025357142857142634}
[BLOCKED] EIGENTRY reason=max_layers
[SCAN] 2026-08-07T17:09:59+00:00 symbols=20 signals=4 entries=0 exits=0 blocked=5 open=11 cash=2493.23 equity=9773.42
[SIGNAL] 2026-08-07T17:09:59+00:00 HOMETRY BUY fill_at=2026-08-07T17:14:59+00:00 features={"close": 0.431, "bb_lower": 0.432259888956115, "bb_upper": 0.45897820628198016, "rsi": 29.463241946425015, "mfi": 23.754150498115592, "atr": 0.004714285714285719}
[BLOCKED] HOMETRY reason=max_layers
[SIGNAL] 2026-08-07T17:09:59+00:00 AMPTRY BUY fill_at=2026-08-07T17:14:59+00:00 features={"close": 0.0183, "bb_lower": 0.018311338033997145, "bb_upper": 0.018621995299336194, "rsi": 31.67675497178743, "mfi": 7.055518420078556, "atr": 4.99999999999997e-05}
[BLOCKED] AMPTRY reason=max_layers
[SCAN] 2026-08-07T17:14:59+00:00 symbols=20 signals=2 entries=0 exits=0 blocked=2 open=11 cash=2493.23 equity=9779.56
[SIGNAL] 2026-08-07T17:14:59+00:00 ENATRY BUY fill_at=2026-08-07T17:19:59+00:00 features={"close": 4.494, "bb_lower": 4.494917235991385, "bb_upper": 4.558892287818138, "rsi": 39.88552541928478, "mfi": 49.057392746832925, "atr": 0.02099999999999997}
[ENTRY] 2026-08-07T17:19:59+00:00 ENATRY layer=1 value=248.95 entry=4.49636975 cash=2243.90
[SCAN] 2026-08-07T17:19:59+00:00 symbols=20 signals=1 entries=1 exits=0 blocked=0 open=12 cash=2243.90 equity=9781.31
[SIGNAL] 2026-08-07T17:19:59+00:00 ENATRY BUY fill_at=2026-08-07T17:24:59+00:00 features={"close": 4.488, "bb_lower": 4.489871380679651, "bb_upper": 4.561366714558443, "rsi": 38.41711527130031, "mfi": 49.45268701323367, "atr": 0.02028571428571427}
[ENTRY] 2026-08-07T17:24:59+00:00 ENATRY layer=2 value=224.05 entry=4.49036525 cash=2019.51
[SCAN] 2026-08-07T17:24:59+00:00 symbols=20 signals=1 entries=1 exits=0 blocked=0 open=12 cash=2019.51 equity=9776.25
[SIGNAL] 2026-08-07T17:24:59+00:00 ADATRY BUY fill_at=2026-08-07T17:29:59+00:00 features={"close": 9.45, "bb_lower": 9.452805547352387, "bb_upper": 9.589099214552373, "rsi": 37.665637478389904, "mfi": 37.25255805760565, "atr": 0.024285714285714275}
[BLOCKED] ADATRY reason=max_layers
[SIGNAL] 2026-08-07T17:24:59+00:00 ENATRY BUY fill_at=2026-08-07T17:29:59+00:00 features={"close": 4.466, "bb_lower": 4.4807652761539325, "bb_upper": 4.566853771465113, "rsi": 33.51577491905712, "mfi": 42.26692595625437, "atr": 0.020857142857142845}
[BLOCKED] ENATRY reason=max_layers
[SCAN] 2026-08-07T17:29:59+00:00 symbols=20 signals=2 entries=0 exits=0 blocked=2 open=12 cash=2019.51 equity=9774.36
[SIGNAL] 2026-08-07T17:29:59+00:00 ENATRY BUY fill_at=2026-08-07T17:34:59+00:00 features={"close": 4.46, "bb_lower": 4.469729662700834, "bb_upper": 4.571317956346784, "rsi": 32.29829884284099, "mfi": 37.37644737473009, "atr": 0.020000000000000018}
[BLOCKED] ENATRY reason=max_layers
[SCAN] 2026-08-07T17:34:59+00:00 symbols=20 signals=1 entries=0 exits=0 blocked=1 open=12 cash=2019.51 equity=9778.28
[SIGNAL] 2026-08-07T17:34:59+00:00 ENATRY BUY fill_at=2026-08-07T17:39:59+00:00 features={"close": 4.458, "bb_lower": 4.460004164328505, "bb_upper": 4.573805359481018, "rsi": 31.880110627434362, "mfi": 36.601747234303936, "atr": 0.019785714285714295}
[BLOCKED] ENATRY reason=max_layers
[SCAN] 2026-08-07T17:39:59+00:00 symbols=20 signals=1 entries=0 exits=0 blocked=1 open=12 cash=2019.51 equity=9783.54
[EXIT] 2026-08-07T17:44:59+00:00 TOWNSTRY reason=bb_mfi_v3_signal_exit pnl=-1.78 cash=2413.99
[SCAN] 2026-08-07T17:44:59+00:00 symbols=20 signals=0 entries=0 exits=1 blocked=0 open=11 cash=2413.99 equity=9789.13
[SCAN] 2026-08-07T17:49:59+00:00 symbols=20 signals=0 entries=0 exits=0 blocked=0 open=11 cash=2413.99 equity=9770.36
[SCAN] 2026-08-07T17:54:59+00:00 symbols=20 signals=0 entries=0 exits=0 blocked=0 open=11 cash=2413.99 equity=9763.43
[SIGNAL] 2026-08-07T17:54:59+00:00 HEITRY BUY fill_at=2026-08-07T17:59:59+00:00 features={"close": 9.949, "bb_lower": 10.02988878057891, "bb_upper": 11.109254076563948, "rsi": 38.57324087776686, "mfi": 38.720276614956184, "atr": 0.26564285714285724}
[ENTRY] 2026-08-07T17:59:59+00:00 HEITRY layer=1 value=241.04 entry=9.95746250 cash=2172.59
[SCAN] 2026-08-07T17:59:59+00:00 symbols=20 signals=1 entries=1 exits=0 blocked=0 open=12 cash=2172.59 equity=9767.06
[SCAN] 2026-08-07T18:04:59+00:00 symbols=20 signals=0 entries=0 exits=1 blocked=0 open=11 cash=2858.74 equity=9769.97
[SCAN] 2026-08-07T18:09:59+00:00 symbols=20 signals=0 entries=0 exits=0 blocked=0 open=11 cash=2858.74 equity=9774.02
[SIGNAL] 2026-08-07T18:09:59+00:00 AMPTRY BUY fill_at=2026-08-07T18:14:59+00:00 features={"close": 0.0181, "bb_lower": 0.018214005844134032, "bb_upper": 0.018538375108246914, "rsi": 19.671066021471404, "mfi": 1.7717120364637111, "atr": 9.285714285714279e-05}
[BLOCKED] AMPTRY reason=max_layers
[SCAN] 2026-08-07T18:14:59+00:00 symbols=20 signals=1 entries=0 exits=0 blocked=1 open=11 cash=2858.74 equity=9779.62
[SIGNAL] 2026-08-07T18:14:59+00:00 AMPTRY BUY fill_at=2026-08-07T18:19:59+00:00 features={"close": 0.0181, "bb_lower": 0.01816213164796759, "bb_upper": 0.01856167787584193, "rsi": 19.67106601948332, "mfi": 1.8289915816446722, "atr": 7.85714285714286e-05}
[BLOCKED] AMPTRY reason=max_layers
[EXIT] 2026-08-07T18:19:59+00:00 HEITRY reason=fixed_take_profit pnl=+4.67 cash=3104.81
[SCAN] 2026-08-07T18:19:59+00:00 symbols=20 signals=1 entries=0 exits=1 blocked=1 open=10 cash=3104.81 equity=9775.15
[SIGNAL] 2026-08-07T18:19:59+00:00 AMPTRY BUY fill_at=2026-08-07T18:24:59+00:00 features={"close": 0.0181, "bb_lower": 0.018119842652512354, "bb_upper": 0.01857539544272574, "rsi": 19.67106601732955, "mfi": 1.8289915816446722, "atr": 7.85714285714286e-05}
[BLOCKED] AMPTRY reason=max_layers
[SCAN] 2026-08-07T18:24:59+00:00 symbols=20 signals=1 entries=0 exits=0 blocked=1 open=10 cash=3104.81 equity=9756.23
[SIGNAL] 2026-08-07T18:24:59+00:00 NOMTRY BUY fill_at=2026-08-07T18:29:59+00:00 features={"close": 0.077, "bb_lower": 0.07734963542800592, "bb_upper": 0.07969798361961315, "rsi": 31.166804424723324, "mfi": 6.259874736418624, "atr": 0.0006428571428571435}
[BLOCKED] NOMTRY reason=max_layers
[SCAN] 2026-08-07T18:29:59+00:00 symbols=20 signals=1 entries=0 exits=0 blocked=1 open=10 cash=3104.81 equity=9756.59
[SIGNAL] 2026-08-07T18:29:59+00:00 NOMTRY BUY fill_at=2026-08-07T18:34:59+00:00 features={"close": 0.077, "bb_lower": 0.07710891367042372, "bb_upper": 0.07974822918671914, "rsi": 31.16680442157252, "mfi": 6.258382871671145, "atr": 0.0007142857142857149}
[BLOCKED] NOMTRY reason=max_layers
[SCAN] 2026-08-07T18:34:59+00:00 symbols=20 signals=1 entries=0 exits=0 blocked=1 open=10 cash=3104.81 equity=9764.71
[SCAN] 2026-08-07T18:39:59+00:00 symbols=20 signals=0 entries=0 exits=0 blocked=0 open=10 cash=3104.81 equity=9778.09
[SCAN] 2026-08-07T18:44:59+00:00 symbols=20 signals=0 entries=0 exits=0 blocked=0 open=10 cash=3104.81 equity=9761.64
[SCAN] 2026-08-07T18:49:59+00:00 symbols=20 signals=0 entries=0 exits=0 blocked=0 open=10 cash=3104.81 equity=9755.14
[SCAN] 2026-08-07T18:54:59+00:00 symbols=20 signals=0 entries=0 exits=0 blocked=0 open=10 cash=3104.81 equity=9750.16
[SIGNAL] 2026-08-07T18:54:59+00:00 AMPTRY BUY fill_at=2026-08-07T18:59:59+00:00 features={"close": 0.0179, "bb_lower": 0.017930743436034784, "bb_upper": 0.018554970849679504, "rsi": 22.024376369658967, "mfi": 6.143864917363203, "atr": 0.00012142857142857144}
[BLOCKED] AMPTRY reason=max_layers
[SCAN] 2026-08-07T18:59:59+00:00 symbols=20 signals=1 entries=0 exits=0 blocked=1 open=10 cash=3104.81 equity=9755.39
[SCAN] 2026-08-07T19:04:59+00:00 symbols=20 signals=0 entries=0 exits=0 blocked=0 open=10 cash=3104.81 equity=9747.57
[SCAN] 2026-08-07T19:09:59+00:00 symbols=20 signals=0 entries=0 exits=0 blocked=0 open=10 cash=3104.81 equity=9769.94
[SIGNAL] 2026-08-07T19:09:59+00:00 TSTTRY BUY fill_at=2026-08-07T19:14:59+00:00 features={"close": 0.623, "bb_lower": 0.6247383112273504, "bb_upper": 0.6693569268678878, "rsi": 34.44503085687839, "mfi": 44.89981047867042, "atr": 0.009214285714285722}
[ENTRY] 2026-08-07T19:14:59+00:00 TSTTRY layer=1 value=310.02 entry=0.62346725 cash=2794.33
[SCAN] 2026-08-07T19:14:59+00:00 symbols=20 signals=1 entries=1 exits=0 blocked=0 open=11 cash=2794.33 equity=9776.52
[SIGNAL] 2026-08-07T19:14:59+00:00 KATTRY BUY fill_at=2026-08-07T19:19:59+00:00 features={"close": 0.2184, "bb_lower": 0.21841886015700943, "bb_upper": 0.22083828270013348, "rsi": 35.94969038884237, "mfi": 23.989398001151997, "atr": 0.00042857142857142893}
[ENTRY] 2026-08-07T19:19:59+00:00 KATTRY layer=1 value=279.01 entry=0.21876395 cash=2514.89
[SCAN] 2026-08-07T19:19:59+00:00 symbols=20 signals=1 entries=1 exits=0 blocked=0 open=12 cash=2514.89 equity=9778.15
[SCAN] 2026-08-07T19:24:59+00:00 symbols=20 signals=0 entries=0 exits=0 blocked=0 open=12 cash=2514.89 equity=9778.23
[SCAN] 2026-08-07T19:29:59+00:00 symbols=20 signals=0 entries=0 exits=0 blocked=0 open=12 cash=2514.89 equity=9764.81
[EXIT] 2026-08-07T19:34:59+00:00 TSTTRY reason=fixed_take_profit pnl=+6.00 cash=2831.38
[SCAN] 2026-08-07T19:34:59+00:00 symbols=20 signals=0 entries=0 exits=1 blocked=0 open=11 cash=2831.38 equity=9769.79
[SCAN] 2026-08-07T19:39:59+00:00 symbols=20 signals=0 entries=0 exits=0 blocked=1 open=11 cash=2831.38 equity=9775.85
[SCAN] 2026-08-07T19:44:59+00:00 symbols=20 signals=0 entries=0 exits=0 blocked=1 open=11 cash=2831.38 equity=9763.92
[SCAN] 2026-08-07T19:49:59+00:00 symbols=20 signals=0 entries=0 exits=0 blocked=0 open=11 cash=2831.38 equity=9758.83
[SCAN] 2026-08-07T19:54:59+00:00 symbols=20 signals=0 entries=0 exits=0 blocked=0 open=11 cash=2831.38 equity=9762.09
[SCAN] 2026-08-07T19:59:59+00:00 symbols=20 signals=0 entries=0 exits=0 blocked=0 open=11 cash=2831.38 equity=9755.72
[SCAN] 2026-08-07T20:04:59+00:00 symbols=20 signals=0 entries=0 exits=0 blocked=0 open=11 cash=2831.38 equity=9750.58
[SCAN] 2026-08-07T20:09:59+00:00 symbols=20 signals=0 entries=0 exits=0 blocked=0 open=11 cash=2831.38 equity=9744.86
[SIGNAL] 2026-08-07T20:09:59+00:00 FIDATRY BUY fill_at=2026-08-07T20:14:59+00:00 features={"close": 0.862, "bb_lower": 0.8624415915887024, "bb_upper": 0.8737488846017735, "rsi": 37.12324198892755, "mfi": 15.309357836984702, "atr": 0.0019285714285714303}
[ENTRY] 2026-08-07T20:14:59+00:00 FIDATRY layer=1 value=282.71 entry=0.86264650 cash=2548.24
[SIGNAL] 2026-08-07T20:09:59+00:00 RESOLVTRY BUY fill_at=2026-08-07T20:14:59+00:00 features={"close": 0.8552, "bb_lower": 0.8576220197940164, "bb_upper": 0.8794160754440786, "rsi": 26.54440815343939, "mfi": 27.321294829447112, "atr": 0.0020999999999999986}
[BLOCKED] RESOLVTRY reason=max_layers
[SCAN] 2026-08-07T20:14:59+00:00 symbols=20 signals=2 entries=1 exits=0 blocked=1 open=12 cash=2548.24 equity=9733.06
[SIGNAL] 2026-08-07T20:14:59+00:00 NOMTRY BUY fill_at=2026-08-07T20:19:59+00:00 features={"close": 0.076, "bb_lower": 0.0762301860977529, "bb_upper": 0.07853171866415187, "rsi": 34.082005836473044, "mfi": 30.059149664738868, "atr": 0.0005714285714285719}
[BLOCKED] NOMTRY reason=max_layers
[SCAN] 2026-08-07T20:19:59+00:00 symbols=20 signals=1 entries=0 exits=0 blocked=1 open=12 cash=2548.24 equity=9735.75
[SIGNAL] 2026-08-07T20:19:59+00:00 NOMTRY BUY fill_at=2026-08-07T20:24:59+00:00 features={"close": 0.076, "bb_lower": 0.0760485011844541, "bb_upper": 0.07861816548221258, "rsi": 34.08200590566466, "mfi": 28.567129943143144, "atr": 0.0005000000000000004}
[BLOCKED] NOMTRY reason=max_layers
[SCAN] 2026-08-07T20:24:59+00:00 symbols=20 signals=1 entries=0 exits=0 blocked=1 open=12 cash=2548.24 equity=9739.99
[SIGNAL] 2026-08-07T20:24:59+00:00 RESOLVTRY BUY fill_at=2026-08-07T20:29:59+00:00 features={"close": 0.8547, "bb_lower": 0.8549341039558493, "bb_upper": 0.8759135150917696, "rsi": 29.301122201339595, "mfi": 34.534329470275594, "atr": 0.0024214285714285744}
[BLOCKED] RESOLVTRY reason=max_layers
[SCAN] 2026-08-07T20:29:59+00:00 symbols=20 signals=1 entries=0 exits=0 blocked=1 open=12 cash=2548.24 equity=9744.92
[SCAN] 2026-08-07T20:34:59+00:00 symbols=20 signals=0 entries=0 exits=0 blocked=0 open=12 cash=2548.24 equity=9744.13
[SIGNAL] 2026-08-07T20:34:59+00:00 EIGENTRY BUY fill_at=2026-08-07T20:39:59+00:00 features={"close": 8.338, "bb_lower": 8.34996997550514, "bb_upper": 8.424315738780574, "rsi": 31.739588380443365, "mfi": 20.376473882314684, "atr": 0.012142857142856758}
[BLOCKED] EIGENTRY reason=max_layers
[SCAN] 2026-08-07T20:39:59+00:00 symbols=20 signals=1 entries=0 exits=0 blocked=2 open=12 cash=2548.24 equity=9733.10
[SIGNAL] 2026-08-07T20:39:59+00:00 EIGENTRY BUY fill_at=2026-08-07T20:44:59+00:00 features={"close": 8.336, "bb_lower": 8.341485630483062, "bb_upper": 8.426990559993131, "rsi": 31.288800484364913, "mfi": 9.969884625241136, "atr": 0.012285714285713947}
[BLOCKED] EIGENTRY reason=max_layers
[SCAN] 2026-08-07T20:44:59+00:00 symbols=20 signals=1 entries=0 exits=0 blocked=2 open=12 cash=2548.24 equity=9750.96
[EXIT] 2026-08-07T20:49:59+00:00 LDOTRY reason=bb_mfi_v3_signal_exit pnl=-11.96 cash=3036.55
[SIGNAL] 2026-08-07T20:44:59+00:00 EIGENTRY BUY fill_at=2026-08-07T20:49:59+00:00 features={"close": 8.33, "bb_lower": 8.332891332758779, "bb_upper": 8.429489619622176, "rsi": 29.90827117091537, "mfi": 15.20730976443059, "atr": 0.01349999999999975}
[BLOCKED] EIGENTRY reason=max_layers
[SCAN] 2026-08-07T20:49:59+00:00 symbols=20 signals=1 entries=0 exits=1 blocked=1 open=11 cash=3036.55 equity=9762.23
[EXIT] 2026-08-07T20:54:59+00:00 ADATRY reason=bb_mfi_v3_signal_exit pnl=+5.75 cash=3939.28
[SCAN] 2026-08-07T20:54:59+00:00 symbols=20 signals=0 entries=0 exits=1 blocked=0 open=10 cash=3939.28 equity=9754.31
[SIGNAL] 2026-08-07T20:54:59+00:00 EIGENTRY BUY fill_at=2026-08-07T20:59:59+00:00 features={"close": 8.305, "bb_lower": 8.313816762344892, "bb_upper": 8.432849904321778, "rsi": 24.600485507934337, "mfi": 24.662339217724593, "atr": 0.015642857142856847}
[BLOCKED] EIGENTRY reason=max_layers
[SCAN] 2026-08-07T20:59:59+00:00 symbols=20 signals=1 entries=0 exits=0 blocked=1 open=10 cash=3939.28 equity=9761.71
[SCAN] 2026-08-07T21:04:59+00:00 symbols=20 signals=0 entries=0 exits=0 blocked=1 open=10 cash=3939.28 equity=9775.26
[SCAN] 2026-08-07T21:09:59+00:00 symbols=20 signals=0 entries=0 exits=0 blocked=0 open=10 cash=3939.28 equity=9781.55
[EXIT] 2026-08-07T21:14:59+00:00 AMPTRY reason=bb_mfi_v3_signal_exit pnl=-4.28 cash=4367.10
[SCAN] 2026-08-07T21:14:59+00:00 symbols=20 signals=0 entries=0 exits=1 blocked=0 open=9 cash=4367.10 equity=9780.42
[SCAN] 2026-08-07T21:19:59+00:00 symbols=20 signals=0 entries=0 exits=0 blocked=0 open=9 cash=4367.10 equity=9772.06
[SCAN] 2026-08-07T21:24:59+00:00 symbols=20 signals=0 entries=0 exits=0 blocked=0 open=9 cash=4367.10 equity=9767.86
[SCAN] 2026-08-07T21:29:59+00:00 symbols=20 signals=0 entries=0 exits=0 blocked=0 open=9 cash=4367.10 equity=9766.56
[SCAN] 2026-08-07T21:34:59+00:00 symbols=20 signals=0 entries=0 exits=0 blocked=0 open=9 cash=4367.10 equity=9766.85
[SCAN] 2026-08-07T21:39:59+00:00 symbols=20 signals=0 entries=0 exits=0 blocked=0 open=9 cash=4367.10 equity=9753.37
[SCAN] 2026-08-07T21:44:59+00:00 symbols=20 signals=0 entries=0 exits=0 blocked=0 open=9 cash=4367.10 equity=9752.54
[SIGNAL] 2026-08-07T21:44:59+00:00 RESOLVTRY BUY fill_at=2026-08-07T21:49:59+00:00 features={"close": 0.8492, "bb_lower": 0.8492477869823871, "bb_upper": 0.8591045939699937, "rsi": 27.51193943457764, "mfi": 26.700243773554234, "atr": 0.0013142857142857123}
[BLOCKED] RESOLVTRY reason=max_layers
[SCAN] 2026-08-07T21:49:59+00:00 symbols=20 signals=1 entries=0 exits=0 blocked=1 open=9 cash=4367.10 equity=9759.22
[SIGNAL] 2026-08-07T21:49:59+00:00 RESOLVTRY BUY fill_at=2026-08-07T21:54:59+00:00 features={"close": 0.8483, "bb_lower": 0.8488061209586312, "bb_upper": 0.8584319742794643, "rsi": 26.021434966346362, "mfi": 27.036551931508995, "atr": 0.001349999999999994}
[BLOCKED] RESOLVTRY reason=max_layers
[SCAN] 2026-08-07T21:54:59+00:00 symbols=20 signals=1 entries=0 exits=0 blocked=1 open=9 cash=4367.10 equity=9763.89
[SIGNAL] 2026-08-07T21:54:59+00:00 TSTTRY BUY fill_at=2026-08-07T21:59:59+00:00 features={"close": 0.631, "bb_lower": 0.6324365125347181, "bb_upper": 0.6461349160367106, "rsi": 40.24100746371578, "mfi": 43.21850060323743, "atr": 0.0053571428571428615}
[ENTRY] 2026-08-07T21:59:59+00:00 TSTTRY layer=1 value=436.06 entry=0.62847100 cash=3930.39
[SCAN] 2026-08-07T21:59:59+00:00 symbols=20 signals=1 entries=1 exits=0 blocked=1 open=10 cash=3930.39 equity=9751.87
[SIGNAL] 2026-08-07T21:59:59+00:00 ENATRY BUY fill_at=2026-08-07T22:04:59+00:00 features={"close": 4.43, "bb_lower": 4.440853432968431, "bb_upper": 4.503813233698234, "rsi": 29.352298853622386, "mfi": 53.58956631725868, "atr": 0.010071428571428573}
[BLOCKED] ENATRY reason=max_layers
[SCAN] 2026-08-07T22:04:59+00:00 symbols=20 signals=1 entries=0 exits=0 blocked=3 open=10 cash=3930.39 equity=9753.50
[SIGNAL] 2026-08-07T22:04:59+00:00 ENATRY BUY fill_at=2026-08-07T22:09:59+00:00 features={"close": 4.418, "bb_lower": 4.430624158290317, "bb_upper": 4.508709175043019, "rsi": 26.062016984027295, "mfi": 45.467069227439026, "atr": 0.010642857142857145}
[BLOCKED] ENATRY reason=max_layers
[SIGNAL] 2026-08-07T22:04:59+00:00 RESOLVTRY BUY fill_at=2026-08-07T22:09:59+00:00 features={"close": 0.8469, "bb_lower": 0.8475762356557559, "bb_upper": 0.8576142405347202, "rsi": 31.005046699997408, "mfi": 35.275823811779446, "atr": 0.001757142857142838}
[BLOCKED] RESOLVTRY reason=max_layers
[SIGNAL] 2026-08-07T22:04:59+00:00 ONDOTRY BUY fill_at=2026-08-07T22:09:59+00:00 features={"close": 16.53, "bb_lower": 16.533778590556604, "bb_upper": 16.702411885633875, "rsi": 38.107120881930534, "mfi": 43.53958218966141, "atr": 0.03571428571428622}
[BLOCKED] ONDOTRY reason=max_layers
[SCAN] 2026-08-07T22:09:59+00:00 symbols=20 signals=3 entries=0 exits=0 blocked=5 open=10 cash=3930.39 equity=9748.28
[SCAN] 2026-08-07T22:14:59+00:00 symbols=20 signals=0 entries=0 exits=0 blocked=1 open=10 cash=3930.39 equity=9750.91
[SIGNAL] 2026-08-07T22:14:59+00:00 BANKTRY BUY fill_at=2026-08-07T22:19:59+00:00 features={"close": 1.928, "bb_lower": 1.9343656631512165, "bb_upper": 1.9865867178011645, "rsi": 28.971839512371957, "mfi": 31.51745764006715, "atr": 0.010357142857142858}
[BLOCKED] BANKTRY reason=max_layers
[EXIT] 2026-08-07T22:19:59+00:00 TSTTRY reason=fixed_take_profit pnl=+8.45 cash=4375.54
[SCAN] 2026-08-07T22:19:59+00:00 symbols=20 signals=1 entries=0 exits=1 blocked=1 open=9 cash=4375.54 equity=9763.96
[SCAN] 2026-08-07T22:24:59+00:00 symbols=20 signals=0 entries=0 exits=0 blocked=0 open=9 cash=4375.54 equity=9769.50
[SCAN] 2026-08-07T22:29:59+00:00 symbols=20 signals=0 entries=0 exits=0 blocked=0 open=9 cash=4375.54 equity=9753.28
[SIGNAL] 2026-08-07T22:29:59+00:00 BANKTRY BUY fill_at=2026-08-07T22:34:59+00:00 features={"close": 1.909, "bb_lower": 1.9181030533252537, "bb_upper": 1.9923731371509363, "rsi": 24.931133078226466, "mfi": 18.405074702646218, "atr": 0.012214285714285717}
[BLOCKED] BANKTRY reason=max_layers
[SIGNAL] 2026-08-07T22:29:59+00:00 ONDOTRY BUY fill_at=2026-08-07T22:34:59+00:00 features={"close": 16.5, "bb_lower": 16.515826395223236, "bb_upper": 16.709887890491046, "rsi": 36.41237301346833, "mfi": 6.872245470659621, "atr": 0.03642857142857154}
[BLOCKED] ONDOTRY reason=max_layers
[SCAN] 2026-08-07T22:34:59+00:00 symbols=20 signals=2 entries=0 exits=0 blocked=2 open=9 cash=4375.54 equity=9745.48
[SIGNAL] 2026-08-07T22:34:59+00:00 ONDOTRY BUY fill_at=2026-08-07T22:39:59+00:00 features={"close": 16.48, "bb_lower": 16.496378070105788, "bb_upper": 16.71981240608469, "rsi": 34.385171131860005, "mfi": 6.940110663444884, "atr": 0.036428571428571796}
[BLOCKED] ONDOTRY reason=max_layers
[SCAN] 2026-08-07T22:39:59+00:00 symbols=20 signals=1 entries=0 exits=0 blocked=1 open=9 cash=4375.54 equity=9741.48
[SIGNAL] 2026-08-07T22:39:59+00:00 ENATRY BUY fill_at=2026-08-07T22:44:59+00:00 features={"close": 4.383, "bb_lower": 4.387509210030028, "bb_upper": 4.511157456636638, "rsi": 20.577611170185307, "mfi": 16.357605320482563, "atr": 0.0103571428571427}
[BLOCKED] ENATRY reason=max_layers
[SIGNAL] 2026-08-07T22:39:59+00:00 ONDOTRY BUY fill_at=2026-08-07T22:44:59+00:00 features={"close": 16.46, "bb_lower": 16.473675941487947, "bb_upper": 16.730133582321578, "rsi": 32.42926834200087, "mfi": 6.9525424107671085, "atr": 0.036428571428571796}
[BLOCKED] ONDOTRY reason=max_layers
[SCAN] 2026-08-07T22:44:59+00:00 symbols=20 signals=2 entries=0 exits=0 blocked=2 open=9 cash=4375.54 equity=9746.03
[SIGNAL] 2026-08-07T22:44:59+00:00 ENATRY BUY fill_at=2026-08-07T22:49:59+00:00 features={"close": 4.373, "bb_lower": 4.376495832831375, "bb_upper": 4.511313690978148, "rsi": 18.752478653642356, "mfi": 14.065712847775146, "atr": 0.01114285714285693}
[BLOCKED] ENATRY reason=max_layers
[SCAN] 2026-08-07T22:49:59+00:00 symbols=20 signals=1 entries=0 exits=0 blocked=2 open=9 cash=4375.54 equity=9740.18
[SCAN] 2026-08-07T22:54:59+00:00 symbols=20 signals=0 entries=0 exits=0 blocked=1 open=9 cash=4375.54 equity=9733.67
[SIGNAL] 2026-08-07T22:54:59+00:00 RESOLVTRY BUY fill_at=2026-08-07T22:59:59+00:00 features={"close": 0.8464, "bb_lower": 0.8464209732135741, "bb_upper": 0.8537790267864256, "rsi": 34.81197063337801, "mfi": 38.8502230930607, "atr": 0.001771428571428543}
[BLOCKED] RESOLVTRY reason=max_layers
[SCAN] 2026-08-07T22:59:59+00:00 symbols=20 signals=1 entries=0 exits=0 blocked=2 open=9 cash=4375.54 equity=9731.03
[SCAN] 2026-08-07T23:04:59+00:00 symbols=20 signals=0 entries=0 exits=0 blocked=2 open=9 cash=4375.54 equity=9737.04
[SCAN] 2026-08-07T23:09:59+00:00 symbols=20 signals=0 entries=0 exits=0 blocked=0 open=9 cash=4375.54 equity=9725.75
[SCAN] 2026-08-07T23:14:59+00:00 symbols=20 signals=0 entries=0 exits=0 blocked=0 open=9 cash=4375.54 equity=9729.87
[SCAN] 2026-08-07T23:19:59+00:00 symbols=20 signals=0 entries=0 exits=0 blocked=1 open=9 cash=4375.54 equity=9734.84
[SCAN] 2026-08-07T23:24:59+00:00 symbols=20 signals=0 entries=0 exits=0 blocked=1 open=9 cash=4375.54 equity=9737.46
[SCAN] 2026-08-07T23:29:59+00:00 symbols=20 signals=0 entries=0 exits=0 blocked=1 open=9 cash=4375.54 equity=9733.10
[SCAN] 2026-08-07T23:34:59+00:00 symbols=20 signals=0 entries=0 exits=0 blocked=0 open=9 cash=4375.54 equity=9744.46
[EXIT] 2026-08-07T23:39:59+00:00 HOMETRY reason=fixed_take_profit pnl=+10.58 cash=4933.25
[SCAN] 2026-08-07T23:39:59+00:00 symbols=20 signals=0 entries=0 exits=1 blocked=0 open=8 cash=4933.25 equity=9751.14
[SCAN] 2026-08-07T23:44:59+00:00 symbols=20 signals=0 entries=0 exits=0 blocked=1 open=8 cash=4933.25 equity=9750.44
[SCAN] 2026-08-07T23:49:59+00:00 symbols=20 signals=0 entries=0 exits=0 blocked=0 open=8 cash=4933.25 equity=9738.01
[SCAN] 2026-08-07T23:54:59+00:00 symbols=20 signals=0 entries=0 exits=0 blocked=2 open=8 cash=4933.25 equity=9739.13
[SCAN] 2026-08-07T23:59:59+00:00 symbols=20 signals=0 entries=0 exits=0 blocked=2 open=8 cash=4933.25 equity=9743.54
[EXIT] 2026-08-08T00:04:59+00:00 KATTRY reason=fixed_take_profit pnl=+5.40 cash=5503.55
[SCAN] 2026-08-08T00:04:59+00:00 symbols=20 signals=0 entries=0 exits=2 blocked=1 open=6 cash=5503.55 equity=9745.13
[SCAN] 2026-08-08T00:09:59+00:00 symbols=20 signals=0 entries=0 exits=0 blocked=0 open=6 cash=5503.55 equity=9744.26
[SCAN] 2026-08-08T00:14:59+00:00 symbols=20 signals=0 entries=0 exits=0 blocked=0 open=6 cash=5503.55 equity=9751.23
[EXIT] 2026-08-08T00:19:59+00:00 RESOLVTRY reason=bb_mfi_v3_signal_exit pnl=-31.94 cash=6590.22
[SCAN] 2026-08-08T00:19:59+00:00 symbols=20 signals=0 entries=0 exits=1 blocked=0 open=5 cash=6590.22 equity=9755.07
[SCAN] 2026-08-08T00:24:59+00:00 symbols=20 signals=0 entries=0 exits=0 blocked=0 open=5 cash=6590.22 equity=9756.54
[SCAN] 2026-08-08T00:29:59+00:00 symbols=20 signals=0 entries=0 exits=0 blocked=1 open=5 cash=6590.22 equity=9755.85
[SCAN] 2026-08-08T00:34:59+00:00 symbols=20 signals=0 entries=0 exits=0 blocked=1 open=5 cash=6590.22 equity=9750.94
[SIGNAL] 2026-08-08T00:34:59+00:00 TSTTRY BUY fill_at=2026-08-08T00:39:59+00:00 features={"close": 0.628, "bb_lower": 0.6305094659760418, "bb_upper": 0.6583476768811011, "rsi": 38.56058229074251, "mfi": 29.020655746680887, "atr": 0.007714285714285721}
[ENTRY] 2026-08-08T00:39:59+00:00 TSTTRY layer=1 value=658.03 entry=0.63247400 cash=5931.20
[SCAN] 2026-08-08T00:39:59+00:00 symbols=20 signals=1 entries=1 exits=0 blocked=1 open=6 cash=5931.20 equity=9754.51
[EXIT] 2026-08-08T00:44:59+00:00 TSTTRY reason=fixed_take_profit pnl=+12.75 cash=6602.97
[SCAN] 2026-08-08T00:44:59+00:00 symbols=20 signals=0 entries=0 exits=1 blocked=1 open=5 cash=6602.97 equity=9772.34
[SCAN] 2026-08-08T00:49:59+00:00 symbols=20 signals=0 entries=0 exits=0 blocked=1 open=5 cash=6602.97 equity=9771.87
[SCAN] 2026-08-08T00:54:59+00:00 symbols=20 signals=0 entries=0 exits=0 blocked=1 open=5 cash=6602.97 equity=9764.56
[SCAN] 2026-08-08T00:59:59+00:00 symbols=20 signals=0 entries=0 exits=0 blocked=0 open=5 cash=6602.97 equity=9778.08
[SCAN] 2026-08-08T01:04:59+00:00 symbols=20 signals=0 entries=0 exits=0 blocked=0 open=5 cash=6602.97 equity=9787.40
[EXIT] 2026-08-08T01:09:59+00:00 ONDOTRY reason=bb_mfi_v3_signal_exit pnl=-24.70 cash=7259.40
[SCAN] 2026-08-08T01:09:59+00:00 symbols=20 signals=0 entries=0 exits=1 blocked=0 open=4 cash=7259.40 equity=9783.51
[SCAN] 2026-08-08T01:14:59+00:00 symbols=20 signals=0 entries=0 exits=0 blocked=1 open=4 cash=7259.40 equity=9778.98
[SCAN] 2026-08-08T01:19:59+00:00 symbols=20 signals=0 entries=0 exits=0 blocked=2 open=4 cash=7259.40 equity=9775.20
[SCAN] 2026-08-08T01:24:59+00:00 symbols=20 signals=0 entries=0 exits=0 blocked=3 open=4 cash=7259.40 equity=9775.54
[SCAN] 2026-08-08T01:29:59+00:00 symbols=20 signals=0 entries=0 exits=0 blocked=2 open=4 cash=7259.40 equity=9775.00
[SCAN] 2026-08-08T01:34:59+00:00 symbols=20 signals=0 entries=0 exits=0 blocked=1 open=4 cash=7259.40 equity=9775.99
[SCAN] 2026-08-08T01:39:59+00:00 symbols=20 signals=0 entries=0 exits=0 blocked=0 open=4 cash=7259.40 equity=9775.31
[SCAN] 2026-08-08T01:44:59+00:00 symbols=20 signals=0 entries=0 exits=0 blocked=2 open=4 cash=7259.40 equity=9774.53
[SCAN] 2026-08-08T01:49:59+00:00 symbols=20 signals=0 entries=0 exits=0 blocked=3 open=4 cash=7259.40 equity=9787.20
[EXIT] 2026-08-08T01:54:59+00:00 NOMTRY reason=bb_mfi_v3_signal_exit pnl=-29.87 cash=8246.14
[SCAN] 2026-08-08T01:54:59+00:00 symbols=20 signals=0 entries=0 exits=1 blocked=2 open=3 cash=8246.14 equity=9787.32
[SCAN] 2026-08-08T01:59:59+00:00 symbols=20 signals=0 entries=0 exits=0 blocked=1 open=3 cash=8246.14 equity=9785.76
[SCAN] 2026-08-08T02:04:59+00:00 symbols=20 signals=0 entries=0 exits=0 blocked=0 open=3 cash=8246.14 equity=9786.65
[SCAN] 2026-08-08T02:09:59+00:00 symbols=20 signals=0 entries=0 exits=0 blocked=0 open=3 cash=8246.14 equity=9786.94
[SCAN] 2026-08-08T02:14:59+00:00 symbols=20 signals=0 entries=0 exits=0 blocked=0 open=3 cash=8246.14 equity=9788.24
[SCAN] 2026-08-08T02:19:59+00:00 symbols=20 signals=0 entries=0 exits=0 blocked=0 open=3 cash=8246.14 equity=9788.94
[SCAN] 2026-08-08T02:24:59+00:00 symbols=20 signals=0 entries=0 exits=0 blocked=0 open=3 cash=8246.14 equity=9790.82
[SIGNAL] 2026-08-08T02:24:59+00:00 HEITRY BUY fill_at=2026-08-08T02:29:59+00:00 features={"close": 10.552, "bb_lower": 10.668388871574168, "bb_upper": 11.974373033187733, "rsi": 36.360420698983894, "mfi": 35.59218705038363, "atr": 0.35442857142857126}
[ENTRY] 2026-08-08T02:29:59+00:00 HEITRY layer=1 value=823.38 entry=10.56591850 cash=7421.53
[SCAN] 2026-08-08T02:29:59+00:00 symbols=20 signals=1 entries=1 exits=0 blocked=0 open=4 cash=7421.53 equity=9777.41
[SIGNAL] 2026-08-08T02:29:59+00:00 HEITRY BUY fill_at=2026-08-08T02:34:59+00:00 features={"close": 10.374, "bb_lower": 10.50789994184462, "bb_upper": 12.020385772441092, "rsi": 33.60254593798014, "mfi": 35.46162109093498, "atr": 0.3387142857142854}
[ENTRY] 2026-08-08T02:34:59+00:00 HEITRY layer=2 value=741.04 entry=10.35175800 cash=6679.38
[SCAN] 2026-08-08T02:34:59+00:00 symbols=20 signals=1 entries=1 exits=0 blocked=0 open=4 cash=6679.38 equity=9687.53
[SIGNAL] 2026-08-08T02:34:59+00:00 HEITRY BUY fill_at=2026-08-08T02:39:59+00:00 features={"close": 9.806, "bb_lower": 10.21351413421655, "bb_upper": 12.155723961021542, "rsi": 26.62216079709708, "mfi": 23.797772971363543, "atr": 0.3829285714285711}
[BLOCKED] HEITRY reason=max_layers
[SCAN] 2026-08-08T02:39:59+00:00 symbols=20 signals=1 entries=0 exits=0 blocked=1 open=4 cash=6679.38 equity=9677.66
[SIGNAL] 2026-08-08T02:39:59+00:00 HEITRY BUY fill_at=2026-08-08T02:44:59+00:00 features={"close": 9.744, "bb_lower": 9.96458391255248, "bb_upper": 12.237416087447517, "rsi": 25.98387296627024, "mfi": 24.563581534169927, "atr": 0.39064285714285674}
[BLOCKED] HEITRY reason=max_layers
[SCAN] 2026-08-08T02:44:59+00:00 symbols=20 signals=1 entries=0 exits=0 blocked=2 open=4 cash=6679.38 equity=9692.73
[SCAN] 2026-08-08T02:49:59+00:00 symbols=20 signals=0 entries=0 exits=0 blocked=1 open=4 cash=6679.38 equity=9709.53
[SCAN] 2026-08-08T02:54:59+00:00 symbols=20 signals=0 entries=0 exits=0 blocked=1 open=4 cash=6679.38 equity=9654.72
[SCAN] 2026-08-08T02:59:59+00:00 symbols=20 signals=0 entries=0 exits=0 blocked=0 open=4 cash=6679.38 equity=9675.73
[EXIT] 2026-08-08T03:04:59+00:00 HEITRY reason=fixed_stop_loss pnl=-144.50 cash=8101.64
[SCAN] 2026-08-08T03:04:59+00:00 symbols=20 signals=0 entries=0 exits=1 blocked=0 open=3 cash=8101.64 equity=9641.04
[SCAN] 2026-08-08T03:09:59+00:00 symbols=20 signals=0 entries=0 exits=0 blocked=0 open=3 cash=8101.64 equity=9641.45
[SIGNAL] 2026-08-08T03:09:59+00:00 BANKTRY BUY fill_at=2026-08-08T03:14:59+00:00 features={"close": 1.912, "bb_lower": 1.913281060647194, "bb_upper": 1.9386237012575678, "rsi": 36.77531465181534, "mfi": 36.81671844592766, "atr": 0.00821428571428573}
[BLOCKED] BANKTRY reason=max_layers
[SCAN] 2026-08-08T03:14:59+00:00 symbols=20 signals=1 entries=0 exits=0 blocked=1 open=3 cash=8101.64 equity=9641.45
[SCAN] 2026-08-08T03:19:59+00:00 symbols=20 signals=0 entries=0 exits=0 blocked=0 open=3 cash=8101.64 equity=9642.03
[SCAN] 2026-08-08T03:24:59+00:00 symbols=20 signals=0 entries=0 exits=0 blocked=0 open=3 cash=8101.64 equity=9641.46
[SIGNAL] 2026-08-08T03:24:59+00:00 BANKTRY BUY fill_at=2026-08-08T03:29:59+00:00 features={"close": 1.906, "bb_lower": 1.9065804666946486, "bb_upper": 1.940943342829161, "rsi": 32.85437473432465, "mfi": 28.54921249514493, "atr": 0.008000000000000023}
[BLOCKED] BANKTRY reason=max_layers
[SCAN] 2026-08-08T03:29:59+00:00 symbols=20 signals=1 entries=0 exits=0 blocked=1 open=3 cash=8101.64 equity=9643.03
[SCAN] 2026-08-08T03:34:59+00:00 symbols=20 signals=0 entries=0 exits=0 blocked=0 open=3 cash=8101.64 equity=9643.62
[SCAN] 2026-08-08T03:39:59+00:00 symbols=20 signals=0 entries=0 exits=0 blocked=0 open=3 cash=8101.64 equity=9643.48
[EXIT] 2026-08-08T03:44:59+00:00 EIGENTRY reason=bb_mfi_v3_signal_exit pnl=-3.74 cash=8690.62
[SCAN] 2026-08-08T03:44:59+00:00 symbols=20 signals=0 entries=0 exits=1 blocked=0 open=2 cash=8690.62 equity=9642.23
[SCAN] 2026-08-08T03:49:59+00:00 symbols=20 signals=0 entries=0 exits=0 blocked=0 open=2 cash=8690.62 equity=9643.33
[SCAN] 2026-08-08T03:54:59+00:00 symbols=20 signals=0 entries=0 exits=0 blocked=0 open=2 cash=8690.62 equity=9642.80
[SCAN] 2026-08-08T03:59:59+00:00 symbols=20 signals=0 entries=0 exits=0 blocked=1 open=2 cash=8690.62 equity=9643.64
[SIGNAL] 2026-08-08T03:59:59+00:00 KATTRY BUY fill_at=2026-08-08T04:04:59+00:00 features={"close": 0.2193, "bb_lower": 0.2193009506711136, "bb_upper": 0.22142285885269586, "rsi": 41.163790894508274, "mfi": 6.808919855813059, "atr": 0.00047142857142857105}
[ENTRY] 2026-08-08T04:04:59+00:00 KATTRY layer=1 value=867.76 entry=0.21926432 cash=7821.56
[SCAN] 2026-08-08T04:04:59+00:00 symbols=20 signals=1 entries=1 exits=0 blocked=1 open=3 cash=7821.56 equity=9643.02
[SIGNAL] 2026-08-08T04:04:59+00:00 KATTRY BUY fill_at=2026-08-08T04:09:59+00:00 features={"close": 0.2188, "bb_lower": 0.2191267587387164, "bb_upper": 0.22153038411842646, "rsi": 37.18198654399615, "mfi": 5.234237692539892, "atr": 0.00045714285714285437}
[ENTRY] 2026-08-08T04:09:59+00:00 KATTRY layer=2 value=780.98 entry=0.21906418 cash=7039.40
[SCAN] 2026-08-08T04:09:59+00:00 symbols=20 signals=1 entries=1 exits=0 blocked=1 open=3 cash=7039.40 equity=9640.43
[SIGNAL] 2026-08-08T04:09:59+00:00 KATTRY BUY fill_at=2026-08-08T04:14:59+00:00 features={"close": 0.2188, "bb_lower": 0.21888468237561914, "bb_upper": 0.2216105557196189, "rsi": 37.18198650512931, "mfi": 15.805416873808085, "atr": 0.00047857142857142543}
[BLOCKED] KATTRY reason=max_layers
[SCAN] 2026-08-08T04:14:59+00:00 symbols=20 signals=1 entries=0 exits=0 blocked=2 open=3 cash=7039.40 equity=9639.11
[SIGNAL] 2026-08-08T04:14:59+00:00 VANRYTRY BUY fill_at=2026-08-08T04:19:59+00:00 features={"close": 0.1512, "bb_lower": 0.15162139305218222, "bb_upper": 0.15656908313829396, "rsi": 36.40879272874602, "mfi": 55.251628876615634, "atr": 0.0012000000000000008}
[ENTRY] 2026-08-08T04:19:59+00:00 VANRYTRY layer=1 value=702.89 entry=0.15191385 cash=6335.46
[SCAN] 2026-08-08T04:19:59+00:00 symbols=20 signals=1 entries=1 exits=0 blocked=0 open=4 cash=6335.46 equity=9644.59
[SCAN] 2026-08-08T04:24:59+00:00 symbols=20 signals=0 entries=0 exits=0 blocked=0 open=4 cash=6335.46 equity=9646.78
[SCAN] 2026-08-08T04:29:59+00:00 symbols=20 signals=0 entries=0 exits=0 blocked=0 open=4 cash=6335.46 equity=9648.24
[SIGNAL] 2026-08-08T04:29:59+00:00 OPENTRY BUY fill_at=2026-08-08T04:34:59+00:00 features={"close": 9.782, "bb_lower": 9.827315983775994, "bb_upper": 9.947445920985912, "rsi": 25.619704373109826, "mfi": 11.534873334988617, "atr": 0.029000000000000168}
[ENTRY] 2026-08-08T04:34:59+00:00 OPENTRY layer=1 value=632.60 entry=9.82136050 cash=5701.92
[SCAN] 2026-08-08T04:34:59+00:00 symbols=20 signals=1 entries=1 exits=0 blocked=0 open=5 cash=5701.92 equity=9662.76
[SCAN] 2026-08-08T04:39:59+00:00 symbols=20 signals=0 entries=0 exits=0 blocked=0 open=5 cash=5701.92 equity=9668.72
[SIGNAL] 2026-08-08T04:39:59+00:00 HOMETRY BUY fill_at=2026-08-08T04:44:59+00:00 features={"close": 0.429, "bb_lower": 0.4297813418452141, "bb_upper": 0.4400281819643096, "rsi": 35.074764378913414, "mfi": 36.969911299172615, "atr": 0.0023571428571428593}
[ENTRY] 2026-08-08T04:44:59+00:00 HOMETRY layer=1 value=569.34 entry=0.42932175 cash=5131.73
[SCAN] 2026-08-08T04:44:59+00:00 symbols=20 signals=1 entries=1 exits=0 blocked=0 open=6 cash=5131.73 equity=9670.89
[SIGNAL] 2026-08-08T04:44:59+00:00 HOMETRY BUY fill_at=2026-08-08T04:49:59+00:00 features={"close": 0.427, "bb_lower": 0.42844353983156364, "bb_upper": 0.44069931731129347, "rsi": 31.799258129060377, "mfi": 31.68341271847224, "atr": 0.0024285714285714305}
[ENTRY] 2026-08-08T04:49:59+00:00 HOMETRY layer=2 value=512.40 entry=0.42732025 cash=4618.55
[EXIT] 2026-08-08T04:49:59+00:00 OPENTRY reason=fixed_take_profit pnl=+12.25 cash=5264.35
[SCAN] 2026-08-08T04:49:59+00:00 symbols=20 signals=1 entries=1 exits=1 blocked=0 open=5 cash=5264.35 equity=9673.03
[SCAN] 2026-08-08T04:54:59+00:00 symbols=20 signals=0 entries=0 exits=0 blocked=0 open=5 cash=5264.35 equity=9675.75
[EXIT] 2026-08-08T04:59:59+00:00 VANRYTRY reason=fixed_take_profit pnl=+13.61 cash=5981.91
[SCAN] 2026-08-08T04:59:59+00:00 symbols=20 signals=0 entries=0 exits=1 blocked=0 open=4 cash=5981.91 equity=9680.29
[SCAN] 2026-08-08T05:04:59+00:00 symbols=20 signals=0 entries=0 exits=1 blocked=1 open=3 cash=7067.84 equity=9679.04
[SCAN] 2026-08-08T05:09:59+00:00 symbols=20 signals=0 entries=0 exits=0 blocked=1 open=3 cash=7067.84 equity=9679.61
[SCAN] 2026-08-08T05:14:59+00:00 symbols=20 signals=0 entries=0 exits=0 blocked=1 open=3 cash=7067.84 equity=9693.83
[SCAN] 2026-08-08T05:19:59+00:00 symbols=20 signals=0 entries=0 exits=0 blocked=0 open=3 cash=7067.84 equity=9690.35
[SCAN] 2026-08-08T05:24:59+00:00 symbols=20 signals=0 entries=0 exits=0 blocked=1 open=3 cash=7067.84 equity=9686.11
[EXIT] 2026-08-08T05:29:59+00:00 BANKTRY reason=bb_mfi_v3_signal_exit pnl=-33.21 cash=7575.66
[SCAN] 2026-08-08T05:29:59+00:00 symbols=20 signals=0 entries=0 exits=1 blocked=0 open=2 cash=7575.66 equity=9685.07
[SCAN] 2026-08-08T05:34:59+00:00 symbols=20 signals=0 entries=0 exits=0 blocked=1 open=2 cash=7575.66 equity=9685.62
[SCAN] 2026-08-08T05:39:59+00:00 symbols=20 signals=0 entries=0 exits=0 blocked=0 open=2 cash=7575.66 equity=9687.42
[SCAN] 2026-08-08T05:44:59+00:00 symbols=20 signals=0 entries=0 exits=0 blocked=1 open=2 cash=7575.66 equity=9684.11
[SIGNAL] 2026-08-08T05:44:59+00:00 HEITRY BUY fill_at=2026-08-08T05:49:59+00:00 features={"close": 9.304, "bb_lower": 9.325975581550777, "bb_upper": 9.667643466068268, "rsi": 37.70257651782376, "mfi": 45.05964697901088, "atr": 0.15071428571428566}
[ENTRY] 2026-08-08T05:49:59+00:00 HEITRY layer=1 value=756.43 entry=9.31898400 cash=6818.10
[SCAN] 2026-08-08T05:49:59+00:00 symbols=20 signals=1 entries=1 exits=0 blocked=0 open=3 cash=6818.10 equity=9688.34
[SCAN] 2026-08-08T05:54:59+00:00 symbols=20 signals=0 entries=0 exits=0 blocked=1 open=3 cash=6818.10 equity=9672.07
[SIGNAL] 2026-08-08T05:54:59+00:00 HEITRY BUY fill_at=2026-08-08T05:59:59+00:00 features={"close": 9.209, "bb_lower": 9.26825605134349, "bb_upper": 9.68964871056127, "rsi": 36.37321704040459, "mfi": 45.250457857740734, "atr": 0.14942857142857122}
[ENTRY] 2026-08-08T05:59:59+00:00 HEITRY layer=2 value=680.79 entry=9.23592175 cash=6136.29
[EXIT] 2026-08-08T05:59:59+00:00 HEITRY reason=fixed_take_profit pnl=+27.84 cash=7603.50
[SCAN] 2026-08-08T05:59:59+00:00 symbols=20 signals=1 entries=1 exits=1 blocked=1 open=2 cash=7603.50 equity=9711.79
[SIGNAL] 2026-08-08T05:59:59+00:00 BANKTRY BUY fill_at=2026-08-08T06:04:59+00:00 features={"close": 1.9, "bb_lower": 1.900221673888562, "bb_upper": 1.943873564206676, "rsi": 35.77945207143314, "mfi": 43.62340027479938, "atr": 0.011142857142857152}
[ENTRY] 2026-08-08T06:04:59+00:00 BANKTRY layer=1 value=759.21 entry=1.90142500 cash=6843.15
[SCAN] 2026-08-08T06:04:59+00:00 symbols=20 signals=1 entries=1 exits=0 blocked=0 open=3 cash=6843.15 equity=9707.43
[SIGNAL] 2026-08-08T06:04:59+00:00 HOMETRY BUY fill_at=2026-08-08T06:09:59+00:00 features={"close": 0.424, "bb_lower": 0.4245811035549127, "bb_upper": 0.43418080120699204, "rsi": 32.25644438779577, "mfi": 28.425992370544236, "atr": 0.0024285714285714305}
[ENTRY] 2026-08-08T06:09:59+00:00 HOMETRY layer=1 value=683.29 entry=0.42231650 cash=6158.84
[SCAN] 2026-08-08T06:09:59+00:00 symbols=20 signals=1 entries=1 exits=0 blocked=1 open=4 cash=6158.84 equity=9696.26
[SIGNAL] 2026-08-08T06:09:59+00:00 BANKTRY BUY fill_at=2026-08-08T06:14:59+00:00 features={"close": 1.893, "bb_lower": 1.8945156126648408, "bb_upper": 1.9465320063827787, "rsi": 33.14665485755906, "mfi": 32.80729149615752, "atr": 0.012142857142857153}
[ENTRY] 2026-08-08T06:14:59+00:00 BANKTRY layer=2 value=614.96 entry=1.89341900 cash=5542.95
[SIGNAL] 2026-08-08T06:09:59+00:00 HOMETRY BUY fill_at=2026-08-08T06:14:59+00:00 features={"close": 0.421, "bb_lower": 0.4230984135807371, "bb_upper": 0.4345206340383104, "rsi": 27.3865990064334, "mfi": 18.50869126748171, "atr": 0.002785714285714288}
[ENTRY] 2026-08-08T06:14:59+00:00 HOMETRY layer=2 value=553.46 entry=0.42031500 cash=4988.66
[SIGNAL] 2026-08-08T06:09:59+00:00 KATTRY BUY fill_at=2026-08-08T06:14:59+00:00 features={"close": 0.2183, "bb_lower": 0.21857178740681063, "bb_upper": 0.22065678402176084, "rsi": 35.60227559485013, "mfi": 54.1738704442771, "atr": 0.00047142857142857105}
[BLOCKED] KATTRY reason=max_layers
[SCAN] 2026-08-08T06:14:59+00:00 symbols=20 signals=3 entries=2 exits=0 blocked=2 open=4 cash=4988.66 equity=9712.08
[SIGNAL] 2026-08-08T06:14:59+00:00 HOMETRY BUY fill_at=2026-08-08T06:19:59+00:00 features={"close": 0.422, "bb_lower": 0.4222023926008871, "bb_upper": 0.43436903597054144, "rsi": 31.140668584526097, "mfi": 19.9032215813219, "atr": 0.002714285714285717}
[BLOCKED] HOMETRY reason=max_layers
[SCAN] 2026-08-08T06:19:59+00:00 symbols=20 signals=1 entries=0 exits=0 blocked=2 open=4 cash=4988.66 equity=9705.87
[SCAN] 2026-08-08T06:24:59+00:00 symbols=20 signals=0 entries=0 exits=0 blocked=1 open=4 cash=4988.66 equity=9711.61
[SCAN] 2026-08-08T06:29:59+00:00 symbols=20 signals=0 entries=0 exits=0 blocked=1 open=4 cash=4988.66 equity=9728.06
[SCAN] 2026-08-08T06:34:59+00:00 symbols=20 signals=0 entries=0 exits=0 blocked=0 open=4 cash=4988.66 equity=9735.99
[EXIT] 2026-08-08T06:39:59+00:00 HOMETRY reason=fixed_take_profit pnl=+23.95 cash=6251.22
[SCAN] 2026-08-08T06:39:59+00:00 symbols=20 signals=0 entries=0 exits=1 blocked=0 open=3 cash=6251.22 equity=9738.13
[SCAN] 2026-08-08T06:44:59+00:00 symbols=20 signals=0 entries=0 exits=0 blocked=0 open=3 cash=6251.22 equity=9737.16
[SCAN] 2026-08-08T06:49:59+00:00 symbols=20 signals=0 entries=0 exits=0 blocked=0 open=3 cash=6251.22 equity=9736.08
[SCAN] 2026-08-08T06:54:59+00:00 symbols=20 signals=0 entries=0 exits=0 blocked=0 open=3 cash=6251.22 equity=9736.27
[SCAN] 2026-08-08T06:59:59+00:00 symbols=20 signals=0 entries=0 exits=0 blocked=0 open=3 cash=6251.22 equity=9738.01
[SCAN] 2026-08-08T07:04:59+00:00 symbols=20 signals=0 entries=0 exits=0 blocked=0 open=3 cash=6251.22 equity=9753.64
[SIGNAL] 2026-08-08T07:04:59+00:00 ENATRY BUY fill_at=2026-08-08T07:09:59+00:00 features={"close": 4.312, "bb_lower": 4.314482372059523, "bb_upper": 4.376470008892857, "rsi": 31.74004582298717, "mfi": 23.282643413039565, "atr": 0.007428571428571435}
[BLOCKED] ENATRY reason=max_layers
[EXIT] 2026-08-08T07:09:59+00:00 BANKTRY reason=fixed_take_profit pnl=+26.62 cash=7654.07
[SCAN] 2026-08-08T07:09:59+00:00 symbols=20 signals=1 entries=0 exits=1 blocked=1 open=2 cash=7654.07 equity=9752.86
[SIGNAL] 2026-08-08T07:09:59+00:00 ENATRY BUY fill_at=2026-08-08T07:14:59+00:00 features={"close": 4.309, "bb_lower": 4.30953022302291, "bb_upper": 4.375993586500898, "rsi": 30.461228176588094, "mfi": 24.64191186048643, "atr": 0.007857142857142943}
[BLOCKED] ENATRY reason=max_layers
[SCAN] 2026-08-08T07:14:59+00:00 symbols=20 signals=1 entries=0 exits=0 blocked=1 open=2 cash=7654.07 equity=9750.50
[SCAN] 2026-08-08T07:19:59+00:00 symbols=20 signals=0 entries=0 exits=0 blocked=1 open=2 cash=7654.07 equity=9749.73
[SCAN] 2026-08-08T07:24:59+00:00 symbols=20 signals=0 entries=0 exits=0 blocked=1 open=2 cash=7654.07 equity=9747.76
[SCAN] 2026-08-08T07:29:59+00:00 symbols=20 signals=0 entries=0 exits=0 blocked=1 open=2 cash=7654.07 equity=9748.30
[SCAN] 2026-08-08T07:34:59+00:00 symbols=20 signals=0 entries=0 exits=0 blocked=1 open=2 cash=7654.07 equity=9748.95
[SCAN] 2026-08-08T07:39:59+00:00 symbols=20 signals=0 entries=0 exits=0 blocked=1 open=2 cash=7654.07 equity=9747.15
[SCAN] 2026-08-08T07:44:59+00:00 symbols=20 signals=0 entries=0 exits=0 blocked=0 open=2 cash=7654.07 equity=9745.08
[SCAN] 2026-08-08T07:49:59+00:00 symbols=20 signals=0 entries=0 exits=0 blocked=0 open=2 cash=7654.07 equity=9747.76
[SCAN] 2026-08-08T07:54:59+00:00 symbols=20 signals=0 entries=0 exits=0 blocked=0 open=2 cash=7654.07 equity=9744.45
[SCAN] 2026-08-08T07:59:59+00:00 symbols=20 signals=0 entries=0 exits=0 blocked=0 open=2 cash=7654.07 equity=9746.05
[SCAN] 2026-08-08T08:04:59+00:00 symbols=20 signals=0 entries=0 exits=0 blocked=0 open=2 cash=7654.07 equity=9744.56
[SCAN] 2026-08-08T08:09:59+00:00 symbols=20 signals=0 entries=0 exits=0 blocked=0 open=2 cash=7654.07 equity=9744.56
[SCAN] 2026-08-08T08:14:59+00:00 symbols=20 signals=0 entries=0 exits=0 blocked=0 open=2 cash=7654.07 equity=9758.43
[SCAN] 2026-08-08T08:19:59+00:00 symbols=20 signals=0 entries=0 exits=0 blocked=1 open=2 cash=7654.07 equity=9764.10
[SCAN] 2026-08-08T08:24:59+00:00 symbols=20 signals=0 entries=0 exits=0 blocked=0 open=2 cash=7654.07 equity=9759.90
[SCAN] 2026-08-08T08:29:59+00:00 symbols=20 signals=0 entries=0 exits=0 blocked=0 open=2 cash=7654.07 equity=9759.89
[SCAN] 2026-08-08T08:34:59+00:00 symbols=20 signals=0 entries=0 exits=0 blocked=0 open=2 cash=7654.07 equity=9761.26
[SCAN] 2026-08-08T08:39:59+00:00 symbols=20 signals=0 entries=0 exits=0 blocked=0 open=2 cash=7654.07 equity=9760.84
[SIGNAL] 2026-08-08T08:39:59+00:00 BANKTRY BUY fill_at=2026-08-08T08:44:59+00:00 features={"close": 1.894, "bb_lower": 1.90253139943341, "bb_upper": 1.9721352672332562, "rsi": 31.58799204257049, "mfi": 34.57481308979892, "atr": 0.01371428571428571}
[ENTRY] 2026-08-08T08:44:59+00:00 BANKTRY layer=1 value=764.26 entry=1.89542050 cash=6888.66
[SCAN] 2026-08-08T08:44:59+00:00 symbols=20 signals=1 entries=1 exits=0 blocked=1 open=3 cash=6888.66 equity=9765.46
[SCAN] 2026-08-08T08:49:59+00:00 symbols=20 signals=0 entries=0 exits=0 blocked=0 open=3 cash=6888.66 equity=9764.23
[SCAN] 2026-08-08T08:54:59+00:00 symbols=20 signals=0 entries=0 exits=0 blocked=0 open=3 cash=6888.66 equity=9763.51
[SCAN] 2026-08-08T08:59:59+00:00 symbols=20 signals=0 entries=0 exits=0 blocked=0 open=3 cash=6888.66 equity=9765.30
[SCAN] 2026-08-08T09:04:59+00:00 symbols=20 signals=0 entries=0 exits=0 blocked=0 open=3 cash=6888.66 equity=9758.66
[SCAN] 2026-08-08T09:09:59+00:00 symbols=20 signals=0 entries=0 exits=0 blocked=0 open=3 cash=6888.66 equity=9760.10
[SCAN] 2026-08-08T09:14:59+00:00 symbols=20 signals=0 entries=0 exits=0 blocked=0 open=3 cash=6888.66 equity=9756.62
[SCAN] 2026-08-08T09:19:59+00:00 symbols=20 signals=0 entries=0 exits=0 blocked=0 open=3 cash=6888.66 equity=9763.57
[SCAN] 2026-08-08T09:24:59+00:00 symbols=20 signals=0 entries=0 exits=0 blocked=0 open=3 cash=6888.66 equity=9763.55
[SCAN] 2026-08-08T09:29:59+00:00 symbols=20 signals=0 entries=0 exits=0 blocked=0 open=3 cash=6888.66 equity=9761.11
[SCAN] 2026-08-08T09:34:59+00:00 symbols=20 signals=0 entries=0 exits=0 blocked=0 open=3 cash=6888.66 equity=9756.93
[SCAN] 2026-08-08T09:39:59+00:00 symbols=20 signals=0 entries=0 exits=0 blocked=0 open=3 cash=6888.66 equity=9763.23
[SCAN] 2026-08-08T09:44:59+00:00 symbols=20 signals=0 entries=0 exits=0 blocked=1 open=3 cash=6888.66 equity=9760.22
[SCAN] 2026-08-08T09:49:59+00:00 symbols=20 signals=0 entries=0 exits=0 blocked=1 open=3 cash=6888.66 equity=9760.12
[SCAN] 2026-08-08T09:54:59+00:00 symbols=20 signals=0 entries=0 exits=0 blocked=1 open=3 cash=6888.66 equity=9756.32
[SCAN] 2026-08-08T09:59:59+00:00 symbols=20 signals=0 entries=0 exits=0 blocked=0 open=3 cash=6888.66 equity=9754.59
[SCAN] 2026-08-08T10:04:59+00:00 symbols=20 signals=0 entries=0 exits=0 blocked=0 open=3 cash=6888.66 equity=9753.19
[SIGNAL] 2026-08-08T10:04:59+00:00 KATTRY BUY fill_at=2026-08-08T10:09:59+00:00 features={"close": 0.2183, "bb_lower": 0.21835807011573358, "bb_upper": 0.2199466917890283, "rsi": 41.48162270090672, "mfi": 6.838928683935876, "atr": 0.00039285714285714125}
[BLOCKED] KATTRY reason=max_layers
[SCAN] 2026-08-08T10:09:59+00:00 symbols=20 signals=1 entries=0 exits=0 blocked=1 open=3 cash=6888.66 equity=9751.94
[SCAN] 2026-08-08T10:14:59+00:00 symbols=20 signals=0 entries=0 exits=0 blocked=0 open=3 cash=6888.66 equity=9754.99
[SCAN] 2026-08-08T10:19:59+00:00 symbols=20 signals=0 entries=0 exits=0 blocked=0 open=3 cash=6888.66 equity=9758.51
[SCAN] 2026-08-08T10:24:59+00:00 symbols=20 signals=0 entries=0 exits=0 blocked=0 open=3 cash=6888.66 equity=9756.10
[SIGNAL] 2026-08-08T10:24:59+00:00 BANKTRY BUY fill_at=2026-08-08T10:29:59+00:00 features={"close": 1.89, "bb_lower": 1.893244533185038, "bb_upper": 1.9073268953863902, "rsi": 31.083853957227532, "mfi": 52.541559676725605, "atr": 0.005857142857142862}
[ENTRY] 2026-08-08T10:29:59+00:00 BANKTRY layer=2 value=687.83 entry=1.88841525 cash=6199.80
[SCAN] 2026-08-08T10:29:59+00:00 symbols=20 signals=1 entries=1 exits=0 blocked=0 open=3 cash=6199.80 equity=9760.86
[SCAN] 2026-08-08T10:34:59+00:00 symbols=20 signals=0 entries=0 exits=0 blocked=0 open=3 cash=6199.80 equity=9761.20
[SCAN] 2026-08-08T10:39:59+00:00 symbols=20 signals=0 entries=0 exits=0 blocked=0 open=3 cash=6199.80 equity=9761.55
[SIGNAL] 2026-08-08T10:39:59+00:00 FIDATRY BUY fill_at=2026-08-08T10:44:59+00:00 features={"close": 0.86, "bb_lower": 0.8608882701511831, "bb_upper": 0.870254586991674, "rsi": 36.42150536058748, "mfi": 29.41731552599157, "atr": 0.0017142857142857157}
[ENTRY] 2026-08-08T10:44:59+00:00 FIDATRY layer=1 value=619.05 entry=0.86064500 cash=5579.82
[SCAN] 2026-08-08T10:44:59+00:00 symbols=20 signals=1 entries=1 exits=0 blocked=0 open=4 cash=5579.82 equity=9762.46
[SIGNAL] 2026-08-08T10:44:59+00:00 FIDATRY BUY fill_at=2026-08-08T10:49:59+00:00 features={"close": 0.86, "bb_lower": 0.8601628085593132, "bb_upper": 0.8705990962025913, "rsi": 36.4215054101196, "mfi": 33.256843181771444, "atr": 0.0016428571428571443}
[ENTRY] 2026-08-08T10:49:59+00:00 FIDATRY layer=2 value=557.15 entry=0.86264650 cash=5021.84
[SCAN] 2026-08-08T10:49:59+00:00 symbols=20 signals=1 entries=1 exits=0 blocked=0 open=4 cash=5021.84 equity=9758.24
[SCAN] 2026-08-08T10:54:59+00:00 symbols=20 signals=0 entries=0 exits=0 blocked=0 open=4 cash=5021.84 equity=9756.20
[SIGNAL] 2026-08-08T10:54:59+00:00 FIDATRY BUY fill_at=2026-08-08T10:59:59+00:00 features={"close": 0.859, "bb_lower": 0.8591203142264424, "bb_upper": 0.8703082572021289, "rsi": 36.845074151937794, "mfi": 20.281407253954555, "atr": 0.0017857142857142874}
[BLOCKED] FIDATRY reason=max_layers
[SCAN] 2026-08-08T10:59:59+00:00 symbols=20 signals=1 entries=0 exits=0 blocked=1 open=4 cash=5021.84 equity=9756.49
[SIGNAL] 2026-08-08T10:59:59+00:00 OPENTRY BUY fill_at=2026-08-08T11:04:59+00:00 features={"close": 9.979, "bb_lower": 9.980052401546796, "bb_upper": 10.113280931786537, "rsi": 38.33045056409103, "mfi": 46.55433224286669, "atr": 0.028071428571428365}
[ENTRY] 2026-08-08T11:04:59+00:00 OPENTRY layer=1 value=501.43 entry=9.98248125 cash=4519.65
[SCAN] 2026-08-08T11:04:59+00:00 symbols=20 signals=1 entries=1 exits=0 blocked=0 open=5 cash=4519.65 equity=9752.08
[SIGNAL] 2026-08-08T11:04:59+00:00 FIDATRY BUY fill_at=2026-08-08T11:09:59+00:00 features={"close": 0.855, "bb_lower": 0.8570228139285063, "bb_upper": 0.870120043214351, "rsi": 29.590967317868248, "mfi": 11.406347832333026, "atr": 0.0019285714285714303}
[BLOCKED] FIDATRY reason=max_layers
[SIGNAL] 2026-08-08T11:04:59+00:00 RESOLVTRY BUY fill_at=2026-08-08T11:09:59+00:00 features={"close": 0.8327, "bb_lower": 0.8333476226388012, "bb_upper": 0.8396619011707227, "rsi": 39.32326721895915, "mfi": 50.15090442246249, "atr": 0.0019285714285714303}
[ENTRY] 2026-08-08T11:09:59+00:00 RESOLVTRY layer=1 value=451.29 entry=0.83502580 cash=4067.69
[SCAN] 2026-08-08T11:09:59+00:00 symbols=20 signals=2 entries=1 exits=0 blocked=1 open=6 cash=4067.69 equity=9749.34
[SIGNAL] 2026-08-08T11:09:59+00:00 RESOLVTRY BUY fill_at=2026-08-08T11:14:59+00:00 features={"close": 0.8318, "bb_lower": 0.832587779968953, "bb_upper": 0.8400503152691425, "rsi": 37.34037590974693, "mfi": 44.86556670369161, "atr": 0.002114285714285719}
[ENTRY] 2026-08-08T11:14:59+00:00 RESOLVTRY layer=2 value=406.16 entry=0.83322445 cash=3660.92
[SCAN] 2026-08-08T11:14:59+00:00 symbols=20 signals=1 entries=1 exits=0 blocked=0 open=6 cash=3660.92 equity=9751.20
[SCAN] 2026-08-08T11:19:59+00:00 symbols=20 signals=0 entries=0 exits=0 blocked=1 open=6 cash=3660.92 equity=9754.41
[SCAN] 2026-08-08T11:24:59+00:00 symbols=20 signals=0 entries=0 exits=0 blocked=2 open=6 cash=3660.92 equity=9763.64
[SCAN] 2026-08-08T11:29:59+00:00 symbols=20 signals=0 entries=0 exits=0 blocked=2 open=6 cash=3660.92 equity=9758.14
[SCAN] 2026-08-08T11:34:59+00:00 symbols=20 signals=0 entries=0 exits=0 blocked=1 open=6 cash=3660.92 equity=9744.50
[SIGNAL] 2026-08-08T11:34:59+00:00 BANKTRY BUY fill_at=2026-08-08T11:39:59+00:00 features={"close": 1.887, "bb_lower": 1.8899172546752339, "bb_upper": 1.9075113167533373, "rsi": 36.11702139634751, "mfi": 45.32358577853922, "atr": 0.00821428571428573}
[BLOCKED] BANKTRY reason=max_layers
[SCAN] 2026-08-08T11:39:59+00:00 symbols=20 signals=1 entries=0 exits=0 blocked=3 open=6 cash=3660.92 equity=9749.51
[SCAN] 2026-08-08T11:44:59+00:00 symbols=20 signals=0 entries=0 exits=0 blocked=0 open=6 cash=3660.92 equity=9747.31
[SCAN] 2026-08-08T11:49:59+00:00 symbols=20 signals=0 entries=0 exits=0 blocked=0 open=6 cash=3660.92 equity=9750.16
[SCAN] 2026-08-08T11:54:59+00:00 symbols=20 signals=0 entries=0 exits=0 blocked=0 open=6 cash=3660.92 equity=9756.02
[SCAN] 2026-08-08T11:59:59+00:00 symbols=20 signals=0 entries=0 exits=0 blocked=0 open=6 cash=3660.92 equity=9756.40
[SIGNAL] 2026-08-08T11:59:59+00:00 HEITRY BUY fill_at=2026-08-08T12:04:59+00:00 features={"close": 9.679, "bb_lower": 9.703399273845186, "bb_upper": 10.404886440440528, "rsi": 29.6621677335271, "mfi": 24.141098135999258, "atr": 0.11514285714285714}
[ENTRY] 2026-08-08T12:04:59+00:00 HEITRY layer=1 value=365.54 entry=9.69726750 cash=3294.83
[EXIT] 2026-08-08T12:04:59+00:00 HEITRY reason=fixed_take_profit pnl=+7.08 cash=3668.00
[SCAN] 2026-08-08T12:04:59+00:00 symbols=20 signals=1 entries=1 exits=1 blocked=0 open=6 cash=3668.00 equity=9747.78
[SIGNAL] 2026-08-08T12:04:59+00:00 BANKTRY BUY fill_at=2026-08-08T12:09:59+00:00 features={"close": 1.882, "bb_lower": 1.8847403464434191, "bb_upper": 1.9091644154613427, "rsi": 36.85671437776796, "mfi": 39.794407298044895, "atr": 0.009428571428571437}
[BLOCKED] BANKTRY reason=max_layers
[SCAN] 2026-08-08T12:09:59+00:00 symbols=20 signals=1 entries=0 exits=0 blocked=1 open=6 cash=3668.00 equity=9753.93
[SCAN] 2026-08-08T12:14:59+00:00 symbols=20 signals=0 entries=0 exits=0 blocked=1 open=6 cash=3668.00 equity=9749.89
[SCAN] 2026-08-08T12:19:59+00:00 symbols=20 signals=0 entries=0 exits=0 blocked=1 open=6 cash=3668.00 equity=9747.41
[SCAN] 2026-08-08T12:24:59+00:00 symbols=20 signals=0 entries=0 exits=0 blocked=2 open=6 cash=3668.00 equity=9755.13
[SCAN] 2026-08-08T12:29:59+00:00 symbols=20 signals=0 entries=0 exits=0 blocked=2 open=6 cash=3668.00 equity=9754.29
[SCAN] 2026-08-08T12:34:59+00:00 symbols=20 signals=0 entries=0 exits=0 blocked=1 open=6 cash=3668.00 equity=9758.51
[SCAN] 2026-08-08T12:39:59+00:00 symbols=20 signals=0 entries=0 exits=0 blocked=2 open=6 cash=3668.00 equity=9751.30
[SCAN] 2026-08-08T12:44:59+00:00 symbols=20 signals=0 entries=0 exits=0 blocked=0 open=6 cash=3668.00 equity=9754.78
[SCAN] 2026-08-08T12:49:59+00:00 symbols=20 signals=0 entries=0 exits=0 blocked=1 open=6 cash=3668.00 equity=9748.39
[SCAN] 2026-08-08T12:54:59+00:00 symbols=20 signals=0 entries=0 exits=0 blocked=2 open=6 cash=3668.00 equity=9751.63
[SCAN] 2026-08-08T12:59:59+00:00 symbols=20 signals=0 entries=0 exits=0 blocked=1 open=6 cash=3668.00 equity=9750.22
[SIGNAL] 2026-08-08T12:59:59+00:00 RESOLVTRY BUY fill_at=2026-08-08T13:04:59+00:00 features={"close": 0.827, "bb_lower": 0.8277462913439086, "bb_upper": 0.8375679943703769, "rsi": 28.717542064830994, "mfi": 18.98893121498122, "atr": 0.0013357142857142973}
[BLOCKED] RESOLVTRY reason=max_layers
[SCAN] 2026-08-08T13:04:59+00:00 symbols=20 signals=1 entries=0 exits=0 blocked=1 open=6 cash=3668.00 equity=9750.51
[SIGNAL] 2026-08-08T13:04:59+00:00 RESOLVTRY BUY fill_at=2026-08-08T13:09:59+00:00 features={"close": 0.8256, "bb_lower": 0.8265555291523616, "bb_upper": 0.8379111375143051, "rsi": 25.885223359271095, "mfi": 15.963866755427603, "atr": 0.0013428571428571537}
[BLOCKED] RESOLVTRY reason=max_layers
[SCAN] 2026-08-08T13:09:59+00:00 symbols=20 signals=1 entries=0 exits=0 blocked=2 open=6 cash=3668.00 equity=9727.62
[SIGNAL] 2026-08-08T13:09:59+00:00 BANKTRY BUY fill_at=2026-08-08T13:14:59+00:00 features={"close": 1.858, "bb_lower": 1.8720493345202278, "bb_upper": 1.9050935226226298, "rsi": 26.45272306512898, "mfi": 39.86482845229824, "atr": 0.0105}
[BLOCKED] BANKTRY reason=max_layers
[SCAN] 2026-08-08T13:14:59+00:00 symbols=20 signals=1 entries=0 exits=0 blocked=1 open=6 cash=3668.00 equity=9739.32
[SCAN] 2026-08-08T13:19:59+00:00 symbols=20 signals=0 entries=0 exits=0 blocked=0 open=6 cash=3668.00 equity=9742.01
[SCAN] 2026-08-08T13:24:59+00:00 symbols=20 signals=0 entries=0 exits=0 blocked=0 open=6 cash=3668.00 equity=9737.67
[SIGNAL] 2026-08-08T13:24:59+00:00 ZROTRY BUY fill_at=2026-08-08T13:29:59+00:00 features={"close": 39.3, "bb_lower": 39.30629447994462, "bb_upper": 39.67465790100774, "rsi": 37.94298450687519, "mfi": 32.944824555953716, "atr": 0.05714285714285795}
[ENTRY] 2026-08-08T13:29:59+00:00 ZROTRY layer=1 value=366.25 entry=39.32947500 cash=3301.20
[SCAN] 2026-08-08T13:29:59+00:00 symbols=20 signals=1 entries=1 exits=0 blocked=0 open=7 cash=3301.20 equity=9742.65
[SCAN] 2026-08-08T13:34:59+00:00 symbols=20 signals=0 entries=0 exits=0 blocked=0 open=7 cash=3301.20 equity=9740.99
[SCAN] 2026-08-08T13:39:59+00:00 symbols=20 signals=0 entries=0 exits=0 blocked=0 open=7 cash=3301.20 equity=9739.13
[SIGNAL] 2026-08-08T13:39:59+00:00 BANKTRY BUY fill_at=2026-08-08T13:44:59+00:00 features={"close": 1.861, "bb_lower": 1.8635928166919364, "bb_upper": 1.9026928975937785, "rsi": 34.453881616752895, "mfi": 38.19259806633613, "atr": 0.011214285714285652}
[BLOCKED] BANKTRY reason=max_layers
[SCAN] 2026-08-08T13:44:59+00:00 symbols=20 signals=1 entries=0 exits=0 blocked=1 open=7 cash=3301.20 equity=9738.27
[SIGNAL] 2026-08-08T13:44:59+00:00 BANKTRY BUY fill_at=2026-08-08T13:49:59+00:00 features={"close": 1.858, "bb_lower": 1.8602268428483648, "bb_upper": 1.9021541095325878, "rsi": 33.07059765358805, "mfi": 31.970574576825058, "atr": 0.011285714285714232}
[BLOCKED] BANKTRY reason=max_layers
[SCAN] 2026-08-08T13:49:59+00:00 symbols=20 signals=1 entries=0 exits=0 blocked=1 open=7 cash=3301.20 equity=9738.08
[SCAN] 2026-08-08T13:54:59+00:00 symbols=20 signals=0 entries=0 exits=0 blocked=0 open=7 cash=3301.20 equity=9746.40
[SCAN] 2026-08-08T13:59:59+00:00 symbols=20 signals=0 entries=0 exits=0 blocked=0 open=7 cash=3301.20 equity=9744.80
[SCAN] 2026-08-08T14:04:59+00:00 symbols=20 signals=0 entries=0 exits=1 blocked=0 open=6 cash=3806.09 equity=9736.54
[SCAN] 2026-08-08T14:09:59+00:00 symbols=20 signals=0 entries=0 exits=0 blocked=1 open=6 cash=3806.09 equity=9739.93
[SIGNAL] 2026-08-08T14:09:59+00:00 HEITRY BUY fill_at=2026-08-08T14:14:59+00:00 features={"close": 9.711, "bb_lower": 9.726900671121644, "bb_upper": 10.121575519354547, "rsi": 37.372815355884306, "mfi": 46.31028929782922, "atr": 0.1163571428571427}
[ENTRY] 2026-08-08T14:14:59+00:00 HEITRY layer=1 value=380.04 entry=9.72128550 cash=3425.48
[SCAN] 2026-08-08T14:14:59+00:00 symbols=20 signals=1 entries=1 exits=0 blocked=1 open=7 cash=3425.48 equity=9741.66
[SIGNAL] 2026-08-08T14:14:59+00:00 HEITRY BUY fill_at=2026-08-08T14:19:59+00:00 features={"close": 9.684, "bb_lower": 9.700456944730995, "bb_upper": 10.13582876955472, "rsi": 36.25777804196892, "mfi": 37.651647602829165, "atr": 0.115642857142857}
[ENTRY] 2026-08-08T14:19:59+00:00 HEITRY layer=2 value=342.04 entry=9.70227125 cash=3082.93
[SCAN] 2026-08-08T14:19:59+00:00 symbols=20 signals=1 entries=1 exits=0 blocked=1 open=7 cash=3082.93 equity=9735.52
[SIGNAL] 2026-08-08T14:19:59+00:00 HEITRY BUY fill_at=2026-08-08T14:24:59+00:00 features={"close": 9.588, "bb_lower": 9.65552071367829, "bb_upper": 10.16238404822647, "rsi": 32.52046167224695, "mfi": 28.80966375038676, "atr": 0.13521428571428565}
[BLOCKED] HEITRY reason=max_layers
[SCAN] 2026-08-08T14:24:59+00:00 symbols=20 signals=1 entries=0 exits=0 blocked=2 open=7 cash=3082.93 equity=9712.81
[SIGNAL] 2026-08-08T14:24:59+00:00 HEITRY BUY fill_at=2026-08-08T14:29:59+00:00 features={"close": 9.439, "bb_lower": 9.567022312973835, "bb_upper": 10.21212054416902, "rsi": 27.716738824222077, "mfi": 28.0486271134245, "atr": 0.14535714285714274}
[BLOCKED] HEITRY reason=max_layers
[SCAN] 2026-08-08T14:29:59+00:00 symbols=20 signals=1 entries=0 exits=0 blocked=2 open=7 cash=3082.93 equity=9719.50
[SCAN] 2026-08-08T14:34:59+00:00 symbols=20 signals=0 entries=0 exits=0 blocked=2 open=7 cash=3082.93 equity=9717.11
[SCAN] 2026-08-08T14:39:59+00:00 symbols=20 signals=0 entries=0 exits=0 blocked=1 open=7 cash=3082.93 equity=9711.70
[SCAN] 2026-08-08T14:44:59+00:00 symbols=20 signals=0 entries=0 exits=0 blocked=2 open=7 cash=3082.93 equity=9707.58
[SIGNAL] 2026-08-08T14:44:59+00:00 FIDATRY BUY fill_at=2026-08-08T14:49:59+00:00 features={"close": 0.852, "bb_lower": 0.8522063832687717, "bb_upper": 0.8596031405407517, "rsi": 36.204171430409914, "mfi": 9.032028743960282, "atr": 0.0015714285714285728}
[BLOCKED] FIDATRY reason=max_layers
[SCAN] 2026-08-08T14:49:59+00:00 symbols=20 signals=1 entries=0 exits=0 blocked=1 open=7 cash=3082.93 equity=9718.93
[SIGNAL] 2026-08-08T14:49:59+00:00 FIDATRY BUY fill_at=2026-08-08T14:54:59+00:00 features={"close": 0.851, "bb_lower": 0.851690551063933, "bb_upper": 0.859261829888448, "rsi": 33.89601545451333, "mfi": 8.596950372970582, "atr": 0.0016428571428571443}
[BLOCKED] FIDATRY reason=max_layers
[SCAN] 2026-08-08T14:54:59+00:00 symbols=20 signals=1 entries=0 exits=0 blocked=1 open=7 cash=3082.93 equity=9714.56
[SIGNAL] 2026-08-08T14:54:59+00:00 FIDATRY BUY fill_at=2026-08-08T14:59:59+00:00 features={"close": 0.851, "bb_lower": 0.8511962877161029, "bb_upper": 0.8589941884743729, "rsi": 33.89601537505315, "mfi": 16.742559585982434, "atr": 0.0017142857142857157}
[BLOCKED] FIDATRY reason=max_layers
[SCAN] 2026-08-08T14:59:59+00:00 symbols=20 signals=1 entries=0 exits=0 blocked=1 open=7 cash=3082.93 equity=9712.33
[SCAN] 2026-08-08T15:04:59+00:00 symbols=20 signals=0 entries=0 exits=0 blocked=0 open=7 cash=3082.93 equity=9726.37
[SCAN] 2026-08-08T15:09:59+00:00 symbols=20 signals=0 entries=0 exits=0 blocked=0 open=7 cash=3082.93 equity=9727.36
[SCAN] 2026-08-08T15:14:59+00:00 symbols=20 signals=0 entries=0 exits=0 blocked=1 open=7 cash=3082.93 equity=9718.21
[SCAN] 2026-08-08T15:19:59+00:00 symbols=20 signals=0 entries=0 exits=0 blocked=1 open=7 cash=3082.93 equity=9723.87
[SCAN] 2026-08-08T15:24:59+00:00 symbols=20 signals=0 entries=0 exits=0 blocked=0 open=7 cash=3082.93 equity=9728.22
[SCAN] 2026-08-08T15:29:59+00:00 symbols=20 signals=0 entries=0 exits=0 blocked=0 open=7 cash=3082.93 equity=9738.72
[SCAN] 2026-08-08T15:34:59+00:00 symbols=20 signals=0 entries=0 exits=0 blocked=0 open=7 cash=3082.93 equity=9741.65
[SCAN] 2026-08-08T15:39:59+00:00 symbols=20 signals=0 entries=0 exits=0 blocked=0 open=7 cash=3082.93 equity=9736.57
[SCAN] 2026-08-08T15:44:59+00:00 symbols=20 signals=0 entries=0 exits=0 blocked=0 open=7 cash=3082.93 equity=9730.53
[SCAN] 2026-08-08T15:49:59+00:00 symbols=20 signals=0 entries=0 exits=0 blocked=0 open=7 cash=3082.93 equity=9731.54
[SCAN] 2026-08-08T15:54:59+00:00 symbols=20 signals=0 entries=0 exits=0 blocked=0 open=7 cash=3082.93 equity=9728.19
[SCAN] 2026-08-08T15:59:59+00:00 symbols=20 signals=0 entries=0 exits=0 blocked=0 open=7 cash=3082.93 equity=9725.03
[SCAN] 2026-08-08T16:04:59+00:00 symbols=20 signals=0 entries=0 exits=2 blocked=0 open=5 cash=5601.20 equity=9728.10
[SCAN] 2026-08-08T16:09:59+00:00 symbols=20 signals=0 entries=0 exits=0 blocked=1 open=5 cash=5601.20 equity=9719.24
[SIGNAL] 2026-08-08T16:09:59+00:00 HEITRY BUY fill_at=2026-08-08T16:14:59+00:00 features={"close": 9.329, "bb_lower": 9.33813194916548, "bb_upper": 9.563487098453571, "rsi": 32.60645406739667, "mfi": 56.51322437278345, "atr": 0.08192857142857145}
[BLOCKED] HEITRY reason=max_layers
[SCAN] 2026-08-08T16:14:59+00:00 symbols=20 signals=1 entries=0 exits=0 blocked=2 open=5 cash=5601.20 equity=9735.21
[SCAN] 2026-08-08T16:19:59+00:00 symbols=20 signals=0 entries=0 exits=0 blocked=0 open=5 cash=5601.20 equity=9741.57
[SIGNAL] 2026-08-08T16:19:59+00:00 HEITRY BUY fill_at=2026-08-08T16:24:59+00:00 features={"close": 9.317, "bb_lower": 9.321297087031457, "bb_upper": 9.544798151063784, "rsi": 34.55445710684677, "mfi": 50.29470335579118, "atr": 0.07914285714285718}
[BLOCKED] HEITRY reason=max_layers
[SCAN] 2026-08-08T16:24:59+00:00 symbols=20 signals=1 entries=0 exits=0 blocked=1 open=5 cash=5601.20 equity=9739.39
[SCAN] 2026-08-08T16:29:59+00:00 symbols=20 signals=0 entries=0 exits=0 blocked=0 open=5 cash=5601.20 equity=9744.39
[SIGNAL] 2026-08-08T16:29:59+00:00 EIGENTRY BUY fill_at=2026-08-08T16:34:59+00:00 features={"close": 8.463, "bb_lower": 8.470056823126985, "bb_upper": 8.53927651020635, "rsi": 41.26532224675773, "mfi": 21.77184902980757, "atr": 0.013500000000000132}
[ENTRY] 2026-08-08T16:34:59+00:00 EIGENTRY layer=1 value=559.28 entry=8.46734575 cash=5041.08
[SCAN] 2026-08-08T16:34:59+00:00 symbols=20 signals=1 entries=1 exits=0 blocked=1 open=6 cash=5041.08 equity=9744.65
[SCAN] 2026-08-08T16:39:59+00:00 symbols=20 signals=0 entries=0 exits=0 blocked=1 open=6 cash=5041.08 equity=9745.11
[SCAN] 2026-08-08T16:44:59+00:00 symbols=20 signals=0 entries=0 exits=0 blocked=1 open=6 cash=5041.08 equity=9758.39
[SCAN] 2026-08-08T16:49:59+00:00 symbols=20 signals=0 entries=0 exits=0 blocked=1 open=6 cash=5041.08 equity=9754.37
[SCAN] 2026-08-08T16:54:59+00:00 symbols=20 signals=0 entries=0 exits=0 blocked=2 open=6 cash=5041.08 equity=9761.16
[SCAN] 2026-08-08T16:59:59+00:00 symbols=20 signals=0 entries=0 exits=0 blocked=0 open=6 cash=5041.08 equity=9761.76
[SCAN] 2026-08-08T17:04:59+00:00 symbols=20 signals=0 entries=0 exits=0 blocked=0 open=6 cash=5041.08 equity=9746.25
[SCAN] 2026-08-08T17:09:59+00:00 symbols=20 signals=0 entries=0 exits=0 blocked=0 open=6 cash=5041.08 equity=9754.91
[SCAN] 2026-08-08T17:14:59+00:00 symbols=20 signals=0 entries=0 exits=0 blocked=0 open=6 cash=5041.08 equity=9749.41
[SCAN] 2026-08-08T17:19:59+00:00 symbols=20 signals=0 entries=0 exits=0 blocked=0 open=6 cash=5041.08 equity=9747.36
[SCAN] 2026-08-08T17:24:59+00:00 symbols=20 signals=0 entries=0 exits=0 blocked=0 open=6 cash=5041.08 equity=9746.08
[SCAN] 2026-08-08T17:29:59+00:00 symbols=20 signals=0 entries=0 exits=0 blocked=1 open=6 cash=5041.08 equity=9744.18
[SIGNAL] 2026-08-08T17:29:59+00:00 HEITRY BUY fill_at=2026-08-08T17:34:59+00:00 features={"close": 9.253, "bb_lower": 9.263260763090244, "bb_upper": 9.513024951195472, "rsi": 34.88896968407184, "mfi": 42.55929204166588, "atr": 0.08978571428571414}
[BLOCKED] HEITRY reason=max_layers
[SCAN] 2026-08-08T17:34:59+00:00 symbols=20 signals=1 entries=0 exits=0 blocked=1 open=6 cash=5041.08 equity=9751.98
[EXIT] 2026-08-08T17:39:59+00:00 HEITRY reason=fixed_stop_loss pnl=-66.70 cash=5697.54
[SCAN] 2026-08-08T17:39:59+00:00 symbols=20 signals=0 entries=0 exits=1 blocked=0 open=5 cash=5697.54 equity=9718.10
[SIGNAL] 2026-08-08T17:39:59+00:00 HEITRY BUY fill_at=2026-08-08T17:44:59+00:00 features={"close": 9.03, "bb_lower": 9.164037564124186, "bb_upper": 9.56434338825677, "rsi": 25.571279804378165, "mfi": 32.44373257262663, "atr": 0.11892857142857124}
[ENTRY] 2026-08-08T17:44:59+00:00 HEITRY layer=1 value=568.90 entry=9.04577925 cash=5127.79
[SCAN] 2026-08-08T17:44:59+00:00 symbols=20 signals=1 entries=1 exits=0 blocked=1 open=6 cash=5127.79 equity=9712.18
[SIGNAL] 2026-08-08T17:44:59+00:00 HEITRY BUY fill_at=2026-08-08T17:49:59+00:00 features={"close": 9.053, "bb_lower": 9.10874743237278, "bb_upper": 9.583823996198653, "rsi": 27.8883187408439, "mfi": 27.561980649219834, "atr": 0.11435714285714267}
[ENTRY] 2026-08-08T17:49:59+00:00 HEITRY layer=2 value=512.01 entry=9.06179125 cash=4615.01
[SCAN] 2026-08-08T17:49:59+00:00 symbols=20 signals=1 entries=1 exits=0 blocked=1 open=6 cash=4615.01 equity=9705.47
[SCAN] 2026-08-08T17:54:59+00:00 symbols=20 signals=0 entries=0 exits=0 blocked=1 open=6 cash=4615.01 equity=9707.71
[SCAN] 2026-08-08T17:59:59+00:00 symbols=20 signals=0 entries=0 exits=0 blocked=2 open=6 cash=4615.01 equity=9712.44
[SCAN] 2026-08-08T18:04:59+00:00 symbols=20 signals=0 entries=0 exits=0 blocked=2 open=6 cash=4615.01 equity=9696.11
[SIGNAL] 2026-08-08T18:04:59+00:00 FIDATRY BUY fill_at=2026-08-08T18:09:59+00:00 features={"close": 0.85, "bb_lower": 0.8513283242684876, "bb_upper": 0.8585764376362744, "rsi": 34.86206631328599, "mfi": 25.7248709515561, "atr": 0.0015000000000000013}
[BLOCKED] FIDATRY reason=max_layers
[SIGNAL] 2026-08-08T18:04:59+00:00 BANKTRY BUY fill_at=2026-08-08T18:09:59+00:00 features={"close": 1.884, "bb_lower": 1.8869248897680198, "bb_upper": 1.9212655864224564, "rsi": 40.765570718294875, "mfi": 35.76980983592733, "atr": 0.011142857142857152}
[BLOCKED] BANKTRY reason=max_layers
[SCAN] 2026-08-08T18:09:59+00:00 symbols=20 signals=2 entries=0 exits=0 blocked=3 open=6 cash=4615.01 equity=9685.48
[SIGNAL] 2026-08-08T18:09:59+00:00 BANKTRY BUY fill_at=2026-08-08T18:14:59+00:00 features={"close": 1.874, "bb_lower": 1.881939086119042, "bb_upper": 1.9242513900714344, "rsi": 36.08148392970288, "mfi": 24.724778032620094, "atr": 0.011357142857142859}
[BLOCKED] BANKTRY reason=max_layers
[SCAN] 2026-08-08T18:14:59+00:00 symbols=20 signals=1 entries=0 exits=0 blocked=2 open=6 cash=4615.01 equity=9688.74
[SIGNAL] 2026-08-08T18:14:59+00:00 BANKTRY BUY fill_at=2026-08-08T18:19:59+00:00 features={"close": 1.871, "bb_lower": 1.8767456906089437, "bb_upper": 1.9269685951053426, "rsi": 34.782581386697274, "mfi": 18.386250217166832, "atr": 0.010428571428571422}
[BLOCKED] BANKTRY reason=max_layers
[SCAN] 2026-08-08T18:19:59+00:00 symbols=20 signals=1 entries=0 exits=0 blocked=3 open=6 cash=4615.01 equity=9669.67
[SIGNAL] 2026-08-08T18:19:59+00:00 BANKTRY BUY fill_at=2026-08-08T18:24:59+00:00 features={"close": 1.867, "bb_lower": 1.8709544240861586, "bb_upper": 1.928664623532889, "rsi": 33.0633291272929, "mfi": 18.278943051294632, "atr": 0.0105}
[BLOCKED] BANKTRY reason=max_layers
[SCAN] 2026-08-08T18:24:59+00:00 symbols=20 signals=1 entries=0 exits=0 blocked=3 open=6 cash=4615.01 equity=9665.71
[SIGNAL] 2026-08-08T18:24:59+00:00 FIDATRY BUY fill_at=2026-08-08T18:29:59+00:00 features={"close": 0.85, "bb_lower": 0.8501731958029765, "bb_upper": 0.8585887089589287, "rsi": 38.250203117901286, "mfi": 45.10116145203899, "atr": 0.0017857142857142874}
[BLOCKED] FIDATRY reason=max_layers
[SCAN] 2026-08-08T18:29:59+00:00 symbols=20 signals=1 entries=0 exits=0 blocked=1 open=6 cash=4615.01 equity=9689.55
[SCAN] 2026-08-08T18:34:59+00:00 symbols=20 signals=0 entries=0 exits=0 blocked=0 open=6 cash=4615.01 equity=9683.65
[EXIT] 2026-08-08T18:39:59+00:00 ZROTRY reason=bb_mfi_v3_signal_exit pnl=+1.14 cash=4982.95
[SCAN] 2026-08-08T18:39:59+00:00 symbols=20 signals=0 entries=0 exits=1 blocked=0 open=5 cash=4982.95 equity=9686.33
[SCAN] 2026-08-08T18:44:59+00:00 symbols=20 signals=0 entries=0 exits=0 blocked=0 open=5 cash=4982.95 equity=9685.70
[SCAN] 2026-08-08T18:49:59+00:00 symbols=20 signals=0 entries=0 exits=0 blocked=0 open=5 cash=4982.95 equity=9676.90
[SCAN] 2026-08-08T18:54:59+00:00 symbols=20 signals=0 entries=0 exits=0 blocked=0 open=5 cash=4982.95 equity=9679.99
[SCAN] 2026-08-08T18:59:59+00:00 symbols=20 signals=0 entries=0 exits=0 blocked=0 open=5 cash=4982.95 equity=9674.02
[SCAN] 2026-08-08T19:04:59+00:00 symbols=20 signals=0 entries=0 exits=0 blocked=0 open=5 cash=4982.95 equity=9679.34
[SCAN] 2026-08-08T19:09:59+00:00 symbols=20 signals=0 entries=0 exits=0 blocked=0 open=5 cash=4982.95 equity=9680.57
[SCAN] 2026-08-08T19:14:59+00:00 symbols=20 signals=0 entries=0 exits=0 blocked=0 open=5 cash=4982.95 equity=9689.80
[SCAN] 2026-08-08T19:19:59+00:00 symbols=20 signals=0 entries=0 exits=0 blocked=0 open=5 cash=4982.95 equity=9695.45
[EXIT] 2026-08-08T19:24:59+00:00 FIDATRY reason=bb_mfi_v3_signal_exit pnl=-6.58 cash=6154.33
[SIGNAL] 2026-08-08T19:19:59+00:00 NOMTRY BUY fill_at=2026-08-08T19:24:59+00:00 features={"close": 0.079, "bb_lower": 0.07901630209467257, "bb_upper": 0.0813646502862798, "rsi": 36.708568552362024, "mfi": 20.558400928818344, "atr": 0.0006428571428571435}
[ENTRY] 2026-08-08T19:24:59+00:00 NOMTRY layer=1 value=614.51 entry=0.07905925 cash=5538.90
[SCAN] 2026-08-08T19:24:59+00:00 symbols=20 signals=1 entries=1 exits=1 blocked=0 open=5 cash=5538.90 equity=9685.18
[SIGNAL] 2026-08-08T19:24:59+00:00 NOMTRY BUY fill_at=2026-08-08T19:29:59+00:00 features={"close": 0.079, "bb_lower": 0.07901630209467259, "bb_upper": 0.08136465028627982, "rsi": 36.70856854812169, "mfi": 20.558400928818344, "atr": 0.0006428571428571435}
[ENTRY] 2026-08-08T19:29:59+00:00 NOMTRY layer=2 value=553.06 entry=0.08006000 cash=4985.01
[SCAN] 2026-08-08T19:29:59+00:00 symbols=20 signals=1 entries=1 exits=0 blocked=0 open=5 cash=4985.01 equity=9682.38
[SCAN] 2026-08-08T19:34:59+00:00 symbols=20 signals=0 entries=0 exits=0 blocked=1 open=5 cash=4985.01 equity=9665.41
[SCAN] 2026-08-08T19:39:59+00:00 symbols=20 signals=0 entries=0 exits=0 blocked=1 open=5 cash=4985.01 equity=9657.95
[SCAN] 2026-08-08T19:44:59+00:00 symbols=20 signals=0 entries=0 exits=0 blocked=1 open=5 cash=4985.01 equity=9662.29
[SCAN] 2026-08-08T19:49:59+00:00 symbols=20 signals=0 entries=0 exits=0 blocked=0 open=5 cash=4985.01 equity=9685.38
[SCAN] 2026-08-08T19:54:59+00:00 symbols=20 signals=0 entries=0 exits=0 blocked=0 open=5 cash=4985.01 equity=9691.02
[SIGNAL] 2026-08-08T19:54:59+00:00 TSTTRY BUY fill_at=2026-08-08T19:59:59+00:00 features={"close": 0.72, "bb_lower": 0.7220841228490128, "bb_upper": 0.7653444485795587, "rsi": 36.61345937794986, "mfi": 50.36801872197479, "atr": 0.010428571428571438}
[ENTRY] 2026-08-08T19:59:59+00:00 TSTTRY layer=1 value=497.75 entry=0.72054000 cash=4486.51
[SCAN] 2026-08-08T19:59:59+00:00 symbols=20 signals=1 entries=1 exits=0 blocked=0 open=6 cash=4486.51 equity=9696.37
[SIGNAL] 2026-08-08T19:59:59+00:00 TSTTRY BUY fill_at=2026-08-08T20:04:59+00:00 features={"close": 0.712, "bb_lower": 0.7170381683337058, "bb_upper": 0.7679142126186752, "rsi": 33.590949247821555, "mfi": 42.666232883091, "atr": 0.011142857142857152}
[ENTRY] 2026-08-08T20:04:59+00:00 TSTTRY layer=2 value=564.99 entry=0.71453550 cash=5092.50
[SCAN] 2026-08-08T20:04:59+00:00 symbols=20 signals=1 entries=1 exits=1 blocked=0 open=5 cash=5092.50 equity=9707.33
[EXIT] 2026-08-08T20:09:59+00:00 HEITRY reason=fixed_take_profit pnl=+20.94 cash=6195.97
[SCAN] 2026-08-08T20:09:59+00:00 symbols=20 signals=0 entries=0 exits=1 blocked=0 open=4 cash=6195.97 equity=9725.55
[SCAN] 2026-08-08T20:14:59+00:00 symbols=20 signals=0 entries=0 exits=0 blocked=0 open=4 cash=6195.97 equity=9740.48
[EXIT] 2026-08-08T20:19:59+00:00 BANKTRY reason=bb_mfi_v3_signal_exit pnl=+8.27 cash=7658.51
[SCAN] 2026-08-08T20:19:59+00:00 symbols=20 signals=0 entries=0 exits=1 blocked=0 open=3 cash=7658.51 equity=9742.79
[SCAN] 2026-08-08T20:24:59+00:00 symbols=20 signals=0 entries=0 exits=0 blocked=1 open=3 cash=7658.51 equity=9748.13
[SCAN] 2026-08-08T20:29:59+00:00 symbols=20 signals=0 entries=0 exits=0 blocked=1 open=3 cash=7658.51 equity=9741.75
[SCAN] 2026-08-08T20:34:59+00:00 symbols=20 signals=0 entries=0 exits=0 blocked=0 open=3 cash=7658.51 equity=9743.23
[SCAN] 2026-08-08T20:39:59+00:00 symbols=20 signals=0 entries=0 exits=0 blocked=0 open=3 cash=7658.51 equity=9741.15
[SIGNAL] 2026-08-08T20:39:59+00:00 VANRYTRY BUY fill_at=2026-08-08T20:44:59+00:00 features={"close": 0.1525, "bb_lower": 0.15257916324917875, "bb_upper": 0.15496369389367837, "rsi": 40.028271920071944, "mfi": 22.249822750941632, "atr": 0.0008285714285714285}
[ENTRY] 2026-08-08T20:44:59+00:00 VANRYTRY layer=1 value=764.70 entry=0.15281453 cash=6892.66
[SCAN] 2026-08-08T20:44:59+00:00 symbols=20 signals=1 entries=1 exits=0 blocked=0 open=4 cash=6892.66 equity=9748.49
[SCAN] 2026-08-08T20:49:59+00:00 symbols=20 signals=0 entries=0 exits=0 blocked=0 open=4 cash=6892.66 equity=9747.46
[EXIT] 2026-08-08T20:54:59+00:00 TSTTRY reason=fixed_take_profit pnl=+20.58 cash=7977.58
[SCAN] 2026-08-08T20:54:59+00:00 symbols=20 signals=0 entries=0 exits=1 blocked=0 open=3 cash=7977.58 equity=9754.92
[SCAN] 2026-08-08T20:59:59+00:00 symbols=20 signals=0 entries=0 exits=0 blocked=0 open=3 cash=7977.58 equity=9757.54
[SCAN] 2026-08-08T21:04:59+00:00 symbols=20 signals=0 entries=0 exits=0 blocked=0 open=3 cash=7977.58 equity=9751.08
[SCAN] 2026-08-08T21:09:59+00:00 symbols=20 signals=0 entries=0 exits=0 blocked=0 open=3 cash=7977.58 equity=9754.67
[SIGNAL] 2026-08-08T21:09:59+00:00 HOMETRY BUY fill_at=2026-08-08T21:14:59+00:00 features={"close": 0.441, "bb_lower": 0.4411822024297895, "bb_upper": 0.44996065471306795, "rsi": 36.432323497822786, "mfi": 17.618453911759616, "atr": 0.0022142857142857164}
[ENTRY] 2026-08-08T21:14:59+00:00 HOMETRY layer=1 value=796.56 entry=0.44033000 cash=7179.82
[SCAN] 2026-08-08T21:14:59+00:00 symbols=20 signals=1 entries=1 exits=0 blocked=0 open=4 cash=7179.82 equity=9748.74
[SIGNAL] 2026-08-08T21:14:59+00:00 VANRYTRY BUY fill_at=2026-08-08T21:19:59+00:00 features={"close": 0.1522, "bb_lower": 0.15234148590517468, "bb_upper": 0.1545918474281587, "rsi": 41.71748902041243, "mfi": 31.315559217480555, "atr": 0.0009571428571428568}
[ENTRY] 2026-08-08T21:19:59+00:00 VANRYTRY layer=2 value=716.91 entry=0.15241422 cash=6461.84
[SCAN] 2026-08-08T21:19:59+00:00 symbols=20 signals=1 entries=1 exits=0 blocked=0 open=4 cash=6461.84 equity=9751.34
[SCAN] 2026-08-08T21:24:59+00:00 symbols=20 signals=0 entries=0 exits=0 blocked=0 open=4 cash=6461.84 equity=9755.37
[SCAN] 2026-08-08T21:29:59+00:00 symbols=20 signals=0 entries=0 exits=0 blocked=0 open=4 cash=6461.84 equity=9764.06
[SCAN] 2026-08-08T21:34:59+00:00 symbols=20 signals=0 entries=0 exits=0 blocked=0 open=4 cash=6461.84 equity=9750.94
[SCAN] 2026-08-08T21:39:59+00:00 symbols=20 signals=0 entries=0 exits=0 blocked=1 open=4 cash=6461.84 equity=9749.00
[SCAN] 2026-08-08T21:44:59+00:00 symbols=20 signals=0 entries=0 exits=0 blocked=0 open=4 cash=6461.84 equity=9757.07
[SCAN] 2026-08-08T21:49:59+00:00 symbols=20 signals=0 entries=0 exits=0 blocked=2 open=4 cash=6461.84 equity=9736.75
[SIGNAL] 2026-08-08T21:49:59+00:00 VANRYTRY BUY fill_at=2026-08-08T21:54:59+00:00 features={"close": 0.1514, "bb_lower": 0.1515953024467714, "bb_upper": 0.15441422136275237, "rsi": 40.48489676444057, "mfi": 41.28612207219311, "atr": 0.0008714285714285706}
[BLOCKED] VANRYTRY reason=max_layers
[SCAN] 2026-08-08T21:54:59+00:00 symbols=20 signals=1 entries=0 exits=0 blocked=3 open=4 cash=6461.84 equity=9753.54
[SCAN] 2026-08-08T21:59:59+00:00 symbols=20 signals=0 entries=0 exits=0 blocked=3 open=4 cash=6461.84 equity=9748.80
[SCAN] 2026-08-08T22:04:59+00:00 symbols=20 signals=0 entries=0 exits=0 blocked=2 open=4 cash=6461.84 equity=9758.19
[EXIT] 2026-08-08T22:09:59+00:00 HOMETRY reason=fixed_take_profit pnl=+15.43 cash=7275.03
[SCAN] 2026-08-08T22:09:59+00:00 symbols=20 signals=0 entries=0 exits=1 blocked=1 open=3 cash=7275.03 equity=9771.43
[SCAN] 2026-08-08T22:14:59+00:00 symbols=20 signals=0 entries=0 exits=0 blocked=1 open=3 cash=7275.03 equity=9775.63
[SCAN] 2026-08-08T22:19:59+00:00 symbols=20 signals=0 entries=0 exits=0 blocked=3 open=3 cash=7275.03 equity=9765.68
[SCAN] 2026-08-08T22:24:59+00:00 symbols=20 signals=0 entries=0 exits=0 blocked=1 open=3 cash=7275.03 equity=9777.99
[SCAN] 2026-08-08T22:29:59+00:00 symbols=20 signals=0 entries=0 exits=0 blocked=0 open=3 cash=7275.03 equity=9766.00
[SCAN] 2026-08-08T22:34:59+00:00 symbols=20 signals=0 entries=0 exits=0 blocked=0 open=3 cash=7275.03 equity=9765.68
[SCAN] 2026-08-08T22:39:59+00:00 symbols=20 signals=0 entries=0 exits=0 blocked=0 open=3 cash=7275.03 equity=9756.22
[SCAN] 2026-08-08T22:44:59+00:00 symbols=20 signals=0 entries=0 exits=0 blocked=1 open=3 cash=7275.03 equity=9764.70
[SCAN] 2026-08-08T22:49:59+00:00 symbols=20 signals=0 entries=0 exits=0 blocked=1 open=3 cash=7275.03 equity=9768.72
[SCAN] 2026-08-08T22:54:59+00:00 symbols=20 signals=0 entries=0 exits=0 blocked=1 open=3 cash=7275.03 equity=9769.81
[SCAN] 2026-08-08T22:59:59+00:00 symbols=20 signals=0 entries=0 exits=0 blocked=1 open=3 cash=7275.03 equity=9760.57
[SCAN] 2026-08-08T23:04:59+00:00 symbols=20 signals=0 entries=0 exits=0 blocked=0 open=3 cash=7275.03 equity=9764.46
[SCAN] 2026-08-08T23:09:59+00:00 symbols=20 signals=0 entries=0 exits=0 blocked=0 open=3 cash=7275.03 equity=9765.12
[SIGNAL] 2026-08-08T23:09:59+00:00 HEITRY BUY fill_at=2026-08-08T23:14:59+00:00 features={"close": 9.155, "bb_lower": 9.208227160648335, "bb_upper": 9.655963315542145, "rsi": 36.56377661797819, "mfi": 35.16171237732506, "atr": 0.1265000000000002}
[ENTRY] 2026-08-08T23:14:59+00:00 HEITRY layer=1 value=726.41 entry=9.16186625 cash=6547.52
[SCAN] 2026-08-08T23:14:59+00:00 symbols=20 signals=1 entries=1 exits=0 blocked=1 open=4 cash=6547.52 equity=9767.30
[SCAN] 2026-08-08T23:19:59+00:00 symbols=20 signals=0 entries=0 exits=0 blocked=1 open=4 cash=6547.52 equity=9764.03
[SCAN] 2026-08-08T23:24:59+00:00 symbols=20 signals=0 entries=0 exits=0 blocked=1 open=4 cash=6547.52 equity=9766.31
[SCAN] 2026-08-08T23:29:59+00:00 symbols=20 signals=0 entries=0 exits=0 blocked=0 open=4 cash=6547.52 equity=9753.80
[SCAN] 2026-08-08T23:34:59+00:00 symbols=20 signals=0 entries=0 exits=0 blocked=1 open=4 cash=6547.52 equity=9749.71
[SCAN] 2026-08-08T23:39:59+00:00 symbols=20 signals=0 entries=0 exits=0 blocked=0 open=4 cash=6547.52 equity=9762.09
[SIGNAL] 2026-08-08T23:39:59+00:00 RESOLVTRY BUY fill_at=2026-08-08T23:44:59+00:00 features={"close": 0.8707, "bb_lower": 0.8720995378088271, "bb_upper": 0.8805385574292685, "rsi": 39.19336705982825, "mfi": 35.97342530946297, "atr": 0.0024285714285714305}
[ENTRY] 2026-08-08T23:44:59+00:00 RESOLVTRY layer=1 value=653.77 entry=0.87265400 cash=5892.77
[SCAN] 2026-08-08T23:44:59+00:00 symbols=20 signals=1 entries=1 exits=0 blocked=0 open=5 cash=5892.77 equity=9763.27
[SCAN] 2026-08-08T23:49:59+00:00 symbols=20 signals=0 entries=0 exits=0 blocked=0 open=5 cash=5892.77 equity=9769.31
[SCAN] 2026-08-08T23:54:59+00:00 symbols=20 signals=0 entries=0 exits=0 blocked=0 open=5 cash=5892.77 equity=9767.11
[SIGNAL] 2026-08-08T23:54:59+00:00 RESOLVTRY BUY fill_at=2026-08-08T23:59:59+00:00 features={"close": 0.8694, "bb_lower": 0.8701993367007745, "bb_upper": 0.8811054252039874, "rsi": 38.00130620015661, "mfi": 40.21187942238953, "atr": 0.0019499999999999993}
[ENTRY] 2026-08-08T23:59:59+00:00 RESOLVTRY layer=2 value=588.39 entry=0.87325445 cash=5303.49
[SCAN] 2026-08-08T23:59:59+00:00 symbols=20 signals=1 entries=1 exits=0 blocked=0 open=5 cash=5303.49 equity=9766.50
[SCAN] 2026-08-09T00:04:59+00:00 symbols=20 signals=0 entries=0 exits=1 blocked=0 open=4 cash=6787.39 equity=9767.17
[SCAN] 2026-08-09T00:09:59+00:00 symbols=20 signals=0 entries=0 exits=0 blocked=1 open=4 cash=6787.39 equity=9773.10
[SCAN] 2026-08-09T00:14:59+00:00 symbols=20 signals=0 entries=0 exits=0 blocked=3 open=4 cash=6787.39 equity=9767.16
[SCAN] 2026-08-09T00:19:59+00:00 symbols=20 signals=0 entries=0 exits=0 blocked=2 open=4 cash=6787.39 equity=9774.53
[SCAN] 2026-08-09T00:24:59+00:00 symbols=20 signals=0 entries=0 exits=0 blocked=2 open=4 cash=6787.39 equity=9774.82
[SCAN] 2026-08-09T00:29:59+00:00 symbols=20 signals=0 entries=0 exits=0 blocked=2 open=4 cash=6787.39 equity=9771.90
[SCAN] 2026-08-09T00:34:59+00:00 symbols=20 signals=0 entries=0 exits=0 blocked=1 open=4 cash=6787.39 equity=9782.64
[SCAN] 2026-08-09T00:39:59+00:00 symbols=20 signals=0 entries=0 exits=0 blocked=1 open=4 cash=6787.39 equity=9789.68
[EXIT] 2026-08-09T00:44:59+00:00 RESOLVTRY reason=bb_mfi_v3_signal_exit pnl=+9.20 cash=8040.62
[SCAN] 2026-08-09T00:44:59+00:00 symbols=20 signals=0 entries=0 exits=1 blocked=0 open=3 cash=8040.62 equity=9779.44
[SCAN] 2026-08-09T00:49:59+00:00 symbols=20 signals=0 entries=0 exits=0 blocked=0 open=3 cash=8040.62 equity=9765.10
[SIGNAL] 2026-08-09T00:49:59+00:00 HEITRY BUY fill_at=2026-08-09T00:54:59+00:00 features={"close": 9.053, "bb_lower": 9.073646499174865, "bb_upper": 9.270543977015608, "rsi": 37.387188075201834, "mfi": 53.15895651759402, "atr": 0.09400000000000006}
[ENTRY] 2026-08-09T00:54:59+00:00 HEITRY layer=2 value=802.86 entry=9.05278450 cash=7236.56
[SCAN] 2026-08-09T00:54:59+00:00 symbols=20 signals=1 entries=1 exits=0 blocked=0 open=3 cash=7236.56 equity=9738.38
[SIGNAL] 2026-08-09T00:54:59+00:00 HEITRY BUY fill_at=2026-08-09T00:59:59+00:00 features={"close": 8.91, "bb_lower": 9.01151047770099, "bb_upper": 9.309346665156147, "rsi": 30.606191690472926, "mfi": 38.52938712772568, "atr": 0.10435714285714288}
[BLOCKED] HEITRY reason=max_layers
[SCAN] 2026-08-09T00:59:59+00:00 symbols=20 signals=1 entries=0 exits=0 blocked=1 open=3 cash=7236.56 equity=9747.80
[SIGNAL] 2026-08-09T00:59:59+00:00 HEITRY BUY fill_at=2026-08-09T01:04:59+00:00 features={"close": 8.96, "bb_lower": 8.979047464832243, "bb_upper": 9.31723824945347, "rsi": 35.0671796583311, "mfi": 42.01432039226721, "atr": 0.10557142857142855}
[BLOCKED] HEITRY reason=max_layers
[SCAN] 2026-08-09T01:04:59+00:00 symbols=20 signals=1 entries=0 exits=0 blocked=1 open=3 cash=7236.56 equity=9739.61
[SIGNAL] 2026-08-09T01:04:59+00:00 HEITRY BUY fill_at=2026-08-09T01:09:59+00:00 features={"close": 8.905, "bb_lower": 8.937621161989634, "bb_upper": 9.332283599915131, "rsi": 32.571958786082405, "mfi": 33.89350800537808, "atr": 0.11192857142857145}
[BLOCKED] HEITRY reason=max_layers
[SCAN] 2026-08-09T01:09:59+00:00 symbols=20 signals=1 entries=0 exits=0 blocked=1 open=3 cash=7236.56 equity=9750.66
[SIGNAL] 2026-08-09T01:09:59+00:00 TSTTRY BUY fill_at=2026-08-09T01:14:59+00:00 features={"close": 0.753, "bb_lower": 0.7548095603833148, "bb_upper": 0.8168094872357331, "rsi": 34.556662406792086, "mfi": 40.79294646948052, "atr": 0.018142857142857145}
[ENTRY] 2026-08-09T01:14:59+00:00 TSTTRY layer=1 value=722.57 entry=0.75456550 cash=6512.90
[SCAN] 2026-08-09T01:14:59+00:00 symbols=20 signals=1 entries=1 exits=0 blocked=0 open=4 cash=6512.90 equity=9759.08
[EXIT] 2026-08-09T01:19:59+00:00 TSTTRY reason=fixed_take_profit pnl=+14.00 cash=7250.55
[SCAN] 2026-08-09T01:19:59+00:00 symbols=20 signals=0 entries=0 exits=1 blocked=0 open=3 cash=7250.55 equity=9754.51
[SCAN] 2026-08-09T01:24:59+00:00 symbols=20 signals=0 entries=0 exits=0 blocked=0 open=3 cash=7250.55 equity=9759.15
[SCAN] 2026-08-09T01:29:59+00:00 symbols=20 signals=0 entries=0 exits=0 blocked=1 open=3 cash=7250.55 equity=9737.24
[SCAN] 2026-08-09T01:34:59+00:00 symbols=20 signals=0 entries=0 exits=0 blocked=1 open=3 cash=7250.55 equity=9751.31
[SCAN] 2026-08-09T01:39:59+00:00 symbols=20 signals=0 entries=0 exits=0 blocked=1 open=3 cash=7250.55 equity=9740.23
[SIGNAL] 2026-08-09T01:39:59+00:00 BANKTRY BUY fill_at=2026-08-09T01:44:59+00:00 features={"close": 1.896, "bb_lower": 1.8972147874542982, "bb_upper": 1.9344994982599881, "rsi": 40.47170207070043, "mfi": 40.0659469203763, "atr": 0.013071428571428576}
[ENTRY] 2026-08-09T01:44:59+00:00 BANKTRY layer=1 value=723.97 entry=1.89842275 cash=6525.50
[SCAN] 2026-08-09T01:44:59+00:00 symbols=20 signals=1 entries=1 exits=0 blocked=4 open=4 cash=6525.50 equity=9726.40
[SIGNAL] 2026-08-09T01:44:59+00:00 BANKTRY BUY fill_at=2026-08-09T01:49:59+00:00 features={"close": 1.886, "bb_lower": 1.8921461293024164, "bb_upper": 1.9371872040309175, "rsi": 36.101352067436096, "mfi": 40.44162053491614, "atr": 0.013142857142857138}
[ENTRY] 2026-08-09T01:49:59+00:00 BANKTRY layer=2 value=651.57 entry=1.88641375 cash=5872.95
[SCAN] 2026-08-09T01:49:59+00:00 symbols=20 signals=1 entries=1 exits=0 blocked=4 open=4 cash=5872.95 equity=9718.71
[SIGNAL] 2026-08-09T01:49:59+00:00 BANKTRY BUY fill_at=2026-08-09T01:54:59+00:00 features={"close": 1.881, "bb_lower": 1.8863537553655545, "bb_upper": 1.9397414827296837, "rsi": 34.106398804875425, "mfi": 35.09313813260336, "atr": 0.013999999999999997}
[BLOCKED] BANKTRY reason=max_layers
[SCAN] 2026-08-09T01:54:59+00:00 symbols=20 signals=1 entries=0 exits=0 blocked=3 open=4 cash=5872.95 equity=9713.47
[SIGNAL] 2026-08-09T01:54:59+00:00 BANKTRY BUY fill_at=2026-08-09T01:59:59+00:00 features={"close": 1.867, "bb_lower": 1.8776336949422487, "bb_upper": 1.9434139241053707, "rsi": 29.210152829811918, "mfi": 29.41607412728972, "atr": 0.014928571428571418}
[BLOCKED] BANKTRY reason=max_layers
[SCAN] 2026-08-09T01:59:59+00:00 symbols=20 signals=1 entries=0 exits=0 blocked=3 open=4 cash=5872.95 equity=9701.59
[SIGNAL] 2026-08-09T01:59:59+00:00 BANKTRY BUY fill_at=2026-08-09T02:04:59+00:00 features={"close": 1.864, "bb_lower": 1.8697879738125316, "bb_upper": 1.946307264282706, "rsi": 28.268091442106694, "mfi": 24.40233629326896, "atr": 0.014857142857142855}
[BLOCKED] BANKTRY reason=max_layers
[SCAN] 2026-08-09T02:04:59+00:00 symbols=20 signals=1 entries=0 exits=0 blocked=1 open=4 cash=5872.95 equity=9712.33
[SIGNAL] 2026-08-09T02:04:59+00:00 BANKTRY BUY fill_at=2026-08-09T02:09:59+00:00 features={"close": 1.863, "bb_lower": 1.863067354514659, "bb_upper": 1.9486469311996264, "rsi": 27.942664094533384, "mfi": 21.402766078471615, "atr": 0.014428571428571426}
[BLOCKED] BANKTRY reason=max_layers
[SIGNAL] 2026-08-09T02:04:59+00:00 LDOTRY BUY fill_at=2026-08-09T02:09:59+00:00 features={"close": 13.65, "bb_lower": 13.666194056620599, "bb_upper": 13.919520229093683, "rsi": 21.305171679513677, "mfi": 6.631644906983269, "atr": 0.022857142857142625}
[ENTRY] 2026-08-09T02:09:59+00:00 LDOTRY layer=1 value=586.42 entry=13.73029000 cash=5285.65
[SCAN] 2026-08-09T02:09:59+00:00 symbols=20 signals=2 entries=1 exits=0 blocked=2 open=5 cash=5285.65 equity=9713.68
[SCAN] 2026-08-09T02:14:59+00:00 symbols=20 signals=0 entries=0 exits=0 blocked=1 open=5 cash=5285.65 equity=9715.17
[SCAN] 2026-08-09T02:19:59+00:00 symbols=20 signals=0 entries=0 exits=0 blocked=0 open=5 cash=5285.65 equity=9689.55
[SCAN] 2026-08-09T02:24:59+00:00 symbols=20 signals=0 entries=0 exits=0 blocked=0 open=5 cash=5285.65 equity=9686.85
[SCAN] 2026-08-09T02:29:59+00:00 symbols=20 signals=0 entries=0 exits=0 blocked=0 open=5 cash=5285.65 equity=9691.08
[SCAN] 2026-08-09T02:34:59+00:00 symbols=20 signals=0 entries=0 exits=0 blocked=0 open=5 cash=5285.65 equity=9687.46
[SCAN] 2026-08-09T02:39:59+00:00 symbols=20 signals=0 entries=0 exits=0 blocked=0 open=5 cash=5285.65 equity=9686.92
[SCAN] 2026-08-09T02:44:59+00:00 symbols=20 signals=0 entries=0 exits=0 blocked=0 open=5 cash=5285.65 equity=9683.63
[SIGNAL] 2026-08-09T02:44:59+00:00 VANRYTRY BUY fill_at=2026-08-09T02:49:59+00:00 features={"close": 0.1525, "bb_lower": 0.15278318091398096, "bb_upper": 0.15572158099078093, "rsi": 39.9929352544117, "mfi": 48.54829353410304, "atr": 0.0008785714285714309}
[ENTRY] 2026-08-09T02:49:59+00:00 VANRYTRY layer=1 value=527.77 entry=0.15381528 cash=4757.09
[SCAN] 2026-08-09T02:49:59+00:00 symbols=20 signals=1 entries=1 exits=0 blocked=0 open=6 cash=4757.09 equity=9681.88
[SCAN] 2026-08-09T02:54:59+00:00 symbols=20 signals=0 entries=0 exits=0 blocked=0 open=6 cash=4757.09 equity=9687.15
[SCAN] 2026-08-09T02:59:59+00:00 symbols=20 signals=0 entries=0 exits=0 blocked=0 open=6 cash=4757.09 equity=9703.06
[SCAN] 2026-08-09T03:04:59+00:00 symbols=20 signals=0 entries=0 exits=0 blocked=0 open=6 cash=4757.09 equity=9685.74
[SCAN] 2026-08-09T03:09:59+00:00 symbols=20 signals=0 entries=0 exits=0 blocked=1 open=6 cash=4757.09 equity=9673.47
[SCAN] 2026-08-09T03:14:59+00:00 symbols=20 signals=0 entries=0 exits=0 blocked=0 open=6 cash=4757.09 equity=9651.35
[SCAN] 2026-08-09T03:19:59+00:00 symbols=20 signals=0 entries=0 exits=0 blocked=1 open=6 cash=4757.09 equity=9675.54
[SCAN] 2026-08-09T03:24:59+00:00 symbols=20 signals=0 entries=0 exits=0 blocked=2 open=6 cash=4757.09 equity=9686.46
[SIGNAL] 2026-08-09T03:24:59+00:00 RESOLVTRY BUY fill_at=2026-08-09T03:29:59+00:00 features={"close": 0.87, "bb_lower": 0.8710632611208262, "bb_upper": 0.8768129293553644, "rsi": 34.31753551716618, "mfi": 34.93303317704792, "atr": 0.0018142857142857207}
[ENTRY] 2026-08-09T03:29:59+00:00 RESOLVTRY layer=1 value=475.00 entry=0.86574883 cash=4281.38
[SCAN] 2026-08-09T03:29:59+00:00 symbols=20 signals=1 entries=1 exits=0 blocked=1 open=7 cash=4281.38 equity=9687.99
[SIGNAL] 2026-08-09T03:29:59+00:00 RESOLVTRY BUY fill_at=2026-08-09T03:34:59+00:00 features={"close": 0.8651, "bb_lower": 0.8687741216821178, "bb_upper": 0.8782354021274063, "rsi": 26.180160258276047, "mfi": 26.705621659524766, "atr": 0.002164285714285722}
[ENTRY] 2026-08-09T03:34:59+00:00 RESOLVTRY layer=2 value=427.50 entry=0.86634928 cash=3853.24
[SCAN] 2026-08-09T03:34:59+00:00 symbols=20 signals=1 entries=1 exits=0 blocked=1 open=7 cash=3853.24 equity=9682.81
[SIGNAL] 2026-08-09T03:34:59+00:00 RESOLVTRY BUY fill_at=2026-08-09T03:39:59+00:00 features={"close": 0.866, "bb_lower": 0.8674217557003829, "bb_upper": 0.8788068157281885, "rsi": 29.50620201919736, "mfi": 41.054021917774506, "atr": 0.00209285714285715}
[BLOCKED] RESOLVTRY reason=max_layers
[SCAN] 2026-08-09T03:39:59+00:00 symbols=20 signals=1 entries=0 exits=0 blocked=1 open=7 cash=3853.24 equity=9678.76
[SIGNAL] 2026-08-09T03:39:59+00:00 RESOLVTRY BUY fill_at=2026-08-09T03:44:59+00:00 features={"close": 0.866, "bb_lower": 0.8663042249765325, "bb_upper": 0.8791433940710864, "rsi": 29.506202043679735, "mfi": 41.054021917774506, "atr": 0.0020571428571428607}
[BLOCKED] RESOLVTRY reason=max_layers
[SCAN] 2026-08-09T03:44:59+00:00 symbols=20 signals=1 entries=0 exits=0 blocked=1 open=7 cash=3853.24 equity=9671.79
[SCAN] 2026-08-09T03:49:59+00:00 symbols=20 signals=0 entries=0 exits=0 blocked=0 open=7 cash=3853.24 equity=9670.77
[SCAN] 2026-08-09T03:54:59+00:00 symbols=20 signals=0 entries=0 exits=0 blocked=1 open=7 cash=3853.24 equity=9671.71
[SCAN] 2026-08-09T03:59:59+00:00 symbols=20 signals=0 entries=0 exits=0 blocked=2 open=7 cash=3853.24 equity=9673.97
[SIGNAL] 2026-08-09T03:59:59+00:00 ENATRY BUY fill_at=2026-08-09T04:04:59+00:00 features={"close": 4.245, "bb_lower": 4.247743791860621, "bb_upper": 4.290827636710807, "rsi": 25.488201242361825, "mfi": 0.9546958262173035, "atr": 0.0062857142857143545}
[BLOCKED] ENATRY reason=max_layers
[SCAN] 2026-08-09T04:04:59+00:00 symbols=20 signals=1 entries=0 exits=0 blocked=1 open=7 cash=3853.24 equity=9700.41
[SCAN] 2026-08-09T04:09:59+00:00 symbols=20 signals=0 entries=0 exits=0 blocked=0 open=7 cash=3853.24 equity=9692.89
[SCAN] 2026-08-09T04:14:59+00:00 symbols=20 signals=0 entries=0 exits=0 blocked=0 open=7 cash=3853.24 equity=9700.15
[SCAN] 2026-08-09T04:19:59+00:00 symbols=20 signals=0 entries=0 exits=0 blocked=0 open=7 cash=3853.24 equity=9688.09
[SCAN] 2026-08-09T04:24:59+00:00 symbols=20 signals=0 entries=0 exits=0 blocked=0 open=7 cash=3853.24 equity=9709.48
[SCAN] 2026-08-09T04:29:59+00:00 symbols=20 signals=0 entries=0 exits=0 blocked=0 open=7 cash=3853.24 equity=9716.94
[SCAN] 2026-08-09T04:34:59+00:00 symbols=20 signals=0 entries=0 exits=0 blocked=0 open=7 cash=3853.24 equity=9716.69
[SCAN] 2026-08-09T04:39:59+00:00 symbols=20 signals=0 entries=0 exits=0 blocked=0 open=7 cash=3853.24 equity=9731.17
[SCAN] 2026-08-09T04:44:59+00:00 symbols=20 signals=0 entries=0 exits=0 blocked=0 open=7 cash=3853.24 equity=9747.89
[SCAN] 2026-08-09T04:49:59+00:00 symbols=20 signals=0 entries=0 exits=0 blocked=1 open=7 cash=3853.24 equity=9730.81
[SCAN] 2026-08-09T04:54:59+00:00 symbols=20 signals=0 entries=0 exits=0 blocked=0 open=7 cash=3853.24 equity=9724.57
[SIGNAL] 2026-08-09T04:54:59+00:00 VICTRY BUY fill_at=2026-08-09T04:59:59+00:00 features={"close": 1.43, "bb_lower": 1.4356192058223, "bb_upper": 1.4929522227491283, "rsi": 38.99752514445899, "mfi": 29.680289467097623, "atr": 0.022142857142857162}
[ENTRY] 2026-08-09T04:59:59+00:00 VICTRY layer=1 value=384.75 entry=1.43107250 cash=3467.92
[SCAN] 2026-08-09T04:59:59+00:00 symbols=20 signals=1 entries=1 exits=0 blocked=1 open=8 cash=3467.92 equity=9738.49
[EXIT] 2026-08-09T05:04:59+00:00 BANKTRY reason=bb_mfi_v3_signal_exit pnl=+0.13 cash=6342.36
[SIGNAL] 2026-08-09T04:59:59+00:00 TOWNSTRY BUY fill_at=2026-08-09T05:04:59+00:00 features={"close": 0.117, "bb_lower": 0.11719151187684987, "bb_upper": 0.11937991669457865, "rsi": 29.043127408183608, "mfi": 37.21814598079901, "atr": 0.0002142857142857135}
[ENTRY] 2026-08-09T05:04:59+00:00 TOWNSTRY layer=1 value=633.29 entry=0.11808850 cash=5708.12
[SCAN] 2026-08-09T05:04:59+00:00 symbols=20 signals=1 entries=1 exits=3 blocked=2 open=6 cash=5708.12 equity=9735.53
[SCAN] 2026-08-09T05:09:59+00:00 symbols=20 signals=0 entries=0 exits=0 blocked=1 open=6 cash=5708.12 equity=9744.43
[SCAN] 2026-08-09T05:14:59+00:00 symbols=20 signals=0 entries=0 exits=0 blocked=1 open=6 cash=5708.12 equity=9751.85
[SCAN] 2026-08-09T05:19:59+00:00 symbols=20 signals=0 entries=0 exits=0 blocked=1 open=6 cash=5708.12 equity=9732.66
[SIGNAL] 2026-08-09T05:19:59+00:00 TSTTRY BUY fill_at=2026-08-09T05:24:59+00:00 features={"close": 0.823, "bb_lower": 0.8297764391139815, "bb_upper": 0.9035568942193517, "rsi": 36.467704259961465, "mfi": 49.71133532485295, "atr": 0.024500000000000022}
[ENTRY] 2026-08-09T05:24:59+00:00 TSTTRY layer=1 value=569.96 entry=0.82762025 cash=5137.31
[SCAN] 2026-08-09T05:24:59+00:00 symbols=20 signals=1 entries=1 exits=0 blocked=1 open=7 cash=5137.31 equity=9740.44
[EXIT] 2026-08-09T05:29:59+00:00 TOWNSTRY reason=fixed_take_profit pnl=+12.27 cash=5783.81
[EXIT] 2026-08-09T05:29:59+00:00 TSTTRY reason=fixed_take_profit pnl=+11.04 cash=6365.66
[SCAN] 2026-08-09T05:29:59+00:00 symbols=20 signals=0 entries=0 exits=2 blocked=1 open=5 cash=6365.66 equity=9738.79
[SIGNAL] 2026-08-09T05:29:59+00:00 VICTRY BUY fill_at=2026-08-09T05:34:59+00:00 features={"close": 1.42, "bb_lower": 1.4204890628401772, "bb_upper": 1.4909395085883943, "rsi": 36.55296052530926, "mfi": 18.45187539395664, "atr": 0.022142857142857162}
[ENTRY] 2026-08-09T05:34:59+00:00 VICTRY layer=2 value=635.61 entry=1.42106500 cash=5729.10
[SCAN] 2026-08-09T05:34:59+00:00 symbols=20 signals=1 entries=1 exits=0 blocked=2 open=5 cash=5729.10 equity=9738.18
[SCAN] 2026-08-09T05:39:59+00:00 symbols=20 signals=0 entries=0 exits=0 blocked=2 open=5 cash=5729.10 equity=9725.04
[SCAN] 2026-08-09T05:44:59+00:00 symbols=20 signals=0 entries=0 exits=0 blocked=2 open=5 cash=5729.10 equity=9723.54
[SCAN] 2026-08-09T05:49:59+00:00 symbols=20 signals=0 entries=0 exits=0 blocked=2 open=5 cash=5729.10 equity=9714.07
[SIGNAL] 2026-08-09T05:49:59+00:00 HEITRY BUY fill_at=2026-08-09T05:54:59+00:00 features={"close": 8.642, "bb_lower": 8.646068336084754, "bb_upper": 8.942122140105718, "rsi": 38.68933147081231, "mfi": 40.56486218803496, "atr": 0.08228571428571461}
[BLOCKED] HEITRY reason=max_layers
[SCAN] 2026-08-09T05:54:59+00:00 symbols=20 signals=1 entries=0 exits=0 blocked=2 open=5 cash=5729.10 equity=9696.02
[SIGNAL] 2026-08-09T05:54:59+00:00 HEITRY BUY fill_at=2026-08-09T05:59:59+00:00 features={"close": 8.49, "bb_lower": 8.586315948638113, "bb_upper": 8.978160241838076, "rsi": 31.030972206134905, "mfi": 31.80881252223716, "atr": 0.08978571428571451}
[BLOCKED] HEITRY reason=max_layers
[EXIT] 2026-08-09T05:59:59+00:00 VICTRY reason=fixed_take_profit pnl=+19.76 cash=6770.75
[SCAN] 2026-08-09T05:59:59+00:00 symbols=20 signals=1 entries=0 exits=1 blocked=2 open=4 cash=6770.75 equity=9710.69
[SIGNAL] 2026-08-09T05:59:59+00:00 HEITRY BUY fill_at=2026-08-09T06:04:59+00:00 features={"close": 8.487, "bb_lower": 8.535575810733608, "bb_upper": 9.001281332123533, "rsi": 30.900190990740157, "mfi": 26.169509002775712, "atr": 0.08557142857142885}
[BLOCKED] HEITRY reason=max_layers
[SCAN] 2026-08-09T06:04:59+00:00 symbols=20 signals=1 entries=0 exits=0 blocked=1 open=4 cash=6770.75 equity=9699.15
[SIGNAL] 2026-08-09T06:04:59+00:00 HEITRY BUY fill_at=2026-08-09T06:09:59+00:00 features={"close": 8.418, "bb_lower": 8.477546192367075, "bb_upper": 9.030263331442448, "rsi": 27.96366346625223, "mfi": 19.065177845365625, "atr": 0.08578571428571458}
[BLOCKED] HEITRY reason=max_layers
[SCAN] 2026-08-09T06:09:59+00:00 symbols=20 signals=1 entries=0 exits=0 blocked=1 open=4 cash=6770.75 equity=9692.57
[SIGNAL] 2026-08-09T06:09:59+00:00 HEITRY BUY fill_at=2026-08-09T06:14:59+00:00 features={"close": 8.358, "bb_lower": 8.411420646690674, "bb_upper": 9.05896030569028, "rsi": 25.66595660726371, "mfi": 17.483083917521697, "atr": 0.08364285714285748}
[BLOCKED] HEITRY reason=max_layers
[EXIT] 2026-08-09T06:14:59+00:00 HEITRY reason=fixed_stop_loss pnl=-141.26 cash=8161.06
[SCAN] 2026-08-09T06:14:59+00:00 symbols=20 signals=1 entries=0 exits=1 blocked=1 open=3 cash=8161.06 equity=9679.98
[SIGNAL] 2026-08-09T06:14:59+00:00 HEITRY BUY fill_at=2026-08-09T06:19:59+00:00 features={"close": 8.32, "bb_lower": 8.345952221033112, "bb_upper": 9.083285874204982, "rsi": 24.296230008946154, "mfi": 16.612554299090007, "atr": 0.08685714285714319}
[ENTRY] 2026-08-09T06:19:59+00:00 HEITRY layer=1 value=814.88 entry=8.32423850 cash=7344.95
[SCAN] 2026-08-09T06:19:59+00:00 symbols=20 signals=1 entries=1 exits=0 blocked=0 open=4 cash=7344.95 equity=9683.16
[SCAN] 2026-08-09T06:24:59+00:00 symbols=20 signals=0 entries=0 exits=0 blocked=0 open=4 cash=7344.95 equity=9679.67
[SCAN] 2026-08-09T06:29:59+00:00 symbols=20 signals=0 entries=0 exits=0 blocked=0 open=4 cash=7344.95 equity=9685.62
[SCAN] 2026-08-09T06:34:59+00:00 symbols=20 signals=0 entries=0 exits=0 blocked=0 open=4 cash=7344.95 equity=9663.35
[SIGNAL] 2026-08-09T06:34:59+00:00 HEITRY BUY fill_at=2026-08-09T06:39:59+00:00 features={"close": 8.154, "bb_lower": 8.161240776847684, "bb_upper": 9.06856874696184, "rsi": 24.80439152776856, "mfi": 19.970334206540528, "atr": 0.10814285714285747}
[ENTRY] 2026-08-09T06:39:59+00:00 HEITRY layer=2 value=733.39 entry=8.15711325 cash=6610.46
[SCAN] 2026-08-09T06:39:59+00:00 symbols=20 signals=1 entries=1 exits=0 blocked=0 open=4 cash=6610.46 equity=9626.21
[SIGNAL] 2026-08-09T06:39:59+00:00 HEITRY BUY fill_at=2026-08-09T06:44:59+00:00 features={"close": 7.96, "bb_lower": 8.049636198316145, "bb_upper": 9.105220944540998, "rsi": 20.029495427753773, "mfi": 18.407344158689398, "atr": 0.11835714285714317}
[BLOCKED] HEITRY reason=max_layers
[SCAN] 2026-08-09T06:44:59+00:00 symbols=20 signals=1 entries=0 exits=0 blocked=1 open=4 cash=6610.46 equity=9627.60
[SCAN] 2026-08-09T06:49:59+00:00 symbols=20 signals=0 entries=0 exits=0 blocked=0 open=4 cash=6610.46 equity=9605.80
[SIGNAL] 2026-08-09T06:49:59+00:00 HEITRY BUY fill_at=2026-08-09T06:54:59+00:00 features={"close": 7.84, "bb_lower": 7.86122353216003, "bb_upper": 9.112966944030449, "rsi": 17.986470656877145, "mfi": 13.984157625356616, "atr": 0.1298571428571431}
[BLOCKED] HEITRY reason=max_layers
[SCAN] 2026-08-09T06:54:59+00:00 symbols=20 signals=1 entries=0 exits=0 blocked=1 open=4 cash=6610.46 equity=9614.35
[SCAN] 2026-08-09T06:59:59+00:00 symbols=20 signals=0 entries=0 exits=0 blocked=1 open=4 cash=6610.46 equity=9605.38
[SCAN] 2026-08-09T07:04:59+00:00 symbols=20 signals=0 entries=0 exits=0 blocked=1 open=4 cash=6610.46 equity=9614.30
[SCAN] 2026-08-09T07:09:59+00:00 symbols=20 signals=0 entries=0 exits=0 blocked=0 open=4 cash=6610.46 equity=9610.64
[SIGNAL] 2026-08-09T07:09:59+00:00 BANKTRY BUY fill_at=2026-08-09T07:14:59+00:00 features={"close": 1.776, "bb_lower": 1.8161142955597138, "bb_upper": 1.8990285615831435, "rsi": 13.80219180213534, "mfi": 16.764015435418926, "atr": 0.01657142857142857}
[ENTRY] 2026-08-09T07:14:59+00:00 BANKTRY layer=1 value=660.06 entry=1.77633125 cash=5949.41
[SCAN] 2026-08-09T07:14:59+00:00 symbols=20 signals=1 entries=1 exits=0 blocked=0 open=5 cash=5949.41 equity=9599.70
[SIGNAL] 2026-08-09T07:14:59+00:00 BANKTRY BUY fill_at=2026-08-09T07:19:59+00:00 features={"close": 1.789, "bb_lower": 1.8050156610935701, "bb_upper": 1.9001271960492874, "rsi": 22.861373353048876, "mfi": 28.907697419980295, "atr": 0.018}
[ENTRY] 2026-08-09T07:19:59+00:00 BANKTRY layer=2 value=594.05 entry=1.79134250 cash=5354.47
[SCAN] 2026-08-09T07:19:59+00:00 symbols=20 signals=1 entries=1 exits=0 blocked=0 open=5 cash=5354.47 equity=9600.01
[SIGNAL] 2026-08-09T07:19:59+00:00 BANKTRY BUY fill_at=2026-08-09T07:24:59+00:00 features={"close": 1.792, "bb_lower": 1.7957335942602664, "bb_upper": 1.9014092628825916, "rsi": 24.83625538544601, "mfi": 32.96495853395194, "atr": 0.01821428571428572}
[BLOCKED] BANKTRY reason=max_layers
[SCAN] 2026-08-09T07:24:59+00:00 symbols=20 signals=1 entries=0 exits=0 blocked=3 open=5 cash=5354.47 equity=9579.90
[SIGNAL] 2026-08-09T07:24:59+00:00 BANKTRY BUY fill_at=2026-08-09T07:29:59+00:00 features={"close": 1.782, "bb_lower": 1.785440910558265, "bb_upper": 1.9032257561084027, "rsi": 22.73444087657259, "mfi": 31.80959989536396, "atr": 0.018642857142857135}
[BLOCKED] BANKTRY reason=max_layers
[SCAN] 2026-08-09T07:29:59+00:00 symbols=20 signals=1 entries=0 exits=0 blocked=3 open=5 cash=5354.47 equity=9584.98
[SCAN] 2026-08-09T07:34:59+00:00 symbols=20 signals=0 entries=0 exits=0 blocked=2 open=5 cash=5354.47 equity=9603.73
[SCAN] 2026-08-09T07:39:59+00:00 symbols=20 signals=0 entries=0 exits=0 blocked=1 open=5 cash=5354.47 equity=9605.93
[SCAN] 2026-08-09T07:44:59+00:00 symbols=20 signals=0 entries=0 exits=0 blocked=0 open=5 cash=5354.47 equity=9590.98
[SCAN] 2026-08-09T07:49:59+00:00 symbols=20 signals=0 entries=0 exits=0 blocked=0 open=5 cash=5354.47 equity=9589.41
[SIGNAL] 2026-08-09T07:49:59+00:00 ENATRY BUY fill_at=2026-08-09T07:54:59+00:00 features={"close": 4.186, "bb_lower": 4.193561907561379, "bb_upper": 4.225961901962431, "rsi": 29.38184463190285, "mfi": 22.894913790722597, "atr": 0.007499999999999967}
[BLOCKED] ENATRY reason=max_layers
[SCAN] 2026-08-09T07:54:59+00:00 symbols=20 signals=1 entries=0 exits=0 blocked=1 open=5 cash=5354.47 equity=9587.56
[SIGNAL] 2026-08-09T07:54:59+00:00 ENATRY BUY fill_at=2026-08-09T07:59:59+00:00 features={"close": 4.188, "bb_lower": 4.190023824727853, "bb_upper": 4.227309508605479, "rsi": 31.59981732127828, "mfi": 19.89831787724887, "atr": 0.007857142857142816}
[BLOCKED] ENATRY reason=max_layers
[SCAN] 2026-08-09T07:59:59+00:00 symbols=20 signals=1 entries=0 exits=0 blocked=1 open=5 cash=5354.47 equity=9586.63
[SCAN] 2026-08-09T08:04:59+00:00 symbols=20 signals=0 entries=0 exits=0 blocked=0 open=5 cash=5354.47 equity=9609.03
[SCAN] 2026-08-09T08:09:59+00:00 symbols=20 signals=0 entries=0 exits=0 blocked=0 open=5 cash=5354.47 equity=9615.46
[SCAN] 2026-08-09T08:14:59+00:00 symbols=20 signals=0 entries=0 exits=0 blocked=0 open=5 cash=5354.47 equity=9613.02
[SCAN] 2026-08-09T08:19:59+00:00 symbols=20 signals=0 entries=0 exits=0 blocked=1 open=5 cash=5354.47 equity=9621.77
[SCAN] 2026-08-09T08:24:59+00:00 symbols=20 signals=0 entries=0 exits=0 blocked=0 open=5 cash=5354.47 equity=9615.67
[SCAN] 2026-08-09T08:29:59+00:00 symbols=20 signals=0 entries=0 exits=0 blocked=1 open=5 cash=5354.47 equity=9700.82
[EXIT] 2026-08-09T08:34:59+00:00 HEITRY reason=fixed_take_profit pnl=+29.99 cash=6935.06
[SCAN] 2026-08-09T08:34:59+00:00 symbols=20 signals=0 entries=0 exits=1 blocked=1 open=4 cash=6935.06 equity=9718.77
[SIGNAL] 2026-08-09T08:34:59+00:00 HOMETRY BUY fill_at=2026-08-09T08:39:59+00:00 features={"close": 0.444, "bb_lower": 0.4449486053015916, "bb_upper": 0.4587656804126942, "rsi": 35.709276596952606, "mfi": 44.428214579676684, "atr": 0.003642857142857146}
[ENTRY] 2026-08-09T08:39:59+00:00 HOMETRY layer=1 value=692.47 entry=0.44433300 cash=6241.55
[SIGNAL] 2026-08-09T08:34:59+00:00 ZROTRY BUY fill_at=2026-08-09T08:39:59+00:00 features={"close": 40.2, "bb_lower": 40.2058875055567, "bb_upper": 40.70839820872901, "rsi": 36.42561392768139, "mfi": 44.801262357612536, "atr": 0.10714285714285816}
[ENTRY] 2026-08-09T08:39:59+00:00 ZROTRY layer=1 value=623.22 entry=40.23015000 cash=5617.40
[SCAN] 2026-08-09T08:39:59+00:00 symbols=20 signals=2 entries=2 exits=0 blocked=0 open=6 cash=5617.40 equity=9716.99
[SIGNAL] 2026-08-09T08:39:59+00:00 HOMETRY BUY fill_at=2026-08-09T08:44:59+00:00 features={"close": 0.443, "bb_lower": 0.443537819127652, "bb_upper": 0.45922408563425265, "rsi": 34.50571871992676, "mfi": 45.066478258297515, "atr": 0.003500000000000003}
[ENTRY] 2026-08-09T08:44:59+00:00 HOMETRY layer=2 value=560.90 entry=0.44333225 cash=5055.66
[SIGNAL] 2026-08-09T08:39:59+00:00 ENATRY BUY fill_at=2026-08-09T08:44:59+00:00 features={"close": 4.162, "bb_lower": 4.171025075066358, "bb_upper": 4.221641591600309, "rsi": 29.19038459544943, "mfi": 23.21324381356628, "atr": 0.010285714285714296}
[BLOCKED] ENATRY reason=max_layers
[SIGNAL] 2026-08-09T08:39:59+00:00 ZROTRY BUY fill_at=2026-08-09T08:44:59+00:00 features={"close": 40.0, "bb_lower": 40.11660401622256, "bb_upper": 40.750062650444114, "rsi": 29.966107877337947, "mfi": 37.91467998407714, "atr": 0.10714285714285816}
[ENTRY] 2026-08-09T08:44:59+00:00 ZROTRY layer=2 value=504.81 entry=40.03000000 cash=4550.09
[SCAN] 2026-08-09T08:44:59+00:00 symbols=20 signals=3 entries=2 exits=0 blocked=1 open=6 cash=4550.09 equity=9721.69
[SIGNAL] 2026-08-09T08:44:59+00:00 ENATRY BUY fill_at=2026-08-09T08:49:59+00:00 features={"close": 4.16, "bb_lower": 4.165786050926266, "bb_upper": 4.221356806216593, "rsi": 28.513049209888592, "mfi": 20.421219313483235, "atr": 0.010642857142857145}
[BLOCKED] ENATRY reason=max_layers
[SIGNAL] 2026-08-09T08:44:59+00:00 ZROTRY BUY fill_at=2026-08-09T08:49:59+00:00 features={"close": 40.0, "bb_lower": 40.04487257677948, "bb_upper": 40.774175042268126, "rsi": 29.966107917509788, "mfi": 37.91467998407714, "atr": 0.10000000000000091}
[BLOCKED] ZROTRY reason=max_layers
[EXIT] 2026-08-09T08:49:59+00:00 BANKTRY reason=fixed_take_profit pnl=+24.29 cash=5830.37
[SCAN] 2026-08-09T08:49:59+00:00 symbols=20 signals=2 entries=0 exits=1 blocked=2 open=5 cash=5830.37 equity=9713.82
[SIGNAL] 2026-08-09T08:49:59+00:00 ZROTRY BUY fill_at=2026-08-09T08:54:59+00:00 features={"close": 39.9, "bb_lower": 39.96776493293005, "bb_upper": 40.81318744802233, "rsi": 27.141721966335126, "mfi": 33.64179011577724, "atr": 0.10714285714285816}
[BLOCKED] ZROTRY reason=max_layers
[SCAN] 2026-08-09T08:54:59+00:00 symbols=20 signals=1 entries=0 exits=0 blocked=2 open=5 cash=5830.37 equity=9717.73
[SCAN] 2026-08-09T08:59:59+00:00 symbols=20 signals=0 entries=0 exits=0 blocked=1 open=5 cash=5830.37 equity=9731.22
[SCAN] 2026-08-09T09:04:59+00:00 symbols=20 signals=0 entries=0 exits=0 blocked=0 open=5 cash=5830.37 equity=9737.66
[EXIT] 2026-08-09T09:09:59+00:00 HOMETRY reason=fixed_take_profit pnl=+24.28 cash=7109.89
[SCAN] 2026-08-09T09:09:59+00:00 symbols=20 signals=0 entries=0 exits=1 blocked=0 open=4 cash=7109.89 equity=9742.12
[SCAN] 2026-08-09T09:14:59+00:00 symbols=20 signals=0 entries=0 exits=0 blocked=2 open=4 cash=7109.89 equity=9739.00
[SIGNAL] 2026-08-09T09:14:59+00:00 VANRYTRY BUY fill_at=2026-08-09T09:19:59+00:00 features={"close": 0.1505, "bb_lower": 0.15092775937517175, "bb_upper": 0.15335795491054252, "rsi": 27.33725337032405, "mfi": 2.1878159160078496, "atr": 0.0003214285714285737}
[ENTRY] 2026-08-09T09:19:59+00:00 VANRYTRY layer=2 value=709.92 entry=0.15081303 cash=6398.90
[SCAN] 2026-08-09T09:19:59+00:00 symbols=20 signals=1 entries=1 exits=0 blocked=1 open=4 cash=6398.90 equity=9736.02
[SIGNAL] 2026-08-09T09:19:59+00:00 VANRYTRY BUY fill_at=2026-08-09T09:24:59+00:00 features={"close": 0.1506, "bb_lower": 0.1507614322959304, "bb_upper": 0.15325761532311719, "rsi": 29.322187910568104, "mfi": 5.688741388884736, "atr": 0.00027857142857143157}
[BLOCKED] VANRYTRY reason=max_layers
[SCAN] 2026-08-09T09:24:59+00:00 symbols=20 signals=1 entries=0 exits=0 blocked=1 open=4 cash=6398.90 equity=9737.62
[SIGNAL] 2026-08-09T09:24:59+00:00 EIGENTRY BUY fill_at=2026-08-09T09:29:59+00:00 features={"close": 8.289, "bb_lower": 8.289610796237897, "bb_upper": 8.409436822809718, "rsi": 29.4165668815602, "mfi": 8.203289502702432, "atr": 0.010071428571428573}
[ENTRY] 2026-08-09T09:29:59+00:00 EIGENTRY layer=2 value=638.93 entry=8.29521675 cash=5759.01
[SCAN] 2026-08-09T09:29:59+00:00 symbols=20 signals=1 entries=1 exits=0 blocked=0 open=4 cash=5759.01 equity=9737.33
[SCAN] 2026-08-09T09:34:59+00:00 symbols=20 signals=0 entries=0 exits=0 blocked=1 open=4 cash=5759.01 equity=9752.46
[SCAN] 2026-08-09T09:39:59+00:00 symbols=20 signals=0 entries=0 exits=0 blocked=0 open=4 cash=5759.01 equity=9743.98
[SCAN] 2026-08-09T09:44:59+00:00 symbols=20 signals=0 entries=0 exits=0 blocked=0 open=4 cash=5759.01 equity=9762.32
[SCAN] 2026-08-09T09:49:59+00:00 symbols=20 signals=0 entries=0 exits=0 blocked=0 open=4 cash=5759.01 equity=9762.88
[SCAN] 2026-08-09T09:54:59+00:00 symbols=20 signals=0 entries=0 exits=0 blocked=0 open=4 cash=5759.01 equity=9758.29
[SIGNAL] 2026-08-09T09:54:59+00:00 ACXTRY BUY fill_at=2026-08-09T09:59:59+00:00 features={"close": 1.888, "bb_lower": 1.902626801840372, "bb_upper": 1.952039864826295, "rsi": 32.13061301486198, "mfi": 10.177291999400211, "atr": 0.009000000000000024}
[ENTRY] 2026-08-09T09:59:59+00:00 ACXTRY layer=1 value=575.04 entry=1.88941600 cash=5183.11
[SCAN] 2026-08-09T09:59:59+00:00 symbols=20 signals=1 entries=1 exits=0 blocked=0 open=5 cash=5183.11 equity=9755.36
[SCAN] 2026-08-09T10:04:59+00:00 symbols=20 signals=0 entries=0 exits=1 blocked=1 open=4 cash=6315.88 equity=9746.39
[SCAN] 2026-08-09T10:09:59+00:00 symbols=20 signals=0 entries=0 exits=0 blocked=1 open=4 cash=6315.88 equity=9767.24
[SIGNAL] 2026-08-09T10:09:59+00:00 VICTRY BUY fill_at=2026-08-09T10:14:59+00:00 features={"close": 1.4, "bb_lower": 1.4006937704218312, "bb_upper": 1.4421633724353118, "rsi": 41.73405603465509, "mfi": 28.160960625563888, "atr": 0.01642857142857144}
[ENTRY] 2026-08-09T10:14:59+00:00 VICTRY layer=1 value=630.64 entry=1.41105750 cash=5684.29
[SCAN] 2026-08-09T10:14:59+00:00 symbols=20 signals=1 entries=1 exits=0 blocked=0 open=5 cash=5684.29 equity=9761.42
[EXIT] 2026-08-09T10:19:59+00:00 ACXTRY reason=fixed_take_profit pnl=+11.14 cash=6271.33
[SCAN] 2026-08-09T10:19:59+00:00 symbols=20 signals=0 entries=0 exits=1 blocked=0 open=4 cash=6271.33 equity=9761.61
[SIGNAL] 2026-08-09T10:19:59+00:00 TSTTRY BUY fill_at=2026-08-09T10:24:59+00:00 features={"close": 0.706, "bb_lower": 0.7138385381831367, "bb_upper": 0.7975900332454344, "rsi": 32.2471093165356, "mfi": 18.760068890815987, "atr": 0.017142857142857158}
[ENTRY] 2026-08-09T10:24:59+00:00 TSTTRY layer=1 value=626.19 entry=0.70853100 cash=5644.20
[EXIT] 2026-08-09T10:24:59+00:00 TSTTRY reason=fixed_take_profit pnl=+12.13 cash=6283.46
[SCAN] 2026-08-09T10:24:59+00:00 symbols=20 signals=1 entries=1 exits=1 blocked=0 open=4 cash=6283.46 equity=9776.04
[EXIT] 2026-08-09T10:29:59+00:00 ENATRY reason=bb_mfi_v3_signal_exit pnl=-30.92 cash=6726.25
[SCAN] 2026-08-09T10:29:59+00:00 symbols=20 signals=0 entries=0 exits=1 blocked=0 open=3 cash=6726.25 equity=9759.19
[SCAN] 2026-08-09T10:34:59+00:00 symbols=20 signals=0 entries=0 exits=0 blocked=1 open=3 cash=6726.25 equity=9745.70
[SCAN] 2026-08-09T10:39:59+00:00 symbols=20 signals=0 entries=0 exits=0 blocked=2 open=3 cash=6726.25 equity=9749.84
[SCAN] 2026-08-09T10:44:59+00:00 symbols=20 signals=0 entries=0 exits=0 blocked=1 open=3 cash=6726.25 equity=9764.78
[SCAN] 2026-08-09T10:49:59+00:00 symbols=20 signals=0 entries=0 exits=0 blocked=0 open=3 cash=6726.25 equity=9748.41
[SIGNAL] 2026-08-09T10:49:59+00:00 VICTRY BUY fill_at=2026-08-09T10:54:59+00:00 features={"close": 1.39, "bb_lower": 1.392956116138694, "bb_upper": 1.4318057886232105, "rsi": 40.25656716860717, "mfi": 35.756419325539966, "atr": 0.015000000000000013}
[ENTRY] 2026-08-09T10:54:59+00:00 VICTRY layer=2 value=671.62 entry=1.40105000 cash=6053.63
[SCAN] 2026-08-09T10:54:59+00:00 symbols=20 signals=1 entries=1 exits=0 blocked=0 open=3 cash=6053.63 equity=9742.34
[SIGNAL] 2026-08-09T10:54:59+00:00 VICTRY BUY fill_at=2026-08-09T10:59:59+00:00 features={"close": 1.39, "bb_lower": 1.3904988790824733, "bb_upper": 1.4304535018699076, "rsi": 40.25656714973246, "mfi": 28.314043205356555, "atr": 0.0142857142857143}
[BLOCKED] VICTRY reason=max_layers
[SCAN] 2026-08-09T10:59:59+00:00 symbols=20 signals=1 entries=0 exits=0 blocked=1 open=3 cash=6053.63 equity=9758.40
[SCAN] 2026-08-09T11:04:59+00:00 symbols=20 signals=0 entries=0 exits=0 blocked=0 open=3 cash=6053.63 equity=9760.89
[SCAN] 2026-08-09T11:09:59+00:00 symbols=20 signals=0 entries=0 exits=0 blocked=0 open=3 cash=6053.63 equity=9757.33
[SCAN] 2026-08-09T11:14:59+00:00 symbols=20 signals=0 entries=0 exits=0 blocked=0 open=3 cash=6053.63 equity=9739.62
[SCAN] 2026-08-09T11:19:59+00:00 symbols=20 signals=0 entries=0 exits=0 blocked=2 open=3 cash=6053.63 equity=9737.61
[SCAN] 2026-08-09T11:24:59+00:00 symbols=20 signals=0 entries=0 exits=0 blocked=0 open=3 cash=6053.63 equity=9762.56
[SCAN] 2026-08-09T11:29:59+00:00 symbols=20 signals=0 entries=0 exits=0 blocked=1 open=3 cash=6053.63 equity=9767.05
[SCAN] 2026-08-09T11:34:59+00:00 symbols=20 signals=0 entries=0 exits=0 blocked=1 open=3 cash=6053.63 equity=9751.66
[SCAN] 2026-08-09T11:39:59+00:00 symbols=20 signals=0 entries=0 exits=0 blocked=0 open=3 cash=6053.63 equity=9781.32
[SCAN] 2026-08-09T11:44:59+00:00 symbols=20 signals=0 entries=0 exits=0 blocked=0 open=3 cash=6053.63 equity=9761.25
[SCAN] 2026-08-09T11:49:59+00:00 symbols=20 signals=0 entries=0 exits=0 blocked=0 open=3 cash=6053.63 equity=9780.91
[SCAN] 2026-08-09T11:54:59+00:00 symbols=20 signals=0 entries=0 exits=0 blocked=0 open=3 cash=6053.63 equity=9799.74
[SCAN] 2026-08-09T11:59:59+00:00 symbols=20 signals=0 entries=0 exits=0 blocked=0 open=3 cash=6053.63 equity=9822.21
[SCAN] 2026-08-09T12:04:59+00:00 symbols=20 signals=0 entries=0 exits=1 blocked=0 open=2 cash=7293.59 equity=9796.49
[SIGNAL] 2026-08-09T12:04:59+00:00 HEITRY BUY fill_at=2026-08-09T12:09:59+00:00 features={"close": 8.398, "bb_lower": 8.399459397889249, "bb_upper": 8.721397744967891, "rsi": 40.20331424086511, "mfi": 40.23572817531929, "atr": 0.08028571428571471}
[ENTRY] 2026-08-09T12:09:59+00:00 HEITRY layer=1 value=728.27 entry=8.40029550 cash=6564.23
[EXIT] 2026-08-09T12:09:59+00:00 VICTRY reason=fixed_take_profit pnl=+25.22 cash=7893.67
[SCAN] 2026-08-09T12:09:59+00:00 symbols=20 signals=1 entries=1 exits=1 blocked=0 open=2 cash=7893.67 equity=9818.18
[SIGNAL] 2026-08-09T12:09:59+00:00 HEITRY BUY fill_at=2026-08-09T12:14:59+00:00 features={"close": 8.354, "bb_lower": 8.36662978143086, "bb_upper": 8.732513075711992, "rsi": 37.583918641291774, "mfi": 33.92951772072294, "atr": 0.08021428571428604}
[ENTRY] 2026-08-09T12:14:59+00:00 HEITRY layer=2 value=788.18 entry=8.36927225 cash=7104.30
[SCAN] 2026-08-09T12:14:59+00:00 symbols=20 signals=1 entries=1 exits=0 blocked=0 open=2 cash=7104.30 equity=9823.54
[SIGNAL] 2026-08-09T12:14:59+00:00 HOMETRY BUY fill_at=2026-08-09T12:19:59+00:00 features={"close": 0.439, "bb_lower": 0.4394184751966242, "bb_upper": 0.44639104861289963, "rsi": 32.49392211919562, "mfi": 49.37827660968875, "atr": 0.0021428571428571447}
[ENTRY] 2026-08-09T12:19:59+00:00 HOMETRY layer=1 value=709.37 entry=0.43832850 cash=6393.87
[SCAN] 2026-08-09T12:19:59+00:00 symbols=20 signals=1 entries=1 exits=0 blocked=0 open=3 cash=6393.87 equity=9826.43
[SIGNAL] 2026-08-09T12:19:59+00:00 HOMETRY BUY fill_at=2026-08-09T12:24:59+00:00 features={"close": 0.438, "bb_lower": 0.4385964357939157, "bb_upper": 0.44664165944417966, "rsi": 30.152032418385332, "mfi": 35.23931653403042, "atr": 0.0021428571428571447}
[ENTRY] 2026-08-09T12:24:59+00:00 HOMETRY layer=2 value=638.43 entry=0.43632700 cash=5754.48
[SCAN] 2026-08-09T12:24:59+00:00 symbols=20 signals=1 entries=1 exits=0 blocked=0 open=3 cash=5754.48 equity=9809.17
[SIGNAL] 2026-08-09T12:24:59+00:00 HOMETRY BUY fill_at=2026-08-09T12:29:59+00:00 features={"close": 0.436, "bb_lower": 0.43750238153338455, "bb_upper": 0.4472595232285203, "rsi": 26.079572158109954, "mfi": 26.45789799236455, "atr": 0.0020000000000000018}
[BLOCKED] HOMETRY reason=max_layers
[SCAN] 2026-08-09T12:29:59+00:00 symbols=20 signals=1 entries=0 exits=0 blocked=1 open=3 cash=5754.48 equity=9815.62
[SIGNAL] 2026-08-09T12:29:59+00:00 NOMTRY BUY fill_at=2026-08-09T12:34:59+00:00 features={"close": 0.079, "bb_lower": 0.07920971819322545, "bb_upper": 0.08107599609248883, "rsi": 37.54735996789781, "mfi": 17.099517579622784, "atr": 0.0005714285714285719}
[ENTRY] 2026-08-09T12:34:59+00:00 NOMTRY layer=1 value=574.59 entry=0.08006000 cash=5179.03
[SCAN] 2026-08-09T12:34:59+00:00 symbols=20 signals=1 entries=1 exits=0 blocked=0 open=4 cash=5179.03 equity=9795.94
[SIGNAL] 2026-08-09T12:34:59+00:00 NOMTRY BUY fill_at=2026-08-09T12:39:59+00:00 features={"close": 0.079, "bb_lower": 0.07904329895074406, "bb_upper": 0.08114717723973212, "rsi": 37.54735996916882, "mfi": 23.468340389099794, "atr": 0.0006428571428571435}
[ENTRY] 2026-08-09T12:39:59+00:00 NOMTRY layer=2 value=517.13 entry=0.08006000 cash=4661.13
[SCAN] 2026-08-09T12:39:59+00:00 symbols=20 signals=1 entries=1 exits=0 blocked=0 open=4 cash=4661.13 equity=9799.84
[SCAN] 2026-08-09T12:44:59+00:00 symbols=20 signals=0 entries=0 exits=0 blocked=0 open=4 cash=4661.13 equity=9804.73
[SCAN] 2026-08-09T12:49:59+00:00 symbols=20 signals=0 entries=0 exits=0 blocked=0 open=4 cash=4661.13 equity=9795.72
[SCAN] 2026-08-09T12:54:59+00:00 symbols=20 signals=0 entries=0 exits=0 blocked=1 open=4 cash=4661.13 equity=9797.97
[SCAN] 2026-08-09T12:59:59+00:00 symbols=20 signals=0 entries=0 exits=0 blocked=1 open=4 cash=4661.13 equity=9795.58
[SCAN] 2026-08-09T13:04:59+00:00 symbols=20 signals=0 entries=0 exits=0 blocked=2 open=4 cash=4661.13 equity=9802.96
[SCAN] 2026-08-09T13:09:59+00:00 symbols=20 signals=0 entries=0 exits=0 blocked=1 open=4 cash=4661.13 equity=9810.06
[SCAN] 2026-08-09T13:14:59+00:00 symbols=20 signals=0 entries=0 exits=0 blocked=0 open=4 cash=4661.13 equity=9788.73
[SCAN] 2026-08-09T13:19:59+00:00 symbols=20 signals=0 entries=0 exits=0 blocked=0 open=4 cash=4661.13 equity=9796.35
[SCAN] 2026-08-09T13:24:59+00:00 symbols=20 signals=0 entries=0 exits=0 blocked=0 open=4 cash=4661.13 equity=9819.46
[SCAN] 2026-08-09T13:29:59+00:00 symbols=20 signals=0 entries=0 exits=0 blocked=0 open=4 cash=4661.13 equity=9809.92
[SCAN] 2026-08-09T13:34:59+00:00 symbols=20 signals=0 entries=0 exits=0 blocked=0 open=4 cash=4661.13 equity=9810.51
[SCAN] 2026-08-09T13:39:59+00:00 symbols=20 signals=0 entries=0 exits=0 blocked=0 open=4 cash=4661.13 equity=9782.58
[SIGNAL] 2026-08-09T13:39:59+00:00 HEITRY BUY fill_at=2026-08-09T13:44:59+00:00 features={"close": 8.12, "bb_lower": 8.163253080620763, "bb_upper": 8.47208025271257, "rsi": 28.456414810526894, "mfi": 20.042094610100236, "atr": 0.0817142857142856}
[BLOCKED] HEITRY reason=max_layers
[SCAN] 2026-08-09T13:44:59+00:00 symbols=20 signals=1 entries=0 exits=0 blocked=2 open=4 cash=4661.13 equity=9760.00
[SIGNAL] 2026-08-09T13:44:59+00:00 HEITRY BUY fill_at=2026-08-09T13:49:59+00:00 features={"close": 8.08, "bb_lower": 8.132037313955832, "bb_upper": 8.464534114615597, "rsi": 26.318020956266864, "mfi": 19.969555795679327, "atr": 0.08735714285714279}
[BLOCKED] HEITRY reason=max_layers
[SIGNAL] 2026-08-09T13:44:59+00:00 TSTTRY BUY fill_at=2026-08-09T13:49:59+00:00 features={"close": 0.751, "bb_lower": 0.756124551146721, "bb_upper": 0.7933040202818507, "rsi": 36.516863946291004, "mfi": 33.692183320908356, "atr": 0.012285714285714297}
[ENTRY] 2026-08-09T13:49:59+00:00 TSTTRY layer=1 value=465.42 entry=0.75156325 cash=4195.02
[SCAN] 2026-08-09T13:49:59+00:00 symbols=20 signals=2 entries=1 exits=0 blocked=1 open=5 cash=4195.02 equity=9776.72
[SIGNAL] 2026-08-09T13:49:59+00:00 TSTTRY BUY fill_at=2026-08-09T13:54:59+00:00 features={"close": 0.752, "bb_lower": 0.7528002140193173, "bb_upper": 0.793485500266397, "rsi": 37.26088017730328, "mfi": 31.186837876861247, "atr": 0.012214285714285724}
[ENTRY] 2026-08-09T13:54:59+00:00 TSTTRY layer=2 value=418.87 entry=0.75056250 cash=3775.52
[SCAN] 2026-08-09T13:54:59+00:00 symbols=20 signals=1 entries=1 exits=0 blocked=0 open=5 cash=3775.52 equity=9772.30
[SIGNAL] 2026-08-09T13:54:59+00:00 TSTTRY BUY fill_at=2026-08-09T13:59:59+00:00 features={"close": 0.748, "bb_lower": 0.7492651809688715, "bb_upper": 0.7951157714120809, "rsi": 35.459999915334535, "mfi": 32.414436331014855, "atr": 0.01200000000000001}
[BLOCKED] TSTTRY reason=max_layers
[SCAN] 2026-08-09T13:59:59+00:00 symbols=20 signals=1 entries=0 exits=0 blocked=1 open=5 cash=3775.52 equity=9773.36
[SCAN] 2026-08-09T14:04:59+00:00 symbols=20 signals=0 entries=0 exits=0 blocked=0 open=5 cash=3775.52 equity=9763.38
[SCAN] 2026-08-09T14:09:59+00:00 symbols=20 signals=0 entries=0 exits=0 blocked=0 open=5 cash=3775.52 equity=9788.96
[EXIT] 2026-08-09T14:14:59+00:00 TSTTRY reason=fixed_take_profit pnl=+17.13 cash=4678.26
[SCAN] 2026-08-09T14:14:59+00:00 symbols=20 signals=0 entries=0 exits=1 blocked=0 open=4 cash=4678.26 equity=9802.92
[SCAN] 2026-08-09T14:19:59+00:00 symbols=20 signals=0 entries=0 exits=0 blocked=0 open=4 cash=4678.26 equity=9809.93
[SCAN] 2026-08-09T14:24:59+00:00 symbols=20 signals=0 entries=0 exits=0 blocked=0 open=4 cash=4678.26 equity=9788.19
[SCAN] 2026-08-09T14:29:59+00:00 symbols=20 signals=0 entries=0 exits=0 blocked=1 open=4 cash=4678.26 equity=9774.24
[SIGNAL] 2026-08-09T14:29:59+00:00 HOMETRY BUY fill_at=2026-08-09T14:34:59+00:00 features={"close": 0.434, "bb_lower": 0.43407723437727114, "bb_upper": 0.43963705133701453, "rsi": 36.723414619645055, "mfi": 26.994644021724383, "atr": 0.0017857142857142874}
[BLOCKED] HOMETRY reason=max_layers
[SCAN] 2026-08-09T14:34:59+00:00 symbols=20 signals=1 entries=0 exits=0 blocked=2 open=4 cash=4678.26 equity=9769.56
[SCAN] 2026-08-09T14:39:59+00:00 symbols=20 signals=0 entries=0 exits=0 blocked=1 open=4 cash=4678.26 equity=9796.00
[SCAN] 2026-08-09T14:44:59+00:00 symbols=20 signals=0 entries=0 exits=0 blocked=0 open=4 cash=4678.26 equity=9810.75
[SCAN] 2026-08-09T14:49:59+00:00 symbols=20 signals=0 entries=0 exits=0 blocked=0 open=4 cash=4678.26 equity=9797.84
[SCAN] 2026-08-09T14:54:59+00:00 symbols=20 signals=0 entries=0 exits=0 blocked=0 open=4 cash=4678.26 equity=9792.30
[SCAN] 2026-08-09T14:59:59+00:00 symbols=20 signals=0 entries=0 exits=0 blocked=0 open=4 cash=4678.26 equity=9798.85
[SCAN] 2026-08-09T15:04:59+00:00 symbols=20 signals=0 entries=0 exits=1 blocked=0 open=3 cash=5885.53 equity=9792.08
[SIGNAL] 2026-08-09T15:04:59+00:00 VICTRY BUY fill_at=2026-08-09T15:09:59+00:00 features={"close": 1.38, "bb_lower": 1.381694412230201, "bb_upper": 1.4164008258650367, "rsi": 41.70827180296688, "mfi": 42.85146225602919, "atr": 0.01642857142857144}
[ENTRY] 2026-08-09T15:09:59+00:00 VICTRY layer=1 value=587.67 entry=1.39104250 cash=5296.98
[SCAN] 2026-08-09T15:09:59+00:00 symbols=20 signals=1 entries=1 exits=0 blocked=0 open=4 cash=5296.98 equity=9789.01
[SCAN] 2026-08-09T15:14:59+00:00 symbols=20 signals=0 entries=0 exits=0 blocked=0 open=4 cash=5296.98 equity=9782.79
[SCAN] 2026-08-09T15:19:59+00:00 symbols=20 signals=0 entries=0 exits=0 blocked=0 open=4 cash=5296.98 equity=9791.65
[SCAN] 2026-08-09T15:24:59+00:00 symbols=20 signals=0 entries=0 exits=0 blocked=1 open=4 cash=5296.98 equity=9809.70
[SCAN] 2026-08-09T15:29:59+00:00 symbols=20 signals=0 entries=0 exits=0 blocked=0 open=4 cash=5296.98 equity=9795.16
[SCAN] 2026-08-09T15:34:59+00:00 symbols=20 signals=0 entries=0 exits=0 blocked=0 open=4 cash=5296.98 equity=9794.06
[SCAN] 2026-08-09T15:39:59+00:00 symbols=20 signals=0 entries=0 exits=0 blocked=0 open=4 cash=5296.98 equity=9778.68
[SCAN] 2026-08-09T15:44:59+00:00 symbols=20 signals=0 entries=0 exits=0 blocked=1 open=4 cash=5296.98 equity=9767.95
[SIGNAL] 2026-08-09T15:44:59+00:00 AMPTRY BUY fill_at=2026-08-09T15:49:59+00:00 features={"close": 0.0185, "bb_lower": 0.018519161062079032, "bb_upper": 0.018718934176016205, "rsi": 30.51197126002141, "mfi": 20.779570286975186, "atr": 2.8571428571428893e-05}
[ENTRY] 2026-08-09T15:49:59+00:00 AMPTRY layer=1 value=528.90 entry=0.01851387 cash=4767.28
[SCAN] 2026-08-09T15:49:59+00:00 symbols=20 signals=1 entries=1 exits=0 blocked=0 open=5 cash=4767.28 equity=9779.13
[SIGNAL] 2026-08-09T15:49:59+00:00 AMPTRY BUY fill_at=2026-08-09T15:54:59+00:00 features={"close": 0.0185, "bb_lower": 0.018504329895074407, "bb_upper": 0.018714717723973217, "rsi": 30.511971338411712, "mfi": 20.779570286975186, "atr": 2.8571428571428893e-05}
[ENTRY] 2026-08-09T15:54:59+00:00 AMPTRY layer=2 value=476.01 entry=0.01861395 cash=4290.55
[SCAN] 2026-08-09T15:54:59+00:00 symbols=20 signals=1 entries=1 exits=0 blocked=0 open=5 cash=4290.55 equity=9772.33
[SCAN] 2026-08-09T15:59:59+00:00 symbols=20 signals=0 entries=0 exits=0 blocked=1 open=5 cash=4290.55 equity=9791.94
[SCAN] 2026-08-09T16:04:59+00:00 symbols=20 signals=0 entries=0 exits=3 blocked=0 open=2 cash=6992.88 equity=9772.52
[SIGNAL] 2026-08-09T16:04:59+00:00 HEITRY BUY fill_at=2026-08-09T16:09:59+00:00 features={"close": 8.025, "bb_lower": 8.030383427760672, "bb_upper": 8.246568953191712, "rsi": 37.34467324574421, "mfi": 33.403368888841385, "atr": 0.06571428571428564}
[BLOCKED] HEITRY reason=max_layers
[SCAN] 2026-08-09T16:09:59+00:00 symbols=20 signals=1 entries=0 exits=0 blocked=2 open=2 cash=6992.88 equity=9777.59
[SCAN] 2026-08-09T16:14:59+00:00 symbols=20 signals=0 entries=0 exits=0 blocked=0 open=2 cash=6992.88 equity=9783.57
[SCAN] 2026-08-09T16:19:59+00:00 symbols=20 signals=0 entries=0 exits=0 blocked=0 open=2 cash=6992.88 equity=9793.18
[SCAN] 2026-08-09T16:24:59+00:00 symbols=20 signals=0 entries=0 exits=0 blocked=0 open=2 cash=6992.88 equity=9802.96
[SCAN] 2026-08-09T16:29:59+00:00 symbols=20 signals=0 entries=0 exits=0 blocked=0 open=2 cash=6992.88 equity=9785.03
[SIGNAL] 2026-08-09T16:29:59+00:00 BANKTRY BUY fill_at=2026-08-09T16:34:59+00:00 features={"close": 1.924, "bb_lower": 1.9312336791618727, "bb_upper": 2.0257187017905083, "rsi": 27.82589668166102, "mfi": 25.178389947794216, "atr": 0.021571428571428575}
[ENTRY] 2026-08-09T16:34:59+00:00 BANKTRY layer=1 value=698.24 entry=1.92444225 cash=6293.59
[SIGNAL] 2026-08-09T16:29:59+00:00 ENATRY BUY fill_at=2026-08-09T16:34:59+00:00 features={"close": 4.157, "bb_lower": 4.164056356273989, "bb_upper": 4.196229358011725, "rsi": 35.78060487174719, "mfi": 27.996583257209522, "atr": 0.008714285714285706}
[ENTRY] 2026-08-09T16:34:59+00:00 ENATRY layer=1 value=628.42 entry=4.16312000 cash=5664.24
[SCAN] 2026-08-09T16:34:59+00:00 symbols=20 signals=2 entries=2 exits=0 blocked=0 open=4 cash=5664.24 equity=9777.06
[SIGNAL] 2026-08-09T16:34:59+00:00 BANKTRY BUY fill_at=2026-08-09T16:39:59+00:00 features={"close": 1.922, "bb_lower": 1.9233292467875942, "bb_upper": 2.025432657974311, "rsi": 27.41052217055936, "mfi": 23.833516514682927, "atr": 0.021571428571428575}
[ENTRY] 2026-08-09T16:39:59+00:00 BANKTRY layer=2 value=565.58 entry=1.92344150 cash=5097.81
[SCAN] 2026-08-09T16:39:59+00:00 symbols=20 signals=1 entries=1 exits=0 blocked=0 open=4 cash=5097.81 equity=9776.04
[SCAN] 2026-08-09T16:44:59+00:00 symbols=20 signals=0 entries=0 exits=0 blocked=0 open=4 cash=5097.81 equity=9787.32
[SCAN] 2026-08-09T16:49:59+00:00 symbols=20 signals=0 entries=0 exits=0 blocked=1 open=4 cash=5097.81 equity=9774.94
[SIGNAL] 2026-08-09T16:49:59+00:00 ENATRY BUY fill_at=2026-08-09T16:54:59+00:00 features={"close": 4.155, "bb_lower": 4.155647715959877, "bb_upper": 4.196828474516313, "rsi": 36.837640833002894, "mfi": 26.62268146154601, "atr": 0.008000000000000071}
[ENTRY] 2026-08-09T16:54:59+00:00 ENATRY layer=2 value=509.02 entry=4.16011775 cash=4588.03
[SCAN] 2026-08-09T16:54:59+00:00 symbols=20 signals=1 entries=1 exits=0 blocked=0 open=4 cash=4588.03 equity=9773.39
[SCAN] 2026-08-09T16:59:59+00:00 symbols=20 signals=0 entries=0 exits=0 blocked=0 open=4 cash=4588.03 equity=9766.63
[SIGNAL] 2026-08-09T16:59:59+00:00 ENATRY BUY fill_at=2026-08-09T17:04:59+00:00 features={"close": 4.15, "bb_lower": 4.150960003449132, "bb_upper": 4.194087615598487, "rsi": 34.83174492997429, "mfi": 26.04817854805377, "atr": 0.008571428571428579}
[BLOCKED] ENATRY reason=max_layers
[SCAN] 2026-08-09T17:04:59+00:00 symbols=20 signals=1 entries=0 exits=0 blocked=2 open=4 cash=4588.03 equity=9768.11
[SIGNAL] 2026-08-09T17:04:59+00:00 VANRYTRY BUY fill_at=2026-08-09T17:09:59+00:00 features={"close": 0.1498, "bb_lower": 0.14987825583449987, "bb_upper": 0.15215983940359534, "rsi": 39.55506894756871, "mfi": 32.30718309534994, "atr": 0.0004928571428571461}
[ENTRY] 2026-08-09T17:09:59+00:00 VANRYTRY layer=1 value=458.12 entry=0.15011250 cash=4129.23
[SCAN] 2026-08-09T17:09:59+00:00 symbols=20 signals=1 entries=1 exits=0 blocked=0 open=5 cash=4129.23 equity=9781.31
[SCAN] 2026-08-09T17:14:59+00:00 symbols=20 signals=0 entries=0 exits=0 blocked=1 open=5 cash=4129.23 equity=9769.21
[SCAN] 2026-08-09T17:19:59+00:00 symbols=20 signals=0 entries=0 exits=0 blocked=0 open=5 cash=4129.23 equity=9773.06
[SCAN] 2026-08-09T17:24:59+00:00 symbols=20 signals=0 entries=0 exits=0 blocked=0 open=5 cash=4129.23 equity=9781.08
[SIGNAL] 2026-08-09T17:24:59+00:00 HEITRY BUY fill_at=2026-08-09T17:29:59+00:00 features={"close": 7.953, "bb_lower": 7.964756737642879, "bb_upper": 8.101243262357121, "rsi": 35.19676648132034, "mfi": 33.00961559636963, "atr": 0.05664285714285722}
[BLOCKED] HEITRY reason=max_layers
[SCAN] 2026-08-09T17:29:59+00:00 symbols=20 signals=1 entries=0 exits=0 blocked=1 open=5 cash=4129.23 equity=9776.60
[SIGNAL] 2026-08-09T17:29:59+00:00 HEITRY BUY fill_at=2026-08-09T17:34:59+00:00 features={"close": 7.934, "bb_lower": 7.948147815214472, "bb_upper": 8.105471232404577, "rsi": 33.30388069044706, "mfi": 32.18528744155333, "atr": 0.056714285714285814}
[BLOCKED] HEITRY reason=max_layers
[SCAN] 2026-08-09T17:34:59+00:00 symbols=20 signals=1 entries=0 exits=0 blocked=1 open=5 cash=4129.23 equity=9760.61
[SIGNAL] 2026-08-09T17:34:59+00:00 HEITRY BUY fill_at=2026-08-09T17:39:59+00:00 features={"close": 7.88, "bb_lower": 7.921446956867622, "bb_upper": 8.111981614560948, "rsi": 28.57264712323463, "mfi": 27.389076241083302, "atr": 0.05978571428571439}
[BLOCKED] HEITRY reason=max_layers
[SIGNAL] 2026-08-09T17:34:59+00:00 ACXTRY BUY fill_at=2026-08-09T17:39:59+00:00 features={"close": 1.91, "bb_lower": 1.913795297156051, "bb_upper": 1.9786808933201396, "rsi": 38.797697133410495, "mfi": 29.209639301864826, "atr": 0.016357142857142865}
[ENTRY] 2026-08-09T17:39:59+00:00 ACXTRY layer=1 value=412.30 entry=1.91143250 cash=3716.30
[SCAN] 2026-08-09T17:39:59+00:00 symbols=20 signals=2 entries=1 exits=0 blocked=1 open=6 cash=3716.30 equity=9759.78
[SIGNAL] 2026-08-09T17:39:59+00:00 ACXTRY BUY fill_at=2026-08-09T17:44:59+00:00 features={"close": 1.91, "bb_lower": 1.9117416976381145, "bb_upper": 1.9798773499809328, "rsi": 38.79769715910787, "mfi": 28.90081265329877, "atr": 0.01814285714285716}
[ENTRY] 2026-08-09T17:44:59+00:00 ACXTRY layer=2 value=371.07 entry=1.91143250 cash=3344.67
[EXIT] 2026-08-09T17:44:59+00:00 ACXTRY reason=fixed_take_profit pnl=+15.17 cash=4144.40
[SCAN] 2026-08-09T17:44:59+00:00 symbols=20 signals=1 entries=1 exits=1 blocked=0 open=5 cash=4144.40 equity=9770.41
[SIGNAL] 2026-08-09T17:44:59+00:00 HEITRY BUY fill_at=2026-08-09T17:49:59+00:00 features={"close": 7.894, "bb_lower": 7.8971312319224705, "bb_upper": 8.104487815696574, "rsi": 34.28828916702153, "mfi": 24.870427180325194, "atr": 0.0639285714285714}
[BLOCKED] HEITRY reason=max_layers
[SCAN] 2026-08-09T17:49:59+00:00 symbols=20 signals=1 entries=0 exits=0 blocked=1 open=5 cash=4144.40 equity=9773.96
[SCAN] 2026-08-09T17:54:59+00:00 symbols=20 signals=0 entries=0 exits=0 blocked=0 open=5 cash=4144.40 equity=9766.85
[SCAN] 2026-08-09T17:59:59+00:00 symbols=20 signals=0 entries=0 exits=0 blocked=1 open=5 cash=4144.40 equity=9764.06
[SCAN] 2026-08-09T18:04:59+00:00 symbols=20 signals=0 entries=0 exits=0 blocked=1 open=5 cash=4144.40 equity=9760.38
[SIGNAL] 2026-08-09T18:04:59+00:00 VANRYTRY BUY fill_at=2026-08-09T18:09:59+00:00 features={"close": 0.1483, "bb_lower": 0.14841440169595593, "bb_upper": 0.15173797925642502, "rsi": 37.33986891370731, "mfi": 49.94923434130858, "atr": 0.0009500000000000004}
[ENTRY] 2026-08-09T18:09:59+00:00 VANRYTRY layer=2 value=413.82 entry=0.14961212 cash=3729.96
[SCAN] 2026-08-09T18:09:59+00:00 symbols=20 signals=1 entries=1 exits=0 blocked=0 open=5 cash=3729.96 equity=9745.07
[SCAN] 2026-08-09T18:14:59+00:00 symbols=20 signals=0 entries=0 exits=0 blocked=0 open=5 cash=3729.96 equity=9693.41
[SIGNAL] 2026-08-09T18:14:59+00:00 HEITRY BUY fill_at=2026-08-09T18:19:59+00:00 features={"close": 7.772, "bb_lower": 7.795042418518312, "bb_upper": 8.107243295767402, "rsi": 24.451897798228856, "mfi": 24.028416028653425, "atr": 0.07164285714285709}
[BLOCKED] HEITRY reason=max_layers
[SIGNAL] 2026-08-09T18:14:59+00:00 HOMETRY BUY fill_at=2026-08-09T18:19:59+00:00 features={"close": 0.428, "bb_lower": 0.4303504637410641, "bb_upper": 0.4431733457827455, "rsi": 30.93136152381473, "mfi": 49.96296926012819, "atr": 0.00335714285714286}
[BLOCKED] HOMETRY reason=max_layers
[SCAN] 2026-08-09T18:19:59+00:00 symbols=20 signals=2 entries=0 exits=0 blocked=3 open=5 cash=3729.96 equity=9725.08
[SCAN] 2026-08-09T18:24:59+00:00 symbols=20 signals=0 entries=0 exits=0 blocked=0 open=5 cash=3729.96 equity=9735.99
[SIGNAL] 2026-08-09T18:24:59+00:00 HOMETRY BUY fill_at=2026-08-09T18:29:59+00:00 features={"close": 0.428, "bb_lower": 0.42840885184207067, "bb_upper": 0.44406733863411996, "rsi": 33.600529765665115, "mfi": 46.46142397800185, "atr": 0.0034285714285714314}
[BLOCKED] HOMETRY reason=max_layers
[SCAN] 2026-08-09T18:29:59+00:00 symbols=20 signals=1 entries=0 exits=0 blocked=1 open=5 cash=3729.96 equity=9721.00
[SIGNAL] 2026-08-09T18:29:59+00:00 HOMETRY BUY fill_at=2026-08-09T18:34:59+00:00 features={"close": 0.427, "bb_lower": 0.42704554889879826, "bb_upper": 0.4445734987202495, "rsi": 32.18297858259123, "mfi": 38.146474442926575, "atr": 0.0032857142857142885}
[BLOCKED] HOMETRY reason=max_layers
[SCAN] 2026-08-09T18:34:59+00:00 symbols=20 signals=1 entries=0 exits=0 blocked=1 open=5 cash=3729.96 equity=9718.75
[SCAN] 2026-08-09T18:39:59+00:00 symbols=20 signals=0 entries=0 exits=0 blocked=0 open=5 cash=3729.96 equity=9696.61
[SIGNAL] 2026-08-09T18:39:59+00:00 HEITRY BUY fill_at=2026-08-09T18:44:59+00:00 features={"close": 7.715, "bb_lower": 7.743132477578324, "bb_upper": 8.082200855755005, "rsi": 31.468105501519915, "mfi": 27.049814626198497, "atr": 0.08814285714285708}
[BLOCKED] HEITRY reason=max_layers
[SCAN] 2026-08-09T18:44:59+00:00 symbols=20 signals=1 entries=0 exits=0 blocked=2 open=5 cash=3729.96 equity=9706.58
[SIGNAL] 2026-08-09T18:44:59+00:00 VICTRY BUY fill_at=2026-08-09T18:49:59+00:00 features={"close": 1.38, "bb_lower": 1.3806073414326312, "bb_upper": 1.4098688490435591, "rsi": 38.63564680624493, "mfi": 21.681863109741982, "atr": 0.012857142857142869}
[ENTRY] 2026-08-09T18:49:59+00:00 VICTRY layer=1 value=372.44 entry=1.38103500 cash=3356.96
[SIGNAL] 2026-08-09T18:44:59+00:00 LDOTRY BUY fill_at=2026-08-09T18:49:59+00:00 features={"close": 13.75, "bb_lower": 13.757324270273944, "bb_upper": 13.828390015440338, "rsi": 32.20727472640172, "mfi": 35.78906311134277, "atr": 0.02214285714285718}
[ENTRY] 2026-08-09T18:49:59+00:00 LDOTRY layer=1 value=335.19 entry=13.78032750 cash=3021.27
[SCAN] 2026-08-09T18:49:59+00:00 symbols=20 signals=2 entries=2 exits=0 blocked=1 open=7 cash=3021.27 equity=9702.06
[SCAN] 2026-08-09T18:54:59+00:00 symbols=20 signals=0 entries=0 exits=0 blocked=1 open=7 cash=3021.27 equity=9694.28
[SIGNAL] 2026-08-09T18:54:59+00:00 HEITRY BUY fill_at=2026-08-09T18:59:59+00:00 features={"close": 7.67, "bb_lower": 7.6874008236397335, "bb_upper": 8.04078965255074, "rsi": 30.768351232392178, "mfi": 29.588335260667392, "atr": 0.08549999999999994}
[BLOCKED] HEITRY reason=max_layers
[SCAN] 2026-08-09T18:59:59+00:00 symbols=20 signals=1 entries=0 exits=0 blocked=1 open=7 cash=3021.27 equity=9692.94
[EXIT] 2026-08-09T19:04:59+00:00 HEITRY reason=fixed_stop_loss pnl=-140.07 cash=4773.93
[SCAN] 2026-08-09T19:04:59+00:00 symbols=20 signals=0 entries=0 exits=2 blocked=1 open=5 cash=4773.93 equity=9674.33
[SIGNAL] 2026-08-09T19:04:59+00:00 HEITRY BUY fill_at=2026-08-09T19:09:59+00:00 features={"close": 7.632, "bb_lower": 7.644151691651819, "bb_upper": 8.022991165491037, "rsi": 31.13499401691216, "mfi": 25.797818986700534, "atr": 0.09192857142857129}
[ENTRY] 2026-08-09T19:09:59+00:00 HEITRY layer=1 value=476.68 entry=7.63772400 cash=4296.54
[SIGNAL] 2026-08-09T19:04:59+00:00 LDOTRY BUY fill_at=2026-08-09T19:09:59+00:00 features={"close": 13.71, "bb_lower": 13.738274772079308, "bb_upper": 13.830296656492116, "rsi": 27.335977725460012, "mfi": 26.589601741539454, "atr": 0.029999999999999995}
[ENTRY] 2026-08-09T19:09:59+00:00 LDOTRY layer=2 value=429.01 entry=13.74029750 cash=3866.89
[SCAN] 2026-08-09T19:09:59+00:00 symbols=20 signals=2 entries=2 exits=0 blocked=1 open=6 cash=3866.89 equity=9671.88
[SIGNAL] 2026-08-09T19:09:59+00:00 HEITRY BUY fill_at=2026-08-09T19:14:59+00:00 features={"close": 7.568, "bb_lower": 7.602511662589512, "bb_upper": 8.02796452788668, "rsi": 27.943717610977203, "mfi": 24.453755569742597, "atr": 0.09728571428571423}
[ENTRY] 2026-08-09T19:14:59+00:00 HEITRY layer=2 value=386.11 entry=7.55966550 cash=3480.20
[SIGNAL] 2026-08-09T19:09:59+00:00 LDOTRY BUY fill_at=2026-08-09T19:14:59+00:00 features={"close": 13.72, "bb_lower": 13.727569735572072, "bb_upper": 13.833382645380308, "rsi": 31.509557064134782, "mfi": 25.629190683267666, "atr": 0.02785714285714277}
[BLOCKED] LDOTRY reason=max_layers
[SCAN] 2026-08-09T19:14:59+00:00 symbols=20 signals=2 entries=1 exits=0 blocked=1 open=6 cash=3480.20 equity=9652.21
[SIGNAL] 2026-08-09T19:14:59+00:00 HEITRY BUY fill_at=2026-08-09T19:19:59+00:00 features={"close": 7.528, "bb_lower": 7.557606105943158, "bb_upper": 8.034203417866365, "rsi": 26.130283116366556, "mfi": 24.160455125804077, "atr": 0.09578571428571417}
[BLOCKED] HEITRY reason=max_layers
[SIGNAL] 2026-08-09T19:14:59+00:00 LDOTRY BUY fill_at=2026-08-09T19:19:59+00:00 features={"close": 13.7, "bb_lower": 13.713509882694066, "bb_upper": 13.837918688734508, "rsi": 28.02229176753646, "mfi": 25.497202319092665, "atr": 0.01571428571428576}
[BLOCKED] LDOTRY reason=max_layers
[SCAN] 2026-08-09T19:19:59+00:00 symbols=20 signals=2 entries=0 exits=0 blocked=3 open=6 cash=3480.20 equity=9663.87
[SIGNAL] 2026-08-09T19:19:59+00:00 LDOTRY BUY fill_at=2026-08-09T19:24:59+00:00 features={"close": 13.69, "bb_lower": 13.699263964698822, "bb_upper": 13.842640797205938, "rsi": 26.437420904784787, "mfi": 0.5447056946797062, "atr": 0.01642857142857133}
[BLOCKED] LDOTRY reason=max_layers
[SCAN] 2026-08-09T19:24:59+00:00 symbols=20 signals=1 entries=0 exits=0 blocked=1 open=6 cash=3480.20 equity=9650.76
[SCAN] 2026-08-09T19:29:59+00:00 symbols=20 signals=0 entries=0 exits=0 blocked=0 open=6 cash=3480.20 equity=9654.25
[SCAN] 2026-08-09T19:34:59+00:00 symbols=20 signals=0 entries=0 exits=0 blocked=0 open=6 cash=3480.20 equity=9640.79
[SIGNAL] 2026-08-09T19:34:59+00:00 FIDATRY BUY fill_at=2026-08-09T19:39:59+00:00 features={"close": 0.867, "bb_lower": 0.8676193036428331, "bb_upper": 0.8764759344524048, "rsi": 35.457312667256176, "mfi": 13.592561750780604, "atr": 0.002642857142857145}
[ENTRY] 2026-08-09T19:39:59+00:00 FIDATRY layer=1 value=347.50 entry=0.86765025 cash=3132.18
[SIGNAL] 2026-08-09T19:34:59+00:00 VANRYTRY BUY fill_at=2026-08-09T19:39:59+00:00 features={"close": 0.147, "bb_lower": 0.1475743103976126, "bb_upper": 0.15084473722143504, "rsi": 38.3949241014248, "mfi": 17.537572289915914, "atr": 0.0011500000000000002}
[BLOCKED] VANRYTRY reason=max_layers
[EXIT] 2026-08-09T19:39:59+00:00 HEITRY reason=fixed_take_profit pnl=+16.71 cash=4012.97
[SCAN] 2026-08-09T19:39:59+00:00 symbols=20 signals=2 entries=1 exits=1 blocked=2 open=6 cash=4012.97 equity=9679.16
[SIGNAL] 2026-08-09T19:39:59+00:00 FIDATRY BUY fill_at=2026-08-09T19:44:59+00:00 features={"close": 0.866, "bb_lower": 0.8669322752448736, "bb_upper": 0.8768772485646501, "rsi": 33.97850683283528, "mfi": 21.406911683038302, "atr": 0.002642857142857145}
[ENTRY] 2026-08-09T19:44:59+00:00 FIDATRY layer=2 value=400.70 entry=0.86865100 cash=3611.67
[SCAN] 2026-08-09T19:44:59+00:00 symbols=20 signals=1 entries=1 exits=0 blocked=3 open=6 cash=3611.67 equity=9686.13
[SCAN] 2026-08-09T19:49:59+00:00 symbols=20 signals=0 entries=0 exits=0 blocked=0 open=6 cash=3611.67 equity=9687.56
[SCAN] 2026-08-09T19:54:59+00:00 symbols=20 signals=0 entries=0 exits=0 blocked=1 open=6 cash=3611.67 equity=9664.28
[SCAN] 2026-08-09T19:59:59+00:00 symbols=20 signals=0 entries=0 exits=0 blocked=0 open=6 cash=3611.67 equity=9680.29
[SCAN] 2026-08-09T20:04:59+00:00 symbols=20 signals=0 entries=0 exits=0 blocked=0 open=6 cash=3611.67 equity=9678.91
[SCAN] 2026-08-09T20:09:59+00:00 symbols=20 signals=0 entries=0 exits=0 blocked=0 open=6 cash=3611.67 equity=9684.52
[SCAN] 2026-08-09T20:14:59+00:00 symbols=20 signals=0 entries=0 exits=0 blocked=0 open=6 cash=3611.67 equity=9672.00
[SIGNAL] 2026-08-09T20:14:59+00:00 VICTRY BUY fill_at=2026-08-09T20:19:59+00:00 features={"close": 1.36, "bb_lower": 1.3626205546113033, "bb_upper": 1.4002365882458392, "rsi": 37.986678110595804, "mfi": 34.367086588051066, "atr": 0.014285714285714188}
[ENTRY] 2026-08-09T20:19:59+00:00 VICTRY layer=1 value=360.63 entry=1.38103500 cash=3250.51
[SCAN] 2026-08-09T20:19:59+00:00 symbols=20 signals=1 entries=1 exits=0 blocked=0 open=7 cash=3250.51 equity=9669.69
[EXIT] 2026-08-09T20:24:59+00:00 ENATRY reason=bb_mfi_v3_signal_exit pnl=-2.29 cash=4387.35
[SCAN] 2026-08-09T20:24:59+00:00 symbols=20 signals=0 entries=0 exits=1 blocked=0 open=6 cash=4387.35 equity=9669.02
[SCAN] 2026-08-09T20:29:59+00:00 symbols=20 signals=0 entries=0 exits=0 blocked=0 open=6 cash=4387.35 equity=9680.27
[SCAN] 2026-08-09T20:34:59+00:00 symbols=20 signals=0 entries=0 exits=0 blocked=0 open=6 cash=4387.35 equity=9646.75
[SCAN] 2026-08-09T20:39:59+00:00 symbols=20 signals=0 entries=0 exits=0 blocked=1 open=6 cash=4387.35 equity=9631.75
[SIGNAL] 2026-08-09T20:39:59+00:00 VICTRY BUY fill_at=2026-08-09T20:44:59+00:00 features={"close": 1.34, "bb_lower": 1.3474234283916051, "bb_upper": 1.4021003811322041, "rsi": 32.05406730803284, "mfi": 4.631193444138958, "atr": 0.0164285714285713}
[ENTRY] 2026-08-09T20:44:59+00:00 VICTRY layer=2 value=438.08 entry=1.34100500 cash=3948.62
[SCAN] 2026-08-09T20:44:59+00:00 symbols=20 signals=1 entries=1 exits=0 blocked=1 open=6 cash=3948.62 equity=9625.03
[SIGNAL] 2026-08-09T20:44:59+00:00 VICTRY BUY fill_at=2026-08-09T20:49:59+00:00 features={"close": 1.34, "bb_lower": 1.3422038485376098, "bb_upper": 1.4025580562242947, "rsi": 32.054067382909906, "mfi": 3.330655614072299, "atr": 0.017142857142857015}
[BLOCKED] VICTRY reason=max_layers
[SCAN] 2026-08-09T20:49:59+00:00 symbols=20 signals=1 entries=0 exits=0 blocked=2 open=6 cash=3948.62 equity=9600.98
[SIGNAL] 2026-08-09T20:49:59+00:00 VANRYTRY BUY fill_at=2026-08-09T20:54:59+00:00 features={"close": 0.1462, "bb_lower": 0.14628304877269796, "bb_upper": 0.15008837979873066, "rsi": 37.394765201751596, "mfi": 16.089917305289163, "atr": 0.0007714285714285776}
[BLOCKED] VANRYTRY reason=max_layers
[SCAN] 2026-08-09T20:54:59+00:00 symbols=20 signals=1 entries=0 exits=0 blocked=2 open=6 cash=3948.62 equity=9594.54
[SIGNAL] 2026-08-09T20:54:59+00:00 VICTRY BUY fill_at=2026-08-09T20:59:59+00:00 features={"close": 1.33, "bb_lower": 1.3316800718778796, "bb_upper": 1.4035580233602154, "rsi": 28.517786979178567, "mfi": 3.157074505586351, "atr": 0.01642857142857133}
[BLOCKED] VICTRY reason=max_layers
[SCAN] 2026-08-09T20:59:59+00:00 symbols=20 signals=1 entries=0 exits=0 blocked=2 open=6 cash=3948.62 equity=9617.39
[SCAN] 2026-08-09T21:04:59+00:00 symbols=20 signals=0 entries=0 exits=0 blocked=0 open=6 cash=3948.62 equity=9635.77
[SCAN] 2026-08-09T21:09:59+00:00 symbols=20 signals=0 entries=0 exits=0 blocked=0 open=6 cash=3948.62 equity=9633.52
[SCAN] 2026-08-09T21:14:59+00:00 symbols=20 signals=0 entries=0 exits=0 blocked=0 open=6 cash=3948.62 equity=9658.80
[SCAN] 2026-08-09T21:19:59+00:00 symbols=20 signals=0 entries=0 exits=0 blocked=0 open=6 cash=3948.62 equity=9680.75
[EXIT] 2026-08-09T21:24:59+00:00 VICTRY reason=fixed_take_profit pnl=+15.47 cash=4763.99
[SCAN] 2026-08-09T21:24:59+00:00 symbols=20 signals=0 entries=0 exits=1 blocked=0 open=5 cash=4763.99 equity=9673.73
[SCAN] 2026-08-09T21:29:59+00:00 symbols=20 signals=0 entries=0 exits=0 blocked=0 open=5 cash=4763.99 equity=9679.02
[SCAN] 2026-08-09T21:34:59+00:00 symbols=20 signals=0 entries=0 exits=0 blocked=0 open=5 cash=4763.99 equity=9669.48
[SCAN] 2026-08-09T21:39:59+00:00 symbols=20 signals=0 entries=0 exits=0 blocked=0 open=5 cash=4763.99 equity=9669.02
[SCAN] 2026-08-09T21:44:59+00:00 symbols=20 signals=0 entries=0 exits=0 blocked=1 open=5 cash=4763.99 equity=9662.25
[SCAN] 2026-08-09T21:49:59+00:00 symbols=20 signals=0 entries=0 exits=0 blocked=0 open=5 cash=4763.99 equity=9660.91
[SCAN] 2026-08-09T21:54:59+00:00 symbols=20 signals=0 entries=0 exits=0 blocked=0 open=5 cash=4763.99 equity=9669.80
[SCAN] 2026-08-09T21:59:59+00:00 symbols=20 signals=0 entries=0 exits=0 blocked=0 open=5 cash=4763.99 equity=9666.84
[SCAN] 2026-08-09T22:04:59+00:00 symbols=20 signals=0 entries=0 exits=0 blocked=0 open=5 cash=4763.99 equity=9664.62
[SCAN] 2026-08-09T22:09:59+00:00 symbols=20 signals=0 entries=0 exits=0 blocked=0 open=5 cash=4763.99 equity=9678.18
[SIGNAL] 2026-08-09T22:09:59+00:00 TSTTRY BUY fill_at=2026-08-09T22:14:59+00:00 features={"close": 0.968, "bb_lower": 0.9720378324600731, "bb_upper": 1.054533596111355, "rsi": 38.972438910716875, "mfi": 44.538834806701175, "atr": 0.02085714285714289}
[ENTRY] 2026-08-09T22:14:59+00:00 TSTTRY layer=1 value=475.69 entry=0.97072750 cash=4287.59
[SCAN] 2026-08-09T22:14:59+00:00 symbols=20 signals=1 entries=1 exits=0 blocked=1 open=6 cash=4287.59 equity=9690.64
[EXIT] 2026-08-09T22:19:59+00:00 LDOTRY reason=bb_mfi_v3_signal_exit pnl=+0.58 cash=5053.52
[EXIT] 2026-08-09T22:19:59+00:00 TSTTRY reason=fixed_take_profit pnl=+9.21 cash=5539.13
[SCAN] 2026-08-09T22:19:59+00:00 symbols=20 signals=0 entries=0 exits=2 blocked=0 open=4 cash=5539.13 equity=9702.91
[SCAN] 2026-08-09T22:24:59+00:00 symbols=20 signals=0 entries=0 exits=0 blocked=0 open=4 cash=5539.13 equity=9689.89
[SIGNAL] 2026-08-09T22:24:59+00:00 ZROTRY BUY fill_at=2026-08-09T22:29:59+00:00 features={"close": 40.5, "bb_lower": 40.518453539007545, "bb_upper": 40.824403603849625, "rsi": 32.24931936232045, "mfi": 29.175456898530513, "atr": 0.050000000000000204}
[ENTRY] 2026-08-09T22:29:59+00:00 ZROTRY layer=1 value=553.08 entry=40.53037500 cash=4985.22
[SCAN] 2026-08-09T22:29:59+00:00 symbols=20 signals=1 entries=1 exits=0 blocked=0 open=5 cash=4985.22 equity=9690.74
[SIGNAL] 2026-08-09T22:29:59+00:00 ZROTRY BUY fill_at=2026-08-09T22:34:59+00:00 features={"close": 40.5, "bb_lower": 40.5197296354554, "bb_upper": 40.785032269306534, "rsi": 32.249319375966294, "mfi": 50.65422029781917, "atr": 0.04285714285714296}
[ENTRY] 2026-08-09T22:34:59+00:00 ZROTRY layer=2 value=497.78 entry=40.53037500 cash=4486.70
[SCAN] 2026-08-09T22:34:59+00:00 symbols=20 signals=1 entries=1 exits=0 blocked=1 open=5 cash=4486.70 equity=9678.21
[SIGNAL] 2026-08-09T22:34:59+00:00 ZROTRY BUY fill_at=2026-08-09T22:39:59+00:00 features={"close": 40.4, "bb_lower": 40.46933290336506, "bb_upper": 40.806857572825436, "rsi": 27.336770445100072, "mfi": 35.8047827502988, "atr": 0.04285714285714296}
[BLOCKED] ZROTRY reason=max_layers
[SCAN] 2026-08-09T22:39:59+00:00 symbols=20 signals=1 entries=0 exits=0 blocked=3 open=5 cash=4486.70 equity=9669.03
[SIGNAL] 2026-08-09T22:39:59+00:00 ZROTRY BUY fill_at=2026-08-09T22:44:59+00:00 features={"close": 40.4, "bb_lower": 40.42956116138694, "bb_upper": 40.81805788623211, "rsi": 27.336770460235385, "mfi": 36.33677521049698, "atr": 0.04285714285714296}
[BLOCKED] ZROTRY reason=max_layers
[SCAN] 2026-08-09T22:44:59+00:00 symbols=20 signals=1 entries=0 exits=0 blocked=3 open=5 cash=4486.70 equity=9676.39
[SIGNAL] 2026-08-09T22:44:59+00:00 BANKTRY BUY fill_at=2026-08-09T22:49:59+00:00 features={"close": 1.874, "bb_lower": 1.874737303087282, "bb_upper": 1.9255484111984322, "rsi": 29.56478659242768, "mfi": 15.88280641087701, "atr": 0.010357142857142843}
[BLOCKED] BANKTRY reason=max_layers
[SCAN] 2026-08-09T22:49:59+00:00 symbols=20 signals=1 entries=0 exits=0 blocked=3 open=5 cash=4486.70 equity=9674.22
[SCAN] 2026-08-09T22:54:59+00:00 symbols=20 signals=0 entries=0 exits=0 blocked=5 open=5 cash=4486.70 equity=9673.85
[SIGNAL] 2026-08-09T22:54:59+00:00 ZROTRY BUY fill_at=2026-08-09T22:59:59+00:00 features={"close": 40.3, "bb_lower": 40.32242071248619, "bb_upper": 40.829960239894746, "rsi": 22.595842892342702, "mfi": 22.739313550681473, "atr": 0.04285714285714296}
[BLOCKED] ZROTRY reason=max_layers
[SCAN] 2026-08-09T22:59:59+00:00 symbols=20 signals=1 entries=0 exits=0 blocked=7 open=5 cash=4486.70 equity=9669.57
[SIGNAL] 2026-08-09T22:59:59+00:00 EIGENTRY BUY fill_at=2026-08-09T23:04:59+00:00 features={"close": 8.371, "bb_lower": 8.376966714719606, "bb_upper": 8.683223761470872, "rsi": 23.69165139715105, "mfi": 16.568135447431942, "atr": 0.028928571428571637}
[ENTRY] 2026-08-09T23:04:59+00:00 EIGENTRY layer=1 value=523.12 entry=8.36426850 cash=4715.16
[SCAN] 2026-08-09T23:04:59+00:00 symbols=20 signals=1 entries=1 exits=1 blocked=1 open=5 cash=4715.16 equity=9664.63
[SCAN] 2026-08-09T23:09:59+00:00 symbols=20 signals=0 entries=0 exits=0 blocked=0 open=5 cash=4715.16 equity=9661.78
[SIGNAL] 2026-08-09T23:09:59+00:00 HEITRY BUY fill_at=2026-08-09T23:14:59+00:00 features={"close": 7.415, "bb_lower": 7.419855837714478, "bb_upper": 7.598810828952188, "rsi": 36.3037253804818, "mfi": 45.68021033570555, "atr": 0.06478571428571435}
[ENTRY] 2026-08-09T23:14:59+00:00 HEITRY layer=1 value=470.81 entry=7.42556500 cash=4243.65
[SCAN] 2026-08-09T23:14:59+00:00 symbols=20 signals=1 entries=1 exits=0 blocked=2 open=6 cash=4243.65 equity=9666.59
[SCAN] 2026-08-09T23:19:59+00:00 symbols=20 signals=0 entries=0 exits=0 blocked=1 open=6 cash=4243.65 equity=9663.19
[SCAN] 2026-08-09T23:24:59+00:00 symbols=20 signals=0 entries=0 exits=0 blocked=2 open=6 cash=4243.65 equity=9672.16
[SCAN] 2026-08-09T23:29:59+00:00 symbols=20 signals=0 entries=0 exits=0 blocked=1 open=6 cash=4243.65 equity=9654.63
[SIGNAL] 2026-08-09T23:29:59+00:00 ONDOTRY BUY fill_at=2026-08-09T23:34:59+00:00 features={"close": 16.59, "bb_lower": 16.61716654303752, "bb_upper": 17.162833456962474, "rsi": 19.002003991153643, "mfi": 26.629164545964812, "atr": 0.04499999999999967}
[ENTRY] 2026-08-09T23:34:59+00:00 ONDOTRY layer=1 value=423.73 entry=16.60244250 cash=3819.28
[SCAN] 2026-08-09T23:34:59+00:00 symbols=20 signals=1 entries=1 exits=0 blocked=4 open=7 cash=3819.28 equity=9642.34
[SCAN] 2026-08-09T23:39:59+00:00 symbols=20 signals=0 entries=0 exits=0 blocked=4 open=7 cash=3819.28 equity=9647.77
[SCAN] 2026-08-09T23:44:59+00:00 symbols=20 signals=0 entries=0 exits=0 blocked=1 open=7 cash=3819.28 equity=9644.54
[SCAN] 2026-08-09T23:49:59+00:00 symbols=20 signals=0 entries=0 exits=0 blocked=0 open=7 cash=3819.28 equity=9644.81
[SCAN] 2026-08-09T23:54:59+00:00 symbols=20 signals=0 entries=0 exits=0 blocked=0 open=7 cash=3819.28 equity=9644.73
[SCAN] 2026-08-09T23:59:59+00:00 symbols=20 signals=0 entries=0 exits=0 blocked=1 open=7 cash=3819.28 equity=9653.30
[SCAN] 2026-08-10T00:04:59+00:00 symbols=20 signals=0 entries=0 exits=0 blocked=1 open=7 cash=3819.28 equity=9638.08
[SCAN] 2026-08-10T00:09:59+00:00 symbols=20 signals=0 entries=0 exits=0 blocked=1 open=7 cash=3819.28 equity=9674.06
[SCAN] 2026-08-10T00:14:59+00:00 symbols=20 signals=0 entries=0 exits=0 blocked=0 open=7 cash=3819.28 equity=9661.25
[SCAN] 2026-08-10T00:19:59+00:00 symbols=20 signals=0 entries=0 exits=0 blocked=0 open=7 cash=3819.28 equity=9655.54
[SCAN] 2026-08-10T00:24:59+00:00 symbols=20 signals=0 entries=0 exits=0 blocked=0 open=7 cash=3819.28 equity=9667.59
[SIGNAL] 2026-08-10T00:24:59+00:00 BANKTRY BUY fill_at=2026-08-10T00:29:59+00:00 features={"close": 1.866, "bb_lower": 1.8664221393572795, "bb_upper": 1.880530241595101, "rsi": 36.91582863822653, "mfi": 46.749481061830515, "atr": 0.008642857142857095}
[BLOCKED] BANKTRY reason=max_layers
[SCAN] 2026-08-10T00:29:59+00:00 symbols=20 signals=1 entries=0 exits=0 blocked=1 open=7 cash=3819.28 equity=9664.64
[SCAN] 2026-08-10T00:34:59+00:00 symbols=20 signals=0 entries=0 exits=0 blocked=0 open=7 cash=3819.28 equity=9673.33
[SCAN] 2026-08-10T00:39:59+00:00 symbols=20 signals=0 entries=0 exits=0 blocked=0 open=7 cash=3819.28 equity=9650.95
[SIGNAL] 2026-08-10T00:39:59+00:00 TSTTRY BUY fill_at=2026-08-10T00:44:59+00:00 features={"close": 0.893, "bb_lower": 0.9503582004801545, "bb_upper": 1.1009751328531794, "rsi": 28.33758280071993, "mfi": 39.050497529943485, "atr": 0.04214285714285718}
[ENTRY] 2026-08-10T00:44:59+00:00 TSTTRY layer=1 value=381.36 entry=0.89667200 cash=3437.35
[EXIT] 2026-08-10T00:44:59+00:00 TSTTRY reason=fixed_take_profit pnl=+7.39 cash=3826.67
[SCAN] 2026-08-10T00:44:59+00:00 symbols=20 signals=1 entries=1 exits=1 blocked=0 open=7 cash=3826.67 equity=9670.21
[SIGNAL] 2026-08-10T00:44:59+00:00 BANKTRY BUY fill_at=2026-08-10T00:49:59+00:00 features={"close": 1.862, "bb_lower": 1.8629133165315845, "bb_upper": 1.880134302516035, "rsi": 34.78967683043312, "mfi": 36.416137992500914, "atr": 0.007428571428571388}
[BLOCKED] BANKTRY reason=max_layers
[SIGNAL] 2026-08-10T00:44:59+00:00 TSTTRY BUY fill_at=2026-08-10T00:49:59+00:00 features={"close": 0.907, "bb_lower": 0.9290387960229183, "bb_upper": 1.1097231087389867, "rsi": 31.69315955222595, "mfi": 36.65991292885926, "atr": 0.043214285714285754}
[ENTRY] 2026-08-10T00:49:59+00:00 TSTTRY layer=1 value=382.09 entry=0.91168325 cash=3444.00
[SCAN] 2026-08-10T00:49:59+00:00 symbols=20 signals=2 entries=1 exits=0 blocked=1 open=8 cash=3444.00 equity=9692.19
[SCAN] 2026-08-10T00:54:59+00:00 symbols=20 signals=0 entries=0 exits=0 blocked=0 open=8 cash=3444.00 equity=9702.77
[SCAN] 2026-08-10T00:59:59+00:00 symbols=20 signals=0 entries=0 exits=0 blocked=0 open=8 cash=3444.00 equity=9701.36
[SCAN] 2026-08-10T01:04:59+00:00 symbols=20 signals=0 entries=0 exits=0 blocked=0 open=8 cash=3444.00 equity=9735.02
[SCAN] 2026-08-10T01:09:59+00:00 symbols=20 signals=0 entries=0 exits=0 blocked=0 open=8 cash=3444.00 equity=9729.15
[SCAN] 2026-08-10T01:14:59+00:00 symbols=20 signals=0 entries=0 exits=0 blocked=0 open=8 cash=3444.00 equity=9747.37
[EXIT] 2026-08-10T01:19:59+00:00 TSTTRY reason=fixed_take_profit pnl=+7.40 cash=3834.07
[SCAN] 2026-08-10T01:19:59+00:00 symbols=20 signals=0 entries=0 exits=1 blocked=1 open=7 cash=3834.07 equity=9720.36
[SCAN] 2026-08-10T01:24:59+00:00 symbols=20 signals=0 entries=0 exits=0 blocked=2 open=7 cash=3834.07 equity=9711.60
[SCAN] 2026-08-10T01:29:59+00:00 symbols=20 signals=0 entries=0 exits=0 blocked=2 open=7 cash=3834.07 equity=9725.19
[SCAN] 2026-08-10T01:34:59+00:00 symbols=20 signals=0 entries=0 exits=0 blocked=1 open=7 cash=3834.07 equity=9712.21
[SCAN] 2026-08-10T01:39:59+00:00 symbols=20 signals=0 entries=0 exits=0 blocked=0 open=7 cash=3834.07 equity=9720.86
[SCAN] 2026-08-10T01:44:59+00:00 symbols=20 signals=0 entries=0 exits=0 blocked=0 open=7 cash=3834.07 equity=9723.60
[SCAN] 2026-08-10T01:49:59+00:00 symbols=20 signals=0 entries=0 exits=0 blocked=0 open=7 cash=3834.07 equity=9734.40
[SCAN] 2026-08-10T01:54:59+00:00 symbols=20 signals=0 entries=0 exits=0 blocked=0 open=7 cash=3834.07 equity=9751.67
[SCAN] 2026-08-10T01:59:59+00:00 symbols=20 signals=0 entries=0 exits=0 blocked=1 open=7 cash=3834.07 equity=9763.48
[EXIT] 2026-08-10T02:04:59+00:00 VANRYTRY reason=bb_mfi_v3_signal_exit pnl=+3.84 cash=5236.77
[SCAN] 2026-08-10T02:04:59+00:00 symbols=20 signals=0 entries=0 exits=2 blocked=1 open=5 cash=5236.77 equity=9735.01
[SIGNAL] 2026-08-10T02:04:59+00:00 OPENTRY BUY fill_at=2026-08-10T02:09:59+00:00 features={"close": 9.596, "bb_lower": 9.719530079151246, "bb_upper": 10.030565158943988, "rsi": 11.627236438975345, "mfi": 6.474846503642809, "atr": 0.028142857142856897}
[ENTRY] 2026-08-10T02:09:59+00:00 OPENTRY layer=1 value=522.89 entry=9.64723000 cash=4713.09
[SCAN] 2026-08-10T02:09:59+00:00 symbols=20 signals=1 entries=1 exits=0 blocked=1 open=6 cash=4713.09 equity=9741.73
[SIGNAL] 2026-08-10T02:09:59+00:00 OPENTRY BUY fill_at=2026-08-10T02:14:59+00:00 features={"close": 9.676, "bb_lower": 9.693447544980241, "bb_upper": 10.02531435978166, "rsi": 28.123919478724446, "mfi": 14.059876563864336, "atr": 0.033428571428571176}
[ENTRY] 2026-08-10T02:14:59+00:00 OPENTRY layer=2 value=470.60 entry=9.68525850 cash=4241.78
[SCAN] 2026-08-10T02:14:59+00:00 symbols=20 signals=1 entries=1 exits=0 blocked=0 open=6 cash=4241.78 equity=9727.24
[SCAN] 2026-08-10T02:19:59+00:00 symbols=20 signals=0 entries=0 exits=0 blocked=0 open=6 cash=4241.78 equity=9721.31
[SIGNAL] 2026-08-10T02:19:59+00:00 OPENTRY BUY fill_at=2026-08-10T02:24:59+00:00 features={"close": 9.618, "bb_lower": 9.63677168910629, "bb_upper": 10.027037834703233, "rsi": 24.482924047219072, "mfi": 14.35224659240049, "atr": 0.03642857142857129}
[BLOCKED] OPENTRY reason=max_layers
[SCAN] 2026-08-10T02:24:59+00:00 symbols=20 signals=1 entries=0 exits=0 blocked=1 open=6 cash=4241.78 equity=9728.39
[SIGNAL] 2026-08-10T02:24:59+00:00 OPENTRY BUY fill_at=2026-08-10T02:29:59+00:00 features={"close": 9.595, "bb_lower": 9.60016283687877, "bb_upper": 10.036980020264085, "rsi": 23.13307434562104, "mfi": 9.943533798191908, "atr": 0.03807142857142841}
[BLOCKED] OPENTRY reason=max_layers
[SCAN] 2026-08-10T02:29:59+00:00 symbols=20 signals=1 entries=0 exits=0 blocked=1 open=6 cash=4241.78 equity=9733.50
[SCAN] 2026-08-10T02:34:59+00:00 symbols=20 signals=0 entries=0 exits=0 blocked=2 open=6 cash=4241.78 equity=9729.64
[SCAN] 2026-08-10T02:39:59+00:00 symbols=20 signals=0 entries=0 exits=0 blocked=1 open=6 cash=4241.78 equity=9728.43
[SIGNAL] 2026-08-10T02:39:59+00:00 TSTTRY BUY fill_at=2026-08-10T02:44:59+00:00 features={"close": 0.876, "bb_lower": 0.8896968463822673, "bb_upper": 0.9474460107605901, "rsi": 32.49052290006769, "mfi": 33.533522420593485, "atr": 0.018428571428571405}
[ENTRY] 2026-08-10T02:44:59+00:00 TSTTRY layer=1 value=423.54 entry=0.87565625 cash=3817.60
[SCAN] 2026-08-10T02:44:59+00:00 symbols=20 signals=1 entries=1 exits=0 blocked=0 open=7 cash=3817.60 equity=9755.10
[SIGNAL] 2026-08-10T02:44:59+00:00 TSTTRY BUY fill_at=2026-08-10T02:49:59+00:00 features={"close": 0.881, "bb_lower": 0.8845027753016121, "bb_upper": 0.9500686532698166, "rsi": 34.60670701844455, "mfi": 36.37385955613011, "atr": 0.01849999999999998}
[ENTRY] 2026-08-10T02:49:59+00:00 TSTTRY layer=2 value=381.19 entry=0.88266150 cash=3435.84
[SCAN] 2026-08-10T02:49:59+00:00 symbols=20 signals=1 entries=1 exits=0 blocked=0 open=7 cash=3435.84 equity=9759.12
[SIGNAL] 2026-08-10T02:49:59+00:00 TSTTRY BUY fill_at=2026-08-10T02:54:59+00:00 features={"close": 0.873, "bb_lower": 0.8772739764834931, "bb_upper": 0.9528212616117453, "rsi": 32.823290042210616, "mfi": 31.787329460940285, "atr": 0.017499999999999984}
[BLOCKED] TSTTRY reason=max_layers
[SCAN] 2026-08-10T02:54:59+00:00 symbols=20 signals=1 entries=0 exits=0 blocked=1 open=7 cash=3435.84 equity=9748.90
[SCAN] 2026-08-10T02:59:59+00:00 symbols=20 signals=0 entries=0 exits=0 blocked=0 open=7 cash=3435.84 equity=9760.57
[SCAN] 2026-08-10T03:04:59+00:00 symbols=20 signals=0 entries=0 exits=0 blocked=0 open=7 cash=3435.84 equity=9790.60
[EXIT] 2026-08-10T03:09:59+00:00 HEITRY reason=fixed_take_profit pnl=+9.12 cash=3916.48
[SCAN] 2026-08-10T03:09:59+00:00 symbols=20 signals=0 entries=0 exits=1 blocked=0 open=6 cash=3916.48 equity=9807.28
[SCAN] 2026-08-10T03:14:59+00:00 symbols=20 signals=0 entries=0 exits=0 blocked=0 open=6 cash=3916.48 equity=9808.87
[SCAN] 2026-08-10T03:19:59+00:00 symbols=20 signals=0 entries=0 exits=0 blocked=0 open=6 cash=3916.48 equity=9814.62
[EXIT] 2026-08-10T03:24:59+00:00 TSTTRY reason=fixed_take_profit pnl=+15.59 cash=4738.00
[SCAN] 2026-08-10T03:24:59+00:00 symbols=20 signals=0 entries=0 exits=1 blocked=0 open=5 cash=4738.00 equity=9822.45
[SCAN] 2026-08-10T03:29:59+00:00 symbols=20 signals=0 entries=0 exits=0 blocked=0 open=5 cash=4738.00 equity=9808.70
[SCAN] 2026-08-10T03:34:59+00:00 symbols=20 signals=0 entries=0 exits=0 blocked=0 open=5 cash=4738.00 equity=9817.45
[SCAN] 2026-08-10T03:39:59+00:00 symbols=20 signals=0 entries=0 exits=0 blocked=0 open=5 cash=4738.00 equity=9837.23
[SCAN] 2026-08-10T03:44:59+00:00 symbols=20 signals=0 entries=0 exits=0 blocked=0 open=5 cash=4738.00 equity=9845.53
[EXIT] 2026-08-10T03:49:59+00:00 HOMETRY reason=fixed_take_profit pnl=+26.11 cash=6113.93
[SCAN] 2026-08-10T03:49:59+00:00 symbols=20 signals=0 entries=0 exits=1 blocked=0 open=4 cash=6113.93 equity=9851.47
[SCAN] 2026-08-10T03:54:59+00:00 symbols=20 signals=0 entries=0 exits=0 blocked=0 open=4 cash=6113.93 equity=9854.36
[SCAN] 2026-08-10T03:59:59+00:00 symbols=20 signals=0 entries=0 exits=0 blocked=0 open=4 cash=6113.93 equity=9852.65
[SIGNAL] 2026-08-10T03:59:59+00:00 FIDATRY BUY fill_at=2026-08-10T04:04:59+00:00 features={"close": 0.86, "bb_lower": 0.8612676813234377, "bb_upper": 0.8723513662956099, "rsi": 34.5608400197858, "mfi": 22.243724527702753, "atr": 0.0024285714285714305}
[ENTRY] 2026-08-10T04:04:59+00:00 FIDATRY layer=1 value=610.48 entry=0.86064500 cash=5502.53
[SIGNAL] 2026-08-10T03:59:59+00:00 RESOLVTRY BUY fill_at=2026-08-10T04:04:59+00:00 features={"close": 0.8503, "bb_lower": 0.8527398529773532, "bb_upper": 0.862555385117885, "rsi": 33.89124929130074, "mfi": 34.42106319670617, "atr": 0.0016214285714285831}
[ENTRY] 2026-08-10T04:04:59+00:00 RESOLVTRY layer=1 value=549.43 entry=0.85283915 cash=4952.28
[SCAN] 2026-08-10T04:04:59+00:00 symbols=20 signals=2 entries=2 exits=0 blocked=1 open=6 cash=4952.28 equity=9858.95
[SIGNAL] 2026-08-10T04:04:59+00:00 RESOLVTRY BUY fill_at=2026-08-10T04:09:59+00:00 features={"close": 0.8497, "bb_lower": 0.8513559268113388, "bb_upper": 0.8632726446172326, "rsi": 32.944257180125774, "mfi": 22.757733645255527, "atr": 0.0015857142857142934}
[ENTRY] 2026-08-10T04:09:59+00:00 RESOLVTRY layer=2 value=494.49 entry=0.85033728 cash=4457.05
[SCAN] 2026-08-10T04:09:59+00:00 symbols=20 signals=1 entries=1 exits=0 blocked=0 open=6 cash=4457.05 equity=9848.70
[SIGNAL] 2026-08-10T04:09:59+00:00 RESOLVTRY BUY fill_at=2026-08-10T04:14:59+00:00 features={"close": 0.8497, "bb_lower": 0.8503667359495278, "bb_upper": 0.8637856450028528, "rsi": 32.94425727488323, "mfi": 13.661006079593832, "atr": 0.0013785714285714354}
[BLOCKED] RESOLVTRY reason=max_layers
[SCAN] 2026-08-10T04:14:59+00:00 symbols=20 signals=1 entries=0 exits=0 blocked=1 open=6 cash=4457.05 equity=9845.93
[SCAN] 2026-08-10T04:19:59+00:00 symbols=20 signals=0 entries=0 exits=0 blocked=1 open=6 cash=4457.05 equity=9856.61
[SCAN] 2026-08-10T04:24:59+00:00 symbols=20 signals=0 entries=0 exits=0 blocked=0 open=6 cash=4457.05 equity=9849.31
[SCAN] 2026-08-10T04:29:59+00:00 symbols=20 signals=0 entries=0 exits=0 blocked=0 open=6 cash=4457.05 equity=9849.02
[SCAN] 2026-08-10T04:34:59+00:00 symbols=20 signals=0 entries=0 exits=0 blocked=0 open=6 cash=4457.05 equity=9846.49
[SIGNAL] 2026-08-10T04:34:59+00:00 ENATRY BUY fill_at=2026-08-10T04:39:59+00:00 features={"close": 4.141, "bb_lower": 4.143356195327402, "bb_upper": 4.176262852291646, "rsi": 40.87015424589386, "mfi": 46.349679271138655, "atr": 0.007000000000000054}
[ENTRY] 2026-08-10T04:39:59+00:00 ENATRY layer=1 value=445.04 entry=4.14710800 cash=4011.35
[SCAN] 2026-08-10T04:39:59+00:00 symbols=20 signals=1 entries=1 exits=0 blocked=0 open=7 cash=4011.35 equity=9843.46
[SCAN] 2026-08-10T04:44:59+00:00 symbols=20 signals=0 entries=0 exits=0 blocked=0 open=7 cash=4011.35 equity=9841.67
[SCAN] 2026-08-10T04:49:59+00:00 symbols=20 signals=0 entries=0 exits=0 blocked=0 open=7 cash=4011.35 equity=9841.72
[SCAN] 2026-08-10T04:54:59+00:00 symbols=20 signals=0 entries=0 exits=0 blocked=0 open=7 cash=4011.35 equity=9827.29
[SIGNAL] 2026-08-10T04:54:59+00:00 BANKTRY BUY fill_at=2026-08-10T04:59:59+00:00 features={"close": 1.868, "bb_lower": 1.8713523310895894, "bb_upper": 1.9004571927199345, "rsi": 35.78258447194433, "mfi": 25.61256570619571, "atr": 0.007071428571428554}
[BLOCKED] BANKTRY reason=max_layers
[SIGNAL] 2026-08-10T04:54:59+00:00 TSTTRY BUY fill_at=2026-08-10T04:59:59+00:00 features={"close": 0.875, "bb_lower": 0.8764089685278614, "bb_upper": 0.927210079091186, "rsi": 37.11796484747636, "mfi": 33.655790289437675, "atr": 0.013071428571428583}
[ENTRY] 2026-08-10T04:59:59+00:00 TSTTRY layer=1 value=400.53 entry=0.87465550 cash=3610.21
[SCAN] 2026-08-10T04:59:59+00:00 symbols=20 signals=2 entries=1 exits=0 blocked=2 open=8 cash=3610.21 equity=9825.18
[SIGNAL] 2026-08-10T04:59:59+00:00 BANKTRY BUY fill_at=2026-08-10T05:04:59+00:00 features={"close": 1.862, "bb_lower": 1.8676733623030168, "bb_upper": 1.9005171138874597, "rsi": 32.13192255493179, "mfi": 21.56199998842567, "atr": 0.008142857142857118}
[BLOCKED] BANKTRY reason=max_layers
[SIGNAL] 2026-08-10T04:59:59+00:00 TSTTRY BUY fill_at=2026-08-10T05:04:59+00:00 features={"close": 0.872, "bb_lower": 0.8754003615128793, "bb_upper": 0.927837733725216, "rsi": 36.1128912663668, "mfi": 34.607328456067066, "atr": 0.013642857142857154}
[ENTRY] 2026-08-10T05:04:59+00:00 TSTTRY layer=2 value=570.19 entry=0.87665700 cash=5139.38
[SCAN] 2026-08-10T05:04:59+00:00 symbols=20 signals=2 entries=1 exits=3 blocked=2 open=5 cash=5139.38 equity=9840.21
[SCAN] 2026-08-10T05:09:59+00:00 symbols=20 signals=0 entries=0 exits=0 blocked=0 open=5 cash=5139.38 equity=9839.61
[EXIT] 2026-08-10T05:14:59+00:00 TSTTRY reason=fixed_take_profit pnl=+18.80 cash=6130.36
[SCAN] 2026-08-10T05:14:59+00:00 symbols=20 signals=0 entries=0 exits=1 blocked=0 open=4 cash=6130.36 equity=9837.44
[SCAN] 2026-08-10T05:19:59+00:00 symbols=20 signals=0 entries=0 exits=0 blocked=0 open=4 cash=6130.36 equity=9836.21
[SIGNAL] 2026-08-10T05:19:59+00:00 HEITRY BUY fill_at=2026-08-10T05:24:59+00:00 features={"close": 7.4, "bb_lower": 7.432964918353341, "bb_upper": 7.6357017483133225, "rsi": 40.197005616056785, "mfi": 44.648481365048376, "atr": 0.08578571428571426}
[ENTRY] 2026-08-10T05:24:59+00:00 HEITRY layer=1 value=612.12 entry=7.41055375 cash=5517.33
[SCAN] 2026-08-10T05:24:59+00:00 symbols=20 signals=1 entries=1 exits=0 blocked=0 open=5 cash=5517.33 equity=9839.48
[SIGNAL] 2026-08-10T05:24:59+00:00 HEITRY BUY fill_at=2026-08-10T05:29:59+00:00 features={"close": 7.388, "bb_lower": 7.40960165219436, "bb_upper": 7.647255490662784, "rsi": 39.319415092460275, "mfi": 40.02705152066896, "atr": 0.0861428571428571}
[ENTRY] 2026-08-10T05:29:59+00:00 HEITRY layer=2 value=550.91 entry=7.39454175 cash=4965.59
[SCAN] 2026-08-10T05:29:59+00:00 symbols=20 signals=1 entries=1 exits=0 blocked=0 open=5 cash=4965.59 equity=9831.07
[SIGNAL] 2026-08-10T05:29:59+00:00 HEITRY BUY fill_at=2026-08-10T05:34:59+00:00 features={"close": 7.375, "bb_lower": 7.385981609058637, "bb_upper": 7.657256486179458, "rsi": 38.33712012983642, "mfi": 31.67143114302057, "atr": 0.08707142857142854}
[BLOCKED] HEITRY reason=max_layers
[SCAN] 2026-08-10T05:34:59+00:00 symbols=20 signals=1 entries=0 exits=0 blocked=1 open=5 cash=4965.59 equity=9813.60
[SIGNAL] 2026-08-10T05:34:59+00:00 HEITRY BUY fill_at=2026-08-10T05:39:59+00:00 features={"close": 7.274, "bb_lower": 7.338224960588483, "bb_upper": 7.681965515601996, "rsi": 31.67653123481358, "mfi": 29.93371804576087, "atr": 0.08649999999999995}
[BLOCKED] HEITRY reason=max_layers
[SIGNAL] 2026-08-10T05:34:59+00:00 NOMTRY BUY fill_at=2026-08-10T05:39:59+00:00 features={"close": 0.079, "bb_lower": 0.07920971819322546, "bb_upper": 0.08107599609248885, "rsi": 32.19578156996718, "mfi": 37.32684535921179, "atr": 0.00028571428571428595}
[ENTRY] 2026-08-10T05:39:59+00:00 NOMTRY layer=1 value=495.82 entry=0.07905925 cash=4469.04
[SCAN] 2026-08-10T05:39:59+00:00 symbols=20 signals=2 entries=1 exits=0 blocked=2 open=6 cash=4469.04 equity=9817.91
[EXIT] 2026-08-10T05:44:59+00:00 ENATRY reason=bb_mfi_v3_signal_exit pnl=+6.14 cash=4920.88
[SIGNAL] 2026-08-10T05:39:59+00:00 HEITRY BUY fill_at=2026-08-10T05:44:59+00:00 features={"close": 7.293, "bb_lower": 7.304271533744286, "bb_upper": 7.694299894827143, "rsi": 34.01292648479482, "mfi": 28.996352385914378, "atr": 0.07849999999999994}
[BLOCKED] HEITRY reason=max_layers
[SIGNAL] 2026-08-10T05:39:59+00:00 NOMTRY BUY fill_at=2026-08-10T05:44:59+00:00 features={"close": 0.079, "bb_lower": 0.07904329895074408, "bb_upper": 0.08114717723973214, "rsi": 32.195781647135206, "mfi": 37.50768195397883, "atr": 0.00028571428571428595}
[ENTRY] 2026-08-10T05:44:59+00:00 NOMTRY layer=2 value=491.35 entry=0.07905925 cash=4428.79
[SCAN] 2026-08-10T05:44:59+00:00 symbols=20 signals=2 entries=1 exits=1 blocked=2 open=5 cash=4428.79 equity=9798.51
[SIGNAL] 2026-08-10T05:44:59+00:00 HEITRY BUY fill_at=2026-08-10T05:49:59+00:00 features={"close": 7.203, "bb_lower": 7.252175975371012, "bb_upper": 7.715062119867085, "rsi": 28.935352627095654, "mfi": 27.54796945347212, "atr": 0.07785714285714278}
[BLOCKED] HEITRY reason=max_layers
[SCAN] 2026-08-10T05:49:59+00:00 symbols=20 signals=1 entries=0 exits=0 blocked=1 open=5 cash=4428.79 equity=9801.01
[SIGNAL] 2026-08-10T05:49:59+00:00 HEITRY BUY fill_at=2026-08-10T05:54:59+00:00 features={"close": 7.21, "bb_lower": 7.211610165487975, "bb_upper": 7.719913644035835, "rsi": 29.818137296072834, "mfi": 20.08311791274768, "atr": 0.07607142857142847}
[BLOCKED] HEITRY reason=max_layers
[SCAN] 2026-08-10T05:54:59+00:00 symbols=20 signals=1 entries=0 exits=0 blocked=1 open=5 cash=4428.79 equity=9799.55
[SCAN] 2026-08-10T05:59:59+00:00 symbols=20 signals=0 entries=0 exits=0 blocked=0 open=5 cash=4428.79 equity=9799.31
[SCAN] 2026-08-10T06:04:59+00:00 symbols=20 signals=0 entries=0 exits=0 blocked=0 open=5 cash=4428.79 equity=9776.83
[SIGNAL] 2026-08-10T06:04:59+00:00 OPENTRY BUY fill_at=2026-08-10T06:09:59+00:00 features={"close": 9.548, "bb_lower": 9.609083143708313, "bb_upper": 9.823583522958357, "rsi": 21.279876342396946, "mfi": 12.863133582520973, "atr": 0.028642857142857383}
[BLOCKED] OPENTRY reason=max_layers
[SCAN] 2026-08-10T06:09:59+00:00 symbols=20 signals=1 entries=0 exits=0 blocked=1 open=5 cash=4428.79 equity=9783.34
[SIGNAL] 2026-08-10T06:09:59+00:00 OPENTRY BUY fill_at=2026-08-10T06:14:59+00:00 features={"close": 9.523, "bb_lower": 9.574329539709064, "bb_upper": 9.831956174576652, "rsi": 19.57884327282089, "mfi": 11.881693258405292, "atr": 0.030428571428571694}
[BLOCKED] OPENTRY reason=max_layers
[SCAN] 2026-08-10T06:14:59+00:00 symbols=20 signals=1 entries=0 exits=0 blocked=1 open=5 cash=4428.79 equity=9806.21
[SIGNAL] 2026-08-10T06:14:59+00:00 OPENTRY BUY fill_at=2026-08-10T06:19:59+00:00 features={"close": 9.525, "bb_lower": 9.548044968246773, "bb_upper": 9.832050269848464, "rsi": 20.132152293387634, "mfi": 11.967354532767871, "atr": 0.028785714285714574}
[BLOCKED] OPENTRY reason=max_layers
[SCAN] 2026-08-10T06:19:59+00:00 symbols=20 signals=1 entries=0 exits=0 blocked=1 open=5 cash=4428.79 equity=9808.87
[SIGNAL] 2026-08-10T06:19:59+00:00 TSTTRY BUY fill_at=2026-08-10T06:24:59+00:00 features={"close": 0.867, "bb_lower": 0.8680971240905605, "bb_upper": 0.9065695425761066, "rsi": 38.841329135408095, "mfi": 50.689075169197906, "atr": 0.01592857142857144}
[ENTRY] 2026-08-10T06:24:59+00:00 TSTTRY layer=1 value=442.22 entry=0.86765025 cash=3985.91
[SCAN] 2026-08-10T06:24:59+00:00 symbols=20 signals=1 entries=1 exits=0 blocked=0 open=6 cash=3985.91 equity=9789.00
[SIGNAL] 2026-08-10T06:24:59+00:00 TSTTRY BUY fill_at=2026-08-10T06:29:59+00:00 features={"close": 0.854, "bb_lower": 0.8617747213827313, "bb_upper": 0.90917765956965, "rsi": 34.62221050026285, "mfi": 44.71843791006038, "atr": 0.016642857142857157}
[ENTRY] 2026-08-10T06:29:59+00:00 TSTTRY layer=2 value=397.99 entry=0.85464050 cash=3587.32
[SCAN] 2026-08-10T06:29:59+00:00 symbols=20 signals=1 entries=1 exits=0 blocked=0 open=6 cash=3587.32 equity=9769.14
[SIGNAL] 2026-08-10T06:29:59+00:00 TSTTRY BUY fill_at=2026-08-10T06:34:59+00:00 features={"close": 0.847, "bb_lower": 0.854745401591603, "bb_upper": 0.9119212650750639, "rsi": 32.55912526477789, "mfi": 37.795242209055026, "atr": 0.01721428571428573}
[BLOCKED] TSTTRY reason=max_layers
[SCAN] 2026-08-10T06:34:59+00:00 symbols=20 signals=1 entries=0 exits=0 blocked=3 open=6 cash=3587.32 equity=9797.53
[SCAN] 2026-08-10T06:39:59+00:00 symbols=20 signals=0 entries=0 exits=0 blocked=1 open=6 cash=3587.32 equity=9792.49
[SCAN] 2026-08-10T06:44:59+00:00 symbols=20 signals=0 entries=0 exits=0 blocked=0 open=6 cash=3587.32 equity=9793.43
[SCAN] 2026-08-10T06:49:59+00:00 symbols=20 signals=0 entries=0 exits=0 blocked=0 open=6 cash=3587.32 equity=9776.95
[SCAN] 2026-08-10T06:54:59+00:00 symbols=20 signals=0 entries=0 exits=0 blocked=0 open=6 cash=3587.32 equity=9787.50
[SCAN] 2026-08-10T06:59:59+00:00 symbols=20 signals=0 entries=0 exits=0 blocked=0 open=6 cash=3587.32 equity=9784.75
[SCAN] 2026-08-10T07:04:59+00:00 symbols=20 signals=0 entries=0 exits=1 blocked=0 open=5 cash=4583.99 equity=9769.04
[SIGNAL] 2026-08-10T07:04:59+00:00 BANKTRY BUY fill_at=2026-08-10T07:09:59+00:00 features={"close": 1.845, "bb_lower": 1.846468085762732, "bb_upper": 1.8730557237610774, "rsi": 34.64579038477929, "mfi": 40.65469599524265, "atr": 0.007642857142857141}
[BLOCKED] BANKTRY reason=max_layers
[SIGNAL] 2026-08-10T07:04:59+00:00 ZROTRY BUY fill_at=2026-08-10T07:09:59+00:00 features={"close": 41.0, "bb_lower": 41.097634117541595, "bb_upper": 41.47379445388696, "rsi": 35.72226192429177, "mfi": 22.419801402502145, "atr": 0.0714285714285694}
[ENTRY] 2026-08-10T07:09:59+00:00 ZROTRY layer=1 value=457.71 entry=40.93067500 cash=4125.59
[SCAN] 2026-08-10T07:09:59+00:00 symbols=20 signals=2 entries=1 exits=0 blocked=1 open=6 cash=4125.59 equity=9770.86
[SIGNAL] 2026-08-10T07:09:59+00:00 ZROTRY BUY fill_at=2026-08-10T07:14:59+00:00 features={"close": 40.9, "bb_lower": 41.023443493975385, "bb_upper": 41.51941364888173, "rsi": 31.441675086660425, "mfi": 22.40408979890924, "atr": 0.06428571428571266}
[ENTRY] 2026-08-10T07:14:59+00:00 ZROTRY layer=2 value=411.94 entry=40.93067500 cash=3713.03
[SCAN] 2026-08-10T07:14:59+00:00 symbols=20 signals=1 entries=1 exits=0 blocked=1 open=6 cash=3713.03 equity=9771.08
[SIGNAL] 2026-08-10T07:14:59+00:00 ZROTRY BUY fill_at=2026-08-10T07:19:59+00:00 features={"close": 40.9, "bb_lower": 40.96980435834606, "bb_upper": 41.515909927368206, "rsi": 31.44167508076991, "mfi": 23.36803865458687, "atr": 0.04999999999999868}
[BLOCKED] ZROTRY reason=max_layers
[SCAN] 2026-08-10T07:19:59+00:00 symbols=20 signals=1 entries=0 exits=0 blocked=2 open=6 cash=3713.03 equity=9777.32
[SCAN] 2026-08-10T07:24:59+00:00 symbols=20 signals=0 entries=0 exits=0 blocked=2 open=6 cash=3713.03 equity=9783.29
[SCAN] 2026-08-10T07:29:59+00:00 symbols=20 signals=0 entries=0 exits=0 blocked=0 open=6 cash=3713.03 equity=9791.21
[EXIT] 2026-08-10T07:34:59+00:00 TSTTRY reason=fixed_take_profit pnl=+16.27 cash=4570.77
[SCAN] 2026-08-10T07:34:59+00:00 symbols=20 signals=0 entries=0 exits=1 blocked=0 open=5 cash=4570.77 equity=9787.36
[SIGNAL] 2026-08-10T07:34:59+00:00 HEITRY BUY fill_at=2026-08-10T07:39:59+00:00 features={"close": 7.063, "bb_lower": 7.096484709652997, "bb_upper": 7.275610528442239, "rsi": 32.63480465531916, "mfi": 24.731795554204666, "atr": 0.06285714285714285}
[BLOCKED] HEITRY reason=max_layers
[SCAN] 2026-08-10T07:39:59+00:00 symbols=20 signals=1 entries=0 exits=0 blocked=1 open=5 cash=4570.77 equity=9766.53
[SIGNAL] 2026-08-10T07:39:59+00:00 HEITRY BUY fill_at=2026-08-10T07:44:59+00:00 features={"close": 6.933, "bb_lower": 7.033525337242232, "bb_upper": 7.312569900853004, "rsi": 25.34390941838238, "mfi": 18.19062980570378, "atr": 0.06964285714285712}
[BLOCKED] HEITRY reason=max_layers
[SCAN] 2026-08-10T07:44:59+00:00 symbols=20 signals=1 entries=0 exits=0 blocked=1 open=5 cash=4570.77 equity=9768.02
[SIGNAL] 2026-08-10T07:44:59+00:00 HEITRY BUY fill_at=2026-08-10T07:49:59+00:00 features={"close": 6.93, "bb_lower": 6.987222338978539, "bb_upper": 7.332491946735747, "rsi": 25.20314446107659, "mfi": 17.712210430001065, "atr": 0.06807142857142853}
[BLOCKED] HEITRY reason=max_layers
[SCAN] 2026-08-10T07:49:59+00:00 symbols=20 signals=1 entries=0 exits=0 blocked=1 open=5 cash=4570.77 equity=9757.30
[SIGNAL] 2026-08-10T07:49:59+00:00 HEITRY BUY fill_at=2026-08-10T07:54:59+00:00 features={"close": 6.928, "bb_lower": 6.951163383653814, "bb_upper": 7.348836616346183, "rsi": 25.102449481515706, "mfi": 17.004540243967057, "atr": 0.06678571428571425}
[BLOCKED] HEITRY reason=max_layers
[SIGNAL] 2026-08-10T07:49:59+00:00 BANKTRY BUY fill_at=2026-08-10T07:54:59+00:00 features={"close": 1.837, "bb_lower": 1.8392630580218958, "bb_upper": 1.8712131324542949, "rsi": 34.71446074685228, "mfi": 34.55493866558378, "atr": 0.008785714285714286}
[BLOCKED] BANKTRY reason=max_layers
[SCAN] 2026-08-10T07:54:59+00:00 symbols=20 signals=2 entries=0 exits=0 blocked=2 open=5 cash=4570.77 equity=9764.82
[SCAN] 2026-08-10T07:59:59+00:00 symbols=20 signals=0 entries=0 exits=0 blocked=0 open=5 cash=4570.77 equity=9761.58
[SIGNAL] 2026-08-10T07:59:59+00:00 OPENTRY BUY fill_at=2026-08-10T08:04:59+00:00 features={"close": 9.376, "bb_lower": 9.436812885707736, "bb_upper": 9.649949019054171, "rsi": 18.118515867424463, "mfi": 15.097103419619515, "atr": 0.02607142857142846}
[BLOCKED] OPENTRY reason=max_layers
[SIGNAL] 2026-08-10T07:59:59+00:00 LDOTRY BUY fill_at=2026-08-10T08:04:59+00:00 features={"close": 13.97, "bb_lower": 13.97736720584222, "bb_upper": 14.171204222729209, "rsi": 34.29399102004598, "mfi": 7.8946019384823245, "atr": 0.030714285714285694}
[ENTRY] 2026-08-10T08:04:59+00:00 LDOTRY layer=1 value=543.81 entry=13.98047750 cash=4901.67
[SCAN] 2026-08-10T08:04:59+00:00 symbols=20 signals=2 entries=1 exits=1 blocked=1 open=5 cash=4901.67 equity=9762.57
[SIGNAL] 2026-08-10T08:04:59+00:00 OPENTRY BUY fill_at=2026-08-10T08:09:59+00:00 features={"close": 9.257, "bb_lower": 9.368561472676156, "bb_upper": 9.692676622561944, "rsi": 12.68514593508283, "mfi": 9.351741352152047, "atr": 0.041571428571428495}
[BLOCKED] OPENTRY reason=max_layers
[SCAN] 2026-08-10T08:09:59+00:00 symbols=20 signals=1 entries=0 exits=0 blocked=1 open=5 cash=4901.67 equity=9759.06
[SIGNAL] 2026-08-10T08:09:59+00:00 OPENTRY BUY fill_at=2026-08-10T08:14:59+00:00 features={"close": 9.286, "bb_lower": 9.326290957481168, "bb_upper": 9.705137613947405, "rsi": 19.090721076160435, "mfi": 23.768518974336587, "atr": 0.04414285714285704}
[BLOCKED] OPENTRY reason=max_layers
[SCAN] 2026-08-10T08:14:59+00:00 symbols=20 signals=1 entries=0 exits=0 blocked=1 open=5 cash=4901.67 equity=9755.04
[SCAN] 2026-08-10T08:19:59+00:00 symbols=20 signals=0 entries=0 exits=0 blocked=0 open=5 cash=4901.67 equity=9726.55
[SIGNAL] 2026-08-10T08:19:59+00:00 OPENTRY BUY fill_at=2026-08-10T08:24:59+00:00 features={"close": 9.14, "bb_lower": 9.226942706424849, "bb_upper": 9.734866817384676, "rsi": 15.638070400094662, "mfi": 17.429191842691594, "atr": 0.056071428571428585}
[BLOCKED] OPENTRY reason=max_layers
[SCAN] 2026-08-10T08:24:59+00:00 symbols=20 signals=1 entries=0 exits=0 blocked=1 open=5 cash=4901.67 equity=9723.18
[SIGNAL] 2026-08-10T08:24:59+00:00 ADATRY BUY fill_at=2026-08-10T08:29:59+00:00 features={"close": 9.4, "bb_lower": 9.403998219887555, "bb_upper": 9.485525589636254, "rsi": 40.552582894161645, "mfi": 50.43328704668536, "atr": 0.021428571428571224}
[ENTRY] 2026-08-10T08:29:59+00:00 ADATRY layer=1 value=489.43 entry=9.39704250 cash=4411.50
[SIGNAL] 2026-08-10T08:24:59+00:00 OPENTRY BUY fill_at=2026-08-10T08:29:59+00:00 features={"close": 9.095, "bb_lower": 9.16025222698898, "bb_upper": 9.753938249201497, "rsi": 14.29160372905858, "mfi": 16.061914585736986, "atr": 0.05400000000000001}
[BLOCKED] OPENTRY reason=max_layers
[SCAN] 2026-08-10T08:29:59+00:00 symbols=20 signals=2 entries=1 exits=0 blocked=1 open=6 cash=4411.50 equity=9729.54
[SIGNAL] 2026-08-10T08:29:59+00:00 ADATRY BUY fill_at=2026-08-10T08:34:59+00:00 features={"close": 9.38, "bb_lower": 9.392327814268, "bb_upper": 9.490529328589144, "rsi": 36.500953126358894, "mfi": 49.24090094008369, "atr": 0.020714285714285526}
[ENTRY] 2026-08-10T08:34:59+00:00 ADATRY layer=2 value=440.49 entry=9.38703500 cash=3970.35
[SCAN] 2026-08-10T08:34:59+00:00 symbols=20 signals=1 entries=1 exits=0 blocked=0 open=6 cash=3970.35 equity=9733.17
[SIGNAL] 2026-08-10T08:34:59+00:00 ADATRY BUY fill_at=2026-08-10T08:39:59+00:00 features={"close": 9.38, "bb_lower": 9.383531079459848, "bb_upper": 9.49456415863539, "rsi": 36.50095312561671, "mfi": 31.566905879851603, "atr": 0.01928571428571413}
[BLOCKED] ADATRY reason=max_layers
[SCAN] 2026-08-10T08:39:59+00:00 symbols=20 signals=1 entries=0 exits=0 blocked=1 open=6 cash=3970.35 equity=9735.98
[SIGNAL] 2026-08-10T08:39:59+00:00 VANRYTRY BUY fill_at=2026-08-10T08:44:59+00:00 features={"close": 0.1467, "bb_lower": 0.14690300524198313, "bb_upper": 0.14974461380563592, "rsi": 36.54380842634562, "mfi": 43.93678771486577, "atr": 0.0006999999999999983}
[ENTRY] 2026-08-10T08:44:59+00:00 VANRYTRY layer=1 value=396.44 entry=0.14791085 cash=3573.32
[SCAN] 2026-08-10T08:44:59+00:00 symbols=20 signals=1 entries=1 exits=0 blocked=0 open=7 cash=3573.32 equity=9729.19
[SIGNAL] 2026-08-10T08:44:59+00:00 ADATRY BUY fill_at=2026-08-10T08:49:59+00:00 features={"close": 9.36, "bb_lower": 9.363811165865172, "bb_upper": 9.50190311984911, "rsi": 32.3869249841798, "mfi": 28.997986622506218, "atr": 0.019999999999999955}
[BLOCKED] ADATRY reason=max_layers
[SIGNAL] 2026-08-10T08:44:59+00:00 KATTRY BUY fill_at=2026-08-10T08:49:59+00:00 features={"close": 0.2237, "bb_lower": 0.2240768023386972, "bb_upper": 0.22648510242320746, "rsi": 35.4637892050261, "mfi": 52.04078863488584, "atr": 0.0005857142857142847}
[ENTRY] 2026-08-10T08:49:59+00:00 KATTRY layer=1 value=356.80 entry=0.22396785 cash=3215.99
[SIGNAL] 2026-08-10T08:44:59+00:00 ONDOTRY BUY fill_at=2026-08-10T08:49:59+00:00 features={"close": 16.71, "bb_lower": 16.732355894061914, "bb_upper": 16.8771679154619, "rsi": 36.201042585383234, "mfi": 39.04313257602847, "atr": 0.03499999999999938}
[ENTRY] 2026-08-10T08:49:59+00:00 ONDOTRY layer=1 value=321.12 entry=16.72253250 cash=2894.39
[SCAN] 2026-08-10T08:49:59+00:00 symbols=20 signals=3 entries=2 exits=0 blocked=1 open=9 cash=2894.39 equity=9740.51
[SCAN] 2026-08-10T08:54:59+00:00 symbols=20 signals=0 entries=0 exits=0 blocked=0 open=9 cash=2894.39 equity=9736.72
[SCAN] 2026-08-10T08:59:59+00:00 symbols=20 signals=0 entries=0 exits=0 blocked=0 open=9 cash=2894.39 equity=9740.31
[SCAN] 2026-08-10T09:04:59+00:00 symbols=20 signals=0 entries=0 exits=0 blocked=0 open=9 cash=2894.39 equity=9746.54
[SIGNAL] 2026-08-10T09:04:59+00:00 HOMETRY BUY fill_at=2026-08-10T09:09:59+00:00 features={"close": 0.448, "bb_lower": 0.450184526132858, "bb_upper": 0.4654345214861899, "rsi": 35.72248595517888, "mfi": 45.37019087966277, "atr": 0.004071428571428571}
[ENTRY] 2026-08-10T09:09:59+00:00 HOMETRY layer=1 value=289.01 entry=0.44833600 cash=2604.95
[SCAN] 2026-08-10T09:09:59+00:00 symbols=20 signals=1 entries=1 exits=0 blocked=0 open=10 cash=2604.95 equity=9745.03
[SCAN] 2026-08-10T09:14:59+00:00 symbols=20 signals=0 entries=0 exits=0 blocked=0 open=10 cash=2604.95 equity=9740.87
[SCAN] 2026-08-10T09:19:59+00:00 symbols=20 signals=0 entries=0 exits=0 blocked=0 open=10 cash=2604.95 equity=9724.30
[SCAN] 2026-08-10T09:24:59+00:00 symbols=20 signals=0 entries=0 exits=0 blocked=1 open=10 cash=2604.95 equity=9718.02
[SIGNAL] 2026-08-10T09:24:59+00:00 ZROTRY BUY fill_at=2026-08-10T09:29:59+00:00 features={"close": 41.0, "bb_lower": 41.07297410553676, "bb_upper": 41.55559732303466, "rsi": 36.19590810181107, "mfi": 24.926493946109773, "atr": 0.0999999999999999}
[ENTRY] 2026-08-10T09:29:59+00:00 ZROTRY layer=1 value=260.10 entry=41.03075000 cash=2344.45
[SCAN] 2026-08-10T09:29:59+00:00 symbols=20 signals=1 entries=1 exits=0 blocked=1 open=11 cash=2344.45 equity=9719.33
[SIGNAL] 2026-08-10T09:29:59+00:00 BANKTRY BUY fill_at=2026-08-10T09:34:59+00:00 features={"close": 1.83, "bb_lower": 1.830239141842168, "bb_upper": 1.8649037153006893, "rsi": 36.20778429496059, "mfi": 36.18251697131716, "atr": 0.011214285714285732}
[BLOCKED] BANKTRY reason=max_layers
[SIGNAL] 2026-08-10T09:29:59+00:00 ZROTRY BUY fill_at=2026-08-10T09:34:59+00:00 features={"close": 41.0, "bb_lower": 41.0293083961752, "bb_upper": 41.55164398477718, "rsi": 36.195908108964005, "mfi": 21.466393773036074, "atr": 0.08571428571428592}
[ENTRY] 2026-08-10T09:34:59+00:00 ZROTRY layer=2 value=234.09 entry=40.93067500 cash=2110.01
[SCAN] 2026-08-10T09:34:59+00:00 symbols=20 signals=2 entries=1 exits=0 blocked=2 open=11 cash=2110.01 equity=9696.17
[SIGNAL] 2026-08-10T09:34:59+00:00 HEITRY BUY fill_at=2026-08-10T09:39:59+00:00 features={"close": 6.965, "bb_lower": 6.97899397158585, "bb_upper": 7.1351012665093885, "rsi": 33.69774572852346, "mfi": 43.50493618120864, "atr": 0.04799999999999992}
[BLOCKED] HEITRY reason=max_layers
[SIGNAL] 2026-08-10T09:34:59+00:00 ZROTRY BUY fill_at=2026-08-10T09:39:59+00:00 features={"close": 40.8, "bb_lower": 40.93898489355257, "bb_upper": 41.57530082073315, "rsi": 29.67573692565962, "mfi": 28.400797250658684, "atr": 0.09285714285714317}
[BLOCKED] ZROTRY reason=max_layers
[SIGNAL] 2026-08-10T09:34:59+00:00 LDOTRY BUY fill_at=2026-08-10T09:39:59+00:00 features={"close": 13.94, "bb_lower": 13.954249097785688, "bb_upper": 14.053369949833364, "rsi": 33.74901639391399, "mfi": 41.61873252487365, "atr": 0.025000000000000102}
[ENTRY] 2026-08-10T09:39:59+00:00 LDOTRY layer=2 value=210.68 entry=13.94044750 cash=1899.01
[SCAN] 2026-08-10T09:39:59+00:00 symbols=20 signals=3 entries=1 exits=0 blocked=5 open=11 cash=1899.01 equity=9701.17
[SIGNAL] 2026-08-10T09:39:59+00:00 LDOTRY BUY fill_at=2026-08-10T09:44:59+00:00 features={"close": 13.94, "bb_lower": 13.944415915887026, "bb_upper": 14.057488846017739, "rsi": 33.74901641864466, "mfi": 23.87668821908113, "atr": 0.0264285714285715}
[BLOCKED] LDOTRY reason=max_layers
[SCAN] 2026-08-10T09:44:59+00:00 symbols=20 signals=1 entries=0 exits=0 blocked=2 open=11 cash=1899.01 equity=9709.42
[SCAN] 2026-08-10T09:49:59+00:00 symbols=20 signals=0 entries=0 exits=0 blocked=0 open=11 cash=1899.01 equity=9706.07
[SIGNAL] 2026-08-10T09:49:59+00:00 LDOTRY BUY fill_at=2026-08-10T09:54:59+00:00 features={"close": 13.92, "bb_lower": 13.926001561297735, "bb_upper": 14.06542701013084, "rsi": 30.512212004980583, "mfi": 23.504326888361533, "atr": 0.02214285714285705}
[BLOCKED] LDOTRY reason=max_layers
[SCAN] 2026-08-10T09:54:59+00:00 symbols=20 signals=1 entries=0 exits=0 blocked=1 open=11 cash=1899.01 equity=9703.07
[SCAN] 2026-08-10T09:59:59+00:00 symbols=20 signals=0 entries=0 exits=0 blocked=0 open=11 cash=1899.01 equity=9698.12
[SCAN] 2026-08-10T10:04:59+00:00 symbols=20 signals=0 entries=0 exits=1 blocked=0 open=10 cash=2191.65 equity=9755.70
[SCAN] 2026-08-10T10:09:59+00:00 symbols=20 signals=0 entries=0 exits=0 blocked=0 open=10 cash=2191.65 equity=9748.09
[SCAN] 2026-08-10T10:14:59+00:00 symbols=20 signals=0 entries=0 exits=0 blocked=0 open=10 cash=2191.65 equity=9740.00
[SCAN] 2026-08-10T10:19:59+00:00 symbols=20 signals=0 entries=0 exits=0 blocked=0 open=10 cash=2191.65 equity=9743.29
[SCAN] 2026-08-10T10:24:59+00:00 symbols=20 signals=0 entries=0 exits=0 blocked=1 open=10 cash=2191.65 equity=9746.34
[SCAN] 2026-08-10T10:29:59+00:00 symbols=20 signals=0 entries=0 exits=0 blocked=1 open=10 cash=2191.65 equity=9762.57
[SCAN] 2026-08-10T10:34:59+00:00 symbols=20 signals=0 entries=0 exits=0 blocked=0 open=10 cash=2191.65 equity=9749.99
[SCAN] 2026-08-10T10:39:59+00:00 symbols=20 signals=0 entries=0 exits=0 blocked=0 open=10 cash=2191.65 equity=9747.06
[SIGNAL] 2026-08-10T10:39:59+00:00 VICTRY BUY fill_at=2026-08-10T10:44:59+00:00 features={"close": 1.34, "bb_lower": 1.3426475760507912, "bb_upper": 1.376400042996828, "rsi": 40.055900245868045, "mfi": 33.87788522121444, "atr": 0.019285714285714302}
[ENTRY] 2026-08-10T10:44:59+00:00 VICTRY layer=1 value=218.84 entry=1.34100500 cash=1972.48
[SCAN] 2026-08-10T10:44:59+00:00 symbols=20 signals=1 entries=1 exits=0 blocked=0 open=11 cash=1972.48 equity=9749.15
[SCAN] 2026-08-10T10:49:59+00:00 symbols=20 signals=0 entries=0 exits=0 blocked=0 open=11 cash=1972.48 equity=9748.13
[SCAN] 2026-08-10T10:54:59+00:00 symbols=20 signals=0 entries=0 exits=0 blocked=0 open=11 cash=1972.48 equity=9743.84
[SCAN] 2026-08-10T10:59:59+00:00 symbols=20 signals=0 entries=0 exits=0 blocked=0 open=11 cash=1972.48 equity=9743.13
[SCAN] 2026-08-10T11:04:59+00:00 symbols=20 signals=0 entries=0 exits=0 blocked=1 open=11 cash=1972.48 equity=9736.81
[SCAN] 2026-08-10T11:09:59+00:00 symbols=20 signals=0 entries=0 exits=0 blocked=0 open=11 cash=1972.48 equity=9731.22
[SCAN] 2026-08-10T11:14:59+00:00 symbols=20 signals=0 entries=0 exits=0 blocked=0 open=11 cash=1972.48 equity=9726.95
[SCAN] 2026-08-10T11:19:59+00:00 symbols=20 signals=0 entries=0 exits=0 blocked=1 open=11 cash=1972.48 equity=9720.68
[SCAN] 2026-08-10T11:24:59+00:00 symbols=20 signals=0 entries=0 exits=0 blocked=1 open=11 cash=1972.48 equity=9730.81
[SCAN] 2026-08-10T11:29:59+00:00 symbols=20 signals=0 entries=0 exits=0 blocked=1 open=11 cash=1972.48 equity=9748.16
[SCAN] 2026-08-10T11:34:59+00:00 symbols=20 signals=0 entries=0 exits=0 blocked=1 open=11 cash=1972.48 equity=9761.32
[EXIT] 2026-08-10T11:39:59+00:00 RESOLVTRY reason=bb_mfi_v3_signal_exit pnl=-12.17 cash=3005.79
[SCAN] 2026-08-10T11:39:59+00:00 symbols=20 signals=0 entries=0 exits=1 blocked=1 open=10 cash=3005.79 equity=9761.06
[SIGNAL] 2026-08-10T11:39:59+00:00 BANKTRY BUY fill_at=2026-08-10T11:44:59+00:00 features={"close": 1.828, "bb_lower": 1.828708353276287, "bb_upper": 1.858910694342762, "rsi": 33.27231518239924, "mfi": 48.62826450047806, "atr": 0.007714285714285721}
[BLOCKED] BANKTRY reason=max_layers
[SCAN] 2026-08-10T11:44:59+00:00 symbols=20 signals=1 entries=0 exits=0 blocked=1 open=10 cash=3005.79 equity=9760.68
[SCAN] 2026-08-10T11:49:59+00:00 symbols=20 signals=0 entries=0 exits=0 blocked=1 open=10 cash=3005.79 equity=9763.56
[SCAN] 2026-08-10T11:54:59+00:00 symbols=20 signals=0 entries=0 exits=0 blocked=0 open=10 cash=3005.79 equity=9765.14
[SCAN] 2026-08-10T11:59:59+00:00 symbols=20 signals=0 entries=0 exits=0 blocked=1 open=10 cash=3005.79 equity=9772.32
[EXIT] 2026-08-10T12:04:59+00:00 ONDOTRY reason=bb_mfi_v3_signal_exit pnl=+1.43 cash=4086.51
[SCAN] 2026-08-10T12:04:59+00:00 symbols=20 signals=0 entries=0 exits=2 blocked=0 open=8 cash=4086.51 equity=9765.02
[SCAN] 2026-08-10T12:09:59+00:00 symbols=20 signals=0 entries=0 exits=0 blocked=0 open=8 cash=4086.51 equity=9764.99
[SCAN] 2026-08-10T12:14:59+00:00 symbols=20 signals=0 entries=0 exits=0 blocked=0 open=8 cash=4086.51 equity=9768.57
[SCAN] 2026-08-10T12:19:59+00:00 symbols=20 signals=0 entries=0 exits=0 blocked=0 open=8 cash=4086.51 equity=9751.87
[SCAN] 2026-08-10T12:24:59+00:00 symbols=20 signals=0 entries=0 exits=0 blocked=0 open=8 cash=4086.51 equity=9754.44
[SCAN] 2026-08-10T12:29:59+00:00 symbols=20 signals=0 entries=0 exits=0 blocked=0 open=8 cash=4086.51 equity=9751.90
[SCAN] 2026-08-10T12:34:59+00:00 symbols=20 signals=0 entries=0 exits=0 blocked=0 open=8 cash=4086.51 equity=9750.35
[SIGNAL] 2026-08-10T12:34:59+00:00 EIGENTRY BUY fill_at=2026-08-10T12:39:59+00:00 features={"close": 8.796, "bb_lower": 8.806959450850485, "bb_upper": 8.915040549149513, "rsi": 39.47286244858044, "mfi": 25.315139123068917, "atr": 0.025785714285714585}
[ENTRY] 2026-08-10T12:39:59+00:00 EIGENTRY layer=1 value=408.04 entry=8.80259700 cash=3677.86
[SCAN] 2026-08-10T12:39:59+00:00 symbols=20 signals=1 entries=1 exits=0 blocked=0 open=9 cash=3677.86 equity=9746.02
[SIGNAL] 2026-08-10T12:39:59+00:00 EIGENTRY BUY fill_at=2026-08-10T12:44:59+00:00 features={"close": 8.795, "bb_lower": 8.796906418727625, "bb_upper": 8.918712628891422, "rsi": 39.31194134143271, "mfi": 24.90633214645733, "atr": 0.025857142857143117}
[ENTRY] 2026-08-10T12:44:59+00:00 EIGENTRY layer=2 value=367.24 entry=8.80259700 cash=3310.08
[SCAN] 2026-08-10T12:44:59+00:00 symbols=20 signals=1 entries=1 exits=0 blocked=0 open=9 cash=3310.08 equity=9752.00
[SCAN] 2026-08-10T12:49:59+00:00 symbols=20 signals=0 entries=0 exits=0 blocked=0 open=9 cash=3310.08 equity=9744.97
[SCAN] 2026-08-10T12:54:59+00:00 symbols=20 signals=0 entries=0 exits=0 blocked=0 open=9 cash=3310.08 equity=9741.82
[SIGNAL] 2026-08-10T12:54:59+00:00 EIGENTRY BUY fill_at=2026-08-10T12:59:59+00:00 features={"close": 8.762, "bb_lower": 8.771878833797281, "bb_upper": 8.925740213821765, "rsi": 34.94990373117798, "mfi": 31.753527831220353, "atr": 0.02842857142857166}
[BLOCKED] EIGENTRY reason=max_layers
[SCAN] 2026-08-10T12:59:59+00:00 symbols=20 signals=1 entries=0 exits=0 blocked=1 open=9 cash=3310.08 equity=9742.06
[SIGNAL] 2026-08-10T12:59:59+00:00 ENATRY BUY fill_at=2026-08-10T13:04:59+00:00 features={"close": 4.288, "bb_lower": 4.303024134083525, "bb_upper": 4.34669015163076, "rsi": 33.816015740766346, "mfi": 54.07443487122485, "atr": 0.011428571428571375}
[ENTRY] 2026-08-10T13:04:59+00:00 ENATRY layer=1 value=370.16 entry=4.29121600 cash=3336.48
[SCAN] 2026-08-10T13:04:59+00:00 symbols=20 signals=1 entries=1 exits=1 blocked=1 open=9 cash=3336.48 equity=9731.60
[SIGNAL] 2026-08-10T13:04:59+00:00 ENATRY BUY fill_at=2026-08-10T13:09:59+00:00 features={"close": 4.282, "bb_lower": 4.29484150091635, "bb_upper": 4.3515394514646015, "rsi": 31.812950539039477, "mfi": 44.8189430019219, "atr": 0.011142857142857057}
[ENTRY] 2026-08-10T13:09:59+00:00 ENATRY layer=2 value=333.15 entry=4.28721300 cash=3002.83
[SIGNAL] 2026-08-10T13:04:59+00:00 TSTTRY BUY fill_at=2026-08-10T13:09:59+00:00 features={"close": 1.057, "bb_lower": 1.072288566202123, "bb_upper": 1.1748542909407338, "rsi": 37.31701424282538, "mfi": 48.821276441114996, "atr": 0.03778571428571425}
[ENTRY] 2026-08-10T13:09:59+00:00 TSTTRY layer=1 value=299.83 entry=1.05779275 cash=2702.55
[SIGNAL] 2026-08-10T13:04:59+00:00 OPENTRY BUY fill_at=2026-08-10T13:09:59+00:00 features={"close": 9.145, "bb_lower": 9.151626961142899, "bb_upper": 9.214658753142817, "rsi": 38.7009530659877, "mfi": 28.248825327805903, "atr": 0.01642857142857133}
[BLOCKED] OPENTRY reason=max_layers
[SCAN] 2026-08-10T13:09:59+00:00 symbols=20 signals=3 entries=2 exits=0 blocked=2 open=10 cash=2702.55 equity=9714.88
[SIGNAL] 2026-08-10T13:09:59+00:00 HEITRY BUY fill_at=2026-08-10T13:14:59+00:00 features={"close": 7.06, "bb_lower": 7.083504279340292, "bb_upper": 7.3083052444692305, "rsi": 35.00060876460388, "mfi": 29.740623005686075, "atr": 0.05400000000000008}
[BLOCKED] HEITRY reason=max_layers
[SIGNAL] 2026-08-10T13:09:59+00:00 TSTTRY BUY fill_at=2026-08-10T13:14:59+00:00 features={"close": 1.016, "bb_lower": 1.0519432317657627, "bb_upper": 1.1877710539485227, "rsi": 32.026132150250376, "mfi": 45.59337164440888, "atr": 0.03971428571428569}
[ENTRY] 2026-08-10T13:14:59+00:00 TSTTRY layer=2 value=269.85 entry=1.01576125 cash=2432.29
[EXIT] 2026-08-10T13:14:59+00:00 VICTRY reason=fixed_take_profit pnl=+4.24 cash=2655.70
[SCAN] 2026-08-10T13:14:59+00:00 symbols=20 signals=2 entries=1 exits=1 blocked=2 open=9 cash=2655.70 equity=9722.27
[SIGNAL] 2026-08-10T13:14:59+00:00 TSTTRY BUY fill_at=2026-08-10T13:19:59+00:00 features={"close": 1.019, "bb_lower": 1.0351731043143066, "bb_upper": 1.195874514733312, "rsi": 32.78158774731925, "mfi": 40.67169520079997, "atr": 0.038428571428571416}
[BLOCKED] TSTTRY reason=max_layers
[SCAN] 2026-08-10T13:19:59+00:00 symbols=20 signals=1 entries=0 exits=0 blocked=1 open=9 cash=2655.70 equity=9717.00
[SIGNAL] 2026-08-10T13:19:59+00:00 TSTTRY BUY fill_at=2026-08-10T13:24:59+00:00 features={"close": 1.004, "bb_lower": 1.0167292726980828, "bb_upper": 1.203270727301917, "rsi": 30.920181721945028, "mfi": 36.52445218657627, "atr": 0.037857142857142846}
[BLOCKED] TSTTRY reason=max_layers
[SCAN] 2026-08-10T13:24:59+00:00 symbols=20 signals=1 entries=0 exits=0 blocked=2 open=9 cash=2655.70 equity=9706.83
[SIGNAL] 2026-08-10T13:24:59+00:00 TSTTRY BUY fill_at=2026-08-10T13:29:59+00:00 features={"close": 0.998, "bb_lower": 0.9995366007275885, "bb_upper": 1.2081776849866968, "rsi": 30.177643941441985, "mfi": 32.37756463766145, "atr": 0.03628571428571426}
[BLOCKED] TSTTRY reason=max_layers
[SIGNAL] 2026-08-10T13:24:59+00:00 OPENTRY BUY fill_at=2026-08-10T13:29:59+00:00 features={"close": 9.143, "bb_lower": 9.14653781615474, "bb_upper": 9.2075574219405, "rsi": 40.16183028302145, "mfi": 28.23247120528312, "atr": 0.013999999999999981}
[BLOCKED] OPENTRY reason=max_layers
[SCAN] 2026-08-10T13:29:59+00:00 symbols=20 signals=2 entries=0 exits=0 blocked=2 open=9 cash=2655.70 equity=9721.24
[SIGNAL] 2026-08-10T13:29:59+00:00 ENATRY BUY fill_at=2026-08-10T13:34:59+00:00 features={"close": 4.272, "bb_lower": 4.276164081264879, "bb_upper": 4.354883537782738, "rsi": 34.0397514730799, "mfi": 31.18258269784026, "atr": 0.01342857142857141}
[BLOCKED] ENATRY reason=max_layers
[SCAN] 2026-08-10T13:34:59+00:00 symbols=20 signals=1 entries=0 exits=0 blocked=2 open=9 cash=2655.70 equity=9703.34
[SIGNAL] 2026-08-10T13:34:59+00:00 ENATRY BUY fill_at=2026-08-10T13:39:59+00:00 features={"close": 4.268, "bb_lower": 4.26918608283378, "bb_upper": 4.355385345737648, "rsi": 32.86660024285611, "mfi": 37.66106954977126, "atr": 0.014071428571428513}
[BLOCKED] ENATRY reason=max_layers
[SCAN] 2026-08-10T13:39:59+00:00 symbols=20 signals=1 entries=0 exits=0 blocked=3 open=9 cash=2655.70 equity=9713.24
[EXIT] 2026-08-10T13:44:59+00:00 ZROTRY reason=bb_mfi_v3_signal_exit pnl=-0.45 cash=3150.19
[SCAN] 2026-08-10T13:44:59+00:00 symbols=20 signals=0 entries=0 exits=1 blocked=0 open=8 cash=3150.19 equity=9717.76
[SCAN] 2026-08-10T13:49:59+00:00 symbols=20 signals=0 entries=0 exits=0 blocked=1 open=8 cash=3150.19 equity=9730.47
[SCAN] 2026-08-10T13:54:59+00:00 symbols=20 signals=0 entries=0 exits=0 blocked=1 open=8 cash=3150.19 equity=9739.87
[SCAN] 2026-08-10T13:59:59+00:00 symbols=20 signals=0 entries=0 exits=0 blocked=0 open=8 cash=3150.19 equity=9739.70
[SCAN] 2026-08-10T14:04:59+00:00 symbols=20 signals=0 entries=0 exits=0 blocked=0 open=8 cash=3150.19 equity=9756.22
[SCAN] 2026-08-10T14:09:59+00:00 symbols=20 signals=0 entries=0 exits=0 blocked=0 open=8 cash=3150.19 equity=9759.46
[SCAN] 2026-08-10T14:14:59+00:00 symbols=20 signals=0 entries=0 exits=0 blocked=0 open=8 cash=3150.19 equity=9768.17
[SCAN] 2026-08-10T14:19:59+00:00 symbols=20 signals=0 entries=0 exits=0 blocked=0 open=8 cash=3150.19 equity=9754.57
[SCAN] 2026-08-10T14:24:59+00:00 symbols=20 signals=0 entries=0 exits=0 blocked=0 open=8 cash=3150.19 equity=9745.82
[SCAN] 2026-08-10T14:29:59+00:00 symbols=20 signals=0 entries=0 exits=0 blocked=1 open=8 cash=3150.19 equity=9757.09
[EXIT] 2026-08-10T14:34:59+00:00 HEITRY reason=bb_mfi_v3_signal_exit pnl=+0.66 cash=4315.62
[SCAN] 2026-08-10T14:34:59+00:00 symbols=20 signals=0 entries=0 exits=1 blocked=0 open=7 cash=4315.62 equity=9746.94
[SIGNAL] 2026-08-10T14:34:59+00:00 EIGENTRY BUY fill_at=2026-08-10T14:39:59+00:00 features={"close": 8.73, "bb_lower": 8.739984010270973, "bb_upper": 8.809063608776647, "rsi": 37.004585940744235, "mfi": 26.8477830396795, "atr": 0.02849999999999981}
[BLOCKED] EIGENTRY reason=max_layers
[SCAN] 2026-08-10T14:39:59+00:00 symbols=20 signals=1 entries=0 exits=0 blocked=2 open=7 cash=4315.62 equity=9750.79
[SIGNAL] 2026-08-10T14:39:59+00:00 EIGENTRY BUY fill_at=2026-08-10T14:44:59+00:00 features={"close": 8.709, "bb_lower": 8.727779771920211, "bb_upper": 8.81622022807979, "rsi": 33.69472467030917, "mfi": 20.40669761175036, "atr": 0.02921428571428551}
[BLOCKED] EIGENTRY reason=max_layers
[SCAN] 2026-08-10T14:44:59+00:00 symbols=20 signals=1 entries=0 exits=0 blocked=2 open=7 cash=4315.62 equity=9752.36
[SCAN] 2026-08-10T14:49:59+00:00 symbols=20 signals=0 entries=0 exits=0 blocked=0 open=7 cash=4315.62 equity=9755.90
[SCAN] 2026-08-10T14:54:59+00:00 symbols=20 signals=0 entries=0 exits=0 blocked=0 open=7 cash=4315.62 equity=9754.67
[SCAN] 2026-08-10T14:59:59+00:00 symbols=20 signals=0 entries=0 exits=0 blocked=1 open=7 cash=4315.62 equity=9736.26
[SIGNAL] 2026-08-10T14:59:59+00:00 ENATRY BUY fill_at=2026-08-10T15:04:59+00:00 features={"close": 4.214, "bb_lower": 4.2224660825957105, "bb_upper": 4.2976291554995285, "rsi": 24.288324416194925, "mfi": 20.076295286510685, "atr": 0.016928571428571498}
[BLOCKED] ENATRY reason=max_layers
[SIGNAL] 2026-08-10T14:59:59+00:00 EIGENTRY BUY fill_at=2026-08-10T15:04:59+00:00 features={"close": 8.694, "bb_lower": 8.699829893041795, "bb_upper": 8.822265345053445, "rsi": 35.314632784892495, "mfi": 28.59565398868635, "atr": 0.02771428571428571}
[BLOCKED] EIGENTRY reason=max_layers
[SIGNAL] 2026-08-10T14:59:59+00:00 OPENTRY BUY fill_at=2026-08-10T15:04:59+00:00 features={"close": 9.049, "bb_lower": 9.068023176576716, "bb_upper": 9.217595871042334, "rsi": 29.530643750220477, "mfi": 7.358731952143046, "atr": 0.026142857142857117}
[BLOCKED] OPENTRY reason=max_layers
[SIGNAL] 2026-08-10T14:59:59+00:00 ONDOTRY BUY fill_at=2026-08-10T15:04:59+00:00 features={"close": 16.52, "bb_lower": 16.533602076301378, "bb_upper": 16.7425883998891, "rsi": 30.463161209088284, "mfi": 36.53573931829692, "atr": 0.03642857142857154}
[ENTRY] 2026-08-10T15:04:59+00:00 ONDOTRY layer=1 value=430.92 entry=16.51237500 cash=3884.06
[SCAN] 2026-08-10T15:04:59+00:00 symbols=20 signals=4 entries=1 exits=0 blocked=5 open=8 cash=3884.06 equity=9738.52
[SIGNAL] 2026-08-10T15:04:59+00:00 EIGENTRY BUY fill_at=2026-08-10T15:09:59+00:00 features={"close": 8.681, "bb_lower": 8.686923373196061, "bb_upper": 8.826409960137271, "rsi": 33.45911494994739, "mfi": 23.076517559522543, "atr": 0.02735714285714292}
[BLOCKED] EIGENTRY reason=max_layers
[SCAN] 2026-08-10T15:09:59+00:00 symbols=20 signals=1 entries=0 exits=0 blocked=3 open=8 cash=3884.06 equity=9737.64
[SIGNAL] 2026-08-10T15:09:59+00:00 ENATRY BUY fill_at=2026-08-10T15:14:59+00:00 features={"close": 4.213, "bb_lower": 4.214010988321029, "bb_upper": 4.291798535488496, "rsi": 27.144112605245937, "mfi": 17.811836538739485, "atr": 0.013071428571428623}
[BLOCKED] ENATRY reason=max_layers
[SIGNAL] 2026-08-10T15:09:59+00:00 EIGENTRY BUY fill_at=2026-08-10T15:14:59+00:00 features={"close": 8.665, "bb_lower": 8.672113476057378, "bb_upper": 8.830743666799764, "rsi": 31.268546274831635, "mfi": 20.59020501574261, "atr": 0.027785714285714365}
[BLOCKED] EIGENTRY reason=max_layers
[SCAN] 2026-08-10T15:14:59+00:00 symbols=20 signals=2 entries=0 exits=0 blocked=3 open=8 cash=3884.06 equity=9728.24
[SIGNAL] 2026-08-10T15:14:59+00:00 FIDATRY BUY fill_at=2026-08-10T15:19:59+00:00 features={"close": 0.857, "bb_lower": 0.8577769044971076, "bb_upper": 0.8644135716933684, "rsi": 35.290345647647214, "mfi": 48.05752006276191, "atr": 0.0020000000000000018}
[ENTRY] 2026-08-10T15:19:59+00:00 FIDATRY layer=1 value=387.82 entry=0.85764275 cash=3495.65
[SIGNAL] 2026-08-10T15:14:59+00:00 ADATRY BUY fill_at=2026-08-10T15:19:59+00:00 features={"close": 9.3, "bb_lower": 9.312214037532495, "bb_upper": 9.383024057705605, "rsi": 36.54398686435189, "mfi": 10.10372964404199, "atr": 0.018571428571428683}
[BLOCKED] ADATRY reason=max_layers
[SIGNAL] 2026-08-10T15:14:59+00:00 ENATRY BUY fill_at=2026-08-10T15:19:59+00:00 features={"close": 4.189, "bb_lower": 4.202491025006048, "bb_upper": 4.295413736898715, "rsi": 21.684486022157458, "mfi": 24.670647260580523, "atr": 0.014357142857142893}
[BLOCKED] ENATRY reason=max_layers
[SIGNAL] 2026-08-10T15:14:59+00:00 EIGENTRY BUY fill_at=2026-08-10T15:19:59+00:00 features={"close": 8.612, "bb_lower": 8.64565022565253, "bb_upper": 8.84082596482366, "rsi": 25.319852808740777, "mfi": 10.84750579984754, "atr": 0.031285714285714326}
[BLOCKED] EIGENTRY reason=max_layers
[SIGNAL] 2026-08-10T15:14:59+00:00 ONDOTRY BUY fill_at=2026-08-10T15:19:59+00:00 features={"close": 16.43, "bb_lower": 16.47093951152702, "bb_upper": 16.7528700122825, "rsi": 25.01012595819691, "mfi": 27.354112404030488, "atr": 0.037142857142857366}
[ENTRY] 2026-08-10T15:19:59+00:00 ONDOTRY layer=2 value=349.04 entry=16.44232250 cash=3146.09
[SCAN] 2026-08-10T15:19:59+00:00 symbols=20 signals=5 entries=2 exits=0 blocked=8 open=9 cash=3146.09 equity=9746.68
[SIGNAL] 2026-08-10T15:19:59+00:00 ADATRY BUY fill_at=2026-08-10T15:24:59+00:00 features={"close": 9.3, "bb_lower": 9.305964357939159, "bb_upper": 9.386416594441796, "rsi": 36.54398684301606, "mfi": 7.5434352713933635, "atr": 0.01928571428571438}
[BLOCKED] ADATRY reason=max_layers
[SCAN] 2026-08-10T15:24:59+00:00 symbols=20 signals=1 entries=0 exits=0 blocked=3 open=9 cash=3146.09 equity=9733.25
[SIGNAL] 2026-08-10T15:24:59+00:00 ADATRY BUY fill_at=2026-08-10T15:29:59+00:00 features={"close": 9.28, "bb_lower": 9.295023815333847, "bb_upper": 9.392595232285204, "rsi": 32.27706934206677, "mfi": 2.3240450993011024, "atr": 0.01928571428571438}
[BLOCKED] ADATRY reason=max_layers
[SIGNAL] 2026-08-10T15:24:59+00:00 ONDOTRY BUY fill_at=2026-08-10T15:29:59+00:00 features={"close": 16.42, "bb_lower": 16.423759544209425, "bb_upper": 16.768621408171533, "rsi": 28.642180171051265, "mfi": 15.643323735057066, "atr": 0.04071428571428574}
[BLOCKED] ONDOTRY reason=max_layers
[SCAN] 2026-08-10T15:29:59+00:00 symbols=20 signals=2 entries=0 exits=0 blocked=3 open=9 cash=3146.09 equity=9734.42
[SIGNAL] 2026-08-10T15:29:59+00:00 ADATRY BUY fill_at=2026-08-10T15:34:59+00:00 features={"close": 9.27, "bb_lower": 9.282100250843541, "bb_upper": 9.397899749156458, "rsi": 30.357114908653358, "mfi": 2.183179574376865, "atr": 0.020714285714285654}
[BLOCKED] ADATRY reason=max_layers
[SCAN] 2026-08-10T15:34:59+00:00 symbols=20 signals=1 entries=0 exits=0 blocked=3 open=9 cash=3146.09 equity=9725.07
[SIGNAL] 2026-08-10T15:34:59+00:00 ADATRY BUY fill_at=2026-08-10T15:39:59+00:00 features={"close": 9.26, "bb_lower": 9.269008792043625, "bb_upper": 9.403372160337327, "rsi": 28.51931574414212, "mfi": 6.565444370064, "atr": 0.019999999999999955}
[BLOCKED] ADATRY reason=max_layers
[SCAN] 2026-08-10T15:39:59+00:00 symbols=20 signals=1 entries=0 exits=0 blocked=2 open=9 cash=3146.09 equity=9735.39
[SIGNAL] 2026-08-10T15:39:59+00:00 ADATRY BUY fill_at=2026-08-10T15:44:59+00:00 features={"close": 9.25, "bb_lower": 9.255405388083721, "bb_upper": 9.408404135725801, "rsi": 26.764017371157223, "mfi": 6.324955031625606, "atr": 0.019999999999999955}
[BLOCKED] ADATRY reason=max_layers
[SCAN] 2026-08-10T15:44:59+00:00 symbols=20 signals=1 entries=0 exits=0 blocked=2 open=9 cash=3146.09 equity=9743.32
[SCAN] 2026-08-10T15:49:59+00:00 symbols=20 signals=0 entries=0 exits=0 blocked=1 open=9 cash=3146.09 equity=9745.79
[SCAN] 2026-08-10T15:54:59+00:00 symbols=20 signals=0 entries=0 exits=0 blocked=1 open=9 cash=3146.09 equity=9735.07
[SCAN] 2026-08-10T15:59:59+00:00 symbols=20 signals=0 entries=0 exits=0 blocked=0 open=9 cash=3146.09 equity=9750.78
[SIGNAL] 2026-08-10T15:59:59+00:00 NOMTRY BUY fill_at=2026-08-10T16:04:59+00:00 features={"close": 0.079, "bb_lower": 0.0790240628452885, "bb_upper": 0.08126165144042578, "rsi": 40.88481909894099, "mfi": 22.412726208002894, "atr": 0.0006428571428571435}
[ENTRY] 2026-08-10T16:04:59+00:00 NOMTRY layer=1 value=352.97 entry=0.08006000 cash=3181.50
[EXIT] 2026-08-10T16:04:59+00:00 TSTTRY reason=fixed_take_profit pnl=+11.03 cash=3763.08
[SCAN] 2026-08-10T16:04:59+00:00 symbols=20 signals=1 entries=1 exits=2 blocked=0 open=8 cash=3763.08 equity=9777.38
[SCAN] 2026-08-10T16:09:59+00:00 symbols=20 signals=0 entries=0 exits=0 blocked=0 open=8 cash=3763.08 equity=9773.35
[SCAN] 2026-08-10T16:14:59+00:00 symbols=20 signals=0 entries=0 exits=0 blocked=0 open=8 cash=3763.08 equity=9769.95
[SIGNAL] 2026-08-10T16:14:59+00:00 HEITRY BUY fill_at=2026-08-10T16:19:59+00:00 features={"close": 7.296, "bb_lower": 7.314514101131883, "bb_upper": 7.650628756010973, "rsi": 41.01177541932116, "mfi": 47.8344639144766, "atr": 0.12142857142857132}
[ENTRY] 2026-08-10T16:19:59+00:00 HEITRY layer=1 value=375.74 entry=7.30047125 cash=3386.77
[SCAN] 2026-08-10T16:19:59+00:00 symbols=20 signals=1 entries=1 exits=0 blocked=0 open=9 cash=3386.77 equity=9771.47
[SCAN] 2026-08-10T16:24:59+00:00 symbols=20 signals=0 entries=0 exits=0 blocked=1 open=9 cash=3386.77 equity=9776.01
[SCAN] 2026-08-10T16:29:59+00:00 symbols=20 signals=0 entries=0 exits=0 blocked=0 open=9 cash=3386.77 equity=9764.97
[SCAN] 2026-08-10T16:34:59+00:00 symbols=20 signals=0 entries=0 exits=0 blocked=0 open=9 cash=3386.77 equity=9761.82
[SCAN] 2026-08-10T16:39:59+00:00 symbols=20 signals=0 entries=0 exits=0 blocked=0 open=9 cash=3386.77 equity=9769.63
[SCAN] 2026-08-10T16:44:59+00:00 symbols=20 signals=0 entries=0 exits=0 blocked=0 open=9 cash=3386.77 equity=9765.26
[SCAN] 2026-08-10T16:49:59+00:00 symbols=20 signals=0 entries=0 exits=0 blocked=0 open=9 cash=3386.77 equity=9748.82
[SIGNAL] 2026-08-10T16:49:59+00:00 ENATRY BUY fill_at=2026-08-10T16:54:59+00:00 features={"close": 4.178, "bb_lower": 4.178256585713028, "bb_upper": 4.2199338904774475, "rsi": 35.54127449179293, "mfi": 31.91421661878202, "atr": 0.012500000000000051}
[BLOCKED] ENATRY reason=max_layers
[SIGNAL] 2026-08-10T16:49:59+00:00 EIGENTRY BUY fill_at=2026-08-10T16:54:59+00:00 features={"close": 8.595, "bb_lower": 8.596963420845306, "bb_upper": 8.705608007726124, "rsi": 36.16026513381073, "mfi": 38.911193818201106, "atr": 0.029714285714285867}
[BLOCKED] EIGENTRY reason=max_layers
[SCAN] 2026-08-10T16:54:59+00:00 symbols=20 signals=2 entries=0 exits=0 blocked=2 open=9 cash=3386.77 equity=9751.42
[SIGNAL] 2026-08-10T16:54:59+00:00 ENATRY BUY fill_at=2026-08-10T16:59:59+00:00 features={"close": 4.175, "bb_lower": 4.175039106350439, "bb_upper": 4.2195323222209895, "rsi": 34.53372406707422, "mfi": 31.764775393408854, "atr": 0.012357142857142924}
[BLOCKED] ENATRY reason=max_layers
[SCAN] 2026-08-10T16:59:59+00:00 symbols=20 signals=1 entries=0 exits=0 blocked=1 open=9 cash=3386.77 equity=9751.57
[SIGNAL] 2026-08-10T16:59:59+00:00 KATTRY BUY fill_at=2026-08-10T17:04:59+00:00 features={"close": 0.2181, "bb_lower": 0.2181234319587306, "bb_upper": 0.21950513946984088, "rsi": 34.98967376273643, "mfi": 40.09776473248752, "atr": 0.0004857142857142877}
[ENTRY] 2026-08-10T17:04:59+00:00 KATTRY layer=2 value=375.81 entry=0.21846372 cash=3387.33
[SCAN] 2026-08-10T17:04:59+00:00 symbols=20 signals=1 entries=1 exits=1 blocked=0 open=8 cash=3387.33 equity=9752.44
[SCAN] 2026-08-10T17:09:59+00:00 symbols=20 signals=0 entries=0 exits=0 blocked=0 open=8 cash=3387.33 equity=9766.55
[SCAN] 2026-08-10T17:14:59+00:00 symbols=20 signals=0 entries=0 exits=0 blocked=0 open=8 cash=3387.33 equity=9781.56
[SIGNAL] 2026-08-10T17:14:59+00:00 HOMETRY BUY fill_at=2026-08-10T17:19:59+00:00 features={"close": 0.522, "bb_lower": 0.5228869749469489, "bb_upper": 0.5839701679101938, "rsi": 42.47140006950958, "mfi": 34.448416207693, "atr": 0.02271428571428567}
[ENTRY] 2026-08-10T17:19:59+00:00 HOMETRY layer=1 value=338.23 entry=0.52139075 cash=3048.60
[SCAN] 2026-08-10T17:19:59+00:00 symbols=20 signals=1 entries=1 exits=0 blocked=0 open=9 cash=3048.60 equity=9764.31
[SCAN] 2026-08-10T17:24:59+00:00 symbols=20 signals=0 entries=0 exits=0 blocked=0 open=9 cash=3048.60 equity=9768.94
[SCAN] 2026-08-10T17:29:59+00:00 symbols=20 signals=0 entries=0 exits=0 blocked=0 open=9 cash=3048.60 equity=9769.90
[SCAN] 2026-08-10T17:34:59+00:00 symbols=20 signals=0 entries=0 exits=0 blocked=0 open=9 cash=3048.60 equity=9765.48
[SIGNAL] 2026-08-10T17:34:59+00:00 HOMETRY BUY fill_at=2026-08-10T17:39:59+00:00 features={"close": 0.498, "bb_lower": 0.5023173958841558, "bb_upper": 0.5922540326872727, "rsi": 33.176462757072684, "mfi": 33.334185530491595, "atr": 0.019285714285714264}
[ENTRY] 2026-08-10T17:39:59+00:00 HOMETRY layer=2 value=304.40 entry=0.49837350 cash=2743.74
[SCAN] 2026-08-10T17:39:59+00:00 symbols=20 signals=1 entries=1 exits=0 blocked=0 open=9 cash=2743.74 equity=9773.63
[SCAN] 2026-08-10T17:44:59+00:00 symbols=20 signals=0 entries=0 exits=0 blocked=0 open=9 cash=2743.74 equity=9769.70
[SCAN] 2026-08-10T17:49:59+00:00 symbols=20 signals=0 entries=0 exits=0 blocked=1 open=9 cash=2743.74 equity=9759.79
[SCAN] 2026-08-10T17:54:59+00:00 symbols=20 signals=0 entries=0 exits=0 blocked=0 open=9 cash=2743.74 equity=9773.23
[SCAN] 2026-08-10T17:59:59+00:00 symbols=20 signals=0 entries=0 exits=0 blocked=0 open=9 cash=2743.74 equity=9762.83
[SCAN] 2026-08-10T18:04:59+00:00 symbols=20 signals=0 entries=0 exits=0 blocked=0 open=9 cash=2743.74 equity=9756.12
[SCAN] 2026-08-10T18:09:59+00:00 symbols=20 signals=0 entries=0 exits=0 blocked=0 open=9 cash=2743.74 equity=9762.23
[SCAN] 2026-08-10T18:14:59+00:00 symbols=20 signals=0 entries=0 exits=0 blocked=0 open=9 cash=2743.74 equity=9757.88
[SCAN] 2026-08-10T18:19:59+00:00 symbols=20 signals=0 entries=0 exits=0 blocked=0 open=9 cash=2743.74 equity=9752.95
[SCAN] 2026-08-10T18:24:59+00:00 symbols=20 signals=0 entries=0 exits=0 blocked=1 open=9 cash=2743.74 equity=9767.83
[SCAN] 2026-08-10T18:29:59+00:00 symbols=20 signals=0 entries=0 exits=0 blocked=1 open=9 cash=2743.74 equity=9768.68
[EXIT] 2026-08-10T18:34:59+00:00 OPENTRY reason=bb_mfi_v3_signal_exit pnl=-31.44 cash=3707.29
[SCAN] 2026-08-10T18:34:59+00:00 symbols=20 signals=0 entries=0 exits=1 blocked=1 open=8 cash=3707.29 equity=9752.60
[SIGNAL] 2026-08-10T18:34:59+00:00 ENATRY BUY fill_at=2026-08-10T18:39:59+00:00 features={"close": 4.157, "bb_lower": 4.160368645010375, "bb_upper": 4.219155164513434, "rsi": 31.96240720573654, "mfi": 7.741328153797326, "atr": 0.009928571428571318}
[BLOCKED] ENATRY reason=max_layers
[SIGNAL] 2026-08-10T18:34:59+00:00 EIGENTRY BUY fill_at=2026-08-10T18:39:59+00:00 features={"close": 8.552, "bb_lower": 8.568217082645686, "bb_upper": 8.71759244116384, "rsi": 27.54282686364465, "mfi": 23.602188388344345, "atr": 0.019999999999999702}
[BLOCKED] EIGENTRY reason=max_layers
[SCAN] 2026-08-10T18:39:59+00:00 symbols=20 signals=2 entries=0 exits=0 blocked=4 open=8 cash=3707.29 equity=9738.87
[SIGNAL] 2026-08-10T18:39:59+00:00 ENATRY BUY fill_at=2026-08-10T18:44:59+00:00 features={"close": 4.153, "bb_lower": 4.155919728342715, "bb_upper": 4.221508843085857, "rsi": 30.651139211009067, "mfi": 4.898261463788202, "atr": 0.009928571428571318}
[BLOCKED] ENATRY reason=max_layers
[SIGNAL] 2026-08-10T18:39:59+00:00 EIGENTRY BUY fill_at=2026-08-10T18:44:59+00:00 features={"close": 8.534, "bb_lower": 8.554025554517711, "bb_upper": 8.725879207387049, "rsi": 25.18908222436835, "mfi": 23.454110125444075, "atr": 0.02185714285714267}
[BLOCKED] EIGENTRY reason=max_layers
[SCAN] 2026-08-10T18:44:59+00:00 symbols=20 signals=2 entries=0 exits=0 blocked=3 open=8 cash=3707.29 equity=9751.55
[SCAN] 2026-08-10T18:49:59+00:00 symbols=20 signals=0 entries=0 exits=0 blocked=0 open=8 cash=3707.29 equity=9743.07
[SCAN] 2026-08-10T18:54:59+00:00 symbols=20 signals=0 entries=0 exits=0 blocked=0 open=8 cash=3707.29 equity=9740.50
[SCAN] 2026-08-10T18:59:59+00:00 symbols=20 signals=0 entries=0 exits=0 blocked=0 open=8 cash=3707.29 equity=9743.90
[SCAN] 2026-08-10T19:04:59+00:00 symbols=20 signals=0 entries=0 exits=0 blocked=0 open=8 cash=3707.29 equity=9757.21
[EXIT] 2026-08-10T19:09:59+00:00 BANKTRY reason=bb_mfi_v3_signal_exit pnl=-30.95 cash=4942.05
[SCAN] 2026-08-10T19:09:59+00:00 symbols=20 signals=0 entries=0 exits=1 blocked=0 open=7 cash=4942.05 equity=9758.74
[SCAN] 2026-08-10T19:14:59+00:00 symbols=20 signals=0 entries=0 exits=0 blocked=0 open=7 cash=4942.05 equity=9758.53
[SCAN] 2026-08-10T19:19:59+00:00 symbols=20 signals=0 entries=0 exits=0 blocked=0 open=7 cash=4942.05 equity=9758.03
[SCAN] 2026-08-10T19:24:59+00:00 symbols=20 signals=0 entries=0 exits=0 blocked=0 open=7 cash=4942.05 equity=9760.66
[SCAN] 2026-08-10T19:29:59+00:00 symbols=20 signals=0 entries=0 exits=0 blocked=0 open=7 cash=4942.05 equity=9757.44
[SCAN] 2026-08-10T19:34:59+00:00 symbols=20 signals=0 entries=0 exits=0 blocked=0 open=7 cash=4942.05 equity=9753.69
[SIGNAL] 2026-08-10T19:34:59+00:00 HOMETRY BUY fill_at=2026-08-10T19:39:59+00:00 features={"close": 0.472, "bb_lower": 0.47619055129957094, "bb_upper": 0.5063808772718577, "rsi": 28.909309769925983, "mfi": 36.7889070427775, "atr": 0.007000000000000006}
[BLOCKED] HOMETRY reason=max_layers
[SCAN] 2026-08-10T19:39:59+00:00 symbols=20 signals=1 entries=0 exits=0 blocked=2 open=7 cash=4942.05 equity=9758.55
[SCAN] 2026-08-10T19:44:59+00:00 symbols=20 signals=0 entries=0 exits=0 blocked=1 open=7 cash=4942.05 equity=9754.70
[SIGNAL] 2026-08-10T19:44:59+00:00 HOMETRY BUY fill_at=2026-08-10T19:49:59+00:00 features={"close": 0.473, "bb_lower": 0.47313526650519244, "bb_upper": 0.5039123525424266, "rsi": 32.5183353236131, "mfi": 40.41884386686192, "atr": 0.006285714285714291}
[BLOCKED] HOMETRY reason=max_layers
[SCAN] 2026-08-10T19:49:59+00:00 symbols=20 signals=1 entries=0 exits=0 blocked=1 open=7 cash=4942.05 equity=9749.39
[SCAN] 2026-08-10T19:54:59+00:00 symbols=20 signals=0 entries=0 exits=0 blocked=0 open=7 cash=4942.05 equity=9744.58
[SCAN] 2026-08-10T19:59:59+00:00 symbols=20 signals=0 entries=0 exits=0 blocked=0 open=7 cash=4942.05 equity=9747.96
[SCAN] 2026-08-10T20:04:59+00:00 symbols=20 signals=0 entries=0 exits=0 blocked=0 open=7 cash=4942.05 equity=9748.91
[SCAN] 2026-08-10T20:09:59+00:00 symbols=20 signals=0 entries=0 exits=0 blocked=0 open=7 cash=4942.05 equity=9750.52
[SCAN] 2026-08-10T20:14:59+00:00 symbols=20 signals=0 entries=0 exits=0 blocked=0 open=7 cash=4942.05 equity=9751.66
[SCAN] 2026-08-10T20:19:59+00:00 symbols=20 signals=0 entries=0 exits=0 blocked=0 open=7 cash=4942.05 equity=9751.14
[SCAN] 2026-08-10T20:24:59+00:00 symbols=20 signals=0 entries=0 exits=0 blocked=0 open=7 cash=4942.05 equity=9747.93
[SCAN] 2026-08-10T20:29:59+00:00 symbols=20 signals=0 entries=0 exits=0 blocked=0 open=7 cash=4942.05 equity=9745.82
[SCAN] 2026-08-10T20:34:59+00:00 symbols=20 signals=0 entries=0 exits=0 blocked=0 open=7 cash=4942.05 equity=9745.62
[SCAN] 2026-08-10T20:39:59+00:00 symbols=20 signals=0 entries=0 exits=0 blocked=0 open=7 cash=4942.05 equity=9739.38
[SIGNAL] 2026-08-10T20:39:59+00:00 OPENTRY BUY fill_at=2026-08-10T20:44:59+00:00 features={"close": 9.105, "bb_lower": 9.106784291366449, "bb_upper": 9.227501422919264, "rsi": 34.07776051557549, "mfi": 25.493229173808203, "atr": 0.018928571428571343}
[ENTRY] 2026-08-10T20:44:59+00:00 OPENTRY layer=1 value=493.46 entry=9.11182875 cash=4447.84
[EXIT] 2026-08-10T20:44:59+00:00 HOMETRY reason=fixed_stop_loss pnl=-59.36 cash=5032.08
[SCAN] 2026-08-10T20:44:59+00:00 symbols=20 signals=1 entries=1 exits=1 blocked=0 open=7 cash=5032.08 equity=9736.89
[SCAN] 2026-08-10T20:49:59+00:00 symbols=20 signals=0 entries=0 exits=0 blocked=0 open=7 cash=5032.08 equity=9732.35
[SIGNAL] 2026-08-10T20:49:59+00:00 HOMETRY BUY fill_at=2026-08-10T20:54:59+00:00 features={"close": 0.456, "bb_lower": 0.4565742602018015, "bb_upper": 0.49180669217915074, "rsi": 25.2008349735994, "mfi": 32.093656168177034, "atr": 0.005071428571428564}
[ENTRY] 2026-08-10T20:54:59+00:00 HOMETRY layer=1 value=502.45 entry=0.45734275 cash=4528.87
[SCAN] 2026-08-10T20:54:59+00:00 symbols=20 signals=1 entries=1 exits=0 blocked=0 open=8 cash=4528.87 equity=9729.94
[SCAN] 2026-08-10T20:59:59+00:00 symbols=20 signals=0 entries=0 exits=0 blocked=0 open=8 cash=4528.87 equity=9725.39
[SCAN] 2026-08-10T21:04:59+00:00 symbols=20 signals=0 entries=0 exits=0 blocked=1 open=8 cash=4528.87 equity=9728.68
[SCAN] 2026-08-10T21:09:59+00:00 symbols=20 signals=0 entries=0 exits=0 blocked=0 open=8 cash=4528.87 equity=9723.66
[SIGNAL] 2026-08-10T21:09:59+00:00 LDOTRY BUY fill_at=2026-08-10T21:14:59+00:00 features={"close": 14.06, "bb_lower": 14.073739025392015, "bb_upper": 14.176737165084173, "rsi": 43.19063307240867, "mfi": 48.612039902375464, "atr": 0.03500000000000027}
[ENTRY] 2026-08-10T21:14:59+00:00 LDOTRY layer=1 value=452.21 entry=14.05053000 cash=4075.98
[SCAN] 2026-08-10T21:14:59+00:00 symbols=20 signals=1 entries=1 exits=0 blocked=0 open=9 cash=4075.98 equity=9712.93
[SIGNAL] 2026-08-10T21:14:59+00:00 LDOTRY BUY fill_at=2026-08-10T21:19:59+00:00 features={"close": 14.03, "bb_lower": 14.055239858930717, "bb_upper": 14.183807760116897, "rsi": 39.42817774579028, "mfi": 45.833899349327694, "atr": 0.03428571428571457}
[ENTRY] 2026-08-10T21:19:59+00:00 LDOTRY layer=2 value=406.99 entry=14.01050000 cash=3668.38
[SCAN] 2026-08-10T21:19:59+00:00 symbols=20 signals=1 entries=1 exits=0 blocked=4 open=9 cash=3668.38 equity=9707.76
[SIGNAL] 2026-08-10T21:19:59+00:00 LDOTRY BUY fill_at=2026-08-10T21:24:59+00:00 features={"close": 13.99, "bb_lower": 14.028452465383358, "bb_upper": 14.196309439378544, "rsi": 35.02144536496077, "mfi": 45.34700013874611, "atr": 0.03571428571428597}
[BLOCKED] LDOTRY reason=max_layers
[SCAN] 2026-08-10T21:24:59+00:00 symbols=20 signals=1 entries=0 exits=0 blocked=4 open=9 cash=3668.38 equity=9701.35
[SIGNAL] 2026-08-10T21:24:59+00:00 VANRYTRY BUY fill_at=2026-08-10T21:29:59+00:00 features={"close": 0.1446, "bb_lower": 0.14462826423554537, "bb_upper": 0.14817173576445464, "rsi": 39.29095438743586, "mfi": 39.50849022999254, "atr": 0.0011142857142857165}
[ENTRY] 2026-08-10T21:29:59+00:00 VANRYTRY layer=1 value=366.29 entry=0.14460837 cash=3301.54
[SIGNAL] 2026-08-10T21:24:59+00:00 LDOTRY BUY fill_at=2026-08-10T21:29:59+00:00 features={"close": 14.0, "bb_lower": 14.01269736151107, "bb_upper": 14.204445495631784, "rsi": 36.93055605431389, "mfi": 40.18756074039406, "atr": 0.03428571428571444}
[BLOCKED] LDOTRY reason=max_layers
[SCAN] 2026-08-10T21:29:59+00:00 symbols=20 signals=2 entries=1 exits=0 blocked=6 open=10 cash=3301.54 equity=9699.06
[SIGNAL] 2026-08-10T21:29:59+00:00 VANRYTRY BUY fill_at=2026-08-10T21:34:59+00:00 features={"close": 0.1443, "bb_lower": 0.1443135657541168, "bb_upper": 0.14821976757921657, "rsi": 38.08494449561911, "mfi": 42.02839008788521, "atr": 0.0011285714285714313}
[ENTRY] 2026-08-10T21:34:59+00:00 VANRYTRY layer=2 value=329.66 entry=0.14440823 cash=2971.39
[SCAN] 2026-08-10T21:34:59+00:00 symbols=20 signals=1 entries=1 exits=0 blocked=3 open=10 cash=2971.39 equity=9701.02
[SCAN] 2026-08-10T21:39:59+00:00 symbols=20 signals=0 entries=0 exits=0 blocked=2 open=10 cash=2971.39 equity=9693.52
[SIGNAL] 2026-08-10T21:39:59+00:00 VANRYTRY BUY fill_at=2026-08-10T21:44:59+00:00 features={"close": 0.1437, "bb_lower": 0.14378758699045346, "bb_upper": 0.14806003205716556, "rsi": 35.5254619138467, "mfi": 48.6263813840952, "atr": 0.0011142857142857146}
[BLOCKED] VANRYTRY reason=max_layers
[SCAN] 2026-08-10T21:44:59+00:00 symbols=20 signals=1 entries=0 exits=0 blocked=1 open=10 cash=2971.39 equity=9689.94
[SIGNAL] 2026-08-10T21:44:59+00:00 VANRYTRY BUY fill_at=2026-08-10T21:49:59+00:00 features={"close": 0.1428, "bb_lower": 0.143302382134582, "bb_upper": 0.14809761786541795, "rsi": 32.02778898884473, "mfi": 43.90535930103346, "atr": 0.0011785714285714257}
[BLOCKED] VANRYTRY reason=max_layers
[SCAN] 2026-08-10T21:49:59+00:00 symbols=20 signals=1 entries=0 exits=0 blocked=1 open=10 cash=2971.39 equity=9673.04
[SIGNAL] 2026-08-10T21:49:59+00:00 ADATRY BUY fill_at=2026-08-10T21:54:59+00:00 features={"close": 9.15, "bb_lower": 9.160746671897778, "bb_upper": 9.27449142334032, "rsi": 31.96129498632891, "mfi": 13.410313882581391, "atr": 0.018571428571429065}
[BLOCKED] ADATRY reason=max_layers
[SIGNAL] 2026-08-10T21:49:59+00:00 VANRYTRY BUY fill_at=2026-08-10T21:54:59+00:00 features={"close": 0.14, "bb_lower": 0.14204086048581976, "bb_upper": 0.1486639014189421, "rsi": 24.04793600469982, "mfi": 41.07340825717094, "atr": 0.001328571428571425}
[BLOCKED] VANRYTRY reason=max_layers
[SCAN] 2026-08-10T21:54:59+00:00 symbols=20 signals=2 entries=0 exits=0 blocked=2 open=10 cash=2971.39 equity=9677.11
[SIGNAL] 2026-08-10T21:54:59+00:00 VANRYTRY BUY fill_at=2026-08-10T21:59:59+00:00 features={"close": 0.1408, "bb_lower": 0.141290428332439, "bb_upper": 0.14887147642946574, "rsi": 29.485918992962098, "mfi": 38.262743232177435, "atr": 0.0013214285714285667}
[BLOCKED] VANRYTRY reason=max_layers
[SCAN] 2026-08-10T21:59:59+00:00 symbols=20 signals=1 entries=0 exits=0 blocked=1 open=10 cash=2971.39 equity=9678.27
[SCAN] 2026-08-10T22:04:59+00:00 symbols=20 signals=0 entries=0 exits=1 blocked=0 open=9 cash=3832.23 equity=9671.29
[SCAN] 2026-08-10T22:09:59+00:00 symbols=20 signals=0 entries=0 exits=0 blocked=0 open=9 cash=3832.23 equity=9674.89
[SIGNAL] 2026-08-10T22:09:59+00:00 VANRYTRY BUY fill_at=2026-08-10T22:14:59+00:00 features={"close": 0.1392, "bb_lower": 0.13935330300706478, "bb_upper": 0.1488943160405542, "rsi": 26.160931128099293, "mfi": 37.06945200912542, "atr": 0.0014071428571428549}
[BLOCKED] VANRYTRY reason=max_layers
[SCAN] 2026-08-10T22:14:59+00:00 symbols=20 signals=1 entries=0 exits=0 blocked=1 open=9 cash=3832.23 equity=9677.78
[SCAN] 2026-08-10T22:19:59+00:00 symbols=20 signals=0 entries=0 exits=0 blocked=0 open=9 cash=3832.23 equity=9676.22
[SCAN] 2026-08-10T22:24:59+00:00 symbols=20 signals=0 entries=0 exits=0 blocked=0 open=9 cash=3832.23 equity=9665.62
[SIGNAL] 2026-08-10T22:24:59+00:00 HOMETRY BUY fill_at=2026-08-10T22:29:59+00:00 features={"close": 0.442, "bb_lower": 0.4426689282063743, "bb_upper": 0.4597120241745782, "rsi": 31.58006499690474, "mfi": 34.924415829768705, "atr": 0.004428571428571433}
[ENTRY] 2026-08-10T22:29:59+00:00 HOMETRY layer=2 value=382.65 entry=0.44233150 cash=3449.00
[SCAN] 2026-08-10T22:29:59+00:00 symbols=20 signals=1 entries=1 exits=0 blocked=1 open=9 cash=3449.00 equity=9669.16
[SCAN] 2026-08-10T22:34:59+00:00 symbols=20 signals=0 entries=0 exits=0 blocked=1 open=9 cash=3449.00 equity=9662.16
[SCAN] 2026-08-10T22:39:59+00:00 symbols=20 signals=0 entries=0 exits=0 blocked=1 open=9 cash=3449.00 equity=9653.37
[SIGNAL] 2026-08-10T22:39:59+00:00 HOMETRY BUY fill_at=2026-08-10T22:44:59+00:00 features={"close": 0.439, "bb_lower": 0.4394047917413047, "bb_upper": 0.458404732068219, "rsi": 28.765120745066938, "mfi": 31.007909097176878, "atr": 0.004142857142857147}
[BLOCKED] HOMETRY reason=max_layers
[SCAN] 2026-08-10T22:44:59+00:00 symbols=20 signals=1 entries=0 exits=0 blocked=1 open=9 cash=3449.00 equity=9656.06
[SCAN] 2026-08-10T22:49:59+00:00 symbols=20 signals=0 entries=0 exits=0 blocked=0 open=9 cash=3449.00 equity=9658.36
[SCAN] 2026-08-10T22:54:59+00:00 symbols=20 signals=0 entries=0 exits=0 blocked=0 open=9 cash=3449.00 equity=9665.83
[SCAN] 2026-08-10T22:59:59+00:00 symbols=20 signals=0 entries=0 exits=0 blocked=0 open=9 cash=3449.00 equity=9656.58
[SIGNAL] 2026-08-10T22:59:59+00:00 ONDOTRY BUY fill_at=2026-08-10T23:04:59+00:00 features={"close": 16.16, "bb_lower": 16.169329704068964, "bb_upper": 16.45924172450247, "rsi": 21.489265203056007, "mfi": 10.443676047914636, "atr": 0.034285714285714315}
[BLOCKED] ONDOTRY reason=max_layers
[SCAN] 2026-08-10T23:04:59+00:00 symbols=20 signals=1 entries=0 exits=0 blocked=1 open=9 cash=3449.00 equity=9641.18
[SIGNAL] 2026-08-10T23:04:59+00:00 HOMETRY BUY fill_at=2026-08-10T23:09:59+00:00 features={"close": 0.434, "bb_lower": 0.4343249019165232, "bb_upper": 0.4555798599882387, "rsi": 26.25220559864296, "mfi": 42.04085224726714, "atr": 0.0038571428571428606}
[BLOCKED] HOMETRY reason=max_layers
[SIGNAL] 2026-08-10T23:04:59+00:00 ONDOTRY BUY fill_at=2026-08-10T23:09:59+00:00 features={"close": 16.11, "bb_lower": 16.136154696975968, "bb_upper": 16.465750064928802, "rsi": 18.126015239170144, "mfi": 9.337883196931529, "atr": 0.03571428571428571}
[BLOCKED] ONDOTRY reason=max_layers
[SCAN] 2026-08-10T23:09:59+00:00 symbols=20 signals=2 entries=0 exits=0 blocked=2 open=9 cash=3449.00 equity=9656.40
[SIGNAL] 2026-08-10T23:09:59+00:00 BANKTRY BUY fill_at=2026-08-10T23:14:59+00:00 features={"close": 1.847, "bb_lower": 1.847781804743422, "bb_upper": 1.8673610523994353, "rsi": 39.7102675646189, "mfi": 56.9631043533965, "atr": 0.0062857142857142756}
[ENTRY] 2026-08-10T23:14:59+00:00 BANKTRY layer=1 value=344.38 entry=1.84938600 cash=3104.10
[SCAN] 2026-08-10T23:14:59+00:00 symbols=20 signals=1 entries=1 exits=0 blocked=0 open=10 cash=3104.10 equity=9660.54
[SIGNAL] 2026-08-10T23:14:59+00:00 BANKTRY BUY fill_at=2026-08-10T23:19:59+00:00 features={"close": 1.845, "bb_lower": 1.8459698957350954, "bb_upper": 1.8682205804553809, "rsi": 38.053816724136794, "mfi": 53.314647181719764, "atr": 0.005785714285714267}
[ENTRY] 2026-08-10T23:19:59+00:00 BANKTRY layer=2 value=309.95 entry=1.84738450 cash=2793.69
[SCAN] 2026-08-10T23:19:59+00:00 symbols=20 signals=1 entries=1 exits=0 blocked=0 open=10 cash=2793.69 equity=9657.18
[SCAN] 2026-08-10T23:24:59+00:00 symbols=20 signals=0 entries=0 exits=0 blocked=1 open=10 cash=2793.69 equity=9660.22
[SIGNAL] 2026-08-10T23:24:59+00:00 BANKTRY BUY fill_at=2026-08-10T23:29:59+00:00 features={"close": 1.842, "bb_lower": 1.8422171829232576, "bb_upper": 1.8690209123148378, "rsi": 35.97777630012523, "mfi": 37.861416640445555, "atr": 0.00592857142857141}
[BLOCKED] BANKTRY reason=max_layers
[SIGNAL] 2026-08-10T23:24:59+00:00 TSTTRY BUY fill_at=2026-08-10T23:29:59+00:00 features={"close": 1.042, "bb_lower": 1.0461413690778931, "bb_upper": 1.1192872023506784, "rsi": 34.37635043838313, "mfi": 52.42557019168785, "atr": 0.019642857142857167}
[ENTRY] 2026-08-10T23:29:59+00:00 TSTTRY layer=1 value=278.95 entry=1.04078000 cash=2514.32
[SCAN] 2026-08-10T23:29:59+00:00 symbols=20 signals=2 entries=1 exits=0 blocked=1 open=11 cash=2514.32 equity=9647.02
[SIGNAL] 2026-08-10T23:29:59+00:00 TSTTRY BUY fill_at=2026-08-10T23:34:59+00:00 features={"close": 1.031, "bb_lower": 1.0379096516407338, "bb_upper": 1.1232332055021232, "rsi": 31.70449840501341, "mfi": 48.33872163355891, "atr": 0.018857142857142874}
[ENTRY] 2026-08-10T23:34:59+00:00 TSTTRY layer=2 value=251.06 entry=1.03377475 cash=2262.89
[SCAN] 2026-08-10T23:34:59+00:00 symbols=20 signals=1 entries=1 exits=0 blocked=2 open=11 cash=2262.89 equity=9642.27
[SCAN] 2026-08-10T23:39:59+00:00 symbols=20 signals=0 entries=0 exits=0 blocked=2 open=11 cash=2262.89 equity=9649.87
[SCAN] 2026-08-10T23:44:59+00:00 symbols=20 signals=0 entries=0 exits=0 blocked=3 open=11 cash=2262.89 equity=9647.18
[SCAN] 2026-08-10T23:49:59+00:00 symbols=20 signals=0 entries=0 exits=0 blocked=1 open=11 cash=2262.89 equity=9644.90
[SCAN] 2026-08-10T23:54:59+00:00 symbols=20 signals=0 entries=0 exits=0 blocked=1 open=11 cash=2262.89 equity=9636.22
[SCAN] 2026-08-10T23:59:59+00:00 symbols=20 signals=0 entries=0 exits=0 blocked=1 open=11 cash=2262.89 equity=9640.64
[SCAN] 2026-08-11T00:04:59+00:00 symbols=20 signals=0 entries=0 exits=0 blocked=1 open=11 cash=2262.89 equity=9654.52
[SCAN] 2026-08-11T00:09:59+00:00 symbols=20 signals=0 entries=0 exits=0 blocked=1 open=11 cash=2262.89 equity=9649.90
[SIGNAL] 2026-08-11T00:09:59+00:00 ONDOTRY BUY fill_at=2026-08-11T00:14:59+00:00 features={"close": 16.07, "bb_lower": 16.10247956022222, "bb_upper": 16.30704424930159, "rsi": 27.75898649010628, "mfi": 47.81885108305293, "atr": 0.03857142857142826}
[BLOCKED] ONDOTRY reason=max_layers
[SCAN] 2026-08-11T00:14:59+00:00 symbols=20 signals=1 entries=0 exits=0 blocked=2 open=11 cash=2262.89 equity=9673.08
[SIGNAL] 2026-08-11T00:14:59+00:00 ONDOTRY BUY fill_at=2026-08-11T00:19:59+00:00 features={"close": 16.08, "bb_lower": 16.083310422708504, "bb_upper": 16.31097529157721, "rsi": 29.685941651484526, "mfi": 41.81531318555255, "atr": 0.03785714285714269}
[BLOCKED] ONDOTRY reason=max_layers
[SCAN] 2026-08-11T00:19:59+00:00 symbols=20 signals=1 entries=0 exits=0 blocked=2 open=11 cash=2262.89 equity=9677.35
[SCAN] 2026-08-11T00:24:59+00:00 symbols=20 signals=0 entries=0 exits=0 blocked=0 open=11 cash=2262.89 equity=9683.33
[SCAN] 2026-08-11T00:29:59+00:00 symbols=20 signals=0 entries=0 exits=0 blocked=0 open=11 cash=2262.89 equity=9689.16
[SCAN] 2026-08-11T00:34:59+00:00 symbols=20 signals=0 entries=0 exits=0 blocked=0 open=11 cash=2262.89 equity=9685.74
[SIGNAL] 2026-08-11T00:34:59+00:00 HEITRY BUY fill_at=2026-08-11T00:39:59+00:00 features={"close": 7.095, "bb_lower": 7.116247872468699, "bb_upper": 7.37251403229321, "rsi": 23.215539164721264, "mfi": 19.417214812342436, "atr": 0.03499999999999976}
[ENTRY] 2026-08-11T00:39:59+00:00 HEITRY layer=1 value=225.95 entry=7.09231525 cash=2036.60
[SCAN] 2026-08-11T00:39:59+00:00 symbols=20 signals=1 entries=1 exits=0 blocked=0 open=12 cash=2036.60 equity=9665.97
[SIGNAL] 2026-08-11T00:39:59+00:00 HEITRY BUY fill_at=2026-08-11T00:44:59+00:00 features={"close": 7.074, "bb_lower": 7.0920448977536195, "bb_upper": 7.371193197484479, "rsi": 21.666382141731575, "mfi": 20.497594873190124, "atr": 0.03907142857142836}
[ENTRY] 2026-08-11T00:44:59+00:00 HEITRY layer=2 value=203.36 entry=7.08531000 cash=1832.94
[SCAN] 2026-08-11T00:44:59+00:00 symbols=20 signals=1 entries=1 exits=0 blocked=0 open=12 cash=1832.94 equity=9678.13
[SCAN] 2026-08-11T00:49:59+00:00 symbols=20 signals=0 entries=0 exits=0 blocked=0 open=12 cash=1832.94 equity=9677.35
[SCAN] 2026-08-11T00:54:59+00:00 symbols=20 signals=0 entries=0 exits=0 blocked=0 open=12 cash=1832.94 equity=9672.31
[EXIT] 2026-08-11T00:59:59+00:00 ENATRY reason=bb_mfi_v3_signal_exit pnl=-13.49 cash=2523.82
[SCAN] 2026-08-11T00:59:59+00:00 symbols=20 signals=0 entries=0 exits=1 blocked=0 open=11 cash=2523.82 equity=9675.61
[SIGNAL] 2026-08-11T00:59:59+00:00 VANRYTRY BUY fill_at=2026-08-11T01:04:59+00:00 features={"close": 0.1398, "bb_lower": 0.14007686084495843, "bb_upper": 0.14264694867885105, "rsi": 40.35816801258237, "mfi": 46.47211498789672, "atr": 0.0007500000000000007}
[BLOCKED] VANRYTRY reason=max_layers
[SCAN] 2026-08-11T01:04:59+00:00 symbols=20 signals=1 entries=0 exits=0 blocked=1 open=11 cash=2523.82 equity=9657.25
[SIGNAL] 2026-08-11T01:04:59+00:00 VANRYTRY BUY fill_at=2026-08-11T01:09:59+00:00 features={"close": 0.1388, "bb_lower": 0.13955289219482353, "bb_upper": 0.1429232982813669, "rsi": 35.507677966167535, "mfi": 41.995012762816806, "atr": 0.0008214285714285721}
[BLOCKED] VANRYTRY reason=max_layers
[SCAN] 2026-08-11T01:09:59+00:00 symbols=20 signals=1 entries=0 exits=0 blocked=1 open=11 cash=2523.82 equity=9669.89
[SIGNAL] 2026-08-11T01:09:59+00:00 VANRYTRY BUY fill_at=2026-08-11T01:14:59+00:00 features={"close": 0.1384, "bb_lower": 0.13902702356342875, "bb_upper": 0.14311583357942834, "rsi": 33.74995870224069, "mfi": 41.49920032205267, "atr": 0.0008500000000000016}
[BLOCKED] VANRYTRY reason=max_layers
[EXIT] 2026-08-11T01:14:59+00:00 HEITRY reason=fixed_take_profit pnl=+8.32 cash=2962.09
[SCAN] 2026-08-11T01:14:59+00:00 symbols=20 signals=1 entries=0 exits=1 blocked=2 open=10 cash=2962.09 equity=9676.12
[SIGNAL] 2026-08-11T01:14:59+00:00 VANRYTRY BUY fill_at=2026-08-11T01:19:59+00:00 features={"close": 0.1381, "bb_lower": 0.1385241209364603, "bb_upper": 0.14325683144449206, "rsi": 32.44499514316453, "mfi": 40.96138503359705, "atr": 0.0008714285714285726}
[BLOCKED] VANRYTRY reason=max_layers
[SCAN] 2026-08-11T01:19:59+00:00 symbols=20 signals=1 entries=0 exits=0 blocked=1 open=10 cash=2962.09 equity=9667.69
[SIGNAL] 2026-08-11T01:19:59+00:00 TSTTRY BUY fill_at=2026-08-11T01:24:59+00:00 features={"close": 0.99, "bb_lower": 0.9942365222755296, "bb_upper": 1.0576682396292314, "rsi": 37.4009848961321, "mfi": 40.93735555620525, "atr": 0.02349999999999999}
[BLOCKED] TSTTRY reason=max_layers
[SCAN] 2026-08-11T01:24:59+00:00 symbols=20 signals=1 entries=0 exits=0 blocked=1 open=10 cash=2962.09 equity=9672.94
[SCAN] 2026-08-11T01:29:59+00:00 symbols=20 signals=0 entries=0 exits=0 blocked=0 open=10 cash=2962.09 equity=9675.47
[EXIT] 2026-08-11T01:34:59+00:00 NOMTRY reason=bb_mfi_v3_signal_exit pnl=-1.59 cash=3314.00
[SCAN] 2026-08-11T01:34:59+00:00 symbols=20 signals=0 entries=0 exits=1 blocked=0 open=9 cash=3314.00 equity=9675.29
[EXIT] 2026-08-11T01:39:59+00:00 OPENTRY reason=bb_mfi_v3_signal_exit pnl=-4.11 cash=3804.10
[SCAN] 2026-08-11T01:39:59+00:00 symbols=20 signals=0 entries=0 exits=1 blocked=0 open=8 cash=3804.10 equity=9656.02
[SCAN] 2026-08-11T01:44:59+00:00 symbols=20 signals=0 entries=0 exits=0 blocked=0 open=8 cash=3804.10 equity=9646.07
[SCAN] 2026-08-11T01:49:59+00:00 symbols=20 signals=0 entries=0 exits=0 blocked=0 open=8 cash=3804.10 equity=9637.70
[SIGNAL] 2026-08-11T01:49:59+00:00 BANKTRY BUY fill_at=2026-08-11T01:54:59+00:00 features={"close": 1.847, "bb_lower": 1.8490365607273496, "bb_upper": 1.8800110583202694, "rsi": 36.89937972834126, "mfi": 44.53877362624951, "atr": 0.0064285714285714345}
[BLOCKED] BANKTRY reason=max_layers
[SIGNAL] 2026-08-11T01:49:59+00:00 HOMETRY BUY fill_at=2026-08-11T01:54:59+00:00 features={"close": 0.439, "bb_lower": 0.43922191850046394, "bb_upper": 0.4583018910233457, "rsi": 38.18217921717533, "mfi": 36.24401054296236, "atr": 0.004285714285714289}
[BLOCKED] HOMETRY reason=max_layers
[SIGNAL] 2026-08-11T01:49:59+00:00 TSTTRY BUY fill_at=2026-08-11T01:54:59+00:00 features={"close": 0.961, "bb_lower": 0.9693190299602585, "bb_upper": 1.060490493849265, "rsi": 32.08602193825466, "mfi": 31.313081300825246, "atr": 0.022428571428571416}
[BLOCKED] TSTTRY reason=max_layers
[EXIT] 2026-08-11T01:54:59+00:00 TSTTRY reason=fixed_stop_loss pnl=-48.96 cash=4285.94
[SCAN] 2026-08-11T01:54:59+00:00 symbols=20 signals=3 entries=0 exits=1 blocked=3 open=7 cash=4285.94 equity=9635.56
[SIGNAL] 2026-08-11T01:54:59+00:00 HOMETRY BUY fill_at=2026-08-11T01:59:59+00:00 features={"close": 0.437, "bb_lower": 0.4389524970970905, "bb_upper": 0.45847607433148097, "rsi": 35.84536860771145, "mfi": 29.94206243591742, "atr": 0.004142857142857147}
[BLOCKED] HOMETRY reason=max_layers
[SIGNAL] 2026-08-11T01:54:59+00:00 TSTTRY BUY fill_at=2026-08-11T01:59:59+00:00 features={"close": 0.948, "bb_lower": 0.958586426799999, "bb_upper": 1.061985001771429, "rsi": 29.551537510688874, "mfi": 28.485941344380763, "atr": 0.022642857142857124}
[ENTRY] 2026-08-11T01:59:59+00:00 TSTTRY layer=1 value=427.95 entry=0.94170575 cash=3857.35
[EXIT] 2026-08-11T01:59:59+00:00 TSTTRY reason=fixed_take_profit pnl=+8.29 cash=4294.23
[SCAN] 2026-08-11T01:59:59+00:00 symbols=20 signals=2 entries=1 exits=1 blocked=1 open=7 cash=4294.23 equity=9640.91
[SIGNAL] 2026-08-11T01:59:59+00:00 HOMETRY BUY fill_at=2026-08-11T02:04:59+00:00 features={"close": 0.436, "bb_lower": 0.43691249759766554, "bb_upper": 0.45918274049757263, "rsi": 34.69519275431803, "mfi": 30.052880718756427, "atr": 0.004071428571428575}
[BLOCKED] HOMETRY reason=max_layers
[SCAN] 2026-08-11T02:04:59+00:00 symbols=20 signals=1 entries=0 exits=0 blocked=1 open=7 cash=4294.23 equity=9645.60
[SCAN] 2026-08-11T02:09:59+00:00 symbols=20 signals=0 entries=0 exits=0 blocked=0 open=7 cash=4294.23 equity=9634.49
[SCAN] 2026-08-11T02:14:59+00:00 symbols=20 signals=0 entries=0 exits=0 blocked=0 open=7 cash=4294.23 equity=9637.49
[SIGNAL] 2026-08-11T02:14:59+00:00 TSTTRY BUY fill_at=2026-08-11T02:19:59+00:00 features={"close": 0.925, "bb_lower": 0.9312814667254719, "bb_upper": 1.0530042475602426, "rsi": 29.471525451157675, "mfi": 40.360329940263696, "atr": 0.023714285714285688}
[ENTRY] 2026-08-11T02:19:59+00:00 TSTTRY layer=1 value=428.78 entry=0.92269150 cash=3864.81
[SCAN] 2026-08-11T02:19:59+00:00 symbols=20 signals=1 entries=1 exits=0 blocked=0 open=8 cash=3864.81 equity=9635.03
[SCAN] 2026-08-11T02:24:59+00:00 symbols=20 signals=0 entries=0 exits=0 blocked=0 open=8 cash=3864.81 equity=9626.35
[SCAN] 2026-08-11T02:29:59+00:00 symbols=20 signals=0 entries=0 exits=0 blocked=1 open=8 cash=3864.81 equity=9616.66
[SCAN] 2026-08-11T02:34:59+00:00 symbols=20 signals=0 entries=0 exits=0 blocked=1 open=8 cash=3864.81 equity=9617.12
[SCAN] 2026-08-11T02:39:59+00:00 symbols=20 signals=0 entries=0 exits=0 blocked=0 open=8 cash=3864.81 equity=9602.62
[SCAN] 2026-08-11T02:44:59+00:00 symbols=20 signals=0 entries=0 exits=0 blocked=0 open=8 cash=3864.81 equity=9596.39
[SCAN] 2026-08-11T02:49:59+00:00 symbols=20 signals=0 entries=0 exits=0 blocked=0 open=8 cash=3864.81 equity=9597.96
[SCAN] 2026-08-11T02:54:59+00:00 symbols=20 signals=0 entries=0 exits=0 blocked=0 open=8 cash=3864.81 equity=9602.46
[SCAN] 2026-08-11T02:59:59+00:00 symbols=20 signals=0 entries=0 exits=0 blocked=0 open=8 cash=3864.81 equity=9606.92
[SIGNAL] 2026-08-11T02:59:59+00:00 VICTRY BUY fill_at=2026-08-11T03:04:59+00:00 features={"close": 1.37, "bb_lower": 1.3704988790824733, "bb_upper": 1.4104535018699076, "rsi": 39.58703177134801, "mfi": 13.48909647100443, "atr": 0.009285714285714277}
[ENTRY] 2026-08-11T03:04:59+00:00 VICTRY layer=1 value=385.90 entry=1.38103500 cash=3478.33
[SIGNAL] 2026-08-11T02:59:59+00:00 TOWNSTRY BUY fill_at=2026-08-11T03:04:59+00:00 features={"close": 0.123, "bb_lower": 0.12322539927116345, "bb_upper": 0.12734602930026515, "rsi": 31.265838743672333, "mfi": 51.335611014427315, "atr": 0.0005714285714285719}
[ENTRY] 2026-08-11T03:04:59+00:00 TOWNSTRY layer=1 value=347.31 entry=0.12309225 cash=3130.49
[SCAN] 2026-08-11T03:04:59+00:00 symbols=20 signals=2 entries=2 exits=0 blocked=0 open=10 cash=3130.49 equity=9606.47
[SIGNAL] 2026-08-11T03:04:59+00:00 TOWNSTRY BUY fill_at=2026-08-11T03:09:59+00:00 features={"close": 0.123, "bb_lower": 0.12302086729012904, "bb_upper": 0.12745532318606154, "rsi": 31.26583874087892, "mfi": 45.392281249689994, "atr": 0.0005000000000000004}
[ENTRY] 2026-08-11T03:09:59+00:00 TOWNSTRY layer=2 value=312.58 entry=0.12309225 cash=2817.44
[SCAN] 2026-08-11T03:09:59+00:00 symbols=20 signals=1 entries=1 exits=0 blocked=0 open=10 cash=2817.44 equity=9604.94
[SIGNAL] 2026-08-11T03:09:59+00:00 TOWNSTRY BUY fill_at=2026-08-11T03:14:59+00:00 features={"close": 0.122, "bb_lower": 0.12257672503137, "bb_upper": 0.1277089892543443, "rsi": 26.028841031775116, "mfi": 31.521318838607627, "atr": 0.0005714285714285719}
[BLOCKED] TOWNSTRY reason=max_layers
[EXIT] 2026-08-11T03:14:59+00:00 TSTTRY reason=fixed_take_profit pnl=+8.31 cash=3255.17
[EXIT] 2026-08-11T03:14:59+00:00 VICTRY reason=fixed_take_profit pnl=+7.47 cash=3649.13
[SCAN] 2026-08-11T03:14:59+00:00 symbols=20 signals=1 entries=0 exits=2 blocked=2 open=8 cash=3649.13 equity=9608.85
[SIGNAL] 2026-08-11T03:14:59+00:00 TOWNSTRY BUY fill_at=2026-08-11T03:19:59+00:00 features={"close": 0.122, "bb_lower": 0.12210501254217701, "bb_upper": 0.127894987457823, "rsi": 26.0288410359601, "mfi": 12.917150864976804, "atr": 0.0005000000000000004}
[BLOCKED] TOWNSTRY reason=max_layers
[SCAN] 2026-08-11T03:19:59+00:00 symbols=20 signals=1 entries=0 exits=0 blocked=2 open=8 cash=3649.13 equity=9603.74
[SIGNAL] 2026-08-11T03:19:59+00:00 TOWNSTRY BUY fill_at=2026-08-11T03:24:59+00:00 features={"close": 0.121, "bb_lower": 0.12145043960218126, "bb_upper": 0.12816860801686636, "rsi": 21.75271923737982, "mfi": 11.942704690350453, "atr": 0.0005714285714285719}
[BLOCKED] TOWNSTRY reason=max_layers
[SCAN] 2026-08-11T03:24:59+00:00 symbols=20 signals=1 entries=0 exits=0 blocked=1 open=8 cash=3649.13 equity=9605.18
[SCAN] 2026-08-11T03:29:59+00:00 symbols=20 signals=0 entries=0 exits=0 blocked=0 open=8 cash=3649.13 equity=9603.09
[SCAN] 2026-08-11T03:34:59+00:00 symbols=20 signals=0 entries=0 exits=0 blocked=0 open=8 cash=3649.13 equity=9603.19
[SCAN] 2026-08-11T03:39:59+00:00 symbols=20 signals=0 entries=0 exits=0 blocked=0 open=8 cash=3649.13 equity=9600.79
[SCAN] 2026-08-11T03:44:59+00:00 symbols=20 signals=0 entries=0 exits=0 blocked=0 open=8 cash=3649.13 equity=9606.71
[SCAN] 2026-08-11T03:49:59+00:00 symbols=20 signals=0 entries=0 exits=0 blocked=0 open=8 cash=3649.13 equity=9611.14
[SCAN] 2026-08-11T03:54:59+00:00 symbols=20 signals=0 entries=0 exits=0 blocked=0 open=8 cash=3649.13 equity=9625.79
[SCAN] 2026-08-11T03:59:59+00:00 symbols=20 signals=0 entries=0 exits=0 blocked=0 open=8 cash=3649.13 equity=9619.58
[SCAN] 2026-08-11T04:04:59+00:00 symbols=20 signals=0 entries=0 exits=0 blocked=0 open=8 cash=3649.13 equity=9624.97
[SCAN] 2026-08-11T04:09:59+00:00 symbols=20 signals=0 entries=0 exits=0 blocked=1 open=8 cash=3649.13 equity=9616.22
[SIGNAL] 2026-08-11T04:09:59+00:00 BANKTRY BUY fill_at=2026-08-11T04:14:59+00:00 features={"close": 1.828, "bb_lower": 1.8298096598650568, "bb_upper": 1.8464760544206587, "rsi": 36.64629282808177, "mfi": 31.767554440609132, "atr": 0.0072142857142856965}
[BLOCKED] BANKTRY reason=max_layers
[SCAN] 2026-08-11T04:14:59+00:00 symbols=20 signals=1 entries=0 exits=0 blocked=2 open=8 cash=3649.13 equity=9616.01
[SCAN] 2026-08-11T04:19:59+00:00 symbols=20 signals=0 entries=0 exits=0 blocked=1 open=8 cash=3649.13 equity=9612.87
[EXIT] 2026-08-11T04:24:59+00:00 KATTRY reason=bb_mfi_v3_signal_exit pnl=-11.38 cash=4371.45
[SIGNAL] 2026-08-11T04:19:59+00:00 BANKTRY BUY fill_at=2026-08-11T04:24:59+00:00 features={"close": 1.826, "bb_lower": 1.8268206558355147, "bb_upper": 1.8471793441644857, "rsi": 36.07438889366283, "mfi": 25.30342486585694, "atr": 0.0066428571428571405}
[BLOCKED] BANKTRY reason=max_layers
[SCAN] 2026-08-11T04:24:59+00:00 symbols=20 signals=1 entries=0 exits=1 blocked=2 open=7 cash=4371.45 equity=9603.86
[SIGNAL] 2026-08-11T04:24:59+00:00 BANKTRY BUY fill_at=2026-08-11T04:29:59+00:00 features={"close": 1.823, "bb_lower": 1.8246436508203747, "bb_upper": 1.8482134920367679, "rsi": 33.944646782046945, "mfi": 22.677788564361123, "atr": 0.006285714285714291}
[BLOCKED] BANKTRY reason=max_layers
[SCAN] 2026-08-11T04:29:59+00:00 symbols=20 signals=1 entries=0 exits=0 blocked=1 open=7 cash=4371.45 equity=9617.15
[SCAN] 2026-08-11T04:34:59+00:00 symbols=20 signals=0 entries=0 exits=0 blocked=2 open=7 cash=4371.45 equity=9609.94
[SCAN] 2026-08-11T04:39:59+00:00 symbols=20 signals=0 entries=0 exits=0 blocked=1 open=7 cash=4371.45 equity=9590.71
[SCAN] 2026-08-11T04:44:59+00:00 symbols=20 signals=0 entries=0 exits=0 blocked=1 open=7 cash=4371.45 equity=9601.06
[SIGNAL] 2026-08-11T04:44:59+00:00 TSTTRY BUY fill_at=2026-08-11T04:49:59+00:00 features={"close": 0.91, "bb_lower": 0.9120296411499539, "bb_upper": 0.9751132159929031, "rsi": 34.00771195218135, "mfi": 37.25756159976186, "atr": 0.015000000000000005}
[ENTRY] 2026-08-11T04:49:59+00:00 TSTTRY layer=1 value=436.49 entry=0.91168325 cash=3934.31
[SCAN] 2026-08-11T04:49:59+00:00 symbols=20 signals=1 entries=1 exits=0 blocked=2 open=8 cash=3934.31 equity=9582.18
[SIGNAL] 2026-08-11T04:49:59+00:00 TSTTRY BUY fill_at=2026-08-11T04:54:59+00:00 features={"close": 0.905, "bb_lower": 0.9074435849962664, "bb_upper": 0.9775087959561147, "rsi": 32.386395381013315, "mfi": 38.13480777723967, "atr": 0.013642857142857148}
[ENTRY] 2026-08-11T04:54:59+00:00 TSTTRY layer=2 value=392.84 entry=0.90768025 cash=3540.88
[SCAN] 2026-08-11T04:54:59+00:00 symbols=20 signals=1 entries=1 exits=0 blocked=4 open=8 cash=3540.88 equity=9606.54
[SCAN] 2026-08-11T04:59:59+00:00 symbols=20 signals=0 entries=0 exits=0 blocked=3 open=8 cash=3540.88 equity=9586.19
[SIGNAL] 2026-08-11T04:59:59+00:00 HEITRY BUY fill_at=2026-08-11T05:04:59+00:00 features={"close": 7.249, "bb_lower": 7.278706016174997, "bb_upper": 7.800532079063098, "rsi": 35.555126718273485, "mfi": 35.188070269468156, "atr": 0.09892857142857135}
[ENTRY] 2026-08-11T05:04:59+00:00 HEITRY layer=1 value=353.56 entry=7.25243525 cash=3186.79
[SIGNAL] 2026-08-11T04:59:59+00:00 TSTTRY BUY fill_at=2026-08-11T05:04:59+00:00 features={"close": 0.898, "bb_lower": 0.8984828093403616, "bb_upper": 0.9810410001834478, "rsi": 32.76935132655018, "mfi": 22.750171113440288, "atr": 0.01378571428571429}
[BLOCKED] TSTTRY reason=max_layers
[SIGNAL] 2026-08-11T04:59:59+00:00 LDOTRY BUY fill_at=2026-08-11T05:04:59+00:00 features={"close": 14.16, "bb_lower": 14.183262834915828, "bb_upper": 14.286260974607986, "rsi": 38.711603924535446, "mfi": 50.57268774179367, "atr": 0.03214285714285684}
[ENTRY] 2026-08-11T05:04:59+00:00 LDOTRY layer=1 value=318.20 entry=14.17062000 cash=2868.11
[SCAN] 2026-08-11T05:04:59+00:00 symbols=20 signals=3 entries=2 exits=0 blocked=2 open=10 cash=2868.11 equity=9592.51
[SIGNAL] 2026-08-11T05:04:59+00:00 LDOTRY BUY fill_at=2026-08-11T05:09:59+00:00 features={"close": 14.16, "bb_lower": 14.170508069894776, "bb_upper": 14.291396692009993, "rsi": 38.71160392812202, "mfi": 46.168349264436394, "atr": 0.02857142857142834}
[ENTRY] 2026-08-11T05:09:59+00:00 LDOTRY layer=2 value=286.38 entry=14.17062000 cash=2581.30
[SCAN] 2026-08-11T05:09:59+00:00 symbols=20 signals=1 entries=1 exits=0 blocked=2 open=10 cash=2581.30 equity=9584.94
[SIGNAL] 2026-08-11T05:09:59+00:00 LDOTRY BUY fill_at=2026-08-11T05:14:59+00:00 features={"close": 14.15, "bb_lower": 14.157547329880211, "bb_upper": 14.296738384405506, "rsi": 37.27544124460421, "mfi": 45.71416792095944, "atr": 0.02714285714285682}
[BLOCKED] LDOTRY reason=max_layers
[SCAN] 2026-08-11T05:14:59+00:00 symbols=20 signals=1 entries=0 exits=0 blocked=1 open=10 cash=2581.30 equity=9565.47
[SCAN] 2026-08-11T05:19:59+00:00 symbols=20 signals=0 entries=0 exits=0 blocked=0 open=10 cash=2581.30 equity=9587.99
[SCAN] 2026-08-11T05:24:59+00:00 symbols=20 signals=0 entries=0 exits=0 blocked=1 open=10 cash=2581.30 equity=9587.58
[SCAN] 2026-08-11T05:29:59+00:00 symbols=20 signals=0 entries=0 exits=0 blocked=2 open=10 cash=2581.30 equity=9566.46
[SCAN] 2026-08-11T05:34:59+00:00 symbols=20 signals=0 entries=0 exits=0 blocked=1 open=10 cash=2581.30 equity=9569.14
[SCAN] 2026-08-11T05:39:59+00:00 symbols=20 signals=0 entries=0 exits=0 blocked=1 open=10 cash=2581.30 equity=9566.24
[SCAN] 2026-08-11T05:44:59+00:00 symbols=20 signals=0 entries=0 exits=0 blocked=0 open=10 cash=2581.30 equity=9544.96
[SCAN] 2026-08-11T05:49:59+00:00 symbols=20 signals=0 entries=0 exits=0 blocked=0 open=10 cash=2581.30 equity=9557.33
[SCAN] 2026-08-11T05:54:59+00:00 symbols=20 signals=0 entries=0 exits=0 blocked=0 open=10 cash=2581.30 equity=9523.36
[SCAN] 2026-08-11T05:59:59+00:00 symbols=20 signals=0 entries=0 exits=0 blocked=0 open=10 cash=2581.30 equity=9527.34
[EXIT] 2026-08-11T06:04:59+00:00 BANKTRY reason=fixed_stop_loss pnl=-60.44 cash=3176.17
[EXIT] 2026-08-11T06:04:59+00:00 TSTTRY reason=fixed_stop_loss pnl=-76.60 cash=3930.14
[SCAN] 2026-08-11T06:04:59+00:00 symbols=20 signals=0 entries=0 exits=2 blocked=0 open=8 cash=3930.14 equity=9438.05
[SIGNAL] 2026-08-11T06:04:59+00:00 BANKTRY BUY fill_at=2026-08-11T06:09:59+00:00 features={"close": 1.769, "bb_lower": 1.7983442327654309, "bb_upper": 1.853465291044093, "rsi": 16.444524719582432, "mfi": 7.858413492954796, "atr": 0.02}
[ENTRY] 2026-08-11T06:09:59+00:00 BANKTRY layer=1 value=392.43 entry=1.77432975 cash=3537.13
[SIGNAL] 2026-08-11T06:04:59+00:00 TSTTRY BUY fill_at=2026-08-11T06:09:59+00:00 features={"close": 0.83, "bb_lower": 0.8461713587326587, "bb_upper": 0.9448762603149605, "rsi": 25.354204089120742, "mfi": 16.224999553710617, "atr": 0.01757142857142859}
[ENTRY] 2026-08-11T06:09:59+00:00 TSTTRY layer=1 value=353.18 entry=0.82962175 cash=3183.42
[SCAN] 2026-08-11T06:09:59+00:00 symbols=20 signals=2 entries=2 exits=0 blocked=2 open=10 cash=3183.42 equity=9437.01
[SIGNAL] 2026-08-11T06:09:59+00:00 TSTTRY BUY fill_at=2026-08-11T06:14:59+00:00 features={"close": 0.816, "bb_lower": 0.8353483719207087, "bb_upper": 0.9428421042697674, "rsi": 22.997948698893623, "mfi": 13.991590487758856, "atr": 0.01871428571428572}
[ENTRY] 2026-08-11T06:14:59+00:00 TSTTRY layer=2 value=317.86 entry=0.81360975 cash=2865.07
[SCAN] 2026-08-11T06:14:59+00:00 symbols=20 signals=1 entries=1 exits=0 blocked=3 open=10 cash=2865.07 equity=9436.04
[SIGNAL] 2026-08-11T06:14:59+00:00 TSTTRY BUY fill_at=2026-08-11T06:19:59+00:00 features={"close": 0.814, "bb_lower": 0.8241244262039626, "bb_upper": 0.9431136690341324, "rsi": 22.671868956220365, "mfi": 19.264373699211433, "atr": 0.018357142857142857}
[BLOCKED] TSTTRY reason=max_layers
[EXIT] 2026-08-11T06:19:59+00:00 BANKTRY reason=fixed_take_profit pnl=+7.60 cash=3265.69
[SCAN] 2026-08-11T06:19:59+00:00 symbols=20 signals=1 entries=0 exits=1 blocked=3 open=9 cash=3265.69 equity=9414.41
[SIGNAL] 2026-08-11T06:19:59+00:00 TSTTRY BUY fill_at=2026-08-11T06:24:59+00:00 features={"close": 0.783, "bb_lower": 0.8057111375473931, "bb_upper": 0.9490507672145114, "rsi": 18.312074615976357, "mfi": 17.969687101736895, "atr": 0.020642857142857136}
[BLOCKED] TSTTRY reason=max_layers
[SCAN] 2026-08-11T06:24:59+00:00 symbols=20 signals=1 entries=0 exits=0 blocked=5 open=9 cash=3265.69 equity=9404.98
[SIGNAL] 2026-08-11T06:24:59+00:00 TSTTRY BUY fill_at=2026-08-11T06:29:59+00:00 features={"close": 0.788, "bb_lower": 0.7923243927100552, "bb_upper": 0.9503422739566116, "rsi": 20.967622586675745, "mfi": 16.752883087486808, "atr": 0.02121428571428571}
[BLOCKED] TSTTRY reason=max_layers
[SCAN] 2026-08-11T06:29:59+00:00 symbols=20 signals=1 entries=0 exits=0 blocked=4 open=9 cash=3265.69 equity=9404.73
[SCAN] 2026-08-11T06:34:59+00:00 symbols=20 signals=0 entries=0 exits=0 blocked=0 open=9 cash=3265.69 equity=9388.56
[SCAN] 2026-08-11T06:39:59+00:00 symbols=20 signals=0 entries=0 exits=0 blocked=2 open=9 cash=3265.69 equity=9389.86
[SIGNAL] 2026-08-11T06:39:59+00:00 VANRYTRY BUY fill_at=2026-08-11T06:44:59+00:00 features={"close": 0.1373, "bb_lower": 0.1376212010979938, "bb_upper": 0.14018832271153003, "rsi": 35.38180253602066, "mfi": 30.875591330629206, "atr": 0.0005785714285714323}
[BLOCKED] VANRYTRY reason=max_layers
[SIGNAL] 2026-08-11T06:39:59+00:00 LDOTRY BUY fill_at=2026-08-11T06:44:59+00:00 features={"close": 14.11, "bb_lower": 14.123102875574556, "bb_upper": 14.249278076806398, "rsi": 34.93970293450768, "mfi": 16.404612319547127, "atr": 0.026428571428571374}
[BLOCKED] LDOTRY reason=max_layers
[SCAN] 2026-08-11T06:44:59+00:00 symbols=20 signals=2 entries=0 exits=0 blocked=2 open=9 cash=3265.69 equity=9399.34
[SCAN] 2026-08-11T06:49:59+00:00 symbols=20 signals=0 entries=0 exits=0 blocked=0 open=9 cash=3265.69 equity=9373.34
[SIGNAL] 2026-08-11T06:49:59+00:00 EIGENTRY BUY fill_at=2026-08-11T06:54:59+00:00 features={"close": 8.577, "bb_lower": 8.586174649519197, "bb_upper": 8.673158683814133, "rsi": 38.52964157568343, "mfi": 26.391337548179607, "atr": 0.02242857142857118}
[BLOCKED] EIGENTRY reason=max_layers
[SIGNAL] 2026-08-11T06:49:59+00:00 LDOTRY BUY fill_at=2026-08-11T06:54:59+00:00 features={"close": 14.11, "bb_lower": 14.11233143306813, "bb_upper": 14.254335233598537, "rsi": 38.07198676359892, "mfi": 6.486046530815145, "atr": 0.03285714285714292}
[BLOCKED] LDOTRY reason=max_layers
[EXIT] 2026-08-11T06:54:59+00:00 TSTTRY reason=fixed_stop_loss pnl=-61.98 cash=3875.76
[SCAN] 2026-08-11T06:54:59+00:00 symbols=20 signals=2 entries=0 exits=1 blocked=3 open=8 cash=3875.76 equity=9345.14
[SIGNAL] 2026-08-11T06:54:59+00:00 VANRYTRY BUY fill_at=2026-08-11T06:59:59+00:00 features={"close": 0.1373, "bb_lower": 0.13745641118777557, "bb_upper": 0.13990549357412918, "rsi": 39.217684237236206, "mfi": 33.59834253568438, "atr": 0.0007928571428571467}
[BLOCKED] VANRYTRY reason=max_layers
[SIGNAL] 2026-08-11T06:54:59+00:00 EIGENTRY BUY fill_at=2026-08-11T06:59:59+00:00 features={"close": 8.55, "bb_lower": 8.570578019837681, "bb_upper": 8.680660075400413, "rsi": 34.0463097552156, "mfi": 17.54410022971952, "atr": 0.02392857142857111}
[BLOCKED] EIGENTRY reason=max_layers
[SIGNAL] 2026-08-11T06:54:59+00:00 LDOTRY BUY fill_at=2026-08-11T06:59:59+00:00 features={"close": 14.09, "bb_lower": 14.100125485266686, "bb_upper": 14.26082689568569, "rsi": 35.662859885736225, "mfi": 6.483293699956874, "atr": 0.03357142857142862}
[BLOCKED] LDOTRY reason=max_layers
[SCAN] 2026-08-11T06:59:59+00:00 symbols=20 signals=3 entries=0 exits=0 blocked=5 open=8 cash=3875.76 equity=9358.47
[SCAN] 2026-08-11T07:04:59+00:00 symbols=20 signals=0 entries=0 exits=0 blocked=0 open=8 cash=3875.76 equity=9359.14
[SCAN] 2026-08-11T07:09:59+00:00 symbols=20 signals=0 entries=0 exits=0 blocked=0 open=8 cash=3875.76 equity=9353.12
[SIGNAL] 2026-08-11T07:09:59+00:00 HEITRY BUY fill_at=2026-08-11T07:14:59+00:00 features={"close": 7.079, "bb_lower": 7.087968075935756, "bb_upper": 7.303079543111864, "rsi": 34.23450399012749, "mfi": 34.49168738527551, "atr": 0.05471428571428578}
[ENTRY] 2026-08-11T07:14:59+00:00 HEITRY layer=2 value=387.00 entry=7.08130700 cash=3488.18
[SCAN] 2026-08-11T07:14:59+00:00 symbols=20 signals=1 entries=1 exits=0 blocked=0 open=8 cash=3488.18 equity=9338.29
[SIGNAL] 2026-08-11T07:14:59+00:00 HEITRY BUY fill_at=2026-08-11T07:19:59+00:00 features={"close": 6.965, "bb_lower": 7.040322726646786, "bb_upper": 7.321677273353216, "rsi": 27.217944898017976, "mfi": 29.510908226647942, "atr": 0.05764285714285723}
[BLOCKED] HEITRY reason=max_layers
[SCAN] 2026-08-11T07:19:59+00:00 symbols=20 signals=1 entries=0 exits=0 blocked=1 open=8 cash=3488.18 equity=9342.21
[SIGNAL] 2026-08-11T07:19:59+00:00 HEITRY BUY fill_at=2026-08-11T07:24:59+00:00 features={"close": 7.014, "bb_lower": 7.015794534993354, "bb_upper": 7.323824512625697, "rsi": 33.55884161516329, "mfi": 38.101055201095946, "atr": 0.06057142857142862}
[BLOCKED] HEITRY reason=max_layers
[SCAN] 2026-08-11T07:24:59+00:00 symbols=20 signals=1 entries=0 exits=0 blocked=1 open=8 cash=3488.18 equity=9328.20
[SIGNAL] 2026-08-11T07:24:59+00:00 HEITRY BUY fill_at=2026-08-11T07:29:59+00:00 features={"close": 6.982, "bb_lower": 6.989274906945915, "bb_upper": 7.323106045435037, "rsi": 31.61046354710733, "mfi": 33.80109241890527, "atr": 0.061071428571428665}
[BLOCKED] HEITRY reason=max_layers
[EXIT] 2026-08-11T07:29:59+00:00 TOWNSTRY reason=fixed_stop_loss pnl=-60.95 cash=4088.11
[SCAN] 2026-08-11T07:29:59+00:00 symbols=20 signals=1 entries=0 exits=1 blocked=3 open=7 cash=4088.11 equity=9319.41
[SCAN] 2026-08-11T07:34:59+00:00 symbols=20 signals=0 entries=0 exits=0 blocked=4 open=7 cash=4088.11 equity=9317.48
[SCAN] 2026-08-11T07:39:59+00:00 symbols=20 signals=0 entries=0 exits=0 blocked=1 open=7 cash=4088.11 equity=9332.00
[SCAN] 2026-08-11T07:44:59+00:00 symbols=20 signals=0 entries=0 exits=0 blocked=2 open=7 cash=4088.11 equity=9349.17
[EXIT] 2026-08-11T07:49:59+00:00 HEITRY reason=fixed_take_profit pnl=+14.34 cash=4844.12
[SCAN] 2026-08-11T07:49:59+00:00 symbols=20 signals=0 entries=0 exits=1 blocked=1 open=6 cash=4844.12 equity=9358.20
[SCAN] 2026-08-11T07:54:59+00:00 symbols=20 signals=0 entries=0 exits=0 blocked=2 open=6 cash=4844.12 equity=9357.77
[SCAN] 2026-08-11T07:59:59+00:00 symbols=20 signals=0 entries=0 exits=0 blocked=0 open=6 cash=4844.12 equity=9348.63
[SCAN] 2026-08-11T08:04:59+00:00 symbols=20 signals=0 entries=0 exits=0 blocked=1 open=6 cash=4844.12 equity=9358.52
[SCAN] 2026-08-11T08:09:59+00:00 symbols=20 signals=0 entries=0 exits=0 blocked=0 open=6 cash=4844.12 equity=9365.49
[SCAN] 2026-08-11T08:14:59+00:00 symbols=20 signals=0 entries=0 exits=0 blocked=0 open=6 cash=4844.12 equity=9368.69
[SCAN] 2026-08-11T08:19:59+00:00 symbols=20 signals=0 entries=0 exits=0 blocked=0 open=6 cash=4844.12 equity=9370.57
[SCAN] 2026-08-11T08:24:59+00:00 symbols=20 signals=0 entries=0 exits=0 blocked=1 open=6 cash=4844.12 equity=9377.90
[SIGNAL] 2026-08-11T08:24:59+00:00 BANKTRY BUY fill_at=2026-08-11T08:29:59+00:00 features={"close": 1.781, "bb_lower": 1.786474729803568, "bb_upper": 1.8485728892440512, "rsi": 35.86417832137164, "mfi": 28.796853709020525, "atr": 0.01549999999999999}
[ENTRY] 2026-08-11T08:29:59+00:00 BANKTRY layer=1 value=483.69 entry=1.78233575 cash=4359.71
[SCAN] 2026-08-11T08:29:59+00:00 symbols=20 signals=1 entries=1 exits=0 blocked=1 open=7 cash=4359.71 equity=9374.62
[SIGNAL] 2026-08-11T08:29:59+00:00 BANKTRY BUY fill_at=2026-08-11T08:34:59+00:00 features={"close": 1.786, "bb_lower": 1.7861670834889438, "bb_upper": 1.841928154606294, "rsi": 38.11109779489578, "mfi": 28.642979991459356, "atr": 0.014785714285714275}
[ENTRY] 2026-08-11T08:34:59+00:00 BANKTRY layer=2 value=435.32 entry=1.78733950 cash=3923.74
[SCAN] 2026-08-11T08:34:59+00:00 symbols=20 signals=1 entries=1 exits=0 blocked=0 open=7 cash=3923.74 equity=9367.31
[SCAN] 2026-08-11T08:39:59+00:00 symbols=20 signals=0 entries=0 exits=0 blocked=0 open=7 cash=3923.74 equity=9364.67
[SCAN] 2026-08-11T08:44:59+00:00 symbols=20 signals=0 entries=0 exits=0 blocked=0 open=7 cash=3923.74 equity=9360.11
[SCAN] 2026-08-11T08:49:59+00:00 symbols=20 signals=0 entries=0 exits=0 blocked=0 open=7 cash=3923.74 equity=9364.50
[SCAN] 2026-08-11T08:54:59+00:00 symbols=20 signals=0 entries=0 exits=0 blocked=0 open=7 cash=3923.74 equity=9364.30
[SCAN] 2026-08-11T08:59:59+00:00 symbols=20 signals=0 entries=0 exits=0 blocked=1 open=7 cash=3923.74 equity=9370.67
[SCAN] 2026-08-11T09:04:59+00:00 symbols=20 signals=0 entries=0 exits=1 blocked=0 open=6 cash=4848.02 equity=9358.21
[SCAN] 2026-08-11T09:09:59+00:00 symbols=20 signals=0 entries=0 exits=0 blocked=0 open=6 cash=4848.02 equity=9365.75
[SCAN] 2026-08-11T09:14:59+00:00 symbols=20 signals=0 entries=0 exits=0 blocked=0 open=6 cash=4848.02 equity=9366.05
[SIGNAL] 2026-08-11T09:14:59+00:00 VICTRY BUY fill_at=2026-08-11T09:19:59+00:00 features={"close": 1.37, "bb_lower": 1.3704819985410293, "bb_upper": 1.4095180014589705, "rsi": 38.55117493692839, "mfi": 31.276288922679285, "atr": 0.014285714285714266}
[ENTRY] 2026-08-11T09:19:59+00:00 VICTRY layer=1 value=484.08 entry=1.37102750 cash=4363.22
[SIGNAL] 2026-08-11T09:14:59+00:00 AMPTRY BUY fill_at=2026-08-11T09:19:59+00:00 features={"close": 0.0182, "bb_lower": 0.018237844784852946, "bb_upper": 0.018600250453242286, "rsi": 37.69359690877419, "mfi": 37.87545879648468, "atr": 8.57142857142852e-05}
[ENTRY] 2026-08-11T09:19:59+00:00 AMPTRY layer=1 value=435.67 entry=0.01831372 cash=3926.90
[SCAN] 2026-08-11T09:19:59+00:00 symbols=20 signals=2 entries=2 exits=0 blocked=0 open=8 cash=3926.90 equity=9374.63
[SCAN] 2026-08-11T09:24:59+00:00 symbols=20 signals=0 entries=0 exits=0 blocked=0 open=8 cash=3926.90 equity=9373.79
[SCAN] 2026-08-11T09:29:59+00:00 symbols=20 signals=0 entries=0 exits=0 blocked=0 open=8 cash=3926.90 equity=9381.16
[SCAN] 2026-08-11T09:34:59+00:00 symbols=20 signals=0 entries=0 exits=0 blocked=0 open=8 cash=3926.90 equity=9371.27
[SCAN] 2026-08-11T09:39:59+00:00 symbols=20 signals=0 entries=0 exits=0 blocked=0 open=8 cash=3926.90 equity=9366.68
[SIGNAL] 2026-08-11T09:39:59+00:00 VICTRY BUY fill_at=2026-08-11T09:44:59+00:00 features={"close": 1.36, "bb_lower": 1.3627069942744037, "bb_upper": 1.4096739581065483, "rsi": 37.27825311624141, "mfi": 12.418099451315541, "atr": 0.013571428571428503}
[ENTRY] 2026-08-11T09:44:59+00:00 VICTRY layer=2 value=392.10 entry=1.35101250 cash=3534.21
[SCAN] 2026-08-11T09:44:59+00:00 symbols=20 signals=1 entries=1 exits=0 blocked=1 open=8 cash=3534.21 equity=9369.35
[EXIT] 2026-08-11T09:49:59+00:00 EIGENTRY reason=bb_mfi_v3_signal_exit pnl=-15.61 cash=4295.03
[SCAN] 2026-08-11T09:49:59+00:00 symbols=20 signals=0 entries=0 exits=1 blocked=0 open=7 cash=4295.03 equity=9357.18
[SIGNAL] 2026-08-11T09:49:59+00:00 VANRYTRY BUY fill_at=2026-08-11T09:54:59+00:00 features={"close": 0.1325, "bb_lower": 0.13472354247778878, "bb_upper": 0.14075264799840165, "rsi": 26.912842452119676, "mfi": 6.401871255575685, "atr": 0.001042857142857143}
[BLOCKED] VANRYTRY reason=max_layers
[SCAN] 2026-08-11T09:54:59+00:00 symbols=20 signals=1 entries=0 exits=0 blocked=1 open=7 cash=4295.03 equity=9362.88
[SIGNAL] 2026-08-11T09:54:59+00:00 VANRYTRY BUY fill_at=2026-08-11T09:59:59+00:00 features={"close": 0.133, "bb_lower": 0.133874528923839, "bb_upper": 0.1410683282190181, "rsi": 30.20984833670842, "mfi": 6.398652522157107, "atr": 0.0010928571428571435}
[BLOCKED] VANRYTRY reason=max_layers
[SCAN] 2026-08-11T09:59:59+00:00 symbols=20 signals=1 entries=0 exits=0 blocked=1 open=7 cash=4295.03 equity=9372.36
[SIGNAL] 2026-08-11T09:59:59+00:00 VANRYTRY BUY fill_at=2026-08-11T10:04:59+00:00 features={"close": 0.1326, "bb_lower": 0.1330781686348697, "bb_upper": 0.14128373612703504, "rsi": 29.07320640770145, "mfi": 5.874048274790283, "atr": 0.0010785714285714287}
[BLOCKED] VANRYTRY reason=max_layers
[SCAN] 2026-08-11T10:04:59+00:00 symbols=20 signals=1 entries=0 exits=0 blocked=1 open=7 cash=4295.03 equity=9382.22
[SIGNAL] 2026-08-11T10:04:59+00:00 HEITRY BUY fill_at=2026-08-11T10:09:59+00:00 features={"close": 7.849, "bb_lower": 7.889491493912286, "bb_upper": 8.827270410849616, "rsi": 40.434451598720955, "mfi": 34.05804500521779, "atr": 0.27207142857142846}
[ENTRY] 2026-08-11T10:09:59+00:00 HEITRY layer=1 value=428.86 entry=7.86789650 cash=3865.53
[SCAN] 2026-08-11T10:09:59+00:00 symbols=20 signals=1 entries=1 exits=0 blocked=0 open=8 cash=3865.53 equity=9369.33
[EXIT] 2026-08-11T10:14:59+00:00 HEITRY reason=fixed_take_profit pnl=+8.31 cash=4303.34
[SCAN] 2026-08-11T10:14:59+00:00 symbols=20 signals=0 entries=0 exits=1 blocked=0 open=7 cash=4303.34 equity=9363.94
[SCAN] 2026-08-11T10:19:59+00:00 symbols=20 signals=0 entries=0 exits=0 blocked=0 open=7 cash=4303.34 equity=9363.01
[SCAN] 2026-08-11T10:24:59+00:00 symbols=20 signals=0 entries=0 exits=0 blocked=2 open=7 cash=4303.34 equity=9362.73
[SCAN] 2026-08-11T10:29:59+00:00 symbols=20 signals=0 entries=0 exits=0 blocked=4 open=7 cash=4303.34 equity=9367.34
[SCAN] 2026-08-11T10:34:59+00:00 symbols=20 signals=0 entries=0 exits=0 blocked=1 open=7 cash=4303.34 equity=9392.62
[SCAN] 2026-08-11T10:39:59+00:00 symbols=20 signals=0 entries=0 exits=0 blocked=0 open=7 cash=4303.34 equity=9363.67
[SCAN] 2026-08-11T10:44:59+00:00 symbols=20 signals=0 entries=0 exits=0 blocked=0 open=7 cash=4303.34 equity=9358.07
[SIGNAL] 2026-08-11T10:44:59+00:00 VICTRY BUY fill_at=2026-08-11T10:49:59+00:00 features={"close": 1.35, "bb_lower": 1.3516575110919222, "bb_upper": 1.3950091555747448, "rsi": 38.097056305221365, "mfi": 38.130897300052304, "atr": 0.015714285714285587}
[BLOCKED] VICTRY reason=max_layers
[SCAN] 2026-08-11T10:49:59+00:00 symbols=20 signals=1 entries=0 exits=0 blocked=1 open=7 cash=4303.34 equity=9378.43
[SCAN] 2026-08-11T10:54:59+00:00 symbols=20 signals=0 entries=0 exits=0 blocked=0 open=7 cash=4303.34 equity=9360.88
[SCAN] 2026-08-11T10:59:59+00:00 symbols=20 signals=0 entries=0 exits=0 blocked=0 open=7 cash=4303.34 equity=9350.10
[SCAN] 2026-08-11T11:04:59+00:00 symbols=20 signals=0 entries=0 exits=1 blocked=0 open=6 cash=4740.07 equity=9377.45
[SIGNAL] 2026-08-11T11:04:59+00:00 HOMETRY BUY fill_at=2026-08-11T11:09:59+00:00 features={"close": 0.423, "bb_lower": 0.4240577762485187, "bb_upper": 0.43565650946576695, "rsi": 31.484132902477526, "mfi": 49.56037946361827, "atr": 0.0021428571428571447}
[BLOCKED] HOMETRY reason=max_layers
[SCAN] 2026-08-11T11:09:59+00:00 symbols=20 signals=1 entries=0 exits=0 blocked=1 open=6 cash=4740.07 equity=9365.33
[SCAN] 2026-08-11T11:14:59+00:00 symbols=20 signals=0 entries=0 exits=0 blocked=0 open=6 cash=4740.07 equity=9360.77
[SCAN] 2026-08-11T11:19:59+00:00 symbols=20 signals=0 entries=0 exits=0 blocked=1 open=6 cash=4740.07 equity=9364.64
[SCAN] 2026-08-11T11:24:59+00:00 symbols=20 signals=0 entries=0 exits=0 blocked=0 open=6 cash=4740.07 equity=9371.97
[SCAN] 2026-08-11T11:29:59+00:00 symbols=20 signals=0 entries=0 exits=0 blocked=0 open=6 cash=4740.07 equity=9367.35
[SCAN] 2026-08-11T11:34:59+00:00 symbols=20 signals=0 entries=0 exits=0 blocked=0 open=6 cash=4740.07 equity=9350.34
[SCAN] 2026-08-11T11:39:59+00:00 symbols=20 signals=0 entries=0 exits=0 blocked=0 open=6 cash=4740.07 equity=9362.58
[SCAN] 2026-08-11T11:44:59+00:00 symbols=20 signals=0 entries=0 exits=0 blocked=0 open=6 cash=4740.07 equity=9372.49
[SCAN] 2026-08-11T11:49:59+00:00 symbols=20 signals=0 entries=0 exits=0 blocked=0 open=6 cash=4740.07 equity=9350.88
[SCAN] 2026-08-11T11:54:59+00:00 symbols=20 signals=0 entries=0 exits=0 blocked=0 open=6 cash=4740.07 equity=9378.37
[SCAN] 2026-08-11T11:59:59+00:00 symbols=20 signals=0 entries=0 exits=0 blocked=0 open=6 cash=4740.07 equity=9362.57
[SCAN] 2026-08-11T12:04:59+00:00 symbols=20 signals=0 entries=0 exits=0 blocked=0 open=6 cash=4740.07 equity=9340.55
[SIGNAL] 2026-08-11T12:04:59+00:00 HOMETRY BUY fill_at=2026-08-11T12:09:59+00:00 features={"close": 0.418, "bb_lower": 0.4181796906825851, "bb_upper": 0.4324869759840815, "rsi": 34.82494162036981, "mfi": 25.606959721908936, "atr": 0.0030714285714285743}
[BLOCKED] HOMETRY reason=max_layers
[SCAN] 2026-08-11T12:09:59+00:00 symbols=20 signals=1 entries=0 exits=0 blocked=1 open=6 cash=4740.07 equity=9336.25
[SCAN] 2026-08-11T12:14:59+00:00 symbols=20 signals=0 entries=0 exits=0 blocked=1 open=6 cash=4740.07 equity=9329.80
[SIGNAL] 2026-08-11T12:14:59+00:00 HOMETRY BUY fill_at=2026-08-11T12:19:59+00:00 features={"close": 0.415, "bb_lower": 0.41587155198806286, "bb_upper": 0.43222368610717504, "rsi": 30.646280892120586, "mfi": 23.060703487985236, "atr": 0.003500000000000003}
[BLOCKED] HOMETRY reason=max_layers
[SCAN] 2026-08-11T12:19:59+00:00 symbols=20 signals=1 entries=0 exits=0 blocked=2 open=6 cash=4740.07 equity=9343.39
[SCAN] 2026-08-11T12:24:59+00:00 symbols=20 signals=0 entries=0 exits=0 blocked=1 open=6 cash=4740.07 equity=9330.28
[SIGNAL] 2026-08-11T12:24:59+00:00 EIGENTRY BUY fill_at=2026-08-11T12:29:59+00:00 features={"close": 8.527, "bb_lower": 8.531941563462059, "bb_upper": 8.637391769871275, "rsi": 33.84327330269967, "mfi": 35.62174712592085, "atr": 0.016142857142857205}
[ENTRY] 2026-08-11T12:29:59+00:00 EIGENTRY layer=1 value=473.30 entry=8.51738325 cash=4266.07
[SCAN] 2026-08-11T12:29:59+00:00 symbols=20 signals=1 entries=1 exits=0 blocked=0 open=7 cash=4266.07 equity=9300.43
[SIGNAL] 2026-08-11T12:29:59+00:00 HOMETRY BUY fill_at=2026-08-11T12:34:59+00:00 features={"close": 0.412, "bb_lower": 0.41394105110673785, "bb_upper": 0.429963710798024, "rsi": 30.41259583221479, "mfi": 30.912751143791127, "atr": 0.003785714285714289}
[BLOCKED] HOMETRY reason=max_layers
[SIGNAL] 2026-08-11T12:29:59+00:00 EIGENTRY BUY fill_at=2026-08-11T12:34:59+00:00 features={"close": 8.492, "bb_lower": 8.516767232863769, "bb_upper": 8.646566100469562, "rsi": 27.735150451946936, "mfi": 30.944865663340323, "atr": 0.01585714285714295}
[ENTRY] 2026-08-11T12:34:59+00:00 EIGENTRY layer=2 value=425.97 entry=8.49436600 cash=3839.46
[SCAN] 2026-08-11T12:34:59+00:00 symbols=20 signals=2 entries=1 exits=0 blocked=7 open=7 cash=3839.46 equity=9320.19
[SCAN] 2026-08-11T12:39:59+00:00 symbols=20 signals=0 entries=0 exits=0 blocked=3 open=7 cash=3839.46 equity=9297.92
[SIGNAL] 2026-08-11T12:39:59+00:00 VICTRY BUY fill_at=2026-08-11T12:44:59+00:00 features={"close": 1.32, "bb_lower": 1.3368524269666697, "bb_upper": 1.3964809063666637, "rsi": 34.57046404849055, "mfi": 29.898310357834987, "atr": 0.019999999999999907}
[BLOCKED] VICTRY reason=max_layers
[SCAN] 2026-08-11T12:44:59+00:00 symbols=20 signals=1 entries=0 exits=0 blocked=4 open=7 cash=3839.46 equity=9313.79
[SIGNAL] 2026-08-11T12:44:59+00:00 VICTRY BUY fill_at=2026-08-11T12:49:59+00:00 features={"close": 1.33, "bb_lower": 1.332722841760593, "bb_upper": 1.3987057296679783, "rsi": 38.76721935231524, "mfi": 18.748376792768738, "atr": 0.019999999999999924}
[BLOCKED] VICTRY reason=max_layers
[SCAN] 2026-08-11T12:49:59+00:00 symbols=20 signals=1 entries=0 exits=0 blocked=2 open=7 cash=3839.46 equity=9298.26
[SIGNAL] 2026-08-11T12:49:59+00:00 VICTRY BUY fill_at=2026-08-11T12:54:59+00:00 features={"close": 1.32, "bb_lower": 1.3252411092226069, "bb_upper": 1.4004731764916791, "rsi": 36.24843400740598, "mfi": 19.668634705811, "atr": 0.019285714285714222}
[BLOCKED] VICTRY reason=max_layers
[SCAN] 2026-08-11T12:54:59+00:00 symbols=20 signals=1 entries=0 exits=0 blocked=2 open=7 cash=3839.46 equity=9297.41
[SCAN] 2026-08-11T12:59:59+00:00 symbols=20 signals=0 entries=0 exits=0 blocked=1 open=7 cash=3839.46 equity=9312.73
[SCAN] 2026-08-11T13:04:59+00:00 symbols=20 signals=0 entries=0 exits=0 blocked=1 open=7 cash=3839.46 equity=9319.19
[SCAN] 2026-08-11T13:09:59+00:00 symbols=20 signals=0 entries=0 exits=0 blocked=0 open=7 cash=3839.46 equity=9338.11
[SCAN] 2026-08-11T13:14:59+00:00 symbols=20 signals=0 entries=0 exits=0 blocked=0 open=7 cash=3839.46 equity=9332.56
[SCAN] 2026-08-11T13:19:59+00:00 symbols=20 signals=0 entries=0 exits=0 blocked=0 open=7 cash=3839.46 equity=9322.92
[SCAN] 2026-08-11T13:24:59+00:00 symbols=20 signals=0 entries=0 exits=0 blocked=0 open=7 cash=3839.46 equity=9331.70
[SCAN] 2026-08-11T13:29:59+00:00 symbols=20 signals=0 entries=0 exits=0 blocked=1 open=7 cash=3839.46 equity=9346.83
[SCAN] 2026-08-11T13:34:59+00:00 symbols=20 signals=0 entries=0 exits=0 blocked=0 open=7 cash=3839.46 equity=9333.63
[SCAN] 2026-08-11T13:39:59+00:00 symbols=20 signals=0 entries=0 exits=0 blocked=0 open=7 cash=3839.46 equity=9340.76
[SCAN] 2026-08-11T13:44:59+00:00 symbols=20 signals=0 entries=0 exits=0 blocked=0 open=7 cash=3839.46 equity=9322.88
[SCAN] 2026-08-11T13:49:59+00:00 symbols=20 signals=0 entries=0 exits=0 blocked=0 open=7 cash=3839.46 equity=9337.96
[SCAN] 2026-08-11T13:54:59+00:00 symbols=20 signals=0 entries=0 exits=0 blocked=0 open=7 cash=3839.46 equity=9328.57
[SCAN] 2026-08-11T13:59:59+00:00 symbols=20 signals=0 entries=0 exits=0 blocked=0 open=7 cash=3839.46 equity=9331.53
[SCAN] 2026-08-11T14:04:59+00:00 symbols=20 signals=0 entries=0 exits=0 blocked=0 open=7 cash=3839.46 equity=9324.91
[SCAN] 2026-08-11T14:09:59+00:00 symbols=20 signals=0 entries=0 exits=0 blocked=0 open=7 cash=3839.46 equity=9301.81
[SIGNAL] 2026-08-11T14:09:59+00:00 VICTRY BUY fill_at=2026-08-11T14:14:59+00:00 features={"close": 1.3, "bb_lower": 1.3089517149598568, "bb_upper": 1.3634292374210955, "rsi": 32.59006169620787, "mfi": 34.79277503960998, "atr": 0.019285714285714302}
[BLOCKED] VICTRY reason=max_layers
[SCAN] 2026-08-11T14:14:59+00:00 symbols=20 signals=1 entries=0 exits=0 blocked=1 open=7 cash=3839.46 equity=9309.53
[SCAN] 2026-08-11T14:19:59+00:00 symbols=20 signals=0 entries=0 exits=0 blocked=1 open=7 cash=3839.46 equity=9307.79
[SCAN] 2026-08-11T14:24:59+00:00 symbols=20 signals=0 entries=0 exits=0 blocked=1 open=7 cash=3839.46 equity=9294.83
[SIGNAL] 2026-08-11T14:24:59+00:00 EIGENTRY BUY fill_at=2026-08-11T14:29:59+00:00 features={"close": 8.436, "bb_lower": 8.460113378743836, "bb_upper": 8.547219954589496, "rsi": 32.52048236233382, "mfi": 47.10083654712938, "atr": 0.02478571428571438}
[BLOCKED] EIGENTRY reason=max_layers
[SCAN] 2026-08-11T14:29:59+00:00 symbols=20 signals=1 entries=0 exits=0 blocked=3 open=7 cash=3839.46 equity=9301.60
[SIGNAL] 2026-08-11T14:29:59+00:00 EIGENTRY BUY fill_at=2026-08-11T14:34:59+00:00 features={"close": 8.449, "bb_lower": 8.45150559746349, "bb_upper": 8.54963725967937, "rsi": 36.39339957504647, "mfi": 37.159729369996136, "atr": 0.024714285714285848}
[BLOCKED] EIGENTRY reason=max_layers
[SCAN] 2026-08-11T14:34:59+00:00 symbols=20 signals=1 entries=0 exits=0 blocked=2 open=7 cash=3839.46 equity=9293.10
[SIGNAL] 2026-08-11T14:34:59+00:00 EIGENTRY BUY fill_at=2026-08-11T14:39:59+00:00 features={"close": 8.441, "bb_lower": 8.442823482880366, "bb_upper": 8.553271755214874, "rsi": 35.052209356456814, "mfi": 35.2827654170724, "atr": 0.024714285714285848}
[BLOCKED] EIGENTRY reason=max_layers
[SCAN] 2026-08-11T14:39:59+00:00 symbols=20 signals=1 entries=0 exits=0 blocked=2 open=7 cash=3839.46 equity=9282.25
[SIGNAL] 2026-08-11T14:39:59+00:00 EIGENTRY BUY fill_at=2026-08-11T14:44:59+00:00 features={"close": 8.426, "bb_lower": 8.431567858140845, "bb_upper": 8.557955951382965, "rsi": 32.6110511001374, "mfi": 35.28910496216784, "atr": 0.024785714285714504}
[BLOCKED] EIGENTRY reason=max_layers
[SCAN] 2026-08-11T14:44:59+00:00 symbols=20 signals=1 entries=0 exits=0 blocked=2 open=7 cash=3839.46 equity=9305.25
[SCAN] 2026-08-11T14:49:59+00:00 symbols=20 signals=0 entries=0 exits=0 blocked=1 open=7 cash=3839.46 equity=9285.12
[SIGNAL] 2026-08-11T14:49:59+00:00 EIGENTRY BUY fill_at=2026-08-11T14:54:59+00:00 features={"close": 8.394, "bb_lower": 8.406271051666973, "bb_upper": 8.566967043571125, "rsi": 28.466245366889055, "mfi": 26.463057920354473, "atr": 0.027071428571428795}
[BLOCKED] EIGENTRY reason=max_layers
[SCAN] 2026-08-11T14:54:59+00:00 symbols=20 signals=1 entries=0 exits=0 blocked=3 open=7 cash=3839.46 equity=9284.71
[SIGNAL] 2026-08-11T14:54:59+00:00 ENATRY BUY fill_at=2026-08-11T14:59:59+00:00 features={"close": 4.242, "bb_lower": 4.243494203185674, "bb_upper": 4.274696273004801, "rsi": 36.72848629857108, "mfi": 29.24038671394446, "atr": 0.010428571428571358}
[ENTRY] 2026-08-11T14:59:59+00:00 ENATRY layer=1 value=383.37 entry=4.24618225 cash=3455.51
[SIGNAL] 2026-08-11T14:54:59+00:00 EIGENTRY BUY fill_at=2026-08-11T14:59:59+00:00 features={"close": 8.372, "bb_lower": 8.387589516677643, "bb_upper": 8.57060095951283, "rsi": 25.72002444229645, "mfi": 21.72491499094417, "atr": 0.02921428571428589}
[BLOCKED] EIGENTRY reason=max_layers
[SCAN] 2026-08-11T14:59:59+00:00 symbols=20 signals=2 entries=1 exits=0 blocked=4 open=8 cash=3455.51 equity=9264.56
[SIGNAL] 2026-08-11T14:59:59+00:00 FIDATRY BUY fill_at=2026-08-11T15:04:59+00:00 features={"close": 0.847, "bb_lower": 0.8488539694288771, "bb_upper": 0.8574317448568373, "rsi": 28.782929646190468, "mfi": 54.731014282560956, "atr": 0.0015714285714285728}
[ENTRY] 2026-08-11T15:04:59+00:00 FIDATRY layer=1 value=345.03 entry=0.84863600 cash=3109.96
[SIGNAL] 2026-08-11T14:59:59+00:00 HOMETRY BUY fill_at=2026-08-11T15:04:59+00:00 features={"close": 0.416, "bb_lower": 0.41852003142381927, "bb_upper": 0.4305275876237999, "rsi": 34.516764933802634, "mfi": 20.534794901797923, "atr": 0.002571428571428574}
[BLOCKED] HOMETRY reason=max_layers
[SIGNAL] 2026-08-11T14:59:59+00:00 RESOLVTRY BUY fill_at=2026-08-11T15:04:59+00:00 features={"close": 0.796, "bb_lower": 0.7961573704531786, "bb_upper": 0.8065188200230122, "rsi": 29.5259684763449, "mfi": 2.7253502621965993, "atr": 0.0015499999999999958}
[ENTRY] 2026-08-11T15:04:59+00:00 RESOLVTRY layer=1 value=310.53 entry=0.79869858 cash=2798.97
[SIGNAL] 2026-08-11T14:59:59+00:00 EIGENTRY BUY fill_at=2026-08-11T15:04:59+00:00 features={"close": 8.338, "bb_lower": 8.36425466297021, "bb_upper": 8.574602479886936, "rsi": 22.14343837340958, "mfi": 18.83623046796248, "atr": 0.031285714285714326}
[BLOCKED] EIGENTRY reason=max_layers
[SIGNAL] 2026-08-11T14:59:59+00:00 LDOTRY BUY fill_at=2026-08-11T15:04:59+00:00 features={"close": 13.76, "bb_lower": 13.78182616527405, "bb_upper": 13.986745263297378, "rsi": 28.365880809561872, "mfi": 24.582649084323577, "atr": 0.027857142857142643}
[BLOCKED] LDOTRY reason=max_layers
[EXIT] 2026-08-11T15:04:59+00:00 HOMETRY reason=fixed_stop_loss pnl=-81.76 cash=3603.64
[SCAN] 2026-08-11T15:04:59+00:00 symbols=20 signals=5 entries=2 exits=1 blocked=5 open=9 cash=3603.64 equity=9252.44
[SIGNAL] 2026-08-11T15:04:59+00:00 HOMETRY BUY fill_at=2026-08-11T15:09:59+00:00 features={"close": 0.411, "bb_lower": 0.4155468345301434, "bb_upper": 0.43216745118414224, "rsi": 28.518366121050093, "mfi": 15.126611730187662, "atr": 0.0028571428571428597}
[ENTRY] 2026-08-11T15:09:59+00:00 HOMETRY layer=1 value=359.82 entry=0.41130825 cash=3243.28
[SIGNAL] 2026-08-11T15:04:59+00:00 EIGENTRY BUY fill_at=2026-08-11T15:09:59+00:00 features={"close": 8.32, "bb_lower": 8.339216327149105, "bb_upper": 8.58164081570804, "rsi": 20.507853088150853, "mfi": 14.573657625297457, "atr": 0.033428571428571426}
[BLOCKED] EIGENTRY reason=max_layers
[SIGNAL] 2026-08-11T15:04:59+00:00 LDOTRY BUY fill_at=2026-08-11T15:09:59+00:00 features={"close": 13.73, "bb_lower": 13.755037513937355, "bb_upper": 13.998295819395983, "rsi": 25.497190503048344, "mfi": 19.695295150467288, "atr": 0.03142857142857114}
[BLOCKED] LDOTRY reason=max_layers
[SCAN] 2026-08-11T15:09:59+00:00 symbols=20 signals=3 entries=1 exits=0 blocked=3 open=10 cash=3243.28 equity=9271.91
[SIGNAL] 2026-08-11T15:09:59+00:00 HOMETRY BUY fill_at=2026-08-11T15:14:59+00:00 features={"close": 0.413, "bb_lower": 0.41385824182327313, "bb_upper": 0.43242747246244106, "rsi": 33.52435524514328, "mfi": 24.40693488081787, "atr": 0.002928571428571431}
[ENTRY] 2026-08-11T15:14:59+00:00 HOMETRY layer=2 value=323.84 entry=0.41431050 cash=2918.95
[SIGNAL] 2026-08-11T15:09:59+00:00 LDOTRY BUY fill_at=2026-08-11T15:14:59+00:00 features={"close": 13.73, "bb_lower": 13.734479148006658, "bb_upper": 14.007425613898105, "rsi": 25.49719053356563, "mfi": 10.847942687884753, "atr": 0.03142857142857114}
[BLOCKED] LDOTRY reason=max_layers
[SCAN] 2026-08-11T15:14:59+00:00 symbols=20 signals=2 entries=1 exits=0 blocked=2 open=10 cash=2918.95 equity=9265.60
[SIGNAL] 2026-08-11T15:14:59+00:00 HOMETRY BUY fill_at=2026-08-11T15:19:59+00:00 features={"close": 0.411, "bb_lower": 0.4120477297901892, "bb_upper": 0.4325236987812394, "rsi": 31.16029218669533, "mfi": 18.540378158771233, "atr": 0.0030000000000000027}
[BLOCKED] HOMETRY reason=max_layers
[SIGNAL] 2026-08-11T15:14:59+00:00 LDOTRY BUY fill_at=2026-08-11T15:19:59+00:00 features={"close": 13.71, "bb_lower": 13.710273943739216, "bb_upper": 14.01544034197507, "rsi": 23.627626126699226, "mfi": 10.801838390146898, "atr": 0.032142857142856966}
[BLOCKED] LDOTRY reason=max_layers
[SCAN] 2026-08-11T15:19:59+00:00 symbols=20 signals=2 entries=0 exits=0 blocked=3 open=10 cash=2918.95 equity=9266.97
[SIGNAL] 2026-08-11T15:19:59+00:00 FIDATRY BUY fill_at=2026-08-11T15:24:59+00:00 features={"close": 0.847, "bb_lower": 0.8471923813334858, "bb_upper": 0.8567123805712762, "rsi": 33.59688469579319, "mfi": 40.05377833945844, "atr": 0.0020000000000000018}
[ENTRY] 2026-08-11T15:24:59+00:00 FIDATRY layer=2 value=291.46 entry=0.84763525 cash=2627.05
[SIGNAL] 2026-08-11T15:19:59+00:00 ZROTRY BUY fill_at=2026-08-11T15:24:59+00:00 features={"close": 41.0, "bb_lower": 41.05773838616587, "bb_upper": 42.275594947167455, "rsi": 31.031164506591523, "mfi": 37.733333057718085, "atr": 0.13571428571428662}
[ENTRY] 2026-08-11T15:24:59+00:00 ZROTRY layer=1 value=262.31 entry=41.03075000 cash=2364.35
[SIGNAL] 2026-08-11T15:19:59+00:00 TOWNSTRY BUY fill_at=2026-08-11T15:24:59+00:00 features={"close": 0.111, "bb_lower": 0.11117469039160925, "bb_upper": 0.11406340484648604, "rsi": 34.00623178983403, "mfi": 46.23094221557372, "atr": 0.0005000000000000004}
[ENTRY] 2026-08-11T15:24:59+00:00 TOWNSTRY layer=1 value=236.08 entry=0.11208400 cash=2127.91
[SCAN] 2026-08-11T15:24:59+00:00 symbols=20 signals=3 entries=3 exits=0 blocked=0 open=12 cash=2127.91 equity=9258.38
[SCAN] 2026-08-11T15:29:59+00:00 symbols=20 signals=0 entries=0 exits=0 blocked=1 open=12 cash=2127.91 equity=9255.53
[SCAN] 2026-08-11T15:34:59+00:00 symbols=20 signals=0 entries=0 exits=0 blocked=0 open=12 cash=2127.91 equity=9235.05
[SIGNAL] 2026-08-11T15:34:59+00:00 TSTTRY BUY fill_at=2026-08-11T15:39:59+00:00 features={"close": 0.755, "bb_lower": 0.7570255853146162, "bb_upper": 0.8109744146853837, "rsi": 29.912581380917644, "mfi": 32.87293926322175, "atr": 0.01050000000000001}
[ENTRY] 2026-08-11T15:39:59+00:00 TSTTRY layer=1 value=212.47 entry=0.75656700 cash=1915.12
[SCAN] 2026-08-11T15:39:59+00:00 symbols=20 signals=1 entries=1 exits=0 blocked=0 open=13 cash=1915.12 equity=9195.00
[SIGNAL] 2026-08-11T15:39:59+00:00 FIDATRY BUY fill_at=2026-08-11T15:44:59+00:00 features={"close": 0.84, "bb_lower": 0.8436340304418154, "bb_upper": 0.856937398129613, "rsi": 23.73045792144832, "mfi": 38.77171796107832, "atr": 0.0022857142857142876}
[BLOCKED] FIDATRY reason=max_layers
[SIGNAL] 2026-08-11T15:39:59+00:00 ENATRY BUY fill_at=2026-08-11T15:44:59+00:00 features={"close": 4.227, "bb_lower": 4.230414982689211, "bb_upper": 4.299680255406028, "rsi": 36.33708588976236, "mfi": 36.72318988329855, "atr": 0.017142857142857095}
[ENTRY] 2026-08-11T15:44:59+00:00 ENATRY layer=2 value=191.23 entry=4.23617475 cash=1723.61
[SIGNAL] 2026-08-11T15:39:59+00:00 VANRYTRY BUY fill_at=2026-08-11T15:44:59+00:00 features={"close": 0.134, "bb_lower": 0.1341397585376552, "bb_upper": 0.13735547955758282, "rsi": 39.30640280715206, "mfi": 20.34529758974783, "atr": 0.0010000000000000009}
[BLOCKED] VANRYTRY reason=max_layers
[SIGNAL] 2026-08-11T15:39:59+00:00 ZROTRY BUY fill_at=2026-08-11T15:44:59+00:00 features={"close": 40.7, "bb_lower": 40.70246432314959, "bb_upper": 42.40229758161231, "rsi": 24.0619025961402, "mfi": 4.57277279890053, "atr": 0.0999999999999999}
[ENTRY] 2026-08-11T15:44:59+00:00 ZROTRY layer=2 value=172.10 entry=40.83060000 cash=1551.25
[SIGNAL] 2026-08-11T15:39:59+00:00 RESOLVTRY BUY fill_at=2026-08-11T15:44:59+00:00 features={"close": 0.7867, "bb_lower": 0.7897624910328919, "bb_upper": 0.8080565565861558, "rsi": 25.521776884826323, "mfi": 10.888935081195001, "atr": 0.002107142857142847}
[ENTRY] 2026-08-11T15:44:59+00:00 RESOLVTRY layer=2 value=154.89 entry=0.78468808 cash=1396.12
[SIGNAL] 2026-08-11T15:39:59+00:00 LDOTRY BUY fill_at=2026-08-11T15:44:59+00:00 features={"close": 13.58, "bb_lower": 13.61599459997697, "bb_upper": 14.004005400023027, "rsi": 21.880845265676598, "mfi": 7.403210323719918, "atr": 0.04357142857142853}
[BLOCKED] LDOTRY reason=max_layers
[SCAN] 2026-08-11T15:44:59+00:00 symbols=20 signals=6 entries=3 exits=0 blocked=5 open=13 cash=1396.12 equity=9204.96
[SIGNAL] 2026-08-11T15:44:59+00:00 FIDATRY BUY fill_at=2026-08-11T15:49:59+00:00 features={"close": 0.836, "bb_lower": 0.8406222657100442, "bb_upper": 0.8582348771470985, "rsi": 19.750906898488964, "mfi": 35.4970127194602, "atr": 0.0025000000000000022}
[BLOCKED] FIDATRY reason=max_layers
[SIGNAL] 2026-08-11T15:44:59+00:00 RESOLVTRY BUY fill_at=2026-08-11T15:49:59+00:00 features={"close": 0.7841, "bb_lower": 0.7875059541042823, "bb_upper": 0.8080654744671462, "rsi": 22.989109682048095, "mfi": 9.758978855528383, "atr": 0.0021499999999999853}
[BLOCKED] RESOLVTRY reason=max_layers
[SIGNAL] 2026-08-11T15:44:59+00:00 EIGENTRY BUY fill_at=2026-08-11T15:49:59+00:00 features={"close": 8.236, "bb_lower": 8.242521972044356, "bb_upper": 8.533763742241357, "rsi": 22.88990652289138, "mfi": 13.618782790191332, "atr": 0.0409285714285712}
[BLOCKED] EIGENTRY reason=max_layers
[SIGNAL] 2026-08-11T15:44:59+00:00 TOWNSTRY BUY fill_at=2026-08-11T15:49:59+00:00 features={"close": 0.11, "bb_lower": 0.11044771525016922, "bb_upper": 0.11421895141649749, "rsi": 31.17027184001421, "mfi": 37.285255336043086, "atr": 0.0005000000000000004}
[ENTRY] 2026-08-11T15:49:59+00:00 TOWNSTRY layer=2 value=139.40 entry=0.11008250 cash=1256.51
[SIGNAL] 2026-08-11T15:44:59+00:00 LDOTRY BUY fill_at=2026-08-11T15:49:59+00:00 features={"close": 13.56, "bb_lower": 13.577632187933075, "bb_upper": 14.009034478733595, "rsi": 20.790325845600975, "mfi": 7.368619913571834, "atr": 0.046428571428571326}
[BLOCKED] LDOTRY reason=max_layers
[SCAN] 2026-08-11T15:49:59+00:00 symbols=20 signals=5 entries=1 exits=0 blocked=5 open=13 cash=1256.51 equity=9196.67
[SIGNAL] 2026-08-11T15:49:59+00:00 FIDATRY BUY fill_at=2026-08-11T15:54:59+00:00 features={"close": 0.838, "bb_lower": 0.838862229705424, "bb_upper": 0.8584711036279096, "rsi": 26.433431545808006, "mfi": 41.788067839287606, "atr": 0.0025000000000000022}
[BLOCKED] FIDATRY reason=max_layers
[SIGNAL] 2026-08-11T15:49:59+00:00 RESOLVTRY BUY fill_at=2026-08-11T15:54:59+00:00 features={"close": 0.7841, "bb_lower": 0.785350911989428, "bb_upper": 0.8084300403915243, "rsi": 22.98910969314366, "mfi": 12.378268504508924, "atr": 0.0020785714285714136}
[BLOCKED] RESOLVTRY reason=max_layers
[SIGNAL] 2026-08-11T15:49:59+00:00 EIGENTRY BUY fill_at=2026-08-11T15:54:59+00:00 features={"close": 8.215, "bb_lower": 8.218373862337303, "bb_upper": 8.532768994805553, "rsi": 21.302229738973082, "mfi": 14.412178724001507, "atr": 0.04178571428571409}
[BLOCKED] EIGENTRY reason=max_layers
[SIGNAL] 2026-08-11T15:49:59+00:00 TOWNSTRY BUY fill_at=2026-08-11T15:54:59+00:00 features={"close": 0.11, "bb_lower": 0.11010850668809545, "bb_upper": 0.11436768378809505, "rsi": 31.17027184901623, "mfi": 24.959906566358413, "atr": 0.00042857142857142893}
[BLOCKED] TOWNSTRY reason=max_layers
[SCAN] 2026-08-11T15:54:59+00:00 symbols=20 signals=4 entries=0 exits=0 blocked=5 open=13 cash=1256.51 equity=9189.66
[SIGNAL] 2026-08-11T15:54:59+00:00 FIDATRY BUY fill_at=2026-08-11T15:59:59+00:00 features={"close": 0.837, "bb_lower": 0.8371272763440507, "bb_upper": 0.8586822474654732, "rsi": 25.292588692553053, "mfi": 28.48845471591791, "atr": 0.002571428571428574}
[BLOCKED] FIDATRY reason=max_layers
[EXIT] 2026-08-11T15:59:59+00:00 TSTTRY reason=fixed_take_profit pnl=+4.12 cash=1473.42
[SCAN] 2026-08-11T15:59:59+00:00 symbols=20 signals=1 entries=0 exits=1 blocked=2 open=12 cash=1473.42 equity=9216.54
[SCAN] 2026-08-11T16:04:59+00:00 symbols=20 signals=0 entries=0 exits=0 blocked=0 open=12 cash=1473.42 equity=9213.62
[SCAN] 2026-08-11T16:09:59+00:00 symbols=20 signals=0 entries=0 exits=0 blocked=2 open=12 cash=1473.42 equity=9225.92
[SCAN] 2026-08-11T16:14:59+00:00 symbols=20 signals=0 entries=0 exits=0 blocked=1 open=12 cash=1473.42 equity=9224.47
[EXIT] 2026-08-11T16:19:59+00:00 VANRYTRY reason=fixed_stop_loss pnl=-64.28 cash=2106.13
[SCAN] 2026-08-11T16:19:59+00:00 symbols=20 signals=0 entries=0 exits=1 blocked=1 open=11 cash=2106.13 equity=9226.13
[SCAN] 2026-08-11T16:24:59+00:00 symbols=20 signals=0 entries=0 exits=0 blocked=1 open=11 cash=2106.13 equity=9247.03
[SCAN] 2026-08-11T16:29:59+00:00 symbols=20 signals=0 entries=0 exits=0 blocked=0 open=11 cash=2106.13 equity=9233.76
[SCAN] 2026-08-11T16:34:59+00:00 symbols=20 signals=0 entries=0 exits=0 blocked=1 open=11 cash=2106.13 equity=9223.59
[SCAN] 2026-08-11T16:39:59+00:00 symbols=20 signals=0 entries=0 exits=0 blocked=0 open=11 cash=2106.13 equity=9210.45
[SIGNAL] 2026-08-11T16:39:59+00:00 HOMETRY BUY fill_at=2026-08-11T16:44:59+00:00 features={"close": 0.408, "bb_lower": 0.4094202863219794, "bb_upper": 0.41791304701135384, "rsi": 33.40778621666634, "mfi": 37.00555412550766, "atr": 0.0031428571428571456}
[BLOCKED] HOMETRY reason=max_layers
[SCAN] 2026-08-11T16:44:59+00:00 symbols=20 signals=1 entries=0 exits=0 blocked=1 open=11 cash=2106.13 equity=9212.99
[SCAN] 2026-08-11T16:49:59+00:00 symbols=20 signals=0 entries=0 exits=0 blocked=0 open=11 cash=2106.13 equity=9218.79
[SCAN] 2026-08-11T16:54:59+00:00 symbols=20 signals=0 entries=0 exits=0 blocked=0 open=11 cash=2106.13 equity=9224.84
[SIGNAL] 2026-08-11T16:54:59+00:00 BANKTRY BUY fill_at=2026-08-11T16:59:59+00:00 features={"close": 1.766, "bb_lower": 1.7662307763768643, "bb_upper": 1.7981501760040874, "rsi": 35.87734636906801, "mfi": 17.838650666409734, "atr": 0.006214285714285712}
[ENTRY] 2026-08-11T16:59:59+00:00 BANKTRY layer=1 value=210.30 entry=1.76732450 cash=1895.51
[SCAN] 2026-08-11T16:59:59+00:00 symbols=20 signals=1 entries=1 exits=0 blocked=0 open=12 cash=1895.51 equity=9225.89
[SIGNAL] 2026-08-11T16:59:59+00:00 BANKTRY BUY fill_at=2026-08-11T17:04:59+00:00 features={"close": 1.741, "bb_lower": 1.7564681914447238, "bb_upper": 1.8038175228409903, "rsi": 24.133203328767408, "mfi": 13.624236971861535, "atr": 0.010999999999999994}
[ENTRY] 2026-08-11T17:04:59+00:00 BANKTRY layer=2 value=189.27 entry=1.74330650 cash=1705.96
[SCAN] 2026-08-11T17:04:59+00:00 symbols=20 signals=1 entries=1 exits=0 blocked=0 open=12 cash=1705.96 equity=9209.65
[SIGNAL] 2026-08-11T17:04:59+00:00 HEITRY BUY fill_at=2026-08-11T17:09:59+00:00 features={"close": 7.119, "bb_lower": 7.166930827119, "bb_upper": 7.3823072681190975, "rsi": 32.43977041885802, "mfi": 36.02784440784837, "atr": 0.051214285714285754}
[ENTRY] 2026-08-11T17:09:59+00:00 HEITRY layer=1 value=170.34 entry=7.12433925 cash=1535.37
[SIGNAL] 2026-08-11T17:04:59+00:00 BANKTRY BUY fill_at=2026-08-11T17:09:59+00:00 features={"close": 1.74, "bb_lower": 1.7489384888801112, "bb_upper": 1.8070615111198889, "rsi": 23.79566663540298, "mfi": 24.135981398155266, "atr": 0.011857142857142835}
[BLOCKED] BANKTRY reason=max_layers
[SCAN] 2026-08-11T17:09:59+00:00 symbols=20 signals=2 entries=1 exits=0 blocked=1 open=13 cash=1535.37 equity=9220.83
[SCAN] 2026-08-11T17:14:59+00:00 symbols=20 signals=0 entries=0 exits=0 blocked=0 open=13 cash=1535.37 equity=9223.53
[SCAN] 2026-08-11T17:19:59+00:00 symbols=20 signals=0 entries=0 exits=0 blocked=0 open=13 cash=1535.37 equity=9222.10
[SIGNAL] 2026-08-11T17:19:59+00:00 HEITRY BUY fill_at=2026-08-11T17:24:59+00:00 features={"close": 7.108, "bb_lower": 7.1184754086733255, "bb_upper": 7.373715067517151, "rsi": 34.322609621226505, "mfi": 29.876156365501203, "atr": 0.0502142857142858}
[ENTRY] 2026-08-11T17:24:59+00:00 HEITRY layer=2 value=153.31 entry=7.11333100 cash=1381.83
[SIGNAL] 2026-08-11T17:19:59+00:00 HOMETRY BUY fill_at=2026-08-11T17:24:59+00:00 features={"close": 0.406, "bb_lower": 0.4061460961193366, "bb_upper": 0.41804438007113953, "rsi": 34.67093946930618, "mfi": 33.57998604658124, "atr": 0.002785714285714284}
[BLOCKED] HOMETRY reason=max_layers
[SCAN] 2026-08-11T17:24:59+00:00 symbols=20 signals=2 entries=1 exits=0 blocked=1 open=13 cash=1381.83 equity=9210.07
[SIGNAL] 2026-08-11T17:24:59+00:00 HEITRY BUY fill_at=2026-08-11T17:29:59+00:00 features={"close": 7.093, "bb_lower": 7.096008277584774, "bb_upper": 7.375420293843796, "rsi": 33.08257850207886, "mfi": 25.03838243076686, "atr": 0.04935714285714291}
[BLOCKED] HEITRY reason=max_layers
[SIGNAL] 2026-08-11T17:24:59+00:00 HOMETRY BUY fill_at=2026-08-11T17:29:59+00:00 features={"close": 0.405, "bb_lower": 0.4050884388413887, "bb_upper": 0.41843537068242087, "rsi": 33.093490600955164, "mfi": 37.23741066140871, "atr": 0.0027857142857142803}
[BLOCKED] HOMETRY reason=max_layers
[SCAN] 2026-08-11T17:29:59+00:00 symbols=20 signals=2 entries=0 exits=0 blocked=2 open=13 cash=1381.83 equity=9209.60
[SIGNAL] 2026-08-11T17:29:59+00:00 HOMETRY BUY fill_at=2026-08-11T17:34:59+00:00 features={"close": 0.401, "bb_lower": 0.4031692768489283, "bb_upper": 0.41902119934154786, "rsi": 27.643405210610155, "mfi": 29.822145788379842, "atr": 0.003071428571428566}
[BLOCKED] HOMETRY reason=max_layers
[SCAN] 2026-08-11T17:34:59+00:00 symbols=20 signals=1 entries=0 exits=0 blocked=2 open=13 cash=1381.83 equity=9215.16
[SIGNAL] 2026-08-11T17:34:59+00:00 HOMETRY BUY fill_at=2026-08-11T17:39:59+00:00 features={"close": 0.4, "bb_lower": 0.40142462526958594, "bb_upper": 0.4192420413970808, "rsi": 26.463075988388212, "mfi": 25.33866230911795, "atr": 0.002999999999999995}
[BLOCKED] HOMETRY reason=max_layers
[SCAN] 2026-08-11T17:39:59+00:00 symbols=20 signals=1 entries=0 exits=0 blocked=1 open=13 cash=1381.83 equity=9222.39
[SCAN] 2026-08-11T17:44:59+00:00 symbols=20 signals=0 entries=0 exits=0 blocked=0 open=13 cash=1381.83 equity=9225.01
[SCAN] 2026-08-11T17:49:59+00:00 symbols=20 signals=0 entries=0 exits=0 blocked=0 open=13 cash=1381.83 equity=9207.47
[SCAN] 2026-08-11T17:54:59+00:00 symbols=20 signals=0 entries=0 exits=0 blocked=0 open=13 cash=1381.83 equity=9194.23
[SIGNAL] 2026-08-11T17:54:59+00:00 ONDOTRY BUY fill_at=2026-08-11T17:59:59+00:00 features={"close": 15.84, "bb_lower": 15.854423089639761, "bb_upper": 15.966529291312616, "rsi": 35.096943212060054, "mfi": 55.85242537102939, "atr": 0.029285714285714297}
[BLOCKED] ONDOTRY reason=max_layers
[SCAN] 2026-08-11T17:59:59+00:00 symbols=20 signals=1 entries=0 exits=0 blocked=1 open=13 cash=1381.83 equity=9202.53
[SCAN] 2026-08-11T18:04:59+00:00 symbols=20 signals=0 entries=0 exits=0 blocked=0 open=13 cash=1381.83 equity=9202.30
[SCAN] 2026-08-11T18:09:59+00:00 symbols=20 signals=0 entries=0 exits=0 blocked=0 open=13 cash=1381.83 equity=9188.98
[SIGNAL] 2026-08-11T18:09:59+00:00 EIGENTRY BUY fill_at=2026-08-11T18:14:59+00:00 features={"close": 8.295, "bb_lower": 8.298339459422557, "bb_upper": 8.344231969148868, "rsi": 39.96716916118808, "mfi": 14.241809403166002, "atr": 0.015357142857143355}
[BLOCKED] EIGENTRY reason=max_layers
[SCAN] 2026-08-11T18:14:59+00:00 symbols=20 signals=1 entries=0 exits=0 blocked=1 open=13 cash=1381.83 equity=9198.83
[SCAN] 2026-08-11T18:19:59+00:00 symbols=20 signals=0 entries=0 exits=0 blocked=0 open=13 cash=1381.83 equity=9186.13
[SIGNAL] 2026-08-11T18:19:59+00:00 TSTTRY BUY fill_at=2026-08-11T18:24:59+00:00 features={"close": 0.757, "bb_lower": 0.7570183344116218, "bb_upper": 0.7743149989217116, "rsi": 38.684296626282304, "mfi": 37.27358568857973, "atr": 0.005857142857142862}
[ENTRY] 2026-08-11T18:24:59+00:00 TSTTRY layer=1 value=137.98 entry=0.75856850 cash=1243.65
[SCAN] 2026-08-11T18:24:59+00:00 symbols=20 signals=1 entries=1 exits=0 blocked=2 open=14 cash=1243.65 equity=9198.22
[SCAN] 2026-08-11T18:29:59+00:00 symbols=20 signals=0 entries=0 exits=0 blocked=1 open=14 cash=1243.65 equity=9189.77
[SIGNAL] 2026-08-11T18:29:59+00:00 EIGENTRY BUY fill_at=2026-08-11T18:34:59+00:00 features={"close": 8.28, "bb_lower": 8.285957700949494, "bb_upper": 8.34775658476479, "rsi": 36.75029371654488, "mfi": 11.090914094062654, "atr": 0.012642857142857749}
[BLOCKED] EIGENTRY reason=max_layers
[SCAN] 2026-08-11T18:34:59+00:00 symbols=20 signals=1 entries=0 exits=0 blocked=2 open=14 cash=1243.65 equity=9187.87
[SCAN] 2026-08-11T18:39:59+00:00 symbols=20 signals=0 entries=0 exits=0 blocked=0 open=14 cash=1243.65 equity=9186.18
[SCAN] 2026-08-11T18:44:59+00:00 symbols=20 signals=0 entries=0 exits=0 blocked=0 open=14 cash=1243.65 equity=9179.98
[SIGNAL] 2026-08-11T18:44:59+00:00 VICTRY BUY fill_at=2026-08-11T18:49:59+00:00 features={"close": 1.31, "bb_lower": 1.3116575110919217, "bb_upper": 1.3550091555747448, "rsi": 38.79687380640437, "mfi": 30.119550607865108, "atr": 0.0142857142857143}
[BLOCKED] VICTRY reason=max_layers
[SIGNAL] 2026-08-11T18:44:59+00:00 HEITRY BUY fill_at=2026-08-11T18:49:59+00:00 features={"close": 7.048, "bb_lower": 7.056992754112345, "bb_upper": 7.164340579220987, "rsi": 36.81799300136742, "mfi": 53.99792585845905, "atr": 0.04664285714285711}
[BLOCKED] HEITRY reason=max_layers
[EXIT] 2026-08-11T18:49:59+00:00 TSTTRY reason=fixed_take_profit pnl=+2.67 cash=1384.50
[SCAN] 2026-08-11T18:49:59+00:00 symbols=20 signals=2 entries=0 exits=1 blocked=2 open=13 cash=1384.50 equity=9193.93
[SCAN] 2026-08-11T18:54:59+00:00 symbols=20 signals=0 entries=0 exits=0 blocked=1 open=13 cash=1384.50 equity=9171.34
[SIGNAL] 2026-08-11T18:54:59+00:00 ENATRY BUY fill_at=2026-08-11T18:59:59+00:00 features={"close": 4.219, "bb_lower": 4.225584862284117, "bb_upper": 4.292415137715882, "rsi": 31.159265492245993, "mfi": 29.14519950107865, "atr": 0.00871428571428577}
[BLOCKED] ENATRY reason=max_layers
[SCAN] 2026-08-11T18:59:59+00:00 symbols=20 signals=1 entries=0 exits=0 blocked=2 open=13 cash=1384.50 equity=9185.10
[SIGNAL] 2026-08-11T18:59:59+00:00 ENATRY BUY fill_at=2026-08-11T19:04:59+00:00 features={"close": 4.212, "bb_lower": 4.217718317946029, "bb_upper": 4.294757872530162, "rsi": 28.960167704351633, "mfi": 22.82299919603973, "atr": 0.008428571428571516}
[BLOCKED] ENATRY reason=max_layers
[SCAN] 2026-08-11T19:04:59+00:00 symbols=20 signals=1 entries=0 exits=0 blocked=2 open=13 cash=1384.50 equity=9173.06
[SIGNAL] 2026-08-11T19:04:59+00:00 ENATRY BUY fill_at=2026-08-11T19:09:59+00:00 features={"close": 4.194, "bb_lower": 4.206490202555405, "bb_upper": 4.298557416492215, "rsi": 24.201950452754716, "mfi": 18.714349315926782, "atr": 0.00964285714285719}
[BLOCKED] ENATRY reason=max_layers
[SCAN] 2026-08-11T19:09:59+00:00 symbols=20 signals=1 entries=0 exits=0 blocked=2 open=13 cash=1384.50 equity=9172.02
[SIGNAL] 2026-08-11T19:09:59+00:00 ENATRY BUY fill_at=2026-08-11T19:14:59+00:00 features={"close": 4.18, "bb_lower": 4.195248144266786, "bb_upper": 4.299037570018928, "rsi": 21.258876730282978, "mfi": 17.482034582978144, "atr": 0.010500000000000018}
[BLOCKED] ENATRY reason=max_layers
[SCAN] 2026-08-11T19:14:59+00:00 symbols=20 signals=1 entries=0 exits=0 blocked=2 open=13 cash=1384.50 equity=9191.44
[SIGNAL] 2026-08-11T19:14:59+00:00 ENATRY BUY fill_at=2026-08-11T19:19:59+00:00 features={"close": 4.176, "bb_lower": 4.184529170858485, "bb_upper": 4.299566067236754, "rsi": 20.48772715528949, "mfi": 16.826740091647906, "atr": 0.010357142857142827}
[BLOCKED] ENATRY reason=max_layers
[EXIT] 2026-08-11T19:19:59+00:00 HOMETRY reason=fixed_take_profit pnl=+13.24 cash=2082.44
[SCAN] 2026-08-11T19:19:59+00:00 symbols=20 signals=1 entries=0 exits=1 blocked=4 open=12 cash=2082.44 equity=9211.01
[SCAN] 2026-08-11T19:24:59+00:00 symbols=20 signals=0 entries=0 exits=0 blocked=3 open=12 cash=2082.44 equity=9220.11
[SCAN] 2026-08-11T19:29:59+00:00 symbols=20 signals=0 entries=0 exits=0 blocked=0 open=12 cash=2082.44 equity=9222.11
[SCAN] 2026-08-11T19:34:59+00:00 symbols=20 signals=0 entries=0 exits=0 blocked=2 open=12 cash=2082.44 equity=9228.98
[SCAN] 2026-08-11T19:39:59+00:00 symbols=20 signals=0 entries=0 exits=0 blocked=0 open=12 cash=2082.44 equity=9237.48
[EXIT] 2026-08-11T19:44:59+00:00 LDOTRY reason=bb_mfi_v3_signal_exit pnl=-15.49 cash=2672.44
[SCAN] 2026-08-11T19:44:59+00:00 symbols=20 signals=0 entries=0 exits=1 blocked=0 open=11 cash=2672.44 equity=9232.33
[SCAN] 2026-08-11T19:49:59+00:00 symbols=20 signals=0 entries=0 exits=0 blocked=0 open=11 cash=2672.44 equity=9233.67
[SCAN] 2026-08-11T19:54:59+00:00 symbols=20 signals=0 entries=0 exits=0 blocked=0 open=11 cash=2672.44 equity=9243.71
[SCAN] 2026-08-11T19:59:59+00:00 symbols=20 signals=0 entries=0 exits=0 blocked=0 open=11 cash=2672.44 equity=9256.54
[EXIT] 2026-08-11T20:04:59+00:00 ONDOTRY reason=bb_mfi_v3_signal_exit pnl=-23.74 cash=4069.24
[SCAN] 2026-08-11T20:04:59+00:00 symbols=20 signals=0 entries=0 exits=2 blocked=0 open=9 cash=4069.24 equity=9258.34
[EXIT] 2026-08-11T20:09:59+00:00 ENATRY reason=fixed_take_profit pnl=+11.13 cash=4655.83
[SCAN] 2026-08-11T20:09:59+00:00 symbols=20 signals=0 entries=0 exits=1 blocked=0 open=8 cash=4655.83 equity=9283.98
[SCAN] 2026-08-11T20:14:59+00:00 symbols=20 signals=0 entries=0 exits=0 blocked=0 open=8 cash=4655.83 equity=9277.86
[EXIT] 2026-08-11T20:19:59+00:00 RESOLVTRY reason=bb_mfi_v3_signal_exit pnl=-3.96 cash=5117.99
[SCAN] 2026-08-11T20:19:59+00:00 symbols=20 signals=0 entries=0 exits=1 blocked=0 open=7 cash=5117.99 equity=9278.04
[SCAN] 2026-08-11T20:24:59+00:00 symbols=20 signals=0 entries=0 exits=0 blocked=0 open=7 cash=5117.99 equity=9278.08
[SCAN] 2026-08-11T20:29:59+00:00 symbols=20 signals=0 entries=0 exits=0 blocked=0 open=7 cash=5117.99 equity=9278.79
[SCAN] 2026-08-11T20:34:59+00:00 symbols=20 signals=0 entries=0 exits=0 blocked=0 open=7 cash=5117.99 equity=9272.62
[SCAN] 2026-08-11T20:39:59+00:00 symbols=20 signals=0 entries=0 exits=0 blocked=1 open=7 cash=5117.99 equity=9275.73
[SCAN] 2026-08-11T20:44:59+00:00 symbols=20 signals=0 entries=0 exits=0 blocked=1 open=7 cash=5117.99 equity=9274.81
[SCAN] 2026-08-11T20:49:59+00:00 symbols=20 signals=0 entries=0 exits=0 blocked=1 open=7 cash=5117.99 equity=9279.52
[SCAN] 2026-08-11T20:54:59+00:00 symbols=20 signals=0 entries=0 exits=0 blocked=1 open=7 cash=5117.99 equity=9270.16
[EXIT] 2026-08-11T20:59:59+00:00 TOWNSTRY reason=bb_mfi_v3_signal_exit pnl=-2.53 cash=5491.51
[SCAN] 2026-08-11T20:59:59+00:00 symbols=20 signals=0 entries=0 exits=1 blocked=0 open=6 cash=5491.51 equity=9273.10
[SCAN] 2026-08-11T21:04:59+00:00 symbols=20 signals=0 entries=0 exits=0 blocked=0 open=6 cash=5491.51 equity=9283.39
[SCAN] 2026-08-11T21:09:59+00:00 symbols=20 signals=0 entries=0 exits=0 blocked=0 open=6 cash=5491.51 equity=9283.08
[SCAN] 2026-08-11T21:14:59+00:00 symbols=20 signals=0 entries=0 exits=0 blocked=0 open=6 cash=5491.51 equity=9288.15
[SCAN] 2026-08-11T21:19:59+00:00 symbols=20 signals=0 entries=0 exits=0 blocked=1 open=6 cash=5491.51 equity=9294.33
[SCAN] 2026-08-11T21:24:59+00:00 symbols=20 signals=0 entries=0 exits=0 blocked=0 open=6 cash=5491.51 equity=9299.48
[EXIT] 2026-08-11T21:29:59+00:00 ADATRY reason=bb_mfi_v3_signal_exit pnl=-49.16 cash=6373.67
[SCAN] 2026-08-11T21:29:59+00:00 symbols=20 signals=0 entries=0 exits=1 blocked=0 open=5 cash=6373.67 equity=9294.60
[SCAN] 2026-08-11T21:34:59+00:00 symbols=20 signals=0 entries=0 exits=0 blocked=1 open=5 cash=6373.67 equity=9277.73
[SCAN] 2026-08-11T21:39:59+00:00 symbols=20 signals=0 entries=0 exits=0 blocked=1 open=5 cash=6373.67 equity=9289.35
[SIGNAL] 2026-08-11T21:39:59+00:00 BANKTRY BUY fill_at=2026-08-11T21:44:59+00:00 features={"close": 1.747, "bb_lower": 1.7473946536908733, "bb_upper": 1.759462489166269, "rsi": 40.98804651439831, "mfi": 39.85804064449123, "atr": 0.005142857142857052}
[BLOCKED] BANKTRY reason=max_layers
[SCAN] 2026-08-11T21:44:59+00:00 symbols=20 signals=1 entries=0 exits=0 blocked=1 open=5 cash=6373.67 equity=9289.15
[SIGNAL] 2026-08-11T21:44:59+00:00 BANKTRY BUY fill_at=2026-08-11T21:49:59+00:00 features={"close": 1.743, "bb_lower": 1.7456031915253856, "bb_upper": 1.7604920465698524, "rsi": 36.73668200334153, "mfi": 31.98152164502227, "atr": 0.006142857142857053}
[BLOCKED] BANKTRY reason=max_layers
[SCAN] 2026-08-11T21:49:59+00:00 symbols=20 signals=1 entries=0 exits=0 blocked=1 open=5 cash=6373.67 equity=9272.75
[SIGNAL] 2026-08-11T21:49:59+00:00 HEITRY BUY fill_at=2026-08-11T21:54:59+00:00 features={"close": 7.118, "bb_lower": 7.119223630330328, "bb_upper": 7.2294430363363364, "rsi": 40.01318999476489, "mfi": 33.50425891227579, "atr": 0.04007142857142857}
[BLOCKED] HEITRY reason=max_layers
[SIGNAL] 2026-08-11T21:49:59+00:00 BANKTRY BUY fill_at=2026-08-11T21:54:59+00:00 features={"close": 1.736, "bb_lower": 1.7418096335314144, "bb_upper": 1.7624760807543, "rsi": 30.699868179345316, "mfi": 31.00477023653457, "atr": 0.006428571428571339}
[BLOCKED] BANKTRY reason=max_layers
[SCAN] 2026-08-11T21:54:59+00:00 symbols=20 signals=2 entries=0 exits=0 blocked=2 open=5 cash=6373.67 equity=9277.31
[SIGNAL] 2026-08-11T21:54:59+00:00 HEITRY BUY fill_at=2026-08-11T21:59:59+00:00 features={"close": 7.103, "bb_lower": 7.1085127068775895, "bb_upper": 7.230249197884315, "rsi": 37.77061912615464, "mfi": 33.77548454828218, "atr": 0.04092857142857146}
[BLOCKED] HEITRY reason=max_layers
[SCAN] 2026-08-11T21:59:59+00:00 symbols=20 signals=1 entries=0 exits=0 blocked=1 open=5 cash=6373.67 equity=9280.17
[SIGNAL] 2026-08-11T21:59:59+00:00 HEITRY BUY fill_at=2026-08-11T22:04:59+00:00 features={"close": 7.04, "bb_lower": 7.082936159489422, "bb_upper": 7.238397173843912, "rsi": 30.09591077942534, "mfi": 33.0636283131182, "atr": 0.042428571428571385}
[BLOCKED] HEITRY reason=max_layers
[SCAN] 2026-08-11T22:04:59+00:00 symbols=20 signals=1 entries=0 exits=0 blocked=2 open=5 cash=6373.67 equity=9269.01
[SIGNAL] 2026-08-11T22:04:59+00:00 HEITRY BUY fill_at=2026-08-11T22:09:59+00:00 features={"close": 7.031, "bb_lower": 7.059013399835936, "bb_upper": 7.24717707635454, "rsi": 29.17835475350988, "mfi": 30.04273356572652, "atr": 0.044357142857142824}
[BLOCKED] HEITRY reason=max_layers
[SCAN] 2026-08-11T22:09:59+00:00 symbols=20 signals=1 entries=0 exits=0 blocked=1 open=5 cash=6373.67 equity=9273.64
[SIGNAL] 2026-08-11T22:09:59+00:00 HEITRY BUY fill_at=2026-08-11T22:14:59+00:00 features={"close": 7.04, "bb_lower": 7.041650138059474, "bb_upper": 7.252254623845287, "rsi": 31.442691557594685, "mfi": 34.15363883273132, "atr": 0.044071428571428505}
[BLOCKED] HEITRY reason=max_layers
[SCAN] 2026-08-11T22:14:59+00:00 symbols=20 signals=1 entries=0 exits=0 blocked=1 open=5 cash=6373.67 equity=9269.04
[SCAN] 2026-08-11T22:19:59+00:00 symbols=20 signals=0 entries=0 exits=0 blocked=0 open=5 cash=6373.67 equity=9275.31
[SCAN] 2026-08-11T22:24:59+00:00 symbols=20 signals=0 entries=0 exits=0 blocked=0 open=5 cash=6373.67 equity=9268.81
[SCAN] 2026-08-11T22:29:59+00:00 symbols=20 signals=0 entries=0 exits=0 blocked=0 open=5 cash=6373.67 equity=9275.31
[SCAN] 2026-08-11T22:34:59+00:00 symbols=20 signals=0 entries=0 exits=0 blocked=0 open=5 cash=6373.67 equity=9274.26
[SCAN] 2026-08-11T22:39:59+00:00 symbols=20 signals=0 entries=0 exits=0 blocked=0 open=5 cash=6373.67 equity=9273.89
[SCAN] 2026-08-11T22:44:59+00:00 symbols=20 signals=0 entries=0 exits=0 blocked=0 open=5 cash=6373.67 equity=9258.92
[SIGNAL] 2026-08-11T22:44:59+00:00 VICTRY BUY fill_at=2026-08-11T22:49:59+00:00 features={"close": 1.32, "bb_lower": 1.3226475760507914, "bb_upper": 1.3564000429968281, "rsi": 42.170644131826855, "mfi": 35.1650489452897, "atr": 0.015000000000000013}
[BLOCKED] VICTRY reason=max_layers
[SCAN] 2026-08-11T22:49:59+00:00 symbols=20 signals=1 entries=0 exits=0 blocked=1 open=5 cash=6373.67 equity=9265.54
[SCAN] 2026-08-11T22:54:59+00:00 symbols=20 signals=0 entries=0 exits=0 blocked=0 open=5 cash=6373.67 equity=9273.12
[SCAN] 2026-08-11T22:59:59+00:00 symbols=20 signals=0 entries=0 exits=0 blocked=0 open=5 cash=6373.67 equity=9267.87
[SCAN] 2026-08-11T23:04:59+00:00 symbols=20 signals=0 entries=0 exits=0 blocked=0 open=5 cash=6373.67 equity=9269.25
[SIGNAL] 2026-08-11T23:04:59+00:00 HEITRY BUY fill_at=2026-08-11T23:09:59+00:00 features={"close": 6.855, "bb_lower": 6.855156834277401, "bb_upper": 7.227795546674979, "rsi": 16.357969033301018, "mfi": 8.79159242513279, "atr": 0.03807142857142841}
[BLOCKED] HEITRY reason=max_layers
[SCAN] 2026-08-11T23:09:59+00:00 symbols=20 signals=1 entries=0 exits=0 blocked=1 open=5 cash=6373.67 equity=9260.95
[SIGNAL] 2026-08-11T23:09:59+00:00 HEITRY BUY fill_at=2026-08-11T23:14:59+00:00 features={"close": 6.818, "bb_lower": 6.827559182733364, "bb_upper": 7.219393198219016, "rsi": 14.34254085153384, "mfi": 8.60037221486239, "atr": 0.035857142857142775}
[BLOCKED] HEITRY reason=max_layers
[SCAN] 2026-08-11T23:14:59+00:00 symbols=20 signals=1 entries=0 exits=0 blocked=3 open=5 cash=6373.67 equity=9269.85
[SIGNAL] 2026-08-11T23:14:59+00:00 HEITRY BUY fill_at=2026-08-11T23:19:59+00:00 features={"close": 6.756, "bb_lower": 6.789260847063555, "bb_upper": 7.217501057698352, "rsi": 11.721009620766651, "mfi": 8.084381593824503, "atr": 0.0374999999999999}
[BLOCKED] HEITRY reason=max_layers
[SCAN] 2026-08-11T23:19:59+00:00 symbols=20 signals=1 entries=0 exits=0 blocked=4 open=5 cash=6373.67 equity=9283.76
[SCAN] 2026-08-11T23:24:59+00:00 symbols=20 signals=0 entries=0 exits=0 blocked=3 open=5 cash=6373.67 equity=9283.62
[SIGNAL] 2026-08-11T23:24:59+00:00 HEITRY BUY fill_at=2026-08-11T23:29:59+00:00 features={"close": 6.71, "bb_lower": 6.721491976518077, "bb_upper": 7.20526992824383, "rsi": 10.753086750524218, "mfi": 8.763596781704408, "atr": 0.04257142857142858}
[BLOCKED] HEITRY reason=max_layers
[SCAN] 2026-08-11T23:29:59+00:00 symbols=20 signals=1 entries=0 exits=0 blocked=3 open=5 cash=6373.67 equity=9282.52
[SCAN] 2026-08-11T23:34:59+00:00 symbols=20 signals=0 entries=0 exits=0 blocked=1 open=5 cash=6373.67 equity=9273.11
[SCAN] 2026-08-11T23:39:59+00:00 symbols=20 signals=0 entries=0 exits=0 blocked=0 open=5 cash=6373.67 equity=9270.95
[SCAN] 2026-08-11T23:44:59+00:00 symbols=20 signals=0 entries=0 exits=0 blocked=0 open=5 cash=6373.67 equity=9256.58
[SCAN] 2026-08-11T23:49:59+00:00 symbols=20 signals=0 entries=0 exits=0 blocked=1 open=5 cash=6373.67 equity=9246.87
[SIGNAL] 2026-08-11T23:49:59+00:00 BANKTRY BUY fill_at=2026-08-11T23:54:59+00:00 features={"close": 1.738, "bb_lower": 1.7382521036726124, "bb_upper": 1.7604145629940549, "rsi": 35.20792453191535, "mfi": 57.76921008128379, "atr": 0.0048571428571428455}
[BLOCKED] BANKTRY reason=max_layers
[SCAN] 2026-08-11T23:54:59+00:00 symbols=20 signals=1 entries=0 exits=0 blocked=2 open=5 cash=6373.67 equity=9259.33
[SCAN] 2026-08-11T23:59:59+00:00 symbols=20 signals=0 entries=0 exits=0 blocked=0 open=5 cash=6373.67 equity=9250.62
[SCAN] 2026-08-12T00:04:59+00:00 symbols=20 signals=0 entries=0 exits=0 blocked=0 open=5 cash=6373.67 equity=9247.42
[SCAN] 2026-08-12T00:09:59+00:00 symbols=20 signals=0 entries=0 exits=0 blocked=0 open=5 cash=6373.67 equity=9245.41
[SCAN] 2026-08-12T00:14:59+00:00 symbols=20 signals=0 entries=0 exits=0 blocked=0 open=5 cash=6373.67 equity=9251.81
[EXIT] 2026-08-12T00:19:59+00:00 HEITRY reason=fixed_stop_loss pnl=-29.90 cash=6667.91
[SCAN] 2026-08-12T00:19:59+00:00 symbols=20 signals=0 entries=0 exits=1 blocked=0 open=4 cash=6667.91 equity=9243.40
[SCAN] 2026-08-12T00:24:59+00:00 symbols=20 signals=0 entries=0 exits=0 blocked=0 open=4 cash=6667.91 equity=9251.66
[SCAN] 2026-08-12T00:29:59+00:00 symbols=20 signals=0 entries=0 exits=0 blocked=0 open=4 cash=6667.91 equity=9249.41
[SCAN] 2026-08-12T00:34:59+00:00 symbols=20 signals=0 entries=0 exits=0 blocked=2 open=4 cash=6667.91 equity=9249.88
[SCAN] 2026-08-12T00:39:59+00:00 symbols=20 signals=0 entries=0 exits=0 blocked=2 open=4 cash=6667.91 equity=9250.82
[SCAN] 2026-08-12T00:44:59+00:00 symbols=20 signals=0 entries=0 exits=0 blocked=2 open=4 cash=6667.91 equity=9245.16
[SCAN] 2026-08-12T00:49:59+00:00 symbols=20 signals=0 entries=0 exits=0 blocked=1 open=4 cash=6667.91 equity=9239.19
[SCAN] 2026-08-12T00:54:59+00:00 symbols=20 signals=0 entries=0 exits=0 blocked=0 open=4 cash=6667.91 equity=9238.67
[SCAN] 2026-08-12T00:59:59+00:00 symbols=20 signals=0 entries=0 exits=0 blocked=0 open=4 cash=6667.91 equity=9234.80
[SCAN] 2026-08-12T01:04:59+00:00 symbols=20 signals=0 entries=0 exits=0 blocked=0 open=4 cash=6667.91 equity=9233.60
[SCAN] 2026-08-12T01:09:59+00:00 symbols=20 signals=0 entries=0 exits=0 blocked=0 open=4 cash=6667.91 equity=9240.78
[SCAN] 2026-08-12T01:14:59+00:00 symbols=20 signals=0 entries=0 exits=0 blocked=1 open=4 cash=6667.91 equity=9232.36
[SCAN] 2026-08-12T01:19:59+00:00 symbols=20 signals=0 entries=0 exits=0 blocked=2 open=4 cash=6667.91 equity=9235.85
[SIGNAL] 2026-08-12T01:19:59+00:00 BANKTRY BUY fill_at=2026-08-12T01:24:59+00:00 features={"close": 1.727, "bb_lower": 1.7294173734009755, "bb_upper": 1.7488683408847387, "rsi": 36.75978865525737, "mfi": 47.55721617701072, "atr": 0.006142857142857132}
[BLOCKED] BANKTRY reason=max_layers
[SCAN] 2026-08-12T01:24:59+00:00 symbols=20 signals=1 entries=0 exits=0 blocked=2 open=4 cash=6667.91 equity=9219.41
[SIGNAL] 2026-08-12T01:24:59+00:00 BANKTRY BUY fill_at=2026-08-12T01:29:59+00:00 features={"close": 1.696, "bb_lower": 1.71626126237942, "bb_upper": 1.7577387376205789, "rsi": 23.04479320832479, "mfi": 21.25000319429911, "atr": 0.010785714285714287}
[BLOCKED] BANKTRY reason=max_layers
[SCAN] 2026-08-12T01:29:59+00:00 symbols=20 signals=1 entries=0 exits=0 blocked=1 open=4 cash=6667.91 equity=9211.92
[SIGNAL] 2026-08-12T01:29:59+00:00 BANKTRY BUY fill_at=2026-08-12T01:34:59+00:00 features={"close": 1.696, "bb_lower": 1.7078675405632764, "bb_upper": 1.7619419832462475, "rsi": 23.04479321243413, "mfi": 25.03869817209676, "atr": 0.0105}
[BLOCKED] BANKTRY reason=max_layers
[SCAN] 2026-08-12T01:34:59+00:00 symbols=20 signals=1 entries=0 exits=0 blocked=2 open=4 cash=6667.91 equity=9194.60
[SIGNAL] 2026-08-12T01:34:59+00:00 HEITRY BUY fill_at=2026-08-12T01:39:59+00:00 features={"close": 6.39, "bb_lower": 6.399559215552916, "bb_upper": 6.601393165399461, "rsi": 28.5289990663278, "mfi": 49.48132969855684, "atr": 0.0564999999999999}
[ENTRY] 2026-08-12T01:39:59+00:00 HEITRY layer=1 value=665.79 entry=6.38978875 cash=6001.12
[SIGNAL] 2026-08-12T01:34:59+00:00 BANKTRY BUY fill_at=2026-08-12T01:39:59+00:00 features={"close": 1.701, "bb_lower": 1.702553187462449, "bb_upper": 1.763732526823265, "rsi": 28.121195498476794, "mfi": 30.380523651451128, "atr": 0.010714285714285723}
[BLOCKED] BANKTRY reason=max_layers
[EXIT] 2026-08-12T01:39:59+00:00 VICTRY reason=fixed_stop_loss pnl=-80.93 cash=6797.68
[SCAN] 2026-08-12T01:39:59+00:00 symbols=20 signals=2 entries=1 exits=1 blocked=3 open=4 cash=6797.68 equity=9169.11
[SIGNAL] 2026-08-12T01:39:59+00:00 HEITRY BUY fill_at=2026-08-12T01:44:59+00:00 features={"close": 6.35, "bb_lower": 6.3835936006908565, "bb_upper": 6.59097782788057, "rsi": 25.81806123344576, "mfi": 44.686870093852804, "atr": 0.05885714285714272}
[ENTRY] 2026-08-12T01:44:59+00:00 HEITRY layer=2 value=678.75 entry=6.36677150 cash=6117.91
[SCAN] 2026-08-12T01:44:59+00:00 symbols=20 signals=1 entries=1 exits=0 blocked=1 open=4 cash=6117.91 equity=9176.78
[SCAN] 2026-08-12T01:49:59+00:00 symbols=20 signals=0 entries=0 exits=0 blocked=2 open=4 cash=6117.91 equity=9162.02
[SIGNAL] 2026-08-12T01:49:59+00:00 HEITRY BUY fill_at=2026-08-12T01:54:59+00:00 features={"close": 6.336, "bb_lower": 6.35895065593753, "bb_upper": 6.578477915491042, "rsi": 29.893537457842868, "mfi": 43.525135106759144, "atr": 0.05728571428571413}
[BLOCKED] HEITRY reason=max_layers
[SIGNAL] 2026-08-12T01:49:59+00:00 BANKTRY BUY fill_at=2026-08-12T01:54:59+00:00 features={"close": 1.676, "bb_lower": 1.6835967834209609, "bb_upper": 1.7690698832457057, "rsi": 19.920019397164708, "mfi": 22.750714430832573, "atr": 0.013357142857142876}
[BLOCKED] BANKTRY reason=max_layers
[SCAN] 2026-08-12T01:54:59+00:00 symbols=20 signals=2 entries=0 exits=0 blocked=4 open=4 cash=6117.91 equity=9158.61
[SIGNAL] 2026-08-12T01:54:59+00:00 HEITRY BUY fill_at=2026-08-12T01:59:59+00:00 features={"close": 6.327, "bb_lower": 6.336529548551273, "bb_upper": 6.583470451448727, "rsi": 29.294157548857243, "mfi": 46.77403861372697, "atr": 0.05364285714285698}
[BLOCKED] HEITRY reason=max_layers
[SIGNAL] 2026-08-12T01:54:59+00:00 BANKTRY BUY fill_at=2026-08-12T01:59:59+00:00 features={"close": 1.674, "bb_lower": 1.6754699725032032, "bb_upper": 1.7713871703539403, "rsi": 19.42006198150061, "mfi": 20.97939765878266, "atr": 0.013857142857142886}
[BLOCKED] BANKTRY reason=max_layers
[SCAN] 2026-08-12T01:59:59+00:00 symbols=20 signals=2 entries=0 exits=0 blocked=3 open=4 cash=6117.91 equity=9159.18
[SCAN] 2026-08-12T02:04:59+00:00 symbols=20 signals=0 entries=0 exits=0 blocked=1 open=4 cash=6117.91 equity=9153.24
[SCAN] 2026-08-12T02:09:59+00:00 symbols=20 signals=0 entries=0 exits=0 blocked=1 open=4 cash=6117.91 equity=9164.90
[SIGNAL] 2026-08-12T02:09:59+00:00 VANRYTRY BUY fill_at=2026-08-12T02:14:59+00:00 features={"close": 0.1291, "bb_lower": 0.1294157831537971, "bb_upper": 0.13207945494144102, "rsi": 27.637495924480632, "mfi": 28.905123609022255, "atr": 0.0005000000000000045}
[ENTRY] 2026-08-12T02:14:59+00:00 VANRYTRY layer=1 value=610.87 entry=0.12919682 cash=5506.12
[SCAN] 2026-08-12T02:14:59+00:00 symbols=20 signals=1 entries=1 exits=0 blocked=1 open=5 cash=5506.12 equity=9159.45
[SIGNAL] 2026-08-12T02:14:59+00:00 VANRYTRY BUY fill_at=2026-08-12T02:19:59+00:00 features={"close": 0.1291, "bb_lower": 0.12921185827548953, "bb_upper": 0.1320167131530819, "rsi": 27.637495954434243, "mfi": 35.8934869171657, "atr": 0.0005000000000000045}
[ENTRY] 2026-08-12T02:19:59+00:00 VANRYTRY layer=2 value=549.79 entry=0.12919682 cash=4955.51
[SCAN] 2026-08-12T02:19:59+00:00 symbols=20 signals=1 entries=1 exits=0 blocked=0 open=5 cash=4955.51 equity=9157.95
[SCAN] 2026-08-12T02:24:59+00:00 symbols=20 signals=0 entries=0 exits=0 blocked=0 open=5 cash=4955.51 equity=9163.14
[SCAN] 2026-08-12T02:29:59+00:00 symbols=20 signals=0 entries=0 exits=0 blocked=0 open=5 cash=4955.51 equity=9168.64
[SCAN] 2026-08-12T02:34:59+00:00 symbols=20 signals=0 entries=0 exits=0 blocked=0 open=5 cash=4955.51 equity=9178.42
[SCAN] 2026-08-12T02:39:59+00:00 symbols=20 signals=0 entries=0 exits=0 blocked=0 open=5 cash=4955.51 equity=9170.11
[SCAN] 2026-08-12T02:44:59+00:00 symbols=20 signals=0 entries=0 exits=0 blocked=0 open=5 cash=4955.51 equity=9172.08
[SCAN] 2026-08-12T02:49:59+00:00 symbols=20 signals=0 entries=0 exits=0 blocked=0 open=5 cash=4955.51 equity=9171.39
[SCAN] 2026-08-12T02:54:59+00:00 symbols=20 signals=0 entries=0 exits=0 blocked=1 open=5 cash=4955.51 equity=9185.37
[SCAN] 2026-08-12T02:59:59+00:00 symbols=20 signals=0 entries=0 exits=0 blocked=0 open=5 cash=4955.51 equity=9185.19
[EXIT] 2026-08-12T03:04:59+00:00 VANRYTRY reason=fixed_take_profit pnl=+22.48 cash=6140.39
[SCAN] 2026-08-12T03:04:59+00:00 symbols=20 signals=0 entries=0 exits=1 blocked=1 open=4 cash=6140.39 equity=9211.13
[SCAN] 2026-08-12T03:09:59+00:00 symbols=20 signals=0 entries=0 exits=0 blocked=0 open=4 cash=6140.39 equity=9194.41
[SIGNAL] 2026-08-12T03:09:59+00:00 OPENTRY BUY fill_at=2026-08-12T03:14:59+00:00 features={"close": 10.014, "bb_lower": 10.015120592987332, "bb_upper": 10.147546073679335, "rsi": 38.00522991280904, "mfi": 57.519346038132284, "atr": 0.038642857142857166}
[ENTRY] 2026-08-12T03:14:59+00:00 OPENTRY layer=1 value=613.12 entry=10.02251125 cash=5526.35
[SCAN] 2026-08-12T03:14:59+00:00 symbols=20 signals=1 entries=1 exits=0 blocked=0 open=5 cash=5526.35 equity=9194.05
[SCAN] 2026-08-12T03:19:59+00:00 symbols=20 signals=0 entries=0 exits=0 blocked=0 open=5 cash=5526.35 equity=9193.85
[SCAN] 2026-08-12T03:24:59+00:00 symbols=20 signals=0 entries=0 exits=0 blocked=1 open=5 cash=5526.35 equity=9191.59
[SCAN] 2026-08-12T03:29:59+00:00 symbols=20 signals=0 entries=0 exits=0 blocked=2 open=5 cash=5526.35 equity=9208.86
[SCAN] 2026-08-12T03:34:59+00:00 symbols=20 signals=0 entries=0 exits=0 blocked=2 open=5 cash=5526.35 equity=9207.66
[SCAN] 2026-08-12T03:39:59+00:00 symbols=20 signals=0 entries=0 exits=0 blocked=1 open=5 cash=5526.35 equity=9206.22
[SCAN] 2026-08-12T03:44:59+00:00 symbols=20 signals=0 entries=0 exits=0 blocked=0 open=5 cash=5526.35 equity=9213.58
[SCAN] 2026-08-12T03:49:59+00:00 symbols=20 signals=0 entries=0 exits=0 blocked=0 open=5 cash=5526.35 equity=9210.18
[SCAN] 2026-08-12T03:54:59+00:00 symbols=20 signals=0 entries=0 exits=0 blocked=0 open=5 cash=5526.35 equity=9208.22
[SIGNAL] 2026-08-12T03:54:59+00:00 VICTRY BUY fill_at=2026-08-12T03:59:59+00:00 features={"close": 1.21, "bb_lower": 1.2314455809437015, "bb_upper": 1.3380782285801085, "rsi": 29.688328166612564, "mfi": 19.133139768664634, "atr": 0.01642857142857144}
[ENTRY] 2026-08-12T03:59:59+00:00 VICTRY layer=1 value=551.81 entry=1.21090750 cash=4973.72
[SCAN] 2026-08-12T03:59:59+00:00 symbols=20 signals=1 entries=1 exits=0 blocked=1 open=6 cash=4973.72 equity=9213.27
[SIGNAL] 2026-08-12T03:59:59+00:00 VICTRY BUY fill_at=2026-08-12T04:04:59+00:00 features={"close": 1.21, "bb_lower": 1.2199926744261145, "bb_upper": 1.3438168493834097, "rsi": 29.688328150036043, "mfi": 13.525053374823173, "atr": 0.017142857142857158}
[ENTRY] 2026-08-12T04:04:59+00:00 VICTRY layer=2 value=558.04 entry=1.21090750 cash=5029.91
[SCAN] 2026-08-12T04:04:59+00:00 symbols=20 signals=1 entries=1 exits=1 blocked=1 open=5 cash=5029.91 equity=9194.85
[EXIT] 2026-08-12T04:09:59+00:00 VICTRY reason=fixed_take_profit pnl=+21.50 cash=6162.92
[SCAN] 2026-08-12T04:09:59+00:00 symbols=20 signals=0 entries=0 exits=1 blocked=1 open=4 cash=6162.92 equity=9221.99
[SCAN] 2026-08-12T04:14:59+00:00 symbols=20 signals=0 entries=0 exits=0 blocked=2 open=4 cash=6162.92 equity=9211.83
[SCAN] 2026-08-12T04:19:59+00:00 symbols=20 signals=0 entries=0 exits=0 blocked=2 open=4 cash=6162.92 equity=9220.82
[SCAN] 2026-08-12T04:24:59+00:00 symbols=20 signals=0 entries=0 exits=0 blocked=2 open=4 cash=6162.92 equity=9219.70
[SCAN] 2026-08-12T04:29:59+00:00 symbols=20 signals=0 entries=0 exits=0 blocked=1 open=4 cash=6162.92 equity=9217.56
[SIGNAL] 2026-08-12T04:29:59+00:00 HOMETRY BUY fill_at=2026-08-12T04:34:59+00:00 features={"close": 0.45, "bb_lower": 0.45030406329638517, "bb_upper": 0.46017212717980505, "rsi": 39.99876829050173, "mfi": 33.73923515984586, "atr": 0.004071428571428575}
[ENTRY] 2026-08-12T04:34:59+00:00 HOMETRY layer=1 value=615.37 entry=0.44933675 cash=5546.63
[SCAN] 2026-08-12T04:34:59+00:00 symbols=20 signals=1 entries=1 exits=0 blocked=2 open=5 cash=5546.63 equity=9204.43
[SIGNAL] 2026-08-12T04:34:59+00:00 HOMETRY BUY fill_at=2026-08-12T04:39:59+00:00 features={"close": 0.448, "bb_lower": 0.44930957671983796, "bb_upper": 0.46002375661349526, "rsi": 36.93114866767213, "mfi": 29.057260102002544, "atr": 0.0038571428571428606}
[ENTRY] 2026-08-12T04:39:59+00:00 HOMETRY layer=2 value=553.83 entry=0.44933675 cash=4991.96
[EXIT] 2026-08-12T04:39:59+00:00 HOMETRY reason=fixed_take_profit pnl=+22.65 cash=6185.56
[SCAN] 2026-08-12T04:39:59+00:00 symbols=20 signals=1 entries=1 exits=1 blocked=3 open=4 cash=6185.56 equity=9224.89
[SCAN] 2026-08-12T04:44:59+00:00 symbols=20 signals=0 entries=0 exits=0 blocked=2 open=4 cash=6185.56 equity=9221.50
[SCAN] 2026-08-12T04:49:59+00:00 symbols=20 signals=0 entries=0 exits=0 blocked=1 open=4 cash=6185.56 equity=9218.68
[SCAN] 2026-08-12T04:54:59+00:00 symbols=20 signals=0 entries=0 exits=0 blocked=1 open=4 cash=6185.56 equity=9207.52
[SIGNAL] 2026-08-12T04:54:59+00:00 HEITRY BUY fill_at=2026-08-12T04:59:59+00:00 features={"close": 6.279, "bb_lower": 6.310619089353541, "bb_upper": 6.5279523392178875, "rsi": 33.54853314589916, "mfi": 27.684017653930468, "atr": 0.052357142857142706}
[BLOCKED] HEITRY reason=max_layers
[SCAN] 2026-08-12T04:59:59+00:00 symbols=20 signals=1 entries=0 exits=0 blocked=1 open=4 cash=6185.56 equity=9213.35
[SIGNAL] 2026-08-12T04:59:59+00:00 ONDOTRY BUY fill_at=2026-08-12T05:04:59+00:00 features={"close": 15.88, "bb_lower": 15.895581160222115, "bb_upper": 16.112037887396923, "rsi": 28.08065311556625, "mfi": 6.0797580489633845, "atr": 0.030714285714285566}
[ENTRY] 2026-08-12T05:04:59+00:00 ONDOTRY layer=1 value=617.63 entry=15.92193250 cash=5567.01
[SIGNAL] 2026-08-12T04:59:59+00:00 LDOTRY BUY fill_at=2026-08-12T05:04:59+00:00 features={"close": 13.85, "bb_lower": 13.871030609431159, "bb_upper": 13.998493200092657, "rsi": 29.70365436674504, "mfi": 12.200801307739184, "atr": 0.023571428571428448}
[ENTRY] 2026-08-12T05:04:59+00:00 LDOTRY layer=1 value=555.87 entry=13.86038750 cash=5010.31
[SCAN] 2026-08-12T05:04:59+00:00 symbols=20 signals=2 entries=2 exits=0 blocked=1 open=6 cash=5010.31 equity=9205.86
[SIGNAL] 2026-08-12T05:04:59+00:00 LDOTRY BUY fill_at=2026-08-12T05:09:59+00:00 features={"close": 13.8, "bb_lower": 13.842339727978958, "bb_upper": 14.012898367259139, "rsi": 24.398167361746786, "mfi": 9.31557228892622, "atr": 0.02428571428571415}
[ENTRY] 2026-08-12T05:09:59+00:00 LDOTRY layer=2 value=500.28 entry=13.86038750 cash=4509.28
[SCAN] 2026-08-12T05:09:59+00:00 symbols=20 signals=1 entries=1 exits=0 blocked=0 open=6 cash=4509.28 equity=9202.82
[SCAN] 2026-08-12T05:14:59+00:00 symbols=20 signals=0 entries=0 exits=0 blocked=1 open=6 cash=4509.28 equity=9206.20
[SCAN] 2026-08-12T05:19:59+00:00 symbols=20 signals=0 entries=0 exits=0 blocked=0 open=6 cash=4509.28 equity=9201.24
[SCAN] 2026-08-12T05:24:59+00:00 symbols=20 signals=0 entries=0 exits=0 blocked=0 open=6 cash=4509.28 equity=9188.58
[SCAN] 2026-08-12T05:29:59+00:00 symbols=20 signals=0 entries=0 exits=0 blocked=1 open=6 cash=4509.28 equity=9191.45
[SCAN] 2026-08-12T05:34:59+00:00 symbols=20 signals=0 entries=0 exits=0 blocked=1 open=6 cash=4509.28 equity=9185.20
[SCAN] 2026-08-12T05:39:59+00:00 symbols=20 signals=0 entries=0 exits=0 blocked=0 open=6 cash=4509.28 equity=9179.43
[SIGNAL] 2026-08-12T05:39:59+00:00 HOMETRY BUY fill_at=2026-08-12T05:44:59+00:00 features={"close": 0.447, "bb_lower": 0.4471335711421815, "bb_upper": 0.4627711907625806, "rsi": 37.82258589075623, "mfi": 49.966568318385754, "atr": 0.004285714285714289}
[ENTRY] 2026-08-12T05:44:59+00:00 HOMETRY layer=1 value=450.25 entry=0.44733525 cash=4058.35
[SCAN] 2026-08-12T05:44:59+00:00 symbols=20 signals=1 entries=1 exits=0 blocked=0 open=7 cash=4058.35 equity=9172.66
[SIGNAL] 2026-08-12T05:44:59+00:00 HOMETRY BUY fill_at=2026-08-12T05:49:59+00:00 features={"close": 0.444, "bb_lower": 0.4455303281628147, "bb_upper": 0.46361252898004257, "rsi": 34.69134747338998, "mfi": 50.01319934648903, "atr": 0.004357142857142861}
[ENTRY] 2026-08-12T05:49:59+00:00 HOMETRY layer=2 value=405.23 entry=0.44533375 cash=3652.51
[SCAN] 2026-08-12T05:49:59+00:00 symbols=20 signals=1 entries=1 exits=0 blocked=0 open=7 cash=3652.51 equity=9184.56
[SIGNAL] 2026-08-12T05:49:59+00:00 HOMETRY BUY fill_at=2026-08-12T05:54:59+00:00 features={"close": 0.441, "bb_lower": 0.44318042799218343, "bb_upper": 0.4646290958173404, "rsi": 31.836081119851087, "mfi": 47.288948846854176, "atr": 0.0040000000000000036}
[BLOCKED] HOMETRY reason=max_layers
[SCAN] 2026-08-12T05:54:59+00:00 symbols=20 signals=1 entries=0 exits=0 blocked=1 open=7 cash=3652.51 equity=9175.86
[SCAN] 2026-08-12T05:59:59+00:00 symbols=20 signals=0 entries=0 exits=0 blocked=0 open=7 cash=3652.51 equity=9185.12
[SCAN] 2026-08-12T06:04:59+00:00 symbols=20 signals=0 entries=0 exits=0 blocked=0 open=7 cash=3652.51 equity=9178.02
[SCAN] 2026-08-12T06:09:59+00:00 symbols=20 signals=0 entries=0 exits=0 blocked=1 open=7 cash=3652.51 equity=9173.64
[SCAN] 2026-08-12T06:14:59+00:00 symbols=20 signals=0 entries=0 exits=0 blocked=1 open=7 cash=3652.51 equity=9163.16
[SIGNAL] 2026-08-12T06:14:59+00:00 VICTRY BUY fill_at=2026-08-12T06:19:59+00:00 features={"close": 1.2, "bb_lower": 1.2024016661084267, "bb_upper": 1.2461697624630022, "rsi": 38.56985546615109, "mfi": 43.19382659241798, "atr": 0.017142857142857158}
[ENTRY] 2026-08-12T06:19:59+00:00 VICTRY layer=1 value=364.70 entry=1.21090750 cash=3287.26
[SIGNAL] 2026-08-12T06:14:59+00:00 TSTTRY BUY fill_at=2026-08-12T06:19:59+00:00 features={"close": 0.666, "bb_lower": 0.6665469808169204, "bb_upper": 0.6869768287068891, "rsi": 37.10450397125988, "mfi": 33.666918285949805, "atr": 0.008000000000000007}
[ENTRY] 2026-08-12T06:19:59+00:00 TSTTRY layer=1 value=328.23 entry=0.66850100 cash=2958.54
[SCAN] 2026-08-12T06:19:59+00:00 symbols=20 signals=2 entries=2 exits=0 blocked=2 open=9 cash=2958.54 equity=9164.92
[SIGNAL] 2026-08-12T06:19:59+00:00 TSTTRY BUY fill_at=2026-08-12T06:24:59+00:00 features={"close": 0.662, "bb_lower": 0.6640967499062678, "bb_upper": 0.6880937262842086, "rsi": 34.80460650439342, "mfi": 26.16874720390028, "atr": 0.008500000000000008}
[ENTRY] 2026-08-12T06:24:59+00:00 TSTTRY layer=2 value=295.41 entry=0.66349725 cash=2662.68
[SCAN] 2026-08-12T06:24:59+00:00 symbols=20 signals=1 entries=1 exits=0 blocked=2 open=9 cash=2662.68 equity=9162.88
[SIGNAL] 2026-08-12T06:24:59+00:00 TSTTRY BUY fill_at=2026-08-12T06:29:59+00:00 features={"close": 0.66, "bb_lower": 0.6614636300904111, "bb_upper": 0.6889173222905416, "rsi": 33.674007051171614, "mfi": 24.878344550301463, "atr": 0.00864285714285715}
[BLOCKED] TSTTRY reason=max_layers
[SCAN] 2026-08-12T06:29:59+00:00 symbols=20 signals=1 entries=0 exits=0 blocked=6 open=9 cash=2662.68 equity=9162.11
[SCAN] 2026-08-12T06:34:59+00:00 symbols=20 signals=0 entries=0 exits=0 blocked=3 open=9 cash=2662.68 equity=9168.84
[EXIT] 2026-08-12T06:39:59+00:00 TSTTRY reason=fixed_take_profit pnl=+12.08 cash=3299.34
[SCAN] 2026-08-12T06:39:59+00:00 symbols=20 signals=0 entries=0 exits=1 blocked=4 open=8 cash=3299.34 equity=9187.78
[SCAN] 2026-08-12T06:44:59+00:00 symbols=20 signals=0 entries=0 exits=0 blocked=3 open=8 cash=3299.34 equity=9192.74
[SCAN] 2026-08-12T06:49:59+00:00 symbols=20 signals=0 entries=0 exits=0 blocked=2 open=8 cash=3299.34 equity=9197.08
[SCAN] 2026-08-12T06:54:59+00:00 symbols=20 signals=0 entries=0 exits=0 blocked=1 open=8 cash=3299.34 equity=9143.91
[SIGNAL] 2026-08-12T06:54:59+00:00 HEITRY BUY fill_at=2026-08-12T06:59:59+00:00 features={"close": 6.036, "bb_lower": 6.123966028098561, "bb_upper": 6.338129209996678, "rsi": 28.26081087203329, "mfi": 32.213101577625764, "atr": 0.06650000000000007}
[BLOCKED] HEITRY reason=max_layers
[SCAN] 2026-08-12T06:59:59+00:00 symbols=20 signals=1 entries=0 exits=0 blocked=1 open=8 cash=3299.34 equity=9147.75
[SIGNAL] 2026-08-12T06:59:59+00:00 HEITRY BUY fill_at=2026-08-12T07:04:59+00:00 features={"close": 6.089, "bb_lower": 6.101910752348968, "bb_upper": 6.341136866698652, "rsi": 35.08017819857268, "mfi": 32.545641242103514, "atr": 0.06421428571428578}
[BLOCKED] HEITRY reason=max_layers
[SCAN] 2026-08-12T07:04:59+00:00 symbols=20 signals=1 entries=0 exits=0 blocked=1 open=8 cash=3299.34 equity=9139.81
[SIGNAL] 2026-08-12T07:04:59+00:00 HEITRY BUY fill_at=2026-08-12T07:09:59+00:00 features={"close": 6.06, "bb_lower": 6.075422745553577, "bb_upper": 6.349053444922613, "rsi": 33.20894895728752, "mfi": 32.854983834760546, "atr": 0.0611428571428572}
[BLOCKED] HEITRY reason=max_layers
[SCAN] 2026-08-12T07:09:59+00:00 symbols=20 signals=1 entries=0 exits=0 blocked=1 open=8 cash=3299.34 equity=9149.00
[SCAN] 2026-08-12T07:14:59+00:00 symbols=20 signals=0 entries=0 exits=0 blocked=0 open=8 cash=3299.34 equity=9135.62
[SCAN] 2026-08-12T07:19:59+00:00 symbols=20 signals=0 entries=0 exits=0 blocked=0 open=8 cash=3299.34 equity=9123.59
[SIGNAL] 2026-08-12T07:19:59+00:00 HEITRY BUY fill_at=2026-08-12T07:24:59+00:00 features={"close": 6.003, "bb_lower": 6.004990750357926, "bb_upper": 6.367580678213503, "rsi": 31.371551228974994, "mfi": 26.0042137344917, "atr": 0.06714285714285717}
[BLOCKED] HEITRY reason=max_layers
[SCAN] 2026-08-12T07:24:59+00:00 symbols=20 signals=1 entries=0 exits=0 blocked=1 open=8 cash=3299.34 equity=9129.39
[SCAN] 2026-08-12T07:29:59+00:00 symbols=20 signals=0 entries=0 exits=0 blocked=0 open=8 cash=3299.34 equity=9133.82
[SCAN] 2026-08-12T07:34:59+00:00 symbols=20 signals=0 entries=0 exits=0 blocked=0 open=8 cash=3299.34 equity=9152.98
[SCAN] 2026-08-12T07:39:59+00:00 symbols=20 signals=0 entries=0 exits=0 blocked=0 open=8 cash=3299.34 equity=9135.33
[SCAN] 2026-08-12T07:44:59+00:00 symbols=20 signals=0 entries=0 exits=0 blocked=4 open=8 cash=3299.34 equity=9128.95
[SCAN] 2026-08-12T07:49:59+00:00 symbols=20 signals=0 entries=0 exits=0 blocked=2 open=8 cash=3299.34 equity=9152.27
[SCAN] 2026-08-12T07:54:59+00:00 symbols=20 signals=0 entries=0 exits=0 blocked=1 open=8 cash=3299.34 equity=9192.60
[EXIT] 2026-08-12T07:59:59+00:00 HOMETRY reason=fixed_take_profit pnl=+16.57 cash=4172.67
[SCAN] 2026-08-12T07:59:59+00:00 symbols=20 signals=0 entries=0 exits=1 blocked=1 open=7 cash=4172.67 equity=9184.19
[SCAN] 2026-08-12T08:04:59+00:00 symbols=20 signals=0 entries=0 exits=0 blocked=1 open=7 cash=4172.67 equity=9216.97
[SIGNAL] 2026-08-12T08:04:59+00:00 VICTRY BUY fill_at=2026-08-12T08:09:59+00:00 features={"close": 1.19, "bb_lower": 1.1947339177467369, "bb_upper": 1.2271708441580251, "rsi": 39.77063142116586, "mfi": 31.95622732220832, "atr": 0.012857142857142869}
[ENTRY] 2026-08-12T08:09:59+00:00 VICTRY layer=2 value=416.64 entry=1.21090750 cash=3755.41
[SIGNAL] 2026-08-12T08:04:59+00:00 NOMTRY BUY fill_at=2026-08-12T08:09:59+00:00 features={"close": 0.076, "bb_lower": 0.07602417035702522, "bb_upper": 0.07759487726202241, "rsi": 42.14716784157181, "mfi": 48.40662289110391, "atr": 0.00035714285714285747}
[ENTRY] 2026-08-12T08:09:59+00:00 NOMTRY layer=1 value=374.98 entry=0.07605700 cash=3379.87
[SCAN] 2026-08-12T08:09:59+00:00 symbols=20 signals=2 entries=2 exits=0 blocked=1 open=8 cash=3379.87 equity=9206.77
[SIGNAL] 2026-08-12T08:09:59+00:00 NOMTRY BUY fill_at=2026-08-12T08:14:59+00:00 features={"close": 0.076, "bb_lower": 0.07602417035702522, "bb_upper": 0.07759487726202241, "rsi": 42.14716784771164, "mfi": 48.40662289110391, "atr": 0.00035714285714285747}
[ENTRY] 2026-08-12T08:14:59+00:00 NOMTRY layer=2 value=337.48 entry=0.07705775 cash=3041.88
[SCAN] 2026-08-12T08:14:59+00:00 symbols=20 signals=1 entries=1 exits=0 blocked=0 open=8 cash=3041.88 equity=9207.72
[SCAN] 2026-08-12T08:19:59+00:00 symbols=20 signals=0 entries=0 exits=0 blocked=0 open=8 cash=3041.88 equity=9231.54
[SCAN] 2026-08-12T08:24:59+00:00 symbols=20 signals=0 entries=0 exits=0 blocked=0 open=8 cash=3041.88 equity=9217.38
[SCAN] 2026-08-12T08:29:59+00:00 symbols=20 signals=0 entries=0 exits=0 blocked=1 open=8 cash=3041.88 equity=9220.35
[SCAN] 2026-08-12T08:34:59+00:00 symbols=20 signals=0 entries=0 exits=0 blocked=0 open=8 cash=3041.88 equity=9197.80
[SIGNAL] 2026-08-12T08:34:59+00:00 VICTRY BUY fill_at=2026-08-12T08:39:59+00:00 features={"close": 1.18, "bb_lower": 1.182008527348077, "bb_upper": 1.2256105202709708, "rsi": 36.649204764651756, "mfi": 39.00932447602655, "atr": 0.012857142857142869}
[BLOCKED] VICTRY reason=max_layers
[SCAN] 2026-08-12T08:39:59+00:00 symbols=20 signals=1 entries=0 exits=0 blocked=1 open=8 cash=3041.88 equity=9200.47
[SCAN] 2026-08-12T08:44:59+00:00 symbols=20 signals=0 entries=0 exits=0 blocked=0 open=8 cash=3041.88 equity=9198.41
[SCAN] 2026-08-12T08:49:59+00:00 symbols=20 signals=0 entries=0 exits=0 blocked=1 open=8 cash=3041.88 equity=9205.13
[SIGNAL] 2026-08-12T08:49:59+00:00 EIGENTRY BUY fill_at=2026-08-12T08:54:59+00:00 features={"close": 8.254, "bb_lower": 8.26173601393076, "bb_upper": 8.326835414640668, "rsi": 32.282994079822004, "mfi": 25.516050851963215, "atr": 0.012071428571428606}
[BLOCKED] EIGENTRY reason=max_layers
[SCAN] 2026-08-12T08:54:59+00:00 symbols=20 signals=1 entries=0 exits=0 blocked=3 open=8 cash=3041.88 equity=9195.09
[SIGNAL] 2026-08-12T08:54:59+00:00 EIGENTRY BUY fill_at=2026-08-12T08:59:59+00:00 features={"close": 8.25, "bb_lower": 8.254450015288846, "bb_upper": 8.32897855613972, "rsi": 31.269389584912417, "mfi": 20.109302081073565, "atr": 0.013071428571428559}
[BLOCKED] EIGENTRY reason=max_layers
[SCAN] 2026-08-12T08:59:59+00:00 symbols=20 signals=1 entries=0 exits=0 blocked=3 open=8 cash=3041.88 equity=9200.51
[EXIT] 2026-08-12T09:04:59+00:00 VICTRY reason=fixed_take_profit pnl=+15.13 cash=3839.53
[SCAN] 2026-08-12T09:04:59+00:00 symbols=20 signals=0 entries=0 exits=1 blocked=3 open=7 cash=3839.53 equity=9231.66
[SCAN] 2026-08-12T09:09:59+00:00 symbols=20 signals=0 entries=0 exits=0 blocked=2 open=7 cash=3839.53 equity=9216.45
[SCAN] 2026-08-12T09:14:59+00:00 symbols=20 signals=0 entries=0 exits=0 blocked=0 open=7 cash=3839.53 equity=9211.99
[SCAN] 2026-08-12T09:19:59+00:00 symbols=20 signals=0 entries=0 exits=0 blocked=1 open=7 cash=3839.53 equity=9228.10
[EXIT] 2026-08-12T09:24:59+00:00 BANKTRY reason=bb_mfi_v3_signal_exit pnl=-18.04 cash=4221.65
[SCAN] 2026-08-12T09:24:59+00:00 symbols=20 signals=0 entries=0 exits=1 blocked=0 open=6 cash=4221.65 equity=9233.99
[SCAN] 2026-08-12T09:29:59+00:00 symbols=20 signals=0 entries=0 exits=0 blocked=0 open=6 cash=4221.65 equity=9236.93
[SCAN] 2026-08-12T09:34:59+00:00 symbols=20 signals=0 entries=0 exits=0 blocked=0 open=6 cash=4221.65 equity=9240.01
[SCAN] 2026-08-12T09:39:59+00:00 symbols=20 signals=0 entries=0 exits=0 blocked=0 open=6 cash=4221.65 equity=9238.67
[SCAN] 2026-08-12T09:44:59+00:00 symbols=20 signals=0 entries=0 exits=0 blocked=0 open=6 cash=4221.65 equity=9232.46
[SCAN] 2026-08-12T09:49:59+00:00 symbols=20 signals=0 entries=0 exits=0 blocked=0 open=6 cash=4221.65 equity=9223.42
[OPEN-MARKED] EIGENTRY value=879.32 unrealized=-22.62
[OPEN-MARKED] ZROTRY value=427.19 unrealized=-8.52
[OPEN-MARKED] HEITRY value=1303.06 unrealized=-45.46
[OPEN-MARKED] ONDOTRY value=622.91 unrealized=+3.42
[OPEN-MARKED] LDOTRY value=1049.23 unrealized=-10.07
[OPEN-MARKED] NOMTRY value=716.32 unrealized=+1.72
[COMPLETE] result=/mnt/d/scalperagent_v4/backend/portfolio-bb-mfi-v3-quality20-cash10-no-passive-loss-exit-7d.json
RESULT_JSON={"initial_balance_try": 10000.0, "final_balance_try": 9212.175069, "net_pnl_try": -787.824931, "net_pnl_pct": -7.878249, "closed_trades": 231, "wins": 173, "losses": 58, "win_rate_pct": 74.8918, "profit_factor": 0.696173, "fees_total_including_open_liquidation_try": 537.647235, "max_drawdown_pct": 9.480745, "active_symbols": ["ACXTRY", "ADATRY", "AMPTRY", "BANKTRY", "EIGENTRY", "ENATRY", "FIDATRY", "HEITRY", "HOMETRY", "KATTRY", "LDOTRY", "NOMTRY", "ONDOTRY", "OPENTRY", "RESOLVTRY", "TOWNSTRY", "TSTTRY", "VANRYTRY", "VICTRY", "ZROTRY"], "open_positions_excluded": [], "open_positions_marked": [{"symbol": "EIGENTRY", "entry_time": 1786451399, "layers": 2, "mark_price": 8.324, "liquidation_fill": 8.317757, "marked_value_try": 877.996798, "unrealized_pnl_try": -22.617211}, {"symbol": "ZROTRY", "entry_time": 1786461899, "layers": 2, "mark_price": 40.3, "liquidation_fill": 40.269775, "marked_value_try": 426.5451, "unrealized_pnl_try": -8.52126}, {"symbol": "HEITRY", "entry_time": 1786498799, "layers": 2, "mark_price": 6.186, "liquidation_fill": 6.1813605, "marked_value_try": 1301.104124, "unrealized_pnl_try": -45.455191}, {"symbol": "ONDOTRY", "entry_time": 1786511099, "layers": 1, "mark_price": 16.07, "liquidation_fill": 16.0579475, "marked_value_try": 621.971766, "unrealized_pnl_try": 3.415373}, {"symbol": "LDOTRY", "entry_time": 1786511099, "layers": 2, "mark_price": 13.78, "liquidation_fill": 13.769665, "marked_value_try": 1047.6604, "unrealized_pnl_try": -10.071033}, {"symbol": "NOMTRY", "entry_time": 1786522199, "layers": 2, "mark_price": 0.077, "liquidation_fill": 0.07694225, "marked_value_try": 715.242717, "unrealized_pnl_try": 1.715478}], "reconciliation": {"expected": 9212.175064, "actual": 9212.175069, "difference": 5.42e-06}}
