[START] strategy=BB_MFI_MEAN_REVERSION pine_version=v3 initial=10000.00 TRY window=2026-08-05T10:16:32+00:00..2026-08-12T10:16:32+00:00
[CONFIG] universe=312 source=BinanceTR-exchangeInfo order_pct=0.1000 pyramiding=2 max_positions=500 commission=0.001500 spread=0.001000 slippage=0.000250
[DATA] 1MBABYDOGETRY source=BinanceTR-public interval=5m candles=2303
[DATA] 2ZTRY source=BinanceTR-public interval=5m candles=2303
[DATA] 1000SATSTRY source=BinanceTR-public interval=5m candles=2303
[DATA] 1000CATTRY source=BinanceTR-public interval=5m candles=2303
[DATA] 0GTRY source=BinanceTR-public interval=5m candles=2303
[DATA] AAVETRY source=BinanceTR-public interval=5m candles=2303
[DATA] ACMTRY source=BinanceTR-public interval=5m candles=2303
[DATA] ACHTRY source=BinanceTR-public interval=5m candles=2303
[DATA] ACETRY source=BinanceTR-public interval=5m candles=2303
[DATA] ACTTRY source=BinanceTR-public interval=5m candles=2303
[DATA] ACXTRY source=BinanceTR-public interval=5m candles=2303
[DATA] ADATRY source=BinanceTR-public interval=5m candles=2303
[DATA] AEROTRY source=BinanceTR-public interval=5m candles=2303
[DATA] AITRY source=BinanceTR-public interval=5m candles=2303
[DATA] AEVOTRY source=BinanceTR-public interval=5m candles=2303
[DATA] AIGENSYNTRY source=BinanceTR-public interval=5m candles=2303
[DATA] AIXBTTRY source=BinanceTR-public interval=5m candles=2303
[DATA] ALGOTRY source=BinanceTR-public interval=5m candles=2303
[DATA] ALICETRY source=BinanceTR-public interval=5m candles=2303
[DATA] ALTTRY source=BinanceTR-public interval=5m candles=2303
[DATA] ANIMETRY source=BinanceTR-public interval=5m candles=2303
[DATA] ALPINETRY source=BinanceTR-public interval=5m candles=2303
[DATA] ALLOTRY source=BinanceTR-public interval=5m candles=2303
[DATA] AMPTRY source=BinanceTR-public interval=5m candles=2303
[DATA] ANKRTRY source=BinanceTR-public interval=5m candles=2303
[DATA] ARBTRY source=BinanceTR-public interval=5m candles=2303
[DATA] APTTRY source=BinanceTR-public interval=5m candles=2303
[DATA] API3TRY source=BinanceTR-public interval=5m candles=2303
[DATA] APETRY source=BinanceTR-public interval=5m candles=2303
[DATA] ARKMTRY source=BinanceTR-public interval=5m candles=2303
[DATA] ARKTRY source=BinanceTR-public interval=5m candles=2303
[DATA] ARPATRY source=BinanceTR-public interval=5m candles=2303
[DATA] ASRTRY source=BinanceTR-public interval=5m candles=2303
[DATA] ASTERTRY source=BinanceTR-public interval=5m candles=2303
[DATA] ARTRY source=BinanceTR-public interval=5m candles=2303
[DATA] ATOMTRY source=BinanceTR-public interval=5m candles=2303
[DATA] ATMTRY source=BinanceTR-public interval=5m candles=2303
[DATA] ATRY source=BinanceTR-public interval=5m candles=2303
[DATA] AUCTIONTRY source=BinanceTR-public interval=5m candles=2303
[DATA] AUDIOTRY source=BinanceTR-public interval=5m candles=2303
[DATA] ATTRY source=BinanceTR-public interval=5m candles=2303
[DATA] AVNTTRY source=BinanceTR-public interval=5m candles=2303
[DATA] AVAXTRY source=BinanceTR-public interval=5m candles=2303
[DATA] BABYTRY source=BinanceTR-public interval=5m candles=2303
[DATA] AXLTRY source=BinanceTR-public interval=5m candles=2303
[DATA] BANANATRY source=BinanceTR-public interval=5m candles=2303
[DATA] AXSTRY source=BinanceTR-public interval=5m candles=2303
[DATA] BANKTRY source=BinanceTR-public interval=5m candles=2303
[DATA] BARDTRY source=BinanceTR-public interval=5m candles=2303
[DATA] BARTRY source=BinanceTR-public interval=5m candles=2303
[DATA] BCHTRY source=BinanceTR-public interval=5m candles=2303
[DATA] BBTRY source=BinanceTR-public interval=5m candles=2303
[DATA] BELTRY source=BinanceTR-public interval=5m candles=2303
[DATA] BEAMXTRY source=BinanceTR-public interval=5m candles=2303
[DATA] BERATRY source=BinanceTR-public interval=5m candles=2303
[DATA] BIOTRY source=BinanceTR-public interval=5m candles=2303
[DATA] BMTTRY source=BinanceTR-public interval=5m candles=2303
[DATA] BLURTRY source=BinanceTR-public interval=5m candles=2303
[DATA] BONKTRY source=BinanceTR-public interval=5m candles=2303
[DATA] BTCTRY source=BinanceTR-public interval=5m candles=2303
[DATA] BNBTRY source=BinanceTR-public interval=5m candles=2303
[DATA] BOMETRY source=BinanceTR-public interval=5m candles=2303
[DATA] BTTCTRY source=BinanceTR-public interval=5m candles=2303
[DATA] BREVTRY source=BinanceTR-public interval=5m candles=2303
[DATA] CATITRY source=BinanceTR-public interval=5m candles=2303
[DATA] CAKETRY source=BinanceTR-public interval=5m candles=2303
[DATA] CFXTRY source=BinanceTR-public interval=5m candles=2303
[DATA] CELOTRY source=BinanceTR-public interval=5m candles=2303
[DATA] CETUSTRY source=BinanceTR-public interval=5m candles=2303
[DATA] CFGTRY source=BinanceTR-public interval=5m candles=2303
[DATA] CHZTRY source=BinanceTR-public interval=5m candles=2303
[DATA] CHIPTRY source=BinanceTR-public interval=5m candles=2303
[DATA] CITYTRY source=BinanceTR-public interval=5m candles=2303
[DATA] COMPTRY source=BinanceTR-public interval=5m candles=2303
[DATA] COTITRY source=BinanceTR-public interval=5m candles=2303
[DATA] COWTRY source=BinanceTR-public interval=5m candles=2303
[DATA] CKBTRY source=BinanceTR-public interval=5m candles=2303
[DATA] CTRY source=BinanceTR-public interval=5m candles=2303
[DATA] CRVTRY source=BinanceTR-public interval=5m candles=2303
[DATA] CYBERTRY source=BinanceTR-public interval=5m candles=2303
[DATA] DOLOTRY source=BinanceTR-public interval=5m candles=2303
[DATA] DODOTRY source=BinanceTR-public interval=5m candles=2303
[DATA] DOGSTRY source=BinanceTR-public interval=5m candles=2303
[DATA] DASHTRY source=BinanceTR-public interval=5m candles=2303
[DATA] DOGETRY source=BinanceTR-public interval=5m candles=2303
[DATA] DOTTRY source=BinanceTR-public interval=5m candles=2303
[DATA] EDENTRY source=BinanceTR-public interval=5m candles=2303
[DATA] DYDXTRY source=BinanceTR-public interval=5m candles=2303
[DATA] DYMTRY source=BinanceTR-public interval=5m candles=2303
[DATA] EDUTRY source=BinanceTR-public interval=5m candles=2303
[DATA] EGLDTRY source=BinanceTR-public interval=5m candles=2303
[DATA] EIGENTRY source=BinanceTR-public interval=5m candles=2303
[DATA] ENSTRY source=BinanceTR-public interval=5m candles=2303
[DATA] ENJTRY source=BinanceTR-public interval=5m candles=2303
[DATA] ENATRY source=BinanceTR-public interval=5m candles=2303
[DATA] ERATRY source=BinanceTR-public interval=5m candles=2303
[DATA] ENSOTRY source=BinanceTR-public interval=5m candles=2303
[DATA] ESPTRY source=BinanceTR-public interval=5m candles=2303
[DATA] ETHFITRY source=BinanceTR-public interval=5m candles=2303
[DATA] ETCTRY source=BinanceTR-public interval=5m candles=2303
[DATA] ETHTRY source=BinanceTR-public interval=5m candles=2303
[DATA] FETTRY source=BinanceTR-public interval=5m candles=2303
[DATA] EULTRY source=BinanceTR-public interval=5m candles=2303
[DATA] FDUSDTRY source=BinanceTR-public interval=5m candles=2303
[DATA] FFTRY source=BinanceTR-public interval=5m candles=2303
[DATA] FILTRY source=BinanceTR-public interval=5m candles=2303
[DATA] FIDATRY source=BinanceTR-public interval=5m candles=2303
[DATA] FLOKITRY source=BinanceTR-public interval=5m candles=2303
[DATA] FTRY source=BinanceTR-public interval=5m candles=2303
[DATA] FOGOTRY source=BinanceTR-public interval=5m candles=2303
[DATA] FORMTRY source=BinanceTR-public interval=5m candles=2303
[DATA] GASTRY source=BinanceTR-public interval=5m candles=2303
[DATA] GALATRY source=BinanceTR-public interval=5m candles=2303
[DATA] GMTTRY source=BinanceTR-public interval=5m candles=2303
[DATA] GIGGLETRY source=BinanceTR-public interval=5m candles=2303
[DATA] GENIUSTRY source=BinanceTR-public interval=5m candles=2303
[DATA] GPSTRY source=BinanceTR-public interval=5m candles=2303
[DATA] GRTTRY source=BinanceTR-public interval=5m candles=2303
[DATA] GRAMTRY source=BinanceTR-public interval=5m candles=2303
[DATA] GTRY source=BinanceTR-public interval=5m candles=2303
[DATA] GUNTRY source=BinanceTR-public interval=5m candles=2303
[DATA] HEITRY source=BinanceTR-public interval=5m candles=2303
[DATA] HBARTRY source=BinanceTR-public interval=5m candles=2303
[DATA] HAEDALTRY source=BinanceTR-public interval=5m candles=2303
[DATA] HIVETRY source=BinanceTR-public interval=5m candles=2303
[DATA] HEMITRY source=BinanceTR-public interval=5m candles=2303
[DATA] HOMETRY source=BinanceTR-public interval=5m candles=2303
[DATA] HOTTRY source=BinanceTR-public interval=5m candles=2303
[DATA] HOLOTRY source=BinanceTR-public interval=5m candles=2303
[DATA] HMSTRTRY source=BinanceTR-public interval=5m candles=2303
[DATA] HYPERTRY source=BinanceTR-public interval=5m candles=2303
[DATA] HUMATRY source=BinanceTR-public interval=5m candles=2303
[DATA] ICPTRY source=BinanceTR-public interval=5m candles=2303
[DATA] IDTRY source=BinanceTR-public interval=5m candles=2303
[DATA] IOTRY source=BinanceTR-public interval=5m candles=2303
[DATA] IOTATRY source=BinanceTR-public interval=5m candles=2303
[DATA] INJTRY source=BinanceTR-public interval=5m candles=2303
[DATA] INITTRY source=BinanceTR-public interval=5m candles=2303
[DATA] JASMYTRY source=BinanceTR-public interval=5m candles=2303
[DATA] JTOTRY source=BinanceTR-public interval=5m candles=2303
[DATA] JUPTRY source=BinanceTR-public interval=5m candles=2303
[DATA] KAITOTRY source=BinanceTR-public interval=5m candles=2303
[DATA] JUVTRY source=BinanceTR-public interval=5m candles=2303
[DATA] KERNELTRY source=BinanceTR-public interval=5m candles=2303
[DATA] KITETRY source=BinanceTR-public interval=5m candles=2303
[DATA] KATTRY source=BinanceTR-public interval=5m candles=2303
[DATA] LATRY source=BinanceTR-public interval=5m candles=2303
[DATA] LAYERTRY source=BinanceTR-public interval=5m candles=2303
[DATA] KSMTRY source=BinanceTR-public interval=5m candles=2303
[DATA] LAZIOTRY source=BinanceTR-public interval=5m candles=2303
[DATA] LDOTRY source=BinanceTR-public interval=5m candles=2303
[DATA] LINEATRY source=BinanceTR-public interval=5m candles=2303
[DATA] LINKTRY source=BinanceTR-public interval=5m candles=2303
[DATA] LISTATRY source=BinanceTR-public interval=5m candles=2303
[DATA] LPTTRY source=BinanceTR-public interval=5m candles=2303
[DATA] LTCTRY source=BinanceTR-public interval=5m candles=2303
[DATA] LUNATRY source=BinanceTR-public interval=5m candles=2303
[DATA] MANATRY source=BinanceTR-public interval=5m candles=2303
[DATA] LUNCTRY source=BinanceTR-public interval=5m candles=2303
[DATA] LUMIATRY source=BinanceTR-public interval=5m candles=2303
[DATA] MAGICTRY source=BinanceTR-public interval=5m candles=2303
[DATA] MAVTRY source=BinanceTR-public interval=5m candles=2303
[DATA] MANTATRY source=BinanceTR-public interval=5m candles=2303
[DATA] MASKTRY source=BinanceTR-public interval=5m candles=2303
[DATA] MEGATRY source=BinanceTR-public interval=5m candles=2303
[DATA] MANTRATRY source=BinanceTR-public interval=5m candles=2303
[DATA] MEMETRY source=BinanceTR-public interval=5m candles=2303
[DATA] METISTRY source=BinanceTR-public interval=5m candles=2303
[DATA] METRY source=BinanceTR-public interval=5m candles=2303
[DATA] METTRY source=BinanceTR-public interval=5m candles=2303
[DATA] MINATRY source=BinanceTR-public interval=5m candles=2303
[DATA] MMTTRY source=BinanceTR-public interval=5m candles=2303
[DATA] MIRATRY source=BinanceTR-public interval=5m candles=2303
[DATA] MITOTRY source=BinanceTR-public interval=5m candles=2303
[DATA] MOVRTRY source=BinanceTR-public interval=5m candles=2303
[DATA] MORPHOTRY source=BinanceTR-public interval=5m candles=2303
[DATA] MUBARAKTRY source=BinanceTR-public interval=5m candles=2303
[DATA] NEIROTRY source=BinanceTR-public interval=5m candles=2303
[DATA] NEARTRY source=BinanceTR-public interval=5m candles=2303
[DATA] NIGHTTRY source=BinanceTR-public interval=5m candles=2303
[DATA] NEOTRY source=BinanceTR-public interval=5m candles=2303
[DATA] NEWTTRY source=BinanceTR-public interval=5m candles=2303
[DATA] NILTRY source=BinanceTR-public interval=5m candles=2303
[DATA] NMRTRY source=BinanceTR-public interval=5m candles=2303
[DATA] OGNTRY source=BinanceTR-public interval=5m candles=2303
[DATA] NOTTRY source=BinanceTR-public interval=5m candles=2303
[DATA] ONDOTRY source=BinanceTR-public interval=5m candles=2303
[DATA] NXPCTRY source=BinanceTR-public interval=5m candles=2303
[DATA] NOMTRY source=BinanceTR-public interval=5m candles=2303
[DATA] OGTRY source=BinanceTR-public interval=5m candles=2303
[DATA] ONTTRY source=BinanceTR-public interval=5m candles=2303
[DATA] ONETRY source=BinanceTR-public interval=5m candles=2303
[DATA] OPENTRY source=BinanceTR-public interval=5m candles=2303
[DATA] OPGTRY source=BinanceTR-public interval=5m candles=2303
[DATA] OPNTRY source=BinanceTR-public interval=5m candles=2303
[DATA] OPTRY source=BinanceTR-public interval=5m candles=2303
[DATA] ORDITRY source=BinanceTR-public interval=5m candles=2303
[DATA] ORCATRY source=BinanceTR-public interval=5m candles=2303
[DATA] PARTITRY source=BinanceTR-public interval=5m candles=2303
[DATA] PENDLETRY source=BinanceTR-public interval=5m candles=2303
[DATA] PENGUTRY source=BinanceTR-public interval=5m candles=2303
[DATA] PEPETRY source=BinanceTR-public interval=5m candles=2303
[DATA] PAXGTRY source=BinanceTR-public interval=5m candles=2303
[DATA] PHATRY source=BinanceTR-public interval=5m candles=2303
[DATA] PEOPLETRY source=BinanceTR-public interval=5m candles=2303
[DATA] PIXELTRY source=BinanceTR-public interval=5m candles=2303
[DATA] POLTRY source=BinanceTR-public interval=5m candles=2303
[DATA] PNUTTRY source=BinanceTR-public interval=5m candles=2303
[DATA] PORTALTRY source=BinanceTR-public interval=5m candles=2303
[DATA] POLYXTRY source=BinanceTR-public interval=5m candles=2303
[DATA] PLUMETRY source=BinanceTR-public interval=5m candles=2303
[DATA] PSGTRY source=BinanceTR-public interval=5m candles=2303
[DATA] PROVETRY source=BinanceTR-public interval=5m candles=2303
[DATA] PORTOTRY source=BinanceTR-public interval=5m candles=2303
[DATA] PUMPTRY source=BinanceTR-public interval=5m candles=2303
[DATA] PYTHTRY source=BinanceTR-public interval=5m candles=2303
[DATA] QTUMTRY source=BinanceTR-public interval=5m candles=2303
[DATA] RADTRY source=BinanceTR-public interval=5m candles=2303
[DATA] RAYTRY source=BinanceTR-public interval=5m candles=2303
[DATA] REDTRY source=BinanceTR-public interval=5m candles=2303
[DATA] RENDERTRY source=BinanceTR-public interval=5m candles=2303
[DATA] RARETRY source=BinanceTR-public interval=5m candles=2303
[DATA] RESOLVTRY source=BinanceTR-public interval=5m candles=2303
[DATA] RETRY source=BinanceTR-public interval=5m candles=2303
[DATA] ROBOTRY source=BinanceTR-public interval=5m candles=2303
[DATA] REZTRY source=BinanceTR-public interval=5m candles=2303
[DATA] RONINTRY source=BinanceTR-public interval=5m candles=2303
[DATA] ROSETRY source=BinanceTR-public interval=5m candles=2303
[DATA] RVNTRY source=BinanceTR-public interval=5m candles=2303
[DATA] SAHARATRY source=BinanceTR-public interval=5m candles=2303
[DATA] RSRTRY source=BinanceTR-public interval=5m candles=2303
[DATA] SAGATRY source=BinanceTR-public interval=5m candles=2303
[DATA] SANTOSTRY source=BinanceTR-public interval=5m candles=2303
[DATA] SAPIENTRY source=BinanceTR-public interval=5m candles=2303
[DATA] SCRTRY source=BinanceTR-public interval=5m candles=2303
[DATA] SEITRY source=BinanceTR-public interval=5m candles=2303
[DATA] SANDTRY source=BinanceTR-public interval=5m candles=2303
[DATA] SENTTRY source=BinanceTR-public interval=5m candles=2303
[DATA] SIGNTRY source=BinanceTR-public interval=5m candles=2303
[DATA] SHIBTRY source=BinanceTR-public interval=5m candles=2303
[DATA] SKLTRY source=BinanceTR-public interval=5m candles=2303
[DATA] SHELLTRY source=BinanceTR-public interval=5m candles=2303
[DATA] SKYTRY source=BinanceTR-public interval=5m candles=2303
[DATA] SLPTRY source=BinanceTR-public interval=5m candles=2303
[DATA] SNXTRY source=BinanceTR-public interval=5m candles=2303
[DATA] SOMITRY source=BinanceTR-public interval=5m candles=2303
[DATA] SOLVTRY source=BinanceTR-public interval=5m candles=2303
[DATA] SOLTRY source=BinanceTR-public interval=5m candles=2303
[DATA] SPELLTRY source=BinanceTR-public interval=5m candles=2303
[DATA] SOPHTRY source=BinanceTR-public interval=5m candles=2303
[DATA] STOTRY source=BinanceTR-public interval=5m candles=2303
[DATA] SPKTRY source=BinanceTR-public interval=5m candles=2303
[DATA] STRAXTRY source=BinanceTR-public interval=5m candles=2303
[DATA] STRKTRY source=BinanceTR-public interval=5m candles=2303
[DATA] SUITRY source=BinanceTR-public interval=5m candles=2303
[DATA] SUNTRY source=BinanceTR-public interval=5m candles=2303
[DATA] STRY source=BinanceTR-public interval=5m candles=2303
[DATA] SUPERTRY source=BinanceTR-public interval=5m candles=2303
[DATA] STXTRY source=BinanceTR-public interval=5m candles=2303
[DATA] SYRUPTRY source=BinanceTR-public interval=5m candles=2303
[DATA] SUSHITRY source=BinanceTR-public interval=5m candles=2303
[DATA] TAOTRY source=BinanceTR-public interval=5m candles=2303
[DATA] SXTTRY source=BinanceTR-public interval=5m candles=2303
[DATA] THETATRY source=BinanceTR-public interval=5m candles=2303
[DATA] TIATRY source=BinanceTR-public interval=5m candles=2303
[DATA] THETRY source=BinanceTR-public interval=5m candles=2303
[DATA] TNSRTRY source=BinanceTR-public interval=5m candles=2303
[DATA] TRBTRY source=BinanceTR-public interval=5m candles=2303
[DATA] TLMTRY source=BinanceTR-public interval=5m candles=2303
[DATA] TOWNSTRY source=BinanceTR-public interval=5m candles=2303
[DATA] TREETRY source=BinanceTR-public interval=5m candles=2303
[DATA] TRXTRY source=BinanceTR-public interval=5m candles=2303
[DATA] TSTTRY source=BinanceTR-public interval=5m candles=2303
[DATA] TRUMPTRY source=BinanceTR-public interval=5m candles=2303
[DATA] TURBOTRY source=BinanceTR-public interval=5m candles=2303
[DATA] TWTTRY source=BinanceTR-public interval=5m candles=2303
[DATA] TURTLETRY source=BinanceTR-public interval=5m candles=2303
[DATA] UNITRY source=BinanceTR-public interval=5m candles=2303
[DATA] USDCTRY source=BinanceTR-public interval=5m candles=2303
[DATA] UMATRY source=BinanceTR-public interval=5m candles=2303
[DATA] USD1TRY source=BinanceTR-public interval=5m candles=2303
[DATA] USDTTRY source=BinanceTR-public interval=5m candles=2303
[DATA] USUALTRY source=BinanceTR-public interval=5m candles=2303
[DATA] USTCTRY source=BinanceTR-public interval=5m candles=2303
[DATA] UTRY source=BinanceTR-public interval=5m candles=2303
[DATA] VANRYTRY source=BinanceTR-public interval=5m candles=2303
[DATA] VANATRY source=BinanceTR-public interval=5m candles=2303
[DATA] VICTRY source=BinanceTR-public interval=5m candles=2303
[DATA] VETTRY source=BinanceTR-public interval=5m candles=2303
[DATA] VIRTUALTRY source=BinanceTR-public interval=5m candles=2303
[DATA] WCTTRY source=BinanceTR-public interval=5m candles=2303
[DATA] WALTRY source=BinanceTR-public interval=5m candles=2303
[DATA] WLDTRY source=BinanceTR-public interval=5m candles=2303
[DATA] WLFITRY source=BinanceTR-public interval=5m candles=2303
[DATA] WIFTRY source=BinanceTR-public interval=5m candles=2303
[DATA] XAITRY source=BinanceTR-public interval=5m candles=2303
[DATA] WTRY source=BinanceTR-public interval=5m candles=2303
[DATA] XAUTTRY source=BinanceTR-public interval=5m candles=2303
[DATA] XECTRY source=BinanceTR-public interval=5m candles=2303
[DATA] XLMTRY source=BinanceTR-public interval=5m candles=2303
[DATA] XRPTRY source=BinanceTR-public interval=5m candles=2303
[DATA] XPLTRY source=BinanceTR-public interval=5m candles=2303
[DATA] XTZTRY source=BinanceTR-public interval=5m candles=2303
[DATA] ZAMATRY source=BinanceTR-public interval=5m candles=2303
[DATA] XVGTRY source=BinanceTR-public interval=5m candles=2303
[DATA] YBTRY source=BinanceTR-public interval=5m candles=2303
[DATA] ZILTRY source=BinanceTR-public interval=5m candles=2303
[DATA] ZKPTRY source=BinanceTR-public interval=5m candles=2303
[DATA] ZBTTRY source=BinanceTR-public interval=5m candles=2303
[DATA] ZKTRY source=BinanceTR-public interval=5m candles=2303
[DATA] ZKCTRY source=BinanceTR-public interval=5m candles=2303
[DATA] ZROTRY source=BinanceTR-public interval=5m candles=2303
[ACTIVITY] 0GTRY status=PASSIVE metrics={"status": "PASSIVE", "quote_volume": 80600700.34, "range_15m_pct": 0.2692, "atr_pct": 0.1536, "volume_ratio": 0.0678, "spread_pct": 0.1343, "checks": {"quote_volume": true, "range_15m": true, "atr": true, "volume_ratio": false, "spread": true}, "reason": "movement_or_liquidity_below_threshold"}
[ACTIVITY] 1000CATTRY status=PASSIVE metrics={"status": "PASSIVE", "quote_volume": 5694739.97, "range_15m_pct": 1.2658, "atr_pct": 0.2679, "volume_ratio": 0.0, "spread_pct": 1.2579, "checks": {"quote_volume": true, "range_15m": true, "atr": true, "volume_ratio": false, "spread": false}, "reason": "movement_or_liquidity_below_threshold"}
[ACTIVITY] 1000SATSTRY status=PASSIVE metrics={"status": "PASSIVE", "quote_volume": 9571220.73, "range_15m_pct": 0.2075, "atr_pct": 0.2075, "volume_ratio": 0.116, "spread_pct": 0.2073, "checks": {"quote_volume": true, "range_15m": true, "atr": true, "volume_ratio": false, "spread": true}, "reason": "movement_or_liquidity_below_threshold"}
[ACTIVITY] 1MBABYDOGETRY status=PASSIVE metrics={"status": "PASSIVE", "quote_volume": 31677591.47, "range_15m_pct": 0.303, "atr_pct": 0.095, "volume_ratio": 0.0, "spread_pct": 0.1817, "checks": {"quote_volume": true, "range_15m": true, "atr": false, "volume_ratio": false, "spread": true}, "reason": "movement_or_liquidity_below_threshold"}
[ACTIVITY] 2ZTRY status=PASSIVE metrics={"status": "PASSIVE", "quote_volume": 804558.58, "range_15m_pct": 0.1207, "atr_pct": 0.0834, "volume_ratio": 0.0, "spread_pct": 0.1608, "checks": {"quote_volume": false, "range_15m": false, "atr": false, "volume_ratio": false, "spread": true}, "reason": "movement_or_liquidity_below_threshold"}
[ACTIVITY] AAVETRY status=PASSIVE metrics={"status": "PASSIVE", "quote_volume": 11104386.12, "range_15m_pct": 0.2807, "atr_pct": 0.137, "volume_ratio": 0.0, "spread_pct": 0.0234, "checks": {"quote_volume": true, "range_15m": true, "atr": false, "volume_ratio": false, "spread": true}, "reason": "movement_or_liquidity_below_threshold"}
[ACTIVITY] ACETRY status=ACTIVE metrics={"status": "ACTIVE", "quote_volume": 108268483.42, "range_15m_pct": 5.5953, "atr_pct": 2.0435, "volume_ratio": 1.9422, "spread_pct": 0.241, "checks": {"quote_volume": true, "range_15m": true, "atr": true, "volume_ratio": true, "spread": true}, "reason": "active"}
[ACTIVITY] ACHTRY status=PASSIVE metrics={"status": "PASSIVE", "quote_volume": 7152153.71, "range_15m_pct": 0.2498, "atr_pct": 0.1461, "volume_ratio": 0.0353, "spread_pct": 0.05, "checks": {"quote_volume": true, "range_15m": true, "atr": false, "volume_ratio": false, "spread": true}, "reason": "movement_or_liquidity_below_threshold"}
[ACTIVITY] ACMTRY status=PASSIVE metrics={"status": "PASSIVE", "quote_volume": 1580891.08, "range_15m_pct": 0.0, "atr_pct": 0.1015, "volume_ratio": 0.0, "spread_pct": 0.6294, "checks": {"quote_volume": true, "range_15m": false, "atr": false, "volume_ratio": false, "spread": false}, "reason": "movement_or_liquidity_below_threshold"}
[ACTIVITY] ACTTRY status=ACTIVE metrics={"status": "ACTIVE", "quote_volume": 19451499.71, "range_15m_pct": 0.8493, "atr_pct": 0.3257, "volume_ratio": 0.5806, "spread_pct": 0.1207, "checks": {"quote_volume": true, "range_15m": true, "atr": true, "volume_ratio": true, "spread": true}, "reason": "active"}
[ACTIVITY] ACXTRY status=PASSIVE metrics={"status": "PASSIVE", "quote_volume": 20011404.97, "range_15m_pct": 0.5717, "atr_pct": 0.0743, "volume_ratio": 2.422, "spread_pct": 0.156, "checks": {"quote_volume": true, "range_15m": true, "atr": false, "volume_ratio": true, "spread": true}, "reason": "movement_or_liquidity_below_threshold"}
[ACTIVITY] ADATRY status=PASSIVE metrics={"status": "PASSIVE", "quote_volume": 30710535.16, "range_15m_pct": 0.2242, "atr_pct": 0.176, "volume_ratio": 0.001, "spread_pct": 0.112, "checks": {"quote_volume": true, "range_15m": true, "atr": true, "volume_ratio": false, "spread": true}, "reason": "movement_or_liquidity_below_threshold"}
[ACTIVITY] AEROTRY status=PASSIVE metrics={"status": "PASSIVE", "quote_volume": 1360134.97, "range_15m_pct": 0.0, "atr_pct": 0.1034, "volume_ratio": 0.0, "spread_pct": 0.1492, "checks": {"quote_volume": true, "range_15m": false, "atr": false, "volume_ratio": false, "spread": true}, "reason": "movement_or_liquidity_below_threshold"}
[ACTIVITY] AEVOTRY status=PASSIVE metrics={"status": "PASSIVE", "quote_volume": 3633009.67, "range_15m_pct": 0.3181, "atr_pct": 0.1133, "volume_ratio": 0.0, "spread_pct": 0.1059, "checks": {"quote_volume": true, "range_15m": true, "atr": false, "volume_ratio": false, "spread": true}, "reason": "movement_or_liquidity_below_threshold"}
[ACTIVITY] AIGENSYNTRY status=PASSIVE metrics={"status": "PASSIVE", "quote_volume": 17896760.9, "range_15m_pct": 0.3052, "atr_pct": 0.1889, "volume_ratio": 0.0815, "spread_pct": 0.1017, "checks": {"quote_volume": true, "range_15m": true, "atr": true, "volume_ratio": false, "spread": true}, "reason": "movement_or_liquidity_below_threshold"}
[ACTIVITY] AITRY status=PASSIVE metrics={"status": "PASSIVE", "quote_volume": 6516759.13, "range_15m_pct": 1.2195, "atr_pct": 0.2582, "volume_ratio": 0.0678, "spread_pct": 1.1976, "checks": {"quote_volume": true, "range_15m": true, "atr": true, "volume_ratio": false, "spread": false}, "reason": "movement_or_liquidity_below_threshold"}
[ACTIVITY] AIXBTTRY status=PASSIVE metrics={"status": "PASSIVE", "quote_volume": 5712154.43, "range_15m_pct": 0.4739, "atr_pct": 0.2116, "volume_ratio": 0.2923, "spread_pct": 0.1181, "checks": {"quote_volume": true, "range_15m": true, "atr": true, "volume_ratio": false, "spread": true}, "reason": "movement_or_liquidity_below_threshold"}
[ACTIVITY] ALGOTRY status=PASSIVE metrics={"status": "PASSIVE", "quote_volume": 2144973.21, "range_15m_pct": 0.0, "atr_pct": 0.0332, "volume_ratio": 0.0, "spread_pct": 0.0515, "checks": {"quote_volume": true, "range_15m": false, "atr": false, "volume_ratio": false, "spread": true}, "reason": "movement_or_liquidity_below_threshold"}
[ACTIVITY] ALICETRY status=PASSIVE metrics={"status": "PASSIVE", "quote_volume": 15960647.74, "range_15m_pct": 0.1776, "atr_pct": 0.0507, "volume_ratio": 0.0, "spread_pct": 0.1778, "checks": {"quote_volume": true, "range_15m": true, "atr": false, "volume_ratio": false, "spread": true}, "reason": "movement_or_liquidity_below_threshold"}
[ACTIVITY] ALLOTRY status=PASSIVE metrics={"status": "PASSIVE", "quote_volume": 40467133.87, "range_15m_pct": 1.7735, "atr_pct": 0.7674, "volume_ratio": 0.246, "spread_pct": 0.0676, "checks": {"quote_volume": true, "range_15m": true, "atr": true, "volume_ratio": false, "spread": true}, "reason": "movement_or_liquidity_below_threshold"}
[ACTIVITY] ALPINETRY status=PASSIVE metrics={"status": "PASSIVE", "quote_volume": 6728477.12, "range_15m_pct": 0.1307, "atr_pct": 0.0887, "volume_ratio": 0.4717, "spread_pct": 0.0654, "checks": {"quote_volume": true, "range_15m": false, "atr": false, "volume_ratio": false, "spread": true}, "reason": "movement_or_liquidity_below_threshold"}
[ACTIVITY] ALTTRY status=PASSIVE metrics={"status": "PASSIVE", "quote_volume": 5668886.42, "range_15m_pct": 0.3584, "atr_pct": 0.1786, "volume_ratio": 0.0135, "spread_pct": 0.3578, "checks": {"quote_volume": true, "range_15m": true, "atr": true, "volume_ratio": false, "spread": false}, "reason": "movement_or_liquidity_below_threshold"}
[ACTIVITY] AMPTRY status=PASSIVE metrics={"status": "PASSIVE", "quote_volume": 19552096.56, "range_15m_pct": 0.5495, "atr_pct": 0.1952, "volume_ratio": 0.7059, "spread_pct": 0.545, "checks": {"quote_volume": true, "range_15m": true, "atr": true, "volume_ratio": true, "spread": false}, "reason": "movement_or_liquidity_below_threshold"}
[ACTIVITY] ANIMETRY status=PASSIVE metrics={"status": "PASSIVE", "quote_volume": 555441.37, "range_15m_pct": 0.0, "atr_pct": 0.0, "volume_ratio": 0.0, "spread_pct": 0.8584, "checks": {"quote_volume": false, "range_15m": false, "atr": false, "volume_ratio": false, "spread": false}, "reason": "movement_or_liquidity_below_threshold"}
[ACTIVITY] ANKRTRY status=PASSIVE metrics={"status": "PASSIVE", "quote_volume": 710839.69, "range_15m_pct": 0.243, "atr_pct": 0.0521, "volume_ratio": 0.1586, "spread_pct": 0.1217, "checks": {"quote_volume": false, "range_15m": true, "atr": false, "volume_ratio": false, "spread": true}, "reason": "movement_or_liquidity_below_threshold"}
[ACTIVITY] APETRY status=PASSIVE metrics={"status": "PASSIVE", "quote_volume": 3631517.47, "range_15m_pct": 0.3252, "atr_pct": 0.1278, "volume_ratio": 2.958, "spread_pct": 0.1625, "checks": {"quote_volume": true, "range_15m": true, "atr": false, "volume_ratio": true, "spread": true}, "reason": "movement_or_liquidity_below_threshold"}
[ACTIVITY] API3TRY status=PASSIVE metrics={"status": "PASSIVE", "quote_volume": 8356141.18, "range_15m_pct": 0.1107, "atr_pct": 0.0949, "volume_ratio": 0.0073, "spread_pct": 0.1108, "checks": {"quote_volume": true, "range_15m": false, "atr": false, "volume_ratio": false, "spread": true}, "reason": "movement_or_liquidity_below_threshold"}
[ACTIVITY] APTTRY status=PASSIVE metrics={"status": "PASSIVE", "quote_volume": 5290748.2, "range_15m_pct": 0.738, "atr_pct": 0.2363, "volume_ratio": 1.6901, "spread_pct": 0.3683, "checks": {"quote_volume": true, "range_15m": true, "atr": true, "volume_ratio": true, "spread": false}, "reason": "movement_or_liquidity_below_threshold"}
[ACTIVITY] ARBTRY status=ACTIVE metrics={"status": "ACTIVE", "quote_volume": 20050454.4, "range_15m_pct": 0.2667, "atr_pct": 0.152, "volume_ratio": 1.7987, "spread_pct": 0.2656, "checks": {"quote_volume": true, "range_15m": true, "atr": true, "volume_ratio": true, "spread": true}, "reason": "active"}
[ACTIVITY] ARKMTRY status=PASSIVE metrics={"status": "PASSIVE", "quote_volume": 5885287.57, "range_15m_pct": 0.2431, "atr_pct": 0.1594, "volume_ratio": 0.1983, "spread_pct": 0.1325, "checks": {"quote_volume": true, "range_15m": true, "atr": true, "volume_ratio": false, "spread": true}, "reason": "movement_or_liquidity_below_threshold"}
[ACTIVITY] ARKTRY status=PASSIVE metrics={"status": "PASSIVE", "quote_volume": 1081640.3, "range_15m_pct": 0.2273, "atr_pct": 0.0812, "volume_ratio": 4.9776, "spread_pct": 0.2275, "checks": {"quote_volume": true, "range_15m": true, "atr": false, "volume_ratio": true, "spread": true}, "reason": "movement_or_liquidity_below_threshold"}
[ACTIVITY] ARPATRY status=PASSIVE metrics={"status": "PASSIVE", "quote_volume": 6291114.3, "range_15m_pct": 0.0, "atr_pct": 0.0969, "volume_ratio": 0.0, "spread_pct": 0.0715, "checks": {"quote_volume": true, "range_15m": false, "atr": false, "volume_ratio": false, "spread": true}, "reason": "movement_or_liquidity_below_threshold"}
[ACTIVITY] ARTRY status=PASSIVE metrics={"status": "PASSIVE", "quote_volume": 1362608.24, "range_15m_pct": 0.0, "atr_pct": 0.0858, "volume_ratio": 0.0, "spread_pct": 0.1402, "checks": {"quote_volume": true, "range_15m": false, "atr": false, "volume_ratio": false, "spread": true}, "reason": "movement_or_liquidity_below_threshold"}
[ACTIVITY] ASRTRY status=PASSIVE metrics={"status": "PASSIVE", "quote_volume": 12789166.72, "range_15m_pct": 0.1456, "atr_pct": 0.0987, "volume_ratio": 0.0, "spread_pct": 0.1212, "checks": {"quote_volume": true, "range_15m": false, "atr": false, "volume_ratio": false, "spread": true}, "reason": "movement_or_liquidity_below_threshold"}
[ACTIVITY] ASTERTRY status=PASSIVE metrics={"status": "PASSIVE", "quote_volume": 5197417.57, "range_15m_pct": 0.0693, "atr_pct": 0.0346, "volume_ratio": 0.0886, "spread_pct": 0.0347, "checks": {"quote_volume": true, "range_15m": false, "atr": false, "volume_ratio": false, "spread": true}, "reason": "movement_or_liquidity_below_threshold"}
[ACTIVITY] ATMTRY status=PASSIVE metrics={"status": "PASSIVE", "quote_volume": 43047283.68, "range_15m_pct": 0.3198, "atr_pct": 0.2447, "volume_ratio": 2.248, "spread_pct": 0.6301, "checks": {"quote_volume": true, "range_15m": true, "atr": true, "volume_ratio": true, "spread": false}, "reason": "movement_or_liquidity_below_threshold"}
[ACTIVITY] ATOMTRY status=PASSIVE metrics={"status": "PASSIVE", "quote_volume": 3065270.52, "range_15m_pct": 0.0, "atr_pct": 0.0635, "volume_ratio": 0.0, "spread_pct": 0.148, "checks": {"quote_volume": true, "range_15m": false, "atr": false, "volume_ratio": false, "spread": true}, "reason": "movement_or_liquidity_below_threshold"}
[ACTIVITY] ATRY status=PASSIVE metrics={"status": "PASSIVE", "quote_volume": 489421.85, "range_15m_pct": 0.0, "atr_pct": 0.0234, "volume_ratio": 1.3563, "spread_pct": 0.3273, "checks": {"quote_volume": false, "range_15m": false, "atr": false, "volume_ratio": true, "spread": false}, "reason": "movement_or_liquidity_below_threshold"}
[ACTIVITY] ATTRY status=PASSIVE metrics={"status": "PASSIVE", "quote_volume": 28221668.07, "range_15m_pct": 0.3383, "atr_pct": 0.4465, "volume_ratio": 0.3798, "spread_pct": 0.3379, "checks": {"quote_volume": true, "range_15m": true, "atr": true, "volume_ratio": false, "spread": false}, "reason": "movement_or_liquidity_below_threshold"}
[ACTIVITY] AUCTIONTRY status=PASSIVE metrics={"status": "PASSIVE", "quote_volume": 1051432.34, "range_15m_pct": 0.2174, "atr_pct": 0.0259, "volume_ratio": 0.0, "spread_pct": 0.1449, "checks": {"quote_volume": true, "range_15m": true, "atr": false, "volume_ratio": false, "spread": true}, "reason": "movement_or_liquidity_below_threshold"}
[ACTIVITY] AUDIOTRY status=PASSIVE metrics={"status": "PASSIVE", "quote_volume": 35895577.89, "range_15m_pct": 0.1206, "atr_pct": 0.1279, "volume_ratio": 0.0117, "spread_pct": 0.1379, "checks": {"quote_volume": true, "range_15m": false, "atr": false, "volume_ratio": false, "spread": true}, "reason": "movement_or_liquidity_below_threshold"}
[ACTIVITY] AVAXTRY status=PASSIVE metrics={"status": "PASSIVE", "quote_volume": 94259567.74, "range_15m_pct": 0.1676, "atr_pct": 0.1674, "volume_ratio": 0.2589, "spread_pct": 0.0335, "checks": {"quote_volume": true, "range_15m": true, "atr": true, "volume_ratio": false, "spread": true}, "reason": "movement_or_liquidity_below_threshold"}
[ACTIVITY] AVNTTRY status=PASSIVE metrics={"status": "PASSIVE", "quote_volume": 5763117.25, "range_15m_pct": 0.0, "atr_pct": 0.2283, "volume_ratio": 0.0, "spread_pct": 0.2281, "checks": {"quote_volume": true, "range_15m": false, "atr": true, "volume_ratio": false, "spread": true}, "reason": "movement_or_liquidity_below_threshold"}
[ACTIVITY] AXLTRY status=PASSIVE metrics={"status": "PASSIVE", "quote_volume": 255613.26, "range_15m_pct": 0.5814, "atr_pct": 0.1246, "volume_ratio": 0.1261, "spread_pct": 0.5797, "checks": {"quote_volume": false, "range_15m": true, "atr": false, "volume_ratio": false, "spread": false}, "reason": "movement_or_liquidity_below_threshold"}
[ACTIVITY] AXSTRY status=PASSIVE metrics={"status": "PASSIVE", "quote_volume": 1716640.3, "range_15m_pct": 0.2375, "atr_pct": 0.0677, "volume_ratio": 1.9961, "spread_pct": 0.2367, "checks": {"quote_volume": true, "range_15m": true, "atr": false, "volume_ratio": true, "spread": true}, "reason": "movement_or_liquidity_below_threshold"}
[ACTIVITY] BABYTRY status=PASSIVE metrics={"status": "PASSIVE", "quote_volume": 21614849.46, "range_15m_pct": 2.5, "atr_pct": 2.0318, "volume_ratio": 0.1859, "spread_pct": 0.1768, "checks": {"quote_volume": true, "range_15m": true, "atr": true, "volume_ratio": false, "spread": true}, "reason": "movement_or_liquidity_below_threshold"}
[ACTIVITY] BANANATRY status=PASSIVE metrics={"status": "PASSIVE", "quote_volume": 31563954.3, "range_15m_pct": 1.1364, "atr_pct": 0.2018, "volume_ratio": 0.3053, "spread_pct": 0.5634, "checks": {"quote_volume": true, "range_15m": true, "atr": true, "volume_ratio": false, "spread": false}, "reason": "movement_or_liquidity_below_threshold"}
[ACTIVITY] BANKTRY status=ACTIVE metrics={"status": "ACTIVE", "quote_volume": 183431621.5, "range_15m_pct": 1.5152, "atr_pct": 0.4796, "volume_ratio": 0.8999, "spread_pct": 0.0604, "checks": {"quote_volume": true, "range_15m": true, "atr": true, "volume_ratio": true, "spread": true}, "reason": "active"}
[ACTIVITY] BARDTRY status=PASSIVE metrics={"status": "PASSIVE", "quote_volume": 4419084.2, "range_15m_pct": 0.0, "atr_pct": 0.0273, "volume_ratio": 0.0, "spread_pct": 0.1914, "checks": {"quote_volume": true, "range_15m": false, "atr": false, "volume_ratio": false, "spread": true}, "reason": "movement_or_liquidity_below_threshold"}
[ACTIVITY] BARTRY status=PASSIVE metrics={"status": "PASSIVE", "quote_volume": 4874230.05, "range_15m_pct": 0.08, "atr_pct": 0.0856, "volume_ratio": 0.6074, "spread_pct": 0.08, "checks": {"quote_volume": true, "range_15m": false, "atr": false, "volume_ratio": true, "spread": true}, "reason": "movement_or_liquidity_below_threshold"}
[ACTIVITY] BBTRY status=ACTIVE metrics={"status": "ACTIVE", "quote_volume": 24756358.23, "range_15m_pct": 0.4005, "atr_pct": 0.2425, "volume_ratio": 5.0082, "spread_pct": 0.1833, "checks": {"quote_volume": true, "range_15m": true, "atr": true, "volume_ratio": true, "spread": true}, "reason": "active"}
[ACTIVITY] BCHTRY status=PASSIVE metrics={"status": "PASSIVE", "quote_volume": 65815.06, "range_15m_pct": 0.0, "atr_pct": 0.0252, "volume_ratio": 0.0, "spread_pct": 0.0881, "checks": {"quote_volume": false, "range_15m": false, "atr": false, "volume_ratio": false, "spread": true}, "reason": "movement_or_liquidity_below_threshold"}
[ACTIVITY] BEAMXTRY status=PASSIVE metrics={"status": "PASSIVE", "quote_volume": 1130860.04, "range_15m_pct": 0.1531, "atr_pct": 0.1092, "volume_ratio": 0.0, "spread_pct": 0.1533, "checks": {"quote_volume": true, "range_15m": true, "atr": false, "volume_ratio": false, "spread": true}, "reason": "movement_or_liquidity_below_threshold"}
[ACTIVITY] BELTRY status=PASSIVE metrics={"status": "PASSIVE", "quote_volume": 25318529.33, "range_15m_pct": 0.2028, "atr_pct": 0.1449, "volume_ratio": 2.5778, "spread_pct": 0.2026, "checks": {"quote_volume": true, "range_15m": true, "atr": false, "volume_ratio": true, "spread": true}, "reason": "movement_or_liquidity_below_threshold"}
[ACTIVITY] BERATRY status=PASSIVE metrics={"status": "PASSIVE", "quote_volume": 14804241.81, "range_15m_pct": 0.2994, "atr_pct": 0.222, "volume_ratio": 0.023, "spread_pct": 0.1425, "checks": {"quote_volume": true, "range_15m": true, "atr": true, "volume_ratio": false, "spread": true}, "reason": "movement_or_liquidity_below_threshold"}
[ACTIVITY] BIOTRY status=PASSIVE metrics={"status": "PASSIVE", "quote_volume": 19295604.52, "range_15m_pct": 0.6774, "atr_pct": 0.2056, "volume_ratio": 0.0176, "spread_pct": 0.0847, "checks": {"quote_volume": true, "range_15m": true, "atr": true, "volume_ratio": false, "spread": true}, "reason": "movement_or_liquidity_below_threshold"}
[ACTIVITY] BLURTRY status=PASSIVE metrics={"status": "PASSIVE", "quote_volume": 2166665.39, "range_15m_pct": 0.1546, "atr_pct": 0.0994, "volume_ratio": 0.9459, "spread_pct": 0.1547, "checks": {"quote_volume": true, "range_15m": true, "atr": false, "volume_ratio": true, "spread": true}, "reason": "movement_or_liquidity_below_threshold"}
[ACTIVITY] BMTTRY status=ACTIVE metrics={"status": "ACTIVE", "quote_volume": 415363356.24, "range_15m_pct": 1.2092, "atr_pct": 0.9078, "volume_ratio": 0.7344, "spread_pct": 0.1197, "checks": {"quote_volume": true, "range_15m": true, "atr": true, "volume_ratio": true, "spread": true}, "reason": "active"}
[ACTIVITY] BNBTRY status=PASSIVE metrics={"status": "PASSIVE", "quote_volume": 25493476.99, "range_15m_pct": 0.0581, "atr_pct": 0.0645, "volume_ratio": 0.0922, "spread_pct": 0.0034, "checks": {"quote_volume": true, "range_15m": false, "atr": false, "volume_ratio": false, "spread": true}, "reason": "movement_or_liquidity_below_threshold"}
[ACTIVITY] BOMETRY status=PASSIVE metrics={"status": "PASSIVE", "quote_volume": 33719098.75, "range_15m_pct": 1.3477, "atr_pct": 0.4806, "volume_ratio": 0.3823, "spread_pct": 0.1326, "checks": {"quote_volume": true, "range_15m": true, "atr": true, "volume_ratio": false, "spread": true}, "reason": "movement_or_liquidity_below_threshold"}
[ACTIVITY] BONKTRY status=PASSIVE metrics={"status": "PASSIVE", "quote_volume": 69579717.23, "range_15m_pct": 0.2742, "atr_pct": 0.137, "volume_ratio": 0.1854, "spread_pct": 0.0917, "checks": {"quote_volume": true, "range_15m": true, "atr": false, "volume_ratio": false, "spread": true}, "reason": "movement_or_liquidity_below_threshold"}
[ACTIVITY] BREVTRY status=PASSIVE metrics={"status": "PASSIVE", "quote_volume": 552561.14, "range_15m_pct": 0.6006, "atr_pct": 0.1279, "volume_ratio": 0.0, "spread_pct": 0.2981, "checks": {"quote_volume": false, "range_15m": true, "atr": false, "volume_ratio": false, "spread": true}, "reason": "movement_or_liquidity_below_threshold"}
[ACTIVITY] BTCTRY status=PASSIVE metrics={"status": "PASSIVE", "quote_volume": 161494709.39, "range_15m_pct": 0.1585, "atr_pct": 0.1043, "volume_ratio": 0.3562, "spread_pct": 0.0013, "checks": {"quote_volume": true, "range_15m": true, "atr": false, "volume_ratio": false, "spread": true}, "reason": "movement_or_liquidity_below_threshold"}
[ACTIVITY] BTTCTRY status=PASSIVE metrics={"status": "PASSIVE", "quote_volume": 1733596.19, "range_15m_pct": 0.2402, "atr_pct": 0.0915, "volume_ratio": 0.0413, "spread_pct": 0.1599, "checks": {"quote_volume": true, "range_15m": true, "atr": false, "volume_ratio": false, "spread": true}, "reason": "movement_or_liquidity_below_threshold"}
[ACTIVITY] CAKETRY status=PASSIVE metrics={"status": "PASSIVE", "quote_volume": 1935977.3, "range_15m_pct": 0.1298, "atr_pct": 0.0659, "volume_ratio": 0.0, "spread_pct": 0.0865, "checks": {"quote_volume": true, "range_15m": false, "atr": false, "volume_ratio": false, "spread": true}, "reason": "movement_or_liquidity_below_threshold"}
[ACTIVITY] CATITRY status=PASSIVE metrics={"status": "PASSIVE", "quote_volume": 2788442.68, "range_15m_pct": 0.3931, "atr_pct": 0.0839, "volume_ratio": 0.0, "spread_pct": 0.147, "checks": {"quote_volume": true, "range_15m": true, "atr": false, "volume_ratio": false, "spread": true}, "reason": "movement_or_liquidity_below_threshold"}
[ACTIVITY] CELOTRY status=PASSIVE metrics={"status": "PASSIVE", "quote_volume": 279431.29, "range_15m_pct": 0.0, "atr_pct": 0.0289, "volume_ratio": 0.0, "spread_pct": 0.2022, "checks": {"quote_volume": false, "range_15m": false, "atr": false, "volume_ratio": false, "spread": true}, "reason": "movement_or_liquidity_below_threshold"}
[ACTIVITY] CETUSTRY status=PASSIVE metrics={"status": "PASSIVE", "quote_volume": 9290269.65, "range_15m_pct": 0.1082, "atr_pct": 0.085, "volume_ratio": 0.0, "spread_pct": 0.1084, "checks": {"quote_volume": true, "range_15m": false, "atr": false, "volume_ratio": false, "spread": true}, "reason": "movement_or_liquidity_below_threshold"}
[ACTIVITY] CFGTRY status=PASSIVE metrics={"status": "PASSIVE", "quote_volume": 3812495.7, "range_15m_pct": 0.5873, "atr_pct": 0.1649, "volume_ratio": 0.0587, "spread_pct": 0.0533, "checks": {"quote_volume": true, "range_15m": true, "atr": true, "volume_ratio": false, "spread": true}, "reason": "movement_or_liquidity_below_threshold"}
[ACTIVITY] CFXTRY status=PASSIVE metrics={"status": "PASSIVE", "quote_volume": 1859113.91, "range_15m_pct": 0.251, "atr_pct": 0.1004, "volume_ratio": 0.2341, "spread_pct": 0.0502, "checks": {"quote_volume": true, "range_15m": true, "atr": false, "volume_ratio": false, "spread": true}, "reason": "movement_or_liquidity_below_threshold"}
[ACTIVITY] CHIPTRY status=ACTIVE metrics={"status": "ACTIVE", "quote_volume": 12471113.36, "range_15m_pct": 0.6913, "atr_pct": 0.4247, "volume_ratio": 2.4612, "spread_pct": 0.1382, "checks": {"quote_volume": true, "range_15m": true, "atr": true, "volume_ratio": true, "spread": true}, "reason": "active"}
[ACTIVITY] CHZTRY status=PASSIVE metrics={"status": "PASSIVE", "quote_volume": 28974956.59, "range_15m_pct": 0.33, "atr_pct": 0.1177, "volume_ratio": 0.0948, "spread_pct": 0.1649, "checks": {"quote_volume": true, "range_15m": true, "atr": false, "volume_ratio": false, "spread": true}, "reason": "movement_or_liquidity_below_threshold"}
[ACTIVITY] CITYTRY status=PASSIVE metrics={"status": "PASSIVE", "quote_volume": 3848149.29, "range_15m_pct": 1.1696, "atr_pct": 0.1661, "volume_ratio": 200.9131, "spread_pct": 0.5797, "checks": {"quote_volume": true, "range_15m": true, "atr": true, "volume_ratio": true, "spread": false}, "reason": "movement_or_liquidity_below_threshold"}
[ACTIVITY] CKBTRY status=PASSIVE metrics={"status": "PASSIVE", "quote_volume": 501390.26, "range_15m_pct": 0.2506, "atr_pct": 0.0716, "volume_ratio": 1.7641, "spread_pct": 0.2503, "checks": {"quote_volume": false, "range_15m": true, "atr": false, "volume_ratio": true, "spread": true}, "reason": "movement_or_liquidity_below_threshold"}
[ACTIVITY] COMPTRY status=PASSIVE metrics={"status": "PASSIVE", "quote_volume": 158081.62, "range_15m_pct": 0.0, "atr_pct": 0.0369, "volume_ratio": 0.0, "spread_pct": 0.1288, "checks": {"quote_volume": false, "range_15m": false, "atr": false, "volume_ratio": false, "spread": true}, "reason": "movement_or_liquidity_below_threshold"}
[ACTIVITY] COTITRY status=PASSIVE metrics={"status": "PASSIVE", "quote_volume": 25441583.38, "range_15m_pct": 0.5712, "atr_pct": 0.6539, "volume_ratio": 0.6439, "spread_pct": 0.3256, "checks": {"quote_volume": true, "range_15m": true, "atr": true, "volume_ratio": true, "spread": false}, "reason": "movement_or_liquidity_below_threshold"}
[ACTIVITY] COWTRY status=PASSIVE metrics={"status": "PASSIVE", "quote_volume": 458318.09, "range_15m_pct": 0.0, "atr_pct": 0.1141, "volume_ratio": 0.0, "spread_pct": 0.1986, "checks": {"quote_volume": false, "range_15m": false, "atr": false, "volume_ratio": false, "spread": true}, "reason": "movement_or_liquidity_below_threshold"}
[ACTIVITY] CRVTRY status=ACTIVE metrics={"status": "ACTIVE", "quote_volume": 50524154.49, "range_15m_pct": 0.6803, "atr_pct": 0.4719, "volume_ratio": 1.1263, "spread_pct": 0.0752, "checks": {"quote_volume": true, "range_15m": true, "atr": true, "volume_ratio": true, "spread": true}, "reason": "active"}
[ACTIVITY] CTRY status=PASSIVE metrics={"status": "PASSIVE", "quote_volume": 12324498.19, "range_15m_pct": 0.3205, "atr_pct": 0.0733, "volume_ratio": 2.2975, "spread_pct": 0.2247, "checks": {"quote_volume": true, "range_15m": true, "atr": false, "volume_ratio": true, "spread": true}, "reason": "movement_or_liquidity_below_threshold"}
[ACTIVITY] CYBERTRY status=PASSIVE metrics={"status": "PASSIVE", "quote_volume": 3230473.0, "range_15m_pct": 0.0, "atr_pct": 0.0489, "volume_ratio": 0.0, "spread_pct": 0.6873, "checks": {"quote_volume": true, "range_15m": false, "atr": false, "volume_ratio": false, "spread": false}, "reason": "movement_or_liquidity_below_threshold"}
[ACTIVITY] DASHTRY status=PASSIVE metrics={"status": "PASSIVE", "quote_volume": 5378259.76, "range_15m_pct": 0.0, "atr_pct": 0.0442, "volume_ratio": 0.0, "spread_pct": 0.0687, "checks": {"quote_volume": true, "range_15m": false, "atr": false, "volume_ratio": false, "spread": true}, "reason": "movement_or_liquidity_below_threshold"}
[ACTIVITY] DODOTRY status=PASSIVE metrics={"status": "PASSIVE", "quote_volume": 210084208.8, "range_15m_pct": 5.7996, "atr_pct": 1.7773, "volume_ratio": 0.7347, "spread_pct": 0.3691, "checks": {"quote_volume": true, "range_15m": true, "atr": true, "volume_ratio": true, "spread": false}, "reason": "movement_or_liquidity_below_threshold"}
[ACTIVITY] DOGETRY status=PASSIVE metrics={"status": "PASSIVE", "quote_volume": 88022007.69, "range_15m_pct": 0.35, "atr_pct": 0.127, "volume_ratio": 6.5604, "spread_pct": 0.0292, "checks": {"quote_volume": true, "range_15m": true, "atr": false, "volume_ratio": true, "spread": true}, "reason": "movement_or_liquidity_below_threshold"}
[ACTIVITY] DOGSTRY status=PASSIVE metrics={"status": "PASSIVE", "quote_volume": 3542009.87, "range_15m_pct": 0.2973, "atr_pct": 0.0934, "volume_ratio": 0.0, "spread_pct": 0.0595, "checks": {"quote_volume": true, "range_15m": true, "atr": false, "volume_ratio": false, "spread": true}, "reason": "movement_or_liquidity_below_threshold"}
[ACTIVITY] DOLOTRY status=PASSIVE metrics={"status": "PASSIVE", "quote_volume": 13342043.09, "range_15m_pct": 0.0, "atr_pct": 0.0983, "volume_ratio": 0.0, "spread_pct": 0.1843, "checks": {"quote_volume": true, "range_15m": false, "atr": false, "volume_ratio": false, "spread": true}, "reason": "movement_or_liquidity_below_threshold"}
[ACTIVITY] DOTTRY status=PASSIVE metrics={"status": "PASSIVE", "quote_volume": 5959428.17, "range_15m_pct": 0.0, "atr_pct": 0.0379, "volume_ratio": 1.9084, "spread_pct": 0.2649, "checks": {"quote_volume": true, "range_15m": false, "atr": false, "volume_ratio": true, "spread": true}, "reason": "movement_or_liquidity_below_threshold"}
[ACTIVITY] DYDXTRY status=PASSIVE metrics={"status": "PASSIVE", "quote_volume": 1759985.95, "range_15m_pct": 0.0, "atr_pct": 0.0591, "volume_ratio": 0.0, "spread_pct": 0.0944, "checks": {"quote_volume": true, "range_15m": false, "atr": false, "volume_ratio": false, "spread": true}, "reason": "movement_or_liquidity_below_threshold"}
[ACTIVITY] DYMTRY status=ACTIVE metrics={"status": "ACTIVE", "quote_volume": 9753624.98, "range_15m_pct": 0.4214, "atr_pct": 0.2253, "volume_ratio": 3.3392, "spread_pct": 0.029, "checks": {"quote_volume": true, "range_15m": true, "atr": true, "volume_ratio": true, "spread": true}, "reason": "active"}
[ACTIVITY] EDENTRY status=PASSIVE metrics={"status": "PASSIVE", "quote_volume": 24436821.35, "range_15m_pct": 0.3318, "atr_pct": 0.2573, "volume_ratio": 0.083, "spread_pct": 0.0949, "checks": {"quote_volume": true, "range_15m": true, "atr": true, "volume_ratio": false, "spread": true}, "reason": "movement_or_liquidity_below_threshold"}
[ACTIVITY] EDUTRY status=PASSIVE metrics={"status": "PASSIVE", "quote_volume": 31564528.0, "range_15m_pct": 0.5376, "atr_pct": 0.573, "volume_ratio": 0.1088, "spread_pct": 0.5362, "checks": {"quote_volume": true, "range_15m": true, "atr": true, "volume_ratio": false, "spread": false}, "reason": "movement_or_liquidity_below_threshold"}
[ACTIVITY] EGLDTRY status=PASSIVE metrics={"status": "PASSIVE", "quote_volume": 1715316.65, "range_15m_pct": 0.0, "atr_pct": 0.2225, "volume_ratio": 0.0, "spread_pct": 0.1558, "checks": {"quote_volume": true, "range_15m": false, "atr": true, "volume_ratio": false, "spread": true}, "reason": "movement_or_liquidity_below_threshold"}
[ACTIVITY] EIGENTRY status=PASSIVE metrics={"status": "PASSIVE", "quote_volume": 29584763.02, "range_15m_pct": 0.3591, "atr_pct": 0.237, "volume_ratio": 0.1622, "spread_pct": 0.0837, "checks": {"quote_volume": true, "range_15m": true, "atr": true, "volume_ratio": false, "spread": true}, "reason": "movement_or_liquidity_below_threshold"}
[ACTIVITY] ENATRY status=ACTIVE metrics={"status": "ACTIVE", "quote_volume": 63883911.41, "range_15m_pct": 0.4686, "atr_pct": 0.2054, "volume_ratio": 1.1214, "spread_pct": 0.0234, "checks": {"quote_volume": true, "range_15m": true, "atr": true, "volume_ratio": true, "spread": true}, "reason": "active"}
[ACTIVITY] ENJTRY status=PASSIVE metrics={"status": "PASSIVE", "quote_volume": 3092018.1, "range_15m_pct": 0.4248, "atr_pct": 0.0848, "volume_ratio": 0.0, "spread_pct": 0.0849, "checks": {"quote_volume": true, "range_15m": true, "atr": false, "volume_ratio": false, "spread": true}, "reason": "movement_or_liquidity_below_threshold"}
[ACTIVITY] ENSOTRY status=PASSIVE metrics={"status": "PASSIVE", "quote_volume": 8501863.14, "range_15m_pct": 0.0, "atr_pct": 0.1708, "volume_ratio": 0.0601, "spread_pct": 0.2181, "checks": {"quote_volume": true, "range_15m": false, "atr": true, "volume_ratio": false, "spread": true}, "reason": "movement_or_liquidity_below_threshold"}
[ACTIVITY] ENSTRY status=PASSIVE metrics={"status": "PASSIVE", "quote_volume": 2076153.73, "range_15m_pct": 0.2524, "atr_pct": 0.1295, "volume_ratio": 0.0, "spread_pct": 0.1008, "checks": {"quote_volume": true, "range_15m": true, "atr": false, "volume_ratio": false, "spread": true}, "reason": "movement_or_liquidity_below_threshold"}
[ACTIVITY] ERATRY status=PASSIVE metrics={"status": "PASSIVE", "quote_volume": 4875037.14, "range_15m_pct": 0.0, "atr_pct": 0.1874, "volume_ratio": 0.0, "spread_pct": 0.3284, "checks": {"quote_volume": true, "range_15m": false, "atr": true, "volume_ratio": false, "spread": false}, "reason": "movement_or_liquidity_below_threshold"}
[ACTIVITY] ESPTRY status=PASSIVE metrics={"status": "PASSIVE", "quote_volume": 29117556.64, "range_15m_pct": 0.5338, "atr_pct": 0.6801, "volume_ratio": 0.4266, "spread_pct": 0.0591, "checks": {"quote_volume": true, "range_15m": true, "atr": true, "volume_ratio": false, "spread": true}, "reason": "movement_or_liquidity_below_threshold"}
[ACTIVITY] ETCTRY status=PASSIVE metrics={"status": "PASSIVE", "quote_volume": 352071.21, "range_15m_pct": 0.3611, "atr_pct": 0.1149, "volume_ratio": 0.0, "spread_pct": 0.1639, "checks": {"quote_volume": false, "range_15m": true, "atr": false, "volume_ratio": false, "spread": true}, "reason": "movement_or_liquidity_below_threshold"}
[ACTIVITY] ETHFITRY status=ACTIVE metrics={"status": "ACTIVE", "quote_volume": 29985076.88, "range_15m_pct": 1.0532, "atr_pct": 0.3403, "volume_ratio": 1.4727, "spread_pct": 0.0555, "checks": {"quote_volume": true, "range_15m": true, "atr": true, "volume_ratio": true, "spread": true}, "reason": "active"}
[ACTIVITY] ETHTRY status=ACTIVE metrics={"status": "ACTIVE", "quote_volume": 185079098.13, "range_15m_pct": 0.4776, "atr_pct": 0.1889, "volume_ratio": 3.3102, "spread_pct": 0.0011, "checks": {"quote_volume": true, "range_15m": true, "atr": true, "volume_ratio": true, "spread": true}, "reason": "active"}
[ACTIVITY] EULTRY status=PASSIVE metrics={"status": "PASSIVE", "quote_volume": 11792025.65, "range_15m_pct": 0.0, "atr_pct": 0.188, "volume_ratio": 0.5768, "spread_pct": 0.1867, "checks": {"quote_volume": true, "range_15m": false, "atr": true, "volume_ratio": true, "spread": true}, "reason": "movement_or_liquidity_below_threshold"}
[ACTIVITY] FDUSDTRY status=PASSIVE metrics={"status": "PASSIVE", "quote_volume": 20952022.36, "range_15m_pct": 0.021, "atr_pct": 0.0105, "volume_ratio": 0.0214, "spread_pct": 0.021, "checks": {"quote_volume": true, "range_15m": false, "atr": false, "volume_ratio": false, "spread": true}, "reason": "movement_or_liquidity_below_threshold"}
[ACTIVITY] FETTRY status=PASSIVE metrics={"status": "PASSIVE", "quote_volume": 30707569.14, "range_15m_pct": 0.1546, "atr_pct": 0.1435, "volume_ratio": 0.1874, "spread_pct": 0.1547, "checks": {"quote_volume": true, "range_15m": true, "atr": false, "volume_ratio": false, "spread": true}, "reason": "movement_or_liquidity_below_threshold"}
[ACTIVITY] FFTRY status=PASSIVE metrics={"status": "PASSIVE", "quote_volume": 33580871.66, "range_15m_pct": 0.1929, "atr_pct": 0.1263, "volume_ratio": 0.2558, "spread_pct": 0.0322, "checks": {"quote_volume": true, "range_15m": true, "atr": false, "volume_ratio": false, "spread": true}, "reason": "movement_or_liquidity_below_threshold"}
[ACTIVITY] FIDATRY status=PASSIVE metrics={"status": "PASSIVE", "quote_volume": 5544779.78, "range_15m_pct": 0.3525, "atr_pct": 0.1258, "volume_ratio": 0.0, "spread_pct": 0.1174, "checks": {"quote_volume": true, "range_15m": true, "atr": false, "volume_ratio": false, "spread": true}, "reason": "movement_or_liquidity_below_threshold"}
[ACTIVITY] FILTRY status=PASSIVE metrics={"status": "PASSIVE", "quote_volume": 4940610.53, "range_15m_pct": 0.0898, "atr_pct": 0.0577, "volume_ratio": 0.0, "spread_pct": 0.0598, "checks": {"quote_volume": true, "range_15m": false, "atr": false, "volume_ratio": false, "spread": true}, "reason": "movement_or_liquidity_below_threshold"}
[ACTIVITY] FLOKITRY status=PASSIVE metrics={"status": "PASSIVE", "quote_volume": 14153736.94, "range_15m_pct": 0.2045, "atr_pct": 0.1312, "volume_ratio": 0.3838, "spread_pct": 0.1021, "checks": {"quote_volume": true, "range_15m": true, "atr": false, "volume_ratio": false, "spread": true}, "reason": "movement_or_liquidity_below_threshold"}
[ACTIVITY] FOGOTRY status=PASSIVE metrics={"status": "PASSIVE", "quote_volume": 3213272.27, "range_15m_pct": 0.464, "atr_pct": 0.463, "volume_ratio": 0.1656, "spread_pct": 0.2323, "checks": {"quote_volume": true, "range_15m": true, "atr": true, "volume_ratio": false, "spread": true}, "reason": "movement_or_liquidity_below_threshold"}
[ACTIVITY] FORMTRY status=PASSIVE metrics={"status": "PASSIVE", "quote_volume": 6128704.31, "range_15m_pct": 0.4864, "atr_pct": 0.2284, "volume_ratio": 0.1571, "spread_pct": 0.0969, "checks": {"quote_volume": true, "range_15m": true, "atr": true, "volume_ratio": false, "spread": true}, "reason": "movement_or_liquidity_below_threshold"}
[ACTIVITY] FTRY status=PASSIVE metrics={"status": "PASSIVE", "quote_volume": 7527758.2, "range_15m_pct": 0.4505, "atr_pct": 0.1548, "volume_ratio": 0.1262, "spread_pct": 0.1497, "checks": {"quote_volume": true, "range_15m": true, "atr": true, "volume_ratio": false, "spread": true}, "reason": "movement_or_liquidity_below_threshold"}
[ACTIVITY] GALATRY status=PASSIVE metrics={"status": "PASSIVE", "quote_volume": 13051610.12, "range_15m_pct": 0.1227, "atr_pct": 0.1052, "volume_ratio": 0.0096, "spread_pct": 0.1226, "checks": {"quote_volume": true, "range_15m": false, "atr": false, "volume_ratio": false, "spread": true}, "reason": "movement_or_liquidity_below_threshold"}
[ACTIVITY] GASTRY status=PASSIVE metrics={"status": "PASSIVE", "quote_volume": 313583.29, "range_15m_pct": 0.6696, "atr_pct": 0.0636, "volume_ratio": 37.9848, "spread_pct": 0.2225, "checks": {"quote_volume": false, "range_15m": true, "atr": false, "volume_ratio": true, "spread": true}, "reason": "movement_or_liquidity_below_threshold"}
[ACTIVITY] GENIUSTRY status=PASSIVE metrics={"status": "PASSIVE", "quote_volume": 21128925.68, "range_15m_pct": 0.5025, "atr_pct": 0.2659, "volume_ratio": 0.0442, "spread_pct": 0.1107, "checks": {"quote_volume": true, "range_15m": true, "atr": true, "volume_ratio": false, "spread": true}, "reason": "movement_or_liquidity_below_threshold"}
[ACTIVITY] GIGGLETRY status=PASSIVE metrics={"status": "PASSIVE", "quote_volume": 215938522.67, "range_15m_pct": 0.8121, "atr_pct": 0.5078, "volume_ratio": 0.2965, "spread_pct": 0.058, "checks": {"quote_volume": true, "range_15m": true, "atr": true, "volume_ratio": false, "spread": true}, "reason": "movement_or_liquidity_below_threshold"}
[ACTIVITY] GMTTRY status=PASSIVE metrics={"status": "PASSIVE", "quote_volume": 1177065.8, "range_15m_pct": 0.3165, "atr_pct": 0.0904, "volume_ratio": 0.0, "spread_pct": 0.316, "checks": {"quote_volume": true, "range_15m": true, "atr": false, "volume_ratio": false, "spread": false}, "reason": "movement_or_liquidity_below_threshold"}
[ACTIVITY] GPSTRY status=PASSIVE metrics={"status": "PASSIVE", "quote_volume": 5426914.68, "range_15m_pct": 0.6424, "atr_pct": 0.5353, "volume_ratio": 0.0347, "spread_pct": 0.2144, "checks": {"quote_volume": true, "range_15m": true, "atr": true, "volume_ratio": false, "spread": true}, "reason": "movement_or_liquidity_below_threshold"}
[ACTIVITY] GRAMTRY status=PASSIVE metrics={"status": "PASSIVE", "quote_volume": 22051525.39, "range_15m_pct": 0.2809, "atr_pct": 0.1213, "volume_ratio": 0.2379, "spread_pct": 0.0312, "checks": {"quote_volume": true, "range_15m": true, "atr": false, "volume_ratio": false, "spread": true}, "reason": "movement_or_liquidity_below_threshold"}
[ACTIVITY] GRTTRY status=PASSIVE metrics={"status": "PASSIVE", "quote_volume": 4394008.98, "range_15m_pct": 0.3044, "atr_pct": 0.0867, "volume_ratio": 8.1695, "spread_pct": 0.1521, "checks": {"quote_volume": true, "range_15m": true, "atr": false, "volume_ratio": true, "spread": true}, "reason": "movement_or_liquidity_below_threshold"}
[ACTIVITY] GTRY status=PASSIVE metrics={"status": "PASSIVE", "quote_volume": 3274707.37, "range_15m_pct": 0.0, "atr_pct": 0.0, "volume_ratio": 0.0, "spread_pct": 0.5865, "checks": {"quote_volume": true, "range_15m": false, "atr": false, "volume_ratio": false, "spread": false}, "reason": "movement_or_liquidity_below_threshold"}
[ACTIVITY] GUNTRY status=PASSIVE metrics={"status": "PASSIVE", "quote_volume": 61915528.31, "range_15m_pct": 0.641, "atr_pct": 0.5952, "volume_ratio": 2.45, "spread_pct": 0.639, "checks": {"quote_volume": true, "range_15m": true, "atr": true, "volume_ratio": true, "spread": false}, "reason": "movement_or_liquidity_below_threshold"}
[ACTIVITY] HAEDALTRY status=PASSIVE metrics={"status": "PASSIVE", "quote_volume": 7162203.81, "range_15m_pct": 0.0, "atr_pct": 0.1338, "volume_ratio": 0.0, "spread_pct": 0.1246, "checks": {"quote_volume": true, "range_15m": false, "atr": false, "volume_ratio": false, "spread": true}, "reason": "movement_or_liquidity_below_threshold"}
[ACTIVITY] HBARTRY status=PASSIVE metrics={"status": "PASSIVE", "quote_volume": 4531563.92, "range_15m_pct": 0.0628, "atr_pct": 0.0381, "volume_ratio": 0.0, "spread_pct": 0.0315, "checks": {"quote_volume": true, "range_15m": false, "atr": false, "volume_ratio": false, "spread": true}, "reason": "movement_or_liquidity_below_threshold"}
[ACTIVITY] HEITRY status=PASSIVE metrics={"status": "PASSIVE", "quote_volume": 343732880.13, "range_15m_pct": 1.2209, "atr_pct": 0.9805, "volume_ratio": 0.2299, "spread_pct": 0.0954, "checks": {"quote_volume": true, "range_15m": true, "atr": true, "volume_ratio": false, "spread": true}, "reason": "movement_or_liquidity_below_threshold"}
[ACTIVITY] HEMITRY status=PASSIVE metrics={"status": "PASSIVE", "quote_volume": 18345876.49, "range_15m_pct": 0.4643, "atr_pct": 0.3737, "volume_ratio": 0.1609, "spread_pct": 0.0847, "checks": {"quote_volume": true, "range_15m": true, "atr": true, "volume_ratio": false, "spread": true}, "reason": "movement_or_liquidity_below_threshold"}
[ACTIVITY] HIVETRY status=PASSIVE metrics={"status": "PASSIVE", "quote_volume": 725173.85, "range_15m_pct": 0.0, "atr_pct": 0.0752, "volume_ratio": 0.0, "spread_pct": 1.0471, "checks": {"quote_volume": false, "range_15m": false, "atr": false, "volume_ratio": false, "spread": false}, "reason": "movement_or_liquidity_below_threshold"}
[ACTIVITY] HMSTRTRY status=ACTIVE metrics={"status": "ACTIVE", "quote_volume": 35324198.06, "range_15m_pct": 0.3311, "atr_pct": 0.2602, "volume_ratio": 3.7084, "spread_pct": 0.2205, "checks": {"quote_volume": true, "range_15m": true, "atr": true, "volume_ratio": true, "spread": true}, "reason": "active"}
[ACTIVITY] HOLOTRY status=ACTIVE metrics={"status": "ACTIVE", "quote_volume": 591029813.65, "range_15m_pct": 3.2819, "atr_pct": 1.0825, "volume_ratio": 2.0483, "spread_pct": 0.1344, "checks": {"quote_volume": true, "range_15m": true, "atr": true, "volume_ratio": true, "spread": true}, "reason": "active"}
[ACTIVITY] HOMETRY status=PASSIVE metrics={"status": "PASSIVE", "quote_volume": 150554125.41, "range_15m_pct": 0.4505, "atr_pct": 0.7705, "volume_ratio": 0.4463, "spread_pct": 0.2245, "checks": {"quote_volume": true, "range_15m": true, "atr": true, "volume_ratio": false, "spread": true}, "reason": "movement_or_liquidity_below_threshold"}
[ACTIVITY] HOTTRY status=PASSIVE metrics={"status": "PASSIVE", "quote_volume": 6601791.96, "range_15m_pct": 0.1905, "atr_pct": 0.1179, "volume_ratio": 0.0, "spread_pct": 0.0635, "checks": {"quote_volume": true, "range_15m": true, "atr": false, "volume_ratio": false, "spread": true}, "reason": "movement_or_liquidity_below_threshold"}
[ACTIVITY] HUMATRY status=PASSIVE metrics={"status": "PASSIVE", "quote_volume": 2812464.99, "range_15m_pct": 0.0, "atr_pct": 0.167, "volume_ratio": 0.0, "spread_pct": 0.2132, "checks": {"quote_volume": true, "range_15m": false, "atr": true, "volume_ratio": false, "spread": true}, "reason": "movement_or_liquidity_below_threshold"}
[ACTIVITY] HYPERTRY status=PASSIVE metrics={"status": "PASSIVE", "quote_volume": 14630708.33, "range_15m_pct": 0.974, "atr_pct": 0.3467, "volume_ratio": 0.3882, "spread_pct": 0.3241, "checks": {"quote_volume": true, "range_15m": true, "atr": true, "volume_ratio": false, "spread": false}, "reason": "movement_or_liquidity_below_threshold"}
[ACTIVITY] ICPTRY status=PASSIVE metrics={"status": "PASSIVE", "quote_volume": 6974061.96, "range_15m_pct": 0.1869, "atr_pct": 0.0999, "volume_ratio": 0.0, "spread_pct": 0.0934, "checks": {"quote_volume": true, "range_15m": true, "atr": false, "volume_ratio": false, "spread": true}, "reason": "movement_or_liquidity_below_threshold"}
[ACTIVITY] IDTRY status=PASSIVE metrics={"status": "PASSIVE", "quote_volume": 27594479.06, "range_15m_pct": 0.0736, "atr_pct": 0.0789, "volume_ratio": 0.0, "spread_pct": 0.1476, "checks": {"quote_volume": true, "range_15m": false, "atr": false, "volume_ratio": false, "spread": true}, "reason": "movement_or_liquidity_below_threshold"}
[ACTIVITY] INITTRY status=PASSIVE metrics={"status": "PASSIVE", "quote_volume": 4053306.81, "range_15m_pct": 0.0, "atr_pct": 0.1134, "volume_ratio": 0.0, "spread_pct": 0.3976, "checks": {"quote_volume": true, "range_15m": false, "atr": false, "volume_ratio": false, "spread": false}, "reason": "movement_or_liquidity_below_threshold"}
[ACTIVITY] INJTRY status=PASSIVE metrics={"status": "PASSIVE", "quote_volume": 32230222.6, "range_15m_pct": 0.2268, "atr_pct": 0.1489, "volume_ratio": 1.2671, "spread_pct": 0.0455, "checks": {"quote_volume": true, "range_15m": true, "atr": false, "volume_ratio": true, "spread": true}, "reason": "movement_or_liquidity_below_threshold"}
[ACTIVITY] IOTATRY status=PASSIVE metrics={"status": "PASSIVE", "quote_volume": 435524.56, "range_15m_pct": 0.0, "atr_pct": 0.139, "volume_ratio": 0.0, "spread_pct": 0.2449, "checks": {"quote_volume": false, "range_15m": false, "atr": false, "volume_ratio": false, "spread": true}, "reason": "movement_or_liquidity_below_threshold"}
[ACTIVITY] IOTRY status=PASSIVE metrics={"status": "PASSIVE", "quote_volume": 5932096.83, "range_15m_pct": 1.0346, "atr_pct": 0.309, "volume_ratio": 0.4419, "spread_pct": 0.6892, "checks": {"quote_volume": true, "range_15m": true, "atr": true, "volume_ratio": false, "spread": false}, "reason": "movement_or_liquidity_below_threshold"}
[ACTIVITY] JASMYTRY status=PASSIVE metrics={"status": "PASSIVE", "quote_volume": 2199932.13, "range_15m_pct": 0.5236, "atr_pct": 0.0748, "volume_ratio": 0.0, "spread_pct": 0.5222, "checks": {"quote_volume": true, "range_15m": true, "atr": false, "volume_ratio": false, "spread": false}, "reason": "movement_or_liquidity_below_threshold"}
[ACTIVITY] JTOTRY status=PASSIVE metrics={"status": "PASSIVE", "quote_volume": 10254758.97, "range_15m_pct": 0.8362, "atr_pct": 0.714, "volume_ratio": 0.0, "spread_pct": 0.0758, "checks": {"quote_volume": true, "range_15m": true, "atr": true, "volume_ratio": false, "spread": true}, "reason": "movement_or_liquidity_below_threshold"}
[ACTIVITY] JUPTRY status=PASSIVE metrics={"status": "PASSIVE", "quote_volume": 3707268.64, "range_15m_pct": 0.0, "atr_pct": 0.1641, "volume_ratio": 0.0, "spread_pct": 0.121, "checks": {"quote_volume": true, "range_15m": false, "atr": true, "volume_ratio": false, "spread": true}, "reason": "movement_or_liquidity_below_threshold"}
[ACTIVITY] JUVTRY status=PASSIVE metrics={"status": "PASSIVE", "quote_volume": 5078160.92, "range_15m_pct": 0.0, "atr_pct": 0.078, "volume_ratio": 0.0, "spread_pct": 0.0682, "checks": {"quote_volume": true, "range_15m": false, "atr": false, "volume_ratio": false, "spread": true}, "reason": "movement_or_liquidity_below_threshold"}
[ACTIVITY] KAITOTRY status=ACTIVE metrics={"status": "ACTIVE", "quote_volume": 40508405.54, "range_15m_pct": 1.4113, "atr_pct": 1.5853, "volume_ratio": 0.6741, "spread_pct": 0.1759, "checks": {"quote_volume": true, "range_15m": true, "atr": true, "volume_ratio": true, "spread": true}, "reason": "active"}
[ACTIVITY] KATTRY status=PASSIVE metrics={"status": "PASSIVE", "quote_volume": 6230461.51, "range_15m_pct": 0.185, "atr_pct": 0.1056, "volume_ratio": 0.0, "spread_pct": 0.0463, "checks": {"quote_volume": true, "range_15m": true, "atr": false, "volume_ratio": false, "spread": true}, "reason": "movement_or_liquidity_below_threshold"}
[ACTIVITY] KERNELTRY status=PASSIVE metrics={"status": "PASSIVE", "quote_volume": 6171048.07, "range_15m_pct": 1.1429, "atr_pct": 0.3632, "volume_ratio": 2.7316, "spread_pct": 0.5666, "checks": {"quote_volume": true, "range_15m": true, "atr": true, "volume_ratio": true, "spread": false}, "reason": "movement_or_liquidity_below_threshold"}
[ACTIVITY] KITETRY status=PASSIVE metrics={"status": "PASSIVE", "quote_volume": 5539314.03, "range_15m_pct": 0.4601, "atr_pct": 0.1934, "volume_ratio": 0.0, "spread_pct": 0.1204, "checks": {"quote_volume": true, "range_15m": true, "atr": true, "volume_ratio": false, "spread": true}, "reason": "movement_or_liquidity_below_threshold"}
[ACTIVITY] KSMTRY status=PASSIVE metrics={"status": "PASSIVE", "quote_volume": 506474.29, "range_15m_pct": 0.0, "atr_pct": 0.1013, "volume_ratio": 0.4408, "spread_pct": 0.7117, "checks": {"quote_volume": false, "range_15m": false, "atr": false, "volume_ratio": false, "spread": false}, "reason": "movement_or_liquidity_below_threshold"}
[ACTIVITY] LATRY status=PASSIVE metrics={"status": "PASSIVE", "quote_volume": 18509416.04, "range_15m_pct": 0.4202, "atr_pct": 0.2391, "volume_ratio": 3.4132, "spread_pct": 0.4193, "checks": {"quote_volume": true, "range_15m": true, "atr": true, "volume_ratio": true, "spread": false}, "reason": "movement_or_liquidity_below_threshold"}
[ACTIVITY] LAYERTRY status=PASSIVE metrics={"status": "PASSIVE", "quote_volume": 1877015.13, "range_15m_pct": 0.0, "atr_pct": 0.0254, "volume_ratio": 0.0, "spread_pct": 0.3527, "checks": {"quote_volume": true, "range_15m": false, "atr": false, "volume_ratio": false, "spread": false}, "reason": "movement_or_liquidity_below_threshold"}
[ACTIVITY] LAZIOTRY status=PASSIVE metrics={"status": "PASSIVE", "quote_volume": 2617411.08, "range_15m_pct": 0.3003, "atr_pct": 0.0898, "volume_ratio": 0.4306, "spread_pct": 0.6002, "checks": {"quote_volume": true, "range_15m": true, "atr": false, "volume_ratio": false, "spread": false}, "reason": "movement_or_liquidity_below_threshold"}
[ACTIVITY] LDOTRY status=PASSIVE metrics={"status": "PASSIVE", "quote_volume": 8600390.53, "range_15m_pct": 0.2901, "atr_pct": 0.1761, "volume_ratio": 0.0, "spread_pct": 0.0726, "checks": {"quote_volume": true, "range_15m": true, "atr": true, "volume_ratio": false, "spread": true}, "reason": "movement_or_liquidity_below_threshold"}
[ACTIVITY] LINEATRY status=PASSIVE metrics={"status": "PASSIVE", "quote_volume": 2156488.36, "range_15m_pct": 0.0, "atr_pct": 0.0137, "volume_ratio": 0.0, "spread_pct": 0.0962, "checks": {"quote_volume": true, "range_15m": false, "atr": false, "volume_ratio": false, "spread": true}, "reason": "movement_or_liquidity_below_threshold"}
[ACTIVITY] LINKTRY status=PASSIVE metrics={"status": "PASSIVE", "quote_volume": 22597134.44, "range_15m_pct": 0.2386, "atr_pct": 0.1056, "volume_ratio": 0.0142, "spread_pct": 0.0238, "checks": {"quote_volume": true, "range_15m": true, "atr": false, "volume_ratio": false, "spread": true}, "reason": "movement_or_liquidity_below_threshold"}
[ACTIVITY] LISTATRY status=PASSIVE metrics={"status": "PASSIVE", "quote_volume": 17487682.65, "range_15m_pct": 0.3247, "atr_pct": 0.1623, "volume_ratio": 0.7111, "spread_pct": 0.3263, "checks": {"quote_volume": true, "range_15m": true, "atr": true, "volume_ratio": true, "spread": false}, "reason": "movement_or_liquidity_below_threshold"}
[ACTIVITY] LPTTRY status=PASSIVE metrics={"status": "PASSIVE", "quote_volume": 1854626.27, "range_15m_pct": 0.0, "atr_pct": 0.0122, "volume_ratio": 0.0, "spread_pct": 0.1714, "checks": {"quote_volume": true, "range_15m": false, "atr": false, "volume_ratio": false, "spread": true}, "reason": "movement_or_liquidity_below_threshold"}
[ACTIVITY] LTCTRY status=PASSIVE metrics={"status": "PASSIVE", "quote_volume": 2042249.83, "range_15m_pct": 0.1384, "atr_pct": 0.0461, "volume_ratio": 0.7463, "spread_pct": 0.0462, "checks": {"quote_volume": true, "range_15m": false, "atr": false, "volume_ratio": true, "spread": true}, "reason": "movement_or_liquidity_below_threshold"}
[ACTIVITY] LUMIATRY status=PASSIVE metrics={"status": "PASSIVE", "quote_volume": 2812344.99, "range_15m_pct": 0.0, "atr_pct": 0.0216, "volume_ratio": 0.0, "spread_pct": 0.5199, "checks": {"quote_volume": true, "range_15m": false, "atr": false, "volume_ratio": false, "spread": false}, "reason": "movement_or_liquidity_below_threshold"}
[ACTIVITY] LUNATRY status=PASSIVE metrics={"status": "PASSIVE", "quote_volume": 510092732.25, "range_15m_pct": 0.8937, "atr_pct": 0.6439, "volume_ratio": 0.4748, "spread_pct": 0.047, "checks": {"quote_volume": true, "range_15m": true, "atr": true, "volume_ratio": false, "spread": true}, "reason": "movement_or_liquidity_below_threshold"}
[ACTIVITY] LUNCTRY status=ACTIVE metrics={"status": "ACTIVE", "quote_volume": 199070079.09, "range_15m_pct": 0.3299, "atr_pct": 0.162, "volume_ratio": 1.7539, "spread_pct": 0.0412, "checks": {"quote_volume": true, "range_15m": true, "atr": true, "volume_ratio": true, "spread": true}, "reason": "active"}
[ACTIVITY] MAGICTRY status=PASSIVE metrics={"status": "PASSIVE", "quote_volume": 2531645.71, "range_15m_pct": 0.0, "atr_pct": 0.037, "volume_ratio": 0.0, "spread_pct": 0.5195, "checks": {"quote_volume": true, "range_15m": false, "atr": false, "volume_ratio": false, "spread": false}, "reason": "movement_or_liquidity_below_threshold"}
[ACTIVITY] MANATRY status=PASSIVE metrics={"status": "PASSIVE", "quote_volume": 1561163.59, "range_15m_pct": 0.0, "atr_pct": 0.0, "volume_ratio": 0.0, "spread_pct": 0.318, "checks": {"quote_volume": true, "range_15m": false, "atr": false, "volume_ratio": false, "spread": false}, "reason": "movement_or_liquidity_below_threshold"}
[ACTIVITY] MANTATRY status=PASSIVE metrics={"status": "PASSIVE", "quote_volume": 1140658.99, "range_15m_pct": 0.0729, "atr_pct": 0.0573, "volume_ratio": 0.0, "spread_pct": 0.0731, "checks": {"quote_volume": true, "range_15m": false, "atr": false, "volume_ratio": false, "spread": true}, "reason": "movement_or_liquidity_below_threshold"}
[ACTIVITY] MANTRATRY status=PASSIVE metrics={"status": "PASSIVE", "quote_volume": 5312459.87, "range_15m_pct": 0.2781, "atr_pct": 0.133, "volume_ratio": 0.0915, "spread_pct": 0.1189, "checks": {"quote_volume": true, "range_15m": true, "atr": false, "volume_ratio": false, "spread": true}, "reason": "movement_or_liquidity_below_threshold"}
[ACTIVITY] MASKTRY status=PASSIVE metrics={"status": "PASSIVE", "quote_volume": 360898.52, "range_15m_pct": 0.0, "atr_pct": 0.0, "volume_ratio": 0.0, "spread_pct": 0.1163, "checks": {"quote_volume": false, "range_15m": false, "atr": false, "volume_ratio": false, "spread": true}, "reason": "movement_or_liquidity_below_threshold"}
[ACTIVITY] MAVTRY status=PASSIVE metrics={"status": "PASSIVE", "quote_volume": 35511377.32, "range_15m_pct": 2.381, "atr_pct": 1.1628, "volume_ratio": 0.2282, "spread_pct": 2.3529, "checks": {"quote_volume": true, "range_15m": true, "atr": true, "volume_ratio": false, "spread": false}, "reason": "movement_or_liquidity_below_threshold"}
[ACTIVITY] MEGATRY status=PASSIVE metrics={"status": "PASSIVE", "quote_volume": 21125855.92, "range_15m_pct": 0.1913, "atr_pct": 0.1546, "volume_ratio": 0.0695, "spread_pct": 0.0639, "checks": {"quote_volume": true, "range_15m": true, "atr": true, "volume_ratio": false, "spread": true}, "reason": "movement_or_liquidity_below_threshold"}
[ACTIVITY] MEMETRY status=PASSIVE metrics={"status": "PASSIVE", "quote_volume": 5929824.48, "range_15m_pct": 0.4149, "atr_pct": 0.1771, "volume_ratio": 7.353, "spread_pct": 0.4158, "checks": {"quote_volume": true, "range_15m": true, "atr": true, "volume_ratio": true, "spread": false}, "reason": "movement_or_liquidity_below_threshold"}
[ACTIVITY] METISTRY status=PASSIVE metrics={"status": "PASSIVE", "quote_volume": 2322713.08, "range_15m_pct": 0.0, "atr_pct": 0.0, "volume_ratio": 0.0, "spread_pct": 0.8511, "checks": {"quote_volume": true, "range_15m": false, "atr": false, "volume_ratio": false, "spread": false}, "reason": "movement_or_liquidity_below_threshold"}
[ACTIVITY] METRY status=ACTIVE metrics={"status": "ACTIVE", "quote_volume": 4604836.48, "range_15m_pct": 0.8046, "atr_pct": 0.2589, "volume_ratio": 1.1216, "spread_pct": 0.1324, "checks": {"quote_volume": true, "range_15m": true, "atr": true, "volume_ratio": true, "spread": true}, "reason": "active"}
[ACTIVITY] METTRY status=PASSIVE metrics={"status": "PASSIVE", "quote_volume": 1835472.88, "range_15m_pct": 0.3901, "atr_pct": 0.1115, "volume_ratio": 1.6944, "spread_pct": 0.3909, "checks": {"quote_volume": true, "range_15m": true, "atr": false, "volume_ratio": true, "spread": false}, "reason": "movement_or_liquidity_below_threshold"}
[ACTIVITY] MINATRY status=PASSIVE metrics={"status": "PASSIVE", "quote_volume": 4441864.63, "range_15m_pct": 1.105, "atr_pct": 0.3925, "volume_ratio": 0.3892, "spread_pct": 0.551, "checks": {"quote_volume": true, "range_15m": true, "atr": true, "volume_ratio": false, "spread": false}, "reason": "movement_or_liquidity_below_threshold"}
[ACTIVITY] MIRATRY status=PASSIVE metrics={"status": "PASSIVE", "quote_volume": 4983300.79, "range_15m_pct": 0.0, "atr_pct": 0.0, "volume_ratio": 10.3034, "spread_pct": 0.5195, "checks": {"quote_volume": true, "range_15m": false, "atr": false, "volume_ratio": true, "spread": false}, "reason": "movement_or_liquidity_below_threshold"}
[ACTIVITY] MITOTRY status=PASSIVE metrics={"status": "PASSIVE", "quote_volume": 315240754.55, "range_15m_pct": 0.5137, "atr_pct": 0.5612, "volume_ratio": 0.0818, "spread_pct": 0.0854, "checks": {"quote_volume": true, "range_15m": true, "atr": true, "volume_ratio": false, "spread": true}, "reason": "movement_or_liquidity_below_threshold"}
[ACTIVITY] MMTTRY status=ACTIVE metrics={"status": "ACTIVE", "quote_volume": 86172112.68, "range_15m_pct": 0.9434, "atr_pct": 0.4831, "volume_ratio": 3.513, "spread_pct": 0.1037, "checks": {"quote_volume": true, "range_15m": true, "atr": true, "volume_ratio": true, "spread": true}, "reason": "active"}
[ACTIVITY] MORPHOTRY status=PASSIVE metrics={"status": "PASSIVE", "quote_volume": 730162.11, "range_15m_pct": 0.0106, "atr_pct": 0.0728, "volume_ratio": 0.0, "spread_pct": 0.2762, "checks": {"quote_volume": false, "range_15m": false, "atr": false, "volume_ratio": false, "spread": true}, "reason": "movement_or_liquidity_below_threshold"}
[ACTIVITY] MOVRTRY status=PASSIVE metrics={"status": "PASSIVE", "quote_volume": 70959143.05, "range_15m_pct": 2.451, "atr_pct": 0.7859, "volume_ratio": 1.1697, "spread_pct": 0.495, "checks": {"quote_volume": true, "range_15m": true, "atr": true, "volume_ratio": true, "spread": false}, "reason": "movement_or_liquidity_below_threshold"}
[ACTIVITY] MUBARAKTRY status=ACTIVE metrics={"status": "ACTIVE", "quote_volume": 85976596.16, "range_15m_pct": 1.5116, "atr_pct": 0.8028, "volume_ratio": 2.3469, "spread_pct": 0.1153, "checks": {"quote_volume": true, "range_15m": true, "atr": true, "volume_ratio": true, "spread": true}, "reason": "active"}
[ACTIVITY] NEARTRY status=PASSIVE metrics={"status": "PASSIVE", "quote_volume": 23561084.33, "range_15m_pct": 0.2535, "atr_pct": 0.2444, "volume_ratio": 0.0, "spread_pct": 0.1268, "checks": {"quote_volume": true, "range_15m": true, "atr": true, "volume_ratio": false, "spread": true}, "reason": "movement_or_liquidity_below_threshold"}
[ACTIVITY] NEIROTRY status=PASSIVE metrics={"status": "PASSIVE", "quote_volume": 23675963.7, "range_15m_pct": 0.6329, "atr_pct": 0.1577, "volume_ratio": 6.7536, "spread_pct": 0.315, "checks": {"quote_volume": true, "range_15m": true, "atr": true, "volume_ratio": true, "spread": false}, "reason": "movement_or_liquidity_below_threshold"}
[ACTIVITY] NEOTRY status=PASSIVE metrics={"status": "PASSIVE", "quote_volume": 2318186.66, "range_15m_pct": 0.2395, "atr_pct": 0.0597, "volume_ratio": 3.0166, "spread_pct": 0.2392, "checks": {"quote_volume": true, "range_15m": true, "atr": false, "volume_ratio": true, "spread": true}, "reason": "movement_or_liquidity_below_threshold"}
[ACTIVITY] NEWTTRY status=PASSIVE metrics={"status": "PASSIVE", "quote_volume": 2631940.75, "range_15m_pct": 0.0, "atr_pct": 0.039, "volume_ratio": 0.0, "spread_pct": 0.551, "checks": {"quote_volume": true, "range_15m": false, "atr": false, "volume_ratio": false, "spread": false}, "reason": "movement_or_liquidity_below_threshold"}
[ACTIVITY] NIGHTTRY status=PASSIVE metrics={"status": "PASSIVE", "quote_volume": 4144788.47, "range_15m_pct": 0.3601, "atr_pct": 0.1027, "volume_ratio": 0.6583, "spread_pct": 0.1204, "checks": {"quote_volume": true, "range_15m": true, "atr": false, "volume_ratio": true, "spread": true}, "reason": "movement_or_liquidity_below_threshold"}
[ACTIVITY] NILTRY status=ACTIVE metrics={"status": "ACTIVE", "quote_volume": 43323048.29, "range_15m_pct": 3.2787, "atr_pct": 1.0491, "volume_ratio": 3.2887, "spread_pct": 0.1602, "checks": {"quote_volume": true, "range_15m": true, "atr": true, "volume_ratio": true, "spread": true}, "reason": "active"}
[ACTIVITY] NMRTRY status=PASSIVE metrics={"status": "PASSIVE", "quote_volume": 436895.3, "range_15m_pct": 0.0495, "atr_pct": 0.0459, "volume_ratio": 0.0, "spread_pct": 0.3712, "checks": {"quote_volume": false, "range_15m": false, "atr": false, "volume_ratio": false, "spread": false}, "reason": "movement_or_liquidity_below_threshold"}
[ACTIVITY] NOMTRY status=PASSIVE metrics={"status": "PASSIVE", "quote_volume": 13384528.69, "range_15m_pct": 1.3158, "atr_pct": 0.3711, "volume_ratio": 0.0003, "spread_pct": 1.3245, "checks": {"quote_volume": true, "range_15m": true, "atr": true, "volume_ratio": false, "spread": false}, "reason": "movement_or_liquidity_below_threshold"}
[ACTIVITY] NOTTRY status=PASSIVE metrics={"status": "PASSIVE", "quote_volume": 3583877.22, "range_15m_pct": 0.578, "atr_pct": 0.2064, "volume_ratio": 0.0131, "spread_pct": 0.5764, "checks": {"quote_volume": true, "range_15m": true, "atr": true, "volume_ratio": false, "spread": false}, "reason": "movement_or_liquidity_below_threshold"}
[ACTIVITY] NXPCTRY status=PASSIVE metrics={"status": "PASSIVE", "quote_volume": 781657.28, "range_15m_pct": 0.625, "atr_pct": 0.2522, "volume_ratio": 5.4523, "spread_pct": 0.2081, "checks": {"quote_volume": false, "range_15m": true, "atr": true, "volume_ratio": true, "spread": true}, "reason": "movement_or_liquidity_below_threshold"}
[ACTIVITY] OGNTRY status=PASSIVE metrics={"status": "PASSIVE", "quote_volume": 2201529.47, "range_15m_pct": 0.0, "atr_pct": 0.0456, "volume_ratio": 0.0, "spread_pct": 0.1278, "checks": {"quote_volume": true, "range_15m": false, "atr": false, "volume_ratio": false, "spread": true}, "reason": "movement_or_liquidity_below_threshold"}
[ACTIVITY] OGTRY status=PASSIVE metrics={"status": "PASSIVE", "quote_volume": 9273270.95, "range_15m_pct": 0.1649, "atr_pct": 0.053, "volume_ratio": 0.0, "spread_pct": 0.1649, "checks": {"quote_volume": true, "range_15m": true, "atr": false, "volume_ratio": false, "spread": true}, "reason": "movement_or_liquidity_below_threshold"}
[ACTIVITY] ONDOTRY status=ACTIVE metrics={"status": "ACTIVE", "quote_volume": 18585091.53, "range_15m_pct": 0.3115, "atr_pct": 0.2046, "volume_ratio": 0.8031, "spread_pct": 0.0624, "checks": {"quote_volume": true, "range_15m": true, "atr": true, "volume_ratio": true, "spread": true}, "reason": "active"}
[ACTIVITY] ONETRY status=ACTIVE metrics={"status": "ACTIVE", "quote_volume": 241660944.83, "range_15m_pct": 1.8868, "atr_pct": 2.0137, "volume_ratio": 1.2639, "spread_pct": 0.2677, "checks": {"quote_volume": true, "range_15m": true, "atr": true, "volume_ratio": true, "spread": true}, "reason": "active"}
[ACTIVITY] ONTTRY status=PASSIVE metrics={"status": "PASSIVE", "quote_volume": 1368379.03, "range_15m_pct": 0.4566, "atr_pct": 0.1101, "volume_ratio": 0.0, "spread_pct": 0.057, "checks": {"quote_volume": true, "range_15m": true, "atr": false, "volume_ratio": false, "spread": true}, "reason": "movement_or_liquidity_below_threshold"}
[ACTIVITY] OPENTRY status=ACTIVE metrics={"status": "ACTIVE", "quote_volume": 100522279.04, "range_15m_pct": 3.8666, "atr_pct": 1.8908, "volume_ratio": 0.5599, "spread_pct": 0.2037, "checks": {"quote_volume": true, "range_15m": true, "atr": true, "volume_ratio": true, "spread": true}, "reason": "active"}
[ACTIVITY] OPGTRY status=ACTIVE metrics={"status": "ACTIVE", "quote_volume": 18510546.58, "range_15m_pct": 1.1086, "atr_pct": 0.6892, "volume_ratio": 2.636, "spread_pct": 0.22, "checks": {"quote_volume": true, "range_15m": true, "atr": true, "volume_ratio": true, "spread": true}, "reason": "active"}
[ACTIVITY] OPNTRY status=PASSIVE metrics={"status": "PASSIVE", "quote_volume": 5521596.0, "range_15m_pct": 0.0, "atr_pct": 0.1816, "volume_ratio": 0.0, "spread_pct": 0.4228, "checks": {"quote_volume": true, "range_15m": false, "atr": true, "volume_ratio": false, "spread": false}, "reason": "movement_or_liquidity_below_threshold"}
[ACTIVITY] OPTRY status=PASSIVE metrics={"status": "PASSIVE", "quote_volume": 7670943.63, "range_15m_pct": 0.0, "atr_pct": 0.0663, "volume_ratio": 0.0, "spread_pct": 0.2323, "checks": {"quote_volume": true, "range_15m": false, "atr": false, "volume_ratio": false, "spread": true}, "reason": "movement_or_liquidity_below_threshold"}
[ACTIVITY] ORCATRY status=PASSIVE metrics={"status": "PASSIVE", "quote_volume": 881749.4, "range_15m_pct": 0.0, "atr_pct": 0.0575, "volume_ratio": 0.0, "spread_pct": 0.2018, "checks": {"quote_volume": false, "range_15m": false, "atr": false, "volume_ratio": false, "spread": true}, "reason": "movement_or_liquidity_below_threshold"}
[ACTIVITY] ORDITRY status=PASSIVE metrics={"status": "PASSIVE", "quote_volume": 7840876.86, "range_15m_pct": 0.3683, "atr_pct": 0.0965, "volume_ratio": 0.0, "spread_pct": 0.0614, "checks": {"quote_volume": true, "range_15m": true, "atr": false, "volume_ratio": false, "spread": true}, "reason": "movement_or_liquidity_below_threshold"}
[ACTIVITY] PARTITRY status=PASSIVE metrics={"status": "PASSIVE", "quote_volume": 11720458.58, "range_15m_pct": 0.9009, "atr_pct": 0.8291, "volume_ratio": 0.0, "spread_pct": 0.8969, "checks": {"quote_volume": true, "range_15m": true, "atr": true, "volume_ratio": false, "spread": false}, "reason": "movement_or_liquidity_below_threshold"}
[ACTIVITY] PAXGTRY status=PASSIVE metrics={"status": "PASSIVE", "quote_volume": 28397941.37, "range_15m_pct": 0.1027, "atr_pct": 0.074, "volume_ratio": 0.1124, "spread_pct": 0.0057, "checks": {"quote_volume": true, "range_15m": false, "atr": false, "volume_ratio": false, "spread": true}, "reason": "movement_or_liquidity_below_threshold"}
[ACTIVITY] PENDLETRY status=PASSIVE metrics={"status": "PASSIVE", "quote_volume": 1946596.69, "range_15m_pct": 0.0, "atr_pct": 0.1224, "volume_ratio": 0.0, "spread_pct": 0.1559, "checks": {"quote_volume": true, "range_15m": false, "atr": false, "volume_ratio": false, "spread": true}, "reason": "movement_or_liquidity_below_threshold"}
[ACTIVITY] PENGUTRY status=PASSIVE metrics={"status": "PASSIVE", "quote_volume": 23113463.1, "range_15m_pct": 0.9138, "atr_pct": 0.2722, "volume_ratio": 0.1761, "spread_pct": 0.0328, "checks": {"quote_volume": true, "range_15m": true, "atr": true, "volume_ratio": false, "spread": true}, "reason": "movement_or_liquidity_below_threshold"}
[ACTIVITY] PEOPLETRY status=ACTIVE metrics={"status": "ACTIVE", "quote_volume": 16786572.23, "range_15m_pct": 0.5051, "atr_pct": 0.2154, "volume_ratio": 3.1502, "spread_pct": 0.2497, "checks": {"quote_volume": true, "range_15m": true, "atr": true, "volume_ratio": true, "spread": true}, "reason": "active"}
[ACTIVITY] PEPETRY status=ACTIVE metrics={"status": "ACTIVE", "quote_volume": 76394394.42, "range_15m_pct": 0.3688, "atr_pct": 0.1569, "volume_ratio": 0.8189, "spread_pct": 0.0074, "checks": {"quote_volume": true, "range_15m": true, "atr": true, "volume_ratio": true, "spread": true}, "reason": "active"}
[ACTIVITY] PHATRY status=PASSIVE metrics={"status": "PASSIVE", "quote_volume": 6178620.82, "range_15m_pct": 0.0, "atr_pct": 0.2695, "volume_ratio": 0.0, "spread_pct": 0.939, "checks": {"quote_volume": true, "range_15m": false, "atr": true, "volume_ratio": false, "spread": false}, "reason": "movement_or_liquidity_below_threshold"}
[ACTIVITY] PIXELTRY status=PASSIVE metrics={"status": "PASSIVE", "quote_volume": 18901832.79, "range_15m_pct": 0.0, "atr_pct": 0.0684, "volume_ratio": 0.4668, "spread_pct": 0.4773, "checks": {"quote_volume": true, "range_15m": false, "atr": false, "volume_ratio": false, "spread": false}, "reason": "movement_or_liquidity_below_threshold"}
[ACTIVITY] PLUMETRY status=ACTIVE metrics={"status": "ACTIVE", "quote_volume": 12591169.76, "range_15m_pct": 0.6814, "atr_pct": 0.3269, "volume_ratio": 0.6999, "spread_pct": 0.1699, "checks": {"quote_volume": true, "range_15m": true, "atr": true, "volume_ratio": true, "spread": true}, "reason": "active"}
[ACTIVITY] PNUTTRY status=PASSIVE metrics={"status": "PASSIVE", "quote_volume": 14300219.06, "range_15m_pct": 0.5155, "atr_pct": 0.0736, "volume_ratio": 0.0, "spread_pct": 0.5141, "checks": {"quote_volume": true, "range_15m": true, "atr": false, "volume_ratio": false, "spread": false}, "reason": "movement_or_liquidity_below_threshold"}
[ACTIVITY] POLTRY status=PASSIVE metrics={"status": "PASSIVE", "quote_volume": 938063.51, "range_15m_pct": 0.0557, "atr_pct": 0.0576, "volume_ratio": 0.0, "spread_pct": 0.0278, "checks": {"quote_volume": false, "range_15m": false, "atr": false, "volume_ratio": false, "spread": true}, "reason": "movement_or_liquidity_below_threshold"}
[ACTIVITY] POLYXTRY status=PASSIVE metrics={"status": "PASSIVE", "quote_volume": 488151.65, "range_15m_pct": 0.0, "atr_pct": 0.0, "volume_ratio": 0.0, "spread_pct": 0.6826, "checks": {"quote_volume": false, "range_15m": false, "atr": false, "volume_ratio": false, "spread": false}, "reason": "movement_or_liquidity_below_threshold"}
[ACTIVITY] PORTALTRY status=ACTIVE metrics={"status": "ACTIVE", "quote_volume": 20694567.72, "range_15m_pct": 0.5643, "atr_pct": 0.2399, "volume_ratio": 0.5789, "spread_pct": 0.1163, "checks": {"quote_volume": true, "range_15m": true, "atr": true, "volume_ratio": true, "spread": true}, "reason": "active"}
[ACTIVITY] PORTOTRY status=PASSIVE metrics={"status": "PASSIVE", "quote_volume": 1536477.31, "range_15m_pct": 0.4308, "atr_pct": 0.126, "volume_ratio": 1.1072, "spread_pct": 0.2868, "checks": {"quote_volume": true, "range_15m": true, "atr": false, "volume_ratio": true, "spread": true}, "reason": "movement_or_liquidity_below_threshold"}
[ACTIVITY] PROVETRY status=PASSIVE metrics={"status": "PASSIVE", "quote_volume": 527634.23, "range_15m_pct": 0.0, "atr_pct": 0.02, "volume_ratio": 3.1619, "spread_pct": 0.1396, "checks": {"quote_volume": false, "range_15m": false, "atr": false, "volume_ratio": true, "spread": true}, "reason": "movement_or_liquidity_below_threshold"}
[ACTIVITY] PSGTRY status=PASSIVE metrics={"status": "PASSIVE", "quote_volume": 6895567.22, "range_15m_pct": 0.3351, "atr_pct": 0.1521, "volume_ratio": 0.0125, "spread_pct": 0.3346, "checks": {"quote_volume": true, "range_15m": true, "atr": true, "volume_ratio": false, "spread": false}, "reason": "movement_or_liquidity_below_threshold"}
[ACTIVITY] PUMPTRY status=PASSIVE metrics={"status": "PASSIVE", "quote_volume": 57936255.6, "range_15m_pct": 0.702, "atr_pct": 0.5054, "volume_ratio": 0.2051, "spread_pct": 0.0781, "checks": {"quote_volume": true, "range_15m": true, "atr": true, "volume_ratio": false, "spread": true}, "reason": "movement_or_liquidity_below_threshold"}
[ACTIVITY] PYTHTRY status=PASSIVE metrics={"status": "PASSIVE", "quote_volume": 7963255.94, "range_15m_pct": 0.5699, "atr_pct": 0.1328, "volume_ratio": 0.0, "spread_pct": 0.103, "checks": {"quote_volume": true, "range_15m": true, "atr": false, "volume_ratio": false, "spread": true}, "reason": "movement_or_liquidity_below_threshold"}
[ACTIVITY] QTUMTRY status=PASSIVE metrics={"status": "PASSIVE", "quote_volume": 4100616.26, "range_15m_pct": 0.3226, "atr_pct": 0.0691, "volume_ratio": 0.0, "spread_pct": 0.3221, "checks": {"quote_volume": true, "range_15m": true, "atr": false, "volume_ratio": false, "spread": false}, "reason": "movement_or_liquidity_below_threshold"}
[ACTIVITY] RADTRY status=ACTIVE metrics={"status": "ACTIVE", "quote_volume": 271531286.31, "range_15m_pct": 1.0221, "atr_pct": 0.7605, "volume_ratio": 1.8183, "spread_pct": 0.1701, "checks": {"quote_volume": true, "range_15m": true, "atr": true, "volume_ratio": true, "spread": true}, "reason": "active"}
[ACTIVITY] RARETRY status=ACTIVE metrics={"status": "ACTIVE", "quote_volume": 17981474.93, "range_15m_pct": 0.8304, "atr_pct": 0.1549, "volume_ratio": 0.5559, "spread_pct": 0.0505, "checks": {"quote_volume": true, "range_15m": true, "atr": true, "volume_ratio": true, "spread": true}, "reason": "active"}
[ACTIVITY] RAYTRY status=PASSIVE metrics={"status": "PASSIVE", "quote_volume": 1687018.01, "range_15m_pct": 0.1314, "atr_pct": 0.1338, "volume_ratio": 0.0, "spread_pct": 0.0658, "checks": {"quote_volume": true, "range_15m": false, "atr": false, "volume_ratio": false, "spread": true}, "reason": "movement_or_liquidity_below_threshold"}
[ACTIVITY] REDTRY status=PASSIVE metrics={"status": "PASSIVE", "quote_volume": 1316373.76, "range_15m_pct": 0.2445, "atr_pct": 0.0699, "volume_ratio": 0.3232, "spread_pct": 0.2448, "checks": {"quote_volume": true, "range_15m": true, "atr": false, "volume_ratio": false, "spread": true}, "reason": "movement_or_liquidity_below_threshold"}
[ACTIVITY] RENDERTRY status=PASSIVE metrics={"status": "PASSIVE", "quote_volume": 10008228.52, "range_15m_pct": 0.3322, "atr_pct": 0.1301, "volume_ratio": 6.1222, "spread_pct": 0.166, "checks": {"quote_volume": true, "range_15m": true, "atr": false, "volume_ratio": true, "spread": true}, "reason": "movement_or_liquidity_below_threshold"}
[ACTIVITY] RESOLVTRY status=PASSIVE metrics={"status": "PASSIVE", "quote_volume": 3181536.16, "range_15m_pct": 0.1263, "atr_pct": 0.1561, "volume_ratio": 0.0, "spread_pct": 0.1391, "checks": {"quote_volume": true, "range_15m": false, "atr": true, "volume_ratio": false, "spread": true}, "reason": "movement_or_liquidity_below_threshold"}
[ACTIVITY] RETRY status=PASSIVE metrics={"status": "PASSIVE", "quote_volume": 75541865.43, "range_15m_pct": 0.4489, "atr_pct": 0.4327, "volume_ratio": 0.125, "spread_pct": 0.0495, "checks": {"quote_volume": true, "range_15m": true, "atr": true, "volume_ratio": false, "spread": true}, "reason": "movement_or_liquidity_below_threshold"}
[ACTIVITY] REZTRY status=PASSIVE metrics={"status": "PASSIVE", "quote_volume": 4410333.4, "range_15m_pct": 0.0762, "atr_pct": 0.0924, "volume_ratio": 0.0, "spread_pct": 0.0764, "checks": {"quote_volume": true, "range_15m": false, "atr": false, "volume_ratio": false, "spread": true}, "reason": "movement_or_liquidity_below_threshold"}
[ACTIVITY] ROBOTRY status=ACTIVE metrics={"status": "ACTIVE", "quote_volume": 41180411.23, "range_15m_pct": 3.3389, "atr_pct": 0.5676, "volume_ratio": 0.6411, "spread_pct": 0.1663, "checks": {"quote_volume": true, "range_15m": true, "atr": true, "volume_ratio": true, "spread": true}, "reason": "active"}
[ACTIVITY] RONINTRY status=PASSIVE metrics={"status": "PASSIVE", "quote_volume": 375942.02, "range_15m_pct": 0.0, "atr_pct": 0.0593, "volume_ratio": 0.0, "spread_pct": 0.4158, "checks": {"quote_volume": false, "range_15m": false, "atr": false, "volume_ratio": false, "spread": false}, "reason": "movement_or_liquidity_below_threshold"}
[ACTIVITY] ROSETRY status=PASSIVE metrics={"status": "PASSIVE", "quote_volume": 11902114.33, "range_15m_pct": 0.077, "atr_pct": 0.0632, "volume_ratio": 0.0353, "spread_pct": 0.0771, "checks": {"quote_volume": true, "range_15m": false, "atr": false, "volume_ratio": false, "spread": true}, "reason": "movement_or_liquidity_below_threshold"}
[ACTIVITY] RSRTRY status=PASSIVE metrics={"status": "PASSIVE", "quote_volume": 563972.43, "range_15m_pct": 0.0, "atr_pct": 0.0867, "volume_ratio": 0.0, "spread_pct": 0.1732, "checks": {"quote_volume": false, "range_15m": false, "atr": false, "volume_ratio": false, "spread": true}, "reason": "movement_or_liquidity_below_threshold"}
[ACTIVITY] RVNTRY status=ACTIVE metrics={"status": "ACTIVE", "quote_volume": 60130945.62, "range_15m_pct": 1.182, "atr_pct": 0.3807, "volume_ratio": 1.2603, "spread_pct": 0.0785, "checks": {"quote_volume": true, "range_15m": true, "atr": true, "volume_ratio": true, "spread": true}, "reason": "active"}
[ACTIVITY] SAGATRY status=PASSIVE metrics={"status": "PASSIVE", "quote_volume": 41060101.14, "range_15m_pct": 0.1513, "atr_pct": 0.1729, "volume_ratio": 0.4267, "spread_pct": 0.1519, "checks": {"quote_volume": true, "range_15m": true, "atr": true, "volume_ratio": false, "spread": true}, "reason": "movement_or_liquidity_below_threshold"}
[ACTIVITY] SAHARATRY status=PASSIVE metrics={"status": "PASSIVE", "quote_volume": 12736915.74, "range_15m_pct": 0.3197, "atr_pct": 0.118, "volume_ratio": 0.0, "spread_pct": 0.0266, "checks": {"quote_volume": true, "range_15m": true, "atr": false, "volume_ratio": false, "spread": true}, "reason": "movement_or_liquidity_below_threshold"}
[ACTIVITY] SANDTRY status=PASSIVE metrics={"status": "PASSIVE", "quote_volume": 1491491.91, "range_15m_pct": 0.0, "atr_pct": 0.0414, "volume_ratio": 0.0, "spread_pct": 0.0528, "checks": {"quote_volume": true, "range_15m": false, "atr": false, "volume_ratio": false, "spread": true}, "reason": "movement_or_liquidity_below_threshold"}
[ACTIVITY] SANTOSTRY status=PASSIVE metrics={"status": "PASSIVE", "quote_volume": 9737734.31, "range_15m_pct": 0.2651, "atr_pct": 0.0788, "volume_ratio": 3.5207, "spread_pct": 0.0441, "checks": {"quote_volume": true, "range_15m": true, "atr": false, "volume_ratio": true, "spread": true}, "reason": "movement_or_liquidity_below_threshold"}
[ACTIVITY] SAPIENTRY status=PASSIVE metrics={"status": "PASSIVE", "quote_volume": 3821433.41, "range_15m_pct": 0.4702, "atr_pct": 0.1474, "volume_ratio": 0.9941, "spread_pct": 0.0522, "checks": {"quote_volume": true, "range_15m": true, "atr": false, "volume_ratio": true, "spread": true}, "reason": "movement_or_liquidity_below_threshold"}
[ACTIVITY] SCRTRY status=PASSIVE metrics={"status": "PASSIVE", "quote_volume": 2294198.26, "range_15m_pct": 0.3067, "atr_pct": 0.0802, "volume_ratio": 0.8775, "spread_pct": 0.2039, "checks": {"quote_volume": true, "range_15m": true, "atr": false, "volume_ratio": true, "spread": true}, "reason": "movement_or_liquidity_below_threshold"}
[ACTIVITY] SEITRY status=PASSIVE metrics={"status": "PASSIVE", "quote_volume": 2981677.48, "range_15m_pct": 0.1048, "atr_pct": 0.071, "volume_ratio": 0.0, "spread_pct": 0.0523, "checks": {"quote_volume": true, "range_15m": false, "atr": false, "volume_ratio": false, "spread": true}, "reason": "movement_or_liquidity_below_threshold"}
[ACTIVITY] SENTTRY status=ACTIVE metrics={"status": "ACTIVE", "quote_volume": 9125865.19, "range_15m_pct": 1.4561, "atr_pct": 0.5083, "volume_ratio": 4.764, "spread_pct": 0.0621, "checks": {"quote_volume": true, "range_15m": true, "atr": true, "volume_ratio": true, "spread": true}, "reason": "active"}
[ACTIVITY] SHELLTRY status=PASSIVE metrics={"status": "PASSIVE", "quote_volume": 8133776.51, "range_15m_pct": 1.087, "atr_pct": 0.384, "volume_ratio": 0.0, "spread_pct": 1.0695, "checks": {"quote_volume": true, "range_15m": true, "atr": true, "volume_ratio": false, "spread": false}, "reason": "movement_or_liquidity_below_threshold"}
[ACTIVITY] SHIBTRY status=ACTIVE metrics={"status": "ACTIVE", "quote_volume": 30776280.86, "range_15m_pct": 0.5592, "atr_pct": 0.2394, "volume_ratio": 0.53, "spread_pct": 0.0466, "checks": {"quote_volume": true, "range_15m": true, "atr": true, "volume_ratio": true, "spread": true}, "reason": "active"}
[ACTIVITY] SIGNTRY status=PASSIVE metrics={"status": "PASSIVE", "quote_volume": 1816312.24, "range_15m_pct": 0.6329, "atr_pct": 0.0901, "volume_ratio": 2.3534, "spread_pct": 0.315, "checks": {"quote_volume": true, "range_15m": true, "atr": false, "volume_ratio": true, "spread": false}, "reason": "movement_or_liquidity_below_threshold"}
[ACTIVITY] SKLTRY status=PASSIVE metrics={"status": "PASSIVE", "quote_volume": 3496636.09, "range_15m_pct": 0.0, "atr_pct": 0.043, "volume_ratio": 0.0, "spread_pct": 0.6042, "checks": {"quote_volume": true, "range_15m": false, "atr": false, "volume_ratio": false, "spread": false}, "reason": "movement_or_liquidity_below_threshold"}
[ACTIVITY] SKYTRY status=PASSIVE metrics={"status": "PASSIVE", "quote_volume": 910131.87, "range_15m_pct": 0.0, "atr_pct": 0.0506, "volume_ratio": 0.0, "spread_pct": 0.0393, "checks": {"quote_volume": false, "range_15m": false, "atr": false, "volume_ratio": false, "spread": true}, "reason": "movement_or_liquidity_below_threshold"}
[ACTIVITY] SLPTRY status=PASSIVE metrics={"status": "PASSIVE", "quote_volume": 1121589.12, "range_15m_pct": 0.0, "atr_pct": 0.0315, "volume_ratio": 0.0, "spread_pct": 0.3986, "checks": {"quote_volume": true, "range_15m": false, "atr": false, "volume_ratio": false, "spread": false}, "reason": "movement_or_liquidity_below_threshold"}
[ACTIVITY] SNXTRY status=PASSIVE metrics={"status": "PASSIVE", "quote_volume": 4216161.41, "range_15m_pct": 0.5258, "atr_pct": 0.1426, "volume_ratio": 0.6236, "spread_pct": 0.2103, "checks": {"quote_volume": true, "range_15m": true, "atr": false, "volume_ratio": true, "spread": true}, "reason": "movement_or_liquidity_below_threshold"}
[ACTIVITY] SOLTRY status=PASSIVE metrics={"status": "PASSIVE", "quote_volume": 57353826.8, "range_15m_pct": 0.2051, "atr_pct": 0.1386, "volume_ratio": 0.6076, "spread_pct": 0.0027, "checks": {"quote_volume": true, "range_15m": true, "atr": false, "volume_ratio": true, "spread": true}, "reason": "movement_or_liquidity_below_threshold"}
[ACTIVITY] SOLVTRY status=PASSIVE metrics={"status": "PASSIVE", "quote_volume": 4776655.34, "range_15m_pct": 0.0, "atr_pct": 0.1264, "volume_ratio": 0.0, "spread_pct": 0.8811, "checks": {"quote_volume": true, "range_15m": false, "atr": false, "volume_ratio": false, "spread": false}, "reason": "movement_or_liquidity_below_threshold"}
[ACTIVITY] SOMITRY status=ACTIVE metrics={"status": "ACTIVE", "quote_volume": 1366322.1, "range_15m_pct": 1.1737, "atr_pct": 0.2165, "volume_ratio": 3.4095, "spread_pct": 0.2317, "checks": {"quote_volume": true, "range_15m": true, "atr": true, "volume_ratio": true, "spread": true}, "reason": "active"}
[ACTIVITY] SOPHTRY status=PASSIVE metrics={"status": "PASSIVE", "quote_volume": 7366098.18, "range_15m_pct": 0.5556, "atr_pct": 0.9921, "volume_ratio": 0.0306, "spread_pct": 0.5602, "checks": {"quote_volume": true, "range_15m": true, "atr": true, "volume_ratio": false, "spread": false}, "reason": "movement_or_liquidity_below_threshold"}
[ACTIVITY] SPELLTRY status=PASSIVE metrics={"status": "PASSIVE", "quote_volume": 8727622.04, "range_15m_pct": 0.0, "atr_pct": 0.0571, "volume_ratio": 0.0, "spread_pct": 0.2663, "checks": {"quote_volume": true, "range_15m": false, "atr": false, "volume_ratio": false, "spread": true}, "reason": "movement_or_liquidity_below_threshold"}
[ACTIVITY] SPKTRY status=PASSIVE metrics={"status": "PASSIVE", "quote_volume": 1642632.15, "range_15m_pct": 0.0, "atr_pct": 0.0398, "volume_ratio": 0.0, "spread_pct": 0.1469, "checks": {"quote_volume": true, "range_15m": false, "atr": false, "volume_ratio": false, "spread": true}, "reason": "movement_or_liquidity_below_threshold"}
[ACTIVITY] STOTRY status=PASSIVE metrics={"status": "PASSIVE", "quote_volume": 11888021.03, "range_15m_pct": 0.0, "atr_pct": 0.1031, "volume_ratio": 0.0, "spread_pct": 0.0537, "checks": {"quote_volume": true, "range_15m": false, "atr": false, "volume_ratio": false, "spread": true}, "reason": "movement_or_liquidity_below_threshold"}
[ACTIVITY] STRAXTRY status=PASSIVE metrics={"status": "PASSIVE", "quote_volume": 2788069.8, "range_15m_pct": 0.2415, "atr_pct": 0.3796, "volume_ratio": 0.1376, "spread_pct": 0.2418, "checks": {"quote_volume": true, "range_15m": true, "atr": true, "volume_ratio": false, "spread": true}, "reason": "movement_or_liquidity_below_threshold"}
[ACTIVITY] STRKTRY status=PASSIVE metrics={"status": "PASSIVE", "quote_volume": 13556709.95, "range_15m_pct": 0.4525, "atr_pct": 0.2775, "volume_ratio": 0.0686, "spread_pct": 0.0905, "checks": {"quote_volume": true, "range_15m": true, "atr": true, "volume_ratio": false, "spread": true}, "reason": "movement_or_liquidity_below_threshold"}
[ACTIVITY] STRY status=PASSIVE metrics={"status": "PASSIVE", "quote_volume": 2292938.46, "range_15m_pct": 0.4587, "atr_pct": 0.1376, "volume_ratio": 0.5291, "spread_pct": 0.0917, "checks": {"quote_volume": true, "range_15m": true, "atr": false, "volume_ratio": true, "spread": true}, "reason": "movement_or_liquidity_below_threshold"}
[ACTIVITY] STXTRY status=PASSIVE metrics={"status": "PASSIVE", "quote_volume": 2288795.18, "range_15m_pct": 0.0, "atr_pct": 0.0476, "volume_ratio": 0.0, "spread_pct": 0.1668, "checks": {"quote_volume": true, "range_15m": false, "atr": false, "volume_ratio": false, "spread": true}, "reason": "movement_or_liquidity_below_threshold"}
[ACTIVITY] SUITRY status=PASSIVE metrics={"status": "PASSIVE", "quote_volume": 17215812.84, "range_15m_pct": 0.2731, "atr_pct": 0.1301, "volume_ratio": 0.1668, "spread_pct": 0.0304, "checks": {"quote_volume": true, "range_15m": true, "atr": false, "volume_ratio": false, "spread": true}, "reason": "movement_or_liquidity_below_threshold"}
[ACTIVITY] SUNTRY status=PASSIVE metrics={"status": "PASSIVE", "quote_volume": 2169328.54, "range_15m_pct": 0.0, "atr_pct": 0.0099, "volume_ratio": 0.0, "spread_pct": 0.0804, "checks": {"quote_volume": true, "range_15m": false, "atr": false, "volume_ratio": false, "spread": true}, "reason": "movement_or_liquidity_below_threshold"}
[ACTIVITY] SUPERTRY status=PASSIVE metrics={"status": "PASSIVE", "quote_volume": 3097921.1, "range_15m_pct": 0.2439, "atr_pct": 0.0869, "volume_ratio": 0.0, "spread_pct": 0.2442, "checks": {"quote_volume": true, "range_15m": true, "atr": false, "volume_ratio": false, "spread": true}, "reason": "movement_or_liquidity_below_threshold"}
[ACTIVITY] SUSHITRY status=PASSIVE metrics={"status": "PASSIVE", "quote_volume": 1233133.39, "range_15m_pct": 0.0, "atr_pct": 0.1655, "volume_ratio": 0.0, "spread_pct": 0.2574, "checks": {"quote_volume": true, "range_15m": false, "atr": true, "volume_ratio": false, "spread": true}, "reason": "movement_or_liquidity_below_threshold"}
[ACTIVITY] SXTTRY status=PASSIVE metrics={"status": "PASSIVE", "quote_volume": 3232512.26, "range_15m_pct": 0.1671, "atr_pct": 0.1731, "volume_ratio": 0.0, "spread_pct": 0.1392, "checks": {"quote_volume": true, "range_15m": true, "atr": true, "volume_ratio": false, "spread": true}, "reason": "movement_or_liquidity_below_threshold"}
[ACTIVITY] SYRUPTRY status=PASSIVE metrics={"status": "PASSIVE", "quote_volume": 2123102.73, "range_15m_pct": 0.0424, "atr_pct": 0.1142, "volume_ratio": 0.0, "spread_pct": 0.1132, "checks": {"quote_volume": true, "range_15m": false, "atr": false, "volume_ratio": false, "spread": true}, "reason": "movement_or_liquidity_below_threshold"}
[ACTIVITY] TAOTRY status=PASSIVE metrics={"status": "PASSIVE", "quote_volume": 18992134.35, "range_15m_pct": 0.4623, "atr_pct": 0.2267, "volume_ratio": 0.0519, "spread_pct": 0.0411, "checks": {"quote_volume": true, "range_15m": true, "atr": true, "volume_ratio": false, "spread": true}, "reason": "movement_or_liquidity_below_threshold"}
[ACTIVITY] THETATRY status=PASSIVE metrics={"status": "PASSIVE", "quote_volume": 1640875.15, "range_15m_pct": 0.0936, "atr_pct": 0.0802, "volume_ratio": 0.0, "spread_pct": 0.4216, "checks": {"quote_volume": true, "range_15m": false, "atr": false, "volume_ratio": false, "spread": false}, "reason": "movement_or_liquidity_below_threshold"}
[ACTIVITY] THETRY status=PASSIVE metrics={"status": "PASSIVE", "quote_volume": 33214439.83, "range_15m_pct": 0.286, "atr_pct": 0.2524, "volume_ratio": 0.216, "spread_pct": 0.1073, "checks": {"quote_volume": true, "range_15m": true, "atr": true, "volume_ratio": false, "spread": true}, "reason": "movement_or_liquidity_below_threshold"}
[ACTIVITY] TIATRY status=ACTIVE metrics={"status": "ACTIVE", "quote_volume": 23551305.23, "range_15m_pct": 0.4087, "atr_pct": 0.1895, "volume_ratio": 0.5382, "spread_pct": 0.0681, "checks": {"quote_volume": true, "range_15m": true, "atr": true, "volume_ratio": true, "spread": true}, "reason": "active"}
[ACTIVITY] TLMTRY status=PASSIVE metrics={"status": "PASSIVE", "quote_volume": 36444743.56, "range_15m_pct": 1.1396, "atr_pct": 0.6595, "volume_ratio": 0.1066, "spread_pct": 0.1415, "checks": {"quote_volume": true, "range_15m": true, "atr": true, "volume_ratio": false, "spread": true}, "reason": "movement_or_liquidity_below_threshold"}
[ACTIVITY] TNSRTRY status=PASSIVE metrics={"status": "PASSIVE", "quote_volume": 19891569.09, "range_15m_pct": 0.6536, "atr_pct": 0.4669, "volume_ratio": 0.7837, "spread_pct": 0.6515, "checks": {"quote_volume": true, "range_15m": true, "atr": true, "volume_ratio": true, "spread": false}, "reason": "movement_or_liquidity_below_threshold"}
[ACTIVITY] TOWNSTRY status=PASSIVE metrics={"status": "PASSIVE", "quote_volume": 12120882.15, "range_15m_pct": 0.9091, "atr_pct": 0.3218, "volume_ratio": 0.0, "spread_pct": 0.905, "checks": {"quote_volume": true, "range_15m": true, "atr": true, "volume_ratio": false, "spread": false}, "reason": "movement_or_liquidity_below_threshold"}
[ACTIVITY] TRBTRY status=PASSIVE metrics={"status": "PASSIVE", "quote_volume": 14142022.45, "range_15m_pct": 0.1538, "atr_pct": 0.1646, "volume_ratio": 0.0, "spread_pct": 0.1542, "checks": {"quote_volume": true, "range_15m": true, "atr": true, "volume_ratio": false, "spread": true}, "reason": "movement_or_liquidity_below_threshold"}
[ACTIVITY] TREETRY status=PASSIVE metrics={"status": "PASSIVE", "quote_volume": 1922202.93, "range_15m_pct": 0.0, "atr_pct": 0.1283, "volume_ratio": 2.7055, "spread_pct": 0.597, "checks": {"quote_volume": true, "range_15m": false, "atr": false, "volume_ratio": true, "spread": false}, "reason": "movement_or_liquidity_below_threshold"}
[ACTIVITY] TRUMPTRY status=PASSIVE metrics={"status": "PASSIVE", "quote_volume": 21644904.52, "range_15m_pct": 0.1416, "atr_pct": 0.1214, "volume_ratio": 0.0, "spread_pct": 0.1419, "checks": {"quote_volume": true, "range_15m": false, "atr": false, "volume_ratio": false, "spread": true}, "reason": "movement_or_liquidity_below_threshold"}
[ACTIVITY] TRXTRY status=PASSIVE metrics={"status": "PASSIVE", "quote_volume": 42808691.29, "range_15m_pct": 0.2059, "atr_pct": 0.0476, "volume_ratio": 1.8258, "spread_pct": 0.0062, "checks": {"quote_volume": true, "range_15m": true, "atr": false, "volume_ratio": true, "spread": true}, "reason": "movement_or_liquidity_below_threshold"}
[ACTIVITY] TSTTRY status=PASSIVE metrics={"status": "PASSIVE", "quote_volume": 212277628.06, "range_15m_pct": 0.7299, "atr_pct": 0.9136, "volume_ratio": 0.1387, "spread_pct": 0.1463, "checks": {"quote_volume": true, "range_15m": true, "atr": true, "volume_ratio": false, "spread": true}, "reason": "movement_or_liquidity_below_threshold"}
[ACTIVITY] TURBOTRY status=PASSIVE metrics={"status": "PASSIVE", "quote_volume": 6570555.21, "range_15m_pct": 0.0, "atr_pct": 0.1473, "volume_ratio": 0.0, "spread_pct": 0.2574, "checks": {"quote_volume": true, "range_15m": false, "atr": false, "volume_ratio": false, "spread": true}, "reason": "movement_or_liquidity_below_threshold"}
[ACTIVITY] TURTLETRY status=PASSIVE metrics={"status": "PASSIVE", "quote_volume": 1494408.84, "range_15m_pct": 0.4673, "atr_pct": 0.0664, "volume_ratio": 0.0, "spread_pct": 0.464, "checks": {"quote_volume": true, "range_15m": true, "atr": false, "volume_ratio": false, "spread": false}, "reason": "movement_or_liquidity_below_threshold"}
[ACTIVITY] TWTTRY status=PASSIVE metrics={"status": "PASSIVE", "quote_volume": 5668429.89, "range_15m_pct": 0.2643, "atr_pct": 0.1208, "volume_ratio": 0.0998, "spread_pct": 0.0529, "checks": {"quote_volume": true, "range_15m": true, "atr": false, "volume_ratio": false, "spread": true}, "reason": "movement_or_liquidity_below_threshold"}
[ACTIVITY] UMATRY status=PASSIVE metrics={"status": "PASSIVE", "quote_volume": 9170294.81, "range_15m_pct": 0.3193, "atr_pct": 0.1, "volume_ratio": 0.0, "spread_pct": 0.0636, "checks": {"quote_volume": true, "range_15m": true, "atr": false, "volume_ratio": false, "spread": true}, "reason": "movement_or_liquidity_below_threshold"}
[ACTIVITY] UNITRY status=ACTIVE metrics={"status": "ACTIVE", "quote_volume": 25742609.7, "range_15m_pct": 0.1774, "atr_pct": 0.2067, "volume_ratio": 0.5115, "spread_pct": 0.0592, "checks": {"quote_volume": true, "range_15m": true, "atr": true, "volume_ratio": true, "spread": true}, "reason": "active"}
[ACTIVITY] USD1TRY status=PASSIVE metrics={"status": "PASSIVE", "quote_volume": 2324629.84, "range_15m_pct": 0.0, "atr_pct": 0.0, "volume_ratio": 0.0, "spread_pct": 0.021, "checks": {"quote_volume": true, "range_15m": false, "atr": false, "volume_ratio": false, "spread": true}, "reason": "movement_or_liquidity_below_threshold"}
[ACTIVITY] USDCTRY status=PASSIVE metrics={"status": "PASSIVE", "quote_volume": 96065679.58, "range_15m_pct": 0.021, "atr_pct": 0.021, "volume_ratio": 0.5473, "spread_pct": 0.021, "checks": {"quote_volume": true, "range_15m": false, "atr": false, "volume_ratio": true, "spread": true}, "reason": "movement_or_liquidity_below_threshold"}
[ACTIVITY] USDTTRY status=PASSIVE metrics={"status": "PASSIVE", "quote_volume": 1201662043.16, "range_15m_pct": 0.021, "atr_pct": 0.021, "volume_ratio": 1.0149, "spread_pct": 0.021, "checks": {"quote_volume": true, "range_15m": false, "atr": false, "volume_ratio": true, "spread": true}, "reason": "movement_or_liquidity_below_threshold"}
[ACTIVITY] USTCTRY status=PASSIVE metrics={"status": "PASSIVE", "quote_volume": 47184172.55, "range_15m_pct": 0.3708, "atr_pct": 0.1852, "volume_ratio": 0.3625, "spread_pct": 0.1235, "checks": {"quote_volume": true, "range_15m": true, "atr": true, "volume_ratio": false, "spread": true}, "reason": "movement_or_liquidity_below_threshold"}
[ACTIVITY] USUALTRY status=PASSIVE metrics={"status": "PASSIVE", "quote_volume": 13591144.23, "range_15m_pct": 0.4751, "atr_pct": 0.1188, "volume_ratio": 0.1053, "spread_pct": 0.2372, "checks": {"quote_volume": true, "range_15m": true, "atr": false, "volume_ratio": false, "spread": true}, "reason": "movement_or_liquidity_below_threshold"}
[ACTIVITY] UTRY status=PASSIVE metrics={"status": "PASSIVE", "quote_volume": 1270110.08, "range_15m_pct": 0.0, "atr_pct": 0.0015, "volume_ratio": 0.0, "spread_pct": 0.021, "checks": {"quote_volume": true, "range_15m": false, "atr": false, "volume_ratio": false, "spread": true}, "reason": "movement_or_liquidity_below_threshold"}
[ACTIVITY] VANATRY status=PASSIVE metrics={"status": "PASSIVE", "quote_volume": 1777256.36, "range_15m_pct": 0.2475, "atr_pct": 0.0707, "volume_ratio": 0.0, "spread_pct": 0.2478, "checks": {"quote_volume": true, "range_15m": true, "atr": false, "volume_ratio": false, "spread": true}, "reason": "movement_or_liquidity_below_threshold"}
[ACTIVITY] VANRYTRY status=PASSIVE metrics={"status": "PASSIVE", "quote_volume": 26150542.24, "range_15m_pct": 1.6667, "atr_pct": 1.1559, "volume_ratio": 1.0994, "spread_pct": 0.586, "checks": {"quote_volume": true, "range_15m": true, "atr": true, "volume_ratio": true, "spread": false}, "reason": "movement_or_liquidity_below_threshold"}
[ACTIVITY] VETTRY status=PASSIVE metrics={"status": "PASSIVE", "quote_volume": 1090250.25, "range_15m_pct": 0.0, "atr_pct": 0.0355, "volume_ratio": 1.6667, "spread_pct": 0.3165, "checks": {"quote_volume": true, "range_15m": false, "atr": false, "volume_ratio": true, "spread": false}, "reason": "movement_or_liquidity_below_threshold"}
[ACTIVITY] VICTRY status=PASSIVE metrics={"status": "PASSIVE", "quote_volume": 70772521.8, "range_15m_pct": 1.6949, "atr_pct": 1.2005, "volume_ratio": 0.4731, "spread_pct": 0.8439, "checks": {"quote_volume": true, "range_15m": true, "atr": true, "volume_ratio": false, "spread": false}, "reason": "movement_or_liquidity_below_threshold"}
[ACTIVITY] VIRTUALTRY status=ACTIVE metrics={"status": "ACTIVE", "quote_volume": 2400352.11, "range_15m_pct": 1.6995, "atr_pct": 0.4089, "volume_ratio": 3.0818, "spread_pct": 0.0386, "checks": {"quote_volume": true, "range_15m": true, "atr": true, "volume_ratio": true, "spread": true}, "reason": "active"}
[ACTIVITY] WALTRY status=PASSIVE metrics={"status": "PASSIVE", "quote_volume": 1451073.24, "range_15m_pct": 0.0, "atr_pct": 0.2721, "volume_ratio": 0.0, "spread_pct": 0.9479, "checks": {"quote_volume": true, "range_15m": false, "atr": true, "volume_ratio": false, "spread": false}, "reason": "movement_or_liquidity_below_threshold"}
[ACTIVITY] WCTTRY status=PASSIVE metrics={"status": "PASSIVE", "quote_volume": 520680.23, "range_15m_pct": 0.0, "atr_pct": 0.025, "volume_ratio": 0.0, "spread_pct": 0.2916, "checks": {"quote_volume": false, "range_15m": false, "atr": false, "volume_ratio": false, "spread": true}, "reason": "movement_or_liquidity_below_threshold"}
[ACTIVITY] WIFTRY status=PASSIVE metrics={"status": "PASSIVE", "quote_volume": 5907405.8, "range_15m_pct": 0.0, "atr_pct": 0.0825, "volume_ratio": 0.0, "spread_pct": 0.1204, "checks": {"quote_volume": true, "range_15m": false, "atr": false, "volume_ratio": false, "spread": true}, "reason": "movement_or_liquidity_below_threshold"}
[ACTIVITY] WLDTRY status=ACTIVE metrics={"status": "ACTIVE", "quote_volume": 36107040.75, "range_15m_pct": 0.3125, "atr_pct": 0.2454, "volume_ratio": 0.6855, "spread_pct": 0.0627, "checks": {"quote_volume": true, "range_15m": true, "atr": true, "volume_ratio": true, "spread": true}, "reason": "active"}
[ACTIVITY] WLFITRY status=PASSIVE metrics={"status": "PASSIVE", "quote_volume": 7880353.45, "range_15m_pct": 0.191, "atr_pct": 0.0626, "volume_ratio": 0.0, "spread_pct": 0.0381, "checks": {"quote_volume": true, "range_15m": true, "atr": false, "volume_ratio": false, "spread": true}, "reason": "movement_or_liquidity_below_threshold"}
[ACTIVITY] WTRY status=PASSIVE metrics={"status": "PASSIVE", "quote_volume": 3731209.22, "range_15m_pct": 0.0, "atr_pct": 0.0412, "volume_ratio": 0.0, "spread_pct": 0.1258, "checks": {"quote_volume": true, "range_15m": false, "atr": false, "volume_ratio": false, "spread": true}, "reason": "movement_or_liquidity_below_threshold"}
[ACTIVITY] XAITRY status=PASSIVE metrics={"status": "PASSIVE", "quote_volume": 13215248.9, "range_15m_pct": 0.0, "atr_pct": 0.2064, "volume_ratio": 0.0, "spread_pct": 0.1604, "checks": {"quote_volume": true, "range_15m": false, "atr": true, "volume_ratio": false, "spread": true}, "reason": "movement_or_liquidity_below_threshold"}
[ACTIVITY] XAUTTRY status=PASSIVE metrics={"status": "PASSIVE", "quote_volume": 16455843.69, "range_15m_pct": 0.1183, "atr_pct": 0.0753, "volume_ratio": 2.6273, "spread_pct": 0.0005, "checks": {"quote_volume": true, "range_15m": false, "atr": false, "volume_ratio": true, "spread": true}, "reason": "movement_or_liquidity_below_threshold"}
[ACTIVITY] XECTRY status=PASSIVE metrics={"status": "PASSIVE", "quote_volume": 3667821.72, "range_15m_pct": 0.16, "atr_pct": 0.08, "volume_ratio": 2.5307, "spread_pct": 0.16, "checks": {"quote_volume": true, "range_15m": true, "atr": false, "volume_ratio": true, "spread": true}, "reason": "movement_or_liquidity_below_threshold"}
[ACTIVITY] XLMTRY status=PASSIVE metrics={"status": "PASSIVE", "quote_volume": 9758916.49, "range_15m_pct": 0.2598, "atr_pct": 0.1798, "volume_ratio": 0.0488, "spread_pct": 0.026, "checks": {"quote_volume": true, "range_15m": true, "atr": true, "volume_ratio": false, "spread": true}, "reason": "movement_or_liquidity_below_threshold"}
[ACTIVITY] XPLTRY status=PASSIVE metrics={"status": "PASSIVE", "quote_volume": 4104803.53, "range_15m_pct": 0.386, "atr_pct": 0.2457, "volume_ratio": 0.0475, "spread_pct": 0.0552, "checks": {"quote_volume": true, "range_15m": true, "atr": true, "volume_ratio": false, "spread": true}, "reason": "movement_or_liquidity_below_threshold"}
[ACTIVITY] XRPTRY status=PASSIVE metrics={"status": "PASSIVE", "quote_volume": 145485080.31, "range_15m_pct": 0.2255, "atr_pct": 0.1317, "volume_ratio": 1.8952, "spread_pct": 0.0205, "checks": {"quote_volume": true, "range_15m": true, "atr": false, "volume_ratio": true, "spread": true}, "reason": "movement_or_liquidity_below_threshold"}
[ACTIVITY] XTZTRY status=PASSIVE metrics={"status": "PASSIVE", "quote_volume": 388193.62, "range_15m_pct": 0.0, "atr_pct": 0.0614, "volume_ratio": 0.0, "spread_pct": 0.7507, "checks": {"quote_volume": false, "range_15m": false, "atr": false, "volume_ratio": false, "spread": false}, "reason": "movement_or_liquidity_below_threshold"}
[ACTIVITY] XVGTRY status=PASSIVE metrics={"status": "PASSIVE", "quote_volume": 5431976.54, "range_15m_pct": 0.2964, "atr_pct": 0.1126, "volume_ratio": 0.0, "spread_pct": 0.0978, "checks": {"quote_volume": true, "range_15m": true, "atr": false, "volume_ratio": false, "spread": true}, "reason": "movement_or_liquidity_below_threshold"}
[ACTIVITY] YBTRY status=ACTIVE metrics={"status": "ACTIVE", "quote_volume": 2545426.31, "range_15m_pct": 0.7853, "atr_pct": 0.4301, "volume_ratio": 2.282, "spread_pct": 0.2608, "checks": {"quote_volume": true, "range_15m": true, "atr": true, "volume_ratio": true, "spread": true}, "reason": "active"}
[ACTIVITY] ZAMATRY status=PASSIVE metrics={"status": "PASSIVE", "quote_volume": 301788.31, "range_15m_pct": 0.0, "atr_pct": 0.0, "volume_ratio": 0.0, "spread_pct": 0.2697, "checks": {"quote_volume": false, "range_15m": false, "atr": false, "volume_ratio": false, "spread": true}, "reason": "movement_or_liquidity_below_threshold"}
[ACTIVITY] ZBTTRY status=PASSIVE metrics={"status": "PASSIVE", "quote_volume": 54534362.93, "range_15m_pct": 0.4577, "atr_pct": 0.2779, "volume_ratio": 0.335, "spread_pct": 0.2281, "checks": {"quote_volume": true, "range_15m": true, "atr": true, "volume_ratio": false, "spread": true}, "reason": "movement_or_liquidity_below_threshold"}
[ACTIVITY] ZILTRY status=PASSIVE metrics={"status": "PASSIVE", "quote_volume": 4478358.05, "range_15m_pct": 0.3604, "atr_pct": 0.122, "volume_ratio": 0.219, "spread_pct": 0.09, "checks": {"quote_volume": true, "range_15m": true, "atr": false, "volume_ratio": false, "spread": true}, "reason": "movement_or_liquidity_below_threshold"}
[ACTIVITY] ZKCTRY status=PASSIVE metrics={"status": "PASSIVE", "quote_volume": 848910.33, "range_15m_pct": 0.0, "atr_pct": 0.0, "volume_ratio": 0.0, "spread_pct": 0.5479, "checks": {"quote_volume": false, "range_15m": false, "atr": false, "volume_ratio": false, "spread": false}, "reason": "movement_or_liquidity_below_threshold"}
[ACTIVITY] ZKPTRY status=PASSIVE metrics={"status": "PASSIVE", "quote_volume": 944988.85, "range_15m_pct": 0.0, "atr_pct": 0.0895, "volume_ratio": 0.0, "spread_pct": 0.1921, "checks": {"quote_volume": false, "range_15m": false, "atr": false, "volume_ratio": false, "spread": true}, "reason": "movement_or_liquidity_below_threshold"}
[ACTIVITY] ZKTRY status=PASSIVE metrics={"status": "PASSIVE", "quote_volume": 11949526.41, "range_15m_pct": 0.5714, "atr_pct": 0.1837, "volume_ratio": 0.1505, "spread_pct": 0.2853, "checks": {"quote_volume": true, "range_15m": true, "atr": true, "volume_ratio": false, "spread": true}, "reason": "movement_or_liquidity_below_threshold"}
[ACTIVITY] ZROTRY status=PASSIVE metrics={"status": "PASSIVE", "quote_volume": 9735300.88, "range_15m_pct": 0.2488, "atr_pct": 0.1418, "volume_ratio": 0.6098, "spread_pct": 0.2472, "checks": {"quote_volume": true, "range_15m": true, "atr": false, "volume_ratio": true, "spread": true}, "reason": "movement_or_liquidity_below_threshold"}
[SIGNAL] 2026-08-05T10:14:59+00:00 PUMPTRY BUY fill_at=2026-08-05T10:19:59+00:00 features={"close": 0.1178, "bb_lower": 0.11792514026271118, "bb_upper": 0.12003676449919355, "rsi": 39.947610792578814, "mfi": 43.80116881935154, "atr": 0.000614285714285714}
[ENTRY] 2026-08-05T10:19:59+00:00 PUMPTRY layer=1 value=998.50 entry=0.11788835 cash=9000.00
[SCAN] 2026-08-05T10:19:59+00:00 symbols=20 signals=1 entries=1 exits=0 blocked=0 open=1 cash=9000.00 equity=9992.67
[SIGNAL] 2026-08-05T10:19:59+00:00 BANKTRY BUY fill_at=2026-08-05T10:24:59+00:00 features={"close": 2.289, "bb_lower": 2.2898019474134226, "bb_upper": 2.361340909729434, "rsi": 27.78845679861074, "mfi": 15.617343183511679, "atr": 0.017285714285714286}
[ENTRY] 2026-08-05T10:24:59+00:00 BANKTRY layer=1 value=898.65 entry=2.29171750 cash=8100.00
[SIGNAL] 2026-08-05T10:19:59+00:00 PUMPTRY BUY fill_at=2026-08-05T10:24:59+00:00 features={"close": 0.1172, "bb_lower": 0.11767439638902047, "bb_upper": 0.12000179408716996, "rsi": 35.36673941181799, "mfi": 35.89243798636069, "atr": 0.0006571428571428571}
[ENTRY] 2026-08-05T10:24:59+00:00 PUMPTRY layer=2 value=808.79 entry=0.11718782 cash=7290.00
[SIGNAL] 2026-08-05T10:19:59+00:00 ZROTRY BUY fill_at=2026-08-05T10:24:59+00:00 features={"close": 36.9, "bb_lower": 37.06264172950853, "bb_upper": 37.58497731811052, "rsi": 28.923472334903224, "mfi": 38.04301662424943, "atr": 0.09285714285714265}
[ENTRY] 2026-08-05T10:24:59+00:00 ZROTRY layer=1 value=727.91 entry=37.12782500 cash=6561.00
[SCAN] 2026-08-05T10:24:59+00:00 symbols=20 signals=3 entries=3 exits=0 blocked=0 open=3 cash=6561.00 equity=9991.35
[SIGNAL] 2026-08-05T10:24:59+00:00 PUMPTRY BUY fill_at=2026-08-05T10:29:59+00:00 features={"close": 0.1174, "bb_lower": 0.11745350188560282, "bb_upper": 0.12004173620963528, "rsi": 37.93673717702611, "mfi": 32.95542102054199, "atr": 0.0006571428571428571}
[BLOCKED] PUMPTRY reason=max_layers
[SCAN] 2026-08-05T10:29:59+00:00 symbols=20 signals=1 entries=0 exits=0 blocked=1 open=3 cash=6561.00 equity=9993.22
[SIGNAL] 2026-08-05T10:29:59+00:00 BIOTRY BUY fill_at=2026-08-05T10:34:59+00:00 features={"close": 1.138, "bb_lower": 1.1382290181800194, "bb_upper": 1.1739614580104567, "rsi": 35.12960017273956, "mfi": 28.84854741062854, "atr": 0.00792857142857146}
[ENTRY] 2026-08-05T10:34:59+00:00 BIOTRY layer=1 value=655.12 entry=1.13985425 cash=5904.90
[SCAN] 2026-08-05T10:34:59+00:00 symbols=20 signals=1 entries=1 exits=0 blocked=0 open=4 cash=5904.90 equity=9993.00
[SCAN] 2026-08-05T10:39:59+00:00 symbols=20 signals=0 entries=0 exits=0 blocked=0 open=4 cash=5904.90 equity=10014.55
[SCAN] 2026-08-05T10:44:59+00:00 symbols=20 signals=0 entries=0 exits=0 blocked=0 open=4 cash=5904.90 equity=10010.99
[SCAN] 2026-08-05T10:49:59+00:00 symbols=20 signals=0 entries=0 exits=0 blocked=0 open=4 cash=5904.90 equity=10020.49
[SIGNAL] 2026-08-05T10:49:59+00:00 EDENTRY BUY fill_at=2026-08-05T10:54:59+00:00 features={"close": 1.825, "bb_lower": 1.826191876826431, "bb_upper": 1.8520938374592835, "rsi": 33.1242033481514, "mfi": 29.890213980137247, "atr": 0.00392857142857144}
[ENTRY] 2026-08-05T10:54:59+00:00 EDENTRY layer=1 value=589.61 entry=1.83137250 cash=5314.41
[SCAN] 2026-08-05T10:54:59+00:00 symbols=20 signals=1 entries=1 exits=0 blocked=0 open=5 cash=5314.41 equity=10009.16
[SCAN] 2026-08-05T10:59:59+00:00 symbols=20 signals=0 entries=0 exits=0 blocked=0 open=5 cash=5314.41 equity=10031.13
[SCAN] 2026-08-05T11:04:59+00:00 symbols=20 signals=0 entries=0 exits=0 blocked=0 open=5 cash=5314.41 equity=10030.77
[SIGNAL] 2026-08-05T11:04:59+00:00 ALLOTRY BUY fill_at=2026-08-05T11:09:59+00:00 features={"close": 12.31, "bb_lower": 12.313197641221365, "bb_upper": 12.63251664449292, "rsi": 34.05534232156866, "mfi": 28.878983415161912, "atr": 0.05500000000000035}
[ENTRY] 2026-08-05T11:09:59+00:00 ALLOTRY layer=1 value=530.65 entry=12.34925500 cash=4782.97
[SCAN] 2026-08-05T11:09:59+00:00 symbols=20 signals=1 entries=1 exits=0 blocked=0 open=6 cash=4782.97 equity=10023.71
[SCAN] 2026-08-05T11:14:59+00:00 symbols=20 signals=0 entries=0 exits=0 blocked=0 open=6 cash=4782.97 equity=10017.43
[SCAN] 2026-08-05T11:19:59+00:00 symbols=20 signals=0 entries=0 exits=0 blocked=0 open=6 cash=4782.97 equity=10009.21
[SCAN] 2026-08-05T11:24:59+00:00 symbols=20 signals=0 entries=0 exits=0 blocked=0 open=6 cash=4782.97 equity=10026.06
[SIGNAL] 2026-08-05T11:24:59+00:00 HOMETRY BUY fill_at=2026-08-05T11:29:59+00:00 features={"close": 0.455, "bb_lower": 0.45608459183315586, "bb_upper": 0.46610588435732037, "rsi": 37.608713317453244, "mfi": 36.17053773425975, "atr": 0.004428571428571433}
[ENTRY] 2026-08-05T11:29:59+00:00 HOMETRY layer=1 value=477.58 entry=0.45534125 cash=4304.67
[SCAN] 2026-08-05T11:29:59+00:00 symbols=20 signals=1 entries=1 exits=0 blocked=0 open=7 cash=4304.67 equity=10016.72
[SCAN] 2026-08-05T11:34:59+00:00 symbols=20 signals=0 entries=0 exits=0 blocked=0 open=7 cash=4304.67 equity=10016.05
[SIGNAL] 2026-08-05T11:34:59+00:00 ALLOTRY BUY fill_at=2026-08-05T11:39:59+00:00 features={"close": 12.25, "bb_lower": 12.261632783381602, "bb_upper": 12.581224359475536, "rsi": 34.107829039478545, "mfi": 33.6886662553882, "atr": 0.0607142857142862}
[ENTRY] 2026-08-05T11:39:59+00:00 ALLOTRY layer=2 value=429.82 entry=12.24918000 cash=3874.20
[SCAN] 2026-08-05T11:39:59+00:00 symbols=20 signals=1 entries=1 exits=0 blocked=0 open=7 cash=3874.20 equity=10012.26
[SIGNAL] 2026-08-05T11:39:59+00:00 HOMETRY BUY fill_at=2026-08-05T11:44:59+00:00 features={"close": 0.455, "bb_lower": 0.45523902903467356, "bb_upper": 0.46495144715580267, "rsi": 39.07301887908652, "mfi": 36.06072674077833, "atr": 0.004285714285714289}
[ENTRY] 2026-08-05T11:44:59+00:00 HOMETRY layer=2 value=386.84 entry=0.45434050 cash=3486.78
[SCAN] 2026-08-05T11:44:59+00:00 symbols=20 signals=1 entries=1 exits=0 blocked=0 open=7 cash=3486.78 equity=9994.97
[SIGNAL] 2026-08-05T11:44:59+00:00 HOMETRY BUY fill_at=2026-08-05T11:49:59+00:00 features={"close": 0.453, "bb_lower": 0.4540323049684766, "bb_upper": 0.46530102836485676, "rsi": 36.58534746085322, "mfi": 32.09637078075309, "atr": 0.004285714285714289}
[BLOCKED] HOMETRY reason=max_layers
[SCAN] 2026-08-05T11:49:59+00:00 symbols=20 signals=1 entries=0 exits=0 blocked=2 open=7 cash=3486.78 equity=10003.65
[SCAN] 2026-08-05T11:54:59+00:00 symbols=20 signals=0 entries=0 exits=0 blocked=0 open=7 cash=3486.78 equity=10012.89
[SCAN] 2026-08-05T11:59:59+00:00 symbols=20 signals=0 entries=0 exits=0 blocked=0 open=7 cash=3486.78 equity=9989.60
[SIGNAL] 2026-08-05T11:59:59+00:00 BANKTRY BUY fill_at=2026-08-05T12:04:59+00:00 features={"close": 2.239, "bb_lower": 2.2558053971234133, "bb_upper": 2.3129565076384906, "rsi": 29.33486640587715, "mfi": 40.576040518580925, "atr": 0.02285714285714291}
[ENTRY] 2026-08-05T12:04:59+00:00 BANKTRY layer=2 value=348.16 entry=2.24168000 cash=3138.11
[SIGNAL] 2026-08-05T11:59:59+00:00 EDENTRY BUY fill_at=2026-08-05T12:04:59+00:00 features={"close": 1.818, "bb_lower": 1.8203199351784736, "bb_upper": 1.8399657791072406, "rsi": 33.308706772294215, "mfi": 20.523170743070224, "atr": 0.0036428571428571066}
[ENTRY] 2026-08-05T12:04:59+00:00 EDENTRY layer=2 value=313.34 entry=1.82036425 cash=2824.30
[SCAN] 2026-08-05T12:04:59+00:00 symbols=20 signals=2 entries=2 exits=0 blocked=0 open=7 cash=2824.30 equity=9971.49
[SIGNAL] 2026-08-05T12:04:59+00:00 RETRY BUY fill_at=2026-08-05T12:09:59+00:00 features={"close": 18.56, "bb_lower": 18.596487052768378, "bb_upper": 18.83779866151733, "rsi": 38.977209501920235, "mfi": 25.124500277565417, "atr": 0.08142857142857222}
[ENTRY] 2026-08-05T12:09:59+00:00 RETRY layer=1 value=282.01 entry=18.56391250 cash=2541.87
[SIGNAL] 2026-08-05T12:04:59+00:00 BANKTRY BUY fill_at=2026-08-05T12:09:59+00:00 features={"close": 2.232, "bb_lower": 2.2455328764745097, "bb_upper": 2.317800456858823, "rsi": 27.830249722358914, "mfi": 39.7563281659056, "atr": 0.023142857142857225}
[BLOCKED] BANKTRY reason=max_layers
[SIGNAL] 2026-08-05T12:04:59+00:00 EDENTRY BUY fill_at=2026-08-05T12:09:59+00:00 features={"close": 1.816, "bb_lower": 1.8179359862479763, "bb_upper": 1.840635442323452, "rsi": 31.679492883872157, "mfi": 18.915158532376253, "atr": 0.0033571428571428203}
[BLOCKED] EDENTRY reason=max_layers
[SCAN] 2026-08-05T12:09:59+00:00 symbols=20 signals=3 entries=1 exits=0 blocked=2 open=8 cash=2541.87 equity=9979.55
[SIGNAL] 2026-08-05T12:09:59+00:00 RETRY BUY fill_at=2026-08-05T12:14:59+00:00 features={"close": 18.54, "bb_lower": 18.568328554891295, "bb_upper": 18.841195254632517, "rsi": 37.91094099272569, "mfi": 26.595997818994235, "atr": 0.07357142857142941}
[ENTRY] 2026-08-05T12:14:59+00:00 RETRY layer=2 value=253.81 entry=18.59393500 cash=2287.68
[SIGNAL] 2026-08-05T12:09:59+00:00 BANKTRY BUY fill_at=2026-08-05T12:14:59+00:00 features={"close": 2.233, "bb_lower": 2.2375565091661613, "bb_upper": 2.3202530146433613, "rsi": 28.39861453559216, "mfi": 33.92374500095043, "atr": 0.021714285714285797}
[BLOCKED] BANKTRY reason=max_layers
[SIGNAL] 2026-08-05T12:09:59+00:00 HOMETRY BUY fill_at=2026-08-05T12:14:59+00:00 features={"close": 0.451, "bb_lower": 0.45119972240621803, "bb_upper": 0.4639431347366391, "rsi": 35.61397385147971, "mfi": 34.18355396826864, "atr": 0.004571428571428575}
[BLOCKED] HOMETRY reason=max_layers
[SCAN] 2026-08-05T12:14:59+00:00 symbols=20 signals=3 entries=1 exits=0 blocked=2 open=8 cash=2287.68 equity=9974.28
[SIGNAL] 2026-08-05T12:14:59+00:00 BANKTRY BUY fill_at=2026-08-05T12:19:59+00:00 features={"close": 2.227, "bb_lower": 2.229409857299156, "bb_upper": 2.3229710950817952, "rsi": 27.015681025832166, "mfi": 29.084532005280792, "atr": 0.019571428571428635}
[BLOCKED] BANKTRY reason=max_layers
[SIGNAL] 2026-08-05T12:14:59+00:00 HOMETRY BUY fill_at=2026-08-05T12:19:59+00:00 features={"close": 0.449, "bb_lower": 0.4498552383491386, "bb_upper": 0.4641447616508613, "rsi": 33.04861192390159, "mfi": 29.147050651521155, "atr": 0.004857142857142861}
[BLOCKED] HOMETRY reason=max_layers
[SCAN] 2026-08-05T12:19:59+00:00 symbols=20 signals=2 entries=0 exits=0 blocked=2 open=8 cash=2287.68 equity=9980.45
[SIGNAL] 2026-08-05T12:19:59+00:00 HOMETRY BUY fill_at=2026-08-05T12:24:59+00:00 features={"close": 0.444, "bb_lower": 0.44731713724419553, "bb_upper": 0.4652542913272333, "rsi": 27.653708116590266, "mfi": 25.376834828453937, "atr": 0.005071428571428576}
[BLOCKED] HOMETRY reason=max_layers
[SCAN] 2026-08-05T12:24:59+00:00 symbols=20 signals=1 entries=0 exits=0 blocked=1 open=8 cash=2287.68 equity=9996.36
[SCAN] 2026-08-05T12:29:59+00:00 symbols=20 signals=0 entries=0 exits=0 blocked=0 open=8 cash=2287.68 equity=10016.02
[EXIT] 2026-08-05T12:34:59+00:00 PUMPTRY reason=bb_mfi_v3_signal_exit pnl=+47.31 cash=4144.98
[SCAN] 2026-08-05T12:34:59+00:00 symbols=20 signals=0 entries=0 exits=1 blocked=1 open=7 cash=4144.98 equity=9998.55
[SCAN] 2026-08-05T12:39:59+00:00 symbols=20 signals=0 entries=0 exits=0 blocked=2 open=7 cash=4144.98 equity=10012.18
[SIGNAL] 2026-08-05T12:39:59+00:00 VICTRY BUY fill_at=2026-08-05T12:44:59+00:00 features={"close": 1.75, "bb_lower": 1.7549187225437834, "bb_upper": 1.8603193726943124, "rsi": 34.85734825093009, "mfi": 23.44174386130571, "atr": 0.030714285714285743}
[ENTRY] 2026-08-05T12:44:59+00:00 VICTRY layer=1 value=413.88 entry=1.74130500 cash=3730.49
[SCAN] 2026-08-05T12:44:59+00:00 symbols=20 signals=1 entries=1 exits=0 blocked=0 open=8 cash=3730.49 equity=10014.24
[SCAN] 2026-08-05T12:49:59+00:00 symbols=20 signals=0 entries=0 exits=0 blocked=0 open=8 cash=3730.49 equity=10018.65
[SCAN] 2026-08-05T12:54:59+00:00 symbols=20 signals=0 entries=0 exits=0 blocked=0 open=8 cash=3730.49 equity=10018.24
[SCAN] 2026-08-05T12:59:59+00:00 symbols=20 signals=0 entries=0 exits=0 blocked=0 open=8 cash=3730.49 equity=10000.01
[SCAN] 2026-08-05T13:04:59+00:00 symbols=20 signals=0 entries=0 exits=1 blocked=0 open=7 cash=4635.08 equity=9999.66
[SCAN] 2026-08-05T13:09:59+00:00 symbols=20 signals=0 entries=0 exits=0 blocked=0 open=7 cash=4635.08 equity=10000.44
[SCAN] 2026-08-05T13:14:59+00:00 symbols=20 signals=0 entries=0 exits=0 blocked=2 open=7 cash=4635.08 equity=10023.03
[EXIT] 2026-08-05T13:19:59+00:00 VICTRY reason=fixed_take_profit pnl=+12.90 cash=5062.48
[SCAN] 2026-08-05T13:19:59+00:00 symbols=20 signals=0 entries=0 exits=1 blocked=1 open=6 cash=5062.48 equity=10049.42
[SCAN] 2026-08-05T13:24:59+00:00 symbols=20 signals=0 entries=0 exits=0 blocked=1 open=6 cash=5062.48 equity=10036.73
[SCAN] 2026-08-05T13:29:59+00:00 symbols=20 signals=0 entries=0 exits=0 blocked=1 open=6 cash=5062.48 equity=10043.68
[SCAN] 2026-08-05T13:34:59+00:00 symbols=20 signals=0 entries=0 exits=0 blocked=0 open=6 cash=5062.48 equity=10030.94
[SCAN] 2026-08-05T13:39:59+00:00 symbols=20 signals=0 entries=0 exits=0 blocked=2 open=6 cash=5062.48 equity=10041.66
[SCAN] 2026-08-05T13:44:59+00:00 symbols=20 signals=0 entries=0 exits=0 blocked=2 open=6 cash=5062.48 equity=10046.26
[SIGNAL] 2026-08-05T13:44:59+00:00 LATRY BUY fill_at=2026-08-05T13:49:59+00:00 features={"close": 2.15, "bb_lower": 2.1538322124158062, "bb_upper": 2.193786835203241, "rsi": 31.11788396986941, "mfi": 19.871873679953197, "atr": 0.006428571428571355}
[ENTRY] 2026-08-05T13:49:59+00:00 LATRY layer=1 value=505.49 entry=2.15161250 cash=4556.23
[SCAN] 2026-08-05T13:49:59+00:00 symbols=20 signals=1 entries=1 exits=0 blocked=1 open=7 cash=4556.23 equity=10057.78
[SIGNAL] 2026-08-05T13:49:59+00:00 MITOTRY BUY fill_at=2026-08-05T13:54:59+00:00 features={"close": 1.072, "bb_lower": 1.073303977201662, "bb_upper": 1.093648403750719, "rsi": 35.958009221471514, "mfi": 29.12287321991579, "atr": 0.005142857142857163}
[ENTRY] 2026-08-05T13:54:59+00:00 MITOTRY layer=1 value=454.94 entry=1.07280400 cash=4100.61
[SIGNAL] 2026-08-05T13:49:59+00:00 LATRY BUY fill_at=2026-08-05T13:54:59+00:00 features={"close": 2.15, "bb_lower": 2.1504812569057696, "bb_upper": 2.1952330288085156, "rsi": 31.11788397387518, "mfi": 16.832019803617584, "atr": 0.006428571428571355}
[ENTRY] 2026-08-05T13:54:59+00:00 LATRY layer=2 value=409.45 entry=2.16162000 cash=3690.55
[SCAN] 2026-08-05T13:54:59+00:00 symbols=20 signals=2 entries=2 exits=0 blocked=0 open=8 cash=3690.55 equity=10080.38
[EXIT] 2026-08-05T13:59:59+00:00 HOMETRY reason=fixed_take_profit pnl=+26.95 cash=4583.21
[SCAN] 2026-08-05T13:59:59+00:00 symbols=20 signals=0 entries=0 exits=1 blocked=0 open=7 cash=4583.21 equity=10075.64
[SIGNAL] 2026-08-05T13:59:59+00:00 PIXELTRY BUY fill_at=2026-08-05T14:04:59+00:00 features={"close": 0.202, "bb_lower": 0.20202658408016297, "bb_upper": 0.2054972254436465, "rsi": 31.06967527260474, "mfi": 53.87208054652781, "atr": 0.0004999999999999945}
[ENTRY] 2026-08-05T14:04:59+00:00 PIXELTRY layer=1 value=457.63 entry=0.20215150 cash=4124.89
[SCAN] 2026-08-05T14:04:59+00:00 symbols=20 signals=1 entries=1 exits=0 blocked=0 open=8 cash=4124.89 equity=10059.90
[SIGNAL] 2026-08-05T14:04:59+00:00 RETRY BUY fill_at=2026-08-05T14:09:59+00:00 features={"close": 18.23, "bb_lower": 18.24115886072464, "bb_upper": 18.79884113927536, "rsi": 24.945715020716065, "mfi": 29.86037221163052, "atr": 0.06785714285714306}
[BLOCKED] RETRY reason=max_layers
[SCAN] 2026-08-05T14:09:59+00:00 symbols=20 signals=1 entries=0 exits=0 blocked=1 open=8 cash=4124.89 equity=10052.05
[SCAN] 2026-08-05T14:14:59+00:00 symbols=20 signals=0 entries=0 exits=0 blocked=0 open=8 cash=4124.89 equity=10060.30
[SIGNAL] 2026-08-05T14:14:59+00:00 HEITRY BUY fill_at=2026-08-05T14:19:59+00:00 features={"close": 8.724, "bb_lower": 8.737324123675233, "bb_upper": 9.625437781086674, "rsi": 41.59954089366923, "mfi": 56.37794770677746, "atr": 0.28442857142857164}
[ENTRY] 2026-08-05T14:19:59+00:00 HEITRY layer=1 value=411.87 entry=8.70652500 cash=3712.40
[SIGNAL] 2026-08-05T14:14:59+00:00 COTITRY BUY fill_at=2026-08-05T14:19:59+00:00 features={"close": 0.637, "bb_lower": 0.6379268634653155, "bb_upper": 0.6464255174870654, "rsi": 39.15974008651354, "mfi": 42.13912027209401, "atr": 0.003671428571428587}
[ENTRY] 2026-08-05T14:19:59+00:00 COTITRY layer=1 value=370.68 entry=0.63757783 cash=3341.16
[SIGNAL] 2026-08-05T14:14:59+00:00 PIXELTRY BUY fill_at=2026-08-05T14:19:59+00:00 features={"close": 0.201, "bb_lower": 0.20110850668809543, "bb_upper": 0.205367683788095, "rsi": 24.950876070224638, "mfi": 58.54378371722206, "atr": 0.0005714285714285659}
[ENTRY] 2026-08-05T14:19:59+00:00 PIXELTRY layer=2 value=333.62 entry=0.20115075 cash=3007.05
[SCAN] 2026-08-05T14:19:59+00:00 symbols=20 signals=3 entries=3 exits=0 blocked=0 open=10 cash=3007.05 equity=10053.67
[SIGNAL] 2026-08-05T14:19:59+00:00 COTITRY BUY fill_at=2026-08-05T14:24:59+00:00 features={"close": 0.6349, "bb_lower": 0.6367125066344814, "bb_upper": 0.6465922552702805, "rsi": 35.63320604703961, "mfi": 42.258630850421774, "atr": 0.003357142857142876}
[ENTRY] 2026-08-05T14:24:59+00:00 COTITRY layer=2 value=300.25 entry=0.63567640 cash=2706.34
[SIGNAL] 2026-08-05T14:19:59+00:00 KAITOTRY BUY fill_at=2026-08-05T14:24:59+00:00 features={"close": 44.019, "bb_lower": 44.05440488942747, "bb_upper": 44.98349987247729, "rsi": 40.18332359803076, "mfi": 23.74603600982215, "atr": 0.2595714285714291}
[ENTRY] 2026-08-05T14:24:59+00:00 KAITOTRY layer=1 value=270.23 entry=44.18911700 cash=2435.71
[SIGNAL] 2026-08-05T14:19:59+00:00 BANKTRY BUY fill_at=2026-08-05T14:24:59+00:00 features={"close": 2.193, "bb_lower": 2.1978371118503706, "bb_upper": 2.2375914595782014, "rsi": 29.720745200898634, "mfi": 46.81860627158037, "atr": 0.016071428571428546}
[BLOCKED] BANKTRY reason=max_layers
[EXIT] 2026-08-05T14:24:59+00:00 BIOTRY reason=fixed_take_profit pnl=+20.42 cash=3112.23
[SCAN] 2026-08-05T14:24:59+00:00 symbols=20 signals=3 entries=2 exits=1 blocked=1 open=10 cash=3112.23 equity=10039.76
[SIGNAL] 2026-08-05T14:24:59+00:00 HEITRY BUY fill_at=2026-08-05T14:29:59+00:00 features={"close": 8.485, "bb_lower": 8.570379348527496, "bb_upper": 9.684477794329652, "rsi": 37.11624058231053, "mfi": 38.3812994461324, "atr": 0.294857142857143}
[ENTRY] 2026-08-05T14:29:59+00:00 HEITRY layer=2 value=310.76 entry=8.48135625 cash=2801.01
[SIGNAL] 2026-08-05T14:24:59+00:00 COTITRY BUY fill_at=2026-08-05T14:29:59+00:00 features={"close": 0.6337, "bb_lower": 0.63530366426893, "bb_upper": 0.647286811921546, "rsi": 33.751608215836654, "mfi": 45.14201461709011, "atr": 0.0033071428571428813}
[BLOCKED] COTITRY reason=max_layers
[SIGNAL] 2026-08-05T14:24:59+00:00 RETRY BUY fill_at=2026-08-05T14:29:59+00:00 features={"close": 18.07, "bb_lower": 18.118410065825596, "bb_upper": 18.769208981793458, "rsi": 25.35542309999913, "mfi": 20.40662943834296, "atr": 0.08214285714285781}
[BLOCKED] RETRY reason=max_layers
[SIGNAL] 2026-08-05T14:24:59+00:00 PUMPTRY BUY fill_at=2026-08-05T14:29:59+00:00 features={"close": 0.1187, "bb_lower": 0.11913856889771628, "bb_upper": 0.1226328596737123, "rsi": 34.27607833926632, "mfi": 44.25660557813784, "atr": 0.001064285714285712}
[ENTRY] 2026-08-05T14:29:59+00:00 PUMPTRY layer=1 value=279.68 entry=0.11868895 cash=2520.90
[SCAN] 2026-08-05T14:29:59+00:00 symbols=20 signals=4 entries=2 exits=0 blocked=2 open=11 cash=2520.90 equity=10024.49
[SIGNAL] 2026-08-05T14:29:59+00:00 HEITRY BUY fill_at=2026-08-05T14:34:59+00:00 features={"close": 8.434, "bb_lower": 8.484496291074443, "bb_upper": 9.729122756544609, "rsi": 36.16699369513846, "mfi": 38.67331223350517, "atr": 0.2715714285714287}
[BLOCKED] HEITRY reason=max_layers
[SIGNAL] 2026-08-05T14:29:59+00:00 COTITRY BUY fill_at=2026-08-05T14:34:59+00:00 features={"close": 0.6329, "bb_lower": 0.6339133281164379, "bb_upper": 0.6476485766454668, "rsi": 32.511719615517336, "mfi": 27.474085928572066, "atr": 0.003278571428571448}
[BLOCKED] COTITRY reason=max_layers
[SIGNAL] 2026-08-05T14:29:59+00:00 BANKTRY BUY fill_at=2026-08-05T14:34:59+00:00 features={"close": 2.189, "bb_lower": 2.192502320857815, "bb_upper": 2.2376881553326617, "rsi": 33.540085396224484, "mfi": 48.31811059924836, "atr": 0.01842857142857146}
[BLOCKED] BANKTRY reason=max_layers
[SIGNAL] 2026-08-05T14:29:59+00:00 PUMPTRY BUY fill_at=2026-08-05T14:34:59+00:00 features={"close": 0.1187, "bb_lower": 0.11884129544307487, "bb_upper": 0.12277775217597278, "rsi": 34.27607833162132, "mfi": 41.71671733853715, "atr": 0.0010285714285714262}
[ENTRY] 2026-08-05T14:34:59+00:00 PUMPTRY layer=2 value=251.71 entry=0.11878903 cash=2268.81
[SCAN] 2026-08-05T14:34:59+00:00 symbols=20 signals=4 entries=1 exits=0 blocked=4 open=11 cash=2268.81 equity=10036.12
[SIGNAL] 2026-08-05T14:34:59+00:00 COTITRY BUY fill_at=2026-08-05T14:39:59+00:00 features={"close": 0.6309, "bb_lower": 0.6322491912608026, "bb_upper": 0.6481127135011022, "rsi": 29.569751116340996, "mfi": 22.01121493283496, "atr": 0.0033857142857143013}
[BLOCKED] COTITRY reason=max_layers
[SIGNAL] 2026-08-05T14:34:59+00:00 RETRY BUY fill_at=2026-08-05T14:39:59+00:00 features={"close": 18.0, "bb_lower": 18.007598759343363, "bb_upper": 18.76763933589473, "rsi": 22.975302983582296, "mfi": 19.027799804935682, "atr": 0.10571428571428625}
[BLOCKED] RETRY reason=max_layers
[SIGNAL] 2026-08-05T14:34:59+00:00 PUMPTRY BUY fill_at=2026-08-05T14:39:59+00:00 features={"close": 0.1185, "bb_lower": 0.11850391688049017, "bb_upper": 0.12290560692903366, "rsi": 33.13825932056601, "mfi": 40.25979424733764, "atr": 0.0010285714285714262}
[BLOCKED] PUMPTRY reason=max_layers
[SCAN] 2026-08-05T14:39:59+00:00 symbols=20 signals=3 entries=0 exits=0 blocked=3 open=11 cash=2268.81 equity=10018.04
[SIGNAL] 2026-08-05T14:39:59+00:00 BANKTRY BUY fill_at=2026-08-05T14:44:59+00:00 features={"close": 2.181, "bb_lower": 2.1857072838594385, "bb_upper": 2.2375308113786567, "rsi": 33.85241045229378, "mfi": 42.89804012865397, "atr": 0.020714285714285716}
[BLOCKED] BANKTRY reason=max_layers
[SIGNAL] 2026-08-05T14:39:59+00:00 PUMPTRY BUY fill_at=2026-08-05T14:44:59+00:00 features={"close": 0.1181, "bb_lower": 0.11818374335616277, "bb_upper": 0.1230638756914563, "rsi": 30.914745471417135, "mfi": 35.17339873480229, "atr": 0.0009999999999999979}
[BLOCKED] PUMPTRY reason=max_layers
[SCAN] 2026-08-05T14:44:59+00:00 symbols=20 signals=2 entries=0 exits=0 blocked=2 open=11 cash=2268.81 equity=10046.12
[SCAN] 2026-08-05T14:49:59+00:00 symbols=20 signals=0 entries=0 exits=0 blocked=0 open=11 cash=2268.81 equity=10024.74
[SCAN] 2026-08-05T14:54:59+00:00 symbols=20 signals=0 entries=0 exits=0 blocked=0 open=11 cash=2268.81 equity=10027.39
[SCAN] 2026-08-05T14:59:59+00:00 symbols=20 signals=0 entries=0 exits=0 blocked=0 open=11 cash=2268.81 equity=10038.29
[SCAN] 2026-08-05T15:04:59+00:00 symbols=20 signals=0 entries=0 exits=1 blocked=0 open=10 cash=2801.08 equity=10010.33
[SCAN] 2026-08-05T15:09:59+00:00 symbols=20 signals=0 entries=0 exits=0 blocked=0 open=10 cash=2801.08 equity=10015.54
[EXIT] 2026-08-05T15:14:59+00:00 HEITRY reason=fixed_take_profit pnl=+22.53 cash=3547.32
[SCAN] 2026-08-05T15:14:59+00:00 symbols=20 signals=0 entries=0 exits=1 blocked=0 open=9 cash=3547.32 equity=10051.23
[SIGNAL] 2026-08-05T15:14:59+00:00 HOMETRY BUY fill_at=2026-08-05T15:19:59+00:00 features={"close": 0.447, "bb_lower": 0.448291684488176, "bb_upper": 0.4820892678927765, "rsi": 34.81078075117843, "mfi": 43.40255242834736, "atr": 0.008071428571428563}
[ENTRY] 2026-08-05T15:19:59+00:00 HOMETRY layer=1 value=354.20 entry=0.45033750 cash=3192.59
[SCAN] 2026-08-05T15:19:59+00:00 symbols=20 signals=1 entries=1 exits=0 blocked=1 open=10 cash=3192.59 equity=10037.48
[SIGNAL] 2026-08-05T15:19:59+00:00 COTITRY BUY fill_at=2026-08-05T15:24:59+00:00 features={"close": 0.6216, "bb_lower": 0.6230685676342257, "bb_upper": 0.6460171466514887, "rsi": 27.204460756536648, "mfi": 35.55863833480642, "atr": 0.0038357142857142834}
[BLOCKED] COTITRY reason=max_layers
[SCAN] 2026-08-05T15:24:59+00:00 symbols=20 signals=1 entries=0 exits=0 blocked=1 open=10 cash=3192.59 equity=10031.86
[SIGNAL] 2026-08-05T15:24:59+00:00 COTITRY BUY fill_at=2026-08-05T15:29:59+00:00 features={"close": 0.6199, "bb_lower": 0.6209667038266182, "bb_upper": 0.6459856771257628, "rsi": 25.603709976289977, "mfi": 29.447372397225593, "atr": 0.003942857142857137}
[BLOCKED] COTITRY reason=max_layers
[SIGNAL] 2026-08-05T15:24:59+00:00 KAITOTRY BUY fill_at=2026-08-05T15:29:59+00:00 features={"close": 43.612, "bb_lower": 43.71482649465966, "bb_upper": 44.64384017200699, "rsi": 35.95714383238331, "mfi": 15.086311956523275, "atr": 0.21114285714285788}
[ENTRY] 2026-08-05T15:29:59+00:00 KAITOTRY layer=2 value=318.78 entry=43.71376075 cash=2873.33
[SCAN] 2026-08-05T15:29:59+00:00 symbols=20 signals=2 entries=1 exits=0 blocked=1 open=10 cash=2873.33 equity=10040.37
[SCAN] 2026-08-05T15:34:59+00:00 symbols=20 signals=0 entries=0 exits=0 blocked=0 open=10 cash=2873.33 equity=10029.02
[SIGNAL] 2026-08-05T15:34:59+00:00 COTITRY BUY fill_at=2026-08-05T15:39:59+00:00 features={"close": 0.6171, "bb_lower": 0.617517872557088, "bb_upper": 0.6448249845857692, "rsi": 23.504370873770227, "mfi": 26.0694756450675, "atr": 0.004464285714285698}
[BLOCKED] COTITRY reason=max_layers
[SCAN] 2026-08-05T15:39:59+00:00 symbols=20 signals=1 entries=0 exits=0 blocked=2 open=10 cash=2873.33 equity=10028.90
[SCAN] 2026-08-05T15:44:59+00:00 symbols=20 signals=0 entries=0 exits=0 blocked=1 open=10 cash=2873.33 equity=10030.86
[SIGNAL] 2026-08-05T15:44:59+00:00 COTITRY BUY fill_at=2026-08-05T15:49:59+00:00 features={"close": 0.6128, "bb_lower": 0.6135163391723563, "bb_upper": 0.643826517970501, "rsi": 19.941643452036644, "mfi": 30.56794248025784, "atr": 0.004678571428571413}
[BLOCKED] COTITRY reason=max_layers
[SCAN] 2026-08-05T15:49:59+00:00 symbols=20 signals=1 entries=0 exits=0 blocked=2 open=10 cash=2873.33 equity=10017.85
[SCAN] 2026-08-05T15:54:59+00:00 symbols=20 signals=0 entries=0 exits=0 blocked=0 open=10 cash=2873.33 equity=10003.20
[SCAN] 2026-08-05T15:59:59+00:00 symbols=20 signals=0 entries=0 exits=0 blocked=2 open=10 cash=2873.33 equity=10009.90
[SCAN] 2026-08-05T16:04:59+00:00 symbols=20 signals=0 entries=0 exits=0 blocked=0 open=10 cash=2873.33 equity=10034.41
[SCAN] 2026-08-05T16:09:59+00:00 symbols=20 signals=0 entries=0 exits=0 blocked=0 open=10 cash=2873.33 equity=10037.34
[SCAN] 2026-08-05T16:14:59+00:00 symbols=20 signals=0 entries=0 exits=0 blocked=0 open=10 cash=2873.33 equity=10041.98
[SCAN] 2026-08-05T16:19:59+00:00 symbols=20 signals=0 entries=0 exits=0 blocked=0 open=10 cash=2873.33 equity=10044.56
[SIGNAL] 2026-08-05T16:19:59+00:00 VICTRY BUY fill_at=2026-08-05T16:24:59+00:00 features={"close": 1.69, "bb_lower": 1.6941823166346723, "bb_upper": 1.782008159555804, "rsi": 38.48141987458127, "mfi": 41.80649791857819, "atr": 0.030000000000000027}
[ENTRY] 2026-08-05T16:24:59+00:00 VICTRY layer=1 value=286.90 entry=1.69126750 cash=2586.00
[SCAN] 2026-08-05T16:24:59+00:00 symbols=20 signals=1 entries=1 exits=0 blocked=0 open=11 cash=2586.00 equity=10033.68
[SCAN] 2026-08-05T16:29:59+00:00 symbols=20 signals=0 entries=0 exits=0 blocked=2 open=11 cash=2586.00 equity=10044.04
[SCAN] 2026-08-05T16:34:59+00:00 symbols=20 signals=0 entries=0 exits=0 blocked=0 open=11 cash=2586.00 equity=10055.70
[SCAN] 2026-08-05T16:39:59+00:00 symbols=20 signals=0 entries=0 exits=0 blocked=0 open=11 cash=2586.00 equity=10043.09
[SCAN] 2026-08-05T16:44:59+00:00 symbols=20 signals=0 entries=0 exits=0 blocked=0 open=11 cash=2586.00 equity=10027.78
[SIGNAL] 2026-08-05T16:44:59+00:00 VICTRY BUY fill_at=2026-08-05T16:49:59+00:00 features={"close": 1.66, "bb_lower": 1.66544023445067, "bb_upper": 1.7774169084064726, "rsi": 34.788644015734235, "mfi": 28.25255808949153, "atr": 0.02642857142857145}
[ENTRY] 2026-08-05T16:49:59+00:00 VICTRY layer=2 value=258.21 entry=1.66124500 cash=2327.40
[SCAN] 2026-08-05T16:49:59+00:00 symbols=20 signals=1 entries=1 exits=0 blocked=0 open=11 cash=2327.40 equity=10011.81
[SIGNAL] 2026-08-05T16:49:59+00:00 VICTRY BUY fill_at=2026-08-05T16:54:59+00:00 features={"close": 1.65, "bb_lower": 1.654155978042718, "bb_upper": 1.7801297362429958, "rsi": 33.15498360067488, "mfi": 28.390408908060238, "atr": 0.025714285714285738}
[BLOCKED] VICTRY reason=max_layers
[EXIT] 2026-08-05T16:54:59+00:00 BANKTRY reason=fixed_stop_loss pnl=-79.31 cash=3496.76
[SCAN] 2026-08-05T16:54:59+00:00 symbols=20 signals=1 entries=0 exits=1 blocked=1 open=10 cash=3496.76 equity=10007.94
[SCAN] 2026-08-05T16:59:59+00:00 symbols=20 signals=0 entries=0 exits=0 blocked=0 open=10 cash=3496.76 equity=10008.65
[SIGNAL] 2026-08-05T16:59:59+00:00 PUMPTRY BUY fill_at=2026-08-05T17:04:59+00:00 features={"close": 0.1172, "bb_lower": 0.1172052699316018, "bb_upper": 0.12006139673506488, "rsi": 34.39379606591616, "mfi": 33.206365687153095, "atr": 0.0006714285714285688}
[ENTRY] 2026-08-05T17:04:59+00:00 PUMPTRY layer=1 value=486.44 entry=0.11718782 cash=4384.49
[SCAN] 2026-08-05T17:04:59+00:00 symbols=20 signals=1 entries=1 exits=2 blocked=0 open=9 cash=4384.49 equity=10009.03
[SIGNAL] 2026-08-05T17:04:59+00:00 BANKTRY BUY fill_at=2026-08-05T17:09:59+00:00 features={"close": 2.135, "bb_lower": 2.140018656145525, "bb_upper": 2.212076581949713, "rsi": 31.960517004623995, "mfi": 50.94423590214808, "atr": 0.021785714285714297}
[ENTRY] 2026-08-05T17:09:59+00:00 BANKTRY layer=1 value=437.79 entry=2.13660125 cash=3946.04
[SIGNAL] 2026-08-05T17:04:59+00:00 PIXELTRY BUY fill_at=2026-08-05T17:09:59+00:00 features={"close": 0.2, "bb_lower": 0.2000184525262033, "bb_upper": 0.20245773794998725, "rsi": 30.62284352332982, "mfi": 31.573011219906675, "atr": 0.00035714285714285747}
[BLOCKED] PIXELTRY reason=max_layers
[SCAN] 2026-08-05T17:09:59+00:00 symbols=20 signals=2 entries=1 exits=0 blocked=1 open=10 cash=3946.04 equity=10023.45
[SCAN] 2026-08-05T17:14:59+00:00 symbols=20 signals=0 entries=0 exits=0 blocked=0 open=10 cash=3946.04 equity=10011.16
[SIGNAL] 2026-08-05T17:14:59+00:00 BANKTRY BUY fill_at=2026-08-05T17:19:59+00:00 features={"close": 2.113, "bb_lower": 2.1246231163585296, "bb_upper": 2.2188054550700427, "rsi": 27.883607690695925, "mfi": 45.969929255489376, "atr": 0.025714285714285707}
[ENTRY] 2026-08-05T17:19:59+00:00 BANKTRY layer=2 value=394.01 entry=2.11658625 cash=3551.43
[EXIT] 2026-08-05T17:19:59+00:00 HOMETRY reason=fixed_take_profit pnl=+11.04 cash=3917.21
[SCAN] 2026-08-05T17:19:59+00:00 symbols=20 signals=1 entries=1 exits=1 blocked=0 open=9 cash=3917.21 equity=10001.00
[SIGNAL] 2026-08-05T17:19:59+00:00 COTITRY BUY fill_at=2026-08-05T17:24:59+00:00 features={"close": 0.6095, "bb_lower": 0.6099032664455855, "bb_upper": 0.6215348287925098, "rsi": 36.10563195863649, "mfi": 52.259214479188785, "atr": 0.0038285714285714112}
[BLOCKED] COTITRY reason=max_layers
[EXIT] 2026-08-05T17:24:59+00:00 VICTRY reason=fixed_take_profit pnl=+16.99 cash=4480.13
[SCAN] 2026-08-05T17:24:59+00:00 symbols=20 signals=1 entries=0 exits=1 blocked=1 open=8 cash=4480.13 equity=10010.48
[SIGNAL] 2026-08-05T17:24:59+00:00 BANKTRY BUY fill_at=2026-08-05T17:29:59+00:00 features={"close": 2.099, "bb_lower": 2.105657952822993, "bb_upper": 2.2261515709865316, "rsi": 26.523338549995785, "mfi": 34.73512629470376, "atr": 0.027214285714285698}
[BLOCKED] BANKTRY reason=max_layers
[SIGNAL] 2026-08-05T17:24:59+00:00 PUMPTRY BUY fill_at=2026-08-05T17:29:59+00:00 features={"close": 0.1161, "bb_lower": 0.116134584740352, "bb_upper": 0.12006541525964796, "rsi": 28.530918856103256, "mfi": 30.751554510290077, "atr": 0.0006071428571428557}
[ENTRY] 2026-08-05T17:29:59+00:00 PUMPTRY layer=2 value=447.34 entry=0.11608700 cash=4032.12
[SCAN] 2026-08-05T17:29:59+00:00 symbols=20 signals=2 entries=1 exits=0 blocked=1 open=8 cash=4032.12 equity=10014.63
[SIGNAL] 2026-08-05T17:29:59+00:00 PUMPTRY BUY fill_at=2026-08-05T17:34:59+00:00 features={"close": 0.116, "bb_lower": 0.11605874122009883, "bb_upper": 0.11970316354180592, "rsi": 27.907354286242068, "mfi": 17.594149564916776, "atr": 0.0005857142857142847}
[BLOCKED] PUMPTRY reason=max_layers
[SCAN] 2026-08-05T17:34:59+00:00 symbols=20 signals=1 entries=0 exits=0 blocked=1 open=8 cash=4032.12 equity=10012.49
[SCAN] 2026-08-05T17:39:59+00:00 symbols=20 signals=0 entries=0 exits=0 blocked=0 open=8 cash=4032.12 equity=10034.63
[SCAN] 2026-08-05T17:44:59+00:00 symbols=20 signals=0 entries=0 exits=0 blocked=0 open=8 cash=4032.12 equity=10035.98
[SCAN] 2026-08-05T17:49:59+00:00 symbols=20 signals=0 entries=0 exits=0 blocked=0 open=8 cash=4032.12 equity=10026.95
[SCAN] 2026-08-05T17:54:59+00:00 symbols=20 signals=0 entries=0 exits=0 blocked=0 open=8 cash=4032.12 equity=10026.13
[SCAN] 2026-08-05T17:59:59+00:00 symbols=20 signals=0 entries=0 exits=0 blocked=0 open=8 cash=4032.12 equity=10025.79
[SCAN] 2026-08-05T18:04:59+00:00 symbols=20 signals=0 entries=0 exits=0 blocked=0 open=8 cash=4032.12 equity=10025.62
[SCAN] 2026-08-05T18:09:59+00:00 symbols=20 signals=0 entries=0 exits=0 blocked=0 open=8 cash=4032.12 equity=10012.58
[SIGNAL] 2026-08-05T18:09:59+00:00 RETRY BUY fill_at=2026-08-05T18:14:59+00:00 features={"close": 18.29, "bb_lower": 18.325371962318002, "bb_upper": 18.49462803768199, "rsi": 36.70219350288112, "mfi": 30.82330771584172, "atr": 0.03642857142857129}
[BLOCKED] RETRY reason=max_layers
[SCAN] 2026-08-05T18:14:59+00:00 symbols=20 signals=1 entries=0 exits=0 blocked=1 open=8 cash=4032.12 equity=10000.56
[SIGNAL] 2026-08-05T18:14:59+00:00 ALLOTRY BUY fill_at=2026-08-05T18:19:59+00:00 features={"close": 12.18, "bb_lower": 12.194821816870466, "bb_upper": 12.349940087891436, "rsi": 33.339971023832305, "mfi": 24.84856706702783, "atr": 0.03785714285714281}
[BLOCKED] ALLOTRY reason=max_layers
[SCAN] 2026-08-05T18:19:59+00:00 symbols=20 signals=1 entries=0 exits=0 blocked=1 open=8 cash=4032.12 equity=9997.65
[SIGNAL] 2026-08-05T18:19:59+00:00 RETRY BUY fill_at=2026-08-05T18:24:59+00:00 features={"close": 18.24, "bb_lower": 18.28167082240751, "bb_upper": 18.51356727283058, "rsi": 34.26242700798886, "mfi": 18.036710184475922, "atr": 0.039285714285714333}
[BLOCKED] RETRY reason=max_layers
[SIGNAL] 2026-08-05T18:19:59+00:00 MITOTRY BUY fill_at=2026-08-05T18:24:59+00:00 features={"close": 1.073, "bb_lower": 1.0732749019197365, "bb_upper": 1.0848203361755016, "rsi": 35.12603636105446, "mfi": 49.42629431405427, "atr": 0.0021428571428571764}
[ENTRY] 2026-08-05T18:24:59+00:00 MITOTRY layer=1 value=402.61 entry=1.07480550 cash=3628.91
[SIGNAL] 2026-08-05T18:19:59+00:00 ALLOTRY BUY fill_at=2026-08-05T18:24:59+00:00 features={"close": 12.14, "bb_lower": 12.170924302169626, "bb_upper": 12.356694745449422, "rsi": 29.00491329538781, "mfi": 25.211685565420126, "atr": 0.03642857142857129}
[BLOCKED] ALLOTRY reason=max_layers
[SCAN] 2026-08-05T18:24:59+00:00 symbols=20 signals=3 entries=1 exits=0 blocked=2 open=9 cash=3628.91 equity=10006.80
[SIGNAL] 2026-08-05T18:24:59+00:00 ALLOTRY BUY fill_at=2026-08-05T18:29:59+00:00 features={"close": 12.14, "bb_lower": 12.151412264810443, "bb_upper": 12.360016306618128, "rsi": 29.004913269536814, "mfi": 23.706827280549774, "atr": 0.034285714285714065}
[BLOCKED] ALLOTRY reason=max_layers
[SCAN] 2026-08-05T18:29:59+00:00 symbols=20 signals=1 entries=0 exits=0 blocked=1 open=9 cash=3628.91 equity=9999.96
[SIGNAL] 2026-08-05T18:29:59+00:00 RETRY BUY fill_at=2026-08-05T18:34:59+00:00 features={"close": 18.2, "bb_lower": 18.2331208439048, "bb_upper": 18.53640296561901, "rsi": 33.13132212426977, "mfi": 12.471656429224225, "atr": 0.041428571428571814}
[BLOCKED] RETRY reason=max_layers
[SCAN] 2026-08-05T18:34:59+00:00 symbols=20 signals=1 entries=0 exits=0 blocked=1 open=9 cash=3628.91 equity=10013.90
[SIGNAL] 2026-08-05T18:34:59+00:00 RETRY BUY fill_at=2026-08-05T18:39:59+00:00 features={"close": 18.2, "bb_lower": 18.206414126931072, "bb_upper": 18.547871587354642, "rsi": 33.13132209156963, "mfi": 12.011653053321908, "atr": 0.04071428571428574}
[BLOCKED] RETRY reason=max_layers
[SIGNAL] 2026-08-05T18:34:59+00:00 EDENTRY BUY fill_at=2026-08-05T18:39:59+00:00 features={"close": 1.834, "bb_lower": 1.8341742581141374, "bb_upper": 1.8575400276001497, "rsi": 38.68161753423967, "mfi": 14.777076233053734, "atr": 0.0035714285714286064}
[ENTRY] 2026-08-05T18:39:59+00:00 EDENTRY layer=1 value=362.35 entry=1.83537550 cash=3266.02
[SCAN] 2026-08-05T18:39:59+00:00 symbols=20 signals=2 entries=1 exits=0 blocked=1 open=10 cash=3266.02 equity=10027.45
[SIGNAL] 2026-08-05T18:39:59+00:00 LATRY BUY fill_at=2026-08-05T18:44:59+00:00 features={"close": 2.15, "bb_lower": 2.15064713516601, "bb_upper": 2.1836385791197026, "rsi": 33.50214681769194, "mfi": 17.567750186999987, "atr": 0.004285714285714289}
[ENTRY] 2026-08-05T18:44:59+00:00 LATRY layer=1 value=326.11 entry=2.15161250 cash=2939.41
[SCAN] 2026-08-05T18:44:59+00:00 symbols=20 signals=1 entries=1 exits=0 blocked=0 open=11 cash=2939.41 equity=10026.05
[SCAN] 2026-08-05T18:49:59+00:00 symbols=20 signals=0 entries=0 exits=0 blocked=0 open=11 cash=2939.41 equity=10028.08
[SCAN] 2026-08-05T18:54:59+00:00 symbols=20 signals=0 entries=0 exits=0 blocked=0 open=11 cash=2939.41 equity=10008.97
[SCAN] 2026-08-05T18:59:59+00:00 symbols=20 signals=0 entries=0 exits=0 blocked=0 open=11 cash=2939.41 equity=9994.57
[SCAN] 2026-08-05T19:04:59+00:00 symbols=20 signals=0 entries=0 exits=0 blocked=1 open=11 cash=2939.41 equity=10002.42
[SIGNAL] 2026-08-05T19:04:59+00:00 HOMETRY BUY fill_at=2026-08-05T19:09:59+00:00 features={"close": 0.452, "bb_lower": 0.45220488532139635, "bb_upper": 0.46855701944050854, "rsi": 38.97878870472796, "mfi": 29.550804752681046, "atr": 0.005357142857142854}
[ENTRY] 2026-08-05T19:09:59+00:00 HOMETRY layer=1 value=293.50 entry=0.45133825 cash=2645.47
[SCAN] 2026-08-05T19:09:59+00:00 symbols=20 signals=1 entries=1 exits=0 blocked=1 open=12 cash=2645.47 equity=10001.48
[SCAN] 2026-08-05T19:14:59+00:00 symbols=20 signals=0 entries=0 exits=0 blocked=0 open=12 cash=2645.47 equity=9988.49
[SCAN] 2026-08-05T19:19:59+00:00 symbols=20 signals=0 entries=0 exits=0 blocked=0 open=12 cash=2645.47 equity=9987.75
[SIGNAL] 2026-08-05T19:19:59+00:00 HOMETRY BUY fill_at=2026-08-05T19:24:59+00:00 features={"close": 0.449, "bb_lower": 0.4493254736702622, "bb_upper": 0.46981738347259494, "rsi": 35.71999158453079, "mfi": 17.92750285409508, "atr": 0.004642857142857147}
[ENTRY] 2026-08-05T19:24:59+00:00 HOMETRY layer=2 value=264.15 entry=0.44933675 cash=2380.93
[SCAN] 2026-08-05T19:24:59+00:00 symbols=20 signals=1 entries=1 exits=0 blocked=1 open=12 cash=2380.93 equity=9977.49
[SIGNAL] 2026-08-05T19:24:59+00:00 BANKTRY BUY fill_at=2026-08-05T19:29:59+00:00 features={"close": 2.067, "bb_lower": 2.073324598057417, "bb_upper": 2.1470563543235346, "rsi": 30.926004254597203, "mfi": 39.60122702651191, "atr": 0.02121428571428576}
[BLOCKED] BANKTRY reason=max_layers
[SIGNAL] 2026-08-05T19:24:59+00:00 HOMETRY BUY fill_at=2026-08-05T19:29:59+00:00 features={"close": 0.447, "bb_lower": 0.44737583742009096, "bb_upper": 0.47043368638943267, "rsi": 33.384356690691405, "mfi": 11.546693960999548, "atr": 0.004428571428571433}
[BLOCKED] HOMETRY reason=max_layers
[SCAN] 2026-08-05T19:29:59+00:00 symbols=20 signals=2 entries=0 exits=0 blocked=2 open=12 cash=2380.93 equity=9973.96
[SIGNAL] 2026-08-05T19:29:59+00:00 BANKTRY BUY fill_at=2026-08-05T19:34:59+00:00 features={"close": 2.061, "bb_lower": 2.065540897949218, "bb_upper": 2.1484591020507815, "rsi": 29.537174178113503, "mfi": 33.06967179370355, "atr": 0.02200000000000005}
[BLOCKED] BANKTRY reason=max_layers
[SCAN] 2026-08-05T19:34:59+00:00 symbols=20 signals=1 entries=0 exits=0 blocked=1 open=12 cash=2380.93 equity=9958.96
[SIGNAL] 2026-08-05T19:34:59+00:00 HOMETRY BUY fill_at=2026-08-05T19:39:59+00:00 features={"close": 0.439, "bb_lower": 0.4424902386318413, "bb_upper": 0.47217642803482535, "rsi": 26.743657234412268, "mfi": 10.066268554819459, "atr": 0.005071428571428576}
[BLOCKED] HOMETRY reason=max_layers
[SCAN] 2026-08-05T19:39:59+00:00 symbols=20 signals=1 entries=0 exits=0 blocked=1 open=12 cash=2380.93 equity=9952.79
[SIGNAL] 2026-08-05T19:39:59+00:00 BANKTRY BUY fill_at=2026-08-05T19:44:59+00:00 features={"close": 2.051, "bb_lower": 2.0510089905573228, "bb_upper": 2.1528957713474393, "rsi": 27.470887242856577, "mfi": 29.641148925358507, "atr": 0.022785714285714315}
[BLOCKED] BANKTRY reason=max_layers
[SIGNAL] 2026-08-05T19:39:59+00:00 HOMETRY BUY fill_at=2026-08-05T19:44:59+00:00 features={"close": 0.439, "bb_lower": 0.4398932134977653, "bb_upper": 0.47210678650223475, "rsi": 26.743657239514846, "mfi": 9.277481696443203, "atr": 0.00528571428571429}
[BLOCKED] HOMETRY reason=max_layers
[SCAN] 2026-08-05T19:44:59+00:00 symbols=20 signals=2 entries=0 exits=0 blocked=2 open=12 cash=2380.93 equity=9955.38
[SIGNAL] 2026-08-05T19:44:59+00:00 HEITRY BUY fill_at=2026-08-05T19:49:59+00:00 features={"close": 11.755, "bb_lower": 11.907161372157788, "bb_upper": 14.685791008794592, "rsi": 38.676768076317494, "mfi": 53.463661246194384, "atr": 0.6627857142857143}
[ENTRY] 2026-08-05T19:49:59+00:00 HEITRY layer=1 value=237.74 entry=11.77682600 cash=2142.83
[SIGNAL] 2026-08-05T19:44:59+00:00 HOMETRY BUY fill_at=2026-08-05T19:49:59+00:00 features={"close": 0.435, "bb_lower": 0.43715823138358856, "bb_upper": 0.4715084352830782, "rsi": 23.657441188638245, "mfi": 9.057840223314969, "atr": 0.005428571428571434}
[BLOCKED] HOMETRY reason=max_layers
[SIGNAL] 2026-08-05T19:44:59+00:00 ALLOTRY BUY fill_at=2026-08-05T19:49:59+00:00 features={"close": 12.05, "bb_lower": 12.051380964279765, "bb_upper": 12.241952369053568, "rsi": 33.280916948870114, "mfi": 39.412919267607144, "atr": 0.0535714285714287}
[BLOCKED] ALLOTRY reason=max_layers
[EXIT] 2026-08-05T19:49:59+00:00 HEITRY reason=fixed_take_profit pnl=+7.41 cash=2388.34
[SCAN] 2026-08-05T19:49:59+00:00 symbols=20 signals=3 entries=1 exits=1 blocked=2 open=12 cash=2388.34 equity=9947.54
[SIGNAL] 2026-08-05T19:49:59+00:00 HOMETRY BUY fill_at=2026-08-05T19:54:59+00:00 features={"close": 0.433, "bb_lower": 0.4340822170586696, "bb_upper": 0.47153683056037804, "rsi": 22.265653197580605, "mfi": 8.783225130785695, "atr": 0.0053571428571428615}
[BLOCKED] HOMETRY reason=max_layers
[SIGNAL] 2026-08-05T19:49:59+00:00 ALLOTRY BUY fill_at=2026-08-05T19:54:59+00:00 features={"close": 12.01, "bb_lower": 12.030776636858858, "bb_upper": 12.242556696474475, "rsi": 29.611490795039387, "mfi": 28.862323489082584, "atr": 0.0535714285714287}
[BLOCKED] ALLOTRY reason=max_layers
[SCAN] 2026-08-05T19:54:59+00:00 symbols=20 signals=2 entries=0 exits=0 blocked=2 open=12 cash=2388.34 equity=9944.91
[SIGNAL] 2026-08-05T19:54:59+00:00 HOMETRY BUY fill_at=2026-08-05T19:59:59+00:00 features={"close": 0.429, "bb_lower": 0.430634779022003, "bb_upper": 0.47155569716847323, "rsi": 19.748387559190704, "mfi": 6.822880883156074, "atr": 0.005500000000000005}
[BLOCKED] HOMETRY reason=max_layers
[SIGNAL] 2026-08-05T19:54:59+00:00 ALLOTRY BUY fill_at=2026-08-05T19:59:59+00:00 features={"close": 12.0, "bb_lower": 12.011141640174431, "bb_upper": 12.242191693158903, "rsi": 28.752899226580666, "mfi": 24.72859536808238, "atr": 0.05285714285714287}
[BLOCKED] ALLOTRY reason=max_layers
[SIGNAL] 2026-08-05T19:54:59+00:00 VANRYTRY BUY fill_at=2026-08-05T19:59:59+00:00 features={"close": 0.1684, "bb_lower": 0.16871657962009787, "bb_upper": 0.17334056323704503, "rsi": 37.32875364105462, "mfi": 51.65570931193881, "atr": 0.0015428571428571375}
[ENTRY] 2026-08-05T19:59:59+00:00 VANRYTRY layer=1 value=238.48 entry=0.16852630 cash=2149.50
[SCAN] 2026-08-05T19:59:59+00:00 symbols=20 signals=3 entries=1 exits=0 blocked=2 open=13 cash=2149.50 equity=9942.90
[SCAN] 2026-08-05T20:04:59+00:00 symbols=20 signals=0 entries=0 exits=0 blocked=0 open=13 cash=2149.50 equity=9940.64
[SCAN] 2026-08-05T20:09:59+00:00 symbols=20 signals=0 entries=0 exits=0 blocked=0 open=13 cash=2149.50 equity=9946.41
[SIGNAL] 2026-08-05T20:09:59+00:00 BIOTRY BUY fill_at=2026-08-05T20:14:59+00:00 features={"close": 1.147, "bb_lower": 1.149679792266405, "bb_upper": 1.1627963982097855, "rsi": 33.19682162345343, "mfi": 36.74481825366283, "atr": 0.003785714285714265}
[ENTRY] 2026-08-05T20:14:59+00:00 BIOTRY layer=1 value=214.63 entry=1.14886100 cash=1934.55
[SCAN] 2026-08-05T20:14:59+00:00 symbols=20 signals=1 entries=1 exits=0 blocked=0 open=14 cash=1934.55 equity=9943.86
[SIGNAL] 2026-08-05T20:14:59+00:00 BIOTRY BUY fill_at=2026-08-05T20:19:59+00:00 features={"close": 1.147, "bb_lower": 1.148129773139181, "bb_upper": 1.163394036384628, "rsi": 33.19682166090456, "mfi": 38.22883890845206, "atr": 0.003857142857142829}
[ENTRY] 2026-08-05T20:19:59+00:00 BIOTRY layer=2 value=193.17 entry=1.14786025 cash=1741.10
[EXIT] 2026-08-05T20:19:59+00:00 HOMETRY reason=fixed_stop_loss pnl=-35.47 cash=2264.11
[SCAN] 2026-08-05T20:19:59+00:00 symbols=20 signals=1 entries=1 exits=1 blocked=0 open=13 cash=2264.11 equity=9941.46
[SCAN] 2026-08-05T20:24:59+00:00 symbols=20 signals=0 entries=0 exits=0 blocked=0 open=13 cash=2264.11 equity=9946.68
[SCAN] 2026-08-05T20:29:59+00:00 symbols=20 signals=0 entries=0 exits=0 blocked=0 open=13 cash=2264.11 equity=9975.25
[EXIT] 2026-08-05T20:34:59+00:00 PIXELTRY reason=bb_mfi_v3_signal_exit pnl=+5.92 cash=3062.47
[SIGNAL] 2026-08-05T20:29:59+00:00 BIOTRY BUY fill_at=2026-08-05T20:34:59+00:00 features={"close": 1.145, "bb_lower": 1.1451297176187358, "bb_upper": 1.1642988538098353, "rsi": 32.616438974963955, "mfi": 40.289561805235245, "atr": 0.003428571428571416}
[BLOCKED] BIOTRY reason=max_layers
[SCAN] 2026-08-05T20:34:59+00:00 symbols=20 signals=1 entries=0 exits=1 blocked=1 open=12 cash=3062.47 equity=9974.27
[SCAN] 2026-08-05T20:39:59+00:00 symbols=20 signals=0 entries=0 exits=0 blocked=0 open=12 cash=3062.47 equity=9974.89
[SCAN] 2026-08-05T20:44:59+00:00 symbols=20 signals=0 entries=0 exits=0 blocked=0 open=12 cash=3062.47 equity=9979.87
[SCAN] 2026-08-05T20:49:59+00:00 symbols=20 signals=0 entries=0 exits=0 blocked=0 open=12 cash=3062.47 equity=9982.57
[SCAN] 2026-08-05T20:54:59+00:00 symbols=20 signals=0 entries=0 exits=0 blocked=0 open=12 cash=3062.47 equity=9987.43
[SCAN] 2026-08-05T20:59:59+00:00 symbols=20 signals=0 entries=0 exits=0 blocked=0 open=12 cash=3062.47 equity=9987.36
[SCAN] 2026-08-05T21:04:59+00:00 symbols=20 signals=0 entries=0 exits=3 blocked=0 open=9 cash=4223.94 equity=9975.04
[SCAN] 2026-08-05T21:09:59+00:00 symbols=20 signals=0 entries=0 exits=0 blocked=1 open=9 cash=4223.94 equity=9972.53
[SCAN] 2026-08-05T21:14:59+00:00 symbols=20 signals=0 entries=0 exits=0 blocked=1 open=9 cash=4223.94 equity=9985.24
[SCAN] 2026-08-05T21:19:59+00:00 symbols=20 signals=0 entries=0 exits=0 blocked=1 open=9 cash=4223.94 equity=9977.55
[SCAN] 2026-08-05T21:24:59+00:00 symbols=20 signals=0 entries=0 exits=0 blocked=0 open=9 cash=4223.94 equity=9983.91
[SCAN] 2026-08-05T21:29:59+00:00 symbols=20 signals=0 entries=0 exits=0 blocked=1 open=9 cash=4223.94 equity=9970.84
[SCAN] 2026-08-05T21:34:59+00:00 symbols=20 signals=0 entries=0 exits=0 blocked=1 open=9 cash=4223.94 equity=9974.11
[EXIT] 2026-08-05T21:39:59+00:00 ALLOTRY reason=bb_mfi_v3_signal_exit pnl=-5.49 cash=5180.36
[SCAN] 2026-08-05T21:39:59+00:00 symbols=20 signals=0 entries=0 exits=1 blocked=0 open=8 cash=5180.36 equity=9962.23
[SIGNAL] 2026-08-05T21:39:59+00:00 BANKTRY BUY fill_at=2026-08-05T21:44:59+00:00 features={"close": 2.042, "bb_lower": 2.042629653441547, "bb_upper": 2.0896560608441677, "rsi": 34.46460106491513, "mfi": 33.927935907598, "atr": 0.015571428571428634}
[BLOCKED] BANKTRY reason=max_layers
[SCAN] 2026-08-05T21:44:59+00:00 symbols=20 signals=1 entries=0 exits=0 blocked=1 open=8 cash=5180.36 equity=9959.81
[SCAN] 2026-08-05T21:49:59+00:00 symbols=20 signals=0 entries=0 exits=0 blocked=0 open=8 cash=5180.36 equity=9955.47
[SCAN] 2026-08-05T21:54:59+00:00 symbols=20 signals=0 entries=0 exits=0 blocked=0 open=8 cash=5180.36 equity=9962.81
[SCAN] 2026-08-05T21:59:59+00:00 symbols=20 signals=0 entries=0 exits=0 blocked=0 open=8 cash=5180.36 equity=9970.50
[SCAN] 2026-08-05T22:04:59+00:00 symbols=20 signals=0 entries=0 exits=0 blocked=0 open=8 cash=5180.36 equity=9967.35
[SCAN] 2026-08-05T22:09:59+00:00 symbols=20 signals=0 entries=0 exits=0 blocked=0 open=8 cash=5180.36 equity=9967.74
[SCAN] 2026-08-05T22:14:59+00:00 symbols=20 signals=0 entries=0 exits=0 blocked=1 open=8 cash=5180.36 equity=9963.60
[SIGNAL] 2026-08-05T22:14:59+00:00 HOMETRY BUY fill_at=2026-08-05T22:19:59+00:00 features={"close": 0.411, "bb_lower": 0.41788246677955354, "bb_upper": 0.44221277131568426, "rsi": 25.58599432034744, "mfi": 13.621934133358394, "atr": 0.005428571428571429}
[ENTRY] 2026-08-05T22:19:59+00:00 HOMETRY layer=1 value=517.26 entry=0.41130825 cash=4662.33
[SCAN] 2026-08-05T22:19:59+00:00 symbols=20 signals=1 entries=1 exits=0 blocked=2 open=9 cash=4662.33 equity=9966.27
[SIGNAL] 2026-08-05T22:19:59+00:00 HOMETRY BUY fill_at=2026-08-05T22:24:59+00:00 features={"close": 0.414, "bb_lower": 0.415300755710532, "bb_upper": 0.4431754347656584, "rsi": 30.866648271240734, "mfi": 13.343362831217576, "atr": 0.005714285714285715}
[ENTRY] 2026-08-05T22:24:59+00:00 HOMETRY layer=2 value=465.53 entry=0.41330975 cash=4196.09
[SCAN] 2026-08-05T22:24:59+00:00 symbols=20 signals=1 entries=1 exits=0 blocked=1 open=9 cash=4196.09 equity=9985.22
[EXIT] 2026-08-05T22:29:59+00:00 COTITRY reason=bb_mfi_v3_signal_exit pnl=-20.84 cash=4847.20
[SCAN] 2026-08-05T22:29:59+00:00 symbols=20 signals=0 entries=0 exits=1 blocked=0 open=8 cash=4847.20 equity=9979.17
[SCAN] 2026-08-05T22:34:59+00:00 symbols=20 signals=0 entries=0 exits=0 blocked=0 open=8 cash=4847.20 equity=9978.54
[SCAN] 2026-08-05T22:39:59+00:00 symbols=20 signals=0 entries=0 exits=0 blocked=0 open=8 cash=4847.20 equity=9968.02
[SCAN] 2026-08-05T22:44:59+00:00 symbols=20 signals=0 entries=0 exits=0 blocked=0 open=8 cash=4847.20 equity=9972.68
[SCAN] 2026-08-05T22:49:59+00:00 symbols=20 signals=0 entries=0 exits=0 blocked=0 open=8 cash=4847.20 equity=9967.56
[SCAN] 2026-08-05T22:54:59+00:00 symbols=20 signals=0 entries=0 exits=0 blocked=0 open=8 cash=4847.20 equity=9965.82
[SCAN] 2026-08-05T22:59:59+00:00 symbols=20 signals=0 entries=0 exits=0 blocked=0 open=8 cash=4847.20 equity=9974.16
[SCAN] 2026-08-05T23:04:59+00:00 symbols=20 signals=0 entries=0 exits=0 blocked=0 open=8 cash=4847.20 equity=9974.53
[SCAN] 2026-08-05T23:09:59+00:00 symbols=20 signals=0 entries=0 exits=0 blocked=0 open=8 cash=4847.20 equity=9949.47
[SCAN] 2026-08-05T23:14:59+00:00 symbols=20 signals=0 entries=0 exits=0 blocked=1 open=8 cash=4847.20 equity=9942.58
[SCAN] 2026-08-05T23:19:59+00:00 symbols=20 signals=0 entries=0 exits=0 blocked=0 open=8 cash=4847.20 equity=9954.64
[SCAN] 2026-08-05T23:24:59+00:00 symbols=20 signals=0 entries=0 exits=0 blocked=0 open=8 cash=4847.20 equity=9947.51
[SCAN] 2026-08-05T23:29:59+00:00 symbols=20 signals=0 entries=0 exits=0 blocked=0 open=8 cash=4847.20 equity=9949.51
[SCAN] 2026-08-05T23:34:59+00:00 symbols=20 signals=0 entries=0 exits=0 blocked=0 open=8 cash=4847.20 equity=9944.83
[SCAN] 2026-08-05T23:39:59+00:00 symbols=20 signals=0 entries=0 exits=0 blocked=1 open=8 cash=4847.20 equity=9961.83
[SCAN] 2026-08-05T23:44:59+00:00 symbols=20 signals=0 entries=0 exits=0 blocked=0 open=8 cash=4847.20 equity=9961.53
[SCAN] 2026-08-05T23:49:59+00:00 symbols=20 signals=0 entries=0 exits=0 blocked=0 open=8 cash=4847.20 equity=9953.22
[SIGNAL] 2026-08-05T23:49:59+00:00 BIOTRY BUY fill_at=2026-08-05T23:54:59+00:00 features={"close": 1.141, "bb_lower": 1.1420721885358653, "bb_upper": 1.1487849543212771, "rsi": 36.533000839431224, "mfi": 34.93596570600893, "atr": 0.0023571428571428194}
[BLOCKED] BIOTRY reason=max_layers
[SCAN] 2026-08-05T23:54:59+00:00 symbols=20 signals=1 entries=0 exits=0 blocked=2 open=8 cash=4847.20 equity=9955.35
[SIGNAL] 2026-08-05T23:54:59+00:00 BIOTRY BUY fill_at=2026-08-05T23:59:59+00:00 features={"close": 1.141, "bb_lower": 1.1416129476219758, "bb_upper": 1.14905371904469, "rsi": 36.53300095931716, "mfi": 35.39175433982079, "atr": 0.001999999999999954}
[BLOCKED] BIOTRY reason=max_layers
[SCAN] 2026-08-05T23:59:59+00:00 symbols=20 signals=1 entries=0 exits=0 blocked=1 open=8 cash=4847.20 equity=9946.36
[SCAN] 2026-08-06T00:04:59+00:00 symbols=20 signals=0 entries=0 exits=1 blocked=0 open=7 cash=5250.85 equity=9967.34
[SIGNAL] 2026-08-06T00:04:59+00:00 HEITRY BUY fill_at=2026-08-06T00:09:59+00:00 features={"close": 11.907, "bb_lower": 12.296141546074537, "bb_upper": 13.396144168211176, "rsi": 30.501329838311023, "mfi": 35.45486110628015, "atr": 0.43850000000000006}
[ENTRY] 2026-08-06T00:09:59+00:00 HEITRY layer=1 value=524.30 entry=11.94895500 cash=4725.76
[SCAN] 2026-08-06T00:09:59+00:00 symbols=20 signals=1 entries=1 exits=0 blocked=1 open=8 cash=4725.76 equity=9976.15
[SIGNAL] 2026-08-06T00:09:59+00:00 HEITRY BUY fill_at=2026-08-06T00:14:59+00:00 features={"close": 12.133, "bb_lower": 12.18223055392949, "bb_upper": 13.425578969880029, "rsi": 36.65579232452349, "mfi": 40.74279122710529, "atr": 0.43042857142857155}
[ENTRY] 2026-08-06T00:14:59+00:00 HEITRY layer=2 value=471.87 entry=12.15510950 cash=4253.18
[SIGNAL] 2026-08-06T00:09:59+00:00 BANKTRY BUY fill_at=2026-08-06T00:14:59+00:00 features={"close": 2.024, "bb_lower": 2.025477350292892, "bb_upper": 2.058713125897583, "rsi": 38.62240624751822, "mfi": 36.40992779305493, "atr": 0.012142857142857106}
[BLOCKED] BANKTRY reason=max_layers
[SCAN] 2026-08-06T00:14:59+00:00 symbols=20 signals=2 entries=1 exits=0 blocked=1 open=8 cash=4253.18 equity=10012.28
[SCAN] 2026-08-06T00:19:59+00:00 symbols=20 signals=0 entries=0 exits=0 blocked=0 open=8 cash=4253.18 equity=9998.16
[EXIT] 2026-08-06T00:24:59+00:00 ZROTRY reason=bb_mfi_v3_signal_exit pnl=-7.19 cash=4975.00
[SIGNAL] 2026-08-06T00:19:59+00:00 BANKTRY BUY fill_at=2026-08-06T00:24:59+00:00 features={"close": 2.021, "bb_lower": 2.021892892088376, "bb_upper": 2.058392822197339, "rsi": 39.60523270553442, "mfi": 32.535076854761314, "atr": 0.013714285714285663}
[BLOCKED] BANKTRY reason=max_layers
[EXIT] 2026-08-06T00:24:59+00:00 HEITRY reason=fixed_take_profit pnl=+31.05 cash=6003.71
[SCAN] 2026-08-06T00:24:59+00:00 symbols=20 signals=1 entries=0 exits=2 blocked=1 open=6 cash=6003.71 equity=10002.19
[SIGNAL] 2026-08-06T00:24:59+00:00 VICTRY BUY fill_at=2026-08-06T00:29:59+00:00 features={"close": 1.7, "bb_lower": 1.7078818589218265, "bb_upper": 1.7835467125067455, "rsi": 36.10009072571757, "mfi": 20.33956838673491, "atr": 0.01571428571428573}
[ENTRY] 2026-08-06T00:29:59+00:00 VICTRY layer=1 value=599.47 entry=1.70127500 cash=5403.34
[SCAN] 2026-08-06T00:29:59+00:00 symbols=20 signals=1 entries=1 exits=0 blocked=0 open=7 cash=5403.34 equity=10011.63
[SCAN] 2026-08-06T00:34:59+00:00 symbols=20 signals=0 entries=0 exits=0 blocked=0 open=7 cash=5403.34 equity=9988.75
[SIGNAL] 2026-08-06T00:34:59+00:00 VICTRY BUY fill_at=2026-08-06T00:39:59+00:00 features={"close": 1.7, "bb_lower": 1.7013919594362992, "bb_upper": 1.7757508977065586, "rsi": 37.652375729917836, "mfi": 25.125229543004323, "atr": 0.017857142857142873}
[ENTRY] 2026-08-06T00:39:59+00:00 VICTRY layer=2 value=539.52 entry=1.70127500 cash=4863.01
[SIGNAL] 2026-08-06T00:34:59+00:00 PUMPTRY BUY fill_at=2026-08-06T00:39:59+00:00 features={"close": 0.1138, "bb_lower": 0.11382420382933661, "bb_upper": 0.11526151045637764, "rsi": 35.90508644966856, "mfi": 48.231696520008285, "atr": 0.0002642857142857149}
[BLOCKED] PUMPTRY reason=max_layers
[SCAN] 2026-08-06T00:39:59+00:00 symbols=20 signals=2 entries=1 exits=0 blocked=1 open=7 cash=4863.01 equity=9978.09
[EXIT] 2026-08-06T00:44:59+00:00 EDENTRY reason=bb_mfi_v3_signal_exit pnl=-2.02 cash=5223.87
[SIGNAL] 2026-08-06T00:39:59+00:00 PUMPTRY BUY fill_at=2026-08-06T00:44:59+00:00 features={"close": 0.1137, "bb_lower": 0.11370186368215038, "bb_upper": 0.11526956488927817, "rsi": 34.62576708645376, "mfi": 46.78037245754672, "atr": 0.00027857142857142864}
[BLOCKED] PUMPTRY reason=max_layers
[SCAN] 2026-08-06T00:44:59+00:00 symbols=20 signals=1 entries=0 exits=1 blocked=1 open=6 cash=5223.87 equity=9998.33
[SIGNAL] 2026-08-06T00:44:59+00:00 PUMPTRY BUY fill_at=2026-08-06T00:49:59+00:00 features={"close": 0.1136, "bb_lower": 0.11360737250707637, "bb_upper": 0.11521167511197125, "rsi": 33.33889236087488, "mfi": 49.40454812829793, "atr": 0.0002785714285714276}
[BLOCKED] PUMPTRY reason=max_layers
[EXIT] 2026-08-06T00:49:59+00:00 VICTRY reason=fixed_take_profit pnl=+35.51 cash=6400.09
[SCAN] 2026-08-06T00:49:59+00:00 symbols=20 signals=1 entries=0 exits=1 blocked=1 open=5 cash=6400.09 equity=10038.89
[SCAN] 2026-08-06T00:54:59+00:00 symbols=20 signals=0 entries=0 exits=0 blocked=0 open=5 cash=6400.09 equity=10040.77
[SCAN] 2026-08-06T00:59:59+00:00 symbols=20 signals=0 entries=0 exits=0 blocked=0 open=5 cash=6400.09 equity=10059.73
[EXIT] 2026-08-06T01:04:59+00:00 RETRY reason=bb_mfi_v3_signal_exit pnl=+2.36 cash=6939.06
[EXIT] 2026-08-06T01:04:59+00:00 HOMETRY reason=fixed_take_profit pnl=+30.64 cash=7953.97
[SCAN] 2026-08-06T01:04:59+00:00 symbols=20 signals=0 entries=0 exits=2 blocked=0 open=3 cash=7953.97 equity=10066.93
[SCAN] 2026-08-06T01:09:59+00:00 symbols=20 signals=0 entries=0 exits=0 blocked=0 open=3 cash=7953.97 equity=10066.16
[SIGNAL] 2026-08-06T01:09:59+00:00 BANKTRY BUY fill_at=2026-08-06T01:14:59+00:00 features={"close": 2.009, "bb_lower": 2.0110240811781748, "bb_upper": 2.0464997283456348, "rsi": 35.44790866024731, "mfi": 31.846181510169785, "atr": 0.014500000000000084}
[BLOCKED] BANKTRY reason=max_layers
[SCAN] 2026-08-06T01:14:59+00:00 symbols=20 signals=1 entries=0 exits=0 blocked=1 open=3 cash=7953.97 equity=10059.89
[SIGNAL] 2026-08-06T01:14:59+00:00 BANKTRY BUY fill_at=2026-08-06T01:19:59+00:00 features={"close": 2.005, "bb_lower": 2.0074226343563204, "bb_upper": 2.046767841834156, "rsi": 33.620578284922686, "mfi": 25.00632617474666, "atr": 0.01335714285714294}
[BLOCKED] BANKTRY reason=max_layers
[SCAN] 2026-08-06T01:19:59+00:00 symbols=20 signals=1 entries=0 exits=0 blocked=1 open=3 cash=7953.97 equity=10062.07
[SCAN] 2026-08-06T01:24:59+00:00 symbols=20 signals=0 entries=0 exits=0 blocked=1 open=3 cash=7953.97 equity=10069.18
[SCAN] 2026-08-06T01:29:59+00:00 symbols=20 signals=0 entries=0 exits=0 blocked=0 open=3 cash=7953.97 equity=10062.16
[SCAN] 2026-08-06T01:34:59+00:00 symbols=20 signals=0 entries=0 exits=0 blocked=1 open=3 cash=7953.97 equity=10057.86
[SCAN] 2026-08-06T01:39:59+00:00 symbols=20 signals=0 entries=0 exits=0 blocked=1 open=3 cash=7953.97 equity=10057.48
[SCAN] 2026-08-06T01:44:59+00:00 symbols=20 signals=0 entries=0 exits=0 blocked=1 open=3 cash=7953.97 equity=10063.99
[SCAN] 2026-08-06T01:49:59+00:00 symbols=20 signals=0 entries=0 exits=0 blocked=1 open=3 cash=7953.97 equity=10075.95
[SCAN] 2026-08-06T01:54:59+00:00 symbols=20 signals=0 entries=0 exits=0 blocked=1 open=3 cash=7953.97 equity=10071.94
[SIGNAL] 2026-08-06T01:54:59+00:00 KAITOTRY BUY fill_at=2026-08-06T01:59:59+00:00 features={"close": 44.31, "bb_lower": 44.322777932749105, "bb_upper": 44.93407921010805, "rsi": 41.67174412276609, "mfi": 35.52220681630837, "atr": 0.17735714285714213}
[ENTRY] 2026-08-06T01:59:59+00:00 KAITOTRY layer=1 value=794.21 entry=44.37125350 cash=7158.57
[SCAN] 2026-08-06T01:59:59+00:00 symbols=20 signals=1 entries=1 exits=0 blocked=0 open=4 cash=7158.57 equity=10059.36
[SIGNAL] 2026-08-06T01:59:59+00:00 BIOTRY BUY fill_at=2026-08-06T02:04:59+00:00 features={"close": 1.136, "bb_lower": 1.1376534820225421, "bb_upper": 1.1534893751203148, "rsi": 33.06540836935656, "mfi": 47.588260885306006, "atr": 0.0027857142857142803}
[BLOCKED] BIOTRY reason=max_layers
[SCAN] 2026-08-06T02:04:59+00:00 symbols=20 signals=1 entries=0 exits=0 blocked=2 open=4 cash=7158.57 equity=10063.77
[SIGNAL] 2026-08-06T02:04:59+00:00 ENATRY BUY fill_at=2026-08-06T02:09:59+00:00 features={"close": 4.338, "bb_lower": 4.344688709053, "bb_upper": 4.39826367189938, "rsi": 30.37765753823375, "mfi": 24.67048915751566, "atr": 0.00907142857142862}
[ENTRY] 2026-08-06T02:09:59+00:00 ENATRY layer=1 value=714.78 entry=4.34125350 cash=6442.71
[SIGNAL] 2026-08-06T02:04:59+00:00 ALLOTRY BUY fill_at=2026-08-06T02:09:59+00:00 features={"close": 12.48, "bb_lower": 12.48895404824149, "bb_upper": 12.711998332710893, "rsi": 39.73530363864829, "mfi": 42.952987654975466, "atr": 0.06999999999999991}
[ENTRY] 2026-08-06T02:09:59+00:00 ALLOTRY layer=1 value=643.31 entry=12.48936000 cash=5798.44
[EXIT] 2026-08-06T02:09:59+00:00 BANKTRY reason=fixed_stop_loss pnl=-52.91 cash=6578.58
[SCAN] 2026-08-06T02:09:59+00:00 symbols=20 signals=2 entries=2 exits=1 blocked=1 open=5 cash=6578.58 equity=10049.04
[SIGNAL] 2026-08-06T02:09:59+00:00 COTITRY BUY fill_at=2026-08-06T02:14:59+00:00 features={"close": 0.6133, "bb_lower": 0.614919683558553, "bb_upper": 0.6271850783462088, "rsi": 37.22529590071546, "mfi": 36.07739640525655, "atr": 0.003821428571428579}
[ENTRY] 2026-08-06T02:14:59+00:00 COTITRY layer=1 value=656.87 entry=0.61365990 cash=5920.72
[SIGNAL] 2026-08-06T02:09:59+00:00 ENATRY BUY fill_at=2026-08-06T02:14:59+00:00 features={"close": 4.339, "bb_lower": 4.340079473442592, "bb_upper": 4.398206240843122, "rsi": 31.25340957789811, "mfi": 32.91279833266741, "atr": 0.009000000000000088}
[ENTRY] 2026-08-06T02:14:59+00:00 ENATRY layer=2 value=591.19 entry=4.34725800 cash=5328.65
[SIGNAL] 2026-08-06T02:09:59+00:00 BIOTRY BUY fill_at=2026-08-06T02:14:59+00:00 features={"close": 1.133, "bb_lower": 1.1348389106350665, "bb_upper": 1.153637279841124, "rsi": 31.67995039054874, "mfi": 35.358566085764224, "atr": 0.0034285714285713998}
[BLOCKED] BIOTRY reason=max_layers
[SIGNAL] 2026-08-06T02:09:59+00:00 ALLOTRY BUY fill_at=2026-08-06T02:14:59+00:00 features={"close": 12.39, "bb_lower": 12.446965391693325, "bb_upper": 12.732082227354294, "rsi": 33.93102077399814, "mfi": 34.46521483499164, "atr": 0.0749999999999998}
[ENTRY] 2026-08-06T02:14:59+00:00 ALLOTRY layer=2 value=532.07 entry=12.41930750 cash=4795.79
[SCAN] 2026-08-06T02:14:59+00:00 symbols=20 signals=4 entries=3 exits=0 blocked=1 open=6 cash=4795.79 equity=10040.60
[SIGNAL] 2026-08-06T02:14:59+00:00 COTITRY BUY fill_at=2026-08-06T02:19:59+00:00 features={"close": 0.6097, "bb_lower": 0.6128098963879989, "bb_upper": 0.6283901036120012, "rsi": 32.46403894415012, "mfi": 30.736325483227375, "atr": 0.003871428571428581}
[ENTRY] 2026-08-06T02:19:59+00:00 COTITRY layer=2 value=478.86 entry=0.61065765 cash=4316.21
[SIGNAL] 2026-08-06T02:14:59+00:00 BANKTRY BUY fill_at=2026-08-06T02:19:59+00:00 features={"close": 1.993, "bb_lower": 1.9955892051266648, "bb_upper": 2.0338393663019065, "rsi": 33.05035783749979, "mfi": 25.701725684939433, "atr": 0.01500000000000006}
[ENTRY] 2026-08-06T02:19:59+00:00 BANKTRY layer=1 value=430.97 entry=1.99349400 cash=3884.59
[SIGNAL] 2026-08-06T02:14:59+00:00 ALLOTRY BUY fill_at=2026-08-06T02:19:59+00:00 features={"close": 12.42, "bb_lower": 12.423316987333559, "bb_upper": 12.742397298380729, "rsi": 37.24146072627495, "mfi": 31.99779162695218, "atr": 0.0742857142857141}
[BLOCKED] ALLOTRY reason=max_layers
[SCAN] 2026-08-06T02:19:59+00:00 symbols=20 signals=3 entries=2 exits=0 blocked=1 open=7 cash=3884.59 equity=10034.92
[SIGNAL] 2026-08-06T02:19:59+00:00 COTITRY BUY fill_at=2026-08-06T02:24:59+00:00 features={"close": 0.6082, "bb_lower": 0.6106138630053711, "bb_upper": 0.6294432798517716, "rsi": 30.692053091026608, "mfi": 29.6365006126576, "atr": 0.003807142857142866}
[BLOCKED] COTITRY reason=max_layers
[SIGNAL] 2026-08-06T02:19:59+00:00 ENATRY BUY fill_at=2026-08-06T02:24:59+00:00 features={"close": 4.329, "bb_lower": 4.331452936455613, "bb_upper": 4.39778515878248, "rsi": 29.519003317466243, "mfi": 23.582869118112257, "atr": 0.009785714285714318}
[BLOCKED] ENATRY reason=max_layers
[SIGNAL] 2026-08-06T02:19:59+00:00 SAHARATRY BUY fill_at=2026-08-06T02:24:59+00:00 features={"close": 0.3974, "bb_lower": 0.3976796142142278, "bb_upper": 0.40181562388101033, "rsi": 36.70551233990863, "mfi": 53.6234225417293, "atr": 0.0011571428571428646}
[ENTRY] 2026-08-06T02:24:59+00:00 SAHARATRY layer=1 value=387.88 entry=0.39669730 cash=3496.13
[SCAN] 2026-08-06T02:24:59+00:00 symbols=20 signals=3 entries=1 exits=0 blocked=2 open=8 cash=3496.13 equity=10022.85
[SIGNAL] 2026-08-06T02:24:59+00:00 ENATRY BUY fill_at=2026-08-06T02:29:59+00:00 features={"close": 4.283, "bb_lower": 4.3126303447552825, "bb_upper": 4.407560131435192, "rsi": 18.79630180847974, "mfi": 10.111036279878505, "atr": 0.013857142857142854}
[BLOCKED] ENATRY reason=max_layers
[SCAN] 2026-08-06T02:29:59+00:00 symbols=20 signals=1 entries=0 exits=0 blocked=2 open=8 cash=3496.13 equity=10014.87
[SIGNAL] 2026-08-06T02:29:59+00:00 ENATRY BUY fill_at=2026-08-06T02:34:59+00:00 features={"close": 4.292, "bb_lower": 4.301104659640189, "bb_upper": 4.411085816550286, "rsi": 24.601437520323103, "mfi": 8.674393824430766, "atr": 0.014999999999999934}
[BLOCKED] ENATRY reason=max_layers
[SCAN] 2026-08-06T02:34:59+00:00 symbols=20 signals=1 entries=0 exits=0 blocked=3 open=8 cash=3496.13 equity=10025.36
[SCAN] 2026-08-06T02:39:59+00:00 symbols=20 signals=0 entries=0 exits=0 blocked=2 open=8 cash=3496.13 equity=10023.40
[SCAN] 2026-08-06T02:44:59+00:00 symbols=20 signals=0 entries=0 exits=0 blocked=0 open=8 cash=3496.13 equity=10009.10
[SIGNAL] 2026-08-06T02:44:59+00:00 FIDATRY BUY fill_at=2026-08-06T02:49:59+00:00 features={"close": 0.921, "bb_lower": 0.9224668333955777, "bb_upper": 0.9447712618425177, "rsi": 35.87586078112054, "mfi": 32.23831867648512, "atr": 0.005785714285714251}
[ENTRY] 2026-08-06T02:49:59+00:00 FIDATRY layer=1 value=349.09 entry=0.92169075 cash=3146.51
[SIGNAL] 2026-08-06T02:44:59+00:00 BANKTRY BUY fill_at=2026-08-06T02:49:59+00:00 features={"close": 1.982, "bb_lower": 1.9823722408038595, "bb_upper": 2.02715156871995, "rsi": 30.736989381826575, "mfi": 37.5449572898722, "atr": 0.014714285714285727}
[ENTRY] 2026-08-06T02:49:59+00:00 BANKTRY layer=2 value=314.18 entry=1.98448725 cash=2831.86
[SCAN] 2026-08-06T02:49:59+00:00 symbols=20 signals=2 entries=2 exits=0 blocked=0 open=9 cash=2831.86 equity=10009.22
[SIGNAL] 2026-08-06T02:49:59+00:00 FIDATRY BUY fill_at=2026-08-06T02:54:59+00:00 features={"close": 0.918, "bb_lower": 0.9198767809238851, "bb_upper": 0.9458375047904005, "rsi": 33.61901113167917, "mfi": 30.334438138012757, "atr": 0.006071428571428545}
[ENTRY] 2026-08-06T02:54:59+00:00 FIDATRY layer=2 value=282.76 entry=0.91768775 cash=2548.68
[SCAN] 2026-08-06T02:54:59+00:00 symbols=20 signals=1 entries=1 exits=0 blocked=0 open=9 cash=2548.68 equity=9998.16
[SIGNAL] 2026-08-06T02:54:59+00:00 FIDATRY BUY fill_at=2026-08-06T02:59:59+00:00 features={"close": 0.914, "bb_lower": 0.9166899004640202, "bb_upper": 0.9472148614407417, "rsi": 30.818645626332795, "mfi": 28.07978216246515, "atr": 0.00592857142857141}
[BLOCKED] FIDATRY reason=max_layers
[SCAN] 2026-08-06T02:59:59+00:00 symbols=20 signals=1 entries=0 exits=0 blocked=1 open=9 cash=2548.68 equity=9999.57
[SCAN] 2026-08-06T03:04:59+00:00 symbols=20 signals=0 entries=0 exits=0 blocked=0 open=9 cash=2548.68 equity=9962.51
[SIGNAL] 2026-08-06T03:04:59+00:00 PUMPTRY BUY fill_at=2026-08-06T03:09:59+00:00 features={"close": 0.1101, "bb_lower": 0.1104696985365552, "bb_upper": 0.11633030146344478, "rsi": 27.809641998742336, "mfi": 3.5558609123313545, "atr": 0.0009928571428571436}
[BLOCKED] PUMPTRY reason=max_layers
[SCAN] 2026-08-06T03:09:59+00:00 symbols=20 signals=1 entries=0 exits=0 blocked=2 open=9 cash=2548.68 equity=9968.95
[SCAN] 2026-08-06T03:14:59+00:00 symbols=20 signals=0 entries=0 exits=0 blocked=1 open=9 cash=2548.68 equity=9996.77
[SCAN] 2026-08-06T03:19:59+00:00 symbols=20 signals=0 entries=0 exits=0 blocked=1 open=9 cash=2548.68 equity=10035.24
[EXIT] 2026-08-06T03:24:59+00:00 COTITRY reason=fixed_take_profit pnl=+35.40 cash=3721.52
[SCAN] 2026-08-06T03:24:59+00:00 symbols=20 signals=0 entries=0 exits=1 blocked=0 open=8 cash=3721.52 equity=10054.96
[SIGNAL] 2026-08-06T03:24:59+00:00 FIDATRY BUY fill_at=2026-08-06T03:29:59+00:00 features={"close": 0.902, "bb_lower": 0.9020493197956851, "bb_upper": 0.9447125849662197, "rsi": 24.25421231206265, "mfi": 17.676850338730546, "atr": 0.006071428571428577}
[BLOCKED] FIDATRY reason=max_layers
[SIGNAL] 2026-08-06T03:24:59+00:00 HOMETRY BUY fill_at=2026-08-06T03:29:59+00:00 features={"close": 0.421, "bb_lower": 0.42311811666129523, "bb_upper": 0.45173902619584766, "rsi": 33.83021243679853, "mfi": 50.76485435007118, "atr": 0.005642857142857148}
[ENTRY] 2026-08-06T03:29:59+00:00 HOMETRY layer=1 value=371.59 entry=0.42031500 cash=3349.37
[SCAN] 2026-08-06T03:29:59+00:00 symbols=20 signals=2 entries=1 exits=0 blocked=1 open=9 cash=3349.37 equity=10047.28
[EXIT] 2026-08-06T03:34:59+00:00 BANKTRY reason=fixed_take_profit pnl=+23.23 cash=4118.87
[SCAN] 2026-08-06T03:34:59+00:00 symbols=20 signals=0 entries=0 exits=1 blocked=0 open=8 cash=4118.87 equity=10055.26
[SIGNAL] 2026-08-06T03:34:59+00:00 FIDATRY BUY fill_at=2026-08-06T03:39:59+00:00 features={"close": 0.894, "bb_lower": 0.8943429207764073, "bb_upper": 0.9456570792235928, "rsi": 20.051551277753376, "mfi": 5.584706069958429, "atr": 0.006142857142857149}
[BLOCKED] FIDATRY reason=max_layers
[SCAN] 2026-08-06T03:39:59+00:00 symbols=20 signals=1 entries=0 exits=0 blocked=1 open=8 cash=4118.87 equity=10063.63
[SCAN] 2026-08-06T03:44:59+00:00 symbols=20 signals=0 entries=0 exits=0 blocked=0 open=8 cash=4118.87 equity=10070.03
[SIGNAL] 2026-08-06T03:44:59+00:00 ALLOTRY BUY fill_at=2026-08-06T03:49:59+00:00 features={"close": 12.33, "bb_lower": 12.330584691084635, "bb_upper": 12.522748642248697, "rsi": 36.73808915554736, "mfi": 28.30450515570982, "atr": 0.06500000000000014}
[BLOCKED] ALLOTRY reason=max_layers
[EXIT] 2026-08-06T03:49:59+00:00 HOMETRY reason=fixed_take_profit pnl=+11.58 cash=4502.60
[SCAN] 2026-08-06T03:49:59+00:00 symbols=20 signals=1 entries=0 exits=1 blocked=1 open=7 cash=4502.60 equity=10067.92
[SIGNAL] 2026-08-06T03:49:59+00:00 ALLOTRY BUY fill_at=2026-08-06T03:54:59+00:00 features={"close": 12.31, "bb_lower": 12.313593296737864, "bb_upper": 12.523549560404994, "rsi": 35.12823946100191, "mfi": 28.034977702068133, "atr": 0.06500000000000002}
[BLOCKED] ALLOTRY reason=max_layers
[SCAN] 2026-08-06T03:54:59+00:00 symbols=20 signals=1 entries=0 exits=0 blocked=1 open=7 cash=4502.60 equity=10063.16
[SIGNAL] 2026-08-06T03:54:59+00:00 ALLOTRY BUY fill_at=2026-08-06T03:59:59+00:00 features={"close": 12.28, "bb_lower": 12.293280434939756, "bb_upper": 12.533386231726912, "rsi": 32.79314124525793, "mfi": 27.706490058998938, "atr": 0.060714285714285686}
[BLOCKED] ALLOTRY reason=max_layers
[SCAN] 2026-08-06T03:59:59+00:00 symbols=20 signals=1 entries=0 exits=0 blocked=1 open=7 cash=4502.60 equity=10070.99
[SIGNAL] 2026-08-06T03:59:59+00:00 VICTRY BUY fill_at=2026-08-06T04:04:59+00:00 features={"close": 1.62, "bb_lower": 1.6202502442194482, "bb_upper": 1.736892612923409, "rsi": 28.58041400349468, "mfi": 28.03547924689225, "atr": 0.0214285714285714}
[ENTRY] 2026-08-06T04:04:59+00:00 VICTRY layer=1 value=488.49 entry=1.62121500 cash=4403.02
[SCAN] 2026-08-06T04:04:59+00:00 symbols=20 signals=1 entries=1 exits=1 blocked=0 open=7 cash=4403.02 equity=10063.58
[SIGNAL] 2026-08-06T04:04:59+00:00 KAITOTRY BUY fill_at=2026-08-06T04:09:59+00:00 features={"close": 43.943, "bb_lower": 44.13304339361291, "bb_upper": 45.154289939720414, "rsi": 28.93991433336639, "mfi": 13.351908645607239, "atr": 0.23257142857142807}
[ENTRY] 2026-08-06T04:09:59+00:00 KAITOTRY layer=2 value=439.64 entry=44.06302250 cash=3962.72
[SCAN] 2026-08-06T04:09:59+00:00 symbols=20 signals=1 entries=1 exits=0 blocked=0 open=7 cash=3962.72 equity=10064.96
[SIGNAL] 2026-08-06T04:09:59+00:00 VICTRY BUY fill_at=2026-08-06T04:14:59+00:00 features={"close": 1.6, "bb_lower": 1.6050076955661199, "bb_upper": 1.7302303996719757, "rsi": 25.08232951243309, "mfi": 20.308186851059588, "atr": 0.0221428571428571}
[ENTRY] 2026-08-06T04:14:59+00:00 VICTRY layer=2 value=395.68 entry=1.61120750 cash=3566.44
[SCAN] 2026-08-06T04:14:59+00:00 symbols=20 signals=1 entries=1 exits=0 blocked=0 open=7 cash=3566.44 equity=10087.57
[EXIT] 2026-08-06T04:19:59+00:00 BIOTRY reason=bb_mfi_v3_signal_exit pnl=+4.36 cash=3979.21
[SCAN] 2026-08-06T04:19:59+00:00 symbols=20 signals=0 entries=0 exits=1 blocked=0 open=6 cash=3979.21 equity=10113.08
[SIGNAL] 2026-08-06T04:19:59+00:00 VANRYTRY BUY fill_at=2026-08-06T04:24:59+00:00 features={"close": 0.1654, "bb_lower": 0.16723646176076706, "bb_upper": 0.17422068109637584, "rsi": 33.8711366341098, "mfi": 38.443710112256, "atr": 0.0018071428571428563}
[ENTRY] 2026-08-06T04:24:59+00:00 VANRYTRY layer=1 value=397.32 entry=0.16562413 cash=3581.29
[SCAN] 2026-08-06T04:24:59+00:00 symbols=20 signals=1 entries=1 exits=0 blocked=0 open=7 cash=3581.29 equity=10116.32
[EXIT] 2026-08-06T04:29:59+00:00 VICTRY reason=fixed_take_profit pnl=+27.56 cash=4494.34
[SCAN] 2026-08-06T04:29:59+00:00 symbols=20 signals=0 entries=0 exits=1 blocked=0 open=6 cash=4494.34 equity=10129.10
[EXIT] 2026-08-06T04:34:59+00:00 ENATRY reason=bb_mfi_v3_signal_exit pnl=+9.21 cash=5811.49
[SCAN] 2026-08-06T04:34:59+00:00 symbols=20 signals=0 entries=0 exits=1 blocked=0 open=5 cash=5811.49 equity=10128.80
[SCAN] 2026-08-06T04:39:59+00:00 symbols=20 signals=0 entries=0 exits=0 blocked=0 open=5 cash=5811.49 equity=10119.20
[SCAN] 2026-08-06T04:44:59+00:00 symbols=20 signals=0 entries=0 exits=0 blocked=1 open=5 cash=5811.49 equity=10108.99
[SCAN] 2026-08-06T04:49:59+00:00 symbols=20 signals=0 entries=0 exits=0 blocked=1 open=5 cash=5811.49 equity=10107.77
[SCAN] 2026-08-06T04:54:59+00:00 symbols=20 signals=0 entries=0 exits=0 blocked=2 open=5 cash=5811.49 equity=10103.08
[EXIT] 2026-08-06T04:59:59+00:00 VANRYTRY reason=fixed_take_profit pnl=+12.39 cash=6221.79
[SCAN] 2026-08-06T04:59:59+00:00 symbols=20 signals=0 entries=0 exits=1 blocked=3 open=4 cash=6221.79 equity=10100.22
[SIGNAL] 2026-08-06T04:59:59+00:00 SAHARATRY BUY fill_at=2026-08-06T05:04:59+00:00 features={"close": 0.3918, "bb_lower": 0.3951857380953125, "bb_upper": 0.40280473809516365, "rsi": 19.11691982085246, "mfi": 43.24076590429, "atr": 0.0010571428571428637}
[ENTRY] 2026-08-06T05:04:59+00:00 SAHARATRY layer=1 value=621.25 entry=0.39169355 cash=5599.61
[SCAN] 2026-08-06T05:04:59+00:00 symbols=20 signals=1 entries=1 exits=0 blocked=0 open=5 cash=5599.61 equity=10111.89
[SIGNAL] 2026-08-06T05:04:59+00:00 HOMETRY BUY fill_at=2026-08-06T05:09:59+00:00 features={"close": 0.414, "bb_lower": 0.41456043703597134, "bb_upper": 0.4358205153449809, "rsi": 33.83987205263702, "mfi": 31.30751304603207, "atr": 0.005142857142857148}
[ENTRY] 2026-08-06T05:09:59+00:00 HOMETRY layer=1 value=559.12 entry=0.41330975 cash=5039.65
[SIGNAL] 2026-08-06T05:04:59+00:00 SAHARATRY BUY fill_at=2026-08-06T05:09:59+00:00 features={"close": 0.393, "bb_lower": 0.3941266595142451, "bb_upper": 0.4031304833428978, "rsi": 27.038202927730154, "mfi": 31.774659308826386, "atr": 0.001207142857142859}
[ENTRY] 2026-08-06T05:09:59+00:00 SAHARATRY layer=2 value=503.21 entry=0.39559648 cash=4535.69
[SCAN] 2026-08-06T05:09:59+00:00 symbols=20 signals=2 entries=2 exits=0 blocked=0 open=6 cash=4535.69 equity=10117.27
[SIGNAL] 2026-08-06T05:09:59+00:00 HOMETRY BUY fill_at=2026-08-06T05:14:59+00:00 features={"close": 0.413, "bb_lower": 0.41308865844867027, "bb_upper": 0.43653038917037734, "rsi": 32.94166388605605, "mfi": 29.54670817926872, "atr": 0.005142857142857148}
[ENTRY] 2026-08-06T05:14:59+00:00 HOMETRY layer=2 value=452.89 entry=0.41330975 cash=4082.12
[SCAN] 2026-08-06T05:14:59+00:00 symbols=20 signals=1 entries=1 exits=0 blocked=0 open=6 cash=4082.12 equity=10112.10
[SCAN] 2026-08-06T05:19:59+00:00 symbols=20 signals=0 entries=0 exits=0 blocked=1 open=6 cash=4082.12 equity=10105.91
[SCAN] 2026-08-06T05:24:59+00:00 symbols=20 signals=0 entries=0 exits=0 blocked=0 open=6 cash=4082.12 equity=10119.63
[SCAN] 2026-08-06T05:29:59+00:00 symbols=20 signals=0 entries=0 exits=0 blocked=0 open=6 cash=4082.12 equity=10113.78
[SIGNAL] 2026-08-06T05:29:59+00:00 LATRY BUY fill_at=2026-08-06T05:34:59+00:00 features={"close": 2.12, "bb_lower": 2.1248814210796305, "bb_upper": 2.155118578920369, "rsi": 30.178614422485893, "mfi": 55.40976545395937, "atr": 0.0042857142857143215}
[ENTRY] 2026-08-06T05:34:59+00:00 LATRY layer=1 value=407.60 entry=2.13159750 cash=3673.91
[SCAN] 2026-08-06T05:34:59+00:00 symbols=20 signals=1 entries=1 exits=0 blocked=1 open=7 cash=3673.91 equity=10119.21
[SIGNAL] 2026-08-06T05:34:59+00:00 BANKTRY BUY fill_at=2026-08-06T05:39:59+00:00 features={"close": 1.96, "bb_lower": 1.9880563897385282, "bb_upper": 2.1186102769281385, "rsi": 28.62339911135551, "mfi": 32.92777251179983, "atr": 0.028999999999999897}
[ENTRY] 2026-08-06T05:39:59+00:00 BANKTRY layer=1 value=366.84 entry=1.96147000 cash=3306.52
[SCAN] 2026-08-06T05:39:59+00:00 symbols=20 signals=1 entries=1 exits=0 blocked=0 open=8 cash=3306.52 equity=10097.22
[SIGNAL] 2026-08-06T05:39:59+00:00 LATRY BUY fill_at=2026-08-06T05:44:59+00:00 features={"close": 2.11, "bb_lower": 2.1179821789695783, "bb_upper": 2.158208297220898, "rsi": 30.7514186256348, "mfi": 45.27532440181736, "atr": 0.00642857142857145}
[ENTRY] 2026-08-06T05:44:59+00:00 LATRY layer=2 value=330.16 entry=2.12159000 cash=2975.86
[SCAN] 2026-08-06T05:44:59+00:00 symbols=20 signals=1 entries=1 exits=0 blocked=0 open=8 cash=2975.86 equity=10095.11
[SIGNAL] 2026-08-06T05:44:59+00:00 FIDATRY BUY fill_at=2026-08-06T05:49:59+00:00 features={"close": 0.894, "bb_lower": 0.896852381817867, "bb_upper": 0.9230523800868947, "rsi": 34.78726733009616, "mfi": 18.807155975586014, "atr": 0.006571428571428577}
[BLOCKED] FIDATRY reason=max_layers
[SCAN] 2026-08-06T05:49:59+00:00 symbols=20 signals=1 entries=0 exits=0 blocked=1 open=8 cash=2975.86 equity=10106.54
[SIGNAL] 2026-08-06T05:49:59+00:00 LATRY BUY fill_at=2026-08-06T05:54:59+00:00 features={"close": 2.11, "bb_lower": 2.111358644090391, "bb_upper": 2.1600699273381796, "rsi": 34.89149760040179, "mfi": 47.52217071339937, "atr": 0.007857142857142911}
[BLOCKED] LATRY reason=max_layers
[SCAN] 2026-08-06T05:54:59+00:00 symbols=20 signals=1 entries=0 exits=0 blocked=1 open=8 cash=2975.86 equity=10122.83
[EXIT] 2026-08-06T05:59:59+00:00 HOMETRY reason=fixed_take_profit pnl=+31.55 cash=4020.94
[SCAN] 2026-08-06T05:59:59+00:00 symbols=20 signals=0 entries=0 exits=1 blocked=0 open=7 cash=4020.94 equity=10130.88
[SCAN] 2026-08-06T06:04:59+00:00 symbols=20 signals=0 entries=0 exits=0 blocked=0 open=7 cash=4020.94 equity=10128.76
[SIGNAL] 2026-08-06T06:04:59+00:00 FIDATRY BUY fill_at=2026-08-06T06:09:59+00:00 features={"close": 0.889, "bb_lower": 0.8904862615461949, "bb_upper": 0.9237994527395194, "rsi": 33.448053864851616, "mfi": 26.3209564423277, "atr": 0.006500000000000006}
[BLOCKED] FIDATRY reason=max_layers
[SCAN] 2026-08-06T06:09:59+00:00 symbols=20 signals=1 entries=0 exits=0 blocked=2 open=7 cash=4020.94 equity=10118.36
[SIGNAL] 2026-08-06T06:09:59+00:00 FIDATRY BUY fill_at=2026-08-06T06:14:59+00:00 features={"close": 0.884, "bb_lower": 0.8867715272266109, "bb_upper": 0.924466568011484, "rsi": 30.394968998268794, "mfi": 25.480150314791643, "atr": 0.00621428571428572}
[BLOCKED] FIDATRY reason=max_layers
[SCAN] 2026-08-06T06:14:59+00:00 symbols=20 signals=1 entries=0 exits=0 blocked=2 open=7 cash=4020.94 equity=10104.04
[SIGNAL] 2026-08-06T06:14:59+00:00 FIDATRY BUY fill_at=2026-08-06T06:19:59+00:00 features={"close": 0.878, "bb_lower": 0.8821012692889116, "bb_upper": 0.9257082545206121, "rsi": 27.170826579271363, "mfi": 20.369677142065086, "atr": 0.006357142857142862}
[BLOCKED] FIDATRY reason=max_layers
[SIGNAL] 2026-08-06T06:14:59+00:00 PUMPTRY BUY fill_at=2026-08-06T06:19:59+00:00 features={"close": 0.111, "bb_lower": 0.1110211788648025, "bb_upper": 0.1133597735161499, "rsi": 33.11820479710825, "mfi": 39.87853663535093, "atr": 0.00033571428571428543}
[BLOCKED] PUMPTRY reason=max_layers
[EXIT] 2026-08-06T06:19:59+00:00 BANKTRY reason=fixed_take_profit pnl=+11.44 cash=4399.77
[SCAN] 2026-08-06T06:19:59+00:00 symbols=20 signals=2 entries=0 exits=1 blocked=3 open=6 cash=4399.77 equity=10105.33
[SIGNAL] 2026-08-06T06:19:59+00:00 KAITOTRY BUY fill_at=2026-08-06T06:24:59+00:00 features={"close": 42.994, "bb_lower": 43.04876891120488, "bb_upper": 43.794754898318935, "rsi": 29.196963315996086, "mfi": 47.171344979563315, "atr": 0.15100000000000083}
[BLOCKED] KAITOTRY reason=max_layers
[SIGNAL] 2026-08-06T06:19:59+00:00 PUMPTRY BUY fill_at=2026-08-06T06:24:59+00:00 features={"close": 0.1108, "bb_lower": 0.11083100659319636, "bb_upper": 0.11344518388299413, "rsi": 30.882932569856948, "mfi": 31.714632056818488, "atr": 0.00034285714285714274}
[BLOCKED] PUMPTRY reason=max_layers
[SCAN] 2026-08-06T06:24:59+00:00 symbols=20 signals=2 entries=0 exits=0 blocked=2 open=6 cash=4399.77 equity=10125.72
[SCAN] 2026-08-06T06:29:59+00:00 symbols=20 signals=0 entries=0 exits=0 blocked=1 open=6 cash=4399.77 equity=10122.04
[SIGNAL] 2026-08-06T06:29:59+00:00 KAITOTRY BUY fill_at=2026-08-06T06:34:59+00:00 features={"close": 43.027, "bb_lower": 43.04076297773314, "bb_upper": 43.65152273655259, "rsi": 32.47810912202817, "mfi": 48.56699031374937, "atr": 0.1498571428571438}
[BLOCKED] KAITOTRY reason=max_layers
[SCAN] 2026-08-06T06:34:59+00:00 symbols=20 signals=1 entries=0 exits=0 blocked=1 open=6 cash=4399.77 equity=10133.72
[SCAN] 2026-08-06T06:39:59+00:00 symbols=20 signals=0 entries=0 exits=0 blocked=0 open=6 cash=4399.77 equity=10133.76
[SIGNAL] 2026-08-06T06:39:59+00:00 KAITOTRY BUY fill_at=2026-08-06T06:44:59+00:00 features={"close": 42.908, "bb_lower": 42.93659231050186, "bb_upper": 43.66293149902196, "rsi": 29.991683159544138, "mfi": 47.675695199470105, "atr": 0.14185714285714365}
[BLOCKED] KAITOTRY reason=max_layers
[SCAN] 2026-08-06T06:44:59+00:00 symbols=20 signals=1 entries=0 exits=0 blocked=1 open=6 cash=4399.77 equity=10123.98
[SIGNAL] 2026-08-06T06:44:59+00:00 KAITOTRY BUY fill_at=2026-08-06T06:49:59+00:00 features={"close": 42.665, "bb_lower": 42.81722380474203, "bb_upper": 43.72296667144845, "rsi": 25.098586369641893, "mfi": 36.56143185280855, "atr": 0.15485714285714383}
[BLOCKED] KAITOTRY reason=max_layers
[SCAN] 2026-08-06T06:49:59+00:00 symbols=20 signals=1 entries=0 exits=0 blocked=1 open=6 cash=4399.77 equity=10124.71
[SCAN] 2026-08-06T06:54:59+00:00 symbols=20 signals=0 entries=0 exits=0 blocked=0 open=6 cash=4399.77 equity=10139.29
[SCAN] 2026-08-06T06:59:59+00:00 symbols=20 signals=0 entries=0 exits=0 blocked=0 open=6 cash=4399.77 equity=10128.98
[SCAN] 2026-08-06T07:04:59+00:00 symbols=20 signals=0 entries=0 exits=1 blocked=0 open=5 cash=5147.25 equity=10140.20
[SCAN] 2026-08-06T07:09:59+00:00 symbols=20 signals=0 entries=0 exits=0 blocked=0 open=5 cash=5147.25 equity=10149.21
[SCAN] 2026-08-06T07:14:59+00:00 symbols=20 signals=0 entries=0 exits=0 blocked=0 open=5 cash=5147.25 equity=10152.26
[SCAN] 2026-08-06T07:19:59+00:00 symbols=20 signals=0 entries=0 exits=0 blocked=0 open=5 cash=5147.25 equity=10155.18
[SCAN] 2026-08-06T07:24:59+00:00 symbols=20 signals=0 entries=0 exits=0 blocked=0 open=5 cash=5147.25 equity=10157.38
[SCAN] 2026-08-06T07:29:59+00:00 symbols=20 signals=0 entries=0 exits=0 blocked=0 open=5 cash=5147.25 equity=10152.15
[SCAN] 2026-08-06T07:34:59+00:00 symbols=20 signals=0 entries=0 exits=0 blocked=0 open=5 cash=5147.25 equity=10171.54
[EXIT] 2026-08-06T07:39:59+00:00 SAHARATRY reason=bb_mfi_v3_signal_exit pnl=+12.24 cash=6285.63
[SIGNAL] 2026-08-06T07:34:59+00:00 VICTRY BUY fill_at=2026-08-06T07:39:59+00:00 features={"close": 1.89, "bb_lower": 1.8991827911128634, "bb_upper": 2.061769589839517, "rsi": 43.516842608159045, "mfi": 51.066705364767216, "atr": 0.05928571428571424}
[ENTRY] 2026-08-06T07:39:59+00:00 VICTRY layer=1 value=627.62 entry=1.87140250 cash=5657.06
[SCAN] 2026-08-06T07:39:59+00:00 symbols=20 signals=1 entries=1 exits=1 blocked=0 open=5 cash=5657.06 equity=10164.81
[SCAN] 2026-08-06T07:44:59+00:00 symbols=20 signals=0 entries=0 exits=0 blocked=0 open=5 cash=5657.06 equity=10162.85
[SCAN] 2026-08-06T07:49:59+00:00 symbols=20 signals=0 entries=0 exits=0 blocked=0 open=5 cash=5657.06 equity=10149.74
[SIGNAL] 2026-08-06T07:49:59+00:00 RETRY BUY fill_at=2026-08-06T07:54:59+00:00 features={"close": 17.98, "bb_lower": 17.981606274476018, "bb_upper": 18.206012773143033, "rsi": 37.68748419368141, "mfi": 54.30675544989531, "atr": 0.06499999999999975}
[ENTRY] 2026-08-06T07:54:59+00:00 RETRY layer=1 value=564.86 entry=17.99348500 cash=5091.36
[SCAN] 2026-08-06T07:54:59+00:00 symbols=20 signals=1 entries=1 exits=0 blocked=0 open=6 cash=5091.36 equity=10146.33
[SIGNAL] 2026-08-06T07:54:59+00:00 VICTRY BUY fill_at=2026-08-06T07:59:59+00:00 features={"close": 1.84, "bb_lower": 1.8529541102673965, "bb_upper": 2.067998270684984, "rsi": 38.83538198658336, "mfi": 39.14577665047523, "atr": 0.05285714285714281}
[ENTRY] 2026-08-06T07:59:59+00:00 VICTRY layer=2 value=508.37 entry=1.84138000 cash=4582.22
[SIGNAL] 2026-08-06T07:54:59+00:00 RETRY BUY fill_at=2026-08-06T07:59:59+00:00 features={"close": 17.95, "bb_lower": 17.96046197662666, "bb_upper": 18.215728499563816, "rsi": 35.42580559924899, "mfi": 50.828958241838464, "atr": 0.06142857142857139}
[ENTRY] 2026-08-06T07:59:59+00:00 RETRY layer=2 value=457.54 entry=17.96346250 cash=4124.00
[SCAN] 2026-08-06T07:59:59+00:00 symbols=20 signals=2 entries=2 exits=0 blocked=0 open=6 cash=4124.00 equity=10124.12
[SIGNAL] 2026-08-06T07:59:59+00:00 RETRY BUY fill_at=2026-08-06T08:04:59+00:00 features={"close": 17.86, "bb_lower": 17.917154868331373, "bb_upper": 18.238083226906724, "rsi": 29.644106711139287, "mfi": 45.609311939174546, "atr": 0.0664285714285714}
[BLOCKED] RETRY reason=max_layers
[SCAN] 2026-08-06T08:04:59+00:00 symbols=20 signals=1 entries=0 exits=0 blocked=2 open=6 cash=4124.00 equity=10125.41
[SIGNAL] 2026-08-06T08:04:59+00:00 RETRY BUY fill_at=2026-08-06T08:09:59+00:00 features={"close": 17.88, "bb_lower": 17.890055920210063, "bb_upper": 18.25089646074232, "rsi": 32.30390637797743, "mfi": 42.34155391291674, "atr": 0.06571428571428559}
[BLOCKED] RETRY reason=max_layers
[SCAN] 2026-08-06T08:09:59+00:00 symbols=20 signals=1 entries=0 exits=0 blocked=1 open=6 cash=4124.00 equity=10086.06
[EXIT] 2026-08-06T08:14:59+00:00 VICTRY reason=fixed_stop_loss pnl=-72.27 cash=5189.43
[SCAN] 2026-08-06T08:14:59+00:00 symbols=20 signals=0 entries=0 exits=1 blocked=1 open=5 cash=5189.43 equity=10065.58
[SCAN] 2026-08-06T08:19:59+00:00 symbols=20 signals=0 entries=0 exits=0 blocked=1 open=5 cash=5189.43 equity=10071.53
[SCAN] 2026-08-06T08:24:59+00:00 symbols=20 signals=0 entries=0 exits=0 blocked=0 open=5 cash=5189.43 equity=10072.75
[SCAN] 2026-08-06T08:29:59+00:00 symbols=20 signals=0 entries=0 exits=0 blocked=0 open=5 cash=5189.43 equity=10070.73
[SIGNAL] 2026-08-06T08:29:59+00:00 VANRYTRY BUY fill_at=2026-08-06T08:34:59+00:00 features={"close": 0.1663, "bb_lower": 0.16646757329515202, "bb_upper": 0.17249433146675278, "rsi": 37.0769872839416, "mfi": 28.952623701924608, "atr": 0.0014285714285714299}
[ENTRY] 2026-08-06T08:34:59+00:00 VANRYTRY layer=1 value=518.17 entry=0.16652480 cash=4670.49
[SCAN] 2026-08-06T08:34:59+00:00 symbols=20 signals=1 entries=1 exits=0 blocked=1 open=6 cash=4670.49 equity=10069.08
[SCAN] 2026-08-06T08:39:59+00:00 symbols=20 signals=0 entries=0 exits=0 blocked=0 open=6 cash=4670.49 equity=10071.64
[SCAN] 2026-08-06T08:44:59+00:00 symbols=20 signals=0 entries=0 exits=0 blocked=0 open=6 cash=4670.49 equity=10073.52
[SCAN] 2026-08-06T08:49:59+00:00 symbols=20 signals=0 entries=0 exits=0 blocked=1 open=6 cash=4670.49 equity=10071.10
[SCAN] 2026-08-06T08:54:59+00:00 symbols=20 signals=0 entries=0 exits=0 blocked=1 open=6 cash=4670.49 equity=10069.28
[SCAN] 2026-08-06T08:59:59+00:00 symbols=20 signals=0 entries=0 exits=0 blocked=0 open=6 cash=4670.49 equity=10053.09
[SIGNAL] 2026-08-06T08:59:59+00:00 KAITOTRY BUY fill_at=2026-08-06T09:04:59+00:00 features={"close": 42.294, "bb_lower": 42.617192489685365, "bb_upper": 43.51814084364797, "rsi": 28.410172980619066, "mfi": 14.48404351608039, "atr": 0.20064285714285696}
[BLOCKED] KAITOTRY reason=max_layers
[SCAN] 2026-08-06T09:04:59+00:00 symbols=20 signals=1 entries=0 exits=0 blocked=1 open=6 cash=4670.49 equity=10052.22
[SIGNAL] 2026-08-06T09:04:59+00:00 KAITOTRY BUY fill_at=2026-08-06T09:09:59+00:00 features={"close": 42.084, "bb_lower": 42.40631651447784, "bb_upper": 43.614350152188834, "rsi": 25.318127202518284, "mfi": 13.57988938000426, "atr": 0.21464285714285733}
[BLOCKED] KAITOTRY reason=max_layers
[EXIT] 2026-08-06T09:09:59+00:00 RETRY reason=fixed_take_profit pnl=+31.87 cash=5726.29
[SCAN] 2026-08-06T09:09:59+00:00 symbols=20 signals=1 entries=0 exits=1 blocked=1 open=5 cash=5726.29 equity=10084.05
[SIGNAL] 2026-08-06T09:09:59+00:00 KAITOTRY BUY fill_at=2026-08-06T09:14:59+00:00 features={"close": 41.995, "bb_lower": 42.21737320812087, "bb_upper": 43.68815060140293, "rsi": 24.113202928396078, "mfi": 13.536195115596371, "atr": 0.22164285714285775}
[BLOCKED] KAITOTRY reason=max_layers
[SIGNAL] 2026-08-06T09:09:59+00:00 ENATRY BUY fill_at=2026-08-06T09:14:59+00:00 features={"close": 4.339, "bb_lower": 4.34759754572804, "bb_upper": 4.37535483522434, "rsi": 32.079422839662314, "mfi": 40.931111989186086, "atr": 0.011500000000000035}
[ENTRY] 2026-08-06T09:14:59+00:00 ENATRY layer=1 value=571.77 entry=4.33624975 cash=5153.66
[SIGNAL] 2026-08-06T09:09:59+00:00 SAHARATRY BUY fill_at=2026-08-06T09:14:59+00:00 features={"close": 0.3937, "bb_lower": 0.39545223876351304, "bb_upper": 0.40294776123648696, "rsi": 34.06965474037196, "mfi": 12.744346965978735, "atr": 0.0012928571428571431}
[ENTRY] 2026-08-06T09:14:59+00:00 SAHARATRY layer=1 value=514.59 entry=0.39409535 cash=4638.29
[SCAN] 2026-08-06T09:14:59+00:00 symbols=20 signals=3 entries=2 exits=0 blocked=1 open=7 cash=4638.29 equity=10068.22
[SIGNAL] 2026-08-06T09:14:59+00:00 KAITOTRY BUY fill_at=2026-08-06T09:19:59+00:00 features={"close": 41.99, "bb_lower": 42.06609760208836, "bb_upper": 43.75047382648306, "rsi": 24.043561259024827, "mfi": 12.687440353731418, "atr": 0.21992857142857197}
[BLOCKED] KAITOTRY reason=max_layers
[SIGNAL] 2026-08-06T09:14:59+00:00 ENATRY BUY fill_at=2026-08-06T09:19:59+00:00 features={"close": 4.318, "bb_lower": 4.336575966609658, "bb_upper": 4.381043081009388, "rsi": 25.102288705711217, "mfi": 40.04712635864391, "atr": 0.01242857142857152}
[ENTRY] 2026-08-06T09:19:59+00:00 ENATRY layer=2 value=463.13 entry=4.32724300 cash=4174.47
[SIGNAL] 2026-08-06T09:14:59+00:00 SAHARATRY BUY fill_at=2026-08-06T09:19:59+00:00 features={"close": 0.3924, "bb_lower": 0.39437336901344905, "bb_upper": 0.4036266309865511, "rsi": 31.06808246656702, "mfi": 8.473955344797602, "atr": 0.0011785714285714296}
[ENTRY] 2026-08-06T09:19:59+00:00 SAHARATRY layer=2 value=416.82 entry=0.39309460 cash=3757.02
[SCAN] 2026-08-06T09:19:59+00:00 symbols=20 signals=3 entries=2 exits=0 blocked=2 open=7 cash=3757.02 equity=10079.90
[SIGNAL] 2026-08-06T09:19:59+00:00 RETRY BUY fill_at=2026-08-06T09:24:59+00:00 features={"close": 17.76, "bb_lower": 17.766356803235638, "bb_upper": 18.01840510152627, "rsi": 32.138579264536546, "mfi": 44.43104536577862, "atr": 0.11928571428571466}
[ENTRY] 2026-08-06T09:24:59+00:00 RETRY layer=1 value=375.14 entry=17.84337250 cash=3381.32
[SIGNAL] 2026-08-06T09:19:59+00:00 ENATRY BUY fill_at=2026-08-06T09:24:59+00:00 features={"close": 4.329, "bb_lower": 4.331924117509604, "bb_upper": 4.3816949301094406, "rsi": 33.33063125797452, "mfi": 44.78856694260994, "atr": 0.01328571428571441}
[BLOCKED] ENATRY reason=max_layers
[SIGNAL] 2026-08-06T09:19:59+00:00 SAHARATRY BUY fill_at=2026-08-06T09:24:59+00:00 features={"close": 0.3919, "bb_lower": 0.3931174825095278, "bb_upper": 0.40413013653809127, "rsi": 29.967994259210528, "mfi": 8.078397493275588, "atr": 0.0012142857142857153}
[BLOCKED] SAHARATRY reason=max_layers
[SCAN] 2026-08-06T09:24:59+00:00 symbols=20 signals=3 entries=1 exits=0 blocked=2 open=8 cash=3381.32 equity=10081.21
[SIGNAL] 2026-08-06T09:24:59+00:00 HEITRY BUY fill_at=2026-08-06T09:29:59+00:00 features={"close": 21.181, "bb_lower": 21.99036409390533, "bb_upper": 25.438588287047043, "rsi": 35.869891187717, "mfi": 20.990210367795967, "atr": 1.2705714285714287}
[ENTRY] 2026-08-06T09:29:59+00:00 HEITRY layer=1 value=337.63 entry=21.26793900 cash=3043.19
[SCAN] 2026-08-06T09:29:59+00:00 symbols=20 signals=1 entries=1 exits=0 blocked=0 open=9 cash=3043.19 equity=10067.78
[SIGNAL] 2026-08-06T09:29:59+00:00 HEITRY BUY fill_at=2026-08-06T09:34:59+00:00 features={"close": 20.572, "bb_lower": 21.43350868584073, "bb_upper": 25.767253218921166, "rsi": 32.972095423221816, "mfi": 21.53077498603561, "atr": 1.2987857142857142}
[ENTRY] 2026-08-06T09:34:59+00:00 HEITRY layer=2 value=303.86 entry=20.56641325 cash=2738.87
[SIGNAL] 2026-08-06T09:29:59+00:00 PUMPTRY BUY fill_at=2026-08-06T09:34:59+00:00 features={"close": 0.1107, "bb_lower": 0.11095546118304345, "bb_upper": 0.11213025310267083, "rsi": 33.78620102282255, "mfi": 41.96078499847466, "atr": 0.00032857142857143105}
[BLOCKED] PUMPTRY reason=max_layers
[EXIT] 2026-08-06T09:34:59+00:00 HEITRY reason=fixed_stop_loss pnl=-40.81 cash=3340.51
[SCAN] 2026-08-06T09:34:59+00:00 symbols=20 signals=2 entries=1 exits=1 blocked=1 open=8 cash=3340.51 equity=10052.31
[SIGNAL] 2026-08-06T09:34:59+00:00 HEITRY BUY fill_at=2026-08-06T09:39:59+00:00 features={"close": 20.843, "bb_lower": 21.031146101698926, "bb_upper": 25.951996755443925, "rsi": 35.48464651364901, "mfi": 21.07837994657386, "atr": 1.3433571428571427}
[ENTRY] 2026-08-06T09:39:59+00:00 HEITRY layer=1 value=333.55 entry=20.86763900 cash=3006.46
[EXIT] 2026-08-06T09:39:59+00:00 HEITRY reason=fixed_stop_loss pnl=-21.22 cash=3319.29
[SCAN] 2026-08-06T09:39:59+00:00 symbols=20 signals=1 entries=1 exits=1 blocked=0 open=8 cash=3319.29 equity=10033.28
[SIGNAL] 2026-08-06T09:39:59+00:00 HEITRY BUY fill_at=2026-08-06T09:44:59+00:00 features={"close": 19.02, "bb_lower": 20.179034974862567, "bb_upper": 26.404203120375527, "rsi": 27.87101948882237, "mfi": 20.79275418293149, "atr": 1.4765714285714286}
[ENTRY] 2026-08-06T09:44:59+00:00 HEITRY layer=1 value=331.43 entry=19.03226350 cash=2987.36
[EXIT] 2026-08-06T09:44:59+00:00 PUMPTRY reason=fixed_stop_loss pnl=-59.40 cash=3863.14
[EXIT] 2026-08-06T09:44:59+00:00 HEITRY reason=fixed_stop_loss pnl=-21.08 cash=4173.98
[SCAN] 2026-08-06T09:44:59+00:00 symbols=20 signals=1 entries=1 exits=2 blocked=0 open=7 cash=4173.98 equity=9999.85
[SIGNAL] 2026-08-06T09:44:59+00:00 HEITRY BUY fill_at=2026-08-06T09:49:59+00:00 features={"close": 18.067, "bb_lower": 19.2080720748948, "bb_upper": 26.780118401295674, "rsi": 24.85128780719353, "mfi": 13.088851433430946, "atr": 1.5655000000000003}
[ENTRY] 2026-08-06T09:49:59+00:00 HEITRY layer=1 value=416.77 entry=18.10556900 cash=3756.59
[SIGNAL] 2026-08-06T09:44:59+00:00 PUMPTRY BUY fill_at=2026-08-06T09:49:59+00:00 features={"close": 0.1094, "bb_lower": 0.1102637807010579, "bb_upper": 0.11249812406084687, "rsi": 24.47120908621457, "mfi": 20.847002067763682, "atr": 0.00046428571428571667}
[ENTRY] 2026-08-06T09:49:59+00:00 PUMPTRY layer=1 value=375.10 entry=0.10958213 cash=3380.93
[SCAN] 2026-08-06T09:49:59+00:00 symbols=20 signals=2 entries=2 exits=0 blocked=0 open=9 cash=3380.93 equity=9993.83
[SIGNAL] 2026-08-06T09:49:59+00:00 HEITRY BUY fill_at=2026-08-06T09:54:59+00:00 features={"close": 17.917, "bb_lower": 18.3906897432206, "bb_upper": 26.96559597106511, "rsi": 24.400497428666213, "mfi": 7.907236926741788, "atr": 1.586928571428572}
[ENTRY] 2026-08-06T09:54:59+00:00 HEITRY layer=2 value=337.59 entry=17.86939200 cash=3042.83
[SIGNAL] 2026-08-06T09:49:59+00:00 PUMPTRY BUY fill_at=2026-08-06T09:54:59+00:00 features={"close": 0.1094, "bb_lower": 0.10988245652343413, "bb_upper": 0.11266992442894679, "rsi": 24.47120909038705, "mfi": 17.044574487593167, "atr": 0.000492857142857145}
[ENTRY] 2026-08-06T09:54:59+00:00 PUMPTRY layer=2 value=303.83 entry=0.10948205 cash=2738.55
[EXIT] 2026-08-06T09:54:59+00:00 HEITRY reason=fixed_stop_loss pnl=-47.99 cash=3446.05
[SCAN] 2026-08-06T09:54:59+00:00 symbols=20 signals=2 entries=2 exits=1 blocked=0 open=8 cash=3446.05 equity=9951.70
[SIGNAL] 2026-08-06T09:54:59+00:00 HEITRY BUY fill_at=2026-08-06T09:59:59+00:00 features={"close": 16.881, "bb_lower": 17.438129662469006, "bb_upper": 27.263965575626226, "rsi": 21.484532755398646, "mfi": 7.690463429940536, "atr": 1.6842857142857146}
[ENTRY] 2026-08-06T09:59:59+00:00 HEITRY layer=1 value=344.09 entry=16.91367575 cash=3101.45
[EXIT] 2026-08-06T09:59:59+00:00 HEITRY reason=fixed_take_profit pnl=+10.73 cash=3456.78
[SCAN] 2026-08-06T09:59:59+00:00 symbols=20 signals=1 entries=1 exits=1 blocked=0 open=8 cash=3456.78 equity=9966.08
[SCAN] 2026-08-06T10:04:59+00:00 symbols=20 signals=0 entries=0 exits=1 blocked=0 open=7 cash=4138.89 equity=9968.11
[SCAN] 2026-08-06T10:09:59+00:00 symbols=20 signals=0 entries=0 exits=0 blocked=0 open=7 cash=4138.89 equity=9955.90
[SCAN] 2026-08-06T10:14:59+00:00 symbols=20 signals=0 entries=0 exits=0 blocked=1 open=7 cash=4138.89 equity=9958.92
[SCAN] 2026-08-06T10:19:59+00:00 symbols=20 signals=0 entries=0 exits=0 blocked=1 open=7 cash=4138.89 equity=9975.26
[SCAN] 2026-08-06T10:24:59+00:00 symbols=20 signals=0 entries=0 exits=0 blocked=0 open=7 cash=4138.89 equity=9991.04
[SCAN] 2026-08-06T10:29:59+00:00 symbols=20 signals=0 entries=0 exits=0 blocked=0 open=7 cash=4138.89 equity=9994.63
[SCAN] 2026-08-06T10:34:59+00:00 symbols=20 signals=0 entries=0 exits=0 blocked=0 open=7 cash=4138.89 equity=9988.44
[EXIT] 2026-08-06T10:39:59+00:00 ALLOTRY reason=bb_mfi_v3_signal_exit pnl=+9.00 cash=5325.03
[SCAN] 2026-08-06T10:39:59+00:00 symbols=20 signals=0 entries=0 exits=1 blocked=0 open=6 cash=5325.03 equity=9988.65
[SCAN] 2026-08-06T10:44:59+00:00 symbols=20 signals=0 entries=0 exits=0 blocked=0 open=6 cash=5325.03 equity=9984.69
[SCAN] 2026-08-06T10:49:59+00:00 symbols=20 signals=0 entries=0 exits=0 blocked=0 open=6 cash=5325.03 equity=9977.58
[SCAN] 2026-08-06T10:54:59+00:00 symbols=20 signals=0 entries=0 exits=0 blocked=0 open=6 cash=5325.03 equity=9970.57
[SCAN] 2026-08-06T10:59:59+00:00 symbols=20 signals=0 entries=0 exits=0 blocked=0 open=6 cash=5325.03 equity=9970.84
[SCAN] 2026-08-06T11:04:59+00:00 symbols=20 signals=0 entries=0 exits=0 blocked=0 open=6 cash=5325.03 equity=9961.90
[SCAN] 2026-08-06T11:09:59+00:00 symbols=20 signals=0 entries=0 exits=0 blocked=0 open=6 cash=5325.03 equity=9965.22
[SIGNAL] 2026-08-06T11:09:59+00:00 BIOTRY BUY fill_at=2026-08-06T11:14:59+00:00 features={"close": 1.146, "bb_lower": 1.1461196960457951, "bb_upper": 1.1679755420494426, "rsi": 31.35740292975602, "mfi": 40.5194077171954, "atr": 0.003285714285714273}
[ENTRY] 2026-08-06T11:14:59+00:00 BIOTRY layer=1 value=531.71 entry=1.14685950 cash=4792.53
[SCAN] 2026-08-06T11:14:59+00:00 symbols=20 signals=1 entries=1 exits=0 blocked=0 open=7 cash=4792.53 equity=9961.49
[SIGNAL] 2026-08-06T11:14:59+00:00 SAHARATRY BUY fill_at=2026-08-06T11:19:59+00:00 features={"close": 0.3912, "bb_lower": 0.39126509207572685, "bb_upper": 0.3962206222099874, "rsi": 31.597158756405122, "mfi": 25.142693068962842, "atr": 0.0008642857142857103}
[BLOCKED] SAHARATRY reason=max_layers
[SCAN] 2026-08-06T11:19:59+00:00 symbols=20 signals=1 entries=0 exits=0 blocked=2 open=7 cash=4792.53 equity=9973.27
[SCAN] 2026-08-06T11:24:59+00:00 symbols=20 signals=0 entries=0 exits=0 blocked=0 open=7 cash=4792.53 equity=9972.02
[SIGNAL] 2026-08-06T11:24:59+00:00 BANKTRY BUY fill_at=2026-08-06T11:29:59+00:00 features={"close": 2.06, "bb_lower": 2.0671433395795065, "bb_upper": 2.1470471366109702, "rsi": 32.6203254612829, "mfi": 25.462513349512392, "atr": 0.02028571428571424}
[ENTRY] 2026-08-06T11:29:59+00:00 BANKTRY layer=1 value=478.54 entry=2.06054425 cash=4313.28
[SCAN] 2026-08-06T11:29:59+00:00 symbols=20 signals=1 entries=1 exits=0 blocked=0 open=8 cash=4313.28 equity=9973.95
[SIGNAL] 2026-08-06T11:29:59+00:00 BANKTRY BUY fill_at=2026-08-06T11:34:59+00:00 features={"close": 2.054, "bb_lower": 2.0585959362002355, "bb_upper": 2.150356444752146, "rsi": 31.207101474787237, "mfi": 16.9427355454969, "atr": 0.019928571428571424}
[ENTRY] 2026-08-06T11:34:59+00:00 BANKTRY layer=2 value=430.68 entry=2.05453975 cash=3881.95
[SCAN] 2026-08-06T11:34:59+00:00 symbols=20 signals=1 entries=1 exits=0 blocked=0 open=8 cash=3881.95 equity=9971.72
[SIGNAL] 2026-08-06T11:34:59+00:00 BANKTRY BUY fill_at=2026-08-06T11:39:59+00:00 features={"close": 2.05, "bb_lower": 2.050930210636134, "bb_upper": 2.1536412179352946, "rsi": 30.260283440149706, "mfi": 16.915340758806877, "atr": 0.020642857142857154}
[BLOCKED] BANKTRY reason=max_layers
[SCAN] 2026-08-06T11:39:59+00:00 symbols=20 signals=1 entries=0 exits=0 blocked=1 open=8 cash=3881.95 equity=9979.38
[SCAN] 2026-08-06T11:44:59+00:00 symbols=20 signals=0 entries=0 exits=0 blocked=0 open=8 cash=3881.95 equity=9992.18
[SCAN] 2026-08-06T11:49:59+00:00 symbols=20 signals=0 entries=0 exits=0 blocked=0 open=8 cash=3881.95 equity=10006.07
[SCAN] 2026-08-06T11:54:59+00:00 symbols=20 signals=0 entries=0 exits=0 blocked=0 open=8 cash=3881.95 equity=10004.62
[SCAN] 2026-08-06T11:59:59+00:00 symbols=20 signals=0 entries=0 exits=0 blocked=0 open=8 cash=3881.95 equity=9996.49
[SCAN] 2026-08-06T12:04:59+00:00 symbols=20 signals=0 entries=0 exits=1 blocked=0 open=7 cash=4405.39 equity=9988.08
[SCAN] 2026-08-06T12:09:59+00:00 symbols=20 signals=0 entries=0 exits=0 blocked=0 open=7 cash=4405.39 equity=9979.80
[SCAN] 2026-08-06T12:14:59+00:00 symbols=20 signals=0 entries=0 exits=0 blocked=0 open=7 cash=4405.39 equity=9981.88
[SCAN] 2026-08-06T12:19:59+00:00 symbols=20 signals=0 entries=0 exits=0 blocked=1 open=7 cash=4405.39 equity=9978.24
[SCAN] 2026-08-06T12:24:59+00:00 symbols=20 signals=0 entries=0 exits=0 blocked=1 open=7 cash=4405.39 equity=9988.09
[SCAN] 2026-08-06T12:29:59+00:00 symbols=20 signals=0 entries=0 exits=0 blocked=0 open=7 cash=4405.39 equity=9987.05
[SCAN] 2026-08-06T12:34:59+00:00 symbols=20 signals=0 entries=0 exits=0 blocked=0 open=7 cash=4405.39 equity=10001.34
[SCAN] 2026-08-06T12:39:59+00:00 symbols=20 signals=0 entries=0 exits=0 blocked=1 open=7 cash=4405.39 equity=10004.75
[SCAN] 2026-08-06T12:44:59+00:00 symbols=20 signals=0 entries=0 exits=0 blocked=1 open=7 cash=4405.39 equity=10001.50
[SCAN] 2026-08-06T12:49:59+00:00 symbols=20 signals=0 entries=0 exits=0 blocked=0 open=7 cash=4405.39 equity=9982.71
[SCAN] 2026-08-06T12:54:59+00:00 symbols=20 signals=0 entries=0 exits=0 blocked=1 open=7 cash=4405.39 equity=9981.64
[SCAN] 2026-08-06T12:59:59+00:00 symbols=20 signals=0 entries=0 exits=0 blocked=0 open=7 cash=4405.39 equity=9978.19
[SIGNAL] 2026-08-06T12:59:59+00:00 FIDATRY BUY fill_at=2026-08-06T13:04:59+00:00 features={"close": 0.879, "bb_lower": 0.8801221946759635, "bb_upper": 0.8975920910383225, "rsi": 36.546405823486324, "mfi": 33.53956060019128, "atr": 0.005214285714285719}
[BLOCKED] FIDATRY reason=max_layers
[SCAN] 2026-08-06T13:04:59+00:00 symbols=20 signals=1 entries=0 exits=1 blocked=1 open=6 cash=5339.56 equity=9991.96
[SCAN] 2026-08-06T13:09:59+00:00 symbols=20 signals=0 entries=0 exits=0 blocked=0 open=6 cash=5339.56 equity=10000.59
[SCAN] 2026-08-06T13:14:59+00:00 symbols=20 signals=0 entries=0 exits=0 blocked=0 open=6 cash=5339.56 equity=9994.57
[SCAN] 2026-08-06T13:19:59+00:00 symbols=20 signals=0 entries=0 exits=0 blocked=0 open=6 cash=5339.56 equity=9996.83
[EXIT] 2026-08-06T13:24:59+00:00 KAITOTRY reason=bb_mfi_v3_signal_exit pnl=-45.26 cash=6530.00
[SCAN] 2026-08-06T13:24:59+00:00 symbols=20 signals=0 entries=0 exits=1 blocked=0 open=5 cash=6530.00 equity=9999.25
[SCAN] 2026-08-06T13:29:59+00:00 symbols=20 signals=0 entries=0 exits=0 blocked=0 open=5 cash=6530.00 equity=9996.57
[SCAN] 2026-08-06T13:34:59+00:00 symbols=20 signals=0 entries=0 exits=0 blocked=0 open=5 cash=6530.00 equity=9997.17
[EXIT] 2026-08-06T13:39:59+00:00 RETRY reason=fixed_take_profit pnl=+11.69 cash=6917.40
[SCAN] 2026-08-06T13:39:59+00:00 symbols=20 signals=0 entries=0 exits=1 blocked=0 open=4 cash=6917.40 equity=10000.41
[SCAN] 2026-08-06T13:44:59+00:00 symbols=20 signals=0 entries=0 exits=0 blocked=0 open=4 cash=6917.40 equity=10011.83
[SCAN] 2026-08-06T13:49:59+00:00 symbols=20 signals=0 entries=0 exits=0 blocked=0 open=4 cash=6917.40 equity=10007.83
[SCAN] 2026-08-06T13:54:59+00:00 symbols=20 signals=0 entries=0 exits=0 blocked=0 open=4 cash=6917.40 equity=10003.28
[SCAN] 2026-08-06T13:59:59+00:00 symbols=20 signals=0 entries=0 exits=0 blocked=0 open=4 cash=6917.40 equity=9999.11
[SCAN] 2026-08-06T14:04:59+00:00 symbols=20 signals=0 entries=0 exits=0 blocked=0 open=4 cash=6917.40 equity=9994.06
[SCAN] 2026-08-06T14:09:59+00:00 symbols=20 signals=0 entries=0 exits=0 blocked=0 open=4 cash=6917.40 equity=10002.49
[SCAN] 2026-08-06T14:14:59+00:00 symbols=20 signals=0 entries=0 exits=0 blocked=0 open=4 cash=6917.40 equity=10003.15
[SCAN] 2026-08-06T14:19:59+00:00 symbols=20 signals=0 entries=0 exits=0 blocked=1 open=4 cash=6917.40 equity=10003.25
[SCAN] 2026-08-06T14:24:59+00:00 symbols=20 signals=0 entries=0 exits=0 blocked=1 open=4 cash=6917.40 equity=10009.57
[SIGNAL] 2026-08-06T14:24:59+00:00 HEITRY BUY fill_at=2026-08-06T14:29:59+00:00 features={"close": 10.888, "bb_lower": 11.291847322878233, "bb_upper": 13.528724105693193, "rsi": 27.899938398269853, "mfi": 35.494958339323105, "atr": 0.6684999999999999}
[ENTRY] 2026-08-06T14:29:59+00:00 HEITRY layer=1 value=690.70 entry=10.87114725 cash=6225.66
[SIGNAL] 2026-08-06T14:24:59+00:00 VICTRY BUY fill_at=2026-08-06T14:29:59+00:00 features={"close": 1.66, "bb_lower": 1.6785273620329269, "bb_upper": 1.7557583522527869, "rsi": 33.599606860695005, "mfi": 46.45216866201106, "atr": 0.027857142857142882}
[ENTRY] 2026-08-06T14:29:59+00:00 VICTRY layer=1 value=621.63 entry=1.67125250 cash=5603.09
[SCAN] 2026-08-06T14:29:59+00:00 symbols=20 signals=2 entries=2 exits=0 blocked=0 open=6 cash=5603.09 equity=10010.53
[SIGNAL] 2026-08-06T14:29:59+00:00 HEITRY BUY fill_at=2026-08-06T14:34:59+00:00 features={"close": 10.875, "bb_lower": 11.055951443483991, "bb_upper": 13.549762842230297, "rsi": 27.816210545954334, "mfi": 29.62241818807182, "atr": 0.651142857142857}
[ENTRY] 2026-08-06T14:34:59+00:00 HEITRY layer=2 value=559.47 entry=10.88415700 cash=5042.78
[SCAN] 2026-08-06T14:34:59+00:00 symbols=20 signals=1 entries=1 exits=0 blocked=0 open=6 cash=5042.78 equity=10023.53
[SCAN] 2026-08-06T14:39:59+00:00 symbols=20 signals=0 entries=0 exits=0 blocked=0 open=6 cash=5042.78 equity=10028.67
[SIGNAL] 2026-08-06T14:39:59+00:00 VICTRY BUY fill_at=2026-08-06T14:44:59+00:00 features={"close": 1.66, "bb_lower": 1.6607381010481306, "bb_upper": 1.7583095179994883, "rsi": 36.28112202040066, "mfi": 36.57503284201102, "atr": 0.025000000000000022}
[ENTRY] 2026-08-06T14:44:59+00:00 VICTRY layer=2 value=503.52 entry=1.67125250 cash=4538.50
[SCAN] 2026-08-06T14:44:59+00:00 symbols=20 signals=1 entries=1 exits=0 blocked=0 open=6 cash=4538.50 equity=10026.08
[EXIT] 2026-08-06T14:49:59+00:00 BANKTRY reason=bb_mfi_v3_signal_exit pnl=+25.38 cash=5474.47
[SCAN] 2026-08-06T14:49:59+00:00 symbols=20 signals=0 entries=0 exits=1 blocked=0 open=5 cash=5474.47 equity=10038.00
[SCAN] 2026-08-06T14:54:59+00:00 symbols=20 signals=0 entries=0 exits=0 blocked=0 open=5 cash=5474.47 equity=10019.35
[SCAN] 2026-08-06T14:59:59+00:00 symbols=20 signals=0 entries=0 exits=0 blocked=0 open=5 cash=5474.47 equity=9987.20
[SCAN] 2026-08-06T15:04:59+00:00 symbols=20 signals=0 entries=0 exits=1 blocked=0 open=4 cash=6515.34 equity=9976.55
[SCAN] 2026-08-06T15:09:59+00:00 symbols=20 signals=0 entries=0 exits=0 blocked=0 open=4 cash=6515.34 equity=9999.07
[SIGNAL] 2026-08-06T15:09:59+00:00 VANRYTRY BUY fill_at=2026-08-06T15:14:59+00:00 features={"close": 0.1617, "bb_lower": 0.16253492117298907, "bb_upper": 0.16721745977939195, "rsi": 31.076256329824318, "mfi": 31.441675115825632, "atr": 0.00106428571428571}
[ENTRY] 2026-08-06T15:14:59+00:00 VANRYTRY layer=1 value=650.56 entry=0.16182128 cash=5863.80
[EXIT] 2026-08-06T15:14:59+00:00 HEITRY reason=fixed_stop_loss pnl=-79.53 cash=7036.32
[SCAN] 2026-08-06T15:14:59+00:00 symbols=20 signals=1 entries=1 exits=1 blocked=0 open=4 cash=7036.32 equity=9951.78
[SIGNAL] 2026-08-06T15:14:59+00:00 VANRYTRY BUY fill_at=2026-08-06T15:19:59+00:00 features={"close": 0.1607, "bb_lower": 0.16176830716478902, "bb_upper": 0.1676412166447348, "rsi": 27.874395544531225, "mfi": 26.160650558776226, "atr": 0.001164285714285711}
[ENTRY] 2026-08-06T15:19:59+00:00 VANRYTRY layer=2 value=702.58 entry=0.16042022 cash=6332.69
[SCAN] 2026-08-06T15:19:59+00:00 symbols=20 signals=1 entries=1 exits=0 blocked=0 open=4 cash=6332.69 equity=9925.27
[SIGNAL] 2026-08-06T15:19:59+00:00 HOMETRY BUY fill_at=2026-08-06T15:24:59+00:00 features={"close": 0.467, "bb_lower": 0.46948776621658195, "bb_upper": 0.4931789004500846, "rsi": 39.26148809932566, "mfi": 34.8581619154737, "atr": 0.007785714285714289}
[ENTRY] 2026-08-06T15:24:59+00:00 HOMETRY layer=1 value=632.32 entry=0.46634950 cash=5699.42
[SIGNAL] 2026-08-06T15:19:59+00:00 VANRYTRY BUY fill_at=2026-08-06T15:24:59+00:00 features={"close": 0.1591, "bb_lower": 0.16066162025627317, "bb_upper": 0.16823361783896496, "rsi": 23.65064022492119, "mfi": 22.0418585002175, "atr": 0.0012857142857142848}
[BLOCKED] VANRYTRY reason=max_layers
[SCAN] 2026-08-06T15:24:59+00:00 symbols=20 signals=2 entries=1 exits=0 blocked=1 open=5 cash=5699.42 equity=9928.99
[SIGNAL] 2026-08-06T15:24:59+00:00 HOMETRY BUY fill_at=2026-08-06T15:29:59+00:00 features={"close": 0.463, "bb_lower": 0.46666481045354935, "bb_upper": 0.49476376097502195, "rsi": 36.613589261639994, "mfi": 33.37864404180759, "atr": 0.007785714285714289}
[ENTRY] 2026-08-06T15:29:59+00:00 HOMETRY layer=2 value=569.09 entry=0.46234650 cash=5129.48
[SCAN] 2026-08-06T15:29:59+00:00 symbols=20 signals=1 entries=1 exits=0 blocked=1 open=5 cash=5129.48 equity=9926.42
[SIGNAL] 2026-08-06T15:29:59+00:00 RETRY BUY fill_at=2026-08-06T15:34:59+00:00 features={"close": 18.42, "bb_lower": 18.47842457896454, "bb_upper": 18.836813516273555, "rsi": 37.35137006680493, "mfi": 50.97924814569298, "atr": 0.10285714285714244}
[ENTRY] 2026-08-06T15:34:59+00:00 RETRY layer=1 value=512.18 entry=18.41380000 cash=4616.53
[SIGNAL] 2026-08-06T15:29:59+00:00 MITOTRY BUY fill_at=2026-08-06T15:34:59+00:00 features={"close": 1.095, "bb_lower": 1.0963603444857484, "bb_upper": 1.112115845990442, "rsi": 26.648911705107366, "mfi": 7.971750856407425, "atr": 0.0019285714285714542}
[ENTRY] 2026-08-06T15:34:59+00:00 MITOTRY layer=1 value=460.96 entry=1.09682200 cash=4154.88
[SIGNAL] 2026-08-06T15:29:59+00:00 HOMETRY BUY fill_at=2026-08-06T15:34:59+00:00 features={"close": 0.464, "bb_lower": 0.46414607103090283, "bb_upper": 0.4951872623024303, "rsi": 37.75061890354647, "mfi": 35.80841843864995, "atr": 0.007285714285714289}
[BLOCKED] HOMETRY reason=max_layers
[SCAN] 2026-08-06T15:34:59+00:00 symbols=20 signals=3 entries=2 exits=0 blocked=1 open=7 cash=4154.88 equity=9906.14
[SIGNAL] 2026-08-06T15:34:59+00:00 RETRY BUY fill_at=2026-08-06T15:39:59+00:00 features={"close": 18.45, "bb_lower": 18.453892731229214, "bb_upper": 18.84896441162792, "rsi": 40.14298292934349, "mfi": 45.88251588991239, "atr": 0.10285714285714244}
[ENTRY] 2026-08-06T15:39:59+00:00 RETRY layer=2 value=414.87 entry=18.48385250 cash=3739.39
[SIGNAL] 2026-08-06T15:34:59+00:00 MITOTRY BUY fill_at=2026-08-06T15:39:59+00:00 features={"close": 1.093, "bb_lower": 1.0948855478622719, "bb_upper": 1.1117811188043951, "rsi": 24.105960421464772, "mfi": 7.853728336182755, "atr": 0.001785714285714311}
[ENTRY] 2026-08-06T15:39:59+00:00 MITOTRY layer=2 value=373.38 entry=1.09381975 cash=3365.45
[SIGNAL] 2026-08-06T15:34:59+00:00 HOMETRY BUY fill_at=2026-08-06T15:39:59+00:00 features={"close": 0.459, "bb_lower": 0.46106773667202355, "bb_upper": 0.4953132157089288, "rsi": 34.40743662545219, "mfi": 29.2963650238013, "atr": 0.007000000000000002}
[BLOCKED] HOMETRY reason=max_layers
[SCAN] 2026-08-06T15:39:59+00:00 symbols=20 signals=3 entries=2 exits=0 blocked=1 open=7 cash=3365.45 equity=9885.75
[SIGNAL] 2026-08-06T15:39:59+00:00 VICTRY BUY fill_at=2026-08-06T15:44:59+00:00 features={"close": 1.61, "bb_lower": 1.610238558460156, "bb_upper": 1.7326185843969866, "rsi": 30.50655265011109, "mfi": 29.225013632187355, "atr": 0.02428571428571426}
[BLOCKED] VICTRY reason=max_layers
[SIGNAL] 2026-08-06T15:39:59+00:00 MITOTRY BUY fill_at=2026-08-06T15:44:59+00:00 features={"close": 1.093, "bb_lower": 1.0939978357772702, "bb_upper": 1.1107640689846343, "rsi": 24.105960429790457, "mfi": 7.639205474320889, "atr": 0.001642857142857168}
[BLOCKED] MITOTRY reason=max_layers
[SIGNAL] 2026-08-06T15:39:59+00:00 PUMPTRY BUY fill_at=2026-08-06T15:44:59+00:00 features={"close": 0.1086, "bb_lower": 0.1087983317162728, "bb_upper": 0.1112873825694415, "rsi": 36.441401230350515, "mfi": 39.8262437750126, "atr": 0.0007928571428571408}
[ENTRY] 2026-08-06T15:44:59+00:00 PUMPTRY layer=1 value=336.04 entry=0.10868145 cash=3028.91
[SCAN] 2026-08-06T15:44:59+00:00 symbols=20 signals=3 entries=1 exits=0 blocked=2 open=8 cash=3028.91 equity=9922.10
[SCAN] 2026-08-06T15:49:59+00:00 symbols=20 signals=0 entries=0 exits=0 blocked=0 open=8 cash=3028.91 equity=9925.33
[SCAN] 2026-08-06T15:54:59+00:00 symbols=20 signals=0 entries=0 exits=0 blocked=0 open=8 cash=3028.91 equity=9908.94
[SCAN] 2026-08-06T15:59:59+00:00 symbols=20 signals=0 entries=0 exits=0 blocked=0 open=8 cash=3028.91 equity=9903.01
[SCAN] 2026-08-06T16:04:59+00:00 symbols=20 signals=0 entries=0 exits=1 blocked=1 open=7 cash=3367.64 equity=9921.04
[SCAN] 2026-08-06T16:09:59+00:00 symbols=20 signals=0 entries=0 exits=0 blocked=1 open=7 cash=3367.64 equity=9928.72
[SCAN] 2026-08-06T16:14:59+00:00 symbols=20 signals=0 entries=0 exits=0 blocked=0 open=7 cash=3367.64 equity=9952.09
[SIGNAL] 2026-08-06T16:14:59+00:00 EDENTRY BUY fill_at=2026-08-06T16:19:59+00:00 features={"close": 1.932, "bb_lower": 1.9328343816695193, "bb_upper": 1.9723084754733375, "rsi": 42.46092260999174, "mfi": 42.536272823250144, "atr": 0.013428571428571425}
[ENTRY] 2026-08-06T16:19:59+00:00 EDENTRY layer=1 value=336.26 entry=1.93144750 cash=3030.88
[SCAN] 2026-08-06T16:19:59+00:00 symbols=20 signals=1 entries=1 exits=0 blocked=1 open=8 cash=3030.88 equity=9942.35
[SCAN] 2026-08-06T16:24:59+00:00 symbols=20 signals=0 entries=0 exits=0 blocked=0 open=8 cash=3030.88 equity=9957.02
[SCAN] 2026-08-06T16:29:59+00:00 symbols=20 signals=0 entries=0 exits=0 blocked=0 open=8 cash=3030.88 equity=9945.64
[SCAN] 2026-08-06T16:34:59+00:00 symbols=20 signals=0 entries=0 exits=0 blocked=0 open=8 cash=3030.88 equity=9946.63
[SCAN] 2026-08-06T16:39:59+00:00 symbols=20 signals=0 entries=0 exits=0 blocked=0 open=8 cash=3030.88 equity=9972.65
[SCAN] 2026-08-06T16:44:59+00:00 symbols=20 signals=0 entries=0 exits=0 blocked=0 open=8 cash=3030.88 equity=9967.67
[SCAN] 2026-08-06T16:49:59+00:00 symbols=20 signals=0 entries=0 exits=0 blocked=0 open=8 cash=3030.88 equity=9969.41
[SCAN] 2026-08-06T16:54:59+00:00 symbols=20 signals=0 entries=0 exits=0 blocked=0 open=8 cash=3030.88 equity=9980.69
[SCAN] 2026-08-06T16:59:59+00:00 symbols=20 signals=0 entries=0 exits=0 blocked=0 open=8 cash=3030.88 equity=9980.58
[SIGNAL] 2026-08-06T16:59:59+00:00 BIOTRY BUY fill_at=2026-08-06T17:04:59+00:00 features={"close": 1.141, "bb_lower": 1.141586725785286, "bb_upper": 1.1516513694528083, "rsi": 34.301253118625354, "mfi": 36.84189665822518, "atr": 0.0017142857142857318}
[ENTRY] 2026-08-06T17:04:59+00:00 BIOTRY layer=2 value=430.91 entry=1.14185575 cash=3884.01
[SCAN] 2026-08-06T17:04:59+00:00 symbols=20 signals=1 entries=1 exits=2 blocked=0 open=6 cash=3884.01 equity=9979.70
[SCAN] 2026-08-06T17:09:59+00:00 symbols=20 signals=0 entries=0 exits=0 blocked=0 open=6 cash=3884.01 equity=9987.35
[SIGNAL] 2026-08-06T17:09:59+00:00 ALLOTRY BUY fill_at=2026-08-06T17:14:59+00:00 features={"close": 12.78, "bb_lower": 12.781435006504132, "bb_upper": 13.380469755400629, "rsi": 35.67737539522729, "mfi": 44.301271784892286, "atr": 0.14142857142857132}
[ENTRY] 2026-08-06T17:14:59+00:00 ALLOTRY layer=1 value=387.82 entry=12.76957000 cash=3495.61
[SCAN] 2026-08-06T17:14:59+00:00 symbols=20 signals=1 entries=1 exits=0 blocked=0 open=7 cash=3495.61 equity=9964.84
[SIGNAL] 2026-08-06T17:14:59+00:00 ALLOTRY BUY fill_at=2026-08-06T17:19:59+00:00 features={"close": 12.7, "bb_lower": 12.721153854544813, "bb_upper": 13.400750907359946, "rsi": 32.616264266015705, "mfi": 42.36424046731479, "atr": 0.12714285714285709}
[ENTRY] 2026-08-06T17:19:59+00:00 ALLOTRY layer=2 value=349.04 entry=12.69951750 cash=3146.05
[SCAN] 2026-08-06T17:19:59+00:00 symbols=20 signals=1 entries=1 exits=0 blocked=0 open=7 cash=3146.05 equity=9953.75
[SCAN] 2026-08-06T17:24:59+00:00 symbols=20 signals=0 entries=0 exits=0 blocked=0 open=7 cash=3146.05 equity=9967.18
[SCAN] 2026-08-06T17:29:59+00:00 symbols=20 signals=0 entries=0 exits=0 blocked=0 open=7 cash=3146.05 equity=9970.18
[SCAN] 2026-08-06T17:34:59+00:00 symbols=20 signals=0 entries=0 exits=0 blocked=0 open=7 cash=3146.05 equity=9965.20
[SCAN] 2026-08-06T17:39:59+00:00 symbols=20 signals=0 entries=0 exits=0 blocked=0 open=7 cash=3146.05 equity=9955.55
[SCAN] 2026-08-06T17:44:59+00:00 symbols=20 signals=0 entries=0 exits=0 blocked=0 open=7 cash=3146.05 equity=9939.69
[SIGNAL] 2026-08-06T17:44:59+00:00 BIOTRY BUY fill_at=2026-08-06T17:49:59+00:00 features={"close": 1.138, "bb_lower": 1.1392082491367952, "bb_upper": 1.1488869889584428, "rsi": 32.331924966312044, "mfi": 20.540229750886482, "atr": 0.0019285714285714065}
[BLOCKED] BIOTRY reason=max_layers
[SCAN] 2026-08-06T17:49:59+00:00 symbols=20 signals=1 entries=0 exits=0 blocked=2 open=7 cash=3146.05 equity=9926.90
[SIGNAL] 2026-08-06T17:49:59+00:00 BIOTRY BUY fill_at=2026-08-06T17:54:59+00:00 features={"close": 1.136, "bb_lower": 1.1378660280095148, "bb_upper": 1.1490863529428659, "rsi": 29.183190703897097, "mfi": 18.17211307398206, "atr": 0.001857142857142827}
[BLOCKED] BIOTRY reason=max_layers
[SCAN] 2026-08-06T17:54:59+00:00 symbols=20 signals=1 entries=0 exits=0 blocked=1 open=7 cash=3146.05 equity=9948.41
[SIGNAL] 2026-08-06T17:54:59+00:00 BIOTRY BUY fill_at=2026-08-06T17:59:59+00:00 features={"close": 1.136, "bb_lower": 1.1367348576213527, "bb_upper": 1.1491699042834096, "rsi": 29.18319071690145, "mfi": 18.182485996714362, "atr": 0.001857142857142843}
[BLOCKED] BIOTRY reason=max_layers
[SIGNAL] 2026-08-06T17:54:59+00:00 SAHARATRY BUY fill_at=2026-08-06T17:59:59+00:00 features={"close": 0.398, "bb_lower": 0.39827012638682313, "bb_upper": 0.40252034980365314, "rsi": 32.851766393356755, "mfi": 40.77265233914869, "atr": 0.0006928571428571459}
[ENTRY] 2026-08-06T17:59:59+00:00 SAHARATRY layer=1 value=314.13 entry=0.39789820 cash=2831.44
[SCAN] 2026-08-06T17:59:59+00:00 symbols=20 signals=2 entries=1 exits=0 blocked=1 open=8 cash=2831.44 equity=9952.04
[SCAN] 2026-08-06T18:04:59+00:00 symbols=20 signals=0 entries=0 exits=0 blocked=1 open=8 cash=2831.44 equity=9940.42
[SIGNAL] 2026-08-06T18:04:59+00:00 SAHARATRY BUY fill_at=2026-08-06T18:09:59+00:00 features={"close": 0.3971, "bb_lower": 0.3974850341003527, "bb_upper": 0.40281972780440917, "rsi": 29.525375764514692, "mfi": 22.528616548346008, "atr": 0.0007214285714285752}
[ENTRY] 2026-08-06T18:09:59+00:00 SAHARATRY layer=2 value=282.72 entry=0.39699753 cash=2548.30
[SCAN] 2026-08-06T18:09:59+00:00 symbols=20 signals=1 entries=1 exits=0 blocked=1 open=8 cash=2548.30 equity=9924.18
[SIGNAL] 2026-08-06T18:09:59+00:00 SAHARATRY BUY fill_at=2026-08-06T18:14:59+00:00 features={"close": 0.3959, "bb_lower": 0.39671570469396256, "bb_upper": 0.40312239054413246, "rsi": 24.97599473773552, "mfi": 22.241386241579704, "atr": 0.0008214285714285761}
[BLOCKED] SAHARATRY reason=max_layers
[SCAN] 2026-08-06T18:14:59+00:00 symbols=20 signals=1 entries=0 exits=0 blocked=3 open=8 cash=2548.30 equity=9924.06
[SIGNAL] 2026-08-06T18:14:59+00:00 BANKTRY BUY fill_at=2026-08-06T18:19:59+00:00 features={"close": 1.995, "bb_lower": 1.9983410237608394, "bb_upper": 2.041087547667731, "rsi": 33.21480751580097, "mfi": 29.116537084390103, "atr": 0.011571428571428581}
[ENTRY] 2026-08-06T18:19:59+00:00 BANKTRY layer=1 value=254.45 entry=1.99649625 cash=2293.47
[SIGNAL] 2026-08-06T18:14:59+00:00 SAHARATRY BUY fill_at=2026-08-06T18:19:59+00:00 features={"close": 0.396, "bb_lower": 0.39611197544464666, "bb_upper": 0.40324992931725806, "rsi": 26.005286358105067, "mfi": 15.974232009364414, "atr": 0.0008142857142857198}
[BLOCKED] SAHARATRY reason=max_layers
[SCAN] 2026-08-06T18:19:59+00:00 symbols=20 signals=2 entries=1 exits=0 blocked=2 open=9 cash=2293.47 equity=9916.17
[SIGNAL] 2026-08-06T18:19:59+00:00 BANKTRY BUY fill_at=2026-08-06T18:24:59+00:00 features={"close": 1.995, "bb_lower": 1.9956058883259116, "bb_upper": 2.0424893497693257, "rsi": 33.214807516673844, "mfi": 28.72780777345986, "atr": 0.011714285714285741}
[ENTRY] 2026-08-06T18:24:59+00:00 BANKTRY layer=2 value=229.00 entry=1.99549550 cash=2064.12
[SCAN] 2026-08-06T18:24:59+00:00 symbols=20 signals=1 entries=1 exits=0 blocked=1 open=9 cash=2064.12 equity=9916.38
[SIGNAL] 2026-08-06T18:24:59+00:00 VANRYTRY BUY fill_at=2026-08-06T18:29:59+00:00 features={"close": 0.159, "bb_lower": 0.1595192701622616, "bb_upper": 0.16155692031392885, "rsi": 35.81722635198851, "mfi": 24.415004368446915, "atr": 0.0006071428571428597}
[BLOCKED] VANRYTRY reason=max_layers
[SCAN] 2026-08-06T18:29:59+00:00 symbols=20 signals=1 entries=0 exits=0 blocked=2 open=9 cash=2064.12 equity=9898.53
[SIGNAL] 2026-08-06T18:29:59+00:00 VANRYTRY BUY fill_at=2026-08-06T18:34:59+00:00 features={"close": 0.1593, "bb_lower": 0.15932973248748847, "bb_upper": 0.16159407703632103, "rsi": 38.96399789046817, "mfi": 17.905583546775176, "atr": 0.0006000000000000033}
[BLOCKED] VANRYTRY reason=max_layers
[SCAN] 2026-08-06T18:34:59+00:00 symbols=20 signals=1 entries=0 exits=0 blocked=3 open=9 cash=2064.12 equity=9902.39
[SIGNAL] 2026-08-06T18:34:59+00:00 VANRYTRY BUY fill_at=2026-08-06T18:39:59+00:00 features={"close": 0.159, "bb_lower": 0.15910275989895778, "bb_upper": 0.16163057343437554, "rsi": 36.99884218141534, "mfi": 19.780131088906742, "atr": 0.000614285714285716}
[BLOCKED] VANRYTRY reason=max_layers
[SCAN] 2026-08-06T18:39:59+00:00 symbols=20 signals=1 entries=0 exits=0 blocked=2 open=9 cash=2064.12 equity=9917.03
[EXIT] 2026-08-06T18:44:59+00:00 ALLOTRY reason=fixed_take_profit pnl=+22.97 cash=2825.05
[SCAN] 2026-08-06T18:44:59+00:00 symbols=20 signals=0 entries=0 exits=1 blocked=0 open=8 cash=2825.05 equity=9933.61
[SCAN] 2026-08-06T18:49:59+00:00 symbols=20 signals=0 entries=0 exits=0 blocked=0 open=8 cash=2825.05 equity=9929.54
[SCAN] 2026-08-06T18:54:59+00:00 symbols=20 signals=0 entries=0 exits=0 blocked=0 open=8 cash=2825.05 equity=9913.00
[SIGNAL] 2026-08-06T18:54:59+00:00 ENATRY BUY fill_at=2026-08-06T18:59:59+00:00 features={"close": 4.346, "bb_lower": 4.3471905152866, "bb_upper": 4.405190437094351, "rsi": 34.140369151910235, "mfi": 28.60444478573531, "atr": 0.012214285714285669}
[ENTRY] 2026-08-06T18:59:59+00:00 ENATRY layer=1 value=282.08 entry=4.34925950 cash=2542.55
[SCAN] 2026-08-06T18:59:59+00:00 symbols=20 signals=1 entries=1 exits=0 blocked=1 open=9 cash=2542.55 equity=9894.18
[SIGNAL] 2026-08-06T18:59:59+00:00 ZROTRY BUY fill_at=2026-08-06T19:04:59+00:00 features={"close": 38.8, "bb_lower": 38.82993546138697, "bb_upper": 39.36054072908922, "rsi": 33.67414886914216, "mfi": 39.26184332930602, "atr": 0.07142857142857142}
[ENTRY] 2026-08-06T19:04:59+00:00 ZROTRY layer=1 value=337.64 entry=38.92917500 cash=3043.34
[SIGNAL] 2026-08-06T18:59:59+00:00 TOWNSTRY BUY fill_at=2026-08-06T19:04:59+00:00 features={"close": 0.107, "bb_lower": 0.10711338033997145, "bb_upper": 0.11021995299336193, "rsi": 31.1897031041957, "mfi": 7.136524640446268, "atr": 0.00028571428571428595}
[ENTRY] 2026-08-06T19:04:59+00:00 TOWNSTRY layer=1 value=303.88 entry=0.10808100 cash=2739.01
[SCAN] 2026-08-06T19:04:59+00:00 symbols=20 signals=2 entries=2 exits=1 blocked=0 open=10 cash=2739.01 equity=9902.58
[SCAN] 2026-08-06T19:09:59+00:00 symbols=20 signals=0 entries=0 exits=0 blocked=0 open=10 cash=2739.01 equity=9908.76
[SCAN] 2026-08-06T19:14:59+00:00 symbols=20 signals=0 entries=0 exits=0 blocked=0 open=10 cash=2739.01 equity=9904.57
[SIGNAL] 2026-08-06T19:14:59+00:00 COTITRY BUY fill_at=2026-08-06T19:19:59+00:00 features={"close": 0.6874, "bb_lower": 0.6899215292724699, "bb_upper": 0.7269070421561017, "rsi": 26.262429606241753, "mfi": 9.653909065566197, "atr": 0.005735714285714281}
[ENTRY] 2026-08-06T19:19:59+00:00 COTITRY layer=1 value=273.49 entry=0.68871615 cash=2465.11
[SCAN] 2026-08-06T19:19:59+00:00 symbols=20 signals=1 entries=1 exits=0 blocked=0 open=11 cash=2465.11 equity=9879.24
[SCAN] 2026-08-06T19:24:59+00:00 symbols=20 signals=0 entries=0 exits=0 blocked=1 open=11 cash=2465.11 equity=9884.73
[EXIT] 2026-08-06T19:29:59+00:00 VICTRY reason=fixed_stop_loss pnl=-71.58 cash=3520.37
[SCAN] 2026-08-06T19:29:59+00:00 symbols=20 signals=0 entries=0 exits=1 blocked=1 open=10 cash=3520.37 equity=9875.19
[SCAN] 2026-08-06T19:34:59+00:00 symbols=20 signals=0 entries=0 exits=0 blocked=2 open=10 cash=3520.37 equity=9874.98
[SCAN] 2026-08-06T19:39:59+00:00 symbols=20 signals=0 entries=0 exits=0 blocked=2 open=10 cash=3520.37 equity=9871.26
[SCAN] 2026-08-06T19:44:59+00:00 symbols=20 signals=0 entries=0 exits=0 blocked=1 open=10 cash=3520.37 equity=9847.19
[SIGNAL] 2026-08-06T19:44:59+00:00 BIOTRY BUY fill_at=2026-08-06T19:49:59+00:00 features={"close": 1.115, "bb_lower": 1.1172659946992136, "bb_upper": 1.1329244814912627, "rsi": 29.135163025492034, "mfi": 16.183756821523602, "atr": 0.002999999999999955}
[BLOCKED] BIOTRY reason=max_layers
[SCAN] 2026-08-06T19:49:59+00:00 symbols=20 signals=1 entries=0 exits=0 blocked=2 open=10 cash=3520.37 equity=9842.84
[SCAN] 2026-08-06T19:54:59+00:00 symbols=20 signals=0 entries=0 exits=0 blocked=1 open=10 cash=3520.37 equity=9849.81
[SCAN] 2026-08-06T19:59:59+00:00 symbols=20 signals=0 entries=0 exits=0 blocked=0 open=10 cash=3520.37 equity=9854.02
[SCAN] 2026-08-06T20:04:59+00:00 symbols=20 signals=0 entries=0 exits=1 blocked=0 open=9 cash=3804.20 equity=9845.91
[SCAN] 2026-08-06T20:09:59+00:00 symbols=20 signals=0 entries=0 exits=0 blocked=0 open=9 cash=3804.20 equity=9852.55
[SIGNAL] 2026-08-06T20:09:59+00:00 VICTRY BUY fill_at=2026-08-06T20:14:59+00:00 features={"close": 1.52, "bb_lower": 1.5257800062553892, "bb_upper": 1.636124755649372, "rsi": 24.515871063163942, "mfi": 15.207472000402447, "atr": 0.017857142857142873}
[ENTRY] 2026-08-06T20:14:59+00:00 VICTRY layer=1 value=379.85 entry=1.52114000 cash=3423.78
[SCAN] 2026-08-06T20:14:59+00:00 symbols=20 signals=1 entries=1 exits=0 blocked=0 open=10 cash=3423.78 equity=9845.61
[SIGNAL] 2026-08-06T20:14:59+00:00 VICTRY BUY fill_at=2026-08-06T20:19:59+00:00 features={"close": 1.51, "bb_lower": 1.5144591136308405, "bb_upper": 1.6398266006548734, "rsi": 22.6381847082031, "mfi": 12.288549452866164, "atr": 0.019285714285714302}
[ENTRY] 2026-08-06T20:19:59+00:00 VICTRY layer=2 value=341.87 entry=1.52114000 cash=3081.40
[SCAN] 2026-08-06T20:19:59+00:00 symbols=20 signals=1 entries=1 exits=0 blocked=0 open=10 cash=3081.40 equity=9848.85
[SCAN] 2026-08-06T20:24:59+00:00 symbols=20 signals=0 entries=0 exits=0 blocked=0 open=10 cash=3081.40 equity=9853.74
[SIGNAL] 2026-08-06T20:24:59+00:00 HOMETRY BUY fill_at=2026-08-06T20:29:59+00:00 features={"close": 0.45, "bb_lower": 0.4507894181020165, "bb_upper": 0.460734391421793, "rsi": 35.69829976364326, "mfi": 43.765285790621846, "atr": 0.0032857142857142885}
[BLOCKED] HOMETRY reason=max_layers
[EXIT] 2026-08-06T20:29:59+00:00 BANKTRY reason=fixed_take_profit pnl=+15.07 cash=3580.65
[SCAN] 2026-08-06T20:29:59+00:00 symbols=20 signals=1 entries=0 exits=1 blocked=2 open=9 cash=3580.65 equity=9840.63
[SCAN] 2026-08-06T20:34:59+00:00 symbols=20 signals=0 entries=0 exits=0 blocked=1 open=9 cash=3580.65 equity=9832.41
[SIGNAL] 2026-08-06T20:34:59+00:00 HOMETRY BUY fill_at=2026-08-06T20:39:59+00:00 features={"close": 0.448, "bb_lower": 0.4491238411644601, "bb_upper": 0.46059044454982573, "rsi": 33.80909713189298, "mfi": 33.07109949355416, "atr": 0.0032142857142857173}
[BLOCKED] HOMETRY reason=max_layers
[SCAN] 2026-08-06T20:39:59+00:00 symbols=20 signals=1 entries=0 exits=0 blocked=2 open=9 cash=3580.65 equity=9826.22
[EXIT] 2026-08-06T20:44:59+00:00 FIDATRY reason=bb_mfi_v3_signal_exit pnl=-19.43 cash=4194.02
[SIGNAL] 2026-08-06T20:39:59+00:00 HOMETRY BUY fill_at=2026-08-06T20:44:59+00:00 features={"close": 0.445, "bb_lower": 0.44748708372965484, "bb_upper": 0.4607986305560595, "rsi": 29.956329730746134, "mfi": 25.045907175672298, "atr": 0.0034285714285714314}
[BLOCKED] HOMETRY reason=max_layers
[SCAN] 2026-08-06T20:44:59+00:00 symbols=20 signals=1 entries=0 exits=1 blocked=3 open=8 cash=4194.02 equity=9843.99
[SIGNAL] 2026-08-06T20:44:59+00:00 HOMETRY BUY fill_at=2026-08-06T20:49:59+00:00 features={"close": 0.446, "bb_lower": 0.4462555960018141, "bb_upper": 0.46126821352199543, "rsi": 32.72477070697529, "mfi": 28.071330533930393, "atr": 0.00335714285714286}
[BLOCKED] HOMETRY reason=max_layers
[SCAN] 2026-08-06T20:49:59+00:00 symbols=20 signals=1 entries=0 exits=0 blocked=2 open=8 cash=4194.02 equity=9831.59
[SIGNAL] 2026-08-06T20:49:59+00:00 HOMETRY BUY fill_at=2026-08-06T20:54:59+00:00 features={"close": 0.442, "bb_lower": 0.4441500406597235, "bb_upper": 0.46213567362599073, "rsi": 27.939494366242556, "mfi": 24.561886654521317, "atr": 0.003571428571428575}
[BLOCKED] HOMETRY reason=max_layers
[SCAN] 2026-08-06T20:54:59+00:00 symbols=20 signals=1 entries=0 exits=0 blocked=1 open=8 cash=4194.02 equity=9841.88
[SCAN] 2026-08-06T20:59:59+00:00 symbols=20 signals=0 entries=0 exits=0 blocked=0 open=8 cash=4194.02 equity=9877.92
[SIGNAL] 2026-08-06T20:59:59+00:00 BIOTRY BUY fill_at=2026-08-06T21:04:59+00:00 features={"close": 1.112, "bb_lower": 1.112188834398339, "bb_upper": 1.1232397370302327, "rsi": 29.805790380613928, "mfi": 29.87487918683715, "atr": 0.0022857142857143353}
[BLOCKED] BIOTRY reason=max_layers
[SCAN] 2026-08-06T21:04:59+00:00 symbols=20 signals=1 entries=0 exits=0 blocked=1 open=8 cash=4194.02 equity=9864.48
[SCAN] 2026-08-06T21:09:59+00:00 symbols=20 signals=0 entries=0 exits=0 blocked=0 open=8 cash=4194.02 equity=9850.37
[SCAN] 2026-08-06T21:14:59+00:00 symbols=20 signals=0 entries=0 exits=0 blocked=0 open=8 cash=4194.02 equity=9828.71
[SCAN] 2026-08-06T21:19:59+00:00 symbols=20 signals=0 entries=0 exits=0 blocked=0 open=8 cash=4194.02 equity=9817.81
[SCAN] 2026-08-06T21:24:59+00:00 symbols=20 signals=0 entries=0 exits=0 blocked=0 open=8 cash=4194.02 equity=9817.04
[SCAN] 2026-08-06T21:29:59+00:00 symbols=20 signals=0 entries=0 exits=0 blocked=0 open=8 cash=4194.02 equity=9850.85
[SIGNAL] 2026-08-06T21:29:59+00:00 RETRY BUY fill_at=2026-08-06T21:34:59+00:00 features={"close": 19.85, "bb_lower": 19.89150938332248, "bb_upper": 20.522776330963232, "rsi": 41.44199382846636, "mfi": 32.99949787414968, "atr": 0.18499999999999947}
[ENTRY] 2026-08-06T21:34:59+00:00 RETRY layer=1 value=418.77 entry=19.86488750 cash=3774.62
[SCAN] 2026-08-06T21:34:59+00:00 symbols=20 signals=1 entries=1 exits=0 blocked=0 open=9 cash=3774.62 equity=9848.38
[SCAN] 2026-08-06T21:39:59+00:00 symbols=20 signals=0 entries=0 exits=0 blocked=0 open=9 cash=3774.62 equity=9856.20
[SCAN] 2026-08-06T21:44:59+00:00 symbols=20 signals=0 entries=0 exits=0 blocked=1 open=9 cash=3774.62 equity=9858.18
[SIGNAL] 2026-08-06T21:44:59+00:00 RETRY BUY fill_at=2026-08-06T21:49:59+00:00 features={"close": 19.66, "bb_lower": 19.713329119278953, "bb_upper": 20.5742899283401, "rsi": 34.9370668979939, "mfi": 39.453668424159176, "atr": 0.17285714285714246}
[ENTRY] 2026-08-06T21:49:59+00:00 RETRY layer=2 value=376.90 entry=19.69476000 cash=3397.16
[SCAN] 2026-08-06T21:49:59+00:00 symbols=20 signals=1 entries=1 exits=0 blocked=0 open=9 cash=3397.16 equity=9855.66
[EXIT] 2026-08-06T21:54:59+00:00 ZROTRY reason=bb_mfi_v3_signal_exit pnl=+3.67 cash=3738.98
[SIGNAL] 2026-08-06T21:49:59+00:00 RETRY BUY fill_at=2026-08-06T21:54:59+00:00 features={"close": 19.38, "bb_lower": 19.56623125181314, "bb_upper": 20.639483033901154, "rsi": 27.800580044575725, "mfi": 29.803019423379723, "atr": 0.18928571428571392}
[BLOCKED] RETRY reason=max_layers
[SIGNAL] 2026-08-06T21:49:59+00:00 PUMPTRY BUY fill_at=2026-08-06T21:54:59+00:00 features={"close": 0.1131, "bb_lower": 0.1131299811473478, "bb_upper": 0.11494620932884268, "rsi": 41.4181141634032, "mfi": 24.352328206918216, "atr": 0.0004071428571428559}
[ENTRY] 2026-08-06T21:54:59+00:00 PUMPTRY layer=1 value=373.34 entry=0.11318483 cash=3365.08
[SCAN] 2026-08-06T21:54:59+00:00 symbols=20 signals=2 entries=1 exits=1 blocked=1 open=9 cash=3365.08 equity=9850.98
[SIGNAL] 2026-08-06T21:54:59+00:00 RETRY BUY fill_at=2026-08-06T21:59:59+00:00 features={"close": 19.3, "bb_lower": 19.429070156713934, "bb_upper": 20.67664412900036, "rsi": 26.1473984103375, "mfi": 23.742915194757884, "atr": 0.19214285714285673}
[BLOCKED] RETRY reason=max_layers
[SCAN] 2026-08-06T21:59:59+00:00 symbols=20 signals=1 entries=0 exits=0 blocked=1 open=9 cash=3365.08 equity=9832.34
[SCAN] 2026-08-06T22:04:59+00:00 symbols=20 signals=0 entries=0 exits=1 blocked=1 open=8 cash=3964.23 equity=9863.28
[SCAN] 2026-08-06T22:09:59+00:00 symbols=20 signals=0 entries=0 exits=0 blocked=0 open=8 cash=3964.23 equity=9847.08
[SCAN] 2026-08-06T22:14:59+00:00 symbols=20 signals=0 entries=0 exits=0 blocked=1 open=8 cash=3964.23 equity=9844.28
[SCAN] 2026-08-06T22:19:59+00:00 symbols=20 signals=0 entries=0 exits=0 blocked=2 open=8 cash=3964.23 equity=9828.20
[SCAN] 2026-08-06T22:24:59+00:00 symbols=20 signals=0 entries=0 exits=0 blocked=3 open=8 cash=3964.23 equity=9815.62
[SCAN] 2026-08-06T22:29:59+00:00 symbols=20 signals=0 entries=0 exits=0 blocked=2 open=8 cash=3964.23 equity=9798.50
[SCAN] 2026-08-06T22:34:59+00:00 symbols=20 signals=0 entries=0 exits=0 blocked=2 open=8 cash=3964.23 equity=9814.56
[SCAN] 2026-08-06T22:39:59+00:00 symbols=20 signals=0 entries=0 exits=0 blocked=1 open=8 cash=3964.23 equity=9805.04
[SCAN] 2026-08-06T22:44:59+00:00 symbols=20 signals=0 entries=0 exits=0 blocked=1 open=8 cash=3964.23 equity=9791.16
[SCAN] 2026-08-06T22:49:59+00:00 symbols=20 signals=0 entries=0 exits=0 blocked=0 open=8 cash=3964.23 equity=9790.04
[SCAN] 2026-08-06T22:54:59+00:00 symbols=20 signals=0 entries=0 exits=0 blocked=0 open=8 cash=3964.23 equity=9794.13
[SCAN] 2026-08-06T22:59:59+00:00 symbols=20 signals=0 entries=0 exits=0 blocked=0 open=8 cash=3964.23 equity=9804.76
[SCAN] 2026-08-06T23:04:59+00:00 symbols=20 signals=0 entries=0 exits=0 blocked=0 open=8 cash=3964.23 equity=9796.02
[SIGNAL] 2026-08-06T23:04:59+00:00 EDENTRY BUY fill_at=2026-08-06T23:09:59+00:00 features={"close": 1.963, "bb_lower": 1.9645788362040335, "bb_upper": 1.9844687828435865, "rsi": 40.70593791566539, "mfi": 36.75530986566603, "atr": 0.004500000000000044}
[ENTRY] 2026-08-06T23:09:59+00:00 EDENTRY layer=1 value=395.83 entry=1.96347150 cash=3567.81
[SCAN] 2026-08-06T23:09:59+00:00 symbols=20 signals=1 entries=1 exits=0 blocked=0 open=9 cash=3567.81 equity=9794.11
[SIGNAL] 2026-08-06T23:09:59+00:00 EDENTRY BUY fill_at=2026-08-06T23:14:59+00:00 features={"close": 1.962, "bb_lower": 1.9631215312565582, "bb_upper": 1.9852594211243948, "rsi": 39.887621437482906, "mfi": 38.401593712223764, "atr": 0.004000000000000051}
[ENTRY] 2026-08-06T23:14:59+00:00 EDENTRY layer=2 value=356.25 entry=1.96147000 cash=3211.03
[SCAN] 2026-08-06T23:14:59+00:00 symbols=20 signals=1 entries=1 exits=0 blocked=0 open=9 cash=3211.03 equity=9798.91
[SCAN] 2026-08-06T23:19:59+00:00 symbols=20 signals=0 entries=0 exits=0 blocked=0 open=9 cash=3211.03 equity=9775.50
[SIGNAL] 2026-08-06T23:19:59+00:00 VICTRY BUY fill_at=2026-08-06T23:24:59+00:00 features={"close": 1.45, "bb_lower": 1.4531099013563202, "bb_upper": 1.549747241500822, "rsi": 31.964039492464266, "mfi": 22.99630323147889, "atr": 0.017142857142857158}
[BLOCKED] VICTRY reason=max_layers
[SIGNAL] 2026-08-06T23:19:59+00:00 VANRYTRY BUY fill_at=2026-08-06T23:24:59+00:00 features={"close": 0.1562, "bb_lower": 0.15676905009405281, "bb_upper": 0.1590595213345187, "rsi": 35.03415057399836, "mfi": 40.35293674650896, "atr": 0.0006214285714285724}
[BLOCKED] VANRYTRY reason=max_layers
[SCAN] 2026-08-06T23:24:59+00:00 symbols=20 signals=2 entries=0 exits=0 blocked=2 open=9 cash=3211.03 equity=9768.48
[SCAN] 2026-08-06T23:29:59+00:00 symbols=20 signals=0 entries=0 exits=0 blocked=1 open=9 cash=3211.03 equity=9758.53
[SIGNAL] 2026-08-06T23:29:59+00:00 VANRYTRY BUY fill_at=2026-08-06T23:34:59+00:00 features={"close": 0.1555, "bb_lower": 0.15615970397022058, "bb_upper": 0.159211724601208, "rsi": 33.357317127871426, "mfi": 36.50487444252195, "atr": 0.0006857142857142875}
[BLOCKED] VANRYTRY reason=max_layers
[SCAN] 2026-08-06T23:34:59+00:00 symbols=20 signals=1 entries=0 exits=0 blocked=2 open=9 cash=3211.03 equity=9770.08
[SIGNAL] 2026-08-06T23:34:59+00:00 VANRYTRY BUY fill_at=2026-08-06T23:39:59+00:00 features={"close": 0.1557, "bb_lower": 0.1558688867516171, "bb_upper": 0.15921682753409716, "rsi": 35.306762060773494, "mfi": 31.95285135125347, "atr": 0.0006857142857142855}
[BLOCKED] VANRYTRY reason=max_layers
[SCAN] 2026-08-06T23:39:59+00:00 symbols=20 signals=1 entries=0 exits=0 blocked=1 open=9 cash=3211.03 equity=9764.06
[SIGNAL] 2026-08-06T23:39:59+00:00 VANRYTRY BUY fill_at=2026-08-06T23:44:59+00:00 features={"close": 0.1555, "bb_lower": 0.15555721611866116, "bb_upper": 0.1592713553099103, "rsi": 34.222262557164754, "mfi": 30.869009477883367, "atr": 0.0006928571428571419}
[BLOCKED] VANRYTRY reason=max_layers
[SCAN] 2026-08-06T23:44:59+00:00 symbols=20 signals=1 entries=0 exits=0 blocked=1 open=9 cash=3211.03 equity=9747.52
[SIGNAL] 2026-08-06T23:44:59+00:00 VANRYTRY BUY fill_at=2026-08-06T23:49:59+00:00 features={"close": 0.1546, "bb_lower": 0.15507976222529937, "bb_upper": 0.15950119015565298, "rsi": 29.76514531920118, "mfi": 28.65957443824975, "atr": 0.0007285714285714276}
[BLOCKED] VANRYTRY reason=max_layers
[SCAN] 2026-08-06T23:49:59+00:00 symbols=20 signals=1 entries=0 exits=0 blocked=1 open=9 cash=3211.03 equity=9732.37
[SIGNAL] 2026-08-06T23:49:59+00:00 HOMETRY BUY fill_at=2026-08-06T23:54:59+00:00 features={"close": 0.439, "bb_lower": 0.44215284854442305, "bb_upper": 0.45689477050319593, "rsi": 32.60947256451439, "mfi": 38.14889625210071, "atr": 0.0037142857142857177}
[BLOCKED] HOMETRY reason=max_layers
[EXIT] 2026-08-06T23:54:59+00:00 HOMETRY reason=fixed_stop_loss pnl=-76.43 cash=4337.81
[SCAN] 2026-08-06T23:54:59+00:00 symbols=20 signals=1 entries=0 exits=1 blocked=2 open=8 cash=4337.81 equity=9726.06
[SIGNAL] 2026-08-06T23:54:59+00:00 HOMETRY BUY fill_at=2026-08-06T23:59:59+00:00 features={"close": 0.437, "bb_lower": 0.44036773559390213, "bb_upper": 0.45667988345371674, "rsi": 30.45460520709068, "mfi": 27.029081975767625, "atr": 0.0038571428571428606}
[ENTRY] 2026-08-06T23:59:59+00:00 HOMETRY layer=1 value=433.13 entry=0.43832850 cash=3904.03
[SCAN] 2026-08-06T23:59:59+00:00 symbols=20 signals=1 entries=1 exits=0 blocked=0 open=9 cash=3904.03 equity=9733.32
[EXIT] 2026-08-07T00:04:59+00:00 VICTRY reason=fixed_stop_loss pnl=-45.91 cash=5339.13
[SCAN] 2026-08-07T00:04:59+00:00 symbols=20 signals=0 entries=0 exits=2 blocked=1 open=7 cash=5339.13 equity=9718.43
[SIGNAL] 2026-08-07T00:04:59+00:00 VICTRY BUY fill_at=2026-08-07T00:09:59+00:00 features={"close": 1.4, "bb_lower": 1.4238496159560272, "bb_upper": 1.5199599078534969, "rsi": 27.038419539049755, "mfi": 24.34357784513584, "atr": 0.019285714285714302}
[ENTRY] 2026-08-07T00:09:59+00:00 VICTRY layer=1 value=533.11 entry=1.40105000 cash=4805.22
[SIGNAL] 2026-08-07T00:04:59+00:00 BANKTRY BUY fill_at=2026-08-07T00:09:59+00:00 features={"close": 2.07, "bb_lower": 2.0701268529454833, "bb_upper": 2.108539813721184, "rsi": 43.19425557204042, "mfi": 28.707531405747787, "atr": 0.016642857142857053}
[ENTRY] 2026-08-07T00:09:59+00:00 BANKTRY layer=1 value=479.80 entry=2.06955100 cash=4324.70
[SCAN] 2026-08-07T00:09:59+00:00 symbols=20 signals=2 entries=2 exits=0 blocked=0 open=9 cash=4324.70 equity=9708.71
[EXIT] 2026-08-07T00:14:59+00:00 BIOTRY reason=bb_mfi_v3_signal_exit pnl=-20.07 cash=5268.69
[SIGNAL] 2026-08-07T00:09:59+00:00 VICTRY BUY fill_at=2026-08-07T00:14:59+00:00 features={"close": 1.4, "bb_lower": 1.4118883439833894, "bb_upper": 1.5223973703023248, "rsi": 27.038419555935945, "mfi": 21.565292395875233, "atr": 0.020000000000000018}
[ENTRY] 2026-08-07T00:14:59+00:00 VICTRY layer=2 value=526.08 entry=1.40105000 cash=4741.82
[SIGNAL] 2026-08-07T00:09:59+00:00 BANKTRY BUY fill_at=2026-08-07T00:14:59+00:00 features={"close": 2.056, "bb_lower": 2.063972303780374, "bb_upper": 2.1105038866958177, "rsi": 37.943984707202695, "mfi": 30.561861610249892, "atr": 0.01671428571428562}
[ENTRY] 2026-08-07T00:14:59+00:00 BANKTRY layer=2 value=473.47 entry=2.05654125 cash=4267.64
[SCAN] 2026-08-07T00:14:59+00:00 symbols=20 signals=2 entries=2 exits=1 blocked=0 open=8 cash=4267.64 equity=9720.65
[SIGNAL] 2026-08-07T00:14:59+00:00 VICTRY BUY fill_at=2026-08-07T00:19:59+00:00 features={"close": 1.39, "bb_lower": 1.3996857791578625, "bb_upper": 1.5241237446516611, "rsi": 25.332819696426853, "mfi": 21.3563236043733, "atr": 0.020714285714285734}
[BLOCKED] VICTRY reason=max_layers
[SIGNAL] 2026-08-07T00:14:59+00:00 COTITRY BUY fill_at=2026-08-07T00:19:59+00:00 features={"close": 0.6777, "bb_lower": 0.677815772890707, "bb_upper": 0.6846604175854836, "rsi": 39.192190119501355, "mfi": 45.30152604324485, "atr": 0.003221428571428558}
[ENTRY] 2026-08-07T00:19:59+00:00 COTITRY layer=2 value=426.12 entry=0.67610670 cash=3840.87
[SCAN] 2026-08-07T00:19:59+00:00 symbols=20 signals=2 entries=1 exits=0 blocked=2 open=8 cash=3840.87 equity=9719.82
[SIGNAL] 2026-08-07T00:19:59+00:00 COTITRY BUY fill_at=2026-08-07T00:24:59+00:00 features={"close": 0.6737, "bb_lower": 0.6762051193026973, "bb_upper": 0.6855948806973026, "rsi": 33.03217876422201, "mfi": 41.47262737956613, "atr": 0.00327142857142856}
[BLOCKED] COTITRY reason=max_layers
[SCAN] 2026-08-07T00:24:59+00:00 symbols=20 signals=1 entries=0 exits=0 blocked=1 open=8 cash=3840.87 equity=9726.35
[SCAN] 2026-08-07T00:29:59+00:00 symbols=20 signals=0 entries=0 exits=0 blocked=0 open=8 cash=3840.87 equity=9716.59
[SCAN] 2026-08-07T00:34:59+00:00 symbols=20 signals=0 entries=0 exits=0 blocked=0 open=8 cash=3840.87 equity=9717.63
[EXIT] 2026-08-07T00:39:59+00:00 VANRYTRY reason=fixed_stop_loss pnl=-86.08 cash=5109.96
[EXIT] 2026-08-07T00:39:59+00:00 HOMETRY reason=fixed_take_profit pnl=+13.50 cash=5557.25
[SCAN] 2026-08-07T00:39:59+00:00 symbols=20 signals=0 entries=0 exits=2 blocked=0 open=6 cash=5557.25 equity=9676.08
[SIGNAL] 2026-08-07T00:39:59+00:00 SAHARATRY BUY fill_at=2026-08-07T00:44:59+00:00 features={"close": 0.3926, "bb_lower": 0.39341727087196604, "bb_upper": 0.39883034817565305, "rsi": 29.996278773169607, "mfi": 22.54276587430212, "atr": 0.0011142857142857066}
[ENTRY] 2026-08-07T00:44:59+00:00 SAHARATRY layer=1 value=554.89 entry=0.39289445 cash=5001.52
[SCAN] 2026-08-07T00:44:59+00:00 symbols=20 signals=1 entries=1 exits=0 blocked=0 open=7 cash=5001.52 equity=9693.91
[SCAN] 2026-08-07T00:49:59+00:00 symbols=20 signals=0 entries=0 exits=0 blocked=0 open=7 cash=5001.52 equity=9698.16
[SCAN] 2026-08-07T00:54:59+00:00 symbols=20 signals=0 entries=0 exits=0 blocked=0 open=7 cash=5001.52 equity=9704.58
[SCAN] 2026-08-07T00:59:59+00:00 symbols=20 signals=0 entries=0 exits=0 blocked=0 open=7 cash=5001.52 equity=9694.75
[SCAN] 2026-08-07T01:04:59+00:00 symbols=20 signals=0 entries=0 exits=2 blocked=1 open=5 cash=5936.88 equity=9693.84
[SCAN] 2026-08-07T01:09:59+00:00 symbols=20 signals=0 entries=0 exits=0 blocked=0 open=5 cash=5936.88 equity=9694.13
[EXIT] 2026-08-07T01:14:59+00:00 TOWNSTRY reason=bb_mfi_v3_signal_exit pnl=+1.44 cash=6242.66
[SIGNAL] 2026-08-07T01:09:59+00:00 ENATRY BUY fill_at=2026-08-07T01:14:59+00:00 features={"close": 4.389, "bb_lower": 4.389849525840186, "bb_upper": 4.4184361884455265, "rsi": 40.98119569081259, "mfi": 49.02802249353601, "atr": 0.009285714285714277}
[ENTRY] 2026-08-07T01:14:59+00:00 ENATRY layer=1 value=623.33 entry=4.39229175 cash=5618.39
[SIGNAL] 2026-08-07T01:09:59+00:00 ALLOTRY BUY fill_at=2026-08-07T01:14:59+00:00 features={"close": 14.19, "bb_lower": 14.194866337197793, "bb_upper": 14.822276519945065, "rsi": 39.64538381282249, "mfi": 40.04034132901182, "atr": 0.19142857142857142}
[ENTRY] 2026-08-07T01:14:59+00:00 ALLOTRY layer=1 value=561.00 entry=14.21065000 cash=5056.55
[SCAN] 2026-08-07T01:14:59+00:00 symbols=20 signals=2 entries=2 exits=1 blocked=1 open=6 cash=5056.55 equity=9679.12
[SIGNAL] 2026-08-07T01:14:59+00:00 ENATRY BUY fill_at=2026-08-07T01:19:59+00:00 features={"close": 4.387, "bb_lower": 4.387218846013141, "bb_upper": 4.419162106367811, "rsi": 39.993466471376344, "mfi": 40.2538821004178, "atr": 0.009499999999999937}
[ENTRY] 2026-08-07T01:19:59+00:00 ENATRY layer=2 value=504.90 entry=4.39029025 cash=4550.90
[SIGNAL] 2026-08-07T01:14:59+00:00 ALLOTRY BUY fill_at=2026-08-07T01:19:59+00:00 features={"close": 14.02, "bb_lower": 14.120057244687422, "bb_upper": 14.864704660074482, "rsi": 34.46122256771754, "mfi": 38.12857647380723, "atr": 0.19857142857142854}
[ENTRY] 2026-08-07T01:19:59+00:00 ALLOTRY layer=2 value=454.41 entry=14.04052250 cash=4095.81
[SCAN] 2026-08-07T01:19:59+00:00 symbols=20 signals=2 entries=2 exits=0 blocked=1 open=6 cash=4095.81 equity=9692.41
[SIGNAL] 2026-08-07T01:19:59+00:00 ENATRY BUY fill_at=2026-08-07T01:24:59+00:00 features={"close": 4.38, "bb_lower": 4.383351353516197, "bb_upper": 4.420077217912372, "rsi": 36.64463126713767, "mfi": 34.7209222931335, "atr": 0.00935714285714281}
[BLOCKED] ENATRY reason=max_layers
[SIGNAL] 2026-08-07T01:19:59+00:00 ALLOTRY BUY fill_at=2026-08-07T01:24:59+00:00 features={"close": 14.07, "bb_lower": 14.077886923375413, "bb_upper": 14.886874981386491, "rsi": 37.08265953959153, "mfi": 33.00877998749985, "atr": 0.19928571428571434}
[BLOCKED] ALLOTRY reason=max_layers
[SCAN] 2026-08-07T01:24:59+00:00 symbols=20 signals=2 entries=0 exits=0 blocked=2 open=6 cash=4095.81 equity=9710.72
[SIGNAL] 2026-08-07T01:24:59+00:00 HEITRY BUY fill_at=2026-08-07T01:29:59+00:00 features={"close": 8.97, "bb_lower": 9.000687804182295, "bb_upper": 9.582645529151037, "rsi": 32.77696238559878, "mfi": 38.291664541186755, "atr": 0.1693571428571429}
[ENTRY] 2026-08-07T01:29:59+00:00 HEITRY layer=1 value=408.97 entry=8.97872900 cash=3686.23
[SIGNAL] 2026-08-07T01:24:59+00:00 ALLOTRY BUY fill_at=2026-08-07T01:29:59+00:00 features={"close": 13.86, "bb_lower": 13.970035621858809, "bb_upper": 14.937583425760234, "rsi": 31.373018709252122, "mfi": 35.68337275247937, "atr": 0.20000000000000018}
[BLOCKED] ALLOTRY reason=max_layers
[SCAN] 2026-08-07T01:29:59+00:00 symbols=20 signals=2 entries=1 exits=0 blocked=1 open=7 cash=3686.23 equity=9705.43
[SIGNAL] 2026-08-07T01:29:59+00:00 ALLOTRY BUY fill_at=2026-08-07T01:34:59+00:00 features={"close": 13.83, "bb_lower": 13.87131755373652, "bb_upper": 14.974396731977768, "rsi": 30.642836990682042, "mfi": 28.674517670364835, "atr": 0.20000000000000018}
[BLOCKED] ALLOTRY reason=max_layers
[SCAN] 2026-08-07T01:34:59+00:00 symbols=20 signals=1 entries=0 exits=0 blocked=1 open=7 cash=3686.23 equity=9701.38
[SIGNAL] 2026-08-07T01:34:59+00:00 KAITOTRY BUY fill_at=2026-08-07T01:39:59+00:00 features={"close": 42.7, "bb_lower": 42.75444617017394, "bb_upper": 43.52545859173082, "rsi": 36.866146127927685, "mfi": 33.41731941857968, "atr": 0.23935714285714177}
[ENTRY] 2026-08-07T01:39:59+00:00 KAITOTRY layer=1 value=368.07 entry=42.77205500 cash=3317.60
[SCAN] 2026-08-07T01:39:59+00:00 symbols=20 signals=1 entries=1 exits=0 blocked=1 open=8 cash=3317.60 equity=9697.70
[SIGNAL] 2026-08-07T01:39:59+00:00 HEITRY BUY fill_at=2026-08-07T01:44:59+00:00 features={"close": 8.746, "bb_lower": 8.817506988484842, "bb_upper": 9.645635868658013, "rsi": 26.65225509533741, "mfi": 30.90819403695366, "atr": 0.16242857142857137}
[ENTRY] 2026-08-07T01:44:59+00:00 HEITRY layer=2 value=331.26 entry=8.74255200 cash=2985.84
[SIGNAL] 2026-08-07T01:39:59+00:00 KAITOTRY BUY fill_at=2026-08-07T01:44:59+00:00 features={"close": 42.7, "bb_lower": 42.70103972174422, "bb_upper": 43.5509602782558, "rsi": 36.866146152782235, "mfi": 32.09478241691737, "atr": 0.2424285714285703}
[ENTRY] 2026-08-07T01:44:59+00:00 KAITOTRY layer=2 value=298.14 entry=42.69199500 cash=2687.26
[SCAN] 2026-08-07T01:44:59+00:00 symbols=20 signals=2 entries=2 exits=0 blocked=0 open=8 cash=2687.26 equity=9711.75
[SCAN] 2026-08-07T01:49:59+00:00 symbols=20 signals=0 entries=0 exits=0 blocked=0 open=8 cash=2687.26 equity=9735.32
[EXIT] 2026-08-07T01:54:59+00:00 ENATRY reason=bb_mfi_v3_signal_exit pnl=+10.79 cash=3827.97
[SCAN] 2026-08-07T01:54:59+00:00 symbols=20 signals=0 entries=0 exits=1 blocked=0 open=7 cash=3827.97 equity=9734.63
[EXIT] 2026-08-07T01:59:59+00:00 VICTRY reason=fixed_take_profit pnl=+33.02 cash=4921.77
[SCAN] 2026-08-07T01:59:59+00:00 symbols=20 signals=0 entries=0 exits=1 blocked=0 open=6 cash=4921.77 equity=9724.57
[SIGNAL] 2026-08-07T01:59:59+00:00 FIDATRY BUY fill_at=2026-08-07T02:04:59+00:00 features={"close": 0.889, "bb_lower": 0.8935375108337305, "bb_upper": 0.9056053463091265, "rsi": 32.81273750440462, "mfi": 41.507410981927585, "atr": 0.002714285714285717}
[ENTRY] 2026-08-07T02:04:59+00:00 FIDATRY layer=1 value=491.44 entry=0.88666450 cash=4429.60
[SCAN] 2026-08-07T02:04:59+00:00 symbols=20 signals=1 entries=1 exits=0 blocked=0 open=7 cash=4429.60 equity=9728.93
[SIGNAL] 2026-08-07T02:04:59+00:00 FIDATRY BUY fill_at=2026-08-07T02:09:59+00:00 features={"close": 0.889, "bb_lower": 0.8917168642602614, "bb_upper": 0.9066640881206908, "rsi": 32.81273748057342, "mfi": 34.55211044619202, "atr": 0.0030714285714285743}
[ENTRY] 2026-08-07T02:09:59+00:00 FIDATRY layer=2 value=442.30 entry=0.88666450 cash=3986.64
[SCAN] 2026-08-07T02:09:59+00:00 symbols=20 signals=1 entries=1 exits=0 blocked=0 open=7 cash=3986.64 equity=9718.58
[SIGNAL] 2026-08-07T02:09:59+00:00 FIDATRY BUY fill_at=2026-08-07T02:14:59+00:00 features={"close": 0.885, "bb_lower": 0.8890278574058774, "bb_upper": 0.9082102378322181, "rsi": 28.1862035736213, "mfi": 28.827897615403415, "atr": 0.0032142857142857173}
[BLOCKED] FIDATRY reason=max_layers
[SCAN] 2026-08-07T02:14:59+00:00 symbols=20 signals=1 entries=0 exits=0 blocked=1 open=7 cash=3986.64 equity=9731.64
[SIGNAL] 2026-08-07T02:14:59+00:00 FIDATRY BUY fill_at=2026-08-07T02:19:59+00:00 features={"close": 0.886, "bb_lower": 0.8871077168286936, "bb_upper": 0.9090827593617825, "rsi": 30.827685918531174, "mfi": 38.83313770402944, "atr": 0.0030714285714285743}
[BLOCKED] FIDATRY reason=max_layers
[SCAN] 2026-08-07T02:19:59+00:00 symbols=20 signals=1 entries=0 exits=0 blocked=1 open=7 cash=3986.64 equity=9703.06
[SIGNAL] 2026-08-07T02:19:59+00:00 HEITRY BUY fill_at=2026-08-07T02:24:59+00:00 features={"close": 8.536, "bb_lower": 8.536158861747623, "bb_upper": 9.41117447158571, "rsi": 30.668100690757598, "mfi": 35.36160051653498, "atr": 0.17685714285714266}
[BLOCKED] HEITRY reason=max_layers
[EXIT] 2026-08-07T02:24:59+00:00 HEITRY reason=fixed_stop_loss pnl=-47.09 cash=4680.89
[SCAN] 2026-08-07T02:24:59+00:00 symbols=20 signals=1 entries=0 exits=1 blocked=1 open=6 cash=4680.89 equity=9680.74
[SIGNAL] 2026-08-07T02:24:59+00:00 HEITRY BUY fill_at=2026-08-07T02:29:59+00:00 features={"close": 8.002, "bb_lower": 8.332636815959214, "bb_upper": 9.490886993564596, "rsi": 21.250457251537455, "mfi": 23.64645807735542, "atr": 0.2079285714285712}
[ENTRY] 2026-08-07T02:29:59+00:00 HEITRY layer=1 value=467.39 entry=7.99399100 cash=4212.80
[SIGNAL] 2026-08-07T02:24:59+00:00 PUMPTRY BUY fill_at=2026-08-07T02:29:59+00:00 features={"close": 0.1123, "bb_lower": 0.11244666506062909, "bb_upper": 0.11470571589175182, "rsi": 32.377172891224134, "mfi": 32.198911857968156, "atr": 0.00032857142857142905}
[ENTRY] 2026-08-07T02:29:59+00:00 PUMPTRY layer=1 value=420.65 entry=0.11238423 cash=3791.52
[SCAN] 2026-08-07T02:29:59+00:00 symbols=20 signals=2 entries=2 exits=0 blocked=0 open=8 cash=3791.52 equity=9665.94
[SIGNAL] 2026-08-07T02:29:59+00:00 HEITRY BUY fill_at=2026-08-07T02:34:59+00:00 features={"close": 8.044, "bb_lower": 8.185146450947311, "bb_upper": 9.52847259667174, "rsi": 23.258422775036152, "mfi": 23.008418905728163, "atr": 0.2071428571428569}
[ENTRY] 2026-08-07T02:34:59+00:00 HEITRY layer=2 value=378.58 entry=8.05303525 cash=3412.37
[SIGNAL] 2026-08-07T02:29:59+00:00 RETRY BUY fill_at=2026-08-07T02:34:59+00:00 features={"close": 18.89, "bb_lower": 18.942711180989765, "bb_upper": 19.637288819010234, "rsi": 34.73681931298822, "mfi": 41.62576574778574, "atr": 0.14357142857142843}
[BLOCKED] RETRY reason=max_layers
[SCAN] 2026-08-07T02:34:59+00:00 symbols=20 signals=2 entries=1 exits=0 blocked=1 open=8 cash=3412.37 equity=9684.48
[SIGNAL] 2026-08-07T02:34:59+00:00 HEITRY BUY fill_at=2026-08-07T02:39:59+00:00 features={"close": 8.002, "bb_lower": 8.057288433279536, "bb_upper": 9.53842585243475, "rsi": 22.633225897220598, "mfi": 22.263440514476628, "atr": 0.20028571428571398}
[BLOCKED] HEITRY reason=max_layers
[SCAN] 2026-08-07T02:39:59+00:00 symbols=20 signals=1 entries=0 exits=0 blocked=1 open=8 cash=3412.37 equity=9688.20
[SCAN] 2026-08-07T02:44:59+00:00 symbols=20 signals=0 entries=0 exits=0 blocked=0 open=8 cash=3412.37 equity=9681.33
[SCAN] 2026-08-07T02:49:59+00:00 symbols=20 signals=0 entries=0 exits=0 blocked=0 open=8 cash=3412.37 equity=9691.93
[SCAN] 2026-08-07T02:54:59+00:00 symbols=20 signals=0 entries=0 exits=0 blocked=0 open=8 cash=3412.37 equity=9684.65
[SCAN] 2026-08-07T02:59:59+00:00 symbols=20 signals=0 entries=0 exits=0 blocked=0 open=8 cash=3412.37 equity=9681.55
[EXIT] 2026-08-07T03:04:59+00:00 HEITRY reason=fixed_take_profit pnl=+26.37 cash=4285.98
[SCAN] 2026-08-07T03:04:59+00:00 symbols=20 signals=0 entries=0 exits=1 blocked=0 open=7 cash=4285.98 equity=9706.26
[SIGNAL] 2026-08-07T03:04:59+00:00 COTITRY BUY fill_at=2026-08-07T03:09:59+00:00 features={"close": 0.6627, "bb_lower": 0.6651744264177007, "bb_upper": 0.6765779545346801, "rsi": 34.973501165992644, "mfi": 29.40478059917811, "atr": 0.004228571428571423}
[BLOCKED] COTITRY reason=max_layers
[SCAN] 2026-08-07T03:09:59+00:00 symbols=20 signals=1 entries=0 exits=0 blocked=1 open=7 cash=4285.98 equity=9704.19
[SCAN] 2026-08-07T03:14:59+00:00 symbols=20 signals=0 entries=0 exits=0 blocked=1 open=7 cash=4285.98 equity=9692.14
[SCAN] 2026-08-07T03:19:59+00:00 symbols=20 signals=0 entries=0 exits=0 blocked=1 open=7 cash=4285.98 equity=9690.67
[SCAN] 2026-08-07T03:24:59+00:00 symbols=20 signals=0 entries=0 exits=0 blocked=1 open=7 cash=4285.98 equity=9700.23
[SCAN] 2026-08-07T03:29:59+00:00 symbols=20 signals=0 entries=0 exits=0 blocked=1 open=7 cash=4285.98 equity=9731.83
[SCAN] 2026-08-07T03:34:59+00:00 symbols=20 signals=0 entries=0 exits=0 blocked=1 open=7 cash=4285.98 equity=9735.92
[SCAN] 2026-08-07T03:39:59+00:00 symbols=20 signals=0 entries=0 exits=0 blocked=1 open=7 cash=4285.98 equity=9740.73
[SCAN] 2026-08-07T03:44:59+00:00 symbols=20 signals=0 entries=0 exits=0 blocked=0 open=7 cash=4285.98 equity=9731.35
[EXIT] 2026-08-07T03:49:59+00:00 ALLOTRY reason=fixed_take_profit pnl=+31.65 cash=5334.56
[SCAN] 2026-08-07T03:49:59+00:00 symbols=20 signals=0 entries=0 exits=1 blocked=0 open=6 cash=5334.56 equity=9746.57
[SCAN] 2026-08-07T03:54:59+00:00 symbols=20 signals=0 entries=0 exits=0 blocked=0 open=6 cash=5334.56 equity=9733.67
[SCAN] 2026-08-07T03:59:59+00:00 symbols=20 signals=0 entries=0 exits=0 blocked=0 open=6 cash=5334.56 equity=9730.26
[SIGNAL] 2026-08-07T03:59:59+00:00 PUMPTRY BUY fill_at=2026-08-07T04:04:59+00:00 features={"close": 0.1115, "bb_lower": 0.11164961057513617, "bb_upper": 0.11524562752010192, "rsi": 30.691906898236255, "mfi": 44.518019599330685, "atr": 0.0005357142857142852}
[ENTRY] 2026-08-07T04:04:59+00:00 PUMPTRY layer=2 value=599.94 entry=0.11148355 cash=5407.59
[SCAN] 2026-08-07T04:04:59+00:00 symbols=20 signals=1 entries=1 exits=1 blocked=0 open=5 cash=5407.59 equity=9715.80
[SIGNAL] 2026-08-07T04:04:59+00:00 COTITRY BUY fill_at=2026-08-07T04:09:59+00:00 features={"close": 0.6626, "bb_lower": 0.6626354943275352, "bb_upper": 0.6795168866248458, "rsi": 40.076714156747904, "mfi": 50.89120696246196, "atr": 0.006585714285714306}
[BLOCKED] COTITRY reason=max_layers
[SIGNAL] 2026-08-07T04:04:59+00:00 RETRY BUY fill_at=2026-08-07T04:09:59+00:00 features={"close": 18.73, "bb_lower": 18.75002862981059, "bb_upper": 19.074733274951317, "rsi": 34.78930249423641, "mfi": 34.916775091624714, "atr": 0.08142857142857148}
[BLOCKED] RETRY reason=max_layers
[SCAN] 2026-08-07T04:09:59+00:00 symbols=20 signals=2 entries=0 exits=0 blocked=2 open=5 cash=5407.59 equity=9714.31
[SIGNAL] 2026-08-07T04:09:59+00:00 COTITRY BUY fill_at=2026-08-07T04:14:59+00:00 features={"close": 0.6611, "bb_lower": 0.6611497926841992, "bb_upper": 0.6797168739824675, "rsi": 38.73647964659371, "mfi": 50.67719349566362, "atr": 0.006471428571428588}
[BLOCKED] COTITRY reason=max_layers
[SIGNAL] 2026-08-07T04:09:59+00:00 RETRY BUY fill_at=2026-08-07T04:14:59+00:00 features={"close": 18.69, "bb_lower": 18.719184094039978, "bb_upper": 19.07129209643622, "rsi": 33.09007921519924, "mfi": 33.78098784949988, "atr": 0.08000000000000007}
[BLOCKED] RETRY reason=max_layers
[EXIT] 2026-08-07T04:14:59+00:00 COTITRY reason=fixed_stop_loss pnl=-44.51 cash=6063.74
[EXIT] 2026-08-07T04:14:59+00:00 RETRY reason=fixed_stop_loss pnl=-50.62 cash=6809.99
[SCAN] 2026-08-07T04:14:59+00:00 symbols=20 signals=2 entries=0 exits=2 blocked=2 open=3 cash=6809.99 equity=9677.16
[SIGNAL] 2026-08-07T04:14:59+00:00 FIDATRY BUY fill_at=2026-08-07T04:19:59+00:00 features={"close": 0.869, "bb_lower": 0.869112223210991, "bb_upper": 0.8856496815509135, "rsi": 25.80159315397944, "mfi": 16.77394398204126, "atr": 0.0021428571428571447}
[BLOCKED] FIDATRY reason=max_layers
[SIGNAL] 2026-08-07T04:14:59+00:00 COTITRY BUY fill_at=2026-08-07T04:19:59+00:00 features={"close": 0.6469, "bb_lower": 0.655655227604682, "bb_upper": 0.6825447723953181, "rsi": 28.844030500683886, "mfi": 38.90162963054247, "atr": 0.007421428571428594}
[ENTRY] 2026-08-07T04:19:59+00:00 COTITRY layer=1 value=679.98 entry=0.64668465 cash=6128.99
[SIGNAL] 2026-08-07T04:14:59+00:00 RETRY BUY fill_at=2026-08-07T04:19:59+00:00 features={"close": 18.61, "bb_lower": 18.667951580767344, "bb_upper": 19.095857943042184, "rsi": 29.92337563229522, "mfi": 26.859953989985527, "atr": 0.0835714285714287}
[ENTRY] 2026-08-07T04:19:59+00:00 RETRY layer=1 value=611.98 entry=18.63396500 cash=5516.09
[SIGNAL] 2026-08-07T04:14:59+00:00 BANKTRY BUY fill_at=2026-08-07T04:19:59+00:00 features={"close": 2.007, "bb_lower": 2.0075856222655144, "bb_upper": 2.044795330115438, "rsi": 36.38783297813628, "mfi": 36.0883239669778, "atr": 0.011571428571428597}
[BLOCKED] BANKTRY reason=max_layers
[SCAN] 2026-08-07T04:19:59+00:00 symbols=20 signals=4 entries=2 exits=0 blocked=2 open=5 cash=5516.09 equity=9691.29
[SIGNAL] 2026-08-07T04:19:59+00:00 COTITRY BUY fill_at=2026-08-07T04:24:59+00:00 features={"close": 0.6478, "bb_lower": 0.651816561257516, "bb_upper": 0.6840310577901032, "rsi": 30.07023254985556, "mfi": 36.148294289945845, "atr": 0.006935714285714299}
[ENTRY] 2026-08-07T04:24:59+00:00 COTITRY layer=2 value=550.78 entry=0.64778548 cash=4964.48
[SCAN] 2026-08-07T04:24:59+00:00 symbols=20 signals=1 entries=1 exits=0 blocked=0 open=5 cash=4964.48 equity=9694.92
[SIGNAL] 2026-08-07T04:24:59+00:00 COTITRY BUY fill_at=2026-08-07T04:29:59+00:00 features={"close": 0.6464, "bb_lower": 0.6483118055685977, "bb_upper": 0.6852881944314022, "rsi": 29.221632994971984, "mfi": 37.84438645104303, "atr": 0.006700000000000007}
[BLOCKED] COTITRY reason=max_layers
[SIGNAL] 2026-08-07T04:24:59+00:00 ALLOTRY BUY fill_at=2026-08-07T04:29:59+00:00 features={"close": 13.68, "bb_lower": 13.747640169443027, "bb_upper": 14.692359830556967, "rsi": 33.41198594980615, "mfi": 45.411030224222415, "atr": 0.1771428571428573}
[ENTRY] 2026-08-07T04:29:59+00:00 ALLOTRY layer=1 value=495.70 entry=13.74029750 cash=4468.04
[SCAN] 2026-08-07T04:29:59+00:00 symbols=20 signals=2 entries=1 exits=0 blocked=1 open=6 cash=4468.04 equity=9674.31
[SIGNAL] 2026-08-07T04:29:59+00:00 COTITRY BUY fill_at=2026-08-07T04:34:59+00:00 features={"close": 0.6431, "bb_lower": 0.6445997766018544, "bb_upper": 0.6867240329219552, "rsi": 27.257376987143076, "mfi": 27.367254022589634, "atr": 0.006321428571428581}
[BLOCKED] COTITRY reason=max_layers
[SCAN] 2026-08-07T04:34:59+00:00 symbols=20 signals=1 entries=0 exits=0 blocked=1 open=6 cash=4468.04 equity=9665.89
[SIGNAL] 2026-08-07T04:34:59+00:00 ALLOTRY BUY fill_at=2026-08-07T04:39:59+00:00 features={"close": 13.57, "bb_lower": 13.595092512926998, "bb_upper": 14.752526534692054, "rsi": 32.349653185592686, "mfi": 49.167921084092185, "atr": 0.1850000000000001}
[ENTRY] 2026-08-07T04:39:59+00:00 ALLOTRY layer=2 value=446.13 entry=13.57017000 cash=4021.23
[SCAN] 2026-08-07T04:39:59+00:00 symbols=20 signals=1 entries=1 exits=0 blocked=1 open=6 cash=4021.23 equity=9687.34
[SIGNAL] 2026-08-07T04:39:59+00:00 TOWNSTRY BUY fill_at=2026-08-07T04:44:59+00:00 features={"close": 0.105, "bb_lower": 0.10505238691968952, "bb_upper": 0.10885237498507239, "rsi": 29.44762588156037, "mfi": 20.370408414701174, "atr": 0.0005714285714285719}
[ENTRY] 2026-08-07T04:44:59+00:00 TOWNSTRY layer=1 value=401.52 entry=0.10607950 cash=3619.11
[SCAN] 2026-08-07T04:44:59+00:00 symbols=20 signals=1 entries=1 exits=0 blocked=0 open=7 cash=3619.11 equity=9696.08
[SIGNAL] 2026-08-07T04:44:59+00:00 ENATRY BUY fill_at=2026-08-07T04:49:59+00:00 features={"close": 4.377, "bb_lower": 4.380384806596508, "bb_upper": 4.423329479117779, "rsi": 37.44868264941821, "mfi": 26.647269165699868, "atr": 0.012214285714285542}
[ENTRY] 2026-08-07T04:49:59+00:00 ENATRY layer=1 value=361.37 entry=4.37928200 cash=3257.20
[SCAN] 2026-08-07T04:49:59+00:00 symbols=20 signals=1 entries=1 exits=0 blocked=0 open=8 cash=3257.20 equity=9712.39
[EXIT] 2026-08-07T04:54:59+00:00 ALLOTRY reason=fixed_take_profit pnl=+29.36 cash=4229.81
[SCAN] 2026-08-07T04:54:59+00:00 symbols=20 signals=0 entries=0 exits=1 blocked=0 open=7 cash=4229.81 equity=9724.58
[SIGNAL] 2026-08-07T04:54:59+00:00 FIDATRY BUY fill_at=2026-08-07T04:59:59+00:00 features={"close": 0.861, "bb_lower": 0.8636031897781558, "bb_upper": 0.8802063340313679, "rsi": 17.56102862744028, "mfi": 7.946984181279973, "atr": 0.0028571428571428597}
[BLOCKED] FIDATRY reason=max_layers
[SIGNAL] 2026-08-07T04:54:59+00:00 ENATRY BUY fill_at=2026-08-07T04:59:59+00:00 features={"close": 4.37, "bb_lower": 4.373668438397041, "bb_upper": 4.4261410854124845, "rsi": 36.17233362322903, "mfi": 18.240095752328145, "atr": 0.012642857142856987}
[ENTRY] 2026-08-07T04:59:59+00:00 ENATRY layer=2 value=422.35 entry=4.37127600 cash=3806.83
[SCAN] 2026-08-07T04:59:59+00:00 symbols=20 signals=2 entries=1 exits=0 blocked=1 open=7 cash=3806.83 equity=9725.00
[SIGNAL] 2026-08-07T04:59:59+00:00 FIDATRY BUY fill_at=2026-08-07T05:04:59+00:00 features={"close": 0.861, "bb_lower": 0.8618990249712298, "bb_upper": 0.8804819274097228, "rsi": 17.561028623219613, "mfi": 39.667609353094974, "atr": 0.0028571428571428597}
[BLOCKED] FIDATRY reason=max_layers
[SIGNAL] 2026-08-07T04:59:59+00:00 VICTRY BUY fill_at=2026-08-07T05:04:59+00:00 features={"close": 1.39, "bb_lower": 1.402698705559481, "bb_upper": 1.4887298658690904, "rsi": 37.893932246933424, "mfi": 50.352455055386635, "atr": 0.027857142857142882}
[ENTRY] 2026-08-07T05:04:59+00:00 VICTRY layer=1 value=482.65 entry=1.39104250 cash=4350.37
[SIGNAL] 2026-08-07T04:59:59+00:00 ENATRY BUY fill_at=2026-08-07T05:04:59+00:00 features={"close": 4.357, "bb_lower": 4.365885216396063, "bb_upper": 4.429829069318221, "rsi": 32.066717299437556, "mfi": 15.073766399429346, "atr": 0.01285714285714271}
[BLOCKED] ENATRY reason=max_layers
[SCAN] 2026-08-07T05:04:59+00:00 symbols=20 signals=3 entries=1 exits=1 blocked=2 open=7 cash=4350.37 equity=9728.05
[EXIT] 2026-08-07T05:09:59+00:00 VICTRY reason=fixed_take_profit pnl=+15.05 cash=4848.79
[SCAN] 2026-08-07T05:09:59+00:00 symbols=20 signals=0 entries=0 exits=1 blocked=0 open=6 cash=4848.79 equity=9734.06
[SCAN] 2026-08-07T05:14:59+00:00 symbols=20 signals=0 entries=0 exits=0 blocked=0 open=6 cash=4848.79 equity=9739.32
[SCAN] 2026-08-07T05:19:59+00:00 symbols=20 signals=0 entries=0 exits=0 blocked=1 open=6 cash=4848.79 equity=9725.03
[SIGNAL] 2026-08-07T05:19:59+00:00 HOMETRY BUY fill_at=2026-08-07T05:24:59+00:00 features={"close": 0.415, "bb_lower": 0.41527256238118365, "bb_upper": 0.4242512471426257, "rsi": 35.19061090146404, "mfi": 36.35067954434604, "atr": 0.0030714285714285743}
[ENTRY] 2026-08-07T05:24:59+00:00 HOMETRY layer=1 value=484.15 entry=0.41631200 cash=4363.91
[SCAN] 2026-08-07T05:24:59+00:00 symbols=20 signals=1 entries=1 exits=0 blocked=0 open=7 cash=4363.91 equity=9718.97
[SCAN] 2026-08-07T05:29:59+00:00 symbols=20 signals=0 entries=0 exits=0 blocked=1 open=7 cash=4363.91 equity=9713.38
[SCAN] 2026-08-07T05:34:59+00:00 symbols=20 signals=0 entries=0 exits=0 blocked=2 open=7 cash=4363.91 equity=9693.31
[SIGNAL] 2026-08-07T05:34:59+00:00 VANRYTRY BUY fill_at=2026-08-07T05:39:59+00:00 features={"close": 0.1556, "bb_lower": 0.15567467211447625, "bb_upper": 0.1600967564569524, "rsi": 41.78737204874556, "mfi": 41.566309012414486, "atr": 0.0017071428571428595}
[ENTRY] 2026-08-07T05:39:59+00:00 VANRYTRY layer=1 value=435.74 entry=0.15541647 cash=3927.52
[SCAN] 2026-08-07T05:39:59+00:00 symbols=20 signals=1 entries=1 exits=0 blocked=1 open=8 cash=3927.52 equity=9683.30
[SIGNAL] 2026-08-07T05:39:59+00:00 FIDATRY BUY fill_at=2026-08-07T05:44:59+00:00 features={"close": 0.855, "bb_lower": 0.8566962363805091, "bb_upper": 0.8756847160004431, "rsi": 23.722435572420963, "mfi": 28.910564582441452, "atr": 0.002928571428571431}
[BLOCKED] FIDATRY reason=max_layers
[SIGNAL] 2026-08-07T05:39:59+00:00 VANRYTRY BUY fill_at=2026-08-07T05:44:59+00:00 features={"close": 0.1547, "bb_lower": 0.1551666316528977, "bb_upper": 0.16034765406138804, "rsi": 38.685426613766104, "mfi": 28.85699804598339, "atr": 0.001778571428571431}
[ENTRY] 2026-08-07T05:44:59+00:00 VANRYTRY layer=2 value=392.16 entry=0.15471595 cash=3534.77
[SCAN] 2026-08-07T05:44:59+00:00 symbols=20 signals=2 entries=1 exits=0 blocked=2 open=8 cash=3534.77 equity=9678.59
[SIGNAL] 2026-08-07T05:44:59+00:00 COTITRY BUY fill_at=2026-08-07T05:49:59+00:00 features={"close": 0.6276, "bb_lower": 0.6293128962331681, "bb_upper": 0.6611537704334985, "rsi": 24.219089516363127, "mfi": 21.093837541077676, "atr": 0.0054571428571428505}
[BLOCKED] COTITRY reason=max_layers
[SIGNAL] 2026-08-07T05:44:59+00:00 VANRYTRY BUY fill_at=2026-08-07T05:49:59+00:00 features={"close": 0.1535, "bb_lower": 0.15439452102221723, "bb_upper": 0.1607197646920685, "rsi": 34.939131093622805, "mfi": 29.40733435644958, "atr": 0.001778571428571431}
[BLOCKED] VANRYTRY reason=max_layers
[EXIT] 2026-08-07T05:49:59+00:00 TOWNSTRY reason=fixed_take_profit pnl=+12.52 cash=3949.41
[SCAN] 2026-08-07T05:49:59+00:00 symbols=20 signals=2 entries=0 exits=1 blocked=2 open=7 cash=3949.41 equity=9674.70
[SIGNAL] 2026-08-07T05:49:59+00:00 COTITRY BUY fill_at=2026-08-07T05:54:59+00:00 features={"close": 0.6241, "bb_lower": 0.6270403516163062, "bb_upper": 0.6597596483836937, "rsi": 22.235429055014805, "mfi": 20.803923751500648, "atr": 0.005499999999999989}
[BLOCKED] COTITRY reason=max_layers
[SIGNAL] 2026-08-07T05:49:59+00:00 VANRYTRY BUY fill_at=2026-08-07T05:54:59+00:00 features={"close": 0.1529, "bb_lower": 0.15366804705817463, "bb_upper": 0.16077957198944445, "rsi": 33.19774396800766, "mfi": 25.182586308467336, "atr": 0.0018428571428571441}
[BLOCKED] VANRYTRY reason=max_layers
[SCAN] 2026-08-07T05:54:59+00:00 symbols=20 signals=2 entries=0 exits=0 blocked=2 open=7 cash=3949.41 equity=9678.09
[SIGNAL] 2026-08-07T05:54:59+00:00 COTITRY BUY fill_at=2026-08-07T05:59:59+00:00 features={"close": 0.6235, "bb_lower": 0.6251604792853078, "bb_upper": 0.6580585683337397, "rsi": 21.90227580615948, "mfi": 22.073563761802816, "atr": 0.005471428571428556}
[BLOCKED] COTITRY reason=max_layers
[SIGNAL] 2026-08-07T05:54:59+00:00 VANRYTRY BUY fill_at=2026-08-07T05:59:59+00:00 features={"close": 0.153, "bb_lower": 0.15306886600033723, "bb_upper": 0.1607787530472818, "rsi": 33.79353572076491, "mfi": 33.33776707458722, "atr": 0.0018142857142857147}
[BLOCKED] VANRYTRY reason=max_layers
[SCAN] 2026-08-07T05:59:59+00:00 symbols=20 signals=2 entries=0 exits=0 blocked=2 open=7 cash=3949.41 equity=9674.63
[SIGNAL] 2026-08-07T05:59:59+00:00 HEITRY BUY fill_at=2026-08-07T06:04:59+00:00 features={"close": 8.888, "bb_lower": 8.891862948043489, "bb_upper": 10.220327528146989, "rsi": 43.18705703134287, "mfi": 51.7766197858203, "atr": 0.45035714285714296}
[ENTRY] 2026-08-07T06:04:59+00:00 HEITRY layer=1 value=534.66 entry=8.88766075 cash=4819.14
[SCAN] 2026-08-07T06:04:59+00:00 symbols=20 signals=1 entries=1 exits=2 blocked=1 open=6 cash=4819.14 equity=9710.52
[SIGNAL] 2026-08-07T06:04:59+00:00 LATRY BUY fill_at=2026-08-07T06:09:59+00:00 features={"close": 2.36, "bb_lower": 2.3707322411023823, "bb_upper": 2.575934425564285, "rsi": 36.24075994071226, "mfi": 37.834769991834484, "atr": 0.03928571428571437}
[ENTRY] 2026-08-07T06:09:59+00:00 LATRY layer=1 value=481.19 entry=2.37177750 cash=4337.22
[EXIT] 2026-08-07T06:09:59+00:00 HEITRY reason=fixed_take_profit pnl=+16.67 cash=4889.35
[SCAN] 2026-08-07T06:09:59+00:00 symbols=20 signals=1 entries=1 exits=1 blocked=1 open=6 cash=4889.35 equity=9721.87
[SIGNAL] 2026-08-07T06:09:59+00:00 LATRY BUY fill_at=2026-08-07T06:14:59+00:00 features={"close": 2.34, "bb_lower": 2.3519057337261073, "bb_upper": 2.5852371234167486, "rsi": 33.87868492194521, "mfi": 31.22933162860174, "atr": 0.03357142857142868}
[ENTRY] 2026-08-07T06:14:59+00:00 LATRY layer=2 value=488.20 entry=2.35176250 cash=4400.41
[EXIT] 2026-08-07T06:14:59+00:00 HOMETRY reason=fixed_take_profit pnl=+15.09 cash=4900.38
[SCAN] 2026-08-07T06:14:59+00:00 symbols=20 signals=1 entries=1 exits=1 blocked=0 open=5 cash=4900.38 equity=9736.71
[SCAN] 2026-08-07T06:19:59+00:00 symbols=20 signals=0 entries=0 exits=0 blocked=0 open=5 cash=4900.38 equity=9744.13
[SCAN] 2026-08-07T06:24:59+00:00 symbols=20 signals=0 entries=0 exits=0 blocked=0 open=5 cash=4900.38 equity=9746.55
[SCAN] 2026-08-07T06:29:59+00:00 symbols=20 signals=0 entries=0 exits=0 blocked=0 open=5 cash=4900.38 equity=9729.84
[SCAN] 2026-08-07T06:34:59+00:00 symbols=20 signals=0 entries=0 exits=0 blocked=1 open=5 cash=4900.38 equity=9718.62
[SCAN] 2026-08-07T06:39:59+00:00 symbols=20 signals=0 entries=0 exits=0 blocked=1 open=5 cash=4900.38 equity=9732.23
[SCAN] 2026-08-07T06:44:59+00:00 symbols=20 signals=0 entries=0 exits=0 blocked=0 open=5 cash=4900.38 equity=9733.93
[SCAN] 2026-08-07T06:49:59+00:00 symbols=20 signals=0 entries=0 exits=0 blocked=1 open=5 cash=4900.38 equity=9729.60
[SIGNAL] 2026-08-07T06:49:59+00:00 EDENTRY BUY fill_at=2026-08-07T06:54:59+00:00 features={"close": 1.947, "bb_lower": 1.9475914525433125, "bb_upper": 1.9869799760281162, "rsi": 34.935602359864816, "mfi": 44.878105953196794, "atr": 0.00642857142857145}
[ENTRY] 2026-08-07T06:54:59+00:00 EDENTRY layer=1 value=489.30 entry=1.94545800 cash=4410.35
[SCAN] 2026-08-07T06:54:59+00:00 symbols=20 signals=1 entries=1 exits=0 blocked=1 open=6 cash=4410.35 equity=9719.19
[SCAN] 2026-08-07T06:59:59+00:00 symbols=20 signals=0 entries=0 exits=0 blocked=0 open=6 cash=4410.35 equity=9721.69
[SCAN] 2026-08-07T07:04:59+00:00 symbols=20 signals=0 entries=0 exits=0 blocked=0 open=6 cash=4410.35 equity=9718.85
[SIGNAL] 2026-08-07T07:04:59+00:00 EDENTRY BUY fill_at=2026-08-07T07:09:59+00:00 features={"close": 1.936, "bb_lower": 1.9393834386463018, "bb_upper": 1.9868070375441746, "rsi": 30.80476764140255, "mfi": 49.14272096509715, "atr": 0.006928571428571458}
[ENTRY] 2026-08-07T07:09:59+00:00 EDENTRY layer=2 value=440.37 entry=1.93745200 cash=3969.31
[SCAN] 2026-08-07T07:09:59+00:00 symbols=20 signals=1 entries=1 exits=0 blocked=0 open=6 cash=3969.31 equity=9706.96
[SIGNAL] 2026-08-07T07:09:59+00:00 EDENTRY BUY fill_at=2026-08-07T07:14:59+00:00 features={"close": 1.935, "bb_lower": 1.9351932570129582, "bb_upper": 1.9873781715584709, "rsi": 30.3414119513469, "mfi": 48.65065722742334, "atr": 0.006357142857142871}
[BLOCKED] EDENTRY reason=max_layers
[SCAN] 2026-08-07T07:14:59+00:00 symbols=20 signals=1 entries=0 exits=0 blocked=1 open=6 cash=3969.31 equity=9694.25
[SIGNAL] 2026-08-07T07:14:59+00:00 KAITOTRY BUY fill_at=2026-08-07T07:19:59+00:00 features={"close": 42.728, "bb_lower": 42.78578634380141, "bb_upper": 43.514308894293826, "rsi": 32.05315684171225, "mfi": 17.934040854846558, "atr": 0.15035714285714313}
[ENTRY] 2026-08-07T07:19:59+00:00 KAITOTRY layer=1 value=396.34 entry=42.74603550 cash=3572.38
[SCAN] 2026-08-07T07:19:59+00:00 symbols=20 signals=1 entries=1 exits=0 blocked=0 open=7 cash=3572.38 equity=9692.58
[SIGNAL] 2026-08-07T07:19:59+00:00 KAITOTRY BUY fill_at=2026-08-07T07:24:59+00:00 features={"close": 42.718, "bb_lower": 42.726332905167155, "bb_upper": 43.51014328530903, "rsi": 31.764655255525156, "mfi": 17.75959611472355, "atr": 0.15250000000000036}
[ENTRY] 2026-08-07T07:24:59+00:00 KAITOTRY layer=2 value=356.70 entry=42.73202500 cash=3215.14
[SCAN] 2026-08-07T07:24:59+00:00 symbols=20 signals=1 entries=1 exits=0 blocked=0 open=7 cash=3215.14 equity=9694.02
[SCAN] 2026-08-07T07:29:59+00:00 symbols=20 signals=0 entries=0 exits=0 blocked=0 open=7 cash=3215.14 equity=9684.45
[SCAN] 2026-08-07T07:34:59+00:00 symbols=20 signals=0 entries=0 exits=0 blocked=0 open=7 cash=3215.14 equity=9677.79
[SIGNAL] 2026-08-07T07:34:59+00:00 KAITOTRY BUY fill_at=2026-08-07T07:39:59+00:00 features={"close": 42.602, "bb_lower": 42.60623828363092, "bb_upper": 43.42471409732145, "rsi": 30.878142215619434, "mfi": 16.551215633158705, "atr": 0.1443571428571429}
[BLOCKED] KAITOTRY reason=max_layers
[SCAN] 2026-08-07T07:39:59+00:00 symbols=20 signals=1 entries=0 exits=0 blocked=1 open=7 cash=3215.14 equity=9680.28
[SIGNAL] 2026-08-07T07:39:59+00:00 PUMPTRY BUY fill_at=2026-08-07T07:44:59+00:00 features={"close": 0.1089, "bb_lower": 0.1089003969402855, "bb_upper": 0.1102710316311431, "rsi": 33.77729978566988, "mfi": 31.962426693975985, "atr": 0.00031428571428571736}
[ENTRY] 2026-08-07T07:44:59+00:00 PUMPTRY layer=1 value=321.03 entry=0.10888160 cash=2893.63
[EXIT] 2026-08-07T07:44:59+00:00 LATRY reason=fixed_stop_loss pnl=-61.67 cash=3802.81
[SCAN] 2026-08-07T07:44:59+00:00 symbols=20 signals=1 entries=1 exits=1 blocked=0 open=7 cash=3802.81 equity=9657.30
[SIGNAL] 2026-08-07T07:44:59+00:00 BIOTRY BUY fill_at=2026-08-07T07:49:59+00:00 features={"close": 1.128, "bb_lower": 1.1285532007682593, "bb_upper": 1.1383991801841222, "rsi": 32.893363322332576, "mfi": 10.36033812981833, "atr": 0.0019285714285714858}
[ENTRY] 2026-08-07T07:49:59+00:00 BIOTRY layer=1 value=379.71 entry=1.12984675 cash=3422.53
[SIGNAL] 2026-08-07T07:44:59+00:00 PUMPTRY BUY fill_at=2026-08-07T07:49:59+00:00 features={"close": 0.1083, "bb_lower": 0.10865755703370872, "bb_upper": 0.11040910963295789, "rsi": 27.844349838350368, "mfi": 28.999488539604798, "atr": 0.00030000000000000263}
[ENTRY] 2026-08-07T07:49:59+00:00 PUMPTRY layer=2 value=341.74 entry=0.10828115 cash=3080.28
[SCAN] 2026-08-07T07:49:59+00:00 symbols=20 signals=2 entries=2 exits=0 blocked=0 open=8 cash=3080.28 equity=9664.35
[SIGNAL] 2026-08-07T07:49:59+00:00 PUMPTRY BUY fill_at=2026-08-07T07:54:59+00:00 features={"close": 0.1082, "bb_lower": 0.10844871180275686, "bb_upper": 0.1105227167686717, "rsi": 26.98842784916431, "mfi": 27.725866353304596, "atr": 0.0002785714285714306}
[BLOCKED] PUMPTRY reason=max_layers
[SCAN] 2026-08-07T07:54:59+00:00 symbols=20 signals=1 entries=0 exits=0 blocked=1 open=8 cash=3080.28 equity=9657.37
[SCAN] 2026-08-07T07:59:59+00:00 symbols=20 signals=0 entries=0 exits=0 blocked=0 open=8 cash=3080.28 equity=9651.46
[SIGNAL] 2026-08-07T07:59:59+00:00 ENATRY BUY fill_at=2026-08-07T08:04:59+00:00 features={"close": 4.404, "bb_lower": 4.4090745664049775, "bb_upper": 4.446830195499785, "rsi": 42.37564768418015, "mfi": 20.095566294616717, "atr": 0.01185714285714301}
[ENTRY] 2026-08-07T08:04:59+00:00 ENATRY layer=1 value=307.57 entry=4.40730300 cash=2772.25
[SCAN] 2026-08-07T08:04:59+00:00 symbols=20 signals=1 entries=1 exits=0 blocked=1 open=9 cash=2772.25 equity=9638.27
[SIGNAL] 2026-08-07T08:04:59+00:00 VICTRY BUY fill_at=2026-08-07T08:09:59+00:00 features={"close": 1.37, "bb_lower": 1.3736706426771919, "bb_upper": 1.424424595418046, "rsi": 38.54964984777075, "mfi": 26.88027519301778, "atr": 0.022142857142857148}
[ENTRY] 2026-08-07T08:09:59+00:00 VICTRY layer=1 value=276.81 entry=1.37102750 cash=2495.02
[SIGNAL] 2026-08-07T08:04:59+00:00 KAITOTRY BUY fill_at=2026-08-07T08:09:59+00:00 features={"close": 42.196, "bb_lower": 42.235686650113344, "bb_upper": 43.38412287369618, "rsi": 21.713550911964205, "mfi": 12.071777178242115, "atr": 0.16235714285714206}
[BLOCKED] KAITOTRY reason=max_layers
[SIGNAL] 2026-08-07T08:04:59+00:00 BIOTRY BUY fill_at=2026-08-07T08:09:59+00:00 features={"close": 1.126, "bb_lower": 1.126586167923504, "bb_upper": 1.137032879695544, "rsi": 32.2766826811459, "mfi": 15.165180637848295, "atr": 0.00192857142857147}
[ENTRY] 2026-08-07T08:09:59+00:00 BIOTRY layer=2 value=249.13 entry=1.12684450 cash=2245.52
[EXIT] 2026-08-07T08:09:59+00:00 VICTRY reason=fixed_take_profit pnl=+8.63 cash=2531.37
[SCAN] 2026-08-07T08:09:59+00:00 symbols=20 signals=3 entries=2 exits=1 blocked=2 open=9 cash=2531.37 equity=9645.34
[SCAN] 2026-08-07T08:14:59+00:00 symbols=20 signals=0 entries=0 exits=0 blocked=0 open=9 cash=2531.37 equity=9640.21
[SIGNAL] 2026-08-07T08:14:59+00:00 COTITRY BUY fill_at=2026-08-07T08:19:59+00:00 features={"close": 0.6268, "bb_lower": 0.62808904483814, "bb_upper": 0.643663336114241, "rsi": 35.985146454062814, "mfi": 24.542162523639632, "atr": 0.0047214285714285665}
[BLOCKED] COTITRY reason=max_layers
[SCAN] 2026-08-07T08:19:59+00:00 symbols=20 signals=1 entries=0 exits=0 blocked=1 open=9 cash=2531.37 equity=9638.92
[SCAN] 2026-08-07T08:24:59+00:00 symbols=20 signals=0 entries=0 exits=0 blocked=0 open=9 cash=2531.37 equity=9644.05
[SCAN] 2026-08-07T08:29:59+00:00 symbols=20 signals=0 entries=0 exits=0 blocked=0 open=9 cash=2531.37 equity=9644.14
[SCAN] 2026-08-07T08:34:59+00:00 symbols=20 signals=0 entries=0 exits=0 blocked=0 open=9 cash=2531.37 equity=9663.30
[SCAN] 2026-08-07T08:39:59+00:00 symbols=20 signals=0 entries=0 exits=0 blocked=1 open=9 cash=2531.37 equity=9646.86
[SCAN] 2026-08-07T08:44:59+00:00 symbols=20 signals=0 entries=0 exits=0 blocked=1 open=9 cash=2531.37 equity=9672.15
[EXIT] 2026-08-07T08:49:59+00:00 ENATRY reason=bb_mfi_v3_signal_exit pnl=+7.32 cash=2846.72
[SCAN] 2026-08-07T08:49:59+00:00 symbols=20 signals=0 entries=0 exits=1 blocked=0 open=8 cash=2846.72 equity=9653.28
[SCAN] 2026-08-07T08:54:59+00:00 symbols=20 signals=0 entries=0 exits=0 blocked=0 open=8 cash=2846.72 equity=9652.91
[SIGNAL] 2026-08-07T08:54:59+00:00 RETRY BUY fill_at=2026-08-07T08:59:59+00:00 features={"close": 18.04, "bb_lower": 18.042462313972756, "bb_upper": 18.424204352693913, "rsi": 29.56418104857093, "mfi": 43.27909469140491, "atr": 0.06357142857142886}
[ENTRY] 2026-08-07T08:59:59+00:00 RETRY layer=1 value=284.25 entry=18.05353000 cash=2562.05
[SCAN] 2026-08-07T08:59:59+00:00 symbols=20 signals=1 entries=1 exits=0 blocked=0 open=9 cash=2562.05 equity=9641.76
[SIGNAL] 2026-08-07T08:59:59+00:00 BANKTRY BUY fill_at=2026-08-07T09:04:59+00:00 features={"close": 1.982, "bb_lower": 1.9846471129205396, "bb_upper": 2.018876696603269, "rsi": 35.52010022655661, "mfi": 32.02226895197242, "atr": 0.012714285714285678}
[BLOCKED] BANKTRY reason=max_layers
[SCAN] 2026-08-07T09:04:59+00:00 symbols=20 signals=1 entries=0 exits=0 blocked=1 open=9 cash=2562.05 equity=9627.39
[SIGNAL] 2026-08-07T09:04:59+00:00 BANKTRY BUY fill_at=2026-08-07T09:09:59+00:00 features={"close": 1.976, "bb_lower": 1.9805764151801692, "bb_upper": 2.021042632438878, "rsi": 32.72255588919012, "mfi": 26.042214307770365, "atr": 0.012285714285714233}
[BLOCKED] BANKTRY reason=max_layers
[SIGNAL] 2026-08-07T09:04:59+00:00 PUMPTRY BUY fill_at=2026-08-07T09:09:59+00:00 features={"close": 0.1071, "bb_lower": 0.10761245590265667, "bb_upper": 0.10959706790686713, "rsi": 26.05616640676213, "mfi": 20.39311205453707, "atr": 0.00033571428571428543}
[BLOCKED] PUMPTRY reason=max_layers
[SCAN] 2026-08-07T09:09:59+00:00 symbols=20 signals=2 entries=0 exits=0 blocked=2 open=9 cash=2562.05 equity=9638.30
[SIGNAL] 2026-08-07T09:09:59+00:00 PUMPTRY BUY fill_at=2026-08-07T09:14:59+00:00 features={"close": 0.1074, "bb_lower": 0.10748581489432579, "bb_upper": 0.10951418510567423, "rsi": 31.941396600242555, "mfi": 17.85828584377866, "atr": 0.0003571428571428565}
[BLOCKED] PUMPTRY reason=max_layers
[SCAN] 2026-08-07T09:14:59+00:00 symbols=20 signals=1 entries=0 exits=0 blocked=1 open=9 cash=2562.05 equity=9626.79
[SIGNAL] 2026-08-07T09:14:59+00:00 HOMETRY BUY fill_at=2026-08-07T09:19:59+00:00 features={"close": 0.422, "bb_lower": 0.42274201815725104, "bb_upper": 0.43906750565227287, "rsi": 37.2726104242741, "mfi": 31.145778392006093, "atr": 0.003928571428571432}
[ENTRY] 2026-08-07T09:19:59+00:00 HOMETRY layer=1 value=255.82 entry=0.42131575 cash=2305.85
[SCAN] 2026-08-07T09:19:59+00:00 symbols=20 signals=1 entries=1 exits=0 blocked=0 open=10 cash=2305.85 equity=9629.78
[SCAN] 2026-08-07T09:24:59+00:00 symbols=20 signals=0 entries=0 exits=0 blocked=0 open=10 cash=2305.85 equity=9629.98
[SCAN] 2026-08-07T09:29:59+00:00 symbols=20 signals=0 entries=0 exits=0 blocked=0 open=10 cash=2305.85 equity=9632.65
[SCAN] 2026-08-07T09:34:59+00:00 symbols=20 signals=0 entries=0 exits=0 blocked=0 open=10 cash=2305.85 equity=9644.86
[SCAN] 2026-08-07T09:39:59+00:00 symbols=20 signals=0 entries=0 exits=0 blocked=0 open=10 cash=2305.85 equity=9634.42
[SIGNAL] 2026-08-07T09:39:59+00:00 VANRYTRY BUY fill_at=2026-08-07T09:44:59+00:00 features={"close": 0.1502, "bb_lower": 0.1509953555020564, "bb_upper": 0.1558236921169912, "rsi": 34.540146583612156, "mfi": 36.710265070537496, "atr": 0.002249999999999996}
[BLOCKED] VANRYTRY reason=max_layers
[SCAN] 2026-08-07T09:44:59+00:00 symbols=20 signals=1 entries=0 exits=0 blocked=1 open=10 cash=2305.85 equity=9638.69
[SIGNAL] 2026-08-07T09:44:59+00:00 TOWNSTRY BUY fill_at=2026-08-07T09:49:59+00:00 features={"close": 0.11, "bb_lower": 0.11014005844134037, "bb_upper": 0.1133837510824692, "rsi": 25.701590946069345, "mfi": 16.133731416788493, "atr": 0.0005000000000000004}
[ENTRY] 2026-08-07T09:49:59+00:00 TOWNSTRY layer=1 value=230.24 entry=0.11008250 cash=2075.26
[SIGNAL] 2026-08-07T09:44:59+00:00 VANRYTRY BUY fill_at=2026-08-07T09:49:59+00:00 features={"close": 0.1487, "bb_lower": 0.15004166141121, "bb_upper": 0.15624405287450427, "rsi": 30.31346485188267, "mfi": 34.70830985112751, "atr": 0.002307142857142855}
[BLOCKED] VANRYTRY reason=max_layers
[EXIT] 2026-08-07T09:49:59+00:00 HOMETRY reason=fixed_take_profit pnl=+7.97 cash=2339.44
[SCAN] 2026-08-07T09:49:59+00:00 symbols=20 signals=2 entries=1 exits=1 blocked=1 open=10 cash=2339.44 equity=9648.08
[SCAN] 2026-08-07T09:54:59+00:00 symbols=20 signals=0 entries=0 exits=0 blocked=0 open=10 cash=2339.44 equity=9655.11
[SIGNAL] 2026-08-07T09:54:59+00:00 MITOTRY BUY fill_at=2026-08-07T09:59:59+00:00 features={"close": 1.086, "bb_lower": 1.087716340568297, "bb_upper": 1.1064741356221792, "rsi": 33.29151273177801, "mfi": 51.419351375993315, "atr": 0.0026428571428571213}
[ENTRY] 2026-08-07T09:59:59+00:00 MITOTRY layer=1 value=233.59 entry=1.08781525 cash=2105.50
[SCAN] 2026-08-07T09:59:59+00:00 symbols=20 signals=1 entries=1 exits=0 blocked=0 open=11 cash=2105.50 equity=9655.96
[SIGNAL] 2026-08-07T09:59:59+00:00 MITOTRY BUY fill_at=2026-08-07T10:04:59+00:00 features={"close": 1.086, "bb_lower": 1.0860349574813268, "bb_upper": 1.1068221853758158, "rsi": 33.291512748938715, "mfi": 50.41649695665494, "atr": 0.002571428571428542}
[ENTRY] 2026-08-07T10:04:59+00:00 MITOTRY layer=2 value=331.77 entry=1.08781525 cash=2990.40
[SCAN] 2026-08-07T10:04:59+00:00 symbols=20 signals=1 entries=1 exits=2 blocked=0 open=9 cash=2990.40 equity=9663.38
[SCAN] 2026-08-07T10:09:59+00:00 symbols=20 signals=0 entries=0 exits=0 blocked=0 open=9 cash=2990.40 equity=9666.94
[SCAN] 2026-08-07T10:14:59+00:00 symbols=20 signals=0 entries=0 exits=0 blocked=0 open=9 cash=2990.40 equity=9662.90
[SCAN] 2026-08-07T10:19:59+00:00 symbols=20 signals=0 entries=0 exits=0 blocked=1 open=9 cash=2990.40 equity=9682.73
[SCAN] 2026-08-07T10:24:59+00:00 symbols=20 signals=0 entries=0 exits=0 blocked=0 open=9 cash=2990.40 equity=9680.85
[SCAN] 2026-08-07T10:29:59+00:00 symbols=20 signals=0 entries=0 exits=0 blocked=0 open=9 cash=2990.40 equity=9671.40
[SCAN] 2026-08-07T10:34:59+00:00 symbols=20 signals=0 entries=0 exits=0 blocked=0 open=9 cash=2990.40 equity=9660.45
[SCAN] 2026-08-07T10:39:59+00:00 symbols=20 signals=0 entries=0 exits=0 blocked=0 open=9 cash=2990.40 equity=9659.22
[SCAN] 2026-08-07T10:44:59+00:00 symbols=20 signals=0 entries=0 exits=0 blocked=0 open=9 cash=2990.40 equity=9663.80
[SCAN] 2026-08-07T10:49:59+00:00 symbols=20 signals=0 entries=0 exits=0 blocked=1 open=9 cash=2990.40 equity=9664.09
[SCAN] 2026-08-07T10:54:59+00:00 symbols=20 signals=0 entries=0 exits=0 blocked=1 open=9 cash=2990.40 equity=9653.23
[SIGNAL] 2026-08-07T10:54:59+00:00 FIDATRY BUY fill_at=2026-08-07T10:59:59+00:00 features={"close": 0.849, "bb_lower": 0.8494883887551411, "bb_upper": 0.861559230292478, "rsi": 34.704956755111084, "mfi": 39.443273383667346, "atr": 0.0022857142857142876}
[BLOCKED] FIDATRY reason=max_layers
[SCAN] 2026-08-07T10:59:59+00:00 symbols=20 signals=1 entries=0 exits=0 blocked=1 open=9 cash=2990.40 equity=9655.16
[SCAN] 2026-08-07T11:04:59+00:00 symbols=20 signals=0 entries=0 exits=2 blocked=0 open=7 cash=4229.33 equity=9638.70
[SCAN] 2026-08-07T11:09:59+00:00 symbols=20 signals=0 entries=0 exits=0 blocked=1 open=7 cash=4229.33 equity=9636.94
[SCAN] 2026-08-07T11:14:59+00:00 symbols=20 signals=0 entries=0 exits=0 blocked=1 open=7 cash=4229.33 equity=9641.63
[SCAN] 2026-08-07T11:19:59+00:00 symbols=20 signals=0 entries=0 exits=0 blocked=1 open=7 cash=4229.33 equity=9650.99
[SCAN] 2026-08-07T11:24:59+00:00 symbols=20 signals=0 entries=0 exits=0 blocked=1 open=7 cash=4229.33 equity=9645.11
[SCAN] 2026-08-07T11:29:59+00:00 symbols=20 signals=0 entries=0 exits=0 blocked=0 open=7 cash=4229.33 equity=9658.02
[SCAN] 2026-08-07T11:34:59+00:00 symbols=20 signals=0 entries=0 exits=0 blocked=0 open=7 cash=4229.33 equity=9666.81
[SCAN] 2026-08-07T11:39:59+00:00 symbols=20 signals=0 entries=0 exits=0 blocked=0 open=7 cash=4229.33 equity=9688.95
[SCAN] 2026-08-07T11:44:59+00:00 symbols=20 signals=0 entries=0 exits=0 blocked=1 open=7 cash=4229.33 equity=9676.24
[SCAN] 2026-08-07T11:49:59+00:00 symbols=20 signals=0 entries=0 exits=0 blocked=0 open=7 cash=4229.33 equity=9666.77
[SCAN] 2026-08-07T11:54:59+00:00 symbols=20 signals=0 entries=0 exits=0 blocked=0 open=7 cash=4229.33 equity=9667.86
[SCAN] 2026-08-07T11:59:59+00:00 symbols=20 signals=0 entries=0 exits=0 blocked=0 open=7 cash=4229.33 equity=9669.55
[SCAN] 2026-08-07T12:04:59+00:00 symbols=20 signals=0 entries=0 exits=0 blocked=0 open=7 cash=4229.33 equity=9670.87
[SIGNAL] 2026-08-07T12:04:59+00:00 PIXELTRY BUY fill_at=2026-08-07T12:09:59+00:00 features={"close": 0.213, "bb_lower": 0.21345480161985955, "bb_upper": 0.21930710314204518, "rsi": 33.598486983135885, "mfi": 39.87368512659359, "atr": 0.0011428571428571438}
[ENTRY] 2026-08-07T12:09:59+00:00 PIXELTRY layer=1 value=422.30 entry=0.21215900 cash=3806.40
[SCAN] 2026-08-07T12:09:59+00:00 symbols=20 signals=1 entries=1 exits=0 blocked=0 open=8 cash=3806.40 equity=9673.58
[SIGNAL] 2026-08-07T12:09:59+00:00 VICTRY BUY fill_at=2026-08-07T12:14:59+00:00 features={"close": 1.37, "bb_lower": 1.371746903916092, "bb_upper": 1.4006340484648598, "rsi": 38.78393403835711, "mfi": 36.08628770459926, "atr": 0.017142857142857064}
[ENTRY] 2026-08-07T12:14:59+00:00 VICTRY layer=1 value=380.07 entry=1.38103500 cash=3425.76
[SIGNAL] 2026-08-07T12:09:59+00:00 PIXELTRY BUY fill_at=2026-08-07T12:14:59+00:00 features={"close": 0.212, "bb_lower": 0.2126905582932587, "bb_upper": 0.21959515599245558, "rsi": 30.663459361961728, "mfi": 30.007338016027887, "atr": 0.0012142857142857153}
[ENTRY] 2026-08-07T12:14:59+00:00 PIXELTRY layer=2 value=342.06 entry=0.21215900 cash=3083.18
[SCAN] 2026-08-07T12:14:59+00:00 symbols=20 signals=2 entries=2 exits=0 blocked=0 open=9 cash=3083.18 equity=9668.36
[SIGNAL] 2026-08-07T12:14:59+00:00 PIXELTRY BUY fill_at=2026-08-07T12:19:59+00:00 features={"close": 0.212, "bb_lower": 0.21207442417685668, "bb_upper": 0.21983033772790517, "rsi": 30.663459376713263, "mfi": 32.303254388752606, "atr": 0.0011428571428571438}
[BLOCKED] PIXELTRY reason=max_layers
[SCAN] 2026-08-07T12:19:59+00:00 symbols=20 signals=1 entries=0 exits=0 blocked=1 open=9 cash=3083.18 equity=9646.70
[SCAN] 2026-08-07T12:24:59+00:00 symbols=20 signals=0 entries=0 exits=0 blocked=2 open=9 cash=3083.18 equity=9648.95
[SCAN] 2026-08-07T12:29:59+00:00 symbols=20 signals=0 entries=0 exits=0 blocked=2 open=9 cash=3083.18 equity=9643.10
[SCAN] 2026-08-07T12:34:59+00:00 symbols=20 signals=0 entries=0 exits=0 blocked=2 open=9 cash=3083.18 equity=9653.94
[SCAN] 2026-08-07T12:39:59+00:00 symbols=20 signals=0 entries=0 exits=0 blocked=2 open=9 cash=3083.18 equity=9660.79
[SCAN] 2026-08-07T12:44:59+00:00 symbols=20 signals=0 entries=0 exits=0 blocked=1 open=9 cash=3083.18 equity=9651.02
[SIGNAL] 2026-08-07T12:44:59+00:00 VICTRY BUY fill_at=2026-08-07T12:49:59+00:00 features={"close": 1.36, "bb_lower": 1.3639627813277964, "bb_upper": 1.4007991234341082, "rsi": 38.92013496309895, "mfi": 43.819457766059195, "atr": 0.0164285714285713}
[ENTRY] 2026-08-07T12:49:59+00:00 VICTRY layer=2 value=307.86 entry=1.36102000 cash=2774.86
[SIGNAL] 2026-08-07T12:44:59+00:00 EDENTRY BUY fill_at=2026-08-07T12:49:59+00:00 features={"close": 1.946, "bb_lower": 1.9471463730785836, "bb_upper": 1.9755202935880827, "rsi": 32.93601831739571, "mfi": 52.957166209442676, "atr": 0.0033571428571428524}
[ENTRY] 2026-08-07T12:49:59+00:00 EDENTRY layer=1 value=277.07 entry=1.94345650 cash=2497.38
[SCAN] 2026-08-07T12:49:59+00:00 symbols=20 signals=2 entries=2 exits=0 blocked=0 open=10 cash=2497.38 equity=9656.40
[SIGNAL] 2026-08-07T12:49:59+00:00 EDENTRY BUY fill_at=2026-08-07T12:54:59+00:00 features={"close": 1.941, "bb_lower": 1.9437049715844084, "bb_upper": 1.9765807427013056, "rsi": 28.640160928815718, "mfi": 48.60218505604044, "atr": 0.0035714285714285587}
[ENTRY] 2026-08-07T12:54:59+00:00 EDENTRY layer=2 value=249.36 entry=1.94245575 cash=2247.64
[SCAN] 2026-08-07T12:54:59+00:00 symbols=20 signals=1 entries=1 exits=0 blocked=0 open=10 cash=2247.64 equity=9656.38
[SCAN] 2026-08-07T12:59:59+00:00 symbols=20 signals=0 entries=0 exits=0 blocked=0 open=10 cash=2247.64 equity=9673.77
[SCAN] 2026-08-07T13:04:59+00:00 symbols=20 signals=0 entries=0 exits=2 blocked=0 open=8 cash=3710.88 equity=9668.67
[SCAN] 2026-08-07T13:09:59+00:00 symbols=20 signals=0 entries=0 exits=0 blocked=0 open=8 cash=3710.88 equity=9663.78
[SCAN] 2026-08-07T13:14:59+00:00 symbols=20 signals=0 entries=0 exits=0 blocked=0 open=8 cash=3710.88 equity=9662.67
[SCAN] 2026-08-07T13:19:59+00:00 symbols=20 signals=0 entries=0 exits=0 blocked=0 open=8 cash=3710.88 equity=9668.55
[SCAN] 2026-08-07T13:24:59+00:00 symbols=20 signals=0 entries=0 exits=0 blocked=0 open=8 cash=3710.88 equity=9668.03
[SIGNAL] 2026-08-07T13:24:59+00:00 HEITRY BUY fill_at=2026-08-07T13:29:59+00:00 features={"close": 10.975, "bb_lower": 11.090685433892832, "bb_upper": 11.73636218515478, "rsi": 40.76203042157083, "mfi": 48.75569689507023, "atr": 0.2834285714285713}
[ENTRY] 2026-08-07T13:29:59+00:00 HEITRY layer=1 value=370.53 entry=10.98122975 cash=3339.79
[SCAN] 2026-08-07T13:29:59+00:00 symbols=20 signals=1 entries=1 exits=0 blocked=0 open=9 cash=3339.79 equity=9659.90
[SIGNAL] 2026-08-07T13:29:59+00:00 HEITRY BUY fill_at=2026-08-07T13:34:59+00:00 features={"close": 10.846, "bb_lower": 10.9972195315407, "bb_upper": 11.79268523036406, "rsi": 37.792559623624605, "mfi": 42.332670342943, "atr": 0.2842857142857142}
[ENTRY] 2026-08-07T13:34:59+00:00 HEITRY layer=2 value=333.48 entry=10.84212550 cash=3005.81
[SCAN] 2026-08-07T13:34:59+00:00 symbols=20 signals=1 entries=1 exits=0 blocked=0 open=9 cash=3005.81 equity=9675.90
[SCAN] 2026-08-07T13:39:59+00:00 symbols=20 signals=0 entries=0 exits=0 blocked=0 open=9 cash=3005.81 equity=9676.00
[SCAN] 2026-08-07T13:44:59+00:00 symbols=20 signals=0 entries=0 exits=0 blocked=0 open=9 cash=3005.81 equity=9653.89
[SIGNAL] 2026-08-07T13:44:59+00:00 HEITRY BUY fill_at=2026-08-07T13:49:59+00:00 features={"close": 10.602, "bb_lower": 10.745023020193049, "bb_upper": 11.847453170283142, "rsi": 34.59161323153627, "mfi": 44.974159662000915, "atr": 0.2861428571428573}
[BLOCKED] HEITRY reason=max_layers
[SCAN] 2026-08-07T13:49:59+00:00 symbols=20 signals=1 entries=0 exits=0 blocked=1 open=9 cash=3005.81 equity=9661.89
[SCAN] 2026-08-07T13:54:59+00:00 symbols=20 signals=0 entries=0 exits=0 blocked=0 open=9 cash=3005.81 equity=9666.80
[SIGNAL] 2026-08-07T13:54:59+00:00 BIOTRY BUY fill_at=2026-08-07T13:59:59+00:00 features={"close": 1.125, "bb_lower": 1.1252019376026992, "bb_upper": 1.1402266338258724, "rsi": 36.68310309126958, "mfi": 15.142622319475095, "atr": 0.002214285714285756}
[BLOCKED] BIOTRY reason=max_layers
[SCAN] 2026-08-07T13:59:59+00:00 symbols=20 signals=1 entries=0 exits=0 blocked=2 open=9 cash=3005.81 equity=9652.99
[SIGNAL] 2026-08-07T13:59:59+00:00 HEITRY BUY fill_at=2026-08-07T14:04:59+00:00 features={"close": 10.485, "bb_lower": 10.525195215648678, "bb_upper": 11.85766192720847, "rsi": 35.33372494567564, "mfi": 38.504858440702236, "atr": 0.3025714285714284}
[BLOCKED] HEITRY reason=max_layers
[SIGNAL] 2026-08-07T13:59:59+00:00 BIOTRY BUY fill_at=2026-08-07T14:04:59+00:00 features={"close": 1.124, "bb_lower": 1.1241684399170195, "bb_upper": 1.1398315600829807, "rsi": 35.0681348447922, "mfi": 17.170884349491274, "atr": 0.002000000000000018}
[BLOCKED] BIOTRY reason=max_layers
[EXIT] 2026-08-07T14:04:59+00:00 HEITRY reason=fixed_stop_loss pnl=-44.78 cash=3666.09
[SCAN] 2026-08-07T14:04:59+00:00 symbols=20 signals=2 entries=0 exits=1 blocked=3 open=8 cash=3666.09 equity=9610.80
[SIGNAL] 2026-08-07T14:04:59+00:00 HEITRY BUY fill_at=2026-08-07T14:09:59+00:00 features={"close": 9.649, "bb_lower": 10.181726754528409, "bb_upper": 12.027225626423974, "rsi": 24.74076028734183, "mfi": 30.297961154564575, "atr": 0.37771428571428534}
[ENTRY] 2026-08-07T14:09:59+00:00 HEITRY layer=1 value=366.06 entry=9.65223375 cash=3299.48
[SIGNAL] 2026-08-07T14:04:59+00:00 COTITRY BUY fill_at=2026-08-07T14:09:59+00:00 features={"close": 0.6292, "bb_lower": 0.6296515113226242, "bb_upper": 0.6423770601059473, "rsi": 36.3732898909573, "mfi": 48.324555282719544, "atr": 0.0038142857142856985}
[BLOCKED] COTITRY reason=max_layers
[EXIT] 2026-08-07T14:09:59+00:00 HEITRY reason=fixed_take_profit pnl=+11.41 cash=3677.50
[SCAN] 2026-08-07T14:09:59+00:00 symbols=20 signals=2 entries=1 exits=1 blocked=2 open=8 cash=3677.50 equity=9627.00
[SIGNAL] 2026-08-07T14:09:59+00:00 HEITRY BUY fill_at=2026-08-07T14:14:59+00:00 features={"close": 9.761, "bb_lower": 9.956232392520201, "bb_upper": 12.083958083670273, "rsi": 27.87884469629597, "mfi": 39.58663119179515, "atr": 0.39614285714285674}
[ENTRY] 2026-08-07T14:14:59+00:00 HEITRY layer=1 value=367.20 entry=9.75731250 cash=3309.75
[SIGNAL] 2026-08-07T14:09:59+00:00 COTITRY BUY fill_at=2026-08-07T14:14:59+00:00 features={"close": 0.6269, "bb_lower": 0.6282052387198402, "bb_upper": 0.643089999375398, "rsi": 33.358805414323996, "mfi": 39.164345607927714, "atr": 0.0034642857142856975}
[BLOCKED] COTITRY reason=max_layers
[SCAN] 2026-08-07T14:14:59+00:00 symbols=20 signals=2 entries=1 exits=0 blocked=1 open=9 cash=3309.75 equity=9617.55
[SIGNAL] 2026-08-07T14:14:59+00:00 HEITRY BUY fill_at=2026-08-07T14:19:59+00:00 features={"close": 9.677, "bb_lower": 9.749308309995978, "bb_upper": 12.117644070956402, "rsi": 26.965292661951437, "mfi": 34.99542719860551, "atr": 0.3873571428571426}
[ENTRY] 2026-08-07T14:19:59+00:00 HEITRY layer=2 value=330.48 entry=9.67725250 cash=2978.78
[SIGNAL] 2026-08-07T14:14:59+00:00 COTITRY BUY fill_at=2026-08-07T14:19:59+00:00 features={"close": 0.6251, "bb_lower": 0.6265512571947244, "bb_upper": 0.6439058856624186, "rsi": 31.168742785868744, "mfi": 32.279353148071635, "atr": 0.003907142857142839}
[BLOCKED] COTITRY reason=max_layers
[SIGNAL] 2026-08-07T14:14:59+00:00 BANKTRY BUY fill_at=2026-08-07T14:19:59+00:00 features={"close": 1.975, "bb_lower": 1.9776364621956222, "bb_upper": 1.9974111568519963, "rsi": 36.0291484841121, "mfi": 33.16290926391153, "atr": 0.007571428571428578}
[BLOCKED] BANKTRY reason=max_layers
[SIGNAL] 2026-08-07T14:14:59+00:00 EDENTRY BUY fill_at=2026-08-07T14:19:59+00:00 features={"close": 1.939, "bb_lower": 1.9394516308216765, "bb_upper": 1.9568340834640379, "rsi": 35.01727775059784, "mfi": 26.745255568791876, "atr": 0.003071428571428582}
[BLOCKED] EDENTRY reason=max_layers
[SCAN] 2026-08-07T14:19:59+00:00 symbols=20 signals=4 entries=1 exits=0 blocked=3 open=9 cash=2978.78 equity=9627.26
[EXIT] 2026-08-07T14:24:59+00:00 KAITOTRY reason=bb_mfi_v3_signal_exit pnl=+1.76 cash=3734.70
[SCAN] 2026-08-07T14:24:59+00:00 symbols=20 signals=0 entries=0 exits=1 blocked=0 open=8 cash=3734.70 equity=9605.68
[SIGNAL] 2026-08-07T14:24:59+00:00 COTITRY BUY fill_at=2026-08-07T14:29:59+00:00 features={"close": 0.6221, "bb_lower": 0.6233745541606521, "bb_upper": 0.644758779172681, "rsi": 30.102377639555144, "mfi": 20.942143204747154, "atr": 0.0046357142857142665}
[BLOCKED] COTITRY reason=max_layers
[SCAN] 2026-08-07T14:29:59+00:00 symbols=20 signals=1 entries=0 exits=0 blocked=1 open=8 cash=3734.70 equity=9606.19
[SCAN] 2026-08-07T14:34:59+00:00 symbols=20 signals=0 entries=0 exits=0 blocked=0 open=8 cash=3734.70 equity=9580.85
[SIGNAL] 2026-08-07T14:34:59+00:00 COTITRY BUY fill_at=2026-08-07T14:39:59+00:00 features={"close": 0.6168, "bb_lower": 0.6189537107469169, "bb_upper": 0.6463891463959403, "rsi": 25.63166178669897, "mfi": 12.6268212067761, "atr": 0.005014285714285701}
[BLOCKED] COTITRY reason=max_layers
[SCAN] 2026-08-07T14:39:59+00:00 symbols=20 signals=1 entries=0 exits=0 blocked=1 open=8 cash=3734.70 equity=9582.46
[SIGNAL] 2026-08-07T14:39:59+00:00 COTITRY BUY fill_at=2026-08-07T14:44:59+00:00 features={"close": 0.6107, "bb_lower": 0.6152727163633185, "bb_upper": 0.6483749026843006, "rsi": 21.22583746664226, "mfi": 9.547470033476557, "atr": 0.005128571428571419}
[BLOCKED] COTITRY reason=max_layers
[EXIT] 2026-08-07T14:44:59+00:00 COTITRY reason=fixed_stop_loss pnl=-78.29 cash=4889.02
[SCAN] 2026-08-07T14:44:59+00:00 symbols=20 signals=1 entries=0 exits=1 blocked=1 open=7 cash=4889.02 equity=9592.75
[SIGNAL] 2026-08-07T14:44:59+00:00 COTITRY BUY fill_at=2026-08-07T14:49:59+00:00 features={"close": 0.611, "bb_lower": 0.6119970854355525, "bb_upper": 0.6492124383739712, "rsi": 21.9407098775025, "mfi": 6.65367381988635, "atr": 0.005371428571428567}
[ENTRY] 2026-08-07T14:49:59+00:00 COTITRY layer=1 value=488.17 entry=0.61325960 cash=4400.12
[SCAN] 2026-08-07T14:49:59+00:00 symbols=20 signals=1 entries=1 exits=0 blocked=0 open=8 cash=4400.12 equity=9588.06
[SCAN] 2026-08-07T14:54:59+00:00 symbols=20 signals=0 entries=0 exits=0 blocked=1 open=8 cash=4400.12 equity=9582.45
[SIGNAL] 2026-08-07T14:54:59+00:00 ENATRY BUY fill_at=2026-08-07T14:59:59+00:00 features={"close": 4.488, "bb_lower": 4.49748274222475, "bb_upper": 4.590231543489534, "rsi": 34.22126702622744, "mfi": 13.63244718568599, "atr": 0.017857142857142856}
[ENTRY] 2026-08-07T14:59:59+00:00 ENATRY layer=1 value=439.35 entry=4.49636975 cash=3960.11
[SIGNAL] 2026-08-07T14:54:59+00:00 PUMPTRY BUY fill_at=2026-08-07T14:59:59+00:00 features={"close": 0.1103, "bb_lower": 0.11051906987142496, "bb_upper": 0.11153807298571794, "rsi": 40.944132552614064, "mfi": 48.2429224016869, "atr": 0.000449999999999999}
[ENTRY] 2026-08-07T14:59:59+00:00 PUMPTRY layer=1 value=395.42 entry=0.11038273 cash=3564.09
[SCAN] 2026-08-07T14:59:59+00:00 symbols=20 signals=2 entries=2 exits=0 blocked=1 open=10 cash=3564.09 equity=9602.46
[SIGNAL] 2026-08-07T14:59:59+00:00 PUMPTRY BUY fill_at=2026-08-07T15:04:59+00:00 features={"close": 0.11, "bb_lower": 0.11030873062723727, "bb_upper": 0.11165317413466745, "rsi": 37.70385757147031, "mfi": 46.77941560894941, "atr": 0.00047142857142857007}
[ENTRY] 2026-08-07T15:04:59+00:00 PUMPTRY layer=2 value=404.72 entry=0.10998242 cash=3647.94
[SCAN] 2026-08-07T15:04:59+00:00 symbols=20 signals=1 entries=1 exits=1 blocked=2 open=9 cash=3647.94 equity=9573.71
[SIGNAL] 2026-08-07T15:04:59+00:00 PUMPTRY BUY fill_at=2026-08-07T15:09:59+00:00 features={"close": 0.1096, "bb_lower": 0.11002277493792992, "bb_upper": 0.11177722506207002, "rsi": 33.83600337754389, "mfi": 43.204648351442884, "atr": 0.0004928571428571421}
[BLOCKED] PUMPTRY reason=max_layers
[SIGNAL] 2026-08-07T15:04:59+00:00 PIXELTRY BUY fill_at=2026-08-07T15:09:59+00:00 features={"close": 0.214, "bb_lower": 0.2140483407140504, "bb_upper": 0.2171897545240448, "rsi": 39.938529267168306, "mfi": 29.983199626057328, "atr": 0.0009285714285714294}
[ENTRY] 2026-08-07T15:09:59+00:00 PIXELTRY layer=1 value=364.25 entry=0.21416050 cash=3283.14
[SCAN] 2026-08-07T15:09:59+00:00 symbols=20 signals=2 entries=1 exits=0 blocked=3 open=10 cash=3283.14 equity=9591.56
[SCAN] 2026-08-07T15:14:59+00:00 symbols=20 signals=0 entries=0 exits=0 blocked=1 open=10 cash=3283.14 equity=9592.94
[SCAN] 2026-08-07T15:19:59+00:00 symbols=20 signals=0 entries=0 exits=0 blocked=0 open=10 cash=3283.14 equity=9599.20
[SCAN] 2026-08-07T15:24:59+00:00 symbols=20 signals=0 entries=0 exits=0 blocked=0 open=10 cash=3283.14 equity=9585.81
[EXIT] 2026-08-07T15:29:59+00:00 BIOTRY reason=bb_mfi_v3_signal_exit pnl=+3.95 cash=3916.88
[EXIT] 2026-08-07T15:29:59+00:00 HEITRY reason=fixed_stop_loss pnl=-44.38 cash=4571.22
[SCAN] 2026-08-07T15:29:59+00:00 symbols=20 signals=0 entries=0 exits=2 blocked=0 open=8 cash=4571.22 equity=9575.25
[SCAN] 2026-08-07T15:34:59+00:00 symbols=20 signals=0 entries=0 exits=0 blocked=0 open=8 cash=4571.22 equity=9570.19
[SCAN] 2026-08-07T15:39:59+00:00 symbols=20 signals=0 entries=0 exits=0 blocked=0 open=8 cash=4571.22 equity=9575.42
[EXIT] 2026-08-07T15:44:59+00:00 FIDATRY reason=bb_mfi_v3_signal_exit pnl=-32.57 cash=5473.79
[SIGNAL] 2026-08-07T15:39:59+00:00 PIXELTRY BUY fill_at=2026-08-07T15:44:59+00:00 features={"close": 0.213, "bb_lower": 0.21330970697054555, "bb_upper": 0.21640457874374022, "rsi": 34.924790593489604, "mfi": 37.26602094147112, "atr": 0.0006428571428571435}
[ENTRY] 2026-08-07T15:44:59+00:00 PIXELTRY layer=2 value=546.56 entry=0.21315975 cash=4926.41
[SCAN] 2026-08-07T15:44:59+00:00 symbols=20 signals=1 entries=1 exits=1 blocked=0 open=7 cash=4926.41 equity=9571.04
[SIGNAL] 2026-08-07T15:44:59+00:00 PIXELTRY BUY fill_at=2026-08-07T15:49:59+00:00 features={"close": 0.213, "bb_lower": 0.21306471351660108, "bb_upper": 0.21636385791197035, "rsi": 34.92479062468375, "mfi": 36.189178840927504, "atr": 0.0005714285714285719}
[BLOCKED] PIXELTRY reason=max_layers
[SCAN] 2026-08-07T15:49:59+00:00 symbols=20 signals=1 entries=0 exits=0 blocked=1 open=7 cash=4926.41 equity=9568.22
[SCAN] 2026-08-07T15:54:59+00:00 symbols=20 signals=0 entries=0 exits=0 blocked=0 open=7 cash=4926.41 equity=9562.36
[SCAN] 2026-08-07T15:59:59+00:00 symbols=20 signals=0 entries=0 exits=0 blocked=0 open=7 cash=4926.41 equity=9564.80
[SCAN] 2026-08-07T16:04:59+00:00 symbols=20 signals=0 entries=0 exits=2 blocked=1 open=5 cash=5899.33 equity=9555.63
[SIGNAL] 2026-08-07T16:04:59+00:00 PIXELTRY BUY fill_at=2026-08-07T16:09:59+00:00 features={"close": 0.212, "bb_lower": 0.21210850668809542, "bb_upper": 0.21636768378809504, "rsi": 28.26977458532255, "mfi": 6.302631084544984, "atr": 0.0005000000000000004}
[BLOCKED] PIXELTRY reason=max_layers
[SCAN] 2026-08-07T16:09:59+00:00 symbols=20 signals=1 entries=0 exits=0 blocked=1 open=5 cash=5899.33 equity=9556.93
[SCAN] 2026-08-07T16:14:59+00:00 symbols=20 signals=0 entries=0 exits=0 blocked=0 open=5 cash=5899.33 equity=9546.44
[SIGNAL] 2026-08-07T16:14:59+00:00 PIXELTRY BUY fill_at=2026-08-07T16:19:59+00:00 features={"close": 0.211, "bb_lower": 0.2115219055232006, "bb_upper": 0.2162876182863232, "rsi": 29.577877693487892, "mfi": 6.206749288644247, "atr": 0.0005714285714285719}
[BLOCKED] PIXELTRY reason=max_layers
[SCAN] 2026-08-07T16:19:59+00:00 symbols=20 signals=1 entries=0 exits=0 blocked=1 open=5 cash=5899.33 equity=9545.47
[SIGNAL] 2026-08-07T16:19:59+00:00 VICTRY BUY fill_at=2026-08-07T16:24:59+00:00 features={"close": 1.34, "bb_lower": 1.3477460543894326, "bb_upper": 1.3922539456105671, "rsi": 37.500923074947, "mfi": 44.95088395464022, "atr": 0.017142857142857033}
[ENTRY] 2026-08-07T16:24:59+00:00 VICTRY layer=1 value=589.05 entry=1.35101250 cash=5309.40
[SIGNAL] 2026-08-07T16:19:59+00:00 ALLOTRY BUY fill_at=2026-08-07T16:24:59+00:00 features={"close": 16.04, "bb_lower": 16.044736943823835, "bb_upper": 16.989548770461873, "rsi": 38.148217204227514, "mfi": 40.05936947466913, "atr": 0.23142857142857057}
[ENTRY] 2026-08-07T16:24:59+00:00 ALLOTRY layer=1 value=530.14 entry=16.05203000 cash=4778.46
[SCAN] 2026-08-07T16:24:59+00:00 symbols=20 signals=2 entries=2 exits=0 blocked=0 open=7 cash=4778.46 equity=9558.98
[SIGNAL] 2026-08-07T16:24:59+00:00 PIXELTRY BUY fill_at=2026-08-07T16:29:59+00:00 features={"close": 0.211, "bb_lower": 0.21100764860692897, "bb_upper": 0.2160399704406901, "rsi": 33.88573586079718, "mfi": 6.364064744496034, "atr": 0.0006428571428571435}
[BLOCKED] PIXELTRY reason=max_layers
[SCAN] 2026-08-07T16:29:59+00:00 symbols=20 signals=1 entries=0 exits=0 blocked=1 open=7 cash=4778.46 equity=9557.68
[SCAN] 2026-08-07T16:34:59+00:00 symbols=20 signals=0 entries=0 exits=0 blocked=0 open=7 cash=4778.46 equity=9556.65
[EXIT] 2026-08-07T16:39:59+00:00 ALLOTRY reason=fixed_take_profit pnl=+16.53 cash=5325.92
[SCAN] 2026-08-07T16:39:59+00:00 symbols=20 signals=0 entries=0 exits=1 blocked=0 open=6 cash=5325.92 equity=9561.81
[SCAN] 2026-08-07T16:44:59+00:00 symbols=20 signals=0 entries=0 exits=0 blocked=0 open=6 cash=5325.92 equity=9553.08
[EXIT] 2026-08-07T16:49:59+00:00 BANKTRY reason=fixed_stop_loss pnl=-60.64 cash=6219.99
[SCAN] 2026-08-07T16:49:59+00:00 symbols=20 signals=0 entries=0 exits=1 blocked=0 open=5 cash=6219.99 equity=9534.37
[SIGNAL] 2026-08-07T16:49:59+00:00 BANKTRY BUY fill_at=2026-08-07T16:54:59+00:00 features={"close": 1.955, "bb_lower": 1.9655991672186537, "bb_upper": 2.003829404209917, "rsi": 28.078383029118868, "mfi": 22.088368141546496, "atr": 0.008928571428571428}
[ENTRY] 2026-08-07T16:54:59+00:00 BANKTRY layer=1 value=621.07 entry=1.95746700 cash=5597.99
[SIGNAL] 2026-08-07T16:49:59+00:00 HOMETRY BUY fill_at=2026-08-07T16:54:59+00:00 features={"close": 0.441, "bb_lower": 0.441163840344442, "bb_upper": 0.4554075882269867, "rsi": 39.09997283075882, "mfi": 35.43632238152276, "atr": 0.004357142857142861}
[ENTRY] 2026-08-07T16:54:59+00:00 HOMETRY layer=1 value=558.96 entry=0.44233150 cash=5038.19
[SCAN] 2026-08-07T16:54:59+00:00 symbols=20 signals=2 entries=2 exits=0 blocked=0 open=7 cash=5038.19 equity=9543.35
[SIGNAL] 2026-08-07T16:54:59+00:00 KAITOTRY BUY fill_at=2026-08-07T16:59:59+00:00 features={"close": 42.33, "bb_lower": 43.15297413948893, "bb_upper": 44.711597289082505, "rsi": 27.161244575451676, "mfi": 15.030232842576737, "atr": 0.3635714285714288}
[ENTRY] 2026-08-07T16:59:59+00:00 KAITOTRY layer=1 value=503.06 entry=42.29369650 cash=4534.37
[SIGNAL] 2026-08-07T16:54:59+00:00 BANKTRY BUY fill_at=2026-08-07T16:59:59+00:00 features={"close": 1.958, "bb_lower": 1.9615534635089538, "bb_upper": 2.0058751079196173, "rsi": 31.46073206263293, "mfi": 24.001875432354126, "atr": 0.008428571428571436}
[ENTRY] 2026-08-07T16:59:59+00:00 BANKTRY layer=2 value=452.76 entry=1.95946850 cash=4080.93
[SIGNAL] 2026-08-07T16:54:59+00:00 PUMPTRY BUY fill_at=2026-08-07T16:59:59+00:00 features={"close": 0.1089, "bb_lower": 0.10896461629600371, "bb_upper": 0.11090205037066297, "rsi": 32.76965051054428, "mfi": 21.285089034453563, "atr": 0.0003999999999999996}
[BLOCKED] PUMPTRY reason=max_layers
[SCAN] 2026-08-07T16:59:59+00:00 symbols=20 signals=3 entries=2 exits=0 blocked=1 open=8 cash=4080.93 equity=9507.90
[SIGNAL] 2026-08-07T16:59:59+00:00 KAITOTRY BUY fill_at=2026-08-07T17:04:59+00:00 features={"close": 41.389, "bb_lower": 42.474494835286166, "bb_upper": 45.13855278376147, "rsi": 20.577610661625982, "mfi": 7.612148071332243, "atr": 0.42157142857142865}
[ENTRY] 2026-08-07T17:04:59+00:00 KAITOTRY layer=2 value=467.43 entry=41.63019925 cash=4213.14
[SIGNAL] 2026-08-07T16:59:59+00:00 BANKTRY BUY fill_at=2026-08-07T17:04:59+00:00 features={"close": 1.948, "bb_lower": 1.9551664193240836, "bb_upper": 2.007881199723535, "rsi": 26.893553302644207, "mfi": 18.758645479946438, "atr": 0.008714285714285721}
[BLOCKED] BANKTRY reason=max_layers
[SIGNAL] 2026-08-07T16:59:59+00:00 HOMETRY BUY fill_at=2026-08-07T17:04:59+00:00 features={"close": 0.433, "bb_lower": 0.4373804900709958, "bb_upper": 0.4570004623099567, "rsi": 31.2325569769351, "mfi": 32.32290064390597, "atr": 0.00478571428571429}
[ENTRY] 2026-08-07T17:04:59+00:00 HOMETRY layer=2 value=420.68 entry=0.43332475 cash=3791.83
[SIGNAL] 2026-08-07T16:59:59+00:00 PUMPTRY BUY fill_at=2026-08-07T17:04:59+00:00 features={"close": 0.1088, "bb_lower": 0.10880562806369265, "bb_upper": 0.11089913384106928, "rsi": 31.701252878214433, "mfi": 23.515608135274917, "atr": 0.00040000000000000056}
[BLOCKED] PUMPTRY reason=max_layers
[SIGNAL] 2026-08-07T16:59:59+00:00 EDENTRY BUY fill_at=2026-08-07T17:04:59+00:00 features={"close": 1.955, "bb_lower": 1.9571598475471184, "bb_upper": 1.9790306286433579, "rsi": 38.019700723194674, "mfi": 9.703964676685061, "atr": 0.004214285714285742}
[ENTRY] 2026-08-07T17:04:59+00:00 EDENTRY layer=1 value=378.61 entry=1.95646625 cash=3412.64
[SCAN] 2026-08-07T17:04:59+00:00 symbols=20 signals=5 entries=3 exits=1 blocked=2 open=8 cash=3412.64 equity=9518.75
[SIGNAL] 2026-08-07T17:04:59+00:00 KAITOTRY BUY fill_at=2026-08-07T17:09:59+00:00 features={"close": 41.94, "bb_lower": 42.16187794060499, "bb_upper": 45.25612205939502, "rsi": 31.16205337742167, "mfi": 10.778134753597968, "atr": 0.461785714285714}
[BLOCKED] KAITOTRY reason=max_layers
[SIGNAL] 2026-08-07T17:04:59+00:00 BANKTRY BUY fill_at=2026-08-07T17:09:59+00:00 features={"close": 1.95, "bb_lower": 1.950501263989989, "bb_upper": 2.0083558788671536, "rsi": 29.122898059535984, "mfi": 17.900158547431488, "atr": 0.009000000000000008}
[BLOCKED] BANKTRY reason=max_layers
[SIGNAL] 2026-08-07T17:04:59+00:00 HOMETRY BUY fill_at=2026-08-07T17:09:59+00:00 features={"close": 0.432, "bb_lower": 0.434770487033162, "bb_upper": 0.4582771320144571, "rsi": 30.357508725834947, "mfi": 25.46073556307371, "atr": 0.004857142857142861}
[BLOCKED] HOMETRY reason=max_layers
[SIGNAL] 2026-08-07T17:04:59+00:00 EDENTRY BUY fill_at=2026-08-07T17:09:59+00:00 features={"close": 1.955, "bb_lower": 1.9553914256413683, "bb_upper": 1.979846669596727, "rsi": 38.01970070566636, "mfi": 8.747413249839227, "atr": 0.004357142857142885}
[ENTRY] 2026-08-07T17:09:59+00:00 EDENTRY layer=2 value=340.75 entry=1.96347150 cash=3071.38
[SCAN] 2026-08-07T17:09:59+00:00 symbols=20 signals=4 entries=1 exits=0 blocked=3 open=8 cash=3071.38 equity=9517.51
[SIGNAL] 2026-08-07T17:09:59+00:00 KAITOTRY BUY fill_at=2026-08-07T17:14:59+00:00 features={"close": 41.727, "bb_lower": 41.84665351547663, "bb_upper": 45.36134648452338, "rsi": 29.51481941322689, "mfi": 8.692318118317928, "atr": 0.47135714285714264}
[BLOCKED] KAITOTRY reason=max_layers
[SIGNAL] 2026-08-07T17:09:59+00:00 HOMETRY BUY fill_at=2026-08-07T17:14:59+00:00 features={"close": 0.431, "bb_lower": 0.432259888956115, "bb_upper": 0.45897820628198016, "rsi": 29.463241946425015, "mfi": 23.754150498115592, "atr": 0.004714285714285719}
[BLOCKED] HOMETRY reason=max_layers
[SCAN] 2026-08-07T17:14:59+00:00 symbols=20 signals=2 entries=0 exits=0 blocked=2 open=8 cash=3071.38 equity=9512.39
[SIGNAL] 2026-08-07T17:14:59+00:00 ENATRY BUY fill_at=2026-08-07T17:19:59+00:00 features={"close": 4.494, "bb_lower": 4.494917235991385, "bb_upper": 4.558892287818138, "rsi": 39.88552541928478, "mfi": 49.057392746832925, "atr": 0.02099999999999997}
[ENTRY] 2026-08-07T17:19:59+00:00 ENATRY layer=1 value=306.68 entry=4.49636975 cash=2764.24
[SCAN] 2026-08-07T17:19:59+00:00 symbols=20 signals=1 entries=1 exits=0 blocked=0 open=9 cash=2764.24 equity=9511.33
[SIGNAL] 2026-08-07T17:19:59+00:00 ENATRY BUY fill_at=2026-08-07T17:24:59+00:00 features={"close": 4.488, "bb_lower": 4.489871380679651, "bb_upper": 4.561366714558443, "rsi": 38.41711527130031, "mfi": 49.45268701323367, "atr": 0.02028571428571427}
[ENTRY] 2026-08-07T17:24:59+00:00 ENATRY layer=2 value=276.01 entry=4.49036525 cash=2487.82
[SIGNAL] 2026-08-07T17:19:59+00:00 SAHARATRY BUY fill_at=2026-08-07T17:24:59+00:00 features={"close": 0.3918, "bb_lower": 0.39197987953631064, "bb_upper": 0.3951725014160703, "rsi": 34.490095575804574, "mfi": 24.638963281654057, "atr": 0.0006928571428571459}
[ENTRY] 2026-08-07T17:24:59+00:00 SAHARATRY layer=1 value=248.41 entry=0.39179363 cash=2239.04
[SCAN] 2026-08-07T17:24:59+00:00 symbols=20 signals=2 entries=2 exits=0 blocked=1 open=10 cash=2239.04 equity=9506.56
[SIGNAL] 2026-08-07T17:24:59+00:00 ENATRY BUY fill_at=2026-08-07T17:29:59+00:00 features={"close": 4.466, "bb_lower": 4.4807652761539325, "bb_upper": 4.566853771465113, "rsi": 33.51577491905712, "mfi": 42.26692595625437, "atr": 0.020857142857142845}
[BLOCKED] ENATRY reason=max_layers
[SIGNAL] 2026-08-07T17:24:59+00:00 SAHARATRY BUY fill_at=2026-08-07T17:29:59+00:00 features={"close": 0.3908, "bb_lower": 0.39150212899269504, "bb_upper": 0.39525977576920984, "rsi": 29.672051180767397, "mfi": 23.607771139460652, "atr": 0.0006785714285714292}
[ENTRY] 2026-08-07T17:29:59+00:00 SAHARATRY layer=2 value=223.57 entry=0.39149340 cash=2015.13
[SCAN] 2026-08-07T17:29:59+00:00 symbols=20 signals=2 entries=1 exits=0 blocked=1 open=10 cash=2015.13 equity=9504.41
[SIGNAL] 2026-08-07T17:29:59+00:00 ENATRY BUY fill_at=2026-08-07T17:34:59+00:00 features={"close": 4.46, "bb_lower": 4.469729662700834, "bb_upper": 4.571317956346784, "rsi": 32.29829884284099, "mfi": 37.37644737473009, "atr": 0.020000000000000018}
[BLOCKED] ENATRY reason=max_layers
[SCAN] 2026-08-07T17:34:59+00:00 symbols=20 signals=1 entries=0 exits=0 blocked=2 open=10 cash=2015.13 equity=9511.84
[SIGNAL] 2026-08-07T17:34:59+00:00 ENATRY BUY fill_at=2026-08-07T17:39:59+00:00 features={"close": 4.458, "bb_lower": 4.460004164328505, "bb_upper": 4.573805359481018, "rsi": 31.880110627434362, "mfi": 36.601747234303936, "atr": 0.019785714285714295}
[BLOCKED] ENATRY reason=max_layers
[SCAN] 2026-08-07T17:39:59+00:00 symbols=20 signals=1 entries=0 exits=0 blocked=1 open=10 cash=2015.13 equity=9516.75
[EXIT] 2026-08-07T17:44:59+00:00 TOWNSTRY reason=bb_mfi_v3_signal_exit pnl=-1.04 cash=2244.68
[SCAN] 2026-08-07T17:44:59+00:00 symbols=20 signals=0 entries=0 exits=1 blocked=0 open=9 cash=2244.68 equity=9529.51
[SCAN] 2026-08-07T17:49:59+00:00 symbols=20 signals=0 entries=0 exits=0 blocked=1 open=9 cash=2244.68 equity=9501.84
[SCAN] 2026-08-07T17:54:59+00:00 symbols=20 signals=0 entries=0 exits=0 blocked=1 open=9 cash=2244.68 equity=9519.52
[SIGNAL] 2026-08-07T17:54:59+00:00 HEITRY BUY fill_at=2026-08-07T17:59:59+00:00 features={"close": 9.949, "bb_lower": 10.02988878057891, "bb_upper": 11.109254076563948, "rsi": 38.57324087776686, "mfi": 38.720276614956184, "atr": 0.26564285714285724}
[ENTRY] 2026-08-07T17:59:59+00:00 HEITRY layer=1 value=224.13 entry=9.95746250 cash=2020.21
[SCAN] 2026-08-07T17:59:59+00:00 symbols=20 signals=1 entries=1 exits=0 blocked=1 open=10 cash=2020.21 equity=9526.18
[SCAN] 2026-08-07T18:04:59+00:00 symbols=20 signals=0 entries=0 exits=0 blocked=1 open=10 cash=2020.21 equity=9527.18
[SCAN] 2026-08-07T18:09:59+00:00 symbols=20 signals=0 entries=0 exits=0 blocked=0 open=10 cash=2020.21 equity=9519.37
[SCAN] 2026-08-07T18:14:59+00:00 symbols=20 signals=0 entries=0 exits=0 blocked=0 open=10 cash=2020.21 equity=9519.79
[EXIT] 2026-08-07T18:19:59+00:00 HEITRY reason=fixed_take_profit pnl=+6.99 cash=2251.67
[SCAN] 2026-08-07T18:19:59+00:00 symbols=20 signals=0 entries=0 exits=1 blocked=0 open=9 cash=2251.67 equity=9523.54
[SCAN] 2026-08-07T18:24:59+00:00 symbols=20 signals=0 entries=0 exits=0 blocked=0 open=9 cash=2251.67 equity=9504.82
[SCAN] 2026-08-07T18:29:59+00:00 symbols=20 signals=0 entries=0 exits=0 blocked=0 open=9 cash=2251.67 equity=9507.58
[SCAN] 2026-08-07T18:34:59+00:00 symbols=20 signals=0 entries=0 exits=0 blocked=0 open=9 cash=2251.67 equity=9516.88
[SCAN] 2026-08-07T18:39:59+00:00 symbols=20 signals=0 entries=0 exits=0 blocked=0 open=9 cash=2251.67 equity=9511.28
[SIGNAL] 2026-08-07T18:39:59+00:00 LATRY BUY fill_at=2026-08-07T18:44:59+00:00 features={"close": 2.43, "bb_lower": 2.433238230905173, "bb_upper": 2.5000951024281606, "rsi": 39.637039363267874, "mfi": 29.775220117440185, "atr": 0.018571428571428555}
[ENTRY] 2026-08-07T18:44:59+00:00 LATRY layer=1 value=224.83 entry=2.44183000 cash=2026.50
[SCAN] 2026-08-07T18:44:59+00:00 symbols=20 signals=1 entries=1 exits=0 blocked=0 open=10 cash=2026.50 equity=9515.93
[SCAN] 2026-08-07T18:49:59+00:00 symbols=20 signals=0 entries=0 exits=0 blocked=0 open=10 cash=2026.50 equity=9519.85
[SCAN] 2026-08-07T18:54:59+00:00 symbols=20 signals=0 entries=0 exits=0 blocked=0 open=10 cash=2026.50 equity=9515.04
[SCAN] 2026-08-07T18:59:59+00:00 symbols=20 signals=0 entries=0 exits=0 blocked=0 open=10 cash=2026.50 equity=9524.73
[SCAN] 2026-08-07T19:04:59+00:00 symbols=20 signals=0 entries=0 exits=1 blocked=0 open=9 cash=2750.93 equity=9521.31
[SCAN] 2026-08-07T19:09:59+00:00 symbols=20 signals=0 entries=0 exits=0 blocked=0 open=9 cash=2750.93 equity=9539.49
[SCAN] 2026-08-07T19:14:59+00:00 symbols=20 signals=0 entries=0 exits=0 blocked=0 open=9 cash=2750.93 equity=9546.92
[SCAN] 2026-08-07T19:19:59+00:00 symbols=20 signals=0 entries=0 exits=0 blocked=0 open=9 cash=2750.93 equity=9543.30
[SCAN] 2026-08-07T19:24:59+00:00 symbols=20 signals=0 entries=0 exits=0 blocked=0 open=9 cash=2750.93 equity=9537.37
[SCAN] 2026-08-07T19:29:59+00:00 symbols=20 signals=0 entries=0 exits=0 blocked=1 open=9 cash=2750.93 equity=9542.06
[SIGNAL] 2026-08-07T19:29:59+00:00 ALLOTRY BUY fill_at=2026-08-07T19:34:59+00:00 features={"close": 16.68, "bb_lower": 16.784104950671406, "bb_upper": 17.726371239804784, "rsi": 36.82370843385054, "mfi": 30.611516287179526, "atr": 0.21714285714285733}
[ENTRY] 2026-08-07T19:34:59+00:00 ALLOTRY layer=1 value=274.68 entry=16.70251750 cash=2475.83
[SCAN] 2026-08-07T19:34:59+00:00 symbols=20 signals=1 entries=1 exits=0 blocked=1 open=10 cash=2475.83 equity=9534.06
[EXIT] 2026-08-07T19:39:59+00:00 PIXELTRY reason=bb_mfi_v3_signal_exit pnl=+11.23 cash=3399.23
[SIGNAL] 2026-08-07T19:34:59+00:00 ALLOTRY BUY fill_at=2026-08-07T19:39:59+00:00 features={"close": 16.53, "bb_lower": 16.655754642288613, "bb_upper": 17.779483452949485, "rsi": 33.4403604398771, "mfi": 22.796082740911558, "atr": 0.223571428571429}
[ENTRY] 2026-08-07T19:39:59+00:00 ALLOTRY layer=2 value=339.41 entry=16.56241250 cash=3059.31
[SCAN] 2026-08-07T19:39:59+00:00 symbols=20 signals=1 entries=1 exits=1 blocked=2 open=9 cash=3059.31 equity=9525.10
[SIGNAL] 2026-08-07T19:39:59+00:00 ALLOTRY BUY fill_at=2026-08-07T19:44:59+00:00 features={"close": 16.47, "bb_lower": 16.53933628562017, "bb_upper": 17.795901809617934, "rsi": 32.15992902493572, "mfi": 17.22943735130933, "atr": 0.22142857142857178}
[BLOCKED] ALLOTRY reason=max_layers
[SCAN] 2026-08-07T19:44:59+00:00 symbols=20 signals=1 entries=0 exits=0 blocked=2 open=9 cash=3059.31 equity=9510.12
[SIGNAL] 2026-08-07T19:44:59+00:00 ALLOTRY BUY fill_at=2026-08-07T19:49:59+00:00 features={"close": 16.25, "bb_lower": 16.382202673755963, "bb_upper": 17.846368754815472, "rsi": 27.914269389507453, "mfi": 16.706298534845857, "atr": 0.23000000000000018}
[BLOCKED] ALLOTRY reason=max_layers
[SCAN] 2026-08-07T19:49:59+00:00 symbols=20 signals=1 entries=0 exits=0 blocked=2 open=9 cash=3059.31 equity=9529.68
[SCAN] 2026-08-07T19:54:59+00:00 symbols=20 signals=0 entries=0 exits=0 blocked=0 open=9 cash=3059.31 equity=9531.70
[SCAN] 2026-08-07T19:59:59+00:00 symbols=20 signals=0 entries=0 exits=0 blocked=0 open=9 cash=3059.31 equity=9524.34
[SCAN] 2026-08-07T20:04:59+00:00 symbols=20 signals=0 entries=0 exits=2 blocked=0 open=7 cash=4094.66 equity=9511.22
[SIGNAL] 2026-08-07T20:04:59+00:00 ALLOTRY BUY fill_at=2026-08-07T20:09:59+00:00 features={"close": 15.98, "bb_lower": 15.988781173699634, "bb_upper": 17.826456921538465, "rsi": 27.665912592361792, "mfi": 20.606579206443598, "atr": 0.2571428571428574}
[BLOCKED] ALLOTRY reason=max_layers
[SCAN] 2026-08-07T20:09:59+00:00 symbols=20 signals=1 entries=0 exits=0 blocked=2 open=7 cash=4094.66 equity=9517.77
[EXIT] 2026-08-07T20:14:59+00:00 VANRYTRY reason=bb_mfi_v3_signal_exit pnl=+9.77 cash=4933.56
[SIGNAL] 2026-08-07T20:09:59+00:00 FIDATRY BUY fill_at=2026-08-07T20:14:59+00:00 features={"close": 0.862, "bb_lower": 0.8624415915887024, "bb_upper": 0.8737488846017735, "rsi": 37.12324198892755, "mfi": 15.309357836984702, "atr": 0.0019285714285714303}
[ENTRY] 2026-08-07T20:14:59+00:00 FIDATRY layer=1 value=492.62 entry=0.86264650 cash=4440.21
[SIGNAL] 2026-08-07T20:09:59+00:00 ALLOTRY BUY fill_at=2026-08-07T20:14:59+00:00 features={"close": 15.84, "bb_lower": 15.840806188900848, "bb_upper": 17.820146192051535, "rsi": 25.591294706095326, "mfi": 19.625059115279115, "atr": 0.2571428571428574}
[BLOCKED] ALLOTRY reason=max_layers
[EXIT] 2026-08-07T20:14:59+00:00 ALLOTRY reason=fixed_stop_loss pnl=-39.06 cash=5016.16
[SCAN] 2026-08-07T20:14:59+00:00 symbols=20 signals=2 entries=1 exits=2 blocked=1 open=6 cash=5016.16 equity=9512.84
[SIGNAL] 2026-08-07T20:14:59+00:00 ALLOTRY BUY fill_at=2026-08-07T20:19:59+00:00 features={"close": 15.61, "bb_lower": 15.657204717988547, "bb_upper": 17.841842901059078, "rsi": 22.578006857886464, "mfi": 11.836021282326044, "atr": 0.2671428571428574}
[ENTRY] 2026-08-07T20:19:59+00:00 ALLOTRY layer=1 value=500.86 entry=15.60169250 cash=4514.54
[SCAN] 2026-08-07T20:19:59+00:00 symbols=20 signals=1 entries=1 exits=0 blocked=0 open=7 cash=4514.54 equity=9513.11
[SIGNAL] 2026-08-07T20:19:59+00:00 ALLOTRY BUY fill_at=2026-08-07T20:24:59+00:00 features={"close": 15.42, "bb_lower": 15.481080817510273, "bb_upper": 17.813204896775446, "rsi": 20.42565969003587, "mfi": 11.751531683714816, "atr": 0.2721428571428573}
[ENTRY] 2026-08-07T20:24:59+00:00 ALLOTRY layer=2 value=450.78 entry=15.41155000 cash=4063.09
[SCAN] 2026-08-07T20:24:59+00:00 symbols=20 signals=1 entries=1 exits=0 blocked=0 open=7 cash=4063.09 equity=9519.18
[EXIT] 2026-08-07T20:29:59+00:00 SAHARATRY reason=bb_mfi_v3_signal_exit pnl=+2.62 cash=4538.39
[SIGNAL] 2026-08-07T20:24:59+00:00 ALLOTRY BUY fill_at=2026-08-07T20:29:59+00:00 features={"close": 15.28, "bb_lower": 15.299647056350445, "bb_upper": 17.78701961031622, "rsi": 18.981257130297962, "mfi": 12.294741435984136, "atr": 0.2857142857142857}
[BLOCKED] ALLOTRY reason=max_layers
[SCAN] 2026-08-07T20:29:59+00:00 symbols=20 signals=1 entries=0 exits=1 blocked=1 open=6 cash=4538.39 equity=9527.79
[SCAN] 2026-08-07T20:34:59+00:00 symbols=20 signals=0 entries=0 exits=0 blocked=0 open=6 cash=4538.39 equity=9512.97
[SCAN] 2026-08-07T20:39:59+00:00 symbols=20 signals=0 entries=0 exits=0 blocked=1 open=6 cash=4538.39 equity=9510.08
[SCAN] 2026-08-07T20:44:59+00:00 symbols=20 signals=0 entries=0 exits=0 blocked=2 open=6 cash=4538.39 equity=9530.44
[SIGNAL] 2026-08-07T20:44:59+00:00 PIXELTRY BUY fill_at=2026-08-07T20:49:59+00:00 features={"close": 0.212, "bb_lower": 0.21216447699597868, "bb_upper": 0.2181212372897356, "rsi": 31.75225169253666, "mfi": 23.9177029476663, "atr": 0.0006428571428571435}
[ENTRY] 2026-08-07T20:49:59+00:00 PIXELTRY layer=1 value=453.16 entry=0.21215900 cash=4084.55
[SCAN] 2026-08-07T20:49:59+00:00 symbols=20 signals=1 entries=1 exits=0 blocked=0 open=7 cash=4084.55 equity=9545.34
[SIGNAL] 2026-08-07T20:49:59+00:00 PIXELTRY BUY fill_at=2026-08-07T20:54:59+00:00 features={"close": 0.212, "bb_lower": 0.21216447699597862, "bb_upper": 0.21812123728973554, "rsi": 31.752251637170033, "mfi": 21.16694735783082, "atr": 0.0005714285714285719}
[ENTRY] 2026-08-07T20:54:59+00:00 PIXELTRY layer=2 value=407.84 entry=0.21215900 cash=3676.10
[SCAN] 2026-08-07T20:54:59+00:00 symbols=20 signals=1 entries=1 exits=0 blocked=1 open=7 cash=3676.10 equity=9545.97
[SCAN] 2026-08-07T20:59:59+00:00 symbols=20 signals=0 entries=0 exits=0 blocked=1 open=7 cash=3676.10 equity=9556.02
[SCAN] 2026-08-07T21:04:59+00:00 symbols=20 signals=0 entries=0 exits=1 blocked=0 open=6 cash=4753.36 equity=9543.74
[SCAN] 2026-08-07T21:09:59+00:00 symbols=20 signals=0 entries=0 exits=0 blocked=0 open=6 cash=4753.36 equity=9544.53
[SCAN] 2026-08-07T21:14:59+00:00 symbols=20 signals=0 entries=0 exits=0 blocked=0 open=6 cash=4753.36 equity=9547.39
[EXIT] 2026-08-07T21:19:59+00:00 KAITOTRY reason=fixed_stop_loss pnl=-61.74 cash=5663.56
[SCAN] 2026-08-07T21:19:59+00:00 symbols=20 signals=0 entries=0 exits=1 blocked=0 open=5 cash=5663.56 equity=9532.79
[SCAN] 2026-08-07T21:24:59+00:00 symbols=20 signals=0 entries=0 exits=0 blocked=1 open=5 cash=5663.56 equity=9502.79
[SCAN] 2026-08-07T21:29:59+00:00 symbols=20 signals=0 entries=0 exits=0 blocked=1 open=5 cash=5663.56 equity=9491.07
[SCAN] 2026-08-07T21:34:59+00:00 symbols=20 signals=0 entries=0 exits=0 blocked=1 open=5 cash=5663.56 equity=9492.32
[SCAN] 2026-08-07T21:39:59+00:00 symbols=20 signals=0 entries=0 exits=0 blocked=0 open=5 cash=5663.56 equity=9481.38
[SCAN] 2026-08-07T21:44:59+00:00 symbols=20 signals=0 entries=0 exits=0 blocked=1 open=5 cash=5663.56 equity=9489.34
[SCAN] 2026-08-07T21:49:59+00:00 symbols=20 signals=0 entries=0 exits=0 blocked=0 open=5 cash=5663.56 equity=9472.96
[SIGNAL] 2026-08-07T21:49:59+00:00 ALLOTRY BUY fill_at=2026-08-07T21:54:59+00:00 features={"close": 14.91, "bb_lower": 14.957541738349446, "bb_upper": 15.990077309269607, "rsi": 25.857839684707812, "mfi": 51.94579798623546, "atr": 0.2414285714285715}
[BLOCKED] ALLOTRY reason=max_layers
[EXIT] 2026-08-07T21:54:59+00:00 ALLOTRY reason=fixed_stop_loss pnl=-60.54 cash=6556.10
[SCAN] 2026-08-07T21:54:59+00:00 symbols=20 signals=1 entries=0 exits=1 blocked=2 open=4 cash=6556.10 equity=9457.98
[SIGNAL] 2026-08-07T21:54:59+00:00 ALLOTRY BUY fill_at=2026-08-07T21:59:59+00:00 features={"close": 14.57, "bb_lower": 14.795307803475907, "bb_upper": 16.031358863190764, "rsi": 21.203306595726488, "mfi": 51.40609033357928, "atr": 0.24428571428571427}
[ENTRY] 2026-08-07T21:59:59+00:00 ALLOTRY layer=1 value=654.63 entry=14.59093500 cash=5900.49
[SCAN] 2026-08-07T21:59:59+00:00 symbols=20 signals=1 entries=1 exits=0 blocked=2 open=5 cash=5900.49 equity=9459.01
[SIGNAL] 2026-08-07T21:59:59+00:00 ENATRY BUY fill_at=2026-08-07T22:04:59+00:00 features={"close": 4.43, "bb_lower": 4.440853432968431, "bb_upper": 4.503813233698234, "rsi": 29.352298853622386, "mfi": 53.58956631725868, "atr": 0.010071428571428573}
[BLOCKED] ENATRY reason=max_layers
[SCAN] 2026-08-07T22:04:59+00:00 symbols=20 signals=1 entries=0 exits=1 blocked=2 open=4 cash=6557.63 equity=9462.25
[SIGNAL] 2026-08-07T22:04:59+00:00 ENATRY BUY fill_at=2026-08-07T22:09:59+00:00 features={"close": 4.418, "bb_lower": 4.430624158290317, "bb_upper": 4.508709175043019, "rsi": 26.062016984027295, "mfi": 45.467069227439026, "atr": 0.010642857142857145}
[BLOCKED] ENATRY reason=max_layers
[SCAN] 2026-08-07T22:09:59+00:00 symbols=20 signals=1 entries=0 exits=0 blocked=3 open=4 cash=6557.63 equity=9464.12
[SCAN] 2026-08-07T22:14:59+00:00 symbols=20 signals=0 entries=0 exits=0 blocked=1 open=4 cash=6557.63 equity=9468.46
[SIGNAL] 2026-08-07T22:14:59+00:00 BANKTRY BUY fill_at=2026-08-07T22:19:59+00:00 features={"close": 1.928, "bb_lower": 1.9343656631512165, "bb_upper": 1.9865867178011645, "rsi": 28.971839512371957, "mfi": 31.51745764006715, "atr": 0.010357142857142858}
[ENTRY] 2026-08-07T22:19:59+00:00 BANKTRY layer=1 value=654.78 entry=1.93244825 cash=5901.87
[SCAN] 2026-08-07T22:19:59+00:00 symbols=20 signals=1 entries=1 exits=0 blocked=0 open=5 cash=5901.87 equity=9463.27
[SCAN] 2026-08-07T22:24:59+00:00 symbols=20 signals=0 entries=0 exits=0 blocked=0 open=5 cash=5901.87 equity=9472.75
[SCAN] 2026-08-07T22:29:59+00:00 symbols=20 signals=0 entries=0 exits=0 blocked=0 open=5 cash=5901.87 equity=9453.19
[SIGNAL] 2026-08-07T22:29:59+00:00 BANKTRY BUY fill_at=2026-08-07T22:34:59+00:00 features={"close": 1.909, "bb_lower": 1.9181030533252537, "bb_upper": 1.9923731371509363, "rsi": 24.931133078226466, "mfi": 18.405074702646218, "atr": 0.012214285714285717}
[ENTRY] 2026-08-07T22:34:59+00:00 BANKTRY layer=2 value=589.30 entry=1.91143250 cash=5311.68
[SCAN] 2026-08-07T22:34:59+00:00 symbols=20 signals=1 entries=1 exits=0 blocked=0 open=5 cash=5311.68 equity=9442.87
[SCAN] 2026-08-07T22:39:59+00:00 symbols=20 signals=0 entries=0 exits=0 blocked=0 open=5 cash=5311.68 equity=9440.76
[SIGNAL] 2026-08-07T22:39:59+00:00 ENATRY BUY fill_at=2026-08-07T22:44:59+00:00 features={"close": 4.383, "bb_lower": 4.387509210030028, "bb_upper": 4.511157456636638, "rsi": 20.577611170185307, "mfi": 16.357605320482563, "atr": 0.0103571428571427}
[BLOCKED] ENATRY reason=max_layers
[SCAN] 2026-08-07T22:44:59+00:00 symbols=20 signals=1 entries=0 exits=0 blocked=2 open=5 cash=5311.68 equity=9444.93
[SIGNAL] 2026-08-07T22:44:59+00:00 COTITRY BUY fill_at=2026-08-07T22:49:59+00:00 features={"close": 0.5969, "bb_lower": 0.5971248501647545, "bb_upper": 0.6112656260257218, "rsi": 28.997906379162472, "mfi": 46.97757176569275, "atr": 0.002878571428571421}
[ENTRY] 2026-08-07T22:49:59+00:00 COTITRY layer=1 value=530.37 entry=0.59784805 cash=4780.51
[SIGNAL] 2026-08-07T22:44:59+00:00 ENATRY BUY fill_at=2026-08-07T22:49:59+00:00 features={"close": 4.373, "bb_lower": 4.376495832831375, "bb_upper": 4.511313690978148, "rsi": 18.752478653642356, "mfi": 14.065712847775146, "atr": 0.01114285714285693}
[BLOCKED] ENATRY reason=max_layers
[SCAN] 2026-08-07T22:49:59+00:00 symbols=20 signals=2 entries=1 exits=0 blocked=2 open=6 cash=4780.51 equity=9434.09
[SCAN] 2026-08-07T22:54:59+00:00 symbols=20 signals=0 entries=0 exits=0 blocked=0 open=6 cash=4780.51 equity=9435.31
[SCAN] 2026-08-07T22:59:59+00:00 symbols=20 signals=0 entries=0 exits=0 blocked=0 open=6 cash=4780.51 equity=9430.60
[SCAN] 2026-08-07T23:04:59+00:00 symbols=20 signals=0 entries=0 exits=0 blocked=0 open=6 cash=4780.51 equity=9441.25
[SCAN] 2026-08-07T23:09:59+00:00 symbols=20 signals=0 entries=0 exits=0 blocked=0 open=6 cash=4780.51 equity=9442.44
[SCAN] 2026-08-07T23:14:59+00:00 symbols=20 signals=0 entries=0 exits=0 blocked=0 open=6 cash=4780.51 equity=9435.40
[SCAN] 2026-08-07T23:19:59+00:00 symbols=20 signals=0 entries=0 exits=0 blocked=1 open=6 cash=4780.51 equity=9442.73
[SCAN] 2026-08-07T23:24:59+00:00 symbols=20 signals=0 entries=0 exits=0 blocked=1 open=6 cash=4780.51 equity=9453.49
[SCAN] 2026-08-07T23:29:59+00:00 symbols=20 signals=0 entries=0 exits=0 blocked=1 open=6 cash=4780.51 equity=9448.59
[SCAN] 2026-08-07T23:34:59+00:00 symbols=20 signals=0 entries=0 exits=0 blocked=0 open=6 cash=4780.51 equity=9463.15
[SCAN] 2026-08-07T23:39:59+00:00 symbols=20 signals=0 entries=0 exits=0 blocked=0 open=6 cash=4780.51 equity=9480.14
[EXIT] 2026-08-07T23:44:59+00:00 PIXELTRY reason=bb_mfi_v3_signal_exit pnl=-3.87 cash=5638.93
[SCAN] 2026-08-07T23:44:59+00:00 symbols=20 signals=0 entries=0 exits=1 blocked=1 open=5 cash=5638.93 equity=9480.88
[SCAN] 2026-08-07T23:49:59+00:00 symbols=20 signals=0 entries=0 exits=0 blocked=0 open=5 cash=5638.93 equity=9479.14
[SCAN] 2026-08-07T23:54:59+00:00 symbols=20 signals=0 entries=0 exits=0 blocked=1 open=5 cash=5638.93 equity=9481.51
[SCAN] 2026-08-07T23:59:59+00:00 symbols=20 signals=0 entries=0 exits=0 blocked=0 open=5 cash=5638.93 equity=9483.86
[EXIT] 2026-08-08T00:04:59+00:00 HOMETRY reason=fixed_take_profit pnl=+30.54 cash=7147.99
[SCAN] 2026-08-08T00:04:59+00:00 symbols=20 signals=0 entries=0 exits=2 blocked=0 open=3 cash=7147.99 equity=9490.24
[SCAN] 2026-08-08T00:09:59+00:00 symbols=20 signals=0 entries=0 exits=0 blocked=0 open=3 cash=7147.99 equity=9491.39
[SCAN] 2026-08-08T00:14:59+00:00 symbols=20 signals=0 entries=0 exits=0 blocked=0 open=3 cash=7147.99 equity=9496.44
[SCAN] 2026-08-08T00:19:59+00:00 symbols=20 signals=0 entries=0 exits=0 blocked=0 open=3 cash=7147.99 equity=9508.88
[SCAN] 2026-08-08T00:24:59+00:00 symbols=20 signals=0 entries=0 exits=0 blocked=0 open=3 cash=7147.99 equity=9514.03
[SCAN] 2026-08-08T00:29:59+00:00 symbols=20 signals=0 entries=0 exits=0 blocked=0 open=3 cash=7147.99 equity=9510.89
[SCAN] 2026-08-08T00:34:59+00:00 symbols=20 signals=0 entries=0 exits=0 blocked=0 open=3 cash=7147.99 equity=9507.08
[SCAN] 2026-08-08T00:39:59+00:00 symbols=20 signals=0 entries=0 exits=0 blocked=1 open=3 cash=7147.99 equity=9495.80
[SCAN] 2026-08-08T00:44:59+00:00 symbols=20 signals=0 entries=0 exits=0 blocked=1 open=3 cash=7147.99 equity=9485.41
[SCAN] 2026-08-08T00:49:59+00:00 symbols=20 signals=0 entries=0 exits=0 blocked=0 open=3 cash=7147.99 equity=9487.23
[SCAN] 2026-08-08T00:54:59+00:00 symbols=20 signals=0 entries=0 exits=0 blocked=0 open=3 cash=7147.99 equity=9498.23
[SCAN] 2026-08-08T00:59:59+00:00 symbols=20 signals=0 entries=0 exits=0 blocked=0 open=3 cash=7147.99 equity=9498.54
[SCAN] 2026-08-08T01:04:59+00:00 symbols=20 signals=0 entries=0 exits=0 blocked=0 open=3 cash=7147.99 equity=9503.68
[SCAN] 2026-08-08T01:09:59+00:00 symbols=20 signals=0 entries=0 exits=0 blocked=0 open=3 cash=7147.99 equity=9494.74
[SCAN] 2026-08-08T01:14:59+00:00 symbols=20 signals=0 entries=0 exits=0 blocked=1 open=3 cash=7147.99 equity=9485.08
[SCAN] 2026-08-08T01:19:59+00:00 symbols=20 signals=0 entries=0 exits=0 blocked=1 open=3 cash=7147.99 equity=9484.42
[SCAN] 2026-08-08T01:24:59+00:00 symbols=20 signals=0 entries=0 exits=0 blocked=2 open=3 cash=7147.99 equity=9492.47
[SCAN] 2026-08-08T01:29:59+00:00 symbols=20 signals=0 entries=0 exits=0 blocked=2 open=3 cash=7147.99 equity=9491.30
[SIGNAL] 2026-08-08T01:29:59+00:00 ALLOTRY BUY fill_at=2026-08-08T01:34:59+00:00 features={"close": 15.12, "bb_lower": 15.174451178253301, "bb_upper": 15.716977393175265, "rsi": 39.43639248031585, "mfi": 38.4458633812315, "atr": 0.18285714285714277}
[ENTRY] 2026-08-08T01:34:59+00:00 ALLOTRY layer=1 value=713.73 entry=15.09131000 cash=6433.19
[SCAN] 2026-08-08T01:34:59+00:00 symbols=20 signals=1 entries=1 exits=0 blocked=1 open=4 cash=6433.19 equity=9495.85
[SCAN] 2026-08-08T01:39:59+00:00 symbols=20 signals=0 entries=0 exits=0 blocked=0 open=4 cash=6433.19 equity=9505.42
[EXIT] 2026-08-08T01:44:59+00:00 ALLOTRY reason=fixed_take_profit pnl=+22.25 cash=7170.24
[SCAN] 2026-08-08T01:44:59+00:00 symbols=20 signals=0 entries=0 exits=1 blocked=1 open=3 cash=7170.24 equity=9509.02
[SCAN] 2026-08-08T01:49:59+00:00 symbols=20 signals=0 entries=0 exits=0 blocked=1 open=3 cash=7170.24 equity=9510.42
[EXIT] 2026-08-08T01:54:59+00:00 COTITRY reason=fixed_take_profit pnl=+16.53 cash=7717.94
[SCAN] 2026-08-08T01:54:59+00:00 symbols=20 signals=0 entries=0 exits=1 blocked=1 open=2 cash=7717.94 equity=9522.18
[SCAN] 2026-08-08T01:59:59+00:00 symbols=20 signals=0 entries=0 exits=0 blocked=1 open=2 cash=7717.94 equity=9519.59
[SCAN] 2026-08-08T02:04:59+00:00 symbols=20 signals=0 entries=0 exits=0 blocked=0 open=2 cash=7717.94 equity=9521.66
[SCAN] 2026-08-08T02:09:59+00:00 symbols=20 signals=0 entries=0 exits=0 blocked=0 open=2 cash=7717.94 equity=9519.72
[SCAN] 2026-08-08T02:14:59+00:00 symbols=20 signals=0 entries=0 exits=0 blocked=0 open=2 cash=7717.94 equity=9517.65
[SCAN] 2026-08-08T02:19:59+00:00 symbols=20 signals=0 entries=0 exits=0 blocked=0 open=2 cash=7717.94 equity=9519.46
[SCAN] 2026-08-08T02:24:59+00:00 symbols=20 signals=0 entries=0 exits=0 blocked=0 open=2 cash=7717.94 equity=9524.38
[SIGNAL] 2026-08-08T02:24:59+00:00 HEITRY BUY fill_at=2026-08-08T02:29:59+00:00 features={"close": 10.552, "bb_lower": 10.668388871574168, "bb_upper": 11.974373033187733, "rsi": 36.360420698983894, "mfi": 35.59218705038363, "atr": 0.35442857142857126}
[ENTRY] 2026-08-08T02:29:59+00:00 HEITRY layer=1 value=770.64 entry=10.56591850 cash=6946.15
[SCAN] 2026-08-08T02:29:59+00:00 symbols=20 signals=1 entries=1 exits=0 blocked=0 open=3 cash=6946.15 equity=9515.57
[SIGNAL] 2026-08-08T02:29:59+00:00 HEITRY BUY fill_at=2026-08-08T02:34:59+00:00 features={"close": 10.374, "bb_lower": 10.50789994184462, "bb_upper": 12.020385772441092, "rsi": 33.60254593798014, "mfi": 35.46162109093498, "atr": 0.3387142857142854}
[ENTRY] 2026-08-08T02:34:59+00:00 HEITRY layer=2 value=693.57 entry=10.35175800 cash=6251.53
[EXIT] 2026-08-08T02:34:59+00:00 HEITRY reason=fixed_stop_loss pnl=-93.14 cash=7624.80
[SCAN] 2026-08-08T02:34:59+00:00 symbols=20 signals=1 entries=1 exits=1 blocked=0 open=2 cash=7624.80 equity=9429.04
[SIGNAL] 2026-08-08T02:34:59+00:00 HEITRY BUY fill_at=2026-08-08T02:39:59+00:00 features={"close": 9.806, "bb_lower": 10.21351413421655, "bb_upper": 12.155723961021542, "rsi": 26.62216079709708, "mfi": 23.797772971363543, "atr": 0.3829285714285711}
[ENTRY] 2026-08-08T02:39:59+00:00 HEITRY layer=1 value=761.34 entry=9.78233125 cash=6862.32
[SCAN] 2026-08-08T02:39:59+00:00 symbols=20 signals=1 entries=1 exits=0 blocked=0 open=3 cash=6862.32 equity=9424.52
[SIGNAL] 2026-08-08T02:39:59+00:00 HEITRY BUY fill_at=2026-08-08T02:44:59+00:00 features={"close": 9.744, "bb_lower": 9.96458391255248, "bb_upper": 12.237416087447517, "rsi": 25.98387296627024, "mfi": 24.563581534169927, "atr": 0.39064285714285674}
[ENTRY] 2026-08-08T02:44:59+00:00 HEITRY layer=2 value=685.20 entry=9.73029225 cash=6176.09
[SCAN] 2026-08-08T02:44:59+00:00 symbols=20 signals=1 entries=1 exits=0 blocked=3 open=3 cash=6176.09 equity=9438.67
[SCAN] 2026-08-08T02:49:59+00:00 symbols=20 signals=0 entries=0 exits=0 blocked=3 open=3 cash=6176.09 equity=9455.02
[SCAN] 2026-08-08T02:54:59+00:00 symbols=20 signals=0 entries=0 exits=0 blocked=2 open=3 cash=6176.09 equity=9398.75
[SCAN] 2026-08-08T02:59:59+00:00 symbols=20 signals=0 entries=0 exits=0 blocked=1 open=3 cash=6176.09 equity=9418.15
[SCAN] 2026-08-08T03:04:59+00:00 symbols=20 signals=0 entries=0 exits=0 blocked=1 open=3 cash=6176.09 equity=9375.50
[SCAN] 2026-08-08T03:09:59+00:00 symbols=20 signals=0 entries=0 exits=0 blocked=1 open=3 cash=6176.09 equity=9392.26
[SIGNAL] 2026-08-08T03:09:59+00:00 BANKTRY BUY fill_at=2026-08-08T03:14:59+00:00 features={"close": 1.912, "bb_lower": 1.913281060647194, "bb_upper": 1.9386237012575678, "rsi": 36.77531465181534, "mfi": 36.81671844592766, "atr": 0.00821428571428573}
[BLOCKED] BANKTRY reason=max_layers
[SCAN] 2026-08-08T03:14:59+00:00 symbols=20 signals=1 entries=0 exits=0 blocked=1 open=3 cash=6176.09 equity=9361.87
[SCAN] 2026-08-08T03:19:59+00:00 symbols=20 signals=0 entries=0 exits=0 blocked=0 open=3 cash=6176.09 equity=9379.31
[SCAN] 2026-08-08T03:24:59+00:00 symbols=20 signals=0 entries=0 exits=0 blocked=1 open=3 cash=6176.09 equity=9372.98
[SIGNAL] 2026-08-08T03:24:59+00:00 BANKTRY BUY fill_at=2026-08-08T03:29:59+00:00 features={"close": 1.906, "bb_lower": 1.9065804666946486, "bb_upper": 1.940943342829161, "rsi": 32.85437473432465, "mfi": 28.54921249514493, "atr": 0.008000000000000023}
[BLOCKED] BANKTRY reason=max_layers
[SCAN] 2026-08-08T03:29:59+00:00 symbols=20 signals=1 entries=0 exits=0 blocked=2 open=3 cash=6176.09 equity=9377.01
[SCAN] 2026-08-08T03:34:59+00:00 symbols=20 signals=0 entries=0 exits=0 blocked=0 open=3 cash=6176.09 equity=9381.00
[SCAN] 2026-08-08T03:39:59+00:00 symbols=20 signals=0 entries=0 exits=0 blocked=1 open=3 cash=6176.09 equity=9399.43
[SCAN] 2026-08-08T03:44:59+00:00 symbols=20 signals=0 entries=0 exits=0 blocked=1 open=3 cash=6176.09 equity=9391.20
[SCAN] 2026-08-08T03:49:59+00:00 symbols=20 signals=0 entries=0 exits=0 blocked=1 open=3 cash=6176.09 equity=9385.17
[SCAN] 2026-08-08T03:54:59+00:00 symbols=20 signals=0 entries=0 exits=0 blocked=0 open=3 cash=6176.09 equity=9371.33
[SCAN] 2026-08-08T03:59:59+00:00 symbols=20 signals=0 entries=0 exits=0 blocked=2 open=3 cash=6176.09 equity=9381.91
[SCAN] 2026-08-08T04:04:59+00:00 symbols=20 signals=0 entries=0 exits=0 blocked=1 open=3 cash=6176.09 equity=9372.53
[SCAN] 2026-08-08T04:09:59+00:00 symbols=20 signals=0 entries=0 exits=0 blocked=1 open=3 cash=6176.09 equity=9388.63
[SCAN] 2026-08-08T04:14:59+00:00 symbols=20 signals=0 entries=0 exits=0 blocked=1 open=3 cash=6176.09 equity=9369.90
[SIGNAL] 2026-08-08T04:14:59+00:00 COTITRY BUY fill_at=2026-08-08T04:19:59+00:00 features={"close": 0.6205, "bb_lower": 0.6233792635261628, "bb_upper": 0.6378683555214562, "rsi": 40.53061941372844, "mfi": 35.787601723360865, "atr": 0.005807142857142884}
[ENTRY] 2026-08-08T04:19:59+00:00 COTITRY layer=1 value=616.68 entry=0.62126560 cash=5558.48
[SIGNAL] 2026-08-08T04:14:59+00:00 VANRYTRY BUY fill_at=2026-08-08T04:19:59+00:00 features={"close": 0.1512, "bb_lower": 0.15162139305218222, "bb_upper": 0.15656908313829396, "rsi": 36.40879272874602, "mfi": 55.251628876615634, "atr": 0.0012000000000000008}
[ENTRY] 2026-08-08T04:19:59+00:00 VANRYTRY layer=1 value=555.02 entry=0.15191385 cash=5002.63
[SCAN] 2026-08-08T04:19:59+00:00 symbols=20 signals=2 entries=2 exits=0 blocked=0 open=5 cash=5002.63 equity=9372.78
[SIGNAL] 2026-08-08T04:19:59+00:00 COTITRY BUY fill_at=2026-08-08T04:24:59+00:00 features={"close": 0.615, "bb_lower": 0.6201913546394254, "bb_upper": 0.6398086453605748, "rsi": 35.52528145815863, "mfi": 30.993321493451816, "atr": 0.0060214285714285986}
[ENTRY] 2026-08-08T04:24:59+00:00 COTITRY layer=2 value=499.51 entry=0.61426035 cash=4502.37
[SCAN] 2026-08-08T04:24:59+00:00 symbols=20 signals=1 entries=1 exits=0 blocked=0 open=5 cash=4502.37 equity=9379.94
[SIGNAL] 2026-08-08T04:24:59+00:00 COTITRY BUY fill_at=2026-08-08T04:29:59+00:00 features={"close": 0.6117, "bb_lower": 0.6167007785865775, "bb_upper": 0.6417468404610418, "rsi": 32.88549996703463, "mfi": 28.651252094093934, "atr": 0.006014285714285734}
[BLOCKED] COTITRY reason=max_layers
[SCAN] 2026-08-08T04:29:59+00:00 symbols=20 signals=1 entries=0 exits=0 blocked=1 open=5 cash=4502.37 equity=9379.54
[SCAN] 2026-08-08T04:34:59+00:00 symbols=20 signals=0 entries=0 exits=0 blocked=0 open=5 cash=4502.37 equity=9414.06
[SIGNAL] 2026-08-08T04:34:59+00:00 ALLOTRY BUY fill_at=2026-08-08T04:39:59+00:00 features={"close": 15.18, "bb_lower": 15.291637629215101, "bb_upper": 15.66455284697537, "rsi": 34.13671760705303, "mfi": 45.56511994731283, "atr": 0.14142857142857107}
[ENTRY] 2026-08-08T04:39:59+00:00 ALLOTRY layer=1 value=449.56 entry=15.19138500 cash=4052.13
[SCAN] 2026-08-08T04:39:59+00:00 symbols=20 signals=1 entries=1 exits=0 blocked=0 open=6 cash=4052.13 equity=9405.79
[SIGNAL] 2026-08-08T04:39:59+00:00 HOMETRY BUY fill_at=2026-08-08T04:44:59+00:00 features={"close": 0.429, "bb_lower": 0.4297813418452141, "bb_upper": 0.4400281819643096, "rsi": 35.074764378913414, "mfi": 36.969911299172615, "atr": 0.0023571428571428593}
[ENTRY] 2026-08-08T04:44:59+00:00 HOMETRY layer=1 value=404.61 entry=0.42932175 cash=3646.92
[SIGNAL] 2026-08-08T04:39:59+00:00 ALLOTRY BUY fill_at=2026-08-08T04:44:59+00:00 features={"close": 15.18, "bb_lower": 15.25178082152867, "bb_upper": 15.689171559423713, "rsi": 34.136717555548785, "mfi": 42.37406178834349, "atr": 0.13999999999999954}
[ENTRY] 2026-08-08T04:44:59+00:00 ALLOTRY layer=2 value=364.15 entry=15.19138500 cash=3282.23
[SCAN] 2026-08-08T04:44:59+00:00 symbols=20 signals=2 entries=2 exits=0 blocked=0 open=7 cash=3282.23 equity=9380.74
[SIGNAL] 2026-08-08T04:44:59+00:00 HOMETRY BUY fill_at=2026-08-08T04:49:59+00:00 features={"close": 0.427, "bb_lower": 0.42844353983156364, "bb_upper": 0.44069931731129347, "rsi": 31.799258129060377, "mfi": 31.68341271847224, "atr": 0.0024285714285714305}
[ENTRY] 2026-08-08T04:49:59+00:00 HOMETRY layer=2 value=327.73 entry=0.42732025 cash=2954.00
[SIGNAL] 2026-08-08T04:44:59+00:00 ALLOTRY BUY fill_at=2026-08-08T04:49:59+00:00 features={"close": 15.22, "bb_lower": 15.222053499699856, "bb_upper": 15.703660786014433, "rsi": 36.99752379688563, "mfi": 45.80794653299855, "atr": 0.13285714285714242}
[BLOCKED] ALLOTRY reason=max_layers
[SCAN] 2026-08-08T04:49:59+00:00 symbols=20 signals=2 entries=1 exits=0 blocked=1 open=7 cash=2954.00 equity=9376.75
[SCAN] 2026-08-08T04:54:59+00:00 symbols=20 signals=0 entries=0 exits=0 blocked=0 open=7 cash=2954.00 equity=9368.24
[SCAN] 2026-08-08T04:59:59+00:00 symbols=20 signals=0 entries=0 exits=0 blocked=0 open=7 cash=2954.00 equity=9389.91
[SCAN] 2026-08-08T05:04:59+00:00 symbols=20 signals=0 entries=0 exits=2 blocked=0 open=5 cash=4257.75 equity=9397.42
[SCAN] 2026-08-08T05:09:59+00:00 symbols=20 signals=0 entries=0 exits=0 blocked=1 open=5 cash=4257.75 equity=9378.20
[SCAN] 2026-08-08T05:14:59+00:00 symbols=20 signals=0 entries=0 exits=0 blocked=1 open=5 cash=4257.75 equity=9408.64
[SCAN] 2026-08-08T05:19:59+00:00 symbols=20 signals=0 entries=0 exits=0 blocked=0 open=5 cash=4257.75 equity=9405.85
[SCAN] 2026-08-08T05:24:59+00:00 symbols=20 signals=0 entries=0 exits=0 blocked=1 open=5 cash=4257.75 equity=9411.77
[EXIT] 2026-08-08T05:29:59+00:00 BANKTRY reason=bb_mfi_v3_signal_exit pnl=+9.26 cash=5512.96
[SCAN] 2026-08-08T05:29:59+00:00 symbols=20 signals=0 entries=0 exits=1 blocked=1 open=4 cash=5512.96 equity=9400.18
[SIGNAL] 2026-08-08T05:29:59+00:00 BIOTRY BUY fill_at=2026-08-08T05:34:59+00:00 features={"close": 1.196, "bb_lower": 1.1964271372066486, "bb_upper": 1.2201442913647798, "rsi": 38.30506338157174, "mfi": 46.69482011418992, "atr": 0.005857142857142894}
[ENTRY] 2026-08-08T05:34:59+00:00 BIOTRY layer=1 value=550.47 entry=1.19889850 cash=4961.66
[SCAN] 2026-08-08T05:34:59+00:00 symbols=20 signals=1 entries=1 exits=0 blocked=1 open=5 cash=4961.66 equity=9411.00
[SCAN] 2026-08-08T05:39:59+00:00 symbols=20 signals=0 entries=0 exits=0 blocked=0 open=5 cash=4961.66 equity=9406.33
[SCAN] 2026-08-08T05:44:59+00:00 symbols=20 signals=0 entries=0 exits=0 blocked=2 open=5 cash=4961.66 equity=9388.44
[SIGNAL] 2026-08-08T05:44:59+00:00 HEITRY BUY fill_at=2026-08-08T05:49:59+00:00 features={"close": 9.304, "bb_lower": 9.325975581550777, "bb_upper": 9.667643466068268, "rsi": 37.70257651782376, "mfi": 45.05964697901088, "atr": 0.15071428571428566}
[BLOCKED] HEITRY reason=max_layers
[SCAN] 2026-08-08T05:49:59+00:00 symbols=20 signals=1 entries=0 exits=0 blocked=3 open=5 cash=4961.66 equity=9410.01
[SCAN] 2026-08-08T05:54:59+00:00 symbols=20 signals=0 entries=0 exits=0 blocked=1 open=5 cash=4961.66 equity=9388.26
[SIGNAL] 2026-08-08T05:54:59+00:00 HEITRY BUY fill_at=2026-08-08T05:59:59+00:00 features={"close": 9.209, "bb_lower": 9.26825605134349, "bb_upper": 9.68964871056127, "rsi": 36.37321704040459, "mfi": 45.250457857740734, "atr": 0.14942857142857122}
[BLOCKED] HEITRY reason=max_layers
[EXIT] 2026-08-08T05:59:59+00:00 ALLOTRY reason=fixed_take_profit pnl=+25.37 cash=5801.96
[SCAN] 2026-08-08T05:59:59+00:00 symbols=20 signals=1 entries=0 exits=1 blocked=2 open=4 cash=5801.96 equity=9437.40
[SIGNAL] 2026-08-08T05:59:59+00:00 BANKTRY BUY fill_at=2026-08-08T06:04:59+00:00 features={"close": 1.9, "bb_lower": 1.900221673888562, "bb_upper": 1.943873564206676, "rsi": 35.77945207143314, "mfi": 43.62340027479938, "atr": 0.011142857142857152}
[ENTRY] 2026-08-08T06:04:59+00:00 BANKTRY layer=1 value=579.33 entry=1.90142500 cash=5221.76
[SCAN] 2026-08-08T06:04:59+00:00 symbols=20 signals=1 entries=1 exits=0 blocked=0 open=5 cash=5221.76 equity=9422.35
[SIGNAL] 2026-08-08T06:04:59+00:00 HOMETRY BUY fill_at=2026-08-08T06:09:59+00:00 features={"close": 0.424, "bb_lower": 0.4245811035549127, "bb_upper": 0.43418080120699204, "rsi": 32.25644438779577, "mfi": 28.425992370544236, "atr": 0.0024285714285714305}
[ENTRY] 2026-08-08T06:09:59+00:00 HOMETRY layer=1 value=521.39 entry=0.42231650 cash=4699.59
[SCAN] 2026-08-08T06:09:59+00:00 symbols=20 signals=1 entries=1 exits=0 blocked=1 open=6 cash=4699.59 equity=9421.11
[SIGNAL] 2026-08-08T06:09:59+00:00 BANKTRY BUY fill_at=2026-08-08T06:14:59+00:00 features={"close": 1.893, "bb_lower": 1.8945156126648408, "bb_upper": 1.9465320063827787, "rsi": 33.14665485755906, "mfi": 32.80729149615752, "atr": 0.012142857142857153}
[ENTRY] 2026-08-08T06:14:59+00:00 BANKTRY layer=2 value=469.25 entry=1.89341900 cash=4229.63
[SIGNAL] 2026-08-08T06:09:59+00:00 HOMETRY BUY fill_at=2026-08-08T06:14:59+00:00 features={"close": 0.421, "bb_lower": 0.4230984135807371, "bb_upper": 0.4345206340383104, "rsi": 27.3865990064334, "mfi": 18.50869126748171, "atr": 0.002785714285714288}
[ENTRY] 2026-08-08T06:14:59+00:00 HOMETRY layer=2 value=422.33 entry=0.42031500 cash=3806.66
[SCAN] 2026-08-08T06:14:59+00:00 symbols=20 signals=2 entries=2 exits=0 blocked=0 open=6 cash=3806.66 equity=9444.77
[SIGNAL] 2026-08-08T06:14:59+00:00 HOMETRY BUY fill_at=2026-08-08T06:19:59+00:00 features={"close": 0.422, "bb_lower": 0.4222023926008871, "bb_upper": 0.43436903597054144, "rsi": 31.140668584526097, "mfi": 19.9032215813219, "atr": 0.002714285714285717}
[BLOCKED] HOMETRY reason=max_layers
[SCAN] 2026-08-08T06:19:59+00:00 symbols=20 signals=1 entries=0 exits=0 blocked=1 open=6 cash=3806.66 equity=9470.04
[SCAN] 2026-08-08T06:24:59+00:00 symbols=20 signals=0 entries=0 exits=0 blocked=0 open=6 cash=3806.66 equity=9441.46
[SCAN] 2026-08-08T06:29:59+00:00 symbols=20 signals=0 entries=0 exits=0 blocked=0 open=6 cash=3806.66 equity=9445.50
[SCAN] 2026-08-08T06:34:59+00:00 symbols=20 signals=0 entries=0 exits=0 blocked=0 open=6 cash=3806.66 equity=9426.51
[SIGNAL] 2026-08-08T06:34:59+00:00 COTITRY BUY fill_at=2026-08-08T06:39:59+00:00 features={"close": 0.601, "bb_lower": 0.6014830762603439, "bb_upper": 0.6115169237396559, "rsi": 36.77580950032856, "mfi": 54.4205568336885, "atr": 0.003300000000000009}
[BLOCKED] COTITRY reason=max_layers
[SIGNAL] 2026-08-08T06:34:59+00:00 KAITOTRY BUY fill_at=2026-08-08T06:39:59+00:00 features={"close": 36.873, "bb_lower": 36.89562528129536, "bb_upper": 37.655517575847504, "rsi": 37.24171783330373, "mfi": 44.86005673498793, "atr": 0.2328571428571422}
[ENTRY] 2026-08-08T06:39:59+00:00 KAITOTRY layer=1 value=380.10 entry=36.90065475 cash=3426.00
[SCAN] 2026-08-08T06:39:59+00:00 symbols=20 signals=2 entries=1 exits=0 blocked=1 open=7 cash=3426.00 equity=9422.24
[SIGNAL] 2026-08-08T06:39:59+00:00 COTITRY BUY fill_at=2026-08-08T06:44:59+00:00 features={"close": 0.5996, "bb_lower": 0.6003746014417414, "bb_upper": 0.612006350939211, "rsi": 35.173314069058776, "mfi": 44.40440635418923, "atr": 0.003378571428571437}
[BLOCKED] COTITRY reason=max_layers
[SCAN] 2026-08-08T06:44:59+00:00 symbols=20 signals=1 entries=0 exits=0 blocked=1 open=7 cash=3426.00 equity=9432.39
[SCAN] 2026-08-08T06:49:59+00:00 symbols=20 signals=0 entries=0 exits=0 blocked=0 open=7 cash=3426.00 equity=9420.12
[SCAN] 2026-08-08T06:54:59+00:00 symbols=20 signals=0 entries=0 exits=0 blocked=0 open=7 cash=3426.00 equity=9413.49
[SCAN] 2026-08-08T06:59:59+00:00 symbols=20 signals=0 entries=0 exits=0 blocked=0 open=7 cash=3426.00 equity=9428.94
[SIGNAL] 2026-08-08T06:59:59+00:00 COTITRY BUY fill_at=2026-08-08T07:04:59+00:00 features={"close": 0.5968, "bb_lower": 0.5971862540630086, "bb_upper": 0.6130232697465152, "rsi": 32.41786792223013, "mfi": 40.0438706992497, "atr": 0.004321428571428587}
[BLOCKED] COTITRY reason=max_layers
[SCAN] 2026-08-08T07:04:59+00:00 symbols=20 signals=1 entries=0 exits=1 blocked=1 open=6 cash=4375.60 equity=9433.43
[SIGNAL] 2026-08-08T07:04:59+00:00 ENATRY BUY fill_at=2026-08-08T07:09:59+00:00 features={"close": 4.312, "bb_lower": 4.314482372059523, "bb_upper": 4.376470008892857, "rsi": 31.74004582298717, "mfi": 23.282643413039565, "atr": 0.007428571428571435}
[BLOCKED] ENATRY reason=max_layers
[SCAN] 2026-08-08T07:09:59+00:00 symbols=20 signals=1 entries=0 exits=0 blocked=1 open=6 cash=4375.60 equity=9452.61
[SIGNAL] 2026-08-08T07:09:59+00:00 ENATRY BUY fill_at=2026-08-08T07:14:59+00:00 features={"close": 4.309, "bb_lower": 4.30953022302291, "bb_upper": 4.375993586500898, "rsi": 30.461228176588094, "mfi": 24.64191186048643, "atr": 0.007857142857142943}
[BLOCKED] ENATRY reason=max_layers
[SCAN] 2026-08-08T07:14:59+00:00 symbols=20 signals=1 entries=0 exits=0 blocked=2 open=6 cash=4375.60 equity=9458.71
[SIGNAL] 2026-08-08T07:14:59+00:00 ALLOTRY BUY fill_at=2026-08-08T07:19:59+00:00 features={"close": 15.13, "bb_lower": 15.162859943989705, "bb_upper": 15.810473389343624, "rsi": 34.87231204291376, "mfi": 26.754045980054627, "atr": 0.14214285714285754}
[ENTRY] 2026-08-08T07:19:59+00:00 ALLOTRY layer=1 value=436.90 entry=15.13134000 cash=3938.04
[SCAN] 2026-08-08T07:19:59+00:00 symbols=20 signals=1 entries=1 exits=0 blocked=1 open=7 cash=3938.04 equity=9468.60
[SCAN] 2026-08-08T07:24:59+00:00 symbols=20 signals=0 entries=0 exits=0 blocked=0 open=7 cash=3938.04 equity=9464.86
[EXIT] 2026-08-08T07:29:59+00:00 BANKTRY reason=fixed_take_profit pnl=+32.69 cash=5020.88
[SCAN] 2026-08-08T07:29:59+00:00 symbols=20 signals=0 entries=0 exits=1 blocked=1 open=6 cash=5020.88 equity=9437.80
[SCAN] 2026-08-08T07:34:59+00:00 symbols=20 signals=0 entries=0 exits=0 blocked=1 open=6 cash=5020.88 equity=9454.70
[SCAN] 2026-08-08T07:39:59+00:00 symbols=20 signals=0 entries=0 exits=0 blocked=2 open=6 cash=5020.88 equity=9470.80
[SCAN] 2026-08-08T07:44:59+00:00 symbols=20 signals=0 entries=0 exits=0 blocked=1 open=6 cash=5020.88 equity=9467.75
[SCAN] 2026-08-08T07:49:59+00:00 symbols=20 signals=0 entries=0 exits=0 blocked=1 open=6 cash=5020.88 equity=9498.94
[SCAN] 2026-08-08T07:54:59+00:00 symbols=20 signals=0 entries=0 exits=0 blocked=0 open=6 cash=5020.88 equity=9479.47
[SCAN] 2026-08-08T07:59:59+00:00 symbols=20 signals=0 entries=0 exits=0 blocked=0 open=6 cash=5020.88 equity=9464.27
[SCAN] 2026-08-08T08:04:59+00:00 symbols=20 signals=0 entries=0 exits=0 blocked=1 open=6 cash=5020.88 equity=9495.31
[SCAN] 2026-08-08T08:09:59+00:00 symbols=20 signals=0 entries=0 exits=0 blocked=0 open=6 cash=5020.88 equity=9485.51
[SCAN] 2026-08-08T08:14:59+00:00 symbols=20 signals=0 entries=0 exits=0 blocked=0 open=6 cash=5020.88 equity=9511.17
[SCAN] 2026-08-08T08:19:59+00:00 symbols=20 signals=0 entries=0 exits=0 blocked=1 open=6 cash=5020.88 equity=9494.65
[SCAN] 2026-08-08T08:24:59+00:00 symbols=20 signals=0 entries=0 exits=0 blocked=0 open=6 cash=5020.88 equity=9506.70
[SCAN] 2026-08-08T08:29:59+00:00 symbols=20 signals=0 entries=0 exits=0 blocked=0 open=6 cash=5020.88 equity=9500.14
[EXIT] 2026-08-08T08:34:59+00:00 HEITRY reason=fixed_take_profit pnl=+45.09 cash=6514.69
[SCAN] 2026-08-08T08:34:59+00:00 symbols=20 signals=0 entries=0 exits=1 blocked=0 open=5 cash=6514.69 equity=9533.27
[SCAN] 2026-08-08T08:39:59+00:00 symbols=20 signals=0 entries=0 exits=0 blocked=0 open=5 cash=6514.69 equity=9538.21
[SIGNAL] 2026-08-08T08:39:59+00:00 BANKTRY BUY fill_at=2026-08-08T08:44:59+00:00 features={"close": 1.894, "bb_lower": 1.90253139943341, "bb_upper": 1.9721352672332562, "rsi": 31.58799204257049, "mfi": 34.57481308979892, "atr": 0.01371428571428571}
[ENTRY] 2026-08-08T08:44:59+00:00 BANKTRY layer=1 value=650.49 entry=1.89542050 cash=5863.22
[SCAN] 2026-08-08T08:44:59+00:00 symbols=20 signals=1 entries=1 exits=0 blocked=1 open=6 cash=5863.22 equity=9543.77
[EXIT] 2026-08-08T08:49:59+00:00 KAITOTRY reason=fixed_stop_loss pnl=-24.18 cash=6219.70
[SCAN] 2026-08-08T08:49:59+00:00 symbols=20 signals=0 entries=0 exits=1 blocked=0 open=5 cash=6219.70 equity=9533.22
[SCAN] 2026-08-08T08:54:59+00:00 symbols=20 signals=0 entries=0 exits=0 blocked=0 open=5 cash=6219.70 equity=9539.40
[SCAN] 2026-08-08T08:59:59+00:00 symbols=20 signals=0 entries=0 exits=0 blocked=0 open=5 cash=6219.70 equity=9527.84
[SIGNAL] 2026-08-08T08:59:59+00:00 ALLOTRY BUY fill_at=2026-08-08T09:04:59+00:00 features={"close": 14.73, "bb_lower": 14.945852174106232, "bb_upper": 15.379862111608059, "rsi": 27.049995959382827, "mfi": 43.4529228123668, "atr": 0.14000000000000018}
[ENTRY] 2026-08-08T09:04:59+00:00 ALLOTRY layer=2 value=621.04 entry=14.78107750 cash=5597.73
[SCAN] 2026-08-08T09:04:59+00:00 symbols=20 signals=1 entries=1 exits=0 blocked=0 open=5 cash=5597.73 equity=9513.34
[SIGNAL] 2026-08-08T09:04:59+00:00 ALLOTRY BUY fill_at=2026-08-08T09:09:59+00:00 features={"close": 14.72, "bb_lower": 14.855197101628395, "bb_upper": 15.4305171840859, "rsi": 26.79052087369307, "mfi": 36.52035274695955, "atr": 0.14357142857142868}
[BLOCKED] ALLOTRY reason=max_layers
[SCAN] 2026-08-08T09:09:59+00:00 symbols=20 signals=1 entries=0 exits=0 blocked=1 open=5 cash=5597.73 equity=9518.93
[SIGNAL] 2026-08-08T09:09:59+00:00 ALLOTRY BUY fill_at=2026-08-08T09:14:59+00:00 features={"close": 14.78, "bb_lower": 14.797894265477895, "bb_upper": 15.446867639284013, "rsi": 31.08728080318498, "mfi": 45.61557696177141, "atr": 0.15428571428571441}
[BLOCKED] ALLOTRY reason=max_layers
[SCAN] 2026-08-08T09:14:59+00:00 symbols=20 signals=1 entries=0 exits=0 blocked=1 open=5 cash=5597.73 equity=9516.65
[SCAN] 2026-08-08T09:19:59+00:00 symbols=20 signals=0 entries=0 exits=0 blocked=0 open=5 cash=5597.73 equity=9530.68
[SCAN] 2026-08-08T09:24:59+00:00 symbols=20 signals=0 entries=0 exits=0 blocked=0 open=5 cash=5597.73 equity=9524.82
[SCAN] 2026-08-08T09:29:59+00:00 symbols=20 signals=0 entries=0 exits=0 blocked=0 open=5 cash=5597.73 equity=9509.01
[SCAN] 2026-08-08T09:34:59+00:00 symbols=20 signals=0 entries=0 exits=0 blocked=0 open=5 cash=5597.73 equity=9498.15
[SCAN] 2026-08-08T09:39:59+00:00 symbols=20 signals=0 entries=0 exits=0 blocked=0 open=5 cash=5597.73 equity=9506.10
[SCAN] 2026-08-08T09:44:59+00:00 symbols=20 signals=0 entries=0 exits=0 blocked=0 open=5 cash=5597.73 equity=9513.74
[SCAN] 2026-08-08T09:49:59+00:00 symbols=20 signals=0 entries=0 exits=0 blocked=0 open=5 cash=5597.73 equity=9501.39
[SCAN] 2026-08-08T09:54:59+00:00 symbols=20 signals=0 entries=0 exits=0 blocked=0 open=5 cash=5597.73 equity=9500.93
[SIGNAL] 2026-08-08T09:54:59+00:00 BIOTRY BUY fill_at=2026-08-08T09:59:59+00:00 features={"close": 1.19, "bb_lower": 1.1911806377884395, "bb_upper": 1.2038669812591798, "rsi": 40.24634237123927, "mfi": 40.78058016075798, "atr": 0.004357142857142853}
[ENTRY] 2026-08-08T09:59:59+00:00 BIOTRY layer=2 value=558.94 entry=1.18989175 cash=5037.96
[SCAN] 2026-08-08T09:59:59+00:00 symbols=20 signals=1 entries=1 exits=0 blocked=1 open=5 cash=5037.96 equity=9497.93
[SIGNAL] 2026-08-08T09:59:59+00:00 BIOTRY BUY fill_at=2026-08-08T10:04:59+00:00 features={"close": 1.188, "bb_lower": 1.1896268877497336, "bb_upper": 1.2046588265359806, "rsi": 38.355925965572375, "mfi": 30.228398004084113, "atr": 0.004428571428571433}
[BLOCKED] BIOTRY reason=max_layers
[SCAN] 2026-08-08T10:04:59+00:00 symbols=20 signals=1 entries=0 exits=0 blocked=3 open=5 cash=5037.96 equity=9497.28
[SIGNAL] 2026-08-08T10:04:59+00:00 BIOTRY BUY fill_at=2026-08-08T10:09:59+00:00 features={"close": 1.18, "bb_lower": 1.1858978377860443, "bb_upper": 1.2068640669758608, "rsi": 31.869215268660284, "mfi": 21.779041240221943, "atr": 0.004714285714285719}
[BLOCKED] BIOTRY reason=max_layers
[SCAN] 2026-08-08T10:09:59+00:00 symbols=20 signals=1 entries=0 exits=0 blocked=1 open=5 cash=5037.96 equity=9493.56
[SIGNAL] 2026-08-08T10:09:59+00:00 BIOTRY BUY fill_at=2026-08-08T10:14:59+00:00 features={"close": 1.18, "bb_lower": 1.1829891821436211, "bb_upper": 1.2081536749992359, "rsi": 31.869215286457404, "mfi": 20.97367686626268, "atr": 0.004571428571428575}
[BLOCKED] BIOTRY reason=max_layers
[SCAN] 2026-08-08T10:14:59+00:00 symbols=20 signals=1 entries=0 exits=0 blocked=1 open=5 cash=5037.96 equity=9493.82
[SIGNAL] 2026-08-08T10:14:59+00:00 BIOTRY BUY fill_at=2026-08-08T10:19:59+00:00 features={"close": 1.178, "bb_lower": 1.1801694737495123, "bb_upper": 1.2094495738695352, "rsi": 30.362623578137942, "mfi": 18.837450706204066, "atr": 0.004714285714285719}
[BLOCKED] BIOTRY reason=max_layers
[SCAN] 2026-08-08T10:19:59+00:00 symbols=20 signals=1 entries=0 exits=0 blocked=1 open=5 cash=5037.96 equity=9494.40
[SCAN] 2026-08-08T10:24:59+00:00 symbols=20 signals=0 entries=0 exits=0 blocked=0 open=5 cash=5037.96 equity=9492.74
[SIGNAL] 2026-08-08T10:24:59+00:00 BANKTRY BUY fill_at=2026-08-08T10:29:59+00:00 features={"close": 1.89, "bb_lower": 1.893244533185038, "bb_upper": 1.9073268953863902, "rsi": 31.083853957227532, "mfi": 52.541559676725605, "atr": 0.005857142857142862}
[ENTRY] 2026-08-08T10:29:59+00:00 BANKTRY layer=2 value=503.04 entry=1.88841525 cash=4534.16
[SCAN] 2026-08-08T10:29:59+00:00 symbols=20 signals=1 entries=1 exits=0 blocked=0 open=5 cash=4534.16 equity=9497.48
[SCAN] 2026-08-08T10:34:59+00:00 symbols=20 signals=0 entries=0 exits=0 blocked=0 open=5 cash=4534.16 equity=9508.53
[SCAN] 2026-08-08T10:39:59+00:00 symbols=20 signals=0 entries=0 exits=0 blocked=0 open=5 cash=4534.16 equity=9500.95
[SIGNAL] 2026-08-08T10:39:59+00:00 FIDATRY BUY fill_at=2026-08-08T10:44:59+00:00 features={"close": 0.86, "bb_lower": 0.8608882701511831, "bb_upper": 0.870254586991674, "rsi": 36.42150536058748, "mfi": 29.41731552599157, "atr": 0.0017142857142857157}
[ENTRY] 2026-08-08T10:44:59+00:00 FIDATRY layer=1 value=452.74 entry=0.86064500 cash=4080.75
[SCAN] 2026-08-08T10:44:59+00:00 symbols=20 signals=1 entries=1 exits=0 blocked=0 open=6 cash=4080.75 equity=9492.55
[SIGNAL] 2026-08-08T10:44:59+00:00 FIDATRY BUY fill_at=2026-08-08T10:49:59+00:00 features={"close": 0.86, "bb_lower": 0.8601628085593132, "bb_upper": 0.8705990962025913, "rsi": 36.4215054101196, "mfi": 33.256843181771444, "atr": 0.0016428571428571443}
[ENTRY] 2026-08-08T10:49:59+00:00 FIDATRY layer=2 value=407.46 entry=0.86264650 cash=3672.67
[SCAN] 2026-08-08T10:49:59+00:00 symbols=20 signals=1 entries=1 exits=0 blocked=0 open=6 cash=3672.67 equity=9493.75
[SCAN] 2026-08-08T10:54:59+00:00 symbols=20 signals=0 entries=0 exits=0 blocked=0 open=6 cash=3672.67 equity=9488.55
[SIGNAL] 2026-08-08T10:54:59+00:00 FIDATRY BUY fill_at=2026-08-08T10:59:59+00:00 features={"close": 0.859, "bb_lower": 0.8591203142264424, "bb_upper": 0.8703082572021289, "rsi": 36.845074151937794, "mfi": 20.281407253954555, "atr": 0.0017857142857142874}
[BLOCKED] FIDATRY reason=max_layers
[SCAN] 2026-08-08T10:59:59+00:00 symbols=20 signals=1 entries=0 exits=0 blocked=1 open=6 cash=3672.67 equity=9483.01
[SCAN] 2026-08-08T11:04:59+00:00 symbols=20 signals=0 entries=0 exits=0 blocked=1 open=6 cash=3672.67 equity=9479.38
[SIGNAL] 2026-08-08T11:04:59+00:00 FIDATRY BUY fill_at=2026-08-08T11:09:59+00:00 features={"close": 0.855, "bb_lower": 0.8570228139285063, "bb_upper": 0.870120043214351, "rsi": 29.590967317868248, "mfi": 11.406347832333026, "atr": 0.0019285714285714303}
[BLOCKED] FIDATRY reason=max_layers
[SIGNAL] 2026-08-08T11:04:59+00:00 ALLOTRY BUY fill_at=2026-08-08T11:09:59+00:00 features={"close": 14.78, "bb_lower": 14.792533513028033, "bb_upper": 14.972228391733875, "rsi": 37.59913571587487, "mfi": 30.18767520649324, "atr": 0.08142857142857172}
[BLOCKED] ALLOTRY reason=max_layers
[SCAN] 2026-08-08T11:09:59+00:00 symbols=20 signals=2 entries=0 exits=0 blocked=3 open=6 cash=3672.67 equity=9493.82
[SCAN] 2026-08-08T11:14:59+00:00 symbols=20 signals=0 entries=0 exits=0 blocked=0 open=6 cash=3672.67 equity=9500.43
[SCAN] 2026-08-08T11:19:59+00:00 symbols=20 signals=0 entries=0 exits=0 blocked=0 open=6 cash=3672.67 equity=9495.85
[SIGNAL] 2026-08-08T11:19:59+00:00 ALLOTRY BUY fill_at=2026-08-08T11:24:59+00:00 features={"close": 14.74, "bb_lower": 14.764936233789518, "bb_upper": 14.984587575734293, "rsi": 37.92314868403785, "mfi": 24.090081228030783, "atr": 0.08000000000000032}
[BLOCKED] ALLOTRY reason=max_layers
[SCAN] 2026-08-08T11:24:59+00:00 symbols=20 signals=1 entries=0 exits=0 blocked=2 open=6 cash=3672.67 equity=9489.02
[SIGNAL] 2026-08-08T11:24:59+00:00 ALLOTRY BUY fill_at=2026-08-08T11:29:59+00:00 features={"close": 14.68, "bb_lower": 14.729160534047296, "bb_upper": 15.004172799286042, "rsi": 34.698879817997536, "mfi": 20.350019996494296, "atr": 0.08214285714285742}
[BLOCKED] ALLOTRY reason=max_layers
[SCAN] 2026-08-08T11:29:59+00:00 symbols=20 signals=1 entries=0 exits=0 blocked=2 open=6 cash=3672.67 equity=9489.60
[SIGNAL] 2026-08-08T11:29:59+00:00 ALLOTRY BUY fill_at=2026-08-08T11:34:59+00:00 features={"close": 14.68, "bb_lower": 14.703109099147332, "bb_upper": 15.001652805614578, "rsi": 34.69887990670743, "mfi": 25.246023553097714, "atr": 0.08214285714285742}
[BLOCKED] ALLOTRY reason=max_layers
[SCAN] 2026-08-08T11:34:59+00:00 symbols=20 signals=1 entries=0 exits=0 blocked=1 open=6 cash=3672.67 equity=9481.94
[SIGNAL] 2026-08-08T11:34:59+00:00 BANKTRY BUY fill_at=2026-08-08T11:39:59+00:00 features={"close": 1.887, "bb_lower": 1.8899172546752339, "bb_upper": 1.9075113167533373, "rsi": 36.11702139634751, "mfi": 45.32358577853922, "atr": 0.00821428571428573}
[BLOCKED] BANKTRY reason=max_layers
[SCAN] 2026-08-08T11:39:59+00:00 symbols=20 signals=1 entries=0 exits=0 blocked=2 open=6 cash=3672.67 equity=9495.66
[SCAN] 2026-08-08T11:44:59+00:00 symbols=20 signals=0 entries=0 exits=0 blocked=1 open=6 cash=3672.67 equity=9490.66
[SCAN] 2026-08-08T11:49:59+00:00 symbols=20 signals=0 entries=0 exits=0 blocked=0 open=6 cash=3672.67 equity=9500.88
[SCAN] 2026-08-08T11:54:59+00:00 symbols=20 signals=0 entries=0 exits=0 blocked=0 open=6 cash=3672.67 equity=9507.27
[SCAN] 2026-08-08T11:59:59+00:00 symbols=20 signals=0 entries=0 exits=0 blocked=0 open=6 cash=3672.67 equity=9504.70
[SIGNAL] 2026-08-08T11:59:59+00:00 HEITRY BUY fill_at=2026-08-08T12:04:59+00:00 features={"close": 9.679, "bb_lower": 9.703399273845186, "bb_upper": 10.404886440440528, "rsi": 29.6621677335271, "mfi": 24.141098135999258, "atr": 0.11514285714285714}
[ENTRY] 2026-08-08T12:04:59+00:00 HEITRY layer=1 value=472.80 entry=9.69726750 cash=4261.54
[SIGNAL] 2026-08-08T11:59:59+00:00 KAITOTRY BUY fill_at=2026-08-08T12:04:59+00:00 features={"close": 33.625, "bb_lower": 33.64384126190079, "bb_upper": 34.65920635714683, "rsi": 30.208574409876036, "mfi": 34.46376103598513, "atr": 0.2674999999999993}
[ENTRY] 2026-08-08T12:04:59+00:00 KAITOTRY layer=1 value=425.52 entry=33.65021875 cash=3835.39
[SCAN] 2026-08-08T12:04:59+00:00 symbols=20 signals=2 entries=2 exits=1 blocked=0 open=7 cash=3835.39 equity=9495.41
[SIGNAL] 2026-08-08T12:04:59+00:00 KAITOTRY BUY fill_at=2026-08-08T12:09:59+00:00 features={"close": 33.435, "bb_lower": 33.5255847932841, "bb_upper": 34.68746282576353, "rsi": 26.819611228126902, "mfi": 29.318260836664166, "atr": 0.26321428571428485}
[ENTRY] 2026-08-08T12:09:59+00:00 KAITOTRY layer=2 value=382.96 entry=33.49009875 cash=3451.85
[SIGNAL] 2026-08-08T12:04:59+00:00 BANKTRY BUY fill_at=2026-08-08T12:09:59+00:00 features={"close": 1.882, "bb_lower": 1.8847403464434191, "bb_upper": 1.9091644154613427, "rsi": 36.85671437776796, "mfi": 39.794407298044895, "atr": 0.009428571428571437}
[BLOCKED] BANKTRY reason=max_layers
[SCAN] 2026-08-08T12:09:59+00:00 symbols=20 signals=2 entries=1 exits=0 blocked=1 open=7 cash=3451.85 equity=9502.40
[SCAN] 2026-08-08T12:14:59+00:00 symbols=20 signals=0 entries=0 exits=0 blocked=1 open=7 cash=3451.85 equity=9502.12
[SCAN] 2026-08-08T12:19:59+00:00 symbols=20 signals=0 entries=0 exits=0 blocked=1 open=7 cash=3451.85 equity=9500.42
[SCAN] 2026-08-08T12:24:59+00:00 symbols=20 signals=0 entries=0 exits=0 blocked=1 open=7 cash=3451.85 equity=9503.44
[SIGNAL] 2026-08-08T12:24:59+00:00 LATRY BUY fill_at=2026-08-08T12:29:59+00:00 features={"close": 2.52, "bb_lower": 2.5265672881107766, "bb_upper": 2.5791469976035084, "rsi": 36.98624796442807, "mfi": 27.832896764680683, "atr": 0.014999999999999998}
[ENTRY] 2026-08-08T12:29:59+00:00 LATRY layer=1 value=344.67 entry=2.53189750 cash=3106.66
[SCAN] 2026-08-08T12:29:59+00:00 symbols=20 signals=1 entries=1 exits=0 blocked=1 open=8 cash=3106.66 equity=9494.43
[SIGNAL] 2026-08-08T12:29:59+00:00 KAITOTRY BUY fill_at=2026-08-08T12:34:59+00:00 features={"close": 33.173, "bb_lower": 33.206425032370625, "bb_upper": 34.52376544381983, "rsi": 25.44539653176348, "mfi": 32.5414802996295, "atr": 0.26564285714285724}
[BLOCKED] KAITOTRY reason=max_layers
[SCAN] 2026-08-08T12:34:59+00:00 symbols=20 signals=1 entries=0 exits=0 blocked=1 open=8 cash=3106.66 equity=9508.37
[SCAN] 2026-08-08T12:39:59+00:00 symbols=20 signals=0 entries=0 exits=0 blocked=0 open=8 cash=3106.66 equity=9510.01
[SCAN] 2026-08-08T12:44:59+00:00 symbols=20 signals=0 entries=0 exits=0 blocked=0 open=8 cash=3106.66 equity=9501.02
[SCAN] 2026-08-08T12:49:59+00:00 symbols=20 signals=0 entries=0 exits=0 blocked=0 open=8 cash=3106.66 equity=9498.26
[SCAN] 2026-08-08T12:54:59+00:00 symbols=20 signals=0 entries=0 exits=0 blocked=0 open=8 cash=3106.66 equity=9503.50
[SCAN] 2026-08-08T12:59:59+00:00 symbols=20 signals=0 entries=0 exits=0 blocked=0 open=8 cash=3106.66 equity=9507.33
[SCAN] 2026-08-08T13:04:59+00:00 symbols=20 signals=0 entries=0 exits=0 blocked=0 open=8 cash=3106.66 equity=9521.95
[EXIT] 2026-08-08T13:09:59+00:00 HEITRY reason=fixed_take_profit pnl=+14.74 cash=3594.91
[SCAN] 2026-08-08T13:09:59+00:00 symbols=20 signals=0 entries=0 exits=1 blocked=0 open=7 cash=3594.91 equity=9495.99
[SIGNAL] 2026-08-08T13:09:59+00:00 BANKTRY BUY fill_at=2026-08-08T13:14:59+00:00 features={"close": 1.858, "bb_lower": 1.8720493345202278, "bb_upper": 1.9050935226226298, "rsi": 26.45272306512898, "mfi": 39.86482845229824, "atr": 0.0105}
[BLOCKED] BANKTRY reason=max_layers
[SCAN] 2026-08-08T13:14:59+00:00 symbols=20 signals=1 entries=0 exits=0 blocked=1 open=7 cash=3594.91 equity=9504.30
[SCAN] 2026-08-08T13:19:59+00:00 symbols=20 signals=0 entries=0 exits=0 blocked=0 open=7 cash=3594.91 equity=9503.48
[SCAN] 2026-08-08T13:24:59+00:00 symbols=20 signals=0 entries=0 exits=0 blocked=0 open=7 cash=3594.91 equity=9500.13
[SIGNAL] 2026-08-08T13:24:59+00:00 ZROTRY BUY fill_at=2026-08-08T13:29:59+00:00 features={"close": 39.3, "bb_lower": 39.30629447994462, "bb_upper": 39.67465790100774, "rsi": 37.94298450687519, "mfi": 32.944824555953716, "atr": 0.05714285714285795}
[ENTRY] 2026-08-08T13:29:59+00:00 ZROTRY layer=1 value=358.95 entry=39.32947500 cash=3235.42
[SCAN] 2026-08-08T13:29:59+00:00 symbols=20 signals=1 entries=1 exits=0 blocked=0 open=8 cash=3235.42 equity=9495.74
[SCAN] 2026-08-08T13:34:59+00:00 symbols=20 signals=0 entries=0 exits=0 blocked=0 open=8 cash=3235.42 equity=9494.44
[SCAN] 2026-08-08T13:39:59+00:00 symbols=20 signals=0 entries=0 exits=0 blocked=0 open=8 cash=3235.42 equity=9486.43
[SIGNAL] 2026-08-08T13:39:59+00:00 COTITRY BUY fill_at=2026-08-08T13:44:59+00:00 features={"close": 0.6008, "bb_lower": 0.601060468486575, "bb_upper": 0.606682388656282, "rsi": 40.9080131469979, "mfi": 40.32920042307246, "atr": 0.0023642857142857237}
[BLOCKED] COTITRY reason=max_layers
[SIGNAL] 2026-08-08T13:39:59+00:00 BANKTRY BUY fill_at=2026-08-08T13:44:59+00:00 features={"close": 1.861, "bb_lower": 1.8635928166919364, "bb_upper": 1.9026928975937785, "rsi": 34.453881616752895, "mfi": 38.19259806633613, "atr": 0.011214285714285652}
[BLOCKED] BANKTRY reason=max_layers
[SCAN] 2026-08-08T13:44:59+00:00 symbols=20 signals=2 entries=0 exits=0 blocked=2 open=8 cash=3235.42 equity=9488.50
[SIGNAL] 2026-08-08T13:44:59+00:00 BANKTRY BUY fill_at=2026-08-08T13:49:59+00:00 features={"close": 1.858, "bb_lower": 1.8602268428483648, "bb_upper": 1.9021541095325878, "rsi": 33.07059765358805, "mfi": 31.970574576825058, "atr": 0.011285714285714232}
[BLOCKED] BANKTRY reason=max_layers
[SCAN] 2026-08-08T13:49:59+00:00 symbols=20 signals=1 entries=0 exits=0 blocked=1 open=8 cash=3235.42 equity=9491.53
[SCAN] 2026-08-08T13:54:59+00:00 symbols=20 signals=0 entries=0 exits=0 blocked=0 open=8 cash=3235.42 equity=9505.07
[SCAN] 2026-08-08T13:59:59+00:00 symbols=20 signals=0 entries=0 exits=0 blocked=0 open=8 cash=3235.42 equity=9510.54
[SCAN] 2026-08-08T14:04:59+00:00 symbols=20 signals=0 entries=0 exits=0 blocked=0 open=8 cash=3235.42 equity=9490.67
[SCAN] 2026-08-08T14:09:59+00:00 symbols=20 signals=0 entries=0 exits=0 blocked=1 open=8 cash=3235.42 equity=9499.21
[SIGNAL] 2026-08-08T14:09:59+00:00 HEITRY BUY fill_at=2026-08-08T14:14:59+00:00 features={"close": 9.711, "bb_lower": 9.726900671121644, "bb_upper": 10.121575519354547, "rsi": 37.372815355884306, "mfi": 46.31028929782922, "atr": 0.1163571428571427}
[ENTRY] 2026-08-08T14:14:59+00:00 HEITRY layer=1 value=323.06 entry=9.72128550 cash=2911.87
[SCAN] 2026-08-08T14:14:59+00:00 symbols=20 signals=1 entries=1 exits=0 blocked=2 open=9 cash=2911.87 equity=9491.79
[SIGNAL] 2026-08-08T14:14:59+00:00 HEITRY BUY fill_at=2026-08-08T14:19:59+00:00 features={"close": 9.684, "bb_lower": 9.700456944730995, "bb_upper": 10.13582876955472, "rsi": 36.25777804196892, "mfi": 37.651647602829165, "atr": 0.115642857142857}
[ENTRY] 2026-08-08T14:19:59+00:00 HEITRY layer=2 value=290.75 entry=9.70227125 cash=2620.69
[SCAN] 2026-08-08T14:19:59+00:00 symbols=20 signals=1 entries=1 exits=0 blocked=1 open=9 cash=2620.69 equity=9480.79
[SIGNAL] 2026-08-08T14:19:59+00:00 HEITRY BUY fill_at=2026-08-08T14:24:59+00:00 features={"close": 9.588, "bb_lower": 9.65552071367829, "bb_upper": 10.16238404822647, "rsi": 32.52046167224695, "mfi": 28.80966375038676, "atr": 0.13521428571428565}
[BLOCKED] HEITRY reason=max_layers
[SCAN] 2026-08-08T14:24:59+00:00 symbols=20 signals=1 entries=0 exits=0 blocked=2 open=9 cash=2620.69 equity=9466.27
[SIGNAL] 2026-08-08T14:24:59+00:00 HEITRY BUY fill_at=2026-08-08T14:29:59+00:00 features={"close": 9.439, "bb_lower": 9.567022312973835, "bb_upper": 10.21212054416902, "rsi": 27.716738824222077, "mfi": 28.0486271134245, "atr": 0.14535714285714274}
[BLOCKED] HEITRY reason=max_layers
[SCAN] 2026-08-08T14:29:59+00:00 symbols=20 signals=1 entries=0 exits=0 blocked=3 open=9 cash=2620.69 equity=9474.40
[SCAN] 2026-08-08T14:34:59+00:00 symbols=20 signals=0 entries=0 exits=0 blocked=1 open=9 cash=2620.69 equity=9475.92
[SCAN] 2026-08-08T14:39:59+00:00 symbols=20 signals=0 entries=0 exits=0 blocked=1 open=9 cash=2620.69 equity=9465.36
[SIGNAL] 2026-08-08T14:39:59+00:00 LATRY BUY fill_at=2026-08-08T14:44:59+00:00 features={"close": 2.5, "bb_lower": 2.505347921864434, "bb_upper": 2.5898901733736617, "rsi": 32.31729330391357, "mfi": 31.830484585260905, "atr": 0.012857142857142805}
[ENTRY] 2026-08-08T14:44:59+00:00 LATRY layer=2 value=261.68 entry=2.50187500 cash=2358.62
[SCAN] 2026-08-08T14:44:59+00:00 symbols=20 signals=1 entries=1 exits=0 blocked=1 open=9 cash=2358.62 equity=9461.37
[SIGNAL] 2026-08-08T14:44:59+00:00 FIDATRY BUY fill_at=2026-08-08T14:49:59+00:00 features={"close": 0.852, "bb_lower": 0.8522063832687717, "bb_upper": 0.8596031405407517, "rsi": 36.204171430409914, "mfi": 9.032028743960282, "atr": 0.0015714285714285728}
[BLOCKED] FIDATRY reason=max_layers
[SIGNAL] 2026-08-08T14:44:59+00:00 LATRY BUY fill_at=2026-08-08T14:49:59+00:00 features={"close": 2.49, "bb_lower": 2.4963966422668267, "bb_upper": 2.5940795482093644, "rsi": 29.784570303859283, "mfi": 23.45992490338962, "atr": 0.012857142857142805}
[BLOCKED] LATRY reason=max_layers
[SCAN] 2026-08-08T14:49:59+00:00 symbols=20 signals=2 entries=0 exits=0 blocked=2 open=9 cash=2358.62 equity=9472.83
[SIGNAL] 2026-08-08T14:49:59+00:00 FIDATRY BUY fill_at=2026-08-08T14:54:59+00:00 features={"close": 0.851, "bb_lower": 0.851690551063933, "bb_upper": 0.859261829888448, "rsi": 33.89601545451333, "mfi": 8.596950372970582, "atr": 0.0016428571428571443}
[BLOCKED] FIDATRY reason=max_layers
[SCAN] 2026-08-08T14:54:59+00:00 symbols=20 signals=1 entries=0 exits=0 blocked=1 open=9 cash=2358.62 equity=9462.74
[SIGNAL] 2026-08-08T14:54:59+00:00 FIDATRY BUY fill_at=2026-08-08T14:59:59+00:00 features={"close": 0.851, "bb_lower": 0.8511962877161029, "bb_upper": 0.8589941884743729, "rsi": 33.89601537505315, "mfi": 16.742559585982434, "atr": 0.0017142857142857157}
[BLOCKED] FIDATRY reason=max_layers
[SCAN] 2026-08-08T14:59:59+00:00 symbols=20 signals=1 entries=0 exits=0 blocked=1 open=9 cash=2358.62 equity=9466.29
[SCAN] 2026-08-08T15:04:59+00:00 symbols=20 signals=0 entries=0 exits=0 blocked=0 open=9 cash=2358.62 equity=9476.12
[SCAN] 2026-08-08T15:09:59+00:00 symbols=20 signals=0 entries=0 exits=0 blocked=0 open=9 cash=2358.62 equity=9471.72
[SCAN] 2026-08-08T15:14:59+00:00 symbols=20 signals=0 entries=0 exits=0 blocked=1 open=9 cash=2358.62 equity=9478.73
[SCAN] 2026-08-08T15:19:59+00:00 symbols=20 signals=0 entries=0 exits=0 blocked=1 open=9 cash=2358.62 equity=9473.37
[SCAN] 2026-08-08T15:24:59+00:00 symbols=20 signals=0 entries=0 exits=0 blocked=0 open=9 cash=2358.62 equity=9476.22
[SCAN] 2026-08-08T15:29:59+00:00 symbols=20 signals=0 entries=0 exits=0 blocked=0 open=9 cash=2358.62 equity=9475.19
[SCAN] 2026-08-08T15:34:59+00:00 symbols=20 signals=0 entries=0 exits=0 blocked=0 open=9 cash=2358.62 equity=9477.86
[SCAN] 2026-08-08T15:39:59+00:00 symbols=20 signals=0 entries=0 exits=0 blocked=0 open=9 cash=2358.62 equity=9479.24
[SCAN] 2026-08-08T15:44:59+00:00 symbols=20 signals=0 entries=0 exits=0 blocked=1 open=9 cash=2358.62 equity=9473.06
[SCAN] 2026-08-08T15:49:59+00:00 symbols=20 signals=0 entries=0 exits=0 blocked=0 open=9 cash=2358.62 equity=9479.94
[SCAN] 2026-08-08T15:54:59+00:00 symbols=20 signals=0 entries=0 exits=0 blocked=0 open=9 cash=2358.62 equity=9478.35
[SCAN] 2026-08-08T15:59:59+00:00 symbols=20 signals=0 entries=0 exits=0 blocked=0 open=9 cash=2358.62 equity=9477.76
[SIGNAL] 2026-08-08T15:59:59+00:00 BIOTRY BUY fill_at=2026-08-08T16:04:59+00:00 features={"close": 1.176, "bb_lower": 1.1778730404443067, "bb_upper": 1.1881269595556934, "rsi": 35.83730339627749, "mfi": 26.81820130490948, "atr": 0.0034999999999999953}
[BLOCKED] BIOTRY reason=max_layers
[SCAN] 2026-08-08T16:04:59+00:00 symbols=20 signals=1 entries=0 exits=0 blocked=1 open=9 cash=2358.62 equity=9473.54
[SCAN] 2026-08-08T16:09:59+00:00 symbols=20 signals=0 entries=0 exits=0 blocked=0 open=9 cash=2358.62 equity=9461.26
[SIGNAL] 2026-08-08T16:09:59+00:00 HEITRY BUY fill_at=2026-08-08T16:14:59+00:00 features={"close": 9.329, "bb_lower": 9.33813194916548, "bb_upper": 9.563487098453571, "rsi": 32.60645406739667, "mfi": 56.51322437278345, "atr": 0.08192857142857145}
[BLOCKED] HEITRY reason=max_layers
[SCAN] 2026-08-08T16:14:59+00:00 symbols=20 signals=1 entries=0 exits=0 blocked=1 open=9 cash=2358.62 equity=9470.00
[SCAN] 2026-08-08T16:19:59+00:00 symbols=20 signals=0 entries=0 exits=0 blocked=0 open=9 cash=2358.62 equity=9476.60
[SIGNAL] 2026-08-08T16:19:59+00:00 HEITRY BUY fill_at=2026-08-08T16:24:59+00:00 features={"close": 9.317, "bb_lower": 9.321297087031457, "bb_upper": 9.544798151063784, "rsi": 34.55445710684677, "mfi": 50.29470335579118, "atr": 0.07914285714285718}
[BLOCKED] HEITRY reason=max_layers
[SCAN] 2026-08-08T16:24:59+00:00 symbols=20 signals=1 entries=0 exits=0 blocked=1 open=9 cash=2358.62 equity=9463.26
[SIGNAL] 2026-08-08T16:24:59+00:00 COTITRY BUY fill_at=2026-08-08T16:29:59+00:00 features={"close": 0.5983, "bb_lower": 0.5985928995901039, "bb_upper": 0.6072737670765628, "rsi": 36.659207944673376, "mfi": 28.242838553546193, "atr": 0.002449999999999984}
[BLOCKED] COTITRY reason=max_layers
[SIGNAL] 2026-08-08T16:24:59+00:00 KAITOTRY BUY fill_at=2026-08-08T16:29:59+00:00 features={"close": 33.334, "bb_lower": 33.411751837565916, "bb_upper": 34.032533876719796, "rsi": 39.3727425713296, "mfi": 45.39414367742622, "atr": 0.2662857142857144}
[BLOCKED] KAITOTRY reason=max_layers
[SCAN] 2026-08-08T16:29:59+00:00 symbols=20 signals=2 entries=0 exits=0 blocked=2 open=9 cash=2358.62 equity=9485.08
[SCAN] 2026-08-08T16:34:59+00:00 symbols=20 signals=0 entries=0 exits=0 blocked=1 open=9 cash=2358.62 equity=9494.32
[SIGNAL] 2026-08-08T16:34:59+00:00 COTITRY BUY fill_at=2026-08-08T16:39:59+00:00 features={"close": 0.597, "bb_lower": 0.5970742527428131, "bb_upper": 0.6078305091619486, "rsi": 33.95685224631369, "mfi": 27.688100231481187, "atr": 0.0023857142857142766}
[BLOCKED] COTITRY reason=max_layers
[SCAN] 2026-08-08T16:39:59+00:00 symbols=20 signals=1 entries=0 exits=0 blocked=2 open=9 cash=2358.62 equity=9495.17
[SCAN] 2026-08-08T16:44:59+00:00 symbols=20 signals=0 entries=0 exits=0 blocked=1 open=9 cash=2358.62 equity=9496.44
[SIGNAL] 2026-08-08T16:44:59+00:00 COTITRY BUY fill_at=2026-08-08T16:49:59+00:00 features={"close": 0.5947, "bb_lower": 0.5951202860967869, "bb_upper": 0.6086130472365464, "rsi": 29.445184038749673, "mfi": 24.593283345462737, "atr": 0.0025857142857142784}
[BLOCKED] COTITRY reason=max_layers
[SCAN] 2026-08-08T16:49:59+00:00 symbols=20 signals=1 entries=0 exits=0 blocked=1 open=9 cash=2358.62 equity=9497.16
[SCAN] 2026-08-08T16:54:59+00:00 symbols=20 signals=0 entries=0 exits=0 blocked=0 open=9 cash=2358.62 equity=9495.21
[SCAN] 2026-08-08T16:59:59+00:00 symbols=20 signals=0 entries=0 exits=0 blocked=0 open=9 cash=2358.62 equity=9483.82
[SIGNAL] 2026-08-08T16:59:59+00:00 ALLOTRY BUY fill_at=2026-08-08T17:04:59+00:00 features={"close": 15.42, "bb_lower": 15.464712045907323, "bb_upper": 15.787668906473634, "rsi": 38.48810334535503, "mfi": 40.878400152527, "atr": 0.11571428571428553}
[ENTRY] 2026-08-08T17:04:59+00:00 ALLOTRY layer=1 value=235.51 entry=15.41155000 cash=2122.76
[SCAN] 2026-08-08T17:04:59+00:00 symbols=20 signals=1 entries=1 exits=0 blocked=0 open=10 cash=2122.76 equity=9481.71
[SIGNAL] 2026-08-08T17:04:59+00:00 ALLOTRY BUY fill_at=2026-08-08T17:09:59+00:00 features={"close": 15.36, "bb_lower": 15.416082385280006, "bb_upper": 15.81058428138666, "rsi": 35.94613600972107, "mfi": 33.91591563034535, "atr": 0.11571428571428566}
[ENTRY] 2026-08-08T17:09:59+00:00 ALLOTRY layer=2 value=211.96 entry=15.39153500 cash=1910.48
[EXIT] 2026-08-08T17:09:59+00:00 KAITOTRY reason=fixed_take_profit pnl=+25.20 cash=2745.38
[SCAN] 2026-08-08T17:09:59+00:00 symbols=20 signals=1 entries=1 exits=1 blocked=0 open=9 cash=2745.38 equity=9495.52
[SIGNAL] 2026-08-08T17:09:59+00:00 ALLOTRY BUY fill_at=2026-08-08T17:14:59+00:00 features={"close": 15.37, "bb_lower": 15.380679783676918, "bb_upper": 15.825986882989756, "rsi": 36.70096992843217, "mfi": 33.5146671744596, "atr": 0.11428571428571425}
[BLOCKED] ALLOTRY reason=max_layers
[SCAN] 2026-08-08T17:14:59+00:00 symbols=20 signals=1 entries=0 exits=0 blocked=1 open=9 cash=2745.38 equity=9489.32
[SIGNAL] 2026-08-08T17:14:59+00:00 ALLOTRY BUY fill_at=2026-08-08T17:19:59+00:00 features={"close": 15.32, "bb_lower": 15.33970726770108, "bb_upper": 15.84505463706083, "rsi": 34.49884138897818, "mfi": 36.1649192859722, "atr": 0.11357142857142856}
[BLOCKED] ALLOTRY reason=max_layers
[SCAN] 2026-08-08T17:19:59+00:00 symbols=20 signals=1 entries=0 exits=0 blocked=1 open=9 cash=2745.38 equity=9489.49
[SCAN] 2026-08-08T17:24:59+00:00 symbols=20 signals=0 entries=0 exits=0 blocked=0 open=9 cash=2745.38 equity=9493.04
[SCAN] 2026-08-08T17:29:59+00:00 symbols=20 signals=0 entries=0 exits=0 blocked=0 open=9 cash=2745.38 equity=9507.33
[SIGNAL] 2026-08-08T17:29:59+00:00 HEITRY BUY fill_at=2026-08-08T17:34:59+00:00 features={"close": 9.253, "bb_lower": 9.263260763090244, "bb_upper": 9.513024951195472, "rsi": 34.88896968407184, "mfi": 42.55929204166588, "atr": 0.08978571428571414}
[BLOCKED] HEITRY reason=max_layers
[SCAN] 2026-08-08T17:34:59+00:00 symbols=20 signals=1 entries=0 exits=0 blocked=1 open=9 cash=2745.38 equity=9503.43
[EXIT] 2026-08-08T17:39:59+00:00 HEITRY reason=fixed_stop_loss pnl=-39.05 cash=3321.06
[SCAN] 2026-08-08T17:39:59+00:00 symbols=20 signals=0 entries=0 exits=1 blocked=0 open=8 cash=3321.06 equity=9487.34
[SIGNAL] 2026-08-08T17:39:59+00:00 HEITRY BUY fill_at=2026-08-08T17:44:59+00:00 features={"close": 9.03, "bb_lower": 9.164037564124186, "bb_upper": 9.56434338825677, "rsi": 25.571279804378165, "mfi": 32.44373257262663, "atr": 0.11892857142857124}
[ENTRY] 2026-08-08T17:44:59+00:00 HEITRY layer=1 value=331.61 entry=9.04577925 cash=2988.95
[SCAN] 2026-08-08T17:44:59+00:00 symbols=20 signals=1 entries=1 exits=0 blocked=1 open=9 cash=2988.95 equity=9486.50
[SIGNAL] 2026-08-08T17:44:59+00:00 HEITRY BUY fill_at=2026-08-08T17:49:59+00:00 features={"close": 9.053, "bb_lower": 9.10874743237278, "bb_upper": 9.583823996198653, "rsi": 27.8883187408439, "mfi": 27.561980649219834, "atr": 0.11435714285714267}
[ENTRY] 2026-08-08T17:49:59+00:00 HEITRY layer=2 value=298.45 entry=9.06179125 cash=2690.06
[SCAN] 2026-08-08T17:49:59+00:00 symbols=20 signals=1 entries=1 exits=0 blocked=2 open=9 cash=2690.06 equity=9483.77
[SCAN] 2026-08-08T17:54:59+00:00 symbols=20 signals=0 entries=0 exits=0 blocked=2 open=9 cash=2690.06 equity=9492.49
[SCAN] 2026-08-08T17:59:59+00:00 symbols=20 signals=0 entries=0 exits=0 blocked=1 open=9 cash=2690.06 equity=9486.34
[SCAN] 2026-08-08T18:04:59+00:00 symbols=20 signals=0 entries=0 exits=0 blocked=0 open=9 cash=2690.06 equity=9472.95
[SIGNAL] 2026-08-08T18:04:59+00:00 FIDATRY BUY fill_at=2026-08-08T18:09:59+00:00 features={"close": 0.85, "bb_lower": 0.8513283242684876, "bb_upper": 0.8585764376362744, "rsi": 34.86206631328599, "mfi": 25.7248709515561, "atr": 0.0015000000000000013}
[BLOCKED] FIDATRY reason=max_layers
[SIGNAL] 2026-08-08T18:04:59+00:00 BANKTRY BUY fill_at=2026-08-08T18:09:59+00:00 features={"close": 1.884, "bb_lower": 1.8869248897680198, "bb_upper": 1.9212655864224564, "rsi": 40.765570718294875, "mfi": 35.76980983592733, "atr": 0.011142857142857152}
[BLOCKED] BANKTRY reason=max_layers
[SCAN] 2026-08-08T18:09:59+00:00 symbols=20 signals=2 entries=0 exits=0 blocked=2 open=9 cash=2690.06 equity=9468.18
[SIGNAL] 2026-08-08T18:09:59+00:00 BANKTRY BUY fill_at=2026-08-08T18:14:59+00:00 features={"close": 1.874, "bb_lower": 1.881939086119042, "bb_upper": 1.9242513900714344, "rsi": 36.08148392970288, "mfi": 24.724778032620094, "atr": 0.011357142857142859}
[BLOCKED] BANKTRY reason=max_layers
[SCAN] 2026-08-08T18:14:59+00:00 symbols=20 signals=1 entries=0 exits=0 blocked=1 open=9 cash=2690.06 equity=9474.07
[SIGNAL] 2026-08-08T18:14:59+00:00 BANKTRY BUY fill_at=2026-08-08T18:19:59+00:00 features={"close": 1.871, "bb_lower": 1.8767456906089437, "bb_upper": 1.9269685951053426, "rsi": 34.782581386697274, "mfi": 18.386250217166832, "atr": 0.010428571428571422}
[BLOCKED] BANKTRY reason=max_layers
[SCAN] 2026-08-08T18:19:59+00:00 symbols=20 signals=1 entries=0 exits=0 blocked=2 open=9 cash=2690.06 equity=9465.77
[SIGNAL] 2026-08-08T18:19:59+00:00 BANKTRY BUY fill_at=2026-08-08T18:24:59+00:00 features={"close": 1.867, "bb_lower": 1.8709544240861586, "bb_upper": 1.928664623532889, "rsi": 33.0633291272929, "mfi": 18.278943051294632, "atr": 0.0105}
[BLOCKED] BANKTRY reason=max_layers
[SCAN] 2026-08-08T18:24:59+00:00 symbols=20 signals=1 entries=0 exits=0 blocked=2 open=9 cash=2690.06 equity=9463.48
[SIGNAL] 2026-08-08T18:24:59+00:00 FIDATRY BUY fill_at=2026-08-08T18:29:59+00:00 features={"close": 0.85, "bb_lower": 0.8501731958029765, "bb_upper": 0.8585887089589287, "rsi": 38.250203117901286, "mfi": 45.10116145203899, "atr": 0.0017857142857142874}
[BLOCKED] FIDATRY reason=max_layers
[SCAN] 2026-08-08T18:29:59+00:00 symbols=20 signals=1 entries=0 exits=0 blocked=2 open=9 cash=2690.06 equity=9473.05
[SCAN] 2026-08-08T18:34:59+00:00 symbols=20 signals=0 entries=0 exits=0 blocked=0 open=9 cash=2690.06 equity=9469.29
[EXIT] 2026-08-08T18:39:59+00:00 ZROTRY reason=bb_mfi_v3_signal_exit pnl=+1.12 cash=3050.67
[SCAN] 2026-08-08T18:39:59+00:00 symbols=20 signals=0 entries=0 exits=1 blocked=0 open=8 cash=3050.67 equity=9473.45
[SCAN] 2026-08-08T18:44:59+00:00 symbols=20 signals=0 entries=0 exits=0 blocked=0 open=8 cash=3050.67 equity=9474.02
[SCAN] 2026-08-08T18:49:59+00:00 symbols=20 signals=0 entries=0 exits=0 blocked=0 open=8 cash=3050.67 equity=9468.58
[SCAN] 2026-08-08T18:54:59+00:00 symbols=20 signals=0 entries=0 exits=0 blocked=0 open=8 cash=3050.67 equity=9473.28
[SCAN] 2026-08-08T18:59:59+00:00 symbols=20 signals=0 entries=0 exits=0 blocked=0 open=8 cash=3050.67 equity=9467.93
[SIGNAL] 2026-08-08T18:59:59+00:00 RETRY BUY fill_at=2026-08-08T19:04:59+00:00 features={"close": 20.73, "bb_lower": 20.74710533920555, "bb_upper": 21.079561327461118, "rsi": 40.88432630131248, "mfi": 46.832800583837574, "atr": 0.11999999999999922}
[ENTRY] 2026-08-08T19:04:59+00:00 RETRY layer=1 value=304.61 entry=20.73554000 cash=2745.60
[SCAN] 2026-08-08T19:04:59+00:00 symbols=20 signals=1 entries=1 exits=0 blocked=0 open=9 cash=2745.60 equity=9473.51
[SIGNAL] 2026-08-08T19:04:59+00:00 RETRY BUY fill_at=2026-08-08T19:09:59+00:00 features={"close": 20.69, "bb_lower": 20.713762623026128, "bb_upper": 21.095761186497683, "rsi": 39.255052496924456, "mfi": 35.10468621837032, "atr": 0.09999999999999913}
[ENTRY] 2026-08-08T19:09:59+00:00 RETRY layer=2 value=274.15 entry=20.69551000 cash=2471.04
[SCAN] 2026-08-08T19:09:59+00:00 symbols=20 signals=1 entries=1 exits=0 blocked=0 open=9 cash=2471.04 equity=9482.17
[SCAN] 2026-08-08T19:14:59+00:00 symbols=20 signals=0 entries=0 exits=0 blocked=0 open=9 cash=2471.04 equity=9485.82
[SCAN] 2026-08-08T19:19:59+00:00 symbols=20 signals=0 entries=0 exits=0 blocked=0 open=9 cash=2471.04 equity=9491.43
[EXIT] 2026-08-08T19:24:59+00:00 FIDATRY reason=bb_mfi_v3_signal_exit pnl=-4.81 cash=3327.72
[SCAN] 2026-08-08T19:24:59+00:00 symbols=20 signals=0 entries=0 exits=1 blocked=0 open=8 cash=3327.72 equity=9487.84
[SCAN] 2026-08-08T19:29:59+00:00 symbols=20 signals=0 entries=0 exits=0 blocked=0 open=8 cash=3327.72 equity=9483.02
[SCAN] 2026-08-08T19:34:59+00:00 symbols=20 signals=0 entries=0 exits=0 blocked=0 open=8 cash=3327.72 equity=9479.05
[SCAN] 2026-08-08T19:39:59+00:00 symbols=20 signals=0 entries=0 exits=0 blocked=0 open=8 cash=3327.72 equity=9474.69
[EXIT] 2026-08-08T19:44:59+00:00 ALLOTRY reason=fixed_take_profit pnl=+13.95 cash=3789.81
[SCAN] 2026-08-08T19:44:59+00:00 symbols=20 signals=0 entries=0 exits=1 blocked=1 open=7 cash=3789.81 equity=9479.74
[SCAN] 2026-08-08T19:49:59+00:00 symbols=20 signals=0 entries=0 exits=0 blocked=0 open=7 cash=3789.81 equity=9484.87
[SIGNAL] 2026-08-08T19:49:59+00:00 RETRY BUY fill_at=2026-08-08T19:54:59+00:00 features={"close": 20.61, "bb_lower": 20.618676174859498, "bb_upper": 21.077514301330975, "rsi": 36.89925937007961, "mfi": 33.80940712358276, "atr": 0.09142857142857075}
[BLOCKED] RETRY reason=max_layers
[SCAN] 2026-08-08T19:54:59+00:00 symbols=20 signals=1 entries=0 exits=0 blocked=1 open=7 cash=3789.81 equity=9491.02
[SCAN] 2026-08-08T19:59:59+00:00 symbols=20 signals=0 entries=0 exits=0 blocked=0 open=7 cash=3789.81 equity=9503.94
[SCAN] 2026-08-08T20:04:59+00:00 symbols=20 signals=0 entries=0 exits=0 blocked=0 open=7 cash=3789.81 equity=9506.14
[EXIT] 2026-08-08T20:09:59+00:00 HEITRY reason=fixed_take_profit pnl=+19.64 cash=4440.45
[SCAN] 2026-08-08T20:09:59+00:00 symbols=20 signals=0 entries=0 exits=1 blocked=0 open=6 cash=4440.45 equity=9527.54
[SCAN] 2026-08-08T20:14:59+00:00 symbols=20 signals=0 entries=0 exits=0 blocked=0 open=6 cash=4440.45 equity=9528.47
[EXIT] 2026-08-08T20:19:59+00:00 BANKTRY reason=bb_mfi_v3_signal_exit pnl=+6.40 cash=5602.12
[SCAN] 2026-08-08T20:19:59+00:00 symbols=20 signals=0 entries=0 exits=1 blocked=0 open=5 cash=5602.12 equity=9529.99
[SCAN] 2026-08-08T20:24:59+00:00 symbols=20 signals=0 entries=0 exits=0 blocked=0 open=5 cash=5602.12 equity=9522.21
[SCAN] 2026-08-08T20:29:59+00:00 symbols=20 signals=0 entries=0 exits=0 blocked=1 open=5 cash=5602.12 equity=9520.14
[SCAN] 2026-08-08T20:34:59+00:00 symbols=20 signals=0 entries=0 exits=0 blocked=1 open=5 cash=5602.12 equity=9520.26
[SCAN] 2026-08-08T20:39:59+00:00 symbols=20 signals=0 entries=0 exits=0 blocked=1 open=5 cash=5602.12 equity=9516.59
[SIGNAL] 2026-08-08T20:39:59+00:00 VANRYTRY BUY fill_at=2026-08-08T20:44:59+00:00 features={"close": 0.1525, "bb_lower": 0.15257916324917875, "bb_upper": 0.15496369389367837, "rsi": 40.028271920071944, "mfi": 22.249822750941632, "atr": 0.0008285714285714285}
[ENTRY] 2026-08-08T20:44:59+00:00 VANRYTRY layer=1 value=559.37 entry=0.15281453 cash=5041.91
[SCAN] 2026-08-08T20:44:59+00:00 symbols=20 signals=1 entries=1 exits=0 blocked=1 open=6 cash=5041.91 equity=9517.96
[SCAN] 2026-08-08T20:49:59+00:00 symbols=20 signals=0 entries=0 exits=0 blocked=1 open=6 cash=5041.91 equity=9508.42
[SIGNAL] 2026-08-08T20:49:59+00:00 LATRY BUY fill_at=2026-08-08T20:54:59+00:00 features={"close": 2.46, "bb_lower": 2.474830106402682, "bb_upper": 2.501360369787795, "rsi": 22.133876373445773, "mfi": 29.57566746668101, "atr": 0.0035714285714285904}
[BLOCKED] LATRY reason=max_layers
[SCAN] 2026-08-08T20:54:59+00:00 symbols=20 signals=1 entries=0 exits=0 blocked=1 open=6 cash=5041.91 equity=9507.04
[SIGNAL] 2026-08-08T20:54:59+00:00 LATRY BUY fill_at=2026-08-08T20:59:59+00:00 features={"close": 2.46, "bb_lower": 2.468849250539172, "bb_upper": 2.5044840827941623, "rsi": 22.13387649825748, "mfi": 28.805275478490742, "atr": 0.0028571428571428597}
[BLOCKED] LATRY reason=max_layers
[SCAN] 2026-08-08T20:59:59+00:00 symbols=20 signals=1 entries=0 exits=0 blocked=1 open=6 cash=5041.91 equity=9508.23
[SCAN] 2026-08-08T21:04:59+00:00 symbols=20 signals=0 entries=0 exits=0 blocked=0 open=6 cash=5041.91 equity=9498.99
[SCAN] 2026-08-08T21:09:59+00:00 symbols=20 signals=0 entries=0 exits=0 blocked=0 open=6 cash=5041.91 equity=9503.80
[SIGNAL] 2026-08-08T21:09:59+00:00 HOMETRY BUY fill_at=2026-08-08T21:14:59+00:00 features={"close": 0.441, "bb_lower": 0.4411822024297895, "bb_upper": 0.44996065471306795, "rsi": 36.432323497822786, "mfi": 17.618453911759616, "atr": 0.0022142857142857164}
[ENTRY] 2026-08-08T21:14:59+00:00 HOMETRY layer=1 value=503.44 entry=0.44033000 cash=4537.71
[SCAN] 2026-08-08T21:14:59+00:00 symbols=20 signals=1 entries=1 exits=0 blocked=0 open=7 cash=4537.71 equity=9493.77
[SIGNAL] 2026-08-08T21:14:59+00:00 VANRYTRY BUY fill_at=2026-08-08T21:19:59+00:00 features={"close": 0.1522, "bb_lower": 0.15234148590517468, "bb_upper": 0.1545918474281587, "rsi": 41.71748902041243, "mfi": 31.315559217480555, "atr": 0.0009571428571428568}
[ENTRY] 2026-08-08T21:19:59+00:00 VANRYTRY layer=2 value=453.09 entry=0.15241422 cash=4083.94
[SCAN] 2026-08-08T21:19:59+00:00 symbols=20 signals=1 entries=1 exits=0 blocked=0 open=7 cash=4083.94 equity=9494.12
[SCAN] 2026-08-08T21:24:59+00:00 symbols=20 signals=0 entries=0 exits=0 blocked=0 open=7 cash=4083.94 equity=9498.38
[SCAN] 2026-08-08T21:29:59+00:00 symbols=20 signals=0 entries=0 exits=0 blocked=1 open=7 cash=4083.94 equity=9513.59
[SCAN] 2026-08-08T21:34:59+00:00 symbols=20 signals=0 entries=0 exits=0 blocked=0 open=7 cash=4083.94 equity=9503.30
[SCAN] 2026-08-08T21:39:59+00:00 symbols=20 signals=0 entries=0 exits=0 blocked=1 open=7 cash=4083.94 equity=9505.53
[SCAN] 2026-08-08T21:44:59+00:00 symbols=20 signals=0 entries=0 exits=0 blocked=0 open=7 cash=4083.94 equity=9511.85
[SCAN] 2026-08-08T21:49:59+00:00 symbols=20 signals=0 entries=0 exits=0 blocked=0 open=7 cash=4083.94 equity=9494.42
[SIGNAL] 2026-08-08T21:49:59+00:00 VANRYTRY BUY fill_at=2026-08-08T21:54:59+00:00 features={"close": 0.1514, "bb_lower": 0.1515953024467714, "bb_upper": 0.15441422136275237, "rsi": 40.48489676444057, "mfi": 41.28612207219311, "atr": 0.0008714285714285706}
[BLOCKED] VANRYTRY reason=max_layers
[SCAN] 2026-08-08T21:54:59+00:00 symbols=20 signals=1 entries=0 exits=0 blocked=2 open=7 cash=4083.94 equity=9502.31
[SCAN] 2026-08-08T21:59:59+00:00 symbols=20 signals=0 entries=0 exits=0 blocked=0 open=7 cash=4083.94 equity=9483.36
[SIGNAL] 2026-08-08T21:59:59+00:00 ALLOTRY BUY fill_at=2026-08-08T22:04:59+00:00 features={"close": 15.23, "bb_lower": 15.244823720595233, "bb_upper": 15.864700088928581, "rsi": 24.17854412206782, "mfi": 20.69523528805294, "atr": 0.07642857142857132}
[ENTRY] 2026-08-08T22:04:59+00:00 ALLOTRY layer=1 value=407.78 entry=15.25143000 cash=3675.55
[SCAN] 2026-08-08T22:04:59+00:00 symbols=20 signals=1 entries=1 exits=0 blocked=1 open=8 cash=3675.55 equity=9492.30
[SIGNAL] 2026-08-08T22:04:59+00:00 COTITRY BUY fill_at=2026-08-08T22:09:59+00:00 features={"close": 0.597, "bb_lower": 0.5971505161028078, "bb_upper": 0.6073542458019542, "rsi": 36.95744046314677, "mfi": 43.431817979354314, "atr": 0.002635714285714273}
[BLOCKED] COTITRY reason=max_layers
[SCAN] 2026-08-08T22:09:59+00:00 symbols=20 signals=1 entries=0 exits=0 blocked=2 open=8 cash=3675.55 equity=9496.67
[SIGNAL] 2026-08-08T22:09:59+00:00 COTITRY BUY fill_at=2026-08-08T22:14:59+00:00 features={"close": 0.5951, "bb_lower": 0.5959545903372103, "bb_upper": 0.6078168382342182, "rsi": 33.647297148094836, "mfi": 39.74199035553792, "atr": 0.0026857142857142752}
[BLOCKED] COTITRY reason=max_layers
[SCAN] 2026-08-08T22:14:59+00:00 symbols=20 signals=1 entries=0 exits=0 blocked=2 open=8 cash=3675.55 equity=9497.47
[SIGNAL] 2026-08-08T22:14:59+00:00 COTITRY BUY fill_at=2026-08-08T22:19:59+00:00 features={"close": 0.5947, "bb_lower": 0.5948861558464072, "bb_upper": 0.6082376536774022, "rsi": 32.97372918182032, "mfi": 27.697050466219736, "atr": 0.0027285714285714135}
[BLOCKED] COTITRY reason=max_layers
[SCAN] 2026-08-08T22:19:59+00:00 symbols=20 signals=1 entries=0 exits=0 blocked=3 open=8 cash=3675.55 equity=9492.54
[SCAN] 2026-08-08T22:24:59+00:00 symbols=20 signals=0 entries=0 exits=0 blocked=1 open=8 cash=3675.55 equity=9495.38
[SCAN] 2026-08-08T22:29:59+00:00 symbols=20 signals=0 entries=0 exits=0 blocked=1 open=8 cash=3675.55 equity=9494.96
[SCAN] 2026-08-08T22:34:59+00:00 symbols=20 signals=0 entries=0 exits=0 blocked=2 open=8 cash=3675.55 equity=9494.82
[SCAN] 2026-08-08T22:39:59+00:00 symbols=20 signals=0 entries=0 exits=0 blocked=2 open=8 cash=3675.55 equity=9490.24
[SCAN] 2026-08-08T22:44:59+00:00 symbols=20 signals=0 entries=0 exits=0 blocked=1 open=8 cash=3675.55 equity=9494.68
[SCAN] 2026-08-08T22:49:59+00:00 symbols=20 signals=0 entries=0 exits=0 blocked=1 open=8 cash=3675.55 equity=9489.64
[SCAN] 2026-08-08T22:54:59+00:00 symbols=20 signals=0 entries=0 exits=0 blocked=1 open=8 cash=3675.55 equity=9482.48
[SCAN] 2026-08-08T22:59:59+00:00 symbols=20 signals=0 entries=0 exits=0 blocked=1 open=8 cash=3675.55 equity=9477.61
[SIGNAL] 2026-08-08T22:59:59+00:00 EDENTRY BUY fill_at=2026-08-08T23:04:59+00:00 features={"close": 2.023, "bb_lower": 2.028722169862836, "bb_upper": 2.1141349729943073, "rsi": 19.323667055246332, "mfi": 2.8719786628143282, "atr": 0.008857142857142866}
[ENTRY] 2026-08-08T23:04:59+00:00 EDENTRY layer=1 value=458.50 entry=2.02651875 cash=4132.69
[SCAN] 2026-08-08T23:04:59+00:00 symbols=20 signals=1 entries=1 exits=2 blocked=0 open=7 cash=4132.69 equity=9474.73
[SCAN] 2026-08-08T23:09:59+00:00 symbols=20 signals=0 entries=0 exits=0 blocked=0 open=7 cash=4132.69 equity=9475.45
[SIGNAL] 2026-08-08T23:09:59+00:00 HEITRY BUY fill_at=2026-08-08T23:14:59+00:00 features={"close": 9.155, "bb_lower": 9.208227160648335, "bb_upper": 9.655963315542145, "rsi": 36.56377661797819, "mfi": 35.16171237732506, "atr": 0.1265000000000002}
[ENTRY] 2026-08-08T23:14:59+00:00 HEITRY layer=1 value=412.65 entry=9.16186625 cash=3719.42
[SCAN] 2026-08-08T23:14:59+00:00 symbols=20 signals=1 entries=1 exits=0 blocked=0 open=8 cash=3719.42 equity=9479.92
[EXIT] 2026-08-08T23:19:59+00:00 RETRY reason=fixed_stop_loss pnl=-36.82 cash=4262.23
[SCAN] 2026-08-08T23:19:59+00:00 symbols=20 signals=0 entries=0 exits=1 blocked=0 open=7 cash=4262.23 equity=9475.87
[SCAN] 2026-08-08T23:24:59+00:00 symbols=20 signals=0 entries=0 exits=0 blocked=1 open=7 cash=4262.23 equity=9480.26
[SCAN] 2026-08-08T23:29:59+00:00 symbols=20 signals=0 entries=0 exits=0 blocked=0 open=7 cash=4262.23 equity=9472.04
[SCAN] 2026-08-08T23:34:59+00:00 symbols=20 signals=0 entries=0 exits=0 blocked=1 open=7 cash=4262.23 equity=9455.84
[SCAN] 2026-08-08T23:39:59+00:00 symbols=20 signals=0 entries=0 exits=0 blocked=0 open=7 cash=4262.23 equity=9454.87
[SIGNAL] 2026-08-08T23:39:59+00:00 COTITRY BUY fill_at=2026-08-08T23:44:59+00:00 features={"close": 0.5875, "bb_lower": 0.589126341931307, "bb_upper": 0.5990450866401217, "rsi": 28.480143341291722, "mfi": 33.259299872198156, "atr": 0.0029214285714285826}
[BLOCKED] COTITRY reason=max_layers
[SCAN] 2026-08-08T23:44:59+00:00 symbols=20 signals=1 entries=0 exits=0 blocked=1 open=7 cash=4262.23 equity=9449.90
[SIGNAL] 2026-08-08T23:44:59+00:00 COTITRY BUY fill_at=2026-08-08T23:49:59+00:00 features={"close": 0.5853, "bb_lower": 0.5875819140718245, "bb_upper": 0.5993704668805565, "rsi": 25.289772684106808, "mfi": 39.73452643443998, "atr": 0.0028500000000000114}
[BLOCKED] COTITRY reason=max_layers
[SCAN] 2026-08-08T23:49:59+00:00 symbols=20 signals=1 entries=0 exits=0 blocked=2 open=7 cash=4262.23 equity=9457.05
[SIGNAL] 2026-08-08T23:49:59+00:00 COTITRY BUY fill_at=2026-08-08T23:54:59+00:00 features={"close": 0.586, "bb_lower": 0.5864773390374237, "bb_upper": 0.5994274228673383, "rsi": 28.06732740866694, "mfi": 23.592774750371092, "atr": 0.003007142857142875}
[BLOCKED] COTITRY reason=max_layers
[SCAN] 2026-08-08T23:54:59+00:00 symbols=20 signals=1 entries=0 exits=0 blocked=1 open=7 cash=4262.23 equity=9456.63
[SCAN] 2026-08-08T23:59:59+00:00 symbols=20 signals=0 entries=0 exits=0 blocked=0 open=7 cash=4262.23 equity=9456.13
[SCAN] 2026-08-09T00:04:59+00:00 symbols=20 signals=0 entries=0 exits=0 blocked=1 open=7 cash=4262.23 equity=9469.67
[SCAN] 2026-08-09T00:09:59+00:00 symbols=20 signals=0 entries=0 exits=0 blocked=1 open=7 cash=4262.23 equity=9467.61
[SCAN] 2026-08-09T00:14:59+00:00 symbols=20 signals=0 entries=0 exits=0 blocked=1 open=7 cash=4262.23 equity=9463.58
[SCAN] 2026-08-09T00:19:59+00:00 symbols=20 signals=0 entries=0 exits=0 blocked=1 open=7 cash=4262.23 equity=9464.46
[SCAN] 2026-08-09T00:24:59+00:00 symbols=20 signals=0 entries=0 exits=0 blocked=1 open=7 cash=4262.23 equity=9455.55
[SCAN] 2026-08-09T00:29:59+00:00 symbols=20 signals=0 entries=0 exits=0 blocked=1 open=7 cash=4262.23 equity=9465.89
[SCAN] 2026-08-09T00:34:59+00:00 symbols=20 signals=0 entries=0 exits=0 blocked=0 open=7 cash=4262.23 equity=9460.60
[SCAN] 2026-08-09T00:39:59+00:00 symbols=20 signals=0 entries=0 exits=0 blocked=1 open=7 cash=4262.23 equity=9457.50
[SCAN] 2026-08-09T00:44:59+00:00 symbols=20 signals=0 entries=0 exits=0 blocked=1 open=7 cash=4262.23 equity=9449.95
[SIGNAL] 2026-08-09T00:44:59+00:00 ALLOTRY BUY fill_at=2026-08-09T00:49:59+00:00 features={"close": 15.02, "bb_lower": 15.052154355468087, "bb_upper": 15.37260754929381, "rsi": 33.17776283120736, "mfi": 47.46666648530694, "atr": 0.08071428571428564}
[ENTRY] 2026-08-09T00:49:59+00:00 ALLOTRY layer=1 value=425.58 entry=14.99123500 cash=3836.00
[EXIT] 2026-08-09T00:49:59+00:00 COTITRY reason=fixed_stop_loss pnl=-71.01 cash=4882.87
[SCAN] 2026-08-09T00:49:59+00:00 symbols=20 signals=1 entries=1 exits=1 blocked=0 open=7 cash=4882.87 equity=9441.25
[SIGNAL] 2026-08-09T00:49:59+00:00 HEITRY BUY fill_at=2026-08-09T00:54:59+00:00 features={"close": 9.053, "bb_lower": 9.073646499174865, "bb_upper": 9.270543977015608, "rsi": 37.387188075201834, "mfi": 53.15895651759402, "atr": 0.09400000000000006}
[ENTRY] 2026-08-09T00:54:59+00:00 HEITRY layer=2 value=487.56 entry=9.05278450 cash=4394.58
[SIGNAL] 2026-08-09T00:49:59+00:00 ALLOTRY BUY fill_at=2026-08-09T00:54:59+00:00 features={"close": 14.98, "bb_lower": 15.015348404549819, "bb_upper": 15.377032547831128, "rsi": 31.199030618991657, "mfi": 45.38081022985595, "atr": 0.08285714285714274}
[ENTRY] 2026-08-09T00:54:59+00:00 ALLOTRY layer=2 value=438.80 entry=15.03126500 cash=3955.13
[SCAN] 2026-08-09T00:54:59+00:00 symbols=20 signals=2 entries=2 exits=0 blocked=0 open=7 cash=3955.13 equity=9419.87
[SIGNAL] 2026-08-09T00:54:59+00:00 HEITRY BUY fill_at=2026-08-09T00:59:59+00:00 features={"close": 8.91, "bb_lower": 9.01151047770099, "bb_upper": 9.309346665156147, "rsi": 30.606191690472926, "mfi": 38.52938712772568, "atr": 0.10435714285714288}
[BLOCKED] HEITRY reason=max_layers
[SIGNAL] 2026-08-09T00:54:59+00:00 ALLOTRY BUY fill_at=2026-08-09T00:59:59+00:00 features={"close": 14.94, "bb_lower": 14.979990753800866, "bb_upper": 15.372390198580085, "rsi": 29.305586766368705, "mfi": 49.89100773410217, "atr": 0.09214285714285708}
[BLOCKED] ALLOTRY reason=max_layers
[SCAN] 2026-08-09T00:59:59+00:00 symbols=20 signals=2 entries=0 exits=0 blocked=2 open=7 cash=3955.13 equity=9441.41
[SIGNAL] 2026-08-09T00:59:59+00:00 HEITRY BUY fill_at=2026-08-09T01:04:59+00:00 features={"close": 8.96, "bb_lower": 8.979047464832243, "bb_upper": 9.31723824945347, "rsi": 35.0671796583311, "mfi": 42.01432039226721, "atr": 0.10557142857142855}
[BLOCKED] HEITRY reason=max_layers
[SCAN] 2026-08-09T01:04:59+00:00 symbols=20 signals=1 entries=0 exits=1 blocked=1 open=6 cash=4975.01 equity=9438.47
[SIGNAL] 2026-08-09T01:04:59+00:00 HEITRY BUY fill_at=2026-08-09T01:09:59+00:00 features={"close": 8.905, "bb_lower": 8.937621161989634, "bb_upper": 9.332283599915131, "rsi": 32.571958786082405, "mfi": 33.89350800537808, "atr": 0.11192857142857145}
[BLOCKED] HEITRY reason=max_layers
[SCAN] 2026-08-09T01:09:59+00:00 symbols=20 signals=1 entries=0 exits=0 blocked=1 open=6 cash=4975.01 equity=9434.00
[SCAN] 2026-08-09T01:14:59+00:00 symbols=20 signals=0 entries=0 exits=0 blocked=0 open=6 cash=4975.01 equity=9426.41
[SCAN] 2026-08-09T01:19:59+00:00 symbols=20 signals=0 entries=0 exits=0 blocked=0 open=6 cash=4975.01 equity=9427.66
[SCAN] 2026-08-09T01:24:59+00:00 symbols=20 signals=0 entries=0 exits=0 blocked=0 open=6 cash=4975.01 equity=9429.87
[SCAN] 2026-08-09T01:29:59+00:00 symbols=20 signals=0 entries=0 exits=0 blocked=0 open=6 cash=4975.01 equity=9424.10
[SCAN] 2026-08-09T01:34:59+00:00 symbols=20 signals=0 entries=0 exits=0 blocked=1 open=6 cash=4975.01 equity=9431.84
[SCAN] 2026-08-09T01:39:59+00:00 symbols=20 signals=0 entries=0 exits=0 blocked=1 open=6 cash=4975.01 equity=9416.64
[SIGNAL] 2026-08-09T01:39:59+00:00 BANKTRY BUY fill_at=2026-08-09T01:44:59+00:00 features={"close": 1.896, "bb_lower": 1.8972147874542982, "bb_upper": 1.9344994982599881, "rsi": 40.47170207070043, "mfi": 40.0659469203763, "atr": 0.013071428571428576}
[ENTRY] 2026-08-09T01:44:59+00:00 BANKTRY layer=1 value=496.76 entry=1.89842275 cash=4477.51
[SIGNAL] 2026-08-09T01:39:59+00:00 PIXELTRY BUY fill_at=2026-08-09T01:44:59+00:00 features={"close": 0.221, "bb_lower": 0.22106294479944635, "bb_upper": 0.22474657901007752, "rsi": 33.66857282231042, "mfi": 18.558700492680387, "atr": 0.0010000000000000009}
[ENTRY] 2026-08-09T01:44:59+00:00 PIXELTRY layer=1 value=447.08 entry=0.22216650 cash=4029.76
[SCAN] 2026-08-09T01:44:59+00:00 symbols=20 signals=2 entries=2 exits=0 blocked=5 open=8 cash=4029.76 equity=9395.61
[SIGNAL] 2026-08-09T01:44:59+00:00 BANKTRY BUY fill_at=2026-08-09T01:49:59+00:00 features={"close": 1.886, "bb_lower": 1.8921461293024164, "bb_upper": 1.9371872040309175, "rsi": 36.101352067436096, "mfi": 40.44162053491614, "atr": 0.013142857142857138}
[ENTRY] 2026-08-09T01:49:59+00:00 BANKTRY layer=2 value=402.37 entry=1.88641375 cash=3626.78
[SCAN] 2026-08-09T01:49:59+00:00 symbols=20 signals=1 entries=1 exits=0 blocked=5 open=8 cash=3626.78 equity=9378.28
[SIGNAL] 2026-08-09T01:49:59+00:00 BANKTRY BUY fill_at=2026-08-09T01:54:59+00:00 features={"close": 1.881, "bb_lower": 1.8863537553655545, "bb_upper": 1.9397414827296837, "rsi": 34.106398804875425, "mfi": 35.09313813260336, "atr": 0.013999999999999997}
[BLOCKED] BANKTRY reason=max_layers
[SCAN] 2026-08-09T01:54:59+00:00 symbols=20 signals=1 entries=0 exits=0 blocked=6 open=8 cash=3626.78 equity=9378.34
[SIGNAL] 2026-08-09T01:54:59+00:00 BANKTRY BUY fill_at=2026-08-09T01:59:59+00:00 features={"close": 1.867, "bb_lower": 1.8776336949422487, "bb_upper": 1.9434139241053707, "rsi": 29.210152829811918, "mfi": 29.41607412728972, "atr": 0.014928571428571418}
[BLOCKED] BANKTRY reason=max_layers
[SCAN] 2026-08-09T01:59:59+00:00 symbols=20 signals=1 entries=0 exits=0 blocked=5 open=8 cash=3626.78 equity=9372.36
[SIGNAL] 2026-08-09T01:59:59+00:00 BANKTRY BUY fill_at=2026-08-09T02:04:59+00:00 features={"close": 1.864, "bb_lower": 1.8697879738125316, "bb_upper": 1.946307264282706, "rsi": 28.268091442106694, "mfi": 24.40233629326896, "atr": 0.014857142857142855}
[BLOCKED] BANKTRY reason=max_layers
[SCAN] 2026-08-09T02:04:59+00:00 symbols=20 signals=1 entries=0 exits=0 blocked=1 open=8 cash=3626.78 equity=9375.82
[SIGNAL] 2026-08-09T02:04:59+00:00 BANKTRY BUY fill_at=2026-08-09T02:09:59+00:00 features={"close": 1.863, "bb_lower": 1.863067354514659, "bb_upper": 1.9486469311996264, "rsi": 27.942664094533384, "mfi": 21.402766078471615, "atr": 0.014428571428571426}
[BLOCKED] BANKTRY reason=max_layers
[SCAN] 2026-08-09T02:09:59+00:00 symbols=20 signals=1 entries=0 exits=0 blocked=1 open=8 cash=3626.78 equity=9377.95
[SCAN] 2026-08-09T02:14:59+00:00 symbols=20 signals=0 entries=0 exits=0 blocked=0 open=8 cash=3626.78 equity=9378.10
[EXIT] 2026-08-09T02:19:59+00:00 LATRY reason=fixed_stop_loss pnl=-38.57 cash=4195.46
[SCAN] 2026-08-09T02:19:59+00:00 symbols=20 signals=0 entries=0 exits=1 blocked=0 open=7 cash=4195.46 equity=9359.07
[SCAN] 2026-08-09T02:24:59+00:00 symbols=20 signals=0 entries=0 exits=0 blocked=0 open=7 cash=4195.46 equity=9355.96
[SCAN] 2026-08-09T02:29:59+00:00 symbols=20 signals=0 entries=0 exits=0 blocked=1 open=7 cash=4195.46 equity=9351.33
[SCAN] 2026-08-09T02:34:59+00:00 symbols=20 signals=0 entries=0 exits=0 blocked=1 open=7 cash=4195.46 equity=9345.98
[SCAN] 2026-08-09T02:39:59+00:00 symbols=20 signals=0 entries=0 exits=0 blocked=0 open=7 cash=4195.46 equity=9341.16
[SCAN] 2026-08-09T02:44:59+00:00 symbols=20 signals=0 entries=0 exits=0 blocked=0 open=7 cash=4195.46 equity=9344.51
[SIGNAL] 2026-08-09T02:44:59+00:00 VANRYTRY BUY fill_at=2026-08-09T02:49:59+00:00 features={"close": 0.1525, "bb_lower": 0.15278318091398096, "bb_upper": 0.15572158099078093, "rsi": 39.9929352544117, "mfi": 48.54829353410304, "atr": 0.0008785714285714309}
[ENTRY] 2026-08-09T02:49:59+00:00 VANRYTRY layer=1 value=418.92 entry=0.15381528 cash=3775.92
[SCAN] 2026-08-09T02:49:59+00:00 symbols=20 signals=1 entries=1 exits=0 blocked=0 open=8 cash=3775.92 equity=9342.56
[SCAN] 2026-08-09T02:54:59+00:00 symbols=20 signals=0 entries=0 exits=0 blocked=0 open=8 cash=3775.92 equity=9350.22
[SCAN] 2026-08-09T02:59:59+00:00 symbols=20 signals=0 entries=0 exits=0 blocked=0 open=8 cash=3775.92 equity=9356.79
[SCAN] 2026-08-09T03:04:59+00:00 symbols=20 signals=0 entries=0 exits=0 blocked=0 open=8 cash=3775.92 equity=9344.30
[SCAN] 2026-08-09T03:09:59+00:00 symbols=20 signals=0 entries=0 exits=0 blocked=1 open=8 cash=3775.92 equity=9335.86
[SCAN] 2026-08-09T03:14:59+00:00 symbols=20 signals=0 entries=0 exits=0 blocked=0 open=8 cash=3775.92 equity=9327.22
[SCAN] 2026-08-09T03:19:59+00:00 symbols=20 signals=0 entries=0 exits=0 blocked=1 open=8 cash=3775.92 equity=9337.20
[SCAN] 2026-08-09T03:24:59+00:00 symbols=20 signals=0 entries=0 exits=0 blocked=1 open=8 cash=3775.92 equity=9340.99
[SCAN] 2026-08-09T03:29:59+00:00 symbols=20 signals=0 entries=0 exits=0 blocked=0 open=8 cash=3775.92 equity=9341.60
[SCAN] 2026-08-09T03:34:59+00:00 symbols=20 signals=0 entries=0 exits=0 blocked=1 open=8 cash=3775.92 equity=9340.46
[SCAN] 2026-08-09T03:39:59+00:00 symbols=20 signals=0 entries=0 exits=0 blocked=0 open=8 cash=3775.92 equity=9335.09
[SCAN] 2026-08-09T03:44:59+00:00 symbols=20 signals=0 entries=0 exits=0 blocked=0 open=8 cash=3775.92 equity=9334.00
[SCAN] 2026-08-09T03:49:59+00:00 symbols=20 signals=0 entries=0 exits=0 blocked=0 open=8 cash=3775.92 equity=9344.39
[SCAN] 2026-08-09T03:54:59+00:00 symbols=20 signals=0 entries=0 exits=0 blocked=1 open=8 cash=3775.92 equity=9344.44
[SCAN] 2026-08-09T03:59:59+00:00 symbols=20 signals=0 entries=0 exits=0 blocked=2 open=8 cash=3775.92 equity=9352.99
[SIGNAL] 2026-08-09T03:59:59+00:00 ENATRY BUY fill_at=2026-08-09T04:04:59+00:00 features={"close": 4.245, "bb_lower": 4.247743791860621, "bb_upper": 4.290827636710807, "rsi": 25.488201242361825, "mfi": 0.9546958262173035, "atr": 0.0062857142857143545}
[BLOCKED] ENATRY reason=max_layers
[SCAN] 2026-08-09T04:04:59+00:00 symbols=20 signals=1 entries=0 exits=0 blocked=1 open=8 cash=3775.92 equity=9368.81
[SCAN] 2026-08-09T04:09:59+00:00 symbols=20 signals=0 entries=0 exits=0 blocked=0 open=8 cash=3775.92 equity=9367.01
[SCAN] 2026-08-09T04:14:59+00:00 symbols=20 signals=0 entries=0 exits=0 blocked=0 open=8 cash=3775.92 equity=9374.67
[SCAN] 2026-08-09T04:19:59+00:00 symbols=20 signals=0 entries=0 exits=0 blocked=0 open=8 cash=3775.92 equity=9363.84
[SIGNAL] 2026-08-09T04:19:59+00:00 ALLOTRY BUY fill_at=2026-08-09T04:24:59+00:00 features={"close": 14.64, "bb_lower": 14.648913194918233, "bb_upper": 14.898705852700814, "rsi": 36.566362323426524, "mfi": 32.04773976158849, "atr": 0.09857142857142875}
[BLOCKED] ALLOTRY reason=max_layers
[SCAN] 2026-08-09T04:24:59+00:00 symbols=20 signals=1 entries=0 exits=0 blocked=1 open=8 cash=3775.92 equity=9390.98
[SCAN] 2026-08-09T04:29:59+00:00 symbols=20 signals=0 entries=0 exits=0 blocked=0 open=8 cash=3775.92 equity=9388.48
[SCAN] 2026-08-09T04:34:59+00:00 symbols=20 signals=0 entries=0 exits=0 blocked=0 open=8 cash=3775.92 equity=9387.30
[SCAN] 2026-08-09T04:39:59+00:00 symbols=20 signals=0 entries=0 exits=0 blocked=0 open=8 cash=3775.92 equity=9401.88
[SCAN] 2026-08-09T04:44:59+00:00 symbols=20 signals=0 entries=0 exits=0 blocked=0 open=8 cash=3775.92 equity=9402.75
[SIGNAL] 2026-08-09T04:44:59+00:00 ALLOTRY BUY fill_at=2026-08-09T04:49:59+00:00 features={"close": 14.59, "bb_lower": 14.60374151394367, "bb_upper": 14.87054420034204, "rsi": 34.975717900115725, "mfi": 37.63098379338881, "atr": 0.0785714285714288}
[BLOCKED] ALLOTRY reason=max_layers
[SCAN] 2026-08-09T04:49:59+00:00 symbols=20 signals=1 entries=0 exits=0 blocked=1 open=8 cash=3775.92 equity=9392.00
[SIGNAL] 2026-08-09T04:49:59+00:00 ALLOTRY BUY fill_at=2026-08-09T04:54:59+00:00 features={"close": 14.58, "bb_lower": 14.580694283977552, "bb_upper": 14.872639049355774, "rsi": 34.36486507350004, "mfi": 39.95657617699222, "atr": 0.07857142857142867}
[BLOCKED] ALLOTRY reason=max_layers
[SCAN] 2026-08-09T04:54:59+00:00 symbols=20 signals=1 entries=0 exits=0 blocked=1 open=8 cash=3775.92 equity=9389.52
[SIGNAL] 2026-08-09T04:54:59+00:00 VICTRY BUY fill_at=2026-08-09T04:59:59+00:00 features={"close": 1.43, "bb_lower": 1.4356192058223, "bb_upper": 1.4929522227491283, "rsi": 38.99752514445899, "mfi": 29.680289467097623, "atr": 0.022142857142857162}
[ENTRY] 2026-08-09T04:59:59+00:00 VICTRY layer=1 value=377.03 entry=1.43107250 cash=3398.32
[SCAN] 2026-08-09T04:59:59+00:00 symbols=20 signals=1 entries=1 exits=0 blocked=1 open=9 cash=3398.32 equity=9404.78
[EXIT] 2026-08-09T05:04:59+00:00 BANKTRY reason=bb_mfi_v3_signal_exit pnl=-0.07 cash=4298.73
[SIGNAL] 2026-08-09T04:59:59+00:00 TOWNSTRY BUY fill_at=2026-08-09T05:04:59+00:00 features={"close": 0.117, "bb_lower": 0.11719151187684987, "bb_upper": 0.11937991669457865, "rsi": 29.043127408183608, "mfi": 37.21814598079901, "atr": 0.0002142857142857135}
[ENTRY] 2026-08-09T05:04:59+00:00 TOWNSTRY layer=1 value=429.23 entry=0.11808850 cash=3868.86
[SCAN] 2026-08-09T05:04:59+00:00 symbols=20 signals=1 entries=1 exits=1 blocked=1 open=9 cash=3868.86 equity=9401.47
[SCAN] 2026-08-09T05:09:59+00:00 symbols=20 signals=0 entries=0 exits=0 blocked=0 open=9 cash=3868.86 equity=9409.99
[SCAN] 2026-08-09T05:14:59+00:00 symbols=20 signals=0 entries=0 exits=0 blocked=0 open=9 cash=3868.86 equity=9413.82
[SCAN] 2026-08-09T05:19:59+00:00 symbols=20 signals=0 entries=0 exits=0 blocked=0 open=9 cash=3868.86 equity=9400.23
[SCAN] 2026-08-09T05:24:59+00:00 symbols=20 signals=0 entries=0 exits=0 blocked=0 open=9 cash=3868.86 equity=9401.59
[EXIT] 2026-08-09T05:29:59+00:00 ENATRY reason=fixed_stop_loss pnl=-37.07 cash=4415.36
[SCAN] 2026-08-09T05:29:59+00:00 symbols=20 signals=0 entries=0 exits=1 blocked=0 open=8 cash=4415.36 equity=9399.87
[SIGNAL] 2026-08-09T05:29:59+00:00 VICTRY BUY fill_at=2026-08-09T05:34:59+00:00 features={"close": 1.42, "bb_lower": 1.4204890628401772, "bb_upper": 1.4909395085883943, "rsi": 36.55296052530926, "mfi": 18.45187539395664, "atr": 0.022142857142857162}
[ENTRY] 2026-08-09T05:34:59+00:00 VICTRY layer=2 value=440.87 entry=1.42106500 cash=3973.82
[EXIT] 2026-08-09T05:34:59+00:00 TOWNSTRY reason=fixed_take_profit pnl=+13.38 cash=4417.07
[SCAN] 2026-08-09T05:34:59+00:00 symbols=20 signals=1 entries=1 exits=1 blocked=1 open=7 cash=4417.07 equity=9399.73
[SCAN] 2026-08-09T05:39:59+00:00 symbols=20 signals=0 entries=0 exits=0 blocked=1 open=7 cash=4417.07 equity=9396.63
[SCAN] 2026-08-09T05:44:59+00:00 symbols=20 signals=0 entries=0 exits=0 blocked=2 open=7 cash=4417.07 equity=9420.19
[EXIT] 2026-08-09T05:49:59+00:00 BIOTRY reason=fixed_take_profit pnl=+34.58 cash=5562.73
[SCAN] 2026-08-09T05:49:59+00:00 symbols=20 signals=0 entries=0 exits=1 blocked=2 open=6 cash=5562.73 equity=9417.85
[SIGNAL] 2026-08-09T05:49:59+00:00 HEITRY BUY fill_at=2026-08-09T05:54:59+00:00 features={"close": 8.642, "bb_lower": 8.646068336084754, "bb_upper": 8.942122140105718, "rsi": 38.68933147081231, "mfi": 40.56486218803496, "atr": 0.08228571428571461}
[BLOCKED] HEITRY reason=max_layers
[EXIT] 2026-08-09T05:54:59+00:00 HEITRY reason=fixed_stop_loss pnl=-57.27 cash=6407.02
[SCAN] 2026-08-09T05:54:59+00:00 symbols=20 signals=1 entries=0 exits=1 blocked=1 open=5 cash=6407.02 equity=9420.12
[SIGNAL] 2026-08-09T05:54:59+00:00 HEITRY BUY fill_at=2026-08-09T05:59:59+00:00 features={"close": 8.49, "bb_lower": 8.586315948638113, "bb_upper": 8.978160241838076, "rsi": 31.030972206134905, "mfi": 31.80881252223716, "atr": 0.08978571428571451}
[ENTRY] 2026-08-09T05:59:59+00:00 HEITRY layer=1 value=639.74 entry=8.49636750 cash=5766.31
[EXIT] 2026-08-09T05:59:59+00:00 PIXELTRY reason=fixed_take_profit pnl=+13.94 cash=6228.00
[EXIT] 2026-08-09T05:59:59+00:00 VICTRY reason=fixed_take_profit pnl=+25.50 cash=7072.62
[SCAN] 2026-08-09T05:59:59+00:00 symbols=20 signals=1 entries=1 exits=2 blocked=0 open=4 cash=7072.62 equity=9444.39
[SIGNAL] 2026-08-09T05:59:59+00:00 HEITRY BUY fill_at=2026-08-09T06:04:59+00:00 features={"close": 8.487, "bb_lower": 8.535575810733608, "bb_upper": 9.001281332123533, "rsi": 30.900190990740157, "mfi": 26.169509002775712, "atr": 0.08557142857142885}
[ENTRY] 2026-08-09T06:04:59+00:00 HEITRY layer=2 value=706.20 entry=8.49136375 cash=6365.36
[SCAN] 2026-08-09T06:04:59+00:00 symbols=20 signals=1 entries=1 exits=0 blocked=1 open=4 cash=6365.36 equity=9434.78
[SIGNAL] 2026-08-09T06:04:59+00:00 HEITRY BUY fill_at=2026-08-09T06:09:59+00:00 features={"close": 8.418, "bb_lower": 8.477546192367075, "bb_upper": 9.030263331442448, "rsi": 27.96366346625223, "mfi": 19.065177845365625, "atr": 0.08578571428571458}
[BLOCKED] HEITRY reason=max_layers
[SCAN] 2026-08-09T06:09:59+00:00 symbols=20 signals=1 entries=0 exits=0 blocked=1 open=4 cash=6365.36 equity=9424.79
[SIGNAL] 2026-08-09T06:09:59+00:00 HEITRY BUY fill_at=2026-08-09T06:14:59+00:00 features={"close": 8.358, "bb_lower": 8.411420646690674, "bb_upper": 9.05896030569028, "rsi": 25.66595660726371, "mfi": 17.483083917521697, "atr": 0.08364285714285748}
[BLOCKED] HEITRY reason=max_layers
[SCAN] 2026-08-09T06:14:59+00:00 symbols=20 signals=1 entries=0 exits=0 blocked=1 open=4 cash=6365.36 equity=9410.11
[SIGNAL] 2026-08-09T06:14:59+00:00 HEITRY BUY fill_at=2026-08-09T06:19:59+00:00 features={"close": 8.32, "bb_lower": 8.345952221033112, "bb_upper": 9.083285874204982, "rsi": 24.296230008946154, "mfi": 16.612554299090007, "atr": 0.08685714285714319}
[BLOCKED] HEITRY reason=max_layers
[SCAN] 2026-08-09T06:19:59+00:00 symbols=20 signals=1 entries=0 exits=0 blocked=1 open=4 cash=6365.36 equity=9413.56
[SCAN] 2026-08-09T06:24:59+00:00 symbols=20 signals=0 entries=0 exits=0 blocked=0 open=4 cash=6365.36 equity=9407.09
[SCAN] 2026-08-09T06:29:59+00:00 symbols=20 signals=0 entries=0 exits=0 blocked=0 open=4 cash=6365.36 equity=9421.47
[SCAN] 2026-08-09T06:34:59+00:00 symbols=20 signals=0 entries=0 exits=0 blocked=0 open=4 cash=6365.36 equity=9388.47
[SIGNAL] 2026-08-09T06:34:59+00:00 HEITRY BUY fill_at=2026-08-09T06:39:59+00:00 features={"close": 8.154, "bb_lower": 8.161240776847684, "bb_upper": 9.06856874696184, "rsi": 24.80439152776856, "mfi": 19.970334206540528, "atr": 0.10814285714285747}
[BLOCKED] HEITRY reason=max_layers
[EXIT] 2026-08-09T06:39:59+00:00 HEITRY reason=fixed_stop_loss pnl=-85.62 cash=7627.70
[SCAN] 2026-08-09T06:39:59+00:00 symbols=20 signals=1 entries=0 exits=1 blocked=1 open=3 cash=7627.70 equity=9360.95
[SIGNAL] 2026-08-09T06:39:59+00:00 HEITRY BUY fill_at=2026-08-09T06:44:59+00:00 features={"close": 7.96, "bb_lower": 8.049636198316145, "bb_upper": 9.105220944540998, "rsi": 20.029495427753773, "mfi": 18.407344158689398, "atr": 0.11835714285714317}
[ENTRY] 2026-08-09T06:44:59+00:00 HEITRY layer=1 value=761.63 entry=7.97297525 cash=6864.93
[SCAN] 2026-08-09T06:44:59+00:00 symbols=20 signals=1 entries=1 exits=0 blocked=0 open=4 cash=6864.93 equity=9363.05
[SCAN] 2026-08-09T06:49:59+00:00 symbols=20 signals=0 entries=0 exits=0 blocked=0 open=4 cash=6864.93 equity=9362.55
[SIGNAL] 2026-08-09T06:49:59+00:00 HEITRY BUY fill_at=2026-08-09T06:54:59+00:00 features={"close": 7.84, "bb_lower": 7.86122353216003, "bb_upper": 9.112966944030449, "rsi": 17.986470656877145, "mfi": 13.984157625356616, "atr": 0.1298571428571431}
[ENTRY] 2026-08-09T06:54:59+00:00 HEITRY layer=2 value=685.47 entry=7.84988300 cash=6178.44
[SCAN] 2026-08-09T06:54:59+00:00 symbols=20 signals=1 entries=1 exits=0 blocked=1 open=4 cash=6178.44 equity=9380.32
[EXIT] 2026-08-09T06:59:59+00:00 ALLOTRY reason=bb_mfi_v3_signal_exit pnl=+12.18 cash=7056.31
[SCAN] 2026-08-09T06:59:59+00:00 symbols=20 signals=0 entries=0 exits=1 blocked=1 open=3 cash=7056.31 equity=9365.98
[SIGNAL] 2026-08-09T06:59:59+00:00 COTITRY BUY fill_at=2026-08-09T07:04:59+00:00 features={"close": 0.5752, "bb_lower": 0.5778346990033522, "bb_upper": 0.5902033962347429, "rsi": 30.330030208301523, "mfi": 13.521201799748994, "atr": 0.0030642857142857416}
[ENTRY] 2026-08-09T07:04:59+00:00 COTITRY layer=1 value=704.57 entry=0.57533117 cash=6350.68
[SCAN] 2026-08-09T07:04:59+00:00 symbols=20 signals=1 entries=1 exits=0 blocked=1 open=4 cash=6350.68 equity=9370.34
[SIGNAL] 2026-08-09T07:04:59+00:00 COTITRY BUY fill_at=2026-08-09T07:09:59+00:00 features={"close": 0.5712, "bb_lower": 0.5752656136230861, "bb_upper": 0.5911153387578659, "rsi": 25.648303448358376, "mfi": 9.141466698098, "atr": 0.0031285714285714567}
[ENTRY] 2026-08-09T07:09:59+00:00 COTITRY layer=2 value=634.12 entry=0.57152833 cash=5715.61
[SCAN] 2026-08-09T07:09:59+00:00 symbols=20 signals=1 entries=1 exits=0 blocked=0 open=4 cash=5715.61 equity=9387.75
[SIGNAL] 2026-08-09T07:09:59+00:00 BANKTRY BUY fill_at=2026-08-09T07:14:59+00:00 features={"close": 1.776, "bb_lower": 1.8161142955597138, "bb_upper": 1.8990285615831435, "rsi": 13.80219180213534, "mfi": 16.764015435418926, "atr": 0.01657142857142857}
[ENTRY] 2026-08-09T07:14:59+00:00 BANKTRY layer=1 value=570.70 entry=1.77633125 cash=5144.05
[SCAN] 2026-08-09T07:14:59+00:00 symbols=20 signals=1 entries=1 exits=0 blocked=0 open=5 cash=5144.05 equity=9364.38
[SIGNAL] 2026-08-09T07:14:59+00:00 RETRY BUY fill_at=2026-08-09T07:19:59+00:00 features={"close": 19.32, "bb_lower": 19.395072358023842, "bb_upper": 20.25445145149997, "rsi": 32.96186622110504, "mfi": 42.21051919311431, "atr": 0.1707142857142855}
[ENTRY] 2026-08-09T07:19:59+00:00 RETRY layer=1 value=513.63 entry=19.37452000 cash=4629.64
[SIGNAL] 2026-08-09T07:14:59+00:00 BANKTRY BUY fill_at=2026-08-09T07:19:59+00:00 features={"close": 1.789, "bb_lower": 1.8050156610935701, "bb_upper": 1.9001271960492874, "rsi": 22.861373353048876, "mfi": 28.907697419980295, "atr": 0.018}
[ENTRY] 2026-08-09T07:19:59+00:00 BANKTRY layer=2 value=462.27 entry=1.79134250 cash=4166.68
[SCAN] 2026-08-09T07:19:59+00:00 symbols=20 signals=2 entries=2 exits=0 blocked=1 open=6 cash=4166.68 equity=9351.65
[SIGNAL] 2026-08-09T07:19:59+00:00 COTITRY BUY fill_at=2026-08-09T07:24:59+00:00 features={"close": 0.5677, "bb_lower": 0.5710524868458053, "bb_upper": 0.5918237036303853, "rsi": 31.7432601688904, "mfi": 17.57974698472988, "atr": 0.0048428571428571566}
[BLOCKED] COTITRY reason=max_layers
[SIGNAL] 2026-08-09T07:19:59+00:00 BANKTRY BUY fill_at=2026-08-09T07:24:59+00:00 features={"close": 1.792, "bb_lower": 1.7957335942602664, "bb_upper": 1.9014092628825916, "rsi": 24.83625538544601, "mfi": 32.96495853395194, "atr": 0.01821428571428572}
[BLOCKED] BANKTRY reason=max_layers
[SCAN] 2026-08-09T07:24:59+00:00 symbols=20 signals=2 entries=0 exits=0 blocked=5 open=6 cash=4166.68 equity=9333.26
[SIGNAL] 2026-08-09T07:24:59+00:00 COTITRY BUY fill_at=2026-08-09T07:29:59+00:00 features={"close": 0.5688, "bb_lower": 0.5690979940817328, "bb_upper": 0.5923305773468385, "rsi": 33.76623849939955, "mfi": 19.512338864487788, "atr": 0.005007142857142869}
[BLOCKED] COTITRY reason=max_layers
[SIGNAL] 2026-08-09T07:24:59+00:00 BANKTRY BUY fill_at=2026-08-09T07:29:59+00:00 features={"close": 1.782, "bb_lower": 1.785440910558265, "bb_upper": 1.9032257561084027, "rsi": 22.73444087657259, "mfi": 31.80959989536396, "atr": 0.018642857142857135}
[BLOCKED] BANKTRY reason=max_layers
[SCAN] 2026-08-09T07:29:59+00:00 symbols=20 signals=2 entries=0 exits=0 blocked=4 open=6 cash=4166.68 equity=9351.89
[SCAN] 2026-08-09T07:34:59+00:00 symbols=20 signals=0 entries=0 exits=0 blocked=0 open=6 cash=4166.68 equity=9347.55
[SIGNAL] 2026-08-09T07:34:59+00:00 COTITRY BUY fill_at=2026-08-09T07:39:59+00:00 features={"close": 0.5655, "bb_lower": 0.565776558339212, "bb_upper": 0.5926520130893593, "rsi": 32.90327459907394, "mfi": 25.306018743379198, "atr": 0.005757142857142865}
[BLOCKED] COTITRY reason=max_layers
[SCAN] 2026-08-09T07:39:59+00:00 symbols=20 signals=1 entries=0 exits=0 blocked=1 open=6 cash=4166.68 equity=9364.67
[SCAN] 2026-08-09T07:44:59+00:00 symbols=20 signals=0 entries=0 exits=0 blocked=0 open=6 cash=4166.68 equity=9355.97
[SCAN] 2026-08-09T07:49:59+00:00 symbols=20 signals=0 entries=0 exits=0 blocked=0 open=6 cash=4166.68 equity=9382.70
[SIGNAL] 2026-08-09T07:49:59+00:00 ENATRY BUY fill_at=2026-08-09T07:54:59+00:00 features={"close": 4.186, "bb_lower": 4.193561907561379, "bb_upper": 4.225961901962431, "rsi": 29.38184463190285, "mfi": 22.894913790722597, "atr": 0.007499999999999967}
[ENTRY] 2026-08-09T07:54:59+00:00 ENATRY layer=1 value=416.04 entry=4.19014025 cash=3750.01
[SIGNAL] 2026-08-09T07:49:59+00:00 LATRY BUY fill_at=2026-08-09T07:54:59+00:00 features={"close": 2.43, "bb_lower": 2.445242954830636, "bb_upper": 2.49189990231222, "rsi": 33.013101349387085, "mfi": 55.46640510149374, "atr": 0.0128571428571429}
[ENTRY] 2026-08-09T07:54:59+00:00 LATRY layer=1 value=374.44 entry=2.43182250 cash=3375.01
[EXIT] 2026-08-09T07:54:59+00:00 COTITRY reason=fixed_take_profit pnl=+41.73 cash=4757.44
[SCAN] 2026-08-09T07:54:59+00:00 symbols=20 signals=2 entries=2 exits=1 blocked=0 open=7 cash=4757.44 equity=9397.75
[SIGNAL] 2026-08-09T07:54:59+00:00 ENATRY BUY fill_at=2026-08-09T07:59:59+00:00 features={"close": 4.188, "bb_lower": 4.190023824727853, "bb_upper": 4.227309508605479, "rsi": 31.59981732127828, "mfi": 19.89831787724887, "atr": 0.007857142857142816}
[ENTRY] 2026-08-09T07:59:59+00:00 ENATRY layer=2 value=475.03 entry=4.19014025 cash=4281.69
[SIGNAL] 2026-08-09T07:54:59+00:00 BIOTRY BUY fill_at=2026-08-09T07:59:59+00:00 features={"close": 1.23, "bb_lower": 1.2321488108161198, "bb_upper": 1.2595654748981657, "rsi": 40.86119132187483, "mfi": 41.030041530494195, "atr": 0.0078571428571428}
[ENTRY] 2026-08-09T07:59:59+00:00 BIOTRY layer=1 value=427.53 entry=1.23092250 cash=3853.52
[SIGNAL] 2026-08-09T07:54:59+00:00 LATRY BUY fill_at=2026-08-09T07:59:59+00:00 features={"close": 2.43, "bb_lower": 2.4387625439509497, "bb_upper": 2.4955231703347645, "rsi": 33.013101361090705, "mfi": 54.338756675624474, "atr": 0.01142857142857147}
[ENTRY] 2026-08-09T07:59:59+00:00 LATRY layer=2 value=384.78 entry=2.43182250 cash=3468.17
[SIGNAL] 2026-08-09T07:54:59+00:00 EDENTRY BUY fill_at=2026-08-09T07:59:59+00:00 features={"close": 2.014, "bb_lower": 2.0140218960289022, "bb_upper": 2.042168580161574, "rsi": 38.784123217348544, "mfi": 3.485494493294624, "atr": 0.0068571428571427995}
[ENTRY] 2026-08-09T07:59:59+00:00 EDENTRY layer=2 value=346.30 entry=2.01751200 cash=3121.35
[SCAN] 2026-08-09T07:59:59+00:00 symbols=20 signals=4 entries=4 exits=0 blocked=0 open=8 cash=3121.35 equity=9392.22
[SCAN] 2026-08-09T08:04:59+00:00 symbols=20 signals=0 entries=0 exits=1 blocked=2 open=7 cash=3645.35 equity=9416.60
[SIGNAL] 2026-08-09T08:04:59+00:00 KAITOTRY BUY fill_at=2026-08-09T08:09:59+00:00 features={"close": 33.391, "bb_lower": 33.44434410432493, "bb_upper": 33.9302273242465, "rsi": 40.1025831398441, "mfi": 54.35737417669029, "atr": 0.26007142857142895}
[ENTRY] 2026-08-09T08:09:59+00:00 KAITOTRY layer=1 value=363.99 entry=33.42905300 cash=3280.82
[SCAN] 2026-08-09T08:09:59+00:00 symbols=20 signals=1 entries=1 exits=0 blocked=0 open=8 cash=3280.82 equity=9434.67
[SCAN] 2026-08-09T08:14:59+00:00 symbols=20 signals=0 entries=0 exits=0 blocked=0 open=8 cash=3280.82 equity=9430.27
[SCAN] 2026-08-09T08:19:59+00:00 symbols=20 signals=0 entries=0 exits=0 blocked=0 open=8 cash=3280.82 equity=9441.70
[SCAN] 2026-08-09T08:24:59+00:00 symbols=20 signals=0 entries=0 exits=0 blocked=0 open=8 cash=3280.82 equity=9432.54
[EXIT] 2026-08-09T08:29:59+00:00 HEITRY reason=fixed_take_profit pnl=+45.11 cash=4775.19
[SCAN] 2026-08-09T08:29:59+00:00 symbols=20 signals=0 entries=0 exits=1 blocked=0 open=7 cash=4775.19 equity=9485.76
[SCAN] 2026-08-09T08:34:59+00:00 symbols=20 signals=0 entries=0 exits=0 blocked=0 open=7 cash=4775.19 equity=9485.40
[SIGNAL] 2026-08-09T08:34:59+00:00 HOMETRY BUY fill_at=2026-08-09T08:39:59+00:00 features={"close": 0.444, "bb_lower": 0.4449486053015916, "bb_upper": 0.4587656804126942, "rsi": 35.709276596952606, "mfi": 44.428214579676684, "atr": 0.003642857142857146}
[ENTRY] 2026-08-09T08:39:59+00:00 HOMETRY layer=1 value=476.80 entry=0.44433300 cash=4297.67
[SIGNAL] 2026-08-09T08:34:59+00:00 ZROTRY BUY fill_at=2026-08-09T08:39:59+00:00 features={"close": 40.2, "bb_lower": 40.2058875055567, "bb_upper": 40.70839820872901, "rsi": 36.42561392768139, "mfi": 44.801262357612536, "atr": 0.10714285714285816}
[ENTRY] 2026-08-09T08:39:59+00:00 ZROTRY layer=1 value=429.12 entry=40.23015000 cash=3867.90
[SCAN] 2026-08-09T08:39:59+00:00 symbols=20 signals=2 entries=2 exits=0 blocked=0 open=9 cash=3867.90 equity=9478.81
[SIGNAL] 2026-08-09T08:39:59+00:00 ENATRY BUY fill_at=2026-08-09T08:44:59+00:00 features={"close": 4.162, "bb_lower": 4.171025075066358, "bb_upper": 4.221641591600309, "rsi": 29.19038459544943, "mfi": 23.21324381356628, "atr": 0.010285714285714296}
[BLOCKED] ENATRY reason=max_layers
[SIGNAL] 2026-08-09T08:39:59+00:00 HOMETRY BUY fill_at=2026-08-09T08:44:59+00:00 features={"close": 0.443, "bb_lower": 0.443537819127652, "bb_upper": 0.45922408563425265, "rsi": 34.50571871992676, "mfi": 45.066478258297515, "atr": 0.003500000000000003}
[ENTRY] 2026-08-09T08:44:59+00:00 HOMETRY layer=2 value=386.21 entry=0.44333225 cash=3481.11
[SIGNAL] 2026-08-09T08:39:59+00:00 ZROTRY BUY fill_at=2026-08-09T08:44:59+00:00 features={"close": 40.0, "bb_lower": 40.11660401622256, "bb_upper": 40.750062650444114, "rsi": 29.966107877337947, "mfi": 37.91467998407714, "atr": 0.10714285714285816}
[ENTRY] 2026-08-09T08:44:59+00:00 ZROTRY layer=2 value=347.59 entry=40.03000000 cash=3133.00
[SCAN] 2026-08-09T08:44:59+00:00 symbols=20 signals=3 entries=2 exits=0 blocked=1 open=9 cash=3133.00 equity=9480.12
[SIGNAL] 2026-08-09T08:44:59+00:00 ENATRY BUY fill_at=2026-08-09T08:49:59+00:00 features={"close": 4.16, "bb_lower": 4.165786050926266, "bb_upper": 4.221356806216593, "rsi": 28.513049209888592, "mfi": 20.421219313483235, "atr": 0.010642857142857145}
[BLOCKED] ENATRY reason=max_layers
[SIGNAL] 2026-08-09T08:44:59+00:00 ZROTRY BUY fill_at=2026-08-09T08:49:59+00:00 features={"close": 40.0, "bb_lower": 40.04487257677948, "bb_upper": 40.774175042268126, "rsi": 29.966107917509788, "mfi": 37.91467998407714, "atr": 0.10000000000000091}
[BLOCKED] ZROTRY reason=max_layers
[SIGNAL] 2026-08-09T08:44:59+00:00 EDENTRY BUY fill_at=2026-08-09T08:49:59+00:00 features={"close": 2.002, "bb_lower": 2.0053536746360314, "bb_upper": 2.0378844206020648, "rsi": 31.82640637805835, "mfi": 35.085143687762894, "atr": 0.005142857142857179}
[BLOCKED] EDENTRY reason=max_layers
[SCAN] 2026-08-09T08:49:59+00:00 symbols=20 signals=3 entries=0 exits=0 blocked=3 open=9 cash=3133.00 equity=9467.61
[SIGNAL] 2026-08-09T08:49:59+00:00 ZROTRY BUY fill_at=2026-08-09T08:54:59+00:00 features={"close": 39.9, "bb_lower": 39.96776493293005, "bb_upper": 40.81318744802233, "rsi": 27.141721966335126, "mfi": 33.64179011577724, "atr": 0.10714285714285816}
[BLOCKED] ZROTRY reason=max_layers
[SIGNAL] 2026-08-09T08:49:59+00:00 EDENTRY BUY fill_at=2026-08-09T08:54:59+00:00 features={"close": 1.991, "bb_lower": 1.999557464426752, "bb_upper": 2.0396806308113438, "rsi": 26.024730668726733, "mfi": 25.838113067072385, "atr": 0.005571428571428593}
[BLOCKED] EDENTRY reason=max_layers
[SIGNAL] 2026-08-09T08:49:59+00:00 SAHARATRY BUY fill_at=2026-08-09T08:54:59+00:00 features={"close": 0.3995, "bb_lower": 0.39959212193547683, "bb_upper": 0.4039031161597613, "rsi": 34.354727066657745, "mfi": 55.13782991551515, "atr": 0.0007214285714285673}
[ENTRY] 2026-08-09T08:54:59+00:00 SAHARATRY layer=1 value=312.83 entry=0.39949940 cash=2819.70
[SCAN] 2026-08-09T08:54:59+00:00 symbols=20 signals=3 entries=1 exits=0 blocked=2 open=10 cash=2819.70 equity=9476.59
[SIGNAL] 2026-08-09T08:54:59+00:00 EDENTRY BUY fill_at=2026-08-09T08:59:59+00:00 features={"close": 1.993, "bb_lower": 1.9955258999656955, "bb_upper": 2.0399979095581147, "rsi": 28.588810464640346, "mfi": 23.09083161268002, "atr": 0.005428571428571434}
[BLOCKED] EDENTRY reason=max_layers
[SIGNAL] 2026-08-09T08:54:59+00:00 SAHARATRY BUY fill_at=2026-08-09T08:59:59+00:00 features={"close": 0.3988, "bb_lower": 0.3991752295987486, "bb_upper": 0.4038723894488705, "rsi": 31.41231532743373, "mfi": 52.58778890132837, "atr": 0.000735714285714284}
[ENTRY] 2026-08-09T08:59:59+00:00 SAHARATRY layer=2 value=281.55 entry=0.39929925 cash=2537.73
[SCAN] 2026-08-09T08:59:59+00:00 symbols=20 signals=2 entries=1 exits=0 blocked=1 open=10 cash=2537.73 equity=9490.55
[SIGNAL] 2026-08-09T08:59:59+00:00 BIOTRY BUY fill_at=2026-08-09T09:04:59+00:00 features={"close": 1.223, "bb_lower": 1.2234758574799285, "bb_upper": 1.2507146187105476, "rsi": 36.5426871419324, "mfi": 36.036665866899334, "atr": 0.0054285714285714015}
[ENTRY] 2026-08-09T09:04:59+00:00 BIOTRY layer=2 value=253.39 entry=1.22291650 cash=2283.96
[SIGNAL] 2026-08-09T08:59:59+00:00 PIXELTRY BUY fill_at=2026-08-09T09:04:59+00:00 features={"close": 0.213, "bb_lower": 0.21300604695289518, "bb_upper": 0.2193749054280573, "rsi": 27.83586326592099, "mfi": 15.428617787177899, "atr": 0.0011428571428571438}
[ENTRY] 2026-08-09T09:04:59+00:00 PIXELTRY layer=1 value=228.05 entry=0.21416050 cash=2055.56
[SCAN] 2026-08-09T09:04:59+00:00 symbols=20 signals=2 entries=2 exits=0 blocked=0 open=11 cash=2055.56 equity=9509.92
[EXIT] 2026-08-09T09:09:59+00:00 BANKTRY reason=fixed_take_profit pnl=+32.20 cash=3122.29
[SCAN] 2026-08-09T09:09:59+00:00 symbols=20 signals=0 entries=0 exits=1 blocked=0 open=10 cash=3122.29 equity=9513.55
[SCAN] 2026-08-09T09:14:59+00:00 symbols=20 signals=0 entries=0 exits=0 blocked=0 open=10 cash=3122.29 equity=9514.26
[SIGNAL] 2026-08-09T09:14:59+00:00 BIOTRY BUY fill_at=2026-08-09T09:19:59+00:00 features={"close": 1.217, "bb_lower": 1.2199599745884675, "bb_upper": 1.246230501602008, "rsi": 33.533721680903454, "mfi": 28.059364174546516, "atr": 0.0054999999999999815}
[BLOCKED] BIOTRY reason=max_layers
[SIGNAL] 2026-08-09T09:14:59+00:00 VANRYTRY BUY fill_at=2026-08-09T09:19:59+00:00 features={"close": 0.1505, "bb_lower": 0.15092775937517175, "bb_upper": 0.15335795491054252, "rsi": 27.33725337032405, "mfi": 2.1878159160078496, "atr": 0.0003214285714285737}
[ENTRY] 2026-08-09T09:19:59+00:00 VANRYTRY layer=2 value=311.76 entry=0.15081303 cash=2810.06
[SCAN] 2026-08-09T09:19:59+00:00 symbols=20 signals=2 entries=1 exits=0 blocked=1 open=10 cash=2810.06 equity=9515.60
[SIGNAL] 2026-08-09T09:19:59+00:00 VANRYTRY BUY fill_at=2026-08-09T09:24:59+00:00 features={"close": 0.1506, "bb_lower": 0.1507614322959304, "bb_upper": 0.15325761532311719, "rsi": 29.322187910568104, "mfi": 5.688741388884736, "atr": 0.00027857142857143157}
[BLOCKED] VANRYTRY reason=max_layers
[SCAN] 2026-08-09T09:24:59+00:00 symbols=20 signals=1 entries=0 exits=0 blocked=1 open=10 cash=2810.06 equity=9507.12
[SIGNAL] 2026-08-09T09:24:59+00:00 RETRY BUY fill_at=2026-08-09T09:29:59+00:00 features={"close": 19.34, "bb_lower": 19.386382167543154, "bb_upper": 19.86409402293304, "rsi": 35.89934176212985, "mfi": 9.160256961835088, "atr": 0.09214285714285657}
[ENTRY] 2026-08-09T09:29:59+00:00 RETRY layer=1 value=280.59 entry=19.37452000 cash=2529.05
[SCAN] 2026-08-09T09:29:59+00:00 symbols=20 signals=1 entries=1 exits=0 blocked=0 open=11 cash=2529.05 equity=9505.94
[SCAN] 2026-08-09T09:34:59+00:00 symbols=20 signals=0 entries=0 exits=0 blocked=0 open=11 cash=2529.05 equity=9512.67
[SCAN] 2026-08-09T09:39:59+00:00 symbols=20 signals=0 entries=0 exits=0 blocked=0 open=11 cash=2529.05 equity=9500.40
[SCAN] 2026-08-09T09:44:59+00:00 symbols=20 signals=0 entries=0 exits=0 blocked=0 open=11 cash=2529.05 equity=9515.89
[SCAN] 2026-08-09T09:49:59+00:00 symbols=20 signals=0 entries=0 exits=0 blocked=0 open=11 cash=2529.05 equity=9523.19
[SCAN] 2026-08-09T09:54:59+00:00 symbols=20 signals=0 entries=0 exits=0 blocked=0 open=11 cash=2529.05 equity=9529.11
[SCAN] 2026-08-09T09:59:59+00:00 symbols=20 signals=0 entries=0 exits=0 blocked=0 open=11 cash=2529.05 equity=9525.67
[SCAN] 2026-08-09T10:04:59+00:00 symbols=20 signals=0 entries=0 exits=3 blocked=0 open=8 cash=4311.12 equity=9507.33
[SIGNAL] 2026-08-09T10:04:59+00:00 RETRY BUY fill_at=2026-08-09T10:09:59+00:00 features={"close": 19.19, "bb_lower": 19.259306670262635, "bb_upper": 19.759740948784984, "rsi": 32.79465918909925, "mfi": 21.507015808195007, "atr": 0.10499999999999991}
[ENTRY] 2026-08-09T10:09:59+00:00 RETRY layer=2 value=430.47 entry=19.20439250 cash=3880.00
[SCAN] 2026-08-09T10:09:59+00:00 symbols=20 signals=1 entries=1 exits=0 blocked=0 open=8 cash=3880.00 equity=9503.39
[SIGNAL] 2026-08-09T10:09:59+00:00 VICTRY BUY fill_at=2026-08-09T10:14:59+00:00 features={"close": 1.4, "bb_lower": 1.4006937704218312, "bb_upper": 1.4421633724353118, "rsi": 41.73405603465509, "mfi": 28.160960625563888, "atr": 0.01642857142857144}
[ENTRY] 2026-08-09T10:14:59+00:00 VICTRY layer=1 value=387.42 entry=1.41105750 cash=3492.00
[SIGNAL] 2026-08-09T10:09:59+00:00 COTITRY BUY fill_at=2026-08-09T10:14:59+00:00 features={"close": 0.5891, "bb_lower": 0.589451867665135, "bb_upper": 0.6187862275729601, "rsi": 38.269805167626814, "mfi": 27.313869982892882, "atr": 0.005407142857142856}
[ENTRY] 2026-08-09T10:14:59+00:00 COTITRY layer=1 value=348.68 entry=0.58904145 cash=3142.80
[SCAN] 2026-08-09T10:14:59+00:00 symbols=20 signals=2 entries=2 exits=0 blocked=0 open=10 cash=3142.80 equity=9501.48
[SIGNAL] 2026-08-09T10:14:59+00:00 COTITRY BUY fill_at=2026-08-09T10:19:59+00:00 features={"close": 0.5889, "bb_lower": 0.589276556185914, "bb_upper": 0.6156282057188479, "rsi": 38.10991057181813, "mfi": 28.33289929130835, "atr": 0.0052499999999999925}
[ENTRY] 2026-08-09T10:19:59+00:00 COTITRY layer=2 value=313.81 entry=0.58944175 cash=2828.52
[SCAN] 2026-08-09T10:19:59+00:00 symbols=20 signals=1 entries=1 exits=0 blocked=0 open=10 cash=2828.52 equity=9503.23
[SCAN] 2026-08-09T10:24:59+00:00 symbols=20 signals=0 entries=0 exits=0 blocked=0 open=10 cash=2828.52 equity=9500.64
[EXIT] 2026-08-09T10:29:59+00:00 ENATRY reason=bb_mfi_v3_signal_exit pnl=+2.15 cash=3723.08
[SCAN] 2026-08-09T10:29:59+00:00 symbols=20 signals=0 entries=0 exits=1 blocked=0 open=9 cash=3723.08 equity=9493.98
[SCAN] 2026-08-09T10:34:59+00:00 symbols=20 signals=0 entries=0 exits=0 blocked=1 open=9 cash=3723.08 equity=9468.22
[SCAN] 2026-08-09T10:39:59+00:00 symbols=20 signals=0 entries=0 exits=0 blocked=1 open=9 cash=3723.08 equity=9469.42
[SCAN] 2026-08-09T10:44:59+00:00 symbols=20 signals=0 entries=0 exits=0 blocked=0 open=9 cash=3723.08 equity=9476.67
[SCAN] 2026-08-09T10:49:59+00:00 symbols=20 signals=0 entries=0 exits=0 blocked=0 open=9 cash=3723.08 equity=9463.58
[SIGNAL] 2026-08-09T10:49:59+00:00 VICTRY BUY fill_at=2026-08-09T10:54:59+00:00 features={"close": 1.39, "bb_lower": 1.392956116138694, "bb_upper": 1.4318057886232105, "rsi": 40.25656716860717, "mfi": 35.756419325539966, "atr": 0.015000000000000013}
[ENTRY] 2026-08-09T10:54:59+00:00 VICTRY layer=2 value=371.75 entry=1.40105000 cash=3350.77
[SCAN] 2026-08-09T10:54:59+00:00 symbols=20 signals=1 entries=1 exits=0 blocked=0 open=9 cash=3350.77 equity=9462.44
[SIGNAL] 2026-08-09T10:54:59+00:00 VICTRY BUY fill_at=2026-08-09T10:59:59+00:00 features={"close": 1.39, "bb_lower": 1.3904988790824733, "bb_upper": 1.4304535018699076, "rsi": 40.25656714973246, "mfi": 28.314043205356555, "atr": 0.0142857142857143}
[BLOCKED] VICTRY reason=max_layers
[SCAN] 2026-08-09T10:59:59+00:00 symbols=20 signals=1 entries=0 exits=0 blocked=1 open=9 cash=3350.77 equity=9471.66
[SCAN] 2026-08-09T11:04:59+00:00 symbols=20 signals=0 entries=0 exits=0 blocked=0 open=9 cash=3350.77 equity=9477.00
[SCAN] 2026-08-09T11:09:59+00:00 symbols=20 signals=0 entries=0 exits=0 blocked=0 open=9 cash=3350.77 equity=9478.67
[SCAN] 2026-08-09T11:14:59+00:00 symbols=20 signals=0 entries=0 exits=0 blocked=0 open=9 cash=3350.77 equity=9472.81
[SCAN] 2026-08-09T11:19:59+00:00 symbols=20 signals=0 entries=0 exits=0 blocked=1 open=9 cash=3350.77 equity=9470.15
[SCAN] 2026-08-09T11:24:59+00:00 symbols=20 signals=0 entries=0 exits=0 blocked=0 open=9 cash=3350.77 equity=9483.19
[SCAN] 2026-08-09T11:29:59+00:00 symbols=20 signals=0 entries=0 exits=0 blocked=1 open=9 cash=3350.77 equity=9480.37
[SIGNAL] 2026-08-09T11:29:59+00:00 KAITOTRY BUY fill_at=2026-08-09T11:34:59+00:00 features={"close": 33.04, "bb_lower": 33.10815220760688, "bb_upper": 33.52622874477406, "rsi": 37.649292231843624, "mfi": 18.574983406472, "atr": 0.21792857142857056}
[ENTRY] 2026-08-09T11:34:59+00:00 KAITOTRY layer=2 value=334.58 entry=33.08479500 cash=3015.70
[SCAN] 2026-08-09T11:34:59+00:00 symbols=20 signals=1 entries=1 exits=0 blocked=1 open=9 cash=3015.70 equity=9472.47
[SCAN] 2026-08-09T11:39:59+00:00 symbols=20 signals=0 entries=0 exits=0 blocked=0 open=9 cash=3015.70 equity=9487.17
[SCAN] 2026-08-09T11:44:59+00:00 symbols=20 signals=0 entries=0 exits=0 blocked=0 open=9 cash=3015.70 equity=9470.66
[SIGNAL] 2026-08-09T11:44:59+00:00 KAITOTRY BUY fill_at=2026-08-09T11:49:59+00:00 features={"close": 33.021, "bb_lower": 33.02156946620621, "bb_upper": 33.52538291474615, "rsi": 38.528234156105285, "mfi": 17.799387410334234, "atr": 0.20535714285714235}
[BLOCKED] KAITOTRY reason=max_layers
[SCAN] 2026-08-09T11:49:59+00:00 symbols=20 signals=1 entries=0 exits=0 blocked=1 open=9 cash=3015.70 equity=9484.24
[SCAN] 2026-08-09T11:54:59+00:00 symbols=20 signals=0 entries=0 exits=0 blocked=0 open=9 cash=3015.70 equity=9499.71
[SCAN] 2026-08-09T11:59:59+00:00 symbols=20 signals=0 entries=0 exits=0 blocked=0 open=9 cash=3015.70 equity=9508.12
[SCAN] 2026-08-09T12:04:59+00:00 symbols=20 signals=0 entries=0 exits=0 blocked=1 open=9 cash=3015.70 equity=9495.83
[SIGNAL] 2026-08-09T12:04:59+00:00 HEITRY BUY fill_at=2026-08-09T12:09:59+00:00 features={"close": 8.398, "bb_lower": 8.399459397889249, "bb_upper": 8.721397744967891, "rsi": 40.20331424086511, "mfi": 40.23572817531929, "atr": 0.08028571428571471}
[ENTRY] 2026-08-09T12:09:59+00:00 HEITRY layer=1 value=301.12 entry=8.40029550 cash=2714.13
[SCAN] 2026-08-09T12:09:59+00:00 symbols=20 signals=1 entries=1 exits=0 blocked=0 open=10 cash=2714.13 equity=9505.00
[SIGNAL] 2026-08-09T12:09:59+00:00 HEITRY BUY fill_at=2026-08-09T12:14:59+00:00 features={"close": 8.354, "bb_lower": 8.36662978143086, "bb_upper": 8.732513075711992, "rsi": 37.583918641291774, "mfi": 33.92951772072294, "atr": 0.08021428571428604}
[ENTRY] 2026-08-09T12:14:59+00:00 HEITRY layer=2 value=271.01 entry=8.36927225 cash=2442.71
[SCAN] 2026-08-09T12:14:59+00:00 symbols=20 signals=1 entries=1 exits=0 blocked=0 open=10 cash=2442.71 equity=9503.74
[SIGNAL] 2026-08-09T12:14:59+00:00 HOMETRY BUY fill_at=2026-08-09T12:19:59+00:00 features={"close": 0.439, "bb_lower": 0.4394184751966242, "bb_upper": 0.44639104861289963, "rsi": 32.49392211919562, "mfi": 49.37827660968875, "atr": 0.0021428571428571447}
[BLOCKED] HOMETRY reason=max_layers
[SCAN] 2026-08-09T12:19:59+00:00 symbols=20 signals=1 entries=0 exits=0 blocked=1 open=10 cash=2442.71 equity=9478.50
[SIGNAL] 2026-08-09T12:19:59+00:00 HOMETRY BUY fill_at=2026-08-09T12:24:59+00:00 features={"close": 0.438, "bb_lower": 0.4385964357939157, "bb_upper": 0.44664165944417966, "rsi": 30.152032418385332, "mfi": 35.23931653403042, "atr": 0.0021428571428571447}
[BLOCKED] HOMETRY reason=max_layers
[SCAN] 2026-08-09T12:24:59+00:00 symbols=20 signals=1 entries=0 exits=0 blocked=2 open=10 cash=2442.71 equity=9471.86
[SIGNAL] 2026-08-09T12:24:59+00:00 HOMETRY BUY fill_at=2026-08-09T12:29:59+00:00 features={"close": 0.436, "bb_lower": 0.43750238153338455, "bb_upper": 0.4472595232285203, "rsi": 26.079572158109954, "mfi": 26.45789799236455, "atr": 0.0020000000000000018}
[BLOCKED] HOMETRY reason=max_layers
[SCAN] 2026-08-09T12:29:59+00:00 symbols=20 signals=1 entries=0 exits=0 blocked=1 open=10 cash=2442.71 equity=9477.16
[SCAN] 2026-08-09T12:34:59+00:00 symbols=20 signals=0 entries=0 exits=0 blocked=0 open=10 cash=2442.71 equity=9475.39
[SCAN] 2026-08-09T12:39:59+00:00 symbols=20 signals=0 entries=0 exits=0 blocked=0 open=10 cash=2442.71 equity=9469.48
[SCAN] 2026-08-09T12:44:59+00:00 symbols=20 signals=0 entries=0 exits=0 blocked=0 open=10 cash=2442.71 equity=9470.34
[SCAN] 2026-08-09T12:49:59+00:00 symbols=20 signals=0 entries=0 exits=0 blocked=0 open=10 cash=2442.71 equity=9462.47
[SCAN] 2026-08-09T12:54:59+00:00 symbols=20 signals=0 entries=0 exits=0 blocked=1 open=10 cash=2442.71 equity=9468.44
[SCAN] 2026-08-09T12:59:59+00:00 symbols=20 signals=0 entries=0 exits=0 blocked=0 open=10 cash=2442.71 equity=9466.25
[SCAN] 2026-08-09T13:04:59+00:00 symbols=20 signals=0 entries=0 exits=1 blocked=0 open=9 cash=3156.17 equity=9466.48
[SCAN] 2026-08-09T13:09:59+00:00 symbols=20 signals=0 entries=0 exits=0 blocked=0 open=9 cash=3156.17 equity=9484.48
[SCAN] 2026-08-09T13:14:59+00:00 symbols=20 signals=0 entries=0 exits=0 blocked=0 open=9 cash=3156.17 equity=9482.97
[SCAN] 2026-08-09T13:19:59+00:00 symbols=20 signals=0 entries=0 exits=0 blocked=0 open=9 cash=3156.17 equity=9473.14
[SIGNAL] 2026-08-09T13:19:59+00:00 ALLOTRY BUY fill_at=2026-08-09T13:24:59+00:00 features={"close": 14.9, "bb_lower": 14.913044736772456, "bb_upper": 15.136479072751353, "rsi": 38.407005766505485, "mfi": 23.681265309659892, "atr": 0.06357142857142836}
[ENTRY] 2026-08-09T13:24:59+00:00 ALLOTRY layer=1 value=315.14 entry=14.92118250 cash=2840.55
[SCAN] 2026-08-09T13:24:59+00:00 symbols=20 signals=1 entries=1 exits=0 blocked=0 open=10 cash=2840.55 equity=9476.94
[SCAN] 2026-08-09T13:29:59+00:00 symbols=20 signals=0 entries=0 exits=0 blocked=0 open=10 cash=2840.55 equity=9472.47
[SCAN] 2026-08-09T13:34:59+00:00 symbols=20 signals=0 entries=0 exits=0 blocked=0 open=10 cash=2840.55 equity=9483.86
[SCAN] 2026-08-09T13:39:59+00:00 symbols=20 signals=0 entries=0 exits=0 blocked=0 open=10 cash=2840.55 equity=9463.57
[SIGNAL] 2026-08-09T13:39:59+00:00 HEITRY BUY fill_at=2026-08-09T13:44:59+00:00 features={"close": 8.12, "bb_lower": 8.163253080620763, "bb_upper": 8.47208025271257, "rsi": 28.456414810526894, "mfi": 20.042094610100236, "atr": 0.0817142857142856}
[BLOCKED] HEITRY reason=max_layers
[SCAN] 2026-08-09T13:44:59+00:00 symbols=20 signals=1 entries=0 exits=0 blocked=2 open=10 cash=2840.55 equity=9452.76
[SIGNAL] 2026-08-09T13:44:59+00:00 HEITRY BUY fill_at=2026-08-09T13:49:59+00:00 features={"close": 8.08, "bb_lower": 8.132037313955832, "bb_upper": 8.464534114615597, "rsi": 26.318020956266864, "mfi": 19.969555795679327, "atr": 0.08735714285714279}
[BLOCKED] HEITRY reason=max_layers
[SCAN] 2026-08-09T13:49:59+00:00 symbols=20 signals=1 entries=0 exits=0 blocked=1 open=10 cash=2840.55 equity=9468.74
[SCAN] 2026-08-09T13:54:59+00:00 symbols=20 signals=0 entries=0 exits=0 blocked=0 open=10 cash=2840.55 equity=9476.65
[SCAN] 2026-08-09T13:59:59+00:00 symbols=20 signals=0 entries=0 exits=0 blocked=0 open=10 cash=2840.55 equity=9473.98
[SCAN] 2026-08-09T14:04:59+00:00 symbols=20 signals=0 entries=0 exits=0 blocked=0 open=10 cash=2840.55 equity=9466.95
[SCAN] 2026-08-09T14:09:59+00:00 symbols=20 signals=0 entries=0 exits=0 blocked=0 open=10 cash=2840.55 equity=9479.63
[EXIT] 2026-08-09T14:14:59+00:00 EDENTRY reason=bb_mfi_v3_signal_exit pnl=-1.28 cash=3645.28
[SCAN] 2026-08-09T14:14:59+00:00 symbols=20 signals=0 entries=0 exits=1 blocked=0 open=9 cash=3645.28 equity=9478.97
[SCAN] 2026-08-09T14:19:59+00:00 symbols=20 signals=0 entries=0 exits=0 blocked=0 open=9 cash=3645.28 equity=9476.19
[SIGNAL] 2026-08-09T14:19:59+00:00 KAITOTRY BUY fill_at=2026-08-09T14:24:59+00:00 features={"close": 33.082, "bb_lower": 33.114021862930116, "bb_upper": 33.484168613260366, "rsi": 38.75580474883196, "mfi": 29.869519422665775, "atr": 0.12478571428571376}
[BLOCKED] KAITOTRY reason=max_layers
[SCAN] 2026-08-09T14:24:59+00:00 symbols=20 signals=1 entries=0 exits=0 blocked=1 open=9 cash=3645.28 equity=9461.37
[SIGNAL] 2026-08-09T14:24:59+00:00 KAITOTRY BUY fill_at=2026-08-09T14:29:59+00:00 features={"close": 32.997, "bb_lower": 33.05871035279049, "bb_upper": 33.50843250435236, "rsi": 35.36657586965997, "mfi": 28.140605454966177, "atr": 0.13414285714285615}
[BLOCKED] KAITOTRY reason=max_layers
[SCAN] 2026-08-09T14:29:59+00:00 symbols=20 signals=1 entries=0 exits=0 blocked=2 open=9 cash=3645.28 equity=9455.23
[SIGNAL] 2026-08-09T14:29:59+00:00 KAITOTRY BUY fill_at=2026-08-09T14:34:59+00:00 features={"close": 32.818, "bb_lower": 32.96092554157475, "bb_upper": 33.55497922033, "rsi": 29.48423449207877, "mfi": 21.98403870896483, "atr": 0.1424285714285704}
[BLOCKED] KAITOTRY reason=max_layers
[SIGNAL] 2026-08-09T14:29:59+00:00 HOMETRY BUY fill_at=2026-08-09T14:34:59+00:00 features={"close": 0.434, "bb_lower": 0.43407723437727114, "bb_upper": 0.43963705133701453, "rsi": 36.723414619645055, "mfi": 26.994644021724383, "atr": 0.0017857142857142874}
[BLOCKED] HOMETRY reason=max_layers
[SCAN] 2026-08-09T14:34:59+00:00 symbols=20 signals=2 entries=0 exits=0 blocked=4 open=9 cash=3645.28 equity=9449.88
[SIGNAL] 2026-08-09T14:34:59+00:00 KAITOTRY BUY fill_at=2026-08-09T14:39:59+00:00 features={"close": 32.716, "bb_lower": 32.85543511435352, "bb_upper": 33.607136314217904, "rsi": 26.738815571727216, "mfi": 16.121443444869072, "atr": 0.14557142857142782}
[BLOCKED] KAITOTRY reason=max_layers
[SCAN] 2026-08-09T14:39:59+00:00 symbols=20 signals=1 entries=0 exits=0 blocked=2 open=9 cash=3645.28 equity=9448.55
[SIGNAL] 2026-08-09T14:39:59+00:00 KAITOTRY BUY fill_at=2026-08-09T14:44:59+00:00 features={"close": 32.602, "bb_lower": 32.73905422834545, "bb_upper": 33.6616124383212, "rsi": 24.029664392549577, "mfi": 14.627810941485876, "atr": 0.15142857142857075}
[BLOCKED] KAITOTRY reason=max_layers
[SCAN] 2026-08-09T14:44:59+00:00 symbols=20 signals=1 entries=0 exits=0 blocked=1 open=9 cash=3645.28 equity=9456.28
[SCAN] 2026-08-09T14:49:59+00:00 symbols=20 signals=0 entries=0 exits=0 blocked=0 open=9 cash=3645.28 equity=9460.42
[SCAN] 2026-08-09T14:54:59+00:00 symbols=20 signals=0 entries=0 exits=0 blocked=0 open=9 cash=3645.28 equity=9463.93
[SCAN] 2026-08-09T14:59:59+00:00 symbols=20 signals=0 entries=0 exits=0 blocked=1 open=9 cash=3645.28 equity=9464.77
[SCAN] 2026-08-09T15:04:59+00:00 symbols=20 signals=0 entries=0 exits=2 blocked=1 open=7 cash=4558.07 equity=9458.22
[SIGNAL] 2026-08-09T15:04:59+00:00 VICTRY BUY fill_at=2026-08-09T15:09:59+00:00 features={"close": 1.38, "bb_lower": 1.381694412230201, "bb_upper": 1.4164008258650367, "rsi": 41.70827180296688, "mfi": 42.85146225602919, "atr": 0.01642857142857144}
[BLOCKED] VICTRY reason=max_layers
[SCAN] 2026-08-09T15:09:59+00:00 symbols=20 signals=1 entries=0 exits=0 blocked=1 open=7 cash=4558.07 equity=9475.55
[SCAN] 2026-08-09T15:14:59+00:00 symbols=20 signals=0 entries=0 exits=0 blocked=0 open=7 cash=4558.07 equity=9462.56
[SCAN] 2026-08-09T15:19:59+00:00 symbols=20 signals=0 entries=0 exits=0 blocked=0 open=7 cash=4558.07 equity=9467.71
[SCAN] 2026-08-09T15:24:59+00:00 symbols=20 signals=0 entries=0 exits=0 blocked=1 open=7 cash=4558.07 equity=9481.12
[SCAN] 2026-08-09T15:29:59+00:00 symbols=20 signals=0 entries=0 exits=0 blocked=0 open=7 cash=4558.07 equity=9490.60
[EXIT] 2026-08-09T15:34:59+00:00 COTITRY reason=fixed_take_profit pnl=+20.65 cash=5242.20
[SCAN] 2026-08-09T15:34:59+00:00 symbols=20 signals=0 entries=0 exits=1 blocked=1 open=6 cash=5242.20 equity=9491.51
[SCAN] 2026-08-09T15:39:59+00:00 symbols=20 signals=0 entries=0 exits=0 blocked=1 open=6 cash=5242.20 equity=9482.84
[SCAN] 2026-08-09T15:44:59+00:00 symbols=20 signals=0 entries=0 exits=0 blocked=3 open=6 cash=5242.20 equity=9477.98
[SCAN] 2026-08-09T15:49:59+00:00 symbols=20 signals=0 entries=0 exits=0 blocked=0 open=6 cash=5242.20 equity=9479.97
[SCAN] 2026-08-09T15:54:59+00:00 symbols=20 signals=0 entries=0 exits=0 blocked=0 open=6 cash=5242.20 equity=9465.88
[SCAN] 2026-08-09T15:59:59+00:00 symbols=20 signals=0 entries=0 exits=0 blocked=0 open=6 cash=5242.20 equity=9471.60
[SCAN] 2026-08-09T16:04:59+00:00 symbols=20 signals=0 entries=0 exits=0 blocked=0 open=6 cash=5242.20 equity=9459.43
[SIGNAL] 2026-08-09T16:04:59+00:00 HEITRY BUY fill_at=2026-08-09T16:09:59+00:00 features={"close": 8.025, "bb_lower": 8.030383427760672, "bb_upper": 8.246568953191712, "rsi": 37.34467324574421, "mfi": 33.403368888841385, "atr": 0.06571428571428564}
[BLOCKED] HEITRY reason=max_layers
[SIGNAL] 2026-08-09T16:04:59+00:00 KAITOTRY BUY fill_at=2026-08-09T16:09:59+00:00 features={"close": 32.02, "bb_lower": 32.3226423667158, "bb_upper": 33.14450049042706, "rsi": 26.320823889447126, "mfi": 38.46609340972613, "atr": 0.22614285714285667}
[BLOCKED] KAITOTRY reason=max_layers
[SCAN] 2026-08-09T16:09:59+00:00 symbols=20 signals=2 entries=0 exits=0 blocked=3 open=6 cash=5242.20 equity=9443.88
[SIGNAL] 2026-08-09T16:09:59+00:00 KAITOTRY BUY fill_at=2026-08-09T16:14:59+00:00 features={"close": 31.382, "bb_lower": 31.96389051692507, "bb_upper": 33.34944281640826, "rsi": 18.96549210279227, "mfi": 30.058511922490325, "atr": 0.2634999999999995}
[BLOCKED] KAITOTRY reason=max_layers
[SCAN] 2026-08-09T16:14:59+00:00 symbols=20 signals=1 entries=0 exits=0 blocked=1 open=6 cash=5242.20 equity=9471.28
[SCAN] 2026-08-09T16:19:59+00:00 symbols=20 signals=0 entries=0 exits=0 blocked=0 open=6 cash=5242.20 equity=9479.37
[SCAN] 2026-08-09T16:24:59+00:00 symbols=20 signals=0 entries=0 exits=0 blocked=0 open=6 cash=5242.20 equity=9486.85
[SCAN] 2026-08-09T16:29:59+00:00 symbols=20 signals=0 entries=0 exits=0 blocked=0 open=6 cash=5242.20 equity=9477.95
[SIGNAL] 2026-08-09T16:29:59+00:00 ENATRY BUY fill_at=2026-08-09T16:34:59+00:00 features={"close": 4.157, "bb_lower": 4.164056356273989, "bb_upper": 4.196229358011725, "rsi": 35.78060487174719, "mfi": 27.996583257209522, "atr": 0.008714285714285706}
[ENTRY] 2026-08-09T16:34:59+00:00 ENATRY layer=1 value=523.44 entry=4.16312000 cash=4717.98
[SIGNAL] 2026-08-09T16:29:59+00:00 BANKTRY BUY fill_at=2026-08-09T16:34:59+00:00 features={"close": 1.924, "bb_lower": 1.9312336791618727, "bb_upper": 2.0257187017905083, "rsi": 27.82589668166102, "mfi": 25.178389947794216, "atr": 0.021571428571428575}
[ENTRY] 2026-08-09T16:34:59+00:00 BANKTRY layer=1 value=471.09 entry=1.92444225 cash=4246.19
[SCAN] 2026-08-09T16:34:59+00:00 symbols=20 signals=2 entries=2 exits=0 blocked=0 open=8 cash=4246.19 equity=9471.32
[SIGNAL] 2026-08-09T16:34:59+00:00 BANKTRY BUY fill_at=2026-08-09T16:39:59+00:00 features={"close": 1.922, "bb_lower": 1.9233292467875942, "bb_upper": 2.025432657974311, "rsi": 27.41052217055936, "mfi": 23.833516514682927, "atr": 0.021571428571428575}
[ENTRY] 2026-08-09T16:39:59+00:00 BANKTRY layer=2 value=423.98 entry=1.92344150 cash=3821.57
[SCAN] 2026-08-09T16:39:59+00:00 symbols=20 signals=1 entries=1 exits=0 blocked=0 open=8 cash=3821.57 equity=9474.29
[SCAN] 2026-08-09T16:44:59+00:00 symbols=20 signals=0 entries=0 exits=0 blocked=0 open=8 cash=3821.57 equity=9482.82
[SCAN] 2026-08-09T16:49:59+00:00 symbols=20 signals=0 entries=0 exits=0 blocked=0 open=8 cash=3821.57 equity=9491.10
[SIGNAL] 2026-08-09T16:49:59+00:00 ENATRY BUY fill_at=2026-08-09T16:54:59+00:00 features={"close": 4.155, "bb_lower": 4.155647715959877, "bb_upper": 4.196828474516313, "rsi": 36.837640833002894, "mfi": 26.62268146154601, "atr": 0.008000000000000071}
[ENTRY] 2026-08-09T16:54:59+00:00 ENATRY layer=2 value=381.58 entry=4.16011775 cash=3439.41
[SIGNAL] 2026-08-09T16:49:59+00:00 ALLOTRY BUY fill_at=2026-08-09T16:54:59+00:00 features={"close": 14.59, "bb_lower": 14.612227467294126, "bb_upper": 14.977296342229682, "rsi": 33.38749768939786, "mfi": 21.35478216869366, "atr": 0.0764285714285712}
[ENTRY] 2026-08-09T16:54:59+00:00 ALLOTRY layer=1 value=343.43 entry=14.59093500 cash=3095.47
[SCAN] 2026-08-09T16:54:59+00:00 symbols=20 signals=2 entries=2 exits=0 blocked=0 open=9 cash=3095.47 equity=9491.08
[SIGNAL] 2026-08-09T16:54:59+00:00 ALLOTRY BUY fill_at=2026-08-09T16:59:59+00:00 features={"close": 14.57, "bb_lower": 14.585504877016266, "bb_upper": 14.96687607536468, "rsi": 32.393693650174114, "mfi": 21.077633570768626, "atr": 0.07571428571428562}
[ENTRY] 2026-08-09T16:59:59+00:00 ALLOTRY layer=2 value=309.08 entry=14.58092750 cash=2785.92
[SCAN] 2026-08-09T16:59:59+00:00 symbols=20 signals=1 entries=1 exits=0 blocked=0 open=9 cash=2785.92 equity=9498.63
[SIGNAL] 2026-08-09T16:59:59+00:00 ENATRY BUY fill_at=2026-08-09T17:04:59+00:00 features={"close": 4.15, "bb_lower": 4.150960003449132, "bb_upper": 4.194087615598487, "rsi": 34.83174492997429, "mfi": 26.04817854805377, "atr": 0.008571428571428579}
[BLOCKED] ENATRY reason=max_layers
[SIGNAL] 2026-08-09T16:59:59+00:00 LATRY BUY fill_at=2026-08-09T17:04:59+00:00 features={"close": 2.59, "bb_lower": 2.591258895988926, "bb_upper": 2.6649315802015496, "rsi": 31.39172592844365, "mfi": 10.69102257370281, "atr": 0.0057142857142857195}
[ENTRY] 2026-08-09T17:04:59+00:00 LATRY layer=1 value=278.17 entry=2.58193500 cash=2507.33
[SCAN] 2026-08-09T17:04:59+00:00 symbols=20 signals=2 entries=1 exits=0 blocked=2 open=10 cash=2507.33 equity=9478.99
[SIGNAL] 2026-08-09T17:04:59+00:00 MITOTRY BUY fill_at=2026-08-09T17:09:59+00:00 features={"close": 1.138, "bb_lower": 1.1398581043099003, "bb_upper": 1.1799514194996237, "rsi": 36.83751339856707, "mfi": 37.670897462195896, "atr": 0.012714285714285694}
[ENTRY] 2026-08-09T17:09:59+00:00 MITOTRY layer=1 value=250.36 entry=1.14085500 cash=2256.60
[SIGNAL] 2026-08-09T17:04:59+00:00 VANRYTRY BUY fill_at=2026-08-09T17:09:59+00:00 features={"close": 0.1498, "bb_lower": 0.14987825583449987, "bb_upper": 0.15215983940359534, "rsi": 39.55506894756871, "mfi": 32.30718309534994, "atr": 0.0004928571428571461}
[BLOCKED] VANRYTRY reason=max_layers
[SCAN] 2026-08-09T17:09:59+00:00 symbols=20 signals=2 entries=1 exits=0 blocked=1 open=11 cash=2256.60 equity=9474.22
[SIGNAL] 2026-08-09T17:09:59+00:00 MITOTRY BUY fill_at=2026-08-09T17:14:59+00:00 features={"close": 1.134, "bb_lower": 1.1364686228198404, "bb_upper": 1.181721853370636, "rsi": 34.985861162611045, "mfi": 41.08587759331664, "atr": 0.012214285714285702}
[ENTRY] 2026-08-09T17:14:59+00:00 MITOTRY layer=2 value=225.32 entry=1.13485050 cash=2030.94
[SCAN] 2026-08-09T17:14:59+00:00 symbols=20 signals=1 entries=1 exits=0 blocked=0 open=11 cash=2030.94 equity=9463.91
[SIGNAL] 2026-08-09T17:14:59+00:00 MITOTRY BUY fill_at=2026-08-09T17:19:59+00:00 features={"close": 1.126, "bb_lower": 1.130905442185548, "bb_upper": 1.1842374149573094, "rsi": 31.549821748045517, "mfi": 40.14060375347223, "atr": 0.012714285714285694}
[BLOCKED] MITOTRY reason=max_layers
[SCAN] 2026-08-09T17:19:59+00:00 symbols=20 signals=1 entries=0 exits=0 blocked=1 open=11 cash=2030.94 equity=9463.71
[SCAN] 2026-08-09T17:24:59+00:00 symbols=20 signals=0 entries=0 exits=0 blocked=0 open=11 cash=2030.94 equity=9462.20
[SIGNAL] 2026-08-09T17:24:59+00:00 HEITRY BUY fill_at=2026-08-09T17:29:59+00:00 features={"close": 7.953, "bb_lower": 7.964756737642879, "bb_upper": 8.101243262357121, "rsi": 35.19676648132034, "mfi": 33.00961559636963, "atr": 0.05664285714285722}
[BLOCKED] HEITRY reason=max_layers
[SIGNAL] 2026-08-09T17:24:59+00:00 COTITRY BUY fill_at=2026-08-09T17:29:59+00:00 features={"close": 0.5932, "bb_lower": 0.5951948866290356, "bb_upper": 0.6111955895614404, "rsi": 37.02907365914531, "mfi": 19.112812114533014, "atr": 0.003942857142857145}
[ENTRY] 2026-08-09T17:29:59+00:00 COTITRY layer=1 value=202.79 entry=0.59474573 cash=1827.84
[SIGNAL] 2026-08-09T17:24:59+00:00 BIOTRY BUY fill_at=2026-08-09T17:29:59+00:00 features={"close": 1.212, "bb_lower": 1.2126474187532617, "bb_upper": 1.2266859145800717, "rsi": 37.54432142159237, "mfi": 29.43196886281291, "atr": 0.0027857142857143436}
[BLOCKED] BIOTRY reason=max_layers
[SCAN] 2026-08-09T17:29:59+00:00 symbols=20 signals=3 entries=1 exits=0 blocked=2 open=12 cash=1827.84 equity=9473.14
[SIGNAL] 2026-08-09T17:29:59+00:00 HEITRY BUY fill_at=2026-08-09T17:34:59+00:00 features={"close": 7.934, "bb_lower": 7.948147815214472, "bb_upper": 8.105471232404577, "rsi": 33.30388069044706, "mfi": 32.18528744155333, "atr": 0.056714285714285814}
[BLOCKED] HEITRY reason=max_layers
[EXIT] 2026-08-09T17:34:59+00:00 HEITRY reason=fixed_stop_loss pnl=-36.40 cash=2364.43
[SCAN] 2026-08-09T17:34:59+00:00 symbols=20 signals=1 entries=0 exits=1 blocked=1 open=11 cash=2364.43 equity=9456.72
[SIGNAL] 2026-08-09T17:34:59+00:00 HEITRY BUY fill_at=2026-08-09T17:39:59+00:00 features={"close": 7.88, "bb_lower": 7.921446956867622, "bb_upper": 8.111981614560948, "rsi": 28.57264712323463, "mfi": 27.389076241083302, "atr": 0.05978571428571439}
[ENTRY] 2026-08-09T17:39:59+00:00 HEITRY layer=1 value=236.09 entry=7.88691075 cash=2127.99
[SCAN] 2026-08-09T17:39:59+00:00 symbols=20 signals=1 entries=1 exits=0 blocked=0 open=12 cash=2127.99 equity=9453.00
[SCAN] 2026-08-09T17:44:59+00:00 symbols=20 signals=0 entries=0 exits=0 blocked=0 open=12 cash=2127.99 equity=9441.46
[SIGNAL] 2026-08-09T17:44:59+00:00 HEITRY BUY fill_at=2026-08-09T17:49:59+00:00 features={"close": 7.894, "bb_lower": 7.8971312319224705, "bb_upper": 8.104487815696574, "rsi": 34.28828916702153, "mfi": 24.870427180325194, "atr": 0.0639285714285714}
[ENTRY] 2026-08-09T17:49:59+00:00 HEITRY layer=2 value=212.48 entry=7.90092125 cash=1915.19
[SCAN] 2026-08-09T17:49:59+00:00 symbols=20 signals=1 entries=1 exits=0 blocked=0 open=12 cash=1915.19 equity=9451.34
[SCAN] 2026-08-09T17:54:59+00:00 symbols=20 signals=0 entries=0 exits=0 blocked=0 open=12 cash=1915.19 equity=9453.43
[SCAN] 2026-08-09T17:59:59+00:00 symbols=20 signals=0 entries=0 exits=0 blocked=0 open=12 cash=1915.19 equity=9448.92
[SCAN] 2026-08-09T18:04:59+00:00 symbols=20 signals=0 entries=0 exits=0 blocked=0 open=12 cash=1915.19 equity=9443.91
[SIGNAL] 2026-08-09T18:04:59+00:00 VANRYTRY BUY fill_at=2026-08-09T18:09:59+00:00 features={"close": 0.1483, "bb_lower": 0.14841440169595593, "bb_upper": 0.15173797925642502, "rsi": 37.33986891370731, "mfi": 49.94923434130858, "atr": 0.0009500000000000004}
[BLOCKED] VANRYTRY reason=max_layers
[SCAN] 2026-08-09T18:09:59+00:00 symbols=20 signals=1 entries=0 exits=0 blocked=1 open=12 cash=1915.19 equity=9417.87
[SCAN] 2026-08-09T18:14:59+00:00 symbols=20 signals=0 entries=0 exits=0 blocked=1 open=12 cash=1915.19 equity=9380.98
[SIGNAL] 2026-08-09T18:14:59+00:00 HEITRY BUY fill_at=2026-08-09T18:19:59+00:00 features={"close": 7.772, "bb_lower": 7.795042418518312, "bb_upper": 8.107243295767402, "rsi": 24.451897798228856, "mfi": 24.028416028653425, "atr": 0.07164285714285709}
[BLOCKED] HEITRY reason=max_layers
[SIGNAL] 2026-08-09T18:14:59+00:00 HOMETRY BUY fill_at=2026-08-09T18:19:59+00:00 features={"close": 0.428, "bb_lower": 0.4303504637410641, "bb_upper": 0.4431733457827455, "rsi": 30.93136152381473, "mfi": 49.96296926012819, "atr": 0.00335714285714286}
[BLOCKED] HOMETRY reason=max_layers
[SCAN] 2026-08-09T18:19:59+00:00 symbols=20 signals=2 entries=0 exits=0 blocked=4 open=12 cash=1915.19 equity=9400.32
[SCAN] 2026-08-09T18:24:59+00:00 symbols=20 signals=0 entries=0 exits=0 blocked=1 open=12 cash=1915.19 equity=9418.53
[SIGNAL] 2026-08-09T18:24:59+00:00 HOMETRY BUY fill_at=2026-08-09T18:29:59+00:00 features={"close": 0.428, "bb_lower": 0.42840885184207067, "bb_upper": 0.44406733863411996, "rsi": 33.600529765665115, "mfi": 46.46142397800185, "atr": 0.0034285714285714314}
[BLOCKED] HOMETRY reason=max_layers
[SCAN] 2026-08-09T18:29:59+00:00 symbols=20 signals=1 entries=0 exits=0 blocked=1 open=12 cash=1915.19 equity=9417.99
[SIGNAL] 2026-08-09T18:29:59+00:00 HOMETRY BUY fill_at=2026-08-09T18:34:59+00:00 features={"close": 0.427, "bb_lower": 0.42704554889879826, "bb_upper": 0.4445734987202495, "rsi": 32.18297858259123, "mfi": 38.146474442926575, "atr": 0.0032857142857142885}
[BLOCKED] HOMETRY reason=max_layers
[SCAN] 2026-08-09T18:34:59+00:00 symbols=20 signals=1 entries=0 exits=0 blocked=1 open=12 cash=1915.19 equity=9412.69
[SCAN] 2026-08-09T18:39:59+00:00 symbols=20 signals=0 entries=0 exits=0 blocked=0 open=12 cash=1915.19 equity=9398.95
[SIGNAL] 2026-08-09T18:39:59+00:00 HEITRY BUY fill_at=2026-08-09T18:44:59+00:00 features={"close": 7.715, "bb_lower": 7.743132477578324, "bb_upper": 8.082200855755005, "rsi": 31.468105501519915, "mfi": 27.049814626198497, "atr": 0.08814285714285708}
[BLOCKED] HEITRY reason=max_layers
[SCAN] 2026-08-09T18:44:59+00:00 symbols=20 signals=1 entries=0 exits=0 blocked=2 open=12 cash=1915.19 equity=9400.36
[SIGNAL] 2026-08-09T18:44:59+00:00 VICTRY BUY fill_at=2026-08-09T18:49:59+00:00 features={"close": 1.38, "bb_lower": 1.3806073414326312, "bb_upper": 1.4098688490435591, "rsi": 38.63564680624493, "mfi": 21.681863109741982, "atr": 0.012857142857142869}
[BLOCKED] VICTRY reason=max_layers
[SCAN] 2026-08-09T18:49:59+00:00 symbols=20 signals=1 entries=0 exits=0 blocked=1 open=12 cash=1915.19 equity=9399.59
[SCAN] 2026-08-09T18:54:59+00:00 symbols=20 signals=0 entries=0 exits=0 blocked=1 open=12 cash=1915.19 equity=9399.05
[SIGNAL] 2026-08-09T18:54:59+00:00 HEITRY BUY fill_at=2026-08-09T18:59:59+00:00 features={"close": 7.67, "bb_lower": 7.6874008236397335, "bb_upper": 8.04078965255074, "rsi": 30.768351232392178, "mfi": 29.588335260667392, "atr": 0.08549999999999994}
[BLOCKED] HEITRY reason=max_layers
[SCAN] 2026-08-09T18:59:59+00:00 symbols=20 signals=1 entries=0 exits=0 blocked=1 open=12 cash=1915.19 equity=9392.00
[SIGNAL] 2026-08-09T18:59:59+00:00 COTITRY BUY fill_at=2026-08-09T19:04:59+00:00 features={"close": 0.5838, "bb_lower": 0.5839190490422113, "bb_upper": 0.5998523795292174, "rsi": 27.290859187884976, "mfi": 31.80365206728294, "atr": 0.002042857142857148}
[ENTRY] 2026-08-09T19:04:59+00:00 COTITRY layer=2 value=191.23 entry=0.58443800 cash=1723.67
[SCAN] 2026-08-09T19:04:59+00:00 symbols=20 signals=1 entries=1 exits=0 blocked=1 open=12 cash=1723.67 equity=9388.44
[SIGNAL] 2026-08-09T19:04:59+00:00 HEITRY BUY fill_at=2026-08-09T19:09:59+00:00 features={"close": 7.632, "bb_lower": 7.644151691651819, "bb_upper": 8.022991165491037, "rsi": 31.13499401691216, "mfi": 25.797818986700534, "atr": 0.09192857142857129}
[BLOCKED] HEITRY reason=max_layers
[SCAN] 2026-08-09T19:09:59+00:00 symbols=20 signals=1 entries=0 exits=0 blocked=2 open=12 cash=1723.67 equity=9387.89
[SIGNAL] 2026-08-09T19:09:59+00:00 HEITRY BUY fill_at=2026-08-09T19:14:59+00:00 features={"close": 7.568, "bb_lower": 7.602511662589512, "bb_upper": 8.02796452788668, "rsi": 27.943717610977203, "mfi": 24.453755569742597, "atr": 0.09728571428571423}
[BLOCKED] HEITRY reason=max_layers
[SCAN] 2026-08-09T19:14:59+00:00 symbols=20 signals=1 entries=0 exits=0 blocked=1 open=12 cash=1723.67 equity=9368.75
[SIGNAL] 2026-08-09T19:14:59+00:00 HEITRY BUY fill_at=2026-08-09T19:19:59+00:00 features={"close": 7.528, "bb_lower": 7.557606105943158, "bb_upper": 8.034203417866365, "rsi": 26.130283116366556, "mfi": 24.160455125804077, "atr": 0.09578571428571417}
[BLOCKED] HEITRY reason=max_layers
[SIGNAL] 2026-08-09T19:14:59+00:00 COTITRY BUY fill_at=2026-08-09T19:19:59+00:00 features={"close": 0.5813, "bb_lower": 0.581320128792113, "bb_upper": 0.5993560616840776, "rsi": 28.793638274724117, "mfi": 31.33069635424478, "atr": 0.0020928571428571424}
[BLOCKED] COTITRY reason=max_layers
[SCAN] 2026-08-09T19:19:59+00:00 symbols=20 signals=2 entries=0 exits=0 blocked=2 open=12 cash=1723.67 equity=9377.61
[SCAN] 2026-08-09T19:24:59+00:00 symbols=20 signals=0 entries=0 exits=0 blocked=0 open=12 cash=1723.67 equity=9368.62
[SCAN] 2026-08-09T19:29:59+00:00 symbols=20 signals=0 entries=0 exits=0 blocked=0 open=12 cash=1723.67 equity=9367.58
[SCAN] 2026-08-09T19:34:59+00:00 symbols=20 signals=0 entries=0 exits=0 blocked=0 open=12 cash=1723.67 equity=9360.43
[SIGNAL] 2026-08-09T19:34:59+00:00 FIDATRY BUY fill_at=2026-08-09T19:39:59+00:00 features={"close": 0.867, "bb_lower": 0.8676193036428331, "bb_upper": 0.8764759344524048, "rsi": 35.457312667256176, "mfi": 13.592561750780604, "atr": 0.002642857142857145}
[ENTRY] 2026-08-09T19:39:59+00:00 FIDATRY layer=1 value=172.11 entry=0.86765025 cash=1551.30
[SIGNAL] 2026-08-09T19:34:59+00:00 VANRYTRY BUY fill_at=2026-08-09T19:39:59+00:00 features={"close": 0.147, "bb_lower": 0.1475743103976126, "bb_upper": 0.15084473722143504, "rsi": 38.3949241014248, "mfi": 17.537572289915914, "atr": 0.0011500000000000002}
[BLOCKED] VANRYTRY reason=max_layers
[SCAN] 2026-08-09T19:39:59+00:00 symbols=20 signals=2 entries=1 exits=0 blocked=1 open=13 cash=1551.30 equity=9379.38
[SIGNAL] 2026-08-09T19:39:59+00:00 FIDATRY BUY fill_at=2026-08-09T19:44:59+00:00 features={"close": 0.866, "bb_lower": 0.8669322752448736, "bb_upper": 0.8768772485646501, "rsi": 33.97850683283528, "mfi": 21.406911683038302, "atr": 0.002642857142857145}
[ENTRY] 2026-08-09T19:44:59+00:00 FIDATRY layer=2 value=154.90 entry=0.86865100 cash=1396.17
[SCAN] 2026-08-09T19:44:59+00:00 symbols=20 signals=1 entries=1 exits=0 blocked=1 open=13 cash=1396.17 equity=9381.46
[SCAN] 2026-08-09T19:49:59+00:00 symbols=20 signals=0 entries=0 exits=0 blocked=0 open=13 cash=1396.17 equity=9381.08
[SCAN] 2026-08-09T19:54:59+00:00 symbols=20 signals=0 entries=0 exits=0 blocked=1 open=13 cash=1396.17 equity=9355.83
[SCAN] 2026-08-09T19:59:59+00:00 symbols=20 signals=0 entries=0 exits=0 blocked=1 open=13 cash=1396.17 equity=9370.66
[EXIT] 2026-08-09T20:04:59+00:00 BIOTRY reason=bb_mfi_v3_signal_exit pnl=+0.81 cash=2078.92
[SCAN] 2026-08-09T20:04:59+00:00 symbols=20 signals=0 entries=0 exits=1 blocked=0 open=12 cash=2078.92 equity=9382.03
[SIGNAL] 2026-08-09T20:04:59+00:00 LATRY BUY fill_at=2026-08-09T20:09:59+00:00 features={"close": 2.55, "bb_lower": 2.5619991099437778, "bb_upper": 2.6027627948181262, "rsi": 27.643987075473262, "mfi": 48.80061237508825, "atr": 0.008571428571428579}
[ENTRY] 2026-08-09T20:09:59+00:00 LATRY layer=2 value=207.58 entry=2.55191250 cash=1871.03
[SCAN] 2026-08-09T20:09:59+00:00 symbols=20 signals=1 entries=1 exits=0 blocked=0 open=12 cash=1871.03 equity=9367.13
[SIGNAL] 2026-08-09T20:09:59+00:00 KAITOTRY BUY fill_at=2026-08-09T20:14:59+00:00 features={"close": 32.22, "bb_lower": 32.303267830548585, "bb_upper": 33.33577978849903, "rsi": 35.790472122412865, "mfi": 57.87744526000773, "atr": 0.24521428571428622}
[BLOCKED] KAITOTRY reason=max_layers
[SIGNAL] 2026-08-09T20:09:59+00:00 LATRY BUY fill_at=2026-08-09T20:14:59+00:00 features={"close": 2.55, "bb_lower": 2.556337432412723, "bb_upper": 2.6055673294920374, "rsi": 27.643987087184243, "mfi": 13.84404847352458, "atr": 0.008571428571428579}
[BLOCKED] LATRY reason=max_layers
[SIGNAL] 2026-08-09T20:09:59+00:00 EDENTRY BUY fill_at=2026-08-09T20:14:59+00:00 features={"close": 2.017, "bb_lower": 2.0179238190571547, "bb_upper": 2.0559809428476075, "rsi": 35.36074430087797, "mfi": 56.98245388881438, "atr": 0.008571428571428516}
[ENTRY] 2026-08-09T20:14:59+00:00 EDENTRY layer=1 value=186.82 entry=2.01450975 cash=1683.93
[SCAN] 2026-08-09T20:14:59+00:00 symbols=20 signals=3 entries=1 exits=0 blocked=2 open=13 cash=1683.93 equity=9364.64
[SIGNAL] 2026-08-09T20:14:59+00:00 VICTRY BUY fill_at=2026-08-09T20:19:59+00:00 features={"close": 1.36, "bb_lower": 1.3626205546113033, "bb_upper": 1.4002365882458392, "rsi": 37.986678110595804, "mfi": 34.367086588051066, "atr": 0.014285714285714188}
[BLOCKED] VICTRY reason=max_layers
[SIGNAL] 2026-08-09T20:14:59+00:00 EDENTRY BUY fill_at=2026-08-09T20:19:59+00:00 features={"close": 2.007, "bb_lower": 2.0128317059392047, "bb_upper": 2.057073055965557, "rsi": 30.958782818690835, "mfi": 55.859420578215385, "atr": 0.009285714285714246}
[ENTRY] 2026-08-09T20:19:59+00:00 EDENTRY layer=2 value=168.14 entry=2.00850525 cash=1515.53
[SCAN] 2026-08-09T20:19:59+00:00 symbols=20 signals=2 entries=1 exits=0 blocked=1 open=13 cash=1515.53 equity=9370.54
[EXIT] 2026-08-09T20:24:59+00:00 ENATRY reason=bb_mfi_v3_signal_exit pnl=-1.84 cash=2420.07
[SIGNAL] 2026-08-09T20:19:59+00:00 EDENTRY BUY fill_at=2026-08-09T20:24:59+00:00 features={"close": 2.008, "bb_lower": 2.0086656115465162, "bb_upper": 2.058096293215389, "rsi": 31.877491058711826, "mfi": 55.38357402621253, "atr": 0.008999999999999992}
[BLOCKED] EDENTRY reason=max_layers
[SCAN] 2026-08-09T20:24:59+00:00 symbols=20 signals=1 entries=0 exits=1 blocked=1 open=12 cash=2420.07 equity=9365.67
[SCAN] 2026-08-09T20:29:59+00:00 symbols=20 signals=0 entries=0 exits=0 blocked=0 open=12 cash=2420.07 equity=9361.60
[EXIT] 2026-08-09T20:34:59+00:00 HOMETRY reason=fixed_stop_loss pnl=-54.90 cash=3229.48
[SCAN] 2026-08-09T20:34:59+00:00 symbols=20 signals=0 entries=0 exits=1 blocked=0 open=11 cash=3229.48 equity=9338.34
[SCAN] 2026-08-09T20:39:59+00:00 symbols=20 signals=0 entries=0 exits=0 blocked=1 open=11 cash=3229.48 equity=9333.77
[SIGNAL] 2026-08-09T20:39:59+00:00 VICTRY BUY fill_at=2026-08-09T20:44:59+00:00 features={"close": 1.34, "bb_lower": 1.3474234283916051, "bb_upper": 1.4021003811322041, "rsi": 32.05406730803284, "mfi": 4.631193444138958, "atr": 0.0164285714285713}
[BLOCKED] VICTRY reason=max_layers
[SCAN] 2026-08-09T20:44:59+00:00 symbols=20 signals=1 entries=0 exits=0 blocked=2 open=11 cash=3229.48 equity=9336.92
[SIGNAL] 2026-08-09T20:44:59+00:00 VICTRY BUY fill_at=2026-08-09T20:49:59+00:00 features={"close": 1.34, "bb_lower": 1.3422038485376098, "bb_upper": 1.4025580562242947, "rsi": 32.054067382909906, "mfi": 3.330655614072299, "atr": 0.017142857142857015}
[BLOCKED] VICTRY reason=max_layers
[SCAN] 2026-08-09T20:49:59+00:00 symbols=20 signals=1 entries=0 exits=0 blocked=2 open=11 cash=3229.48 equity=9313.15
[SIGNAL] 2026-08-09T20:49:59+00:00 LATRY BUY fill_at=2026-08-09T20:54:59+00:00 features={"close": 2.54, "bb_lower": 2.543164843298819, "bb_upper": 2.6025494424154667, "rsi": 34.437392259025316, "mfi": 24.985942902771882, "atr": 0.011428571428571375}
[BLOCKED] LATRY reason=max_layers
[SIGNAL] 2026-08-09T20:49:59+00:00 VANRYTRY BUY fill_at=2026-08-09T20:54:59+00:00 features={"close": 0.1462, "bb_lower": 0.14628304877269796, "bb_upper": 0.15008837979873066, "rsi": 37.394765201751596, "mfi": 16.089917305289163, "atr": 0.0007714285714285776}
[BLOCKED] VANRYTRY reason=max_layers
[EXIT] 2026-08-09T20:54:59+00:00 HEITRY reason=fixed_stop_loss pnl=-28.54 cash=3650.18
[SCAN] 2026-08-09T20:54:59+00:00 symbols=20 signals=2 entries=0 exits=1 blocked=3 open=10 cash=3650.18 equity=9300.45
[SIGNAL] 2026-08-09T20:54:59+00:00 VICTRY BUY fill_at=2026-08-09T20:59:59+00:00 features={"close": 1.33, "bb_lower": 1.3316800718778796, "bb_upper": 1.4035580233602154, "rsi": 28.517786979178567, "mfi": 3.157074505586351, "atr": 0.01642857142857133}
[BLOCKED] VICTRY reason=max_layers
[SCAN] 2026-08-09T20:59:59+00:00 symbols=20 signals=1 entries=0 exits=0 blocked=2 open=10 cash=3650.18 equity=9304.19
[SIGNAL] 2026-08-09T20:59:59+00:00 RETRY BUY fill_at=2026-08-09T21:04:59+00:00 features={"close": 19.2, "bb_lower": 19.23077663685886, "bb_upper": 19.442556696474472, "rsi": 35.817619861146284, "mfi": 52.9101670225938, "atr": 0.05142857142857186}
[ENTRY] 2026-08-09T21:04:59+00:00 RETRY layer=1 value=412.15 entry=19.24442250 cash=3714.94
[SCAN] 2026-08-09T21:04:59+00:00 symbols=20 signals=1 entries=1 exits=1 blocked=0 open=10 cash=3714.94 equity=9302.89
[SIGNAL] 2026-08-09T21:04:59+00:00 ALLOTRY BUY fill_at=2026-08-09T21:09:59+00:00 features={"close": 14.09, "bb_lower": 14.094357377421005, "bb_upper": 14.30945214638852, "rsi": 33.48175981503438, "mfi": 42.88160546614772, "atr": 0.05499999999999984}
[BLOCKED] ALLOTRY reason=max_layers
[SCAN] 2026-08-09T21:09:59+00:00 symbols=20 signals=1 entries=0 exits=0 blocked=1 open=10 cash=3714.94 equity=9305.18
[SIGNAL] 2026-08-09T21:09:59+00:00 PUMPTRY BUY fill_at=2026-08-09T21:14:59+00:00 features={"close": 0.1265, "bb_lower": 0.12724852886908028, "bb_upper": 0.13063718541663405, "rsi": 29.19979456533818, "mfi": 44.491754841165324, "atr": 0.0006285714285714287}
[ENTRY] 2026-08-09T21:14:59+00:00 PUMPTRY layer=1 value=370.94 entry=0.12649480 cash=3343.45
[SCAN] 2026-08-09T21:14:59+00:00 symbols=20 signals=1 entries=1 exits=0 blocked=0 open=11 cash=3343.45 equity=9328.16
[SIGNAL] 2026-08-09T21:14:59+00:00 PUMPTRY BUY fill_at=2026-08-09T21:19:59+00:00 features={"close": 0.1264, "bb_lower": 0.12680874557411392, "bb_upper": 0.1307722068068385, "rsi": 28.60049035282593, "mfi": 40.51055995942727, "atr": 0.0006571428571428561}
[ENTRY] 2026-08-09T21:19:59+00:00 PUMPTRY layer=2 value=333.84 entry=0.12659487 cash=3009.10
[SCAN] 2026-08-09T21:19:59+00:00 symbols=20 signals=1 entries=1 exits=0 blocked=0 open=11 cash=3009.10 equity=9358.98
[SCAN] 2026-08-09T21:24:59+00:00 symbols=20 signals=0 entries=0 exits=0 blocked=0 open=11 cash=3009.10 equity=9348.05
[SCAN] 2026-08-09T21:29:59+00:00 symbols=20 signals=0 entries=0 exits=0 blocked=0 open=11 cash=3009.10 equity=9366.01
[SCAN] 2026-08-09T21:34:59+00:00 symbols=20 signals=0 entries=0 exits=0 blocked=0 open=11 cash=3009.10 equity=9351.83
[SCAN] 2026-08-09T21:39:59+00:00 symbols=20 signals=0 entries=0 exits=0 blocked=0 open=11 cash=3009.10 equity=9343.24
[SCAN] 2026-08-09T21:44:59+00:00 symbols=20 signals=0 entries=0 exits=0 blocked=0 open=11 cash=3009.10 equity=9343.36
[SCAN] 2026-08-09T21:49:59+00:00 symbols=20 signals=0 entries=0 exits=0 blocked=1 open=11 cash=3009.10 equity=9341.78
[SCAN] 2026-08-09T21:54:59+00:00 symbols=20 signals=0 entries=0 exits=0 blocked=1 open=11 cash=3009.10 equity=9343.55
[SCAN] 2026-08-09T21:59:59+00:00 symbols=20 signals=0 entries=0 exits=0 blocked=1 open=11 cash=3009.10 equity=9329.40
[SIGNAL] 2026-08-09T21:59:59+00:00 COTITRY BUY fill_at=2026-08-09T22:04:59+00:00 features={"close": 0.5727, "bb_lower": 0.5749365087931197, "bb_upper": 0.5867015864449754, "rsi": 28.81503901517324, "mfi": 50.283829560367266, "atr": 0.002885714285714293}
[BLOCKED] COTITRY reason=max_layers
[SCAN] 2026-08-09T22:04:59+00:00 symbols=20 signals=1 entries=0 exits=1 blocked=1 open=10 cash=3365.26 equity=9330.40
[EXIT] 2026-08-09T22:09:59+00:00 RETRY reason=bb_mfi_v3_signal_exit pnl=+5.84 cash=3783.87
[SIGNAL] 2026-08-09T22:04:59+00:00 COTITRY BUY fill_at=2026-08-09T22:09:59+00:00 features={"close": 0.5713, "bb_lower": 0.5732541720463715, "bb_upper": 0.5875458279536283, "rsi": 26.900689395721955, "mfi": 42.60823873734096, "atr": 0.0029142857142857186}
[BLOCKED] COTITRY reason=max_layers
[SCAN] 2026-08-09T22:09:59+00:00 symbols=20 signals=1 entries=0 exits=1 blocked=2 open=9 cash=3783.87 equity=9343.19
[SCAN] 2026-08-09T22:14:59+00:00 symbols=20 signals=0 entries=0 exits=0 blocked=0 open=9 cash=3783.87 equity=9359.26
[SCAN] 2026-08-09T22:19:59+00:00 symbols=20 signals=0 entries=0 exits=0 blocked=0 open=9 cash=3783.87 equity=9357.29
[SCAN] 2026-08-09T22:24:59+00:00 symbols=20 signals=0 entries=0 exits=0 blocked=0 open=9 cash=3783.87 equity=9343.22
[SIGNAL] 2026-08-09T22:24:59+00:00 ZROTRY BUY fill_at=2026-08-09T22:29:59+00:00 features={"close": 40.5, "bb_lower": 40.518453539007545, "bb_upper": 40.824403603849625, "rsi": 32.24931936232045, "mfi": 29.175456898530513, "atr": 0.050000000000000204}
[ENTRY] 2026-08-09T22:29:59+00:00 ZROTRY layer=1 value=377.82 entry=40.53037500 cash=3405.49
[SCAN] 2026-08-09T22:29:59+00:00 symbols=20 signals=1 entries=1 exits=0 blocked=0 open=10 cash=3405.49 equity=9339.80
[SIGNAL] 2026-08-09T22:29:59+00:00 ZROTRY BUY fill_at=2026-08-09T22:34:59+00:00 features={"close": 40.5, "bb_lower": 40.5197296354554, "bb_upper": 40.785032269306534, "rsi": 32.249319375966294, "mfi": 50.65422029781917, "atr": 0.04285714285714296}
[ENTRY] 2026-08-09T22:34:59+00:00 ZROTRY layer=2 value=340.04 entry=40.53037500 cash=3064.94
[SCAN] 2026-08-09T22:34:59+00:00 symbols=20 signals=1 entries=1 exits=0 blocked=0 open=10 cash=3064.94 equity=9346.56
[SIGNAL] 2026-08-09T22:34:59+00:00 ZROTRY BUY fill_at=2026-08-09T22:39:59+00:00 features={"close": 40.4, "bb_lower": 40.46933290336506, "bb_upper": 40.806857572825436, "rsi": 27.336770445100072, "mfi": 35.8047827502988, "atr": 0.04285714285714296}
[BLOCKED] ZROTRY reason=max_layers
[SCAN] 2026-08-09T22:39:59+00:00 symbols=20 signals=1 entries=0 exits=0 blocked=1 open=10 cash=3064.94 equity=9332.88
[SIGNAL] 2026-08-09T22:39:59+00:00 ZROTRY BUY fill_at=2026-08-09T22:44:59+00:00 features={"close": 40.4, "bb_lower": 40.42956116138694, "bb_upper": 40.81805788623211, "rsi": 27.336770460235385, "mfi": 36.33677521049698, "atr": 0.04285714285714296}
[BLOCKED] ZROTRY reason=max_layers
[SCAN] 2026-08-09T22:44:59+00:00 symbols=20 signals=1 entries=0 exits=0 blocked=3 open=10 cash=3064.94 equity=9347.09
[SIGNAL] 2026-08-09T22:44:59+00:00 BANKTRY BUY fill_at=2026-08-09T22:49:59+00:00 features={"close": 1.874, "bb_lower": 1.874737303087282, "bb_upper": 1.9255484111984322, "rsi": 29.56478659242768, "mfi": 15.88280641087701, "atr": 0.010357142857142843}
[BLOCKED] BANKTRY reason=max_layers
[SCAN] 2026-08-09T22:49:59+00:00 symbols=20 signals=1 entries=0 exits=0 blocked=3 open=10 cash=3064.94 equity=9350.11
[SCAN] 2026-08-09T22:54:59+00:00 symbols=20 signals=0 entries=0 exits=0 blocked=2 open=10 cash=3064.94 equity=9357.55
[SIGNAL] 2026-08-09T22:54:59+00:00 ZROTRY BUY fill_at=2026-08-09T22:59:59+00:00 features={"close": 40.3, "bb_lower": 40.32242071248619, "bb_upper": 40.829960239894746, "rsi": 22.595842892342702, "mfi": 22.739313550681473, "atr": 0.04285714285714296}
[BLOCKED] ZROTRY reason=max_layers
[SCAN] 2026-08-09T22:59:59+00:00 symbols=20 signals=1 entries=0 exits=0 blocked=3 open=10 cash=3064.94 equity=9342.56
[SCAN] 2026-08-09T23:04:59+00:00 symbols=20 signals=0 entries=0 exits=2 blocked=2 open=8 cash=4110.09 equity=9345.12
[SCAN] 2026-08-09T23:09:59+00:00 symbols=20 signals=0 entries=0 exits=0 blocked=1 open=8 cash=4110.09 equity=9329.26
[SIGNAL] 2026-08-09T23:09:59+00:00 HEITRY BUY fill_at=2026-08-09T23:14:59+00:00 features={"close": 7.415, "bb_lower": 7.419855837714478, "bb_upper": 7.598810828952188, "rsi": 36.3037253804818, "mfi": 45.68021033570555, "atr": 0.06478571428571435}
[ENTRY] 2026-08-09T23:14:59+00:00 HEITRY layer=1 value=410.39 entry=7.42556500 cash=3699.08
[SIGNAL] 2026-08-09T23:09:59+00:00 BIOTRY BUY fill_at=2026-08-09T23:14:59+00:00 features={"close": 1.213, "bb_lower": 1.2135932329361858, "bb_upper": 1.2268829575400049, "rsi": 33.12434110967857, "mfi": 18.92415272745164, "atr": 0.003071428571428582}
[ENTRY] 2026-08-09T23:14:59+00:00 BIOTRY layer=1 value=369.35 entry=1.21390975 cash=3329.17
[SCAN] 2026-08-09T23:14:59+00:00 symbols=20 signals=2 entries=2 exits=0 blocked=1 open=10 cash=3329.17 equity=9328.66
[SIGNAL] 2026-08-09T23:14:59+00:00 BIOTRY BUY fill_at=2026-08-09T23:19:59+00:00 features={"close": 1.212, "bb_lower": 1.2123298011523884, "bb_upper": 1.227098770276183, "rsi": 31.67497560876872, "mfi": 22.872998393454353, "atr": 0.003071428571428582}
[ENTRY] 2026-08-09T23:19:59+00:00 BIOTRY layer=2 value=332.42 entry=1.21190825 cash=2996.26
[SCAN] 2026-08-09T23:19:59+00:00 symbols=20 signals=1 entries=1 exits=0 blocked=0 open=10 cash=2996.26 equity=9336.96
[SIGNAL] 2026-08-09T23:19:59+00:00 BIOTRY BUY fill_at=2026-08-09T23:24:59+00:00 features={"close": 1.211, "bb_lower": 1.211041458926424, "bb_upper": 1.2272442553592902, "rsi": 30.241481734117258, "mfi": 43.19757402846052, "atr": 0.0028571428571428597}
[BLOCKED] BIOTRY reason=max_layers
[SCAN] 2026-08-09T23:24:59+00:00 symbols=20 signals=1 entries=0 exits=0 blocked=2 open=10 cash=2996.26 equity=9335.54
[SCAN] 2026-08-09T23:29:59+00:00 symbols=20 signals=0 entries=0 exits=0 blocked=0 open=10 cash=2996.26 equity=9328.91
[SCAN] 2026-08-09T23:34:59+00:00 symbols=20 signals=0 entries=0 exits=0 blocked=2 open=10 cash=2996.26 equity=9308.62
[SCAN] 2026-08-09T23:39:59+00:00 symbols=20 signals=0 entries=0 exits=0 blocked=3 open=10 cash=2996.26 equity=9324.23
[SCAN] 2026-08-09T23:44:59+00:00 symbols=20 signals=0 entries=0 exits=0 blocked=0 open=10 cash=2996.26 equity=9328.79
[SCAN] 2026-08-09T23:49:59+00:00 symbols=20 signals=0 entries=0 exits=0 blocked=0 open=10 cash=2996.26 equity=9321.53
[SCAN] 2026-08-09T23:54:59+00:00 symbols=20 signals=0 entries=0 exits=0 blocked=0 open=10 cash=2996.26 equity=9315.35
[SCAN] 2026-08-09T23:59:59+00:00 symbols=20 signals=0 entries=0 exits=0 blocked=1 open=10 cash=2996.26 equity=9315.05
[SCAN] 2026-08-10T00:04:59+00:00 symbols=20 signals=0 entries=0 exits=0 blocked=1 open=10 cash=2996.26 equity=9318.41
[SCAN] 2026-08-10T00:09:59+00:00 symbols=20 signals=0 entries=0 exits=0 blocked=0 open=10 cash=2996.26 equity=9338.78
[SCAN] 2026-08-10T00:14:59+00:00 symbols=20 signals=0 entries=0 exits=0 blocked=0 open=10 cash=2996.26 equity=9354.75
[SCAN] 2026-08-10T00:19:59+00:00 symbols=20 signals=0 entries=0 exits=0 blocked=0 open=10 cash=2996.26 equity=9341.23
[SCAN] 2026-08-10T00:24:59+00:00 symbols=20 signals=0 entries=0 exits=0 blocked=0 open=10 cash=2996.26 equity=9334.37
[SIGNAL] 2026-08-10T00:24:59+00:00 BANKTRY BUY fill_at=2026-08-10T00:29:59+00:00 features={"close": 1.866, "bb_lower": 1.8664221393572795, "bb_upper": 1.880530241595101, "rsi": 36.91582863822653, "mfi": 46.749481061830515, "atr": 0.008642857142857095}
[BLOCKED] BANKTRY reason=max_layers
[SCAN] 2026-08-10T00:29:59+00:00 symbols=20 signals=1 entries=0 exits=0 blocked=1 open=10 cash=2996.26 equity=9326.59
[SIGNAL] 2026-08-10T00:29:59+00:00 LATRY BUY fill_at=2026-08-10T00:34:59+00:00 features={"close": 2.5, "bb_lower": 2.521258895988926, "bb_upper": 2.59493158020155, "rsi": 31.929459621683137, "mfi": 34.866754225902, "atr": 0.01642857142857152}
[BLOCKED] LATRY reason=max_layers
[SCAN] 2026-08-10T00:34:59+00:00 symbols=20 signals=1 entries=0 exits=0 blocked=1 open=10 cash=2996.26 equity=9339.44
[EXIT] 2026-08-10T00:39:59+00:00 KAITOTRY reason=bb_mfi_v3_signal_exit pnl=+0.81 cash=3696.68
[SCAN] 2026-08-10T00:39:59+00:00 symbols=20 signals=0 entries=0 exits=1 blocked=0 open=9 cash=3696.68 equity=9337.42
[SCAN] 2026-08-10T00:44:59+00:00 symbols=20 signals=0 entries=0 exits=0 blocked=0 open=9 cash=3696.68 equity=9338.82
[SIGNAL] 2026-08-10T00:44:59+00:00 BANKTRY BUY fill_at=2026-08-10T00:49:59+00:00 features={"close": 1.862, "bb_lower": 1.8629133165315845, "bb_upper": 1.880134302516035, "rsi": 34.78967683043312, "mfi": 36.416137992500914, "atr": 0.007428571428571388}
[BLOCKED] BANKTRY reason=max_layers
[SCAN] 2026-08-10T00:49:59+00:00 symbols=20 signals=1 entries=0 exits=0 blocked=1 open=9 cash=3696.68 equity=9337.73
[SCAN] 2026-08-10T00:54:59+00:00 symbols=20 signals=0 entries=0 exits=0 blocked=0 open=9 cash=3696.68 equity=9347.36
[EXIT] 2026-08-10T00:59:59+00:00 BIOTRY reason=bb_mfi_v3_signal_exit pnl=+12.98 cash=4412.48
[EXIT] 2026-08-10T00:59:59+00:00 COTITRY reason=fixed_stop_loss pnl=-25.07 cash=4782.03
[SCAN] 2026-08-10T00:59:59+00:00 symbols=20 signals=0 entries=0 exits=2 blocked=0 open=7 cash=4782.03 equity=9345.63
[SIGNAL] 2026-08-10T00:59:59+00:00 COTITRY BUY fill_at=2026-08-10T01:04:59+00:00 features={"close": 0.5576, "bb_lower": 0.5616376391837226, "bb_upper": 0.5751623608162775, "rsi": 28.587317207834246, "mfi": 22.057809656298005, "atr": 0.003742857142857159}
[ENTRY] 2026-08-10T01:04:59+00:00 COTITRY layer=1 value=477.49 entry=0.55821835 cash=4303.83
[SCAN] 2026-08-10T01:04:59+00:00 symbols=20 signals=1 entries=1 exits=0 blocked=0 open=8 cash=4303.83 equity=9359.75
[SIGNAL] 2026-08-10T01:04:59+00:00 COTITRY BUY fill_at=2026-08-10T01:09:59+00:00 features={"close": 0.5595, "bb_lower": 0.5603243256095265, "bb_upper": 0.5757899601047594, "rsi": 33.228035405083574, "mfi": 19.690528282535936, "atr": 0.003885714285714302}
[ENTRY] 2026-08-10T01:09:59+00:00 COTITRY layer=2 value=429.74 entry=0.55991963 cash=3873.45
[SCAN] 2026-08-10T01:09:59+00:00 symbols=20 signals=1 entries=1 exits=0 blocked=0 open=8 cash=3873.45 equity=9353.56
[EXIT] 2026-08-10T01:14:59+00:00 VICTRY reason=fixed_stop_loss pnl=-48.29 cash=4585.46
[SCAN] 2026-08-10T01:14:59+00:00 symbols=20 signals=0 entries=0 exits=1 blocked=0 open=7 cash=4585.46 equity=9346.96
[SIGNAL] 2026-08-10T01:14:59+00:00 RETRY BUY fill_at=2026-08-10T01:19:59+00:00 features={"close": 19.14, "bb_lower": 19.180054203481095, "bb_upper": 19.552326748899855, "rsi": 35.1469441200892, "mfi": 47.19061201963144, "atr": 0.10071428571428573}
[ENTRY] 2026-08-10T01:19:59+00:00 RETRY layer=1 value=457.86 entry=19.15435500 cash=4126.91
[SCAN] 2026-08-10T01:19:59+00:00 symbols=20 signals=1 entries=1 exits=0 blocked=1 open=8 cash=4126.91 equity=9339.86
[SCAN] 2026-08-10T01:24:59+00:00 symbols=20 signals=0 entries=0 exits=0 blocked=1 open=8 cash=4126.91 equity=9341.52
[SCAN] 2026-08-10T01:29:59+00:00 symbols=20 signals=0 entries=0 exits=0 blocked=1 open=8 cash=4126.91 equity=9342.46
[SCAN] 2026-08-10T01:34:59+00:00 symbols=20 signals=0 entries=0 exits=0 blocked=0 open=8 cash=4126.91 equity=9329.08
[SCAN] 2026-08-10T01:39:59+00:00 symbols=20 signals=0 entries=0 exits=0 blocked=0 open=8 cash=4126.91 equity=9324.92
[SIGNAL] 2026-08-10T01:39:59+00:00 COTITRY BUY fill_at=2026-08-10T01:44:59+00:00 features={"close": 0.5509, "bb_lower": 0.5517030003929596, "bb_upper": 0.5780684281784693, "rsi": 24.686655448101078, "mfi": 14.72225670942997, "atr": 0.003514285714285716}
[BLOCKED] COTITRY reason=max_layers
[SCAN] 2026-08-10T01:44:59+00:00 symbols=20 signals=1 entries=0 exits=0 blocked=1 open=8 cash=4126.91 equity=9323.16
[SCAN] 2026-08-10T01:49:59+00:00 symbols=20 signals=0 entries=0 exits=0 blocked=0 open=8 cash=4126.91 equity=9329.71
[SCAN] 2026-08-10T01:54:59+00:00 symbols=20 signals=0 entries=0 exits=0 blocked=0 open=8 cash=4126.91 equity=9333.24
[SIGNAL] 2026-08-10T01:54:59+00:00 PUMPTRY BUY fill_at=2026-08-10T01:59:59+00:00 features={"close": 0.1287, "bb_lower": 0.1287255257575074, "bb_upper": 0.13349352186154023, "rsi": 41.9555326954815, "mfi": 28.28320110803361, "atr": 0.001285714285714289}
[ENTRY] 2026-08-10T01:59:59+00:00 PUMPTRY layer=1 value=412.07 entry=0.12869645 cash=3714.22
[SCAN] 2026-08-10T01:59:59+00:00 symbols=20 signals=1 entries=1 exits=0 blocked=0 open=9 cash=3714.22 equity=9334.59
[EXIT] 2026-08-10T02:04:59+00:00 VANRYTRY reason=bb_mfi_v3_signal_exit pnl=-9.53 cash=4925.09
[SCAN] 2026-08-10T02:04:59+00:00 symbols=20 signals=0 entries=0 exits=2 blocked=0 open=7 cash=4925.09 equity=9329.16
[SCAN] 2026-08-10T02:09:59+00:00 symbols=20 signals=0 entries=0 exits=0 blocked=0 open=7 cash=4925.09 equity=9338.07
[SCAN] 2026-08-10T02:14:59+00:00 symbols=20 signals=0 entries=0 exits=0 blocked=0 open=7 cash=4925.09 equity=9323.37
[SCAN] 2026-08-10T02:19:59+00:00 symbols=20 signals=0 entries=0 exits=0 blocked=0 open=7 cash=4925.09 equity=9315.46
[SCAN] 2026-08-10T02:24:59+00:00 symbols=20 signals=0 entries=0 exits=0 blocked=0 open=7 cash=4925.09 equity=9320.44
[SCAN] 2026-08-10T02:29:59+00:00 symbols=20 signals=0 entries=0 exits=0 blocked=0 open=7 cash=4925.09 equity=9323.46
[SCAN] 2026-08-10T02:34:59+00:00 symbols=20 signals=0 entries=0 exits=0 blocked=0 open=7 cash=4925.09 equity=9327.00
[SCAN] 2026-08-10T02:39:59+00:00 symbols=20 signals=0 entries=0 exits=0 blocked=0 open=7 cash=4925.09 equity=9318.69
[SCAN] 2026-08-10T02:44:59+00:00 symbols=20 signals=0 entries=0 exits=0 blocked=0 open=7 cash=4925.09 equity=9324.49
[SCAN] 2026-08-10T02:49:59+00:00 symbols=20 signals=0 entries=0 exits=0 blocked=0 open=7 cash=4925.09 equity=9330.91
[SCAN] 2026-08-10T02:54:59+00:00 symbols=20 signals=0 entries=0 exits=0 blocked=0 open=7 cash=4925.09 equity=9332.63
[SCAN] 2026-08-10T02:59:59+00:00 symbols=20 signals=0 entries=0 exits=0 blocked=0 open=7 cash=4925.09 equity=9354.03
[SCAN] 2026-08-10T03:04:59+00:00 symbols=20 signals=0 entries=0 exits=0 blocked=0 open=7 cash=4925.09 equity=9367.91
[SCAN] 2026-08-10T03:09:59+00:00 symbols=20 signals=0 entries=0 exits=0 blocked=0 open=7 cash=4925.09 equity=9367.07
[EXIT] 2026-08-10T03:14:59+00:00 HEITRY reason=fixed_take_profit pnl=+12.79 cash=5348.90
[SCAN] 2026-08-10T03:14:59+00:00 symbols=20 signals=0 entries=0 exits=1 blocked=0 open=6 cash=5348.90 equity=9362.51
[SIGNAL] 2026-08-10T03:14:59+00:00 LATRY BUY fill_at=2026-08-10T03:19:59+00:00 features={"close": 2.55, "bb_lower": 2.561594517526447, "bb_upper": 2.6174531015211713, "rsi": 38.71648864362573, "mfi": 35.70193040988842, "atr": 0.014999999999999934}
[ENTRY] 2026-08-10T03:19:59+00:00 LATRY layer=1 value=534.09 entry=2.55191250 cash=4814.01
[SCAN] 2026-08-10T03:19:59+00:00 symbols=20 signals=1 entries=1 exits=0 blocked=0 open=7 cash=4814.01 equity=9371.32
[SIGNAL] 2026-08-10T03:19:59+00:00 LATRY BUY fill_at=2026-08-10T03:24:59+00:00 features={"close": 2.55, "bb_lower": 2.5550147756788113, "bb_upper": 2.620223319559283, "rsi": 38.71648864832118, "mfi": 41.846426098471625, "atr": 0.014285714285714235}
[ENTRY] 2026-08-10T03:24:59+00:00 LATRY layer=2 value=480.68 entry=2.55191250 cash=4332.61
[SCAN] 2026-08-10T03:24:59+00:00 symbols=20 signals=1 entries=1 exits=0 blocked=0 open=7 cash=4332.61 equity=9366.95
[SCAN] 2026-08-10T03:29:59+00:00 symbols=20 signals=0 entries=0 exits=0 blocked=0 open=7 cash=4332.61 equity=9359.25
[SIGNAL] 2026-08-10T03:29:59+00:00 BIOTRY BUY fill_at=2026-08-10T03:34:59+00:00 features={"close": 1.223, "bb_lower": 1.223332779634172, "bb_upper": 1.2520005536991614, "rsi": 33.4359013214887, "mfi": 50.735632848876875, "atr": 0.004285714285714289}
[ENTRY] 2026-08-10T03:34:59+00:00 BIOTRY layer=1 value=432.61 entry=1.22291650 cash=3899.35
[SCAN] 2026-08-10T03:34:59+00:00 symbols=20 signals=1 entries=1 exits=0 blocked=0 open=8 cash=3899.35 equity=9362.35
[SCAN] 2026-08-10T03:39:59+00:00 symbols=20 signals=0 entries=0 exits=0 blocked=1 open=8 cash=3899.35 equity=9367.17
[SCAN] 2026-08-10T03:44:59+00:00 symbols=20 signals=0 entries=0 exits=0 blocked=1 open=8 cash=3899.35 equity=9352.48
[SCAN] 2026-08-10T03:49:59+00:00 symbols=20 signals=0 entries=0 exits=0 blocked=1 open=8 cash=3899.35 equity=9355.75
[SCAN] 2026-08-10T03:54:59+00:00 symbols=20 signals=0 entries=0 exits=0 blocked=2 open=8 cash=3899.35 equity=9365.84
[SCAN] 2026-08-10T03:59:59+00:00 symbols=20 signals=0 entries=0 exits=0 blocked=2 open=8 cash=3899.35 equity=9347.57
[SIGNAL] 2026-08-10T03:59:59+00:00 FIDATRY BUY fill_at=2026-08-10T04:04:59+00:00 features={"close": 0.86, "bb_lower": 0.8612676813234377, "bb_upper": 0.8723513662956099, "rsi": 34.5608400197858, "mfi": 22.243724527702753, "atr": 0.0024285714285714305}
[ENTRY] 2026-08-10T04:04:59+00:00 FIDATRY layer=1 value=389.35 entry=0.86064500 cash=3509.41
[SIGNAL] 2026-08-10T03:59:59+00:00 KAITOTRY BUY fill_at=2026-08-10T04:04:59+00:00 features={"close": 32.571, "bb_lower": 32.59964080836179, "bb_upper": 33.971787763066764, "rsi": 32.44773087879064, "mfi": 13.083908516931345, "atr": 0.20228571428571485}
[ENTRY] 2026-08-10T04:04:59+00:00 KAITOTRY layer=1 value=350.42 entry=32.55840050 cash=3158.47
[SCAN] 2026-08-10T04:04:59+00:00 symbols=20 signals=2 entries=2 exits=0 blocked=1 open=10 cash=3158.47 equity=9354.02
[SIGNAL] 2026-08-10T04:04:59+00:00 RETRY BUY fill_at=2026-08-10T04:09:59+00:00 features={"close": 19.2, "bb_lower": 19.236975613122148, "bb_upper": 19.660167244020712, "rsi": 38.41645995721045, "mfi": 17.348408492529288, "atr": 0.08785714285714263}
[ENTRY] 2026-08-10T04:09:59+00:00 RETRY layer=2 value=315.37 entry=19.27444500 cash=2842.62
[SCAN] 2026-08-10T04:09:59+00:00 symbols=20 signals=1 entries=1 exits=0 blocked=0 open=10 cash=2842.62 equity=9348.07
[SCAN] 2026-08-10T04:14:59+00:00 symbols=20 signals=0 entries=0 exits=0 blocked=0 open=10 cash=2842.62 equity=9352.48
[SCAN] 2026-08-10T04:19:59+00:00 symbols=20 signals=0 entries=0 exits=0 blocked=0 open=10 cash=2842.62 equity=9366.77
[SCAN] 2026-08-10T04:24:59+00:00 symbols=20 signals=0 entries=0 exits=0 blocked=0 open=10 cash=2842.62 equity=9351.50
[SIGNAL] 2026-08-10T04:24:59+00:00 SAHARATRY BUY fill_at=2026-08-10T04:29:59+00:00 features={"close": 0.3961, "bb_lower": 0.3976124641728626, "bb_upper": 0.40337801201761364, "rsi": 30.360330689644712, "mfi": 32.59894048185956, "atr": 0.000921428571428569}
[ENTRY] 2026-08-10T04:29:59+00:00 SAHARATRY layer=1 value=283.84 entry=0.39629700 cash=2558.36
[SCAN] 2026-08-10T04:29:59+00:00 symbols=20 signals=1 entries=1 exits=0 blocked=0 open=11 cash=2558.36 equity=9346.51
[SIGNAL] 2026-08-10T04:29:59+00:00 SAHARATRY BUY fill_at=2026-08-10T04:34:59+00:00 features={"close": 0.3964, "bb_lower": 0.39693870085388994, "bb_upper": 0.4035279658127767, "rsi": 32.55123987580387, "mfi": 33.353984481179154, "atr": 0.0009357142857142778}
[ENTRY] 2026-08-10T04:34:59+00:00 SAHARATRY layer=2 value=255.45 entry=0.39619692 cash=2302.52
[SCAN] 2026-08-10T04:34:59+00:00 symbols=20 signals=1 entries=1 exits=0 blocked=0 open=11 cash=2302.52 equity=9352.95
[SIGNAL] 2026-08-10T04:34:59+00:00 ENATRY BUY fill_at=2026-08-10T04:39:59+00:00 features={"close": 4.141, "bb_lower": 4.143356195327402, "bb_upper": 4.176262852291646, "rsi": 40.87015424589386, "mfi": 46.349679271138655, "atr": 0.007000000000000054}
[ENTRY] 2026-08-10T04:39:59+00:00 ENATRY layer=1 value=229.91 entry=4.14710800 cash=2072.27
[SCAN] 2026-08-10T04:39:59+00:00 symbols=20 signals=1 entries=1 exits=0 blocked=0 open=12 cash=2072.27 equity=9358.21
[SCAN] 2026-08-10T04:44:59+00:00 symbols=20 signals=0 entries=0 exits=0 blocked=0 open=12 cash=2072.27 equity=9370.65
[SCAN] 2026-08-10T04:49:59+00:00 symbols=20 signals=0 entries=0 exits=0 blocked=0 open=12 cash=2072.27 equity=9379.68
[EXIT] 2026-08-10T04:54:59+00:00 BIOTRY reason=bb_mfi_v3_signal_exit pnl=+9.35 cash=2514.88
[SCAN] 2026-08-10T04:54:59+00:00 symbols=20 signals=0 entries=0 exits=1 blocked=1 open=11 cash=2514.88 equity=9364.75
[SIGNAL] 2026-08-10T04:54:59+00:00 BANKTRY BUY fill_at=2026-08-10T04:59:59+00:00 features={"close": 1.868, "bb_lower": 1.8713523310895894, "bb_upper": 1.9004571927199345, "rsi": 35.78258447194433, "mfi": 25.61256570619571, "atr": 0.007071428571428554}
[BLOCKED] BANKTRY reason=max_layers
[SCAN] 2026-08-10T04:59:59+00:00 symbols=20 signals=1 entries=0 exits=0 blocked=3 open=11 cash=2514.88 equity=9362.56
[SIGNAL] 2026-08-10T04:59:59+00:00 BANKTRY BUY fill_at=2026-08-10T05:04:59+00:00 features={"close": 1.862, "bb_lower": 1.8676733623030168, "bb_upper": 1.9005171138874597, "rsi": 32.13192255493179, "mfi": 21.56199998842567, "atr": 0.008142857142857118}
[BLOCKED] BANKTRY reason=max_layers
[SCAN] 2026-08-10T05:04:59+00:00 symbols=20 signals=1 entries=0 exits=2 blocked=3 open=9 cash=3631.22 equity=9378.85
[SCAN] 2026-08-10T05:09:59+00:00 symbols=20 signals=0 entries=0 exits=0 blocked=0 open=9 cash=3631.22 equity=9388.12
[SCAN] 2026-08-10T05:14:59+00:00 symbols=20 signals=0 entries=0 exits=0 blocked=0 open=9 cash=3631.22 equity=9401.19
[SCAN] 2026-08-10T05:19:59+00:00 symbols=20 signals=0 entries=0 exits=0 blocked=1 open=9 cash=3631.22 equity=9400.98
[EXIT] 2026-08-10T05:24:59+00:00 LATRY reason=bb_mfi_v3_signal_exit pnl=+11.31 cash=4658.82
[SIGNAL] 2026-08-10T05:19:59+00:00 HEITRY BUY fill_at=2026-08-10T05:24:59+00:00 features={"close": 7.4, "bb_lower": 7.432964918353341, "bb_upper": 7.6357017483133225, "rsi": 40.197005616056785, "mfi": 44.648481365048376, "atr": 0.08578571428571426}
[ENTRY] 2026-08-10T05:24:59+00:00 HEITRY layer=1 value=465.18 entry=7.41055375 cash=4192.94
[EXIT] 2026-08-10T05:24:59+00:00 PUMPTRY reason=fixed_take_profit pnl=+12.85 cash=4618.47
[SCAN] 2026-08-10T05:24:59+00:00 symbols=20 signals=1 entries=1 exits=2 blocked=1 open=8 cash=4618.47 equity=9407.16
[SIGNAL] 2026-08-10T05:24:59+00:00 HEITRY BUY fill_at=2026-08-10T05:29:59+00:00 features={"close": 7.388, "bb_lower": 7.40960165219436, "bb_upper": 7.647255490662784, "rsi": 39.319415092460275, "mfi": 40.02705152066896, "atr": 0.0861428571428571}
[ENTRY] 2026-08-10T05:29:59+00:00 HEITRY layer=2 value=461.16 entry=7.39454175 cash=4156.63
[SCAN] 2026-08-10T05:29:59+00:00 symbols=20 signals=1 entries=1 exits=0 blocked=0 open=8 cash=4156.63 equity=9411.45
[SIGNAL] 2026-08-10T05:29:59+00:00 HEITRY BUY fill_at=2026-08-10T05:34:59+00:00 features={"close": 7.375, "bb_lower": 7.385981609058637, "bb_upper": 7.657256486179458, "rsi": 38.33712012983642, "mfi": 31.67143114302057, "atr": 0.08707142857142854}
[BLOCKED] HEITRY reason=max_layers
[SCAN] 2026-08-10T05:34:59+00:00 symbols=20 signals=1 entries=0 exits=0 blocked=1 open=8 cash=4156.63 equity=9396.52
[SIGNAL] 2026-08-10T05:34:59+00:00 HEITRY BUY fill_at=2026-08-10T05:39:59+00:00 features={"close": 7.274, "bb_lower": 7.338224960588483, "bb_upper": 7.681965515601996, "rsi": 31.67653123481358, "mfi": 29.93371804576087, "atr": 0.08649999999999995}
[BLOCKED] HEITRY reason=max_layers
[SCAN] 2026-08-10T05:39:59+00:00 symbols=20 signals=1 entries=0 exits=0 blocked=2 open=8 cash=4156.63 equity=9396.54
[EXIT] 2026-08-10T05:44:59+00:00 ENATRY reason=bb_mfi_v3_signal_exit pnl=+3.17 cash=4390.05
[SIGNAL] 2026-08-10T05:39:59+00:00 HEITRY BUY fill_at=2026-08-10T05:44:59+00:00 features={"close": 7.293, "bb_lower": 7.304271533744286, "bb_upper": 7.694299894827143, "rsi": 34.01292648479482, "mfi": 28.996352385914378, "atr": 0.07849999999999994}
[BLOCKED] HEITRY reason=max_layers
[SCAN] 2026-08-10T05:44:59+00:00 symbols=20 signals=1 entries=0 exits=1 blocked=3 open=7 cash=4390.05 equity=9388.98
[SIGNAL] 2026-08-10T05:44:59+00:00 HEITRY BUY fill_at=2026-08-10T05:49:59+00:00 features={"close": 7.203, "bb_lower": 7.252175975371012, "bb_upper": 7.715062119867085, "rsi": 28.935352627095654, "mfi": 27.54796945347212, "atr": 0.07785714285714278}
[BLOCKED] HEITRY reason=max_layers
[SCAN] 2026-08-10T05:49:59+00:00 symbols=20 signals=1 entries=0 exits=0 blocked=2 open=7 cash=4390.05 equity=9384.67
[SIGNAL] 2026-08-10T05:49:59+00:00 HEITRY BUY fill_at=2026-08-10T05:54:59+00:00 features={"close": 7.21, "bb_lower": 7.211610165487975, "bb_upper": 7.719913644035835, "rsi": 29.818137296072834, "mfi": 20.08311791274768, "atr": 0.07607142857142847}
[BLOCKED] HEITRY reason=max_layers
[SCAN] 2026-08-10T05:54:59+00:00 symbols=20 signals=1 entries=0 exits=0 blocked=1 open=7 cash=4390.05 equity=9387.49
[SCAN] 2026-08-10T05:59:59+00:00 symbols=20 signals=0 entries=0 exits=0 blocked=0 open=7 cash=4390.05 equity=9383.32
[SCAN] 2026-08-10T06:04:59+00:00 symbols=20 signals=0 entries=0 exits=1 blocked=0 open=6 cash=4931.86 equity=9371.29
[SCAN] 2026-08-10T06:09:59+00:00 symbols=20 signals=0 entries=0 exits=0 blocked=0 open=6 cash=4931.86 equity=9373.09
[SCAN] 2026-08-10T06:14:59+00:00 symbols=20 signals=0 entries=0 exits=0 blocked=0 open=6 cash=4931.86 equity=9371.12
[SCAN] 2026-08-10T06:19:59+00:00 symbols=20 signals=0 entries=0 exits=0 blocked=0 open=6 cash=4931.86 equity=9380.05
[SCAN] 2026-08-10T06:24:59+00:00 symbols=20 signals=0 entries=0 exits=0 blocked=0 open=6 cash=4931.86 equity=9379.25
[SCAN] 2026-08-10T06:29:59+00:00 symbols=20 signals=0 entries=0 exits=0 blocked=0 open=6 cash=4931.86 equity=9384.52
[SCAN] 2026-08-10T06:34:59+00:00 symbols=20 signals=0 entries=0 exits=0 blocked=0 open=6 cash=4931.86 equity=9385.94
[SIGNAL] 2026-08-10T06:34:59+00:00 RETRY BUY fill_at=2026-08-10T06:39:59+00:00 features={"close": 19.38, "bb_lower": 19.399841356201556, "bb_upper": 19.691587215227017, "rsi": 39.87797800854999, "mfi": 54.752424985451235, "atr": 0.09785714285714267}
[BLOCKED] RETRY reason=max_layers
[SCAN] 2026-08-10T06:39:59+00:00 symbols=20 signals=1 entries=0 exits=0 blocked=1 open=6 cash=4931.86 equity=9377.88
[SCAN] 2026-08-10T06:44:59+00:00 symbols=20 signals=0 entries=0 exits=0 blocked=0 open=6 cash=4931.86 equity=9365.27
[SCAN] 2026-08-10T06:49:59+00:00 symbols=20 signals=0 entries=0 exits=0 blocked=0 open=6 cash=4931.86 equity=9396.99
[SCAN] 2026-08-10T06:54:59+00:00 symbols=20 signals=0 entries=0 exits=0 blocked=0 open=6 cash=4931.86 equity=9419.76
[SCAN] 2026-08-10T06:59:59+00:00 symbols=20 signals=0 entries=0 exits=0 blocked=0 open=6 cash=4931.86 equity=9388.03
[SCAN] 2026-08-10T07:04:59+00:00 symbols=20 signals=0 entries=0 exits=0 blocked=0 open=6 cash=4931.86 equity=9394.73
[SIGNAL] 2026-08-10T07:04:59+00:00 BANKTRY BUY fill_at=2026-08-10T07:09:59+00:00 features={"close": 1.845, "bb_lower": 1.846468085762732, "bb_upper": 1.8730557237610774, "rsi": 34.64579038477929, "mfi": 40.65469599524265, "atr": 0.007642857142857141}
[BLOCKED] BANKTRY reason=max_layers
[SIGNAL] 2026-08-10T07:04:59+00:00 ZROTRY BUY fill_at=2026-08-10T07:09:59+00:00 features={"close": 41.0, "bb_lower": 41.097634117541595, "bb_upper": 41.47379445388696, "rsi": 35.72226192429177, "mfi": 22.419801402502145, "atr": 0.0714285714285694}
[ENTRY] 2026-08-10T07:09:59+00:00 ZROTRY layer=1 value=492.45 entry=40.93067500 cash=4438.67
[SCAN] 2026-08-10T07:09:59+00:00 symbols=20 signals=2 entries=1 exits=0 blocked=1 open=7 cash=4438.67 equity=9389.18
[SIGNAL] 2026-08-10T07:09:59+00:00 PUMPTRY BUY fill_at=2026-08-10T07:14:59+00:00 features={"close": 0.1339, "bb_lower": 0.1340544929902136, "bb_upper": 0.13706931653359594, "rsi": 44.97348324216913, "mfi": 52.868476389753575, "atr": 0.0010142857142857156}
[ENTRY] 2026-08-10T07:14:59+00:00 PUMPTRY layer=1 value=443.20 entry=0.13410050 cash=3994.81
[SIGNAL] 2026-08-10T07:09:59+00:00 ZROTRY BUY fill_at=2026-08-10T07:14:59+00:00 features={"close": 40.9, "bb_lower": 41.023443493975385, "bb_upper": 41.51941364888173, "rsi": 31.441675086660425, "mfi": 22.40408979890924, "atr": 0.06428571428571266}
[ENTRY] 2026-08-10T07:14:59+00:00 ZROTRY layer=2 value=398.88 entry=40.93067500 cash=3595.33
[SCAN] 2026-08-10T07:14:59+00:00 symbols=20 signals=2 entries=2 exits=0 blocked=1 open=8 cash=3595.33 equity=9391.03
[SIGNAL] 2026-08-10T07:14:59+00:00 PUMPTRY BUY fill_at=2026-08-10T07:19:59+00:00 features={"close": 0.1322, "bb_lower": 0.13334818705891374, "bb_upper": 0.13749943198870532, "rsi": 36.168031046750095, "mfi": 43.01084242453804, "atr": 0.0010285714285714284}
[ENTRY] 2026-08-10T07:19:59+00:00 PUMPTRY layer=2 value=358.99 entry=0.13229915 cash=3235.79
[SIGNAL] 2026-08-10T07:14:59+00:00 ZROTRY BUY fill_at=2026-08-10T07:19:59+00:00 features={"close": 40.9, "bb_lower": 40.96980435834606, "bb_upper": 41.515909927368206, "rsi": 31.44167508076991, "mfi": 23.36803865458687, "atr": 0.04999999999999868}
[BLOCKED] ZROTRY reason=max_layers
[SCAN] 2026-08-10T07:19:59+00:00 symbols=20 signals=2 entries=1 exits=0 blocked=2 open=8 cash=3235.79 equity=9390.37
[SIGNAL] 2026-08-10T07:19:59+00:00 PUMPTRY BUY fill_at=2026-08-10T07:24:59+00:00 features={"close": 0.1324, "bb_lower": 0.1328531654466747, "bb_upper": 0.13773731074380158, "rsi": 37.722106950617366, "mfi": 43.44224259897625, "atr": 0.0009642857142857132}
[BLOCKED] PUMPTRY reason=max_layers
[SCAN] 2026-08-10T07:24:59+00:00 symbols=20 signals=1 entries=0 exits=0 blocked=2 open=8 cash=3235.79 equity=9396.04
[SIGNAL] 2026-08-10T07:24:59+00:00 PUMPTRY BUY fill_at=2026-08-10T07:29:59+00:00 features={"close": 0.1324, "bb_lower": 0.13241305158242486, "bb_upper": 0.1378345674651942, "rsi": 37.72210695804061, "mfi": 37.35714047800912, "atr": 0.000942857142857144}
[BLOCKED] PUMPTRY reason=max_layers
[SCAN] 2026-08-10T07:29:59+00:00 symbols=20 signals=1 entries=0 exits=0 blocked=1 open=8 cash=3235.79 equity=9378.84
[EXIT] 2026-08-10T07:34:59+00:00 HEITRY reason=fixed_stop_loss pnl=-58.93 cash=4104.59
[SCAN] 2026-08-10T07:34:59+00:00 symbols=20 signals=0 entries=0 exits=1 blocked=0 open=7 cash=4104.59 equity=9348.27
[SIGNAL] 2026-08-10T07:34:59+00:00 HEITRY BUY fill_at=2026-08-10T07:39:59+00:00 features={"close": 7.063, "bb_lower": 7.096484709652997, "bb_upper": 7.275610528442239, "rsi": 32.63480465531916, "mfi": 24.731795554204666, "atr": 0.06285714285714285}
[ENTRY] 2026-08-10T07:39:59+00:00 HEITRY layer=1 value=409.84 entry=7.06829725 cash=3694.13
[SIGNAL] 2026-08-10T07:34:59+00:00 PUMPTRY BUY fill_at=2026-08-10T07:39:59+00:00 features={"close": 0.1314, "bb_lower": 0.13142498295625682, "bb_upper": 0.13799406466279085, "rsi": 32.801573550880875, "mfi": 39.7967325212263, "atr": 0.0009357142857142878}
[BLOCKED] PUMPTRY reason=max_layers
[SCAN] 2026-08-10T07:39:59+00:00 symbols=20 signals=2 entries=1 exits=0 blocked=1 open=8 cash=3694.13 equity=9341.68
[SIGNAL] 2026-08-10T07:39:59+00:00 HEITRY BUY fill_at=2026-08-10T07:44:59+00:00 features={"close": 6.933, "bb_lower": 7.033525337242232, "bb_upper": 7.312569900853004, "rsi": 25.34390941838238, "mfi": 18.19062980570378, "atr": 0.06964285714285712}
[ENTRY] 2026-08-10T07:44:59+00:00 HEITRY layer=2 value=368.86 entry=6.93519750 cash=3324.72
[SCAN] 2026-08-10T07:44:59+00:00 symbols=20 signals=1 entries=1 exits=0 blocked=0 open=8 cash=3324.72 equity=9349.29
[SIGNAL] 2026-08-10T07:44:59+00:00 HEITRY BUY fill_at=2026-08-10T07:49:59+00:00 features={"close": 6.93, "bb_lower": 6.987222338978539, "bb_upper": 7.332491946735747, "rsi": 25.20314446107659, "mfi": 17.712210430001065, "atr": 0.06807142857142853}
[BLOCKED] HEITRY reason=max_layers
[SCAN] 2026-08-10T07:49:59+00:00 symbols=20 signals=1 entries=0 exits=0 blocked=2 open=8 cash=3324.72 equity=9337.42
[SIGNAL] 2026-08-10T07:49:59+00:00 HEITRY BUY fill_at=2026-08-10T07:54:59+00:00 features={"close": 6.928, "bb_lower": 6.951163383653814, "bb_upper": 7.348836616346183, "rsi": 25.102449481515706, "mfi": 17.004540243967057, "atr": 0.06678571428571425}
[BLOCKED] HEITRY reason=max_layers
[SIGNAL] 2026-08-10T07:49:59+00:00 BANKTRY BUY fill_at=2026-08-10T07:54:59+00:00 features={"close": 1.837, "bb_lower": 1.8392630580218958, "bb_upper": 1.8712131324542949, "rsi": 34.71446074685228, "mfi": 34.55493866558378, "atr": 0.008785714285714286}
[BLOCKED] BANKTRY reason=max_layers
[SCAN] 2026-08-10T07:54:59+00:00 symbols=20 signals=2 entries=0 exits=0 blocked=2 open=8 cash=3324.72 equity=9343.20
[SCAN] 2026-08-10T07:59:59+00:00 symbols=20 signals=0 entries=0 exits=0 blocked=0 open=8 cash=3324.72 equity=9345.44
[SCAN] 2026-08-10T08:04:59+00:00 symbols=20 signals=0 entries=0 exits=1 blocked=0 open=7 cash=4222.07 equity=9355.95
[SIGNAL] 2026-08-10T08:04:59+00:00 KAITOTRY BUY fill_at=2026-08-10T08:09:59+00:00 features={"close": 32.201, "bb_lower": 32.21512616964144, "bb_upper": 32.92011192559667, "rsi": 39.62107161337026, "mfi": 49.80053870379619, "atr": 0.19664285714285715}
[ENTRY] 2026-08-10T08:09:59+00:00 KAITOTRY layer=2 value=421.57 entry=32.37826550 cash=3799.86
[SCAN] 2026-08-10T08:09:59+00:00 symbols=20 signals=1 entries=1 exits=0 blocked=0 open=7 cash=3799.86 equity=9352.44
[SCAN] 2026-08-10T08:14:59+00:00 symbols=20 signals=0 entries=0 exits=0 blocked=0 open=7 cash=3799.86 equity=9352.68
[SIGNAL] 2026-08-10T08:14:59+00:00 ALLOTRY BUY fill_at=2026-08-10T08:19:59+00:00 features={"close": 14.54, "bb_lower": 14.540242452822799, "bb_upper": 14.865471832891487, "rsi": 38.423139776949185, "mfi": 16.65414125378831, "atr": 0.06214285714285734}
[BLOCKED] ALLOTRY reason=max_layers
[SCAN] 2026-08-10T08:19:59+00:00 symbols=20 signals=1 entries=0 exits=0 blocked=1 open=7 cash=3799.86 equity=9341.25
[SIGNAL] 2026-08-10T08:19:59+00:00 RETRY BUY fill_at=2026-08-10T08:24:59+00:00 features={"close": 19.21, "bb_lower": 19.255913406637482, "bb_upper": 19.6850389743149, "rsi": 32.82782097144391, "mfi": 22.324275988282423, "atr": 0.09857142857142824}
[BLOCKED] RETRY reason=max_layers
[SIGNAL] 2026-08-10T08:19:59+00:00 ALLOTRY BUY fill_at=2026-08-10T08:24:59+00:00 features={"close": 14.51, "bb_lower": 14.513070914755504, "bb_upper": 14.865024323339737, "rsi": 36.669735332711724, "mfi": 15.861278542389272, "atr": 0.06285714285714304}
[BLOCKED] ALLOTRY reason=max_layers
[SCAN] 2026-08-10T08:24:59+00:00 symbols=20 signals=2 entries=0 exits=0 blocked=2 open=7 cash=3799.86 equity=9345.48
[SIGNAL] 2026-08-10T08:24:59+00:00 RETRY BUY fill_at=2026-08-10T08:29:59+00:00 features={"close": 19.18, "bb_lower": 19.21799853108417, "bb_upper": 19.705810992725347, "rsi": 31.539248757419458, "mfi": 19.723926021829158, "atr": 0.0985714285714285}
[BLOCKED] RETRY reason=max_layers
[SCAN] 2026-08-10T08:29:59+00:00 symbols=20 signals=1 entries=0 exits=0 blocked=1 open=7 cash=3799.86 equity=9354.04
[SIGNAL] 2026-08-10T08:29:59+00:00 RETRY BUY fill_at=2026-08-10T08:34:59+00:00 features={"close": 19.05, "bb_lower": 19.14888487631208, "bb_upper": 19.745400837973634, "rsi": 26.631841409230987, "mfi": 13.461409923211306, "atr": 0.10785714285714297}
[BLOCKED] RETRY reason=max_layers
[SCAN] 2026-08-10T08:34:59+00:00 symbols=20 signals=1 entries=0 exits=0 blocked=1 open=7 cash=3799.86 equity=9345.04
[SCAN] 2026-08-10T08:39:59+00:00 symbols=20 signals=0 entries=0 exits=0 blocked=0 open=7 cash=3799.86 equity=9344.53
[SIGNAL] 2026-08-10T08:39:59+00:00 VANRYTRY BUY fill_at=2026-08-10T08:44:59+00:00 features={"close": 0.1467, "bb_lower": 0.14690300524198313, "bb_upper": 0.14974461380563592, "rsi": 36.54380842634562, "mfi": 43.93678771486577, "atr": 0.0006999999999999983}
[ENTRY] 2026-08-10T08:44:59+00:00 VANRYTRY layer=1 value=379.42 entry=0.14791085 cash=3419.88
[SCAN] 2026-08-10T08:44:59+00:00 symbols=20 signals=1 entries=1 exits=0 blocked=0 open=8 cash=3419.88 equity=9334.53
[SCAN] 2026-08-10T08:49:59+00:00 symbols=20 signals=0 entries=0 exits=0 blocked=0 open=8 cash=3419.88 equity=9352.85
[SCAN] 2026-08-10T08:54:59+00:00 symbols=20 signals=0 entries=0 exits=0 blocked=0 open=8 cash=3419.88 equity=9372.44
[SCAN] 2026-08-10T08:59:59+00:00 symbols=20 signals=0 entries=0 exits=0 blocked=0 open=8 cash=3419.88 equity=9376.38
[SCAN] 2026-08-10T09:04:59+00:00 symbols=20 signals=0 entries=0 exits=1 blocked=0 open=7 cash=4331.34 equity=9392.10
[SIGNAL] 2026-08-10T09:04:59+00:00 HOMETRY BUY fill_at=2026-08-10T09:09:59+00:00 features={"close": 0.448, "bb_lower": 0.450184526132858, "bb_upper": 0.4654345214861899, "rsi": 35.72248595517888, "mfi": 45.37019087966277, "atr": 0.004071428571428571}
[ENTRY] 2026-08-10T09:09:59+00:00 HOMETRY layer=1 value=432.49 entry=0.44833600 cash=3898.21
[SCAN] 2026-08-10T09:09:59+00:00 symbols=20 signals=1 entries=1 exits=0 blocked=0 open=8 cash=3898.21 equity=9388.62
[SCAN] 2026-08-10T09:14:59+00:00 symbols=20 signals=0 entries=0 exits=0 blocked=0 open=8 cash=3898.21 equity=9384.08
[SCAN] 2026-08-10T09:19:59+00:00 symbols=20 signals=0 entries=0 exits=0 blocked=0 open=8 cash=3898.21 equity=9376.43
[SCAN] 2026-08-10T09:24:59+00:00 symbols=20 signals=0 entries=0 exits=0 blocked=2 open=8 cash=3898.21 equity=9382.88
[SIGNAL] 2026-08-10T09:24:59+00:00 ZROTRY BUY fill_at=2026-08-10T09:29:59+00:00 features={"close": 41.0, "bb_lower": 41.07297410553676, "bb_upper": 41.55559732303466, "rsi": 36.19590810181107, "mfi": 24.926493946109773, "atr": 0.0999999999999999}
[ENTRY] 2026-08-10T09:29:59+00:00 ZROTRY layer=1 value=389.24 entry=41.03075000 cash=3508.39
[EXIT] 2026-08-10T09:29:59+00:00 RETRY reason=fixed_take_profit pnl=+24.10 cash=4306.88
[SCAN] 2026-08-10T09:29:59+00:00 symbols=20 signals=1 entries=1 exits=1 blocked=2 open=8 cash=4306.88 equity=9380.60
[SIGNAL] 2026-08-10T09:29:59+00:00 BANKTRY BUY fill_at=2026-08-10T09:34:59+00:00 features={"close": 1.83, "bb_lower": 1.830239141842168, "bb_upper": 1.8649037153006893, "rsi": 36.20778429496059, "mfi": 36.18251697131716, "atr": 0.011214285714285732}
[BLOCKED] BANKTRY reason=max_layers
[SIGNAL] 2026-08-10T09:29:59+00:00 ZROTRY BUY fill_at=2026-08-10T09:34:59+00:00 features={"close": 41.0, "bb_lower": 41.0293083961752, "bb_upper": 41.55164398477718, "rsi": 36.195908108964005, "mfi": 21.466393773036074, "atr": 0.08571428571428592}
[ENTRY] 2026-08-10T09:34:59+00:00 ZROTRY layer=2 value=430.04 entry=40.93067500 cash=3876.19
[SCAN] 2026-08-10T09:34:59+00:00 symbols=20 signals=2 entries=1 exits=0 blocked=3 open=8 cash=3876.19 equity=9361.99
[SIGNAL] 2026-08-10T09:34:59+00:00 HEITRY BUY fill_at=2026-08-10T09:39:59+00:00 features={"close": 6.965, "bb_lower": 6.97899397158585, "bb_upper": 7.1351012665093885, "rsi": 33.69774572852346, "mfi": 43.50493618120864, "atr": 0.04799999999999992}
[BLOCKED] HEITRY reason=max_layers
[SIGNAL] 2026-08-10T09:34:59+00:00 ZROTRY BUY fill_at=2026-08-10T09:39:59+00:00 features={"close": 40.8, "bb_lower": 40.93898489355257, "bb_upper": 41.57530082073315, "rsi": 29.67573692565962, "mfi": 28.400797250658684, "atr": 0.09285714285714317}
[BLOCKED] ZROTRY reason=max_layers
[SCAN] 2026-08-10T09:39:59+00:00 symbols=20 signals=2 entries=0 exits=0 blocked=4 open=8 cash=3876.19 equity=9370.08
[SIGNAL] 2026-08-10T09:39:59+00:00 MITOTRY BUY fill_at=2026-08-10T09:44:59+00:00 features={"close": 1.104, "bb_lower": 1.1053552310909915, "bb_upper": 1.11454953081377, "rsi": 39.250181478191216, "mfi": 18.447132711099457, "atr": 0.002571428571428542}
[ENTRY] 2026-08-10T09:44:59+00:00 MITOTRY layer=1 value=387.04 entry=1.10482800 cash=3488.57
[SCAN] 2026-08-10T09:44:59+00:00 symbols=20 signals=1 entries=1 exits=0 blocked=2 open=9 cash=3488.57 equity=9376.72
[SIGNAL] 2026-08-10T09:44:59+00:00 MITOTRY BUY fill_at=2026-08-10T09:49:59+00:00 features={"close": 1.104, "bb_lower": 1.104564661466803, "bb_upper": 1.1149591480570065, "rsi": 39.250181485927605, "mfi": 18.447132711099457, "atr": 0.0022142857142856925}
[ENTRY] 2026-08-10T09:49:59+00:00 MITOTRY layer=2 value=348.33 entry=1.10482800 cash=3139.72
[SCAN] 2026-08-10T09:49:59+00:00 symbols=20 signals=1 entries=1 exits=0 blocked=0 open=9 cash=3139.72 equity=9381.87
[SCAN] 2026-08-10T09:54:59+00:00 symbols=20 signals=0 entries=0 exits=0 blocked=0 open=9 cash=3139.72 equity=9374.98
[SCAN] 2026-08-10T09:59:59+00:00 symbols=20 signals=0 entries=0 exits=0 blocked=0 open=9 cash=3139.72 equity=9377.16
[EXIT] 2026-08-10T10:04:59+00:00 HEITRY reason=fixed_take_profit pnl=+24.27 cash=5121.60
[SCAN] 2026-08-10T10:04:59+00:00 symbols=20 signals=0 entries=0 exits=3 blocked=0 open=6 cash=5121.60 equity=9388.72
[SIGNAL] 2026-08-10T10:04:59+00:00 PUMPTRY BUY fill_at=2026-08-10T10:09:59+00:00 features={"close": 0.1301, "bb_lower": 0.13031857331638974, "bb_upper": 0.13524333144551504, "rsi": 30.565458009460528, "mfi": 45.00012882724385, "atr": 0.0010071428571428573}
[BLOCKED] PUMPTRY reason=max_layers
[SCAN] 2026-08-10T10:09:59+00:00 symbols=20 signals=1 entries=0 exits=0 blocked=1 open=6 cash=5121.60 equity=9382.35
[SIGNAL] 2026-08-10T10:09:59+00:00 PUMPTRY BUY fill_at=2026-08-10T10:14:59+00:00 features={"close": 0.1296, "bb_lower": 0.12990101127323836, "bb_upper": 0.13546089348866638, "rsi": 28.494371328054896, "mfi": 40.74749954820399, "atr": 0.0009785714285714298}
[BLOCKED] PUMPTRY reason=max_layers
[SCAN] 2026-08-10T10:14:59+00:00 symbols=20 signals=1 entries=0 exits=0 blocked=1 open=6 cash=5121.60 equity=9382.36
[SCAN] 2026-08-10T10:19:59+00:00 symbols=20 signals=0 entries=0 exits=0 blocked=0 open=6 cash=5121.60 equity=9385.00
[SIGNAL] 2026-08-10T10:19:59+00:00 COTITRY BUY fill_at=2026-08-10T10:24:59+00:00 features={"close": 0.557, "bb_lower": 0.5572864833051896, "bb_upper": 0.5676944690757628, "rsi": 42.17200996830957, "mfi": 41.000127233543736, "atr": 0.00328571428571432}
[ENTRY] 2026-08-10T10:24:59+00:00 COTITRY layer=1 value=511.39 entry=0.55791813 cash=4609.44
[SCAN] 2026-08-10T10:24:59+00:00 symbols=20 signals=1 entries=1 exits=0 blocked=0 open=7 cash=4609.44 equity=9388.70
[SIGNAL] 2026-08-10T10:24:59+00:00 COTITRY BUY fill_at=2026-08-10T10:29:59+00:00 features={"close": 0.5534, "bb_lower": 0.5555827151889047, "bb_upper": 0.5685601419539524, "rsi": 37.27396504663648, "mfi": 41.17442053357822, "atr": 0.0033285714285714663}
[ENTRY] 2026-08-10T10:29:59+00:00 COTITRY layer=2 value=460.25 entry=0.55411528 cash=4148.50
[SCAN] 2026-08-10T10:29:59+00:00 symbols=20 signals=1 entries=1 exits=0 blocked=0 open=7 cash=4148.50 equity=9386.92
[SIGNAL] 2026-08-10T10:29:59+00:00 COTITRY BUY fill_at=2026-08-10T10:34:59+00:00 features={"close": 0.5512, "bb_lower": 0.5540387688455606, "bb_upper": 0.5695231359163442, "rsi": 34.61254011695293, "mfi": 37.75529310198226, "atr": 0.0031285714285714645}
[BLOCKED] COTITRY reason=max_layers
[SCAN] 2026-08-10T10:34:59+00:00 symbols=20 signals=1 entries=0 exits=0 blocked=1 open=7 cash=4148.50 equity=9387.07
[SIGNAL] 2026-08-10T10:34:59+00:00 COTITRY BUY fill_at=2026-08-10T10:39:59+00:00 features={"close": 0.5523, "bb_lower": 0.5526285039209131, "bb_upper": 0.5700953056028963, "rsi": 37.047294400863066, "mfi": 32.98761680080948, "atr": 0.003078571428571462}
[BLOCKED] COTITRY reason=max_layers
[SCAN] 2026-08-10T10:39:59+00:00 symbols=20 signals=1 entries=0 exits=0 blocked=1 open=7 cash=4148.50 equity=9384.94
[SIGNAL] 2026-08-10T10:39:59+00:00 VICTRY BUY fill_at=2026-08-10T10:44:59+00:00 features={"close": 1.34, "bb_lower": 1.3426475760507912, "bb_upper": 1.376400042996828, "rsi": 40.055900245868045, "mfi": 33.87788522121444, "atr": 0.019285714285714302}
[ENTRY] 2026-08-10T10:44:59+00:00 VICTRY layer=1 value=414.23 entry=1.34100500 cash=3733.65
[SCAN] 2026-08-10T10:44:59+00:00 symbols=20 signals=1 entries=1 exits=0 blocked=0 open=8 cash=3733.65 equity=9390.38
[SCAN] 2026-08-10T10:49:59+00:00 symbols=20 signals=0 entries=0 exits=0 blocked=0 open=8 cash=3733.65 equity=9390.05
[SCAN] 2026-08-10T10:54:59+00:00 symbols=20 signals=0 entries=0 exits=0 blocked=0 open=8 cash=3733.65 equity=9384.41
[SCAN] 2026-08-10T10:59:59+00:00 symbols=20 signals=0 entries=0 exits=0 blocked=0 open=8 cash=3733.65 equity=9384.73
[SCAN] 2026-08-10T11:04:59+00:00 symbols=20 signals=0 entries=0 exits=0 blocked=0 open=8 cash=3733.65 equity=9389.22
[SCAN] 2026-08-10T11:09:59+00:00 symbols=20 signals=0 entries=0 exits=0 blocked=0 open=8 cash=3733.65 equity=9380.05
[SCAN] 2026-08-10T11:14:59+00:00 symbols=20 signals=0 entries=0 exits=0 blocked=0 open=8 cash=3733.65 equity=9377.09
[SCAN] 2026-08-10T11:19:59+00:00 symbols=20 signals=0 entries=0 exits=0 blocked=0 open=8 cash=3733.65 equity=9374.39
[SCAN] 2026-08-10T11:24:59+00:00 symbols=20 signals=0 entries=0 exits=0 blocked=0 open=8 cash=3733.65 equity=9374.80
[SCAN] 2026-08-10T11:29:59+00:00 symbols=20 signals=0 entries=0 exits=0 blocked=0 open=8 cash=3733.65 equity=9379.23
[SCAN] 2026-08-10T11:34:59+00:00 symbols=20 signals=0 entries=0 exits=0 blocked=0 open=8 cash=3733.65 equity=9383.21
[SCAN] 2026-08-10T11:39:59+00:00 symbols=20 signals=0 entries=0 exits=0 blocked=1 open=8 cash=3733.65 equity=9393.31
[SIGNAL] 2026-08-10T11:39:59+00:00 BANKTRY BUY fill_at=2026-08-10T11:44:59+00:00 features={"close": 1.828, "bb_lower": 1.828708353276287, "bb_upper": 1.858910694342762, "rsi": 33.27231518239924, "mfi": 48.62826450047806, "atr": 0.007714285714285721}
[BLOCKED] BANKTRY reason=max_layers
[SCAN] 2026-08-10T11:44:59+00:00 symbols=20 signals=1 entries=0 exits=0 blocked=1 open=8 cash=3733.65 equity=9398.00
[SCAN] 2026-08-10T11:49:59+00:00 symbols=20 signals=0 entries=0 exits=0 blocked=1 open=8 cash=3733.65 equity=9384.57
[SCAN] 2026-08-10T11:54:59+00:00 symbols=20 signals=0 entries=0 exits=0 blocked=0 open=8 cash=3733.65 equity=9369.69
[SCAN] 2026-08-10T11:59:59+00:00 symbols=20 signals=0 entries=0 exits=0 blocked=0 open=8 cash=3733.65 equity=9366.01
[SCAN] 2026-08-10T12:04:59+00:00 symbols=20 signals=0 entries=0 exits=0 blocked=0 open=8 cash=3733.65 equity=9370.39
[SIGNAL] 2026-08-10T12:04:59+00:00 MITOTRY BUY fill_at=2026-08-10T12:09:59+00:00 features={"close": 1.116, "bb_lower": 1.1166025077285948, "bb_upper": 1.1241593970333097, "rsi": 44.93877555096705, "mfi": 21.872511303549913, "atr": 0.00199999999999997}
[ENTRY] 2026-08-10T12:09:59+00:00 MITOTRY layer=1 value=372.81 entry=1.12084000 cash=3360.28
[SCAN] 2026-08-10T12:09:59+00:00 symbols=20 signals=1 entries=1 exits=0 blocked=0 open=9 cash=3360.28 equity=9378.44
[SCAN] 2026-08-10T12:14:59+00:00 symbols=20 signals=0 entries=0 exits=0 blocked=0 open=9 cash=3360.28 equity=9388.33
[SCAN] 2026-08-10T12:19:59+00:00 symbols=20 signals=0 entries=0 exits=0 blocked=0 open=9 cash=3360.28 equity=9383.64
[SCAN] 2026-08-10T12:24:59+00:00 symbols=20 signals=0 entries=0 exits=0 blocked=0 open=9 cash=3360.28 equity=9376.61
[SCAN] 2026-08-10T12:29:59+00:00 symbols=20 signals=0 entries=0 exits=0 blocked=0 open=9 cash=3360.28 equity=9371.15
[SCAN] 2026-08-10T12:34:59+00:00 symbols=20 signals=0 entries=0 exits=0 blocked=0 open=9 cash=3360.28 equity=9364.46
[SCAN] 2026-08-10T12:39:59+00:00 symbols=20 signals=0 entries=0 exits=0 blocked=0 open=9 cash=3360.28 equity=9358.39
[SCAN] 2026-08-10T12:44:59+00:00 symbols=20 signals=0 entries=0 exits=0 blocked=0 open=9 cash=3360.28 equity=9351.36
[SCAN] 2026-08-10T12:49:59+00:00 symbols=20 signals=0 entries=0 exits=0 blocked=0 open=9 cash=3360.28 equity=9343.58
[SCAN] 2026-08-10T12:54:59+00:00 symbols=20 signals=0 entries=0 exits=0 blocked=0 open=9 cash=3360.28 equity=9342.65
[SCAN] 2026-08-10T12:59:59+00:00 symbols=20 signals=0 entries=0 exits=0 blocked=1 open=9 cash=3360.28 equity=9350.55
[SIGNAL] 2026-08-10T12:59:59+00:00 ENATRY BUY fill_at=2026-08-10T13:04:59+00:00 features={"close": 4.288, "bb_lower": 4.303024134083525, "bb_upper": 4.34669015163076, "rsi": 33.816015740766346, "mfi": 54.07443487122485, "atr": 0.011428571428571375}
[ENTRY] 2026-08-10T13:04:59+00:00 ENATRY layer=1 value=439.21 entry=4.29121600 cash=3958.84
[SCAN] 2026-08-10T13:04:59+00:00 symbols=20 signals=1 entries=1 exits=2 blocked=1 open=8 cash=3958.84 equity=9340.84
[SIGNAL] 2026-08-10T13:04:59+00:00 ENATRY BUY fill_at=2026-08-10T13:09:59+00:00 features={"close": 4.282, "bb_lower": 4.29484150091635, "bb_upper": 4.3515394514646015, "rsi": 31.812950539039477, "mfi": 44.8189430019219, "atr": 0.011142857142857057}
[ENTRY] 2026-08-10T13:09:59+00:00 ENATRY layer=2 value=395.29 entry=4.28721300 cash=3562.95
[SCAN] 2026-08-10T13:09:59+00:00 symbols=20 signals=1 entries=1 exits=0 blocked=1 open=8 cash=3562.95 equity=9350.98
[SIGNAL] 2026-08-10T13:09:59+00:00 HEITRY BUY fill_at=2026-08-10T13:14:59+00:00 features={"close": 7.06, "bb_lower": 7.083504279340292, "bb_upper": 7.3083052444692305, "rsi": 35.00060876460388, "mfi": 29.740623005686075, "atr": 0.05400000000000008}
[ENTRY] 2026-08-10T13:14:59+00:00 HEITRY layer=1 value=355.76 entry=7.07730400 cash=3206.66
[SCAN] 2026-08-10T13:14:59+00:00 symbols=20 signals=1 entries=1 exits=0 blocked=1 open=9 cash=3206.66 equity=9359.27
[SCAN] 2026-08-10T13:19:59+00:00 symbols=20 signals=0 entries=0 exits=0 blocked=1 open=9 cash=3206.66 equity=9364.54
[SCAN] 2026-08-10T13:24:59+00:00 symbols=20 signals=0 entries=0 exits=0 blocked=3 open=9 cash=3206.66 equity=9354.50
[SCAN] 2026-08-10T13:29:59+00:00 symbols=20 signals=0 entries=0 exits=0 blocked=1 open=9 cash=3206.66 equity=9355.56
[SIGNAL] 2026-08-10T13:29:59+00:00 ENATRY BUY fill_at=2026-08-10T13:34:59+00:00 features={"close": 4.272, "bb_lower": 4.276164081264879, "bb_upper": 4.354883537782738, "rsi": 34.0397514730799, "mfi": 31.18258269784026, "atr": 0.01342857142857141}
[BLOCKED] ENATRY reason=max_layers
[SCAN] 2026-08-10T13:34:59+00:00 symbols=20 signals=1 entries=0 exits=0 blocked=3 open=9 cash=3206.66 equity=9353.80
[SIGNAL] 2026-08-10T13:34:59+00:00 ENATRY BUY fill_at=2026-08-10T13:39:59+00:00 features={"close": 4.268, "bb_lower": 4.26918608283378, "bb_upper": 4.355385345737648, "rsi": 32.86660024285611, "mfi": 37.66106954977126, "atr": 0.014071428571428513}
[BLOCKED] ENATRY reason=max_layers
[SCAN] 2026-08-10T13:39:59+00:00 symbols=20 signals=1 entries=0 exits=0 blocked=2 open=9 cash=3206.66 equity=9365.81
[EXIT] 2026-08-10T13:44:59+00:00 ZROTRY reason=bb_mfi_v3_signal_exit pnl=-0.64 cash=4026.53
[SCAN] 2026-08-10T13:44:59+00:00 symbols=20 signals=0 entries=0 exits=1 blocked=0 open=8 cash=4026.53 equity=9357.66
[SCAN] 2026-08-10T13:49:59+00:00 symbols=20 signals=0 entries=0 exits=0 blocked=0 open=8 cash=4026.53 equity=9358.27
[SCAN] 2026-08-10T13:54:59+00:00 symbols=20 signals=0 entries=0 exits=0 blocked=1 open=8 cash=4026.53 equity=9359.70
[SCAN] 2026-08-10T13:59:59+00:00 symbols=20 signals=0 entries=0 exits=0 blocked=0 open=8 cash=4026.53 equity=9369.75
[SCAN] 2026-08-10T14:04:59+00:00 symbols=20 signals=0 entries=0 exits=0 blocked=0 open=8 cash=4026.53 equity=9377.72
[SIGNAL] 2026-08-10T14:04:59+00:00 BIOTRY BUY fill_at=2026-08-10T14:09:59+00:00 features={"close": 1.296, "bb_lower": 1.3008143126140166, "bb_upper": 1.3353761635764594, "rsi": 36.58890194926863, "mfi": 41.94506418863069, "atr": 0.010714285714285676}
[ENTRY] 2026-08-10T14:09:59+00:00 BIOTRY layer=1 value=402.05 entry=1.29697200 cash=3623.87
[SCAN] 2026-08-10T14:09:59+00:00 symbols=20 signals=1 entries=1 exits=0 blocked=0 open=9 cash=3623.87 equity=9369.31
[SCAN] 2026-08-10T14:14:59+00:00 symbols=20 signals=0 entries=0 exits=0 blocked=0 open=9 cash=3623.87 equity=9368.49
[EXIT] 2026-08-10T14:19:59+00:00 HEITRY reason=fixed_take_profit pnl=+11.09 cash=3991.26
[SCAN] 2026-08-10T14:19:59+00:00 symbols=20 signals=0 entries=0 exits=1 blocked=0 open=8 cash=3991.26 equity=9362.72
[SCAN] 2026-08-10T14:24:59+00:00 symbols=20 signals=0 entries=0 exits=0 blocked=0 open=8 cash=3991.26 equity=9368.44
[SCAN] 2026-08-10T14:29:59+00:00 symbols=20 signals=0 entries=0 exits=0 blocked=0 open=8 cash=3991.26 equity=9370.24
[SCAN] 2026-08-10T14:34:59+00:00 symbols=20 signals=0 entries=0 exits=0 blocked=0 open=8 cash=3991.26 equity=9369.71
[SCAN] 2026-08-10T14:39:59+00:00 symbols=20 signals=0 entries=0 exits=0 blocked=1 open=8 cash=3991.26 equity=9370.46
[SCAN] 2026-08-10T14:44:59+00:00 symbols=20 signals=0 entries=0 exits=0 blocked=0 open=8 cash=3991.26 equity=9377.41
[SCAN] 2026-08-10T14:49:59+00:00 symbols=20 signals=0 entries=0 exits=0 blocked=1 open=8 cash=3991.26 equity=9373.88
[SCAN] 2026-08-10T14:54:59+00:00 symbols=20 signals=0 entries=0 exits=0 blocked=1 open=8 cash=3991.26 equity=9371.25
[SCAN] 2026-08-10T14:59:59+00:00 symbols=20 signals=0 entries=0 exits=0 blocked=0 open=8 cash=3991.26 equity=9361.27
[SIGNAL] 2026-08-10T14:59:59+00:00 ENATRY BUY fill_at=2026-08-10T15:04:59+00:00 features={"close": 4.214, "bb_lower": 4.2224660825957105, "bb_upper": 4.2976291554995285, "rsi": 24.288324416194925, "mfi": 20.076295286510685, "atr": 0.016928571428571498}
[BLOCKED] ENATRY reason=max_layers
[SCAN] 2026-08-10T15:04:59+00:00 symbols=20 signals=1 entries=0 exits=1 blocked=1 open=7 cash=4410.41 equity=9361.29
[SCAN] 2026-08-10T15:09:59+00:00 symbols=20 signals=0 entries=0 exits=0 blocked=0 open=7 cash=4410.41 equity=9352.80
[SIGNAL] 2026-08-10T15:09:59+00:00 ENATRY BUY fill_at=2026-08-10T15:14:59+00:00 features={"close": 4.213, "bb_lower": 4.214010988321029, "bb_upper": 4.291798535488496, "rsi": 27.144112605245937, "mfi": 17.811836538739485, "atr": 0.013071428571428623}
[BLOCKED] ENATRY reason=max_layers
[SCAN] 2026-08-10T15:14:59+00:00 symbols=20 signals=1 entries=0 exits=0 blocked=2 open=7 cash=4410.41 equity=9339.99
[SIGNAL] 2026-08-10T15:14:59+00:00 FIDATRY BUY fill_at=2026-08-10T15:19:59+00:00 features={"close": 0.857, "bb_lower": 0.8577769044971076, "bb_upper": 0.8644135716933684, "rsi": 35.290345647647214, "mfi": 48.05752006276191, "atr": 0.0020000000000000018}
[ENTRY] 2026-08-10T15:19:59+00:00 FIDATRY layer=1 value=440.38 entry=0.85764275 cash=3969.37
[SIGNAL] 2026-08-10T15:14:59+00:00 ENATRY BUY fill_at=2026-08-10T15:19:59+00:00 features={"close": 4.189, "bb_lower": 4.202491025006048, "bb_upper": 4.295413736898715, "rsi": 21.684486022157458, "mfi": 24.670647260580523, "atr": 0.014357142857142893}
[BLOCKED] ENATRY reason=max_layers
[SCAN] 2026-08-10T15:19:59+00:00 symbols=20 signals=2 entries=1 exits=0 blocked=5 open=8 cash=3969.37 equity=9353.18
[SIGNAL] 2026-08-10T15:19:59+00:00 SAHARATRY BUY fill_at=2026-08-10T15:24:59+00:00 features={"close": 0.3998, "bb_lower": 0.39981784841897383, "bb_upper": 0.40615358015245495, "rsi": 33.38860355870948, "mfi": 56.73046529551641, "atr": 0.0010571428571428479}
[ENTRY] 2026-08-10T15:24:59+00:00 SAHARATRY layer=1 value=396.34 entry=0.39989970 cash=3572.43
[SCAN] 2026-08-10T15:24:59+00:00 symbols=20 signals=1 entries=1 exits=0 blocked=2 open=9 cash=3572.43 equity=9341.14
[SIGNAL] 2026-08-10T15:24:59+00:00 SAHARATRY BUY fill_at=2026-08-10T15:29:59+00:00 features={"close": 0.3984, "bb_lower": 0.39908337070272903, "bb_upper": 0.40651662929727117, "rsi": 28.55207964618809, "mfi": 52.63942877817356, "atr": 0.0010999999999999899}
[ENTRY] 2026-08-10T15:29:59+00:00 SAHARATRY layer=2 value=356.71 entry=0.39849865 cash=3215.19
[SCAN] 2026-08-10T15:29:59+00:00 symbols=20 signals=1 entries=1 exits=0 blocked=1 open=9 cash=3215.19 equity=9347.44
[SCAN] 2026-08-10T15:34:59+00:00 symbols=20 signals=0 entries=0 exits=0 blocked=0 open=9 cash=3215.19 equity=9352.38
[SCAN] 2026-08-10T15:39:59+00:00 symbols=20 signals=0 entries=0 exits=0 blocked=0 open=9 cash=3215.19 equity=9385.89
[SCAN] 2026-08-10T15:44:59+00:00 symbols=20 signals=0 entries=0 exits=0 blocked=0 open=9 cash=3215.19 equity=9386.93
[SCAN] 2026-08-10T15:49:59+00:00 symbols=20 signals=0 entries=0 exits=0 blocked=0 open=9 cash=3215.19 equity=9379.27
[SCAN] 2026-08-10T15:54:59+00:00 symbols=20 signals=0 entries=0 exits=0 blocked=1 open=9 cash=3215.19 equity=9389.64
[SCAN] 2026-08-10T15:59:59+00:00 symbols=20 signals=0 entries=0 exits=0 blocked=0 open=9 cash=3215.19 equity=9397.72
[SIGNAL] 2026-08-10T15:59:59+00:00 MITOTRY BUY fill_at=2026-08-10T16:04:59+00:00 features={"close": 1.103, "bb_lower": 1.105486222491044, "bb_upper": 1.119942348937528, "rsi": 27.225771197570182, "mfi": 23.40360268188276, "atr": 0.00199999999999997}
[ENTRY] 2026-08-10T16:04:59+00:00 MITOTRY layer=2 value=365.13 entry=1.10783025 cash=3291.13
[SCAN] 2026-08-10T16:04:59+00:00 symbols=20 signals=1 entries=1 exits=1 blocked=0 open=8 cash=3291.13 equity=9389.42
[SIGNAL] 2026-08-10T16:04:59+00:00 KAITOTRY BUY fill_at=2026-08-10T16:09:59+00:00 features={"close": 31.95, "bb_lower": 32.01417594236156, "bb_upper": 32.60191929573368, "rsi": 33.766398046496164, "mfi": 49.22543550522357, "atr": 0.19642857142857142}
[BLOCKED] KAITOTRY reason=max_layers
[SIGNAL] 2026-08-10T16:04:59+00:00 MITOTRY BUY fill_at=2026-08-10T16:09:59+00:00 features={"close": 1.104, "bb_lower": 1.1042417035702523, "bb_upper": 1.1199487726202242, "rsi": 30.6090914920819, "mfi": 22.513654751615007, "atr": 0.0024999999999999628}
[BLOCKED] MITOTRY reason=max_layers
[SCAN] 2026-08-10T16:09:59+00:00 symbols=20 signals=2 entries=0 exits=0 blocked=2 open=8 cash=3291.13 equity=9405.31
[SCAN] 2026-08-10T16:14:59+00:00 symbols=20 signals=0 entries=0 exits=0 blocked=0 open=8 cash=3291.13 equity=9386.55
[SIGNAL] 2026-08-10T16:14:59+00:00 HEITRY BUY fill_at=2026-08-10T16:19:59+00:00 features={"close": 7.296, "bb_lower": 7.314514101131883, "bb_upper": 7.650628756010973, "rsi": 41.01177541932116, "mfi": 47.8344639144766, "atr": 0.12142857142857132}
[ENTRY] 2026-08-10T16:19:59+00:00 HEITRY layer=1 value=328.62 entry=7.30047125 cash=2962.02
[SCAN] 2026-08-10T16:19:59+00:00 symbols=20 signals=1 entries=1 exits=0 blocked=0 open=9 cash=2962.02 equity=9376.21
[SCAN] 2026-08-10T16:24:59+00:00 symbols=20 signals=0 entries=0 exits=0 blocked=0 open=9 cash=2962.02 equity=9379.91
[SCAN] 2026-08-10T16:29:59+00:00 symbols=20 signals=0 entries=0 exits=0 blocked=0 open=9 cash=2962.02 equity=9368.39
[SCAN] 2026-08-10T16:34:59+00:00 symbols=20 signals=0 entries=0 exits=0 blocked=0 open=9 cash=2962.02 equity=9369.43
[SCAN] 2026-08-10T16:39:59+00:00 symbols=20 signals=0 entries=0 exits=0 blocked=1 open=9 cash=2962.02 equity=9378.59
[SCAN] 2026-08-10T16:44:59+00:00 symbols=20 signals=0 entries=0 exits=0 blocked=1 open=9 cash=2962.02 equity=9374.27
[SCAN] 2026-08-10T16:49:59+00:00 symbols=20 signals=0 entries=0 exits=0 blocked=1 open=9 cash=2962.02 equity=9371.87
[SIGNAL] 2026-08-10T16:49:59+00:00 ENATRY BUY fill_at=2026-08-10T16:54:59+00:00 features={"close": 4.178, "bb_lower": 4.178256585713028, "bb_upper": 4.2199338904774475, "rsi": 35.54127449179293, "mfi": 31.91421661878202, "atr": 0.012500000000000051}
[BLOCKED] ENATRY reason=max_layers
[SCAN] 2026-08-10T16:54:59+00:00 symbols=20 signals=1 entries=0 exits=0 blocked=2 open=9 cash=2962.02 equity=9374.05
[SIGNAL] 2026-08-10T16:54:59+00:00 ENATRY BUY fill_at=2026-08-10T16:59:59+00:00 features={"close": 4.175, "bb_lower": 4.175039106350439, "bb_upper": 4.2195323222209895, "rsi": 34.53372406707422, "mfi": 31.764775393408854, "atr": 0.012357142857142924}
[BLOCKED] ENATRY reason=max_layers
[SCAN] 2026-08-10T16:59:59+00:00 symbols=20 signals=1 entries=0 exits=0 blocked=2 open=9 cash=2962.02 equity=9354.67
[SIGNAL] 2026-08-10T16:59:59+00:00 EDENTRY BUY fill_at=2026-08-10T17:04:59+00:00 features={"close": 2.072, "bb_lower": 2.0734569814368573, "bb_upper": 2.1948287328488574, "rsi": 20.937349323805265, "mfi": 6.427791279316708, "atr": 0.016428571428571428}
[ENTRY] 2026-08-10T17:04:59+00:00 EDENTRY layer=1 value=328.67 entry=2.07155250 cash=2962.51
[SCAN] 2026-08-10T17:04:59+00:00 symbols=20 signals=1 entries=1 exits=1 blocked=0 open=9 cash=2962.51 equity=9356.06
[SCAN] 2026-08-10T17:09:59+00:00 symbols=20 signals=0 entries=0 exits=0 blocked=0 open=9 cash=2962.51 equity=9377.47
[SCAN] 2026-08-10T17:14:59+00:00 symbols=20 signals=0 entries=0 exits=0 blocked=0 open=9 cash=2962.51 equity=9398.29
[SIGNAL] 2026-08-10T17:14:59+00:00 RETRY BUY fill_at=2026-08-10T17:19:59+00:00 features={"close": 20.88, "bb_lower": 20.980137140892417, "bb_upper": 21.563672382917105, "rsi": 41.06037481206881, "mfi": 39.63096928703078, "atr": 0.21428571428571427}
[ENTRY] 2026-08-10T17:19:59+00:00 RETRY layer=1 value=295.81 entry=20.92568250 cash=2666.26
[SIGNAL] 2026-08-10T17:14:59+00:00 HOMETRY BUY fill_at=2026-08-10T17:19:59+00:00 features={"close": 0.522, "bb_lower": 0.5228869749469489, "bb_upper": 0.5839701679101938, "rsi": 42.47140006950958, "mfi": 34.448416207693, "atr": 0.02271428571428567}
[ENTRY] 2026-08-10T17:19:59+00:00 HOMETRY layer=1 value=266.23 entry=0.52139075 cash=2399.63
[SCAN] 2026-08-10T17:19:59+00:00 symbols=20 signals=2 entries=2 exits=0 blocked=0 open=11 cash=2399.63 equity=9381.21
[SCAN] 2026-08-10T17:24:59+00:00 symbols=20 signals=0 entries=0 exits=0 blocked=1 open=11 cash=2399.63 equity=9388.22
[SIGNAL] 2026-08-10T17:24:59+00:00 RETRY BUY fill_at=2026-08-10T17:29:59+00:00 features={"close": 20.83, "bb_lower": 20.877272523730742, "bb_upper": 21.604632238174023, "rsi": 40.58408967648632, "mfi": 35.627460068886876, "atr": 0.21357142857142872}
[ENTRY] 2026-08-10T17:29:59+00:00 RETRY layer=2 value=239.60 entry=20.84562250 cash=2159.67
[SCAN] 2026-08-10T17:29:59+00:00 symbols=20 signals=1 entries=1 exits=0 blocked=1 open=11 cash=2159.67 equity=9380.26
[SIGNAL] 2026-08-10T17:29:59+00:00 RETRY BUY fill_at=2026-08-10T17:34:59+00:00 features={"close": 20.74, "bb_lower": 20.795271172933447, "bb_upper": 21.624728827066555, "rsi": 38.48624478045986, "mfi": 35.54812884450989, "atr": 0.2164285714285715}
[BLOCKED] RETRY reason=max_layers
[SCAN] 2026-08-10T17:34:59+00:00 symbols=20 signals=1 entries=0 exits=0 blocked=2 open=11 cash=2159.67 equity=9379.99
[SIGNAL] 2026-08-10T17:34:59+00:00 RETRY BUY fill_at=2026-08-10T17:39:59+00:00 features={"close": 20.49, "bb_lower": 20.658659758250167, "bb_upper": 21.688006908416504, "rsi": 33.30549037702745, "mfi": 25.54186369118098, "atr": 0.22571428571428598}
[BLOCKED] RETRY reason=max_layers
[SIGNAL] 2026-08-10T17:34:59+00:00 HOMETRY BUY fill_at=2026-08-10T17:39:59+00:00 features={"close": 0.498, "bb_lower": 0.5023173958841558, "bb_upper": 0.5922540326872727, "rsi": 33.176462757072684, "mfi": 33.334185530491595, "atr": 0.019285714285714264}
[ENTRY] 2026-08-10T17:39:59+00:00 HOMETRY layer=2 value=215.64 entry=0.49837350 cash=1943.70
[SCAN] 2026-08-10T17:39:59+00:00 symbols=20 signals=2 entries=1 exits=0 blocked=2 open=11 cash=1943.70 equity=9372.71
[SIGNAL] 2026-08-10T17:39:59+00:00 RETRY BUY fill_at=2026-08-10T17:44:59+00:00 features={"close": 20.36, "bb_lower": 20.512322990464412, "bb_upper": 21.748629390487977, "rsi": 30.957889511614795, "mfi": 21.12740738245722, "atr": 0.21928571428571456}
[BLOCKED] RETRY reason=max_layers
[SCAN] 2026-08-10T17:44:59+00:00 symbols=20 signals=1 entries=0 exits=0 blocked=2 open=11 cash=1943.70 equity=9372.44
[SIGNAL] 2026-08-10T17:44:59+00:00 RETRY BUY fill_at=2026-08-10T17:49:59+00:00 features={"close": 20.39, "bb_lower": 20.403494761724055, "bb_upper": 21.757457619228326, "rsi": 32.1534626027112, "mfi": 18.08278066606357, "atr": 0.1985714285714289}
[BLOCKED] RETRY reason=max_layers
[SCAN] 2026-08-10T17:49:59+00:00 symbols=20 signals=1 entries=0 exits=0 blocked=3 open=11 cash=1943.70 equity=9357.59
[SCAN] 2026-08-10T17:54:59+00:00 symbols=20 signals=0 entries=0 exits=0 blocked=0 open=11 cash=1943.70 equity=9368.98
[SCAN] 2026-08-10T17:59:59+00:00 symbols=20 signals=0 entries=0 exits=0 blocked=0 open=11 cash=1943.70 equity=9364.33
[SCAN] 2026-08-10T18:04:59+00:00 symbols=20 signals=0 entries=0 exits=0 blocked=0 open=11 cash=1943.70 equity=9345.21
[SIGNAL] 2026-08-10T18:04:59+00:00 ALLOTRY BUY fill_at=2026-08-10T18:09:59+00:00 features={"close": 15.2, "bb_lower": 15.232842699151991, "bb_upper": 15.71953825322895, "rsi": 38.43332690811205, "mfi": 36.66293317336289, "atr": 0.13071428571428534}
[ENTRY] 2026-08-10T18:09:59+00:00 ALLOTRY layer=1 value=194.08 entry=15.22140750 cash=1749.33
[SCAN] 2026-08-10T18:09:59+00:00 symbols=20 signals=1 entries=1 exits=0 blocked=0 open=12 cash=1749.33 equity=9361.13
[SCAN] 2026-08-10T18:14:59+00:00 symbols=20 signals=0 entries=0 exits=0 blocked=0 open=12 cash=1749.33 equity=9348.72
[SCAN] 2026-08-10T18:19:59+00:00 symbols=20 signals=0 entries=0 exits=0 blocked=0 open=12 cash=1749.33 equity=9336.34
[SCAN] 2026-08-10T18:24:59+00:00 symbols=20 signals=0 entries=0 exits=0 blocked=0 open=12 cash=1749.33 equity=9343.19
[SCAN] 2026-08-10T18:29:59+00:00 symbols=20 signals=0 entries=0 exits=0 blocked=0 open=12 cash=1749.33 equity=9332.46
[SCAN] 2026-08-10T18:34:59+00:00 symbols=20 signals=0 entries=0 exits=0 blocked=0 open=12 cash=1749.33 equity=9317.04
[SIGNAL] 2026-08-10T18:34:59+00:00 ENATRY BUY fill_at=2026-08-10T18:39:59+00:00 features={"close": 4.157, "bb_lower": 4.160368645010375, "bb_upper": 4.219155164513434, "rsi": 31.96240720573654, "mfi": 7.741328153797326, "atr": 0.009928571428571318}
[BLOCKED] ENATRY reason=max_layers
[SCAN] 2026-08-10T18:39:59+00:00 symbols=20 signals=1 entries=0 exits=0 blocked=2 open=12 cash=1749.33 equity=9302.29
[SIGNAL] 2026-08-10T18:39:59+00:00 KAITOTRY BUY fill_at=2026-08-10T18:44:59+00:00 features={"close": 31.441, "bb_lower": 31.52772197500665, "bb_upper": 32.13284945356478, "rsi": 25.899801245618946, "mfi": 25.709905932913557, "atr": 0.13635714285714354}
[BLOCKED] KAITOTRY reason=max_layers
[SIGNAL] 2026-08-10T18:39:59+00:00 ENATRY BUY fill_at=2026-08-10T18:44:59+00:00 features={"close": 4.153, "bb_lower": 4.155919728342715, "bb_upper": 4.221508843085857, "rsi": 30.651139211009067, "mfi": 4.898261463788202, "atr": 0.009928571428571318}
[BLOCKED] ENATRY reason=max_layers
[SCAN] 2026-08-10T18:44:59+00:00 symbols=20 signals=2 entries=0 exits=0 blocked=3 open=12 cash=1749.33 equity=9312.69
[SIGNAL] 2026-08-10T18:44:59+00:00 KAITOTRY BUY fill_at=2026-08-10T18:49:59+00:00 features={"close": 31.428, "bb_lower": 31.465791776459927, "bb_upper": 32.13992250925436, "rsi": 25.52359605429602, "mfi": 25.81782246200848, "atr": 0.13578571428571504}
[BLOCKED] KAITOTRY reason=max_layers
[SCAN] 2026-08-10T18:49:59+00:00 symbols=20 signals=1 entries=0 exits=0 blocked=1 open=12 cash=1749.33 equity=9300.26
[SIGNAL] 2026-08-10T18:49:59+00:00 KAITOTRY BUY fill_at=2026-08-10T18:54:59+00:00 features={"close": 31.309, "bb_lower": 31.381992580277398, "bb_upper": 32.163150276865466, "rsi": 22.30998462112308, "mfi": 20.783722885099394, "atr": 0.13635714285714354}
[BLOCKED] KAITOTRY reason=max_layers
[EXIT] 2026-08-10T18:54:59+00:00 RETRY reason=fixed_stop_loss pnl=-34.06 cash=2251.48
[SCAN] 2026-08-10T18:54:59+00:00 symbols=20 signals=1 entries=0 exits=1 blocked=2 open=11 cash=2251.48 equity=9290.49
[SCAN] 2026-08-10T18:59:59+00:00 symbols=20 signals=0 entries=0 exits=0 blocked=1 open=11 cash=2251.48 equity=9295.58
[SCAN] 2026-08-10T19:04:59+00:00 symbols=20 signals=0 entries=0 exits=0 blocked=0 open=11 cash=2251.48 equity=9309.46
[EXIT] 2026-08-10T19:09:59+00:00 BANKTRY reason=bb_mfi_v3_signal_exit pnl=-21.91 cash=3125.99
[SIGNAL] 2026-08-10T19:04:59+00:00 LATRY BUY fill_at=2026-08-10T19:09:59+00:00 features={"close": 2.59, "bb_lower": 2.5904834071405043, "bb_upper": 2.621897545240448, "rsi": 38.24137290253291, "mfi": 56.24231749834985, "atr": 0.007142857142857181}
[ENTRY] 2026-08-10T19:09:59+00:00 LATRY layer=1 value=312.13 entry=2.60195000 cash=2813.39
[SCAN] 2026-08-10T19:09:59+00:00 symbols=20 signals=1 entries=1 exits=1 blocked=0 open=11 cash=2813.39 equity=9309.87
[SIGNAL] 2026-08-10T19:09:59+00:00 LATRY BUY fill_at=2026-08-10T19:14:59+00:00 features={"close": 2.59, "bb_lower": 2.5904834071405043, "bb_upper": 2.621897545240448, "rsi": 38.24137290548678, "mfi": 57.4161849809981, "atr": 0.006428571428571482}
[ENTRY] 2026-08-10T19:14:59+00:00 LATRY layer=2 value=280.92 entry=2.59194250 cash=2532.05
[SCAN] 2026-08-10T19:14:59+00:00 symbols=20 signals=1 entries=1 exits=0 blocked=1 open=11 cash=2532.05 equity=9315.48
[SCAN] 2026-08-10T19:19:59+00:00 symbols=20 signals=0 entries=0 exits=0 blocked=1 open=11 cash=2532.05 equity=9319.15
[SCAN] 2026-08-10T19:24:59+00:00 symbols=20 signals=0 entries=0 exits=0 blocked=1 open=11 cash=2532.05 equity=9325.25
[EXIT] 2026-08-10T19:29:59+00:00 HOMETRY reason=fixed_stop_loss pnl=-30.65 cash=2983.99
[SCAN] 2026-08-10T19:29:59+00:00 symbols=20 signals=0 entries=0 exits=1 blocked=0 open=10 cash=2983.99 equity=9310.35
[SIGNAL] 2026-08-10T19:29:59+00:00 ALLOTRY BUY fill_at=2026-08-10T19:34:59+00:00 features={"close": 14.97, "bb_lower": 14.976125653102486, "bb_upper": 15.381969584992756, "rsi": 35.91525164705581, "mfi": 33.867745466225784, "atr": 0.09428571428571379}
[ENTRY] 2026-08-10T19:34:59+00:00 ALLOTRY layer=2 value=297.95 entry=14.97122000 cash=2685.59
[SCAN] 2026-08-10T19:34:59+00:00 symbols=20 signals=1 entries=1 exits=0 blocked=0 open=10 cash=2685.59 equity=9307.67
[SIGNAL] 2026-08-10T19:34:59+00:00 HOMETRY BUY fill_at=2026-08-10T19:39:59+00:00 features={"close": 0.472, "bb_lower": 0.47619055129957094, "bb_upper": 0.5063808772718577, "rsi": 28.909309769925983, "mfi": 36.7889070427775, "atr": 0.007000000000000006}
[ENTRY] 2026-08-10T19:39:59+00:00 HOMETRY layer=1 value=268.16 entry=0.47335475 cash=2417.03
[SIGNAL] 2026-08-10T19:34:59+00:00 LATRY BUY fill_at=2026-08-10T19:39:59+00:00 features={"close": 2.58, "bb_lower": 2.5813493527797404, "bb_upper": 2.624364932934545, "rsi": 35.37845086398444, "mfi": 41.95018495808778, "atr": 0.008571428571428643}
[BLOCKED] LATRY reason=max_layers
[SIGNAL] 2026-08-10T19:34:59+00:00 ALLOTRY BUY fill_at=2026-08-10T19:39:59+00:00 features={"close": 14.95, "bb_lower": 14.957532898372826, "bb_upper": 15.357705196865268, "rsi": 35.003853633207825, "mfi": 27.579222120036263, "atr": 0.09428571428571393}
[BLOCKED] ALLOTRY reason=max_layers
[SCAN] 2026-08-10T19:39:59+00:00 symbols=20 signals=3 entries=1 exits=0 blocked=4 open=11 cash=2417.03 equity=9315.71
[SCAN] 2026-08-10T19:44:59+00:00 symbols=20 signals=0 entries=0 exits=0 blocked=2 open=11 cash=2417.03 equity=9319.71
[SIGNAL] 2026-08-10T19:44:59+00:00 HOMETRY BUY fill_at=2026-08-10T19:49:59+00:00 features={"close": 0.473, "bb_lower": 0.47313526650519244, "bb_upper": 0.5039123525424266, "rsi": 32.5183353236131, "mfi": 40.41884386686192, "atr": 0.006285714285714291}
[ENTRY] 2026-08-10T19:49:59+00:00 HOMETRY layer=2 value=241.34 entry=0.47335475 cash=2175.33
[SIGNAL] 2026-08-10T19:44:59+00:00 ALLOTRY BUY fill_at=2026-08-10T19:49:59+00:00 features={"close": 14.92, "bb_lower": 14.925885419067278, "bb_upper": 15.31792410474225, "rsi": 35.25396464918599, "mfi": 38.989019620452936, "atr": 0.09142857142857112}
[BLOCKED] ALLOTRY reason=max_layers
[SCAN] 2026-08-10T19:49:59+00:00 symbols=20 signals=2 entries=1 exits=0 blocked=1 open=11 cash=2175.33 equity=9315.31
[SIGNAL] 2026-08-10T19:49:59+00:00 ALLOTRY BUY fill_at=2026-08-10T19:54:59+00:00 features={"close": 14.88, "bb_lower": 14.888769064386686, "bb_upper": 15.324564268946649, "rsi": 33.43754479017073, "mfi": 40.501975665274884, "atr": 0.09357142857142835}
[BLOCKED] ALLOTRY reason=max_layers
[SCAN] 2026-08-10T19:54:59+00:00 symbols=20 signals=1 entries=0 exits=0 blocked=1 open=11 cash=2175.33 equity=9318.51
[SCAN] 2026-08-10T19:59:59+00:00 symbols=20 signals=0 entries=0 exits=0 blocked=0 open=11 cash=2175.33 equity=9313.18
[SIGNAL] 2026-08-10T19:59:59+00:00 LATRY BUY fill_at=2026-08-10T20:04:59+00:00 features={"close": 2.57, "bb_lower": 2.572933628926432, "bb_upper": 2.623256847264044, "rsi": 35.42229124904716, "mfi": 1.3271861805606733, "atr": 0.01142857142857147}
[BLOCKED] LATRY reason=max_layers
[SCAN] 2026-08-10T20:04:59+00:00 symbols=20 signals=1 entries=0 exits=0 blocked=1 open=11 cash=2175.33 equity=9312.29
[SCAN] 2026-08-10T20:09:59+00:00 symbols=20 signals=0 entries=0 exits=0 blocked=0 open=11 cash=2175.33 equity=9311.61
[SCAN] 2026-08-10T20:14:59+00:00 symbols=20 signals=0 entries=0 exits=0 blocked=0 open=11 cash=2175.33 equity=9320.62
[SIGNAL] 2026-08-10T20:14:59+00:00 RETRY BUY fill_at=2026-08-10T20:19:59+00:00 features={"close": 19.33, "bb_lower": 19.35447211578146, "bb_upper": 19.87981359850426, "rsi": 25.020592708041733, "mfi": 32.13789886231872, "atr": 0.11285714285714274}
[ENTRY] 2026-08-10T20:19:59+00:00 RETRY layer=1 value=217.21 entry=19.33449000 cash=1957.80
[SCAN] 2026-08-10T20:19:59+00:00 symbols=20 signals=1 entries=1 exits=0 blocked=0 open=12 cash=1957.80 equity=9315.53
[SIGNAL] 2026-08-10T20:19:59+00:00 RETRY BUY fill_at=2026-08-10T20:24:59+00:00 features={"close": 19.32, "bb_lower": 19.327920404675005, "bb_upper": 19.852079595325, "rsi": 24.72871724073555, "mfi": 32.1070255560345, "atr": 0.11214285714285717}
[ENTRY] 2026-08-10T20:24:59+00:00 RETRY layer=2 value=195.49 entry=19.33449000 cash=1762.02
[SCAN] 2026-08-10T20:24:59+00:00 symbols=20 signals=1 entries=1 exits=0 blocked=0 open=12 cash=1762.02 equity=9306.67
[SCAN] 2026-08-10T20:29:59+00:00 symbols=20 signals=0 entries=0 exits=0 blocked=0 open=12 cash=1762.02 equity=9314.30
[SCAN] 2026-08-10T20:34:59+00:00 symbols=20 signals=0 entries=0 exits=0 blocked=0 open=12 cash=1762.02 equity=9308.98
[EXIT] 2026-08-10T20:39:59+00:00 KAITOTRY reason=bb_mfi_v3_signal_exit pnl=-11.79 cash=2523.38
[SCAN] 2026-08-10T20:39:59+00:00 symbols=20 signals=0 entries=0 exits=1 blocked=0 open=11 cash=2523.38 equity=9309.23
[EXIT] 2026-08-10T20:44:59+00:00 MITOTRY reason=bb_mfi_v3_signal_exit pnl=-3.67 cash=3258.76
[SCAN] 2026-08-10T20:44:59+00:00 symbols=20 signals=0 entries=0 exits=1 blocked=0 open=10 cash=3258.76 equity=9304.58
[SCAN] 2026-08-10T20:49:59+00:00 symbols=20 signals=0 entries=0 exits=0 blocked=0 open=10 cash=3258.76 equity=9299.92
[SIGNAL] 2026-08-10T20:49:59+00:00 HOMETRY BUY fill_at=2026-08-10T20:54:59+00:00 features={"close": 0.456, "bb_lower": 0.4565742602018015, "bb_upper": 0.49180669217915074, "rsi": 25.2008349735994, "mfi": 32.093656168177034, "atr": 0.005071428571428564}
[BLOCKED] HOMETRY reason=max_layers
[SCAN] 2026-08-10T20:54:59+00:00 symbols=20 signals=1 entries=0 exits=0 blocked=1 open=10 cash=3258.76 equity=9302.06
[SCAN] 2026-08-10T20:59:59+00:00 symbols=20 signals=0 entries=0 exits=0 blocked=0 open=10 cash=3258.76 equity=9292.82
[SCAN] 2026-08-10T21:04:59+00:00 symbols=20 signals=0 entries=0 exits=0 blocked=0 open=10 cash=3258.76 equity=9301.91
[SCAN] 2026-08-10T21:09:59+00:00 symbols=20 signals=0 entries=0 exits=0 blocked=0 open=10 cash=3258.76 equity=9293.47
[SIGNAL] 2026-08-10T21:09:59+00:00 COTITRY BUY fill_at=2026-08-10T21:14:59+00:00 features={"close": 0.5451, "bb_lower": 0.5460730742690857, "bb_upper": 0.5555650209690096, "rsi": 30.984726590890958, "mfi": 13.059526504324893, "atr": 0.00192142857142855}
[BLOCKED] COTITRY reason=max_layers
[SCAN] 2026-08-10T21:14:59+00:00 symbols=20 signals=1 entries=0 exits=0 blocked=1 open=10 cash=3258.76 equity=9276.12
[SIGNAL] 2026-08-10T21:14:59+00:00 COTITRY BUY fill_at=2026-08-10T21:19:59+00:00 features={"close": 0.5436, "bb_lower": 0.5448021152318706, "bb_upper": 0.5560455038157485, "rsi": 28.388327022620345, "mfi": 14.861567453658239, "atr": 0.0018999999999999811}
[BLOCKED] COTITRY reason=max_layers
[SCAN] 2026-08-10T21:19:59+00:00 symbols=20 signals=1 entries=0 exits=0 blocked=3 open=10 cash=3258.76 equity=9273.13
[SIGNAL] 2026-08-10T21:19:59+00:00 COTITRY BUY fill_at=2026-08-10T21:24:59+00:00 features={"close": 0.5433, "bb_lower": 0.5438074713496973, "bb_upper": 0.5565258619836361, "rsi": 27.882104463231045, "mfi": 15.662262203114054, "atr": 0.0017785714285714072}
[BLOCKED] COTITRY reason=max_layers
[SCAN] 2026-08-10T21:24:59+00:00 symbols=20 signals=1 entries=0 exits=0 blocked=1 open=10 cash=3258.76 equity=9256.50
[SIGNAL] 2026-08-10T21:24:59+00:00 COTITRY BUY fill_at=2026-08-10T21:29:59+00:00 features={"close": 0.5394, "bb_lower": 0.5418787656837032, "bb_upper": 0.5575498057448682, "rsi": 22.28544919196166, "mfi": 16.989703116106057, "atr": 0.001757142857142838}
[BLOCKED] COTITRY reason=max_layers
[SIGNAL] 2026-08-10T21:24:59+00:00 VANRYTRY BUY fill_at=2026-08-10T21:29:59+00:00 features={"close": 0.1446, "bb_lower": 0.14462826423554537, "bb_upper": 0.14817173576445464, "rsi": 39.29095438743586, "mfi": 39.50849022999254, "atr": 0.0011142857142857165}
[ENTRY] 2026-08-10T21:29:59+00:00 VANRYTRY layer=1 value=325.39 entry=0.14460837 cash=2932.88
[SCAN] 2026-08-10T21:29:59+00:00 symbols=20 signals=2 entries=1 exits=0 blocked=4 open=11 cash=2932.88 equity=9267.88
[SIGNAL] 2026-08-10T21:29:59+00:00 VANRYTRY BUY fill_at=2026-08-10T21:34:59+00:00 features={"close": 0.1443, "bb_lower": 0.1443135657541168, "bb_upper": 0.14821976757921657, "rsi": 38.08494449561911, "mfi": 42.02839008788521, "atr": 0.0011285714285714313}
[ENTRY] 2026-08-10T21:34:59+00:00 VANRYTRY layer=2 value=292.85 entry=0.14440823 cash=2639.59
[SCAN] 2026-08-10T21:34:59+00:00 symbols=20 signals=1 entries=1 exits=0 blocked=2 open=11 cash=2639.59 equity=9278.65
[SCAN] 2026-08-10T21:39:59+00:00 symbols=20 signals=0 entries=0 exits=0 blocked=1 open=11 cash=2639.59 equity=9272.55
[SIGNAL] 2026-08-10T21:39:59+00:00 VANRYTRY BUY fill_at=2026-08-10T21:44:59+00:00 features={"close": 0.1437, "bb_lower": 0.14378758699045346, "bb_upper": 0.14806003205716556, "rsi": 35.5254619138467, "mfi": 48.6263813840952, "atr": 0.0011142857142857146}
[BLOCKED] VANRYTRY reason=max_layers
[SCAN] 2026-08-10T21:44:59+00:00 symbols=20 signals=1 entries=0 exits=0 blocked=1 open=11 cash=2639.59 equity=9255.65
[SIGNAL] 2026-08-10T21:44:59+00:00 PUMPTRY BUY fill_at=2026-08-10T21:49:59+00:00 features={"close": 0.1327, "bb_lower": 0.13299783471642707, "bb_upper": 0.1349164509978586, "rsi": 40.847440646545174, "mfi": 42.57552584071944, "atr": 0.0006642857142857105}
[BLOCKED] PUMPTRY reason=max_layers
[SIGNAL] 2026-08-10T21:44:59+00:00 VANRYTRY BUY fill_at=2026-08-10T21:49:59+00:00 features={"close": 0.1428, "bb_lower": 0.143302382134582, "bb_upper": 0.14809761786541795, "rsi": 32.02778898884473, "mfi": 43.90535930103346, "atr": 0.0011785714285714257}
[BLOCKED] VANRYTRY reason=max_layers
[SCAN] 2026-08-10T21:49:59+00:00 symbols=20 signals=2 entries=0 exits=0 blocked=2 open=11 cash=2639.59 equity=9240.58
[SIGNAL] 2026-08-10T21:49:59+00:00 VANRYTRY BUY fill_at=2026-08-10T21:54:59+00:00 features={"close": 0.14, "bb_lower": 0.14204086048581976, "bb_upper": 0.1486639014189421, "rsi": 24.04793600469982, "mfi": 41.07340825717094, "atr": 0.001328571428571425}
[BLOCKED] VANRYTRY reason=max_layers
[SCAN] 2026-08-10T21:54:59+00:00 symbols=20 signals=1 entries=0 exits=0 blocked=1 open=11 cash=2639.59 equity=9247.11
[SIGNAL] 2026-08-10T21:54:59+00:00 VANRYTRY BUY fill_at=2026-08-10T21:59:59+00:00 features={"close": 0.1408, "bb_lower": 0.141290428332439, "bb_upper": 0.14887147642946574, "rsi": 29.485918992962098, "mfi": 38.262743232177435, "atr": 0.0013214285714285667}
[BLOCKED] VANRYTRY reason=max_layers
[SCAN] 2026-08-10T21:59:59+00:00 symbols=20 signals=1 entries=0 exits=0 blocked=2 open=11 cash=2639.59 equity=9246.26
[SCAN] 2026-08-10T22:04:59+00:00 symbols=20 signals=0 entries=0 exits=0 blocked=0 open=11 cash=2639.59 equity=9237.94
[SIGNAL] 2026-08-10T22:04:59+00:00 BIOTRY BUY fill_at=2026-08-10T22:09:59+00:00 features={"close": 1.263, "bb_lower": 1.264240813574549, "bb_upper": 1.2850925197587837, "rsi": 37.24048161980065, "mfi": 33.64779788240955, "atr": 0.0034999999999999953}
[ENTRY] 2026-08-10T22:09:59+00:00 BIOTRY layer=2 value=263.56 entry=1.26394725 cash=2375.63
[SIGNAL] 2026-08-10T22:04:59+00:00 PIXELTRY BUY fill_at=2026-08-10T22:09:59+00:00 features={"close": 0.214, "bb_lower": 0.21401845252620327, "bb_upper": 0.21645773794998724, "rsi": 38.78459801801175, "mfi": 19.42420499553846, "atr": 0.0005000000000000004}
[ENTRY] 2026-08-10T22:09:59+00:00 PIXELTRY layer=1 value=237.21 entry=0.21315975 cash=2138.07
[SCAN] 2026-08-10T22:09:59+00:00 symbols=20 signals=2 entries=2 exits=0 blocked=1 open=12 cash=2138.07 equity=9251.99
[SIGNAL] 2026-08-10T22:09:59+00:00 VANRYTRY BUY fill_at=2026-08-10T22:14:59+00:00 features={"close": 0.1392, "bb_lower": 0.13935330300706478, "bb_upper": 0.1488943160405542, "rsi": 26.160931128099293, "mfi": 37.06945200912542, "atr": 0.0014071428571428549}
[BLOCKED] VANRYTRY reason=max_layers
[SCAN] 2026-08-10T22:14:59+00:00 symbols=20 signals=1 entries=0 exits=0 blocked=2 open=12 cash=2138.07 equity=9254.94
[EXIT] 2026-08-10T22:19:59+00:00 EDENTRY reason=bb_mfi_v3_signal_exit pnl=+4.22 cash=2471.46
[SCAN] 2026-08-10T22:19:59+00:00 symbols=20 signals=0 entries=0 exits=1 blocked=1 open=11 cash=2471.46 equity=9262.75
[EXIT] 2026-08-10T22:24:59+00:00 HOMETRY reason=fixed_stop_loss pnl=-32.41 cash=2949.31
[SCAN] 2026-08-10T22:24:59+00:00 symbols=20 signals=0 entries=0 exits=1 blocked=0 open=10 cash=2949.31 equity=9250.22
[SIGNAL] 2026-08-10T22:24:59+00:00 HOMETRY BUY fill_at=2026-08-10T22:29:59+00:00 features={"close": 0.442, "bb_lower": 0.4426689282063743, "bb_upper": 0.4597120241745782, "rsi": 31.58006499690474, "mfi": 34.924415829768705, "atr": 0.004428571428571433}
[ENTRY] 2026-08-10T22:29:59+00:00 HOMETRY layer=1 value=294.49 entry=0.44233150 cash=2654.38
[SCAN] 2026-08-10T22:29:59+00:00 symbols=20 signals=1 entries=1 exits=0 blocked=0 open=11 cash=2654.38 equity=9248.87
[SCAN] 2026-08-10T22:34:59+00:00 symbols=20 signals=0 entries=0 exits=0 blocked=0 open=11 cash=2654.38 equity=9241.11
[SCAN] 2026-08-10T22:39:59+00:00 symbols=20 signals=0 entries=0 exits=0 blocked=0 open=11 cash=2654.38 equity=9235.16
[SIGNAL] 2026-08-10T22:39:59+00:00 HOMETRY BUY fill_at=2026-08-10T22:44:59+00:00 features={"close": 0.439, "bb_lower": 0.4394047917413047, "bb_upper": 0.458404732068219, "rsi": 28.765120745066938, "mfi": 31.007909097176878, "atr": 0.004142857142857147}
[ENTRY] 2026-08-10T22:44:59+00:00 HOMETRY layer=2 value=265.04 entry=0.43932925 cash=2388.94
[SCAN] 2026-08-10T22:44:59+00:00 symbols=20 signals=1 entries=1 exits=0 blocked=1 open=11 cash=2388.94 equity=9247.60
[SCAN] 2026-08-10T22:49:59+00:00 symbols=20 signals=0 entries=0 exits=0 blocked=1 open=11 cash=2388.94 equity=9249.90
[SIGNAL] 2026-08-10T22:49:59+00:00 KAITOTRY BUY fill_at=2026-08-10T22:54:59+00:00 features={"close": 31.827, "bb_lower": 31.832020398200516, "bb_upper": 32.310455792275675, "rsi": 33.98169775066468, "mfi": 44.22938474497456, "atr": 0.04728571428571371}
[ENTRY] 2026-08-10T22:54:59+00:00 KAITOTRY layer=1 value=238.54 entry=31.87688975 cash=2150.05
[SCAN] 2026-08-10T22:54:59+00:00 symbols=20 signals=1 entries=1 exits=0 blocked=0 open=12 cash=2150.05 equity=9251.36
[SIGNAL] 2026-08-10T22:54:59+00:00 ALLOTRY BUY fill_at=2026-08-10T22:59:59+00:00 features={"close": 14.69, "bb_lower": 14.690025785459756, "bb_upper": 14.83949802406405, "rsi": 35.37606605691599, "mfi": 30.37674899778895, "atr": 0.04571428571428563}
[BLOCKED] ALLOTRY reason=max_layers
[SCAN] 2026-08-10T22:59:59+00:00 symbols=20 signals=1 entries=0 exits=0 blocked=1 open=12 cash=2150.05 equity=9236.73
[SCAN] 2026-08-10T23:04:59+00:00 symbols=20 signals=0 entries=0 exits=2 blocked=0 open=10 cash=3192.83 equity=9223.94
[SIGNAL] 2026-08-10T23:04:59+00:00 HOMETRY BUY fill_at=2026-08-10T23:09:59+00:00 features={"close": 0.434, "bb_lower": 0.4343249019165232, "bb_upper": 0.4555798599882387, "rsi": 26.25220559864296, "mfi": 42.04085224726714, "atr": 0.0038571428571428606}
[BLOCKED] HOMETRY reason=max_layers
[SIGNAL] 2026-08-10T23:04:59+00:00 ALLOTRY BUY fill_at=2026-08-10T23:09:59+00:00 features={"close": 14.66, "bb_lower": 14.665663641477886, "bb_upper": 14.844812548998304, "rsi": 33.2432826273906, "mfi": 34.86148578376776, "atr": 0.042142857142857135}
[BLOCKED] ALLOTRY reason=max_layers
[SCAN] 2026-08-10T23:09:59+00:00 symbols=20 signals=2 entries=0 exits=0 blocked=2 open=10 cash=3192.83 equity=9235.84
[SIGNAL] 2026-08-10T23:09:59+00:00 BANKTRY BUY fill_at=2026-08-10T23:14:59+00:00 features={"close": 1.847, "bb_lower": 1.847781804743422, "bb_upper": 1.8673610523994353, "rsi": 39.7102675646189, "mfi": 56.9631043533965, "atr": 0.0062857142857142756}
[ENTRY] 2026-08-10T23:14:59+00:00 BANKTRY layer=1 value=318.80 entry=1.84938600 cash=2873.55
[SCAN] 2026-08-10T23:14:59+00:00 symbols=20 signals=1 entries=1 exits=0 blocked=0 open=11 cash=2873.55 equity=9240.66
[SIGNAL] 2026-08-10T23:14:59+00:00 BANKTRY BUY fill_at=2026-08-10T23:19:59+00:00 features={"close": 1.845, "bb_lower": 1.8459698957350954, "bb_upper": 1.8682205804553809, "rsi": 38.053816724136794, "mfi": 53.314647181719764, "atr": 0.005785714285714267}
[ENTRY] 2026-08-10T23:19:59+00:00 BANKTRY layer=2 value=286.92 entry=1.84738450 cash=2586.19
[SCAN] 2026-08-10T23:19:59+00:00 symbols=20 signals=1 entries=1 exits=0 blocked=0 open=11 cash=2586.19 equity=9239.68
[SCAN] 2026-08-10T23:24:59+00:00 symbols=20 signals=0 entries=0 exits=0 blocked=1 open=11 cash=2586.19 equity=9237.74
[SIGNAL] 2026-08-10T23:24:59+00:00 BANKTRY BUY fill_at=2026-08-10T23:29:59+00:00 features={"close": 1.842, "bb_lower": 1.8422171829232576, "bb_upper": 1.8690209123148378, "rsi": 35.97777630012523, "mfi": 37.861416640445555, "atr": 0.00592857142857141}
[BLOCKED] BANKTRY reason=max_layers
[SCAN] 2026-08-10T23:29:59+00:00 symbols=20 signals=1 entries=0 exits=0 blocked=1 open=11 cash=2586.19 equity=9242.47
[SCAN] 2026-08-10T23:34:59+00:00 symbols=20 signals=0 entries=0 exits=0 blocked=0 open=11 cash=2586.19 equity=9232.16
[SCAN] 2026-08-10T23:39:59+00:00 symbols=20 signals=0 entries=0 exits=0 blocked=0 open=11 cash=2586.19 equity=9230.80
[SCAN] 2026-08-10T23:44:59+00:00 symbols=20 signals=0 entries=0 exits=0 blocked=1 open=11 cash=2586.19 equity=9236.52
[SCAN] 2026-08-10T23:49:59+00:00 symbols=20 signals=0 entries=0 exits=0 blocked=0 open=11 cash=2586.19 equity=9234.50
[SCAN] 2026-08-10T23:54:59+00:00 symbols=20 signals=0 entries=0 exits=0 blocked=0 open=11 cash=2586.19 equity=9235.58
[SCAN] 2026-08-10T23:59:59+00:00 symbols=20 signals=0 entries=0 exits=0 blocked=0 open=11 cash=2586.19 equity=9242.16
[SCAN] 2026-08-11T00:04:59+00:00 symbols=20 signals=0 entries=0 exits=0 blocked=0 open=11 cash=2586.19 equity=9246.95
[SIGNAL] 2026-08-11T00:04:59+00:00 KAITOTRY BUY fill_at=2026-08-11T00:09:59+00:00 features={"close": 31.365, "bb_lower": 31.584861561112135, "bb_upper": 32.12323367698311, "rsi": 28.729382091076005, "mfi": 13.633005266854084, "atr": 0.1490000000000004}
[ENTRY] 2026-08-11T00:09:59+00:00 KAITOTRY layer=2 value=258.23 entry=31.37151100 cash=2327.57
[SCAN] 2026-08-11T00:09:59+00:00 symbols=20 signals=1 entries=1 exits=0 blocked=0 open=11 cash=2327.57 equity=9242.42
[SIGNAL] 2026-08-11T00:09:59+00:00 KAITOTRY BUY fill_at=2026-08-11T00:14:59+00:00 features={"close": 31.02, "bb_lower": 31.369284719633107, "bb_upper": 32.24471528036689, "rsi": 22.19982669706866, "mfi": 16.16166940728496, "atr": 0.16571428571428598}
[BLOCKED] KAITOTRY reason=max_layers
[SCAN] 2026-08-11T00:14:59+00:00 symbols=20 signals=1 entries=0 exits=0 blocked=1 open=11 cash=2327.57 equity=9270.69
[EXIT] 2026-08-11T00:19:59+00:00 LATRY reason=bb_mfi_v3_signal_exit pnl=+2.97 cash=2924.48
[SIGNAL] 2026-08-11T00:14:59+00:00 KAITOTRY BUY fill_at=2026-08-11T00:19:59+00:00 features={"close": 30.989, "bb_lower": 31.209190814851638, "bb_upper": 32.307285375624566, "rsi": 21.719310483610613, "mfi": 15.777817059241642, "atr": 0.1645000000000003}
[BLOCKED] KAITOTRY reason=max_layers
[SCAN] 2026-08-11T00:19:59+00:00 symbols=20 signals=1 entries=0 exits=1 blocked=1 open=10 cash=2924.48 equity=9272.12
[SIGNAL] 2026-08-11T00:19:59+00:00 KAITOTRY BUY fill_at=2026-08-11T00:24:59+00:00 features={"close": 31.027, "bb_lower": 31.092403485301382, "bb_upper": 32.3317869908891, "rsi": 23.906517810532847, "mfi": 24.112331840202216, "atr": 0.16021428571428611}
[BLOCKED] KAITOTRY reason=max_layers
[SCAN] 2026-08-11T00:24:59+00:00 symbols=20 signals=1 entries=0 exits=0 blocked=2 open=10 cash=2924.48 equity=9280.60
[SIGNAL] 2026-08-11T00:24:59+00:00 KAITOTRY BUY fill_at=2026-08-11T00:29:59+00:00 features={"close": 30.975, "bb_lower": 30.980993914911483, "bb_upper": 32.35195846604091, "rsi": 22.955678170036094, "mfi": 33.19088079719229, "atr": 0.16671428571428595}
[BLOCKED] KAITOTRY reason=max_layers
[SCAN] 2026-08-11T00:29:59+00:00 symbols=20 signals=1 entries=0 exits=0 blocked=1 open=10 cash=2924.48 equity=9278.06
[EXIT] 2026-08-11T00:34:59+00:00 ALLOTRY reason=bb_mfi_v3_signal_exit pnl=-6.04 cash=3411.21
[SCAN] 2026-08-11T00:34:59+00:00 symbols=20 signals=0 entries=0 exits=1 blocked=0 open=9 cash=3411.21 equity=9261.52
[SIGNAL] 2026-08-11T00:34:59+00:00 HEITRY BUY fill_at=2026-08-11T00:39:59+00:00 features={"close": 7.095, "bb_lower": 7.116247872468699, "bb_upper": 7.37251403229321, "rsi": 23.215539164721264, "mfi": 19.417214812342436, "atr": 0.03499999999999976}
[ENTRY] 2026-08-11T00:39:59+00:00 HEITRY layer=1 value=340.61 entry=7.09231525 cash=3070.09
[SCAN] 2026-08-11T00:39:59+00:00 symbols=20 signals=1 entries=1 exits=0 blocked=1 open=10 cash=3070.09 equity=9256.28
[SIGNAL] 2026-08-11T00:39:59+00:00 HEITRY BUY fill_at=2026-08-11T00:44:59+00:00 features={"close": 7.074, "bb_lower": 7.0920448977536195, "bb_upper": 7.371193197484479, "rsi": 21.666382141731575, "mfi": 20.497594873190124, "atr": 0.03907142857142836}
[ENTRY] 2026-08-11T00:44:59+00:00 HEITRY layer=2 value=306.55 entry=7.08531000 cash=2763.08
[SCAN] 2026-08-11T00:44:59+00:00 symbols=20 signals=1 entries=1 exits=0 blocked=1 open=10 cash=2763.08 equity=9264.00
[SIGNAL] 2026-08-11T00:44:59+00:00 COTITRY BUY fill_at=2026-08-11T00:49:59+00:00 features={"close": 0.5417, "bb_lower": 0.5427017547911349, "bb_upper": 0.5502982452088651, "rsi": 35.42534724713535, "mfi": 51.96997487114901, "atr": 0.001921428571428558}
[BLOCKED] COTITRY reason=max_layers
[SCAN] 2026-08-11T00:49:59+00:00 symbols=20 signals=1 entries=0 exits=0 blocked=1 open=10 cash=2763.08 equity=9263.84
[SIGNAL] 2026-08-11T00:49:59+00:00 COTITRY BUY fill_at=2026-08-11T00:54:59+00:00 features={"close": 0.5417, "bb_lower": 0.5419619152738487, "bb_upper": 0.5505904656785324, "rsi": 35.42534724424809, "mfi": 38.46960816419836, "atr": 0.0016285714285714157}
[BLOCKED] COTITRY reason=max_layers
[SCAN] 2026-08-11T00:54:59+00:00 symbols=20 signals=1 entries=0 exits=0 blocked=1 open=10 cash=2763.08 equity=9276.53
[EXIT] 2026-08-11T00:59:59+00:00 ENATRY reason=bb_mfi_v3_signal_exit pnl=-16.00 cash=3582.83
[SCAN] 2026-08-11T00:59:59+00:00 symbols=20 signals=0 entries=0 exits=1 blocked=0 open=9 cash=3582.83 equity=9262.19
[SIGNAL] 2026-08-11T00:59:59+00:00 COTITRY BUY fill_at=2026-08-11T01:04:59+00:00 features={"close": 0.5405, "bb_lower": 0.5406999381574535, "bb_upper": 0.5509667285092132, "rsi": 34.581242717746136, "mfi": 25.142051132648135, "atr": 0.001757142857142854}
[BLOCKED] COTITRY reason=max_layers
[SIGNAL] 2026-08-11T00:59:59+00:00 VANRYTRY BUY fill_at=2026-08-11T01:04:59+00:00 features={"close": 0.1398, "bb_lower": 0.14007686084495843, "bb_upper": 0.14264694867885105, "rsi": 40.35816801258237, "mfi": 46.47211498789672, "atr": 0.0007500000000000007}
[BLOCKED] VANRYTRY reason=max_layers
[EXIT] 2026-08-11T01:04:59+00:00 HOMETRY reason=fixed_take_profit pnl=+17.44 cash=4160.64
[SCAN] 2026-08-11T01:04:59+00:00 symbols=20 signals=2 entries=0 exits=1 blocked=2 open=8 cash=4160.64 equity=9260.31
[SIGNAL] 2026-08-11T01:04:59+00:00 VANRYTRY BUY fill_at=2026-08-11T01:09:59+00:00 features={"close": 0.1388, "bb_lower": 0.13955289219482353, "bb_upper": 0.1429232982813669, "rsi": 35.507677966167535, "mfi": 41.995012762816806, "atr": 0.0008214285714285721}
[BLOCKED] VANRYTRY reason=max_layers
[SCAN] 2026-08-11T01:09:59+00:00 symbols=20 signals=1 entries=0 exits=0 blocked=1 open=8 cash=4160.64 equity=9262.95
[SIGNAL] 2026-08-11T01:09:59+00:00 VANRYTRY BUY fill_at=2026-08-11T01:14:59+00:00 features={"close": 0.1384, "bb_lower": 0.13902702356342875, "bb_upper": 0.14311583357942834, "rsi": 33.74995870224069, "mfi": 41.49920032205267, "atr": 0.0008500000000000016}
[BLOCKED] VANRYTRY reason=max_layers
[EXIT] 2026-08-11T01:14:59+00:00 HEITRY reason=fixed_take_profit pnl=+20.17 cash=4828.94
[SCAN] 2026-08-11T01:14:59+00:00 symbols=20 signals=1 entries=0 exits=1 blocked=2 open=7 cash=4828.94 equity=9272.63
[SIGNAL] 2026-08-11T01:14:59+00:00 VANRYTRY BUY fill_at=2026-08-11T01:19:59+00:00 features={"close": 0.1381, "bb_lower": 0.1385241209364603, "bb_upper": 0.14325683144449206, "rsi": 32.44499514316453, "mfi": 40.96138503359705, "atr": 0.0008714285714285726}
[BLOCKED] VANRYTRY reason=max_layers
[SCAN] 2026-08-11T01:19:59+00:00 symbols=20 signals=1 entries=0 exits=0 blocked=2 open=7 cash=4828.94 equity=9280.71
[SCAN] 2026-08-11T01:24:59+00:00 symbols=20 signals=0 entries=0 exits=0 blocked=1 open=7 cash=4828.94 equity=9281.85
[SCAN] 2026-08-11T01:29:59+00:00 symbols=20 signals=0 entries=0 exits=0 blocked=1 open=7 cash=4828.94 equity=9284.16
[SCAN] 2026-08-11T01:34:59+00:00 symbols=20 signals=0 entries=0 exits=0 blocked=0 open=7 cash=4828.94 equity=9279.59
[SCAN] 2026-08-11T01:39:59+00:00 symbols=20 signals=0 entries=0 exits=0 blocked=1 open=7 cash=4828.94 equity=9263.49
[SCAN] 2026-08-11T01:44:59+00:00 symbols=20 signals=0 entries=0 exits=0 blocked=2 open=7 cash=4828.94 equity=9265.62
[SIGNAL] 2026-08-11T01:44:59+00:00 RETRY BUY fill_at=2026-08-11T01:49:59+00:00 features={"close": 19.41, "bb_lower": 19.461337807656648, "bb_upper": 19.858662192343353, "rsi": 36.808565712527354, "mfi": 35.276542547021705, "atr": 0.10571428571428575}
[BLOCKED] RETRY reason=max_layers
[SCAN] 2026-08-11T01:49:59+00:00 symbols=20 signals=1 entries=0 exits=0 blocked=2 open=7 cash=4828.94 equity=9266.04
[SIGNAL] 2026-08-11T01:49:59+00:00 RETRY BUY fill_at=2026-08-11T01:54:59+00:00 features={"close": 19.4, "bb_lower": 19.419532367020512, "bb_upper": 19.869991442503302, "rsi": 36.39473566864141, "mfi": 37.453837685388905, "atr": 0.105714285714286}
[BLOCKED] RETRY reason=max_layers
[SIGNAL] 2026-08-11T01:49:59+00:00 BANKTRY BUY fill_at=2026-08-11T01:54:59+00:00 features={"close": 1.847, "bb_lower": 1.8490365607273496, "bb_upper": 1.8800110583202694, "rsi": 36.89937972834126, "mfi": 44.53877362624951, "atr": 0.0064285714285714345}
[BLOCKED] BANKTRY reason=max_layers
[SIGNAL] 2026-08-11T01:49:59+00:00 HOMETRY BUY fill_at=2026-08-11T01:54:59+00:00 features={"close": 0.439, "bb_lower": 0.43922191850046394, "bb_upper": 0.4583018910233457, "rsi": 38.18217921717533, "mfi": 36.24401054296236, "atr": 0.004285714285714289}
[ENTRY] 2026-08-11T01:54:59+00:00 HOMETRY layer=1 value=482.17 entry=0.43932925 cash=4346.05
[SCAN] 2026-08-11T01:54:59+00:00 symbols=20 signals=3 entries=1 exits=0 blocked=2 open=8 cash=4346.05 equity=9266.25
[SIGNAL] 2026-08-11T01:54:59+00:00 HOMETRY BUY fill_at=2026-08-11T01:59:59+00:00 features={"close": 0.437, "bb_lower": 0.4389524970970905, "bb_upper": 0.45847607433148097, "rsi": 35.84536860771145, "mfi": 29.94206243591742, "atr": 0.004142857142857147}
[ENTRY] 2026-08-11T01:59:59+00:00 HOMETRY layer=2 value=433.95 entry=0.43632700 cash=3911.45
[SCAN] 2026-08-11T01:59:59+00:00 symbols=20 signals=1 entries=1 exits=0 blocked=1 open=8 cash=3911.45 equity=9262.16
[SIGNAL] 2026-08-11T01:59:59+00:00 HOMETRY BUY fill_at=2026-08-11T02:04:59+00:00 features={"close": 0.436, "bb_lower": 0.43691249759766554, "bb_upper": 0.45918274049757263, "rsi": 34.69519275431803, "mfi": 30.052880718756427, "atr": 0.004071428571428575}
[BLOCKED] HOMETRY reason=max_layers
[SIGNAL] 2026-08-11T01:59:59+00:00 EDENTRY BUY fill_at=2026-08-11T02:04:59+00:00 features={"close": 2.05, "bb_lower": 2.064720344519053, "bb_upper": 2.1129939411952328, "rsi": 22.97975793044776, "mfi": 16.59432886812357, "atr": 0.007428571428571499}
[ENTRY] 2026-08-11T02:04:59+00:00 EDENTRY layer=1 value=390.56 entry=2.05253825 cash=3520.30
[SCAN] 2026-08-11T02:04:59+00:00 symbols=20 signals=2 entries=1 exits=0 blocked=1 open=9 cash=3520.30 equity=9267.03
[SIGNAL] 2026-08-11T02:04:59+00:00 EDENTRY BUY fill_at=2026-08-11T02:09:59+00:00 features={"close": 2.053, "bb_lower": 2.058525439270662, "bb_upper": 2.115569798824575, "rsi": 26.219279969609488, "mfi": 19.47071252160302, "atr": 0.00778571428571438}
[ENTRY] 2026-08-11T02:09:59+00:00 EDENTRY layer=2 value=351.50 entry=2.04953600 cash=3168.27
[SCAN] 2026-08-11T02:09:59+00:00 symbols=20 signals=1 entries=1 exits=0 blocked=1 open=9 cash=3168.27 equity=9249.65
[SIGNAL] 2026-08-11T02:09:59+00:00 EDENTRY BUY fill_at=2026-08-11T02:14:59+00:00 features={"close": 2.048, "bb_lower": 2.052110943062285, "bb_upper": 2.1180795331281903, "rsi": 24.36865479378585, "mfi": 19.906507121088126, "atr": 0.007785714285714348}
[BLOCKED] EDENTRY reason=max_layers
[SCAN] 2026-08-11T02:14:59+00:00 symbols=20 signals=1 entries=0 exits=0 blocked=2 open=9 cash=3168.27 equity=9253.44
[SIGNAL] 2026-08-11T02:14:59+00:00 EDENTRY BUY fill_at=2026-08-11T02:19:59+00:00 features={"close": 2.037, "bb_lower": 2.0438745797965554, "bb_upper": 2.121363515441539, "rsi": 20.859611617660917, "mfi": 17.441246981343554, "atr": 0.008142857142857198}
[BLOCKED] EDENTRY reason=max_layers
[SCAN] 2026-08-11T02:19:59+00:00 symbols=20 signals=1 entries=0 exits=0 blocked=1 open=9 cash=3168.27 equity=9256.54
[SCAN] 2026-08-11T02:24:59+00:00 symbols=20 signals=0 entries=0 exits=0 blocked=0 open=9 cash=3168.27 equity=9243.51
[SIGNAL] 2026-08-11T02:24:59+00:00 BIOTRY BUY fill_at=2026-08-11T02:29:59+00:00 features={"close": 1.24, "bb_lower": 1.24502535321415, "bb_upper": 1.271831789642993, "rsi": 26.175808794255275, "mfi": 10.932059868216228, "atr": 0.003285714285714257}
[BLOCKED] BIOTRY reason=max_layers
[SCAN] 2026-08-11T02:29:59+00:00 symbols=20 signals=1 entries=0 exits=0 blocked=1 open=9 cash=3168.27 equity=9239.09
[SIGNAL] 2026-08-11T02:29:59+00:00 BIOTRY BUY fill_at=2026-08-11T02:34:59+00:00 features={"close": 1.239, "bb_lower": 1.2419987945027782, "bb_upper": 1.2720964435924598, "rsi": 25.524603358986425, "mfi": 7.560270885148412, "atr": 0.0034999999999999793}
[BLOCKED] BIOTRY reason=max_layers
[SCAN] 2026-08-11T02:34:59+00:00 symbols=20 signals=1 entries=0 exits=0 blocked=1 open=9 cash=3168.27 equity=9240.70
[SIGNAL] 2026-08-11T02:34:59+00:00 BIOTRY BUY fill_at=2026-08-11T02:39:59+00:00 features={"close": 1.234, "bb_lower": 1.2383714179064715, "bb_upper": 1.272390486855433, "rsi": 22.493461236586498, "mfi": 7.28504070259028, "atr": 0.003785714285714265}
[BLOCKED] BIOTRY reason=max_layers
[SCAN] 2026-08-11T02:39:59+00:00 symbols=20 signals=1 entries=0 exits=0 blocked=2 open=9 cash=3168.27 equity=9226.63
[SIGNAL] 2026-08-11T02:39:59+00:00 BIOTRY BUY fill_at=2026-08-11T02:44:59+00:00 features={"close": 1.234, "bb_lower": 1.2358001043499023, "bb_upper": 1.271437990888193, "rsi": 22.49346122981062, "mfi": 7.721534167604204, "atr": 0.0035714285714285587}
[BLOCKED] BIOTRY reason=max_layers
[SCAN] 2026-08-11T02:44:59+00:00 symbols=20 signals=1 entries=0 exits=0 blocked=2 open=9 cash=3168.27 equity=9221.85
[SIGNAL] 2026-08-11T02:44:59+00:00 BIOTRY BUY fill_at=2026-08-11T02:49:59+00:00 features={"close": 1.233, "bb_lower": 1.2331876433718487, "bb_upper": 1.2708123566281517, "rsi": 21.88347808131087, "mfi": 7.497598036114013, "atr": 0.0034999999999999793}
[BLOCKED] BIOTRY reason=max_layers
[SCAN] 2026-08-11T02:49:59+00:00 symbols=20 signals=1 entries=0 exits=0 blocked=1 open=9 cash=3168.27 equity=9221.00
[SCAN] 2026-08-11T02:54:59+00:00 symbols=20 signals=0 entries=0 exits=0 blocked=0 open=9 cash=3168.27 equity=9232.09
[SCAN] 2026-08-11T02:59:59+00:00 symbols=20 signals=0 entries=0 exits=0 blocked=1 open=9 cash=3168.27 equity=9227.25
[SIGNAL] 2026-08-11T02:59:59+00:00 VICTRY BUY fill_at=2026-08-11T03:04:59+00:00 features={"close": 1.37, "bb_lower": 1.3704988790824733, "bb_upper": 1.4104535018699076, "rsi": 39.58703177134801, "mfi": 13.48909647100443, "atr": 0.009285714285714277}
[ENTRY] 2026-08-11T03:04:59+00:00 VICTRY layer=1 value=431.99 entry=1.38103500 cash=3893.74
[SIGNAL] 2026-08-11T02:59:59+00:00 TOWNSTRY BUY fill_at=2026-08-11T03:04:59+00:00 features={"close": 0.123, "bb_lower": 0.12322539927116345, "bb_upper": 0.12734602930026515, "rsi": 31.265838743672333, "mfi": 51.335611014427315, "atr": 0.0005714285714285719}
[ENTRY] 2026-08-11T03:04:59+00:00 TOWNSTRY layer=1 value=388.79 entry=0.12309225 cash=3504.36
[SCAN] 2026-08-11T03:04:59+00:00 symbols=20 signals=2 entries=2 exits=2 blocked=0 open=9 cash=3504.36 equity=9214.51
[SIGNAL] 2026-08-11T03:04:59+00:00 TOWNSTRY BUY fill_at=2026-08-11T03:09:59+00:00 features={"close": 0.123, "bb_lower": 0.12302086729012904, "bb_upper": 0.12745532318606154, "rsi": 31.26583874087892, "mfi": 45.392281249689994, "atr": 0.0005000000000000004}
[ENTRY] 2026-08-11T03:09:59+00:00 TOWNSTRY layer=2 value=349.91 entry=0.12309225 cash=3153.93
[SCAN] 2026-08-11T03:09:59+00:00 symbols=20 signals=1 entries=1 exits=0 blocked=0 open=9 cash=3153.93 equity=9214.29
[SIGNAL] 2026-08-11T03:09:59+00:00 TOWNSTRY BUY fill_at=2026-08-11T03:14:59+00:00 features={"close": 0.122, "bb_lower": 0.12257672503137, "bb_upper": 0.1277089892543443, "rsi": 26.028841031775116, "mfi": 31.521318838607627, "atr": 0.0005714285714285719}
[BLOCKED] TOWNSTRY reason=max_layers
[SCAN] 2026-08-11T03:14:59+00:00 symbols=20 signals=1 entries=0 exits=0 blocked=1 open=9 cash=3153.93 equity=9212.93
[SIGNAL] 2026-08-11T03:14:59+00:00 TOWNSTRY BUY fill_at=2026-08-11T03:19:59+00:00 features={"close": 0.122, "bb_lower": 0.12210501254217701, "bb_upper": 0.127894987457823, "rsi": 26.0288410359601, "mfi": 12.917150864976804, "atr": 0.0005000000000000004}
[BLOCKED] TOWNSTRY reason=max_layers
[SCAN] 2026-08-11T03:19:59+00:00 symbols=20 signals=1 entries=0 exits=0 blocked=2 open=9 cash=3153.93 equity=9198.57
[SIGNAL] 2026-08-11T03:19:59+00:00 TOWNSTRY BUY fill_at=2026-08-11T03:24:59+00:00 features={"close": 0.121, "bb_lower": 0.12145043960218126, "bb_upper": 0.12816860801686636, "rsi": 21.75271923737982, "mfi": 11.942704690350453, "atr": 0.0005714285714285719}
[BLOCKED] TOWNSTRY reason=max_layers
[SCAN] 2026-08-11T03:24:59+00:00 symbols=20 signals=1 entries=0 exits=0 blocked=1 open=9 cash=3153.93 equity=9216.10
[EXIT] 2026-08-11T03:29:59+00:00 VICTRY reason=fixed_take_profit pnl=+13.47 cash=3600.03
[SCAN] 2026-08-11T03:29:59+00:00 symbols=20 signals=0 entries=0 exits=1 blocked=1 open=8 cash=3600.03 equity=9222.76
[SCAN] 2026-08-11T03:34:59+00:00 symbols=20 signals=0 entries=0 exits=0 blocked=1 open=8 cash=3600.03 equity=9217.27
[SIGNAL] 2026-08-11T03:34:59+00:00 PIXELTRY BUY fill_at=2026-08-11T03:39:59+00:00 features={"close": 0.212, "bb_lower": 0.21201311509564405, "bb_upper": 0.21493926585673687, "rsi": 24.262471906614422, "mfi": 0.15811302567352925, "atr": 0.00042857142857142893}
[ENTRY] 2026-08-11T03:39:59+00:00 PIXELTRY layer=1 value=359.46 entry=0.21315975 cash=3240.03
[SCAN] 2026-08-11T03:39:59+00:00 symbols=20 signals=1 entries=1 exits=0 blocked=0 open=9 cash=3240.03 equity=9214.53
[SCAN] 2026-08-11T03:44:59+00:00 symbols=20 signals=0 entries=0 exits=0 blocked=0 open=9 cash=3240.03 equity=9226.05
[SCAN] 2026-08-11T03:49:59+00:00 symbols=20 signals=0 entries=0 exits=0 blocked=0 open=9 cash=3240.03 equity=9224.45
[SCAN] 2026-08-11T03:54:59+00:00 symbols=20 signals=0 entries=0 exits=0 blocked=0 open=9 cash=3240.03 equity=9244.84
[SCAN] 2026-08-11T03:59:59+00:00 symbols=20 signals=0 entries=0 exits=0 blocked=0 open=9 cash=3240.03 equity=9238.20
[SCAN] 2026-08-11T04:04:59+00:00 symbols=20 signals=0 entries=0 exits=0 blocked=0 open=9 cash=3240.03 equity=9235.93
[SIGNAL] 2026-08-11T04:04:59+00:00 PIXELTRY BUY fill_at=2026-08-11T04:09:59+00:00 features={"close": 0.212, "bb_lower": 0.21207637723550615, "bb_upper": 0.21401886085973199, "rsi": 31.342410061387255, "mfi": 26.076415874543713, "atr": 0.00042857142857142893}
[ENTRY] 2026-08-11T04:09:59+00:00 PIXELTRY layer=2 value=323.52 entry=0.21215900 cash=2916.02
[SCAN] 2026-08-11T04:09:59+00:00 symbols=20 signals=1 entries=1 exits=0 blocked=0 open=9 cash=2916.02 equity=9230.33
[SIGNAL] 2026-08-11T04:09:59+00:00 BANKTRY BUY fill_at=2026-08-11T04:14:59+00:00 features={"close": 1.828, "bb_lower": 1.8298096598650568, "bb_upper": 1.8464760544206587, "rsi": 36.64629282808177, "mfi": 31.767554440609132, "atr": 0.0072142857142856965}
[BLOCKED] BANKTRY reason=max_layers
[SCAN] 2026-08-11T04:14:59+00:00 symbols=20 signals=1 entries=0 exits=0 blocked=1 open=9 cash=2916.02 equity=9227.28
[SCAN] 2026-08-11T04:19:59+00:00 symbols=20 signals=0 entries=0 exits=0 blocked=0 open=9 cash=2916.02 equity=9222.73
[SIGNAL] 2026-08-11T04:19:59+00:00 BANKTRY BUY fill_at=2026-08-11T04:24:59+00:00 features={"close": 1.826, "bb_lower": 1.8268206558355147, "bb_upper": 1.8471793441644857, "rsi": 36.07438889366283, "mfi": 25.30342486585694, "atr": 0.0066428571428571405}
[BLOCKED] BANKTRY reason=max_layers
[SCAN] 2026-08-11T04:24:59+00:00 symbols=20 signals=1 entries=0 exits=0 blocked=1 open=9 cash=2916.02 equity=9223.10
[SIGNAL] 2026-08-11T04:24:59+00:00 BANKTRY BUY fill_at=2026-08-11T04:29:59+00:00 features={"close": 1.823, "bb_lower": 1.8246436508203747, "bb_upper": 1.8482134920367679, "rsi": 33.944646782046945, "mfi": 22.677788564361123, "atr": 0.006285714285714291}
[BLOCKED] BANKTRY reason=max_layers
[SCAN] 2026-08-11T04:29:59+00:00 symbols=20 signals=1 entries=0 exits=0 blocked=1 open=9 cash=2916.02 equity=9238.13
[SCAN] 2026-08-11T04:34:59+00:00 symbols=20 signals=0 entries=0 exits=0 blocked=1 open=9 cash=2916.02 equity=9221.92
[SCAN] 2026-08-11T04:39:59+00:00 symbols=20 signals=0 entries=0 exits=0 blocked=2 open=9 cash=2916.02 equity=9208.26
[SCAN] 2026-08-11T04:44:59+00:00 symbols=20 signals=0 entries=0 exits=0 blocked=2 open=9 cash=2916.02 equity=9218.94
[SCAN] 2026-08-11T04:49:59+00:00 symbols=20 signals=0 entries=0 exits=0 blocked=2 open=9 cash=2916.02 equity=9198.75
[SCAN] 2026-08-11T04:54:59+00:00 symbols=20 signals=0 entries=0 exits=0 blocked=1 open=9 cash=2916.02 equity=9216.92
[SCAN] 2026-08-11T04:59:59+00:00 symbols=20 signals=0 entries=0 exits=0 blocked=1 open=9 cash=2916.02 equity=9211.16
[SIGNAL] 2026-08-11T04:59:59+00:00 HEITRY BUY fill_at=2026-08-11T05:04:59+00:00 features={"close": 7.249, "bb_lower": 7.278706016174997, "bb_upper": 7.800532079063098, "rsi": 35.555126718273485, "mfi": 35.188070269468156, "atr": 0.09892857142857135}
[ENTRY] 2026-08-11T05:04:59+00:00 HEITRY layer=1 value=291.17 entry=7.25243525 cash=2624.42
[SIGNAL] 2026-08-11T04:59:59+00:00 KAITOTRY BUY fill_at=2026-08-11T05:04:59+00:00 features={"close": 31.046, "bb_lower": 31.086449705455074, "bb_upper": 31.50831219930683, "rsi": 35.47272720997965, "mfi": 34.44268542706941, "atr": 0.08971428571428573}
[BLOCKED] KAITOTRY reason=max_layers
[SCAN] 2026-08-11T05:04:59+00:00 symbols=20 signals=2 entries=1 exits=0 blocked=1 open=10 cash=2624.42 equity=9204.28
[SIGNAL] 2026-08-11T05:04:59+00:00 PUMPTRY BUY fill_at=2026-08-11T05:09:59+00:00 features={"close": 0.1333, "bb_lower": 0.13352921922386732, "bb_upper": 0.13590887601422788, "rsi": 36.524651498542774, "mfi": 13.832126576388049, "atr": 0.00073571428571428}
[ENTRY] 2026-08-11T05:09:59+00:00 PUMPTRY layer=1 value=262.05 entry=0.13350005 cash=2361.98
[SCAN] 2026-08-11T05:09:59+00:00 symbols=20 signals=1 entries=1 exits=0 blocked=1 open=11 cash=2361.98 equity=9201.54
[SCAN] 2026-08-11T05:14:59+00:00 symbols=20 signals=0 entries=0 exits=0 blocked=0 open=11 cash=2361.98 equity=9188.08
[SIGNAL] 2026-08-11T05:14:59+00:00 KAITOTRY BUY fill_at=2026-08-11T05:19:59+00:00 features={"close": 31.012, "bb_lower": 31.01594334126712, "bb_upper": 31.54072332539955, "rsi": 34.79564956155606, "mfi": 30.29855308976701, "atr": 0.07671428571428558}
[BLOCKED] KAITOTRY reason=max_layers
[SCAN] 2026-08-11T05:19:59+00:00 symbols=20 signals=1 entries=0 exits=0 blocked=1 open=11 cash=2361.98 equity=9202.92
[SCAN] 2026-08-11T05:24:59+00:00 symbols=20 signals=0 entries=0 exits=0 blocked=0 open=11 cash=2361.98 equity=9202.67
[SCAN] 2026-08-11T05:29:59+00:00 symbols=20 signals=0 entries=0 exits=0 blocked=0 open=11 cash=2361.98 equity=9197.02
[SIGNAL] 2026-08-11T05:29:59+00:00 KAITOTRY BUY fill_at=2026-08-11T05:34:59+00:00 features={"close": 30.891, "bb_lower": 30.911668671685728, "bb_upper": 31.526902756885693, "rsi": 33.492899256576735, "mfi": 17.777167169533598, "atr": 0.10928571428571411}
[BLOCKED] KAITOTRY reason=max_layers
[SCAN] 2026-08-11T05:34:59+00:00 symbols=20 signals=1 entries=0 exits=0 blocked=1 open=11 cash=2361.98 equity=9192.02
[SIGNAL] 2026-08-11T05:34:59+00:00 KAITOTRY BUY fill_at=2026-08-11T05:39:59+00:00 features={"close": 30.746, "bb_lower": 30.83124173066195, "bb_upper": 31.545424936004707, "rsi": 28.929103680587488, "mfi": 19.040616882070225, "atr": 0.11314285714285686}
[BLOCKED] KAITOTRY reason=max_layers
[SCAN] 2026-08-11T05:39:59+00:00 symbols=20 signals=1 entries=0 exits=0 blocked=1 open=11 cash=2361.98 equity=9189.75
[SIGNAL] 2026-08-11T05:39:59+00:00 KAITOTRY BUY fill_at=2026-08-11T05:44:59+00:00 features={"close": 30.66, "bb_lower": 30.740455414496317, "bb_upper": 31.5733541093132, "rsi": 26.6002031438923, "mfi": 18.756330022847123, "atr": 0.11907142857142818}
[BLOCKED] KAITOTRY reason=max_layers
[SCAN] 2026-08-11T05:44:59+00:00 symbols=20 signals=1 entries=0 exits=0 blocked=1 open=11 cash=2361.98 equity=9181.30
[SIGNAL] 2026-08-11T05:44:59+00:00 KAITOTRY BUY fill_at=2026-08-11T05:49:59+00:00 features={"close": 30.632, "bb_lower": 30.66050180803426, "bb_upper": 31.58387914434668, "rsi": 25.86575226844694, "mfi": 15.043519683506062, "atr": 0.11364285714285696}
[BLOCKED] KAITOTRY reason=max_layers
[EXIT] 2026-08-11T05:49:59+00:00 TOWNSTRY reason=fixed_stop_loss pnl=-46.99 cash=3054.80
[SCAN] 2026-08-11T05:49:59+00:00 symbols=20 signals=1 entries=0 exits=1 blocked=1 open=10 cash=3054.80 equity=9180.92
[SCAN] 2026-08-11T05:54:59+00:00 symbols=20 signals=0 entries=0 exits=0 blocked=0 open=10 cash=3054.80 equity=9163.06
[SCAN] 2026-08-11T05:59:59+00:00 symbols=20 signals=0 entries=0 exits=0 blocked=0 open=10 cash=3054.80 equity=9167.10
[EXIT] 2026-08-11T06:04:59+00:00 BANKTRY reason=fixed_stop_loss pnl=-38.53 cash=3887.30
[SCAN] 2026-08-11T06:04:59+00:00 symbols=20 signals=0 entries=0 exits=2 blocked=1 open=8 cash=3887.30 equity=9143.40
[SIGNAL] 2026-08-11T06:04:59+00:00 BANKTRY BUY fill_at=2026-08-11T06:09:59+00:00 features={"close": 1.769, "bb_lower": 1.7983442327654309, "bb_upper": 1.853465291044093, "rsi": 16.444524719582432, "mfi": 7.858413492954796, "atr": 0.02}
[ENTRY] 2026-08-11T06:09:59+00:00 BANKTRY layer=1 value=388.15 entry=1.77432975 cash=3498.57
[SIGNAL] 2026-08-11T06:04:59+00:00 EDENTRY BUY fill_at=2026-08-11T06:09:59+00:00 features={"close": 2.077, "bb_lower": 2.077829386655369, "bb_upper": 2.096075375249393, "rsi": 43.1145935264483, "mfi": 49.73170994764153, "atr": 0.006857142857142832}
[ENTRY] 2026-08-11T06:09:59+00:00 EDENTRY layer=1 value=349.33 entry=2.07855775 cash=3148.71
[SCAN] 2026-08-11T06:09:59+00:00 symbols=20 signals=2 entries=2 exits=0 blocked=0 open=10 cash=3148.71 equity=9145.73
[SCAN] 2026-08-11T06:14:59+00:00 symbols=20 signals=0 entries=0 exits=0 blocked=0 open=10 cash=3148.71 equity=9142.63
[EXIT] 2026-08-11T06:19:59+00:00 BANKTRY reason=fixed_take_profit pnl=+12.10 cash=3549.54
[SCAN] 2026-08-11T06:19:59+00:00 symbols=20 signals=0 entries=0 exits=1 blocked=0 open=9 cash=3549.54 equity=9143.62
[SIGNAL] 2026-08-11T06:19:59+00:00 LATRY BUY fill_at=2026-08-11T06:24:59+00:00 features={"close": 2.66, "bb_lower": 2.672397377626306, "bb_upper": 2.7276026223736944, "rsi": 40.01217460342844, "mfi": 47.57661044544196, "atr": 0.01571428571428573}
[ENTRY] 2026-08-11T06:24:59+00:00 LATRY layer=1 value=354.42 entry=2.66199500 cash=3194.59
[SIGNAL] 2026-08-11T06:19:59+00:00 EDENTRY BUY fill_at=2026-08-11T06:24:59+00:00 features={"close": 2.07, "bb_lower": 2.074834378554276, "bb_upper": 2.097070383350486, "rsi": 38.97224720774224, "mfi": 56.16819193669692, "atr": 0.006714285714285736}
[ENTRY] 2026-08-11T06:24:59+00:00 EDENTRY layer=2 value=318.98 entry=2.07155250 cash=2875.13
[SCAN] 2026-08-11T06:24:59+00:00 symbols=20 signals=2 entries=2 exits=0 blocked=1 open=10 cash=2875.13 equity=9136.35
[SIGNAL] 2026-08-11T06:24:59+00:00 LATRY BUY fill_at=2026-08-11T06:29:59+00:00 features={"close": 2.66, "bb_lower": 2.66565831168395, "bb_upper": 2.7305321645065264, "rsi": 40.01217455379439, "mfi": 34.158298556822615, "atr": 0.016428571428571428}
[ENTRY] 2026-08-11T06:29:59+00:00 LATRY layer=2 value=287.08 entry=2.66199500 cash=2587.62
[SIGNAL] 2026-08-11T06:24:59+00:00 EDENTRY BUY fill_at=2026-08-11T06:29:59+00:00 features={"close": 2.067, "bb_lower": 2.0712714027909693, "bb_upper": 2.0985381210185543, "rsi": 37.11914464160046, "mfi": 46.63475119727924, "atr": 0.006642857142857205}
[BLOCKED] EDENTRY reason=max_layers
[EXIT] 2026-08-11T06:29:59+00:00 COTITRY reason=fixed_stop_loss pnl=-61.81 cash=3498.91
[SCAN] 2026-08-11T06:29:59+00:00 symbols=20 signals=2 entries=1 exits=1 blocked=2 open=9 cash=3498.91 equity=9120.89
[SIGNAL] 2026-08-11T06:29:59+00:00 COTITRY BUY fill_at=2026-08-11T06:34:59+00:00 features={"close": 0.5172, "bb_lower": 0.522871995938822, "bb_upper": 0.5417756231087968, "rsi": 17.93696844596782, "mfi": 31.670802274004572, "atr": 0.003128571428571425}
[ENTRY] 2026-08-11T06:34:59+00:00 COTITRY layer=1 value=349.37 entry=0.51798820 cash=3149.02
[SIGNAL] 2026-08-11T06:29:59+00:00 EDENTRY BUY fill_at=2026-08-11T06:34:59+00:00 features={"close": 2.068, "bb_lower": 2.068636933769637, "bb_upper": 2.099172590039887, "rsi": 38.18061913852196, "mfi": 37.27676566382936, "atr": 0.007071428571428617}
[BLOCKED] EDENTRY reason=max_layers
[SCAN] 2026-08-11T06:34:59+00:00 symbols=20 signals=2 entries=1 exits=0 blocked=1 open=10 cash=3149.02 equity=9132.19
[SIGNAL] 2026-08-11T06:34:59+00:00 LATRY BUY fill_at=2026-08-11T06:39:59+00:00 features={"close": 2.64, "bb_lower": 2.6499816888505103, "bb_upper": 2.7366849778161564, "rsi": 34.57426574005949, "mfi": 30.749293751602153, "atr": 0.015000000000000029}
[BLOCKED] LATRY reason=max_layers
[SCAN] 2026-08-11T06:39:59+00:00 symbols=20 signals=1 entries=0 exits=0 blocked=1 open=10 cash=3149.02 equity=9127.74
[EXIT] 2026-08-11T06:44:59+00:00 KAITOTRY reason=bb_mfi_v3_signal_exit pnl=+3.87 cash=3650.41
[SIGNAL] 2026-08-11T06:39:59+00:00 LATRY BUY fill_at=2026-08-11T06:44:59+00:00 features={"close": 2.63, "bb_lower": 2.6400913145797382, "bb_upper": 2.7418134473250237, "rsi": 32.20356961363207, "mfi": 21.661281986604052, "atr": 0.01571428571428573}
[BLOCKED] LATRY reason=max_layers
[SIGNAL] 2026-08-11T06:39:59+00:00 VANRYTRY BUY fill_at=2026-08-11T06:44:59+00:00 features={"close": 0.1373, "bb_lower": 0.1376212010979938, "bb_upper": 0.14018832271153003, "rsi": 35.38180253602066, "mfi": 30.875591330629206, "atr": 0.0005785714285714323}
[BLOCKED] VANRYTRY reason=max_layers
[SCAN] 2026-08-11T06:44:59+00:00 symbols=20 signals=2 entries=0 exits=1 blocked=2 open=9 cash=3650.41 equity=9144.03
[SCAN] 2026-08-11T06:49:59+00:00 symbols=20 signals=0 entries=0 exits=0 blocked=0 open=9 cash=3650.41 equity=9126.90
[SIGNAL] 2026-08-11T06:49:59+00:00 COTITRY BUY fill_at=2026-08-11T06:54:59+00:00 features={"close": 0.5198, "bb_lower": 0.5206215496430774, "bb_upper": 0.5382736884521607, "rsi": 34.11045946653671, "mfi": 39.54801376988032, "atr": 0.004542857142857126}
[ENTRY] 2026-08-11T06:54:59+00:00 COTITRY layer=2 value=364.49 entry=0.51888888 cash=3285.37
[SCAN] 2026-08-11T06:54:59+00:00 symbols=20 signals=1 entries=1 exits=0 blocked=2 open=9 cash=3285.37 equity=9120.44
[EXIT] 2026-08-11T06:59:59+00:00 PIXELTRY reason=bb_mfi_v3_signal_exit pnl=+1.65 cash=3971.03
[SIGNAL] 2026-08-11T06:54:59+00:00 COTITRY BUY fill_at=2026-08-11T06:59:59+00:00 features={"close": 0.5179, "bb_lower": 0.5187684828892115, "bb_upper": 0.538755326634598, "rsi": 32.24545641838097, "mfi": 34.02346878724347, "atr": 0.004464285714285698}
[BLOCKED] COTITRY reason=max_layers
[SIGNAL] 2026-08-11T06:54:59+00:00 VANRYTRY BUY fill_at=2026-08-11T06:59:59+00:00 features={"close": 0.1373, "bb_lower": 0.13745641118777557, "bb_upper": 0.13990549357412918, "rsi": 39.217684237236206, "mfi": 33.59834253568438, "atr": 0.0007928571428571467}
[BLOCKED] VANRYTRY reason=max_layers
[SCAN] 2026-08-11T06:59:59+00:00 symbols=20 signals=2 entries=0 exits=1 blocked=5 open=8 cash=3971.03 equity=9125.28
[SCAN] 2026-08-11T07:04:59+00:00 symbols=20 signals=0 entries=0 exits=0 blocked=1 open=8 cash=3971.03 equity=9123.18
[SCAN] 2026-08-11T07:09:59+00:00 symbols=20 signals=0 entries=0 exits=0 blocked=0 open=8 cash=3971.03 equity=9114.59
[SIGNAL] 2026-08-11T07:09:59+00:00 HEITRY BUY fill_at=2026-08-11T07:14:59+00:00 features={"close": 7.079, "bb_lower": 7.087968075935756, "bb_upper": 7.303079543111864, "rsi": 34.23450399012749, "mfi": 34.49168738527551, "atr": 0.05471428571428578}
[ENTRY] 2026-08-11T07:14:59+00:00 HEITRY layer=2 value=396.51 entry=7.08130700 cash=3573.92
[SCAN] 2026-08-11T07:14:59+00:00 symbols=20 signals=1 entries=1 exits=0 blocked=1 open=8 cash=3573.92 equity=9099.69
[SIGNAL] 2026-08-11T07:14:59+00:00 HEITRY BUY fill_at=2026-08-11T07:19:59+00:00 features={"close": 6.965, "bb_lower": 7.040322726646786, "bb_upper": 7.321677273353216, "rsi": 27.217944898017976, "mfi": 29.510908226647942, "atr": 0.05764285714285723}
[BLOCKED] HEITRY reason=max_layers
[SCAN] 2026-08-11T07:19:59+00:00 symbols=20 signals=1 entries=0 exits=0 blocked=1 open=8 cash=3573.92 equity=9104.67
[SIGNAL] 2026-08-11T07:19:59+00:00 HEITRY BUY fill_at=2026-08-11T07:24:59+00:00 features={"close": 7.014, "bb_lower": 7.015794534993354, "bb_upper": 7.323824512625697, "rsi": 33.55884161516329, "mfi": 38.101055201095946, "atr": 0.06057142857142862}
[BLOCKED] HEITRY reason=max_layers
[SCAN] 2026-08-11T07:24:59+00:00 symbols=20 signals=1 entries=0 exits=0 blocked=1 open=8 cash=3573.92 equity=9098.99
[SIGNAL] 2026-08-11T07:24:59+00:00 HEITRY BUY fill_at=2026-08-11T07:29:59+00:00 features={"close": 6.982, "bb_lower": 6.989274906945915, "bb_upper": 7.323106045435037, "rsi": 31.61046354710733, "mfi": 33.80109241890527, "atr": 0.061071428571428665}
[BLOCKED] HEITRY reason=max_layers
[SCAN] 2026-08-11T07:29:59+00:00 symbols=20 signals=1 entries=0 exits=0 blocked=1 open=8 cash=3573.92 equity=9099.84
[SCAN] 2026-08-11T07:34:59+00:00 symbols=20 signals=0 entries=0 exits=0 blocked=2 open=8 cash=3573.92 equity=9106.24
[SCAN] 2026-08-11T07:39:59+00:00 symbols=20 signals=0 entries=0 exits=0 blocked=1 open=8 cash=3573.92 equity=9111.63
[SCAN] 2026-08-11T07:44:59+00:00 symbols=20 signals=0 entries=0 exits=0 blocked=2 open=8 cash=3573.92 equity=9132.06
[EXIT] 2026-08-11T07:49:59+00:00 HEITRY reason=fixed_take_profit pnl=+21.44 cash=4284.07
[SCAN] 2026-08-11T07:49:59+00:00 symbols=20 signals=0 entries=0 exits=1 blocked=1 open=7 cash=4284.07 equity=9152.64
[SCAN] 2026-08-11T07:54:59+00:00 symbols=20 signals=0 entries=0 exits=0 blocked=1 open=7 cash=4284.07 equity=9158.67
[EXIT] 2026-08-11T07:59:59+00:00 EDENTRY reason=bb_mfi_v3_signal_exit pnl=+12.85 cash=4966.23
[SCAN] 2026-08-11T07:59:59+00:00 symbols=20 signals=0 entries=0 exits=1 blocked=0 open=6 cash=4966.23 equity=9147.25
[SCAN] 2026-08-11T08:04:59+00:00 symbols=20 signals=0 entries=0 exits=0 blocked=1 open=6 cash=4966.23 equity=9161.86
[SCAN] 2026-08-11T08:09:59+00:00 symbols=20 signals=0 entries=0 exits=0 blocked=0 open=6 cash=4966.23 equity=9159.86
[SCAN] 2026-08-11T08:14:59+00:00 symbols=20 signals=0 entries=0 exits=0 blocked=0 open=6 cash=4966.23 equity=9167.10
[SCAN] 2026-08-11T08:19:59+00:00 symbols=20 signals=0 entries=0 exits=0 blocked=1 open=6 cash=4966.23 equity=9164.32
[SCAN] 2026-08-11T08:24:59+00:00 symbols=20 signals=0 entries=0 exits=0 blocked=1 open=6 cash=4966.23 equity=9171.19
[SIGNAL] 2026-08-11T08:24:59+00:00 BANKTRY BUY fill_at=2026-08-11T08:29:59+00:00 features={"close": 1.781, "bb_lower": 1.786474729803568, "bb_upper": 1.8485728892440512, "rsi": 35.86417832137164, "mfi": 28.796853709020525, "atr": 0.01549999999999999}
[ENTRY] 2026-08-11T08:29:59+00:00 BANKTRY layer=1 value=495.88 entry=1.78233575 cash=4469.61
[SCAN] 2026-08-11T08:29:59+00:00 symbols=20 signals=1 entries=1 exits=0 blocked=1 open=7 cash=4469.61 equity=9173.53
[SIGNAL] 2026-08-11T08:29:59+00:00 BANKTRY BUY fill_at=2026-08-11T08:34:59+00:00 features={"close": 1.786, "bb_lower": 1.7861670834889438, "bb_upper": 1.841928154606294, "rsi": 38.11109779489578, "mfi": 28.642979991459356, "atr": 0.014785714285714275}
[ENTRY] 2026-08-11T08:34:59+00:00 BANKTRY layer=2 value=446.29 entry=1.78733950 cash=4022.65
[SCAN] 2026-08-11T08:34:59+00:00 symbols=20 signals=1 entries=1 exits=0 blocked=0 open=7 cash=4022.65 equity=9162.57
[SCAN] 2026-08-11T08:39:59+00:00 symbols=20 signals=0 entries=0 exits=0 blocked=0 open=7 cash=4022.65 equity=9169.25
[SCAN] 2026-08-11T08:44:59+00:00 symbols=20 signals=0 entries=0 exits=0 blocked=0 open=7 cash=4022.65 equity=9160.64
[SCAN] 2026-08-11T08:49:59+00:00 symbols=20 signals=0 entries=0 exits=0 blocked=0 open=7 cash=4022.65 equity=9161.14
[SCAN] 2026-08-11T08:54:59+00:00 symbols=20 signals=0 entries=0 exits=0 blocked=0 open=7 cash=4022.65 equity=9158.95
[SCAN] 2026-08-11T08:59:59+00:00 symbols=20 signals=0 entries=0 exits=0 blocked=0 open=7 cash=4022.65 equity=9174.19
[SCAN] 2026-08-11T09:04:59+00:00 symbols=20 signals=0 entries=0 exits=1 blocked=0 open=6 cash=4970.23 equity=9169.63
[SCAN] 2026-08-11T09:09:59+00:00 symbols=20 signals=0 entries=0 exits=0 blocked=0 open=6 cash=4970.23 equity=9172.86
[SCAN] 2026-08-11T09:14:59+00:00 symbols=20 signals=0 entries=0 exits=0 blocked=0 open=6 cash=4970.23 equity=9166.80
[SIGNAL] 2026-08-11T09:14:59+00:00 VICTRY BUY fill_at=2026-08-11T09:19:59+00:00 features={"close": 1.37, "bb_lower": 1.3704819985410293, "bb_upper": 1.4095180014589705, "rsi": 38.55117493692839, "mfi": 31.276288922679285, "atr": 0.014285714285714266}
[ENTRY] 2026-08-11T09:19:59+00:00 VICTRY layer=1 value=496.28 entry=1.37102750 cash=4473.21
[SCAN] 2026-08-11T09:19:59+00:00 symbols=20 signals=1 entries=1 exits=0 blocked=0 open=7 cash=4473.21 equity=9173.28
[SCAN] 2026-08-11T09:24:59+00:00 symbols=20 signals=0 entries=0 exits=0 blocked=0 open=7 cash=4473.21 equity=9180.74
[SCAN] 2026-08-11T09:29:59+00:00 symbols=20 signals=0 entries=0 exits=0 blocked=0 open=7 cash=4473.21 equity=9178.60
[SCAN] 2026-08-11T09:34:59+00:00 symbols=20 signals=0 entries=0 exits=0 blocked=0 open=7 cash=4473.21 equity=9172.78
[SCAN] 2026-08-11T09:39:59+00:00 symbols=20 signals=0 entries=0 exits=0 blocked=0 open=7 cash=4473.21 equity=9166.59
[SIGNAL] 2026-08-11T09:39:59+00:00 VICTRY BUY fill_at=2026-08-11T09:44:59+00:00 features={"close": 1.36, "bb_lower": 1.3627069942744037, "bb_upper": 1.4096739581065483, "rsi": 37.27825311624141, "mfi": 12.418099451315541, "atr": 0.013571428571428503}
[ENTRY] 2026-08-11T09:44:59+00:00 VICTRY layer=2 value=446.65 entry=1.35101250 cash=4025.89
[SCAN] 2026-08-11T09:44:59+00:00 symbols=20 signals=1 entries=1 exits=0 blocked=0 open=7 cash=4025.89 equity=9166.64
[EXIT] 2026-08-11T09:49:59+00:00 VANRYTRY reason=fixed_stop_loss pnl=-39.33 cash=4605.72
[SCAN] 2026-08-11T09:49:59+00:00 symbols=20 signals=0 entries=0 exits=1 blocked=1 open=6 cash=4605.72 equity=9170.06
[SIGNAL] 2026-08-11T09:49:59+00:00 RETRY BUY fill_at=2026-08-11T09:54:59+00:00 features={"close": 19.96, "bb_lower": 20.083489654847117, "bb_upper": 20.920319868962405, "rsi": 33.8254138195809, "mfi": 51.1946871831443, "atr": 0.20000000000000032}
[ENTRY] 2026-08-11T09:54:59+00:00 RETRY layer=1 value=459.88 entry=19.99498500 cash=4145.15
[SIGNAL] 2026-08-11T09:49:59+00:00 VANRYTRY BUY fill_at=2026-08-11T09:54:59+00:00 features={"close": 0.1325, "bb_lower": 0.13472354247778878, "bb_upper": 0.14075264799840165, "rsi": 26.912842452119676, "mfi": 6.401871255575685, "atr": 0.001042857142857143}
[ENTRY] 2026-08-11T09:54:59+00:00 VANRYTRY layer=1 value=413.89 entry=0.13319982 cash=3730.64
[SCAN] 2026-08-11T09:54:59+00:00 symbols=20 signals=2 entries=2 exits=0 blocked=0 open=8 cash=3730.64 equity=9171.48
[SIGNAL] 2026-08-11T09:54:59+00:00 RETRY BUY fill_at=2026-08-11T09:59:59+00:00 features={"close": 19.88, "bb_lower": 19.9903587750342, "bb_upper": 20.971545986870556, "rsi": 32.03562596929679, "mfi": 46.79580592553467, "atr": 0.20714285714285754}
[ENTRY] 2026-08-11T09:59:59+00:00 RETRY layer=2 value=372.50 entry=19.90491750 cash=3357.57
[SIGNAL] 2026-08-11T09:54:59+00:00 VANRYTRY BUY fill_at=2026-08-11T09:59:59+00:00 features={"close": 0.133, "bb_lower": 0.133874528923839, "bb_upper": 0.1410683282190181, "rsi": 30.20984833670842, "mfi": 6.398652522157107, "atr": 0.0010928571428571435}
[ENTRY] 2026-08-11T09:59:59+00:00 VANRYTRY layer=2 value=335.25 entry=0.13309975 cash=3021.81
[SCAN] 2026-08-11T09:59:59+00:00 symbols=20 signals=2 entries=2 exits=0 blocked=0 open=8 cash=3021.81 equity=9178.89
[SIGNAL] 2026-08-11T09:59:59+00:00 VANRYTRY BUY fill_at=2026-08-11T10:04:59+00:00 features={"close": 0.1326, "bb_lower": 0.1330781686348697, "bb_upper": 0.14128373612703504, "rsi": 29.07320640770145, "mfi": 5.874048274790283, "atr": 0.0010785714285714287}
[BLOCKED] VANRYTRY reason=max_layers
[SCAN] 2026-08-11T10:04:59+00:00 symbols=20 signals=1 entries=0 exits=0 blocked=1 open=8 cash=3021.81 equity=9181.05
[SIGNAL] 2026-08-11T10:04:59+00:00 HEITRY BUY fill_at=2026-08-11T10:09:59+00:00 features={"close": 7.849, "bb_lower": 7.889491493912286, "bb_upper": 8.827270410849616, "rsi": 40.434451598720955, "mfi": 34.05804500521779, "atr": 0.27207142857142846}
[ENTRY] 2026-08-11T10:09:59+00:00 HEITRY layer=1 value=301.73 entry=7.86789650 cash=2719.63
[SIGNAL] 2026-08-11T10:04:59+00:00 PUMPTRY BUY fill_at=2026-08-11T10:09:59+00:00 features={"close": 0.1317, "bb_lower": 0.13206574015545267, "bb_upper": 0.13490568841597592, "rsi": 31.54292467075416, "mfi": 25.56088245992504, "atr": 0.0006785714285714271}
[ENTRY] 2026-08-11T10:09:59+00:00 PUMPTRY layer=1 value=271.56 entry=0.13189885 cash=2447.67
[SCAN] 2026-08-11T10:09:59+00:00 symbols=20 signals=2 entries=2 exits=0 blocked=1 open=10 cash=2447.67 equity=9159.36
[SIGNAL] 2026-08-11T10:09:59+00:00 PUMPTRY BUY fill_at=2026-08-11T10:14:59+00:00 features={"close": 0.131, "bb_lower": 0.13159288438141845, "bb_upper": 0.13513092514239108, "rsi": 27.897394061667654, "mfi": 22.202656430815537, "atr": 0.0007142857142857149}
[ENTRY] 2026-08-11T10:14:59+00:00 PUMPTRY layer=2 value=244.40 entry=0.13129840 cash=2202.90
[SCAN] 2026-08-11T10:14:59+00:00 symbols=20 signals=1 entries=1 exits=0 blocked=1 open=10 cash=2202.90 equity=9154.18
[SIGNAL] 2026-08-11T10:14:59+00:00 PUMPTRY BUY fill_at=2026-08-11T10:19:59+00:00 features={"close": 0.1308, "bb_lower": 0.1312066280094991, "bb_upper": 0.135336229133358, "rsi": 26.93389345738943, "mfi": 15.612402256819479, "atr": 0.0007000000000000002}
[BLOCKED] PUMPTRY reason=max_layers
[EXIT] 2026-08-11T10:19:59+00:00 HEITRY reason=fixed_take_profit pnl=+9.41 cash=2514.49
[SCAN] 2026-08-11T10:19:59+00:00 symbols=20 signals=1 entries=0 exits=1 blocked=3 open=9 cash=2514.49 equity=9154.20
[SCAN] 2026-08-11T10:24:59+00:00 symbols=20 signals=0 entries=0 exits=0 blocked=2 open=9 cash=2514.49 equity=9155.11
[SCAN] 2026-08-11T10:29:59+00:00 symbols=20 signals=0 entries=0 exits=0 blocked=3 open=9 cash=2514.49 equity=9152.81
[SCAN] 2026-08-11T10:34:59+00:00 symbols=20 signals=0 entries=0 exits=0 blocked=2 open=9 cash=2514.49 equity=9180.66
[SCAN] 2026-08-11T10:39:59+00:00 symbols=20 signals=0 entries=0 exits=0 blocked=0 open=9 cash=2514.49 equity=9148.88
[SCAN] 2026-08-11T10:44:59+00:00 symbols=20 signals=0 entries=0 exits=0 blocked=1 open=9 cash=2514.49 equity=9138.09
[SIGNAL] 2026-08-11T10:44:59+00:00 VICTRY BUY fill_at=2026-08-11T10:49:59+00:00 features={"close": 1.35, "bb_lower": 1.3516575110919222, "bb_upper": 1.3950091555747448, "rsi": 38.097056305221365, "mfi": 38.130897300052304, "atr": 0.015714285714285587}
[BLOCKED] VICTRY reason=max_layers
[EXIT] 2026-08-11T10:49:59+00:00 VANRYTRY reason=fixed_take_profit pnl=+23.35 cash=3288.11
[SCAN] 2026-08-11T10:49:59+00:00 symbols=20 signals=1 entries=0 exits=1 blocked=3 open=8 cash=3288.11 equity=9152.60
[SCAN] 2026-08-11T10:54:59+00:00 symbols=20 signals=0 entries=0 exits=0 blocked=0 open=8 cash=3288.11 equity=9143.72
[SCAN] 2026-08-11T10:59:59+00:00 symbols=20 signals=0 entries=0 exits=0 blocked=0 open=8 cash=3288.11 equity=9125.86
[SIGNAL] 2026-08-11T10:59:59+00:00 ALLOTRY BUY fill_at=2026-08-11T11:04:59+00:00 features={"close": 14.6, "bb_lower": 14.603290754931262, "bb_upper": 14.83766162602112, "rsi": 31.477681178019623, "mfi": 27.23006558438844, "atr": 0.033571428571428745}
[ENTRY] 2026-08-11T11:04:59+00:00 ALLOTRY layer=1 value=328.32 entry=14.61095000 cash=2959.30
[SCAN] 2026-08-11T11:04:59+00:00 symbols=20 signals=1 entries=1 exits=0 blocked=0 open=9 cash=2959.30 equity=9156.30
[SIGNAL] 2026-08-11T11:04:59+00:00 HOMETRY BUY fill_at=2026-08-11T11:09:59+00:00 features={"close": 0.423, "bb_lower": 0.4240577762485187, "bb_upper": 0.43565650946576695, "rsi": 31.484132902477526, "mfi": 49.56037946361827, "atr": 0.0021428571428571447}
[BLOCKED] HOMETRY reason=max_layers
[SIGNAL] 2026-08-11T11:04:59+00:00 ALLOTRY BUY fill_at=2026-08-11T11:09:59+00:00 features={"close": 14.57, "bb_lower": 14.581613693690752, "bb_upper": 14.837433925356866, "rsi": 28.888247618952875, "mfi": 21.24236919005841, "atr": 0.03500000000000002}
[ENTRY] 2026-08-11T11:09:59+00:00 ALLOTRY layer=2 value=295.49 entry=14.56091250 cash=2663.37
[SCAN] 2026-08-11T11:09:59+00:00 symbols=20 signals=2 entries=1 exits=0 blocked=1 open=9 cash=2663.37 equity=9143.52
[SCAN] 2026-08-11T11:14:59+00:00 symbols=20 signals=0 entries=0 exits=0 blocked=0 open=9 cash=2663.37 equity=9130.11
[SIGNAL] 2026-08-11T11:14:59+00:00 ALLOTRY BUY fill_at=2026-08-11T11:19:59+00:00 features={"close": 14.5, "bb_lower": 14.530877858222276, "bb_upper": 14.84436023701582, "rsi": 24.75132024071688, "mfi": 18.4312932957494, "atr": 0.03714285714285711}
[BLOCKED] ALLOTRY reason=max_layers
[SCAN] 2026-08-11T11:19:59+00:00 symbols=20 signals=1 entries=0 exits=0 blocked=2 open=9 cash=2663.37 equity=9149.90
[SIGNAL] 2026-08-11T11:19:59+00:00 ALLOTRY BUY fill_at=2026-08-11T11:24:59+00:00 features={"close": 14.5, "bb_lower": 14.502329427076267, "bb_upper": 14.850051525304684, "rsi": 24.751320259062183, "mfi": 18.19187685131911, "atr": 0.03571428571428559}
[BLOCKED] ALLOTRY reason=max_layers
[SCAN] 2026-08-11T11:24:59+00:00 symbols=20 signals=1 entries=0 exits=0 blocked=1 open=9 cash=2663.37 equity=9161.73
[SCAN] 2026-08-11T11:29:59+00:00 symbols=20 signals=0 entries=0 exits=0 blocked=0 open=9 cash=2663.37 equity=9152.66
[SIGNAL] 2026-08-11T11:29:59+00:00 ALLOTRY BUY fill_at=2026-08-11T11:34:59+00:00 features={"close": 14.43, "bb_lower": 14.44359059460576, "bb_upper": 14.848790357775192, "rsi": 20.286819800201613, "mfi": 16.71547269595628, "atr": 0.038571428571428513}
[BLOCKED] ALLOTRY reason=max_layers
[SCAN] 2026-08-11T11:34:59+00:00 symbols=20 signals=1 entries=0 exits=0 blocked=1 open=9 cash=2663.37 equity=9139.88
[SCAN] 2026-08-11T11:39:59+00:00 symbols=20 signals=0 entries=0 exits=0 blocked=0 open=9 cash=2663.37 equity=9147.87
[SCAN] 2026-08-11T11:44:59+00:00 symbols=20 signals=0 entries=0 exits=0 blocked=0 open=9 cash=2663.37 equity=9174.60
[SCAN] 2026-08-11T11:49:59+00:00 symbols=20 signals=0 entries=0 exits=0 blocked=0 open=9 cash=2663.37 equity=9156.73
[SCAN] 2026-08-11T11:54:59+00:00 symbols=20 signals=0 entries=0 exits=0 blocked=0 open=9 cash=2663.37 equity=9170.91
[SCAN] 2026-08-11T11:59:59+00:00 symbols=20 signals=0 entries=0 exits=0 blocked=0 open=9 cash=2663.37 equity=9157.73
[SCAN] 2026-08-11T12:04:59+00:00 symbols=20 signals=0 entries=0 exits=0 blocked=0 open=9 cash=2663.37 equity=9135.69
[SIGNAL] 2026-08-11T12:04:59+00:00 HOMETRY BUY fill_at=2026-08-11T12:09:59+00:00 features={"close": 0.418, "bb_lower": 0.4181796906825851, "bb_upper": 0.4324869759840815, "rsi": 34.82494162036981, "mfi": 25.606959721908936, "atr": 0.0030714285714285743}
[BLOCKED] HOMETRY reason=max_layers
[SCAN] 2026-08-11T12:09:59+00:00 symbols=20 signals=1 entries=0 exits=0 blocked=1 open=9 cash=2663.37 equity=9151.05
[SCAN] 2026-08-11T12:14:59+00:00 symbols=20 signals=0 entries=0 exits=0 blocked=1 open=9 cash=2663.37 equity=9149.07
[SIGNAL] 2026-08-11T12:14:59+00:00 HOMETRY BUY fill_at=2026-08-11T12:19:59+00:00 features={"close": 0.415, "bb_lower": 0.41587155198806286, "bb_upper": 0.43222368610717504, "rsi": 30.646280892120586, "mfi": 23.060703487985236, "atr": 0.003500000000000003}
[BLOCKED] HOMETRY reason=max_layers
[SCAN] 2026-08-11T12:19:59+00:00 symbols=20 signals=1 entries=0 exits=0 blocked=2 open=9 cash=2663.37 equity=9155.00
[SCAN] 2026-08-11T12:24:59+00:00 symbols=20 signals=0 entries=0 exits=0 blocked=2 open=9 cash=2663.37 equity=9144.15
[SCAN] 2026-08-11T12:29:59+00:00 symbols=20 signals=0 entries=0 exits=0 blocked=1 open=9 cash=2663.37 equity=9127.88
[SIGNAL] 2026-08-11T12:29:59+00:00 HOMETRY BUY fill_at=2026-08-11T12:34:59+00:00 features={"close": 0.412, "bb_lower": 0.41394105110673785, "bb_upper": 0.429963710798024, "rsi": 30.41259583221479, "mfi": 30.912751143791127, "atr": 0.003785714285714289}
[BLOCKED] HOMETRY reason=max_layers
[SIGNAL] 2026-08-11T12:29:59+00:00 SAHARATRY BUY fill_at=2026-08-11T12:34:59+00:00 features={"close": 0.3815, "bb_lower": 0.38150272847541783, "bb_upper": 0.3842591762864869, "rsi": 39.66186424380804, "mfi": 24.72732476134732, "atr": 0.0006999999999999942}
[BLOCKED] SAHARATRY reason=max_layers
[EXIT] 2026-08-11T12:34:59+00:00 HOMETRY reason=fixed_stop_loss pnl=-58.28 cash=3522.59
[SCAN] 2026-08-11T12:34:59+00:00 symbols=20 signals=2 entries=0 exits=1 blocked=5 open=8 cash=3522.59 equity=9131.82
[SCAN] 2026-08-11T12:39:59+00:00 symbols=20 signals=0 entries=0 exits=0 blocked=2 open=8 cash=3522.59 equity=9107.50
[SIGNAL] 2026-08-11T12:39:59+00:00 VICTRY BUY fill_at=2026-08-11T12:44:59+00:00 features={"close": 1.32, "bb_lower": 1.3368524269666697, "bb_upper": 1.3964809063666637, "rsi": 34.57046404849055, "mfi": 29.898310357834987, "atr": 0.019999999999999907}
[BLOCKED] VICTRY reason=max_layers
[SCAN] 2026-08-11T12:44:59+00:00 symbols=20 signals=1 entries=0 exits=0 blocked=4 open=8 cash=3522.59 equity=9097.92
[SIGNAL] 2026-08-11T12:44:59+00:00 VICTRY BUY fill_at=2026-08-11T12:49:59+00:00 features={"close": 1.33, "bb_lower": 1.332722841760593, "bb_upper": 1.3987057296679783, "rsi": 38.76721935231524, "mfi": 18.748376792768738, "atr": 0.019999999999999924}
[BLOCKED] VICTRY reason=max_layers
[SCAN] 2026-08-11T12:49:59+00:00 symbols=20 signals=1 entries=0 exits=0 blocked=3 open=8 cash=3522.59 equity=9087.25
[SIGNAL] 2026-08-11T12:49:59+00:00 VICTRY BUY fill_at=2026-08-11T12:54:59+00:00 features={"close": 1.32, "bb_lower": 1.3252411092226069, "bb_upper": 1.4004731764916791, "rsi": 36.24843400740598, "mfi": 19.668634705811, "atr": 0.019285714285714222}
[BLOCKED] VICTRY reason=max_layers
[SCAN] 2026-08-11T12:54:59+00:00 symbols=20 signals=1 entries=0 exits=0 blocked=2 open=8 cash=3522.59 equity=9098.00
[SCAN] 2026-08-11T12:59:59+00:00 symbols=20 signals=0 entries=0 exits=0 blocked=0 open=8 cash=3522.59 equity=9092.03
[SIGNAL] 2026-08-11T12:59:59+00:00 SAHARATRY BUY fill_at=2026-08-11T13:04:59+00:00 features={"close": 0.38, "bb_lower": 0.38069723302549163, "bb_upper": 0.3845599098316512, "rsi": 32.63332060419161, "mfi": 26.639053684827715, "atr": 0.0006142857142857061}
[BLOCKED] SAHARATRY reason=max_layers
[EXIT] 2026-08-11T13:04:59+00:00 COTITRY reason=fixed_stop_loss pnl=-45.41 cash=4192.11
[SCAN] 2026-08-11T13:04:59+00:00 symbols=20 signals=1 entries=0 exits=1 blocked=1 open=7 cash=4192.11 equity=9078.14
[SIGNAL] 2026-08-11T13:04:59+00:00 SAHARATRY BUY fill_at=2026-08-11T13:09:59+00:00 features={"close": 0.3794, "bb_lower": 0.38009750515787666, "bb_upper": 0.3848263043659329, "rsi": 30.035959664552152, "mfi": 20.09357361030068, "atr": 0.0006499999999999918}
[BLOCKED] SAHARATRY reason=max_layers
[SCAN] 2026-08-11T13:09:59+00:00 symbols=20 signals=1 entries=0 exits=0 blocked=1 open=7 cash=4192.11 equity=9075.25
[SIGNAL] 2026-08-11T13:09:59+00:00 EDENTRY BUY fill_at=2026-08-11T13:14:59+00:00 features={"close": 2.116, "bb_lower": 2.12320842161556, "bb_upper": 2.152505864098726, "rsi": 37.255641599393314, "mfi": 17.24859125725797, "atr": 0.007571428571428562}
[ENTRY] 2026-08-11T13:14:59+00:00 EDENTRY layer=1 value=418.58 entry=2.12359150 cash=3772.90
[SIGNAL] 2026-08-11T13:09:59+00:00 SAHARATRY BUY fill_at=2026-08-11T13:14:59+00:00 features={"close": 0.3794, "bb_lower": 0.37961834644193226, "bb_upper": 0.3850197487961631, "rsi": 30.035959652923992, "mfi": 20.175757961456114, "atr": 0.0006499999999999918}
[BLOCKED] SAHARATRY reason=max_layers
[SCAN] 2026-08-11T13:14:59+00:00 symbols=20 signals=2 entries=1 exits=0 blocked=1 open=8 cash=3772.90 equity=9060.59
[SIGNAL] 2026-08-11T13:14:59+00:00 COTITRY BUY fill_at=2026-08-11T13:19:59+00:00 features={"close": 0.501, "bb_lower": 0.5030238186989716, "bb_upper": 0.5129095146343615, "rsi": 32.60192679660955, "mfi": 39.30928960358254, "atr": 0.004485714285714287}
[ENTRY] 2026-08-11T13:19:59+00:00 COTITRY layer=1 value=376.73 entry=0.50087538 cash=3395.61
[SCAN] 2026-08-11T13:19:59+00:00 symbols=20 signals=1 entries=1 exits=0 blocked=1 open=9 cash=3395.61 equity=9059.17
[SIGNAL] 2026-08-11T13:19:59+00:00 COTITRY BUY fill_at=2026-08-11T13:24:59+00:00 features={"close": 0.4997, "bb_lower": 0.5017158940676553, "bb_upper": 0.5136841059323448, "rsi": 30.474643651702635, "mfi": 32.72350669293975, "atr": 0.0045499999999999985}
[ENTRY] 2026-08-11T13:24:59+00:00 COTITRY layer=2 value=339.05 entry=0.49997470 cash=3056.05
[SCAN] 2026-08-11T13:24:59+00:00 symbols=20 signals=1 entries=1 exits=0 blocked=0 open=9 cash=3056.05 equity=9057.18
[SIGNAL] 2026-08-11T13:24:59+00:00 COTITRY BUY fill_at=2026-08-11T13:29:59+00:00 features={"close": 0.4995, "bb_lower": 0.500609457488052, "bb_upper": 0.5142857806071859, "rsi": 30.14679610748489, "mfi": 33.01742440559836, "atr": 0.004435714285714281}
[BLOCKED] COTITRY reason=max_layers
[SCAN] 2026-08-11T13:29:59+00:00 symbols=20 signals=1 entries=0 exits=0 blocked=3 open=9 cash=3056.05 equity=9054.30
[SCAN] 2026-08-11T13:34:59+00:00 symbols=20 signals=0 entries=0 exits=0 blocked=1 open=9 cash=3056.05 equity=9056.51
[SCAN] 2026-08-11T13:39:59+00:00 symbols=20 signals=0 entries=0 exits=0 blocked=0 open=9 cash=3056.05 equity=9057.43
[SCAN] 2026-08-11T13:44:59+00:00 symbols=20 signals=0 entries=0 exits=0 blocked=0 open=9 cash=3056.05 equity=9051.56
[SCAN] 2026-08-11T13:49:59+00:00 symbols=20 signals=0 entries=0 exits=0 blocked=0 open=9 cash=3056.05 equity=9076.35
[SCAN] 2026-08-11T13:54:59+00:00 symbols=20 signals=0 entries=0 exits=0 blocked=0 open=9 cash=3056.05 equity=9059.93
[SCAN] 2026-08-11T13:59:59+00:00 symbols=20 signals=0 entries=0 exits=0 blocked=0 open=9 cash=3056.05 equity=9061.60
[SIGNAL] 2026-08-11T13:59:59+00:00 KAITOTRY BUY fill_at=2026-08-11T14:04:59+00:00 features={"close": 31.3, "bb_lower": 31.316768621803224, "bb_upper": 31.49770756867297, "rsi": 40.80698243602858, "mfi": 48.967370399974, "atr": 0.06835714285714342}
[ENTRY] 2026-08-11T14:04:59+00:00 KAITOTRY layer=1 value=305.15 entry=31.32947950 cash=2750.45
[SCAN] 2026-08-11T14:04:59+00:00 symbols=20 signals=1 entries=1 exits=0 blocked=0 open=10 cash=2750.45 equity=9057.61
[SCAN] 2026-08-11T14:09:59+00:00 symbols=20 signals=0 entries=0 exits=0 blocked=0 open=10 cash=2750.45 equity=9038.83
[SIGNAL] 2026-08-11T14:09:59+00:00 VICTRY BUY fill_at=2026-08-11T14:14:59+00:00 features={"close": 1.3, "bb_lower": 1.3089517149598568, "bb_upper": 1.3634292374210955, "rsi": 32.59006169620787, "mfi": 34.79277503960998, "atr": 0.019285714285714302}
[BLOCKED] VICTRY reason=max_layers
[SCAN] 2026-08-11T14:14:59+00:00 symbols=20 signals=1 entries=0 exits=0 blocked=1 open=10 cash=2750.45 equity=9043.21
[SIGNAL] 2026-08-11T14:14:59+00:00 KAITOTRY BUY fill_at=2026-08-11T14:19:59+00:00 features={"close": 31.22, "bb_lower": 31.27616679350591, "bb_upper": 31.495166539827427, "rsi": 36.39206759353524, "mfi": 39.29840140501699, "atr": 0.07321428571428637}
[ENTRY] 2026-08-11T14:19:59+00:00 KAITOTRY layer=2 value=274.63 entry=31.26643225 cash=2475.40
[SIGNAL] 2026-08-11T14:14:59+00:00 PIXELTRY BUY fill_at=2026-08-11T14:19:59+00:00 features={"close": 0.217, "bb_lower": 0.21723018609775285, "bb_upper": 0.21953171866415183, "rsi": 38.18438734808785, "mfi": 46.93920371466822, "atr": 0.0006428571428571435}
[ENTRY] 2026-08-11T14:19:59+00:00 PIXELTRY layer=1 value=247.17 entry=0.21716275 cash=2227.86
[SCAN] 2026-08-11T14:19:59+00:00 symbols=20 signals=2 entries=2 exits=0 blocked=1 open=11 cash=2227.86 equity=9041.52
[SIGNAL] 2026-08-11T14:19:59+00:00 KAITOTRY BUY fill_at=2026-08-11T14:24:59+00:00 features={"close": 31.038, "bb_lower": 31.18451821610359, "bb_upper": 31.55100559342023, "rsi": 27.577610091922963, "mfi": 41.0399028741121, "atr": 0.08628571428571494}
[BLOCKED] KAITOTRY reason=max_layers
[SIGNAL] 2026-08-11T14:19:59+00:00 PIXELTRY BUY fill_at=2026-08-11T14:24:59+00:00 features={"close": 0.217, "bb_lower": 0.21702943752778353, "bb_upper": 0.21954199104364502, "rsi": 38.18438735792549, "mfi": 46.93920371466822, "atr": 0.0005000000000000004}
[ENTRY] 2026-08-11T14:24:59+00:00 PIXELTRY layer=2 value=222.45 entry=0.21716275 cash=2005.08
[SCAN] 2026-08-11T14:24:59+00:00 symbols=20 signals=2 entries=1 exits=0 blocked=2 open=11 cash=2005.08 equity=9029.16
[SIGNAL] 2026-08-11T14:24:59+00:00 KAITOTRY BUY fill_at=2026-08-11T14:29:59+00:00 features={"close": 31.012, "bb_lower": 31.11238291611068, "bb_upper": 31.584664702936937, "rsi": 26.581223461066884, "mfi": 34.15308482693084, "atr": 0.08585714285714349}
[BLOCKED] KAITOTRY reason=max_layers
[SIGNAL] 2026-08-11T14:24:59+00:00 EDENTRY BUY fill_at=2026-08-11T14:29:59+00:00 features={"close": 2.097, "bb_lower": 2.1076914157214555, "bb_upper": 2.1517371557071154, "rsi": 30.769421420049994, "mfi": 39.50124255619894, "atr": 0.009142857142857055}
[ENTRY] 2026-08-11T14:29:59+00:00 EDENTRY layer=2 value=200.21 entry=2.09857275 cash=1804.57
[SCAN] 2026-08-11T14:29:59+00:00 symbols=20 signals=2 entries=1 exits=0 blocked=2 open=11 cash=1804.57 equity=9030.92
[SIGNAL] 2026-08-11T14:29:59+00:00 KAITOTRY BUY fill_at=2026-08-11T14:34:59+00:00 features={"close": 31.05, "bb_lower": 31.065170790806462, "bb_upper": 31.598638733003064, "rsi": 30.55397158833847, "mfi": 32.47063617582711, "atr": 0.08407142857142905}
[BLOCKED] KAITOTRY reason=max_layers
[SIGNAL] 2026-08-11T14:29:59+00:00 EDENTRY BUY fill_at=2026-08-11T14:34:59+00:00 features={"close": 2.103, "bb_lower": 2.1041368814221983, "bb_upper": 2.1511964519111344, "rsi": 35.50114432357611, "mfi": 38.66265477820857, "atr": 0.00921428571428565}
[BLOCKED] EDENTRY reason=max_layers
[SCAN] 2026-08-11T14:34:59+00:00 symbols=20 signals=2 entries=0 exits=0 blocked=2 open=11 cash=1804.57 equity=9033.79
[SIGNAL] 2026-08-11T14:34:59+00:00 EDENTRY BUY fill_at=2026-08-11T14:39:59+00:00 features={"close": 2.099, "bb_lower": 2.099741139307876, "bb_upper": 2.152068384501648, "rsi": 33.831172183304076, "mfi": 43.496235789674124, "atr": 0.007928571428571349}
[BLOCKED] EDENTRY reason=max_layers
[SCAN] 2026-08-11T14:39:59+00:00 symbols=20 signals=1 entries=0 exits=0 blocked=2 open=11 cash=1804.57 equity=9017.61
[SIGNAL] 2026-08-11T14:39:59+00:00 EDENTRY BUY fill_at=2026-08-11T14:44:59+00:00 features={"close": 2.088, "bb_lower": 2.0933558764196523, "bb_upper": 2.153786980723205, "rsi": 29.67282638025398, "mfi": 45.515490794656664, "atr": 0.00849999999999992}
[BLOCKED] EDENTRY reason=max_layers
[SCAN] 2026-08-11T14:44:59+00:00 symbols=20 signals=1 entries=0 exits=0 blocked=1 open=11 cash=1804.57 equity=9028.45
[SCAN] 2026-08-11T14:49:59+00:00 symbols=20 signals=0 entries=0 exits=0 blocked=2 open=11 cash=1804.57 equity=9031.62
[SIGNAL] 2026-08-11T14:49:59+00:00 EDENTRY BUY fill_at=2026-08-11T14:54:59+00:00 features={"close": 2.08, "bb_lower": 2.0818887810926716, "bb_upper": 2.156682647478757, "rsi": 27.77847419500631, "mfi": 27.317509880204298, "atr": 0.008785714285714175}
[BLOCKED] EDENTRY reason=max_layers
[EXIT] 2026-08-11T14:54:59+00:00 BIOTRY reason=fixed_stop_loss pnl=-42.34 cash=2428.84
[SCAN] 2026-08-11T14:54:59+00:00 symbols=20 signals=1 entries=0 exits=1 blocked=2 open=10 cash=2428.84 equity=9020.69
[SIGNAL] 2026-08-11T14:54:59+00:00 ENATRY BUY fill_at=2026-08-11T14:59:59+00:00 features={"close": 4.242, "bb_lower": 4.243494203185674, "bb_upper": 4.274696273004801, "rsi": 36.72848629857108, "mfi": 29.24038671394446, "atr": 0.010428571428571358}
[ENTRY] 2026-08-11T14:59:59+00:00 ENATRY layer=1 value=242.52 entry=4.24618225 cash=2185.95
[SIGNAL] 2026-08-11T14:54:59+00:00 EDENTRY BUY fill_at=2026-08-11T14:59:59+00:00 features={"close": 2.073, "bb_lower": 2.074956027613269, "bb_upper": 2.1595201628629215, "rsi": 25.57691829067572, "mfi": 25.16035552299934, "atr": 0.009142857142857055}
[BLOCKED] EDENTRY reason=max_layers
[SCAN] 2026-08-11T14:59:59+00:00 symbols=20 signals=2 entries=1 exits=0 blocked=2 open=11 cash=2185.95 equity=9008.28
[SIGNAL] 2026-08-11T14:59:59+00:00 FIDATRY BUY fill_at=2026-08-11T15:04:59+00:00 features={"close": 0.847, "bb_lower": 0.8488539694288771, "bb_upper": 0.8574317448568373, "rsi": 28.782929646190468, "mfi": 54.731014282560956, "atr": 0.0015714285714285728}
[ENTRY] 2026-08-11T15:04:59+00:00 FIDATRY layer=1 value=218.27 entry=0.84863600 cash=1967.36
[SIGNAL] 2026-08-11T14:59:59+00:00 HOMETRY BUY fill_at=2026-08-11T15:04:59+00:00 features={"close": 0.416, "bb_lower": 0.41852003142381927, "bb_upper": 0.4305275876237999, "rsi": 34.516764933802634, "mfi": 20.534794901797923, "atr": 0.002571428571428574}
[ENTRY] 2026-08-11T15:04:59+00:00 HOMETRY layer=1 value=196.44 entry=0.41531125 cash=1770.62
[SIGNAL] 2026-08-11T14:59:59+00:00 EDENTRY BUY fill_at=2026-08-11T15:04:59+00:00 features={"close": 2.025, "bb_lower": 2.0550112565107965, "bb_upper": 2.1702268387272983, "rsi": 16.098827332674105, "mfi": 14.840094040075087, "atr": 0.012428571428571329}
[BLOCKED] EDENTRY reason=max_layers
[SCAN] 2026-08-11T15:04:59+00:00 symbols=20 signals=3 entries=2 exits=0 blocked=2 open=13 cash=1770.62 equity=9009.91
[SIGNAL] 2026-08-11T15:04:59+00:00 HOMETRY BUY fill_at=2026-08-11T15:09:59+00:00 features={"close": 0.411, "bb_lower": 0.4155468345301434, "bb_upper": 0.43216745118414224, "rsi": 28.518366121050093, "mfi": 15.126611730187662, "atr": 0.0028571428571428597}
[ENTRY] 2026-08-11T15:09:59+00:00 HOMETRY layer=2 value=176.80 entry=0.41130825 cash=1593.56
[SIGNAL] 2026-08-11T15:04:59+00:00 EDENTRY BUY fill_at=2026-08-11T15:09:59+00:00 features={"close": 2.033, "bb_lower": 2.0417662787779913, "bb_upper": 2.174995625983913, "rsi": 21.360504849704398, "mfi": 10.867126186054179, "atr": 0.013285714285714218}
[BLOCKED] EDENTRY reason=max_layers
[SCAN] 2026-08-11T15:09:59+00:00 symbols=20 signals=2 entries=1 exits=0 blocked=2 open=13 cash=1593.56 equity=9049.88
[SIGNAL] 2026-08-11T15:09:59+00:00 HOMETRY BUY fill_at=2026-08-11T15:14:59+00:00 features={"close": 0.413, "bb_lower": 0.41385824182327313, "bb_upper": 0.43242747246244106, "rsi": 33.52435524514328, "mfi": 24.40693488081787, "atr": 0.002928571428571431}
[BLOCKED] HOMETRY reason=max_layers
[SCAN] 2026-08-11T15:14:59+00:00 symbols=20 signals=1 entries=0 exits=0 blocked=1 open=13 cash=1593.56 equity=9039.85
[SIGNAL] 2026-08-11T15:14:59+00:00 HOMETRY BUY fill_at=2026-08-11T15:19:59+00:00 features={"close": 0.411, "bb_lower": 0.4120477297901892, "bb_upper": 0.4325236987812394, "rsi": 31.16029218669533, "mfi": 18.540378158771233, "atr": 0.0030000000000000027}
[BLOCKED] HOMETRY reason=max_layers
[SCAN] 2026-08-11T15:19:59+00:00 symbols=20 signals=1 entries=0 exits=0 blocked=1 open=13 cash=1593.56 equity=9030.30
[SIGNAL] 2026-08-11T15:19:59+00:00 FIDATRY BUY fill_at=2026-08-11T15:24:59+00:00 features={"close": 0.847, "bb_lower": 0.8471923813334858, "bb_upper": 0.8567123805712762, "rsi": 33.59688469579319, "mfi": 40.05377833945844, "atr": 0.0020000000000000018}
[ENTRY] 2026-08-11T15:24:59+00:00 FIDATRY layer=2 value=159.12 entry=0.84763525 cash=1434.20
[SIGNAL] 2026-08-11T15:19:59+00:00 ZROTRY BUY fill_at=2026-08-11T15:24:59+00:00 features={"close": 41.0, "bb_lower": 41.05773838616587, "bb_upper": 42.275594947167455, "rsi": 31.031164506591523, "mfi": 37.733333057718085, "atr": 0.13571428571428662}
[ENTRY] 2026-08-11T15:24:59+00:00 ZROTRY layer=1 value=143.21 entry=41.03075000 cash=1290.78
[SIGNAL] 2026-08-11T15:19:59+00:00 TOWNSTRY BUY fill_at=2026-08-11T15:24:59+00:00 features={"close": 0.111, "bb_lower": 0.11117469039160925, "bb_upper": 0.11406340484648604, "rsi": 34.00623178983403, "mfi": 46.23094221557372, "atr": 0.0005000000000000004}
[ENTRY] 2026-08-11T15:24:59+00:00 TOWNSTRY layer=1 value=128.89 entry=0.11208400 cash=1161.71
[SCAN] 2026-08-11T15:24:59+00:00 symbols=20 signals=3 entries=3 exits=0 blocked=1 open=15 cash=1161.71 equity=9039.92
[SCAN] 2026-08-11T15:29:59+00:00 symbols=20 signals=0 entries=0 exits=0 blocked=0 open=15 cash=1161.71 equity=9025.35
[SCAN] 2026-08-11T15:34:59+00:00 symbols=20 signals=0 entries=0 exits=0 blocked=0 open=15 cash=1161.71 equity=8996.80
[EXIT] 2026-08-11T15:39:59+00:00 SAHARATRY reason=fixed_stop_loss pnl=-47.90 cash=1867.98
[SCAN] 2026-08-11T15:39:59+00:00 symbols=20 signals=0 entries=0 exits=1 blocked=1 open=14 cash=1867.98 equity=8962.44
[SIGNAL] 2026-08-11T15:39:59+00:00 FIDATRY BUY fill_at=2026-08-11T15:44:59+00:00 features={"close": 0.84, "bb_lower": 0.8436340304418154, "bb_upper": 0.856937398129613, "rsi": 23.73045792144832, "mfi": 38.77171796107832, "atr": 0.0022857142857142876}
[BLOCKED] FIDATRY reason=max_layers
[SIGNAL] 2026-08-11T15:39:59+00:00 ENATRY BUY fill_at=2026-08-11T15:44:59+00:00 features={"close": 4.227, "bb_lower": 4.230414982689211, "bb_upper": 4.299680255406028, "rsi": 36.33708588976236, "mfi": 36.72318988329855, "atr": 0.017142857142857095}
[ENTRY] 2026-08-11T15:44:59+00:00 ENATRY layer=2 value=186.52 entry=4.23617475 cash=1681.18
[SIGNAL] 2026-08-11T15:39:59+00:00 BIOTRY BUY fill_at=2026-08-11T15:44:59+00:00 features={"close": 1.192, "bb_lower": 1.2008430882736776, "bb_upper": 1.2213473879167984, "rsi": 27.14035581171497, "mfi": 43.090896459278476, "atr": 0.003857142857142829}
[ENTRY] 2026-08-11T15:44:59+00:00 BIOTRY layer=1 value=167.87 entry=1.19089250 cash=1513.06
[SIGNAL] 2026-08-11T15:39:59+00:00 ZROTRY BUY fill_at=2026-08-11T15:44:59+00:00 features={"close": 40.7, "bb_lower": 40.70246432314959, "bb_upper": 42.40229758161231, "rsi": 24.0619025961402, "mfi": 4.57277279890053, "atr": 0.0999999999999999}
[ENTRY] 2026-08-11T15:44:59+00:00 ZROTRY layer=2 value=151.08 entry=40.83060000 cash=1361.76
[SIGNAL] 2026-08-11T15:39:59+00:00 VANRYTRY BUY fill_at=2026-08-11T15:44:59+00:00 features={"close": 0.134, "bb_lower": 0.1341397585376552, "bb_upper": 0.13735547955758282, "rsi": 39.30640280715206, "mfi": 20.34529758974783, "atr": 0.0010000000000000009}
[ENTRY] 2026-08-11T15:44:59+00:00 VANRYTRY layer=1 value=135.97 entry=0.13500118 cash=1225.58
[SIGNAL] 2026-08-11T15:39:59+00:00 PIXELTRY BUY fill_at=2026-08-11T15:44:59+00:00 features={"close": 0.213, "bb_lower": 0.21475873192044168, "bb_upper": 0.22047936331765358, "rsi": 27.104380639548495, "mfi": 41.30908513005756, "atr": 0.0010714285714285723}
[BLOCKED] PIXELTRY reason=max_layers
[EXIT] 2026-08-11T15:44:59+00:00 EDENTRY reason=fixed_stop_loss pnl=-39.36 cash=1805.94
[SCAN] 2026-08-11T15:44:59+00:00 symbols=20 signals=6 entries=4 exits=1 blocked=4 open=15 cash=1805.94 equity=8955.58
[SIGNAL] 2026-08-11T15:44:59+00:00 FIDATRY BUY fill_at=2026-08-11T15:49:59+00:00 features={"close": 0.836, "bb_lower": 0.8406222657100442, "bb_upper": 0.8582348771470985, "rsi": 19.750906898488964, "mfi": 35.4970127194602, "atr": 0.0025000000000000022}
[BLOCKED] FIDATRY reason=max_layers
[SIGNAL] 2026-08-11T15:44:59+00:00 BIOTRY BUY fill_at=2026-08-11T15:49:59+00:00 features={"close": 1.183, "bb_lower": 1.193963062793569, "bb_upper": 1.2253702705397644, "rsi": 22.475855247682702, "mfi": 32.995327872833386, "atr": 0.00485714285714283}
[ENTRY] 2026-08-11T15:49:59+00:00 BIOTRY layer=2 value=180.32 entry=1.18388725 cash=1625.34
[SIGNAL] 2026-08-11T15:44:59+00:00 TOWNSTRY BUY fill_at=2026-08-11T15:49:59+00:00 features={"close": 0.11, "bb_lower": 0.11044771525016922, "bb_upper": 0.11421895141649749, "rsi": 31.17027184001421, "mfi": 37.285255336043086, "atr": 0.0005000000000000004}
[ENTRY] 2026-08-11T15:49:59+00:00 TOWNSTRY layer=2 value=162.29 entry=0.11008250 cash=1462.81
[SIGNAL] 2026-08-11T15:44:59+00:00 PIXELTRY BUY fill_at=2026-08-11T15:49:59+00:00 features={"close": 0.211, "bb_lower": 0.21327891733943571, "bb_upper": 0.2212925112319929, "rsi": 22.452297334167028, "mfi": 23.592696637057614, "atr": 0.0013571428571428584}
[BLOCKED] PIXELTRY reason=max_layers
[SCAN] 2026-08-11T15:49:59+00:00 symbols=20 signals=4 entries=2 exits=0 blocked=3 open=15 cash=1462.81 equity=8944.28
[SIGNAL] 2026-08-11T15:49:59+00:00 FIDATRY BUY fill_at=2026-08-11T15:54:59+00:00 features={"close": 0.838, "bb_lower": 0.838862229705424, "bb_upper": 0.8584711036279096, "rsi": 26.433431545808006, "mfi": 41.788067839287606, "atr": 0.0025000000000000022}
[BLOCKED] FIDATRY reason=max_layers
[SIGNAL] 2026-08-11T15:49:59+00:00 BIOTRY BUY fill_at=2026-08-11T15:54:59+00:00 features={"close": 1.181, "bb_lower": 1.1883694833395977, "bb_upper": 1.2277257547556408, "rsi": 21.58286189231154, "mfi": 25.69287638046829, "atr": 0.004785714285714266}
[BLOCKED] BIOTRY reason=max_layers
[SIGNAL] 2026-08-11T15:49:59+00:00 TOWNSTRY BUY fill_at=2026-08-11T15:54:59+00:00 features={"close": 0.11, "bb_lower": 0.11010850668809545, "bb_upper": 0.11436768378809505, "rsi": 31.17027184901623, "mfi": 24.959906566358413, "atr": 0.00042857142857142893}
[BLOCKED] TOWNSTRY reason=max_layers
[SIGNAL] 2026-08-11T15:49:59+00:00 PIXELTRY BUY fill_at=2026-08-11T15:54:59+00:00 features={"close": 0.21, "bb_lower": 0.2118562444644958, "bb_upper": 0.22195327934502806, "rsi": 20.54247537476256, "mfi": 21.299733699913077, "atr": 0.0014285714285714299}
[BLOCKED] PIXELTRY reason=max_layers
[SCAN] 2026-08-11T15:54:59+00:00 symbols=20 signals=4 entries=0 exits=0 blocked=6 open=15 cash=1462.81 equity=8935.07
[SIGNAL] 2026-08-11T15:54:59+00:00 FIDATRY BUY fill_at=2026-08-11T15:59:59+00:00 features={"close": 0.837, "bb_lower": 0.8371272763440507, "bb_upper": 0.8586822474654732, "rsi": 25.292588692553053, "mfi": 28.48845471591791, "atr": 0.002571428571428574}
[BLOCKED] FIDATRY reason=max_layers
[SIGNAL] 2026-08-11T15:54:59+00:00 BIOTRY BUY fill_at=2026-08-11T15:59:59+00:00 features={"close": 1.184, "bb_lower": 1.1846539134245702, "bb_upper": 1.2285841818135252, "rsi": 26.338676261041684, "mfi": 24.09330232119642, "atr": 0.004928571428571393}
[BLOCKED] BIOTRY reason=max_layers
[SIGNAL] 2026-08-11T15:54:59+00:00 PIXELTRY BUY fill_at=2026-08-11T15:59:59+00:00 features={"close": 0.21, "bb_lower": 0.21071350512660209, "bb_upper": 0.22233411392101704, "rsi": 20.5424753394191, "mfi": 18.588507950484512, "atr": 0.0013571428571428584}
[BLOCKED] PIXELTRY reason=max_layers
[SCAN] 2026-08-11T15:59:59+00:00 symbols=20 signals=3 entries=0 exits=0 blocked=3 open=15 cash=1462.81 equity=8960.06
[SCAN] 2026-08-11T16:04:59+00:00 symbols=20 signals=0 entries=0 exits=1 blocked=0 open=14 cash=2300.21 equity=8954.10
[SIGNAL] 2026-08-11T16:04:59+00:00 PIXELTRY BUY fill_at=2026-08-11T16:09:59+00:00 features={"close": 0.208, "bb_lower": 0.2084614217536241, "bb_upper": 0.2230623877701855, "rsi": 16.88937231493739, "mfi": 15.825282908724375, "atr": 0.0013571428571428584}
[BLOCKED] PIXELTRY reason=max_layers
[SCAN] 2026-08-11T16:09:59+00:00 symbols=20 signals=1 entries=0 exits=0 blocked=2 open=14 cash=2300.21 equity=8985.21
[SCAN] 2026-08-11T16:14:59+00:00 symbols=20 signals=0 entries=0 exits=0 blocked=1 open=14 cash=2300.21 equity=8986.84
[SCAN] 2026-08-11T16:19:59+00:00 symbols=20 signals=0 entries=0 exits=0 blocked=1 open=14 cash=2300.21 equity=8978.44
[SCAN] 2026-08-11T16:24:59+00:00 symbols=20 signals=0 entries=0 exits=0 blocked=1 open=14 cash=2300.21 equity=8985.94
[SCAN] 2026-08-11T16:29:59+00:00 symbols=20 signals=0 entries=0 exits=0 blocked=0 open=14 cash=2300.21 equity=8965.68
[SCAN] 2026-08-11T16:34:59+00:00 symbols=20 signals=0 entries=0 exits=0 blocked=0 open=14 cash=2300.21 equity=8953.04
[SIGNAL] 2026-08-11T16:34:59+00:00 MITOTRY BUY fill_at=2026-08-11T16:39:59+00:00 features={"close": 1.212, "bb_lower": 1.2320076199185663, "bb_upper": 1.2986590467481, "rsi": 33.1277697475108, "mfi": 42.826501688799176, "atr": 0.022142857142857113}
[ENTRY] 2026-08-11T16:39:59+00:00 MITOTRY layer=1 value=229.68 entry=1.21090750 cash=2070.19
[SCAN] 2026-08-11T16:39:59+00:00 symbols=20 signals=1 entries=1 exits=0 blocked=0 open=15 cash=2070.19 equity=8939.42
[SIGNAL] 2026-08-11T16:39:59+00:00 MITOTRY BUY fill_at=2026-08-11T16:44:59+00:00 features={"close": 1.201, "bb_lower": 1.2216458960467964, "bb_upper": 1.305401723000823, "rsi": 31.026480347725396, "mfi": 31.045435985798832, "atr": 0.023571428571428545}
[ENTRY] 2026-08-11T16:44:59+00:00 MITOTRY layer=2 value=206.71 entry=1.20390225 cash=1863.17
[SIGNAL] 2026-08-11T16:39:59+00:00 HOMETRY BUY fill_at=2026-08-11T16:44:59+00:00 features={"close": 0.408, "bb_lower": 0.4094202863219794, "bb_upper": 0.41791304701135384, "rsi": 33.40778621666634, "mfi": 37.00555412550766, "atr": 0.0031428571428571456}
[BLOCKED] HOMETRY reason=max_layers
[SCAN] 2026-08-11T16:44:59+00:00 symbols=20 signals=2 entries=1 exits=0 blocked=1 open=15 cash=1863.17 equity=8940.80
[SIGNAL] 2026-08-11T16:44:59+00:00 MITOTRY BUY fill_at=2026-08-11T16:49:59+00:00 features={"close": 1.204, "bb_lower": 1.2118406549908685, "bb_upper": 1.3097783926281792, "rsi": 32.29530937523782, "mfi": 25.383640090664713, "atr": 0.02421428571428568}
[BLOCKED] MITOTRY reason=max_layers
[SCAN] 2026-08-11T16:49:59+00:00 symbols=20 signals=1 entries=0 exits=0 blocked=1 open=15 cash=1863.17 equity=8947.13
[SCAN] 2026-08-11T16:54:59+00:00 symbols=20 signals=0 entries=0 exits=0 blocked=0 open=15 cash=1863.17 equity=8956.47
[SIGNAL] 2026-08-11T16:54:59+00:00 BANKTRY BUY fill_at=2026-08-11T16:59:59+00:00 features={"close": 1.766, "bb_lower": 1.7662307763768643, "bb_upper": 1.7981501760040874, "rsi": 35.87734636906801, "mfi": 17.838650666409734, "atr": 0.006214285714285712}
[ENTRY] 2026-08-11T16:59:59+00:00 BANKTRY layer=1 value=186.04 entry=1.76732450 cash=1676.85
[SCAN] 2026-08-11T16:59:59+00:00 symbols=20 signals=1 entries=1 exits=0 blocked=0 open=16 cash=1676.85 equity=8961.32
[SIGNAL] 2026-08-11T16:59:59+00:00 RETRY BUY fill_at=2026-08-11T17:04:59+00:00 features={"close": 19.86, "bb_lower": 19.877632669073904, "bb_upper": 20.29379590235466, "rsi": 40.24583354037127, "mfi": 27.743481686058118, "atr": 0.10499999999999966}
[ENTRY] 2026-08-11T17:04:59+00:00 RETRY layer=1 value=167.43 entry=19.85488000 cash=1509.17
[SIGNAL] 2026-08-11T16:59:59+00:00 BANKTRY BUY fill_at=2026-08-11T17:04:59+00:00 features={"close": 1.741, "bb_lower": 1.7564681914447238, "bb_upper": 1.8038175228409903, "rsi": 24.133203328767408, "mfi": 13.624236971861535, "atr": 0.010999999999999994}
[ENTRY] 2026-08-11T17:04:59+00:00 BANKTRY layer=2 value=150.69 entry=1.74330650 cash=1358.25
[SCAN] 2026-08-11T17:04:59+00:00 symbols=20 signals=2 entries=2 exits=0 blocked=0 open=17 cash=1358.25 equity=8937.43
[SIGNAL] 2026-08-11T17:04:59+00:00 HEITRY BUY fill_at=2026-08-11T17:09:59+00:00 features={"close": 7.119, "bb_lower": 7.166930827119, "bb_upper": 7.3823072681190975, "rsi": 32.43977041885802, "mfi": 36.02784440784837, "atr": 0.051214285714285754}
[ENTRY] 2026-08-11T17:09:59+00:00 HEITRY layer=1 value=135.62 entry=7.12433925 cash=1222.43
[SIGNAL] 2026-08-11T17:04:59+00:00 RETRY BUY fill_at=2026-08-11T17:09:59+00:00 features={"close": 19.77, "bb_lower": 19.82228896778259, "bb_upper": 20.312949127455504, "rsi": 36.59541500479926, "mfi": 31.67721137676537, "atr": 0.10928571428571386}
[ENTRY] 2026-08-11T17:09:59+00:00 RETRY layer=2 value=122.06 entry=19.77482000 cash=1100.18
[SIGNAL] 2026-08-11T17:04:59+00:00 BANKTRY BUY fill_at=2026-08-11T17:09:59+00:00 features={"close": 1.74, "bb_lower": 1.7489384888801112, "bb_upper": 1.8070615111198889, "rsi": 23.79566663540298, "mfi": 24.135981398155266, "atr": 0.011857142857142835}
[BLOCKED] BANKTRY reason=max_layers
[SCAN] 2026-08-11T17:09:59+00:00 symbols=20 signals=3 entries=2 exits=0 blocked=1 open=18 cash=1100.18 equity=8940.77
[SIGNAL] 2026-08-11T17:09:59+00:00 RETRY BUY fill_at=2026-08-11T17:14:59+00:00 features={"close": 19.74, "bb_lower": 19.78261124313794, "bb_upper": 20.298341137814443, "rsi": 35.43478865064067, "mfi": 31.47726345123742, "atr": 0.10357142857142827}
[BLOCKED] RETRY reason=max_layers
[SCAN] 2026-08-11T17:14:59+00:00 symbols=20 signals=1 entries=0 exits=0 blocked=2 open=18 cash=1100.18 equity=8938.26
[SCAN] 2026-08-11T17:19:59+00:00 symbols=20 signals=0 entries=0 exits=0 blocked=1 open=18 cash=1100.18 equity=8940.92
[SIGNAL] 2026-08-11T17:19:59+00:00 HEITRY BUY fill_at=2026-08-11T17:24:59+00:00 features={"close": 7.108, "bb_lower": 7.1184754086733255, "bb_upper": 7.373715067517151, "rsi": 34.322609621226505, "mfi": 29.876156365501203, "atr": 0.0502142857142858}
[ENTRY] 2026-08-11T17:24:59+00:00 HEITRY layer=2 value=109.85 entry=7.11333100 cash=990.16
[SIGNAL] 2026-08-11T17:19:59+00:00 HOMETRY BUY fill_at=2026-08-11T17:24:59+00:00 features={"close": 0.406, "bb_lower": 0.4061460961193366, "bb_upper": 0.41804438007113953, "rsi": 34.67093946930618, "mfi": 33.57998604658124, "atr": 0.002785714285714284}
[BLOCKED] HOMETRY reason=max_layers
[SCAN] 2026-08-11T17:24:59+00:00 symbols=20 signals=2 entries=1 exits=0 blocked=2 open=18 cash=990.16 equity=8913.27
[SIGNAL] 2026-08-11T17:24:59+00:00 HEITRY BUY fill_at=2026-08-11T17:29:59+00:00 features={"close": 7.093, "bb_lower": 7.096008277584774, "bb_upper": 7.375420293843796, "rsi": 33.08257850207886, "mfi": 25.03838243076686, "atr": 0.04935714285714291}
[BLOCKED] HEITRY reason=max_layers
[SIGNAL] 2026-08-11T17:24:59+00:00 HOMETRY BUY fill_at=2026-08-11T17:29:59+00:00 features={"close": 0.405, "bb_lower": 0.4050884388413887, "bb_upper": 0.41843537068242087, "rsi": 33.093490600955164, "mfi": 37.23741066140871, "atr": 0.0027857142857142803}
[BLOCKED] HOMETRY reason=max_layers
[SCAN] 2026-08-11T17:29:59+00:00 symbols=20 signals=2 entries=0 exits=0 blocked=3 open=18 cash=990.16 equity=8915.42
[SIGNAL] 2026-08-11T17:29:59+00:00 HOMETRY BUY fill_at=2026-08-11T17:34:59+00:00 features={"close": 0.401, "bb_lower": 0.4031692768489283, "bb_upper": 0.41902119934154786, "rsi": 27.643405210610155, "mfi": 29.822145788379842, "atr": 0.003071428571428566}
[BLOCKED] HOMETRY reason=max_layers
[SCAN] 2026-08-11T17:34:59+00:00 symbols=20 signals=1 entries=0 exits=0 blocked=1 open=18 cash=990.16 equity=8923.79
[SIGNAL] 2026-08-11T17:34:59+00:00 HOMETRY BUY fill_at=2026-08-11T17:39:59+00:00 features={"close": 0.4, "bb_lower": 0.40142462526958594, "bb_upper": 0.4192420413970808, "rsi": 26.463075988388212, "mfi": 25.33866230911795, "atr": 0.002999999999999995}
[BLOCKED] HOMETRY reason=max_layers
[SCAN] 2026-08-11T17:39:59+00:00 symbols=20 signals=1 entries=0 exits=0 blocked=2 open=18 cash=990.16 equity=8923.20
[SCAN] 2026-08-11T17:44:59+00:00 symbols=20 signals=0 entries=0 exits=0 blocked=0 open=18 cash=990.16 equity=8924.23
[SCAN] 2026-08-11T17:49:59+00:00 symbols=20 signals=0 entries=0 exits=0 blocked=0 open=18 cash=990.16 equity=8911.05
[SCAN] 2026-08-11T17:54:59+00:00 symbols=20 signals=0 entries=0 exits=0 blocked=1 open=18 cash=990.16 equity=8893.15
[SIGNAL] 2026-08-11T17:54:59+00:00 COTITRY BUY fill_at=2026-08-11T17:59:59+00:00 features={"close": 0.4901, "bb_lower": 0.4915500715955734, "bb_upper": 0.5017642141187122, "rsi": 37.763101938460345, "mfi": 31.741101735849384, "atr": 0.0031642857142857067}
[BLOCKED] COTITRY reason=max_layers
[SCAN] 2026-08-11T17:59:59+00:00 symbols=20 signals=1 entries=0 exits=0 blocked=1 open=18 cash=990.16 equity=8898.94
[SIGNAL] 2026-08-11T17:59:59+00:00 BIOTRY BUY fill_at=2026-08-11T18:04:59+00:00 features={"close": 1.191, "bb_lower": 1.191289683688569, "bb_upper": 1.204996030597145, "rsi": 34.89353298076868, "mfi": 36.86565224203027, "atr": 0.0020714285714285496}
[BLOCKED] BIOTRY reason=max_layers
[SIGNAL] 2026-08-11T17:59:59+00:00 ALLOTRY BUY fill_at=2026-08-11T18:04:59+00:00 features={"close": 14.16, "bb_lower": 14.249024504366748, "bb_upper": 14.641451686109452, "rsi": 27.951146490592095, "mfi": 55.373109349551946, "atr": 0.05642857142857124}
[BLOCKED] ALLOTRY reason=max_layers
[SCAN] 2026-08-11T18:04:59+00:00 symbols=20 signals=2 entries=0 exits=0 blocked=2 open=18 cash=990.16 equity=8896.15
[SIGNAL] 2026-08-11T18:04:59+00:00 BIOTRY BUY fill_at=2026-08-11T18:09:59+00:00 features={"close": 1.189, "bb_lower": 1.1900673885536464, "bb_upper": 1.2056468971606396, "rsi": 32.096261740358486, "mfi": 30.544777850501305, "atr": 0.0020714285714285496}
[BLOCKED] BIOTRY reason=max_layers
[SCAN] 2026-08-11T18:09:59+00:00 symbols=20 signals=1 entries=0 exits=0 blocked=1 open=18 cash=990.16 equity=8884.85
[SIGNAL] 2026-08-11T18:09:59+00:00 BIOTRY BUY fill_at=2026-08-11T18:14:59+00:00 features={"close": 1.188, "bb_lower": 1.1885103622858746, "bb_upper": 1.2060610662855535, "rsi": 30.760540849603572, "mfi": 13.358073639527774, "atr": 0.002142857142857129}
[BLOCKED] BIOTRY reason=max_layers
[SCAN] 2026-08-11T18:14:59+00:00 symbols=20 signals=1 entries=0 exits=0 blocked=1 open=18 cash=990.16 equity=8892.58
[SCAN] 2026-08-11T18:19:59+00:00 symbols=20 signals=0 entries=0 exits=0 blocked=0 open=18 cash=990.16 equity=8892.89
[SCAN] 2026-08-11T18:24:59+00:00 symbols=20 signals=0 entries=0 exits=0 blocked=1 open=18 cash=990.16 equity=8902.74
[SCAN] 2026-08-11T18:29:59+00:00 symbols=20 signals=0 entries=0 exits=0 blocked=0 open=18 cash=990.16 equity=8901.25
[SCAN] 2026-08-11T18:34:59+00:00 symbols=20 signals=0 entries=0 exits=0 blocked=0 open=18 cash=990.16 equity=8895.17
[SCAN] 2026-08-11T18:39:59+00:00 symbols=20 signals=0 entries=0 exits=0 blocked=0 open=18 cash=990.16 equity=8892.12
[SCAN] 2026-08-11T18:44:59+00:00 symbols=20 signals=0 entries=0 exits=0 blocked=0 open=18 cash=990.16 equity=8888.42
[SIGNAL] 2026-08-11T18:44:59+00:00 HEITRY BUY fill_at=2026-08-11T18:49:59+00:00 features={"close": 7.048, "bb_lower": 7.056992754112345, "bb_upper": 7.164340579220987, "rsi": 36.81799300136742, "mfi": 53.99792585845905, "atr": 0.04664285714285711}
[BLOCKED] HEITRY reason=max_layers
[SIGNAL] 2026-08-11T18:44:59+00:00 VICTRY BUY fill_at=2026-08-11T18:49:59+00:00 features={"close": 1.31, "bb_lower": 1.3116575110919217, "bb_upper": 1.3550091555747448, "rsi": 38.79687380640437, "mfi": 30.119550607865108, "atr": 0.0142857142857143}
[BLOCKED] VICTRY reason=max_layers
[SCAN] 2026-08-11T18:49:59+00:00 symbols=20 signals=2 entries=0 exits=0 blocked=2 open=18 cash=990.16 equity=8907.21
[SCAN] 2026-08-11T18:54:59+00:00 symbols=20 signals=0 entries=0 exits=0 blocked=0 open=18 cash=990.16 equity=8879.73
[SIGNAL] 2026-08-11T18:54:59+00:00 ENATRY BUY fill_at=2026-08-11T18:59:59+00:00 features={"close": 4.219, "bb_lower": 4.225584862284117, "bb_upper": 4.292415137715882, "rsi": 31.159265492245993, "mfi": 29.14519950107865, "atr": 0.00871428571428577}
[BLOCKED] ENATRY reason=max_layers
[SCAN] 2026-08-11T18:59:59+00:00 symbols=20 signals=1 entries=0 exits=0 blocked=1 open=18 cash=990.16 equity=8889.57
[SIGNAL] 2026-08-11T18:59:59+00:00 ENATRY BUY fill_at=2026-08-11T19:04:59+00:00 features={"close": 4.212, "bb_lower": 4.217718317946029, "bb_upper": 4.294757872530162, "rsi": 28.960167704351633, "mfi": 22.82299919603973, "atr": 0.008428571428571516}
[BLOCKED] ENATRY reason=max_layers
[SCAN] 2026-08-11T19:04:59+00:00 symbols=20 signals=1 entries=0 exits=1 blocked=1 open=17 cash=1285.02 equity=8873.74
[SIGNAL] 2026-08-11T19:04:59+00:00 ENATRY BUY fill_at=2026-08-11T19:09:59+00:00 features={"close": 4.194, "bb_lower": 4.206490202555405, "bb_upper": 4.298557416492215, "rsi": 24.201950452754716, "mfi": 18.714349315926782, "atr": 0.00964285714285719}
[BLOCKED] ENATRY reason=max_layers
[SCAN] 2026-08-11T19:09:59+00:00 symbols=20 signals=1 entries=0 exits=0 blocked=2 open=17 cash=1285.02 equity=8867.66
[SIGNAL] 2026-08-11T19:09:59+00:00 ENATRY BUY fill_at=2026-08-11T19:14:59+00:00 features={"close": 4.18, "bb_lower": 4.195248144266786, "bb_upper": 4.299037570018928, "rsi": 21.258876730282978, "mfi": 17.482034582978144, "atr": 0.010500000000000018}
[BLOCKED] ENATRY reason=max_layers
[SCAN] 2026-08-11T19:14:59+00:00 symbols=20 signals=1 entries=0 exits=0 blocked=1 open=17 cash=1285.02 equity=8871.35
[SIGNAL] 2026-08-11T19:14:59+00:00 ENATRY BUY fill_at=2026-08-11T19:19:59+00:00 features={"close": 4.176, "bb_lower": 4.184529170858485, "bb_upper": 4.299566067236754, "rsi": 20.48772715528949, "mfi": 16.826740091647906, "atr": 0.010357142857142827}
[BLOCKED] ENATRY reason=max_layers
[EXIT] 2026-08-11T19:19:59+00:00 HOMETRY reason=fixed_take_profit pnl=+11.63 cash=1670.46
[SCAN] 2026-08-11T19:19:59+00:00 symbols=20 signals=1 entries=0 exits=1 blocked=2 open=16 cash=1670.46 equity=8896.28
[SCAN] 2026-08-11T19:24:59+00:00 symbols=20 signals=0 entries=0 exits=0 blocked=3 open=16 cash=1670.46 equity=8906.72
[SCAN] 2026-08-11T19:29:59+00:00 symbols=20 signals=0 entries=0 exits=0 blocked=0 open=16 cash=1670.46 equity=8901.95
[SCAN] 2026-08-11T19:34:59+00:00 symbols=20 signals=0 entries=0 exits=0 blocked=1 open=16 cash=1670.46 equity=8907.47
[SCAN] 2026-08-11T19:39:59+00:00 symbols=20 signals=0 entries=0 exits=0 blocked=0 open=16 cash=1670.46 equity=8914.57
[SCAN] 2026-08-11T19:44:59+00:00 symbols=20 signals=0 entries=0 exits=0 blocked=1 open=16 cash=1670.46 equity=8907.75
[SCAN] 2026-08-11T19:49:59+00:00 symbols=20 signals=0 entries=0 exits=0 blocked=1 open=16 cash=1670.46 equity=8915.46
[SCAN] 2026-08-11T19:54:59+00:00 symbols=20 signals=0 entries=0 exits=0 blocked=0 open=16 cash=1670.46 equity=8925.35
[SCAN] 2026-08-11T19:59:59+00:00 symbols=20 signals=0 entries=0 exits=0 blocked=0 open=16 cash=1670.46 equity=8934.43
[SCAN] 2026-08-11T20:04:59+00:00 symbols=20 signals=0 entries=0 exits=1 blocked=0 open=15 cash=2049.56 equity=8941.95
[SCAN] 2026-08-11T20:09:59+00:00 symbols=20 signals=0 entries=0 exits=0 blocked=0 open=15 cash=2049.56 equity=8959.72
[EXIT] 2026-08-11T20:14:59+00:00 ENATRY reason=bb_mfi_v3_signal_exit pnl=+5.88 cash=2485.12
[SCAN] 2026-08-11T20:14:59+00:00 symbols=20 signals=0 entries=0 exits=1 blocked=1 open=14 cash=2485.12 equity=8961.44
[SCAN] 2026-08-11T20:19:59+00:00 symbols=20 signals=0 entries=0 exits=0 blocked=1 open=14 cash=2485.12 equity=8957.74
[SCAN] 2026-08-11T20:24:59+00:00 symbols=20 signals=0 entries=0 exits=0 blocked=0 open=14 cash=2485.12 equity=8956.94
[SCAN] 2026-08-11T20:29:59+00:00 symbols=20 signals=0 entries=0 exits=0 blocked=1 open=14 cash=2485.12 equity=8961.33
[SCAN] 2026-08-11T20:34:59+00:00 symbols=20 signals=0 entries=0 exits=0 blocked=1 open=14 cash=2485.12 equity=8951.29
[SCAN] 2026-08-11T20:39:59+00:00 symbols=20 signals=0 entries=0 exits=0 blocked=1 open=14 cash=2485.12 equity=8957.32
[SIGNAL] 2026-08-11T20:39:59+00:00 EDENTRY BUY fill_at=2026-08-11T20:44:59+00:00 features={"close": 2.112, "bb_lower": 2.1128446187523253, "bb_upper": 2.134583952676247, "rsi": 41.932537825133146, "mfi": 13.679273800774794, "atr": 0.006928571428571363}
[ENTRY] 2026-08-11T20:44:59+00:00 EDENTRY layer=1 value=248.14 entry=2.11258325 cash=2236.61
[SCAN] 2026-08-11T20:44:59+00:00 symbols=20 signals=1 entries=1 exits=0 blocked=1 open=15 cash=2236.61 equity=8948.81
[SIGNAL] 2026-08-11T20:44:59+00:00 EDENTRY BUY fill_at=2026-08-11T20:49:59+00:00 features={"close": 2.107, "bb_lower": 2.1102775325075522, "bb_upper": 2.134674848444829, "rsi": 38.735354353560574, "mfi": 13.359239920552852, "atr": 0.006928571428571363}
[ENTRY] 2026-08-11T20:49:59+00:00 EDENTRY layer=2 value=223.33 entry=2.10858025 cash=2012.95
[SCAN] 2026-08-11T20:49:59+00:00 symbols=20 signals=1 entries=1 exits=0 blocked=2 open=15 cash=2012.95 equity=8953.85
[SIGNAL] 2026-08-11T20:49:59+00:00 MITOTRY BUY fill_at=2026-08-11T20:54:59+00:00 features={"close": 1.176, "bb_lower": 1.1787381192881439, "bb_upper": 1.2023094997594752, "rsi": 37.83384394736665, "mfi": 41.607345471582114, "atr": 0.007285714285714308}
[BLOCKED] MITOTRY reason=max_layers
[SIGNAL] 2026-08-11T20:49:59+00:00 EDENTRY BUY fill_at=2026-08-11T20:54:59+00:00 features={"close": 2.108, "bb_lower": 2.1085593957421027, "bb_upper": 2.1340120328293253, "rsi": 39.730994849021734, "mfi": 13.30857979692206, "atr": 0.006642857142857077}
[BLOCKED] EDENTRY reason=max_layers
[SCAN] 2026-08-11T20:54:59+00:00 symbols=20 signals=2 entries=0 exits=0 blocked=3 open=15 cash=2012.95 equity=8947.07
[EXIT] 2026-08-11T20:59:59+00:00 TOWNSTRY reason=bb_mfi_v3_signal_exit pnl=-0.99 cash=2303.58
[SCAN] 2026-08-11T20:59:59+00:00 symbols=20 signals=0 entries=0 exits=1 blocked=0 open=14 cash=2303.58 equity=8932.01
[SIGNAL] 2026-08-11T20:59:59+00:00 MITOTRY BUY fill_at=2026-08-11T21:04:59+00:00 features={"close": 1.167, "bb_lower": 1.1726879691964158, "bb_upper": 1.2050263165178698, "rsi": 33.223666574797605, "mfi": 30.731851100606818, "atr": 0.008142857142857183}
[BLOCKED] MITOTRY reason=max_layers
[SIGNAL] 2026-08-11T20:59:59+00:00 EDENTRY BUY fill_at=2026-08-11T21:04:59+00:00 features={"close": 2.095, "bb_lower": 2.101802060782643, "bb_upper": 2.1370550820744993, "rsi": 31.874539070066675, "mfi": 11.415003246478122, "atr": 0.0069999999999999585}
[BLOCKED] EDENTRY reason=max_layers
[SCAN] 2026-08-11T21:04:59+00:00 symbols=20 signals=2 entries=0 exits=1 blocked=2 open=13 cash=2653.83 equity=8941.45
[SIGNAL] 2026-08-11T21:04:59+00:00 MITOTRY BUY fill_at=2026-08-11T21:09:59+00:00 features={"close": 1.165, "bb_lower": 1.168619106994511, "bb_upper": 1.2068094644340603, "rsi": 32.15793250738113, "mfi": 26.583794768540756, "atr": 0.008357142857142888}
[BLOCKED] MITOTRY reason=max_layers
[SCAN] 2026-08-11T21:09:59+00:00 symbols=20 signals=1 entries=0 exits=0 blocked=1 open=13 cash=2653.83 equity=8940.01
[SIGNAL] 2026-08-11T21:09:59+00:00 MITOTRY BUY fill_at=2026-08-11T21:14:59+00:00 features={"close": 1.159, "bb_lower": 1.1639060587582575, "bb_upper": 1.2076177507655521, "rsi": 29.121913034045164, "mfi": 23.055550327783436, "atr": 0.008714285714285739}
[BLOCKED] MITOTRY reason=max_layers
[SCAN] 2026-08-11T21:14:59+00:00 symbols=20 signals=1 entries=0 exits=0 blocked=1 open=13 cash=2653.83 equity=8931.08
[SIGNAL] 2026-08-11T21:14:59+00:00 MITOTRY BUY fill_at=2026-08-11T21:19:59+00:00 features={"close": 1.155, "bb_lower": 1.1587307608172306, "bb_upper": 1.2093644772780079, "rsi": 27.262992586070396, "mfi": 23.526924627091972, "atr": 0.008214285714285745}
[BLOCKED] MITOTRY reason=max_layers
[SCAN] 2026-08-11T21:19:59+00:00 symbols=20 signals=1 entries=0 exits=0 blocked=1 open=13 cash=2653.83 equity=8939.94
[SIGNAL] 2026-08-11T21:19:59+00:00 MITOTRY BUY fill_at=2026-08-11T21:24:59+00:00 features={"close": 1.143, "bb_lower": 1.1512703427452364, "bb_upper": 1.2120629905880969, "rsi": 22.578885923745148, "mfi": 19.229251106212402, "atr": 0.00928571428571431}
[BLOCKED] MITOTRY reason=max_layers
[SCAN] 2026-08-11T21:24:59+00:00 symbols=20 signals=1 entries=0 exits=0 blocked=1 open=13 cash=2653.83 equity=8947.30
[SIGNAL] 2026-08-11T21:24:59+00:00 MITOTRY BUY fill_at=2026-08-11T21:29:59+00:00 features={"close": 1.146, "bb_lower": 1.1461039967785684, "bb_upper": 1.2123721936976224, "rsi": 26.021292078089616, "mfi": 11.924028092527934, "atr": 0.009214285714285746}
[BLOCKED] MITOTRY reason=max_layers
[SCAN] 2026-08-11T21:29:59+00:00 symbols=20 signals=1 entries=0 exits=0 blocked=1 open=13 cash=2653.83 equity=8936.99
[SIGNAL] 2026-08-11T21:29:59+00:00 COTITRY BUY fill_at=2026-08-11T21:34:59+00:00 features={"close": 0.4905, "bb_lower": 0.4909325715445121, "bb_upper": 0.5037626665507262, "rsi": 35.04098367626074, "mfi": 53.50577917893339, "atr": 0.0022785714285714275}
[BLOCKED] COTITRY reason=max_layers
[SCAN] 2026-08-11T21:34:59+00:00 symbols=20 signals=1 entries=0 exits=0 blocked=1 open=13 cash=2653.83 equity=8922.15
[SCAN] 2026-08-11T21:39:59+00:00 symbols=20 signals=0 entries=0 exits=0 blocked=0 open=13 cash=2653.83 equity=8931.49
[SIGNAL] 2026-08-11T21:39:59+00:00 BANKTRY BUY fill_at=2026-08-11T21:44:59+00:00 features={"close": 1.747, "bb_lower": 1.7473946536908733, "bb_upper": 1.759462489166269, "rsi": 40.98804651439831, "mfi": 39.85804064449123, "atr": 0.005142857142857052}
[BLOCKED] BANKTRY reason=max_layers
[SCAN] 2026-08-11T21:44:59+00:00 symbols=20 signals=1 entries=0 exits=0 blocked=1 open=13 cash=2653.83 equity=8925.68
[SIGNAL] 2026-08-11T21:44:59+00:00 BANKTRY BUY fill_at=2026-08-11T21:49:59+00:00 features={"close": 1.743, "bb_lower": 1.7456031915253856, "bb_upper": 1.7604920465698524, "rsi": 36.73668200334153, "mfi": 31.98152164502227, "atr": 0.006142857142857053}
[BLOCKED] BANKTRY reason=max_layers
[SCAN] 2026-08-11T21:49:59+00:00 symbols=20 signals=1 entries=0 exits=0 blocked=1 open=13 cash=2653.83 equity=8909.52
[SIGNAL] 2026-08-11T21:49:59+00:00 HEITRY BUY fill_at=2026-08-11T21:54:59+00:00 features={"close": 7.118, "bb_lower": 7.119223630330328, "bb_upper": 7.2294430363363364, "rsi": 40.01318999476489, "mfi": 33.50425891227579, "atr": 0.04007142857142857}
[BLOCKED] HEITRY reason=max_layers
[SIGNAL] 2026-08-11T21:49:59+00:00 BANKTRY BUY fill_at=2026-08-11T21:54:59+00:00 features={"close": 1.736, "bb_lower": 1.7418096335314144, "bb_upper": 1.7624760807543, "rsi": 30.699868179345316, "mfi": 31.00477023653457, "atr": 0.006428571428571339}
[BLOCKED] BANKTRY reason=max_layers
[SCAN] 2026-08-11T21:54:59+00:00 symbols=20 signals=2 entries=0 exits=0 blocked=2 open=13 cash=2653.83 equity=8901.73
[SIGNAL] 2026-08-11T21:54:59+00:00 HEITRY BUY fill_at=2026-08-11T21:59:59+00:00 features={"close": 7.103, "bb_lower": 7.1085127068775895, "bb_upper": 7.230249197884315, "rsi": 37.77061912615464, "mfi": 33.77548454828218, "atr": 0.04092857142857146}
[BLOCKED] HEITRY reason=max_layers
[SIGNAL] 2026-08-11T21:54:59+00:00 COTITRY BUY fill_at=2026-08-11T21:59:59+00:00 features={"close": 0.4876, "bb_lower": 0.4880836374298666, "bb_upper": 0.5045068387606094, "rsi": 32.681487308952526, "mfi": 31.926729243074476, "atr": 0.0024642857142857127}
[BLOCKED] COTITRY reason=max_layers
[EXIT] 2026-08-11T21:59:59+00:00 LATRY reason=fixed_stop_loss pnl=-40.81 cash=3255.49
[SCAN] 2026-08-11T21:59:59+00:00 symbols=20 signals=2 entries=0 exits=1 blocked=2 open=12 cash=3255.49 equity=8909.73
[SIGNAL] 2026-08-11T21:59:59+00:00 HEITRY BUY fill_at=2026-08-11T22:04:59+00:00 features={"close": 7.04, "bb_lower": 7.082936159489422, "bb_upper": 7.238397173843912, "rsi": 30.09591077942534, "mfi": 33.0636283131182, "atr": 0.042428571428571385}
[BLOCKED] HEITRY reason=max_layers
[SIGNAL] 2026-08-11T21:59:59+00:00 EDENTRY BUY fill_at=2026-08-11T22:04:59+00:00 features={"close": 2.096, "bb_lower": 2.0965122883738423, "bb_upper": 2.12939247353092, "rsi": 35.967657361921184, "mfi": 33.93803799593657, "atr": 0.007214285714285776}
[BLOCKED] EDENTRY reason=max_layers
[SCAN] 2026-08-11T22:04:59+00:00 symbols=20 signals=2 entries=0 exits=0 blocked=3 open=12 cash=3255.49 equity=8893.60
[SIGNAL] 2026-08-11T22:04:59+00:00 HEITRY BUY fill_at=2026-08-11T22:09:59+00:00 features={"close": 7.031, "bb_lower": 7.059013399835936, "bb_upper": 7.24717707635454, "rsi": 29.17835475350988, "mfi": 30.04273356572652, "atr": 0.044357142857142824}
[BLOCKED] HEITRY reason=max_layers
[SIGNAL] 2026-08-11T22:04:59+00:00 EDENTRY BUY fill_at=2026-08-11T22:09:59+00:00 features={"close": 2.074, "bb_lower": 2.08768667138375, "bb_upper": 2.1340276143305363, "rsi": 27.01989690852443, "mfi": 28.57642235003594, "atr": 0.008571428571428643}
[BLOCKED] EDENTRY reason=max_layers
[SCAN] 2026-08-11T22:09:59+00:00 symbols=20 signals=2 entries=0 exits=0 blocked=3 open=12 cash=3255.49 equity=8906.34
[EXIT] 2026-08-11T22:14:59+00:00 RETRY reason=bb_mfi_v3_signal_exit pnl=+3.13 cash=3548.55
[SIGNAL] 2026-08-11T22:09:59+00:00 HEITRY BUY fill_at=2026-08-11T22:14:59+00:00 features={"close": 7.04, "bb_lower": 7.041650138059474, "bb_upper": 7.252254623845287, "rsi": 31.442691557594685, "mfi": 34.15363883273132, "atr": 0.044071428571428505}
[BLOCKED] HEITRY reason=max_layers
[SCAN] 2026-08-11T22:14:59+00:00 symbols=20 signals=1 entries=0 exits=1 blocked=1 open=11 cash=3548.55 equity=8900.14
[SCAN] 2026-08-11T22:19:59+00:00 symbols=20 signals=0 entries=0 exits=0 blocked=0 open=11 cash=3548.55 equity=8908.71
[SCAN] 2026-08-11T22:24:59+00:00 symbols=20 signals=0 entries=0 exits=0 blocked=0 open=11 cash=3548.55 equity=8904.91
[SCAN] 2026-08-11T22:29:59+00:00 symbols=20 signals=0 entries=0 exits=0 blocked=0 open=11 cash=3548.55 equity=8914.39
[SCAN] 2026-08-11T22:34:59+00:00 symbols=20 signals=0 entries=0 exits=0 blocked=0 open=11 cash=3548.55 equity=8909.97
[SCAN] 2026-08-11T22:39:59+00:00 symbols=20 signals=0 entries=0 exits=0 blocked=0 open=11 cash=3548.55 equity=8907.30
[SCAN] 2026-08-11T22:44:59+00:00 symbols=20 signals=0 entries=0 exits=0 blocked=0 open=11 cash=3548.55 equity=8879.84
[SIGNAL] 2026-08-11T22:44:59+00:00 VICTRY BUY fill_at=2026-08-11T22:49:59+00:00 features={"close": 1.32, "bb_lower": 1.3226475760507914, "bb_upper": 1.3564000429968281, "rsi": 42.170644131826855, "mfi": 35.1650489452897, "atr": 0.015000000000000013}
[BLOCKED] VICTRY reason=max_layers
[SCAN] 2026-08-11T22:49:59+00:00 symbols=20 signals=1 entries=0 exits=0 blocked=1 open=11 cash=3548.55 equity=8889.10
[SCAN] 2026-08-11T22:54:59+00:00 symbols=20 signals=0 entries=0 exits=0 blocked=0 open=11 cash=3548.55 equity=8901.75
[SCAN] 2026-08-11T22:59:59+00:00 symbols=20 signals=0 entries=0 exits=0 blocked=0 open=11 cash=3548.55 equity=8893.89
[SCAN] 2026-08-11T23:04:59+00:00 symbols=20 signals=0 entries=0 exits=0 blocked=0 open=11 cash=3548.55 equity=8894.54
[SIGNAL] 2026-08-11T23:04:59+00:00 HEITRY BUY fill_at=2026-08-11T23:09:59+00:00 features={"close": 6.855, "bb_lower": 6.855156834277401, "bb_upper": 7.227795546674979, "rsi": 16.357969033301018, "mfi": 8.79159242513279, "atr": 0.03807142857142841}
[BLOCKED] HEITRY reason=max_layers
[SIGNAL] 2026-08-11T23:04:59+00:00 LATRY BUY fill_at=2026-08-11T23:09:59+00:00 features={"close": 2.49, "bb_lower": 2.4937844784852947, "bb_upper": 2.530025045324229, "rsi": 26.499058581016527, "mfi": 0.05220125655881702, "atr": 0.004285714285714258}
[ENTRY] 2026-08-11T23:09:59+00:00 LATRY layer=1 value=354.32 entry=2.49186750 cash=3193.69
[SCAN] 2026-08-11T23:09:59+00:00 symbols=20 signals=2 entries=1 exits=0 blocked=1 open=12 cash=3193.69 equity=8885.25
[SIGNAL] 2026-08-11T23:09:59+00:00 HEITRY BUY fill_at=2026-08-11T23:14:59+00:00 features={"close": 6.818, "bb_lower": 6.827559182733364, "bb_upper": 7.219393198219016, "rsi": 14.34254085153384, "mfi": 8.60037221486239, "atr": 0.035857142857142775}
[BLOCKED] HEITRY reason=max_layers
[SIGNAL] 2026-08-11T23:09:59+00:00 LATRY BUY fill_at=2026-08-11T23:14:59+00:00 features={"close": 2.49, "bb_lower": 2.490498879082474, "bb_upper": 2.530453501869908, "rsi": 26.499058443686593, "mfi": 0.05220125655881702, "atr": 0.0035714285714285587}
[ENTRY] 2026-08-11T23:14:59+00:00 LATRY layer=2 value=318.89 entry=2.49186750 cash=2874.32
[SCAN] 2026-08-11T23:14:59+00:00 symbols=20 signals=2 entries=1 exits=0 blocked=1 open=12 cash=2874.32 equity=8889.01
[SIGNAL] 2026-08-11T23:14:59+00:00 HEITRY BUY fill_at=2026-08-11T23:19:59+00:00 features={"close": 6.756, "bb_lower": 6.789260847063555, "bb_upper": 7.217501057698352, "rsi": 11.721009620766651, "mfi": 8.084381593824503, "atr": 0.0374999999999999}
[BLOCKED] HEITRY reason=max_layers
[SCAN] 2026-08-11T23:19:59+00:00 symbols=20 signals=1 entries=0 exits=0 blocked=1 open=12 cash=2874.32 equity=8898.86
[SIGNAL] 2026-08-11T23:19:59+00:00 LATRY BUY fill_at=2026-08-11T23:24:59+00:00 features={"close": 2.48, "bb_lower": 2.4831247234039653, "bb_upper": 2.53116099088175, "rsi": 21.247441782424573, "mfi": 0.016913539934606092, "atr": 0.0028571428571428597}
[BLOCKED] LATRY reason=max_layers
[SCAN] 2026-08-11T23:24:59+00:00 symbols=20 signals=1 entries=0 exits=0 blocked=1 open=12 cash=2874.32 equity=8897.08
[SIGNAL] 2026-08-11T23:24:59+00:00 HEITRY BUY fill_at=2026-08-11T23:29:59+00:00 features={"close": 6.71, "bb_lower": 6.721491976518077, "bb_upper": 7.20526992824383, "rsi": 10.753086750524218, "mfi": 8.763596781704408, "atr": 0.04257142857142858}
[BLOCKED] HEITRY reason=max_layers
[SCAN] 2026-08-11T23:29:59+00:00 symbols=20 signals=1 entries=0 exits=0 blocked=1 open=12 cash=2874.32 equity=8886.51
[SCAN] 2026-08-11T23:34:59+00:00 symbols=20 signals=0 entries=0 exits=0 blocked=0 open=12 cash=2874.32 equity=8878.56
[SIGNAL] 2026-08-11T23:34:59+00:00 KAITOTRY BUY fill_at=2026-08-11T23:39:59+00:00 features={"close": 29.947, "bb_lower": 30.065048237769478, "bb_upper": 30.871332714611473, "rsi": 22.577326636345433, "mfi": 42.22550989356966, "atr": 0.08764285714285666}
[BLOCKED] KAITOTRY reason=max_layers
[EXIT] 2026-08-11T23:39:59+00:00 HEITRY reason=fixed_stop_loss pnl=-15.62 cash=3104.55
[SCAN] 2026-08-11T23:39:59+00:00 symbols=20 signals=1 entries=0 exits=1 blocked=1 open=11 cash=3104.55 equity=8871.04
[SIGNAL] 2026-08-11T23:39:59+00:00 KAITOTRY BUY fill_at=2026-08-11T23:44:59+00:00 features={"close": 29.973, "bb_lower": 29.99807834755094, "bb_upper": 30.90335022387762, "rsi": 24.740067277729892, "mfi": 27.251149605369875, "atr": 0.08364285714285659}
[BLOCKED] KAITOTRY reason=max_layers
[SCAN] 2026-08-11T23:44:59+00:00 symbols=20 signals=1 entries=0 exits=0 blocked=1 open=11 cash=3104.55 equity=8856.56
[SCAN] 2026-08-11T23:49:59+00:00 symbols=20 signals=0 entries=0 exits=0 blocked=0 open=11 cash=3104.55 equity=8849.57
[SIGNAL] 2026-08-11T23:49:59+00:00 BANKTRY BUY fill_at=2026-08-11T23:54:59+00:00 features={"close": 1.738, "bb_lower": 1.7382521036726124, "bb_upper": 1.7604145629940549, "rsi": 35.20792453191535, "mfi": 57.76921008128379, "atr": 0.0048571428571428455}
[BLOCKED] BANKTRY reason=max_layers
[SCAN] 2026-08-11T23:54:59+00:00 symbols=20 signals=1 entries=0 exits=0 blocked=1 open=11 cash=3104.55 equity=8862.94
[SIGNAL] 2026-08-11T23:54:59+00:00 KAITOTRY BUY fill_at=2026-08-11T23:59:59+00:00 features={"close": 29.785, "bb_lower": 29.791334282242964, "bb_upper": 30.940760955852262, "rsi": 20.897882376718, "mfi": 15.568303629292089, "atr": 0.09399999999999967}
[BLOCKED] KAITOTRY reason=max_layers
[SCAN] 2026-08-11T23:59:59+00:00 symbols=20 signals=1 entries=0 exits=0 blocked=2 open=11 cash=3104.55 equity=8861.50
[SCAN] 2026-08-12T00:04:59+00:00 symbols=20 signals=0 entries=0 exits=0 blocked=0 open=11 cash=3104.55 equity=8844.52
[SIGNAL] 2026-08-12T00:04:59+00:00 KAITOTRY BUY fill_at=2026-08-12T00:09:59+00:00 features={"close": 29.664, "bb_lower": 29.6769795858948, "bb_upper": 30.915306128390895, "rsi": 31.045617476248864, "mfi": 11.478412463875898, "atr": 0.16064285714285656}
[BLOCKED] KAITOTRY reason=max_layers
[SIGNAL] 2026-08-12T00:04:59+00:00 LATRY BUY fill_at=2026-08-12T00:09:59+00:00 features={"close": 2.46, "bb_lower": 2.4606643438726534, "bb_upper": 2.5231451799368694, "rsi": 19.49749299181984, "mfi": 0.7247923474637616, "atr": 0.0042857142857143215}
[BLOCKED] LATRY reason=max_layers
[SCAN] 2026-08-12T00:09:59+00:00 symbols=20 signals=2 entries=0 exits=0 blocked=3 open=11 cash=3104.55 equity=8862.13
[EXIT] 2026-08-12T00:14:59+00:00 PUMPTRY reason=bb_mfi_v3_signal_exit pnl=-4.73 cash=3616.55
[SCAN] 2026-08-12T00:14:59+00:00 symbols=20 signals=0 entries=0 exits=1 blocked=0 open=10 cash=3616.55 equity=8872.53
[SCAN] 2026-08-12T00:19:59+00:00 symbols=20 signals=0 entries=0 exits=0 blocked=0 open=10 cash=3616.55 equity=8870.86
[SCAN] 2026-08-12T00:24:59+00:00 symbols=20 signals=0 entries=0 exits=0 blocked=0 open=10 cash=3616.55 equity=8885.82
[SCAN] 2026-08-12T00:29:59+00:00 symbols=20 signals=0 entries=0 exits=0 blocked=0 open=10 cash=3616.55 equity=8877.34
[SCAN] 2026-08-12T00:34:59+00:00 symbols=20 signals=0 entries=0 exits=0 blocked=0 open=10 cash=3616.55 equity=8871.09
[SCAN] 2026-08-12T00:39:59+00:00 symbols=20 signals=0 entries=0 exits=0 blocked=0 open=10 cash=3616.55 equity=8882.08
[SCAN] 2026-08-12T00:44:59+00:00 symbols=20 signals=0 entries=0 exits=0 blocked=0 open=10 cash=3616.55 equity=8867.72
[SCAN] 2026-08-12T00:49:59+00:00 symbols=20 signals=0 entries=0 exits=0 blocked=2 open=10 cash=3616.55 equity=8860.74
[SCAN] 2026-08-12T00:54:59+00:00 symbols=20 signals=0 entries=0 exits=0 blocked=1 open=10 cash=3616.55 equity=8859.33
[SIGNAL] 2026-08-12T00:54:59+00:00 LATRY BUY fill_at=2026-08-12T00:59:59+00:00 features={"close": 2.45, "bb_lower": 2.452460455727426, "bb_upper": 2.4980157347487646, "rsi": 28.772986614833655, "mfi": 15.904629862903263, "atr": 0.007142857142857181}
[BLOCKED] LATRY reason=max_layers
[SCAN] 2026-08-12T00:59:59+00:00 symbols=20 signals=1 entries=0 exits=0 blocked=1 open=10 cash=3616.55 equity=8864.84
[SCAN] 2026-08-12T01:04:59+00:00 symbols=20 signals=0 entries=0 exits=0 blocked=0 open=10 cash=3616.55 equity=8860.23
[SCAN] 2026-08-12T01:09:59+00:00 symbols=20 signals=0 entries=0 exits=0 blocked=0 open=10 cash=3616.55 equity=8865.68
[EXIT] 2026-08-12T01:14:59+00:00 MITOTRY reason=bb_mfi_v3_signal_exit pnl=-7.61 cash=4045.98
[SCAN] 2026-08-12T01:14:59+00:00 symbols=20 signals=0 entries=0 exits=1 blocked=1 open=9 cash=4045.98 equity=8852.02
[SCAN] 2026-08-12T01:19:59+00:00 symbols=20 signals=0 entries=0 exits=0 blocked=1 open=9 cash=4045.98 equity=8856.88
[SIGNAL] 2026-08-12T01:19:59+00:00 BANKTRY BUY fill_at=2026-08-12T01:24:59+00:00 features={"close": 1.727, "bb_lower": 1.7294173734009755, "bb_upper": 1.7488683408847387, "rsi": 36.75978865525737, "mfi": 47.55721617701072, "atr": 0.006142857142857132}
[BLOCKED] BANKTRY reason=max_layers
[SCAN] 2026-08-12T01:24:59+00:00 symbols=20 signals=1 entries=0 exits=0 blocked=1 open=9 cash=4045.98 equity=8856.14
[SIGNAL] 2026-08-12T01:24:59+00:00 BANKTRY BUY fill_at=2026-08-12T01:29:59+00:00 features={"close": 1.696, "bb_lower": 1.71626126237942, "bb_upper": 1.7577387376205789, "rsi": 23.04479320832479, "mfi": 21.25000319429911, "atr": 0.010785714285714287}
[BLOCKED] BANKTRY reason=max_layers
[SCAN] 2026-08-12T01:29:59+00:00 symbols=20 signals=1 entries=0 exits=0 blocked=1 open=9 cash=4045.98 equity=8839.60
[SIGNAL] 2026-08-12T01:29:59+00:00 BANKTRY BUY fill_at=2026-08-12T01:34:59+00:00 features={"close": 1.696, "bb_lower": 1.7078675405632764, "bb_upper": 1.7619419832462475, "rsi": 23.04479321243413, "mfi": 25.03869817209676, "atr": 0.0105}
[BLOCKED] BANKTRY reason=max_layers
[EXIT] 2026-08-12T01:34:59+00:00 VICTRY reason=fixed_stop_loss pnl=-59.98 cash=4930.34
[SCAN] 2026-08-12T01:34:59+00:00 symbols=20 signals=1 entries=0 exits=1 blocked=3 open=8 cash=4930.34 equity=8824.22
[SIGNAL] 2026-08-12T01:34:59+00:00 HEITRY BUY fill_at=2026-08-12T01:39:59+00:00 features={"close": 6.39, "bb_lower": 6.399559215552916, "bb_upper": 6.601393165399461, "rsi": 28.5289990663278, "mfi": 49.48132969855684, "atr": 0.0564999999999999}
[ENTRY] 2026-08-12T01:39:59+00:00 HEITRY layer=1 value=492.30 entry=6.38978875 cash=4437.31
[SIGNAL] 2026-08-12T01:34:59+00:00 BANKTRY BUY fill_at=2026-08-12T01:39:59+00:00 features={"close": 1.701, "bb_lower": 1.702553187462449, "bb_upper": 1.763732526823265, "rsi": 28.121195498476794, "mfi": 30.380523651451128, "atr": 0.010714285714285723}
[BLOCKED] BANKTRY reason=max_layers
[SCAN] 2026-08-12T01:39:59+00:00 symbols=20 signals=2 entries=1 exits=0 blocked=4 open=9 cash=4437.31 equity=8823.90
[SIGNAL] 2026-08-12T01:39:59+00:00 HEITRY BUY fill_at=2026-08-12T01:44:59+00:00 features={"close": 6.35, "bb_lower": 6.3835936006908565, "bb_upper": 6.59097782788057, "rsi": 25.81806123344576, "mfi": 44.686870093852804, "atr": 0.05885714285714272}
[ENTRY] 2026-08-12T01:44:59+00:00 HEITRY layer=2 value=443.07 entry=6.36677150 cash=3993.58
[SCAN] 2026-08-12T01:44:59+00:00 symbols=20 signals=1 entries=1 exits=0 blocked=3 open=9 cash=3993.58 equity=8830.74
[EXIT] 2026-08-12T01:49:59+00:00 BANKTRY reason=fixed_stop_loss pnl=-21.42 cash=4309.39
[SCAN] 2026-08-12T01:49:59+00:00 symbols=20 signals=0 entries=0 exits=1 blocked=2 open=8 cash=4309.39 equity=8810.04
[SIGNAL] 2026-08-12T01:49:59+00:00 HEITRY BUY fill_at=2026-08-12T01:54:59+00:00 features={"close": 6.336, "bb_lower": 6.35895065593753, "bb_upper": 6.578477915491042, "rsi": 29.893537457842868, "mfi": 43.525135106759144, "atr": 0.05728571428571413}
[BLOCKED] HEITRY reason=max_layers
[SIGNAL] 2026-08-12T01:49:59+00:00 BANKTRY BUY fill_at=2026-08-12T01:54:59+00:00 features={"close": 1.676, "bb_lower": 1.6835967834209609, "bb_upper": 1.7690698832457057, "rsi": 19.920019397164708, "mfi": 22.750714430832573, "atr": 0.013357142857142876}
[ENTRY] 2026-08-12T01:54:59+00:00 BANKTRY layer=1 value=430.29 entry=1.67725700 cash=3878.45
[SCAN] 2026-08-12T01:54:59+00:00 symbols=20 signals=2 entries=1 exits=0 blocked=2 open=9 cash=3878.45 equity=8804.06
[SIGNAL] 2026-08-12T01:54:59+00:00 HEITRY BUY fill_at=2026-08-12T01:59:59+00:00 features={"close": 6.327, "bb_lower": 6.336529548551273, "bb_upper": 6.583470451448727, "rsi": 29.294157548857243, "mfi": 46.77403861372697, "atr": 0.05364285714285698}
[BLOCKED] HEITRY reason=max_layers
[SIGNAL] 2026-08-12T01:54:59+00:00 BANKTRY BUY fill_at=2026-08-12T01:59:59+00:00 features={"close": 1.674, "bb_lower": 1.6754699725032032, "bb_upper": 1.7713871703539403, "rsi": 19.42006198150061, "mfi": 20.97939765878266, "atr": 0.013857142857142886}
[ENTRY] 2026-08-12T01:59:59+00:00 BANKTRY layer=2 value=387.26 entry=1.67625625 cash=3490.61
[SCAN] 2026-08-12T01:59:59+00:00 symbols=20 signals=2 entries=1 exits=0 blocked=1 open=9 cash=3490.61 equity=8806.55
[SCAN] 2026-08-12T02:04:59+00:00 symbols=20 signals=0 entries=0 exits=0 blocked=0 open=9 cash=3490.61 equity=8799.49
[SCAN] 2026-08-12T02:09:59+00:00 symbols=20 signals=0 entries=0 exits=0 blocked=0 open=9 cash=3490.61 equity=8801.55
[SIGNAL] 2026-08-12T02:09:59+00:00 VANRYTRY BUY fill_at=2026-08-12T02:14:59+00:00 features={"close": 0.1291, "bb_lower": 0.1294157831537971, "bb_upper": 0.13207945494144102, "rsi": 27.637495924480632, "mfi": 28.905123609022255, "atr": 0.0005000000000000045}
[ENTRY] 2026-08-12T02:14:59+00:00 VANRYTRY layer=2 value=348.54 entry=0.12919682 cash=3141.54
[SCAN] 2026-08-12T02:14:59+00:00 symbols=20 signals=1 entries=1 exits=0 blocked=0 open=9 cash=3141.54 equity=8802.90
[SIGNAL] 2026-08-12T02:14:59+00:00 VANRYTRY BUY fill_at=2026-08-12T02:19:59+00:00 features={"close": 0.1291, "bb_lower": 0.12921185827548953, "bb_upper": 0.1320167131530819, "rsi": 27.637495954434243, "mfi": 35.8934869171657, "atr": 0.0005000000000000045}
[BLOCKED] VANRYTRY reason=max_layers
[SCAN] 2026-08-12T02:19:59+00:00 symbols=20 signals=1 entries=0 exits=0 blocked=1 open=9 cash=3141.54 equity=8804.73
[SCAN] 2026-08-12T02:24:59+00:00 symbols=20 signals=0 entries=0 exits=0 blocked=0 open=9 cash=3141.54 equity=8804.61
[SCAN] 2026-08-12T02:29:59+00:00 symbols=20 signals=0 entries=0 exits=0 blocked=0 open=9 cash=3141.54 equity=8799.64
[SIGNAL] 2026-08-12T02:29:59+00:00 COTITRY BUY fill_at=2026-08-12T02:34:59+00:00 features={"close": 0.4764, "bb_lower": 0.47719584942528503, "bb_upper": 0.4923660553366196, "rsi": 32.317466719930465, "mfi": 44.6371451766894, "atr": 0.002371428571428568}
[BLOCKED] COTITRY reason=max_layers
[SCAN] 2026-08-12T02:34:59+00:00 symbols=20 signals=1 entries=0 exits=0 blocked=1 open=9 cash=3141.54 equity=8806.75
[SCAN] 2026-08-12T02:39:59+00:00 symbols=20 signals=0 entries=0 exits=0 blocked=0 open=9 cash=3141.54 equity=8803.76
[SCAN] 2026-08-12T02:44:59+00:00 symbols=20 signals=0 entries=0 exits=0 blocked=0 open=9 cash=3141.54 equity=8800.90
[SIGNAL] 2026-08-12T02:44:59+00:00 KAITOTRY BUY fill_at=2026-08-12T02:49:59+00:00 features={"close": 29.817, "bb_lower": 29.906425173516947, "bb_upper": 30.285479588387826, "rsi": 32.086124617994955, "mfi": 32.466646700396524, "atr": 0.046428571428571326}
[BLOCKED] KAITOTRY reason=max_layers
[SCAN] 2026-08-12T02:49:59+00:00 symbols=20 signals=1 entries=0 exits=0 blocked=1 open=9 cash=3141.54 equity=8798.76
[EXIT] 2026-08-12T02:54:59+00:00 PIXELTRY reason=bb_mfi_v3_signal_exit pnl=-21.53 cash=3590.34
[SIGNAL] 2026-08-12T02:49:59+00:00 COTITRY BUY fill_at=2026-08-12T02:54:59+00:00 features={"close": 0.4722, "bb_lower": 0.47256985247405703, "bb_upper": 0.494382528478324, "rsi": 27.592315582884638, "mfi": 45.29136687365276, "atr": 0.002064285714285713}
[BLOCKED] COTITRY reason=max_layers
[SCAN] 2026-08-12T02:54:59+00:00 symbols=20 signals=1 entries=0 exits=1 blocked=1 open=8 cash=3590.34 equity=8811.46
[SCAN] 2026-08-12T02:59:59+00:00 symbols=20 signals=0 entries=0 exits=0 blocked=0 open=8 cash=3590.34 equity=8812.98
[EXIT] 2026-08-12T03:04:59+00:00 ALLOTRY reason=bb_mfi_v3_signal_exit pnl=-9.47 cash=5027.76
[EXIT] 2026-08-12T03:04:59+00:00 VANRYTRY reason=fixed_take_profit pnl=+15.10 cash=5528.10
[SCAN] 2026-08-12T03:04:59+00:00 symbols=20 signals=0 entries=0 exits=3 blocked=2 open=5 cash=5528.10 equity=8839.89
[SCAN] 2026-08-12T03:09:59+00:00 symbols=20 signals=0 entries=0 exits=0 blocked=0 open=5 cash=5528.10 equity=8831.40
[SCAN] 2026-08-12T03:14:59+00:00 symbols=20 signals=0 entries=0 exits=0 blocked=1 open=5 cash=5528.10 equity=8825.25
[SCAN] 2026-08-12T03:19:59+00:00 symbols=20 signals=0 entries=0 exits=0 blocked=0 open=5 cash=5528.10 equity=8824.68
[SCAN] 2026-08-12T03:24:59+00:00 symbols=20 signals=0 entries=0 exits=0 blocked=1 open=5 cash=5528.10 equity=8836.03
[SCAN] 2026-08-12T03:29:59+00:00 symbols=20 signals=0 entries=0 exits=0 blocked=1 open=5 cash=5528.10 equity=8847.51
[SCAN] 2026-08-12T03:34:59+00:00 symbols=20 signals=0 entries=0 exits=0 blocked=1 open=5 cash=5528.10 equity=8846.09
[SCAN] 2026-08-12T03:39:59+00:00 symbols=20 signals=0 entries=0 exits=0 blocked=1 open=5 cash=5528.10 equity=8852.33
[EXIT] 2026-08-12T03:44:59+00:00 EDENTRY reason=bb_mfi_v3_signal_exit pnl=-4.15 cash=5996.12
[SCAN] 2026-08-12T03:44:59+00:00 symbols=20 signals=0 entries=0 exits=1 blocked=1 open=4 cash=5996.12 equity=8848.94
[SCAN] 2026-08-12T03:49:59+00:00 symbols=20 signals=0 entries=0 exits=0 blocked=2 open=4 cash=5996.12 equity=8844.53
[SCAN] 2026-08-12T03:54:59+00:00 symbols=20 signals=0 entries=0 exits=0 blocked=1 open=4 cash=5996.12 equity=8848.39
[SIGNAL] 2026-08-12T03:54:59+00:00 VICTRY BUY fill_at=2026-08-12T03:59:59+00:00 features={"close": 1.21, "bb_lower": 1.2314455809437015, "bb_upper": 1.3380782285801085, "rsi": 29.688328166612564, "mfi": 19.133139768664634, "atr": 0.01642857142857144}
[ENTRY] 2026-08-12T03:59:59+00:00 VICTRY layer=1 value=598.71 entry=1.21090750 cash=5396.51
[SCAN] 2026-08-12T03:59:59+00:00 symbols=20 signals=1 entries=1 exits=0 blocked=0 open=5 cash=5396.51 equity=8848.30
[SIGNAL] 2026-08-12T03:59:59+00:00 VICTRY BUY fill_at=2026-08-12T04:04:59+00:00 features={"close": 1.21, "bb_lower": 1.2199926744261145, "bb_upper": 1.3438168493834097, "rsi": 29.688328150036043, "mfi": 13.525053374823173, "atr": 0.017142857142857158}
[ENTRY] 2026-08-12T04:04:59+00:00 VICTRY layer=2 value=538.84 entry=1.21090750 cash=4856.86
[SCAN] 2026-08-12T04:04:59+00:00 symbols=20 signals=1 entries=1 exits=0 blocked=1 open=5 cash=4856.86 equity=8835.18
[SIGNAL] 2026-08-12T04:04:59+00:00 LATRY BUY fill_at=2026-08-12T04:09:59+00:00 features={"close": 2.43, "bb_lower": 2.433721491077821, "bb_upper": 2.4853261279697985, "rsi": 30.337213766321227, "mfi": 18.48211243076875, "atr": 0.0057142857142857195}
[BLOCKED] LATRY reason=max_layers
[SCAN] 2026-08-12T04:09:59+00:00 symbols=20 signals=1 entries=0 exits=0 blocked=2 open=5 cash=4856.86 equity=8858.68
[SCAN] 2026-08-12T04:14:59+00:00 symbols=20 signals=0 entries=0 exits=0 blocked=2 open=5 cash=4856.86 equity=8851.15
[EXIT] 2026-08-12T04:19:59+00:00 COTITRY reason=fixed_stop_loss pnl=-45.53 cash=5528.18
[SCAN] 2026-08-12T04:19:59+00:00 symbols=20 signals=0 entries=0 exits=1 blocked=3 open=4 cash=5528.18 equity=8823.94
[SCAN] 2026-08-12T04:24:59+00:00 symbols=20 signals=0 entries=0 exits=0 blocked=3 open=4 cash=5528.18 equity=8835.41
[SCAN] 2026-08-12T04:29:59+00:00 symbols=20 signals=0 entries=0 exits=0 blocked=2 open=4 cash=5528.18 equity=8842.82
[SIGNAL] 2026-08-12T04:29:59+00:00 HOMETRY BUY fill_at=2026-08-12T04:34:59+00:00 features={"close": 0.45, "bb_lower": 0.45030406329638517, "bb_upper": 0.46017212717980505, "rsi": 39.99876829050173, "mfi": 33.73923515984586, "atr": 0.004071428571428575}
[ENTRY] 2026-08-12T04:34:59+00:00 HOMETRY layer=1 value=551.99 entry=0.44933675 cash=4975.36
[SCAN] 2026-08-12T04:34:59+00:00 symbols=20 signals=1 entries=1 exits=0 blocked=2 open=5 cash=4975.36 equity=8824.70
[SIGNAL] 2026-08-12T04:34:59+00:00 HOMETRY BUY fill_at=2026-08-12T04:39:59+00:00 features={"close": 0.448, "bb_lower": 0.44930957671983796, "bb_upper": 0.46002375661349526, "rsi": 36.93114866767213, "mfi": 29.057260102002544, "atr": 0.0038571428571428606}
[ENTRY] 2026-08-12T04:39:59+00:00 HOMETRY layer=2 value=496.79 entry=0.44933675 cash=4477.82
[SCAN] 2026-08-12T04:39:59+00:00 symbols=20 signals=1 entries=1 exits=0 blocked=1 open=5 cash=4477.82 equity=8856.95
[SCAN] 2026-08-12T04:44:59+00:00 symbols=20 signals=0 entries=0 exits=0 blocked=2 open=5 cash=4477.82 equity=8854.39
[SCAN] 2026-08-12T04:49:59+00:00 symbols=20 signals=0 entries=0 exits=0 blocked=2 open=5 cash=4477.82 equity=8835.62
[SCAN] 2026-08-12T04:54:59+00:00 symbols=20 signals=0 entries=0 exits=0 blocked=2 open=5 cash=4477.82 equity=8812.32
[SIGNAL] 2026-08-12T04:54:59+00:00 HEITRY BUY fill_at=2026-08-12T04:59:59+00:00 features={"close": 6.279, "bb_lower": 6.310619089353541, "bb_upper": 6.5279523392178875, "rsi": 33.54853314589916, "mfi": 27.684017653930468, "atr": 0.052357142857142706}
[BLOCKED] HEITRY reason=max_layers
[SCAN] 2026-08-12T04:59:59+00:00 symbols=20 signals=1 entries=0 exits=0 blocked=1 open=5 cash=4477.82 equity=8841.49
[SCAN] 2026-08-12T05:04:59+00:00 symbols=20 signals=0 entries=0 exits=1 blocked=2 open=4 cash=5640.09 equity=8855.84
[SIGNAL] 2026-08-12T05:04:59+00:00 BIOTRY BUY fill_at=2026-08-12T05:09:59+00:00 features={"close": 1.181, "bb_lower": 1.181457661613143, "bb_upper": 1.1970185288630475, "rsi": 28.573032457794454, "mfi": 21.79460822720111, "atr": 0.002142857142857113}
[ENTRY] 2026-08-12T05:09:59+00:00 BIOTRY layer=1 value=563.16 entry=1.18288650 cash=5076.08
[SCAN] 2026-08-12T05:09:59+00:00 symbols=20 signals=1 entries=1 exits=0 blocked=0 open=5 cash=5076.08 equity=8845.27
[SCAN] 2026-08-12T05:14:59+00:00 symbols=20 signals=0 entries=0 exits=0 blocked=1 open=5 cash=5076.08 equity=8848.57
[SCAN] 2026-08-12T05:19:59+00:00 symbols=20 signals=0 entries=0 exits=0 blocked=0 open=5 cash=5076.08 equity=8837.23
[SCAN] 2026-08-12T05:24:59+00:00 symbols=20 signals=0 entries=0 exits=0 blocked=0 open=5 cash=5076.08 equity=8830.06
[SIGNAL] 2026-08-12T05:24:59+00:00 PUMPTRY BUY fill_at=2026-08-12T05:29:59+00:00 features={"close": 0.1306, "bb_lower": 0.13108980566589118, "bb_upper": 0.1337959086198231, "rsi": 34.53680380483283, "mfi": 25.36386513248678, "atr": 0.0006857142857142816}
[ENTRY] 2026-08-12T05:29:59+00:00 PUMPTRY layer=1 value=506.85 entry=0.13089810 cash=4568.47
[SCAN] 2026-08-12T05:29:59+00:00 symbols=20 signals=1 entries=1 exits=0 blocked=1 open=6 cash=4568.47 equity=8823.31
[SIGNAL] 2026-08-12T05:29:59+00:00 PUMPTRY BUY fill_at=2026-08-12T05:34:59+00:00 features={"close": 0.1307, "bb_lower": 0.13081124229866087, "bb_upper": 0.13388399579657717, "rsi": 35.741894936146906, "mfi": 27.621584178470414, "atr": 0.0006714285714285688}
[ENTRY] 2026-08-12T05:34:59+00:00 PUMPTRY layer=2 value=456.16 entry=0.13069795 cash=4111.63
[SCAN] 2026-08-12T05:34:59+00:00 symbols=20 signals=1 entries=1 exits=0 blocked=2 open=6 cash=4111.63 equity=8814.54
[SCAN] 2026-08-12T05:39:59+00:00 symbols=20 signals=0 entries=0 exits=0 blocked=0 open=6 cash=4111.63 equity=8795.03
[SIGNAL] 2026-08-12T05:39:59+00:00 HOMETRY BUY fill_at=2026-08-12T05:44:59+00:00 features={"close": 0.447, "bb_lower": 0.4471335711421815, "bb_upper": 0.4627711907625806, "rsi": 37.82258589075623, "mfi": 49.966568318385754, "atr": 0.004285714285714289}
[BLOCKED] HOMETRY reason=max_layers
[SIGNAL] 2026-08-12T05:39:59+00:00 PUMPTRY BUY fill_at=2026-08-12T05:44:59+00:00 features={"close": 0.13, "bb_lower": 0.13020741443986078, "bb_upper": 0.13406877603632966, "rsi": 31.046636403371735, "mfi": 24.521527417647363, "atr": 0.0006428571428571414}
[BLOCKED] PUMPTRY reason=max_layers
[SCAN] 2026-08-12T05:44:59+00:00 symbols=20 signals=2 entries=0 exits=0 blocked=2 open=6 cash=4111.63 equity=8785.53
[SIGNAL] 2026-08-12T05:44:59+00:00 HOMETRY BUY fill_at=2026-08-12T05:49:59+00:00 features={"close": 0.444, "bb_lower": 0.4455303281628147, "bb_upper": 0.46361252898004257, "rsi": 34.69134747338998, "mfi": 50.01319934648903, "atr": 0.004357142857142861}
[BLOCKED] HOMETRY reason=max_layers
[SCAN] 2026-08-12T05:49:59+00:00 symbols=20 signals=1 entries=0 exits=0 blocked=1 open=6 cash=4111.63 equity=8788.48
[SIGNAL] 2026-08-12T05:49:59+00:00 HOMETRY BUY fill_at=2026-08-12T05:54:59+00:00 features={"close": 0.441, "bb_lower": 0.44318042799218343, "bb_upper": 0.4646290958173404, "rsi": 31.836081119851087, "mfi": 47.288948846854176, "atr": 0.0040000000000000036}
[BLOCKED] HOMETRY reason=max_layers
[SCAN] 2026-08-12T05:54:59+00:00 symbols=20 signals=1 entries=0 exits=0 blocked=1 open=6 cash=4111.63 equity=8780.86
[SCAN] 2026-08-12T05:59:59+00:00 symbols=20 signals=0 entries=0 exits=0 blocked=0 open=6 cash=4111.63 equity=8788.68
[SCAN] 2026-08-12T06:04:59+00:00 symbols=20 signals=0 entries=0 exits=0 blocked=0 open=6 cash=4111.63 equity=8779.60
[SCAN] 2026-08-12T06:09:59+00:00 symbols=20 signals=0 entries=0 exits=0 blocked=0 open=6 cash=4111.63 equity=8775.99
[SCAN] 2026-08-12T06:14:59+00:00 symbols=20 signals=0 entries=0 exits=0 blocked=0 open=6 cash=4111.63 equity=8769.84
[SIGNAL] 2026-08-12T06:14:59+00:00 VICTRY BUY fill_at=2026-08-12T06:19:59+00:00 features={"close": 1.2, "bb_lower": 1.2024016661084267, "bb_upper": 1.2461697624630022, "rsi": 38.56985546615109, "mfi": 43.19382659241798, "atr": 0.017142857142857158}
[ENTRY] 2026-08-12T06:19:59+00:00 VICTRY layer=1 value=410.55 entry=1.21090750 cash=3700.46
[SCAN] 2026-08-12T06:19:59+00:00 symbols=20 signals=1 entries=1 exits=0 blocked=1 open=7 cash=3700.46 equity=8772.48
[SIGNAL] 2026-08-12T06:19:59+00:00 RETRY BUY fill_at=2026-08-12T06:24:59+00:00 features={"close": 20.23, "bb_lower": 20.336304028252812, "bb_upper": 21.344648352699572, "rsi": 31.81978583427704, "mfi": 54.65396586091329, "atr": 0.20499999999999957}
[ENTRY] 2026-08-12T06:24:59+00:00 RETRY layer=1 value=369.49 entry=20.26518750 cash=3330.42
[SCAN] 2026-08-12T06:24:59+00:00 symbols=20 signals=1 entries=1 exits=0 blocked=1 open=8 cash=3330.42 equity=8788.30
[SIGNAL] 2026-08-12T06:24:59+00:00 RETRY BUY fill_at=2026-08-12T06:29:59+00:00 features={"close": 20.21, "bb_lower": 20.263623289794403, "bb_upper": 21.383995757824643, "rsi": 31.41719158963933, "mfi": 54.33354913866898, "atr": 0.2014285714285712}
[ENTRY] 2026-08-12T06:29:59+00:00 RETRY layer=2 value=332.54 entry=20.23516500 cash=2997.38
[SCAN] 2026-08-12T06:29:59+00:00 symbols=20 signals=1 entries=1 exits=0 blocked=2 open=8 cash=2997.38 equity=8788.41
[SCAN] 2026-08-12T06:34:59+00:00 symbols=20 signals=0 entries=0 exits=0 blocked=2 open=8 cash=2997.38 equity=8774.20
[SIGNAL] 2026-08-12T06:34:59+00:00 RETRY BUY fill_at=2026-08-12T06:39:59+00:00 features={"close": 20.04, "bb_lower": 20.067060356982992, "bb_upper": 21.4634158334932, "rsi": 27.9103999409227, "mfi": 48.900208513840454, "atr": 0.20357142857142843}
[BLOCKED] RETRY reason=max_layers
[SCAN] 2026-08-12T06:39:59+00:00 symbols=20 signals=1 entries=0 exits=0 blocked=4 open=8 cash=2997.38 equity=8769.87
[SIGNAL] 2026-08-12T06:39:59+00:00 RETRY BUY fill_at=2026-08-12T06:44:59+00:00 features={"close": 19.88, "bb_lower": 19.93108165134041, "bb_upper": 21.518442158183394, "rsi": 25.04688715904001, "mfi": 47.34824825374677, "atr": 0.20928571428571427}
[BLOCKED] RETRY reason=max_layers
[SCAN] 2026-08-12T06:44:59+00:00 symbols=20 signals=1 entries=0 exits=0 blocked=2 open=8 cash=2997.38 equity=8787.39
[SCAN] 2026-08-12T06:49:59+00:00 symbols=20 signals=0 entries=0 exits=0 blocked=1 open=8 cash=2997.38 equity=8799.90
[SIGNAL] 2026-08-12T06:49:59+00:00 ALLOTRY BUY fill_at=2026-08-12T06:54:59+00:00 features={"close": 14.42, "bb_lower": 14.471578985676752, "bb_upper": 14.750325776228015, "rsi": 35.68258295703829, "mfi": 57.022077714730614, "atr": 0.05285714285714249}
[ENTRY] 2026-08-12T06:54:59+00:00 ALLOTRY layer=1 value=299.29 entry=14.46083750 cash=2697.64
[EXIT] 2026-08-12T06:54:59+00:00 HEITRY reason=fixed_stop_loss pnl=-59.50 cash=3574.90
[SCAN] 2026-08-12T06:54:59+00:00 symbols=20 signals=1 entries=1 exits=1 blocked=1 open=8 cash=3574.90 equity=8752.44
[SIGNAL] 2026-08-12T06:54:59+00:00 HEITRY BUY fill_at=2026-08-12T06:59:59+00:00 features={"close": 6.036, "bb_lower": 6.123966028098561, "bb_upper": 6.338129209996678, "rsi": 28.26081087203329, "mfi": 32.213101577625764, "atr": 0.06650000000000007}
[ENTRY] 2026-08-12T06:59:59+00:00 HEITRY layer=1 value=356.95 entry=6.03752475 cash=3217.41
[SCAN] 2026-08-12T06:59:59+00:00 symbols=20 signals=1 entries=1 exits=0 blocked=1 open=9 cash=3217.41 equity=8740.19
[SIGNAL] 2026-08-12T06:59:59+00:00 HEITRY BUY fill_at=2026-08-12T07:04:59+00:00 features={"close": 6.089, "bb_lower": 6.101910752348968, "bb_upper": 6.341136866698652, "rsi": 35.08017819857268, "mfi": 32.545641242103514, "atr": 0.06421428571428578}
[ENTRY] 2026-08-12T07:04:59+00:00 HEITRY layer=2 value=321.26 entry=6.08856300 cash=2895.67
[SIGNAL] 2026-08-12T06:59:59+00:00 COTITRY BUY fill_at=2026-08-12T07:04:59+00:00 features={"close": 0.4537, "bb_lower": 0.45449820412584974, "bb_upper": 0.46590179587415015, "rsi": 34.83507006260639, "mfi": 4.839909632759188, "atr": 0.0033071428571428457}
[ENTRY] 2026-08-12T07:04:59+00:00 COTITRY layer=1 value=289.13 entry=0.45514110 cash=2606.10
[SCAN] 2026-08-12T07:04:59+00:00 symbols=20 signals=2 entries=2 exits=0 blocked=0 open=10 cash=2606.10 equity=8740.07
[SIGNAL] 2026-08-12T07:04:59+00:00 HEITRY BUY fill_at=2026-08-12T07:09:59+00:00 features={"close": 6.06, "bb_lower": 6.075422745553577, "bb_upper": 6.349053444922613, "rsi": 33.20894895728752, "mfi": 32.854983834760546, "atr": 0.0611428571428572}
[BLOCKED] HEITRY reason=max_layers
[SIGNAL] 2026-08-12T07:04:59+00:00 ALLOTRY BUY fill_at=2026-08-12T07:09:59+00:00 features={"close": 14.4, "bb_lower": 14.405972087624674, "bb_upper": 14.754027912375326, "rsi": 36.571505423792, "mfi": 53.40100850140551, "atr": 0.05499999999999997}
[ENTRY] 2026-08-12T07:09:59+00:00 ALLOTRY layer=2 value=260.22 entry=14.41080000 cash=2345.49
[SCAN] 2026-08-12T07:09:59+00:00 symbols=20 signals=2 entries=1 exits=0 blocked=1 open=10 cash=2345.49 equity=8744.77
[SCAN] 2026-08-12T07:14:59+00:00 symbols=20 signals=0 entries=0 exits=0 blocked=0 open=10 cash=2345.49 equity=8731.19
[SCAN] 2026-08-12T07:19:59+00:00 symbols=20 signals=0 entries=0 exits=0 blocked=1 open=10 cash=2345.49 equity=8725.22
[SIGNAL] 2026-08-12T07:19:59+00:00 HEITRY BUY fill_at=2026-08-12T07:24:59+00:00 features={"close": 6.003, "bb_lower": 6.004990750357926, "bb_upper": 6.367580678213503, "rsi": 31.371551228974994, "mfi": 26.0042137344917, "atr": 0.06714285714285717}
[BLOCKED] HEITRY reason=max_layers
[SCAN] 2026-08-12T07:24:59+00:00 symbols=20 signals=1 entries=0 exits=0 blocked=1 open=10 cash=2345.49 equity=8721.64
[SCAN] 2026-08-12T07:29:59+00:00 symbols=20 signals=0 entries=0 exits=0 blocked=0 open=10 cash=2345.49 equity=8717.31
[SCAN] 2026-08-12T07:34:59+00:00 symbols=20 signals=0 entries=0 exits=0 blocked=1 open=10 cash=2345.49 equity=8730.00
[SCAN] 2026-08-12T07:39:59+00:00 symbols=20 signals=0 entries=0 exits=0 blocked=1 open=10 cash=2345.49 equity=8704.38
[SCAN] 2026-08-12T07:44:59+00:00 symbols=20 signals=0 entries=0 exits=0 blocked=4 open=10 cash=2345.49 equity=8706.04
[SCAN] 2026-08-12T07:49:59+00:00 symbols=20 signals=0 entries=0 exits=0 blocked=4 open=10 cash=2345.49 equity=8735.64
[SCAN] 2026-08-12T07:54:59+00:00 symbols=20 signals=0 entries=0 exits=0 blocked=1 open=10 cash=2345.49 equity=8767.49
[SCAN] 2026-08-12T07:59:59+00:00 symbols=20 signals=0 entries=0 exits=0 blocked=1 open=10 cash=2345.49 equity=8759.01
[EXIT] 2026-08-12T08:04:59+00:00 HOMETRY reason=fixed_take_profit pnl=+32.69 cash=3428.54
[EXIT] 2026-08-12T08:04:59+00:00 HEITRY reason=fixed_take_profit pnl=+21.14 cash=4128.91
[SCAN] 2026-08-12T08:04:59+00:00 symbols=20 signals=0 entries=0 exits=2 blocked=0 open=8 cash=4128.91 equity=8785.82
[SIGNAL] 2026-08-12T08:04:59+00:00 VICTRY BUY fill_at=2026-08-12T08:09:59+00:00 features={"close": 1.19, "bb_lower": 1.1947339177467369, "bb_upper": 1.2271708441580251, "rsi": 39.77063142116586, "mfi": 31.95622732220832, "atr": 0.012857142857142869}
[ENTRY] 2026-08-12T08:09:59+00:00 VICTRY layer=2 value=412.27 entry=1.21090750 cash=3716.02
[SCAN] 2026-08-12T08:09:59+00:00 symbols=20 signals=1 entries=1 exits=0 blocked=0 open=8 cash=3716.02 equity=8773.74
[SIGNAL] 2026-08-12T08:09:59+00:00 KAITOTRY BUY fill_at=2026-08-12T08:14:59+00:00 features={"close": 29.906, "bb_lower": 29.961209401494422, "bb_upper": 30.458790598505573, "rsi": 40.76954401653703, "mfi": 48.02667139997586, "atr": 0.1749285714285713}
[BLOCKED] KAITOTRY reason=max_layers
[SCAN] 2026-08-12T08:14:59+00:00 symbols=20 signals=1 entries=0 exits=0 blocked=1 open=8 cash=3716.02 equity=8778.29
[SCAN] 2026-08-12T08:19:59+00:00 symbols=20 signals=0 entries=0 exits=0 blocked=0 open=8 cash=3716.02 equity=8766.35
[EXIT] 2026-08-12T08:24:59+00:00 KAITOTRY reason=fixed_stop_loss pnl=-36.88 cash=4259.79
[SCAN] 2026-08-12T08:24:59+00:00 symbols=20 signals=0 entries=0 exits=1 blocked=0 open=7 cash=4259.79 equity=8763.52
[SIGNAL] 2026-08-12T08:24:59+00:00 KAITOTRY BUY fill_at=2026-08-12T08:29:59+00:00 features={"close": 28.873, "bb_lower": 29.502339723235174, "bb_upper": 30.75146980057435, "rsi": 24.54210805081601, "mfi": 22.853976192745108, "atr": 0.26692857142857157}
[ENTRY] 2026-08-12T08:29:59+00:00 KAITOTRY layer=1 value=425.34 entry=29.16986100 cash=3833.81
[SCAN] 2026-08-12T08:29:59+00:00 symbols=20 signals=1 entries=1 exits=0 blocked=1 open=8 cash=3833.81 equity=8737.33
[SIGNAL] 2026-08-12T08:29:59+00:00 COTITRY BUY fill_at=2026-08-12T08:34:59+00:00 features={"close": 0.4472, "bb_lower": 0.4473364918073472, "bb_upper": 0.45795874628789096, "rsi": 37.39252115066275, "mfi": 40.03667129828631, "atr": 0.002392857142857137}
[ENTRY] 2026-08-12T08:34:59+00:00 COTITRY layer=2 value=382.81 entry=0.44933675 cash=3450.43
[SIGNAL] 2026-08-12T08:29:59+00:00 KAITOTRY BUY fill_at=2026-08-12T08:34:59+00:00 features={"close": 27.634, "bb_lower": 28.779592341401226, "bb_upper": 31.24526480145591, "rsi": 15.969644598265276, "mfi": 9.732839724010176, "atr": 0.3807142857142861}
[ENTRY] 2026-08-12T08:34:59+00:00 KAITOTRY layer=2 value=344.53 entry=27.89190325 cash=3105.39
[SCAN] 2026-08-12T08:34:59+00:00 symbols=20 signals=2 entries=2 exits=0 blocked=0 open=8 cash=3105.39 equity=8745.40
[SIGNAL] 2026-08-12T08:34:59+00:00 VICTRY BUY fill_at=2026-08-12T08:39:59+00:00 features={"close": 1.18, "bb_lower": 1.182008527348077, "bb_upper": 1.2256105202709708, "rsi": 36.649204764651756, "mfi": 39.00932447602655, "atr": 0.012857142857142869}
[BLOCKED] VICTRY reason=max_layers
[SIGNAL] 2026-08-12T08:34:59+00:00 COTITRY BUY fill_at=2026-08-12T08:39:59+00:00 features={"close": 0.446, "bb_lower": 0.4465514810090749, "bb_upper": 0.45763899518140144, "rsi": 35.7560575948511, "mfi": 37.284985755572585, "atr": 0.0025857142857142784}
[BLOCKED] COTITRY reason=max_layers
[SIGNAL] 2026-08-12T08:34:59+00:00 KAITOTRY BUY fill_at=2026-08-12T08:39:59+00:00 features={"close": 28.381, "bb_lower": 28.519774761322257, "bb_upper": 31.35022523867774, "rsi": 31.579281757578542, "mfi": 30.327022390796913, "atr": 0.44035714285714306}
[BLOCKED] KAITOTRY reason=max_layers
[SCAN] 2026-08-12T08:39:59+00:00 symbols=20 signals=3 entries=0 exits=0 blocked=3 open=8 cash=3105.39 equity=8752.93
[SCAN] 2026-08-12T08:44:59+00:00 symbols=20 signals=0 entries=0 exits=0 blocked=2 open=8 cash=3105.39 equity=8727.97
[SCAN] 2026-08-12T08:49:59+00:00 symbols=20 signals=0 entries=0 exits=0 blocked=2 open=8 cash=3105.39 equity=8715.27
[SIGNAL] 2026-08-12T08:49:59+00:00 KAITOTRY BUY fill_at=2026-08-12T08:54:59+00:00 features={"close": 27.464, "bb_lower": 27.662815037943474, "bb_upper": 31.574423057294617, "rsi": 25.121693101278126, "mfi": 28.72335097868546, "atr": 0.5274285714285715}
[BLOCKED] KAITOTRY reason=max_layers
[SCAN] 2026-08-12T08:54:59+00:00 symbols=20 signals=1 entries=0 exits=0 blocked=4 open=8 cash=3105.39 equity=8713.42
[SIGNAL] 2026-08-12T08:54:59+00:00 KAITOTRY BUY fill_at=2026-08-12T08:59:59+00:00 features={"close": 27.224, "bb_lower": 27.293587889185766, "bb_upper": 31.653459729861837, "rsi": 23.637922850066104, "mfi": 24.20967239740645, "atr": 0.5424285714285713}
[BLOCKED] KAITOTRY reason=max_layers
[EXIT] 2026-08-12T08:59:59+00:00 KAITOTRY reason=fixed_stop_loss pnl=-48.97 cash=3827.43
[SCAN] 2026-08-12T08:59:59+00:00 symbols=20 signals=1 entries=0 exits=1 blocked=4 open=7 cash=3827.43 equity=8712.20
[SCAN] 2026-08-12T09:04:59+00:00 symbols=20 signals=0 entries=0 exits=1 blocked=2 open=6 cash=4530.97 equity=8733.42
[EXIT] 2026-08-12T09:09:59+00:00 ALLOTRY reason=fixed_take_profit pnl=+17.44 cash=5108.76
[SCAN] 2026-08-12T09:09:59+00:00 symbols=20 signals=0 entries=0 exits=1 blocked=2 open=5 cash=5108.76 equity=8735.69
[SIGNAL] 2026-08-12T09:09:59+00:00 MITOTRY BUY fill_at=2026-08-12T09:14:59+00:00 features={"close": 1.146, "bb_lower": 1.1474851317241062, "bb_upper": 1.1761339158949415, "rsi": 36.63153841924203, "mfi": 21.27944297964575, "atr": 0.008142857142857134}
[ENTRY] 2026-08-12T09:14:59+00:00 MITOTRY layer=1 value=510.11 entry=1.15786775 cash=4597.88
[SCAN] 2026-08-12T09:14:59+00:00 symbols=20 signals=1 entries=1 exits=0 blocked=0 open=6 cash=4597.88 equity=8740.07
[SCAN] 2026-08-12T09:19:59+00:00 symbols=20 signals=0 entries=0 exits=0 blocked=0 open=6 cash=4597.88 equity=8732.20
[SCAN] 2026-08-12T09:24:59+00:00 symbols=20 signals=0 entries=0 exits=0 blocked=0 open=6 cash=4597.88 equity=8746.40
[SCAN] 2026-08-12T09:29:59+00:00 symbols=20 signals=0 entries=0 exits=0 blocked=0 open=6 cash=4597.88 equity=8766.38
[SCAN] 2026-08-12T09:34:59+00:00 symbols=20 signals=0 entries=0 exits=0 blocked=0 open=6 cash=4597.88 equity=8755.11
[SCAN] 2026-08-12T09:39:59+00:00 symbols=20 signals=0 entries=0 exits=0 blocked=0 open=6 cash=4597.88 equity=8769.67
[SCAN] 2026-08-12T09:44:59+00:00 symbols=20 signals=0 entries=0 exits=0 blocked=0 open=6 cash=4597.88 equity=8770.18
[SCAN] 2026-08-12T09:49:59+00:00 symbols=20 signals=0 entries=0 exits=0 blocked=0 open=6 cash=4597.88 equity=8772.09
[SIGNAL] 2026-08-12T09:49:59+00:00 HEITRY BUY fill_at=2026-08-12T09:54:59+00:00 features={"close": 6.186, "bb_lower": 6.190579189520819, "bb_upper": 6.431325572383943, "rsi": 41.06462193739235, "mfi": 37.63897587382022, "atr": 0.0664285714285714}
[ENTRY] 2026-08-12T09:54:59+00:00 HEITRY layer=1 value=459.10 entry=6.19164025 cash=4138.09
[SCAN] 2026-08-12T09:54:59+00:00 symbols=20 signals=1 entries=1 exits=0 blocked=1 open=7 cash=4138.09 equity=8760.27
[SCAN] 2026-08-12T09:59:59+00:00 symbols=20 signals=0 entries=0 exits=0 blocked=0 open=7 cash=4138.09 equity=8751.39
[SIGNAL] 2026-08-12T09:59:59+00:00 RETRY BUY fill_at=2026-08-12T10:04:59+00:00 features={"close": 20.08, "bb_lower": 20.132642320477395, "bb_upper": 20.4273576795226, "rsi": 40.51719580168633, "mfi": 46.58361081792492, "atr": 0.10071428571428649}
[ENTRY] 2026-08-12T10:04:59+00:00 RETRY layer=1 value=480.63 entry=20.11507500 cash=4332.19
[SCAN] 2026-08-12T10:04:59+00:00 symbols=20 signals=1 entries=1 exits=1 blocked=0 open=7 cash=4332.19 equity=8765.78
[SIGNAL] 2026-08-12T10:04:59+00:00 RETRY BUY fill_at=2026-08-12T10:09:59+00:00 features={"close": 20.08, "bb_lower": 20.107002500933664, "bb_upper": 20.441568927637764, "rsi": 40.51719578826014, "mfi": 44.79017595240255, "atr": 0.09571428571428646}
[ENTRY] 2026-08-12T10:09:59+00:00 RETRY layer=2 value=432.57 entry=20.09506000 cash=3898.97
[SCAN] 2026-08-12T10:09:59+00:00 symbols=20 signals=1 entries=1 exits=0 blocked=0 open=7 cash=3898.97 equity=8747.10
[SCAN] 2026-08-12T10:14:59+00:00 symbols=20 signals=0 entries=0 exits=0 blocked=0 open=7 cash=3898.97 equity=8757.53
[OPEN-MARKED] LATRY value=645.21 unrealized=-29.98
[OPEN-MARKED] BIOTRY value=561.84 unrealized=-3.01
[OPEN-MARKED] PUMPTRY value=946.08 unrealized=-19.79
[OPEN-MARKED] VICTRY value=808.01 unrealized=-17.26
[OPEN-MARKED] MITOTRY value=515.51 unrealized=+3.86
[OPEN-MARKED] HEITRY value=464.19 unrealized=+3.71
[OPEN-MARKED] RETRY value=914.08 unrealized=-1.86
[COMPLETE] result=/mnt/d/scalperagent_v4/backend/portfolio-bb-mfi-v3-quality20-cash10-sl6-tp35-7d.json
RESULT_JSON={"initial_balance_try": 10000.0, "final_balance_try": 8746.608308, "net_pnl_try": -1253.391692, "net_pnl_pct": -12.533917, "closed_trades": 282, "wins": 195, "losses": 87, "win_rate_pct": 69.1489, "profit_factor": 0.633888, "fees_total_including_open_liquidation_try": 591.439126, "max_drawdown_pct": 14.424136, "active_symbols": ["ALLOTRY", "BANKTRY", "BIOTRY", "COTITRY", "EDENTRY", "ENATRY", "FIDATRY", "HEITRY", "HOMETRY", "KAITOTRY", "LATRY", "MITOTRY", "PIXELTRY", "PUMPTRY", "RETRY", "SAHARATRY", "TOWNSTRY", "VANRYTRY", "VICTRY", "ZROTRY"], "open_positions_excluded": [], "open_positions_marked": [{"symbol": "LATRY", "entry_time": 1786489799, "layers": 2, "mark_price": 2.39, "liquidation_fill": 2.3882075, "marked_value_try": 644.240817, "unrealized_pnl_try": -29.982875}, {"symbol": "BIOTRY", "entry_time": 1786511399, "layers": 1, "mark_price": 1.181, "liquidation_fill": 1.18011425, "marked_value_try": 561.0017, "unrealized_pnl_try": -3.007363}, {"symbol": "PUMPTRY", "entry_time": 1786512599, "layers": 2, "mark_price": 0.1286, "liquidation_fill": 0.12850355, "marked_value_try": 944.661059, "unrealized_pnl_try": -19.794439}, {"symbol": "VICTRY", "entry_time": 1786515599, "layers": 2, "mark_price": 1.19, "liquidation_fill": 1.1891075, "marked_value_try": 806.79428, "unrealized_pnl_try": -17.259481}, {"symbol": "MITOTRY", "entry_time": 1786526099, "layers": 1, "mark_price": 1.171, "liquidation_fill": 1.17012175, "marked_value_try": 514.736004, "unrealized_pnl_try": 3.860197}, {"symbol": "HEITRY", "entry_time": 1786528499, "layers": 1, "mark_price": 6.265, "liquidation_fill": 6.26030125, "marked_value_try": 463.494387, "unrealized_pnl_try": 3.706161}, {"symbol": "RETRY", "entry_time": 1786529099, "layers": 2, "mark_price": 20.14, "liquidation_fill": 20.124895, "marked_value_try": 912.70933, "unrealized_pnl_try": -1.864051}], "reconciliation": {"expected": 8746.608305, "actual": 8746.608308, "difference": 3.41e-06}}
