[START] strategy=BB_MFI_MEAN_REVERSION pine_version=v3 initial=10000.00 TRY window=2026-08-11T09:25:49+00:00..2026-08-12T09:25:49+00:00
[CONFIG] universe=312 source=BinanceTR-exchangeInfo order_pct=0.1000 pyramiding=2 max_positions=500 commission=0.001500 spread=0.001000 slippage=0.000250
[DATA] 1000SATSTRY source=BinanceTR-public interval=5m candles=575
[DATA] 0GTRY source=BinanceTR-public interval=5m candles=575
[DATA] 1000CATTRY source=BinanceTR-public interval=5m candles=575
[DATA] 1MBABYDOGETRY source=BinanceTR-public interval=5m candles=575
[DATA] 2ZTRY source=BinanceTR-public interval=5m candles=575
[DATA] AAVETRY source=BinanceTR-public interval=5m candles=575
[DATA] ACHTRY source=BinanceTR-public interval=5m candles=575
[DATA] ACETRY source=BinanceTR-public interval=5m candles=575
[DATA] ACMTRY source=BinanceTR-public interval=5m candles=575
[DATA] ACXTRY source=BinanceTR-public interval=5m candles=575
[DATA] ACTTRY source=BinanceTR-public interval=5m candles=575
[DATA] ADATRY source=BinanceTR-public interval=5m candles=575
[DATA] AEVOTRY source=BinanceTR-public interval=5m candles=575
[DATA] AEROTRY source=BinanceTR-public interval=5m candles=575
[DATA] AITRY source=BinanceTR-public interval=5m candles=575
[DATA] AIGENSYNTRY source=BinanceTR-public interval=5m candles=575
[DATA] AIXBTTRY source=BinanceTR-public interval=5m candles=575
[DATA] ALGOTRY source=BinanceTR-public interval=5m candles=575
[DATA] ALICETRY source=BinanceTR-public interval=5m candles=575
[DATA] ALLOTRY source=BinanceTR-public interval=5m candles=575
[DATA] ALPINETRY source=BinanceTR-public interval=5m candles=575
[DATA] AMPTRY source=BinanceTR-public interval=5m candles=575
[DATA] ANIMETRY source=BinanceTR-public interval=5m candles=575
[DATA] ALTTRY source=BinanceTR-public interval=5m candles=575
[DATA] APETRY source=BinanceTR-public interval=5m candles=575
[DATA] ANKRTRY source=BinanceTR-public interval=5m candles=575
[DATA] APTTRY source=BinanceTR-public interval=5m candles=575
[DATA] API3TRY source=BinanceTR-public interval=5m candles=575
[DATA] ARBTRY source=BinanceTR-public interval=5m candles=575
[DATA] ARKTRY source=BinanceTR-public interval=5m candles=575
[DATA] ARKMTRY source=BinanceTR-public interval=5m candles=575
[DATA] ASTERTRY source=BinanceTR-public interval=5m candles=575
[DATA] ARTRY source=BinanceTR-public interval=5m candles=575
[DATA] ASRTRY source=BinanceTR-public interval=5m candles=575
[DATA] ARPATRY source=BinanceTR-public interval=5m candles=575
[DATA] ATMTRY source=BinanceTR-public interval=5m candles=575
[DATA] ATOMTRY source=BinanceTR-public interval=5m candles=575
[DATA] ATTRY source=BinanceTR-public interval=5m candles=575
[DATA] AVAXTRY source=BinanceTR-public interval=5m candles=575
[DATA] ATRY source=BinanceTR-public interval=5m candles=575
[DATA] AUDIOTRY source=BinanceTR-public interval=5m candles=575
[DATA] AUCTIONTRY source=BinanceTR-public interval=5m candles=575
[DATA] AXSTRY source=BinanceTR-public interval=5m candles=575
[DATA] AVNTTRY source=BinanceTR-public interval=5m candles=575
[DATA] AXLTRY source=BinanceTR-public interval=5m candles=575
[DATA] BABYTRY source=BinanceTR-public interval=5m candles=575
[DATA] BANKTRY source=BinanceTR-public interval=5m candles=575
[DATA] BARDTRY source=BinanceTR-public interval=5m candles=575
[DATA] BANANATRY source=BinanceTR-public interval=5m candles=575
[DATA] BARTRY source=BinanceTR-public interval=5m candles=575
[DATA] BBTRY source=BinanceTR-public interval=5m candles=575
[DATA] BEAMXTRY source=BinanceTR-public interval=5m candles=575
[DATA] BCHTRY source=BinanceTR-public interval=5m candles=575
[DATA] BIOTRY source=BinanceTR-public interval=5m candles=575
[DATA] BERATRY source=BinanceTR-public interval=5m candles=575
[DATA] BLURTRY source=BinanceTR-public interval=5m candles=575
[DATA] BELTRY source=BinanceTR-public interval=5m candles=575
[DATA] BMTTRY source=BinanceTR-public interval=5m candles=575
[DATA] BNBTRY source=BinanceTR-public interval=5m candles=575
[DATA] BOMETRY source=BinanceTR-public interval=5m candles=575
[DATA] BONKTRY source=BinanceTR-public interval=5m candles=575
[DATA] BREVTRY source=BinanceTR-public interval=5m candles=575
[DATA] BTTCTRY source=BinanceTR-public interval=5m candles=575
[DATA] CATITRY source=BinanceTR-public interval=5m candles=575
[DATA] CAKETRY source=BinanceTR-public interval=5m candles=575
[DATA] CETUSTRY source=BinanceTR-public interval=5m candles=575
[DATA] BTCTRY source=BinanceTR-public interval=5m candles=575
[DATA] CELOTRY source=BinanceTR-public interval=5m candles=575
[DATA] CFXTRY source=BinanceTR-public interval=5m candles=575
[DATA] CHIPTRY source=BinanceTR-public interval=5m candles=575
[DATA] CHZTRY source=BinanceTR-public interval=5m candles=575
[DATA] CKBTRY source=BinanceTR-public interval=5m candles=575
[DATA] COMPTRY source=BinanceTR-public interval=5m candles=575
[DATA] COTITRY source=BinanceTR-public interval=5m candles=575
[DATA] CITYTRY source=BinanceTR-public interval=5m candles=575
[DATA] COWTRY source=BinanceTR-public interval=5m candles=575
[DATA] CTRY source=BinanceTR-public interval=5m candles=575
[DATA] DASHTRY source=BinanceTR-public interval=5m candles=575
[DATA] CRVTRY source=BinanceTR-public interval=5m candles=575
[DATA] CYBERTRY source=BinanceTR-public interval=5m candles=575
[DATA] DODOTRY source=BinanceTR-public interval=5m candles=575
[DATA] DOLOTRY source=BinanceTR-public interval=5m candles=575
[DATA] DOGETRY source=BinanceTR-public interval=5m candles=575
[DATA] DOGSTRY source=BinanceTR-public interval=5m candles=575
[DATA] DOTTRY source=BinanceTR-public interval=5m candles=575
[DATA] DYDXTRY source=BinanceTR-public interval=5m candles=575
[DATA] EDENTRY source=BinanceTR-public interval=5m candles=575
[DATA] EDUTRY source=BinanceTR-public interval=5m candles=575
[DATA] DYMTRY source=BinanceTR-public interval=5m candles=575
[DATA] CFGTRY source=BinanceTR-public interval=5m candles=575
[DATA] ENJTRY source=BinanceTR-public interval=5m candles=575
[DATA] EIGENTRY source=BinanceTR-public interval=5m candles=575
[DATA] ENATRY source=BinanceTR-public interval=5m candles=575
[DATA] ENSOTRY source=BinanceTR-public interval=5m candles=575
[DATA] EGLDTRY source=BinanceTR-public interval=5m candles=575
[DATA] ERATRY source=BinanceTR-public interval=5m candles=575
[DATA] ESPTRY source=BinanceTR-public interval=5m candles=575
[DATA] ENSTRY source=BinanceTR-public interval=5m candles=575
[DATA] ETCTRY source=BinanceTR-public interval=5m candles=575
[DATA] EULTRY source=BinanceTR-public interval=5m candles=575
[DATA] FDUSDTRY source=BinanceTR-public interval=5m candles=575
[DATA] ETHFITRY source=BinanceTR-public interval=5m candles=575
[DATA] ETHTRY source=BinanceTR-public interval=5m candles=575
[DATA] FIDATRY source=BinanceTR-public interval=5m candles=575
[DATA] FETTRY source=BinanceTR-public interval=5m candles=575
[DATA] FILTRY source=BinanceTR-public interval=5m candles=575
[DATA] FFTRY source=BinanceTR-public interval=5m candles=575
[DATA] FOGOTRY source=BinanceTR-public interval=5m candles=575
[DATA] FLOKITRY source=BinanceTR-public interval=5m candles=575
[DATA] GENIUSTRY source=BinanceTR-public interval=5m candles=575
[DATA] FTRY source=BinanceTR-public interval=5m candles=575
[DATA] FORMTRY source=BinanceTR-public interval=5m candles=575
[DATA] GALATRY source=BinanceTR-public interval=5m candles=575
[DATA] GASTRY source=BinanceTR-public interval=5m candles=575
[DATA] GIGGLETRY source=BinanceTR-public interval=5m candles=575
[DATA] GRAMTRY source=BinanceTR-public interval=5m candles=575
[DATA] GRTTRY source=BinanceTR-public interval=5m candles=575
[DATA] GMTTRY source=BinanceTR-public interval=5m candles=575
[DATA] GPSTRY source=BinanceTR-public interval=5m candles=575
[DATA] GTRY source=BinanceTR-public interval=5m candles=575
[DATA] HAEDALTRY source=BinanceTR-public interval=5m candles=575
[DATA] HEITRY source=BinanceTR-public interval=5m candles=575
[DATA] GUNTRY source=BinanceTR-public interval=5m candles=575
[DATA] HEMITRY source=BinanceTR-public interval=5m candles=575
[DATA] HBARTRY source=BinanceTR-public interval=5m candles=575
[DATA] HOLOTRY source=BinanceTR-public interval=5m candles=575
[DATA] HOMETRY source=BinanceTR-public interval=5m candles=575
[DATA] HIVETRY source=BinanceTR-public interval=5m candles=575
[DATA] HMSTRTRY source=BinanceTR-public interval=5m candles=575
[DATA] HUMATRY source=BinanceTR-public interval=5m candles=575
[DATA] HOTTRY source=BinanceTR-public interval=5m candles=575
[DATA] HYPERTRY source=BinanceTR-public interval=5m candles=575
[DATA] INITTRY source=BinanceTR-public interval=5m candles=575
[DATA] INJTRY source=BinanceTR-public interval=5m candles=575
[DATA] IOTRY source=BinanceTR-public interval=5m candles=575
[DATA] IOTATRY source=BinanceTR-public interval=5m candles=575
[DATA] JTOTRY source=BinanceTR-public interval=5m candles=575
[DATA] JASMYTRY source=BinanceTR-public interval=5m candles=575
[DATA] JUVTRY source=BinanceTR-public interval=5m candles=575
[DATA] JUPTRY source=BinanceTR-public interval=5m candles=575
[DATA] KAITOTRY source=BinanceTR-public interval=5m candles=575
[DATA] KATTRY source=BinanceTR-public interval=5m candles=575
[DATA] KERNELTRY source=BinanceTR-public interval=5m candles=575
[DATA] KITETRY source=BinanceTR-public interval=5m candles=575
[DATA] KSMTRY source=BinanceTR-public interval=5m candles=575
[DATA] ICPTRY source=BinanceTR-public interval=5m candles=575
[DATA] IDTRY source=BinanceTR-public interval=5m candles=575
[DATA] LATRY source=BinanceTR-public interval=5m candles=575
[DATA] LAYERTRY source=BinanceTR-public interval=5m candles=575
[DATA] LAZIOTRY source=BinanceTR-public interval=5m candles=575
[DATA] LDOTRY source=BinanceTR-public interval=5m candles=575
[DATA] LINEATRY source=BinanceTR-public interval=5m candles=575
[DATA] LTCTRY source=BinanceTR-public interval=5m candles=575
[DATA] LINKTRY source=BinanceTR-public interval=5m candles=575
[DATA] LPTTRY source=BinanceTR-public interval=5m candles=575
[DATA] LISTATRY source=BinanceTR-public interval=5m candles=575
[DATA] LUNCTRY source=BinanceTR-public interval=5m candles=575
[DATA] LUMIATRY source=BinanceTR-public interval=5m candles=575
[DATA] MAGICTRY source=BinanceTR-public interval=5m candles=575
[DATA] LUNATRY source=BinanceTR-public interval=5m candles=575
[DATA] MANATRY source=BinanceTR-public interval=5m candles=575
[DATA] MASKTRY source=BinanceTR-public interval=5m candles=575
[DATA] MANTATRY source=BinanceTR-public interval=5m candles=575
[DATA] MANTRATRY source=BinanceTR-public interval=5m candles=575
[DATA] MAVTRY source=BinanceTR-public interval=5m candles=575
[DATA] MEMETRY source=BinanceTR-public interval=5m candles=575
[DATA] MEGATRY source=BinanceTR-public interval=5m candles=575
[DATA] METISTRY source=BinanceTR-public interval=5m candles=575
[DATA] MINATRY source=BinanceTR-public interval=5m candles=575
[DATA] MITOTRY source=BinanceTR-public interval=5m candles=575
[DATA] METTRY source=BinanceTR-public interval=5m candles=575
[DATA] MIRATRY source=BinanceTR-public interval=5m candles=575
[DATA] MOVRTRY source=BinanceTR-public interval=5m candles=575
[DATA] MMTTRY source=BinanceTR-public interval=5m candles=575
[DATA] MORPHOTRY source=BinanceTR-public interval=5m candles=575
[DATA] NEIROTRY source=BinanceTR-public interval=5m candles=575
[DATA] MUBARAKTRY source=BinanceTR-public interval=5m candles=575
[DATA] NEARTRY source=BinanceTR-public interval=5m candles=575
[DATA] NEOTRY source=BinanceTR-public interval=5m candles=575
[DATA] NEWTTRY source=BinanceTR-public interval=5m candles=575
[DATA] NIGHTTRY source=BinanceTR-public interval=5m candles=575
[DATA] NILTRY source=BinanceTR-public interval=5m candles=575
[DATA] NOMTRY source=BinanceTR-public interval=5m candles=575
[DATA] NOTTRY source=BinanceTR-public interval=5m candles=575
[DATA] NMRTRY source=BinanceTR-public interval=5m candles=575
[DATA] NXPCTRY source=BinanceTR-public interval=5m candles=575
[DATA] METRY source=BinanceTR-public interval=5m candles=575
[DATA] OGTRY source=BinanceTR-public interval=5m candles=575
[DATA] OGNTRY source=BinanceTR-public interval=5m candles=575
[DATA] ONDOTRY source=BinanceTR-public interval=5m candles=575
[DATA] ONETRY source=BinanceTR-public interval=5m candles=575
[DATA] ONTTRY source=BinanceTR-public interval=5m candles=575
[DATA] OPENTRY source=BinanceTR-public interval=5m candles=575
[DATA] OPGTRY source=BinanceTR-public interval=5m candles=575
[DATA] OPNTRY source=BinanceTR-public interval=5m candles=575
[DATA] OPTRY source=BinanceTR-public interval=5m candles=575
[DATA] ORDITRY source=BinanceTR-public interval=5m candles=575
[DATA] ORCATRY source=BinanceTR-public interval=5m candles=575
[DATA] PAXGTRY source=BinanceTR-public interval=5m candles=575
[DATA] PENGUTRY source=BinanceTR-public interval=5m candles=575
[DATA] PARTITRY source=BinanceTR-public interval=5m candles=575
[DATA] PENDLETRY source=BinanceTR-public interval=5m candles=575
[DATA] PEOPLETRY source=BinanceTR-public interval=5m candles=575
[DATA] PEPETRY source=BinanceTR-public interval=5m candles=575
[DATA] PHATRY source=BinanceTR-public interval=5m candles=575
[DATA] PIXELTRY source=BinanceTR-public interval=5m candles=575
[DATA] POLTRY source=BinanceTR-public interval=5m candles=575
[DATA] PLUMETRY source=BinanceTR-public interval=5m candles=575
[DATA] PNUTTRY source=BinanceTR-public interval=5m candles=575
[DATA] POLYXTRY source=BinanceTR-public interval=5m candles=575
[DATA] PORTALTRY source=BinanceTR-public interval=5m candles=575
[DATA] PORTOTRY source=BinanceTR-public interval=5m candles=575
[DATA] PROVETRY source=BinanceTR-public interval=5m candles=575
[DATA] PYTHTRY source=BinanceTR-public interval=5m candles=575
[DATA] PSGTRY source=BinanceTR-public interval=5m candles=575
[DATA] PUMPTRY source=BinanceTR-public interval=5m candles=575
[DATA] QTUMTRY source=BinanceTR-public interval=5m candles=575
[DATA] RAYTRY source=BinanceTR-public interval=5m candles=575
[DATA] RADTRY source=BinanceTR-public interval=5m candles=575
[DATA] REDTRY source=BinanceTR-public interval=5m candles=575
[DATA] RARETRY source=BinanceTR-public interval=5m candles=575
[DATA] RENDERTRY source=BinanceTR-public interval=5m candles=575
[DATA] RESOLVTRY source=BinanceTR-public interval=5m candles=575
[DATA] ROBOTRY source=BinanceTR-public interval=5m candles=575
[DATA] REZTRY source=BinanceTR-public interval=5m candles=575
[DATA] RETRY source=BinanceTR-public interval=5m candles=575
[DATA] RONINTRY source=BinanceTR-public interval=5m candles=575
[DATA] RSRTRY source=BinanceTR-public interval=5m candles=575
[DATA] ROSETRY source=BinanceTR-public interval=5m candles=575
[DATA] RVNTRY source=BinanceTR-public interval=5m candles=575
[DATA] SAGATRY source=BinanceTR-public interval=5m candles=575
[DATA] SAHARATRY source=BinanceTR-public interval=5m candles=575
[DATA] SANDTRY source=BinanceTR-public interval=5m candles=575
[DATA] SCRTRY source=BinanceTR-public interval=5m candles=575
[DATA] SANTOSTRY source=BinanceTR-public interval=5m candles=575
[DATA] SEITRY source=BinanceTR-public interval=5m candles=575
[DATA] SAPIENTRY source=BinanceTR-public interval=5m candles=575
[DATA] SIGNTRY source=BinanceTR-public interval=5m candles=575
[DATA] SHIBTRY source=BinanceTR-public interval=5m candles=575
[DATA] SENTTRY source=BinanceTR-public interval=5m candles=575
[DATA] SKLTRY source=BinanceTR-public interval=5m candles=575
[DATA] SHELLTRY source=BinanceTR-public interval=5m candles=575
[DATA] SKYTRY source=BinanceTR-public interval=5m candles=575
[DATA] SLPTRY source=BinanceTR-public interval=5m candles=575
[DATA] SNXTRY source=BinanceTR-public interval=5m candles=575
[DATA] SOLTRY source=BinanceTR-public interval=5m candles=575
[DATA] SOLVTRY source=BinanceTR-public interval=5m candles=575
[DATA] SOMITRY source=BinanceTR-public interval=5m candles=575
[DATA] SPKTRY source=BinanceTR-public interval=5m candles=575
[DATA] SOPHTRY source=BinanceTR-public interval=5m candles=575
[DATA] SPELLTRY source=BinanceTR-public interval=5m candles=575
[DATA] STRAXTRY source=BinanceTR-public interval=5m candles=575
[DATA] STOTRY source=BinanceTR-public interval=5m candles=575
[DATA] STRKTRY source=BinanceTR-public interval=5m candles=575
[DATA] STXTRY source=BinanceTR-public interval=5m candles=575
[DATA] STRY source=BinanceTR-public interval=5m candles=575
[DATA] SUPERTRY source=BinanceTR-public interval=5m candles=575
[DATA] SUITRY source=BinanceTR-public interval=5m candles=575
[DATA] SXTTRY source=BinanceTR-public interval=5m candles=575
[DATA] SUSHITRY source=BinanceTR-public interval=5m candles=575
[DATA] SUNTRY source=BinanceTR-public interval=5m candles=575
[DATA] THETATRY source=BinanceTR-public interval=5m candles=575
[DATA] TAOTRY source=BinanceTR-public interval=5m candles=575
[DATA] SYRUPTRY source=BinanceTR-public interval=5m candles=575
[DATA] THETRY source=BinanceTR-public interval=5m candles=575
[DATA] TIATRY source=BinanceTR-public interval=5m candles=575
[DATA] TNSRTRY source=BinanceTR-public interval=5m candles=575
[DATA] TOWNSTRY source=BinanceTR-public interval=5m candles=575
[DATA] TLMTRY source=BinanceTR-public interval=5m candles=575
[DATA] TRBTRY source=BinanceTR-public interval=5m candles=575
[DATA] TREETRY source=BinanceTR-public interval=5m candles=575
[DATA] TRXTRY source=BinanceTR-public interval=5m candles=575
[DATA] TSTTRY source=BinanceTR-public interval=5m candles=575
[DATA] TURBOTRY source=BinanceTR-public interval=5m candles=575
[DATA] TURTLETRY source=BinanceTR-public interval=5m candles=575
[DATA] TWTTRY source=BinanceTR-public interval=5m candles=575
[DATA] UNITRY source=BinanceTR-public interval=5m candles=575
[DATA] UMATRY source=BinanceTR-public interval=5m candles=575
[DATA] USD1TRY source=BinanceTR-public interval=5m candles=575
[DATA] USDTTRY source=BinanceTR-public interval=5m candles=575
[DATA] USDCTRY source=BinanceTR-public interval=5m candles=575
[DATA] UTRY source=BinanceTR-public interval=5m candles=575
[DATA] USTCTRY source=BinanceTR-public interval=5m candles=575
[DATA] USUALTRY source=BinanceTR-public interval=5m candles=575
[DATA] VANATRY source=BinanceTR-public interval=5m candles=575
[DATA] VETTRY source=BinanceTR-public interval=5m candles=575
[DATA] VICTRY source=BinanceTR-public interval=5m candles=575
[DATA] VANRYTRY source=BinanceTR-public interval=5m candles=575
[DATA] TRUMPTRY source=BinanceTR-public interval=5m candles=575
[DATA] WCTTRY source=BinanceTR-public interval=5m candles=575
[DATA] VIRTUALTRY source=BinanceTR-public interval=5m candles=575
[DATA] WIFTRY source=BinanceTR-public interval=5m candles=575
[DATA] WALTRY source=BinanceTR-public interval=5m candles=575
[DATA] WLFITRY source=BinanceTR-public interval=5m candles=575
[DATA] XAITRY source=BinanceTR-public interval=5m candles=575
[DATA] WLDTRY source=BinanceTR-public interval=5m candles=575
[DATA] WTRY source=BinanceTR-public interval=5m candles=575
[DATA] XAUTTRY source=BinanceTR-public interval=5m candles=575
[DATA] XECTRY source=BinanceTR-public interval=5m candles=575
[DATA] XPLTRY source=BinanceTR-public interval=5m candles=575
[DATA] XRPTRY source=BinanceTR-public interval=5m candles=575
[DATA] XTZTRY source=BinanceTR-public interval=5m candles=575
[DATA] XLMTRY source=BinanceTR-public interval=5m candles=575
[DATA] YBTRY source=BinanceTR-public interval=5m candles=575
[DATA] ZBTTRY source=BinanceTR-public interval=5m candles=575
[DATA] ZAMATRY source=BinanceTR-public interval=5m candles=575
[DATA] XVGTRY source=BinanceTR-public interval=5m candles=575
[DATA] ZKPTRY source=BinanceTR-public interval=5m candles=575
[DATA] ZILTRY source=BinanceTR-public interval=5m candles=575
[DATA] ZKCTRY source=BinanceTR-public interval=5m candles=575
[DATA] ZROTRY source=BinanceTR-public interval=5m candles=575
[DATA] ZKTRY source=BinanceTR-public interval=5m candles=575
[ACTIVITY] 0GTRY status=PASSIVE metrics={"status": "PASSIVE", "quote_volume": 82064024.31, "range_15m_pct": 0.2685, "atr_pct": 0.2301, "volume_ratio": 0.0664, "spread_pct": 0.1341, "checks": {"quote_volume": true, "range_15m": true, "atr": true, "volume_ratio": false, "spread": true}, "reason": "movement_or_liquidity_below_threshold"}
[ACTIVITY] 1000CATTRY status=PASSIVE metrics={"status": "PASSIVE", "quote_volume": 5802245.08, "range_15m_pct": 1.2658, "atr_pct": 0.2679, "volume_ratio": 0.0, "spread_pct": 1.2579, "checks": {"quote_volume": true, "range_15m": true, "atr": true, "volume_ratio": false, "spread": false}, "reason": "movement_or_liquidity_below_threshold"}
[ACTIVITY] 1000SATSTRY status=ACTIVE metrics={"status": "ACTIVE", "quote_volume": 9095275.98, "range_15m_pct": 0.4167, "atr_pct": 0.2075, "volume_ratio": 0.5985, "spread_pct": 0.2073, "checks": {"quote_volume": true, "range_15m": true, "atr": true, "volume_ratio": true, "spread": true}, "reason": "active"}
[ACTIVITY] 1MBABYDOGETRY status=PASSIVE metrics={"status": "PASSIVE", "quote_volume": 31487176.41, "range_15m_pct": 0.5458, "atr_pct": 0.0389, "volume_ratio": 63.2716, "spread_pct": 0.1814, "checks": {"quote_volume": true, "range_15m": true, "atr": false, "volume_ratio": true, "spread": true}, "reason": "movement_or_liquidity_below_threshold"}
[ACTIVITY] 2ZTRY status=PASSIVE metrics={"status": "PASSIVE", "quote_volume": 806888.16, "range_15m_pct": 0.0, "atr_pct": 0.072, "volume_ratio": 0.0, "spread_pct": 0.0806, "checks": {"quote_volume": false, "range_15m": false, "atr": false, "volume_ratio": false, "spread": true}, "reason": "movement_or_liquidity_below_threshold"}
[ACTIVITY] AAVETRY status=PASSIVE metrics={"status": "PASSIVE", "quote_volume": 11010355.52, "range_15m_pct": 0.566, "atr_pct": 0.1039, "volume_ratio": 1.3691, "spread_pct": 0.0468, "checks": {"quote_volume": true, "range_15m": true, "atr": false, "volume_ratio": true, "spread": true}, "reason": "movement_or_liquidity_below_threshold"}
[ACTIVITY] ACETRY status=ACTIVE metrics={"status": "ACTIVE", "quote_volume": 75401731.88, "range_15m_pct": 2.1731, "atr_pct": 1.5492, "volume_ratio": 1.0361, "spread_pct": 0.169, "checks": {"quote_volume": true, "range_15m": true, "atr": true, "volume_ratio": true, "spread": true}, "reason": "active"}
[ACTIVITY] ACHTRY status=PASSIVE metrics={"status": "PASSIVE", "quote_volume": 7025256.73, "range_15m_pct": 0.2001, "atr_pct": 0.1248, "volume_ratio": 0.0596, "spread_pct": 0.0998, "checks": {"quote_volume": true, "range_15m": true, "atr": false, "volume_ratio": false, "spread": true}, "reason": "movement_or_liquidity_below_threshold"}
[ACTIVITY] ACMTRY status=PASSIVE metrics={"status": "PASSIVE", "quote_volume": 1472578.34, "range_15m_pct": 0.315, "atr_pct": 0.0953, "volume_ratio": 0.0, "spread_pct": 0.788, "checks": {"quote_volume": true, "range_15m": true, "atr": false, "volume_ratio": false, "spread": false}, "reason": "movement_or_liquidity_below_threshold"}
[ACTIVITY] ACTTRY status=PASSIVE metrics={"status": "PASSIVE", "quote_volume": 19975802.63, "range_15m_pct": 0.285, "atr_pct": 0.361, "volume_ratio": 0.039, "spread_pct": 0.081, "checks": {"quote_volume": true, "range_15m": true, "atr": true, "volume_ratio": false, "spread": true}, "reason": "movement_or_liquidity_below_threshold"}
[ACTIVITY] ACXTRY status=PASSIVE metrics={"status": "PASSIVE", "quote_volume": 20077944.69, "range_15m_pct": 0.2074, "atr_pct": 0.0815, "volume_ratio": 0.0153, "spread_pct": 0.1554, "checks": {"quote_volume": true, "range_15m": true, "atr": false, "volume_ratio": false, "spread": true}, "reason": "movement_or_liquidity_below_threshold"}
[ACTIVITY] ADATRY status=PASSIVE metrics={"status": "PASSIVE", "quote_volume": 31297368.48, "range_15m_pct": 0.226, "atr_pct": 0.0966, "volume_ratio": 0.6246, "spread_pct": 0.1125, "checks": {"quote_volume": true, "range_15m": true, "atr": false, "volume_ratio": true, "spread": true}, "reason": "movement_or_liquidity_below_threshold"}
[ACTIVITY] AEROTRY status=PASSIVE metrics={"status": "PASSIVE", "quote_volume": 1418702.61, "range_15m_pct": 0.3023, "atr_pct": 0.0538, "volume_ratio": 2.4128, "spread_pct": 0.2507, "checks": {"quote_volume": true, "range_15m": true, "atr": false, "volume_ratio": true, "spread": true}, "reason": "movement_or_liquidity_below_threshold"}
[ACTIVITY] AEVOTRY status=PASSIVE metrics={"status": "PASSIVE", "quote_volume": 3306763.07, "range_15m_pct": 0.2112, "atr_pct": 0.1505, "volume_ratio": 0.0, "spread_pct": 0.1053, "checks": {"quote_volume": true, "range_15m": true, "atr": true, "volume_ratio": false, "spread": true}, "reason": "movement_or_liquidity_below_threshold"}
[ACTIVITY] AIGENSYNTRY status=ACTIVE metrics={"status": "ACTIVE", "quote_volume": 18352952.68, "range_15m_pct": 0.7187, "atr_pct": 0.2335, "volume_ratio": 1.2924, "spread_pct": 0.1021, "checks": {"quote_volume": true, "range_15m": true, "atr": true, "volume_ratio": true, "spread": true}, "reason": "active"}
[ACTIVITY] AITRY status=PASSIVE metrics={"status": "PASSIVE", "quote_volume": 5941697.31, "range_15m_pct": 0.0, "atr_pct": 0.0871, "volume_ratio": 49.9422, "spread_pct": 1.2121, "checks": {"quote_volume": true, "range_15m": false, "atr": false, "volume_ratio": true, "spread": false}, "reason": "movement_or_liquidity_below_threshold"}
[ACTIVITY] AIXBTTRY status=PASSIVE metrics={"status": "PASSIVE", "quote_volume": 5632499.09, "range_15m_pct": 0.2392, "atr_pct": 0.1196, "volume_ratio": 0.0, "spread_pct": 0.2384, "checks": {"quote_volume": true, "range_15m": true, "atr": false, "volume_ratio": false, "spread": true}, "reason": "movement_or_liquidity_below_threshold"}
[ACTIVITY] ALGOTRY status=PASSIVE metrics={"status": "PASSIVE", "quote_volume": 2192371.05, "range_15m_pct": 0.1036, "atr_pct": 0.0536, "volume_ratio": 0.0, "spread_pct": 0.0777, "checks": {"quote_volume": true, "range_15m": false, "atr": false, "volume_ratio": false, "spread": true}, "reason": "movement_or_liquidity_below_threshold"}
[ACTIVITY] ALICETRY status=PASSIVE metrics={"status": "PASSIVE", "quote_volume": 16439048.97, "range_15m_pct": 0.0, "atr_pct": 0.1146, "volume_ratio": 0.0, "spread_pct": 0.1778, "checks": {"quote_volume": true, "range_15m": false, "atr": false, "volume_ratio": false, "spread": true}, "reason": "movement_or_liquidity_below_threshold"}
[ACTIVITY] ALLOTRY status=ACTIVE metrics={"status": "ACTIVE", "quote_volume": 37949916.63, "range_15m_pct": 1.0825, "atr_pct": 0.7587, "volume_ratio": 1.7914, "spread_pct": 0.0675, "checks": {"quote_volume": true, "range_15m": true, "atr": true, "volume_ratio": true, "spread": true}, "reason": "active"}
[ACTIVITY] ALPINETRY status=PASSIVE metrics={"status": "PASSIVE", "quote_volume": 6791972.11, "range_15m_pct": 0.1966, "atr_pct": 0.0327, "volume_ratio": 0.0, "spread_pct": 0.1306, "checks": {"quote_volume": true, "range_15m": true, "atr": false, "volume_ratio": false, "spread": true}, "reason": "movement_or_liquidity_below_threshold"}
[ACTIVITY] ALTTRY status=PASSIVE metrics={"status": "PASSIVE", "quote_volume": 5893234.74, "range_15m_pct": 0.3571, "atr_pct": 0.1276, "volume_ratio": 7.3741, "spread_pct": 0.3565, "checks": {"quote_volume": true, "range_15m": true, "atr": false, "volume_ratio": true, "spread": false}, "reason": "movement_or_liquidity_below_threshold"}
[ACTIVITY] AMPTRY status=PASSIVE metrics={"status": "PASSIVE", "quote_volume": 20375335.61, "range_15m_pct": 0.0, "atr_pct": 0.0785, "volume_ratio": 2.7311, "spread_pct": 0.545, "checks": {"quote_volume": true, "range_15m": false, "atr": false, "volume_ratio": true, "spread": false}, "reason": "movement_or_liquidity_below_threshold"}
[ACTIVITY] ANIMETRY status=PASSIVE metrics={"status": "PASSIVE", "quote_volume": 561656.91, "range_15m_pct": 0.0, "atr_pct": 0.0, "volume_ratio": 0.0, "spread_pct": 0.8584, "checks": {"quote_volume": false, "range_15m": false, "atr": false, "volume_ratio": false, "spread": false}, "reason": "movement_or_liquidity_below_threshold"}
[ACTIVITY] ANKRTRY status=PASSIVE metrics={"status": "PASSIVE", "quote_volume": 530758.69, "range_15m_pct": 0.3045, "atr_pct": 0.039, "volume_ratio": 0.0, "spread_pct": 0.0607, "checks": {"quote_volume": false, "range_15m": true, "atr": false, "volume_ratio": false, "spread": true}, "reason": "movement_or_liquidity_below_threshold"}
[ACTIVITY] APETRY status=PASSIVE metrics={"status": "PASSIVE", "quote_volume": 3606521.1, "range_15m_pct": 0.3273, "atr_pct": 0.1049, "volume_ratio": 0.3857, "spread_pct": 0.1627, "checks": {"quote_volume": true, "range_15m": true, "atr": false, "volume_ratio": false, "spread": true}, "reason": "movement_or_liquidity_below_threshold"}
[ACTIVITY] API3TRY status=PASSIVE metrics={"status": "PASSIVE", "quote_volume": 10138590.52, "range_15m_pct": 0.3341, "atr_pct": 0.111, "volume_ratio": 0.4733, "spread_pct": 0.1107, "checks": {"quote_volume": true, "range_15m": true, "atr": false, "volume_ratio": false, "spread": true}, "reason": "movement_or_liquidity_below_threshold"}
[ACTIVITY] APTTRY status=PASSIVE metrics={"status": "PASSIVE", "quote_volume": 5114963.45, "range_15m_pct": 0.369, "atr_pct": 0.1313, "volume_ratio": 0.003, "spread_pct": 0.367, "checks": {"quote_volume": true, "range_15m": true, "atr": false, "volume_ratio": false, "spread": false}, "reason": "movement_or_liquidity_below_threshold"}
[ACTIVITY] ARBTRY status=PASSIVE metrics={"status": "PASSIVE", "quote_volume": 20352975.44, "range_15m_pct": 0.5362, "atr_pct": 0.0952, "volume_ratio": 1.3786, "spread_pct": 0.2663, "checks": {"quote_volume": true, "range_15m": true, "atr": false, "volume_ratio": true, "spread": true}, "reason": "movement_or_liquidity_below_threshold"}
[ACTIVITY] ARKMTRY status=PASSIVE metrics={"status": "PASSIVE", "quote_volume": 5897385.87, "range_15m_pct": 0.4695, "atr_pct": 0.1225, "volume_ratio": 3.5068, "spread_pct": 0.1332, "checks": {"quote_volume": true, "range_15m": true, "atr": false, "volume_ratio": true, "spread": true}, "reason": "movement_or_liquidity_below_threshold"}
[ACTIVITY] ARKTRY status=PASSIVE metrics={"status": "PASSIVE", "quote_volume": 1063003.08, "range_15m_pct": 0.4556, "atr_pct": 0.0972, "volume_ratio": 0.0, "spread_pct": 0.2265, "checks": {"quote_volume": true, "range_15m": true, "atr": false, "volume_ratio": false, "spread": true}, "reason": "movement_or_liquidity_below_threshold"}
[ACTIVITY] ARPATRY status=PASSIVE metrics={"status": "PASSIVE", "quote_volume": 7149839.44, "range_15m_pct": 0.2408, "atr_pct": 0.0549, "volume_ratio": 0.0, "spread_pct": 0.0719, "checks": {"quote_volume": true, "range_15m": true, "atr": false, "volume_ratio": false, "spread": true}, "reason": "movement_or_liquidity_below_threshold"}
[ACTIVITY] ARTRY status=PASSIVE metrics={"status": "PASSIVE", "quote_volume": 1361407.99, "range_15m_pct": 0.0, "atr_pct": 0.0494, "volume_ratio": 0.0, "spread_pct": 0.1286, "checks": {"quote_volume": true, "range_15m": false, "atr": false, "volume_ratio": false, "spread": true}, "reason": "movement_or_liquidity_below_threshold"}
[ACTIVITY] ASRTRY status=PASSIVE metrics={"status": "PASSIVE", "quote_volume": 12761818.18, "range_15m_pct": 0.0, "atr_pct": 0.0, "volume_ratio": 0.0, "spread_pct": 0.1457, "checks": {"quote_volume": true, "range_15m": false, "atr": false, "volume_ratio": false, "spread": true}, "reason": "movement_or_liquidity_below_threshold"}
[ACTIVITY] ASTERTRY status=PASSIVE metrics={"status": "PASSIVE", "quote_volume": 5161488.15, "range_15m_pct": 0.0, "atr_pct": 0.0397, "volume_ratio": 0.0, "spread_pct": 0.0347, "checks": {"quote_volume": true, "range_15m": false, "atr": false, "volume_ratio": false, "spread": true}, "reason": "movement_or_liquidity_below_threshold"}
[ACTIVITY] ATMTRY status=PASSIVE metrics={"status": "PASSIVE", "quote_volume": 43145921.69, "range_15m_pct": 0.5297, "atr_pct": 0.2866, "volume_ratio": 0.0, "spread_pct": 0.2356, "checks": {"quote_volume": true, "range_15m": true, "atr": true, "volume_ratio": false, "spread": true}, "reason": "movement_or_liquidity_below_threshold"}
[ACTIVITY] ATOMTRY status=PASSIVE metrics={"status": "PASSIVE", "quote_volume": 3089706.12, "range_15m_pct": 0.2959, "atr_pct": 0.0421, "volume_ratio": 0.0, "spread_pct": 0.1472, "checks": {"quote_volume": true, "range_15m": true, "atr": false, "volume_ratio": false, "spread": true}, "reason": "movement_or_liquidity_below_threshold"}
[ACTIVITY] ATRY status=PASSIVE metrics={"status": "PASSIVE", "quote_volume": 486580.92, "range_15m_pct": 0.0, "atr_pct": 0.0233, "volume_ratio": 0.0, "spread_pct": 0.3263, "checks": {"quote_volume": false, "range_15m": false, "atr": false, "volume_ratio": false, "spread": false}, "reason": "movement_or_liquidity_below_threshold"}
[ACTIVITY] ATTRY status=ACTIVE metrics={"status": "ACTIVE", "quote_volume": 27659872.34, "range_15m_pct": 1.0498, "atr_pct": 0.6294, "volume_ratio": 0.9709, "spread_pct": 0.2857, "checks": {"quote_volume": true, "range_15m": true, "atr": true, "volume_ratio": true, "spread": true}, "reason": "active"}
[ACTIVITY] AUCTIONTRY status=PASSIVE metrics={"status": "PASSIVE", "quote_volume": 1127860.72, "range_15m_pct": 0.0, "atr_pct": 0.0155, "volume_ratio": 0.0, "spread_pct": 0.1445, "checks": {"quote_volume": true, "range_15m": false, "atr": false, "volume_ratio": false, "spread": true}, "reason": "movement_or_liquidity_below_threshold"}
[ACTIVITY] AUDIOTRY status=PASSIVE metrics={"status": "PASSIVE", "quote_volume": 40856602.55, "range_15m_pct": 0.3815, "atr_pct": 0.1444, "volume_ratio": 0.0333, "spread_pct": 0.1036, "checks": {"quote_volume": true, "range_15m": true, "atr": false, "volume_ratio": false, "spread": true}, "reason": "movement_or_liquidity_below_threshold"}
[ACTIVITY] AVAXTRY status=PASSIVE metrics={"status": "PASSIVE", "quote_volume": 94668023.99, "range_15m_pct": 0.6743, "atr_pct": 0.1579, "volume_ratio": 0.2581, "spread_pct": 0.0335, "checks": {"quote_volume": true, "range_15m": true, "atr": true, "volume_ratio": false, "spread": true}, "reason": "movement_or_liquidity_below_threshold"}
[ACTIVITY] AVNTTRY status=PASSIVE metrics={"status": "PASSIVE", "quote_volume": 5609030.38, "range_15m_pct": 1.1468, "atr_pct": 0.162, "volume_ratio": 0.1959, "spread_pct": 0.2265, "checks": {"quote_volume": true, "range_15m": true, "atr": true, "volume_ratio": false, "spread": true}, "reason": "movement_or_liquidity_below_threshold"}
[ACTIVITY] AXLTRY status=PASSIVE metrics={"status": "PASSIVE", "quote_volume": 156946.85, "range_15m_pct": 0.0, "atr_pct": 0.0, "volume_ratio": 0.0, "spread_pct": 0.5831, "checks": {"quote_volume": false, "range_15m": false, "atr": false, "volume_ratio": false, "spread": false}, "reason": "movement_or_liquidity_below_threshold"}
[ACTIVITY] AXSTRY status=PASSIVE metrics={"status": "PASSIVE", "quote_volume": 1721148.72, "range_15m_pct": 0.0, "atr_pct": 0.1182, "volume_ratio": 0.0, "spread_pct": 0.2361, "checks": {"quote_volume": true, "range_15m": false, "atr": false, "volume_ratio": false, "spread": true}, "reason": "movement_or_liquidity_below_threshold"}
[ACTIVITY] BABYTRY status=ACTIVE metrics={"status": "ACTIVE", "quote_volume": 18299401.27, "range_15m_pct": 7.5949, "atr_pct": 1.8112, "volume_ratio": 1.4417, "spread_pct": 0.1787, "checks": {"quote_volume": true, "range_15m": true, "atr": true, "volume_ratio": true, "spread": true}, "reason": "active"}
[ACTIVITY] BANANATRY status=PASSIVE metrics={"status": "PASSIVE", "quote_volume": 32360897.64, "range_15m_pct": 0.0, "atr_pct": 0.0406, "volume_ratio": 0.2493, "spread_pct": 0.5666, "checks": {"quote_volume": true, "range_15m": false, "atr": false, "volume_ratio": false, "spread": false}, "reason": "movement_or_liquidity_below_threshold"}
[ACTIVITY] BANKTRY status=ACTIVE metrics={"status": "ACTIVE", "quote_volume": 184761795.89, "range_15m_pct": 1.3213, "atr_pct": 0.4369, "volume_ratio": 1.2994, "spread_pct": 0.0594, "checks": {"quote_volume": true, "range_15m": true, "atr": true, "volume_ratio": true, "spread": true}, "reason": "active"}
[ACTIVITY] BARDTRY status=PASSIVE metrics={"status": "PASSIVE", "quote_volume": 4540824.92, "range_15m_pct": 0.1919, "atr_pct": 0.0411, "volume_ratio": 0.1113, "spread_pct": 0.3824, "checks": {"quote_volume": true, "range_15m": true, "atr": false, "volume_ratio": false, "spread": false}, "reason": "movement_or_liquidity_below_threshold"}
[ACTIVITY] BARTRY status=PASSIVE metrics={"status": "PASSIVE", "quote_volume": 4799118.01, "range_15m_pct": 0.0, "atr_pct": 0.0, "volume_ratio": 0.3426, "spread_pct": 0.08, "checks": {"quote_volume": true, "range_15m": false, "atr": false, "volume_ratio": false, "spread": true}, "reason": "movement_or_liquidity_below_threshold"}
[ACTIVITY] BBTRY status=ACTIVE metrics={"status": "ACTIVE", "quote_volume": 25824934.23, "range_15m_pct": 0.4653, "atr_pct": 0.2404, "volume_ratio": 1.9655, "spread_pct": 0.1817, "checks": {"quote_volume": true, "range_15m": true, "atr": true, "volume_ratio": true, "spread": true}, "reason": "active"}
[ACTIVITY] BCHTRY status=PASSIVE metrics={"status": "PASSIVE", "quote_volume": 88447.35, "range_15m_pct": 0.0, "atr_pct": 0.0, "volume_ratio": 0.0, "spread_pct": 0.098, "checks": {"quote_volume": false, "range_15m": false, "atr": false, "volume_ratio": false, "spread": true}, "reason": "movement_or_liquidity_below_threshold"}
[ACTIVITY] BEAMXTRY status=PASSIVE metrics={"status": "PASSIVE", "quote_volume": 1485739.91, "range_15m_pct": 0.0, "atr_pct": 0.1096, "volume_ratio": 0.0, "spread_pct": 0.1528, "checks": {"quote_volume": true, "range_15m": false, "atr": false, "volume_ratio": false, "spread": true}, "reason": "movement_or_liquidity_below_threshold"}
[ACTIVITY] BELTRY status=PASSIVE metrics={"status": "PASSIVE", "quote_volume": 25274355.82, "range_15m_pct": 0.2033, "atr_pct": 0.1449, "volume_ratio": 0.0, "spread_pct": 0.2026, "checks": {"quote_volume": true, "range_15m": true, "atr": false, "volume_ratio": false, "spread": true}, "reason": "movement_or_liquidity_below_threshold"}
[ACTIVITY] BERATRY status=ACTIVE metrics={"status": "ACTIVE", "quote_volume": 14641337.85, "range_15m_pct": 0.736, "atr_pct": 0.2359, "volume_ratio": 0.7659, "spread_pct": 0.1836, "checks": {"quote_volume": true, "range_15m": true, "atr": true, "volume_ratio": true, "spread": true}, "reason": "active"}
[ACTIVITY] BIOTRY status=PASSIVE metrics={"status": "PASSIVE", "quote_volume": 18668662.27, "range_15m_pct": 0.2551, "atr_pct": 0.1393, "volume_ratio": 0.3349, "spread_pct": 0.0846, "checks": {"quote_volume": true, "range_15m": true, "atr": false, "volume_ratio": false, "spread": true}, "reason": "movement_or_liquidity_below_threshold"}
[ACTIVITY] BLURTRY status=PASSIVE metrics={"status": "PASSIVE", "quote_volume": 2169889.04, "range_15m_pct": 0.6221, "atr_pct": 0.1104, "volume_ratio": 0.467, "spread_pct": 0.1544, "checks": {"quote_volume": true, "range_15m": true, "atr": false, "volume_ratio": false, "spread": true}, "reason": "movement_or_liquidity_below_threshold"}
[ACTIVITY] BMTTRY status=ACTIVE metrics={"status": "ACTIVE", "quote_volume": 423235778.51, "range_15m_pct": 1.5758, "atr_pct": 1.2265, "volume_ratio": 0.7692, "spread_pct": 0.12, "checks": {"quote_volume": true, "range_15m": true, "atr": true, "volume_ratio": true, "spread": true}, "reason": "active"}
[ACTIVITY] BNBTRY status=PASSIVE metrics={"status": "PASSIVE", "quote_volume": 25856191.02, "range_15m_pct": 0.0755, "atr_pct": 0.3854, "volume_ratio": 0.1963, "spread_pct": 0.0308, "checks": {"quote_volume": true, "range_15m": false, "atr": true, "volume_ratio": false, "spread": true}, "reason": "movement_or_liquidity_below_threshold"}
[ACTIVITY] BOMETRY status=PASSIVE metrics={"status": "PASSIVE", "quote_volume": 33404452.15, "range_15m_pct": 1.1444, "atr_pct": 0.4799, "volume_ratio": 0.4364, "spread_pct": 0.0817, "checks": {"quote_volume": true, "range_15m": true, "atr": true, "volume_ratio": false, "spread": true}, "reason": "movement_or_liquidity_below_threshold"}
[ACTIVITY] BONKTRY status=PASSIVE metrics={"status": "PASSIVE", "quote_volume": 69717855.12, "range_15m_pct": 0.644, "atr_pct": 0.2285, "volume_ratio": 0.2469, "spread_pct": 0.0914, "checks": {"quote_volume": true, "range_15m": true, "atr": true, "volume_ratio": false, "spread": true}, "reason": "movement_or_liquidity_below_threshold"}
[ACTIVITY] BREVTRY status=PASSIVE metrics={"status": "PASSIVE", "quote_volume": 548453.32, "range_15m_pct": 0.2994, "atr_pct": 0.0853, "volume_ratio": 2.9371, "spread_pct": 0.299, "checks": {"quote_volume": false, "range_15m": true, "atr": false, "volume_ratio": true, "spread": true}, "reason": "movement_or_liquidity_below_threshold"}
[ACTIVITY] BTCTRY status=PASSIVE metrics={"status": "PASSIVE", "quote_volume": 164308799.61, "range_15m_pct": 0.2035, "atr_pct": 0.0691, "volume_ratio": 1.0762, "spread_pct": 0.0114, "checks": {"quote_volume": true, "range_15m": true, "atr": false, "volume_ratio": true, "spread": true}, "reason": "movement_or_liquidity_below_threshold"}
[ACTIVITY] BTTCTRY status=PASSIVE metrics={"status": "PASSIVE", "quote_volume": 1737368.63, "range_15m_pct": 0.4019, "atr_pct": 0.4127, "volume_ratio": 0.127, "spread_pct": 0.1603, "checks": {"quote_volume": true, "range_15m": true, "atr": true, "volume_ratio": false, "spread": true}, "reason": "movement_or_liquidity_below_threshold"}
[ACTIVITY] CAKETRY status=PASSIVE metrics={"status": "PASSIVE", "quote_volume": 1991092.32, "range_15m_pct": 0.1451, "atr_pct": 0.1802, "volume_ratio": 0.0047, "spread_pct": 0.0724, "checks": {"quote_volume": true, "range_15m": false, "atr": true, "volume_ratio": false, "spread": true}, "reason": "movement_or_liquidity_below_threshold"}
[ACTIVITY] CATITRY status=PASSIVE metrics={"status": "PASSIVE", "quote_volume": 3265986.54, "range_15m_pct": 0.4438, "atr_pct": 0.0845, "volume_ratio": 5.4921, "spread_pct": 0.246, "checks": {"quote_volume": true, "range_15m": true, "atr": false, "volume_ratio": true, "spread": true}, "reason": "movement_or_liquidity_below_threshold"}
[ACTIVITY] CELOTRY status=PASSIVE metrics={"status": "PASSIVE", "quote_volume": 281768.92, "range_15m_pct": 0.0, "atr_pct": 0.058, "volume_ratio": 0.0, "spread_pct": 0.1008, "checks": {"quote_volume": false, "range_15m": false, "atr": false, "volume_ratio": false, "spread": true}, "reason": "movement_or_liquidity_below_threshold"}
[ACTIVITY] CETUSTRY status=PASSIVE metrics={"status": "PASSIVE", "quote_volume": 10627474.62, "range_15m_pct": 0.2176, "atr_pct": 0.1008, "volume_ratio": 0.0, "spread_pct": 0.1082, "checks": {"quote_volume": true, "range_15m": true, "atr": false, "volume_ratio": false, "spread": true}, "reason": "movement_or_liquidity_below_threshold"}
[ACTIVITY] CFGTRY status=PASSIVE metrics={"status": "PASSIVE", "quote_volume": 3805041.24, "range_15m_pct": 0.5212, "atr_pct": 0.1035, "volume_ratio": 0.0, "spread_pct": 0.1063, "checks": {"quote_volume": true, "range_15m": true, "atr": false, "volume_ratio": false, "spread": true}, "reason": "movement_or_liquidity_below_threshold"}
[ACTIVITY] CFXTRY status=PASSIVE metrics={"status": "PASSIVE", "quote_volume": 2236383.86, "range_15m_pct": 0.4022, "atr_pct": 0.1037, "volume_ratio": 0.0, "spread_pct": 0.1, "checks": {"quote_volume": true, "range_15m": true, "atr": false, "volume_ratio": false, "spread": true}, "reason": "movement_or_liquidity_below_threshold"}
[ACTIVITY] CHIPTRY status=PASSIVE metrics={"status": "PASSIVE", "quote_volume": 12748071.21, "range_15m_pct": 0.4795, "atr_pct": 0.2407, "volume_ratio": 0.3802, "spread_pct": 0.1495, "checks": {"quote_volume": true, "range_15m": true, "atr": true, "volume_ratio": false, "spread": true}, "reason": "movement_or_liquidity_below_threshold"}
[ACTIVITY] CHZTRY status=PASSIVE metrics={"status": "PASSIVE", "quote_volume": 28934268.16, "range_15m_pct": 0.3311, "atr_pct": 0.0943, "volume_ratio": 0.5089, "spread_pct": 0.1649, "checks": {"quote_volume": true, "range_15m": true, "atr": false, "volume_ratio": true, "spread": true}, "reason": "movement_or_liquidity_below_threshold"}
[ACTIVITY] CITYTRY status=PASSIVE metrics={"status": "PASSIVE", "quote_volume": 3966444.63, "range_15m_pct": 0.0, "atr_pct": 0.0, "volume_ratio": 0.0, "spread_pct": 0.5831, "checks": {"quote_volume": true, "range_15m": false, "atr": false, "volume_ratio": false, "spread": false}, "reason": "movement_or_liquidity_below_threshold"}
[ACTIVITY] CKBTRY status=PASSIVE metrics={"status": "PASSIVE", "quote_volume": 507223.35, "range_15m_pct": 0.0, "atr_pct": 0.1253, "volume_ratio": 0.0, "spread_pct": 0.2497, "checks": {"quote_volume": false, "range_15m": false, "atr": false, "volume_ratio": false, "spread": true}, "reason": "movement_or_liquidity_below_threshold"}
[ACTIVITY] COMPTRY status=PASSIVE metrics={"status": "PASSIVE", "quote_volume": 138047.94, "range_15m_pct": 0.0, "atr_pct": 0.0185, "volume_ratio": 0.0, "spread_pct": 0.1291, "checks": {"quote_volume": false, "range_15m": false, "atr": false, "volume_ratio": false, "spread": true}, "reason": "movement_or_liquidity_below_threshold"}
[ACTIVITY] COTITRY status=ACTIVE metrics={"status": "ACTIVE", "quote_volume": 25935538.46, "range_15m_pct": 1.0568, "atr_pct": 0.7282, "volume_ratio": 2.4293, "spread_pct": 0.2182, "checks": {"quote_volume": true, "range_15m": true, "atr": true, "volume_ratio": true, "spread": true}, "reason": "active"}
[ACTIVITY] COWTRY status=PASSIVE metrics={"status": "PASSIVE", "quote_volume": 495977.22, "range_15m_pct": 1.002, "atr_pct": 0.0709, "volume_ratio": 0.5541, "spread_pct": 0.1986, "checks": {"quote_volume": false, "range_15m": true, "atr": false, "volume_ratio": true, "spread": true}, "reason": "movement_or_liquidity_below_threshold"}
[ACTIVITY] CRVTRY status=PASSIVE metrics={"status": "PASSIVE", "quote_volume": 53409585.69, "range_15m_pct": 0.6792, "atr_pct": 0.5087, "volume_ratio": 0.2389, "spread_pct": 0.0752, "checks": {"quote_volume": true, "range_15m": true, "atr": true, "volume_ratio": false, "spread": true}, "reason": "movement_or_liquidity_below_threshold"}
[ACTIVITY] CTRY status=PASSIVE metrics={"status": "PASSIVE", "quote_volume": 12398016.21, "range_15m_pct": 0.4169, "atr_pct": 0.1919, "volume_ratio": 0.3553, "spread_pct": 0.1596, "checks": {"quote_volume": true, "range_15m": true, "atr": true, "volume_ratio": false, "spread": true}, "reason": "movement_or_liquidity_below_threshold"}
[ACTIVITY] CYBERTRY status=PASSIVE metrics={"status": "PASSIVE", "quote_volume": 3189698.83, "range_15m_pct": 0.0, "atr_pct": 0.0985, "volume_ratio": 0.0, "spread_pct": 0.6826, "checks": {"quote_volume": true, "range_15m": false, "atr": false, "volume_ratio": false, "spread": false}, "reason": "movement_or_liquidity_below_threshold"}
[ACTIVITY] DASHTRY status=PASSIVE metrics={"status": "PASSIVE", "quote_volume": 5166731.29, "range_15m_pct": 0.0, "atr_pct": 0.0493, "volume_ratio": 0.0, "spread_pct": 0.0687, "checks": {"quote_volume": true, "range_15m": false, "atr": false, "volume_ratio": false, "spread": true}, "reason": "movement_or_liquidity_below_threshold"}
[ACTIVITY] DODOTRY status=PASSIVE metrics={"status": "PASSIVE", "quote_volume": 197603017.27, "range_15m_pct": 2.1149, "atr_pct": 1.8766, "volume_ratio": 0.2425, "spread_pct": 0.3291, "checks": {"quote_volume": true, "range_15m": true, "atr": true, "volume_ratio": false, "spread": false}, "reason": "movement_or_liquidity_below_threshold"}
[ACTIVITY] DOGETRY status=PASSIVE metrics={"status": "PASSIVE", "quote_volume": 87643155.78, "range_15m_pct": 0.3514, "atr_pct": 0.1209, "volume_ratio": 0.4637, "spread_pct": 0.0292, "checks": {"quote_volume": true, "range_15m": true, "atr": false, "volume_ratio": false, "spread": true}, "reason": "movement_or_liquidity_below_threshold"}
[ACTIVITY] DOGSTRY status=PASSIVE metrics={"status": "PASSIVE", "quote_volume": 3793498.38, "range_15m_pct": 0.4785, "atr_pct": 0.102, "volume_ratio": 0.754, "spread_pct": 0.0595, "checks": {"quote_volume": true, "range_15m": true, "atr": false, "volume_ratio": true, "spread": true}, "reason": "movement_or_liquidity_below_threshold"}
[ACTIVITY] DOLOTRY status=PASSIVE metrics={"status": "PASSIVE", "quote_volume": 13207314.95, "range_15m_pct": 0.2747, "atr_pct": 0.1109, "volume_ratio": 0.031, "spread_pct": 0.0912, "checks": {"quote_volume": true, "range_15m": true, "atr": false, "volume_ratio": false, "spread": true}, "reason": "movement_or_liquidity_below_threshold"}
[ACTIVITY] DOTTRY status=PASSIVE metrics={"status": "PASSIVE", "quote_volume": 6071269.65, "range_15m_pct": 0.0, "atr_pct": 0.019, "volume_ratio": 0.0, "spread_pct": 0.2649, "checks": {"quote_volume": true, "range_15m": false, "atr": false, "volume_ratio": false, "spread": true}, "reason": "movement_or_liquidity_below_threshold"}
[ACTIVITY] DYDXTRY status=PASSIVE metrics={"status": "PASSIVE", "quote_volume": 1828545.24, "range_15m_pct": 0.1133, "atr_pct": 0.1066, "volume_ratio": 1.498, "spread_pct": 0.0754, "checks": {"quote_volume": true, "range_15m": false, "atr": false, "volume_ratio": true, "spread": true}, "reason": "movement_or_liquidity_below_threshold"}
[ACTIVITY] DYMTRY status=PASSIVE metrics={"status": "PASSIVE", "quote_volume": 8849336.04, "range_15m_pct": 0.2934, "atr_pct": 0.4701, "volume_ratio": 0.0849, "spread_pct": 0.1168, "checks": {"quote_volume": true, "range_15m": true, "atr": true, "volume_ratio": false, "spread": true}, "reason": "movement_or_liquidity_below_threshold"}
[ACTIVITY] EDENTRY status=PASSIVE metrics={"status": "PASSIVE", "quote_volume": 26945608.48, "range_15m_pct": 0.4276, "atr_pct": 0.4359, "volume_ratio": 0.2503, "spread_pct": 0.0943, "checks": {"quote_volume": true, "range_15m": true, "atr": true, "volume_ratio": false, "spread": true}, "reason": "movement_or_liquidity_below_threshold"}
[ACTIVITY] EDUTRY status=PASSIVE metrics={"status": "PASSIVE", "quote_volume": 31069844.07, "range_15m_pct": 1.0638, "atr_pct": 0.6839, "volume_ratio": 1.3877, "spread_pct": 0.5305, "checks": {"quote_volume": true, "range_15m": true, "atr": true, "volume_ratio": true, "spread": false}, "reason": "movement_or_liquidity_below_threshold"}
[ACTIVITY] EGLDTRY status=ACTIVE metrics={"status": "ACTIVE", "quote_volume": 1757029.87, "range_15m_pct": 1.1737, "atr_pct": 0.1602, "volume_ratio": 24.296, "spread_pct": 0.2314, "checks": {"quote_volume": true, "range_15m": true, "atr": true, "volume_ratio": true, "spread": true}, "reason": "active"}
[ACTIVITY] EIGENTRY status=ACTIVE metrics={"status": "ACTIVE", "quote_volume": 28961141.92, "range_15m_pct": 0.4353, "atr_pct": 0.173, "volume_ratio": 2.5953, "spread_pct": 0.0482, "checks": {"quote_volume": true, "range_15m": true, "atr": true, "volume_ratio": true, "spread": true}, "reason": "active"}
[ACTIVITY] ENATRY status=PASSIVE metrics={"status": "PASSIVE", "quote_volume": 63361232.13, "range_15m_pct": 0.2593, "atr_pct": 0.1427, "volume_ratio": 2.2606, "spread_pct": 0.0235, "checks": {"quote_volume": true, "range_15m": true, "atr": false, "volume_ratio": true, "spread": true}, "reason": "movement_or_liquidity_below_threshold"}
[ACTIVITY] ENJTRY status=PASSIVE metrics={"status": "PASSIVE", "quote_volume": 3159046.88, "range_15m_pct": 0.341, "atr_pct": 0.0728, "volume_ratio": 0.0, "spread_pct": 0.0849, "checks": {"quote_volume": true, "range_15m": true, "atr": false, "volume_ratio": false, "spread": true}, "reason": "movement_or_liquidity_below_threshold"}
[ACTIVITY] ENSOTRY status=ACTIVE metrics={"status": "ACTIVE", "quote_volume": 8684060.62, "range_15m_pct": 0.4415, "atr_pct": 0.1884, "volume_ratio": 8.0378, "spread_pct": 0.2195, "checks": {"quote_volume": true, "range_15m": true, "atr": true, "volume_ratio": true, "spread": true}, "reason": "active"}
[ACTIVITY] ENSTRY status=PASSIVE metrics={"status": "PASSIVE", "quote_volume": 1314200.47, "range_15m_pct": 0.2025, "atr_pct": 0.0794, "volume_ratio": 0.0, "spread_pct": 0.0503, "checks": {"quote_volume": true, "range_15m": true, "atr": false, "volume_ratio": false, "spread": true}, "reason": "movement_or_liquidity_below_threshold"}
[ACTIVITY] ERATRY status=PASSIVE metrics={"status": "PASSIVE", "quote_volume": 4780637.61, "range_15m_pct": 0.0, "atr_pct": 0.1183, "volume_ratio": 0.0, "spread_pct": 0.3284, "checks": {"quote_volume": true, "range_15m": false, "atr": false, "volume_ratio": false, "spread": false}, "reason": "movement_or_liquidity_below_threshold"}
[ACTIVITY] ESPTRY status=PASSIVE metrics={"status": "PASSIVE", "quote_volume": 28317894.69, "range_15m_pct": 1.4277, "atr_pct": 0.8664, "volume_ratio": 0.336, "spread_pct": 0.12, "checks": {"quote_volume": true, "range_15m": true, "atr": true, "volume_ratio": false, "spread": true}, "reason": "movement_or_liquidity_below_threshold"}
[ACTIVITY] ETCTRY status=PASSIVE metrics={"status": "PASSIVE", "quote_volume": 331989.63, "range_15m_pct": 0.0, "atr_pct": 0.0591, "volume_ratio": 0.0, "spread_pct": 0.0989, "checks": {"quote_volume": false, "range_15m": false, "atr": false, "volume_ratio": false, "spread": true}, "reason": "movement_or_liquidity_below_threshold"}
[ACTIVITY] ETHFITRY status=PASSIVE metrics={"status": "PASSIVE", "quote_volume": 28281339.1, "range_15m_pct": 0.4507, "atr_pct": 0.1363, "volume_ratio": 0.2044, "spread_pct": 0.1119, "checks": {"quote_volume": true, "range_15m": true, "atr": false, "volume_ratio": false, "spread": true}, "reason": "movement_or_liquidity_below_threshold"}
[ACTIVITY] ETHTRY status=PASSIVE metrics={"status": "PASSIVE", "quote_volume": 169622868.24, "range_15m_pct": 0.3734, "atr_pct": 0.087, "volume_ratio": 4.9762, "spread_pct": 0.0011, "checks": {"quote_volume": true, "range_15m": true, "atr": false, "volume_ratio": true, "spread": true}, "reason": "movement_or_liquidity_below_threshold"}
[ACTIVITY] EULTRY status=PASSIVE metrics={"status": "PASSIVE", "quote_volume": 14086138.57, "range_15m_pct": 0.0, "atr_pct": 0.1745, "volume_ratio": 0.0, "spread_pct": 0.1871, "checks": {"quote_volume": true, "range_15m": false, "atr": true, "volume_ratio": false, "spread": true}, "reason": "movement_or_liquidity_below_threshold"}
[ACTIVITY] FDUSDTRY status=PASSIVE metrics={"status": "PASSIVE", "quote_volume": 21341331.42, "range_15m_pct": 0.021, "atr_pct": 0.0105, "volume_ratio": 0.0222, "spread_pct": 0.021, "checks": {"quote_volume": true, "range_15m": false, "atr": false, "volume_ratio": false, "spread": true}, "reason": "movement_or_liquidity_below_threshold"}
[ACTIVITY] FETTRY status=PASSIVE metrics={"status": "PASSIVE", "quote_volume": 32486923.14, "range_15m_pct": 0.4666, "atr_pct": 0.1327, "volume_ratio": 0.9107, "spread_pct": 0.1544, "checks": {"quote_volume": true, "range_15m": true, "atr": false, "volume_ratio": true, "spread": true}, "reason": "movement_or_liquidity_below_threshold"}
[ACTIVITY] FFTRY status=PASSIVE metrics={"status": "PASSIVE", "quote_volume": 33781475.96, "range_15m_pct": 0.0643, "atr_pct": 0.0138, "volume_ratio": 1.4641, "spread_pct": 0.0643, "checks": {"quote_volume": true, "range_15m": false, "atr": false, "volume_ratio": true, "spread": true}, "reason": "movement_or_liquidity_below_threshold"}
[ACTIVITY] FIDATRY status=PASSIVE metrics={"status": "PASSIVE", "quote_volume": 5668285.58, "range_15m_pct": 0.1172, "atr_pct": 0.1424, "volume_ratio": 0.0, "spread_pct": 0.1169, "checks": {"quote_volume": true, "range_15m": false, "atr": false, "volume_ratio": false, "spread": true}, "reason": "movement_or_liquidity_below_threshold"}
[ACTIVITY] FILTRY status=PASSIVE metrics={"status": "PASSIVE", "quote_volume": 4111569.74, "range_15m_pct": 0.3293, "atr_pct": 0.0661, "volume_ratio": 0.0, "spread_pct": 0.0895, "checks": {"quote_volume": true, "range_15m": true, "atr": false, "volume_ratio": false, "spread": true}, "reason": "movement_or_liquidity_below_threshold"}
[ACTIVITY] FLOKITRY status=PASSIVE metrics={"status": "PASSIVE", "quote_volume": 13940096.17, "range_15m_pct": 0.3083, "atr_pct": 0.1171, "volume_ratio": 0.6913, "spread_pct": 0.1023, "checks": {"quote_volume": true, "range_15m": true, "atr": false, "volume_ratio": true, "spread": true}, "reason": "movement_or_liquidity_below_threshold"}
[ACTIVITY] FOGOTRY status=PASSIVE metrics={"status": "PASSIVE", "quote_volume": 3111131.91, "range_15m_pct": 1.1792, "atr_pct": 0.1166, "volume_ratio": 0.4659, "spread_pct": 0.2328, "checks": {"quote_volume": true, "range_15m": true, "atr": false, "volume_ratio": false, "spread": true}, "reason": "movement_or_liquidity_below_threshold"}
[ACTIVITY] FORMTRY status=PASSIVE metrics={"status": "PASSIVE", "quote_volume": 6158142.35, "range_15m_pct": 0.3918, "atr_pct": 0.1609, "volume_ratio": 0.316, "spread_pct": 0.0977, "checks": {"quote_volume": true, "range_15m": true, "atr": true, "volume_ratio": false, "spread": true}, "reason": "movement_or_liquidity_below_threshold"}
[ACTIVITY] FTRY status=PASSIVE metrics={"status": "PASSIVE", "quote_volume": 7608957.78, "range_15m_pct": 0.2246, "atr_pct": 0.3315, "volume_ratio": 0.0, "spread_pct": 0.1495, "checks": {"quote_volume": true, "range_15m": true, "atr": true, "volume_ratio": false, "spread": true}, "reason": "movement_or_liquidity_below_threshold"}
[ACTIVITY] GALATRY status=PASSIVE metrics={"status": "PASSIVE", "quote_volume": 13191108.28, "range_15m_pct": 0.3708, "atr_pct": 0.1407, "volume_ratio": 0.015, "spread_pct": 0.1231, "checks": {"quote_volume": true, "range_15m": true, "atr": false, "volume_ratio": false, "spread": true}, "reason": "movement_or_liquidity_below_threshold"}
[ACTIVITY] GASTRY status=PASSIVE metrics={"status": "PASSIVE", "quote_volume": 280545.86, "range_15m_pct": 0.2232, "atr_pct": 0.0638, "volume_ratio": 0.0, "spread_pct": 0.2225, "checks": {"quote_volume": false, "range_15m": true, "atr": false, "volume_ratio": false, "spread": true}, "reason": "movement_or_liquidity_below_threshold"}
[ACTIVITY] GENIUSTRY status=PASSIVE metrics={"status": "PASSIVE", "quote_volume": 20862399.32, "range_15m_pct": 0.9577, "atr_pct": 0.1953, "volume_ratio": 0.0, "spread_pct": 0.167, "checks": {"quote_volume": true, "range_15m": true, "atr": true, "volume_ratio": false, "spread": true}, "reason": "movement_or_liquidity_below_threshold"}
[ACTIVITY] GIGGLETRY status=ACTIVE metrics={"status": "ACTIVE", "quote_volume": 216438640.3, "range_15m_pct": 0.7519, "atr_pct": 0.743, "volume_ratio": 0.6465, "spread_pct": 0.0575, "checks": {"quote_volume": true, "range_15m": true, "atr": true, "volume_ratio": true, "spread": true}, "reason": "active"}
[ACTIVITY] GMTTRY status=PASSIVE metrics={"status": "PASSIVE", "quote_volume": 1156681.18, "range_15m_pct": 0.3165, "atr_pct": 0.1127, "volume_ratio": 1.9109, "spread_pct": 0.315, "checks": {"quote_volume": true, "range_15m": true, "atr": false, "volume_ratio": true, "spread": false}, "reason": "movement_or_liquidity_below_threshold"}
[ACTIVITY] GPSTRY status=PASSIVE metrics={"status": "PASSIVE", "quote_volume": 4977931.65, "range_15m_pct": 3.532, "atr_pct": 0.5635, "volume_ratio": 3.8809, "spread_pct": 0.4301, "checks": {"quote_volume": true, "range_15m": true, "atr": true, "volume_ratio": true, "spread": false}, "reason": "movement_or_liquidity_below_threshold"}
[ACTIVITY] GRAMTRY status=ACTIVE metrics={"status": "ACTIVE", "quote_volume": 24096305.98, "range_15m_pct": 0.2966, "atr_pct": 0.2471, "volume_ratio": 0.5631, "spread_pct": 0.0467, "checks": {"quote_volume": true, "range_15m": true, "atr": true, "volume_ratio": true, "spread": true}, "reason": "active"}
[ACTIVITY] GRTTRY status=PASSIVE metrics={"status": "PASSIVE", "quote_volume": 4100454.52, "range_15m_pct": 0.1529, "atr_pct": 0.0872, "volume_ratio": 1.1906, "spread_pct": 0.1523, "checks": {"quote_volume": true, "range_15m": true, "atr": false, "volume_ratio": true, "spread": true}, "reason": "movement_or_liquidity_below_threshold"}
[ACTIVITY] GTRY status=PASSIVE metrics={"status": "PASSIVE", "quote_volume": 3446737.17, "range_15m_pct": 0.0, "atr_pct": 0.0, "volume_ratio": 0.0, "spread_pct": 0.5865, "checks": {"quote_volume": true, "range_15m": false, "atr": false, "volume_ratio": false, "spread": false}, "reason": "movement_or_liquidity_below_threshold"}
[ACTIVITY] GUNTRY status=PASSIVE metrics={"status": "PASSIVE", "quote_volume": 68842199.96, "range_15m_pct": 1.2903, "atr_pct": 0.553, "volume_ratio": 0.1456, "spread_pct": 0.6431, "checks": {"quote_volume": true, "range_15m": true, "atr": true, "volume_ratio": false, "spread": false}, "reason": "movement_or_liquidity_below_threshold"}
[ACTIVITY] HAEDALTRY status=PASSIVE metrics={"status": "PASSIVE", "quote_volume": 6920018.23, "range_15m_pct": 0.0, "atr_pct": 0.009, "volume_ratio": 0.0, "spread_pct": 0.1249, "checks": {"quote_volume": true, "range_15m": false, "atr": false, "volume_ratio": false, "spread": true}, "reason": "movement_or_liquidity_below_threshold"}
[ACTIVITY] HBARTRY status=PASSIVE metrics={"status": "PASSIVE", "quote_volume": 4570136.69, "range_15m_pct": 0.0, "atr_pct": 0.0451, "volume_ratio": 0.0, "spread_pct": 0.0315, "checks": {"quote_volume": true, "range_15m": false, "atr": false, "volume_ratio": false, "spread": true}, "reason": "movement_or_liquidity_below_threshold"}
[ACTIVITY] HEITRY status=PASSIVE metrics={"status": "PASSIVE", "quote_volume": 417728705.29, "range_15m_pct": 2.3203, "atr_pct": 1.2823, "volume_ratio": 0.2796, "spread_pct": 0.08, "checks": {"quote_volume": true, "range_15m": true, "atr": true, "volume_ratio": false, "spread": true}, "reason": "movement_or_liquidity_below_threshold"}
[ACTIVITY] HEMITRY status=PASSIVE metrics={"status": "PASSIVE", "quote_volume": 18091231.38, "range_15m_pct": 0.6661, "atr_pct": 0.254, "volume_ratio": 0.202, "spread_pct": 0.0827, "checks": {"quote_volume": true, "range_15m": true, "atr": true, "volume_ratio": false, "spread": true}, "reason": "movement_or_liquidity_below_threshold"}
[ACTIVITY] HIVETRY status=PASSIVE metrics={"status": "PASSIVE", "quote_volume": 712937.09, "range_15m_pct": 0.5236, "atr_pct": 0.0374, "volume_ratio": 0.0, "spread_pct": 0.5222, "checks": {"quote_volume": false, "range_15m": true, "atr": false, "volume_ratio": false, "spread": false}, "reason": "movement_or_liquidity_below_threshold"}
[ACTIVITY] HMSTRTRY status=PASSIVE metrics={"status": "PASSIVE", "quote_volume": 38709802.45, "range_15m_pct": 0.663, "atr_pct": 0.1964, "volume_ratio": 0.2065, "spread_pct": 0.1098, "checks": {"quote_volume": true, "range_15m": true, "atr": true, "volume_ratio": false, "spread": true}, "reason": "movement_or_liquidity_below_threshold"}
[ACTIVITY] HOLOTRY status=ACTIVE metrics={"status": "ACTIVE", "quote_volume": 579882388.55, "range_15m_pct": 2.4571, "atr_pct": 1.0799, "volume_ratio": 0.6716, "spread_pct": 0.1117, "checks": {"quote_volume": true, "range_15m": true, "atr": true, "volume_ratio": true, "spread": true}, "reason": "active"}
[ACTIVITY] HOMETRY status=PASSIVE metrics={"status": "PASSIVE", "quote_volume": 149539836.14, "range_15m_pct": 1.3158, "atr_pct": 1.4067, "volume_ratio": 0.3498, "spread_pct": 0.2191, "checks": {"quote_volume": true, "range_15m": true, "atr": true, "volume_ratio": false, "spread": true}, "reason": "movement_or_liquidity_below_threshold"}
[ACTIVITY] HOTTRY status=PASSIVE metrics={"status": "PASSIVE", "quote_volume": 6562834.87, "range_15m_pct": 0.3185, "atr_pct": 0.0863, "volume_ratio": 2.0501, "spread_pct": 0.0634, "checks": {"quote_volume": true, "range_15m": true, "atr": false, "volume_ratio": true, "spread": true}, "reason": "movement_or_liquidity_below_threshold"}
[ACTIVITY] HUMATRY status=PASSIVE metrics={"status": "PASSIVE", "quote_volume": 2803008.75, "range_15m_pct": 0.0, "atr_pct": 0.046, "volume_ratio": 0.0, "spread_pct": 0.3186, "checks": {"quote_volume": true, "range_15m": false, "atr": false, "volume_ratio": false, "spread": false}, "reason": "movement_or_liquidity_below_threshold"}
[ACTIVITY] HYPERTRY status=PASSIVE metrics={"status": "PASSIVE", "quote_volume": 13347394.79, "range_15m_pct": 0.33, "atr_pct": 0.2357, "volume_ratio": 0.648, "spread_pct": 0.3295, "checks": {"quote_volume": true, "range_15m": true, "atr": true, "volume_ratio": true, "spread": false}, "reason": "movement_or_liquidity_below_threshold"}
[ACTIVITY] ICPTRY status=PASSIVE metrics={"status": "PASSIVE", "quote_volume": 7401710.26, "range_15m_pct": 0.188, "atr_pct": 0.0871, "volume_ratio": 3.6061, "spread_pct": 0.0936, "checks": {"quote_volume": true, "range_15m": true, "atr": false, "volume_ratio": true, "spread": true}, "reason": "movement_or_liquidity_below_threshold"}
[ACTIVITY] IDTRY status=PASSIVE metrics={"status": "PASSIVE", "quote_volume": 27776249.45, "range_15m_pct": 0.2954, "atr_pct": 0.2209, "volume_ratio": 0.0497, "spread_pct": 0.1474, "checks": {"quote_volume": true, "range_15m": true, "atr": true, "volume_ratio": false, "spread": true}, "reason": "movement_or_liquidity_below_threshold"}
[ACTIVITY] INITTRY status=PASSIVE metrics={"status": "PASSIVE", "quote_volume": 4124981.9, "range_15m_pct": 0.0, "atr_pct": 0.0576, "volume_ratio": 0.0, "spread_pct": 0.3992, "checks": {"quote_volume": true, "range_15m": false, "atr": false, "volume_ratio": false, "spread": false}, "reason": "movement_or_liquidity_below_threshold"}
[ACTIVITY] INJTRY status=PASSIVE metrics={"status": "PASSIVE", "quote_volume": 32666398.98, "range_15m_pct": 0.3626, "atr_pct": 0.2197, "volume_ratio": 0.136, "spread_pct": 0.0452, "checks": {"quote_volume": true, "range_15m": true, "atr": true, "volume_ratio": false, "spread": true}, "reason": "movement_or_liquidity_below_threshold"}
[ACTIVITY] IOTATRY status=PASSIVE metrics={"status": "PASSIVE", "quote_volume": 469016.28, "range_15m_pct": 0.6824, "atr_pct": 0.0924, "volume_ratio": 3.5591, "spread_pct": 0.1229, "checks": {"quote_volume": false, "range_15m": true, "atr": false, "volume_ratio": true, "spread": true}, "reason": "movement_or_liquidity_below_threshold"}
[ACTIVITY] IOTRY status=PASSIVE metrics={"status": "PASSIVE", "quote_volume": 5986973.99, "range_15m_pct": 0.5394, "atr_pct": 0.1405, "volume_ratio": 0.0, "spread_pct": 0.5872, "checks": {"quote_volume": true, "range_15m": true, "atr": false, "volume_ratio": false, "spread": false}, "reason": "movement_or_liquidity_below_threshold"}
[ACTIVITY] JASMYTRY status=PASSIVE metrics={"status": "PASSIVE", "quote_volume": 2197552.2, "range_15m_pct": 0.0, "atr_pct": 0.1488, "volume_ratio": 0.0072, "spread_pct": 0.5222, "checks": {"quote_volume": true, "range_15m": false, "atr": false, "volume_ratio": false, "spread": false}, "reason": "movement_or_liquidity_below_threshold"}
[ACTIVITY] JTOTRY status=ACTIVE metrics={"status": "ACTIVE", "quote_volume": 9689146.91, "range_15m_pct": 4.773, "atr_pct": 0.6511, "volume_ratio": 9.0345, "spread_pct": 0.0755, "checks": {"quote_volume": true, "range_15m": true, "atr": true, "volume_ratio": true, "spread": true}, "reason": "active"}
[ACTIVITY] JUPTRY status=ACTIVE metrics={"status": "ACTIVE", "quote_volume": 3748834.92, "range_15m_pct": 0.6061, "atr_pct": 0.4756, "volume_ratio": 1.8889, "spread_pct": 0.2418, "checks": {"quote_volume": true, "range_15m": true, "atr": true, "volume_ratio": true, "spread": true}, "reason": "active"}
[ACTIVITY] JUVTRY status=PASSIVE metrics={"status": "PASSIVE", "quote_volume": 5080563.8, "range_15m_pct": 0.0, "atr_pct": 0.0438, "volume_ratio": 0.0, "spread_pct": 0.1363, "checks": {"quote_volume": true, "range_15m": false, "atr": false, "volume_ratio": false, "spread": true}, "reason": "movement_or_liquidity_below_threshold"}
[ACTIVITY] KAITOTRY status=PASSIVE metrics={"status": "PASSIVE", "quote_volume": 33161962.78, "range_15m_pct": 2.8816, "atr_pct": 2.2981, "volume_ratio": 2.179, "spread_pct": 0.6297, "checks": {"quote_volume": true, "range_15m": true, "atr": true, "volume_ratio": true, "spread": false}, "reason": "movement_or_liquidity_below_threshold"}
[ACTIVITY] KATTRY status=PASSIVE metrics={"status": "PASSIVE", "quote_volume": 5982185.93, "range_15m_pct": 0.4167, "atr_pct": 0.1218, "volume_ratio": 2.6088, "spread_pct": 0.0923, "checks": {"quote_volume": true, "range_15m": true, "atr": false, "volume_ratio": true, "spread": true}, "reason": "movement_or_liquidity_below_threshold"}
[ACTIVITY] KERNELTRY status=PASSIVE metrics={"status": "PASSIVE", "quote_volume": 6043741.59, "range_15m_pct": 0.5714, "atr_pct": 0.2841, "volume_ratio": 5.0855, "spread_pct": 0.5698, "checks": {"quote_volume": true, "range_15m": true, "atr": true, "volume_ratio": true, "spread": false}, "reason": "movement_or_liquidity_below_threshold"}
[ACTIVITY] KITETRY status=PASSIVE metrics={"status": "PASSIVE", "quote_volume": 5482187.55, "range_15m_pct": 0.0, "atr_pct": 0.1217, "volume_ratio": 0.0, "spread_pct": 0.1009, "checks": {"quote_volume": true, "range_15m": false, "atr": false, "volume_ratio": false, "spread": true}, "reason": "movement_or_liquidity_below_threshold"}
[ACTIVITY] KSMTRY status=PASSIVE metrics={"status": "PASSIVE", "quote_volume": 507080.53, "range_15m_pct": 0.7143, "atr_pct": 0.102, "volume_ratio": 0.0, "spread_pct": 0.7117, "checks": {"quote_volume": false, "range_15m": true, "atr": false, "volume_ratio": false, "spread": false}, "reason": "movement_or_liquidity_below_threshold"}
[ACTIVITY] LATRY status=PASSIVE metrics={"status": "PASSIVE", "quote_volume": 19160892.54, "range_15m_pct": 0.8475, "atr_pct": 0.12, "volume_ratio": 0.5902, "spread_pct": 0.4193, "checks": {"quote_volume": true, "range_15m": true, "atr": false, "volume_ratio": true, "spread": false}, "reason": "movement_or_liquidity_below_threshold"}
[ACTIVITY] LAYERTRY status=PASSIVE metrics={"status": "PASSIVE", "quote_volume": 1914032.02, "range_15m_pct": 0.0, "atr_pct": 0.0508, "volume_ratio": 0.0, "spread_pct": 0.354, "checks": {"quote_volume": true, "range_15m": false, "atr": false, "volume_ratio": false, "spread": false}, "reason": "movement_or_liquidity_below_threshold"}
[ACTIVITY] LAZIOTRY status=PASSIVE metrics={"status": "PASSIVE", "quote_volume": 2619123.19, "range_15m_pct": 0.06, "atr_pct": 0.0771, "volume_ratio": 0.0, "spread_pct": 0.5988, "checks": {"quote_volume": true, "range_15m": false, "atr": false, "volume_ratio": false, "spread": false}, "reason": "movement_or_liquidity_below_threshold"}
[ACTIVITY] LDOTRY status=ACTIVE metrics={"status": "ACTIVE", "quote_volume": 8259108.48, "range_15m_pct": 0.4364, "atr_pct": 0.1711, "volume_ratio": 1.1111, "spread_pct": 0.0724, "checks": {"quote_volume": true, "range_15m": true, "atr": true, "volume_ratio": true, "spread": true}, "reason": "active"}
[ACTIVITY] LINEATRY status=PASSIVE metrics={"status": "PASSIVE", "quote_volume": 2238727.6, "range_15m_pct": 0.0, "atr_pct": 0.0481, "volume_ratio": 0.0, "spread_pct": 0.0957, "checks": {"quote_volume": true, "range_15m": false, "atr": false, "volume_ratio": false, "spread": true}, "reason": "movement_or_liquidity_below_threshold"}
[ACTIVITY] LINKTRY status=PASSIVE metrics={"status": "PASSIVE", "quote_volume": 24713117.29, "range_15m_pct": 0.2399, "atr_pct": 0.0667, "volume_ratio": 0.0378, "spread_pct": 0.0239, "checks": {"quote_volume": true, "range_15m": true, "atr": false, "volume_ratio": false, "spread": true}, "reason": "movement_or_liquidity_below_threshold"}
[ACTIVITY] LISTATRY status=PASSIVE metrics={"status": "PASSIVE", "quote_volume": 18173418.42, "range_15m_pct": 0.6515, "atr_pct": 0.2327, "volume_ratio": 0.7759, "spread_pct": 0.3252, "checks": {"quote_volume": true, "range_15m": true, "atr": true, "volume_ratio": true, "spread": false}, "reason": "movement_or_liquidity_below_threshold"}
[ACTIVITY] LPTTRY status=PASSIVE metrics={"status": "PASSIVE", "quote_volume": 1830790.06, "range_15m_pct": 0.0, "atr_pct": 0.0, "volume_ratio": 0.0, "spread_pct": 0.1708, "checks": {"quote_volume": true, "range_15m": false, "atr": false, "volume_ratio": false, "spread": true}, "reason": "movement_or_liquidity_below_threshold"}
[ACTIVITY] LTCTRY status=PASSIVE metrics={"status": "PASSIVE", "quote_volume": 2297021.72, "range_15m_pct": 0.0, "atr_pct": 0.0132, "volume_ratio": 0.0, "spread_pct": 0.0462, "checks": {"quote_volume": true, "range_15m": false, "atr": false, "volume_ratio": false, "spread": true}, "reason": "movement_or_liquidity_below_threshold"}
[ACTIVITY] LUMIATRY status=PASSIVE metrics={"status": "PASSIVE", "quote_volume": 2897135.67, "range_15m_pct": 0.0824, "atr_pct": 0.1374, "volume_ratio": 0.0, "spread_pct": 0.629, "checks": {"quote_volume": true, "range_15m": false, "atr": false, "volume_ratio": false, "spread": false}, "reason": "movement_or_liquidity_below_threshold"}
[ACTIVITY] LUNATRY status=ACTIVE metrics={"status": "ACTIVE", "quote_volume": 503733166.35, "range_15m_pct": 2.1566, "atr_pct": 0.5671, "volume_ratio": 8.1477, "spread_pct": 0.0464, "checks": {"quote_volume": true, "range_15m": true, "atr": true, "volume_ratio": true, "spread": true}, "reason": "active"}
[ACTIVITY] LUNCTRY status=ACTIVE metrics={"status": "ACTIVE", "quote_volume": 198413931.9, "range_15m_pct": 0.3307, "atr_pct": 0.2178, "volume_ratio": 0.5923, "spread_pct": 0.0412, "checks": {"quote_volume": true, "range_15m": true, "atr": true, "volume_ratio": true, "spread": true}, "reason": "active"}
[ACTIVITY] MAGICTRY status=PASSIVE metrics={"status": "PASSIVE", "quote_volume": 2544131.29, "range_15m_pct": 0.5208, "atr_pct": 0.074, "volume_ratio": 0.0307, "spread_pct": 0.5195, "checks": {"quote_volume": true, "range_15m": true, "atr": false, "volume_ratio": false, "spread": false}, "reason": "movement_or_liquidity_below_threshold"}
[ACTIVITY] MANATRY status=PASSIVE metrics={"status": "PASSIVE", "quote_volume": 1562213.17, "range_15m_pct": 0.0, "atr_pct": 0.0455, "volume_ratio": 0.0, "spread_pct": 0.318, "checks": {"quote_volume": true, "range_15m": false, "atr": false, "volume_ratio": false, "spread": false}, "reason": "movement_or_liquidity_below_threshold"}
[ACTIVITY] MANTATRY status=PASSIVE metrics={"status": "PASSIVE", "quote_volume": 1142254.64, "range_15m_pct": 0.3292, "atr_pct": 0.073, "volume_ratio": 0.9523, "spread_pct": 0.0365, "checks": {"quote_volume": true, "range_15m": true, "atr": false, "volume_ratio": true, "spread": true}, "reason": "movement_or_liquidity_below_threshold"}
[ACTIVITY] MANTRATRY status=PASSIVE metrics={"status": "PASSIVE", "quote_volume": 5286005.73, "range_15m_pct": 0.3194, "atr_pct": 0.145, "volume_ratio": 0.0, "spread_pct": 0.0795, "checks": {"quote_volume": true, "range_15m": true, "atr": false, "volume_ratio": false, "spread": true}, "reason": "movement_or_liquidity_below_threshold"}
[ACTIVITY] MASKTRY status=PASSIVE metrics={"status": "PASSIVE", "quote_volume": 364099.05, "range_15m_pct": 0.0, "atr_pct": 0.0, "volume_ratio": 0.0, "spread_pct": 0.1735, "checks": {"quote_volume": false, "range_15m": false, "atr": false, "volume_ratio": false, "spread": true}, "reason": "movement_or_liquidity_below_threshold"}
[ACTIVITY] MAVTRY status=PASSIVE metrics={"status": "PASSIVE", "quote_volume": 41725697.8, "range_15m_pct": 2.381, "atr_pct": 1.3605, "volume_ratio": 6.2609, "spread_pct": 2.3529, "checks": {"quote_volume": true, "range_15m": true, "atr": true, "volume_ratio": true, "spread": false}, "reason": "movement_or_liquidity_below_threshold"}
[ACTIVITY] MEGATRY status=PASSIVE metrics={"status": "PASSIVE", "quote_volume": 21464015.82, "range_15m_pct": 0.5155, "atr_pct": 0.2476, "volume_ratio": 0.1323, "spread_pct": 0.064, "checks": {"quote_volume": true, "range_15m": true, "atr": true, "volume_ratio": false, "spread": true}, "reason": "movement_or_liquidity_below_threshold"}
[ACTIVITY] MEMETRY status=PASSIVE metrics={"status": "PASSIVE", "quote_volume": 5952250.85, "range_15m_pct": 0.0, "atr_pct": 0.0897, "volume_ratio": 0.0105, "spread_pct": 0.4175, "checks": {"quote_volume": true, "range_15m": false, "atr": false, "volume_ratio": false, "spread": false}, "reason": "movement_or_liquidity_below_threshold"}
[ACTIVITY] METISTRY status=PASSIVE metrics={"status": "PASSIVE", "quote_volume": 2322713.08, "range_15m_pct": 0.0, "atr_pct": 0.0, "volume_ratio": 0.0, "spread_pct": 0.8511, "checks": {"quote_volume": true, "range_15m": false, "atr": false, "volume_ratio": false, "spread": false}, "reason": "movement_or_liquidity_below_threshold"}
[ACTIVITY] METRY status=PASSIVE metrics={"status": "PASSIVE", "quote_volume": 4662905.96, "range_15m_pct": 0.3029, "atr_pct": 0.2596, "volume_ratio": 0.0, "spread_pct": 0.135, "checks": {"quote_volume": true, "range_15m": true, "atr": true, "volume_ratio": false, "spread": true}, "reason": "movement_or_liquidity_below_threshold"}
[ACTIVITY] METTRY status=PASSIVE metrics={"status": "PASSIVE", "quote_volume": 1789053.29, "range_15m_pct": 0.6519, "atr_pct": 0.074, "volume_ratio": 12.3978, "spread_pct": 0.3878, "checks": {"quote_volume": true, "range_15m": true, "atr": false, "volume_ratio": true, "spread": false}, "reason": "movement_or_liquidity_below_threshold"}
[ACTIVITY] MINATRY status=PASSIVE metrics={"status": "PASSIVE", "quote_volume": 3938413.87, "range_15m_pct": 0.0, "atr_pct": 0.1184, "volume_ratio": 0.0622, "spread_pct": 0.551, "checks": {"quote_volume": true, "range_15m": false, "atr": false, "volume_ratio": false, "spread": false}, "reason": "movement_or_liquidity_below_threshold"}
[ACTIVITY] MIRATRY status=PASSIVE metrics={"status": "PASSIVE", "quote_volume": 4998813.24, "range_15m_pct": 0.0, "atr_pct": 0.0, "volume_ratio": 0.0, "spread_pct": 0.5195, "checks": {"quote_volume": true, "range_15m": false, "atr": false, "volume_ratio": false, "spread": false}, "reason": "movement_or_liquidity_below_threshold"}
[ACTIVITY] MITOTRY status=PASSIVE metrics={"status": "PASSIVE", "quote_volume": 317207051.41, "range_15m_pct": 0.6076, "atr_pct": 0.6432, "volume_ratio": 0.0451, "spread_pct": 0.1721, "checks": {"quote_volume": true, "range_15m": true, "atr": true, "volume_ratio": false, "spread": true}, "reason": "movement_or_liquidity_below_threshold"}
[ACTIVITY] MMTTRY status=PASSIVE metrics={"status": "PASSIVE", "quote_volume": 108612741.58, "range_15m_pct": 0.6397, "atr_pct": 0.4464, "volume_ratio": 0.2345, "spread_pct": 0.1054, "checks": {"quote_volume": true, "range_15m": true, "atr": true, "volume_ratio": false, "spread": true}, "reason": "movement_or_liquidity_below_threshold"}
[ACTIVITY] MORPHOTRY status=PASSIVE metrics={"status": "PASSIVE", "quote_volume": 721101.71, "range_15m_pct": 0.0, "atr_pct": 0.0, "volume_ratio": 0.0, "spread_pct": 0.5221, "checks": {"quote_volume": false, "range_15m": false, "atr": false, "volume_ratio": false, "spread": false}, "reason": "movement_or_liquidity_below_threshold"}
[ACTIVITY] MOVRTRY status=PASSIVE metrics={"status": "PASSIVE", "quote_volume": 86264827.58, "range_15m_pct": 0.939, "atr_pct": 0.4024, "volume_ratio": 1.3479, "spread_pct": 0.4684, "checks": {"quote_volume": true, "range_15m": true, "atr": true, "volume_ratio": true, "spread": false}, "reason": "movement_or_liquidity_below_threshold"}
[ACTIVITY] MUBARAKTRY status=ACTIVE metrics={"status": "ACTIVE", "quote_volume": 86229946.92, "range_15m_pct": 1.0638, "atr_pct": 0.8067, "volume_ratio": 1.1456, "spread_pct": 0.235, "checks": {"quote_volume": true, "range_15m": true, "atr": true, "volume_ratio": true, "spread": true}, "reason": "active"}
[ACTIVITY] NEARTRY status=ACTIVE metrics={"status": "ACTIVE", "quote_volume": 22768689.49, "range_15m_pct": 0.7692, "atr_pct": 0.182, "volume_ratio": 2.0174, "spread_pct": 0.1267, "checks": {"quote_volume": true, "range_15m": true, "atr": true, "volume_ratio": true, "spread": true}, "reason": "active"}
[ACTIVITY] NEIROTRY status=PASSIVE metrics={"status": "PASSIVE", "quote_volume": 22931709.67, "range_15m_pct": 0.3165, "atr_pct": 0.1356, "volume_ratio": 0.0, "spread_pct": 0.317, "checks": {"quote_volume": true, "range_15m": true, "atr": false, "volume_ratio": false, "spread": false}, "reason": "movement_or_liquidity_below_threshold"}
[ACTIVITY] NEOTRY status=PASSIVE metrics={"status": "PASSIVE", "quote_volume": 2476867.1, "range_15m_pct": 0.3614, "atr_pct": 0.1029, "volume_ratio": 1.3153, "spread_pct": 0.1198, "checks": {"quote_volume": true, "range_15m": true, "atr": false, "volume_ratio": true, "spread": true}, "reason": "movement_or_liquidity_below_threshold"}
[ACTIVITY] NEWTTRY status=PASSIVE metrics={"status": "PASSIVE", "quote_volume": 3367943.22, "range_15m_pct": 0.5495, "atr_pct": 0.1561, "volume_ratio": 11.3448, "spread_pct": 0.545, "checks": {"quote_volume": true, "range_15m": true, "atr": true, "volume_ratio": true, "spread": false}, "reason": "movement_or_liquidity_below_threshold"}
[ACTIVITY] NIGHTTRY status=PASSIVE metrics={"status": "PASSIVE", "quote_volume": 4347400.5, "range_15m_pct": 0.2398, "atr_pct": 0.0769, "volume_ratio": 0.0, "spread_pct": 0.1197, "checks": {"quote_volume": true, "range_15m": true, "atr": false, "volume_ratio": false, "spread": true}, "reason": "movement_or_liquidity_below_threshold"}
[ACTIVITY] NILTRY status=PASSIVE metrics={"status": "PASSIVE", "quote_volume": 39241161.51, "range_15m_pct": 1.113, "atr_pct": 0.7056, "volume_ratio": 1.7074, "spread_pct": 0.3843, "checks": {"quote_volume": true, "range_15m": true, "atr": true, "volume_ratio": true, "spread": false}, "reason": "movement_or_liquidity_below_threshold"}
[ACTIVITY] NMRTRY status=PASSIVE metrics={"status": "PASSIVE", "quote_volume": 439498.39, "range_15m_pct": 0.3484, "atr_pct": 0.0691, "volume_ratio": 0.0, "spread_pct": 0.272, "checks": {"quote_volume": false, "range_15m": true, "atr": false, "volume_ratio": false, "spread": true}, "reason": "movement_or_liquidity_below_threshold"}
[ACTIVITY] NOMTRY status=PASSIVE metrics={"status": "PASSIVE", "quote_volume": 12223345.81, "range_15m_pct": 1.3158, "atr_pct": 0.4638, "volume_ratio": 0.0823, "spread_pct": 1.3072, "checks": {"quote_volume": true, "range_15m": true, "atr": true, "volume_ratio": false, "spread": false}, "reason": "movement_or_liquidity_below_threshold"}
[ACTIVITY] NOTTRY status=PASSIVE metrics={"status": "PASSIVE", "quote_volume": 3426060.2, "range_15m_pct": 0.5848, "atr_pct": 0.1661, "volume_ratio": 0.078, "spread_pct": 0.5831, "checks": {"quote_volume": true, "range_15m": true, "atr": true, "volume_ratio": false, "spread": false}, "reason": "movement_or_liquidity_below_threshold"}
[ACTIVITY] NXPCTRY status=PASSIVE metrics={"status": "PASSIVE", "quote_volume": 731821.71, "range_15m_pct": 0.2055, "atr_pct": 0.4762, "volume_ratio": 0.0, "spread_pct": 0.2051, "checks": {"quote_volume": false, "range_15m": true, "atr": true, "volume_ratio": false, "spread": true}, "reason": "movement_or_liquidity_below_threshold"}
[ACTIVITY] OGNTRY status=PASSIVE metrics={"status": "PASSIVE", "quote_volume": 2280235.61, "range_15m_pct": 0.3846, "atr_pct": 0.0456, "volume_ratio": 5.466, "spread_pct": 0.1275, "checks": {"quote_volume": true, "range_15m": true, "atr": false, "volume_ratio": true, "spread": true}, "reason": "movement_or_liquidity_below_threshold"}
[ACTIVITY] OGTRY status=PASSIVE metrics={"status": "PASSIVE", "quote_volume": 9415005.59, "range_15m_pct": 0.165, "atr_pct": 0.053, "volume_ratio": 0.8025, "spread_pct": 0.1646, "checks": {"quote_volume": true, "range_15m": true, "atr": false, "volume_ratio": true, "spread": true}, "reason": "movement_or_liquidity_below_threshold"}
[ACTIVITY] ONDOTRY status=PASSIVE metrics={"status": "PASSIVE", "quote_volume": 18944909.72, "range_15m_pct": 1.0699, "atr_pct": 0.2001, "volume_ratio": 0.416, "spread_pct": 0.0623, "checks": {"quote_volume": true, "range_15m": true, "atr": true, "volume_ratio": false, "spread": true}, "reason": "movement_or_liquidity_below_threshold"}
[ACTIVITY] ONETRY status=PASSIVE metrics={"status": "PASSIVE", "quote_volume": 228506064.19, "range_15m_pct": 3.2, "atr_pct": 2.6197, "volume_ratio": 0.3542, "spread_pct": 0.2635, "checks": {"quote_volume": true, "range_15m": true, "atr": true, "volume_ratio": false, "spread": true}, "reason": "movement_or_liquidity_below_threshold"}
[ACTIVITY] ONTTRY status=PASSIVE metrics={"status": "PASSIVE", "quote_volume": 1369534.13, "range_15m_pct": 0.1138, "atr_pct": 0.256, "volume_ratio": 1.6009, "spread_pct": 0.1139, "checks": {"quote_volume": true, "range_15m": false, "atr": true, "volume_ratio": true, "spread": true}, "reason": "movement_or_liquidity_below_threshold"}
[ACTIVITY] OPENTRY status=PASSIVE metrics={"status": "PASSIVE", "quote_volume": 80549826.23, "range_15m_pct": 3.1519, "atr_pct": 1.0361, "volume_ratio": 3.9177, "spread_pct": 0.3171, "checks": {"quote_volume": true, "range_15m": true, "atr": true, "volume_ratio": true, "spread": false}, "reason": "movement_or_liquidity_below_threshold"}
[ACTIVITY] OPGTRY status=ACTIVE metrics={"status": "ACTIVE", "quote_volume": 15393193.74, "range_15m_pct": 1.3483, "atr_pct": 0.5385, "volume_ratio": 1.5254, "spread_pct": 0.2215, "checks": {"quote_volume": true, "range_15m": true, "atr": true, "volume_ratio": true, "spread": true}, "reason": "active"}
[ACTIVITY] OPNTRY status=PASSIVE metrics={"status": "PASSIVE", "quote_volume": 5601261.06, "range_15m_pct": 0.4237, "atr_pct": 0.1206, "volume_ratio": 0.0, "spread_pct": 0.4211, "checks": {"quote_volume": true, "range_15m": true, "atr": false, "volume_ratio": false, "spread": false}, "reason": "movement_or_liquidity_below_threshold"}
[ACTIVITY] OPTRY status=PASSIVE metrics={"status": "PASSIVE", "quote_volume": 7617302.62, "range_15m_pct": 0.0, "atr_pct": 0.0332, "volume_ratio": 0.0186, "spread_pct": 0.2317, "checks": {"quote_volume": true, "range_15m": false, "atr": false, "volume_ratio": false, "spread": true}, "reason": "movement_or_liquidity_below_threshold"}
[ACTIVITY] ORCATRY status=PASSIVE metrics={"status": "PASSIVE", "quote_volume": 950205.34, "range_15m_pct": 0.0, "atr_pct": 0.029, "volume_ratio": 0.0, "spread_pct": 0.2018, "checks": {"quote_volume": false, "range_15m": false, "atr": false, "volume_ratio": false, "spread": true}, "reason": "movement_or_liquidity_below_threshold"}
[ACTIVITY] ORDITRY status=PASSIVE metrics={"status": "PASSIVE", "quote_volume": 7888859.64, "range_15m_pct": 0.0616, "atr_pct": 0.1188, "volume_ratio": 0.0, "spread_pct": 0.0614, "checks": {"quote_volume": true, "range_15m": false, "atr": false, "volume_ratio": false, "spread": true}, "reason": "movement_or_liquidity_below_threshold"}
[ACTIVITY] PARTITRY status=PASSIVE metrics={"status": "PASSIVE", "quote_volume": 11912403.52, "range_15m_pct": 1.8018, "atr_pct": 0.7653, "volume_ratio": 1.8362, "spread_pct": 0.8969, "checks": {"quote_volume": true, "range_15m": true, "atr": true, "volume_ratio": true, "spread": false}, "reason": "movement_or_liquidity_below_threshold"}
[ACTIVITY] PAXGTRY status=PASSIVE metrics={"status": "PASSIVE", "quote_volume": 28478472.43, "range_15m_pct": 0.2836, "atr_pct": 0.0637, "volume_ratio": 1.4312, "spread_pct": 0.0313, "checks": {"quote_volume": true, "range_15m": true, "atr": false, "volume_ratio": true, "spread": true}, "reason": "movement_or_liquidity_below_threshold"}
[ACTIVITY] PENDLETRY status=PASSIVE metrics={"status": "PASSIVE", "quote_volume": 1943346.4, "range_15m_pct": 0.4724, "atr_pct": 0.0672, "volume_ratio": 1.7298, "spread_pct": 0.1561, "checks": {"quote_volume": true, "range_15m": true, "atr": false, "volume_ratio": true, "spread": true}, "reason": "movement_or_liquidity_below_threshold"}
[ACTIVITY] PENGUTRY status=ACTIVE metrics={"status": "ACTIVE", "quote_volume": 24001345.88, "range_15m_pct": 0.8911, "atr_pct": 0.2383, "volume_ratio": 2.2543, "spread_pct": 0.0327, "checks": {"quote_volume": true, "range_15m": true, "atr": true, "volume_ratio": true, "spread": true}, "reason": "active"}
[ACTIVITY] PEOPLETRY status=PASSIVE metrics={"status": "PASSIVE", "quote_volume": 16979537.3, "range_15m_pct": 0.2538, "atr_pct": 0.1269, "volume_ratio": 0.1867, "spread_pct": 0.2535, "checks": {"quote_volume": true, "range_15m": true, "atr": false, "volume_ratio": false, "spread": true}, "reason": "movement_or_liquidity_below_threshold"}
[ACTIVITY] PEPETRY status=PASSIVE metrics={"status": "PASSIVE", "quote_volume": 77028198.03, "range_15m_pct": 0.4974, "atr_pct": 0.1594, "volume_ratio": 0.4334, "spread_pct": 0.0074, "checks": {"quote_volume": true, "range_15m": true, "atr": true, "volume_ratio": false, "spread": true}, "reason": "movement_or_liquidity_below_threshold"}
[ACTIVITY] PHATRY status=PASSIVE metrics={"status": "PASSIVE", "quote_volume": 6207371.06, "range_15m_pct": 0.0, "atr_pct": 0.068, "volume_ratio": 0.0, "spread_pct": 0.9479, "checks": {"quote_volume": true, "range_15m": false, "atr": false, "volume_ratio": false, "spread": false}, "reason": "movement_or_liquidity_below_threshold"}
[ACTIVITY] PIXELTRY status=PASSIVE metrics={"status": "PASSIVE", "quote_volume": 18989404.08, "range_15m_pct": 0.4831, "atr_pct": 0.103, "volume_ratio": 0.0, "spread_pct": 0.4796, "checks": {"quote_volume": true, "range_15m": true, "atr": false, "volume_ratio": false, "spread": false}, "reason": "movement_or_liquidity_below_threshold"}
[ACTIVITY] PLUMETRY status=ACTIVE metrics={"status": "ACTIVE", "quote_volume": 12260847.03, "range_15m_pct": 1.0327, "atr_pct": 0.3175, "volume_ratio": 32.2173, "spread_pct": 0.1711, "checks": {"quote_volume": true, "range_15m": true, "atr": true, "volume_ratio": true, "spread": true}, "reason": "active"}
[ACTIVITY] PNUTTRY status=PASSIVE metrics={"status": "PASSIVE", "quote_volume": 14593895.94, "range_15m_pct": 0.5181, "atr_pct": 0.1105, "volume_ratio": 2.5884, "spread_pct": 0.5141, "checks": {"quote_volume": true, "range_15m": true, "atr": false, "volume_ratio": true, "spread": false}, "reason": "movement_or_liquidity_below_threshold"}
[ACTIVITY] POLTRY status=PASSIVE metrics={"status": "PASSIVE", "quote_volume": 748157.25, "range_15m_pct": 0.0557, "atr_pct": 0.0477, "volume_ratio": 0.0, "spread_pct": 0.0278, "checks": {"quote_volume": false, "range_15m": false, "atr": false, "volume_ratio": false, "spread": true}, "reason": "movement_or_liquidity_below_threshold"}
[ACTIVITY] POLYXTRY status=PASSIVE metrics={"status": "PASSIVE", "quote_volume": 565049.33, "range_15m_pct": 0.0, "atr_pct": 0.0, "volume_ratio": 0.1102, "spread_pct": 0.6826, "checks": {"quote_volume": false, "range_15m": false, "atr": false, "volume_ratio": false, "spread": false}, "reason": "movement_or_liquidity_below_threshold"}
[ACTIVITY] PORTALTRY status=ACTIVE metrics={"status": "ACTIVE", "quote_volume": 22828183.91, "range_15m_pct": 0.3097, "atr_pct": 0.2156, "volume_ratio": 0.9328, "spread_pct": 0.0966, "checks": {"quote_volume": true, "range_15m": true, "atr": true, "volume_ratio": true, "spread": true}, "reason": "active"}
[ACTIVITY] PORTOTRY status=PASSIVE metrics={"status": "PASSIVE", "quote_volume": 1606742.15, "range_15m_pct": 0.865, "atr_pct": 0.1368, "volume_ratio": 12.0546, "spread_pct": 0.3806, "checks": {"quote_volume": true, "range_15m": true, "atr": false, "volume_ratio": true, "spread": false}, "reason": "movement_or_liquidity_below_threshold"}
[ACTIVITY] PROVETRY status=PASSIVE metrics={"status": "PASSIVE", "quote_volume": 562321.94, "range_15m_pct": 0.1401, "atr_pct": 0.0599, "volume_ratio": 0.0, "spread_pct": 0.1398, "checks": {"quote_volume": false, "range_15m": false, "atr": false, "volume_ratio": false, "spread": true}, "reason": "movement_or_liquidity_below_threshold"}
[ACTIVITY] PSGTRY status=PASSIVE metrics={"status": "PASSIVE", "quote_volume": 6888315.09, "range_15m_pct": 0.4612, "atr_pct": 0.2325, "volume_ratio": 0.024, "spread_pct": 0.4181, "checks": {"quote_volume": true, "range_15m": true, "atr": true, "volume_ratio": false, "spread": false}, "reason": "movement_or_liquidity_below_threshold"}
[ACTIVITY] PUMPTRY status=ACTIVE metrics={"status": "ACTIVE", "quote_volume": 60736888.88, "range_15m_pct": 1.3492, "atr_pct": 0.4251, "volume_ratio": 1.0413, "spread_pct": 0.078, "checks": {"quote_volume": true, "range_15m": true, "atr": true, "volume_ratio": true, "spread": true}, "reason": "active"}
[ACTIVITY] PYTHTRY status=PASSIVE metrics={"status": "PASSIVE", "quote_volume": 8145959.78, "range_15m_pct": 0.2597, "atr_pct": 0.1592, "volume_ratio": 0.0, "spread_pct": 0.0517, "checks": {"quote_volume": true, "range_15m": true, "atr": true, "volume_ratio": false, "spread": true}, "reason": "movement_or_liquidity_below_threshold"}
[ACTIVITY] QTUMTRY status=PASSIVE metrics={"status": "PASSIVE", "quote_volume": 4078382.47, "range_15m_pct": 0.0, "atr_pct": 0.0922, "volume_ratio": 0.0, "spread_pct": 0.321, "checks": {"quote_volume": true, "range_15m": false, "atr": false, "volume_ratio": false, "spread": false}, "reason": "movement_or_liquidity_below_threshold"}
[ACTIVITY] RADTRY status=PASSIVE metrics={"status": "PASSIVE", "quote_volume": 294270927.06, "range_15m_pct": 1.6253, "atr_pct": 0.9738, "volume_ratio": 0.384, "spread_pct": 0.4235, "checks": {"quote_volume": true, "range_15m": true, "atr": true, "volume_ratio": false, "spread": false}, "reason": "movement_or_liquidity_below_threshold"}
[ACTIVITY] RARETRY status=ACTIVE metrics={"status": "ACTIVE", "quote_volume": 19674609.55, "range_15m_pct": 0.1866, "atr_pct": 0.2024, "volume_ratio": 1.1532, "spread_pct": 0.119, "checks": {"quote_volume": true, "range_15m": true, "atr": true, "volume_ratio": true, "spread": true}, "reason": "active"}
[ACTIVITY] RAYTRY status=PASSIVE metrics={"status": "PASSIVE", "quote_volume": 1604577.76, "range_15m_pct": 0.5337, "atr_pct": 0.0877, "volume_ratio": 0.0, "spread_pct": 0.0992, "checks": {"quote_volume": true, "range_15m": true, "atr": false, "volume_ratio": false, "spread": true}, "reason": "movement_or_liquidity_below_threshold"}
[ACTIVITY] REDTRY status=PASSIVE metrics={"status": "PASSIVE", "quote_volume": 1288439.8, "range_15m_pct": 0.2439, "atr_pct": 0.0869, "volume_ratio": 0.0, "spread_pct": 0.243, "checks": {"quote_volume": true, "range_15m": true, "atr": false, "volume_ratio": false, "spread": true}, "reason": "movement_or_liquidity_below_threshold"}
[ACTIVITY] RENDERTRY status=PASSIVE metrics={"status": "PASSIVE", "quote_volume": 10617763.05, "range_15m_pct": 0.1667, "atr_pct": 0.0594, "volume_ratio": 0.6308, "spread_pct": 0.166, "checks": {"quote_volume": true, "range_15m": true, "atr": false, "volume_ratio": true, "spread": true}, "reason": "movement_or_liquidity_below_threshold"}
[ACTIVITY] RESOLVTRY status=PASSIVE metrics={"status": "PASSIVE", "quote_volume": 3163372.18, "range_15m_pct": 0.8466, "atr_pct": 0.189, "volume_ratio": 0.0, "spread_pct": 0.1012, "checks": {"quote_volume": true, "range_15m": true, "atr": true, "volume_ratio": false, "spread": true}, "reason": "movement_or_liquidity_below_threshold"}
[ACTIVITY] RETRY status=ACTIVE metrics={"status": "ACTIVE", "quote_volume": 79534039.24, "range_15m_pct": 0.544, "atr_pct": 0.4981, "volume_ratio": 0.6121, "spread_pct": 0.0492, "checks": {"quote_volume": true, "range_15m": true, "atr": true, "volume_ratio": true, "spread": true}, "reason": "active"}
[ACTIVITY] REZTRY status=PASSIVE metrics={"status": "PASSIVE", "quote_volume": 4396515.46, "range_15m_pct": 0.0763, "atr_pct": 0.0654, "volume_ratio": 0.0, "spread_pct": 0.0762, "checks": {"quote_volume": true, "range_15m": false, "atr": false, "volume_ratio": false, "spread": true}, "reason": "movement_or_liquidity_below_threshold"}
[ACTIVITY] ROBOTRY status=ACTIVE metrics={"status": "ACTIVE", "quote_volume": 42683358.44, "range_15m_pct": 0.817, "atr_pct": 0.2101, "volume_ratio": 2.1244, "spread_pct": 0.1625, "checks": {"quote_volume": true, "range_15m": true, "atr": true, "volume_ratio": true, "spread": true}, "reason": "active"}
[ACTIVITY] RONINTRY status=PASSIVE metrics={"status": "PASSIVE", "quote_volume": 297797.07, "range_15m_pct": 0.0, "atr_pct": 0.0298, "volume_ratio": 0.0, "spread_pct": 0.4158, "checks": {"quote_volume": false, "range_15m": false, "atr": false, "volume_ratio": false, "spread": false}, "reason": "movement_or_liquidity_below_threshold"}
[ACTIVITY] ROSETRY status=PASSIVE metrics={"status": "PASSIVE", "quote_volume": 12495393.91, "range_15m_pct": 0.1933, "atr_pct": 0.0855, "volume_ratio": 0.0, "spread_pct": 0.1539, "checks": {"quote_volume": true, "range_15m": true, "atr": false, "volume_ratio": false, "spread": true}, "reason": "movement_or_liquidity_below_threshold"}
[ACTIVITY] RSRTRY status=PASSIVE metrics={"status": "PASSIVE", "quote_volume": 626181.39, "range_15m_pct": 0.3478, "atr_pct": 0.0619, "volume_ratio": 0.8612, "spread_pct": 0.1732, "checks": {"quote_volume": false, "range_15m": true, "atr": false, "volume_ratio": true, "spread": true}, "reason": "movement_or_liquidity_below_threshold"}
[ACTIVITY] RVNTRY status=PASSIVE metrics={"status": "PASSIVE", "quote_volume": 61875285.09, "range_15m_pct": 0.39, "atr_pct": 0.4402, "volume_ratio": 0.1188, "spread_pct": 0.0779, "checks": {"quote_volume": true, "range_15m": true, "atr": true, "volume_ratio": false, "spread": true}, "reason": "movement_or_liquidity_below_threshold"}
[ACTIVITY] SAGATRY status=PASSIVE metrics={"status": "PASSIVE", "quote_volume": 42544997.62, "range_15m_pct": 0.1517, "atr_pct": 0.1732, "volume_ratio": 0.4563, "spread_pct": 0.1516, "checks": {"quote_volume": true, "range_15m": true, "atr": true, "volume_ratio": false, "spread": true}, "reason": "movement_or_liquidity_below_threshold"}
[ACTIVITY] SAHARATRY status=PASSIVE metrics={"status": "PASSIVE", "quote_volume": 12559517.34, "range_15m_pct": 0.4808, "atr_pct": 0.169, "volume_ratio": 0.2838, "spread_pct": 0.0531, "checks": {"quote_volume": true, "range_15m": true, "atr": true, "volume_ratio": false, "spread": true}, "reason": "movement_or_liquidity_below_threshold"}
[ACTIVITY] SANDTRY status=PASSIVE metrics={"status": "PASSIVE", "quote_volume": 1497556.13, "range_15m_pct": 0.1054, "atr_pct": 0.0602, "volume_ratio": 10.1291, "spread_pct": 0.0526, "checks": {"quote_volume": true, "range_15m": false, "atr": false, "volume_ratio": true, "spread": true}, "reason": "movement_or_liquidity_below_threshold"}
[ACTIVITY] SANTOSTRY status=PASSIVE metrics={"status": "PASSIVE", "quote_volume": 9345708.9, "range_15m_pct": 0.3548, "atr_pct": 0.0537, "volume_ratio": 8.4018, "spread_pct": 0.0883, "checks": {"quote_volume": true, "range_15m": true, "atr": false, "volume_ratio": true, "spread": true}, "reason": "movement_or_liquidity_below_threshold"}
[ACTIVITY] SAPIENTRY status=ACTIVE metrics={"status": "ACTIVE", "quote_volume": 3818561.23, "range_15m_pct": 0.5738, "atr_pct": 0.2039, "volume_ratio": 1.6322, "spread_pct": 0.1036, "checks": {"quote_volume": true, "range_15m": true, "atr": true, "volume_ratio": true, "spread": true}, "reason": "active"}
[ACTIVITY] SCRTRY status=PASSIVE metrics={"status": "PASSIVE", "quote_volume": 2302011.28, "range_15m_pct": 0.2049, "atr_pct": 0.1755, "volume_ratio": 0.1575, "spread_pct": 0.2045, "checks": {"quote_volume": true, "range_15m": true, "atr": true, "volume_ratio": false, "spread": true}, "reason": "movement_or_liquidity_below_threshold"}
[ACTIVITY] SEITRY status=PASSIVE metrics={"status": "PASSIVE", "quote_volume": 3037721.53, "range_15m_pct": 0.2625, "atr_pct": 0.0637, "volume_ratio": 17.2718, "spread_pct": 0.0524, "checks": {"quote_volume": true, "range_15m": true, "atr": false, "volume_ratio": true, "spread": true}, "reason": "movement_or_liquidity_below_threshold"}
[ACTIVITY] SENTTRY status=ACTIVE metrics={"status": "ACTIVE", "quote_volume": 9184280.1, "range_15m_pct": 1.0101, "atr_pct": 0.2804, "volume_ratio": 1.1536, "spread_pct": 0.0313, "checks": {"quote_volume": true, "range_15m": true, "atr": true, "volume_ratio": true, "spread": true}, "reason": "active"}
[ACTIVITY] SHELLTRY status=PASSIVE metrics={"status": "PASSIVE", "quote_volume": 8015448.02, "range_15m_pct": 1.0989, "atr_pct": 0.3106, "volume_ratio": 0.0386, "spread_pct": 1.0811, "checks": {"quote_volume": true, "range_15m": true, "atr": true, "volume_ratio": false, "spread": false}, "reason": "movement_or_liquidity_below_threshold"}
[ACTIVITY] SHIBTRY status=PASSIVE metrics={"status": "PASSIVE", "quote_volume": 31760898.86, "range_15m_pct": 0.235, "atr_pct": 0.1339, "volume_ratio": 1.8188, "spread_pct": 0.0468, "checks": {"quote_volume": true, "range_15m": true, "atr": false, "volume_ratio": true, "spread": true}, "reason": "movement_or_liquidity_below_threshold"}
[ACTIVITY] SIGNTRY status=PASSIVE metrics={"status": "PASSIVE", "quote_volume": 1759722.23, "range_15m_pct": 0.3175, "atr_pct": 0.0678, "volume_ratio": 10.488, "spread_pct": 0.316, "checks": {"quote_volume": true, "range_15m": true, "atr": false, "volume_ratio": true, "spread": false}, "reason": "movement_or_liquidity_below_threshold"}
[ACTIVITY] SKLTRY status=PASSIVE metrics={"status": "PASSIVE", "quote_volume": 3536778.93, "range_15m_pct": 0.6061, "atr_pct": 0.0861, "volume_ratio": 0.0, "spread_pct": 0.6042, "checks": {"quote_volume": true, "range_15m": true, "atr": false, "volume_ratio": false, "spread": false}, "reason": "movement_or_liquidity_below_threshold"}
[ACTIVITY] SKYTRY status=PASSIVE metrics={"status": "PASSIVE", "quote_volume": 916664.09, "range_15m_pct": 0.0, "atr_pct": 0.0339, "volume_ratio": 0.0, "spread_pct": 0.0395, "checks": {"quote_volume": false, "range_15m": false, "atr": false, "volume_ratio": false, "spread": true}, "reason": "movement_or_liquidity_below_threshold"}
[ACTIVITY] SLPTRY status=PASSIVE metrics={"status": "PASSIVE", "quote_volume": 1125248.47, "range_15m_pct": 0.0, "atr_pct": 0.132, "volume_ratio": 0.0, "spread_pct": 0.3604, "checks": {"quote_volume": true, "range_15m": false, "atr": false, "volume_ratio": false, "spread": false}, "reason": "movement_or_liquidity_below_threshold"}
[ACTIVITY] SNXTRY status=PASSIVE metrics={"status": "PASSIVE", "quote_volume": 4006813.39, "range_15m_pct": 0.0, "atr_pct": 0.1349, "volume_ratio": 0.0, "spread_pct": 0.1045, "checks": {"quote_volume": true, "range_15m": false, "atr": false, "volume_ratio": false, "spread": true}, "reason": "movement_or_liquidity_below_threshold"}
[ACTIVITY] SOLTRY status=PASSIVE metrics={"status": "PASSIVE", "quote_volume": 57014826.12, "range_15m_pct": 0.3601, "atr_pct": 0.1154, "volume_ratio": 0.7933, "spread_pct": 0.0027, "checks": {"quote_volume": true, "range_15m": true, "atr": false, "volume_ratio": true, "spread": true}, "reason": "movement_or_liquidity_below_threshold"}
[ACTIVITY] SOLVTRY status=PASSIVE metrics={"status": "PASSIVE", "quote_volume": 4737121.64, "range_15m_pct": 0.0, "atr_pct": 0.0632, "volume_ratio": 0.0, "spread_pct": 0.8811, "checks": {"quote_volume": true, "range_15m": false, "atr": false, "volume_ratio": false, "spread": false}, "reason": "movement_or_liquidity_below_threshold"}
[ACTIVITY] SOMITRY status=PASSIVE metrics={"status": "PASSIVE", "quote_volume": 1019701.32, "range_15m_pct": 0.4762, "atr_pct": 0.0677, "volume_ratio": 0.0, "spread_pct": 0.2361, "checks": {"quote_volume": true, "range_15m": true, "atr": false, "volume_ratio": false, "spread": true}, "reason": "movement_or_liquidity_below_threshold"}
[ACTIVITY] SOPHTRY status=PASSIVE metrics={"status": "PASSIVE", "quote_volume": 3946603.59, "range_15m_pct": 0.5464, "atr_pct": 0.1165, "volume_ratio": 12.3346, "spread_pct": 0.545, "checks": {"quote_volume": true, "range_15m": true, "atr": false, "volume_ratio": true, "spread": false}, "reason": "movement_or_liquidity_below_threshold"}
[ACTIVITY] SPELLTRY status=PASSIVE metrics={"status": "PASSIVE", "quote_volume": 8643645.95, "range_15m_pct": 0.2681, "atr_pct": 0.0955, "volume_ratio": 0.0, "spread_pct": 0.2663, "checks": {"quote_volume": true, "range_15m": true, "atr": false, "volume_ratio": false, "spread": true}, "reason": "movement_or_liquidity_below_threshold"}
[ACTIVITY] SPKTRY status=PASSIVE metrics={"status": "PASSIVE", "quote_volume": 1649695.12, "range_15m_pct": 0.0, "atr_pct": 0.022, "volume_ratio": 0.0, "spread_pct": 0.176, "checks": {"quote_volume": true, "range_15m": false, "atr": false, "volume_ratio": false, "spread": true}, "reason": "movement_or_liquidity_below_threshold"}
[ACTIVITY] STOTRY status=PASSIVE metrics={"status": "PASSIVE", "quote_volume": 12563010.89, "range_15m_pct": 0.377, "atr_pct": 0.0958, "volume_ratio": 0.1958, "spread_pct": 0.0535, "checks": {"quote_volume": true, "range_15m": true, "atr": false, "volume_ratio": false, "spread": true}, "reason": "movement_or_liquidity_below_threshold"}
[ACTIVITY] STRAXTRY status=PASSIVE metrics={"status": "PASSIVE", "quote_volume": 2578065.92, "range_15m_pct": 0.2445, "atr_pct": 0.0697, "volume_ratio": 0.1185, "spread_pct": 0.2442, "checks": {"quote_volume": true, "range_15m": true, "atr": false, "volume_ratio": false, "spread": true}, "reason": "movement_or_liquidity_below_threshold"}
[ACTIVITY] STRKTRY status=ACTIVE metrics={"status": "ACTIVE", "quote_volume": 13376634.77, "range_15m_pct": 0.184, "atr_pct": 0.2165, "volume_ratio": 1.1518, "spread_pct": 0.0917, "checks": {"quote_volume": true, "range_15m": true, "atr": true, "volume_ratio": true, "spread": true}, "reason": "active"}
[ACTIVITY] STRY status=PASSIVE metrics={"status": "PASSIVE", "quote_volume": 2429236.69, "range_15m_pct": 0.0916, "atr_pct": 0.0588, "volume_ratio": 0.0, "spread_pct": 0.1825, "checks": {"quote_volume": true, "range_15m": false, "atr": false, "volume_ratio": false, "spread": true}, "reason": "movement_or_liquidity_below_threshold"}
[ACTIVITY] STXTRY status=PASSIVE metrics={"status": "PASSIVE", "quote_volume": 2249833.67, "range_15m_pct": 0.0, "atr_pct": 0.0358, "volume_ratio": 0.0, "spread_pct": 0.1663, "checks": {"quote_volume": true, "range_15m": false, "atr": false, "volume_ratio": false, "spread": true}, "reason": "movement_or_liquidity_below_threshold"}
[ACTIVITY] SUITRY status=PASSIVE metrics={"status": "PASSIVE", "quote_volume": 18207543.8, "range_15m_pct": 0.3655, "atr_pct": 0.1062, "volume_ratio": 0.1221, "spread_pct": 0.0303, "checks": {"quote_volume": true, "range_15m": true, "atr": false, "volume_ratio": false, "spread": true}, "reason": "movement_or_liquidity_below_threshold"}
[ACTIVITY] SUNTRY status=PASSIVE metrics={"status": "PASSIVE", "quote_volume": 2194060.11, "range_15m_pct": 0.0575, "atr_pct": 0.0172, "volume_ratio": 0.0, "spread_pct": 0.0805, "checks": {"quote_volume": true, "range_15m": false, "atr": false, "volume_ratio": false, "spread": true}, "reason": "movement_or_liquidity_below_threshold"}
[ACTIVITY] SUPERTRY status=PASSIVE metrics={"status": "PASSIVE", "quote_volume": 3084014.5, "range_15m_pct": 0.7353, "atr_pct": 0.1564, "volume_ratio": 0.0, "spread_pct": 0.2436, "checks": {"quote_volume": true, "range_15m": true, "atr": true, "volume_ratio": false, "spread": true}, "reason": "movement_or_liquidity_below_threshold"}
[ACTIVITY] SUSHITRY status=PASSIVE metrics={"status": "PASSIVE", "quote_volume": 1214249.81, "range_15m_pct": 0.0, "atr_pct": 0.1827, "volume_ratio": 0.0, "spread_pct": 0.1278, "checks": {"quote_volume": true, "range_15m": false, "atr": true, "volume_ratio": false, "spread": true}, "reason": "movement_or_liquidity_below_threshold"}
[ACTIVITY] SXTTRY status=PASSIVE metrics={"status": "PASSIVE", "quote_volume": 3209045.61, "range_15m_pct": 0.8614, "atr_pct": 0.1463, "volume_ratio": 0.5156, "spread_pct": 0.0277, "checks": {"quote_volume": true, "range_15m": true, "atr": false, "volume_ratio": true, "spread": true}, "reason": "movement_or_liquidity_below_threshold"}
[ACTIVITY] SYRUPTRY status=PASSIVE metrics={"status": "PASSIVE", "quote_volume": 2131973.09, "range_15m_pct": 0.1558, "atr_pct": 0.0343, "volume_ratio": 0.0, "spread_pct": 0.1128, "checks": {"quote_volume": true, "range_15m": true, "atr": false, "volume_ratio": false, "spread": true}, "reason": "movement_or_liquidity_below_threshold"}
[ACTIVITY] TAOTRY status=PASSIVE metrics={"status": "PASSIVE", "quote_volume": 17793693.26, "range_15m_pct": 0.4233, "atr_pct": 0.1799, "volume_ratio": 0.0, "spread_pct": 0.0513, "checks": {"quote_volume": true, "range_15m": true, "atr": true, "volume_ratio": false, "spread": true}, "reason": "movement_or_liquidity_below_threshold"}
[ACTIVITY] THETATRY status=PASSIVE metrics={"status": "PASSIVE", "quote_volume": 1636150.05, "range_15m_pct": 0.1256, "atr_pct": 0.0336, "volume_ratio": 29.8917, "spread_pct": 0.2193, "checks": {"quote_volume": true, "range_15m": false, "atr": false, "volume_ratio": true, "spread": true}, "reason": "movement_or_liquidity_below_threshold"}
[ACTIVITY] THETRY status=PASSIVE metrics={"status": "PASSIVE", "quote_volume": 34334720.93, "range_15m_pct": 0.682, "atr_pct": 0.4113, "volume_ratio": 0.0795, "spread_pct": 0.1426, "checks": {"quote_volume": true, "range_15m": true, "atr": true, "volume_ratio": false, "spread": true}, "reason": "movement_or_liquidity_below_threshold"}
[ACTIVITY] TIATRY status=ACTIVE metrics={"status": "ACTIVE", "quote_volume": 23156454.63, "range_15m_pct": 0.342, "atr_pct": 0.2241, "volume_ratio": 1.143, "spread_pct": 0.0681, "checks": {"quote_volume": true, "range_15m": true, "atr": true, "volume_ratio": true, "spread": true}, "reason": "active"}
[ACTIVITY] TLMTRY status=PASSIVE metrics={"status": "PASSIVE", "quote_volume": 28704625.97, "range_15m_pct": 0.6887, "atr_pct": 0.3723, "volume_ratio": 0.1849, "spread_pct": 0.1373, "checks": {"quote_volume": true, "range_15m": true, "atr": true, "volume_ratio": false, "spread": true}, "reason": "movement_or_liquidity_below_threshold"}
[ACTIVITY] TNSRTRY status=PASSIVE metrics={"status": "PASSIVE", "quote_volume": 18508930.35, "range_15m_pct": 1.2903, "atr_pct": 0.5069, "volume_ratio": 0.2588, "spread_pct": 0.6431, "checks": {"quote_volume": true, "range_15m": true, "atr": true, "volume_ratio": false, "spread": false}, "reason": "movement_or_liquidity_below_threshold"}
[ACTIVITY] TOWNSTRY status=PASSIVE metrics={"status": "PASSIVE", "quote_volume": 12289909.34, "range_15m_pct": 0.0, "atr_pct": 0.3827, "volume_ratio": 0.0, "spread_pct": 0.8969, "checks": {"quote_volume": true, "range_15m": false, "atr": true, "volume_ratio": false, "spread": false}, "reason": "movement_or_liquidity_below_threshold"}
[ACTIVITY] TRBTRY status=PASSIVE metrics={"status": "PASSIVE", "quote_volume": 13201047.43, "range_15m_pct": 0.0, "atr_pct": 0.1957, "volume_ratio": 0.0, "spread_pct": 0.3053, "checks": {"quote_volume": true, "range_15m": false, "atr": true, "volume_ratio": false, "spread": false}, "reason": "movement_or_liquidity_below_threshold"}
[ACTIVITY] TREETRY status=PASSIVE metrics={"status": "PASSIVE", "quote_volume": 2003763.19, "range_15m_pct": 0.6024, "atr_pct": 0.0855, "volume_ratio": 9.4387, "spread_pct": 0.6006, "checks": {"quote_volume": true, "range_15m": true, "atr": false, "volume_ratio": true, "spread": false}, "reason": "movement_or_liquidity_below_threshold"}
[ACTIVITY] TRUMPTRY status=ACTIVE metrics={"status": "ACTIVE", "quote_volume": 22356080.31, "range_15m_pct": 0.4274, "atr_pct": 0.1621, "volume_ratio": 0.9176, "spread_pct": 0.1413, "checks": {"quote_volume": true, "range_15m": true, "atr": true, "volume_ratio": true, "spread": true}, "reason": "active"}
[ACTIVITY] TRXTRY status=PASSIVE metrics={"status": "PASSIVE", "quote_volume": 44449866.56, "range_15m_pct": 0.0561, "atr_pct": 0.0347, "volume_ratio": 1.1843, "spread_pct": 0.0062, "checks": {"quote_volume": true, "range_15m": false, "atr": false, "volume_ratio": true, "spread": true}, "reason": "movement_or_liquidity_below_threshold"}
[ACTIVITY] TSTTRY status=ACTIVE metrics={"status": "ACTIVE", "quote_volume": 216492994.56, "range_15m_pct": 1.3373, "atr_pct": 0.9426, "volume_ratio": 0.5832, "spread_pct": 0.1463, "checks": {"quote_volume": true, "range_15m": true, "atr": true, "volume_ratio": true, "spread": true}, "reason": "active"}
[ACTIVITY] TURBOTRY status=PASSIVE metrics={"status": "PASSIVE", "quote_volume": 6595495.31, "range_15m_pct": 0.2591, "atr_pct": 0.1295, "volume_ratio": 0.0425, "spread_pct": 0.2587, "checks": {"quote_volume": true, "range_15m": true, "atr": false, "volume_ratio": false, "spread": true}, "reason": "movement_or_liquidity_below_threshold"}
[ACTIVITY] TURTLETRY status=PASSIVE metrics={"status": "PASSIVE", "quote_volume": 1315166.36, "range_15m_pct": 0.0, "atr_pct": 0.0, "volume_ratio": 0.3118, "spread_pct": 0.4684, "checks": {"quote_volume": true, "range_15m": false, "atr": false, "volume_ratio": false, "spread": false}, "reason": "movement_or_liquidity_below_threshold"}
[ACTIVITY] TWTTRY status=ACTIVE metrics={"status": "ACTIVE", "quote_volume": 5721696.7, "range_15m_pct": 0.5271, "atr_pct": 0.2367, "volume_ratio": 1.6177, "spread_pct": 0.1052, "checks": {"quote_volume": true, "range_15m": true, "atr": true, "volume_ratio": true, "spread": true}, "reason": "active"}
[ACTIVITY] UMATRY status=PASSIVE metrics={"status": "PASSIVE", "quote_volume": 10069683.18, "range_15m_pct": 0.1912, "atr_pct": 0.1136, "volume_ratio": 0.0, "spread_pct": 0.0636, "checks": {"quote_volume": true, "range_15m": true, "atr": false, "volume_ratio": false, "spread": true}, "reason": "movement_or_liquidity_below_threshold"}
[ACTIVITY] UNITRY status=PASSIVE metrics={"status": "PASSIVE", "quote_volume": 25702834.51, "range_15m_pct": 0.4154, "atr_pct": 0.4358, "volume_ratio": 0.3168, "spread_pct": 0.0591, "checks": {"quote_volume": true, "range_15m": true, "atr": true, "volume_ratio": false, "spread": true}, "reason": "movement_or_liquidity_below_threshold"}
[ACTIVITY] USD1TRY status=PASSIVE metrics={"status": "PASSIVE", "quote_volume": 2378374.65, "range_15m_pct": 0.0, "atr_pct": 0.0015, "volume_ratio": 0.0, "spread_pct": 0.021, "checks": {"quote_volume": true, "range_15m": false, "atr": false, "volume_ratio": false, "spread": true}, "reason": "movement_or_liquidity_below_threshold"}
[ACTIVITY] USDCTRY status=PASSIVE metrics={"status": "PASSIVE", "quote_volume": 95277690.89, "range_15m_pct": 0.021, "atr_pct": 0.021, "volume_ratio": 1.715, "spread_pct": 0.021, "checks": {"quote_volume": true, "range_15m": false, "atr": false, "volume_ratio": true, "spread": true}, "reason": "movement_or_liquidity_below_threshold"}
[ACTIVITY] USDTTRY status=PASSIVE metrics={"status": "PASSIVE", "quote_volume": 1212217097.77, "range_15m_pct": 0.021, "atr_pct": 0.0225, "volume_ratio": 1.0996, "spread_pct": 0.021, "checks": {"quote_volume": true, "range_15m": false, "atr": false, "volume_ratio": true, "spread": true}, "reason": "movement_or_liquidity_below_threshold"}
[ACTIVITY] USTCTRY status=PASSIVE metrics={"status": "PASSIVE", "quote_volume": 47254563.93, "range_15m_pct": 0.1241, "atr_pct": 0.3546, "volume_ratio": 0.1108, "spread_pct": 0.2061, "checks": {"quote_volume": true, "range_15m": false, "atr": true, "volume_ratio": false, "spread": true}, "reason": "movement_or_liquidity_below_threshold"}
[ACTIVITY] USUALTRY status=PASSIVE metrics={"status": "PASSIVE", "quote_volume": 13619389.98, "range_15m_pct": 0.4751, "atr_pct": 0.2026, "volume_ratio": 0.0, "spread_pct": 0.2367, "checks": {"quote_volume": true, "range_15m": true, "atr": true, "volume_ratio": false, "spread": true}, "reason": "movement_or_liquidity_below_threshold"}
[ACTIVITY] UTRY status=PASSIVE metrics={"status": "PASSIVE", "quote_volume": 1315387.08, "range_15m_pct": 0.0, "atr_pct": 0.0, "volume_ratio": 0.0, "spread_pct": 0.021, "checks": {"quote_volume": true, "range_15m": false, "atr": false, "volume_ratio": false, "spread": true}, "reason": "movement_or_liquidity_below_threshold"}
[ACTIVITY] VANATRY status=PASSIVE metrics={"status": "PASSIVE", "quote_volume": 1574590.37, "range_15m_pct": 0.0, "atr_pct": 0.0888, "volume_ratio": 0.0, "spread_pct": 0.2478, "checks": {"quote_volume": true, "range_15m": false, "atr": false, "volume_ratio": false, "spread": true}, "reason": "movement_or_liquidity_below_threshold"}
[ACTIVITY] VANRYTRY status=PASSIVE metrics={"status": "PASSIVE", "quote_volume": 26930281.38, "range_15m_pct": 3.1879, "atr_pct": 1.2807, "volume_ratio": 1.1786, "spread_pct": 0.8244, "checks": {"quote_volume": true, "range_15m": true, "atr": true, "volume_ratio": true, "spread": false}, "reason": "movement_or_liquidity_below_threshold"}
[ACTIVITY] VETTRY status=PASSIVE metrics={"status": "PASSIVE", "quote_volume": 1099533.26, "range_15m_pct": 0.0, "atr_pct": 0.0195, "volume_ratio": 0.0, "spread_pct": 0.3613, "checks": {"quote_volume": true, "range_15m": false, "atr": false, "volume_ratio": false, "spread": false}, "reason": "movement_or_liquidity_below_threshold"}
[ACTIVITY] VICTRY status=PASSIVE metrics={"status": "PASSIVE", "quote_volume": 71751661.95, "range_15m_pct": 2.521, "atr_pct": 1.3095, "volume_ratio": 0.4535, "spread_pct": 0.8299, "checks": {"quote_volume": true, "range_15m": true, "atr": true, "volume_ratio": false, "spread": false}, "reason": "movement_or_liquidity_below_threshold"}
[ACTIVITY] VIRTUALTRY status=PASSIVE metrics={"status": "PASSIVE", "quote_volume": 2024475.39, "range_15m_pct": 0.1566, "atr_pct": 0.0895, "volume_ratio": 0.3188, "spread_pct": 0.3121, "checks": {"quote_volume": true, "range_15m": true, "atr": false, "volume_ratio": false, "spread": false}, "reason": "movement_or_liquidity_below_threshold"}
[ACTIVITY] WALTRY status=PASSIVE metrics={"status": "PASSIVE", "quote_volume": 1439907.65, "range_15m_pct": 0.9615, "atr_pct": 0.068, "volume_ratio": 0.0, "spread_pct": 0.9569, "checks": {"quote_volume": true, "range_15m": true, "atr": false, "volume_ratio": false, "spread": false}, "reason": "movement_or_liquidity_below_threshold"}
[ACTIVITY] WCTTRY status=PASSIVE metrics={"status": "PASSIVE", "quote_volume": 485194.97, "range_15m_pct": 0.0, "atr_pct": 0.0083, "volume_ratio": 0.0, "spread_pct": 0.4646, "checks": {"quote_volume": false, "range_15m": false, "atr": false, "volume_ratio": false, "spread": false}, "reason": "movement_or_liquidity_below_threshold"}
[ACTIVITY] WIFTRY status=PASSIVE metrics={"status": "PASSIVE", "quote_volume": 6090277.93, "range_15m_pct": 0.0, "atr_pct": 0.0432, "volume_ratio": 0.0, "spread_pct": 0.09, "checks": {"quote_volume": true, "range_15m": false, "atr": false, "volume_ratio": false, "spread": true}, "reason": "movement_or_liquidity_below_threshold"}
[ACTIVITY] WLDTRY status=ACTIVE metrics={"status": "ACTIVE", "quote_volume": 35955168.65, "range_15m_pct": 0.6875, "atr_pct": 0.1907, "volume_ratio": 1.2884, "spread_pct": 0.0621, "checks": {"quote_volume": true, "range_15m": true, "atr": true, "volume_ratio": true, "spread": true}, "reason": "active"}
[ACTIVITY] WLFITRY status=PASSIVE metrics={"status": "PASSIVE", "quote_volume": 7806468.3, "range_15m_pct": 0.1527, "atr_pct": 0.0545, "volume_ratio": 1.2869, "spread_pct": 0.0381, "checks": {"quote_volume": true, "range_15m": true, "atr": false, "volume_ratio": true, "spread": true}, "reason": "movement_or_liquidity_below_threshold"}
[ACTIVITY] WTRY status=PASSIVE metrics={"status": "PASSIVE", "quote_volume": 3708375.39, "range_15m_pct": 0.0, "atr_pct": 0.081, "volume_ratio": 0.0, "spread_pct": 0.1506, "checks": {"quote_volume": true, "range_15m": false, "atr": false, "volume_ratio": false, "spread": true}, "reason": "movement_or_liquidity_below_threshold"}
[ACTIVITY] XAITRY status=PASSIVE metrics={"status": "PASSIVE", "quote_volume": 13028024.95, "range_15m_pct": 0.3902, "atr_pct": 0.1389, "volume_ratio": 0.0025, "spread_pct": 0.0974, "checks": {"quote_volume": true, "range_15m": true, "atr": false, "volume_ratio": false, "spread": true}, "reason": "movement_or_liquidity_below_threshold"}
[ACTIVITY] XAUTTRY status=PASSIVE metrics={"status": "PASSIVE", "quote_volume": 17409214.77, "range_15m_pct": 0.2903, "atr_pct": 0.0611, "volume_ratio": 7.5405, "spread_pct": 0.0076, "checks": {"quote_volume": true, "range_15m": true, "atr": false, "volume_ratio": true, "spread": true}, "reason": "movement_or_liquidity_below_threshold"}
[ACTIVITY] XECTRY status=PASSIVE metrics={"status": "PASSIVE", "quote_volume": 3897881.42, "range_15m_pct": 0.2892, "atr_pct": 0.0984, "volume_ratio": 9.2431, "spread_pct": 0.1919, "checks": {"quote_volume": true, "range_15m": true, "atr": false, "volume_ratio": true, "spread": true}, "reason": "movement_or_liquidity_below_threshold"}
[ACTIVITY] XLMTRY status=PASSIVE metrics={"status": "PASSIVE", "quote_volume": 8401130.74, "range_15m_pct": 0.6541, "atr_pct": 0.1439, "volume_ratio": 0.0069, "spread_pct": 0.013, "checks": {"quote_volume": true, "range_15m": true, "atr": false, "volume_ratio": false, "spread": true}, "reason": "movement_or_liquidity_below_threshold"}
[ACTIVITY] XPLTRY status=PASSIVE metrics={"status": "PASSIVE", "quote_volume": 3722135.88, "range_15m_pct": 0.5531, "atr_pct": 0.2007, "volume_ratio": 0.2239, "spread_pct": 0.0823, "checks": {"quote_volume": true, "range_15m": true, "atr": true, "volume_ratio": false, "spread": true}, "reason": "movement_or_liquidity_below_threshold"}
[ACTIVITY] XRPTRY status=PASSIVE metrics={"status": "PASSIVE", "quote_volume": 144639789.09, "range_15m_pct": 0.4939, "atr_pct": 0.0951, "volume_ratio": 5.9674, "spread_pct": 0.0205, "checks": {"quote_volume": true, "range_15m": true, "atr": false, "volume_ratio": true, "spread": true}, "reason": "movement_or_liquidity_below_threshold"}
[ACTIVITY] XTZTRY status=PASSIVE metrics={"status": "PASSIVE", "quote_volume": 387801.71, "range_15m_pct": 0.6472, "atr_pct": 0.0995, "volume_ratio": 3.4172, "spread_pct": 0.321, "checks": {"quote_volume": false, "range_15m": true, "atr": false, "volume_ratio": true, "spread": false}, "reason": "movement_or_liquidity_below_threshold"}
[ACTIVITY] XVGTRY status=PASSIVE metrics={"status": "PASSIVE", "quote_volume": 5246078.86, "range_15m_pct": 0.0, "atr_pct": 0.1631, "volume_ratio": 0.0, "spread_pct": 0.198, "checks": {"quote_volume": true, "range_15m": false, "atr": true, "volume_ratio": false, "spread": true}, "reason": "movement_or_liquidity_below_threshold"}
[ACTIVITY] YBTRY status=PASSIVE metrics={"status": "PASSIVE", "quote_volume": 1927882.39, "range_15m_pct": 0.5319, "atr_pct": 0.2079, "volume_ratio": 0.2753, "spread_pct": 0.2656, "checks": {"quote_volume": true, "range_15m": true, "atr": true, "volume_ratio": false, "spread": true}, "reason": "movement_or_liquidity_below_threshold"}
[ACTIVITY] ZAMATRY status=PASSIVE metrics={"status": "PASSIVE", "quote_volume": 301788.31, "range_15m_pct": 0.0, "atr_pct": 0.1646, "volume_ratio": 0.0, "spread_pct": 0.2764, "checks": {"quote_volume": false, "range_15m": false, "atr": true, "volume_ratio": false, "spread": true}, "reason": "movement_or_liquidity_below_threshold"}
[ACTIVITY] ZBTTRY status=PASSIVE metrics={"status": "PASSIVE", "quote_volume": 56115144.63, "range_15m_pct": 0.4608, "atr_pct": 0.2457, "volume_ratio": 0.0789, "spread_pct": 0.2296, "checks": {"quote_volume": true, "range_15m": true, "atr": true, "volume_ratio": false, "spread": true}, "reason": "movement_or_liquidity_below_threshold"}
[ACTIVITY] ZILTRY status=ACTIVE metrics={"status": "ACTIVE", "quote_volume": 4066093.74, "range_15m_pct": 0.1807, "atr_pct": 0.1612, "volume_ratio": 0.5408, "spread_pct": 0.0901, "checks": {"quote_volume": true, "range_15m": true, "atr": true, "volume_ratio": true, "spread": true}, "reason": "active"}
[ACTIVITY] ZKCTRY status=PASSIVE metrics={"status": "PASSIVE", "quote_volume": 799343.67, "range_15m_pct": 0.0, "atr_pct": 0.0392, "volume_ratio": 0.0, "spread_pct": 0.5479, "checks": {"quote_volume": false, "range_15m": false, "atr": false, "volume_ratio": false, "spread": false}, "reason": "movement_or_liquidity_below_threshold"}
[ACTIVITY] ZKPTRY status=PASSIVE metrics={"status": "PASSIVE", "quote_volume": 969348.2, "range_15m_pct": 0.0, "atr_pct": 0.031, "volume_ratio": 0.0, "spread_pct": 0.1928, "checks": {"quote_volume": false, "range_15m": false, "atr": false, "volume_ratio": false, "spread": true}, "reason": "movement_or_liquidity_below_threshold"}
[ACTIVITY] ZKTRY status=ACTIVE metrics={"status": "ACTIVE", "quote_volume": 12119260.41, "range_15m_pct": 0.5747, "atr_pct": 0.2857, "volume_ratio": 0.9957, "spread_pct": 0.2861, "checks": {"quote_volume": true, "range_15m": true, "atr": true, "volume_ratio": true, "spread": true}, "reason": "active"}
[ACTIVITY] ZROTRY status=PASSIVE metrics={"status": "PASSIVE", "quote_volume": 9681020.5, "range_15m_pct": 1.0025, "atr_pct": 0.1595, "volume_ratio": 0.14, "spread_pct": 0.2478, "checks": {"quote_volume": true, "range_15m": true, "atr": true, "volume_ratio": false, "spread": true}, "reason": "movement_or_liquidity_below_threshold"}
[SIGNAL] 2026-08-11T09:24:59+00:00 MOVRTRY BUY fill_at=2026-08-11T09:29:59+00:00 features={"close": 44.8, "bb_lower": 47.16185484244887, "bb_upper": 57.60957372897969, "rsi": 1.480467484299382, "mfi": 19.350043425224385, "atr": 1.0642857142857147}
[ENTRY] 2026-08-11T09:29:59+00:00 MOVRTRY layer=1 value=1000.00 entry=44.73352500 cash=8998.50
[SCAN] 2026-08-11T09:29:59+00:00 symbols=20 signals=1 entries=1 exits=0 blocked=0 open=1 cash=8998.50 equity=9964.22
[SIGNAL] 2026-08-11T09:29:59+00:00 MOVRTRY BUY fill_at=2026-08-11T09:34:59+00:00 features={"close": 43.2, "bb_lower": 45.402126261005975, "bb_upper": 58.37882611994641, "rsi": 1.2119358204514583, "mfi": 9.474198905689505, "atr": 1.278571428571429}
[ENTRY] 2026-08-11T09:34:59+00:00 MOVRTRY layer=2 value=996.65 entry=42.73202500 cash=8000.36
[SIGNAL] 2026-08-11T09:29:59+00:00 MAVTRY BUY fill_at=2026-08-11T09:34:59+00:00 features={"close": 0.48, "bb_lower": 0.4945480161985957, "bb_upper": 0.5530710314204518, "rsi": 34.8705312689918, "mfi": 27.754864173884982, "atr": 0.020000000000000018}
[ENTRY] 2026-08-11T09:34:59+00:00 MAVTRY layer=1 value=997.82 entry=0.49036750 cash=7001.04
[SCAN] 2026-08-11T09:34:59+00:00 symbols=20 signals=2 entries=2 exits=0 blocked=0 open=2 cash=7001.04 equity=9955.61
[SIGNAL] 2026-08-11T09:34:59+00:00 MOVRTRY BUY fill_at=2026-08-11T09:39:59+00:00 features={"close": 43.3, "bb_lower": 44.012329532353824, "bb_upper": 58.759099039074734, "rsi": 2.4104469817930436, "mfi": 7.909131421068437, "atr": 1.4000000000000001}
[BLOCKED] MOVRTRY reason=max_layers
[SIGNAL] 2026-08-11T09:34:59+00:00 MAVTRY BUY fill_at=2026-08-11T09:39:59+00:00 features={"close": 0.48, "bb_lower": 0.48719834826992653, "bb_upper": 0.5566111755395975, "rsi": 34.87053127117714, "mfi": 24.45864851285708, "atr": 0.019285714285714302}
[ENTRY] 2026-08-11T09:39:59+00:00 MAVTRY layer=2 value=1000.13 entry=0.48036000 cash=5999.41
[SCAN] 2026-08-11T09:39:59+00:00 symbols=20 signals=2 entries=1 exits=0 blocked=1 open=2 cash=5999.41 equity=9999.04
[SIGNAL] 2026-08-11T09:39:59+00:00 MAVTRY BUY fill_at=2026-08-11T09:44:59+00:00 features={"close": 0.48, "bb_lower": 0.481696622720948, "bb_upper": 0.5592557582314331, "rsi": 34.87053127609249, "mfi": 22.160042458350972, "atr": 0.019285714285714302}
[BLOCKED] MAVTRY reason=max_layers
[EXIT] 2026-08-11T09:44:59+00:00 MOVRTRY reason=fixed_take_profit pnl=+38.67 cash=8037.73
[SCAN] 2026-08-11T09:44:59+00:00 symbols=20 signals=1 entries=0 exits=1 blocked=1 open=1 cash=8037.73 equity=10013.83
[SCAN] 2026-08-11T09:49:59+00:00 symbols=20 signals=0 entries=0 exits=0 blocked=0 open=1 cash=8037.73 equity=10013.83
[SIGNAL] 2026-08-11T09:49:59+00:00 GUNTRY BUY fill_at=2026-08-11T09:54:59+00:00 features={"close": 0.167, "bb_lower": 0.1674548016198596, "bb_upper": 0.17330710314204517, "rsi": 41.11650939672728, "mfi": 41.58079184089144, "atr": 0.001999999999999988}
[ENTRY] 2026-08-11T09:54:59+00:00 GUNTRY layer=1 value=997.27 entry=0.16712525 cash=7038.96
[SCAN] 2026-08-11T09:54:59+00:00 symbols=20 signals=1 entries=1 exits=0 blocked=0 open=2 cash=7038.96 equity=9970.42
[SIGNAL] 2026-08-11T09:54:59+00:00 GUNTRY BUY fill_at=2026-08-11T09:59:59+00:00 features={"close": 0.167, "bb_lower": 0.16722676067994285, "bb_upper": 0.17343990598672382, "rsi": 41.11650938638186, "mfi": 44.89701408399825, "atr": 0.001999999999999988}
[ENTRY] 2026-08-11T09:59:59+00:00 GUNTRY layer=2 value=1004.68 entry=0.16712525 cash=6032.78
[EXIT] 2026-08-11T09:59:59+00:00 MAVTRY reason=fixed_take_profit pnl=+38.70 cash=8072.42
[SCAN] 2026-08-11T09:59:59+00:00 symbols=20 signals=1 entries=1 exits=1 blocked=0 open=1 cash=8072.42 equity=10060.89
Traceback (most recent call last):
  File "/mnt/d/scalperagent_v4/backend/scripts/run_portfolio_backtest.py", line 588, in <module>
    asyncio.run(run(parser.parse_args()))
  File "/usr/lib/python3.10/asyncio/runners.py", line 44, in run
    return loop.run_until_complete(main)
  File "/usr/lib/python3.10/asyncio/base_events.py", line 649, in run_until_complete
    return future.result()
  File "/mnt/d/scalperagent_v4/backend/scripts/run_portfolio_backtest.py", line 346, in run
    ts - position["entry_time"] >= args.passive_loss_exit_hours * 3600):
TypeError: 'NoneType' object is not subscriptable
