[START] strategy=BB_MFI_MEAN_REVERSION pine_version=v3 initial=10000.00 TRY window=2026-08-11T09:05:58+00:00..2026-08-12T09:05:58+00:00
[CONFIG] universe=312 source=BinanceTR-exchangeInfo order_pct=0.1000 pyramiding=2 max_positions=36 commission=0.001500 spread=0.001000 slippage=0.000250
[DATA] 0GTRY source=BinanceTR-public interval=5m candles=575
[DATA] 1000CATTRY source=BinanceTR-public interval=5m candles=575
[DATA] 1000SATSTRY source=BinanceTR-public interval=5m candles=575
[DATA] 2ZTRY source=BinanceTR-public interval=5m candles=575
[DATA] 1MBABYDOGETRY source=BinanceTR-public interval=5m candles=575
[DATA] ACETRY source=BinanceTR-public interval=5m candles=575
[DATA] AAVETRY source=BinanceTR-public interval=5m candles=575
[DATA] ACHTRY source=BinanceTR-public interval=5m candles=575
[DATA] ACMTRY source=BinanceTR-public interval=5m candles=575
[DATA] ACTTRY source=BinanceTR-public interval=5m candles=575
[DATA] ADATRY source=BinanceTR-public interval=5m candles=575
[DATA] ACXTRY source=BinanceTR-public interval=5m candles=575
[DATA] AIGENSYNTRY source=BinanceTR-public interval=5m candles=575
[DATA] AEROTRY source=BinanceTR-public interval=5m candles=575
[DATA] AEVOTRY source=BinanceTR-public interval=5m candles=575
[DATA] AITRY source=BinanceTR-public interval=5m candles=575
[DATA] AIXBTTRY source=BinanceTR-public interval=5m candles=575
[DATA] ALLOTRY source=BinanceTR-public interval=5m candles=575
[DATA] ALICETRY source=BinanceTR-public interval=5m candles=575
[DATA] ALGOTRY source=BinanceTR-public interval=5m candles=575
[DATA] ALTTRY source=BinanceTR-public interval=5m candles=575
[DATA] AMPTRY source=BinanceTR-public interval=5m candles=575
[DATA] ALPINETRY source=BinanceTR-public interval=5m candles=575
[DATA] ANIMETRY source=BinanceTR-public interval=5m candles=575
[DATA] ANKRTRY source=BinanceTR-public interval=5m candles=575
[DATA] API3TRY source=BinanceTR-public interval=5m candles=575
[DATA] APETRY source=BinanceTR-public interval=5m candles=575
[DATA] APTTRY source=BinanceTR-public interval=5m candles=575
[DATA] ARKMTRY source=BinanceTR-public interval=5m candles=575
[DATA] ARPATRY source=BinanceTR-public interval=5m candles=575
[DATA] ARKTRY source=BinanceTR-public interval=5m candles=575
[DATA] ARBTRY source=BinanceTR-public interval=5m candles=575
[DATA] ARTRY source=BinanceTR-public interval=5m candles=575
[DATA] ASRTRY source=BinanceTR-public interval=5m candles=575
[DATA] ASTERTRY source=BinanceTR-public interval=5m candles=575
[DATA] ATMTRY source=BinanceTR-public interval=5m candles=575
[DATA] ATRY source=BinanceTR-public interval=5m candles=575
[DATA] ATTRY source=BinanceTR-public interval=5m candles=575
[DATA] AUDIOTRY source=BinanceTR-public interval=5m candles=575
[DATA] AUCTIONTRY source=BinanceTR-public interval=5m candles=575
[DATA] AVAXTRY source=BinanceTR-public interval=5m candles=575
[DATA] AVNTTRY source=BinanceTR-public interval=5m candles=575
[DATA] AXSTRY source=BinanceTR-public interval=5m candles=575
[DATA] AXLTRY source=BinanceTR-public interval=5m candles=575
[DATA] BABYTRY source=BinanceTR-public interval=5m candles=575
[DATA] BANANATRY source=BinanceTR-public interval=5m candles=575
[DATA] BANKTRY source=BinanceTR-public interval=5m candles=575
[DATA] BARDTRY source=BinanceTR-public interval=5m candles=575
[DATA] BARTRY source=BinanceTR-public interval=5m candles=575
[DATA] BBTRY source=BinanceTR-public interval=5m candles=575
[DATA] BCHTRY source=BinanceTR-public interval=5m candles=575
[DATA] BEAMXTRY source=BinanceTR-public interval=5m candles=575
[DATA] ATOMTRY source=BinanceTR-public interval=5m candles=575
[DATA] BELTRY source=BinanceTR-public interval=5m candles=575
[DATA] BIOTRY source=BinanceTR-public interval=5m candles=575
[DATA] BLURTRY source=BinanceTR-public interval=5m candles=575
[DATA] BERATRY source=BinanceTR-public interval=5m candles=575
[DATA] BMTTRY source=BinanceTR-public interval=5m candles=575
[DATA] BNBTRY source=BinanceTR-public interval=5m candles=575
[DATA] BOMETRY source=BinanceTR-public interval=5m candles=575
[DATA] BREVTRY source=BinanceTR-public interval=5m candles=575
[DATA] BONKTRY source=BinanceTR-public interval=5m candles=575
[DATA] CAKETRY source=BinanceTR-public interval=5m candles=575
[DATA] CELOTRY source=BinanceTR-public interval=5m candles=575
[DATA] BTCTRY source=BinanceTR-public interval=5m candles=575
[DATA] CATITRY source=BinanceTR-public interval=5m candles=575
[DATA] BTTCTRY source=BinanceTR-public interval=5m candles=575
[DATA] CFGTRY source=BinanceTR-public interval=5m candles=575
[DATA] CHIPTRY source=BinanceTR-public interval=5m candles=575
[DATA] CETUSTRY source=BinanceTR-public interval=5m candles=575
[DATA] CFXTRY source=BinanceTR-public interval=5m candles=575
[DATA] CHZTRY source=BinanceTR-public interval=5m candles=575
[DATA] CKBTRY source=BinanceTR-public interval=5m candles=575
[DATA] COMPTRY source=BinanceTR-public interval=5m candles=575
[DATA] CITYTRY source=BinanceTR-public interval=5m candles=575
[DATA] CRVTRY source=BinanceTR-public interval=5m candles=575
[DATA] COTITRY source=BinanceTR-public interval=5m candles=575
[DATA] COWTRY source=BinanceTR-public interval=5m candles=575
[DATA] CTRY source=BinanceTR-public interval=5m candles=575
[DATA] CYBERTRY source=BinanceTR-public interval=5m candles=575
[DATA] DASHTRY source=BinanceTR-public interval=5m candles=575
[DATA] DODOTRY source=BinanceTR-public interval=5m candles=575
[DATA] DOGSTRY source=BinanceTR-public interval=5m candles=575
[DATA] DOGETRY source=BinanceTR-public interval=5m candles=575
[DATA] DOTTRY source=BinanceTR-public interval=5m candles=575
[DATA] DOLOTRY source=BinanceTR-public interval=5m candles=575
[DATA] DYMTRY source=BinanceTR-public interval=5m candles=575
[DATA] EDENTRY source=BinanceTR-public interval=5m candles=575
[DATA] DYDXTRY source=BinanceTR-public interval=5m candles=575
[DATA] EDUTRY source=BinanceTR-public interval=5m candles=575
[DATA] EGLDTRY source=BinanceTR-public interval=5m candles=575
[DATA] ENATRY source=BinanceTR-public interval=5m candles=575
[DATA] ENJTRY source=BinanceTR-public interval=5m candles=575
[DATA] EIGENTRY source=BinanceTR-public interval=5m candles=575
[DATA] ENSTRY source=BinanceTR-public interval=5m candles=575
[DATA] ENSOTRY source=BinanceTR-public interval=5m candles=575
[DATA] ERATRY source=BinanceTR-public interval=5m candles=575
[DATA] ETHTRY source=BinanceTR-public interval=5m candles=575
[DATA] ETCTRY source=BinanceTR-public interval=5m candles=575
[DATA] ESPTRY source=BinanceTR-public interval=5m candles=575
[DATA] ETHFITRY source=BinanceTR-public interval=5m candles=575
[DATA] FDUSDTRY source=BinanceTR-public interval=5m candles=575
[DATA] EULTRY source=BinanceTR-public interval=5m candles=575
[DATA] FFTRY source=BinanceTR-public interval=5m candles=575
[DATA] FETTRY source=BinanceTR-public interval=5m candles=575
[DATA] FILTRY source=BinanceTR-public interval=5m candles=575
[DATA] FIDATRY source=BinanceTR-public interval=5m candles=575
[DATA] FOGOTRY source=BinanceTR-public interval=5m candles=575
[DATA] FLOKITRY source=BinanceTR-public interval=5m candles=575
[DATA] FORMTRY source=BinanceTR-public interval=5m candles=575
[DATA] GALATRY source=BinanceTR-public interval=5m candles=575
[DATA] FTRY source=BinanceTR-public interval=5m candles=575
[DATA] GENIUSTRY source=BinanceTR-public interval=5m candles=575
[DATA] GASTRY source=BinanceTR-public interval=5m candles=575
[DATA] GMTTRY source=BinanceTR-public interval=5m candles=575
[DATA] GIGGLETRY source=BinanceTR-public interval=5m candles=575
[DATA] GPSTRY source=BinanceTR-public interval=5m candles=575
[DATA] GRAMTRY source=BinanceTR-public interval=5m candles=575
[DATA] GRTTRY source=BinanceTR-public interval=5m candles=575
[DATA] HAEDALTRY source=BinanceTR-public interval=5m candles=575
[DATA] GTRY source=BinanceTR-public interval=5m candles=575
[DATA] HEITRY source=BinanceTR-public interval=5m candles=575
[DATA] GUNTRY source=BinanceTR-public interval=5m candles=575
[DATA] HEMITRY source=BinanceTR-public interval=5m candles=575
[DATA] HBARTRY source=BinanceTR-public interval=5m candles=575
[DATA] HMSTRTRY source=BinanceTR-public interval=5m candles=575
[DATA] HIVETRY source=BinanceTR-public interval=5m candles=575
[DATA] HOLOTRY source=BinanceTR-public interval=5m candles=575
[DATA] HOTTRY source=BinanceTR-public interval=5m candles=575
[DATA] HOMETRY source=BinanceTR-public interval=5m candles=575
[DATA] IDTRY source=BinanceTR-public interval=5m candles=575
[DATA] ICPTRY source=BinanceTR-public interval=5m candles=575
[DATA] HUMATRY source=BinanceTR-public interval=5m candles=575
[DATA] INITTRY source=BinanceTR-public interval=5m candles=575
[DATA] HYPERTRY source=BinanceTR-public interval=5m candles=575
[DATA] INJTRY source=BinanceTR-public interval=5m candles=575
[DATA] IOTATRY source=BinanceTR-public interval=5m candles=575
[DATA] JUPTRY source=BinanceTR-public interval=5m candles=575
[DATA] JUVTRY source=BinanceTR-public interval=5m candles=575
[DATA] JTOTRY source=BinanceTR-public interval=5m candles=575
[DATA] IOTRY source=BinanceTR-public interval=5m candles=575
[DATA] KATTRY source=BinanceTR-public interval=5m candles=575
[DATA] KAITOTRY source=BinanceTR-public interval=5m candles=575
[DATA] KERNELTRY source=BinanceTR-public interval=5m candles=575
[DATA] KITETRY source=BinanceTR-public interval=5m candles=575
[DATA] LATRY source=BinanceTR-public interval=5m candles=575
[DATA] LAZIOTRY source=BinanceTR-public interval=5m candles=575
[DATA] LAYERTRY source=BinanceTR-public interval=5m candles=575
[DATA] KSMTRY source=BinanceTR-public interval=5m candles=575
[DATA] LDOTRY source=BinanceTR-public interval=5m candles=575
[DATA] LINKTRY source=BinanceTR-public interval=5m candles=575
[DATA] LISTATRY source=BinanceTR-public interval=5m candles=575
[DATA] LINEATRY source=BinanceTR-public interval=5m candles=575
[DATA] LPTTRY source=BinanceTR-public interval=5m candles=575
[DATA] LUMIATRY source=BinanceTR-public interval=5m candles=575
[DATA] LTCTRY source=BinanceTR-public interval=5m candles=575
[DATA] JASMYTRY source=BinanceTR-public interval=5m candles=575
[DATA] LUNATRY source=BinanceTR-public interval=5m candles=575
[DATA] MAGICTRY source=BinanceTR-public interval=5m candles=575
[DATA] MANATRY source=BinanceTR-public interval=5m candles=575
[DATA] LUNCTRY source=BinanceTR-public interval=5m candles=575
[DATA] MANTATRY source=BinanceTR-public interval=5m candles=575
[DATA] MANTRATRY source=BinanceTR-public interval=5m candles=575
[DATA] MAVTRY source=BinanceTR-public interval=5m candles=575
[DATA] MASKTRY source=BinanceTR-public interval=5m candles=575
[DATA] MEGATRY source=BinanceTR-public interval=5m candles=575
[DATA] METISTRY source=BinanceTR-public interval=5m candles=575
[DATA] MEMETRY source=BinanceTR-public interval=5m candles=575
[DATA] METRY source=BinanceTR-public interval=5m candles=575
[DATA] METTRY source=BinanceTR-public interval=5m candles=575
[DATA] MIRATRY source=BinanceTR-public interval=5m candles=575
[DATA] MINATRY source=BinanceTR-public interval=5m candles=575
[DATA] MITOTRY source=BinanceTR-public interval=5m candles=575
[DATA] MOVRTRY source=BinanceTR-public interval=5m candles=575
[DATA] NEARTRY source=BinanceTR-public interval=5m candles=575
[DATA] MMTTRY source=BinanceTR-public interval=5m candles=575
[DATA] MUBARAKTRY source=BinanceTR-public interval=5m candles=575
[DATA] MORPHOTRY source=BinanceTR-public interval=5m candles=575
[DATA] NEIROTRY source=BinanceTR-public interval=5m candles=575
[DATA] NEOTRY source=BinanceTR-public interval=5m candles=575
[DATA] NILTRY source=BinanceTR-public interval=5m candles=575
[DATA] NEWTTRY source=BinanceTR-public interval=5m candles=575
[DATA] NIGHTTRY source=BinanceTR-public interval=5m candles=575
[DATA] NMRTRY source=BinanceTR-public interval=5m candles=575
[DATA] NOMTRY source=BinanceTR-public interval=5m candles=575
[DATA] NXPCTRY source=BinanceTR-public interval=5m candles=575
[DATA] OGTRY source=BinanceTR-public interval=5m candles=575
[DATA] NOTTRY source=BinanceTR-public interval=5m candles=575
[DATA] OGNTRY source=BinanceTR-public interval=5m candles=575
[DATA] ONDOTRY source=BinanceTR-public interval=5m candles=575
[DATA] ONETRY source=BinanceTR-public interval=5m candles=575
[DATA] OPENTRY source=BinanceTR-public interval=5m candles=575
[DATA] OPGTRY source=BinanceTR-public interval=5m candles=575
[DATA] OPNTRY source=BinanceTR-public interval=5m candles=575
[DATA] ONTTRY source=BinanceTR-public interval=5m candles=575
[DATA] OPTRY source=BinanceTR-public interval=5m candles=575
[DATA] ORCATRY source=BinanceTR-public interval=5m candles=575
[DATA] PARTITRY source=BinanceTR-public interval=5m candles=575
[DATA] ORDITRY source=BinanceTR-public interval=5m candles=575
[DATA] PAXGTRY source=BinanceTR-public interval=5m candles=575
[DATA] PENDLETRY source=BinanceTR-public interval=5m candles=575
[DATA] PENGUTRY source=BinanceTR-public interval=5m candles=575
[DATA] PEOPLETRY source=BinanceTR-public interval=5m candles=575
[DATA] PEPETRY source=BinanceTR-public interval=5m candles=575
[DATA] PHATRY source=BinanceTR-public interval=5m candles=575
[DATA] PLUMETRY source=BinanceTR-public interval=5m candles=575
[DATA] PIXELTRY source=BinanceTR-public interval=5m candles=575
[DATA] POLTRY source=BinanceTR-public interval=5m candles=575
[DATA] POLYXTRY source=BinanceTR-public interval=5m candles=575
[DATA] PORTALTRY source=BinanceTR-public interval=5m candles=575
[DATA] PNUTTRY source=BinanceTR-public interval=5m candles=575
[DATA] PORTOTRY source=BinanceTR-public interval=5m candles=575
[DATA] PUMPTRY source=BinanceTR-public interval=5m candles=575
[DATA] PROVETRY source=BinanceTR-public interval=5m candles=575
[DATA] PSGTRY source=BinanceTR-public interval=5m candles=575
[DATA] RARETRY source=BinanceTR-public interval=5m candles=575
[DATA] QTUMTRY source=BinanceTR-public interval=5m candles=575
[DATA] PYTHTRY source=BinanceTR-public interval=5m candles=575
[DATA] RADTRY source=BinanceTR-public interval=5m candles=575
[DATA] RAYTRY source=BinanceTR-public interval=5m candles=575
[DATA] REDTRY source=BinanceTR-public interval=5m candles=575
[DATA] RETRY source=BinanceTR-public interval=5m candles=575
[DATA] RESOLVTRY source=BinanceTR-public interval=5m candles=575
[DATA] RENDERTRY source=BinanceTR-public interval=5m candles=575
[DATA] REZTRY source=BinanceTR-public interval=5m candles=575
[DATA] ROBOTRY source=BinanceTR-public interval=5m candles=575
[DATA] RONINTRY source=BinanceTR-public interval=5m candles=575
[DATA] ROSETRY source=BinanceTR-public interval=5m candles=575
[DATA] RSRTRY source=BinanceTR-public interval=5m candles=575
[DATA] SAHARATRY source=BinanceTR-public interval=5m candles=575
[DATA] RVNTRY source=BinanceTR-public interval=5m candles=575
[DATA] SAGATRY source=BinanceTR-public interval=5m candles=575
[DATA] SANDTRY source=BinanceTR-public interval=5m candles=575
[DATA] SAPIENTRY source=BinanceTR-public interval=5m candles=575
[DATA] SCRTRY source=BinanceTR-public interval=5m candles=575
[DATA] SANTOSTRY source=BinanceTR-public interval=5m candles=575
[DATA] SENTTRY source=BinanceTR-public interval=5m candles=575
[DATA] SEITRY source=BinanceTR-public interval=5m candles=575
[DATA] SHELLTRY source=BinanceTR-public interval=5m candles=575
[DATA] SHIBTRY source=BinanceTR-public interval=5m candles=575
[DATA] SIGNTRY source=BinanceTR-public interval=5m candles=575
[DATA] SKYTRY source=BinanceTR-public interval=5m candles=575
[DATA] SLPTRY source=BinanceTR-public interval=5m candles=575
[DATA] SOLVTRY source=BinanceTR-public interval=5m candles=575
[DATA] SNXTRY source=BinanceTR-public interval=5m candles=575
[DATA] SOLTRY source=BinanceTR-public interval=5m candles=575
[DATA] SPELLTRY source=BinanceTR-public interval=5m candles=575
[DATA] SPKTRY source=BinanceTR-public interval=5m candles=575
[DATA] SOMITRY source=BinanceTR-public interval=5m candles=575
[DATA] SOPHTRY source=BinanceTR-public interval=5m candles=575
[DATA] STOTRY source=BinanceTR-public interval=5m candles=575
[DATA] STRY source=BinanceTR-public interval=5m candles=575
[DATA] STRKTRY source=BinanceTR-public interval=5m candles=575
[DATA] STXTRY source=BinanceTR-public interval=5m candles=575
[DATA] STRAXTRY source=BinanceTR-public interval=5m candles=575
[DATA] SUPERTRY source=BinanceTR-public interval=5m candles=575
[DATA] SUSHITRY source=BinanceTR-public interval=5m candles=575
[DATA] SUNTRY source=BinanceTR-public interval=5m candles=575
[DATA] SUITRY source=BinanceTR-public interval=5m candles=575
[DATA] SKLTRY source=BinanceTR-public interval=5m candles=575
[DATA] SXTTRY source=BinanceTR-public interval=5m candles=575
[DATA] SYRUPTRY source=BinanceTR-public interval=5m candles=575
[DATA] THETATRY source=BinanceTR-public interval=5m candles=575
[DATA] TAOTRY source=BinanceTR-public interval=5m candles=575
[DATA] TIATRY source=BinanceTR-public interval=5m candles=575
[DATA] THETRY source=BinanceTR-public interval=5m candles=575
[DATA] TNSRTRY source=BinanceTR-public interval=5m candles=575
[DATA] TOWNSTRY source=BinanceTR-public interval=5m candles=575
[DATA] TLMTRY source=BinanceTR-public interval=5m candles=575
[DATA] TRBTRY source=BinanceTR-public interval=5m candles=575
[DATA] TRXTRY source=BinanceTR-public interval=5m candles=575
[DATA] TREETRY source=BinanceTR-public interval=5m candles=575
[DATA] TRUMPTRY source=BinanceTR-public interval=5m candles=575
[DATA] TURBOTRY source=BinanceTR-public interval=5m candles=575
[DATA] TURTLETRY source=BinanceTR-public interval=5m candles=575
[DATA] TWTTRY source=BinanceTR-public interval=5m candles=575
[DATA] TSTTRY source=BinanceTR-public interval=5m candles=575
[DATA] UMATRY source=BinanceTR-public interval=5m candles=575
[DATA] UNITRY source=BinanceTR-public interval=5m candles=575
[DATA] USD1TRY source=BinanceTR-public interval=5m candles=575
[DATA] USDCTRY source=BinanceTR-public interval=5m candles=575
[DATA] USTCTRY source=BinanceTR-public interval=5m candles=575
[DATA] USDTTRY source=BinanceTR-public interval=5m candles=575
[DATA] USUALTRY source=BinanceTR-public interval=5m candles=575
[DATA] UTRY source=BinanceTR-public interval=5m candles=575
[DATA] VANATRY source=BinanceTR-public interval=5m candles=575
[DATA] VETTRY source=BinanceTR-public interval=5m candles=575
[DATA] VANRYTRY source=BinanceTR-public interval=5m candles=575
[DATA] VICTRY source=BinanceTR-public interval=5m candles=575
[DATA] VIRTUALTRY source=BinanceTR-public interval=5m candles=575
[DATA] WIFTRY source=BinanceTR-public interval=5m candles=575
[DATA] WALTRY source=BinanceTR-public interval=5m candles=575
[DATA] WLFITRY source=BinanceTR-public interval=5m candles=575
[DATA] WLDTRY source=BinanceTR-public interval=5m candles=575
[DATA] WTRY source=BinanceTR-public interval=5m candles=575
[DATA] XAITRY source=BinanceTR-public interval=5m candles=575
[DATA] XAUTTRY source=BinanceTR-public interval=5m candles=575
[DATA] XECTRY source=BinanceTR-public interval=5m candles=575
[DATA] XLMTRY source=BinanceTR-public interval=5m candles=575
[DATA] XRPTRY source=BinanceTR-public interval=5m candles=575
[DATA] XPLTRY source=BinanceTR-public interval=5m candles=575
[DATA] XVGTRY source=BinanceTR-public interval=5m candles=575
[DATA] XTZTRY source=BinanceTR-public interval=5m candles=575
[DATA] YBTRY source=BinanceTR-public interval=5m candles=575
[DATA] ZAMATRY source=BinanceTR-public interval=5m candles=575
[DATA] ZBTTRY source=BinanceTR-public interval=5m candles=575
[DATA] ZILTRY source=BinanceTR-public interval=5m candles=575
[DATA] ZKCTRY source=BinanceTR-public interval=5m candles=575
[DATA] WCTTRY source=BinanceTR-public interval=5m candles=575
[DATA] ZKPTRY source=BinanceTR-public interval=5m candles=575
[DATA] ZKTRY source=BinanceTR-public interval=5m candles=575
[DATA] ZROTRY source=BinanceTR-public interval=5m candles=575
[ACTIVITY] 0GTRY status=PASSIVE metrics={"status": "PASSIVE", "quote_volume": 82461204.55, "range_15m_pct": 0.4038, "atr_pct": 0.2298, "volume_ratio": 0.215, "spread_pct": 0.1338, "checks": {"quote_volume": true, "range_15m": true, "atr": true, "volume_ratio": false, "spread": true}, "reason": "movement_or_liquidity_below_threshold"}
[ACTIVITY] 1000CATTRY status=PASSIVE metrics={"status": "PASSIVE", "quote_volume": 5829636.87, "range_15m_pct": 0.0, "atr_pct": 0.3571, "volume_ratio": 0.0222, "spread_pct": 1.2579, "checks": {"quote_volume": true, "range_15m": false, "atr": true, "volume_ratio": false, "spread": false}, "reason": "movement_or_liquidity_below_threshold"}
[ACTIVITY] 1000SATSTRY status=ACTIVE metrics={"status": "ACTIVE", "quote_volume": 9075010.6, "range_15m_pct": 0.6289, "atr_pct": 0.1935, "volume_ratio": 0.5588, "spread_pct": 0.2081, "checks": {"quote_volume": true, "range_15m": true, "atr": true, "volume_ratio": true, "spread": true}, "reason": "active"}
[ACTIVITY] 1MBABYDOGETRY status=PASSIVE metrics={"status": "PASSIVE", "quote_volume": 30998045.61, "range_15m_pct": 0.0, "atr_pct": 0.0736, "volume_ratio": 0.0, "spread_pct": 0.1811, "checks": {"quote_volume": true, "range_15m": false, "atr": false, "volume_ratio": false, "spread": true}, "reason": "movement_or_liquidity_below_threshold"}
[ACTIVITY] 2ZTRY status=PASSIVE metrics={"status": "PASSIVE", "quote_volume": 815019.08, "range_15m_pct": 0.0806, "atr_pct": 0.1266, "volume_ratio": 291.539, "spread_pct": 0.1209, "checks": {"quote_volume": false, "range_15m": false, "atr": false, "volume_ratio": true, "spread": true}, "reason": "movement_or_liquidity_below_threshold"}
[ACTIVITY] AAVETRY status=PASSIVE metrics={"status": "PASSIVE", "quote_volume": 11555482.09, "range_15m_pct": 0.0472, "atr_pct": 0.1011, "volume_ratio": 0.0208, "spread_pct": 0.0471, "checks": {"quote_volume": true, "range_15m": false, "atr": false, "volume_ratio": false, "spread": true}, "reason": "movement_or_liquidity_below_threshold"}
[ACTIVITY] ACETRY status=PASSIVE metrics={"status": "PASSIVE", "quote_volume": 73623982.44, "range_15m_pct": 1.8539, "atr_pct": 1.7487, "volume_ratio": 0.2413, "spread_pct": 0.0939, "checks": {"quote_volume": true, "range_15m": true, "atr": true, "volume_ratio": false, "spread": true}, "reason": "movement_or_liquidity_below_threshold"}
[ACTIVITY] ACHTRY status=PASSIVE metrics={"status": "PASSIVE", "quote_volume": 7039831.42, "range_15m_pct": 0.3002, "atr_pct": 0.1536, "volume_ratio": 0.0, "spread_pct": 0.1, "checks": {"quote_volume": true, "range_15m": true, "atr": true, "volume_ratio": false, "spread": true}, "reason": "movement_or_liquidity_below_threshold"}
[ACTIVITY] ACMTRY status=PASSIVE metrics={"status": "PASSIVE", "quote_volume": 1341992.75, "range_15m_pct": 0.0, "atr_pct": 0.0338, "volume_ratio": 0.0, "spread_pct": 0.396, "checks": {"quote_volume": true, "range_15m": false, "atr": false, "volume_ratio": false, "spread": false}, "reason": "movement_or_liquidity_below_threshold"}
[ACTIVITY] ACTTRY status=PASSIVE metrics={"status": "PASSIVE", "quote_volume": 20880747.87, "range_15m_pct": 0.5887, "atr_pct": 0.3738, "volume_ratio": 0.0471, "spread_pct": 0.1215, "checks": {"quote_volume": true, "range_15m": true, "atr": true, "volume_ratio": false, "spread": true}, "reason": "movement_or_liquidity_below_threshold"}
[ACTIVITY] ACXTRY status=PASSIVE metrics={"status": "PASSIVE", "quote_volume": 20075326.45, "range_15m_pct": 0.3109, "atr_pct": 0.0665, "volume_ratio": 0.0, "spread_pct": 0.2585, "checks": {"quote_volume": true, "range_15m": true, "atr": false, "volume_ratio": false, "spread": true}, "reason": "movement_or_liquidity_below_threshold"}
[ACTIVITY] ADATRY status=PASSIVE metrics={"status": "PASSIVE", "quote_volume": 31754746.44, "range_15m_pct": 0.2262, "atr_pct": 0.0806, "volume_ratio": 0.5227, "spread_pct": 0.1129, "checks": {"quote_volume": true, "range_15m": true, "atr": false, "volume_ratio": true, "spread": true}, "reason": "movement_or_liquidity_below_threshold"}
[ACTIVITY] AEROTRY status=PASSIVE metrics={"status": "PASSIVE", "quote_volume": 1754190.59, "range_15m_pct": 0.353, "atr_pct": 0.0684, "volume_ratio": 6.3617, "spread_pct": 0.1512, "checks": {"quote_volume": true, "range_15m": true, "atr": false, "volume_ratio": true, "spread": true}, "reason": "movement_or_liquidity_below_threshold"}
[ACTIVITY] AEVOTRY status=ACTIVE metrics={"status": "ACTIVE", "quote_volume": 3334084.73, "range_15m_pct": 0.3181, "atr_pct": 0.1812, "volume_ratio": 1.022, "spread_pct": 0.1055, "checks": {"quote_volume": true, "range_15m": true, "atr": true, "volume_ratio": true, "spread": true}, "reason": "active"}
[ACTIVITY] AIGENSYNTRY status=PASSIVE metrics={"status": "PASSIVE", "quote_volume": 18179438.09, "range_15m_pct": 0.3061, "atr_pct": 0.1964, "volume_ratio": 0.26, "spread_pct": 0.1019, "checks": {"quote_volume": true, "range_15m": true, "atr": true, "volume_ratio": false, "spread": true}, "reason": "movement_or_liquidity_below_threshold"}
[ACTIVITY] AITRY status=PASSIVE metrics={"status": "PASSIVE", "quote_volume": 5458827.45, "range_15m_pct": 0.0, "atr_pct": 0.1742, "volume_ratio": 0.0998, "spread_pct": 1.2121, "checks": {"quote_volume": true, "range_15m": false, "atr": true, "volume_ratio": false, "spread": false}, "reason": "movement_or_liquidity_below_threshold"}
[ACTIVITY] AIXBTTRY status=PASSIVE metrics={"status": "PASSIVE", "quote_volume": 5570960.69, "range_15m_pct": 0.2392, "atr_pct": 0.0938, "volume_ratio": 11.2045, "spread_pct": 0.2384, "checks": {"quote_volume": true, "range_15m": true, "atr": false, "volume_ratio": true, "spread": true}, "reason": "movement_or_liquidity_below_threshold"}
[ACTIVITY] ALGOTRY status=PASSIVE metrics={"status": "PASSIVE", "quote_volume": 2314443.45, "range_15m_pct": 0.0259, "atr_pct": 0.0518, "volume_ratio": 0.3418, "spread_pct": 0.0518, "checks": {"quote_volume": true, "range_15m": false, "atr": false, "volume_ratio": false, "spread": true}, "reason": "movement_or_liquidity_below_threshold"}
[ACTIVITY] ALICETRY status=PASSIVE metrics={"status": "PASSIVE", "quote_volume": 16464920.25, "range_15m_pct": 0.1789, "atr_pct": 0.1148, "volume_ratio": 1.8498, "spread_pct": 0.1787, "checks": {"quote_volume": true, "range_15m": true, "atr": false, "volume_ratio": true, "spread": true}, "reason": "movement_or_liquidity_below_threshold"}
[ACTIVITY] ALLOTRY status=ACTIVE metrics={"status": "ACTIVE", "quote_volume": 36184779.43, "range_15m_pct": 1.6609, "atr_pct": 0.5738, "volume_ratio": 5.48, "spread_pct": 0.1351, "checks": {"quote_volume": true, "range_15m": true, "atr": true, "volume_ratio": true, "spread": true}, "reason": "active"}
[ACTIVITY] ALPINETRY status=PASSIVE metrics={"status": "PASSIVE", "quote_volume": 6766834.57, "range_15m_pct": 0.0, "atr_pct": 0.0515, "volume_ratio": 0.0573, "spread_pct": 0.0656, "checks": {"quote_volume": true, "range_15m": false, "atr": false, "volume_ratio": false, "spread": true}, "reason": "movement_or_liquidity_below_threshold"}
[ACTIVITY] ALTTRY status=PASSIVE metrics={"status": "PASSIVE", "quote_volume": 5713663.72, "range_15m_pct": 0.0, "atr_pct": 0.1024, "volume_ratio": 0.0, "spread_pct": 0.3578, "checks": {"quote_volume": true, "range_15m": false, "atr": false, "volume_ratio": false, "spread": false}, "reason": "movement_or_liquidity_below_threshold"}
[ACTIVITY] AMPTRY status=PASSIVE metrics={"status": "PASSIVE", "quote_volume": 20404036.92, "range_15m_pct": 0.0, "atr_pct": 0.0785, "volume_ratio": 0.5164, "spread_pct": 0.5479, "checks": {"quote_volume": true, "range_15m": false, "atr": false, "volume_ratio": true, "spread": false}, "reason": "movement_or_liquidity_below_threshold"}
[ACTIVITY] ANIMETRY status=PASSIVE metrics={"status": "PASSIVE", "quote_volume": 609072.53, "range_15m_pct": 0.0, "atr_pct": 0.0, "volume_ratio": 0.0, "spread_pct": 0.8584, "checks": {"quote_volume": false, "range_15m": false, "atr": false, "volume_ratio": false, "spread": false}, "reason": "movement_or_liquidity_below_threshold"}
[ACTIVITY] ANKRTRY status=PASSIVE metrics={"status": "PASSIVE", "quote_volume": 529047.18, "range_15m_pct": 0.0, "atr_pct": 0.0566, "volume_ratio": 0.0, "spread_pct": 0.1219, "checks": {"quote_volume": false, "range_15m": false, "atr": false, "volume_ratio": false, "spread": true}, "reason": "movement_or_liquidity_below_threshold"}
[ACTIVITY] APETRY status=PASSIVE metrics={"status": "PASSIVE", "quote_volume": 3636457.28, "range_15m_pct": 0.4918, "atr_pct": 0.0937, "volume_ratio": 0.6006, "spread_pct": 0.1638, "checks": {"quote_volume": true, "range_15m": true, "atr": false, "volume_ratio": true, "spread": true}, "reason": "movement_or_liquidity_below_threshold"}
[ACTIVITY] API3TRY status=PASSIVE metrics={"status": "PASSIVE", "quote_volume": 11352758.27, "range_15m_pct": 0.0, "atr_pct": 0.0957, "volume_ratio": 0.0, "spread_pct": 0.1114, "checks": {"quote_volume": true, "range_15m": false, "atr": false, "volume_ratio": false, "spread": true}, "reason": "movement_or_liquidity_below_threshold"}
[ACTIVITY] APTTRY status=PASSIVE metrics={"status": "PASSIVE", "quote_volume": 5142640.73, "range_15m_pct": 0.0, "atr_pct": 0.1058, "volume_ratio": 1.9626, "spread_pct": 0.3697, "checks": {"quote_volume": true, "range_15m": false, "atr": false, "volume_ratio": true, "spread": false}, "reason": "movement_or_liquidity_below_threshold"}
[ACTIVITY] ARBTRY status=PASSIVE metrics={"status": "PASSIVE", "quote_volume": 20550080.4, "range_15m_pct": 0.0, "atr_pct": 0.0766, "volume_ratio": 0.0026, "spread_pct": 0.2677, "checks": {"quote_volume": true, "range_15m": false, "atr": false, "volume_ratio": false, "spread": true}, "reason": "movement_or_liquidity_below_threshold"}
[ACTIVITY] ARKMTRY status=PASSIVE metrics={"status": "PASSIVE", "quote_volume": 5830603.21, "range_15m_pct": 0.269, "atr_pct": 0.1325, "volume_ratio": 1.769, "spread_pct": 0.1118, "checks": {"quote_volume": true, "range_15m": true, "atr": false, "volume_ratio": true, "spread": true}, "reason": "movement_or_liquidity_below_threshold"}
[ACTIVITY] ARKTRY status=PASSIVE metrics={"status": "PASSIVE", "quote_volume": 1060404.28, "range_15m_pct": 0.4556, "atr_pct": 0.0814, "volume_ratio": 28.0659, "spread_pct": 0.227, "checks": {"quote_volume": true, "range_15m": true, "atr": false, "volume_ratio": true, "spread": true}, "reason": "movement_or_liquidity_below_threshold"}
[ACTIVITY] ARPATRY status=PASSIVE metrics={"status": "PASSIVE", "quote_volume": 7203429.66, "range_15m_pct": 0.0241, "atr_pct": 0.0672, "volume_ratio": 0.134, "spread_pct": 0.0963, "checks": {"quote_volume": true, "range_15m": false, "atr": false, "volume_ratio": false, "spread": true}, "reason": "movement_or_liquidity_below_threshold"}
[ACTIVITY] ARTRY status=PASSIVE metrics={"status": "PASSIVE", "quote_volume": 1361407.99, "range_15m_pct": 0.0, "atr_pct": 0.1232, "volume_ratio": 0.0, "spread_pct": 0.1408, "checks": {"quote_volume": true, "range_15m": false, "atr": false, "volume_ratio": false, "spread": true}, "reason": "movement_or_liquidity_below_threshold"}
[ACTIVITY] ASRTRY status=PASSIVE metrics={"status": "PASSIVE", "quote_volume": 12761818.18, "range_15m_pct": 0.0, "atr_pct": 0.0402, "volume_ratio": 0.0, "spread_pct": 0.1947, "checks": {"quote_volume": true, "range_15m": false, "atr": false, "volume_ratio": false, "spread": true}, "reason": "movement_or_liquidity_below_threshold"}
[ACTIVITY] ASTERTRY status=PASSIVE metrics={"status": "PASSIVE", "quote_volume": 5201524.18, "range_15m_pct": 0.0694, "atr_pct": 0.0496, "volume_ratio": 0.1271, "spread_pct": 0.0347, "checks": {"quote_volume": true, "range_15m": false, "atr": false, "volume_ratio": false, "spread": true}, "reason": "movement_or_liquidity_below_threshold"}
[ACTIVITY] ATMTRY status=PASSIVE metrics={"status": "PASSIVE", "quote_volume": 43378808.51, "range_15m_pct": 0.5436, "atr_pct": 0.3214, "volume_ratio": 0.2092, "spread_pct": 0.2782, "checks": {"quote_volume": true, "range_15m": true, "atr": true, "volume_ratio": false, "spread": true}, "reason": "movement_or_liquidity_below_threshold"}
[ACTIVITY] ATOMTRY status=PASSIVE metrics={"status": "PASSIVE", "quote_volume": 3128862.24, "range_15m_pct": 0.0, "atr_pct": 0.0317, "volume_ratio": 0.0, "spread_pct": 0.1478, "checks": {"quote_volume": true, "range_15m": false, "atr": false, "volume_ratio": false, "spread": true}, "reason": "movement_or_liquidity_below_threshold"}
[ACTIVITY] ATRY status=PASSIVE metrics={"status": "PASSIVE", "quote_volume": 489767.61, "range_15m_pct": 0.3279, "atr_pct": 0.0233, "volume_ratio": 25.8368, "spread_pct": 0.3273, "checks": {"quote_volume": false, "range_15m": true, "atr": false, "volume_ratio": true, "spread": false}, "reason": "movement_or_liquidity_below_threshold"}
[ACTIVITY] ATTRY status=ACTIVE metrics={"status": "ACTIVE", "quote_volume": 27319340.32, "range_15m_pct": 1.2514, "atr_pct": 0.5402, "volume_ratio": 1.0005, "spread_pct": 0.2571, "checks": {"quote_volume": true, "range_15m": true, "atr": true, "volume_ratio": true, "spread": true}, "reason": "active"}
[ACTIVITY] AUCTIONTRY status=PASSIVE metrics={"status": "PASSIVE", "quote_volume": 1135161.64, "range_15m_pct": 0.0, "atr_pct": 0.0258, "volume_ratio": 0.0, "spread_pct": 0.0724, "checks": {"quote_volume": true, "range_15m": false, "atr": false, "volume_ratio": false, "spread": true}, "reason": "movement_or_liquidity_below_threshold"}
[ACTIVITY] AUDIOTRY status=PASSIVE metrics={"status": "PASSIVE", "quote_volume": 42027669.07, "range_15m_pct": 0.1382, "atr_pct": 0.2479, "volume_ratio": 0.0154, "spread_pct": 0.0691, "checks": {"quote_volume": true, "range_15m": false, "atr": true, "volume_ratio": false, "spread": true}, "reason": "movement_or_liquidity_below_threshold"}
[ACTIVITY] AVAXTRY status=PASSIVE metrics={"status": "PASSIVE", "quote_volume": 96267832.79, "range_15m_pct": 0.2697, "atr_pct": 0.1275, "volume_ratio": 0.7634, "spread_pct": 0.0337, "checks": {"quote_volume": true, "range_15m": true, "atr": false, "volume_ratio": true, "spread": true}, "reason": "movement_or_liquidity_below_threshold"}
[ACTIVITY] AVNTTRY status=PASSIVE metrics={"status": "PASSIVE", "quote_volume": 5648736.78, "range_15m_pct": 0.2304, "atr_pct": 0.1481, "volume_ratio": 0.0604, "spread_pct": 0.2301, "checks": {"quote_volume": true, "range_15m": true, "atr": false, "volume_ratio": false, "spread": true}, "reason": "movement_or_liquidity_below_threshold"}
[ACTIVITY] AXLTRY status=PASSIVE metrics={"status": "PASSIVE", "quote_volume": 198939.27, "range_15m_pct": 0.0, "atr_pct": 0.0, "volume_ratio": 0.0, "spread_pct": 0.5831, "checks": {"quote_volume": false, "range_15m": false, "atr": false, "volume_ratio": false, "spread": false}, "reason": "movement_or_liquidity_below_threshold"}
[ACTIVITY] AXSTRY status=PASSIVE metrics={"status": "PASSIVE", "quote_volume": 1707106.01, "range_15m_pct": 0.2364, "atr_pct": 0.1182, "volume_ratio": 0.0056, "spread_pct": 0.2361, "checks": {"quote_volume": true, "range_15m": true, "atr": false, "volume_ratio": false, "spread": true}, "reason": "movement_or_liquidity_below_threshold"}
[ACTIVITY] BABYTRY status=ACTIVE metrics={"status": "ACTIVE", "quote_volume": 14021328.48, "range_15m_pct": 1.5075, "atr_pct": 0.8042, "volume_ratio": 1.286, "spread_pct": 0.1657, "checks": {"quote_volume": true, "range_15m": true, "atr": true, "volume_ratio": true, "spread": true}, "reason": "active"}
[ACTIVITY] BANANATRY status=PASSIVE metrics={"status": "PASSIVE", "quote_volume": 32572094.61, "range_15m_pct": 0.0, "atr_pct": 0.0, "volume_ratio": 0.0, "spread_pct": 0.5666, "checks": {"quote_volume": true, "range_15m": false, "atr": false, "volume_ratio": false, "spread": false}, "reason": "movement_or_liquidity_below_threshold"}
[ACTIVITY] BANKTRY status=ACTIVE metrics={"status": "ACTIVE", "quote_volume": 184724234.43, "range_15m_pct": 0.5425, "atr_pct": 0.4336, "volume_ratio": 0.9388, "spread_pct": 0.1203, "checks": {"quote_volume": true, "range_15m": true, "atr": true, "volume_ratio": true, "spread": true}, "reason": "active"}
[ACTIVITY] BARDTRY status=PASSIVE metrics={"status": "PASSIVE", "quote_volume": 4566122.58, "range_15m_pct": 0.0, "atr_pct": 0.0274, "volume_ratio": 2.275, "spread_pct": 0.1918, "checks": {"quote_volume": true, "range_15m": false, "atr": false, "volume_ratio": true, "spread": true}, "reason": "movement_or_liquidity_below_threshold"}
[ACTIVITY] BARTRY status=PASSIVE metrics={"status": "PASSIVE", "quote_volume": 4801887.98, "range_15m_pct": 0.0, "atr_pct": 0.0286, "volume_ratio": 1.5483, "spread_pct": 0.08, "checks": {"quote_volume": true, "range_15m": false, "atr": false, "volume_ratio": true, "spread": true}, "reason": "movement_or_liquidity_below_threshold"}
[ACTIVITY] BBTRY status=PASSIVE metrics={"status": "PASSIVE", "quote_volume": 26250934.94, "range_15m_pct": 0.1332, "atr_pct": 0.2506, "volume_ratio": 1.6734, "spread_pct": 0.2159, "checks": {"quote_volume": true, "range_15m": false, "atr": true, "volume_ratio": true, "spread": true}, "reason": "movement_or_liquidity_below_threshold"}
[ACTIVITY] BCHTRY status=PASSIVE metrics={"status": "PASSIVE", "quote_volume": 88447.35, "range_15m_pct": 0.0, "atr_pct": 0.0, "volume_ratio": 0.0, "spread_pct": 0.059, "checks": {"quote_volume": false, "range_15m": false, "atr": false, "volume_ratio": false, "spread": true}, "reason": "movement_or_liquidity_below_threshold"}
[ACTIVITY] BEAMXTRY status=PASSIVE metrics={"status": "PASSIVE", "quote_volume": 1679317.55, "range_15m_pct": 0.0, "atr_pct": 0.1321, "volume_ratio": 0.0, "spread_pct": 0.1535, "checks": {"quote_volume": true, "range_15m": false, "atr": false, "volume_ratio": false, "spread": true}, "reason": "movement_or_liquidity_below_threshold"}
[ACTIVITY] BELTRY status=PASSIVE metrics={"status": "PASSIVE", "quote_volume": 25101636.15, "range_15m_pct": 0.2037, "atr_pct": 0.1452, "volume_ratio": 4.0023, "spread_pct": 0.203, "checks": {"quote_volume": true, "range_15m": true, "atr": false, "volume_ratio": true, "spread": true}, "reason": "movement_or_liquidity_below_threshold"}
[ACTIVITY] BERATRY status=ACTIVE metrics={"status": "ACTIVE", "quote_volume": 14597195.19, "range_15m_pct": 0.2976, "atr_pct": 0.2659, "volume_ratio": 0.523, "spread_pct": 0.1416, "checks": {"quote_volume": true, "range_15m": true, "atr": true, "volume_ratio": true, "spread": true}, "reason": "active"}
[ACTIVITY] BIOTRY status=PASSIVE metrics={"status": "PASSIVE", "quote_volume": 19061131.09, "range_15m_pct": 0.2564, "atr_pct": 0.134, "volume_ratio": 0.9048, "spread_pct": 0.0851, "checks": {"quote_volume": true, "range_15m": true, "atr": false, "volume_ratio": true, "spread": true}, "reason": "movement_or_liquidity_below_threshold"}
[ACTIVITY] BLURTRY status=PASSIVE metrics={"status": "PASSIVE", "quote_volume": 2196581.26, "range_15m_pct": 0.156, "atr_pct": 0.0557, "volume_ratio": 0.1222, "spread_pct": 0.1556, "checks": {"quote_volume": true, "range_15m": true, "atr": false, "volume_ratio": false, "spread": true}, "reason": "movement_or_liquidity_below_threshold"}
[ACTIVITY] BMTTRY status=PASSIVE metrics={"status": "PASSIVE", "quote_volume": 426125381.56, "range_15m_pct": 2.2592, "atr_pct": 1.3033, "volume_ratio": 0.2541, "spread_pct": 0.2387, "checks": {"quote_volume": true, "range_15m": true, "atr": true, "volume_ratio": false, "spread": true}, "reason": "movement_or_liquidity_below_threshold"}
[ACTIVITY] BNBTRY status=PASSIVE metrics={"status": "PASSIVE", "quote_volume": 25751807.28, "range_15m_pct": 2.186, "atr_pct": 0.3889, "volume_ratio": 0.197, "spread_pct": 0.0103, "checks": {"quote_volume": true, "range_15m": true, "atr": true, "volume_ratio": false, "spread": true}, "reason": "movement_or_liquidity_below_threshold"}
[ACTIVITY] BOMETRY status=PASSIVE metrics={"status": "PASSIVE", "quote_volume": 33432994.86, "range_15m_pct": 0.7775, "atr_pct": 0.4634, "volume_ratio": 0.2131, "spread_pct": 0.0809, "checks": {"quote_volume": true, "range_15m": true, "atr": true, "volume_ratio": false, "spread": true}, "reason": "movement_or_liquidity_below_threshold"}
[ACTIVITY] BONKTRY status=ACTIVE metrics={"status": "ACTIVE", "quote_volume": 69522105.41, "range_15m_pct": 1.0185, "atr_pct": 0.2558, "volume_ratio": 6.3363, "spread_pct": 0.0919, "checks": {"quote_volume": true, "range_15m": true, "atr": true, "volume_ratio": true, "spread": true}, "reason": "active"}
[ACTIVITY] BREVTRY status=PASSIVE metrics={"status": "PASSIVE", "quote_volume": 555990.5, "range_15m_pct": 0.6006, "atr_pct": 0.0644, "volume_ratio": 3.4048, "spread_pct": 0.2999, "checks": {"quote_volume": false, "range_15m": true, "atr": false, "volume_ratio": true, "spread": true}, "reason": "movement_or_liquidity_below_threshold"}
[ACTIVITY] BTCTRY status=PASSIVE metrics={"status": "PASSIVE", "quote_volume": 164915686.96, "range_15m_pct": 0.0847, "atr_pct": 0.0654, "volume_ratio": 1.3383, "spread_pct": 0.0, "checks": {"quote_volume": true, "range_15m": false, "atr": false, "volume_ratio": true, "spread": true}, "reason": "movement_or_liquidity_below_threshold"}
[ACTIVITY] BTTCTRY status=PASSIVE metrics={"status": "PASSIVE", "quote_volume": 1741429.66, "range_15m_pct": 1.3655, "atr_pct": 0.3672, "volume_ratio": 0.0135, "spread_pct": 0.3208, "checks": {"quote_volume": true, "range_15m": true, "atr": true, "volume_ratio": false, "spread": false}, "reason": "movement_or_liquidity_below_threshold"}
[ACTIVITY] CAKETRY status=PASSIVE metrics={"status": "PASSIVE", "quote_volume": 1957021.38, "range_15m_pct": 0.0872, "atr_pct": 0.169, "volume_ratio": 0.609, "spread_pct": 0.0435, "checks": {"quote_volume": true, "range_15m": false, "atr": true, "volume_ratio": true, "spread": true}, "reason": "movement_or_liquidity_below_threshold"}
[ACTIVITY] CATITRY status=PASSIVE metrics={"status": "PASSIVE", "quote_volume": 3198596.53, "range_15m_pct": 0.1475, "atr_pct": 0.1122, "volume_ratio": 0.0063, "spread_pct": 0.1963, "checks": {"quote_volume": true, "range_15m": false, "atr": false, "volume_ratio": false, "spread": true}, "reason": "movement_or_liquidity_below_threshold"}
[ACTIVITY] CELOTRY status=PASSIVE metrics={"status": "PASSIVE", "quote_volume": 286531.63, "range_15m_pct": 0.8116, "atr_pct": 0.058, "volume_ratio": 0.0, "spread_pct": 0.2024, "checks": {"quote_volume": false, "range_15m": true, "atr": false, "volume_ratio": false, "spread": true}, "reason": "movement_or_liquidity_below_threshold"}
[ACTIVITY] CETUSTRY status=PASSIVE metrics={"status": "PASSIVE", "quote_volume": 10688377.69, "range_15m_pct": 0.1089, "atr_pct": 0.1244, "volume_ratio": 1.1713, "spread_pct": 0.1089, "checks": {"quote_volume": true, "range_15m": false, "atr": false, "volume_ratio": true, "spread": true}, "reason": "movement_or_liquidity_below_threshold"}
[ACTIVITY] CFGTRY status=PASSIVE metrics={"status": "PASSIVE", "quote_volume": 3806385.38, "range_15m_pct": 0.1471, "atr_pct": 0.0841, "volume_ratio": 0.4409, "spread_pct": 0.0401, "checks": {"quote_volume": true, "range_15m": false, "atr": false, "volume_ratio": false, "spread": true}, "reason": "movement_or_liquidity_below_threshold"}
[ACTIVITY] CFXTRY status=PASSIVE metrics={"status": "PASSIVE", "quote_volume": 2405887.58, "range_15m_pct": 0.2514, "atr_pct": 0.1006, "volume_ratio": 0.0, "spread_pct": 0.0502, "checks": {"quote_volume": true, "range_15m": true, "atr": false, "volume_ratio": false, "spread": true}, "reason": "movement_or_liquidity_below_threshold"}
[ACTIVITY] CHIPTRY status=PASSIVE metrics={"status": "PASSIVE", "quote_volume": 12768387.54, "range_15m_pct": 0.5122, "atr_pct": 0.225, "volume_ratio": 0.0025, "spread_pct": 0.0282, "checks": {"quote_volume": true, "range_15m": true, "atr": true, "volume_ratio": false, "spread": true}, "reason": "movement_or_liquidity_below_threshold"}
[ACTIVITY] CHZTRY status=PASSIVE metrics={"status": "PASSIVE", "quote_volume": 29109888.63, "range_15m_pct": 0.1661, "atr_pct": 0.0711, "volume_ratio": 0.7365, "spread_pct": 0.1657, "checks": {"quote_volume": true, "range_15m": true, "atr": false, "volume_ratio": true, "spread": true}, "reason": "movement_or_liquidity_below_threshold"}
[ACTIVITY] CITYTRY status=PASSIVE metrics={"status": "PASSIVE", "quote_volume": 4015974.01, "range_15m_pct": 0.0, "atr_pct": 0.0418, "volume_ratio": 0.0, "spread_pct": 0.5831, "checks": {"quote_volume": true, "range_15m": false, "atr": false, "volume_ratio": false, "spread": false}, "reason": "movement_or_liquidity_below_threshold"}
[ACTIVITY] CKBTRY status=PASSIVE metrics={"status": "PASSIVE", "quote_volume": 508996.47, "range_15m_pct": 0.2519, "atr_pct": 0.108, "volume_ratio": 0.0, "spread_pct": 0.2509, "checks": {"quote_volume": false, "range_15m": true, "atr": false, "volume_ratio": false, "spread": true}, "reason": "movement_or_liquidity_below_threshold"}
[ACTIVITY] COMPTRY status=PASSIVE metrics={"status": "PASSIVE", "quote_volume": 141795.51, "range_15m_pct": 0.0, "atr_pct": 0.0185, "volume_ratio": 0.0, "spread_pct": 0.1296, "checks": {"quote_volume": false, "range_15m": false, "atr": false, "volume_ratio": false, "spread": true}, "reason": "movement_or_liquidity_below_threshold"}
[ACTIVITY] COTITRY status=PASSIVE metrics={"status": "PASSIVE", "quote_volume": 25616974.16, "range_15m_pct": 1.6555, "atr_pct": 0.681, "volume_ratio": 0.3742, "spread_pct": 0.4432, "checks": {"quote_volume": true, "range_15m": true, "atr": true, "volume_ratio": false, "spread": false}, "reason": "movement_or_liquidity_below_threshold"}
[ACTIVITY] COWTRY status=PASSIVE metrics={"status": "PASSIVE", "quote_volume": 537250.49, "range_15m_pct": 0.0, "atr_pct": 0.0429, "volume_ratio": 0.0, "spread_pct": 0.2002, "checks": {"quote_volume": false, "range_15m": false, "atr": false, "volume_ratio": false, "spread": true}, "reason": "movement_or_liquidity_below_threshold"}
[ACTIVITY] CRVTRY status=PASSIVE metrics={"status": "PASSIVE", "quote_volume": 53843999.89, "range_15m_pct": 0.9091, "atr_pct": 0.6006, "volume_ratio": 0.1792, "spread_pct": 0.0753, "checks": {"quote_volume": true, "range_15m": true, "atr": true, "volume_ratio": false, "spread": true}, "reason": "movement_or_liquidity_below_threshold"}
[ACTIVITY] CTRY status=PASSIVE metrics={"status": "PASSIVE", "quote_volume": 12482443.7, "range_15m_pct": 0.0642, "atr_pct": 0.197, "volume_ratio": 0.0, "spread_pct": 0.2249, "checks": {"quote_volume": true, "range_15m": false, "atr": true, "volume_ratio": false, "spread": true}, "reason": "movement_or_liquidity_below_threshold"}
[ACTIVITY] CYBERTRY status=PASSIVE metrics={"status": "PASSIVE", "quote_volume": 3162006.44, "range_15m_pct": 0.0, "atr_pct": 0.1478, "volume_ratio": 0.0, "spread_pct": 0.692, "checks": {"quote_volume": true, "range_15m": false, "atr": false, "volume_ratio": false, "spread": false}, "reason": "movement_or_liquidity_below_threshold"}
[ACTIVITY] DASHTRY status=PASSIVE metrics={"status": "PASSIVE", "quote_volume": 5177245.37, "range_15m_pct": 0.069, "atr_pct": 0.0493, "volume_ratio": 0.0, "spread_pct": 0.0689, "checks": {"quote_volume": true, "range_15m": false, "atr": false, "volume_ratio": false, "spread": true}, "reason": "movement_or_liquidity_below_threshold"}
[ACTIVITY] DODOTRY status=PASSIVE metrics={"status": "PASSIVE", "quote_volume": 191797227.22, "range_15m_pct": 1.5972, "atr_pct": 2.1628, "volume_ratio": 0.2794, "spread_pct": 0.1933, "checks": {"quote_volume": true, "range_15m": true, "atr": true, "volume_ratio": false, "spread": true}, "reason": "movement_or_liquidity_below_threshold"}
[ACTIVITY] DOGETRY status=PASSIVE metrics={"status": "PASSIVE", "quote_volume": 87961394.1, "range_15m_pct": 0.2053, "atr_pct": 0.0963, "volume_ratio": 1.0036, "spread_pct": 0.0293, "checks": {"quote_volume": true, "range_15m": true, "atr": false, "volume_ratio": true, "spread": true}, "reason": "movement_or_liquidity_below_threshold"}
[ACTIVITY] DOGSTRY status=PASSIVE metrics={"status": "PASSIVE", "quote_volume": 3740427.87, "range_15m_pct": 0.0, "atr_pct": 0.094, "volume_ratio": 0.0, "spread_pct": 0.0595, "checks": {"quote_volume": true, "range_15m": false, "atr": false, "volume_ratio": false, "spread": true}, "reason": "movement_or_liquidity_below_threshold"}
[ACTIVITY] DOLOTRY status=ACTIVE metrics={"status": "ACTIVE", "quote_volume": 13207370.76, "range_15m_pct": 0.3676, "atr_pct": 0.1701, "volume_ratio": 2.841, "spread_pct": 0.0914, "checks": {"quote_volume": true, "range_15m": true, "atr": true, "volume_ratio": true, "spread": true}, "reason": "active"}
[ACTIVITY] DOTTRY status=PASSIVE metrics={"status": "PASSIVE", "quote_volume": 6104679.6, "range_15m_pct": 0.0, "atr_pct": 0.019, "volume_ratio": 1.0296, "spread_pct": 0.2663, "checks": {"quote_volume": true, "range_15m": false, "atr": false, "volume_ratio": true, "spread": true}, "reason": "movement_or_liquidity_below_threshold"}
[ACTIVITY] DYDXTRY status=PASSIVE metrics={"status": "PASSIVE", "quote_volume": 1816863.62, "range_15m_pct": 0.7567, "atr_pct": 0.15, "volume_ratio": 2.7178, "spread_pct": 0.0756, "checks": {"quote_volume": true, "range_15m": true, "atr": false, "volume_ratio": true, "spread": true}, "reason": "movement_or_liquidity_below_threshold"}
[ACTIVITY] DYMTRY status=ACTIVE metrics={"status": "ACTIVE", "quote_volume": 9070186.74, "range_15m_pct": 3.2239, "atr_pct": 0.4377, "volume_ratio": 5.9052, "spread_pct": 0.1176, "checks": {"quote_volume": true, "range_15m": true, "atr": true, "volume_ratio": true, "spread": true}, "reason": "active"}
[ACTIVITY] EDENTRY status=ACTIVE metrics={"status": "ACTIVE", "quote_volume": 27183726.75, "range_15m_pct": 0.6635, "atr_pct": 0.4441, "volume_ratio": 0.9453, "spread_pct": 0.1416, "checks": {"quote_volume": true, "range_15m": true, "atr": true, "volume_ratio": true, "spread": true}, "reason": "active"}
[ACTIVITY] EDUTRY status=PASSIVE metrics={"status": "PASSIVE", "quote_volume": 30624623.46, "range_15m_pct": 1.0582, "atr_pct": 0.6767, "volume_ratio": 1.4769, "spread_pct": 0.5305, "checks": {"quote_volume": true, "range_15m": true, "atr": true, "volume_ratio": true, "spread": false}, "reason": "movement_or_liquidity_below_threshold"}
[ACTIVITY] EGLDTRY status=PASSIVE metrics={"status": "PASSIVE", "quote_volume": 1547627.59, "range_15m_pct": 0.1565, "atr_pct": 0.1118, "volume_ratio": 0.0, "spread_pct": 0.0781, "checks": {"quote_volume": true, "range_15m": true, "atr": false, "volume_ratio": false, "spread": true}, "reason": "movement_or_liquidity_below_threshold"}
[ACTIVITY] EIGENTRY status=PASSIVE metrics={"status": "PASSIVE", "quote_volume": 28922653.26, "range_15m_pct": 0.1942, "atr_pct": 0.142, "volume_ratio": 0.2915, "spread_pct": 0.0969, "checks": {"quote_volume": true, "range_15m": true, "atr": false, "volume_ratio": false, "spread": true}, "reason": "movement_or_liquidity_below_threshold"}
[ACTIVITY] ENATRY status=PASSIVE metrics={"status": "PASSIVE", "quote_volume": 63399754.17, "range_15m_pct": 0.1411, "atr_pct": 0.1426, "volume_ratio": 0.5761, "spread_pct": 0.047, "checks": {"quote_volume": true, "range_15m": false, "atr": false, "volume_ratio": true, "spread": true}, "reason": "movement_or_liquidity_below_threshold"}
[ACTIVITY] ENJTRY status=PASSIVE metrics={"status": "PASSIVE", "quote_volume": 3159429.67, "range_15m_pct": 0.0853, "atr_pct": 0.0731, "volume_ratio": 0.0, "spread_pct": 0.0852, "checks": {"quote_volume": true, "range_15m": false, "atr": false, "volume_ratio": false, "spread": true}, "reason": "movement_or_liquidity_below_threshold"}
[ACTIVITY] ENSOTRY status=PASSIVE metrics={"status": "PASSIVE", "quote_volume": 8713414.98, "range_15m_pct": 0.4435, "atr_pct": 0.2059, "volume_ratio": 0.0, "spread_pct": 0.2215, "checks": {"quote_volume": true, "range_15m": true, "atr": true, "volume_ratio": false, "spread": true}, "reason": "movement_or_liquidity_below_threshold"}
[ACTIVITY] ENSTRY status=PASSIVE metrics={"status": "PASSIVE", "quote_volume": 1373582.28, "range_15m_pct": 0.1018, "atr_pct": 0.0291, "volume_ratio": 0.0, "spread_pct": 0.1015, "checks": {"quote_volume": true, "range_15m": false, "atr": false, "volume_ratio": false, "spread": true}, "reason": "movement_or_liquidity_below_threshold"}
[ACTIVITY] ERATRY status=PASSIVE metrics={"status": "PASSIVE", "quote_volume": 4933640.81, "range_15m_pct": 0.0, "atr_pct": 0.0468, "volume_ratio": 2.1266, "spread_pct": 0.3273, "checks": {"quote_volume": true, "range_15m": false, "atr": false, "volume_ratio": true, "spread": false}, "reason": "movement_or_liquidity_below_threshold"}
[ACTIVITY] ESPTRY status=PASSIVE metrics={"status": "PASSIVE", "quote_volume": 28111579.45, "range_15m_pct": 1.3456, "atr_pct": 0.735, "volume_ratio": 0.3425, "spread_pct": 0.0605, "checks": {"quote_volume": true, "range_15m": true, "atr": true, "volume_ratio": false, "spread": true}, "reason": "movement_or_liquidity_below_threshold"}
[ACTIVITY] ETCTRY status=PASSIVE metrics={"status": "PASSIVE", "quote_volume": 333112.32, "range_15m_pct": 0.2658, "atr_pct": 0.0687, "volume_ratio": 0.0087, "spread_pct": 0.1325, "checks": {"quote_volume": false, "range_15m": true, "atr": false, "volume_ratio": false, "spread": true}, "reason": "movement_or_liquidity_below_threshold"}
[ACTIVITY] ETHFITRY status=PASSIVE metrics={"status": "PASSIVE", "quote_volume": 28313430.25, "range_15m_pct": 0.1693, "atr_pct": 0.1208, "volume_ratio": 0.0184, "spread_pct": 0.0564, "checks": {"quote_volume": true, "range_15m": true, "atr": false, "volume_ratio": false, "spread": true}, "reason": "movement_or_liquidity_below_threshold"}
[ACTIVITY] ETHTRY status=PASSIVE metrics={"status": "PASSIVE", "quote_volume": 161448569.19, "range_15m_pct": 0.121, "atr_pct": 0.0825, "volume_ratio": 0.6996, "spread_pct": 0.0011, "checks": {"quote_volume": true, "range_15m": false, "atr": false, "volume_ratio": true, "spread": true}, "reason": "movement_or_liquidity_below_threshold"}
[ACTIVITY] EULTRY status=PASSIVE metrics={"status": "PASSIVE", "quote_volume": 14356512.86, "range_15m_pct": 0.5671, "atr_pct": 0.1749, "volume_ratio": 0.0518, "spread_pct": 0.3745, "checks": {"quote_volume": true, "range_15m": true, "atr": true, "volume_ratio": false, "spread": false}, "reason": "movement_or_liquidity_below_threshold"}
[ACTIVITY] FDUSDTRY status=PASSIVE metrics={"status": "PASSIVE", "quote_volume": 21382410.16, "range_15m_pct": 0.021, "atr_pct": 0.0075, "volume_ratio": 0.0258, "spread_pct": 0.021, "checks": {"quote_volume": true, "range_15m": false, "atr": false, "volume_ratio": false, "spread": true}, "reason": "movement_or_liquidity_below_threshold"}
[ACTIVITY] FETTRY status=PASSIVE metrics={"status": "PASSIVE", "quote_volume": 32512472.72, "range_15m_pct": 0.3115, "atr_pct": 0.1222, "volume_ratio": 2.0261, "spread_pct": 0.1554, "checks": {"quote_volume": true, "range_15m": true, "atr": false, "volume_ratio": true, "spread": true}, "reason": "movement_or_liquidity_below_threshold"}
[ACTIVITY] FFTRY status=PASSIVE metrics={"status": "PASSIVE", "quote_volume": 33858385.59, "range_15m_pct": 0.0, "atr_pct": 0.0046, "volume_ratio": 0.0, "spread_pct": 0.0321, "checks": {"quote_volume": true, "range_15m": false, "atr": false, "volume_ratio": false, "spread": true}, "reason": "movement_or_liquidity_below_threshold"}
[ACTIVITY] FIDATRY status=PASSIVE metrics={"status": "PASSIVE", "quote_volume": 5790744.08, "range_15m_pct": 0.235, "atr_pct": 0.1259, "volume_ratio": 0.1124, "spread_pct": 0.1174, "checks": {"quote_volume": true, "range_15m": true, "atr": false, "volume_ratio": false, "spread": true}, "reason": "movement_or_liquidity_below_threshold"}
[ACTIVITY] FILTRY status=PASSIVE metrics={"status": "PASSIVE", "quote_volume": 4079641.18, "range_15m_pct": 0.18, "atr_pct": 0.062, "volume_ratio": 5.6751, "spread_pct": 0.1197, "checks": {"quote_volume": true, "range_15m": true, "atr": false, "volume_ratio": true, "spread": true}, "reason": "movement_or_liquidity_below_threshold"}
[ACTIVITY] FLOKITRY status=PASSIVE metrics={"status": "PASSIVE", "quote_volume": 13830338.05, "range_15m_pct": 0.2064, "atr_pct": 0.1251, "volume_ratio": 0.0161, "spread_pct": 0.1029, "checks": {"quote_volume": true, "range_15m": true, "atr": false, "volume_ratio": false, "spread": true}, "reason": "movement_or_liquidity_below_threshold"}
[ACTIVITY] FOGOTRY status=PASSIVE metrics={"status": "PASSIVE", "quote_volume": 3157810.83, "range_15m_pct": 0.0, "atr_pct": 0.0674, "volume_ratio": 0.0, "spread_pct": 0.2361, "checks": {"quote_volume": true, "range_15m": false, "atr": false, "volume_ratio": false, "spread": true}, "reason": "movement_or_liquidity_below_threshold"}
[ACTIVITY] FORMTRY status=PASSIVE metrics={"status": "PASSIVE", "quote_volume": 6198434.01, "range_15m_pct": 0.1959, "atr_pct": 0.1469, "volume_ratio": 3.0038, "spread_pct": 0.0979, "checks": {"quote_volume": true, "range_15m": true, "atr": false, "volume_ratio": true, "spread": true}, "reason": "movement_or_liquidity_below_threshold"}
[ACTIVITY] FTRY status=PASSIVE metrics={"status": "PASSIVE", "quote_volume": 7764188.74, "range_15m_pct": 0.6711, "atr_pct": 0.3715, "volume_ratio": 0.1494, "spread_pct": 0.1493, "checks": {"quote_volume": true, "range_15m": true, "atr": true, "volume_ratio": false, "spread": true}, "reason": "movement_or_liquidity_below_threshold"}
[ACTIVITY] GALATRY status=PASSIVE metrics={"status": "PASSIVE", "quote_volume": 13134703.68, "range_15m_pct": 0.1239, "atr_pct": 0.1591, "volume_ratio": 0.7909, "spread_pct": 0.1237, "checks": {"quote_volume": true, "range_15m": false, "atr": true, "volume_ratio": true, "spread": true}, "reason": "movement_or_liquidity_below_threshold"}
[ACTIVITY] GASTRY status=PASSIVE metrics={"status": "PASSIVE", "quote_volume": 275180.84, "range_15m_pct": 0.4474, "atr_pct": 0.0957, "volume_ratio": 3.9139, "spread_pct": 0.2235, "checks": {"quote_volume": false, "range_15m": true, "atr": false, "volume_ratio": true, "spread": true}, "reason": "movement_or_liquidity_below_threshold"}
[ACTIVITY] GENIUSTRY status=PASSIVE metrics={"status": "PASSIVE", "quote_volume": 20687182.96, "range_15m_pct": 0.9127, "atr_pct": 0.1252, "volume_ratio": 6.9914, "spread_pct": 0.0564, "checks": {"quote_volume": true, "range_15m": true, "atr": false, "volume_ratio": true, "spread": true}, "reason": "movement_or_liquidity_below_threshold"}
[ACTIVITY] GIGGLETRY status=ACTIVE metrics={"status": "ACTIVE", "quote_volume": 215305773.09, "range_15m_pct": 1.2188, "atr_pct": 0.77, "volume_ratio": 0.5155, "spread_pct": 0.0575, "checks": {"quote_volume": true, "range_15m": true, "atr": true, "volume_ratio": true, "spread": true}, "reason": "active"}
[ACTIVITY] GMTTRY status=PASSIVE metrics={"status": "PASSIVE", "quote_volume": 1161125.06, "range_15m_pct": 0.0, "atr_pct": 0.113, "volume_ratio": 2.0399, "spread_pct": 0.316, "checks": {"quote_volume": true, "range_15m": false, "atr": false, "volume_ratio": true, "spread": false}, "reason": "movement_or_liquidity_below_threshold"}
[ACTIVITY] GPSTRY status=PASSIVE metrics={"status": "PASSIVE", "quote_volume": 4711626.45, "range_15m_pct": 0.0, "atr_pct": 0.3461, "volume_ratio": 0.0268, "spread_pct": 0.22, "checks": {"quote_volume": true, "range_15m": false, "atr": true, "volume_ratio": false, "spread": true}, "reason": "movement_or_liquidity_below_threshold"}
[ACTIVITY] GRAMTRY status=PASSIVE metrics={"status": "PASSIVE", "quote_volume": 24823351.72, "range_15m_pct": 1.489, "atr_pct": 0.2508, "volume_ratio": 0.0299, "spread_pct": 0.0312, "checks": {"quote_volume": true, "range_15m": true, "atr": true, "volume_ratio": false, "spread": true}, "reason": "movement_or_liquidity_below_threshold"}
[ACTIVITY] GRTTRY status=PASSIVE metrics={"status": "PASSIVE", "quote_volume": 4087524.26, "range_15m_pct": 0.1531, "atr_pct": 0.0984, "volume_ratio": 2.3679, "spread_pct": 0.1528, "checks": {"quote_volume": true, "range_15m": true, "atr": false, "volume_ratio": true, "spread": true}, "reason": "movement_or_liquidity_below_threshold"}
[ACTIVITY] GTRY status=PASSIVE metrics={"status": "PASSIVE", "quote_volume": 3436161.64, "range_15m_pct": 0.0, "atr_pct": 0.042, "volume_ratio": 0.0, "spread_pct": 0.59, "checks": {"quote_volume": true, "range_15m": false, "atr": false, "volume_ratio": false, "spread": false}, "reason": "movement_or_liquidity_below_threshold"}
[ACTIVITY] GUNTRY status=PASSIVE metrics={"status": "PASSIVE", "quote_volume": 70706383.83, "range_15m_pct": 0.0, "atr_pct": 0.4608, "volume_ratio": 0.3826, "spread_pct": 0.6431, "checks": {"quote_volume": true, "range_15m": false, "atr": true, "volume_ratio": false, "spread": false}, "reason": "movement_or_liquidity_below_threshold"}
[ACTIVITY] HAEDALTRY status=PASSIVE metrics={"status": "PASSIVE", "quote_volume": 6933857.56, "range_15m_pct": 0.0, "atr_pct": 0.0179, "volume_ratio": 0.0, "spread_pct": 0.1252, "checks": {"quote_volume": true, "range_15m": false, "atr": false, "volume_ratio": false, "spread": true}, "reason": "movement_or_liquidity_below_threshold"}
[ACTIVITY] HBARTRY status=PASSIVE metrics={"status": "PASSIVE", "quote_volume": 4415546.77, "range_15m_pct": 0.1578, "atr_pct": 0.0428, "volume_ratio": 0.1984, "spread_pct": 0.0316, "checks": {"quote_volume": true, "range_15m": true, "atr": false, "volume_ratio": false, "spread": true}, "reason": "movement_or_liquidity_below_threshold"}
[ACTIVITY] HEITRY status=ACTIVE metrics={"status": "ACTIVE", "quote_volume": 452923389.65, "range_15m_pct": 1.4573, "atr_pct": 1.375, "volume_ratio": 0.5252, "spread_pct": 0.0941, "checks": {"quote_volume": true, "range_15m": true, "atr": true, "volume_ratio": true, "spread": true}, "reason": "active"}
[ACTIVITY] HEMITRY status=ACTIVE metrics={"status": "ACTIVE", "quote_volume": 18073254.14, "range_15m_pct": 0.7946, "atr_pct": 0.2471, "volume_ratio": 2.2126, "spread_pct": 0.0833, "checks": {"quote_volume": true, "range_15m": true, "atr": true, "volume_ratio": true, "spread": true}, "reason": "active"}
[ACTIVITY] HIVETRY status=PASSIVE metrics={"status": "PASSIVE", "quote_volume": 675299.76, "range_15m_pct": 0.0, "atr_pct": 0.0744, "volume_ratio": 0.0, "spread_pct": 0.5222, "checks": {"quote_volume": false, "range_15m": false, "atr": false, "volume_ratio": false, "spread": false}, "reason": "movement_or_liquidity_below_threshold"}
[ACTIVITY] HMSTRTRY status=PASSIVE metrics={"status": "PASSIVE", "quote_volume": 38612665.53, "range_15m_pct": 0.3333, "atr_pct": 0.1661, "volume_ratio": 0.0076, "spread_pct": 0.1108, "checks": {"quote_volume": true, "range_15m": true, "atr": true, "volume_ratio": false, "spread": true}, "reason": "movement_or_liquidity_below_threshold"}
[ACTIVITY] HOLOTRY status=PASSIVE metrics={"status": "PASSIVE", "quote_volume": 573832262.32, "range_15m_pct": 1.5224, "atr_pct": 1.0676, "volume_ratio": 0.2859, "spread_pct": 0.0558, "checks": {"quote_volume": true, "range_15m": true, "atr": true, "volume_ratio": false, "spread": true}, "reason": "movement_or_liquidity_below_threshold"}
[ACTIVITY] HOMETRY status=ACTIVE metrics={"status": "ACTIVE", "quote_volume": 147189803.68, "range_15m_pct": 1.7354, "atr_pct": 1.5494, "volume_ratio": 0.5017, "spread_pct": 0.2167, "checks": {"quote_volume": true, "range_15m": true, "atr": true, "volume_ratio": true, "spread": true}, "reason": "active"}
[ACTIVITY] HOTTRY status=PASSIVE metrics={"status": "PASSIVE", "quote_volume": 6531570.42, "range_15m_pct": 0.1916, "atr_pct": 0.0683, "volume_ratio": 0.664, "spread_pct": 0.0637, "checks": {"quote_volume": true, "range_15m": true, "atr": false, "volume_ratio": true, "spread": true}, "reason": "movement_or_liquidity_below_threshold"}
[ACTIVITY] HUMATRY status=PASSIVE metrics={"status": "PASSIVE", "quote_volume": 2794172.71, "range_15m_pct": 0.0, "atr_pct": 0.0305, "volume_ratio": 0.0, "spread_pct": 0.3228, "checks": {"quote_volume": true, "range_15m": false, "atr": false, "volume_ratio": false, "spread": false}, "reason": "movement_or_liquidity_below_threshold"}
[ACTIVITY] HYPERTRY status=PASSIVE metrics={"status": "PASSIVE", "quote_volume": 13149078.77, "range_15m_pct": 0.6645, "atr_pct": 0.2122, "volume_ratio": 2.0347, "spread_pct": 0.3306, "checks": {"quote_volume": true, "range_15m": true, "atr": true, "volume_ratio": true, "spread": false}, "reason": "movement_or_liquidity_below_threshold"}
[ACTIVITY] ICPTRY status=PASSIVE metrics={"status": "PASSIVE", "quote_volume": 7672339.19, "range_15m_pct": 0.0943, "atr_pct": 0.1548, "volume_ratio": 3.3663, "spread_pct": 0.0941, "checks": {"quote_volume": true, "range_15m": false, "atr": true, "volume_ratio": true, "spread": true}, "reason": "movement_or_liquidity_below_threshold"}
[ACTIVITY] IDTRY status=PASSIVE metrics={"status": "PASSIVE", "quote_volume": 27779692.28, "range_15m_pct": 0.7468, "atr_pct": 0.2859, "volume_ratio": 0.4784, "spread_pct": 0.2225, "checks": {"quote_volume": true, "range_15m": true, "atr": true, "volume_ratio": false, "spread": true}, "reason": "movement_or_liquidity_below_threshold"}
[ACTIVITY] INITTRY status=PASSIVE metrics={"status": "PASSIVE", "quote_volume": 4125865.9, "range_15m_pct": 0.0, "atr_pct": 0.0576, "volume_ratio": 0.0, "spread_pct": 0.4008, "checks": {"quote_volume": true, "range_15m": false, "atr": false, "volume_ratio": false, "spread": false}, "reason": "movement_or_liquidity_below_threshold"}
[ACTIVITY] INJTRY status=ACTIVE metrics={"status": "ACTIVE", "quote_volume": 32639667.48, "range_15m_pct": 0.2731, "atr_pct": 0.2011, "volume_ratio": 0.5961, "spread_pct": 0.0454, "checks": {"quote_volume": true, "range_15m": true, "atr": true, "volume_ratio": true, "spread": true}, "reason": "active"}
[ACTIVITY] IOTATRY status=PASSIVE metrics={"status": "PASSIVE", "quote_volume": 466493.13, "range_15m_pct": 0.0, "atr_pct": 0.062, "volume_ratio": 0.0, "spread_pct": 0.1238, "checks": {"quote_volume": false, "range_15m": false, "atr": false, "volume_ratio": false, "spread": true}, "reason": "movement_or_liquidity_below_threshold"}
[ACTIVITY] IOTRY status=PASSIVE metrics={"status": "PASSIVE", "quote_volume": 5845528.41, "range_15m_pct": 0.036, "atr_pct": 0.1492, "volume_ratio": 0.0, "spread_pct": 0.5939, "checks": {"quote_volume": true, "range_15m": false, "atr": false, "volume_ratio": false, "spread": false}, "reason": "movement_or_liquidity_below_threshold"}
[ACTIVITY] JASMYTRY status=PASSIVE metrics={"status": "PASSIVE", "quote_volume": 2198502.16, "range_15m_pct": 0.0, "atr_pct": 0.186, "volume_ratio": 0.0, "spread_pct": 0.5222, "checks": {"quote_volume": true, "range_15m": false, "atr": true, "volume_ratio": false, "spread": false}, "reason": "movement_or_liquidity_below_threshold"}
[ACTIVITY] JTOTRY status=PASSIVE metrics={"status": "PASSIVE", "quote_volume": 8223464.95, "range_15m_pct": 0.2723, "atr_pct": 0.2109, "volume_ratio": 0.414, "spread_pct": 0.0388, "checks": {"quote_volume": true, "range_15m": true, "atr": true, "volume_ratio": false, "spread": true}, "reason": "movement_or_liquidity_below_threshold"}
[ACTIVITY] JUPTRY status=ACTIVE metrics={"status": "ACTIVE", "quote_volume": 3719274.55, "range_15m_pct": 0.86, "atr_pct": 0.4089, "volume_ratio": 1.8276, "spread_pct": 0.1219, "checks": {"quote_volume": true, "range_15m": true, "atr": true, "volume_ratio": true, "spread": true}, "reason": "active"}
[ACTIVITY] JUVTRY status=PASSIVE metrics={"status": "PASSIVE", "quote_volume": 5120037.68, "range_15m_pct": 0.0, "atr_pct": 0.0779, "volume_ratio": 0.0, "spread_pct": 0.2044, "checks": {"quote_volume": true, "range_15m": false, "atr": false, "volume_ratio": false, "spread": true}, "reason": "movement_or_liquidity_below_threshold"}
[ACTIVITY] KAITOTRY status=PASSIVE metrics={"status": "PASSIVE", "quote_volume": 29817818.48, "range_15m_pct": 2.8312, "atr_pct": 2.088, "volume_ratio": 1.6511, "spread_pct": 0.6688, "checks": {"quote_volume": true, "range_15m": true, "atr": true, "volume_ratio": true, "spread": false}, "reason": "movement_or_liquidity_below_threshold"}
[ACTIVITY] KATTRY status=PASSIVE metrics={"status": "PASSIVE", "quote_volume": 6341742.62, "range_15m_pct": 0.139, "atr_pct": 0.1057, "volume_ratio": 0.0219, "spread_pct": 0.0462, "checks": {"quote_volume": true, "range_15m": false, "atr": false, "volume_ratio": false, "spread": true}, "reason": "movement_or_liquidity_below_threshold"}
[ACTIVITY] KERNELTRY status=PASSIVE metrics={"status": "PASSIVE", "quote_volume": 6000500.67, "range_15m_pct": 0.0, "atr_pct": 0.4105, "volume_ratio": 0.0, "spread_pct": 0.5731, "checks": {"quote_volume": true, "range_15m": false, "atr": true, "volume_ratio": false, "spread": false}, "reason": "movement_or_liquidity_below_threshold"}
[ACTIVITY] KITETRY status=PASSIVE metrics={"status": "PASSIVE", "quote_volume": 5796392.87, "range_15m_pct": 0.3251, "atr_pct": 0.1781, "volume_ratio": 0.0, "spread_pct": 0.1011, "checks": {"quote_volume": true, "range_15m": true, "atr": true, "volume_ratio": false, "spread": true}, "reason": "movement_or_liquidity_below_threshold"}
[ACTIVITY] KSMTRY status=PASSIVE metrics={"status": "PASSIVE", "quote_volume": 535753.58, "range_15m_pct": 0.0, "atr_pct": 0.051, "volume_ratio": 0.0, "spread_pct": 0.7117, "checks": {"quote_volume": false, "range_15m": false, "atr": false, "volume_ratio": false, "spread": false}, "reason": "movement_or_liquidity_below_threshold"}
[ACTIVITY] LATRY status=PASSIVE metrics={"status": "PASSIVE", "quote_volume": 19448982.96, "range_15m_pct": 0.0, "atr_pct": 0.0908, "volume_ratio": 0.0, "spread_pct": 0.4228, "checks": {"quote_volume": true, "range_15m": false, "atr": false, "volume_ratio": false, "spread": false}, "reason": "movement_or_liquidity_below_threshold"}
[ACTIVITY] LAYERTRY status=PASSIVE metrics={"status": "PASSIVE", "quote_volume": 1915114.11, "range_15m_pct": 0.3571, "atr_pct": 0.0255, "volume_ratio": 25.6394, "spread_pct": 0.3552, "checks": {"quote_volume": true, "range_15m": true, "atr": false, "volume_ratio": true, "spread": false}, "reason": "movement_or_liquidity_below_threshold"}
[ACTIVITY] LAZIOTRY status=PASSIVE metrics={"status": "PASSIVE", "quote_volume": 2664677.77, "range_15m_pct": 0.18, "atr_pct": 0.0728, "volume_ratio": 0.0, "spread_pct": 0.6605, "checks": {"quote_volume": true, "range_15m": true, "atr": false, "volume_ratio": false, "spread": false}, "reason": "movement_or_liquidity_below_threshold"}
[ACTIVITY] LDOTRY status=PASSIVE metrics={"status": "PASSIVE", "quote_volume": 9125024.29, "range_15m_pct": 0.4383, "atr_pct": 0.125, "volume_ratio": 0.2769, "spread_pct": 0.0728, "checks": {"quote_volume": true, "range_15m": true, "atr": false, "volume_ratio": false, "spread": true}, "reason": "movement_or_liquidity_below_threshold"}
[ACTIVITY] LINEATRY status=PASSIVE metrics={"status": "PASSIVE", "quote_volume": 2339213.47, "range_15m_pct": 0.0962, "atr_pct": 0.103, "volume_ratio": 0.456, "spread_pct": 0.0963, "checks": {"quote_volume": true, "range_15m": false, "atr": false, "volume_ratio": false, "spread": true}, "reason": "movement_or_liquidity_below_threshold"}
[ACTIVITY] LINKTRY status=PASSIVE metrics={"status": "PASSIVE", "quote_volume": 25991756.01, "range_15m_pct": 0.048, "atr_pct": 0.0599, "volume_ratio": 0.0, "spread_pct": 0.024, "checks": {"quote_volume": true, "range_15m": false, "atr": false, "volume_ratio": false, "spread": true}, "reason": "movement_or_liquidity_below_threshold"}
[ACTIVITY] LISTATRY status=PASSIVE metrics={"status": "PASSIVE", "quote_volume": 18636696.81, "range_15m_pct": 0.3247, "atr_pct": 0.2543, "volume_ratio": 0.8407, "spread_pct": 0.3241, "checks": {"quote_volume": true, "range_15m": true, "atr": true, "volume_ratio": true, "spread": false}, "reason": "movement_or_liquidity_below_threshold"}
[ACTIVITY] LPTTRY status=PASSIVE metrics={"status": "PASSIVE", "quote_volume": 1856655.27, "range_15m_pct": 0.0, "atr_pct": 0.0, "volume_ratio": 0.0, "spread_pct": 0.1714, "checks": {"quote_volume": true, "range_15m": false, "atr": false, "volume_ratio": false, "spread": true}, "reason": "movement_or_liquidity_below_threshold"}
[ACTIVITY] LTCTRY status=PASSIVE metrics={"status": "PASSIVE", "quote_volume": 2336856.25, "range_15m_pct": 0.0463, "atr_pct": 0.0364, "volume_ratio": 7.4776, "spread_pct": 0.0463, "checks": {"quote_volume": true, "range_15m": false, "atr": false, "volume_ratio": true, "spread": true}, "reason": "movement_or_liquidity_below_threshold"}
[ACTIVITY] LUMIATRY status=PASSIVE metrics={"status": "PASSIVE", "quote_volume": 2993113.41, "range_15m_pct": 0.469, "atr_pct": 0.1804, "volume_ratio": 0.6188, "spread_pct": 0.6586, "checks": {"quote_volume": true, "range_15m": true, "atr": true, "volume_ratio": true, "spread": false}, "reason": "movement_or_liquidity_below_threshold"}
[ACTIVITY] LUNATRY status=PASSIVE metrics={"status": "PASSIVE", "quote_volume": 497137821.08, "range_15m_pct": 1.0412, "atr_pct": 0.4791, "volume_ratio": 0.2591, "spread_pct": 0.0938, "checks": {"quote_volume": true, "range_15m": true, "atr": true, "volume_ratio": false, "spread": true}, "reason": "movement_or_liquidity_below_threshold"}
[ACTIVITY] LUNCTRY status=ACTIVE metrics={"status": "ACTIVE", "quote_volume": 198523418.59, "range_15m_pct": 0.6653, "atr_pct": 0.2449, "volume_ratio": 1.2883, "spread_pct": 0.0413, "checks": {"quote_volume": true, "range_15m": true, "atr": true, "volume_ratio": true, "spread": true}, "reason": "active"}
[ACTIVITY] MAGICTRY status=PASSIVE metrics={"status": "PASSIVE", "quote_volume": 2530728.79, "range_15m_pct": 0.0, "atr_pct": 0.0372, "volume_ratio": 0.2545, "spread_pct": 0.5195, "checks": {"quote_volume": true, "range_15m": false, "atr": false, "volume_ratio": false, "spread": false}, "reason": "movement_or_liquidity_below_threshold"}
[ACTIVITY] MANATRY status=PASSIVE metrics={"status": "PASSIVE", "quote_volume": 1724649.25, "range_15m_pct": 0.0, "atr_pct": 0.091, "volume_ratio": 0.0, "spread_pct": 0.319, "checks": {"quote_volume": true, "range_15m": false, "atr": false, "volume_ratio": false, "spread": false}, "reason": "movement_or_liquidity_below_threshold"}
[ACTIVITY] MANTATRY status=PASSIVE metrics={"status": "PASSIVE", "quote_volume": 1121388.22, "range_15m_pct": 0.0, "atr_pct": 0.0314, "volume_ratio": 0.0, "spread_pct": 0.0732, "checks": {"quote_volume": true, "range_15m": false, "atr": false, "volume_ratio": false, "spread": true}, "reason": "movement_or_liquidity_below_threshold"}
[ACTIVITY] MANTRATRY status=PASSIVE metrics={"status": "PASSIVE", "quote_volume": 5350187.15, "range_15m_pct": 0.2797, "atr_pct": 0.1397, "volume_ratio": 0.1917, "spread_pct": 0.0796, "checks": {"quote_volume": true, "range_15m": true, "atr": false, "volume_ratio": false, "spread": true}, "reason": "movement_or_liquidity_below_threshold"}
[ACTIVITY] MASKTRY status=PASSIVE metrics={"status": "PASSIVE", "quote_volume": 381235.82, "range_15m_pct": 0.0, "atr_pct": 0.0, "volume_ratio": 0.0, "spread_pct": 0.1163, "checks": {"quote_volume": false, "range_15m": false, "atr": false, "volume_ratio": false, "spread": true}, "reason": "movement_or_liquidity_below_threshold"}
[ACTIVITY] MAVTRY status=PASSIVE metrics={"status": "PASSIVE", "quote_volume": 45276099.65, "range_15m_pct": 2.381, "atr_pct": 1.6611, "volume_ratio": 0.006, "spread_pct": 2.3529, "checks": {"quote_volume": true, "range_15m": true, "atr": true, "volume_ratio": false, "spread": false}, "reason": "movement_or_liquidity_below_threshold"}
[ACTIVITY] MEGATRY status=PASSIVE metrics={"status": "PASSIVE", "quote_volume": 21604119.45, "range_15m_pct": 0.7782, "atr_pct": 0.2574, "volume_ratio": 0.0365, "spread_pct": 0.1288, "checks": {"quote_volume": true, "range_15m": true, "atr": true, "volume_ratio": false, "spread": true}, "reason": "movement_or_liquidity_below_threshold"}
[ACTIVITY] MEMETRY status=PASSIVE metrics={"status": "PASSIVE", "quote_volume": 5933999.05, "range_15m_pct": 0.0, "atr_pct": 0.06, "volume_ratio": 1.2313, "spread_pct": 0.4193, "checks": {"quote_volume": true, "range_15m": false, "atr": false, "volume_ratio": true, "spread": false}, "reason": "movement_or_liquidity_below_threshold"}
[ACTIVITY] METISTRY status=PASSIVE metrics={"status": "PASSIVE", "quote_volume": 2322713.08, "range_15m_pct": 0.0, "atr_pct": 0.0, "volume_ratio": 0.0, "spread_pct": 0.8511, "checks": {"quote_volume": true, "range_15m": false, "atr": false, "volume_ratio": false, "spread": false}, "reason": "movement_or_liquidity_below_threshold"}
[ACTIVITY] METRY status=ACTIVE metrics={"status": "ACTIVE", "quote_volume": 4708115.73, "range_15m_pct": 1.0804, "atr_pct": 0.2338, "volume_ratio": 0.8262, "spread_pct": 0.1002, "checks": {"quote_volume": true, "range_15m": true, "atr": true, "volume_ratio": true, "spread": true}, "reason": "active"}
[ACTIVITY] METTRY status=PASSIVE metrics={"status": "PASSIVE", "quote_volume": 1766121.48, "range_15m_pct": 0.0, "atr_pct": 0.0652, "volume_ratio": 0.0, "spread_pct": 0.2597, "checks": {"quote_volume": true, "range_15m": false, "atr": false, "volume_ratio": false, "spread": true}, "reason": "movement_or_liquidity_below_threshold"}
[ACTIVITY] MINATRY status=PASSIVE metrics={"status": "PASSIVE", "quote_volume": 3938908.21, "range_15m_pct": 0.0, "atr_pct": 0.0785, "volume_ratio": 0.2875, "spread_pct": 0.551, "checks": {"quote_volume": true, "range_15m": false, "atr": false, "volume_ratio": false, "spread": false}, "reason": "movement_or_liquidity_below_threshold"}
[ACTIVITY] MIRATRY status=PASSIVE metrics={"status": "PASSIVE", "quote_volume": 4965007.25, "range_15m_pct": 0.0, "atr_pct": 0.0, "volume_ratio": 0.0, "spread_pct": 0.5222, "checks": {"quote_volume": true, "range_15m": false, "atr": false, "volume_ratio": false, "spread": false}, "reason": "movement_or_liquidity_below_threshold"}
[ACTIVITY] MITOTRY status=ACTIVE metrics={"status": "ACTIVE", "quote_volume": 318964020.8, "range_15m_pct": 0.9557, "atr_pct": 0.6629, "volume_ratio": 3.0668, "spread_pct": 0.1736, "checks": {"quote_volume": true, "range_15m": true, "atr": true, "volume_ratio": true, "spread": true}, "reason": "active"}
[ACTIVITY] MMTTRY status=ACTIVE metrics={"status": "ACTIVE", "quote_volume": 128424662.42, "range_15m_pct": 0.9605, "atr_pct": 0.4384, "volume_ratio": 1.1563, "spread_pct": 0.106, "checks": {"quote_volume": true, "range_15m": true, "atr": true, "volume_ratio": true, "spread": true}, "reason": "active"}
[ACTIVITY] MORPHOTRY status=PASSIVE metrics={"status": "PASSIVE", "quote_volume": 721101.71, "range_15m_pct": 0.0, "atr_pct": 0.0, "volume_ratio": 0.0, "spread_pct": 0.5229, "checks": {"quote_volume": false, "range_15m": false, "atr": false, "volume_ratio": false, "spread": false}, "reason": "movement_or_liquidity_below_threshold"}
[ACTIVITY] MOVRTRY status=ACTIVE metrics={"status": "ACTIVE", "quote_volume": 90378185.11, "range_15m_pct": 0.4673, "atr_pct": 0.4153, "volume_ratio": 0.8831, "spread_pct": 0.2328, "checks": {"quote_volume": true, "range_15m": true, "atr": true, "volume_ratio": true, "spread": true}, "reason": "active"}
[ACTIVITY] MUBARAKTRY status=PASSIVE metrics={"status": "PASSIVE", "quote_volume": 86290150.29, "range_15m_pct": 1.2941, "atr_pct": 0.8908, "volume_ratio": 0.0782, "spread_pct": 0.117, "checks": {"quote_volume": true, "range_15m": true, "atr": true, "volume_ratio": false, "spread": true}, "reason": "movement_or_liquidity_below_threshold"}
[ACTIVITY] NEARTRY status=PASSIVE metrics={"status": "PASSIVE", "quote_volume": 22036120.19, "range_15m_pct": 0.0, "atr_pct": 0.1279, "volume_ratio": 0.0141, "spread_pct": 0.1283, "checks": {"quote_volume": true, "range_15m": false, "atr": false, "volume_ratio": false, "spread": true}, "reason": "movement_or_liquidity_below_threshold"}
[ACTIVITY] NEIROTRY status=PASSIVE metrics={"status": "PASSIVE", "quote_volume": 22401888.16, "range_15m_pct": 0.3185, "atr_pct": 0.1134, "volume_ratio": 2.6781, "spread_pct": 0.316, "checks": {"quote_volume": true, "range_15m": true, "atr": false, "volume_ratio": true, "spread": false}, "reason": "movement_or_liquidity_below_threshold"}
[ACTIVITY] NEOTRY status=PASSIVE metrics={"status": "PASSIVE", "quote_volume": 2470752.88, "range_15m_pct": 0.2415, "atr_pct": 0.1377, "volume_ratio": 5.005, "spread_pct": 0.241, "checks": {"quote_volume": true, "range_15m": true, "atr": false, "volume_ratio": true, "spread": true}, "reason": "movement_or_liquidity_below_threshold"}
[ACTIVITY] NEWTTRY status=PASSIVE metrics={"status": "PASSIVE", "quote_volume": 3340520.09, "range_15m_pct": 0.5495, "atr_pct": 0.1177, "volume_ratio": 3.5953, "spread_pct": 0.5479, "checks": {"quote_volume": true, "range_15m": true, "atr": false, "volume_ratio": true, "spread": false}, "reason": "movement_or_liquidity_below_threshold"}
[ACTIVITY] NIGHTTRY status=PASSIVE metrics={"status": "PASSIVE", "quote_volume": 4455328.61, "range_15m_pct": 0.0, "atr_pct": 0.0344, "volume_ratio": 0.0, "spread_pct": 0.1203, "checks": {"quote_volume": true, "range_15m": false, "atr": false, "volume_ratio": false, "spread": true}, "reason": "movement_or_liquidity_below_threshold"}
[ACTIVITY] NILTRY status=PASSIVE metrics={"status": "PASSIVE", "quote_volume": 38388063.96, "range_15m_pct": 1.813, "atr_pct": 0.5458, "volume_ratio": 3.305, "spread_pct": 0.3341, "checks": {"quote_volume": true, "range_15m": true, "atr": true, "volume_ratio": true, "spread": false}, "reason": "movement_or_liquidity_below_threshold"}
[ACTIVITY] NMRTRY status=PASSIVE metrics={"status": "PASSIVE", "quote_volume": 439452.83, "range_15m_pct": 0.1496, "atr_pct": 0.0498, "volume_ratio": 1.2493, "spread_pct": 0.174, "checks": {"quote_volume": false, "range_15m": false, "atr": false, "volume_ratio": true, "spread": true}, "reason": "movement_or_liquidity_below_threshold"}
[ACTIVITY] NOMTRY status=PASSIVE metrics={"status": "PASSIVE", "quote_volume": 11913449.71, "range_15m_pct": 1.3158, "atr_pct": 0.5639, "volume_ratio": 0.0, "spread_pct": 1.3072, "checks": {"quote_volume": true, "range_15m": true, "atr": true, "volume_ratio": false, "spread": false}, "reason": "movement_or_liquidity_below_threshold"}
[ACTIVITY] NOTTRY status=PASSIVE metrics={"status": "PASSIVE", "quote_volume": 3507158.35, "range_15m_pct": 0.5882, "atr_pct": 0.2521, "volume_ratio": 0.0, "spread_pct": 0.5865, "checks": {"quote_volume": true, "range_15m": true, "atr": true, "volume_ratio": false, "spread": false}, "reason": "movement_or_liquidity_below_threshold"}
[ACTIVITY] NXPCTRY status=PASSIVE metrics={"status": "PASSIVE", "quote_volume": 716503.09, "range_15m_pct": 1.5528, "atr_pct": 0.5388, "volume_ratio": 0.1642, "spread_pct": 0.1026, "checks": {"quote_volume": false, "range_15m": true, "atr": true, "volume_ratio": false, "spread": true}, "reason": "movement_or_liquidity_below_threshold"}
[ACTIVITY] OGNTRY status=PASSIVE metrics={"status": "PASSIVE", "quote_volume": 2295792.9, "range_15m_pct": 0.0, "atr_pct": 0.0275, "volume_ratio": 0.0, "spread_pct": 0.128, "checks": {"quote_volume": true, "range_15m": false, "atr": false, "volume_ratio": false, "spread": true}, "reason": "movement_or_liquidity_below_threshold"}
[ACTIVITY] OGTRY status=PASSIVE metrics={"status": "PASSIVE", "quote_volume": 9937181.96, "range_15m_pct": 0.0, "atr_pct": 0.0413, "volume_ratio": 0.0, "spread_pct": 0.1653, "checks": {"quote_volume": true, "range_15m": false, "atr": false, "volume_ratio": false, "spread": true}, "reason": "movement_or_liquidity_below_threshold"}
[ACTIVITY] ONDOTRY status=PASSIVE metrics={"status": "PASSIVE", "quote_volume": 20332280.48, "range_15m_pct": 0.2525, "atr_pct": 0.153, "volume_ratio": 0.4622, "spread_pct": 0.063, "checks": {"quote_volume": true, "range_15m": true, "atr": true, "volume_ratio": false, "spread": true}, "reason": "movement_or_liquidity_below_threshold"}
[ACTIVITY] ONETRY status=ACTIVE metrics={"status": "ACTIVE", "quote_volume": 223017830.16, "range_15m_pct": 5.0562, "atr_pct": 2.6377, "volume_ratio": 0.8668, "spread_pct": 0.2677, "checks": {"quote_volume": true, "range_15m": true, "atr": true, "volume_ratio": true, "spread": true}, "reason": "active"}
[ACTIVITY] ONTTRY status=ACTIVE metrics={"status": "ACTIVE", "quote_volume": 1348269.16, "range_15m_pct": 0.5143, "atr_pct": 0.3817, "volume_ratio": 0.9091, "spread_pct": 0.1136, "checks": {"quote_volume": true, "range_15m": true, "atr": true, "volume_ratio": true, "spread": true}, "reason": "active"}
[ACTIVITY] OPENTRY status=PASSIVE metrics={"status": "PASSIVE", "quote_volume": 59547658.06, "range_15m_pct": 0.6718, "atr_pct": 0.6818, "volume_ratio": 3.3584, "spread_pct": 0.5173, "checks": {"quote_volume": true, "range_15m": true, "atr": true, "volume_ratio": true, "spread": false}, "reason": "movement_or_liquidity_below_threshold"}
[ACTIVITY] OPGTRY status=PASSIVE metrics={"status": "PASSIVE", "quote_volume": 14789063.36, "range_15m_pct": 3.4722, "atr_pct": 0.4013, "volume_ratio": 11.607, "spread_pct": 0.4494, "checks": {"quote_volume": true, "range_15m": true, "atr": true, "volume_ratio": true, "spread": false}, "reason": "movement_or_liquidity_below_threshold"}
[ACTIVITY] OPNTRY status=PASSIVE metrics={"status": "PASSIVE", "quote_volume": 5682128.54, "range_15m_pct": 0.0, "atr_pct": 0.0603, "volume_ratio": 0.0, "spread_pct": 0.4228, "checks": {"quote_volume": true, "range_15m": false, "atr": false, "volume_ratio": false, "spread": false}, "reason": "movement_or_liquidity_below_threshold"}
[ACTIVITY] OPTRY status=PASSIVE metrics={"status": "PASSIVE", "quote_volume": 7615879.61, "range_15m_pct": 0.2331, "atr_pct": 0.05, "volume_ratio": 0.1767, "spread_pct": 0.2328, "checks": {"quote_volume": true, "range_15m": true, "atr": false, "volume_ratio": false, "spread": true}, "reason": "movement_or_liquidity_below_threshold"}
[ACTIVITY] ORCATRY status=PASSIVE metrics={"status": "PASSIVE", "quote_volume": 1060599.19, "range_15m_pct": 0.0, "atr_pct": 0.058, "volume_ratio": 0.0, "spread_pct": 0.2022, "checks": {"quote_volume": true, "range_15m": false, "atr": false, "volume_ratio": false, "spread": true}, "reason": "movement_or_liquidity_below_threshold"}
[ACTIVITY] ORDITRY status=PASSIVE metrics={"status": "PASSIVE", "quote_volume": 7863825.64, "range_15m_pct": 0.1235, "atr_pct": 0.1102, "volume_ratio": 0.0, "spread_pct": 0.0616, "checks": {"quote_volume": true, "range_15m": false, "atr": false, "volume_ratio": false, "spread": true}, "reason": "movement_or_liquidity_below_threshold"}
[ACTIVITY] PARTITRY status=PASSIVE metrics={"status": "PASSIVE", "quote_volume": 11719430.16, "range_15m_pct": 0.885, "atr_pct": 0.3759, "volume_ratio": 0.0034, "spread_pct": 0.8811, "checks": {"quote_volume": true, "range_15m": true, "atr": true, "volume_ratio": false, "spread": false}, "reason": "movement_or_liquidity_below_threshold"}
[ACTIVITY] PAXGTRY status=PASSIVE metrics={"status": "PASSIVE", "quote_volume": 28582039.14, "range_15m_pct": 0.082, "atr_pct": 0.0459, "volume_ratio": 5.1441, "spread_pct": 0.0005, "checks": {"quote_volume": true, "range_15m": false, "atr": false, "volume_ratio": true, "spread": true}, "reason": "movement_or_liquidity_below_threshold"}
[ACTIVITY] PENDLETRY status=PASSIVE metrics={"status": "PASSIVE", "quote_volume": 1954243.61, "range_15m_pct": 0.0, "atr_pct": 0.0562, "volume_ratio": 0.0, "spread_pct": 0.1574, "checks": {"quote_volume": true, "range_15m": false, "atr": false, "volume_ratio": false, "spread": true}, "reason": "movement_or_liquidity_below_threshold"}
[ACTIVITY] PENGUTRY status=ACTIVE metrics={"status": "ACTIVE", "quote_volume": 24685648.32, "range_15m_pct": 0.4312, "atr_pct": 0.2052, "volume_ratio": 0.7887, "spread_pct": 0.033, "checks": {"quote_volume": true, "range_15m": true, "atr": true, "volume_ratio": true, "spread": true}, "reason": "active"}
[ACTIVITY] PEOPLETRY status=PASSIVE metrics={"status": "PASSIVE", "quote_volume": 17375512.0, "range_15m_pct": 0.5076, "atr_pct": 0.0902, "volume_ratio": 0.6869, "spread_pct": 0.2535, "checks": {"quote_volume": true, "range_15m": true, "atr": false, "volume_ratio": true, "spread": true}, "reason": "movement_or_liquidity_below_threshold"}
[ACTIVITY] PEPETRY status=ACTIVE metrics={"status": "ACTIVE", "quote_volume": 77359465.27, "range_15m_pct": 0.3952, "atr_pct": 0.155, "volume_ratio": 0.5538, "spread_pct": 0.0074, "checks": {"quote_volume": true, "range_15m": true, "atr": true, "volume_ratio": true, "spread": true}, "reason": "active"}
[ACTIVITY] PHATRY status=PASSIVE metrics={"status": "PASSIVE", "quote_volume": 6547149.65, "range_15m_pct": 0.0, "atr_pct": 0.1361, "volume_ratio": 0.0, "spread_pct": 0.9479, "checks": {"quote_volume": true, "range_15m": false, "atr": false, "volume_ratio": false, "spread": false}, "reason": "movement_or_liquidity_below_threshold"}
[ACTIVITY] PIXELTRY status=PASSIVE metrics={"status": "PASSIVE", "quote_volume": 18977596.12, "range_15m_pct": 0.0, "atr_pct": 0.1035, "volume_ratio": 0.0, "spread_pct": 0.4843, "checks": {"quote_volume": true, "range_15m": false, "atr": false, "volume_ratio": false, "spread": false}, "reason": "movement_or_liquidity_below_threshold"}
[ACTIVITY] PLUMETRY status=PASSIVE metrics={"status": "PASSIVE", "quote_volume": 11209538.45, "range_15m_pct": 0.6838, "atr_pct": 0.3158, "volume_ratio": 0.147, "spread_pct": 0.1702, "checks": {"quote_volume": true, "range_15m": true, "atr": true, "volume_ratio": false, "spread": true}, "reason": "movement_or_liquidity_below_threshold"}
[ACTIVITY] PNUTTRY status=PASSIVE metrics={"status": "PASSIVE", "quote_volume": 14642088.11, "range_15m_pct": 1.0417, "atr_pct": 0.111, "volume_ratio": 1.4844, "spread_pct": 0.5168, "checks": {"quote_volume": true, "range_15m": true, "atr": false, "volume_ratio": true, "spread": false}, "reason": "movement_or_liquidity_below_threshold"}
[ACTIVITY] POLTRY status=PASSIVE metrics={"status": "PASSIVE", "quote_volume": 770944.0, "range_15m_pct": 0.1114, "atr_pct": 0.0835, "volume_ratio": 0.0, "spread_pct": 0.0557, "checks": {"quote_volume": false, "range_15m": false, "atr": false, "volume_ratio": false, "spread": true}, "reason": "movement_or_liquidity_below_threshold"}
[ACTIVITY] POLYXTRY status=PASSIVE metrics={"status": "PASSIVE", "quote_volume": 555362.53, "range_15m_pct": 0.0, "atr_pct": 0.0, "volume_ratio": 0.0, "spread_pct": 0.6826, "checks": {"quote_volume": false, "range_15m": false, "atr": false, "volume_ratio": false, "spread": false}, "reason": "movement_or_liquidity_below_threshold"}
[ACTIVITY] PORTALTRY status=ACTIVE metrics={"status": "ACTIVE", "quote_volume": 23384264.56, "range_15m_pct": 0.3494, "atr_pct": 0.2487, "volume_ratio": 1.8123, "spread_pct": 0.0773, "checks": {"quote_volume": true, "range_15m": true, "atr": true, "volume_ratio": true, "spread": true}, "reason": "active"}
[ACTIVITY] PORTOTRY status=PASSIVE metrics={"status": "PASSIVE", "quote_volume": 1573009.7, "range_15m_pct": 0.0961, "atr_pct": 0.0446, "volume_ratio": 0.0, "spread_pct": 0.5736, "checks": {"quote_volume": true, "range_15m": false, "atr": false, "volume_ratio": false, "spread": false}, "reason": "movement_or_liquidity_below_threshold"}
[ACTIVITY] PROVETRY status=PASSIVE metrics={"status": "PASSIVE", "quote_volume": 556585.34, "range_15m_pct": 0.4202, "atr_pct": 0.07, "volume_ratio": 7.0603, "spread_pct": 0.14, "checks": {"quote_volume": false, "range_15m": true, "atr": false, "volume_ratio": true, "spread": true}, "reason": "movement_or_liquidity_below_threshold"}
[ACTIVITY] PSGTRY status=PASSIVE metrics={"status": "PASSIVE", "quote_volume": 6838385.64, "range_15m_pct": 0.2923, "atr_pct": 0.2025, "volume_ratio": 0.0, "spread_pct": 0.334, "checks": {"quote_volume": true, "range_15m": true, "atr": true, "volume_ratio": false, "spread": false}, "reason": "movement_or_liquidity_below_threshold"}
[ACTIVITY] PUMPTRY status=PASSIVE metrics={"status": "PASSIVE", "quote_volume": 59816294.81, "range_15m_pct": 0.5564, "atr_pct": 0.2995, "volume_ratio": 0.3575, "spread_pct": 0.0795, "checks": {"quote_volume": true, "range_15m": true, "atr": true, "volume_ratio": false, "spread": true}, "reason": "movement_or_liquidity_below_threshold"}
[ACTIVITY] PYTHTRY status=PASSIVE metrics={"status": "PASSIVE", "quote_volume": 7849051.23, "range_15m_pct": 0.1564, "atr_pct": 0.1525, "volume_ratio": 0.0272, "spread_pct": 0.1037, "checks": {"quote_volume": true, "range_15m": true, "atr": true, "volume_ratio": false, "spread": true}, "reason": "movement_or_liquidity_below_threshold"}
[ACTIVITY] QTUMTRY status=PASSIVE metrics={"status": "PASSIVE", "quote_volume": 4077317.09, "range_15m_pct": 0.0, "atr_pct": 0.1378, "volume_ratio": 0.2798, "spread_pct": 0.3221, "checks": {"quote_volume": true, "range_15m": false, "atr": false, "volume_ratio": false, "spread": false}, "reason": "movement_or_liquidity_below_threshold"}
[ACTIVITY] RADTRY status=PASSIVE metrics={"status": "PASSIVE", "quote_volume": 303358013.96, "range_15m_pct": 1.2712, "atr_pct": 0.9544, "volume_ratio": 0.2918, "spread_pct": 0.1678, "checks": {"quote_volume": true, "range_15m": true, "atr": true, "volume_ratio": false, "spread": true}, "reason": "movement_or_liquidity_below_threshold"}
[ACTIVITY] RARETRY status=PASSIVE metrics={"status": "PASSIVE", "quote_volume": 24383513.47, "range_15m_pct": 0.2376, "atr_pct": 0.2566, "volume_ratio": 0.0775, "spread_pct": 0.1524, "checks": {"quote_volume": true, "range_15m": true, "atr": true, "volume_ratio": false, "spread": true}, "reason": "movement_or_liquidity_below_threshold"}
[ACTIVITY] RAYTRY status=PASSIVE metrics={"status": "PASSIVE", "quote_volume": 1753986.21, "range_15m_pct": 0.4345, "atr_pct": 0.1239, "volume_ratio": 0.2167, "spread_pct": 0.0334, "checks": {"quote_volume": true, "range_15m": true, "atr": false, "volume_ratio": false, "spread": true}, "reason": "movement_or_liquidity_below_threshold"}
[ACTIVITY] REDTRY status=PASSIVE metrics={"status": "PASSIVE", "quote_volume": 1299032.33, "range_15m_pct": 0.2445, "atr_pct": 0.0871, "volume_ratio": 1.3898, "spread_pct": 0.2436, "checks": {"quote_volume": true, "range_15m": true, "atr": false, "volume_ratio": true, "spread": true}, "reason": "movement_or_liquidity_below_threshold"}
[ACTIVITY] RENDERTRY status=PASSIVE metrics={"status": "PASSIVE", "quote_volume": 10417771.24, "range_15m_pct": 0.0, "atr_pct": 0.0477, "volume_ratio": 0.0, "spread_pct": 0.1665, "checks": {"quote_volume": true, "range_15m": false, "atr": false, "volume_ratio": false, "spread": true}, "reason": "movement_or_liquidity_below_threshold"}
[ACTIVITY] RESOLVTRY status=PASSIVE metrics={"status": "PASSIVE", "quote_volume": 3162720.06, "range_15m_pct": 0.283, "atr_pct": 0.1576, "volume_ratio": 0.0, "spread_pct": 0.1405, "checks": {"quote_volume": true, "range_15m": true, "atr": true, "volume_ratio": false, "spread": true}, "reason": "movement_or_liquidity_below_threshold"}
[ACTIVITY] RETRY status=PASSIVE metrics={"status": "PASSIVE", "quote_volume": 81059161.3, "range_15m_pct": 0.7905, "atr_pct": 0.5376, "volume_ratio": 0.4409, "spread_pct": 0.0983, "checks": {"quote_volume": true, "range_15m": true, "atr": true, "volume_ratio": false, "spread": true}, "reason": "movement_or_liquidity_below_threshold"}
[ACTIVITY] REZTRY status=PASSIVE metrics={"status": "PASSIVE", "quote_volume": 4534500.11, "range_15m_pct": 0.0, "atr_pct": 0.0658, "volume_ratio": 18.7617, "spread_pct": 0.1528, "checks": {"quote_volume": true, "range_15m": false, "atr": false, "volume_ratio": true, "spread": true}, "reason": "movement_or_liquidity_below_threshold"}
[ACTIVITY] ROBOTRY status=ACTIVE metrics={"status": "ACTIVE", "quote_volume": 42618146.85, "range_15m_pct": 0.4918, "atr_pct": 0.1515, "volume_ratio": 0.5321, "spread_pct": 0.1635, "checks": {"quote_volume": true, "range_15m": true, "atr": true, "volume_ratio": true, "spread": true}, "reason": "active"}
[ACTIVITY] RONINTRY status=PASSIVE metrics={"status": "PASSIVE", "quote_volume": 397553.42, "range_15m_pct": 0.0, "atr_pct": 0.0298, "volume_ratio": 0.0, "spread_pct": 0.4158, "checks": {"quote_volume": false, "range_15m": false, "atr": false, "volume_ratio": false, "spread": false}, "reason": "movement_or_liquidity_below_threshold"}
[ACTIVITY] ROSETRY status=PASSIVE metrics={"status": "PASSIVE", "quote_volume": 12705359.91, "range_15m_pct": 0.2326, "atr_pct": 0.0912, "volume_ratio": 0.7636, "spread_pct": 0.2706, "checks": {"quote_volume": true, "range_15m": true, "atr": false, "volume_ratio": true, "spread": true}, "reason": "movement_or_liquidity_below_threshold"}
[ACTIVITY] RSRTRY status=PASSIVE metrics={"status": "PASSIVE", "quote_volume": 624574.48, "range_15m_pct": 0.0, "atr_pct": 0.0372, "volume_ratio": 0.0, "spread_pct": 0.1738, "checks": {"quote_volume": false, "range_15m": false, "atr": false, "volume_ratio": false, "spread": true}, "reason": "movement_or_liquidity_below_threshold"}
[ACTIVITY] RVNTRY status=ACTIVE metrics={"status": "ACTIVE", "quote_volume": 63521293.06, "range_15m_pct": 1.4173, "atr_pct": 0.4551, "volume_ratio": 0.5828, "spread_pct": 0.1555, "checks": {"quote_volume": true, "range_15m": true, "atr": true, "volume_ratio": true, "spread": true}, "reason": "active"}
[ACTIVITY] SAGATRY status=ACTIVE metrics={"status": "ACTIVE", "quote_volume": 42631686.78, "range_15m_pct": 0.7634, "atr_pct": 0.2493, "volume_ratio": 0.8605, "spread_pct": 0.1519, "checks": {"quote_volume": true, "range_15m": true, "atr": true, "volume_ratio": true, "spread": true}, "reason": "active"}
[ACTIVITY] SAHARATRY status=PASSIVE metrics={"status": "PASSIVE", "quote_volume": 13082350.51, "range_15m_pct": 0.6967, "atr_pct": 0.1262, "volume_ratio": 0.7234, "spread_pct": 0.0267, "checks": {"quote_volume": true, "range_15m": true, "atr": false, "volume_ratio": true, "spread": true}, "reason": "movement_or_liquidity_below_threshold"}
[ACTIVITY] SANDTRY status=PASSIVE metrics={"status": "PASSIVE", "quote_volume": 1483759.99, "range_15m_pct": 0.0528, "atr_pct": 0.0981, "volume_ratio": 0.0, "spread_pct": 0.0527, "checks": {"quote_volume": true, "range_15m": false, "atr": false, "volume_ratio": false, "spread": true}, "reason": "movement_or_liquidity_below_threshold"}
[ACTIVITY] SANTOSTRY status=PASSIVE metrics={"status": "PASSIVE", "quote_volume": 9693413.08, "range_15m_pct": 0.0, "atr_pct": 0.0665, "volume_ratio": 0.37, "spread_pct": 0.0443, "checks": {"quote_volume": true, "range_15m": false, "atr": false, "volume_ratio": false, "spread": true}, "reason": "movement_or_liquidity_below_threshold"}
[ACTIVITY] SAPIENTRY status=ACTIVE metrics={"status": "ACTIVE", "quote_volume": 3875221.76, "range_15m_pct": 0.4193, "atr_pct": 0.1903, "volume_ratio": 0.7514, "spread_pct": 0.0783, "checks": {"quote_volume": true, "range_15m": true, "atr": true, "volume_ratio": true, "spread": true}, "reason": "active"}
[ACTIVITY] SCRTRY status=PASSIVE metrics={"status": "PASSIVE", "quote_volume": 2303068.68, "range_15m_pct": 0.2047, "atr_pct": 0.2047, "volume_ratio": 0.0, "spread_pct": 0.2047, "checks": {"quote_volume": true, "range_15m": true, "atr": true, "volume_ratio": false, "spread": true}, "reason": "movement_or_liquidity_below_threshold"}
[ACTIVITY] SEITRY status=PASSIVE metrics={"status": "PASSIVE", "quote_volume": 2851842.48, "range_15m_pct": 0.2632, "atr_pct": 0.0562, "volume_ratio": 1.0581, "spread_pct": 0.0525, "checks": {"quote_volume": true, "range_15m": true, "atr": false, "volume_ratio": true, "spread": true}, "reason": "movement_or_liquidity_below_threshold"}
[ACTIVITY] SENTTRY status=PASSIVE metrics={"status": "PASSIVE", "quote_volume": 9043448.37, "range_15m_pct": 0.6072, "atr_pct": 0.1714, "volume_ratio": 0.2518, "spread_pct": 0.1112, "checks": {"quote_volume": true, "range_15m": true, "atr": true, "volume_ratio": false, "spread": true}, "reason": "movement_or_liquidity_below_threshold"}
[ACTIVITY] SHELLTRY status=PASSIVE metrics={"status": "PASSIVE", "quote_volume": 8047105.92, "range_15m_pct": 0.0, "atr_pct": 0.1553, "volume_ratio": 0.0006, "spread_pct": 1.0929, "checks": {"quote_volume": true, "range_15m": false, "atr": true, "volume_ratio": false, "spread": false}, "reason": "movement_or_liquidity_below_threshold"}
[ACTIVITY] SHIBTRY status=PASSIVE metrics={"status": "PASSIVE", "quote_volume": 32670180.16, "range_15m_pct": 0.2833, "atr_pct": 0.1211, "volume_ratio": 0.859, "spread_pct": 0.0471, "checks": {"quote_volume": true, "range_15m": true, "atr": false, "volume_ratio": true, "spread": true}, "reason": "movement_or_liquidity_below_threshold"}
[ACTIVITY] SIGNTRY status=PASSIVE metrics={"status": "PASSIVE", "quote_volume": 1775116.09, "range_15m_pct": 0.0, "atr_pct": 0.0454, "volume_ratio": 0.0, "spread_pct": 0.318, "checks": {"quote_volume": true, "range_15m": false, "atr": false, "volume_ratio": false, "spread": false}, "reason": "movement_or_liquidity_below_threshold"}
[ACTIVITY] SKLTRY status=PASSIVE metrics={"status": "PASSIVE", "quote_volume": 3603884.16, "range_15m_pct": 0.0, "atr_pct": 0.0866, "volume_ratio": 7.1261, "spread_pct": 0.6042, "checks": {"quote_volume": true, "range_15m": false, "atr": false, "volume_ratio": true, "spread": false}, "reason": "movement_or_liquidity_below_threshold"}
[ACTIVITY] SKYTRY status=PASSIVE metrics={"status": "PASSIVE", "quote_volume": 959370.63, "range_15m_pct": 0.1582, "atr_pct": 0.1328, "volume_ratio": 0.558, "spread_pct": 0.0395, "checks": {"quote_volume": false, "range_15m": true, "atr": false, "volume_ratio": true, "spread": true}, "reason": "movement_or_liquidity_below_threshold"}
[ACTIVITY] SLPTRY status=PASSIVE metrics={"status": "PASSIVE", "quote_volume": 1149799.26, "range_15m_pct": 0.2414, "atr_pct": 0.1549, "volume_ratio": 6.5224, "spread_pct": 0.4413, "checks": {"quote_volume": true, "range_15m": true, "atr": true, "volume_ratio": true, "spread": false}, "reason": "movement_or_liquidity_below_threshold"}
[ACTIVITY] SNXTRY status=PASSIVE metrics={"status": "PASSIVE", "quote_volume": 4041024.49, "range_15m_pct": 0.0, "atr_pct": 0.1728, "volume_ratio": 0.0, "spread_pct": 0.1051, "checks": {"quote_volume": true, "range_15m": false, "atr": true, "volume_ratio": false, "spread": true}, "reason": "movement_or_liquidity_below_threshold"}
[ACTIVITY] SOLTRY status=PASSIVE metrics={"status": "PASSIVE", "quote_volume": 57508005.95, "range_15m_pct": 0.1432, "atr_pct": 0.1073, "volume_ratio": 1.7423, "spread_pct": 0.0028, "checks": {"quote_volume": true, "range_15m": false, "atr": false, "volume_ratio": true, "spread": true}, "reason": "movement_or_liquidity_below_threshold"}
[ACTIVITY] SOLVTRY status=PASSIVE metrics={"status": "PASSIVE", "quote_volume": 4737171.64, "range_15m_pct": 0.885, "atr_pct": 0.1264, "volume_ratio": 1.187, "spread_pct": 0.8811, "checks": {"quote_volume": true, "range_15m": true, "atr": false, "volume_ratio": true, "spread": false}, "reason": "movement_or_liquidity_below_threshold"}
[ACTIVITY] SOMITRY status=PASSIVE metrics={"status": "PASSIVE", "quote_volume": 1028729.6, "range_15m_pct": 0.0, "atr_pct": 0.034, "volume_ratio": 25.2205, "spread_pct": 0.2378, "checks": {"quote_volume": true, "range_15m": false, "atr": false, "volume_ratio": true, "spread": true}, "reason": "movement_or_liquidity_below_threshold"}
[ACTIVITY] SOPHTRY status=PASSIVE metrics={"status": "PASSIVE", "quote_volume": 3940370.12, "range_15m_pct": 0.5495, "atr_pct": 0.0785, "volume_ratio": 2.074, "spread_pct": 0.5479, "checks": {"quote_volume": true, "range_15m": true, "atr": false, "volume_ratio": true, "spread": false}, "reason": "movement_or_liquidity_below_threshold"}
[ACTIVITY] SPELLTRY status=PASSIVE metrics={"status": "PASSIVE", "quote_volume": 8605053.65, "range_15m_pct": 0.2681, "atr_pct": 0.0766, "volume_ratio": 0.0, "spread_pct": 0.2677, "checks": {"quote_volume": true, "range_15m": true, "atr": false, "volume_ratio": false, "spread": true}, "reason": "movement_or_liquidity_below_threshold"}
[ACTIVITY] SPKTRY status=PASSIVE metrics={"status": "PASSIVE", "quote_volume": 1657538.67, "range_15m_pct": 0.0, "atr_pct": 0.0493, "volume_ratio": 0.0, "spread_pct": 0.235, "checks": {"quote_volume": true, "range_15m": false, "atr": false, "volume_ratio": false, "spread": true}, "reason": "movement_or_liquidity_below_threshold"}
[ACTIVITY] STOTRY status=PASSIVE metrics={"status": "PASSIVE", "quote_volume": 12770154.07, "range_15m_pct": 0.2155, "atr_pct": 0.1268, "volume_ratio": 6.6707, "spread_pct": 0.1076, "checks": {"quote_volume": true, "range_15m": true, "atr": false, "volume_ratio": true, "spread": true}, "reason": "movement_or_liquidity_below_threshold"}
[ACTIVITY] STRAXTRY status=PASSIVE metrics={"status": "PASSIVE", "quote_volume": 2576872.82, "range_15m_pct": 0.2451, "atr_pct": 0.0873, "volume_ratio": 0.0, "spread_pct": 0.2442, "checks": {"quote_volume": true, "range_15m": true, "atr": false, "volume_ratio": false, "spread": true}, "reason": "movement_or_liquidity_below_threshold"}
[ACTIVITY] STRKTRY status=ACTIVE metrics={"status": "ACTIVE", "quote_volume": 13386991.17, "range_15m_pct": 0.9311, "atr_pct": 0.2504, "volume_ratio": 1.5188, "spread_pct": 0.092, "checks": {"quote_volume": true, "range_15m": true, "atr": true, "volume_ratio": true, "spread": true}, "reason": "active"}
[ACTIVITY] STRY status=PASSIVE metrics={"status": "PASSIVE", "quote_volume": 2445540.23, "range_15m_pct": 0.0, "atr_pct": 0.0263, "volume_ratio": 0.0, "spread_pct": 0.0918, "checks": {"quote_volume": true, "range_15m": false, "atr": false, "volume_ratio": false, "spread": true}, "reason": "movement_or_liquidity_below_threshold"}
[ACTIVITY] STXTRY status=PASSIVE metrics={"status": "PASSIVE", "quote_volume": 2299283.98, "range_15m_pct": 0.1672, "atr_pct": 0.0358, "volume_ratio": 2.933, "spread_pct": 0.1674, "checks": {"quote_volume": true, "range_15m": true, "atr": false, "volume_ratio": true, "spread": true}, "reason": "movement_or_liquidity_below_threshold"}
[ACTIVITY] SUITRY status=PASSIVE metrics={"status": "PASSIVE", "quote_volume": 17765631.81, "range_15m_pct": 0.3361, "atr_pct": 0.0872, "volume_ratio": 1.7301, "spread_pct": 0.0305, "checks": {"quote_volume": true, "range_15m": true, "atr": false, "volume_ratio": true, "spread": true}, "reason": "movement_or_liquidity_below_threshold"}
[ACTIVITY] SUNTRY status=PASSIVE metrics={"status": "PASSIVE", "quote_volume": 2077127.84, "range_15m_pct": 0.0, "atr_pct": 0.0189, "volume_ratio": 0.0, "spread_pct": 0.0805, "checks": {"quote_volume": true, "range_15m": false, "atr": false, "volume_ratio": false, "spread": true}, "reason": "movement_or_liquidity_below_threshold"}
[ACTIVITY] SUPERTRY status=PASSIVE metrics={"status": "PASSIVE", "quote_volume": 2626129.11, "range_15m_pct": 0.4878, "atr_pct": 0.1217, "volume_ratio": 0.1576, "spread_pct": 0.2436, "checks": {"quote_volume": true, "range_15m": true, "atr": false, "volume_ratio": false, "spread": true}, "reason": "movement_or_liquidity_below_threshold"}
[ACTIVITY] SUSHITRY status=PASSIVE metrics={"status": "PASSIVE", "quote_volume": 1213328.61, "range_15m_pct": 0.1284, "atr_pct": 0.2292, "volume_ratio": 0.1772, "spread_pct": 0.1283, "checks": {"quote_volume": true, "range_15m": false, "atr": true, "volume_ratio": false, "spread": true}, "reason": "movement_or_liquidity_below_threshold"}
[ACTIVITY] SXTTRY status=PASSIVE metrics={"status": "PASSIVE", "quote_volume": 3183850.89, "range_15m_pct": 0.1668, "atr_pct": 0.0576, "volume_ratio": 0.0, "spread_pct": 0.1656, "checks": {"quote_volume": true, "range_15m": true, "atr": false, "volume_ratio": false, "spread": true}, "reason": "movement_or_liquidity_below_threshold"}
[ACTIVITY] SYRUPTRY status=PASSIVE metrics={"status": "PASSIVE", "quote_volume": 2085622.65, "range_15m_pct": 0.0, "atr_pct": 0.0425, "volume_ratio": 0.0, "spread_pct": 0.1133, "checks": {"quote_volume": true, "range_15m": false, "atr": false, "volume_ratio": false, "spread": true}, "reason": "movement_or_liquidity_below_threshold"}
[ACTIVITY] TAOTRY status=PASSIVE metrics={"status": "PASSIVE", "quote_volume": 17618118.81, "range_15m_pct": 0.5078, "atr_pct": 0.1592, "volume_ratio": 0.259, "spread_pct": 0.0414, "checks": {"quote_volume": true, "range_15m": true, "atr": true, "volume_ratio": false, "spread": true}, "reason": "movement_or_liquidity_below_threshold"}
[ACTIVITY] THETATRY status=PASSIVE metrics={"status": "PASSIVE", "quote_volume": 885291.44, "range_15m_pct": 0.0, "atr_pct": 0.1008, "volume_ratio": 0.0, "spread_pct": 0.22, "checks": {"quote_volume": false, "range_15m": false, "atr": false, "volume_ratio": false, "spread": true}, "reason": "movement_or_liquidity_below_threshold"}
[ACTIVITY] THETRY status=PASSIVE metrics={"status": "PASSIVE", "quote_volume": 34607381.11, "range_15m_pct": 0.6501, "atr_pct": 0.3973, "volume_ratio": 0.4015, "spread_pct": 0.108, "checks": {"quote_volume": true, "range_15m": true, "atr": true, "volume_ratio": false, "spread": true}, "reason": "movement_or_liquidity_below_threshold"}
[ACTIVITY] TIATRY status=PASSIVE metrics={"status": "PASSIVE", "quote_volume": 22552547.22, "range_15m_pct": 0.4811, "atr_pct": 0.2101, "volume_ratio": 0.0156, "spread_pct": 0.0684, "checks": {"quote_volume": true, "range_15m": true, "atr": true, "volume_ratio": false, "spread": true}, "reason": "movement_or_liquidity_below_threshold"}
[ACTIVITY] TLMTRY status=PASSIVE metrics={"status": "PASSIVE", "quote_volume": 28570875.23, "range_15m_pct": 0.5472, "atr_pct": 0.3713, "volume_ratio": 0.4959, "spread_pct": 0.1367, "checks": {"quote_volume": true, "range_15m": true, "atr": true, "volume_ratio": false, "spread": true}, "reason": "movement_or_liquidity_below_threshold"}
[ACTIVITY] TNSRTRY status=PASSIVE metrics={"status": "PASSIVE", "quote_volume": 18123713.62, "range_15m_pct": 0.6452, "atr_pct": 0.5495, "volume_ratio": 0.0346, "spread_pct": 0.639, "checks": {"quote_volume": true, "range_15m": true, "atr": true, "volume_ratio": false, "spread": false}, "reason": "movement_or_liquidity_below_threshold"}
[ACTIVITY] TOWNSTRY status=PASSIVE metrics={"status": "PASSIVE", "quote_volume": 12463450.27, "range_15m_pct": 0.9091, "atr_pct": 0.3218, "volume_ratio": 0.2546, "spread_pct": 0.8969, "checks": {"quote_volume": true, "range_15m": true, "atr": true, "volume_ratio": false, "spread": false}, "reason": "movement_or_liquidity_below_threshold"}
[ACTIVITY] TRBTRY status=PASSIVE metrics={"status": "PASSIVE", "quote_volume": 13199706.95, "range_15m_pct": 0.6116, "atr_pct": 0.2718, "volume_ratio": 1.6577, "spread_pct": 0.3049, "checks": {"quote_volume": true, "range_15m": true, "atr": true, "volume_ratio": true, "spread": false}, "reason": "movement_or_liquidity_below_threshold"}
[ACTIVITY] TREETRY status=PASSIVE metrics={"status": "PASSIVE", "quote_volume": 2376551.97, "range_15m_pct": 0.6024, "atr_pct": 0.043, "volume_ratio": 10.4197, "spread_pct": 0.6006, "checks": {"quote_volume": true, "range_15m": true, "atr": false, "volume_ratio": true, "spread": false}, "reason": "movement_or_liquidity_below_threshold"}
[ACTIVITY] TRUMPTRY status=PASSIVE metrics={"status": "PASSIVE", "quote_volume": 22733240.3, "range_15m_pct": 0.4298, "atr_pct": 0.1325, "volume_ratio": 0.6324, "spread_pct": 0.1426, "checks": {"quote_volume": true, "range_15m": true, "atr": false, "volume_ratio": true, "spread": true}, "reason": "movement_or_liquidity_below_threshold"}
[ACTIVITY] TRXTRY status=PASSIVE metrics={"status": "PASSIVE", "quote_volume": 45166693.93, "range_15m_pct": 0.0998, "atr_pct": 0.0365, "volume_ratio": 2.781, "spread_pct": 0.0062, "checks": {"quote_volume": true, "range_15m": false, "atr": false, "volume_ratio": true, "spread": true}, "reason": "movement_or_liquidity_below_threshold"}
[ACTIVITY] TSTTRY status=ACTIVE metrics={"status": "ACTIVE", "quote_volume": 216941230.53, "range_15m_pct": 1.1887, "atr_pct": 1.0594, "volume_ratio": 0.5521, "spread_pct": 0.1476, "checks": {"quote_volume": true, "range_15m": true, "atr": true, "volume_ratio": true, "spread": true}, "reason": "active"}
[ACTIVITY] TURBOTRY status=PASSIVE metrics={"status": "PASSIVE", "quote_volume": 6452560.94, "range_15m_pct": 0.2591, "atr_pct": 0.1292, "volume_ratio": 0.1724, "spread_pct": 0.2587, "checks": {"quote_volume": true, "range_15m": true, "atr": false, "volume_ratio": false, "spread": true}, "reason": "movement_or_liquidity_below_threshold"}
[ACTIVITY] TURTLETRY status=PASSIVE metrics={"status": "PASSIVE", "quote_volume": 1681676.55, "range_15m_pct": 0.0, "atr_pct": 0.0671, "volume_ratio": 3.6522, "spread_pct": 0.4706, "checks": {"quote_volume": true, "range_15m": false, "atr": false, "volume_ratio": true, "spread": false}, "reason": "movement_or_liquidity_below_threshold"}
[ACTIVITY] TWTTRY status=PASSIVE metrics={"status": "PASSIVE", "quote_volume": 6115364.2, "range_15m_pct": 0.1056, "atr_pct": 0.226, "volume_ratio": 0.0, "spread_pct": 0.1052, "checks": {"quote_volume": true, "range_15m": false, "atr": true, "volume_ratio": false, "spread": true}, "reason": "movement_or_liquidity_below_threshold"}
[ACTIVITY] UMATRY status=PASSIVE metrics={"status": "PASSIVE", "quote_volume": 10183444.97, "range_15m_pct": 0.2556, "atr_pct": 0.0912, "volume_ratio": 0.0163, "spread_pct": 0.0638, "checks": {"quote_volume": true, "range_15m": true, "atr": false, "volume_ratio": false, "spread": true}, "reason": "movement_or_liquidity_below_threshold"}
[ACTIVITY] UNITRY status=PASSIVE metrics={"status": "PASSIVE", "quote_volume": 25686433.36, "range_15m_pct": 0.1789, "atr_pct": 0.5871, "volume_ratio": 0.0071, "spread_pct": 0.0594, "checks": {"quote_volume": true, "range_15m": true, "atr": true, "volume_ratio": false, "spread": true}, "reason": "movement_or_liquidity_below_threshold"}
[ACTIVITY] USD1TRY status=PASSIVE metrics={"status": "PASSIVE", "quote_volume": 2378374.65, "range_15m_pct": 0.0, "atr_pct": 0.0015, "volume_ratio": 0.0, "spread_pct": 0.021, "checks": {"quote_volume": true, "range_15m": false, "atr": false, "volume_ratio": false, "spread": true}, "reason": "movement_or_liquidity_below_threshold"}
[ACTIVITY] USDCTRY status=PASSIVE metrics={"status": "PASSIVE", "quote_volume": 95113139.17, "range_15m_pct": 0.021, "atr_pct": 0.021, "volume_ratio": 1.4895, "spread_pct": 0.021, "checks": {"quote_volume": true, "range_15m": false, "atr": false, "volume_ratio": true, "spread": true}, "reason": "movement_or_liquidity_below_threshold"}
[ACTIVITY] USDTTRY status=PASSIVE metrics={"status": "PASSIVE", "quote_volume": 1213088500.64, "range_15m_pct": 0.021, "atr_pct": 0.0225, "volume_ratio": 0.8631, "spread_pct": 0.021, "checks": {"quote_volume": true, "range_15m": false, "atr": false, "volume_ratio": true, "spread": true}, "reason": "movement_or_liquidity_below_threshold"}
[ACTIVITY] USTCTRY status=ACTIVE metrics={"status": "ACTIVE", "quote_volume": 47183089.92, "range_15m_pct": 0.9197, "atr_pct": 0.3156, "volume_ratio": 3.6107, "spread_pct": 0.1248, "checks": {"quote_volume": true, "range_15m": true, "atr": true, "volume_ratio": true, "spread": true}, "reason": "active"}
[ACTIVITY] USUALTRY status=PASSIVE metrics={"status": "PASSIVE", "quote_volume": 13534862.28, "range_15m_pct": 0.4785, "atr_pct": 0.1871, "volume_ratio": 0.061, "spread_pct": 0.2378, "checks": {"quote_volume": true, "range_15m": true, "atr": true, "volume_ratio": false, "spread": true}, "reason": "movement_or_liquidity_below_threshold"}
[ACTIVITY] UTRY status=PASSIVE metrics={"status": "PASSIVE", "quote_volume": 1315100.94, "range_15m_pct": 0.0, "atr_pct": 0.0015, "volume_ratio": 0.0, "spread_pct": 0.021, "checks": {"quote_volume": true, "range_15m": false, "atr": false, "volume_ratio": false, "spread": true}, "reason": "movement_or_liquidity_below_threshold"}
[ACTIVITY] VANATRY status=PASSIVE metrics={"status": "PASSIVE", "quote_volume": 1571690.35, "range_15m_pct": 0.0, "atr_pct": 0.1599, "volume_ratio": 0.5527, "spread_pct": 0.2484, "checks": {"quote_volume": true, "range_15m": false, "atr": true, "volume_ratio": true, "spread": true}, "reason": "movement_or_liquidity_below_threshold"}
[ACTIVITY] VANRYTRY status=PASSIVE metrics={"status": "PASSIVE", "quote_volume": 27193748.94, "range_15m_pct": 1.5293, "atr_pct": 1.0324, "volume_ratio": 0.2603, "spread_pct": 0.911, "checks": {"quote_volume": true, "range_15m": true, "atr": true, "volume_ratio": false, "spread": false}, "reason": "movement_or_liquidity_below_threshold"}
[ACTIVITY] VETTRY status=PASSIVE metrics={"status": "PASSIVE", "quote_volume": 1157289.84, "range_15m_pct": 0.0, "atr_pct": 0.0325, "volume_ratio": 2.1925, "spread_pct": 0.2269, "checks": {"quote_volume": true, "range_15m": false, "atr": false, "volume_ratio": true, "spread": true}, "reason": "movement_or_liquidity_below_threshold"}
[ACTIVITY] VICTRY status=PASSIVE metrics={"status": "PASSIVE", "quote_volume": 71059144.23, "range_15m_pct": 5.0847, "atr_pct": 1.2776, "volume_ratio": 4.3523, "spread_pct": 0.8163, "checks": {"quote_volume": true, "range_15m": true, "atr": true, "volume_ratio": true, "spread": false}, "reason": "movement_or_liquidity_below_threshold"}
[ACTIVITY] VIRTUALTRY status=PASSIVE metrics={"status": "PASSIVE", "quote_volume": 2011806.32, "range_15m_pct": 0.1961, "atr_pct": 0.1008, "volume_ratio": 0.0, "spread_pct": 0.0783, "checks": {"quote_volume": true, "range_15m": true, "atr": false, "volume_ratio": false, "spread": true}, "reason": "movement_or_liquidity_below_threshold"}
[ACTIVITY] WALTRY status=PASSIVE metrics={"status": "PASSIVE", "quote_volume": 1437783.81, "range_15m_pct": 0.0, "atr_pct": 0.0, "volume_ratio": 0.0, "spread_pct": 0.9569, "checks": {"quote_volume": true, "range_15m": false, "atr": false, "volume_ratio": false, "spread": false}, "reason": "movement_or_liquidity_below_threshold"}
[ACTIVITY] WCTTRY status=PASSIVE metrics={"status": "PASSIVE", "quote_volume": 489916.39, "range_15m_pct": 0.0, "atr_pct": 0.0083, "volume_ratio": 0.0, "spread_pct": 0.3503, "checks": {"quote_volume": false, "range_15m": false, "atr": false, "volume_ratio": false, "spread": false}, "reason": "movement_or_liquidity_below_threshold"}
[ACTIVITY] WIFTRY status=PASSIVE metrics={"status": "PASSIVE", "quote_volume": 6312673.72, "range_15m_pct": 0.0756, "atr_pct": 0.0605, "volume_ratio": 0.063, "spread_pct": 0.1208, "checks": {"quote_volume": true, "range_15m": false, "atr": false, "volume_ratio": false, "spread": true}, "reason": "movement_or_liquidity_below_threshold"}
[ACTIVITY] WLDTRY status=PASSIVE metrics={"status": "PASSIVE", "quote_volume": 36875816.5, "range_15m_pct": 0.4361, "atr_pct": 0.1779, "volume_ratio": 0.2937, "spread_pct": 0.1247, "checks": {"quote_volume": true, "range_15m": true, "atr": true, "volume_ratio": false, "spread": true}, "reason": "movement_or_liquidity_below_threshold"}
[ACTIVITY] WLFITRY status=PASSIVE metrics={"status": "PASSIVE", "quote_volume": 7654743.19, "range_15m_pct": 0.3438, "atr_pct": 0.0436, "volume_ratio": 3.6165, "spread_pct": 0.0382, "checks": {"quote_volume": true, "range_15m": true, "atr": false, "volume_ratio": true, "spread": true}, "reason": "movement_or_liquidity_below_threshold"}
[ACTIVITY] WTRY status=PASSIVE metrics={"status": "PASSIVE", "quote_volume": 3701484.27, "range_15m_pct": 0.1514, "atr_pct": 0.1206, "volume_ratio": 0.2318, "spread_pct": 0.1763, "checks": {"quote_volume": true, "range_15m": true, "atr": false, "volume_ratio": false, "spread": true}, "reason": "movement_or_liquidity_below_threshold"}
[ACTIVITY] XAITRY status=PASSIVE metrics={"status": "PASSIVE", "quote_volume": 13342493.93, "range_15m_pct": 0.1955, "atr_pct": 0.1046, "volume_ratio": 0.0032, "spread_pct": 0.0977, "checks": {"quote_volume": true, "range_15m": true, "atr": false, "volume_ratio": false, "spread": true}, "reason": "movement_or_liquidity_below_threshold"}
[ACTIVITY] XAUTTRY status=PASSIVE metrics={"status": "PASSIVE", "quote_volume": 16560116.81, "range_15m_pct": 0.1225, "atr_pct": 0.0453, "volume_ratio": 0.026, "spread_pct": 0.0019, "checks": {"quote_volume": true, "range_15m": false, "atr": false, "volume_ratio": false, "spread": true}, "reason": "movement_or_liquidity_below_threshold"}
[ACTIVITY] XECTRY status=PASSIVE metrics={"status": "PASSIVE", "quote_volume": 3946488.09, "range_15m_pct": 0.3856, "atr_pct": 0.0803, "volume_ratio": 0.6462, "spread_pct": 0.1607, "checks": {"quote_volume": true, "range_15m": true, "atr": false, "volume_ratio": true, "spread": true}, "reason": "movement_or_liquidity_below_threshold"}
[ACTIVITY] XLMTRY status=PASSIVE metrics={"status": "PASSIVE", "quote_volume": 8669687.47, "range_15m_pct": 0.1835, "atr_pct": 0.1112, "volume_ratio": 0.153, "spread_pct": 0.0131, "checks": {"quote_volume": true, "range_15m": true, "atr": false, "volume_ratio": false, "spread": true}, "reason": "movement_or_liquidity_below_threshold"}
[ACTIVITY] XPLTRY status=PASSIVE metrics={"status": "PASSIVE", "quote_volume": 3385247.12, "range_15m_pct": 0.3878, "atr_pct": 0.17, "volume_ratio": 0.0742, "spread_pct": 0.0831, "checks": {"quote_volume": true, "range_15m": true, "atr": true, "volume_ratio": false, "spread": true}, "reason": "movement_or_liquidity_below_threshold"}
[ACTIVITY] XRPTRY status=PASSIVE metrics={"status": "PASSIVE", "quote_volume": 143279243.1, "range_15m_pct": 0.1237, "atr_pct": 0.0795, "volume_ratio": 0.4903, "spread_pct": 0.0206, "checks": {"quote_volume": true, "range_15m": false, "atr": false, "volume_ratio": false, "spread": true}, "reason": "movement_or_liquidity_below_threshold"}
[ACTIVITY] XTZTRY status=PASSIVE metrics={"status": "PASSIVE", "quote_volume": 383149.12, "range_15m_pct": 0.0, "atr_pct": 0.0616, "volume_ratio": 0.0, "spread_pct": 0.4306, "checks": {"quote_volume": false, "range_15m": false, "atr": false, "volume_ratio": false, "spread": false}, "reason": "movement_or_liquidity_below_threshold"}
[ACTIVITY] XVGTRY status=ACTIVE metrics={"status": "ACTIVE", "quote_volume": 5317473.74, "range_15m_pct": 0.199, "atr_pct": 0.2128, "volume_ratio": 1.5718, "spread_pct": 0.1984, "checks": {"quote_volume": true, "range_15m": true, "atr": true, "volume_ratio": true, "spread": true}, "reason": "active"}
[ACTIVITY] YBTRY status=PASSIVE metrics={"status": "PASSIVE", "quote_volume": 2001805.8, "range_15m_pct": 0.266, "atr_pct": 0.171, "volume_ratio": 0.3493, "spread_pct": 0.2663, "checks": {"quote_volume": true, "range_15m": true, "atr": true, "volume_ratio": false, "spread": true}, "reason": "movement_or_liquidity_below_threshold"}
[ACTIVITY] ZAMATRY status=PASSIVE metrics={"status": "PASSIVE", "quote_volume": 301788.31, "range_15m_pct": 0.0, "atr_pct": 0.3393, "volume_ratio": 0.0, "spread_pct": 0.2773, "checks": {"quote_volume": false, "range_15m": false, "atr": true, "volume_ratio": false, "spread": true}, "reason": "movement_or_liquidity_below_threshold"}
[ACTIVITY] ZBTTRY status=ACTIVE metrics={"status": "ACTIVE", "quote_volume": 56387994.35, "range_15m_pct": 0.4619, "atr_pct": 0.2639, "volume_ratio": 2.2417, "spread_pct": 0.2301, "checks": {"quote_volume": true, "range_15m": true, "atr": true, "volume_ratio": true, "spread": true}, "reason": "active"}
[ACTIVITY] ZILTRY status=PASSIVE metrics={"status": "PASSIVE", "quote_volume": 4096013.06, "range_15m_pct": 1.0046, "atr_pct": 0.1292, "volume_ratio": 0.0162, "spread_pct": 0.1807, "checks": {"quote_volume": true, "range_15m": true, "atr": false, "volume_ratio": false, "spread": true}, "reason": "movement_or_liquidity_below_threshold"}
[ACTIVITY] ZKCTRY status=PASSIVE metrics={"status": "PASSIVE", "quote_volume": 787735.06, "range_15m_pct": 0.0, "atr_pct": 0.0785, "volume_ratio": 0.0, "spread_pct": 0.551, "checks": {"quote_volume": false, "range_15m": false, "atr": false, "volume_ratio": false, "spread": false}, "reason": "movement_or_liquidity_below_threshold"}
[ACTIVITY] ZKPTRY status=PASSIVE metrics={"status": "PASSIVE", "quote_volume": 1009557.66, "range_15m_pct": 0.0, "atr_pct": 0.0, "volume_ratio": 0.0, "spread_pct": 0.2901, "checks": {"quote_volume": true, "range_15m": false, "atr": false, "volume_ratio": false, "spread": true}, "reason": "movement_or_liquidity_below_threshold"}
[ACTIVITY] ZKTRY status=ACTIVE metrics={"status": "ACTIVE", "quote_volume": 11889274.76, "range_15m_pct": 0.8646, "atr_pct": 0.2463, "volume_ratio": 0.5212, "spread_pct": 0.2869, "checks": {"quote_volume": true, "range_15m": true, "atr": true, "volume_ratio": true, "spread": true}, "reason": "active"}
[ACTIVITY] ZROTRY status=PASSIVE metrics={"status": "PASSIVE", "quote_volume": 9755102.27, "range_15m_pct": 0.0, "atr_pct": 0.0895, "volume_ratio": 0.8431, "spread_pct": 0.2503, "checks": {"quote_volume": true, "range_15m": false, "atr": false, "volume_ratio": true, "spread": true}, "reason": "movement_or_liquidity_below_threshold"}
[SIGNAL] 2026-08-11T09:04:59+00:00 MOVRTRY BUY fill_at=2026-08-11T09:09:59+00:00 features={"close": 50.1, "bb_lower": 51.97927464624528, "bb_upper": 55.211201544230896, "rsi": 3.992025985396751, "mfi": 2.746689708712921, "atr": 0.5071428571428572}
[ENTRY] 2026-08-11T09:09:59+00:00 MOVRTRY layer=1 value=1000.00 entry=49.83735000 cash=8998.50
[SIGNAL] 2026-08-11T09:04:59+00:00 RARETRY BUY fill_at=2026-08-11T09:09:59+00:00 features={"close": 0.6082, "bb_lower": 0.6205980428288947, "bb_upper": 0.6423352905044387, "rsi": 11.702197197809, "mfi": 1.775931968070097, "atr": 0.005307142857142851}
[ENTRY] 2026-08-11T09:09:59+00:00 RARETRY layer=1 value=996.97 entry=0.60865615 cash=8000.04
[SIGNAL] 2026-08-11T09:04:59+00:00 SOPHTRY BUY fill_at=2026-08-11T09:09:59+00:00 features={"close": 0.181, "bb_lower": 0.18398417567481787, "bb_upper": 0.18915868146803924, "rsi": 0.05234167922721156, "mfi": 0.0, "atr": 0.004571428571428572}
[ENTRY] 2026-08-11T09:09:59+00:00 SOPHTRY layer=1 value=995.46 entry=0.18013500 cash=7003.08
[SCAN] 2026-08-11T09:09:59+00:00 symbols=312 signals=3 entries=3 exits=0 blocked=8 open=3 cash=7003.08 equity=9935.82
[SIGNAL] 2026-08-11T09:09:59+00:00 FTRY BUY fill_at=2026-08-11T09:14:59+00:00 features={"close": 0.1407, "bb_lower": 0.14072619483692375, "bb_upper": 0.14202618611545723, "rsi": 38.489017901256354, "mfi": 22.340176566923702, "atr": 0.0002500000000000002}
[ENTRY] 2026-08-11T09:14:59+00:00 FTRY layer=1 value=992.61 entry=0.14080552 cash=6008.98
[SIGNAL] 2026-08-11T09:09:59+00:00 METRY BUY fill_at=2026-08-11T09:14:59+00:00 features={"close": 3.012, "bb_lower": 3.0143379688556333, "bb_upper": 3.0500429835253176, "rsi": 34.3750465418878, "mfi": 48.47928621512275, "atr": 0.006714285714285705}
[ENTRY] 2026-08-11T09:14:59+00:00 METRY layer=1 value=992.38 entry=3.01325825 cash=5015.11
[SIGNAL] 2026-08-11T09:09:59+00:00 MOVRTRY BUY fill_at=2026-08-11T09:14:59+00:00 features={"close": 48.4, "bb_lower": 50.603152954051176, "bb_upper": 56.073037522139295, "rsi": 2.7326113217495447, "mfi": 2.060110664224169, "atr": 0.6285714285714289}
[ENTRY] 2026-08-11T09:14:59+00:00 MOVRTRY layer=2 value=992.33 entry=48.43630000 cash=4021.30
[SIGNAL] 2026-08-11T09:09:59+00:00 RARETRY BUY fill_at=2026-08-11T09:14:59+00:00 features={"close": 0.6004, "bb_lower": 0.612822548204907, "bb_upper": 0.646891737509379, "rsi": 9.332916589938193, "mfi": 1.5727802967313096, "atr": 0.00584999999999999}
[ENTRY] 2026-08-11T09:14:59+00:00 RARETRY layer=2 value=992.10 entry=0.60325210 cash=3027.71
[SIGNAL] 2026-08-11T09:09:59+00:00 SOPHTRY BUY fill_at=2026-08-11T09:14:59+00:00 features={"close": 0.177, "bb_lower": 0.18127841195565644, "bb_upper": 0.19091206423481974, "rsi": 0.0300821289277593, "mfi": 4.185286369025988, "atr": 0.004857142857142858}
[ENTRY] 2026-08-11T09:14:59+00:00 SOPHTRY layer=2 value=991.62 entry=0.17713275 cash=2034.60
[SCAN] 2026-08-11T09:14:59+00:00 symbols=312 signals=5 entries=5 exits=0 blocked=12 open=5 cash=2034.60 equity=9902.74
[SIGNAL] 2026-08-11T09:14:59+00:00 MOVRTRY BUY fill_at=2026-08-11T09:19:59+00:00 features={"close": 48.4, "bb_lower": 49.64300224551021, "bb_upper": 56.518902516394554, "rsi": 2.7326113216966945, "mfi": 1.4007214121749172, "atr": 0.75}
[BLOCKED] MOVRTRY reason=max_layers
[SIGNAL] 2026-08-11T09:14:59+00:00 RARETRY BUY fill_at=2026-08-11T09:19:59+00:00 features={"close": 0.6012, "bb_lower": 0.6074738783021496, "bb_upper": 0.6490975502692793, "rsi": 11.327694635979128, "mfi": 1.568457464260149, "atr": 0.005978571428571412}
[BLOCKED] RARETRY reason=max_layers
[SIGNAL] 2026-08-11T09:14:59+00:00 SOPHTRY BUY fill_at=2026-08-11T09:19:59+00:00 features={"close": 0.175, "bb_lower": 0.17880159198665854, "bb_upper": 0.19224602706096047, "rsi": 0.024449931845296646, "mfi": 4.145573551521508, "atr": 0.005}
[BLOCKED] SOPHTRY reason=max_layers
[SIGNAL] 2026-08-11T09:14:59+00:00 VICTRY BUY fill_at=2026-08-11T09:19:59+00:00 features={"close": 1.37, "bb_lower": 1.3704819985410293, "bb_upper": 1.4095180014589705, "rsi": 38.55117493692839, "mfi": 31.276288922679285, "atr": 0.014285714285714266}
[ENTRY] 2026-08-11T09:19:59+00:00 VICTRY layer=1 value=982.41 entry=1.37102750 cash=1050.72
[SCAN] 2026-08-11T09:19:59+00:00 symbols=312 signals=4 entries=1 exits=0 blocked=17 open=6 cash=1050.72 equity=9829.06
[SIGNAL] 2026-08-11T09:19:59+00:00 FTRY BUY fill_at=2026-08-11T09:24:59+00:00 features={"close": 0.14, "bb_lower": 0.1404047756676074, "bb_upper": 0.14205236718953546, "rsi": 31.660029785638216, "mfi": 19.854919982656668, "atr": 0.00029999999999999867}
[ENTRY] 2026-08-11T09:24:59+00:00 FTRY layer=2 value=966.99 entry=0.14070545 cash=82.27
[SIGNAL] 2026-08-11T09:19:59+00:00 METRY BUY fill_at=2026-08-11T09:24:59+00:00 features={"close": 3.009, "bb_lower": 3.0117770412835103, "bb_upper": 3.0514610539545846, "rsi": 34.398541011513785, "mfi": 45.393511030306954, "atr": 0.007214285714285681}
[BLOCKED] METRY reason=insufficient_cash order=82.15 cash=82.27
[SIGNAL] 2026-08-11T09:19:59+00:00 MOVRTRY BUY fill_at=2026-08-11T09:24:59+00:00 features={"close": 48.2, "bb_lower": 48.81748427204376, "bb_upper": 56.81108715652769, "rsi": 2.6185492096550007, "mfi": 30.341205317882384, "atr": 0.7857142857142857}
[BLOCKED] MOVRTRY reason=max_layers
[SIGNAL] 2026-08-11T09:19:59+00:00 RARETRY BUY fill_at=2026-08-11T09:24:59+00:00 features={"close": 0.5887, "bb_lower": 0.5995451170319465, "bb_upper": 0.6526929782061489, "rsi": 8.253841084672018, "mfi": 1.1492409561407158, "atr": 0.0068357142857142705}
[BLOCKED] RARETRY reason=max_layers
[SIGNAL] 2026-08-11T09:19:59+00:00 SOPHTRY BUY fill_at=2026-08-11T09:24:59+00:00 features={"close": 0.173, "bb_lower": 0.1763207063465537, "bb_upper": 0.19339357936773202, "rsi": 0.020326908934237053, "mfi": 3.9952504713230184, "atr": 0.0051428571428571435}
[BLOCKED] SOPHTRY reason=max_layers
[EXIT] 2026-08-11T09:24:59+00:00 MOVRTRY reason=fixed_stop_loss pnl=-184.03 cash=1893.56
[SCAN] 2026-08-11T09:24:59+00:00 symbols=312 signals=5 entries=1 exits=1 blocked=22 open=5 cash=1893.56 equity=9660.24
[SIGNAL] 2026-08-11T09:24:59+00:00 MOVRTRY BUY fill_at=2026-08-11T09:29:59+00:00 features={"close": 44.8, "bb_lower": 47.16185484244887, "bb_upper": 57.60957372897969, "rsi": 1.480467484299382, "mfi": 19.350043425224385, "atr": 1.0642857142857147}
[ENTRY] 2026-08-11T09:29:59+00:00 MOVRTRY layer=1 value=967.31 entry=44.73352500 cash=924.80
[SIGNAL] 2026-08-11T09:24:59+00:00 RARETRY BUY fill_at=2026-08-11T09:29:59+00:00 features={"close": 0.5784, "bb_lower": 0.590291547006383, "bb_upper": 0.6568894053745695, "rsi": 6.644365267432718, "mfi": 0.6651906416592936, "atr": 0.0077642857142857}
[BLOCKED] RARETRY reason=max_layers
[SIGNAL] 2026-08-11T09:24:59+00:00 SOPHTRY BUY fill_at=2026-08-11T09:29:59+00:00 features={"close": 0.173, "bb_lower": 0.1743417335079657, "bb_upper": 0.19403921887298667, "rsi": 0.020326908932432275, "mfi": 3.9902826453496516, "atr": 0.005214285714285715}
[BLOCKED] SOPHTRY reason=max_layers
[SCAN] 2026-08-11T09:29:59+00:00 symbols=312 signals=3 entries=1 exits=0 blocked=10 open=6 cash=924.80 equity=9638.48
[SIGNAL] 2026-08-11T09:29:59+00:00 MOVRTRY BUY fill_at=2026-08-11T09:34:59+00:00 features={"close": 43.2, "bb_lower": 45.402126261005975, "bb_upper": 58.37882611994641, "rsi": 1.2119358204514583, "mfi": 9.474198905689505, "atr": 1.278571428571429}
[ENTRY] 2026-08-11T09:34:59+00:00 MOVRTRY layer=2 value=923.41 entry=42.73202500 cash=0.00
[SIGNAL] 2026-08-11T09:29:59+00:00 RARETRY BUY fill_at=2026-08-11T09:34:59+00:00 features={"close": 0.5827, "bb_lower": 0.5839377912362212, "bb_upper": 0.6585288754304454, "rsi": 14.210207882920244, "mfi": 2.463786683282791, "atr": 0.008399999999999987}
[BLOCKED] RARETRY reason=max_layers
[SCAN] 2026-08-11T09:34:59+00:00 symbols=312 signals=2 entries=1 exits=0 blocked=6 open=6 cash=0.00 equity=9629.21
[SIGNAL] 2026-08-11T09:34:59+00:00 EULTRY BUY fill_at=2026-08-11T09:39:59+00:00 features={"close": 58.4, "bb_lower": 58.4128168845378, "bb_upper": 59.26337359165269, "rsi": 39.68916249475159, "mfi": 47.558295288597684, "atr": 0.1999999999999998}
[BLOCKED] EULTRY reason=insufficient_cash order=0.00 cash=0.00
[SIGNAL] 2026-08-11T09:34:59+00:00 MOVRTRY BUY fill_at=2026-08-11T09:39:59+00:00 features={"close": 43.3, "bb_lower": 44.012329532353824, "bb_upper": 58.759099039074734, "rsi": 2.4104469817930436, "mfi": 7.909131421068437, "atr": 1.4000000000000001}
[BLOCKED] MOVRTRY reason=max_layers
[SCAN] 2026-08-11T09:39:59+00:00 symbols=312 signals=2 entries=0 exits=0 blocked=15 open=6 cash=0.00 equity=9732.46
[SIGNAL] 2026-08-11T09:39:59+00:00 VICTRY BUY fill_at=2026-08-11T09:44:59+00:00 features={"close": 1.36, "bb_lower": 1.3627069942744037, "bb_upper": 1.4096739581065483, "rsi": 37.27825311624141, "mfi": 12.418099451315541, "atr": 0.013571428571428503}
[BLOCKED] VICTRY reason=insufficient_cash order=0.00 cash=0.00
[EXIT] 2026-08-11T09:44:59+00:00 MOVRTRY reason=fixed_take_profit pnl=+36.62 cash=1930.18
[SCAN] 2026-08-11T09:44:59+00:00 symbols=312 signals=1 entries=0 exits=1 blocked=17 open=5 cash=1930.18 equity=9746.39
[SCAN] 2026-08-11T09:49:59+00:00 symbols=312 signals=0 entries=0 exits=0 blocked=13 open=5 cash=1930.18 equity=9747.98
[SIGNAL] 2026-08-11T09:49:59+00:00 ESPTRY BUY fill_at=2026-08-11T09:54:59+00:00 features={"close": 3.35, "bb_lower": 3.3648254022060806, "bb_upper": 3.4116507882701095, "rsi": 36.40397692997237, "mfi": 48.90112137227644, "atr": 0.013999999999999981}
[ENTRY] 2026-08-11T09:54:59+00:00 ESPTRY layer=1 value=976.33 entry=3.35151175 cash=952.38
[SIGNAL] 2026-08-11T09:49:59+00:00 RETRY BUY fill_at=2026-08-11T09:54:59+00:00 features={"close": 19.96, "bb_lower": 20.083489654847117, "bb_upper": 20.920319868962405, "rsi": 33.8254138195809, "mfi": 51.1946871831443, "atr": 0.20000000000000032}
[ENTRY] 2026-08-11T09:54:59+00:00 RETRY layer=1 value=950.95 entry=19.99498500 cash=0.00
[SCAN] 2026-08-11T09:54:59+00:00 symbols=312 signals=2 entries=2 exits=0 blocked=6 open=7 cash=0.00 equity=9753.95
[SIGNAL] 2026-08-11T09:54:59+00:00 ESPTRY BUY fill_at=2026-08-11T09:59:59+00:00 features={"close": 3.348, "bb_lower": 3.35733317407275, "bb_upper": 3.4142858735462975, "rsi": 35.828869174475884, "mfi": 51.05730246504435, "atr": 0.01414285714285714}
[BLOCKED] ESPTRY reason=insufficient_cash order=0.00 cash=0.00
[SIGNAL] 2026-08-11T09:54:59+00:00 EULTRY BUY fill_at=2026-08-11T09:59:59+00:00 features={"close": 58.1, "bb_lower": 58.261925832692356, "bb_upper": 59.338074167307624, "rsi": 36.94210148798529, "mfi": 18.757826219928134, "atr": 0.24285714285714274}
[BLOCKED] EULTRY reason=insufficient_cash order=0.00 cash=0.00
[SIGNAL] 2026-08-11T09:54:59+00:00 RETRY BUY fill_at=2026-08-11T09:59:59+00:00 features={"close": 19.88, "bb_lower": 19.9903587750342, "bb_upper": 20.971545986870556, "rsi": 32.03562596929679, "mfi": 46.79580592553467, "atr": 0.20714285714285754}
[BLOCKED] RETRY reason=insufficient_cash order=0.00 cash=0.00
[SCAN] 2026-08-11T09:59:59+00:00 symbols=312 signals=3 entries=0 exits=0 blocked=8 open=7 cash=0.00 equity=9752.51
[SIGNAL] 2026-08-11T09:59:59+00:00 ESPTRY BUY fill_at=2026-08-11T10:04:59+00:00 features={"close": 3.34, "bb_lower": 3.349485136651375, "bb_upper": 3.418419625253387, "rsi": 33.53325812845216, "mfi": 40.388607711858775, "atr": 0.013642857142857132}
[BLOCKED] ESPTRY reason=insufficient_cash order=0.00 cash=0.00
[SIGNAL] 2026-08-11T09:59:59+00:00 ICPTRY BUY fill_at=2026-08-11T10:04:59+00:00 features={"close": 109.9, "bb_lower": 109.9951094186034, "bb_upper": 110.70012867663472, "rsi": 33.94493617288866, "mfi": 32.457672611763186, "atr": 0.22142857142857103}
[BLOCKED] ICPTRY reason=insufficient_cash order=0.00 cash=0.00
[SIGNAL] 2026-08-11T09:59:59+00:00 VANRYTRY BUY fill_at=2026-08-11T10:04:59+00:00 features={"close": 0.1326, "bb_lower": 0.1330781686348697, "bb_upper": 0.14128373612703504, "rsi": 29.07320640770145, "mfi": 5.874048274790283, "atr": 0.0010785714285714287}
[BLOCKED] VANRYTRY reason=insufficient_cash order=0.00 cash=0.00
[SCAN] 2026-08-11T10:04:59+00:00 symbols=312 signals=3 entries=0 exits=0 blocked=9 open=7 cash=0.00 equity=9755.84
[SIGNAL] 2026-08-11T10:04:59+00:00 EGLDTRY BUY fill_at=2026-08-11T10:09:59+00:00 features={"close": 130.4, "bb_lower": 130.66781864590314, "bb_upper": 132.10360992552546, "rsi": 30.522385825063097, "mfi": 11.234540586793486, "atr": 0.20714285714285754}
[BLOCKED] EGLDTRY reason=insufficient_cash order=0.00 cash=0.00
[SIGNAL] 2026-08-11T10:04:59+00:00 HEITRY BUY fill_at=2026-08-11T10:09:59+00:00 features={"close": 7.849, "bb_lower": 7.889491493912286, "bb_upper": 8.827270410849616, "rsi": 40.434451598720955, "mfi": 34.05804500521779, "atr": 0.27207142857142846}
[BLOCKED] HEITRY reason=insufficient_cash order=0.00 cash=0.00
[SIGNAL] 2026-08-11T10:04:59+00:00 ICPTRY BUY fill_at=2026-08-11T10:09:59+00:00 features={"close": 109.9, "bb_lower": 109.93652063512381, "bb_upper": 110.73014603154284, "rsi": 33.94493615866317, "mfi": 32.457672611763186, "atr": 0.21428571428571427}
[BLOCKED] ICPTRY reason=insufficient_cash order=0.00 cash=0.00
[SIGNAL] 2026-08-11T10:04:59+00:00 PUMPTRY BUY fill_at=2026-08-11T10:09:59+00:00 features={"close": 0.1317, "bb_lower": 0.13206574015545267, "bb_upper": 0.13490568841597592, "rsi": 31.54292467075416, "mfi": 25.56088245992504, "atr": 0.0006785714285714271}
[BLOCKED] PUMPTRY reason=insufficient_cash order=0.00 cash=0.00
[SCAN] 2026-08-11T10:09:59+00:00 symbols=312 signals=4 entries=0 exits=0 blocked=10 open=7 cash=0.00 equity=9728.43
[SIGNAL] 2026-08-11T10:09:59+00:00 EGLDTRY BUY fill_at=2026-08-11T10:14:59+00:00 features={"close": 130.4, "bb_lower": 130.50448827725583, "bb_upper": 132.16217838941085, "rsi": 30.522385836236467, "mfi": 11.635258213854954, "atr": 0.19285714285714203}
[BLOCKED] EGLDTRY reason=insufficient_cash order=0.00 cash=0.00
[SIGNAL] 2026-08-11T10:09:59+00:00 ICPTRY BUY fill_at=2026-08-11T10:14:59+00:00 features={"close": 109.7, "bb_lower": 109.82190855626622, "bb_upper": 110.77809144373374, "rsi": 30.101756472305325, "mfi": 32.37088975095578, "atr": 0.21428571428571427}
[BLOCKED] ICPTRY reason=insufficient_cash order=0.00 cash=0.00
[SIGNAL] 2026-08-11T10:09:59+00:00 PUMPTRY BUY fill_at=2026-08-11T10:14:59+00:00 features={"close": 0.131, "bb_lower": 0.13159288438141845, "bb_upper": 0.13513092514239108, "rsi": 27.897394061667654, "mfi": 22.202656430815537, "atr": 0.0007142857142857149}
[BLOCKED] PUMPTRY reason=insufficient_cash order=0.00 cash=0.00
[SCAN] 2026-08-11T10:14:59+00:00 symbols=312 signals=3 entries=0 exits=0 blocked=9 open=7 cash=0.00 equity=9686.83
[SIGNAL] 2026-08-11T10:14:59+00:00 ACHTRY BUY fill_at=2026-08-11T10:19:59+00:00 features={"close": 0.2032, "bb_lower": 0.20328586311340774, "bb_upper": 0.2045046130770684, "rsi": 37.800591975456726, "mfi": 27.82603170924574, "atr": 0.00032857142857143403}
[BLOCKED] ACHTRY reason=insufficient_cash order=0.00 cash=0.00
[SIGNAL] 2026-08-11T10:14:59+00:00 ALTTRY BUY fill_at=2026-08-11T10:19:59+00:00 features={"close": 0.283, "bb_lower": 0.2838860058612668, "bb_upper": 0.28668542271016184, "rsi": 30.83495675582195, "mfi": 51.36928284177374, "atr": 0.0007142857142857149}
[BLOCKED] ALTTRY reason=insufficient_cash order=0.00 cash=0.00
[SIGNAL] 2026-08-11T10:14:59+00:00 BBTRY BUY fill_at=2026-08-11T10:19:59+00:00 features={"close": 0.6243, "bb_lower": 0.6246095880212202, "bb_upper": 0.6334380310263991, "rsi": 32.858217523353616, "mfi": 30.32494056031186, "atr": 0.0016928571428571626}
[BLOCKED] BBTRY reason=insufficient_cash order=0.00 cash=0.00
[SIGNAL] 2026-08-11T10:14:59+00:00 ICPTRY BUY fill_at=2026-08-11T10:19:59+00:00 features={"close": 109.7, "bb_lower": 109.72932382968541, "bb_upper": 110.8135333131717, "rsi": 30.1017564825859, "mfi": 32.61763182485964, "atr": 0.21428571428571427}
[BLOCKED] ICPTRY reason=insufficient_cash order=0.00 cash=0.00
[SIGNAL] 2026-08-11T10:14:59+00:00 PUMPTRY BUY fill_at=2026-08-11T10:19:59+00:00 features={"close": 0.1308, "bb_lower": 0.1312066280094991, "bb_upper": 0.135336229133358, "rsi": 26.93389345738943, "mfi": 15.612402256819479, "atr": 0.0007000000000000002}
[BLOCKED] PUMPTRY reason=insufficient_cash order=0.00 cash=0.00
[SCAN] 2026-08-11T10:19:59+00:00 symbols=312 signals=5 entries=0 exits=0 blocked=34 open=7 cash=0.00 equity=9657.42
[SIGNAL] 2026-08-11T10:19:59+00:00 ACHTRY BUY fill_at=2026-08-11T10:24:59+00:00 features={"close": 0.203, "bb_lower": 0.20313848954362237, "bb_upper": 0.20457579617066338, "rsi": 35.60791546266822, "mfi": 28.56521406098213, "atr": 0.00034285714285714675}
[BLOCKED] ACHTRY reason=insufficient_cash order=0.00 cash=0.00
[SIGNAL] 2026-08-11T10:19:59+00:00 ALTTRY BUY fill_at=2026-08-11T10:24:59+00:00 features={"close": 0.283, "bb_lower": 0.2834868053504764, "bb_upper": 0.28689414703047605, "rsi": 30.83495686029913, "mfi": 24.697970183622317, "atr": 0.0006428571428571435}
[BLOCKED] ALTTRY reason=insufficient_cash order=0.00 cash=0.00
[SIGNAL] 2026-08-11T10:19:59+00:00 ICPTRY BUY fill_at=2026-08-11T10:24:59+00:00 features={"close": 109.4, "bb_lower": 109.57089003805704, "bb_upper": 110.876729009562, "rsi": 25.09920921257175, "mfi": 29.227822538162926, "atr": 0.21428571428571427}
[BLOCKED] ICPTRY reason=insufficient_cash order=0.00 cash=0.00
[SIGNAL] 2026-08-11T10:19:59+00:00 OGTRY BUY fill_at=2026-08-11T10:24:59+00:00 features={"close": 124.4, "bb_lower": 124.40479641313031, "bb_upper": 125.06187025353641, "rsi": 42.47512478353636, "mfi": 33.60491043168166, "atr": 0.1857142857142853}
[BLOCKED] OGTRY reason=insufficient_cash order=0.00 cash=0.00
[SCAN] 2026-08-11T10:24:59+00:00 symbols=312 signals=4 entries=0 exits=0 blocked=31 open=7 cash=0.00 equity=9663.96
[SIGNAL] 2026-08-11T10:24:59+00:00 ACHTRY BUY fill_at=2026-08-11T10:29:59+00:00 features={"close": 0.2023, "bb_lower": 0.20280308613466877, "bb_upper": 0.20473977100818838, "rsi": 29.18822837451235, "mfi": 16.506357697358197, "atr": 0.00037142857142857415}
[BLOCKED] ACHTRY reason=insufficient_cash order=0.00 cash=0.00
[SIGNAL] 2026-08-11T10:24:59+00:00 ALTTRY BUY fill_at=2026-08-11T10:29:59+00:00 features={"close": 0.282, "bb_lower": 0.28286191006470063, "bb_upper": 0.28713808993529943, "rsi": 26.35982460904087, "mfi": 19.057521409050693, "atr": 0.0007142857142857149}
[BLOCKED] ALTTRY reason=insufficient_cash order=0.00 cash=0.00
[SIGNAL] 2026-08-11T10:24:59+00:00 AUDIOTRY BUY fill_at=2026-08-11T10:29:59+00:00 features={"close": 0.608, "bb_lower": 0.6084476128873308, "bb_upper": 0.6231714347317168, "rsi": 41.212527045541705, "mfi": 36.886894300393216, "atr": 0.007264285714285739}
[BLOCKED] AUDIOTRY reason=insufficient_cash order=0.00 cash=0.00
[SIGNAL] 2026-08-11T10:24:59+00:00 BBTRY BUY fill_at=2026-08-11T10:29:59+00:00 features={"close": 0.6233, "bb_lower": 0.6240966320822053, "bb_upper": 0.6337414631558899, "rsi": 31.83006671080406, "mfi": 27.026603323485844, "atr": 0.0020428571428571557}
[BLOCKED] BBTRY reason=insufficient_cash order=0.00 cash=0.00
[SIGNAL] 2026-08-11T10:24:59+00:00 ICPTRY BUY fill_at=2026-08-11T10:29:59+00:00 features={"close": 109.1, "bb_lower": 109.36055147937806, "bb_upper": 110.95373423490769, "rsi": 21.269851580740834, "mfi": 28.61561178619678, "atr": 0.20714285714285857}
[BLOCKED] ICPTRY reason=insufficient_cash order=0.00 cash=0.00
[SCAN] 2026-08-11T10:29:59+00:00 symbols=312 signals=5 entries=0 exits=0 blocked=46 open=7 cash=0.00 equity=9688.32
[SIGNAL] 2026-08-11T10:29:59+00:00 SAGATRY BUY fill_at=2026-08-11T10:34:59+00:00 features={"close": 0.673, "bb_lower": 0.6733993972937569, "bb_upper": 0.6961244122300527, "rsi": 24.55876457127239, "mfi": 7.8730267364194475, "atr": 0.0024999999999999784}
[BLOCKED] SAGATRY reason=insufficient_cash order=0.00 cash=0.00
[SCAN] 2026-08-11T10:34:59+00:00 symbols=312 signals=1 entries=0 exits=0 blocked=22 open=7 cash=0.00 equity=9723.58
[SCAN] 2026-08-11T10:39:59+00:00 symbols=312 signals=0 entries=0 exits=0 blocked=9 open=7 cash=0.00 equity=9673.82
[SIGNAL] 2026-08-11T10:39:59+00:00 HEMITRY BUY fill_at=2026-08-11T10:44:59+00:00 features={"close": 0.236, "bb_lower": 0.23632972453843268, "bb_upper": 0.2390226564139483, "rsi": 33.244197389681844, "mfi": 35.544492403709384, "atr": 0.0005571428571428552}
[BLOCKED] HEMITRY reason=insufficient_cash order=0.00 cash=0.00
[SCAN] 2026-08-11T10:44:59+00:00 symbols=312 signals=1 entries=0 exits=0 blocked=15 open=7 cash=0.00 equity=9654.08
[SIGNAL] 2026-08-11T10:44:59+00:00 FFTRY BUY fill_at=2026-08-11T10:49:59+00:00 features={"close": 3.092, "bb_lower": 3.096880199336671, "bb_upper": 3.132262657806186, "rsi": 28.62215979883898, "mfi": 38.509978290319886, "atr": 0.005357142857142806}
[BLOCKED] FFTRY reason=insufficient_cash order=0.00 cash=0.00
[SIGNAL] 2026-08-11T10:44:59+00:00 VICTRY BUY fill_at=2026-08-11T10:49:59+00:00 features={"close": 1.35, "bb_lower": 1.3516575110919222, "bb_upper": 1.3950091555747448, "rsi": 38.097056305221365, "mfi": 38.130897300052304, "atr": 0.015714285714285587}
[BLOCKED] VICTRY reason=insufficient_cash order=0.00 cash=0.00
[SCAN] 2026-08-11T10:49:59+00:00 symbols=312 signals=2 entries=0 exits=0 blocked=11 open=7 cash=0.00 equity=9676.09
[SCAN] 2026-08-11T10:54:59+00:00 symbols=312 signals=0 entries=0 exits=0 blocked=10 open=7 cash=0.00 equity=9674.93
[SCAN] 2026-08-11T10:59:59+00:00 symbols=312 signals=0 entries=0 exits=0 blocked=11 open=7 cash=0.00 equity=9664.71
[SIGNAL] 2026-08-11T10:59:59+00:00 ALLOTRY BUY fill_at=2026-08-11T11:04:59+00:00 features={"close": 14.6, "bb_lower": 14.603290754931262, "bb_upper": 14.83766162602112, "rsi": 31.477681178019623, "mfi": 27.23006558438844, "atr": 0.033571428571428745}
[BLOCKED] ALLOTRY reason=insufficient_cash order=0.00 cash=0.00
[SIGNAL] 2026-08-11T10:59:59+00:00 API3TRY BUY fill_at=2026-08-11T11:04:59+00:00 features={"close": 9.34, "bb_lower": 9.348389106350666, "bb_upper": 9.536372798411243, "rsi": 37.91643846655423, "mfi": 40.05180137946524, "atr": 0.040714285714285606}
[BLOCKED] API3TRY reason=insufficient_cash order=0.00 cash=0.00
[SCAN] 2026-08-11T11:04:59+00:00 symbols=312 signals=2 entries=0 exits=0 blocked=7 open=7 cash=0.00 equity=9681.22
[SIGNAL] 2026-08-11T11:04:59+00:00 ALLOTRY BUY fill_at=2026-08-11T11:09:59+00:00 features={"close": 14.57, "bb_lower": 14.581613693690752, "bb_upper": 14.837433925356866, "rsi": 28.888247618952875, "mfi": 21.24236919005841, "atr": 0.03500000000000002}
[BLOCKED] ALLOTRY reason=insufficient_cash order=0.00 cash=0.00
[SIGNAL] 2026-08-11T11:04:59+00:00 ATMTRY BUY fill_at=2026-08-11T11:09:59+00:00 features={"close": 71.43, "bb_lower": 71.47822332225182, "bb_upper": 72.20749096346252, "rsi": 40.17230806020003, "mfi": 21.039807192465602, "atr": 0.2049999999999983}
[BLOCKED] ATMTRY reason=insufficient_cash order=0.00 cash=0.00
[SIGNAL] 2026-08-11T11:04:59+00:00 HOMETRY BUY fill_at=2026-08-11T11:09:59+00:00 features={"close": 0.423, "bb_lower": 0.4240577762485187, "bb_upper": 0.43565650946576695, "rsi": 31.484132902477526, "mfi": 49.56037946361827, "atr": 0.0021428571428571447}
[BLOCKED] HOMETRY reason=insufficient_cash order=0.00 cash=0.00
[SCAN] 2026-08-11T11:09:59+00:00 symbols=312 signals=3 entries=0 exits=0 blocked=7 open=7 cash=0.00 equity=9667.91
[SIGNAL] 2026-08-11T11:09:59+00:00 API3TRY BUY fill_at=2026-08-11T11:14:59+00:00 features={"close": 9.27, "bb_lower": 9.307678815732233, "bb_upper": 9.554225946172531, "rsi": 32.59008695351727, "mfi": 36.49937065716152, "atr": 0.04285714285714283}
[BLOCKED] API3TRY reason=insufficient_cash order=0.00 cash=0.00
[SIGNAL] 2026-08-11T11:09:59+00:00 HOLOTRY BUY fill_at=2026-08-11T11:14:59+00:00 features={"close": 3.331, "bb_lower": 3.3320303531435074, "bb_upper": 3.370922027808873, "rsi": 42.25149865817482, "mfi": 32.258245386683, "atr": 0.015142857142857125}
[BLOCKED] HOLOTRY reason=insufficient_cash order=0.00 cash=0.00
[SIGNAL] 2026-08-11T11:09:59+00:00 MEGATRY BUY fill_at=2026-08-11T11:14:59+00:00 features={"close": 1.681, "bb_lower": 1.6857272212071268, "bb_upper": 1.7144632549833494, "rsi": 18.913204738039894, "mfi": 30.723099501953612, "atr": 0.0030714285714285505}
[BLOCKED] MEGATRY reason=insufficient_cash order=0.00 cash=0.00
[SIGNAL] 2026-08-11T11:09:59+00:00 UNITRY BUY fill_at=2026-08-11T11:14:59+00:00 features={"close": 186.2, "bb_lower": 186.48600058382019, "bb_upper": 189.73304703522743, "rsi": 27.919893037178852, "mfi": 11.661614884090952, "atr": 0.4785714285714298}
[BLOCKED] UNITRY reason=insufficient_cash order=0.00 cash=0.00
[SCAN] 2026-08-11T11:14:59+00:00 symbols=312 signals=4 entries=0 exits=0 blocked=10 open=7 cash=0.00 equity=9669.82
[SIGNAL] 2026-08-11T11:14:59+00:00 ALLOTRY BUY fill_at=2026-08-11T11:19:59+00:00 features={"close": 14.5, "bb_lower": 14.530877858222276, "bb_upper": 14.84436023701582, "rsi": 24.75132024071688, "mfi": 18.4312932957494, "atr": 0.03714285714285711}
[BLOCKED] ALLOTRY reason=insufficient_cash order=0.00 cash=0.00
[SIGNAL] 2026-08-11T11:14:59+00:00 API3TRY BUY fill_at=2026-08-11T11:19:59+00:00 features={"close": 9.24, "bb_lower": 9.281548847868082, "bb_upper": 9.569879723560492, "rsi": 30.44773234502803, "mfi": 25.682175746711565, "atr": 0.04428571428571423}
[BLOCKED] API3TRY reason=insufficient_cash order=0.00 cash=0.00
[SIGNAL] 2026-08-11T11:14:59+00:00 BMTTRY BUY fill_at=2026-08-11T11:19:59+00:00 features={"close": 0.932, "bb_lower": 0.93293433035209, "bb_upper": 0.960589479171719, "rsi": 40.198605632839545, "mfi": 39.696129082111014, "atr": 0.011999999999999986}
[BLOCKED] BMTTRY reason=insufficient_cash order=0.00 cash=0.00
[SIGNAL] 2026-08-11T11:14:59+00:00 MEGATRY BUY fill_at=2026-08-11T11:19:59+00:00 features={"close": 1.678, "bb_lower": 1.6822913174961915, "bb_upper": 1.7146610634561885, "rsi": 17.28140541443301, "mfi": 30.693821909102923, "atr": 0.0034999999999999793}
[BLOCKED] MEGATRY reason=insufficient_cash order=0.00 cash=0.00
[SCAN] 2026-08-11T11:19:59+00:00 symbols=312 signals=4 entries=0 exits=0 blocked=12 open=7 cash=0.00 equity=9682.69
[SIGNAL] 2026-08-11T11:19:59+00:00 ALLOTRY BUY fill_at=2026-08-11T11:24:59+00:00 features={"close": 14.5, "bb_lower": 14.502329427076267, "bb_upper": 14.850051525304684, "rsi": 24.751320259062183, "mfi": 18.19187685131911, "atr": 0.03571428571428559}
[BLOCKED] ALLOTRY reason=insufficient_cash order=0.00 cash=0.00
[SIGNAL] 2026-08-11T11:19:59+00:00 API3TRY BUY fill_at=2026-08-11T11:24:59+00:00 features={"close": 9.25, "bb_lower": 9.255052859507511, "bb_upper": 9.573518569063918, "rsi": 32.06048996730634, "mfi": 19.74936256921235, "atr": 0.03999999999999991}
[BLOCKED] API3TRY reason=insufficient_cash order=0.00 cash=0.00
[SIGNAL] 2026-08-11T11:19:59+00:00 DODOTRY BUY fill_at=2026-08-11T11:24:59+00:00 features={"close": 0.9949, "bb_lower": 0.995696448434901, "bb_upper": 1.010608313469861, "rsi": 41.47911773528931, "mfi": 27.26785962434181, "atr": 0.0061285714285713565}
[BLOCKED] DODOTRY reason=insufficient_cash order=0.00 cash=0.00
[SIGNAL] 2026-08-11T11:19:59+00:00 MEGATRY BUY fill_at=2026-08-11T11:24:59+00:00 features={"close": 1.676, "bb_lower": 1.679110197579881, "bb_upper": 1.7144136119439284, "rsi": 16.26772892933424, "mfi": 8.815593678201097, "atr": 0.0035714285714285587}
[BLOCKED] MEGATRY reason=insufficient_cash order=0.00 cash=0.00
[SIGNAL] 2026-08-11T11:19:59+00:00 UNITRY BUY fill_at=2026-08-11T11:24:59+00:00 features={"close": 185.7, "bb_lower": 185.93990562224604, "bb_upper": 189.74580866346815, "rsi": 28.23914150761, "mfi": 14.363053944288723, "atr": 0.5428571428571425}
[BLOCKED] UNITRY reason=insufficient_cash order=0.00 cash=0.00
[SCAN] 2026-08-11T11:24:59+00:00 symbols=312 signals=5 entries=0 exits=0 blocked=14 open=7 cash=0.00 equity=9690.16
[SIGNAL] 2026-08-11T11:24:59+00:00 DODOTRY BUY fill_at=2026-08-11T11:29:59+00:00 features={"close": 0.9919, "bb_lower": 0.994043144290985, "bb_upper": 1.0105473318994913, "rsi": 38.9785213652538, "mfi": 23.897052046065937, "atr": 0.006042857142857064}
[BLOCKED] DODOTRY reason=insufficient_cash order=0.00 cash=0.00
[SIGNAL] 2026-08-11T11:24:59+00:00 UNITRY BUY fill_at=2026-08-11T11:29:59+00:00 features={"close": 185.6, "bb_lower": 185.62680994826007, "bb_upper": 189.7350948136446, "rsi": 27.596973101429825, "mfi": 14.329031798265504, "atr": 0.49285714285714327}
[BLOCKED] UNITRY reason=insufficient_cash order=0.00 cash=0.00
[SCAN] 2026-08-11T11:29:59+00:00 symbols=312 signals=2 entries=0 exits=0 blocked=8 open=7 cash=0.00 equity=9683.65
[SIGNAL] 2026-08-11T11:29:59+00:00 ALLOTRY BUY fill_at=2026-08-11T11:34:59+00:00 features={"close": 14.43, "bb_lower": 14.44359059460576, "bb_upper": 14.848790357775192, "rsi": 20.286819800201613, "mfi": 16.71547269595628, "atr": 0.038571428571428513}
[BLOCKED] ALLOTRY reason=insufficient_cash order=0.00 cash=0.00
[SIGNAL] 2026-08-11T11:29:59+00:00 MEGATRY BUY fill_at=2026-08-11T11:34:59+00:00 features={"close": 1.631, "bb_lower": 1.6595075303112692, "bb_upper": 1.7240162792125404, "rsi": 10.29851032438765, "mfi": 21.212270564942358, "atr": 0.00707142857142857}
[BLOCKED] MEGATRY reason=insufficient_cash order=0.00 cash=0.00
[SCAN] 2026-08-11T11:34:59+00:00 symbols=312 signals=2 entries=0 exits=0 blocked=11 open=7 cash=0.00 equity=9653.37
[SIGNAL] 2026-08-11T11:34:59+00:00 ATMTRY BUY fill_at=2026-08-11T11:39:59+00:00 features={"close": 71.23, "bb_lower": 71.26751873718611, "bb_upper": 72.0972431675758, "rsi": 37.05849031301848, "mfi": 13.012171887025147, "atr": 0.1657142857142842}
[BLOCKED] ATMTRY reason=insufficient_cash order=0.00 cash=0.00
[SIGNAL] 2026-08-11T11:34:59+00:00 EDUTRY BUY fill_at=2026-08-11T11:39:59+00:00 features={"close": 1.8, "bb_lower": 1.8110850668809546, "bb_upper": 1.8536768378809507, "rsi": 35.196407625088824, "mfi": 24.774065867499715, "atr": 0.009285714285714295}
[BLOCKED] EDUTRY reason=insufficient_cash order=0.00 cash=0.00
[SIGNAL] 2026-08-11T11:34:59+00:00 ENSOTRY BUY fill_at=2026-08-11T11:39:59+00:00 features={"close": 46.5, "bb_lower": 46.52703373318664, "bb_upper": 47.33963293348003, "rsi": 29.9981855667817, "mfi": 38.89210140789086, "atr": 0.08571428571428592}
[BLOCKED] ENSOTRY reason=insufficient_cash order=0.00 cash=0.00
[SIGNAL] 2026-08-11T11:34:59+00:00 MEGATRY BUY fill_at=2026-08-11T11:39:59+00:00 features={"close": 1.637, "bb_lower": 1.649404420525041, "bb_upper": 1.7274527223321017, "rsi": 16.90579787039576, "mfi": 19.539112036024065, "atr": 0.008071428571428571}
[BLOCKED] MEGATRY reason=insufficient_cash order=0.00 cash=0.00
[SIGNAL] 2026-08-11T11:34:59+00:00 PYTHTRY BUY fill_at=2026-08-11T11:39:59+00:00 features={"close": 2.017, "bb_lower": 2.018849820458689, "bb_upper": 2.0337216081127405, "rsi": 37.18180572714899, "mfi": 22.221387507825582, "atr": 0.0037857142857142495}
[BLOCKED] PYTHTRY reason=insufficient_cash order=0.00 cash=0.00
[SCAN] 2026-08-11T11:39:59+00:00 symbols=312 signals=5 entries=0 exits=0 blocked=11 open=7 cash=0.00 equity=9667.19
[SIGNAL] 2026-08-11T11:39:59+00:00 BMTTRY BUY fill_at=2026-08-11T11:44:59+00:00 features={"close": 0.925, "bb_lower": 0.9285849621734881, "bb_upper": 0.9620817044931786, "rsi": 38.116849838956284, "mfi": 39.68981974340416, "atr": 0.01392857142857141}
[BLOCKED] BMTTRY reason=insufficient_cash order=0.00 cash=0.00
[SIGNAL] 2026-08-11T11:39:59+00:00 DODOTRY BUY fill_at=2026-08-11T11:44:59+00:00 features={"close": 0.988, "bb_lower": 0.9909506609151945, "bb_upper": 1.0118874343229003, "rsi": 39.59409778020896, "mfi": 15.346140514094145, "atr": 0.006399999999999938}
[BLOCKED] DODOTRY reason=insufficient_cash order=0.00 cash=0.00
[SIGNAL] 2026-08-11T11:39:59+00:00 EDUTRY BUY fill_at=2026-08-11T11:44:59+00:00 features={"close": 1.8, "bb_lower": 1.8055754045819536, "bb_upper": 1.8563293573228077, "rsi": 35.19640759331301, "mfi": 24.72954986193423, "atr": 0.009285714285714295}
[BLOCKED] EDUTRY reason=insufficient_cash order=0.00 cash=0.00
[SIGNAL] 2026-08-11T11:39:59+00:00 MEGATRY BUY fill_at=2026-08-11T11:44:59+00:00 features={"close": 1.631, "bb_lower": 1.6395473262574518, "bb_upper": 1.730547911837786, "rsi": 15.656461791824483, "mfi": 23.12444409173561, "atr": 0.008571428571428563}
[BLOCKED] MEGATRY reason=insufficient_cash order=0.00 cash=0.00
[SIGNAL] 2026-08-11T11:39:59+00:00 MOVRTRY BUY fill_at=2026-08-11T11:44:59+00:00 features={"close": 44.3, "bb_lower": 44.34365106600868, "bb_upper": 46.65634893399132, "rsi": 35.06975753403975, "mfi": 46.66212882594982, "atr": 0.7928571428571425}
[BLOCKED] MOVRTRY reason=insufficient_cash order=0.00 cash=0.00
[SIGNAL] 2026-08-11T11:39:59+00:00 PYTHTRY BUY fill_at=2026-08-11T11:44:59+00:00 features={"close": 2.012, "bb_lower": 2.015969572416012, "bb_upper": 2.035078046631608, "rsi": 32.858671592835265, "mfi": 43.73760701820672, "atr": 0.0034999999999999636}
[BLOCKED] PYTHTRY reason=insufficient_cash order=0.00 cash=0.00
[SCAN] 2026-08-11T11:44:59+00:00 symbols=312 signals=6 entries=0 exits=0 blocked=15 open=7 cash=0.00 equity=9696.36
[SIGNAL] 2026-08-11T11:44:59+00:00 ATMTRY BUY fill_at=2026-08-11T11:49:59+00:00 features={"close": 71.17, "bb_lower": 71.1779262096237, "bb_upper": 72.07826426656678, "rsi": 38.20764075023942, "mfi": 6.592483558962186, "atr": 0.2028571428571421}
[BLOCKED] ATMTRY reason=insufficient_cash order=0.00 cash=0.00
[SIGNAL] 2026-08-11T11:44:59+00:00 MAVTRY BUY fill_at=2026-08-11T11:49:59+00:00 features={"close": 0.47, "bb_lower": 0.4717917027791021, "bb_upper": 0.5120178210304219, "rsi": 38.29870183261657, "mfi": 16.5921856779958, "atr": 0.014285714285714294}
[BLOCKED] MAVTRY reason=insufficient_cash order=0.00 cash=0.00
[SIGNAL] 2026-08-11T11:44:59+00:00 MEGATRY BUY fill_at=2026-08-11T11:49:59+00:00 features={"close": 1.622, "bb_lower": 1.6292004505231965, "bb_upper": 1.733085263762518, "rsi": 13.977894589096707, "mfi": 20.486437905205676, "atr": 0.009714285714285707}
[BLOCKED] MEGATRY reason=insufficient_cash order=0.00 cash=0.00
[SIGNAL] 2026-08-11T11:44:59+00:00 NILTRY BUY fill_at=2026-08-11T11:49:59+00:00 features={"close": 1.761, "bb_lower": 1.770345265660073, "bb_upper": 1.8577499724351656, "rsi": 30.979653440052815, "mfi": 16.494566676726663, "atr": 0.014357142857142846}
[BLOCKED] NILTRY reason=insufficient_cash order=0.00 cash=0.00
[SCAN] 2026-08-11T11:49:59+00:00 symbols=312 signals=4 entries=0 exits=0 blocked=9 open=7 cash=0.00 equity=9702.67
[SIGNAL] 2026-08-11T11:49:59+00:00 BOMETRY BUY fill_at=2026-08-11T11:54:59+00:00 features={"close": 0.03698, "bb_lower": 0.0371024779423524, "bb_upper": 0.03772895062907616, "rsi": 43.9789169276435, "mfi": 43.58841959542376, "atr": 0.000235714285714286}
[BLOCKED] BOMETRY reason=insufficient_cash order=0.00 cash=0.00
[SIGNAL] 2026-08-11T11:49:59+00:00 ENSOTRY BUY fill_at=2026-08-11T11:54:59+00:00 features={"close": 46.3, "bb_lower": 46.45029956054281, "bb_upper": 47.22589091564766, "rsi": 31.90810395352848, "mfi": 22.993910843029752, "atr": 0.1499999999999996}
[BLOCKED] ENSOTRY reason=insufficient_cash order=0.00 cash=0.00
[SIGNAL] 2026-08-11T11:49:59+00:00 NILTRY BUY fill_at=2026-08-11T11:54:59+00:00 features={"close": 1.757, "bb_lower": 1.7639602249949797, "bb_upper": 1.861373108338354, "rsi": 29.943859789170162, "mfi": 16.36083222525076, "atr": 0.014214285714285704}
[BLOCKED] NILTRY reason=insufficient_cash order=0.00 cash=0.00
[SCAN] 2026-08-11T11:54:59+00:00 symbols=312 signals=3 entries=0 exits=0 blocked=6 open=7 cash=0.00 equity=9701.37
[SIGNAL] 2026-08-11T11:54:59+00:00 BOMETRY BUY fill_at=2026-08-11T11:59:59+00:00 features={"close": 0.03702, "bb_lower": 0.03704101390217735, "bb_upper": 0.03775231943115597, "rsi": 45.09111929465928, "mfi": 29.1883983629059, "atr": 0.00023642857142857146}
[BLOCKED] BOMETRY reason=insufficient_cash order=0.00 cash=0.00
[SIGNAL] 2026-08-11T11:54:59+00:00 ENSOTRY BUY fill_at=2026-08-11T11:59:59+00:00 features={"close": 46.2, "bb_lower": 46.36580175838003, "bb_upper": 47.20562681304854, "rsi": 30.073605815095476, "mfi": 20.432863793786808, "atr": 0.1357142857142851}
[BLOCKED] ENSOTRY reason=insufficient_cash order=0.00 cash=0.00
[SIGNAL] 2026-08-11T11:54:59+00:00 NILTRY BUY fill_at=2026-08-11T11:59:59+00:00 features={"close": 1.746, "bb_lower": 1.75412628589824, "bb_upper": 1.8663499045779512, "rsi": 27.23141038956662, "mfi": 10.010950966374907, "atr": 0.014571428571428569}
[BLOCKED] NILTRY reason=insufficient_cash order=0.00 cash=0.00
[SIGNAL] 2026-08-11T11:54:59+00:00 PYTHTRY BUY fill_at=2026-08-11T11:59:59+00:00 features={"close": 2.008, "bb_lower": 2.012144469848887, "bb_upper": 2.03604600634159, "rsi": 34.847711314211395, "mfi": 56.86107552137872, "atr": 0.004428571428571353}
[BLOCKED] PYTHTRY reason=insufficient_cash order=0.00 cash=0.00
[SCAN] 2026-08-11T11:59:59+00:00 symbols=312 signals=4 entries=0 exits=0 blocked=9 open=7 cash=0.00 equity=9698.99
[SIGNAL] 2026-08-11T11:59:59+00:00 AUDIOTRY BUY fill_at=2026-08-11T12:04:59+00:00 features={"close": 0.5978, "bb_lower": 0.5985111829237607, "bb_upper": 0.6188602456476676, "rsi": 36.638774812740365, "mfi": 46.24919458254261, "atr": 0.004157142857142859}
[BLOCKED] AUDIOTRY reason=insufficient_cash order=0.00 cash=0.00
[SCAN] 2026-08-11T12:04:59+00:00 symbols=312 signals=1 entries=0 exits=0 blocked=3 open=7 cash=0.00 equity=9687.47
[SIGNAL] 2026-08-11T12:04:59+00:00 AUCTIONTRY BUY fill_at=2026-08-11T12:09:59+00:00 features={"close": 140.2, "bb_lower": 140.35288963720905, "bb_upper": 142.31377702945758, "rsi": 15.104886868788043, "mfi": 1.9881583538606407, "atr": 0.28571428571428165}
[BLOCKED] AUCTIONTRY reason=insufficient_cash order=0.00 cash=0.00
[SIGNAL] 2026-08-11T12:04:59+00:00 HOMETRY BUY fill_at=2026-08-11T12:09:59+00:00 features={"close": 0.418, "bb_lower": 0.4181796906825851, "bb_upper": 0.4324869759840815, "rsi": 34.82494162036981, "mfi": 25.606959721908936, "atr": 0.0030714285714285743}
[BLOCKED] HOMETRY reason=insufficient_cash order=0.00 cash=0.00
[SIGNAL] 2026-08-11T12:04:59+00:00 MIRATRY BUY fill_at=2026-08-11T12:09:59+00:00 features={"close": 1.94, "bb_lower": 1.942434026752382, "bb_upper": 1.9594707351523803, "rsi": 32.89379822916473, "mfi": 41.63177040745023, "atr": 0.004285714285714289}
[BLOCKED] MIRATRY reason=insufficient_cash order=0.00 cash=0.00
[SCAN] 2026-08-11T12:09:59+00:00 symbols=312 signals=3 entries=0 exits=0 blocked=9 open=7 cash=0.00 equity=9712.70
[SIGNAL] 2026-08-11T12:09:59+00:00 AUCTIONTRY BUY fill_at=2026-08-11T12:14:59+00:00 features={"close": 139.8, "bb_lower": 140.11732766911817, "bb_upper": 142.32076756897706, "rsi": 12.30836668003289, "mfi": 2.009259469905615, "atr": 0.2999999999999951}
[BLOCKED] AUCTIONTRY reason=insufficient_cash order=0.00 cash=0.00
[SIGNAL] 2026-08-11T12:09:59+00:00 EULTRY BUY fill_at=2026-08-11T12:14:59+00:00 features={"close": 56.4, "bb_lower": 56.91182763598022, "bb_upper": 58.6024580783055, "rsi": 23.17472115749804, "mfi": 40.858014910712406, "atr": 0.250000000000001}
[BLOCKED] EULTRY reason=insufficient_cash order=0.00 cash=0.00
[SIGNAL] 2026-08-11T12:09:59+00:00 MIRATRY BUY fill_at=2026-08-11T12:14:59+00:00 features={"close": 1.94, "bb_lower": 1.9407637723550613, "bb_upper": 1.9601886085973197, "rsi": 32.89379824838046, "mfi": 41.63177040745023, "atr": 0.0050000000000000044}
[BLOCKED] MIRATRY reason=insufficient_cash order=0.00 cash=0.00
[SIGNAL] 2026-08-11T12:09:59+00:00 RVNTRY BUY fill_at=2026-08-11T12:14:59+00:00 features={"close": 0.1375, "bb_lower": 0.1376958731923379, "bb_upper": 0.13998031728385257, "rsi": 35.21375499943166, "mfi": 12.601055602473508, "atr": 0.0008142857142857178}
[BLOCKED] RVNTRY reason=insufficient_cash order=0.00 cash=0.00
[SCAN] 2026-08-11T12:14:59+00:00 symbols=312 signals=4 entries=0 exits=0 blocked=10 open=7 cash=0.00 equity=9720.28
[SIGNAL] 2026-08-11T12:14:59+00:00 ERATRY BUY fill_at=2026-08-11T12:19:59+00:00 features={"close": 3.12, "bb_lower": 3.120839947506588, "bb_upper": 3.2258267191600787, "rsi": 21.675831597256334, "mfi": 18.259713820635824, "atr": 0.00928571428571431}
[BLOCKED] ERATRY reason=insufficient_cash order=0.00 cash=0.00
[SIGNAL] 2026-08-11T12:14:59+00:00 EULTRY BUY fill_at=2026-08-11T12:19:59+00:00 features={"close": 56.2, "bb_lower": 56.632738261227544, "bb_upper": 58.76726173877246, "rsi": 21.52724586981499, "mfi": 40.68907572472278, "atr": 0.23571428571428601}
[BLOCKED] EULTRY reason=insufficient_cash order=0.00 cash=0.00
[SIGNAL] 2026-08-11T12:14:59+00:00 HOMETRY BUY fill_at=2026-08-11T12:19:59+00:00 features={"close": 0.415, "bb_lower": 0.41587155198806286, "bb_upper": 0.43222368610717504, "rsi": 30.646280892120586, "mfi": 23.060703487985236, "atr": 0.003500000000000003}
[BLOCKED] HOMETRY reason=insufficient_cash order=0.00 cash=0.00
[SIGNAL] 2026-08-11T12:14:59+00:00 MIRATRY BUY fill_at=2026-08-11T12:19:59+00:00 features={"close": 1.93, "bb_lower": 1.9364654198087599, "bb_upper": 1.962582199238859, "rsi": 24.933017631041864, "mfi": 36.75852123436086, "atr": 0.0057142857142857195}
[BLOCKED] MIRATRY reason=insufficient_cash order=0.00 cash=0.00
[SIGNAL] 2026-08-11T12:14:59+00:00 PORTALTRY BUY fill_at=2026-08-11T12:19:59+00:00 features={"close": 0.5565, "bb_lower": 0.557171934315455, "bb_upper": 0.56546616092264, "rsi": 33.54731349876917, "mfi": 22.890866161494003, "atr": 0.0021285714285714163}
[BLOCKED] PORTALTRY reason=insufficient_cash order=0.00 cash=0.00
[SIGNAL] 2026-08-11T12:14:59+00:00 RVNTRY BUY fill_at=2026-08-11T12:19:59+00:00 features={"close": 0.1374, "bb_lower": 0.13746899700829998, "bb_upper": 0.14004528870598573, "rsi": 34.53226407499305, "mfi": 11.946622894561642, "atr": 0.0008285714285714305}
[BLOCKED] RVNTRY reason=insufficient_cash order=0.00 cash=0.00
[SCAN] 2026-08-11T12:19:59+00:00 symbols=312 signals=6 entries=0 exits=0 blocked=11 open=7 cash=0.00 equity=9720.10
[SIGNAL] 2026-08-11T12:19:59+00:00 EULTRY BUY fill_at=2026-08-11T12:24:59+00:00 features={"close": 55.7, "bb_lower": 56.24339648936831, "bb_upper": 58.975651129679335, "rsi": 18.051689337627465, "mfi": 20.600846972668876, "atr": 0.25714285714285723}
[BLOCKED] EULTRY reason=insufficient_cash order=0.00 cash=0.00
[SIGNAL] 2026-08-11T12:19:59+00:00 OPNTRY BUY fill_at=2026-08-11T12:24:59+00:00 features={"close": 2.39, "bb_lower": 2.394769121426218, "bb_upper": 2.426183259526162, "rsi": 27.048544460877636, "mfi": 26.910401393720377, "atr": 0.007142857142857181}
[BLOCKED] OPNTRY reason=insufficient_cash order=0.00 cash=0.00
[SIGNAL] 2026-08-11T12:19:59+00:00 PORTALTRY BUY fill_at=2026-08-11T12:24:59+00:00 features={"close": 0.5562, "bb_lower": 0.556579292611124, "bb_upper": 0.5652016597698283, "rsi": 32.97654884254973, "mfi": 24.105758909230303, "atr": 0.0017714285714285588}
[BLOCKED] PORTALTRY reason=insufficient_cash order=0.00 cash=0.00
[SIGNAL] 2026-08-11T12:19:59+00:00 ROBOTRY BUY fill_at=2026-08-11T12:24:59+00:00 features={"close": 0.64, "bb_lower": 0.6403685694099878, "bb_upper": 0.6542980972566791, "rsi": 41.65875439374461, "mfi": 34.75412255071137, "atr": 0.0030000000000000027}
[BLOCKED] ROBOTRY reason=insufficient_cash order=0.00 cash=0.00
[SCAN] 2026-08-11T12:24:59+00:00 symbols=312 signals=4 entries=0 exits=0 blocked=13 open=7 cash=0.00 equity=9709.58
[SIGNAL] 2026-08-11T12:24:59+00:00 EIGENTRY BUY fill_at=2026-08-11T12:29:59+00:00 features={"close": 8.527, "bb_lower": 8.531941563462059, "bb_upper": 8.637391769871275, "rsi": 33.84327330269967, "mfi": 35.62174712592085, "atr": 0.016142857142857205}
[BLOCKED] EIGENTRY reason=insufficient_cash order=0.00 cash=0.00
[SIGNAL] 2026-08-11T12:24:59+00:00 EULTRY BUY fill_at=2026-08-11T12:29:59+00:00 features={"close": 55.7, "bb_lower": 55.925892438903674, "bb_upper": 59.102678989667766, "rsi": 18.051689343775138, "mfi": 18.29622018604921, "atr": 0.25}
[BLOCKED] EULTRY reason=insufficient_cash order=0.00 cash=0.00
[SIGNAL] 2026-08-11T12:24:59+00:00 OPNTRY BUY fill_at=2026-08-11T12:29:59+00:00 features={"close": 2.38, "bb_lower": 2.388665776610445, "bb_upper": 2.4294294614847924, "rsi": 22.22060530080708, "mfi": 24.730430191628372, "atr": 0.00857142857142861}
[BLOCKED] OPNTRY reason=insufficient_cash order=0.00 cash=0.00
[SIGNAL] 2026-08-11T12:24:59+00:00 STRY BUY fill_at=2026-08-11T12:29:59+00:00 features={"close": 1.116, "bb_lower": 1.1187208577683965, "bb_upper": 1.1297553327077945, "rsi": 30.50168931276984, "mfi": 30.374772436940958, "atr": 0.001857142857142827}
[BLOCKED] STRY reason=insufficient_cash order=0.00 cash=0.00
[SCAN] 2026-08-11T12:29:59+00:00 symbols=312 signals=4 entries=0 exits=0 blocked=25 open=7 cash=0.00 equity=9708.61
[SIGNAL] 2026-08-11T12:29:59+00:00 AUDIOTRY BUY fill_at=2026-08-11T12:34:59+00:00 features={"close": 0.5974, "bb_lower": 0.5977362491955533, "bb_upper": 0.6139399412806372, "rsi": 38.21540144115697, "mfi": 37.549788181284136, "atr": 0.003957142857142858}
[BLOCKED] AUDIOTRY reason=insufficient_cash order=0.00 cash=0.00
[SIGNAL] 2026-08-11T12:29:59+00:00 BMTTRY BUY fill_at=2026-08-11T12:34:59+00:00 features={"close": 0.917, "bb_lower": 0.9183584334281374, "bb_upper": 0.9574510903813862, "rsi": 36.37742226842198, "mfi": 32.10869481878176, "atr": 0.010214285714285667}
[BLOCKED] BMTTRY reason=insufficient_cash order=0.00 cash=0.00
[SIGNAL] 2026-08-11T12:29:59+00:00 EIGENTRY BUY fill_at=2026-08-11T12:34:59+00:00 features={"close": 8.492, "bb_lower": 8.516767232863769, "bb_upper": 8.646566100469562, "rsi": 27.735150451946936, "mfi": 30.944865663340323, "atr": 0.01585714285714295}
[BLOCKED] EIGENTRY reason=insufficient_cash order=0.00 cash=0.00
[SIGNAL] 2026-08-11T12:29:59+00:00 HOMETRY BUY fill_at=2026-08-11T12:34:59+00:00 features={"close": 0.412, "bb_lower": 0.41394105110673785, "bb_upper": 0.429963710798024, "rsi": 30.41259583221479, "mfi": 30.912751143791127, "atr": 0.003785714285714289}
[BLOCKED] HOMETRY reason=insufficient_cash order=0.00 cash=0.00
[SIGNAL] 2026-08-11T12:29:59+00:00 OPNTRY BUY fill_at=2026-08-11T12:34:59+00:00 features={"close": 2.38, "bb_lower": 2.383790483803435, "bb_upper": 2.4314476114346606, "rsi": 22.22060526153183, "mfi": 17.03155384371442, "atr": 0.009285714285714342}
[BLOCKED] OPNTRY reason=insufficient_cash order=0.00 cash=0.00
[SIGNAL] 2026-08-11T12:29:59+00:00 PENGUTRY BUY fill_at=2026-08-11T12:34:59+00:00 features={"close": 0.3094, "bb_lower": 0.3094569264348698, "bb_upper": 0.31113354975560625, "rsi": 44.47267421694352, "mfi": 35.56603995535478, "atr": 0.00035714285714284955}
[BLOCKED] PENGUTRY reason=insufficient_cash order=0.00 cash=0.00
[SIGNAL] 2026-08-11T12:29:59+00:00 SAHARATRY BUY fill_at=2026-08-11T12:34:59+00:00 features={"close": 0.3815, "bb_lower": 0.38150272847541783, "bb_upper": 0.3842591762864869, "rsi": 39.66186424380804, "mfi": 24.72732476134732, "atr": 0.0006999999999999942}
[BLOCKED] SAHARATRY reason=insufficient_cash order=0.00 cash=0.00
[SIGNAL] 2026-08-11T12:29:59+00:00 STRY BUY fill_at=2026-08-11T12:34:59+00:00 features={"close": 1.116, "bb_lower": 1.1174649956701235, "bb_upper": 1.1304397662346386, "rsi": 30.501689345932206, "mfi": 32.33536609529921, "atr": 0.001571428571428557}
[BLOCKED] STRY reason=insufficient_cash order=0.00 cash=0.00
[SIGNAL] 2026-08-11T12:29:59+00:00 WLDTRY BUY fill_at=2026-08-11T12:34:59+00:00 features={"close": 15.9, "bb_lower": 15.950893191546902, "bb_upper": 16.13101157035786, "rsi": 35.73818574971648, "mfi": 16.659659175800442, "atr": 0.03857142857142838}
[BLOCKED] WLDTRY reason=insufficient_cash order=0.00 cash=0.00
[SCAN] 2026-08-11T12:34:59+00:00 symbols=312 signals=9 entries=0 exits=0 blocked=53 open=7 cash=0.00 equity=9719.72
[SIGNAL] 2026-08-11T12:34:59+00:00 AUCTIONTRY BUY fill_at=2026-08-11T12:39:59+00:00 features={"close": 139.3, "bb_lower": 139.41771776952766, "bb_upper": 142.0108536590438, "rsi": 14.236428941560533, "mfi": 6.607580767497524, "atr": 0.23571428571428246}
[BLOCKED] AUCTIONTRY reason=insufficient_cash order=0.00 cash=0.00
[SIGNAL] 2026-08-11T12:34:59+00:00 PORTALTRY BUY fill_at=2026-08-11T12:39:59+00:00 features={"close": 0.5548, "bb_lower": 0.5549051153401899, "bb_upper": 0.564656789421715, "rsi": 31.15905909591467, "mfi": 39.493602588881764, "atr": 0.0015428571428571316}
[BLOCKED] PORTALTRY reason=insufficient_cash order=0.00 cash=0.00
[SIGNAL] 2026-08-11T12:34:59+00:00 RVNTRY BUY fill_at=2026-08-11T12:39:59+00:00 features={"close": 0.1363, "bb_lower": 0.13682744481246856, "bb_upper": 0.13986779328276955, "rsi": 29.21445827240197, "mfi": 26.161295560945575, "atr": 0.0007428571428571463}
[BLOCKED] RVNTRY reason=insufficient_cash order=0.00 cash=0.00
[SIGNAL] 2026-08-11T12:34:59+00:00 STRY BUY fill_at=2026-08-11T12:39:59+00:00 features={"close": 1.116, "bb_lower": 1.1163036707163156, "bb_upper": 1.1309344245217794, "rsi": 30.50168933976434, "mfi": 29.91322611777308, "atr": 0.001428571428571414}
[BLOCKED] STRY reason=insufficient_cash order=0.00 cash=0.00
[SIGNAL] 2026-08-11T12:34:59+00:00 WLDTRY BUY fill_at=2026-08-11T12:39:59+00:00 features={"close": 15.91, "bb_lower": 15.928532825581016, "bb_upper": 16.14003860299041, "rsi": 37.20716320867517, "mfi": 17.214458346491725, "atr": 0.039999999999999654}
[BLOCKED] WLDTRY reason=insufficient_cash order=0.00 cash=0.00
[SCAN] 2026-08-11T12:39:59+00:00 symbols=312 signals=5 entries=0 exits=0 blocked=44 open=7 cash=0.00 equity=9701.86
[SIGNAL] 2026-08-11T12:39:59+00:00 RVNTRY BUY fill_at=2026-08-11T12:44:59+00:00 features={"close": 0.1364, "bb_lower": 0.1365492071101373, "bb_upper": 0.13986031669938653, "rsi": 30.568237002782197, "mfi": 19.09419773714619, "atr": 0.0007000000000000042}
[BLOCKED] RVNTRY reason=insufficient_cash order=0.00 cash=0.00
[SIGNAL] 2026-08-11T12:39:59+00:00 VICTRY BUY fill_at=2026-08-11T12:44:59+00:00 features={"close": 1.32, "bb_lower": 1.3368524269666697, "bb_upper": 1.3964809063666637, "rsi": 34.57046404849055, "mfi": 29.898310357834987, "atr": 0.019999999999999907}
[BLOCKED] VICTRY reason=insufficient_cash order=0.00 cash=0.00
[SCAN] 2026-08-11T12:44:59+00:00 symbols=312 signals=2 entries=0 exits=0 blocked=24 open=7 cash=0.00 equity=9701.72
[SIGNAL] 2026-08-11T12:44:59+00:00 ROBOTRY BUY fill_at=2026-08-11T12:49:59+00:00 features={"close": 0.634, "bb_lower": 0.6359719011380504, "bb_upper": 0.6559328607667118, "rsi": 34.09648971351061, "mfi": 38.32780978406686, "atr": 0.003785714285714289}
[BLOCKED] ROBOTRY reason=insufficient_cash order=0.00 cash=0.00
[SIGNAL] 2026-08-11T12:44:59+00:00 VICTRY BUY fill_at=2026-08-11T12:49:59+00:00 features={"close": 1.33, "bb_lower": 1.332722841760593, "bb_upper": 1.3987057296679783, "rsi": 38.76721935231524, "mfi": 18.748376792768738, "atr": 0.019999999999999924}
[BLOCKED] VICTRY reason=insufficient_cash order=0.00 cash=0.00
[SCAN] 2026-08-11T12:49:59+00:00 symbols=312 signals=2 entries=0 exits=0 blocked=18 open=7 cash=0.00 equity=9692.44
[SIGNAL] 2026-08-11T12:49:59+00:00 ACETRY BUY fill_at=2026-08-11T12:54:59+00:00 features={"close": 5.124, "bb_lower": 5.133640219966735, "bb_upper": 5.217693113366599, "rsi": 38.94379593211192, "mfi": 48.76837721745087, "atr": 0.02849999999999994}
[BLOCKED] ACETRY reason=insufficient_cash order=0.00 cash=0.00
[SIGNAL] 2026-08-11T12:49:59+00:00 CFXTRY BUY fill_at=2026-08-11T12:54:59+00:00 features={"close": 2.026, "bb_lower": 2.027230815598037, "bb_upper": 2.04343585106863, "rsi": 36.154458685544334, "mfi": 37.88234399015402, "atr": 0.0027857142857142963}
[BLOCKED] CFXTRY reason=insufficient_cash order=0.00 cash=0.00
[SIGNAL] 2026-08-11T12:49:59+00:00 ROBOTRY BUY fill_at=2026-08-11T12:54:59+00:00 features={"close": 0.633, "bb_lower": 0.6338923637243159, "bb_upper": 0.6565838267518747, "rsi": 32.94074898260398, "mfi": 39.78597300291814, "atr": 0.003642857142857146}
[BLOCKED] ROBOTRY reason=insufficient_cash order=0.00 cash=0.00
[SIGNAL] 2026-08-11T12:49:59+00:00 VICTRY BUY fill_at=2026-08-11T12:54:59+00:00 features={"close": 1.32, "bb_lower": 1.3252411092226069, "bb_upper": 1.4004731764916791, "rsi": 36.24843400740598, "mfi": 19.668634705811, "atr": 0.019285714285714222}
[BLOCKED] VICTRY reason=insufficient_cash order=0.00 cash=0.00
[SIGNAL] 2026-08-11T12:49:59+00:00 WLDTRY BUY fill_at=2026-08-11T12:54:59+00:00 features={"close": 15.88, "bb_lower": 15.890302074161395, "bb_upper": 16.13922173536241, "rsi": 36.17104490849417, "mfi": 14.90353553731579, "atr": 0.04571428571428512}
[BLOCKED] WLDTRY reason=insufficient_cash order=0.00 cash=0.00
[SCAN] 2026-08-11T12:54:59+00:00 symbols=312 signals=5 entries=0 exits=0 blocked=28 open=7 cash=0.00 equity=9698.26
[SIGNAL] 2026-08-11T12:54:59+00:00 ACETRY BUY fill_at=2026-08-11T12:59:59+00:00 features={"close": 5.104, "bb_lower": 5.12133440861334, "bb_upper": 5.22466559138666, "rsi": 35.0575123795156, "mfi": 35.51991243803511, "atr": 0.026928571428571413}
[BLOCKED] ACETRY reason=insufficient_cash order=0.00 cash=0.00
[SIGNAL] 2026-08-11T12:54:59+00:00 CFXTRY BUY fill_at=2026-08-11T12:59:59+00:00 features={"close": 2.026, "bb_lower": 2.026118276359802, "bb_upper": 2.0430245807830554, "rsi": 36.154458706647695, "mfi": 48.143890288585666, "atr": 0.0026428571428571373}
[BLOCKED] CFXTRY reason=insufficient_cash order=0.00 cash=0.00
[SIGNAL] 2026-08-11T12:54:59+00:00 MANTRATRY BUY fill_at=2026-08-11T12:59:59+00:00 features={"close": 0.2588, "bb_lower": 0.2590806163662173, "bb_upper": 0.2622527169671161, "rsi": 29.98737921408552, "mfi": 28.372073486893456, "atr": 0.0005071428571428568}
[BLOCKED] MANTRATRY reason=insufficient_cash order=0.00 cash=0.00
[SCAN] 2026-08-11T12:59:59+00:00 symbols=312 signals=3 entries=0 exits=0 blocked=15 open=7 cash=0.00 equity=9712.84
[SIGNAL] 2026-08-11T12:59:59+00:00 ARPATRY BUY fill_at=2026-08-11T13:04:59+00:00 features={"close": 0.4186, "bb_lower": 0.4209324158145591, "bb_upper": 0.43032472704258395, "rsi": 18.92851228448771, "mfi": 10.027226565593622, "atr": 0.0009571428571428588}
[BLOCKED] ARPATRY reason=insufficient_cash order=0.00 cash=0.00
[SIGNAL] 2026-08-11T12:59:59+00:00 ARTRY BUY fill_at=2026-08-11T13:04:59+00:00 features={"close": 86.04, "bb_lower": 86.04575275451855, "bb_upper": 86.72948534071953, "rsi": 21.081158022708067, "mfi": 37.99211073851579, "atr": 0.0885714285714282}
[BLOCKED] ARTRY reason=insufficient_cash order=0.00 cash=0.00
[SIGNAL] 2026-08-11T12:59:59+00:00 HMSTRTRY BUY fill_at=2026-08-11T13:04:59+00:00 features={"close": 0.00911, "bb_lower": 0.009118629543827698, "bb_upper": 0.009196608551410398, "rsi": 39.965263772186375, "mfi": 46.60571104901888, "atr": 2.7142857142856904e-05}
[BLOCKED] HMSTRTRY reason=insufficient_cash order=0.00 cash=0.00
[SIGNAL] 2026-08-11T12:59:59+00:00 NEARTRY BUY fill_at=2026-08-11T13:04:59+00:00 features={"close": 75.5, "bb_lower": 75.51141077030412, "bb_upper": 76.32668446779108, "rsi": 30.79358621062454, "mfi": 16.65758727299361, "atr": 0.1357142857142841}
[BLOCKED] NEARTRY reason=insufficient_cash order=0.00 cash=0.00
[SIGNAL] 2026-08-11T12:59:59+00:00 SAHARATRY BUY fill_at=2026-08-11T13:04:59+00:00 features={"close": 0.38, "bb_lower": 0.38069723302549163, "bb_upper": 0.3845599098316512, "rsi": 32.63332060419161, "mfi": 26.639053684827715, "atr": 0.0006142857142857061}
[BLOCKED] SAHARATRY reason=insufficient_cash order=0.00 cash=0.00
[SIGNAL] 2026-08-11T12:59:59+00:00 SCRTRY BUY fill_at=2026-08-11T13:04:59+00:00 features={"close": 0.986, "bb_lower": 0.9860073296233225, "bb_upper": 1.0008498132338202, "rsi": 29.50266307230467, "mfi": 2.5988486962348105, "atr": 0.0019285714285714303}
[BLOCKED] SCRTRY reason=insufficient_cash order=0.00 cash=0.00
[SIGNAL] 2026-08-11T12:59:59+00:00 STOTRY BUY fill_at=2026-08-11T13:04:59+00:00 features={"close": 1.88, "bb_lower": 1.880202814443521, "bb_upper": 1.893606709366004, "rsi": 37.28333625224715, "mfi": 10.689433443255353, "atr": 0.0030000000000000343}
[BLOCKED] STOTRY reason=insufficient_cash order=0.00 cash=0.00
[SIGNAL] 2026-08-11T12:59:59+00:00 UNITRY BUY fill_at=2026-08-11T13:04:59+00:00 features={"close": 183.2, "bb_lower": 183.5349240193628, "bb_upper": 186.5126950282562, "rsi": 24.70451495977443, "mfi": 35.08066784700311, "atr": 0.37142857142857266}
[BLOCKED] UNITRY reason=insufficient_cash order=0.00 cash=0.00
[SIGNAL] 2026-08-11T12:59:59+00:00 WIFTRY BUY fill_at=2026-08-11T13:04:59+00:00 features={"close": 6.649, "bb_lower": 6.653394952473282, "bb_upper": 6.811462190383863, "rsi": 20.565138898925397, "mfi": 12.841775739789142, "atr": 0.01249999999999986}
[BLOCKED] WIFTRY reason=insufficient_cash order=0.00 cash=0.00
[SIGNAL] 2026-08-11T12:59:59+00:00 WLDTRY BUY fill_at=2026-08-11T13:04:59+00:00 features={"close": 15.85, "bb_lower": 15.858799656025377, "bb_upper": 16.128819391593673, "rsi": 35.31343963134299, "mfi": 16.42094554888547, "atr": 0.04714285714285652}
[BLOCKED] WLDTRY reason=insufficient_cash order=0.00 cash=0.00
[SCAN] 2026-08-11T13:04:59+00:00 symbols=312 signals=10 entries=0 exits=0 blocked=22 open=7 cash=0.00 equity=9757.79
[SIGNAL] 2026-08-11T13:04:59+00:00 ARPATRY BUY fill_at=2026-08-11T13:09:59+00:00 features={"close": 0.4189, "bb_lower": 0.41978841916915954, "bb_upper": 0.43072586654512623, "rsi": 21.206878584715156, "mfi": 9.17836020136366, "atr": 0.0010500000000000034}
[BLOCKED] ARPATRY reason=insufficient_cash order=0.00 cash=0.00
[SIGNAL] 2026-08-11T13:04:59+00:00 ARTRY BUY fill_at=2026-08-11T13:09:59+00:00 features={"close": 85.2, "bb_lower": 85.71931444096305, "bb_upper": 86.93687603522744, "rsi": 9.887010822610193, "mfi": 30.672721283134635, "atr": 0.14928571428571452}
[BLOCKED] ARTRY reason=insufficient_cash order=0.00 cash=0.00
[SIGNAL] 2026-08-11T13:04:59+00:00 HMSTRTRY BUY fill_at=2026-08-11T13:09:59+00:00 features={"close": 0.0091, "bb_lower": 0.00910998168885051, "bb_upper": 0.009196684977816156, "rsi": 38.54608071755173, "mfi": 40.71814991927939, "atr": 2.7142857142856904e-05}
[BLOCKED] HMSTRTRY reason=insufficient_cash order=0.00 cash=0.00
[SIGNAL] 2026-08-11T13:04:59+00:00 SAHARATRY BUY fill_at=2026-08-11T13:09:59+00:00 features={"close": 0.3794, "bb_lower": 0.38009750515787666, "bb_upper": 0.3848263043659329, "rsi": 30.035959664552152, "mfi": 20.09357361030068, "atr": 0.0006499999999999918}
[BLOCKED] SAHARATRY reason=insufficient_cash order=0.00 cash=0.00
[SIGNAL] 2026-08-11T13:04:59+00:00 STOTRY BUY fill_at=2026-08-11T13:09:59+00:00 features={"close": 1.877, "bb_lower": 1.878581047145813, "bb_upper": 1.8938951433303783, "rsi": 33.097660820774095, "mfi": 6.675726468405088, "atr": 0.0031428571428571616}
[BLOCKED] STOTRY reason=insufficient_cash order=0.00 cash=0.00
[SIGNAL] 2026-08-11T13:04:59+00:00 TREETRY BUY fill_at=2026-08-11T13:09:59+00:00 features={"close": 1.69, "bb_lower": 1.690241703570252, "bb_upper": 1.7059487726202238, "rsi": 31.596916358847736, "mfi": 13.457312645215296, "atr": 0.0028571428571428597}
[BLOCKED] TREETRY reason=insufficient_cash order=0.00 cash=0.00
[SCAN] 2026-08-11T13:09:59+00:00 symbols=312 signals=6 entries=0 exits=0 blocked=17 open=7 cash=0.00 equity=9777.42
[EXIT] 2026-08-11T13:14:59+00:00 SOPHTRY reason=bb_mfi_v3_signal_exit pnl=+18.92 cash=2008.98
[SIGNAL] 2026-08-11T13:09:59+00:00 ARTRY BUY fill_at=2026-08-11T13:14:59+00:00 features={"close": 85.2, "bb_lower": 85.49655401662157, "bb_upper": 87.04058884052127, "rsi": 9.887010827016724, "mfi": 27.863978781623487, "atr": 0.14571428571428616}
[ENTRY] 2026-08-11T13:14:59+00:00 ARTRY layer=1 value=976.34 entry=85.26390000 cash=1031.18
[SIGNAL] 2026-08-11T13:09:59+00:00 EDENTRY BUY fill_at=2026-08-11T13:14:59+00:00 features={"close": 2.116, "bb_lower": 2.12320842161556, "bb_upper": 2.152505864098726, "rsi": 37.255641599393314, "mfi": 17.24859125725797, "atr": 0.007571428571428562}
[ENTRY] 2026-08-11T13:14:59+00:00 EDENTRY layer=1 value=976.12 entry=2.12359150 cash=53.59
[SIGNAL] 2026-08-11T13:09:59+00:00 SAHARATRY BUY fill_at=2026-08-11T13:14:59+00:00 features={"close": 0.3794, "bb_lower": 0.37961834644193226, "bb_upper": 0.3850197487961631, "rsi": 30.035959652923992, "mfi": 20.175757961456114, "atr": 0.0006499999999999918}
[BLOCKED] SAHARATRY reason=insufficient_cash order=53.51 cash=53.59
[SIGNAL] 2026-08-11T13:09:59+00:00 STOTRY BUY fill_at=2026-08-11T13:14:59+00:00 features={"close": 1.874, "bb_lower": 1.8764130459021948, "bb_upper": 1.8945393350501876, "rsi": 29.508742389564645, "mfi": 6.4041153551880114, "atr": 0.0031428571428571456}
[BLOCKED] STOTRY reason=insufficient_cash order=53.51 cash=53.59
[SCAN] 2026-08-11T13:14:59+00:00 symbols=312 signals=4 entries=2 exits=1 blocked=7 open=8 cash=53.59 equity=9759.02
[SIGNAL] 2026-08-11T13:14:59+00:00 ARTRY BUY fill_at=2026-08-11T13:19:59+00:00 features={"close": 85.2, "bb_lower": 85.31850675050269, "bb_upper": 87.09958848759256, "rsi": 9.887010831508164, "mfi": 27.863978781623487, "atr": 0.13571428571428612}
[BLOCKED] ARTRY reason=insufficient_cash order=53.51 cash=53.59
[SIGNAL] 2026-08-11T13:14:59+00:00 COTITRY BUY fill_at=2026-08-11T13:19:59+00:00 features={"close": 0.501, "bb_lower": 0.5030238186989716, "bb_upper": 0.5129095146343615, "rsi": 32.60192679660955, "mfi": 39.30928960358254, "atr": 0.004485714285714287}
[BLOCKED] COTITRY reason=insufficient_cash order=53.51 cash=53.59
[SIGNAL] 2026-08-11T13:14:59+00:00 HMSTRTRY BUY fill_at=2026-08-11T13:19:59+00:00 features={"close": 0.00908, "bb_lower": 0.009093811668855195, "bb_upper": 0.00919952166447814, "rsi": 37.18115407460771, "mfi": 44.55899197071812, "atr": 2.8571428571428398e-05}
[BLOCKED] HMSTRTRY reason=insufficient_cash order=53.51 cash=53.59
[SIGNAL] 2026-08-11T13:14:59+00:00 WLFITRY BUY fill_at=2026-08-11T13:19:59+00:00 features={"close": 2.63, "bb_lower": 2.6313262373949136, "bb_upper": 2.656578524509849, "rsi": 38.66003026272853, "mfi": 37.172293946813, "atr": 0.004857142857142861}
[BLOCKED] WLFITRY reason=insufficient_cash order=53.51 cash=53.59
[SCAN] 2026-08-11T13:19:59+00:00 symbols=312 signals=4 entries=0 exits=0 blocked=7 open=8 cash=53.59 equity=9755.75
[SIGNAL] 2026-08-11T13:19:59+00:00 ARPATRY BUY fill_at=2026-08-11T13:24:59+00:00 features={"close": 0.4171, "bb_lower": 0.4173088672662403, "bb_upper": 0.43043398987661674, "rsi": 19.3964862684892, "mfi": 14.44474771536622, "atr": 0.001207142857142855}
[BLOCKED] ARPATRY reason=insufficient_cash order=53.51 cash=53.59
[SIGNAL] 2026-08-11T13:19:59+00:00 COTITRY BUY fill_at=2026-08-11T13:24:59+00:00 features={"close": 0.4997, "bb_lower": 0.5017158940676553, "bb_upper": 0.5136841059323448, "rsi": 30.474643651702635, "mfi": 32.72350669293975, "atr": 0.0045499999999999985}
[BLOCKED] COTITRY reason=insufficient_cash order=53.51 cash=53.59
[SIGNAL] 2026-08-11T13:19:59+00:00 FORMTRY BUY fill_at=2026-08-11T13:24:59+00:00 features={"close": 10.19, "bb_lower": 10.203478726000467, "bb_upper": 10.35461651209477, "rsi": 34.43317547501378, "mfi": 51.492435058343396, "atr": 0.025000000000000102}
[BLOCKED] FORMTRY reason=insufficient_cash order=53.51 cash=53.59
[SIGNAL] 2026-08-11T13:19:59+00:00 HMSTRTRY BUY fill_at=2026-08-11T13:24:59+00:00 features={"close": 0.00908, "bb_lower": 0.00908353336493038, "bb_upper": 0.009201228539831527, "rsi": 37.18115404971021, "mfi": 43.09004840296029, "atr": 2.9285714285714206e-05}
[BLOCKED] HMSTRTRY reason=insufficient_cash order=53.51 cash=53.59
[SIGNAL] 2026-08-11T13:19:59+00:00 WLFITRY BUY fill_at=2026-08-11T13:24:59+00:00 features={"close": 2.62, "bb_lower": 2.626810644296476, "bb_upper": 2.6591893557035244, "rsi": 31.034444267429933, "mfi": 42.507996667590525, "atr": 0.005285714285714275}
[BLOCKED] WLFITRY reason=insufficient_cash order=53.51 cash=53.59
[SCAN] 2026-08-11T13:24:59+00:00 symbols=312 signals=5 entries=0 exits=0 blocked=15 open=8 cash=53.59 equity=9776.83
[SIGNAL] 2026-08-11T13:24:59+00:00 API3TRY BUY fill_at=2026-08-11T13:29:59+00:00 features={"close": 9.14, "bb_lower": 9.151344982439284, "bb_upper": 9.25722644613214, "rsi": 24.86735241108144, "mfi": 22.0315564816958, "atr": 0.017142857142857158}
[BLOCKED] API3TRY reason=insufficient_cash order=53.51 cash=53.59
[SIGNAL] 2026-08-11T13:24:59+00:00 COTITRY BUY fill_at=2026-08-11T13:29:59+00:00 features={"close": 0.4995, "bb_lower": 0.500609457488052, "bb_upper": 0.5142857806071859, "rsi": 30.14679610748489, "mfi": 33.01742440559836, "atr": 0.004435714285714281}
[BLOCKED] COTITRY reason=insufficient_cash order=53.51 cash=53.59
[SIGNAL] 2026-08-11T13:24:59+00:00 FORMTRY BUY fill_at=2026-08-11T13:29:59+00:00 features={"close": 10.17, "bb_lower": 10.18830252262412, "bb_upper": 10.363126048804446, "rsi": 31.685838782188227, "mfi": 51.479681500732006, "atr": 0.0264285714285715}
[BLOCKED] FORMTRY reason=insufficient_cash order=53.51 cash=53.59
[SIGNAL] 2026-08-11T13:24:59+00:00 GRAMTRY BUY fill_at=2026-08-11T13:29:59+00:00 features={"close": 64.01, "bb_lower": 64.05310497009422, "bb_upper": 64.47832360133437, "rsi": 39.52678674517437, "mfi": 46.91189164281888, "atr": 0.1214285714285696}
[BLOCKED] GRAMTRY reason=insufficient_cash order=53.51 cash=53.59
[SIGNAL] 2026-08-11T13:24:59+00:00 HMSTRTRY BUY fill_at=2026-08-11T13:29:59+00:00 features={"close": 0.00906, "bb_lower": 0.009070039694028548, "bb_upper": 0.009207103163114308, "rsi": 34.469848073363806, "mfi": 13.167062955899993, "atr": 2.9285714285714206e-05}
[BLOCKED] HMSTRTRY reason=insufficient_cash order=53.51 cash=53.59
[SIGNAL] 2026-08-11T13:24:59+00:00 WLFITRY BUY fill_at=2026-08-11T13:29:59+00:00 features={"close": 2.62, "bb_lower": 2.6229510016096347, "bb_upper": 2.660763284104652, "rsi": 31.0344442420147, "mfi": 47.76326890070914, "atr": 0.005071428571428552}
[BLOCKED] WLFITRY reason=insufficient_cash order=53.51 cash=53.59
[SCAN] 2026-08-11T13:29:59+00:00 symbols=312 signals=6 entries=0 exits=0 blocked=20 open=8 cash=53.59 equity=9765.22
[SIGNAL] 2026-08-11T13:29:59+00:00 ENSOTRY BUY fill_at=2026-08-11T13:34:59+00:00 features={"close": 46.0, "bb_lower": 46.07937055288391, "bb_upper": 46.5396770661637, "rsi": 31.251107666156727, "mfi": 4.092199788516339, "atr": 0.09285714285714215}
[BLOCKED] ENSOTRY reason=insufficient_cash order=53.51 cash=53.59
[SIGNAL] 2026-08-11T13:29:59+00:00 FORMTRY BUY fill_at=2026-08-11T13:34:59+00:00 features={"close": 10.17, "bb_lower": 10.175004948315266, "bb_upper": 10.369756956446636, "rsi": 31.685838843326863, "mfi": 51.86590152741911, "atr": 0.0257142857142858}
[BLOCKED] FORMTRY reason=insufficient_cash order=53.51 cash=53.59
[SIGNAL] 2026-08-11T13:29:59+00:00 GRAMTRY BUY fill_at=2026-08-11T13:34:59+00:00 features={"close": 64.02, "bb_lower": 64.02856554975132, "bb_upper": 64.49143445024866, "rsi": 40.13791322023397, "mfi": 41.59473817288886, "atr": 0.10857142857142728}
[BLOCKED] GRAMTRY reason=insufficient_cash order=53.51 cash=53.59
[SIGNAL] 2026-08-11T13:29:59+00:00 MIRATRY BUY fill_at=2026-08-11T13:34:59+00:00 features={"close": 1.93, "bb_lower": 1.9301630209467253, "bb_upper": 1.9536465028627978, "rsi": 38.71452073043205, "mfi": 10.811751164905658, "atr": 0.0064285714285714345}
[BLOCKED] MIRATRY reason=insufficient_cash order=53.51 cash=53.59
[SCAN] 2026-08-11T13:34:59+00:00 symbols=312 signals=4 entries=0 exits=0 blocked=19 open=8 cash=53.59 equity=9765.05
[SIGNAL] 2026-08-11T13:34:59+00:00 ENSOTRY BUY fill_at=2026-08-11T13:39:59+00:00 features={"close": 46.0, "bb_lower": 46.02993546138696, "bb_upper": 46.56054072908922, "rsi": 31.25110771628316, "mfi": 3.536265859331067, "atr": 0.07857142857142817}
[BLOCKED] ENSOTRY reason=insufficient_cash order=53.51 cash=53.59
[SCAN] 2026-08-11T13:39:59+00:00 symbols=312 signals=1 entries=0 exits=0 blocked=13 open=8 cash=53.59 equity=9754.47
[SIGNAL] 2026-08-11T13:39:59+00:00 ACTTRY BUY fill_at=2026-08-11T13:44:59+00:00 features={"close": 0.5105, "bb_lower": 0.5114175957993632, "bb_upper": 0.5167919280101609, "rsi": 41.0049037141584, "mfi": 33.558148249586026, "atr": 0.0019499999999999993}
[BLOCKED] ACTTRY reason=insufficient_cash order=53.51 cash=53.59
[SIGNAL] 2026-08-11T13:39:59+00:00 WLDTRY BUY fill_at=2026-08-11T13:44:59+00:00 features={"close": 15.65, "bb_lower": 15.714645137089496, "bb_upper": 16.11868819624383, "rsi": 25.558237837814474, "mfi": 22.07942230851134, "atr": 0.05071428571428539}
[BLOCKED] WLDTRY reason=insufficient_cash order=53.51 cash=53.59
[SCAN] 2026-08-11T13:44:59+00:00 symbols=312 signals=2 entries=0 exits=0 blocked=15 open=8 cash=53.59 equity=9753.02
[SIGNAL] 2026-08-11T13:44:59+00:00 ACTTRY BUY fill_at=2026-08-11T13:49:59+00:00 features={"close": 0.5081, "bb_lower": 0.5102783584026775, "bb_upper": 0.5170644987401796, "rsi": 35.37310353774829, "mfi": 30.21311993398014, "atr": 0.0020499999999999963}
[BLOCKED] ACTTRY reason=insufficient_cash order=53.51 cash=53.59
[SIGNAL] 2026-08-11T13:44:59+00:00 HMSTRTRY BUY fill_at=2026-08-11T13:49:59+00:00 features={"close": 0.00903, "bb_lower": 0.00903696145429089, "bb_upper": 0.009205895688566255, "rsi": 32.79526348440538, "mfi": 11.631013110712843, "atr": 2.7857142857142963e-05}
[BLOCKED] HMSTRTRY reason=insufficient_cash order=53.51 cash=53.59
[SCAN] 2026-08-11T13:49:59+00:00 symbols=312 signals=2 entries=0 exits=0 blocked=8 open=8 cash=53.59 equity=9771.13
[SIGNAL] 2026-08-11T13:49:59+00:00 ACTTRY BUY fill_at=2026-08-11T13:54:59+00:00 features={"close": 0.5068, "bb_lower": 0.5089011109048777, "bb_upper": 0.5175750795713131, "rsi": 32.734852970247246, "mfi": 24.889682706480954, "atr": 0.002064285714285717}
[BLOCKED] ACTTRY reason=insufficient_cash order=53.51 cash=53.59
[SIGNAL] 2026-08-11T13:49:59+00:00 HMSTRTRY BUY fill_at=2026-08-11T13:54:59+00:00 features={"close": 0.00902, "bb_lower": 0.009022411798909637, "bb_upper": 0.009206159629661793, "rsi": 31.578856282543157, "mfi": 9.808713981188049, "atr": 2.7857142857142963e-05}
[BLOCKED] HMSTRTRY reason=insufficient_cash order=53.51 cash=53.59
[SCAN] 2026-08-11T13:54:59+00:00 symbols=312 signals=2 entries=0 exits=0 blocked=13 open=8 cash=53.59 equity=9751.11
[SIGNAL] 2026-08-11T13:54:59+00:00 ACTTRY BUY fill_at=2026-08-11T13:59:59+00:00 features={"close": 0.5053, "bb_lower": 0.507350846866943, "bb_upper": 0.5183348674187715, "rsi": 29.94326076493853, "mfi": 23.90107742403488, "atr": 0.002085714285714286}
[BLOCKED] ACTTRY reason=insufficient_cash order=53.51 cash=53.59
[SIGNAL] 2026-08-11T13:54:59+00:00 GRAMTRY BUY fill_at=2026-08-11T13:59:59+00:00 features={"close": 63.85, "bb_lower": 63.901293170544015, "bb_upper": 64.52442111517027, "rsi": 35.42228528637358, "mfi": 39.04176232097721, "atr": 0.11571428571428655}
[BLOCKED] GRAMTRY reason=insufficient_cash order=53.51 cash=53.59
[SIGNAL] 2026-08-11T13:54:59+00:00 SHELLTRY BUY fill_at=2026-08-11T13:59:59+00:00 features={"close": 0.93, "bb_lower": 0.9302417035702523, "bb_upper": 0.9459487726202241, "rsi": 37.745632703204876, "mfi": 36.90952887100511, "atr": 0.002857142857142828}
[BLOCKED] SHELLTRY reason=insufficient_cash order=53.51 cash=53.59
[SCAN] 2026-08-11T13:59:59+00:00 symbols=312 signals=3 entries=0 exits=0 blocked=14 open=8 cash=53.59 equity=9742.91
[SIGNAL] 2026-08-11T13:59:59+00:00 ACTTRY BUY fill_at=2026-08-11T14:04:59+00:00 features={"close": 0.502, "bb_lower": 0.5051562291454598, "bb_upper": 0.5192532946640643, "rsi": 24.885359994607228, "mfi": 21.281110100269757, "atr": 0.002271428571428567}
[ENTRY] 2026-08-11T14:04:59+00:00 ACTTRY layer=1 value=975.26 entry=0.50067522 cash=59.31
[SIGNAL] 2026-08-11T13:59:59+00:00 CHZTRY BUY fill_at=2026-08-11T14:04:59+00:00 features={"close": 0.617, "bb_lower": 0.6170607341432632, "bb_upper": 0.6199868849043559, "rsi": 40.59144331575999, "mfi": 27.136529427464225, "atr": 0.0010714285714285723}
[BLOCKED] CHZTRY reason=insufficient_cash order=59.23 cash=59.31
[SIGNAL] 2026-08-11T13:59:59+00:00 FTRY BUY fill_at=2026-08-11T14:04:59+00:00 features={"close": 0.1406, "bb_lower": 0.14068436044239055, "bb_upper": 0.14241087765284763, "rsi": 36.47402482298393, "mfi": 30.036355951966087, "atr": 0.00034285714285714475}
[BLOCKED] FTRY reason=max_layers
[SIGNAL] 2026-08-11T13:59:59+00:00 GENIUSTRY BUY fill_at=2026-08-11T14:04:59+00:00 features={"close": 17.33, "bb_lower": 17.338776852853666, "bb_upper": 17.58693743286062, "rsi": 34.80676592579982, "mfi": 25.516477174664175, "atr": 0.04285714285714245}
[BLOCKED] GENIUSTRY reason=insufficient_cash order=59.23 cash=59.31
[SIGNAL] 2026-08-11T13:59:59+00:00 KAITOTRY BUY fill_at=2026-08-11T14:04:59+00:00 features={"close": 31.3, "bb_lower": 31.316768621803224, "bb_upper": 31.49770756867297, "rsi": 40.80698243602858, "mfi": 48.967370399974, "atr": 0.06835714285714342}
[BLOCKED] KAITOTRY reason=insufficient_cash order=59.23 cash=59.31
[SIGNAL] 2026-08-11T13:59:59+00:00 XAITRY BUY fill_at=2026-08-11T14:04:59+00:00 features={"close": 0.3199, "bb_lower": 0.3205054579732919, "bb_upper": 0.32545644678861285, "rsi": 32.73387072424633, "mfi": 36.7782979623503, "atr": 0.008292857142857152}
[BLOCKED] XAITRY reason=insufficient_cash order=59.23 cash=59.31
[SCAN] 2026-08-11T14:04:59+00:00 symbols=312 signals=6 entries=1 exits=1 blocked=11 open=8 cash=59.31 equity=9742.95
[SIGNAL] 2026-08-11T14:04:59+00:00 ACTTRY BUY fill_at=2026-08-11T14:09:59+00:00 features={"close": 0.4965, "bb_lower": 0.5017476677355475, "bb_upper": 0.5208428084549286, "rsi": 19.0694237829303, "mfi": 19.42144378285792, "atr": 0.00266428571428571}
[BLOCKED] ACTTRY reason=insufficient_cash order=59.23 cash=59.31
[SIGNAL] 2026-08-11T14:04:59+00:00 GENIUSTRY BUY fill_at=2026-08-11T14:09:59+00:00 features={"close": 17.27, "bb_lower": 17.304467085306392, "bb_upper": 17.599342438503136, "rsi": 29.979007272835275, "mfi": 13.529375560619144, "atr": 0.048571428571428044}
[BLOCKED] GENIUSTRY reason=insufficient_cash order=59.23 cash=59.31
[SIGNAL] 2026-08-11T14:04:59+00:00 PORTALTRY BUY fill_at=2026-08-11T14:09:59+00:00 features={"close": 0.5477, "bb_lower": 0.5479046926411507, "bb_upper": 0.5583810216445638, "rsi": 22.70616868989086, "mfi": 25.128860594911615, "atr": 0.0015642857142857086}
[BLOCKED] PORTALTRY reason=insufficient_cash order=59.23 cash=59.31
[SIGNAL] 2026-08-11T14:04:59+00:00 SUITRY BUY fill_at=2026-08-11T14:09:59+00:00 features={"close": 32.72, "bb_lower": 32.72287529516669, "bb_upper": 32.93521994292854, "rsi": 37.47498423334756, "mfi": 36.99331433958985, "atr": 0.0664285714285714}
[BLOCKED] SUITRY reason=insufficient_cash order=59.23 cash=59.31
[SIGNAL] 2026-08-11T14:04:59+00:00 XAITRY BUY fill_at=2026-08-11T14:09:59+00:00 features={"close": 0.3164, "bb_lower": 0.3189307167180418, "bb_upper": 0.3264121404248153, "rsi": 23.309685111204416, "mfi": 27.63565432647019, "atr": 0.015407142857142864}
[BLOCKED] XAITRY reason=insufficient_cash order=59.23 cash=59.31
[SCAN] 2026-08-11T14:09:59+00:00 symbols=312 signals=5 entries=0 exits=0 blocked=11 open=8 cash=59.31 equity=9696.52
[SIGNAL] 2026-08-11T14:09:59+00:00 ACTTRY BUY fill_at=2026-08-11T14:14:59+00:00 features={"close": 0.494, "bb_lower": 0.49838391446690133, "bb_upper": 0.5222732283902414, "rsi": 17.101333077449596, "mfi": 19.078672558305712, "atr": 0.0029571428571428487}
[BLOCKED] ACTTRY reason=insufficient_cash order=59.23 cash=59.31
[SIGNAL] 2026-08-11T14:09:59+00:00 CHZTRY BUY fill_at=2026-08-11T14:14:59+00:00 features={"close": 0.616, "bb_lower": 0.6164477152501692, "bb_upper": 0.6202189514164974, "rsi": 36.08997636203762, "mfi": 18.507170426054756, "atr": 0.0010714285714285723}
[BLOCKED] CHZTRY reason=insufficient_cash order=59.23 cash=59.31
[SIGNAL] 2026-08-11T14:09:59+00:00 FTRY BUY fill_at=2026-08-11T14:14:59+00:00 features={"close": 0.1405, "bb_lower": 0.1406158621440081, "bb_upper": 0.14246985214170618, "rsi": 40.18587858551881, "mfi": 26.61134555234149, "atr": 0.00041428571428571225}
[BLOCKED] FTRY reason=max_layers
[SIGNAL] 2026-08-11T14:09:59+00:00 GENIUSTRY BUY fill_at=2026-08-11T14:14:59+00:00 features={"close": 17.27, "bb_lower": 17.2820830705605, "bb_upper": 17.592202643725212, "rsi": 29.979007277416812, "mfi": 13.537673957432673, "atr": 0.04571428571428525}
[BLOCKED] GENIUSTRY reason=insufficient_cash order=59.23 cash=59.31
[SIGNAL] 2026-08-11T14:09:59+00:00 PORTALTRY BUY fill_at=2026-08-11T14:14:59+00:00 features={"close": 0.5455, "bb_lower": 0.5467006144712963, "bb_upper": 0.5585089093382278, "rsi": 18.98499171253566, "mfi": 20.80891960640315, "atr": 0.0016499999999999848}
[BLOCKED] PORTALTRY reason=insufficient_cash order=59.23 cash=59.31
[SIGNAL] 2026-08-11T14:09:59+00:00 SUITRY BUY fill_at=2026-08-11T14:14:59+00:00 features={"close": 32.68, "bb_lower": 32.69811011995599, "bb_upper": 32.94188988004401, "rsi": 34.59096691149419, "mfi": 33.33857939300668, "atr": 0.06857142857142813}
[BLOCKED] SUITRY reason=insufficient_cash order=59.23 cash=59.31
[SIGNAL] 2026-08-11T14:09:59+00:00 VICTRY BUY fill_at=2026-08-11T14:14:59+00:00 features={"close": 1.3, "bb_lower": 1.3089517149598568, "bb_upper": 1.3634292374210955, "rsi": 32.59006169620787, "mfi": 34.79277503960998, "atr": 0.019285714285714302}
[BLOCKED] VICTRY reason=insufficient_cash order=59.23 cash=59.31
[SIGNAL] 2026-08-11T14:09:59+00:00 XAITRY BUY fill_at=2026-08-11T14:14:59+00:00 features={"close": 0.3175, "bb_lower": 0.3180911445794209, "bb_upper": 0.3267755220872457, "rsi": 30.15607824653793, "mfi": 16.690938045994997, "atr": 0.015442857142857149}
[BLOCKED] XAITRY reason=insufficient_cash order=59.23 cash=59.31
[SCAN] 2026-08-11T14:14:59+00:00 symbols=312 signals=8 entries=0 exits=0 blocked=13 open=8 cash=59.31 equity=9708.83
[SIGNAL] 2026-08-11T14:14:59+00:00 ACTTRY BUY fill_at=2026-08-11T14:19:59+00:00 features={"close": 0.4926, "bb_lower": 0.49530812859392614, "bb_upper": 0.523377585691788, "rsi": 16.09367568741081, "mfi": 15.764491681018214, "atr": 0.0029142857142857104}
[BLOCKED] ACTTRY reason=insufficient_cash order=59.23 cash=59.31
[SIGNAL] 2026-08-11T14:14:59+00:00 API3TRY BUY fill_at=2026-08-11T14:19:59+00:00 features={"close": 9.11, "bb_lower": 9.132487975003505, "bb_upper": 9.225607263091733, "rsi": 30.922366682104055, "mfi": 23.7673355598496, "atr": 0.025714285714285294}
[BLOCKED] API3TRY reason=insufficient_cash order=59.23 cash=59.31
[SIGNAL] 2026-08-11T14:14:59+00:00 GALATRY BUY fill_at=2026-08-11T14:19:59+00:00 features={"close": 0.0834, "bb_lower": 0.08349098306307406, "bb_upper": 0.08438520741311639, "rsi": 28.570321547654885, "mfi": 29.732867265043623, "atr": 0.0001571428571428547}
[BLOCKED] GALATRY reason=insufficient_cash order=59.23 cash=59.31
[SIGNAL] 2026-08-11T14:14:59+00:00 GUNTRY BUY fill_at=2026-08-11T14:19:59+00:00 features={"close": 0.158, "bb_lower": 0.16192619090893356, "bb_upper": 0.17502619004344738, "rsi": 24.203884483913257, "mfi": 52.829693806996325, "atr": 0.002214285714285708}
[BLOCKED] GUNTRY reason=insufficient_cash order=59.23 cash=59.31
[SIGNAL] 2026-08-11T14:14:59+00:00 KAITOTRY BUY fill_at=2026-08-11T14:19:59+00:00 features={"close": 31.22, "bb_lower": 31.27616679350591, "bb_upper": 31.495166539827427, "rsi": 36.39206759353524, "mfi": 39.29840140501699, "atr": 0.07321428571428637}
[BLOCKED] KAITOTRY reason=insufficient_cash order=59.23 cash=59.31
[SIGNAL] 2026-08-11T14:14:59+00:00 PIXELTRY BUY fill_at=2026-08-11T14:19:59+00:00 features={"close": 0.217, "bb_lower": 0.21723018609775285, "bb_upper": 0.21953171866415183, "rsi": 38.18438734808785, "mfi": 46.93920371466822, "atr": 0.0006428571428571435}
[BLOCKED] PIXELTRY reason=insufficient_cash order=59.23 cash=59.31
[SIGNAL] 2026-08-11T14:14:59+00:00 PORTALTRY BUY fill_at=2026-08-11T14:19:59+00:00 features={"close": 0.5417, "bb_lower": 0.5446122648985435, "bb_upper": 0.5592353541490757, "rsi": 14.529386028200975, "mfi": 21.48163110953176, "atr": 0.0018714285714285478}
[BLOCKED] PORTALTRY reason=insufficient_cash order=59.23 cash=59.31
[SIGNAL] 2026-08-11T14:14:59+00:00 XAITRY BUY fill_at=2026-08-11T14:19:59+00:00 features={"close": 0.3165, "bb_lower": 0.31715810210015455, "bb_upper": 0.32720380266175014, "rsi": 27.71900610432374, "mfi": 16.749792670062916, "atr": 0.015485714285714292}
[BLOCKED] XAITRY reason=insufficient_cash order=59.23 cash=59.31
[SCAN] 2026-08-11T14:19:59+00:00 symbols=312 signals=8 entries=0 exits=0 blocked=13 open=8 cash=59.31 equity=9713.61
[SIGNAL] 2026-08-11T14:19:59+00:00 ACTTRY BUY fill_at=2026-08-11T14:24:59+00:00 features={"close": 0.4922, "bb_lower": 0.49266390483174144, "bb_upper": 0.5239646665968299, "rsi": 15.805416680299516, "mfi": 11.136791501722612, "atr": 0.0027857142857142803}
[BLOCKED] ACTTRY reason=insufficient_cash order=59.23 cash=59.31
[SIGNAL] 2026-08-11T14:19:59+00:00 GUNTRY BUY fill_at=2026-08-11T14:24:59+00:00 features={"close": 0.158, "bb_lower": 0.16007175032827906, "bb_upper": 0.1759282496717209, "rsi": 24.20388449515596, "mfi": 38.52714833326689, "atr": 0.00228571428571428}
[BLOCKED] GUNTRY reason=insufficient_cash order=59.23 cash=59.31
[SIGNAL] 2026-08-11T14:19:59+00:00 KAITOTRY BUY fill_at=2026-08-11T14:24:59+00:00 features={"close": 31.038, "bb_lower": 31.18451821610359, "bb_upper": 31.55100559342023, "rsi": 27.577610091922963, "mfi": 41.0399028741121, "atr": 0.08628571428571494}
[BLOCKED] KAITOTRY reason=insufficient_cash order=59.23 cash=59.31
[SIGNAL] 2026-08-11T14:19:59+00:00 PIXELTRY BUY fill_at=2026-08-11T14:24:59+00:00 features={"close": 0.217, "bb_lower": 0.21702943752778353, "bb_upper": 0.21954199104364502, "rsi": 38.18438735792549, "mfi": 46.93920371466822, "atr": 0.0005000000000000004}
[BLOCKED] PIXELTRY reason=insufficient_cash order=59.23 cash=59.31
[SIGNAL] 2026-08-11T14:19:59+00:00 PORTALTRY BUY fill_at=2026-08-11T14:24:59+00:00 features={"close": 0.543, "bb_lower": 0.5432508949156758, "bb_upper": 0.5594729146081339, "rsi": 21.3687163008495, "mfi": 24.16892845458726, "atr": 0.0019071428571428375}
[BLOCKED] PORTALTRY reason=insufficient_cash order=59.23 cash=59.31
[SCAN] 2026-08-11T14:24:59+00:00 symbols=312 signals=5 entries=0 exits=0 blocked=10 open=8 cash=59.31 equity=9706.43
[SIGNAL] 2026-08-11T14:24:59+00:00 AVAXTRY BUY fill_at=2026-08-11T14:29:59+00:00 features={"close": 304.7, "bb_lower": 305.21718352926297, "bb_upper": 309.8780545659751, "rsi": 15.451044906624688, "mfi": 18.897732370295756, "atr": 0.5642857142857167}
[BLOCKED] AVAXTRY reason=insufficient_cash order=59.23 cash=59.31
[SIGNAL] 2026-08-11T14:24:59+00:00 CETUSTRY BUY fill_at=2026-08-11T14:29:59+00:00 features={"close": 0.921, "bb_lower": 0.9225933544275706, "bb_upper": 0.9367399789057627, "rsi": 33.86396881589941, "mfi": 16.655630232073648, "atr": 0.00335714285714286}
[BLOCKED] CETUSTRY reason=insufficient_cash order=59.23 cash=59.31
[SIGNAL] 2026-08-11T14:24:59+00:00 CHZTRY BUY fill_at=2026-08-11T14:29:59+00:00 features={"close": 0.616, "bb_lower": 0.6160865979014882, "bb_upper": 0.6202943544794643, "rsi": 40.77845222059995, "mfi": 25.924020900187003, "atr": 0.0012142857142857153}
[BLOCKED] CHZTRY reason=insufficient_cash order=59.23 cash=59.31
[SIGNAL] 2026-08-11T14:24:59+00:00 EDENTRY BUY fill_at=2026-08-11T14:29:59+00:00 features={"close": 2.097, "bb_lower": 2.1076914157214555, "bb_upper": 2.1517371557071154, "rsi": 30.769421420049994, "mfi": 39.50124255619894, "atr": 0.009142857142857055}
[BLOCKED] EDENTRY reason=insufficient_cash order=59.23 cash=59.31
[SIGNAL] 2026-08-11T14:24:59+00:00 EIGENTRY BUY fill_at=2026-08-11T14:29:59+00:00 features={"close": 8.436, "bb_lower": 8.460113378743836, "bb_upper": 8.547219954589496, "rsi": 32.52048236233382, "mfi": 47.10083654712938, "atr": 0.02478571428571438}
[BLOCKED] EIGENTRY reason=insufficient_cash order=59.23 cash=59.31
[SIGNAL] 2026-08-11T14:24:59+00:00 ETHTRY BUY fill_at=2026-08-11T14:29:59+00:00 features={"close": 89565.0, "bb_lower": 89784.83707112937, "bb_upper": 90280.02007172776, "rsi": 29.8725879231024, "mfi": 43.482095836869625, "atr": 179.5}
[BLOCKED] ETHTRY reason=insufficient_cash order=59.23 cash=59.31
[SIGNAL] 2026-08-11T14:24:59+00:00 HEMITRY BUY fill_at=2026-08-11T14:29:59+00:00 features={"close": 0.236, "bb_lower": 0.2366125863876281, "bb_upper": 0.23874931837427654, "rsi": 33.9602932916099, "mfi": 35.84486871642419, "atr": 0.00057142857142857}
[BLOCKED] HEMITRY reason=insufficient_cash order=59.23 cash=59.31
[SIGNAL] 2026-08-11T14:24:59+00:00 KAITOTRY BUY fill_at=2026-08-11T14:29:59+00:00 features={"close": 31.012, "bb_lower": 31.11238291611068, "bb_upper": 31.584664702936937, "rsi": 26.581223461066884, "mfi": 34.15308482693084, "atr": 0.08585714285714349}
[BLOCKED] KAITOTRY reason=insufficient_cash order=59.23 cash=59.31
[SIGNAL] 2026-08-11T14:24:59+00:00 PORTALTRY BUY fill_at=2026-08-11T14:29:59+00:00 features={"close": 0.5372, "bb_lower": 0.5405972346334592, "bb_upper": 0.560402765366541, "rsi": 15.409075591376421, "mfi": 14.297587455132614, "atr": 0.0022785714285714154}
[BLOCKED] PORTALTRY reason=insufficient_cash order=59.23 cash=59.31
[SIGNAL] 2026-08-11T14:24:59+00:00 SUITRY BUY fill_at=2026-08-11T14:29:59+00:00 features={"close": 32.63, "bb_lower": 32.641382680211905, "bb_upper": 32.95766493883572, "rsi": 32.51020957148312, "mfi": 28.84366162402658, "atr": 0.06999999999999876}
[BLOCKED] SUITRY reason=insufficient_cash order=59.23 cash=59.31
[SCAN] 2026-08-11T14:29:59+00:00 symbols=312 signals=10 entries=0 exits=0 blocked=40 open=8 cash=59.31 equity=9699.79
[SIGNAL] 2026-08-11T14:29:59+00:00 EDENTRY BUY fill_at=2026-08-11T14:34:59+00:00 features={"close": 2.103, "bb_lower": 2.1041368814221983, "bb_upper": 2.1511964519111344, "rsi": 35.50114432357611, "mfi": 38.66265477820857, "atr": 0.00921428571428565}
[BLOCKED] EDENTRY reason=insufficient_cash order=59.23 cash=59.31
[SIGNAL] 2026-08-11T14:29:59+00:00 EIGENTRY BUY fill_at=2026-08-11T14:34:59+00:00 features={"close": 8.449, "bb_lower": 8.45150559746349, "bb_upper": 8.54963725967937, "rsi": 36.39339957504647, "mfi": 37.159729369996136, "atr": 0.024714285714285848}
[BLOCKED] EIGENTRY reason=insufficient_cash order=59.23 cash=59.31
[SIGNAL] 2026-08-11T14:29:59+00:00 ETHTRY BUY fill_at=2026-08-11T14:34:59+00:00 features={"close": 89683.0, "bb_lower": 89726.09785038795, "bb_upper": 90302.47357818348, "rsi": 36.27681807142043, "mfi": 35.66093253304322, "atr": 184.85714285714286}
[BLOCKED] ETHTRY reason=insufficient_cash order=59.23 cash=59.31
[SIGNAL] 2026-08-11T14:29:59+00:00 FTRY BUY fill_at=2026-08-11T14:34:59+00:00 features={"close": 0.14, "bb_lower": 0.14015175357473128, "bb_upper": 0.1426101511871735, "rsi": 35.98218843140667, "mfi": 12.200335931255864, "atr": 0.0004357142857142833}
[BLOCKED] FTRY reason=max_layers
[SIGNAL] 2026-08-11T14:29:59+00:00 HEMITRY BUY fill_at=2026-08-11T14:34:59+00:00 features={"close": 0.236, "bb_lower": 0.2363107369880197, "bb_upper": 0.23887021539293257, "rsi": 33.96029315606371, "mfi": 29.875767950718725, "atr": 0.0005642857142857136}
[BLOCKED] HEMITRY reason=insufficient_cash order=59.23 cash=59.31
[SIGNAL] 2026-08-11T14:29:59+00:00 KAITOTRY BUY fill_at=2026-08-11T14:34:59+00:00 features={"close": 31.05, "bb_lower": 31.065170790806462, "bb_upper": 31.598638733003064, "rsi": 30.55397158833847, "mfi": 32.47063617582711, "atr": 0.08407142857142905}
[BLOCKED] KAITOTRY reason=insufficient_cash order=59.23 cash=59.31
[SIGNAL] 2026-08-11T14:29:59+00:00 PORTALTRY BUY fill_at=2026-08-11T14:34:59+00:00 features={"close": 0.5383, "bb_lower": 0.5387327473953335, "bb_upper": 0.5607148716522855, "rsi": 19.993588854268992, "mfi": 11.555268243222315, "atr": 0.002328571428571418}
[BLOCKED] PORTALTRY reason=insufficient_cash order=59.23 cash=59.31
[SIGNAL] 2026-08-11T14:29:59+00:00 SOLTRY BUY fill_at=2026-08-11T14:34:59+00:00 features={"close": 3606.0, "bb_lower": 3608.1967693313077, "bb_upper": 3630.1270401925017, "rsi": 35.29816384162798, "mfi": 51.844531854252125, "atr": 7.550000000000019}
[BLOCKED] SOLTRY reason=insufficient_cash order=59.23 cash=59.31
[SIGNAL] 2026-08-11T14:29:59+00:00 UNITRY BUY fill_at=2026-08-11T14:34:59+00:00 features={"close": 182.0, "bb_lower": 182.228911618874, "bb_upper": 184.36156457160217, "rsi": 27.766106427709445, "mfi": 30.506514427609304, "atr": 0.4357142857142792}
[BLOCKED] UNITRY reason=insufficient_cash order=59.23 cash=59.31
[SCAN] 2026-08-11T14:34:59+00:00 symbols=312 signals=9 entries=0 exits=0 blocked=30 open=8 cash=59.31 equity=9720.17
[SIGNAL] 2026-08-11T14:34:59+00:00 ATMTRY BUY fill_at=2026-08-11T14:39:59+00:00 features={"close": 70.43, "bb_lower": 70.53409742080315, "bb_upper": 71.23637876967304, "rsi": 32.75182256698591, "mfi": 6.4385895634415675, "atr": 0.1221428571428577}
[BLOCKED] ATMTRY reason=insufficient_cash order=59.23 cash=59.31
[SIGNAL] 2026-08-11T14:34:59+00:00 EDENTRY BUY fill_at=2026-08-11T14:39:59+00:00 features={"close": 2.099, "bb_lower": 2.099741139307876, "bb_upper": 2.152068384501648, "rsi": 33.831172183304076, "mfi": 43.496235789674124, "atr": 0.007928571428571349}
[BLOCKED] EDENTRY reason=insufficient_cash order=59.23 cash=59.31
[SIGNAL] 2026-08-11T14:34:59+00:00 EIGENTRY BUY fill_at=2026-08-11T14:39:59+00:00 features={"close": 8.441, "bb_lower": 8.442823482880366, "bb_upper": 8.553271755214874, "rsi": 35.052209356456814, "mfi": 35.2827654170724, "atr": 0.024714285714285848}
[BLOCKED] EIGENTRY reason=insufficient_cash order=59.23 cash=59.31
[SIGNAL] 2026-08-11T14:34:59+00:00 ETHFITRY BUY fill_at=2026-08-11T14:39:59+00:00 features={"close": 18.2, "bb_lower": 18.217274923863364, "bb_upper": 18.375106028517585, "rsi": 32.76786518441371, "mfi": 35.29538116962057, "atr": 0.038571428571428513}
[BLOCKED] ETHFITRY reason=insufficient_cash order=59.23 cash=59.31
[SIGNAL] 2026-08-11T14:34:59+00:00 ETHTRY BUY fill_at=2026-08-11T14:39:59+00:00 features={"close": 89640.0, "bb_lower": 89667.24765429652, "bb_upper": 90325.99044094159, "rsi": 35.01448092868735, "mfi": 33.88120475198339, "atr": 189.14285714285714}
[BLOCKED] ETHTRY reason=insufficient_cash order=59.23 cash=59.31
[SIGNAL] 2026-08-11T14:34:59+00:00 RVNTRY BUY fill_at=2026-08-11T14:39:59+00:00 features={"close": 0.1346, "bb_lower": 0.1356967910178254, "bb_upper": 0.13914130422026982, "rsi": 27.90296240846051, "mfi": 29.834387097900844, "atr": 0.0007642857142857154}
[BLOCKED] RVNTRY reason=insufficient_cash order=59.23 cash=59.31
[SIGNAL] 2026-08-11T14:34:59+00:00 SOLTRY BUY fill_at=2026-08-11T14:39:59+00:00 features={"close": 3603.5, "bb_lower": 3605.828991499069, "bb_upper": 3631.361484691407, "rsi": 33.51595295038683, "mfi": 47.6528898522242, "atr": 7.714285714285714}
[BLOCKED] SOLTRY reason=insufficient_cash order=59.23 cash=59.31
[SIGNAL] 2026-08-11T14:34:59+00:00 SUITRY BUY fill_at=2026-08-11T14:39:59+00:00 features={"close": 32.47, "bb_lower": 32.5523277618412, "bb_upper": 32.99148176196833, "rsi": 23.837016600519974, "mfi": 11.06585162940462, "atr": 0.07999999999999881}
[BLOCKED] SUITRY reason=insufficient_cash order=59.23 cash=59.31
[SIGNAL] 2026-08-11T14:34:59+00:00 THETRY BUY fill_at=2026-08-11T14:39:59+00:00 features={"close": 2.963, "bb_lower": 2.9785625864999306, "bb_upper": 3.0319136039762604, "rsi": 37.316774412801855, "mfi": 46.61218108656516, "atr": 0.015642857142857132}
[BLOCKED] THETRY reason=insufficient_cash order=59.23 cash=59.31
[SIGNAL] 2026-08-11T14:34:59+00:00 UMATRY BUY fill_at=2026-08-11T14:39:59+00:00 features={"close": 16.04, "bb_lower": 16.04821825410188, "bb_upper": 16.166067460183843, "rsi": 39.06719405979388, "mfi": 37.15464897236201, "atr": 0.03428571428571508}
[BLOCKED] UMATRY reason=insufficient_cash order=59.23 cash=59.31
[SIGNAL] 2026-08-11T14:34:59+00:00 UNITRY BUY fill_at=2026-08-11T14:39:59+00:00 features={"close": 181.8, "bb_lower": 182.0448782413241, "bb_upper": 184.29797890153304, "rsi": 26.361290152620725, "mfi": 13.67039526909295, "atr": 0.4357142857142792}
[BLOCKED] UNITRY reason=insufficient_cash order=59.23 cash=59.31
[SIGNAL] 2026-08-11T14:34:59+00:00 ZBTTRY BUY fill_at=2026-08-11T14:39:59+00:00 features={"close": 4.57, "bb_lower": 4.582178273408474, "bb_upper": 4.634964583734383, "rsi": 22.363634917404482, "mfi": 19.066196962564433, "atr": 0.012142857142857264}
[BLOCKED] ZBTTRY reason=insufficient_cash order=59.23 cash=59.31
[SCAN] 2026-08-11T14:39:59+00:00 symbols=312 signals=12 entries=0 exits=0 blocked=29 open=8 cash=59.31 equity=9693.03
[EXIT] 2026-08-11T14:44:59+00:00 ESPTRY reason=bb_mfi_v3_signal_exit pnl=+6.65 cash=1043.77
[SIGNAL] 2026-08-11T14:39:59+00:00 ATMTRY BUY fill_at=2026-08-11T14:44:59+00:00 features={"close": 70.42, "bb_lower": 70.48248540418733, "bb_upper": 71.26608602438411, "rsi": 32.524471457415245, "mfi": 7.163936028101361, "atr": 0.1085714285714293}
[ENTRY] 2026-08-11T14:44:59+00:00 ATMTRY layer=1 value=970.43 entry=70.47281500 cash=71.88
[SIGNAL] 2026-08-11T14:39:59+00:00 EDENTRY BUY fill_at=2026-08-11T14:44:59+00:00 features={"close": 2.088, "bb_lower": 2.0933558764196523, "bb_upper": 2.153786980723205, "rsi": 29.67282638025398, "mfi": 45.515490794656664, "atr": 0.00849999999999992}
[BLOCKED] EDENTRY reason=insufficient_cash order=71.77 cash=71.88
[SIGNAL] 2026-08-11T14:39:59+00:00 EIGENTRY BUY fill_at=2026-08-11T14:44:59+00:00 features={"close": 8.426, "bb_lower": 8.431567858140845, "bb_upper": 8.557955951382965, "rsi": 32.6110511001374, "mfi": 35.28910496216784, "atr": 0.024785714285714504}
[BLOCKED] EIGENTRY reason=insufficient_cash order=71.77 cash=71.88
[SIGNAL] 2026-08-11T14:39:59+00:00 ETHFITRY BUY fill_at=2026-08-11T14:44:59+00:00 features={"close": 18.2, "bb_lower": 18.205011193260784, "bb_upper": 18.37213166388207, "rsi": 32.76786520064756, "mfi": 35.85182762372996, "atr": 0.038571428571428513}
[BLOCKED] ETHFITRY reason=insufficient_cash order=71.77 cash=71.88
[SIGNAL] 2026-08-11T14:39:59+00:00 ETHTRY BUY fill_at=2026-08-11T14:44:59+00:00 features={"close": 89495.0, "bb_lower": 89580.01809149611, "bb_upper": 90365.12476564676, "rsi": 31.065490783806595, "mfi": 29.577458805924536, "atr": 203.0}
[BLOCKED] ETHTRY reason=insufficient_cash order=71.77 cash=71.88
[SIGNAL] 2026-08-11T14:39:59+00:00 GRAMTRY BUY fill_at=2026-08-11T14:44:59+00:00 features={"close": 63.64, "bb_lower": 63.68919337168253, "bb_upper": 64.4793780568889, "rsi": 32.220441736928194, "mfi": 22.242744690034314, "atr": 0.1228571428571443}
[BLOCKED] GRAMTRY reason=insufficient_cash order=71.77 cash=71.88
[SIGNAL] 2026-08-11T14:39:59+00:00 SOLTRY BUY fill_at=2026-08-11T14:44:59+00:00 features={"close": 3597.5, "bb_lower": 3602.0260686883557, "bb_upper": 3633.259645597359, "rsi": 29.62672040145027, "mfi": 40.8072421438578, "atr": 7.985714285714266}
[BLOCKED] SOLTRY reason=insufficient_cash order=71.77 cash=71.88
[SIGNAL] 2026-08-11T14:39:59+00:00 THETRY BUY fill_at=2026-08-11T14:44:59+00:00 features={"close": 2.963, "bb_lower": 2.971274120657063, "bb_upper": 3.0336782602953187, "rsi": 37.31677445842956, "mfi": 37.663192036157206, "atr": 0.01435714285714283}
[BLOCKED] THETRY reason=insufficient_cash order=71.77 cash=71.88
[SIGNAL] 2026-08-11T14:39:59+00:00 ZBTTRY BUY fill_at=2026-08-11T14:44:59+00:00 features={"close": 4.57, "bb_lower": 4.5763908489174465, "bb_upper": 4.635037722511125, "rsi": 22.363634982934357, "mfi": 20.83020373078695, "atr": 0.012142857142857202}
[BLOCKED] ZBTTRY reason=insufficient_cash order=71.77 cash=71.88
[SCAN] 2026-08-11T14:44:59+00:00 symbols=312 signals=9 entries=1 exits=1 blocked=24 open=8 cash=71.88 equity=9702.12
[SIGNAL] 2026-08-11T14:44:59+00:00 ATMTRY BUY fill_at=2026-08-11T14:49:59+00:00 features={"close": 70.42, "bb_lower": 70.42595715334342, "bb_upper": 71.29309046570425, "rsi": 32.52447147215433, "mfi": 7.89900629276849, "atr": 0.10285714285714372}
[BLOCKED] ATMTRY reason=insufficient_cash order=71.77 cash=71.88
[SIGNAL] 2026-08-11T14:44:59+00:00 ETHFITRY BUY fill_at=2026-08-11T14:49:59+00:00 features={"close": 18.08, "bb_lower": 18.157230508458035, "bb_upper": 18.39515044392291, "rsi": 23.146273257495892, "mfi": 19.594320819105093, "atr": 0.04071428571428574}
[BLOCKED] ETHFITRY reason=insufficient_cash order=71.77 cash=71.88
[SIGNAL] 2026-08-11T14:44:59+00:00 GRAMTRY BUY fill_at=2026-08-11T14:49:59+00:00 features={"close": 63.61, "bb_lower": 63.6260088534537, "bb_upper": 64.47018162273679, "rsi": 31.385356016785295, "mfi": 26.40864940975763, "atr": 0.12928571428571495}
[BLOCKED] GRAMTRY reason=insufficient_cash order=71.77 cash=71.88
[SIGNAL] 2026-08-11T14:44:59+00:00 NILTRY BUY fill_at=2026-08-11T14:49:59+00:00 features={"close": 1.712, "bb_lower": 1.7157713102071521, "bb_upper": 1.74565726122142, "rsi": 31.251471566183156, "mfi": 26.508693309597618, "atr": 0.008785714285714254}
[BLOCKED] NILTRY reason=insufficient_cash order=71.77 cash=71.88
[SIGNAL] 2026-08-11T14:44:59+00:00 ROBOTRY BUY fill_at=2026-08-11T14:49:59+00:00 features={"close": 0.628, "bb_lower": 0.6284604160514291, "bb_upper": 0.6386824410914282, "rsi": 37.57209548495879, "mfi": 48.00764503073395, "atr": 0.00335714285714286}
[BLOCKED] ROBOTRY reason=insufficient_cash order=71.77 cash=71.88
[SIGNAL] 2026-08-11T14:44:59+00:00 XPLTRY BUY fill_at=2026-08-11T14:49:59+00:00 features={"close": 3.721, "bb_lower": 3.7217721611922316, "bb_upper": 3.748513553093483, "rsi": 39.33952235951981, "mfi": 51.08684624764718, "atr": 0.008142857142857103}
[BLOCKED] XPLTRY reason=insufficient_cash order=71.77 cash=71.88
[SIGNAL] 2026-08-11T14:44:59+00:00 ZBTTRY BUY fill_at=2026-08-11T14:49:59+00:00 features={"close": 4.57, "bb_lower": 4.571908425125196, "bb_upper": 4.633805860589089, "rsi": 22.363635006447822, "mfi": 25.250009694630563, "atr": 0.011428571428571439}
[BLOCKED] ZBTTRY reason=insufficient_cash order=71.77 cash=71.88
[SCAN] 2026-08-11T14:49:59+00:00 symbols=312 signals=7 entries=0 exits=0 blocked=27 open=8 cash=71.88 equity=9705.13
[SIGNAL] 2026-08-11T14:49:59+00:00 EDENTRY BUY fill_at=2026-08-11T14:54:59+00:00 features={"close": 2.08, "bb_lower": 2.0818887810926716, "bb_upper": 2.156682647478757, "rsi": 27.77847419500631, "mfi": 27.317509880204298, "atr": 0.008785714285714175}
[BLOCKED] EDENTRY reason=insufficient_cash order=71.77 cash=71.88
[SIGNAL] 2026-08-11T14:49:59+00:00 EIGENTRY BUY fill_at=2026-08-11T14:54:59+00:00 features={"close": 8.394, "bb_lower": 8.406271051666973, "bb_upper": 8.566967043571125, "rsi": 28.466245366889055, "mfi": 26.463057920354473, "atr": 0.027071428571428795}
[BLOCKED] EIGENTRY reason=insufficient_cash order=71.77 cash=71.88
[SIGNAL] 2026-08-11T14:49:59+00:00 ETHFITRY BUY fill_at=2026-08-11T14:54:59+00:00 features={"close": 17.97, "bb_lower": 18.084663588656383, "bb_upper": 18.435336411343613, "rsi": 17.920761858104783, "mfi": 14.720127477677806, "atr": 0.05214285714285717}
[BLOCKED] ETHFITRY reason=insufficient_cash order=71.77 cash=71.88
[SIGNAL] 2026-08-11T14:49:59+00:00 FLOKITRY BUY fill_at=2026-08-11T14:54:59+00:00 features={"close": 0.000993, "bb_lower": 0.000993215014653167, "bb_upper": 0.0010002135567754049, "rsi": 36.32909574313304, "mfi": 50.669689588128605, "atr": 1.928571428571514e-06}
[BLOCKED] FLOKITRY reason=insufficient_cash order=71.77 cash=71.88
[SIGNAL] 2026-08-11T14:49:59+00:00 GRAMTRY BUY fill_at=2026-08-11T14:54:59+00:00 features={"close": 63.57, "bb_lower": 63.578873334915386, "bb_upper": 64.4325552365132, "rsi": 30.25278420537832, "mfi": 34.51898748849467, "atr": 0.1250000000000005}
[BLOCKED] GRAMTRY reason=insufficient_cash order=71.77 cash=71.88
[SIGNAL] 2026-08-11T14:49:59+00:00 NILTRY BUY fill_at=2026-08-11T14:54:59+00:00 features={"close": 1.695, "bb_lower": 1.707673347321824, "bb_upper": 1.7497552241067478, "rsi": 24.37513967170156, "mfi": 22.70206766046988, "atr": 0.009999999999999978}
[BLOCKED] NILTRY reason=insufficient_cash order=71.77 cash=71.88
[SIGNAL] 2026-08-11T14:49:59+00:00 ROBOTRY BUY fill_at=2026-08-11T14:54:59+00:00 features={"close": 0.622, "bb_lower": 0.6260065546415512, "bb_upper": 0.6401839215489251, "rsi": 30.543280641389913, "mfi": 42.731735499867646, "atr": 0.0032857142857142885}
[BLOCKED] ROBOTRY reason=insufficient_cash order=71.77 cash=71.88
[SIGNAL] 2026-08-11T14:49:59+00:00 SOLTRY BUY fill_at=2026-08-11T14:54:59+00:00 features={"close": 3595.6, "bb_lower": 3596.4020914421217, "bb_upper": 3635.388384748355, "rsi": 30.391324475000857, "mfi": 35.46515276498005, "atr": 7.728571428571448}
[BLOCKED] SOLTRY reason=insufficient_cash order=71.77 cash=71.88
[SIGNAL] 2026-08-11T14:49:59+00:00 UMATRY BUY fill_at=2026-08-11T14:54:59+00:00 features={"close": 16.01, "bb_lower": 16.027427584511933, "bb_upper": 16.174477177392838, "rsi": 36.41458208713384, "mfi": 33.29038059679469, "atr": 0.0321428571428576}
[BLOCKED] UMATRY reason=insufficient_cash order=71.77 cash=71.88
[SIGNAL] 2026-08-11T14:49:59+00:00 XPLTRY BUY fill_at=2026-08-11T14:54:59+00:00 features={"close": 3.714, "bb_lower": 3.7184694399499785, "bb_upper": 3.7503877029071644, "rsi": 35.880303444732434, "mfi": 45.54510301113312, "atr": 0.007785714285714253}
[BLOCKED] XPLTRY reason=insufficient_cash order=71.77 cash=71.88
[SCAN] 2026-08-11T14:54:59+00:00 symbols=312 signals=10 entries=0 exits=0 blocked=36 open=8 cash=71.88 equity=9681.63
[SIGNAL] 2026-08-11T14:54:59+00:00 ARKMTRY BUY fill_at=2026-08-11T14:59:59+00:00 features={"close": 4.537, "bb_lower": 4.554936849012606, "bb_upper": 4.593348865273111, "rsi": 23.933186925349688, "mfi": 58.390238241409925, "atr": 0.007571428571428752}
[BLOCKED] ARKMTRY reason=insufficient_cash order=71.77 cash=71.88
[SIGNAL] 2026-08-11T14:54:59+00:00 AVAXTRY BUY fill_at=2026-08-11T14:59:59+00:00 features={"close": 302.1, "bb_lower": 303.3319204609555, "bb_upper": 309.2395081104732, "rsi": 18.162861984530252, "mfi": 16.70943005570048, "atr": 0.8285714285714262}
[BLOCKED] AVAXTRY reason=insufficient_cash order=71.77 cash=71.88
[SIGNAL] 2026-08-11T14:54:59+00:00 BBTRY BUY fill_at=2026-08-11T14:59:59+00:00 features={"close": 0.62, "bb_lower": 0.6220960959683473, "bb_upper": 0.6355229516507004, "rsi": 29.1588111333881, "mfi": 58.6332346717787, "atr": 0.0028714285714285643}
[BLOCKED] BBTRY reason=insufficient_cash order=71.77 cash=71.88
[SIGNAL] 2026-08-11T14:54:59+00:00 CHZTRY BUY fill_at=2026-08-11T14:59:59+00:00 features={"close": 0.615, "bb_lower": 0.6151137244880065, "bb_upper": 0.6201243707500887, "rsi": 38.9960848895806, "mfi": 29.12102608320359, "atr": 0.0012142857142857153}
[BLOCKED] CHZTRY reason=insufficient_cash order=71.77 cash=71.88
[SIGNAL] 2026-08-11T14:54:59+00:00 DOGETRY BUY fill_at=2026-08-11T14:59:59+00:00 features={"close": 3.35, "bb_lower": 3.356121951087275, "bb_upper": 3.396925667960344, "rsi": 29.225419855334735, "mfi": 41.81509749701313, "atr": 0.008785714285714301}
[BLOCKED] DOGETRY reason=insufficient_cash order=71.77 cash=71.88
[SIGNAL] 2026-08-11T14:54:59+00:00 EDENTRY BUY fill_at=2026-08-11T14:59:59+00:00 features={"close": 2.073, "bb_lower": 2.074956027613269, "bb_upper": 2.1595201628629215, "rsi": 25.57691829067572, "mfi": 25.16035552299934, "atr": 0.009142857142857055}
[BLOCKED] EDENTRY reason=insufficient_cash order=71.77 cash=71.88
[SIGNAL] 2026-08-11T14:54:59+00:00 EIGENTRY BUY fill_at=2026-08-11T14:59:59+00:00 features={"close": 8.372, "bb_lower": 8.387589516677643, "bb_upper": 8.57060095951283, "rsi": 25.72002444229645, "mfi": 21.72491499094417, "atr": 0.02921428571428589}
[BLOCKED] EIGENTRY reason=insufficient_cash order=71.77 cash=71.88
[SIGNAL] 2026-08-11T14:54:59+00:00 ENATRY BUY fill_at=2026-08-11T14:59:59+00:00 features={"close": 4.242, "bb_lower": 4.243494203185674, "bb_upper": 4.274696273004801, "rsi": 36.72848629857108, "mfi": 29.24038671394446, "atr": 0.010428571428571358}
[BLOCKED] ENATRY reason=insufficient_cash order=71.77 cash=71.88
[SIGNAL] 2026-08-11T14:54:59+00:00 ETHFITRY BUY fill_at=2026-08-11T14:59:59+00:00 features={"close": 17.95, "bb_lower": 18.028271201494714, "bb_upper": 18.4507764175529, "rsi": 17.157790055148055, "mfi": 13.914104621205013, "atr": 0.05285714285714275}
[BLOCKED] ETHFITRY reason=insufficient_cash order=71.77 cash=71.88
[SIGNAL] 2026-08-11T14:54:59+00:00 ETHTRY BUY fill_at=2026-08-11T14:59:59+00:00 features={"close": 89353.0, "bb_lower": 89373.86315820891, "bb_upper": 90400.7082703625, "rsi": 28.505481516624585, "mfi": 31.104018258889738, "atr": 198.42857142857142}
[BLOCKED] ETHTRY reason=insufficient_cash order=71.77 cash=71.88
[SIGNAL] 2026-08-11T14:54:59+00:00 FLOKITRY BUY fill_at=2026-08-11T14:59:59+00:00 features={"close": 0.000986, "bb_lower": 0.0009904842638220979, "bb_upper": 0.001001991926654093, "rsi": 22.680528717465208, "mfi": 26.374121998706045, "atr": 2.2857142857143724e-06}
[BLOCKED] FLOKITRY reason=insufficient_cash order=71.77 cash=71.88
[SIGNAL] 2026-08-11T14:54:59+00:00 FTRY BUY fill_at=2026-08-11T14:59:59+00:00 features={"close": 0.1392, "bb_lower": 0.13947148809640073, "bb_upper": 0.14251898809407545, "rsi": 32.34082915354871, "mfi": 10.78157136322173, "atr": 0.00046428571428571076}
[BLOCKED] FTRY reason=max_layers
[SIGNAL] 2026-08-11T14:54:59+00:00 GALATRY BUY fill_at=2026-08-11T14:59:59+00:00 features={"close": 0.0828, "bb_lower": 0.08324641194488236, "bb_upper": 0.08452501662654624, "rsi": 26.70319706942172, "mfi": 28.12828352963534, "atr": 0.00024285714285714088}
[BLOCKED] GALATRY reason=insufficient_cash order=71.77 cash=71.88
[SIGNAL] 2026-08-11T14:54:59+00:00 GRAMTRY BUY fill_at=2026-08-11T14:59:59+00:00 features={"close": 63.28, "bb_lower": 63.46221607371821, "bb_upper": 64.44159345009132, "rsi": 23.571906567927087, "mfi": 27.585111457208555, "atr": 0.14071428571428615}
[BLOCKED] GRAMTRY reason=insufficient_cash order=71.77 cash=71.88
[SIGNAL] 2026-08-11T14:54:59+00:00 HEMITRY BUY fill_at=2026-08-11T14:59:59+00:00 features={"close": 0.2354, "bb_lower": 0.23543924859232482, "bb_upper": 0.23876075140767525, "rsi": 33.15605603925427, "mfi": 18.48994655510529, "atr": 0.0006857142857142875}
[BLOCKED] HEMITRY reason=insufficient_cash order=71.77 cash=71.88
[SIGNAL] 2026-08-11T14:54:59+00:00 HMSTRTRY BUY fill_at=2026-08-11T14:59:59+00:00 features={"close": 0.00899, "bb_lower": 0.009003149726418335, "bb_upper": 0.00912065979739119, "rsi": 32.38493841931982, "mfi": 13.283614403519692, "atr": 3.0000000000000265e-05}
[BLOCKED] HMSTRTRY reason=insufficient_cash order=71.77 cash=71.88
[SIGNAL] 2026-08-11T14:54:59+00:00 INJTRY BUY fill_at=2026-08-11T14:59:59+00:00 features={"close": 212.8, "bb_lower": 213.1675034658967, "bb_upper": 215.98487748648432, "rsi": 29.95302911749951, "mfi": 37.07703661286132, "atr": 0.4571428571428555}
[BLOCKED] INJTRY reason=insufficient_cash order=71.77 cash=71.88
[SIGNAL] 2026-08-11T14:54:59+00:00 NILTRY BUY fill_at=2026-08-11T14:59:59+00:00 features={"close": 1.699, "bb_lower": 1.7039025330390487, "bb_upper": 1.7486688955323801, "rsi": 28.39142500786977, "mfi": 34.59376304461557, "atr": 0.01007142857142854}
[BLOCKED] NILTRY reason=insufficient_cash order=71.77 cash=71.88
[SIGNAL] 2026-08-11T14:54:59+00:00 ROBOTRY BUY fill_at=2026-08-11T14:59:59+00:00 features={"close": 0.62, "bb_lower": 0.6234297052868436, "bb_upper": 0.6414274375702993, "rsi": 28.610498225814013, "mfi": 28.335665046639207, "atr": 0.0032142857142857173}
[BLOCKED] ROBOTRY reason=insufficient_cash order=71.77 cash=71.88
[SIGNAL] 2026-08-11T14:54:59+00:00 SOLTRY BUY fill_at=2026-08-11T14:59:59+00:00 features={"close": 3587.9, "bb_lower": 3591.745742733159, "bb_upper": 3636.5114001239835, "rsi": 26.129931922207206, "mfi": 28.642254352913, "atr": 7.907142857142877}
[BLOCKED] SOLTRY reason=insufficient_cash order=71.77 cash=71.88
[SIGNAL] 2026-08-11T14:54:59+00:00 SUITRY BUY fill_at=2026-08-11T14:59:59+00:00 features={"close": 32.29, "bb_lower": 32.39965233289702, "bb_upper": 32.9993952861506, "rsi": 25.045302797787798, "mfi": 20.96026354590235, "atr": 0.09285714285714215}
[BLOCKED] SUITRY reason=insufficient_cash order=71.77 cash=71.88
[SIGNAL] 2026-08-11T14:54:59+00:00 UMATRY BUY fill_at=2026-08-11T14:59:59+00:00 features={"close": 16.01, "bb_lower": 16.013235675830057, "bb_upper": 16.178192895598517, "rsi": 36.414582086033484, "mfi": 29.171081217298692, "atr": 0.0307142857142862}
[BLOCKED] UMATRY reason=insufficient_cash order=71.77 cash=71.88
[SIGNAL] 2026-08-11T14:54:59+00:00 UNITRY BUY fill_at=2026-08-11T14:59:59+00:00 features={"close": 179.1, "bb_lower": 180.6593202385135, "bb_upper": 184.86448928529603, "rsi": 19.805700880747892, "mfi": 11.59069322196521, "atr": 0.664285714285709}
[BLOCKED] UNITRY reason=insufficient_cash order=71.77 cash=71.88
[SIGNAL] 2026-08-11T14:54:59+00:00 XPLTRY BUY fill_at=2026-08-11T14:59:59+00:00 features={"close": 3.701, "bb_lower": 3.7115069003124055, "bb_upper": 3.7543026234971175, "rsi": 30.486828871936908, "mfi": 43.29241402220157, "atr": 0.008928571428571397}
[BLOCKED] XPLTRY reason=insufficient_cash order=71.77 cash=71.88
[SIGNAL] 2026-08-11T14:54:59+00:00 XRPTRY BUY fill_at=2026-08-11T14:59:59+00:00 features={"close": 47.68, "bb_lower": 47.775526288446635, "bb_upper": 48.22923561631527, "rsi": 29.664116428479588, "mfi": 23.112115030184043, "atr": 0.125}
[BLOCKED] XRPTRY reason=insufficient_cash order=71.77 cash=71.88
[SCAN] 2026-08-11T14:59:59+00:00 symbols=312 signals=25 entries=0 exits=0 blocked=113 open=8 cash=71.88 equity=9638.43
[SIGNAL] 2026-08-11T14:59:59+00:00 1000CATTRY BUY fill_at=2026-08-11T15:04:59+00:00 features={"close": 0.081, "bb_lower": 0.0812829155841975, "bb_upper": 0.08452660822532633, "rsi": 31.506563936786705, "mfi": 0.45114114639417835, "atr": 0.00042857142857142893}
[BLOCKED] 1000CATTRY reason=insufficient_cash order=71.77 cash=71.88
[SIGNAL] 2026-08-11T14:59:59+00:00 AIGENSYNTRY BUY fill_at=2026-08-11T15:04:59+00:00 features={"close": 1.001, "bb_lower": 1.0064777267743574, "bb_upper": 1.0182841779875473, "rsi": 30.94701117771166, "mfi": 20.79102562243149, "atr": 0.003357142857142844}
[BLOCKED] AIGENSYNTRY reason=insufficient_cash order=71.77 cash=71.88
[SIGNAL] 2026-08-11T14:59:59+00:00 AIXBTTRY BUY fill_at=2026-08-11T15:04:59+00:00 features={"close": 0.851, "bb_lower": 0.857230508175554, "bb_upper": 0.8703885394434936, "rsi": 15.623320672240851, "mfi": 4.9897989293477, "atr": 0.0016428571428571443}
[BLOCKED] AIXBTTRY reason=insufficient_cash order=71.77 cash=71.88
[SIGNAL] 2026-08-11T14:59:59+00:00 ALICETRY BUY fill_at=2026-08-11T15:04:59+00:00 features={"close": 5.66, "bb_lower": 5.671722284088173, "bb_upper": 5.721611049245159, "rsi": 28.58616908967079, "mfi": 6.688051477103656, "atr": 0.009999999999999978}
[BLOCKED] ALICETRY reason=insufficient_cash order=71.77 cash=71.88
[SIGNAL] 2026-08-11T14:59:59+00:00 API3TRY BUY fill_at=2026-08-11T15:04:59+00:00 features={"close": 9.06, "bb_lower": 9.096198035245624, "bb_upper": 9.216182917135328, "rsi": 28.508876072611884, "mfi": 42.270220399429355, "atr": 0.02857142857142834}
[BLOCKED] API3TRY reason=insufficient_cash order=71.77 cash=71.88
[SIGNAL] 2026-08-11T14:59:59+00:00 APTTRY BUY fill_at=2026-08-11T15:04:59+00:00 features={"close": 27.5, "bb_lower": 27.59200876565892, "bb_upper": 27.960372186722037, "rsi": 24.327243226236178, "mfi": 6.3489661942972475, "atr": 0.06428571428571418}
[BLOCKED] APTTRY reason=insufficient_cash order=71.77 cash=71.88
[SIGNAL] 2026-08-11T14:59:59+00:00 ARBTRY BUY fill_at=2026-08-11T15:04:59+00:00 features={"close": 3.73, "bb_lower": 3.7525909391822716, "bb_upper": 3.847409060817728, "rsi": 11.477029201734496, "mfi": 21.73218104588733, "atr": 0.009285714285714277}
[BLOCKED] ARBTRY reason=insufficient_cash order=71.77 cash=71.88
[SIGNAL] 2026-08-11T14:59:59+00:00 ARKMTRY BUY fill_at=2026-08-11T15:04:59+00:00 features={"close": 4.52, "bb_lower": 4.541658009935377, "bb_upper": 4.6003419900646225, "rsi": 19.15787897109108, "mfi": 24.741697958169752, "atr": 0.008357142857142983}
[BLOCKED] ARKMTRY reason=insufficient_cash order=71.77 cash=71.88
[SIGNAL] 2026-08-11T14:59:59+00:00 AVAXTRY BUY fill_at=2026-08-11T15:04:59+00:00 features={"close": 298.4, "bb_lower": 301.46598086043275, "bb_upper": 310.1625905681386, "rsi": 11.668536759143137, "mfi": 10.676459176636357, "atr": 1.1428571428571428}
[BLOCKED] AVAXTRY reason=insufficient_cash order=71.77 cash=71.88
[SIGNAL] 2026-08-11T14:59:59+00:00 BBTRY BUY fill_at=2026-08-11T15:04:59+00:00 features={"close": 0.619, "bb_lower": 0.6205960702468031, "bb_upper": 0.6363182154674826, "rsi": 27.739593388634887, "mfi": 55.19915067301854, "atr": 0.003007142857142851}
[BLOCKED] BBTRY reason=insufficient_cash order=71.77 cash=71.88
[SIGNAL] 2026-08-11T14:59:59+00:00 BLURTRY BUY fill_at=2026-08-11T15:04:59+00:00 features={"close": 0.64, "bb_lower": 0.6430381071131881, "bb_upper": 0.6506761786010979, "rsi": 21.726634703864107, "mfi": 4.063892794238953, "atr": 0.0010714285714285723}
[BLOCKED] BLURTRY reason=insufficient_cash order=71.77 cash=71.88
[SIGNAL] 2026-08-11T14:59:59+00:00 BONKTRY BUY fill_at=2026-08-11T15:04:59+00:00 features={"close": 0.0001096, "bb_lower": 0.00011059106033286528, "bb_upper": 0.00011311370157189663, "rsi": 19.129133817122607, "mfi": 27.395876364519083, "atr": 4.00000000000001e-07}
[BLOCKED] BONKTRY reason=insufficient_cash order=71.77 cash=71.88
[SIGNAL] 2026-08-11T14:59:59+00:00 CFGTRY BUY fill_at=2026-08-11T15:04:59+00:00 features={"close": 7.555, "bb_lower": 7.56617639079648, "bb_upper": 7.630585513965425, "rsi": 29.92623170407292, "mfi": 22.246104513188214, "atr": 0.013928571428571386}
[BLOCKED] CFGTRY reason=insufficient_cash order=71.77 cash=71.88
[SIGNAL] 2026-08-11T14:59:59+00:00 CHZTRY BUY fill_at=2026-08-11T15:04:59+00:00 features={"close": 0.611, "bb_lower": 0.6136117534803703, "bb_upper": 0.620769198900582, "rsi": 28.845331716054105, "mfi": 22.844372237557153, "atr": 0.0014285714285714299}
[BLOCKED] CHZTRY reason=insufficient_cash order=71.77 cash=71.88
[SIGNAL] 2026-08-11T14:59:59+00:00 DASHTRY BUY fill_at=2026-08-11T15:04:59+00:00 features={"close": 1455.0, "bb_lower": 1458.2565763463394, "bb_upper": 1476.0291379393748, "rsi": 30.235788722461024, "mfi": 50.62896572092498, "atr": 2.5}
[BLOCKED] DASHTRY reason=insufficient_cash order=71.77 cash=71.88
[SIGNAL] 2026-08-11T14:59:59+00:00 DOGSTRY BUY fill_at=2026-08-11T15:04:59+00:00 features={"close": 0.00168, "bb_lower": 0.0016937965956575153, "bb_upper": 0.0017246795948186752, "rsi": 12.450400758628078, "mfi": 48.32986826266382, "atr": 3.2857142857143035e-06}
[BLOCKED] DOGSTRY reason=insufficient_cash order=71.77 cash=71.88
[SIGNAL] 2026-08-11T14:59:59+00:00 DOTTRY BUY fill_at=2026-08-11T15:04:59+00:00 features={"close": 37.2, "bb_lower": 37.335442864072235, "bb_upper": 38.150271421642046, "rsi": 10.748596533579956, "mfi": 20.26929754142961, "atr": 0.07857142857142867}
[BLOCKED] DOTTRY reason=insufficient_cash order=71.77 cash=71.88
[SIGNAL] 2026-08-11T14:59:59+00:00 EDENTRY BUY fill_at=2026-08-11T15:04:59+00:00 features={"close": 2.025, "bb_lower": 2.0550112565107965, "bb_upper": 2.1702268387272983, "rsi": 16.098827332674105, "mfi": 14.840094040075087, "atr": 0.012428571428571329}
[BLOCKED] EDENTRY reason=insufficient_cash order=71.77 cash=71.88
[SIGNAL] 2026-08-11T14:59:59+00:00 EIGENTRY BUY fill_at=2026-08-11T15:04:59+00:00 features={"close": 8.338, "bb_lower": 8.36425466297021, "bb_upper": 8.574602479886936, "rsi": 22.14343837340958, "mfi": 18.83623046796248, "atr": 0.031285714285714326}
[BLOCKED] EIGENTRY reason=insufficient_cash order=71.77 cash=71.88
[SIGNAL] 2026-08-11T14:59:59+00:00 ENSTRY BUY fill_at=2026-08-11T15:04:59+00:00 features={"close": 197.7, "bb_lower": 198.77228679855432, "bb_upper": 201.12295129668382, "rsi": 15.905930942225936, "mfi": 35.98456866154483, "atr": 0.36428571428572404}
[BLOCKED] ENSTRY reason=insufficient_cash order=71.77 cash=71.88
[SIGNAL] 2026-08-11T14:59:59+00:00 FETTRY BUY fill_at=2026-08-11T15:04:59+00:00 features={"close": 6.36, "bb_lower": 6.38845256638526, "bb_upper": 6.464880766948074, "rsi": 33.96893675761069, "mfi": 30.71285844231329, "atr": 0.02071428571428578}
[BLOCKED] FETTRY reason=insufficient_cash order=71.77 cash=71.88
[SIGNAL] 2026-08-11T14:59:59+00:00 FFTRY BUY fill_at=2026-08-11T15:04:59+00:00 features={"close": 3.066, "bb_lower": 3.0739128337156845, "bb_upper": 3.1078966900938396, "rsi": 31.16697830613235, "mfi": 47.77099100011592, "atr": 0.005857142857142783}
[BLOCKED] FFTRY reason=insufficient_cash order=71.77 cash=71.88
[SIGNAL] 2026-08-11T14:59:59+00:00 FIDATRY BUY fill_at=2026-08-11T15:04:59+00:00 features={"close": 0.847, "bb_lower": 0.8488539694288771, "bb_upper": 0.8574317448568373, "rsi": 28.782929646190468, "mfi": 54.731014282560956, "atr": 0.0015714285714285728}
[BLOCKED] FIDATRY reason=insufficient_cash order=71.77 cash=71.88
[SIGNAL] 2026-08-11T14:59:59+00:00 FILTRY BUY fill_at=2026-08-11T15:04:59+00:00 features={"close": 33.07, "bb_lower": 33.29344505255807, "bb_upper": 33.91036447125147, "rsi": 14.50325938837571, "mfi": 8.23466487931627, "atr": 0.06357142857142913}
[BLOCKED] FILTRY reason=insufficient_cash order=71.77 cash=71.88
[SIGNAL] 2026-08-11T14:59:59+00:00 FTRY BUY fill_at=2026-08-11T15:04:59+00:00 features={"close": 0.1376, "bb_lower": 0.13876393775902685, "bb_upper": 0.1427884431933541, "rsi": 23.809528772582794, "mfi": 10.006058793618436, "atr": 0.0006857142857142816}
[BLOCKED] FTRY reason=max_layers
[SIGNAL] 2026-08-11T14:59:59+00:00 GALATRY BUY fill_at=2026-08-11T15:04:59+00:00 features={"close": 0.0819, "bb_lower": 0.08272875459469456, "bb_upper": 0.08483315016721024, "rsi": 18.97787692902608, "mfi": 17.646542136014872, "atr": 0.00030714285714285604}
[BLOCKED] GALATRY reason=insufficient_cash order=71.77 cash=71.88
[SIGNAL] 2026-08-11T14:59:59+00:00 GRAMTRY BUY fill_at=2026-08-11T15:04:59+00:00 features={"close": 63.2, "bb_lower": 63.346854038711626, "bb_upper": 64.44552691366933, "rsi": 22.112551030952133, "mfi": 24.112279166804356, "atr": 0.14071428571428615}
[BLOCKED] GRAMTRY reason=insufficient_cash order=71.77 cash=71.88
[SIGNAL] 2026-08-11T14:59:59+00:00 GTRY BUY fill_at=2026-08-11T15:04:59+00:00 features={"close": 0.168, "bb_lower": 0.16886657766104454, "bb_upper": 0.1729429461484793, "rsi": 22.376968751897977, "mfi": 3.8486809695924933, "atr": 0.00042857142857142497}
[BLOCKED] GTRY reason=insufficient_cash order=71.77 cash=71.88
[SIGNAL] 2026-08-11T14:59:59+00:00 HOMETRY BUY fill_at=2026-08-11T15:04:59+00:00 features={"close": 0.416, "bb_lower": 0.41852003142381927, "bb_upper": 0.4305275876237999, "rsi": 34.516764933802634, "mfi": 20.534794901797923, "atr": 0.002571428571428574}
[BLOCKED] HOMETRY reason=insufficient_cash order=71.77 cash=71.88
[SIGNAL] 2026-08-11T14:59:59+00:00 INJTRY BUY fill_at=2026-08-11T15:04:59+00:00 features={"close": 212.8, "bb_lower": 212.94670577458194, "bb_upper": 216.1009132730371, "rsi": 29.953029170628312, "mfi": 30.435750259963896, "atr": 0.46428571428571225}
[BLOCKED] INJTRY reason=insufficient_cash order=71.77 cash=71.88
[SIGNAL] 2026-08-11T14:59:59+00:00 IOTATRY BUY fill_at=2026-08-11T15:04:59+00:00 features={"close": 1.608, "bb_lower": 1.6164317724058233, "bb_upper": 1.6454729894989382, "rsi": 26.620435542456207, "mfi": 27.74449110026275, "atr": 0.004071428571428551}
[BLOCKED] IOTATRY reason=insufficient_cash order=71.77 cash=71.88
[SIGNAL] 2026-08-11T14:59:59+00:00 LDOTRY BUY fill_at=2026-08-11T15:04:59+00:00 features={"close": 13.76, "bb_lower": 13.78182616527405, "bb_upper": 13.986745263297378, "rsi": 28.365880809561872, "mfi": 24.582649084323577, "atr": 0.027857142857142643}
[BLOCKED] LDOTRY reason=insufficient_cash order=71.77 cash=71.88
[SIGNAL] 2026-08-11T14:59:59+00:00 LINEATRY BUY fill_at=2026-08-11T15:04:59+00:00 features={"close": 0.1042, "bb_lower": 0.10460661990542762, "bb_upper": 0.1059838562850486, "rsi": 19.78112245467767, "mfi": 30.040666501270934, "atr": 0.00016428571428571601}
[BLOCKED] LINEATRY reason=insufficient_cash order=71.77 cash=71.88
[SIGNAL] 2026-08-11T14:59:59+00:00 MANTRATRY BUY fill_at=2026-08-11T15:04:59+00:00 features={"close": 0.255, "bb_lower": 0.2569050322479885, "bb_upper": 0.26126639632344, "rsi": 16.88810376320116, "mfi": 49.64456212110634, "atr": 0.0005357142857142862}
[BLOCKED] MANTRATRY reason=insufficient_cash order=71.77 cash=71.88
[SIGNAL] 2026-08-11T14:59:59+00:00 MEMETRY BUY fill_at=2026-08-11T15:04:59+00:00 features={"close": 0.0238, "bb_lower": 0.023937844784852953, "bb_upper": 0.024300250453242293, "rsi": 16.313950004355462, "mfi": 3.9738161008826722, "atr": 4.28571428571426e-05}
[BLOCKED] MEMETRY reason=insufficient_cash order=71.77 cash=71.88
[SIGNAL] 2026-08-11T14:59:59+00:00 MINATRY BUY fill_at=2026-08-11T15:04:59+00:00 features={"close": 1.87, "bb_lower": 1.8728291558419747, "bb_upper": 1.905266082253263, "rsi": 29.45263552662145, "mfi": 16.878140632569867, "atr": 0.007142857142857133}
[BLOCKED] MINATRY reason=insufficient_cash order=71.77 cash=71.88
[SIGNAL] 2026-08-11T14:59:59+00:00 NEARTRY BUY fill_at=2026-08-11T15:04:59+00:00 features={"close": 73.6, "bb_lower": 73.89230418810625, "bb_upper": 76.91721962141754, "rsi": 17.02616112626042, "mfi": 2.812345659399668, "atr": 0.28571428571428775}
[BLOCKED] NEARTRY reason=insufficient_cash order=71.77 cash=71.88
[SIGNAL] 2026-08-11T14:59:59+00:00 NEOTRY BUY fill_at=2026-08-11T15:04:59+00:00 features={"close": 83.9, "bb_lower": 84.36491574747444, "bb_upper": 85.59698901443033, "rsi": 8.729489673234667, "mfi": 0.006283033469472343, "atr": 0.10000000000000041}
[BLOCKED] NEOTRY reason=insufficient_cash order=71.77 cash=71.88
[SIGNAL] 2026-08-11T14:59:59+00:00 OPTRY BUY fill_at=2026-08-11T15:04:59+00:00 features={"close": 4.25, "bb_lower": 4.266516380198778, "bb_upper": 4.385864572182173, "rsi": 11.09155720237895, "mfi": 9.478449577887133, "atr": 0.010714285714285612}
[BLOCKED] OPTRY reason=insufficient_cash order=71.77 cash=71.88
[SIGNAL] 2026-08-11T14:59:59+00:00 PENGUTRY BUY fill_at=2026-08-11T15:04:59+00:00 features={"close": 0.3051, "bb_lower": 0.3076363387062933, "bb_upper": 0.3145446136746591, "rsi": 23.79473063004413, "mfi": 8.887550156584012, "atr": 0.0012214285714285758}
[BLOCKED] PENGUTRY reason=insufficient_cash order=71.77 cash=71.88
[SIGNAL] 2026-08-11T14:59:59+00:00 PEPETRY BUY fill_at=2026-08-11T15:04:59+00:00 features={"close": 0.0001331, "bb_lower": 0.00013392337125286473, "bb_upper": 0.00013737377160427815, "rsi": 15.933485726113432, "mfi": 7.246423727149889, "atr": 4.828571428571406e-07}
[BLOCKED] PEPETRY reason=insufficient_cash order=71.77 cash=71.88
[SIGNAL] 2026-08-11T14:59:59+00:00 RESOLVTRY BUY fill_at=2026-08-11T15:04:59+00:00 features={"close": 0.796, "bb_lower": 0.7961573704531786, "bb_upper": 0.8065188200230122, "rsi": 29.5259684763449, "mfi": 2.7253502621965993, "atr": 0.0015499999999999958}
[BLOCKED] RESOLVTRY reason=insufficient_cash order=71.77 cash=71.88
[SIGNAL] 2026-08-11T14:59:59+00:00 SCRTRY BUY fill_at=2026-08-11T15:04:59+00:00 features={"close": 0.987, "bb_lower": 0.9870340274602852, "bb_upper": 1.0003945439682853, "rsi": 32.895805860604426, "mfi": 16.624049064253043, "atr": 0.0015000000000000013}
[BLOCKED] SCRTRY reason=insufficient_cash order=71.77 cash=71.88
[SIGNAL] 2026-08-11T14:59:59+00:00 SHIBTRY BUY fill_at=2026-08-11T15:04:59+00:00 features={"close": 0.0002123, "bb_lower": 0.00021304067633710154, "bb_upper": 0.00021578789509147, "rsi": 22.808680051029683, "mfi": 26.021191792527077, "atr": 4.999999999999986e-07}
[BLOCKED] SHIBTRY reason=insufficient_cash order=71.77 cash=71.88
[SIGNAL] 2026-08-11T14:59:59+00:00 SOLVTRY BUY fill_at=2026-08-11T15:04:59+00:00 features={"close": 0.114, "bb_lower": 0.11423018609775291, "bb_upper": 0.11653171866415189, "rsi": 28.880303942089128, "mfi": 0.9243388713596943, "atr": 0.00028571428571428595}
[BLOCKED] SOLVTRY reason=insufficient_cash order=71.77 cash=71.88
[SIGNAL] 2026-08-11T14:59:59+00:00 STRKTRY BUY fill_at=2026-08-11T15:04:59+00:00 features={"close": 1.113, "bb_lower": 1.1145090838476308, "bb_upper": 1.1305385351999881, "rsi": 25.640150271105938, "mfi": 41.432176338492404, "atr": 0.0029999999999999866}
[BLOCKED] STRKTRY reason=insufficient_cash order=71.77 cash=71.88
[SIGNAL] 2026-08-11T14:59:59+00:00 STRY BUY fill_at=2026-08-11T15:04:59+00:00 features={"close": 1.11, "bb_lower": 1.1117161175549077, "bb_upper": 1.1216172157784252, "rsi": 23.568642918953373, "mfi": 34.315946835894536, "atr": 0.0009285714285714215}
[BLOCKED] STRY reason=insufficient_cash order=71.77 cash=71.88
[SIGNAL] 2026-08-11T14:59:59+00:00 STXTRY BUY fill_at=2026-08-11T15:04:59+00:00 features={"close": 6.03, "bb_lower": 6.091243282798095, "bb_upper": 6.246851955297144, "rsi": 11.999436124960909, "mfi": 15.866818722392068, "atr": 0.017857142857142856}
[BLOCKED] STXTRY reason=insufficient_cash order=71.77 cash=71.88
[SIGNAL] 2026-08-11T14:59:59+00:00 SUITRY BUY fill_at=2026-08-11T15:04:59+00:00 features={"close": 32.27, "bb_lower": 32.332168482338886, "bb_upper": 33.00687913670873, "rsi": 24.424246234457414, "mfi": 20.587776195299327, "atr": 0.09571428571428545}
[BLOCKED] SUITRY reason=insufficient_cash order=71.77 cash=71.88
[SIGNAL] 2026-08-11T14:59:59+00:00 TIATRY BUY fill_at=2026-08-11T15:04:59+00:00 features={"close": 14.74, "bb_lower": 14.87883165251956, "bb_upper": 15.18878739509949, "rsi": 16.855519924876162, "mfi": 9.6525752309703, "atr": 0.04714285714285728}
[BLOCKED] TIATRY reason=insufficient_cash order=71.77 cash=71.88
[SIGNAL] 2026-08-11T14:59:59+00:00 TWTTRY BUY fill_at=2026-08-11T15:04:59+00:00 features={"close": 18.61, "bb_lower": 18.63011210950895, "bb_upper": 18.82417360477676, "rsi": 34.95024148008589, "mfi": 43.607295838761445, "atr": 0.034999999999999885}
[BLOCKED] TWTTRY reason=insufficient_cash order=71.77 cash=71.88
[SIGNAL] 2026-08-11T14:59:59+00:00 UMATRY BUY fill_at=2026-08-11T15:04:59+00:00 features={"close": 15.93, "bb_lower": 15.980199499588862, "bb_upper": 16.190276690887334, "rsi": 28.62346961033603, "mfi": 22.588802904744213, "atr": 0.035000000000000524}
[BLOCKED] UMATRY reason=insufficient_cash order=71.77 cash=71.88
[SIGNAL] 2026-08-11T14:59:59+00:00 UNITRY BUY fill_at=2026-08-11T15:04:59+00:00 features={"close": 178.9, "bb_lower": 179.90056329575452, "bb_upper": 185.21372241853123, "rsi": 19.193977349728982, "mfi": 9.144587547943559, "atr": 0.7071428571428535}
[BLOCKED] UNITRY reason=insufficient_cash order=71.77 cash=71.88
[SIGNAL] 2026-08-11T14:59:59+00:00 XLMTRY BUY fill_at=2026-08-11T15:04:59+00:00 features={"close": 7.586, "bb_lower": 7.611204226608889, "bb_upper": 7.710795773391114, "rsi": 22.17802558615685, "mfi": 39.72759087037773, "atr": 0.014785714285714338}
[BLOCKED] XLMTRY reason=insufficient_cash order=71.77 cash=71.88
[SIGNAL] 2026-08-11T14:59:59+00:00 XRPTRY BUY fill_at=2026-08-11T15:04:59+00:00 features={"close": 47.42, "bb_lower": 47.63937140915489, "bb_upper": 48.312057162273675, "rsi": 21.891598496033055, "mfi": 15.82392375925788, "atr": 0.14071428571428563}
[BLOCKED] XRPTRY reason=insufficient_cash order=71.77 cash=71.88
[SCAN] 2026-08-11T15:04:59+00:00 symbols=312 signals=55 entries=0 exits=0 blocked=149 open=8 cash=71.88 equity=9643.50
[SIGNAL] 2026-08-11T15:04:59+00:00 AIGENSYNTRY BUY fill_at=2026-08-11T15:09:59+00:00 features={"close": 0.998, "bb_lower": 1.0031680416946749, "bb_upper": 1.0200700535434208, "rsi": 28.161716790837218, "mfi": 17.73676063792145, "atr": 0.0034285714285713998}
[BLOCKED] AIGENSYNTRY reason=insufficient_cash order=71.77 cash=71.88
[SIGNAL] 2026-08-11T15:04:59+00:00 AIXBTTRY BUY fill_at=2026-08-11T15:09:59+00:00 features={"close": 0.851, "bb_lower": 0.8546466051459023, "bb_upper": 0.8717343472350496, "rsi": 15.62332068082506, "mfi": 4.795149579138922, "atr": 0.0016428571428571443}
[BLOCKED] AIXBTTRY reason=insufficient_cash order=71.77 cash=71.88
[SIGNAL] 2026-08-11T15:04:59+00:00 API3TRY BUY fill_at=2026-08-11T15:09:59+00:00 features={"close": 9.05, "bb_lower": 9.07577648932904, "bb_upper": 9.225175891623344, "rsi": 27.375389164836832, "mfi": 29.225332794633687, "atr": 0.02928571428571417}
[BLOCKED] API3TRY reason=insufficient_cash order=71.77 cash=71.88
[SIGNAL] 2026-08-11T15:04:59+00:00 APTTRY BUY fill_at=2026-08-11T15:09:59+00:00 features={"close": 27.5, "bb_lower": 27.543894797290296, "bb_upper": 27.97991472651923, "rsi": 24.32724324759772, "mfi": 37.93777484901276, "atr": 0.06428571428571443}
[BLOCKED] APTTRY reason=insufficient_cash order=71.77 cash=71.88
[SIGNAL] 2026-08-11T15:04:59+00:00 ARBTRY BUY fill_at=2026-08-11T15:09:59+00:00 features={"close": 3.73, "bb_lower": 3.7406571107322115, "bb_upper": 3.850771460696361, "rsi": 11.477029222851755, "mfi": 21.73218104588733, "atr": 0.010714285714285707}
[BLOCKED] ARBTRY reason=insufficient_cash order=71.77 cash=71.88
[SIGNAL] 2026-08-11T15:04:59+00:00 ARKMTRY BUY fill_at=2026-08-11T15:09:59+00:00 features={"close": 4.506, "bb_lower": 4.527533283847344, "bb_upper": 4.608181001866942, "rsi": 16.262930282592876, "mfi": 23.727929675242294, "atr": 0.00957142857142866}
[BLOCKED] ARKMTRY reason=insufficient_cash order=71.77 cash=71.88
[SIGNAL] 2026-08-11T15:04:59+00:00 ATOMTRY BUY fill_at=2026-08-11T15:09:59+00:00 features={"close": 67.4, "bb_lower": 67.53370480745942, "bb_upper": 68.57105709730247, "rsi": 32.02301689484324, "mfi": 55.40326152733222, "atr": 0.15714285714285633}
[BLOCKED] ATOMTRY reason=insufficient_cash order=71.77 cash=71.88
[SIGNAL] 2026-08-11T15:04:59+00:00 AVAXTRY BUY fill_at=2026-08-11T15:09:59+00:00 features={"close": 294.7, "bb_lower": 298.8557180263682, "bb_upper": 311.5252343545841, "rsi": 8.410620620462524, "mfi": 7.275861086532387, "atr": 1.5642857142857085}
[BLOCKED] AVAXTRY reason=insufficient_cash order=71.77 cash=71.88
[SIGNAL] 2026-08-11T15:04:59+00:00 BLURTRY BUY fill_at=2026-08-11T15:09:59+00:00 features={"close": 0.64, "bb_lower": 0.6417182949289363, "bb_upper": 0.6513293241186832, "rsi": 21.726634710169108, "mfi": 4.058734245212875, "atr": 0.0010714285714285723}
[BLOCKED] BLURTRY reason=insufficient_cash order=71.77 cash=71.88
[SIGNAL] 2026-08-11T15:04:59+00:00 BONKTRY BUY fill_at=2026-08-11T15:09:59+00:00 features={"close": 0.0001099, "bb_lower": 0.00011027842239060875, "bb_upper": 0.00011328348237129604, "rsi": 25.686182873921965, "mfi": 37.135947843636046, "atr": 4.1428571428571565e-07}
[BLOCKED] BONKTRY reason=insufficient_cash order=71.77 cash=71.88
[SIGNAL] 2026-08-11T15:04:59+00:00 CHZTRY BUY fill_at=2026-08-11T15:09:59+00:00 features={"close": 0.609, "bb_lower": 0.6118097549753967, "bb_upper": 0.6216188164531748, "rsi": 25.280816545040295, "mfi": 19.57606073764262, "atr": 0.0015000000000000013}
[BLOCKED] CHZTRY reason=insufficient_cash order=71.77 cash=71.88
[SIGNAL] 2026-08-11T15:04:59+00:00 CYBERTRY BUY fill_at=2026-08-11T15:09:59+00:00 features={"close": 14.6, "bb_lower": 14.625067026056064, "bb_upper": 14.984456783467744, "rsi": 33.95200793530914, "mfi": 4.953300756749613, "atr": 0.050000000000000204}
[BLOCKED] CYBERTRY reason=insufficient_cash order=71.77 cash=71.88
[SIGNAL] 2026-08-11T15:04:59+00:00 DOGSTRY BUY fill_at=2026-08-11T15:09:59+00:00 features={"close": 0.001686, "bb_lower": 0.0016897424800898131, "bb_upper": 0.001726067043719711, "rsi": 24.901660163884884, "mfi": 50.656993407936305, "atr": 3.4285714285714345e-06}
[BLOCKED] DOGSTRY reason=insufficient_cash order=71.77 cash=71.88
[SIGNAL] 2026-08-11T15:04:59+00:00 DOTTRY BUY fill_at=2026-08-11T15:09:59+00:00 features={"close": 37.1, "bb_lower": 37.21999629425157, "bb_upper": 38.19905132479606, "rsi": 9.364403409923653, "mfi": 14.943541450759426, "atr": 0.09285714285714265}
[BLOCKED] DOTTRY reason=insufficient_cash order=71.77 cash=71.88
[SIGNAL] 2026-08-11T15:04:59+00:00 EDENTRY BUY fill_at=2026-08-11T15:09:59+00:00 features={"close": 2.033, "bb_lower": 2.0417662787779913, "bb_upper": 2.174995625983913, "rsi": 21.360504849704398, "mfi": 10.867126186054179, "atr": 0.013285714285714218}
[BLOCKED] EDENTRY reason=insufficient_cash order=71.77 cash=71.88
[SIGNAL] 2026-08-11T15:04:59+00:00 EIGENTRY BUY fill_at=2026-08-11T15:09:59+00:00 features={"close": 8.32, "bb_lower": 8.339216327149105, "bb_upper": 8.58164081570804, "rsi": 20.507853088150853, "mfi": 14.573657625297457, "atr": 0.033428571428571426}
[BLOCKED] EIGENTRY reason=insufficient_cash order=71.77 cash=71.88
[SIGNAL] 2026-08-11T15:04:59+00:00 ENSTRY BUY fill_at=2026-08-11T15:09:59+00:00 features={"close": 198.0, "bb_lower": 198.41181166612955, "bb_upper": 201.27390261958482, "rsi": 23.54751112137268, "mfi": 49.23558874558786, "atr": 0.40000000000000974}
[BLOCKED] ENSTRY reason=insufficient_cash order=71.77 cash=71.88
[SIGNAL] 2026-08-11T15:04:59+00:00 FETTRY BUY fill_at=2026-08-11T15:09:59+00:00 features={"close": 6.37, "bb_lower": 6.379110319140453, "bb_upper": 6.469461109430978, "rsi": 37.33280828835896, "mfi": 29.627506171497117, "atr": 0.020000000000000018}
[BLOCKED] FETTRY reason=insufficient_cash order=71.77 cash=71.88
[SIGNAL] 2026-08-11T15:04:59+00:00 FFTRY BUY fill_at=2026-08-11T15:09:59+00:00 features={"close": 3.066, "bb_lower": 3.0696231962490126, "bb_upper": 3.109519660893846, "rsi": 31.16697829793037, "mfi": 53.020168245091874, "atr": 0.006571428571428514}
[BLOCKED] FFTRY reason=insufficient_cash order=71.77 cash=71.88
[SIGNAL] 2026-08-11T15:04:59+00:00 FILTRY BUY fill_at=2026-08-11T15:09:59+00:00 features={"close": 33.1, "bb_lower": 33.201621278253185, "bb_upper": 33.94980729317538, "rsi": 18.098471647254414, "mfi": 27.49254076704969, "atr": 0.06785714285714357}
[BLOCKED] FILTRY reason=insufficient_cash order=71.77 cash=71.88
[SIGNAL] 2026-08-11T15:04:59+00:00 FTRY BUY fill_at=2026-08-11T15:09:59+00:00 features={"close": 0.1364, "bb_lower": 0.13785316901073863, "bb_upper": 0.14314683098926134, "rsi": 19.607096373124506, "mfi": 9.380826407501544, "atr": 0.0007428571428571383}
[BLOCKED] FTRY reason=max_layers
[SIGNAL] 2026-08-11T15:04:59+00:00 GALATRY BUY fill_at=2026-08-11T15:09:59+00:00 features={"close": 0.0817, "bb_lower": 0.08230273211533458, "bb_upper": 0.08503060121799876, "rsi": 17.742185780917126, "mfi": 7.709804624231737, "atr": 0.0003142857142857134}
[BLOCKED] GALATRY reason=insufficient_cash order=71.77 cash=71.88
[SIGNAL] 2026-08-11T15:04:59+00:00 HOMETRY BUY fill_at=2026-08-11T15:09:59+00:00 features={"close": 0.411, "bb_lower": 0.4155468345301434, "bb_upper": 0.43216745118414224, "rsi": 28.518366121050093, "mfi": 15.126611730187662, "atr": 0.0028571428571428597}
[BLOCKED] HOMETRY reason=insufficient_cash order=71.77 cash=71.88
[SIGNAL] 2026-08-11T15:04:59+00:00 LDOTRY BUY fill_at=2026-08-11T15:09:59+00:00 features={"close": 13.73, "bb_lower": 13.755037513937355, "bb_upper": 13.998295819395983, "rsi": 25.497190503048344, "mfi": 19.695295150467288, "atr": 0.03142857142857114}
[BLOCKED] LDOTRY reason=insufficient_cash order=71.77 cash=71.88
[SIGNAL] 2026-08-11T15:04:59+00:00 MANTRATRY BUY fill_at=2026-08-11T15:09:59+00:00 features={"close": 0.2565, "bb_lower": 0.2565337835743981, "bb_upper": 0.26141859737798284, "rsi": 33.211573898612755, "mfi": 52.465568047174074, "atr": 0.0006571428571428561}
[BLOCKED] MANTRATRY reason=insufficient_cash order=71.77 cash=71.88
[SIGNAL] 2026-08-11T15:04:59+00:00 MEMETRY BUY fill_at=2026-08-11T15:09:59+00:00 features={"close": 0.0238, "bb_lower": 0.023878183290411994, "bb_upper": 0.024331340519111812, "rsi": 16.313950017383632, "mfi": 3.64084008828587, "atr": 4.28571428571426e-05}
[BLOCKED] MEMETRY reason=insufficient_cash order=71.77 cash=71.88
[SIGNAL] 2026-08-11T15:04:59+00:00 NEARTRY BUY fill_at=2026-08-11T15:09:59+00:00 features={"close": 73.5, "bb_lower": 73.59621087680756, "bb_upper": 76.97521769462102, "rsi": 16.363933731232947, "mfi": 2.634370693145044, "atr": 0.28571428571428675}
[BLOCKED] NEARTRY reason=insufficient_cash order=71.77 cash=71.88
[SIGNAL] 2026-08-11T15:04:59+00:00 NEOTRY BUY fill_at=2026-08-11T15:09:59+00:00 features={"close": 83.6, "bb_lower": 84.06191821372046, "bb_upper": 85.74760559580334, "rsi": 7.017729067055001, "mfi": 0.0, "atr": 0.13571428571428612}
[BLOCKED] NEOTRY reason=insufficient_cash order=71.77 cash=71.88
[SIGNAL] 2026-08-11T15:04:59+00:00 OPTRY BUY fill_at=2026-08-11T15:09:59+00:00 features={"close": 4.25, "bb_lower": 4.254399828012689, "bb_upper": 4.389409695796836, "rsi": 11.091557227938182, "mfi": 3.4836732685714367, "atr": 0.010714285714285612}
[BLOCKED] OPTRY reason=insufficient_cash order=71.77 cash=71.88
[SIGNAL] 2026-08-11T15:04:59+00:00 PENGUTRY BUY fill_at=2026-08-11T15:09:59+00:00 features={"close": 0.3055, "bb_lower": 0.30663236322767073, "bb_upper": 0.3150247796294722, "rsi": 26.608847438789837, "mfi": 7.075098645487486, "atr": 0.0012357142857142883}
[BLOCKED] PENGUTRY reason=insufficient_cash order=71.77 cash=71.88
[SIGNAL] 2026-08-11T15:04:59+00:00 PEPETRY BUY fill_at=2026-08-11T15:09:59+00:00 features={"close": 0.000133, "bb_lower": 0.00013345519749367085, "bb_upper": 0.00013756575488728154, "rsi": 15.495771127662394, "mfi": 16.965937131078192, "atr": 4.671428571428553e-07}
[BLOCKED] PEPETRY reason=insufficient_cash order=71.77 cash=71.88
[SIGNAL] 2026-08-11T15:04:59+00:00 RVNTRY BUY fill_at=2026-08-11T15:09:59+00:00 features={"close": 0.1349, "bb_lower": 0.13513945866971785, "bb_upper": 0.13914625561599644, "rsi": 37.80023300299581, "mfi": 44.33462342249234, "atr": 0.0011285714285714313}
[BLOCKED] RVNTRY reason=insufficient_cash order=71.77 cash=71.88
[SIGNAL] 2026-08-11T15:04:59+00:00 SHIBTRY BUY fill_at=2026-08-11T15:09:59+00:00 features={"close": 0.0002121, "bb_lower": 0.00021261081873875739, "bb_upper": 0.00021598918126124268, "rsi": 21.67750096725601, "mfi": 21.25083429061769, "atr": 5.142857142857133e-07}
[BLOCKED] SHIBTRY reason=insufficient_cash order=71.77 cash=71.88
[SIGNAL] 2026-08-11T15:04:59+00:00 SOLVTRY BUY fill_at=2026-08-11T15:09:59+00:00 features={"close": 0.114, "bb_lower": 0.11402943752778354, "bb_upper": 0.11654199104364506, "rsi": 28.88030394416805, "mfi": 8.690131695475714, "atr": 0.00035714285714285747}
[BLOCKED] SOLVTRY reason=insufficient_cash order=71.77 cash=71.88
[SIGNAL] 2026-08-11T15:04:59+00:00 STRKTRY BUY fill_at=2026-08-11T15:09:59+00:00 features={"close": 1.111, "bb_lower": 1.1125797779507918, "bb_upper": 1.1310392696682559, "rsi": 23.002861367036942, "mfi": 40.28490664043079, "atr": 0.003071428571428566}
[BLOCKED] STRKTRY reason=insufficient_cash order=71.77 cash=71.88
[SIGNAL] 2026-08-11T15:04:59+00:00 STRY BUY fill_at=2026-08-11T15:09:59+00:00 features={"close": 1.09, "bb_lower": 1.1030293175559127, "bb_upper": 1.1278278253012297, "rsi": 9.232337197364117, "mfi": 3.293966604740106, "atr": 0.0024285714285714305}
[BLOCKED] STRY reason=insufficient_cash order=71.77 cash=71.88
[SIGNAL] 2026-08-11T15:04:59+00:00 STXTRY BUY fill_at=2026-08-11T15:09:59+00:00 features={"close": 6.02, "bb_lower": 6.061437729361101, "bb_upper": 6.259514651591283, "rsi": 11.364810175485104, "mfi": 12.418993396747297, "atr": 0.018571428571428555}
[BLOCKED] STXTRY reason=insufficient_cash order=71.77 cash=71.88
[SIGNAL] 2026-08-11T15:04:59+00:00 SUITRY BUY fill_at=2026-08-11T15:09:59+00:00 features={"close": 32.24, "bb_lower": 32.267152575442324, "bb_upper": 33.01379980551005, "rsi": 23.478177658627516, "mfi": 18.402760346687117, "atr": 0.09214285714285708}
[BLOCKED] SUITRY reason=insufficient_cash order=71.77 cash=71.88
[SIGNAL] 2026-08-11T15:04:59+00:00 TIATRY BUY fill_at=2026-08-11T15:09:59+00:00 features={"close": 14.75, "bb_lower": 14.823324087134202, "bb_upper": 15.21572353191342, "rsi": 18.730749736476668, "mfi": 9.108214187728905, "atr": 0.0521428571428573}
[BLOCKED] TIATRY reason=insufficient_cash order=71.77 cash=71.88
[SIGNAL] 2026-08-11T15:04:59+00:00 TRUMPTRY BUY fill_at=2026-08-11T15:09:59+00:00 features={"close": 71.7, "bb_lower": 71.72401666108426, "bb_upper": 72.16169762463001, "rsi": 41.66821787758943, "mfi": 45.155106627181425, "atr": 0.19285714285714103}
[BLOCKED] TRUMPTRY reason=insufficient_cash order=71.77 cash=71.88
[SIGNAL] 2026-08-11T15:04:59+00:00 TURBOTRY BUY fill_at=2026-08-11T15:09:59+00:00 features={"close": 0.0396, "bb_lower": 0.03973485162832989, "bb_upper": 0.040465148371670104, "rsi": 31.648520061174267, "mfi": 34.394740039563985, "atr": 0.00010714285714285773}
[BLOCKED] TURBOTRY reason=insufficient_cash order=71.77 cash=71.88
[SIGNAL] 2026-08-11T15:04:59+00:00 UMATRY BUY fill_at=2026-08-11T15:09:59+00:00 features={"close": 15.87, "bb_lower": 15.93645221563763, "bb_upper": 16.207357308171893, "rsi": 24.384491144552953, "mfi": 19.314160682889124, "atr": 0.03928571428571485}
[BLOCKED] UMATRY reason=insufficient_cash order=71.77 cash=71.88
[SIGNAL] 2026-08-11T15:04:59+00:00 UNITRY BUY fill_at=2026-08-11T15:09:59+00:00 features={"close": 179.3, "bb_lower": 179.4034940982792, "bb_upper": 185.39650590172081, "rsi": 24.26235390792138, "mfi": 13.281720766853638, "atr": 0.7357142857142845}
[BLOCKED] UNITRY reason=insufficient_cash order=71.77 cash=71.88
[SIGNAL] 2026-08-11T15:04:59+00:00 USUALTRY BUY fill_at=2026-08-11T15:09:59+00:00 features={"close": 0.413, "bb_lower": 0.4136095324518263, "bb_upper": 0.42410475326245933, "rsi": 17.647115730712784, "mfi": 1.4271952517009652, "atr": 0.0010714285714285723}
[BLOCKED] USUALTRY reason=insufficient_cash order=71.77 cash=71.88
[SIGNAL] 2026-08-11T15:04:59+00:00 WIFTRY BUY fill_at=2026-08-11T15:09:59+00:00 features={"close": 6.616, "bb_lower": 6.622350428208594, "bb_upper": 6.69184004798188, "rsi": 32.1171982622723, "mfi": 5.471633886073192, "atr": 0.0128571428571429}
[BLOCKED] WIFTRY reason=insufficient_cash order=71.77 cash=71.88
[SIGNAL] 2026-08-11T15:04:59+00:00 XLMTRY BUY fill_at=2026-08-11T15:09:59+00:00 features={"close": 7.599, "bb_lower": 7.6016473687604655, "bb_upper": 7.714352631239535, "rsi": 29.61955964261209, "mfi": 51.49779923371702, "atr": 0.015785714285714292}
[BLOCKED] XLMTRY reason=insufficient_cash order=71.77 cash=71.88
[SCAN] 2026-08-11T15:09:59+00:00 symbols=312 signals=46 entries=0 exits=0 blocked=114 open=8 cash=71.88 equity=9682.33
[SIGNAL] 2026-08-11T15:09:59+00:00 AEVOTRY BUY fill_at=2026-08-11T15:14:59+00:00 features={"close": 0.97, "bb_lower": 0.9728801848755487, "bb_upper": 1.0075960056006414, "rsi": 20.40431283588019, "mfi": 3.9968318794219897, "atr": 0.00335714285714286}
[BLOCKED] AEVOTRY reason=insufficient_cash order=71.77 cash=71.88
[SIGNAL] 2026-08-11T15:09:59+00:00 AIXBTTRY BUY fill_at=2026-08-11T15:14:59+00:00 features={"close": 0.853, "bb_lower": 0.8530981999370618, "bb_upper": 0.8722351333962716, "rsi": 24.15360811940866, "mfi": 8.465797817960194, "atr": 0.0017142857142857157}
[BLOCKED] AIXBTTRY reason=insufficient_cash order=71.77 cash=71.88
[SIGNAL] 2026-08-11T15:09:59+00:00 ALICETRY BUY fill_at=2026-08-11T15:14:59+00:00 features={"close": 5.66, "bb_lower": 5.6622676067994275, "bb_upper": 5.724399059867237, "rsi": 32.386050519110185, "mfi": 20.28829957716829, "atr": 0.010714285714285676}
[BLOCKED] ALICETRY reason=insufficient_cash order=71.77 cash=71.88
[SIGNAL] 2026-08-11T15:09:59+00:00 API3TRY BUY fill_at=2026-08-11T15:14:59+00:00 features={"close": 9.05, "bb_lower": 9.060117154074707, "bb_upper": 9.23226379830625, "rsi": 27.375389168784025, "mfi": 32.03634627695877, "atr": 0.029999999999999995}
[BLOCKED] API3TRY reason=insufficient_cash order=71.77 cash=71.88
[SIGNAL] 2026-08-11T15:09:59+00:00 ARBTRY BUY fill_at=2026-08-11T15:14:59+00:00 features={"close": 3.73, "bb_lower": 3.7306110746296985, "bb_upper": 3.853198449179825, "rsi": 11.47702925193083, "mfi": 0.0, "atr": 0.010714285714285707}
[BLOCKED] ARBTRY reason=insufficient_cash order=71.77 cash=71.88
[SIGNAL] 2026-08-11T15:09:59+00:00 ARKMTRY BUY fill_at=2026-08-11T15:14:59+00:00 features={"close": 4.517, "bb_lower": 4.519839134409051, "bb_upper": 4.611398960829043, "rsi": 25.806017371575095, "mfi": 13.270370084038149, "atr": 0.010285714285714296}
[BLOCKED] ARKMTRY reason=insufficient_cash order=71.77 cash=71.88
[SIGNAL] 2026-08-11T15:09:59+00:00 ATOMTRY BUY fill_at=2026-08-11T15:14:59+00:00 features={"close": 67.4, "bb_lower": 67.4353336493038, "bb_upper": 68.61228539831527, "rsi": 32.02301690511497, "mfi": 55.40326152733222, "atr": 0.15714285714285633}
[BLOCKED] ATOMTRY reason=insufficient_cash order=71.77 cash=71.88
[SIGNAL] 2026-08-11T15:09:59+00:00 AVAXTRY BUY fill_at=2026-08-11T15:14:59+00:00 features={"close": 296.8, "bb_lower": 297.5117151275371, "bb_upper": 311.8311420153199, "rsi": 21.83028640004632, "mfi": 15.098274198679036, "atr": 1.7285714285714238}
[BLOCKED] AVAXTRY reason=insufficient_cash order=71.77 cash=71.88
[SIGNAL] 2026-08-11T15:09:59+00:00 BLURTRY BUY fill_at=2026-08-11T15:14:59+00:00 features={"close": 0.64, "bb_lower": 0.6406486337043903, "bb_upper": 0.6517323186765626, "rsi": 21.726634661226115, "mfi": 8.551665998232181, "atr": 0.0010000000000000009}
[BLOCKED] BLURTRY reason=insufficient_cash order=71.77 cash=71.88
[SIGNAL] 2026-08-11T15:09:59+00:00 BONKTRY BUY fill_at=2026-08-11T15:14:59+00:00 features={"close": 0.0001099, "bb_lower": 0.00011001145234105785, "bb_upper": 0.00011340759527798978, "rsi": 25.686182886714434, "mfi": 35.303536038562186, "atr": 4.21428571428573e-07}
[BLOCKED] BONKTRY reason=insufficient_cash order=71.77 cash=71.88
[SIGNAL] 2026-08-11T15:09:59+00:00 CHZTRY BUY fill_at=2026-08-11T15:14:59+00:00 features={"close": 0.61, "bb_lower": 0.6107258973259709, "bb_upper": 0.6218455312454577, "rsi": 29.968421025958364, "mfi": 15.509484781308942, "atr": 0.0016428571428571443}
[BLOCKED] CHZTRY reason=insufficient_cash order=71.77 cash=71.88
[SIGNAL] 2026-08-11T15:09:59+00:00 DOGSTRY BUY fill_at=2026-08-11T15:14:59+00:00 features={"close": 0.001686, "bb_lower": 0.0016863953330638242, "bb_upper": 0.001726747524079033, "rsi": 24.901660154939947, "mfi": 52.44235212175432, "atr": 3.2857142857142883e-06}
[BLOCKED] DOGSTRY reason=insufficient_cash order=71.77 cash=71.88
[SIGNAL] 2026-08-11T15:09:59+00:00 ENSTRY BUY fill_at=2026-08-11T15:14:59+00:00 features={"close": 198.0, "bb_lower": 198.1174237835065, "bb_upper": 201.358766692684, "rsi": 23.547511125268343, "mfi": 48.851702915704415, "atr": 0.39285714285715095}
[BLOCKED] ENSTRY reason=insufficient_cash order=71.77 cash=71.88
[SIGNAL] 2026-08-11T15:09:59+00:00 FETTRY BUY fill_at=2026-08-11T15:14:59+00:00 features={"close": 6.35, "bb_lower": 6.3664703312523665, "bb_upper": 6.476386811604775, "rsi": 33.62170573562118, "mfi": 20.919309737174828, "atr": 0.02071428571428578}
[BLOCKED] FETTRY reason=insufficient_cash order=71.77 cash=71.88
[SIGNAL] 2026-08-11T15:09:59+00:00 FILTRY BUY fill_at=2026-08-11T15:14:59+00:00 features={"close": 33.1, "bb_lower": 33.12613718263573, "bb_upper": 33.97291043641188, "rsi": 18.098471620539996, "mfi": 34.013470494299284, "atr": 0.06214285714285798}
[BLOCKED] FILTRY reason=insufficient_cash order=71.77 cash=71.88
[SIGNAL] 2026-08-11T15:09:59+00:00 FTRY BUY fill_at=2026-08-11T15:14:59+00:00 features={"close": 0.1364, "bb_lower": 0.13715850528556262, "bb_upper": 0.14329863757158023, "rsi": 19.607096366360935, "mfi": 9.380826407501544, "atr": 0.0006999999999999963}
[BLOCKED] FTRY reason=max_layers
[SIGNAL] 2026-08-11T15:09:59+00:00 HOMETRY BUY fill_at=2026-08-11T15:14:59+00:00 features={"close": 0.413, "bb_lower": 0.41385824182327313, "bb_upper": 0.43242747246244106, "rsi": 33.52435524514328, "mfi": 24.40693488081787, "atr": 0.002928571428571431}
[BLOCKED] HOMETRY reason=insufficient_cash order=71.77 cash=71.88
[SIGNAL] 2026-08-11T15:09:59+00:00 LDOTRY BUY fill_at=2026-08-11T15:14:59+00:00 features={"close": 13.73, "bb_lower": 13.734479148006658, "bb_upper": 14.007425613898105, "rsi": 25.49719053356563, "mfi": 10.847942687884753, "atr": 0.03142857142857114}
[BLOCKED] LDOTRY reason=insufficient_cash order=71.77 cash=71.88
[SIGNAL] 2026-08-11T15:09:59+00:00 MEGATRY BUY fill_at=2026-08-11T15:14:59+00:00 features={"close": 1.632, "bb_lower": 1.633449376841607, "bb_upper": 1.6483601469679163, "rsi": 40.974198982935675, "mfi": 29.825490169414067, "atr": 0.005428571428571417}
[BLOCKED] MEGATRY reason=insufficient_cash order=71.77 cash=71.88
[SIGNAL] 2026-08-11T15:09:59+00:00 MEMETRY BUY fill_at=2026-08-11T15:14:59+00:00 features={"close": 0.0238, "bb_lower": 0.0238293083961752, "bb_upper": 0.02435164398477718, "rsi": 16.313950029553297, "mfi": 3.64084008828587, "atr": 4.28571428571426e-05}
[BLOCKED] MEMETRY reason=insufficient_cash order=71.77 cash=71.88
[SIGNAL] 2026-08-11T15:09:59+00:00 NEOTRY BUY fill_at=2026-08-11T15:14:59+00:00 features={"close": 83.5, "bb_lower": 83.80231712931108, "bb_upper": 85.84530191830795, "rsi": 6.553663686969813, "mfi": 0.0, "atr": 0.14285714285714285}
[BLOCKED] NEOTRY reason=insufficient_cash order=71.77 cash=71.88
[SIGNAL] 2026-08-11T15:09:59+00:00 PEPETRY BUY fill_at=2026-08-11T15:14:59+00:00 features={"close": 0.00013295, "bb_lower": 0.00013305498819173714, "bb_upper": 0.00013769739276064385, "rsi": 15.268569846907795, "mfi": 18.121861921573966, "atr": 4.764285714285687e-07}
[BLOCKED] PEPETRY reason=insufficient_cash order=71.77 cash=71.88
[SIGNAL] 2026-08-11T15:09:59+00:00 STRY BUY fill_at=2026-08-11T15:14:59+00:00 features={"close": 1.094, "bb_lower": 1.0990282445480402, "bb_upper": 1.1298288983091025, "rsi": 19.80193945959701, "mfi": 3.0367641701692634, "atr": 0.002714285714285717}
[BLOCKED] STRY reason=insufficient_cash order=71.77 cash=71.88
[SIGNAL] 2026-08-11T15:09:59+00:00 STXTRY BUY fill_at=2026-08-11T15:14:59+00:00 features={"close": 6.03, "bb_lower": 6.040615081126244, "bb_upper": 6.264146823635663, "rsi": 16.16799140667925, "mfi": 14.452337651004015, "atr": 0.01928571428571432}
[BLOCKED] STXTRY reason=insufficient_cash order=71.77 cash=71.88
[SIGNAL] 2026-08-11T15:09:59+00:00 TIATRY BUY fill_at=2026-08-11T15:14:59+00:00 features={"close": 14.78, "bb_lower": 14.78624859348725, "bb_upper": 15.227084739846083, "rsi": 24.28096120214302, "mfi": 16.371684959763343, "atr": 0.06071428571428594}
[BLOCKED] TIATRY reason=insufficient_cash order=71.77 cash=71.88
[SIGNAL] 2026-08-11T15:09:59+00:00 TURBOTRY BUY fill_at=2026-08-11T15:14:59+00:00 features={"close": 0.0396, "bb_lower": 0.03966440691895792, "bb_upper": 0.040459402604851605, "rsi": 31.648520075412108, "mfi": 33.70545953153224, "atr": 9.285714285714303e-05}
[BLOCKED] TURBOTRY reason=insufficient_cash order=71.77 cash=71.88
[SIGNAL] 2026-08-11T15:09:59+00:00 TWTTRY BUY fill_at=2026-08-11T15:14:59+00:00 features={"close": 18.6, "bb_lower": 18.60692868163302, "bb_upper": 18.81783322312889, "rsi": 36.93761919193793, "mfi": 50.20016071819129, "atr": 0.03785714285714269}
[BLOCKED] TWTTRY reason=insufficient_cash order=71.77 cash=71.88
[SIGNAL] 2026-08-11T15:09:59+00:00 UMATRY BUY fill_at=2026-08-11T15:14:59+00:00 features={"close": 15.91, "bb_lower": 15.911711998090935, "bb_upper": 16.213049906670975, "rsi": 31.690662526875414, "mfi": 19.88987722709514, "atr": 0.040714285714286244}
[BLOCKED] UMATRY reason=insufficient_cash order=71.77 cash=71.88
[SIGNAL] 2026-08-11T15:09:59+00:00 WIFTRY BUY fill_at=2026-08-11T15:14:59+00:00 features={"close": 6.611, "bb_lower": 6.616240625800093, "bb_upper": 6.695092707533241, "rsi": 30.921593810015537, "mfi": 5.718285429700799, "atr": 0.013285714285714281}
[BLOCKED] WIFTRY reason=insufficient_cash order=71.77 cash=71.88
[SCAN] 2026-08-11T15:14:59+00:00 symbols=312 signals=29 entries=0 exits=0 blocked=66 open=8 cash=71.88 equity=9666.01
[SIGNAL] 2026-08-11T15:14:59+00:00 AEVOTRY BUY fill_at=2026-08-11T15:19:59+00:00 features={"close": 0.967, "bb_lower": 0.9690874557411389, "bb_upper": 1.0087220680683846, "rsi": 18.57198336354989, "mfi": 5.712598523672142, "atr": 0.0034285714285714314}
[BLOCKED] AEVOTRY reason=insufficient_cash order=71.77 cash=71.88
[SIGNAL] 2026-08-11T15:14:59+00:00 AIXBTTRY BUY fill_at=2026-08-11T15:19:59+00:00 features={"close": 0.851, "bb_lower": 0.8512954110267396, "bb_upper": 0.8727998270684983, "rsi": 21.7693721070048, "mfi": 8.423311011084309, "atr": 0.0017142857142857157}
[BLOCKED] AIXBTTRY reason=insufficient_cash order=71.77 cash=71.88
[SIGNAL] 2026-08-11T15:14:59+00:00 API3TRY BUY fill_at=2026-08-11T15:19:59+00:00 features={"close": 8.97, "bb_lower": 9.023479097548908, "bb_upper": 9.248901854832049, "rsi": 19.934111743857855, "mfi": 28.984580897688346, "atr": 0.034285714285714315}
[BLOCKED] API3TRY reason=insufficient_cash order=71.77 cash=71.88
[SIGNAL] 2026-08-11T15:14:59+00:00 ARKMTRY BUY fill_at=2026-08-11T15:19:59+00:00 features={"close": 4.499, "bb_lower": 4.508510578954827, "bb_upper": 4.616156087711839, "rsi": 21.468719957001937, "mfi": 11.87392927826734, "atr": 0.011142857142857185}
[BLOCKED] ARKMTRY reason=insufficient_cash order=71.77 cash=71.88
[SIGNAL] 2026-08-11T15:14:59+00:00 AVAXTRY BUY fill_at=2026-08-11T15:19:59+00:00 features={"close": 295.8, "bb_lower": 296.1618304468124, "bb_upper": 312.02864574366384, "rsi": 20.296185850430632, "mfi": 18.230646895044785, "atr": 1.771428571428564}
[BLOCKED] AVAXTRY reason=insufficient_cash order=71.77 cash=71.88
[SIGNAL] 2026-08-11T15:14:59+00:00 BONKTRY BUY fill_at=2026-08-11T15:19:59+00:00 features={"close": 0.0001097, "bb_lower": 0.000109712621566595, "bb_upper": 0.00011351594986197641, "rsi": 24.153907952705552, "mfi": 26.512614382949792, "atr": 4.2142857142857394e-07}
[BLOCKED] BONKTRY reason=insufficient_cash order=71.77 cash=71.88
[SIGNAL] 2026-08-11T15:14:59+00:00 CHZTRY BUY fill_at=2026-08-11T15:19:59+00:00 features={"close": 0.607, "bb_lower": 0.6090033542860153, "bb_upper": 0.6225204552377944, "rsi": 24.892928458075232, "mfi": 12.523297023504114, "atr": 0.0018571428571428589}
[BLOCKED] CHZTRY reason=insufficient_cash order=71.77 cash=71.88
[SIGNAL] 2026-08-11T15:14:59+00:00 FETTRY BUY fill_at=2026-08-11T15:19:59+00:00 features={"close": 6.32, "bb_lower": 6.346503778552661, "bb_upper": 6.4858771738282925, "rsi": 28.94593469472811, "mfi": 18.50826494498621, "atr": 0.02214285714285718}
[BLOCKED] FETTRY reason=insufficient_cash order=71.77 cash=71.88
[SIGNAL] 2026-08-11T15:14:59+00:00 FTRY BUY fill_at=2026-08-11T15:19:59+00:00 features={"close": 0.1364, "bb_lower": 0.13658868003987348, "bb_upper": 0.14334465329345988, "rsi": 19.607096367044832, "mfi": 9.709376293565512, "atr": 0.0006357142857142831}
[BLOCKED] FTRY reason=max_layers
[SIGNAL] 2026-08-11T15:14:59+00:00 HOMETRY BUY fill_at=2026-08-11T15:19:59+00:00 features={"close": 0.411, "bb_lower": 0.4120477297901892, "bb_upper": 0.4325236987812394, "rsi": 31.16029218669533, "mfi": 18.540378158771233, "atr": 0.0030000000000000027}
[BLOCKED] HOMETRY reason=insufficient_cash order=71.77 cash=71.88
[SIGNAL] 2026-08-11T15:14:59+00:00 INJTRY BUY fill_at=2026-08-11T15:19:59+00:00 features={"close": 212.3, "bb_lower": 212.32731065546378, "bb_upper": 216.3393560112029, "rsi": 29.39450528049717, "mfi": 28.4473719164435, "atr": 0.4928571428571392}
[BLOCKED] INJTRY reason=insufficient_cash order=71.77 cash=71.88
[SIGNAL] 2026-08-11T15:14:59+00:00 IOTATRY BUY fill_at=2026-08-11T15:19:59+00:00 features={"close": 1.604, "bb_lower": 1.6084550873986347, "bb_upper": 1.6488782459346982, "rsi": 29.73662721484058, "mfi": 33.83686973456928, "atr": 0.0054999999999999815}
[BLOCKED] IOTATRY reason=insufficient_cash order=71.77 cash=71.88
[SIGNAL] 2026-08-11T15:14:59+00:00 LDOTRY BUY fill_at=2026-08-11T15:19:59+00:00 features={"close": 13.71, "bb_lower": 13.710273943739216, "bb_upper": 14.01544034197507, "rsi": 23.627626126699226, "mfi": 10.801838390146898, "atr": 0.032142857142856966}
[BLOCKED] LDOTRY reason=insufficient_cash order=71.77 cash=71.88
[SIGNAL] 2026-08-11T15:14:59+00:00 LUMIATRY BUY fill_at=2026-08-11T15:19:59+00:00 features={"close": 3.623, "bb_lower": 3.625979391234831, "bb_upper": 3.6884967992413604, "rsi": 33.61808084398483, "mfi": 49.996596125598984, "atr": 0.010357142857142858}
[BLOCKED] LUMIATRY reason=insufficient_cash order=71.77 cash=71.88
[SIGNAL] 2026-08-11T15:14:59+00:00 MEGATRY BUY fill_at=2026-08-11T15:19:59+00:00 features={"close": 1.623, "bb_lower": 1.629363136874865, "bb_upper": 1.650636863125135, "rsi": 34.85651042881629, "mfi": 27.73809450786959, "atr": 0.006214285714285696}
[BLOCKED] MEGATRY reason=insufficient_cash order=71.77 cash=71.88
[SIGNAL] 2026-08-11T15:14:59+00:00 NEOTRY BUY fill_at=2026-08-11T15:19:59+00:00 features={"close": 83.2, "bb_lower": 83.51101281413357, "bb_upper": 85.94613004300929, "rsi": 5.394341003224994, "mfi": 0.0, "atr": 0.1642857142857141}
[BLOCKED] NEOTRY reason=insufficient_cash order=71.77 cash=71.88
[SIGNAL] 2026-08-11T15:14:59+00:00 PEOPLETRY BUY fill_at=2026-08-11T15:19:59+00:00 features={"close": 0.411, "bb_lower": 0.4116735354343691, "bb_upper": 0.4172788455180118, "rsi": 40.02210445134562, "mfi": 42.069352870927425, "atr": 0.0014285714285714299}
[BLOCKED] PEOPLETRY reason=insufficient_cash order=71.77 cash=71.88
[SIGNAL] 2026-08-11T15:14:59+00:00 SHELLTRY BUY fill_at=2026-08-11T15:19:59+00:00 features={"close": 0.92, "bb_lower": 0.9219161062079034, "bb_upper": 0.9418934176016204, "rsi": 27.79951404130884, "mfi": 31.06814266111509, "atr": 0.004285714285714274}
[BLOCKED] SHELLTRY reason=insufficient_cash order=71.77 cash=71.88
[SIGNAL] 2026-08-11T15:14:59+00:00 SHIBTRY BUY fill_at=2026-08-11T15:19:59+00:00 features={"close": 0.000212, "bb_lower": 0.00021200811093733838, "bb_upper": 0.00021618236525313783, "rsi": 24.842590758431612, "mfi": 21.603725407577414, "atr": 5.357142857142872e-07}
[BLOCKED] SHIBTRY reason=insufficient_cash order=71.77 cash=71.88
[SIGNAL] 2026-08-11T15:14:59+00:00 STRY BUY fill_at=2026-08-11T15:19:59+00:00 features={"close": 1.093, "bb_lower": 1.0954625448961917, "bb_upper": 1.1312041217704754, "rsi": 19.19652577608062, "mfi": 2.687877743459893, "atr": 0.0028571428571428597}
[BLOCKED] STRY reason=insufficient_cash order=71.77 cash=71.88
[SIGNAL] 2026-08-11T15:14:59+00:00 TURBOTRY BUY fill_at=2026-08-11T15:19:59+00:00 features={"close": 0.0394, "bb_lower": 0.039555360617022604, "bb_upper": 0.04047321081154883, "rsi": 27.06296724469398, "mfi": 32.28585117780504, "atr": 0.00010714285714285773}
[BLOCKED] TURBOTRY reason=insufficient_cash order=71.77 cash=71.88
[SIGNAL] 2026-08-11T15:14:59+00:00 WIFTRY BUY fill_at=2026-08-11T15:19:59+00:00 features={"close": 6.602, "bb_lower": 6.60781790891692, "bb_upper": 6.698943995844984, "rsi": 28.82886929809959, "mfi": 5.622540697338792, "atr": 0.01271428571428571}
[BLOCKED] WIFTRY reason=insufficient_cash order=71.77 cash=71.88
[SCAN] 2026-08-11T15:19:59+00:00 symbols=312 signals=22 entries=0 exits=0 blocked=64 open=8 cash=71.88 equity=9669.62
[SIGNAL] 2026-08-11T15:19:59+00:00 ALICETRY BUY fill_at=2026-08-11T15:24:59+00:00 features={"close": 5.65, "bb_lower": 5.651391959436299, "bb_upper": 5.7257508977065585, "rsi": 28.930322004101583, "mfi": 19.531066840553407, "atr": 0.009999999999999978}
[BLOCKED] ALICETRY reason=insufficient_cash order=71.77 cash=71.88
[SIGNAL] 2026-08-11T15:19:59+00:00 API3TRY BUY fill_at=2026-08-11T15:24:59+00:00 features={"close": 8.99, "bb_lower": 9.000015047794818, "bb_upper": 9.256175428395661, "rsi": 25.4242930620468, "mfi": 30.27445689867065, "atr": 0.034285714285714315}
[BLOCKED] API3TRY reason=insufficient_cash order=71.77 cash=71.88
[SIGNAL] 2026-08-11T15:19:59+00:00 BABYTRY BUY fill_at=2026-08-11T15:24:59+00:00 features={"close": 0.612, "bb_lower": 0.6138097028310301, "bb_upper": 0.6264760114546843, "rsi": 23.088381195734044, "mfi": 4.043835613497151, "atr": 0.001285714285714287}
[BLOCKED] BABYTRY reason=insufficient_cash order=71.77 cash=71.88
[SIGNAL] 2026-08-11T15:19:59+00:00 BLURTRY BUY fill_at=2026-08-11T15:24:59+00:00 features={"close": 0.638, "bb_lower": 0.6384947704828476, "bb_upper": 0.6522671342790574, "rsi": 17.913091722592128, "mfi": 4.359706184745718, "atr": 0.0007857142857142864}
[BLOCKED] BLURTRY reason=insufficient_cash order=71.77 cash=71.88
[SIGNAL] 2026-08-11T15:19:59+00:00 FIDATRY BUY fill_at=2026-08-11T15:24:59+00:00 features={"close": 0.847, "bb_lower": 0.8471923813334858, "bb_upper": 0.8567123805712762, "rsi": 33.59688469579319, "mfi": 40.05377833945844, "atr": 0.0020000000000000018}
[BLOCKED] FIDATRY reason=insufficient_cash order=71.77 cash=71.88
[SIGNAL] 2026-08-11T15:19:59+00:00 GRTTRY BUY fill_at=2026-08-11T15:24:59+00:00 features={"close": 0.664, "bb_lower": 0.6645240655475952, "bb_upper": 0.6733806963571669, "rsi": 29.299729922494464, "mfi": 50.425765571171226, "atr": 0.0013571428571428584}
[BLOCKED] GRTTRY reason=insufficient_cash order=71.77 cash=71.88
[SIGNAL] 2026-08-11T15:19:59+00:00 MEGATRY BUY fill_at=2026-08-11T15:24:59+00:00 features={"close": 1.623, "bb_lower": 1.6262864250375602, "bb_upper": 1.6518088130576776, "rsi": 34.85651043971474, "mfi": 27.761758808997953, "atr": 0.006357142857142839}
[BLOCKED] MEGATRY reason=insufficient_cash order=71.77 cash=71.88
[SIGNAL] 2026-08-11T15:19:59+00:00 MEMETRY BUY fill_at=2026-08-11T15:24:59+00:00 features={"close": 0.0237, "bb_lower": 0.023728011688268064, "bb_upper": 0.02437675021649383, "rsi": 12.639202938675538, "mfi": 3.0870924918122427, "atr": 3.5714285714285744e-05}
[BLOCKED] MEMETRY reason=insufficient_cash order=71.77 cash=71.88
[SIGNAL] 2026-08-11T15:19:59+00:00 REZTRY BUY fill_at=2026-08-11T15:24:59+00:00 features={"close": 0.1325, "bb_lower": 0.13293009028958663, "bb_upper": 0.13466038590088958, "rsi": 24.100532258314928, "mfi": 25.62216484205625, "atr": 0.0003571428571428535}
[BLOCKED] REZTRY reason=insufficient_cash order=71.77 cash=71.88
[SIGNAL] 2026-08-11T15:19:59+00:00 STRY BUY fill_at=2026-08-11T15:24:59+00:00 features={"close": 1.092, "bb_lower": 1.0922036324450897, "bb_upper": 1.1321773199358627, "rsi": 18.581096773001207, "mfi": 2.4779268295542067, "atr": 0.0027857142857142963}
[BLOCKED] STRY reason=insufficient_cash order=71.77 cash=71.88
[SIGNAL] 2026-08-11T15:19:59+00:00 TOWNSTRY BUY fill_at=2026-08-11T15:24:59+00:00 features={"close": 0.111, "bb_lower": 0.11117469039160925, "bb_upper": 0.11406340484648604, "rsi": 34.00623178983403, "mfi": 46.23094221557372, "atr": 0.0005000000000000004}
[BLOCKED] TOWNSTRY reason=insufficient_cash order=71.77 cash=71.88
[SIGNAL] 2026-08-11T15:19:59+00:00 TRUMPTRY BUY fill_at=2026-08-11T15:24:59+00:00 features={"close": 71.6, "bb_lower": 71.62291317065184, "bb_upper": 72.20565825791958, "rsi": 38.24240580554558, "mfi": 48.48838407938825, "atr": 0.20714285714285552}
[BLOCKED] TRUMPTRY reason=insufficient_cash order=71.77 cash=71.88
[SIGNAL] 2026-08-11T15:19:59+00:00 TURBOTRY BUY fill_at=2026-08-11T15:24:59+00:00 features={"close": 0.0394, "bb_lower": 0.03945646614668029, "bb_upper": 0.04049591480570065, "rsi": 27.062967260194455, "mfi": 49.55877015371568, "atr": 0.00010714285714285773}
[BLOCKED] TURBOTRY reason=insufficient_cash order=71.77 cash=71.88
[SIGNAL] 2026-08-11T15:19:59+00:00 ZROTRY BUY fill_at=2026-08-11T15:24:59+00:00 features={"close": 41.0, "bb_lower": 41.05773838616587, "bb_upper": 42.275594947167455, "rsi": 31.031164506591523, "mfi": 37.733333057718085, "atr": 0.13571428571428662}
[BLOCKED] ZROTRY reason=insufficient_cash order=71.77 cash=71.88
[SCAN] 2026-08-11T15:24:59+00:00 symbols=312 signals=14 entries=0 exits=0 blocked=39 open=8 cash=71.88 equity=9663.92
[SIGNAL] 2026-08-11T15:24:59+00:00 ALTTRY BUY fill_at=2026-08-11T15:29:59+00:00 features={"close": 0.281, "bb_lower": 0.2811984265251235, "bb_upper": 0.2857539544272574, "rsi": 30.656499051792835, "mfi": 24.654507668874928, "atr": 0.0006428571428571355}
[BLOCKED] ALTTRY reason=insufficient_cash order=71.77 cash=71.88
[SCAN] 2026-08-11T15:29:59+00:00 symbols=312 signals=1 entries=0 exits=0 blocked=14 open=8 cash=71.88 equity=9692.87
[SIGNAL] 2026-08-11T15:29:59+00:00 PEOPLETRY BUY fill_at=2026-08-11T15:34:59+00:00 features={"close": 0.41, "bb_lower": 0.4102246884208036, "bb_upper": 0.4176800734839583, "rsi": 38.075875559199154, "mfi": 24.892212247475314, "atr": 0.0014285714285714299}
[BLOCKED] PEOPLETRY reason=insufficient_cash order=71.77 cash=71.88
[SIGNAL] 2026-08-11T15:29:59+00:00 SCRTRY BUY fill_at=2026-08-11T15:34:59+00:00 features={"close": 0.985, "bb_lower": 0.9862953463212196, "bb_upper": 0.9997046536787801, "rsi": 34.52312940973631, "mfi": 34.68896842153535, "atr": 0.0021428571428571447}
[BLOCKED] SCRTRY reason=insufficient_cash order=71.77 cash=71.88
[SCAN] 2026-08-11T15:34:59+00:00 symbols=312 signals=2 entries=0 exits=0 blocked=10 open=8 cash=71.88 equity=9659.53
[SIGNAL] 2026-08-11T15:34:59+00:00 ALTTRY BUY fill_at=2026-08-11T15:39:59+00:00 features={"close": 0.28, "bb_lower": 0.2805035416265617, "bb_upper": 0.28578217265915257, "rsi": 30.97813089031088, "mfi": 30.767354022715097, "atr": 0.000857142857142842}
[BLOCKED] ALTTRY reason=insufficient_cash order=71.77 cash=71.88
[SIGNAL] 2026-08-11T15:34:59+00:00 CHZTRY BUY fill_at=2026-08-11T15:39:59+00:00 features={"close": 0.604, "bb_lower": 0.6042052620772281, "bb_upper": 0.6227471188751527, "rsi": 22.78907480927259, "mfi": 7.407923505371301, "atr": 0.0017857142857142874}
[BLOCKED] CHZTRY reason=insufficient_cash order=71.77 cash=71.88
[SIGNAL] 2026-08-11T15:34:59+00:00 ICPTRY BUY fill_at=2026-08-11T15:39:59+00:00 features={"close": 108.5, "bb_lower": 108.52406283453477, "bb_upper": 112.1045085940366, "rsi": 30.996583940248343, "mfi": 35.45050774126453, "atr": 0.5071428571428588}
[BLOCKED] ICPTRY reason=insufficient_cash order=71.77 cash=71.88
[SIGNAL] 2026-08-11T15:34:59+00:00 MEGATRY BUY fill_at=2026-08-11T15:39:59+00:00 features={"close": 1.62, "bb_lower": 1.620706205678721, "bb_upper": 1.6518652228927073, "rsi": 34.997759681787, "mfi": 33.63970485192087, "atr": 0.006499999999999966}
[BLOCKED] MEGATRY reason=insufficient_cash order=71.77 cash=71.88
[SIGNAL] 2026-08-11T15:34:59+00:00 MMTTRY BUY fill_at=2026-08-11T15:39:59+00:00 features={"close": 10.32, "bb_lower": 10.374356277158961, "bb_upper": 10.682786579983896, "rsi": 37.893273470724736, "mfi": 35.596622910090844, "atr": 0.09071428571428555}
[BLOCKED] MMTTRY reason=insufficient_cash order=71.77 cash=71.88
[SIGNAL] 2026-08-11T15:34:59+00:00 PEOPLETRY BUY fill_at=2026-08-11T15:39:59+00:00 features={"close": 0.409, "bb_lower": 0.4094568050698262, "bb_upper": 0.4177812901682689, "rsi": 35.20552069689914, "mfi": 20.579068675232122, "atr": 0.0014285714285714299}
[BLOCKED] PEOPLETRY reason=insufficient_cash order=71.77 cash=71.88
[SIGNAL] 2026-08-11T15:34:59+00:00 SCRTRY BUY fill_at=2026-08-11T15:39:59+00:00 features={"close": 0.982, "bb_lower": 0.984344415027206, "bb_upper": 1.000703204020413, "rsi": 30.441661682757157, "mfi": 33.79413391876146, "atr": 0.0022857142857142876}
[BLOCKED] SCRTRY reason=insufficient_cash order=71.77 cash=71.88
[SIGNAL] 2026-08-11T15:34:59+00:00 SYRUPTRY BUY fill_at=2026-08-11T15:39:59+00:00 features={"close": 7.178, "bb_lower": 7.181514862491794, "bb_upper": 7.28467561369868, "rsi": 36.15101325492132, "mfi": 11.627172447311338, "atr": 0.02035714285714293}
[BLOCKED] SYRUPTRY reason=insufficient_cash order=71.77 cash=71.88
[SIGNAL] 2026-08-11T15:34:59+00:00 THETRY BUY fill_at=2026-08-11T15:39:59+00:00 features={"close": 2.931, "bb_lower": 2.9409788910867163, "bb_upper": 3.0268306327228074, "rsi": 32.59249343441125, "mfi": 24.903795343603548, "atr": 0.017714285714285665}
[BLOCKED] THETRY reason=insufficient_cash order=71.77 cash=71.88
[SIGNAL] 2026-08-11T15:34:59+00:00 TSTTRY BUY fill_at=2026-08-11T15:39:59+00:00 features={"close": 0.755, "bb_lower": 0.7570255853146162, "bb_upper": 0.8109744146853837, "rsi": 29.912581380917644, "mfi": 32.87293926322175, "atr": 0.01050000000000001}
[BLOCKED] TSTTRY reason=insufficient_cash order=71.77 cash=71.88
[SCAN] 2026-08-11T15:39:59+00:00 symbols=312 signals=10 entries=0 exits=0 blocked=36 open=8 cash=71.88 equity=9589.17
[SIGNAL] 2026-08-11T15:39:59+00:00 0GTRY BUY fill_at=2026-08-11T15:44:59+00:00 features={"close": 7.56, "bb_lower": 7.5965261208320145, "bb_upper": 7.801569117263221, "rsi": 31.888771506207405, "mfi": 30.716080302585965, "atr": 0.0400000000000001}
[BLOCKED] 0GTRY reason=insufficient_cash order=71.77 cash=71.88
[SIGNAL] 2026-08-11T15:39:59+00:00 1000CATTRY BUY fill_at=2026-08-11T15:44:59+00:00 features={"close": 0.078, "bb_lower": 0.07958524821356995, "bb_upper": 0.08498618035785864, "rsi": 19.80717632416183, "mfi": 14.473723414135918, "atr": 0.0005714285714285719}
[BLOCKED] 1000CATTRY reason=insufficient_cash order=71.77 cash=71.88
[SIGNAL] 2026-08-11T15:39:59+00:00 AEVOTRY BUY fill_at=2026-08-11T15:44:59+00:00 features={"close": 0.953, "bb_lower": 0.955403352899104, "bb_upper": 1.0065014090056574, "rsi": 16.872276457084382, "mfi": 10.035172390536644, "atr": 0.004500000000000004}
[BLOCKED] AEVOTRY reason=insufficient_cash order=71.77 cash=71.88
[SIGNAL] 2026-08-11T15:39:59+00:00 AIXBTTRY BUY fill_at=2026-08-11T15:44:59+00:00 features={"close": 0.838, "bb_lower": 0.8427104883405815, "bb_upper": 0.8737657021356092, "rsi": 15.150963558985808, "mfi": 9.927981363830554, "atr": 0.0028571428571428597}
[BLOCKED] AIXBTTRY reason=insufficient_cash order=71.77 cash=71.88
[SIGNAL] 2026-08-11T15:39:59+00:00 ALICETRY BUY fill_at=2026-08-11T15:44:59+00:00 features={"close": 5.61, "bb_lower": 5.626788200601993, "bb_upper": 5.723687989874199, "rsi": 22.279026738677388, "mfi": 18.299890378030312, "atr": 0.013571428571428472}
[BLOCKED] ALICETRY reason=insufficient_cash order=71.77 cash=71.88
[SIGNAL] 2026-08-11T15:39:59+00:00 ALTTRY BUY fill_at=2026-08-11T15:44:59+00:00 features={"close": 0.277, "bb_lower": 0.2791258895988926, "bb_upper": 0.28649315802015496, "rsi": 22.32387401199891, "mfi": 27.517398716260217, "atr": 0.0010714285714285565}
[BLOCKED] ALTTRY reason=insufficient_cash order=71.77 cash=71.88
[SIGNAL] 2026-08-11T15:39:59+00:00 API3TRY BUY fill_at=2026-08-11T15:44:59+00:00 features={"close": 8.93, "bb_lower": 8.940157059324212, "bb_upper": 9.241747702580552, "rsi": 26.34930641754589, "mfi": 30.949672809872595, "atr": 0.03571428571428559}
[BLOCKED] API3TRY reason=insufficient_cash order=71.77 cash=71.88
[SIGNAL] 2026-08-11T15:39:59+00:00 ARKMTRY BUY fill_at=2026-08-11T15:44:59+00:00 features={"close": 4.46, "bb_lower": 4.471281766698622, "bb_upper": 4.618337280920425, "rsi": 21.524669527239325, "mfi": 14.191163873725287, "atr": 0.017999999999999985}
[BLOCKED] ARKMTRY reason=insufficient_cash order=71.77 cash=71.88
[SIGNAL] 2026-08-11T15:39:59+00:00 BBTRY BUY fill_at=2026-08-11T15:44:59+00:00 features={"close": 0.6097, "bb_lower": 0.6109359477023155, "bb_upper": 0.638549766583399, "rsi": 24.021539631157054, "mfi": 21.0316021962052, "atr": 0.003585714285714287}
[BLOCKED] BBTRY reason=insufficient_cash order=71.77 cash=71.88
[SIGNAL] 2026-08-11T15:39:59+00:00 BIOTRY BUY fill_at=2026-08-11T15:44:59+00:00 features={"close": 1.192, "bb_lower": 1.2008430882736776, "bb_upper": 1.2213473879167984, "rsi": 27.14035581171497, "mfi": 43.090896459278476, "atr": 0.003857142857142829}
[BLOCKED] BIOTRY reason=insufficient_cash order=71.77 cash=71.88
[SIGNAL] 2026-08-11T15:39:59+00:00 BLURTRY BUY fill_at=2026-08-11T15:44:59+00:00 features={"close": 0.632, "bb_lower": 0.6343171778839265, "bb_upper": 0.652159012592264, "rsi": 21.21117142256412, "mfi": 33.43839544945479, "atr": 0.0014285714285714299}
[BLOCKED] BLURTRY reason=insufficient_cash order=71.77 cash=71.88
[SIGNAL] 2026-08-11T15:39:59+00:00 CFXTRY BUY fill_at=2026-08-11T15:44:59+00:00 features={"close": 1.986, "bb_lower": 1.9903615252351121, "bb_upper": 2.051543236669649, "rsi": 19.717015143283902, "mfi": 26.78673841297919, "atr": 0.006071428571428521}
[BLOCKED] CFXTRY reason=insufficient_cash order=71.77 cash=71.88
[SIGNAL] 2026-08-11T15:39:59+00:00 DOGSTRY BUY fill_at=2026-08-11T15:44:59+00:00 features={"close": 0.001659, "bb_lower": 0.0016678353678240617, "bb_upper": 0.0017260693940807008, "rsi": 16.9461629744451, "mfi": 37.250197975381056, "atr": 5.214285714285709e-06}
[BLOCKED] DOGSTRY reason=insufficient_cash order=71.77 cash=71.88
[SIGNAL] 2026-08-11T15:39:59+00:00 ENATRY BUY fill_at=2026-08-11T15:44:59+00:00 features={"close": 4.227, "bb_lower": 4.230414982689211, "bb_upper": 4.299680255406028, "rsi": 36.33708588976236, "mfi": 36.72318988329855, "atr": 0.017142857142857095}
[BLOCKED] ENATRY reason=insufficient_cash order=71.77 cash=71.88
[SIGNAL] 2026-08-11T15:39:59+00:00 ENSTRY BUY fill_at=2026-08-11T15:44:59+00:00 features={"close": 196.0, "bb_lower": 196.7613318241265, "bb_upper": 201.35295389015926, "rsi": 15.029030679219716, "mfi": 31.702569516230625, "atr": 0.4500000000000049}
[BLOCKED] ENSTRY reason=insufficient_cash order=71.77 cash=71.88
[SIGNAL] 2026-08-11T15:39:59+00:00 ETHTRY BUY fill_at=2026-08-11T15:44:59+00:00 features={"close": 88731.0, "bb_lower": 88921.35478399525, "bb_upper": 90245.78807314762, "rsi": 23.448213058726736, "mfi": 18.545669364523803, "atr": 221.71428571428572}
[BLOCKED] ETHTRY reason=insufficient_cash order=71.77 cash=71.88
[SIGNAL] 2026-08-11T15:39:59+00:00 FIDATRY BUY fill_at=2026-08-11T15:44:59+00:00 features={"close": 0.84, "bb_lower": 0.8436340304418154, "bb_upper": 0.856937398129613, "rsi": 23.73045792144832, "mfi": 38.77171796107832, "atr": 0.0022857142857142876}
[BLOCKED] FIDATRY reason=insufficient_cash order=71.77 cash=71.88
[SIGNAL] 2026-08-11T15:39:59+00:00 GRTTRY BUY fill_at=2026-08-11T15:44:59+00:00 features={"close": 0.658, "bb_lower": 0.6607002085182774, "bb_upper": 0.674728362910294, "rsi": 23.489320762348484, "mfi": 20.823824818359867, "atr": 0.0020000000000000018}
[BLOCKED] GRTTRY reason=insufficient_cash order=71.77 cash=71.88
[SIGNAL] 2026-08-11T15:39:59+00:00 ICPTRY BUY fill_at=2026-08-11T15:44:59+00:00 features={"close": 107.6, "bb_lower": 108.1036896755721, "bb_upper": 112.33440556252313, "rsi": 25.343451096084166, "mfi": 31.59428197557486, "atr": 0.500000000000002}
[BLOCKED] ICPTRY reason=insufficient_cash order=71.77 cash=71.88
[SIGNAL] 2026-08-11T15:39:59+00:00 LDOTRY BUY fill_at=2026-08-11T15:44:59+00:00 features={"close": 13.58, "bb_lower": 13.61599459997697, "bb_upper": 14.004005400023027, "rsi": 21.880845265676598, "mfi": 7.403210323719918, "atr": 0.04357142857142853}
[BLOCKED] LDOTRY reason=insufficient_cash order=71.77 cash=71.88
[SIGNAL] 2026-08-11T15:39:59+00:00 LINEATRY BUY fill_at=2026-08-11T15:44:59+00:00 features={"close": 0.1034, "bb_lower": 0.10390370890116742, "bb_upper": 0.10605819586073735, "rsi": 25.209865976080437, "mfi": 19.547506480408174, "atr": 0.0003142857142857144}
[BLOCKED] LINEATRY reason=insufficient_cash order=71.77 cash=71.88
[SIGNAL] 2026-08-11T15:39:59+00:00 MANTRATRY BUY fill_at=2026-08-11T15:44:59+00:00 features={"close": 0.254, "bb_lower": 0.2545487351974944, "bb_upper": 0.26139412194536266, "rsi": 27.74954312046775, "mfi": 50.87729267268347, "atr": 0.0009928571428571406}
[BLOCKED] MANTRATRY reason=insufficient_cash order=71.77 cash=71.88
[SIGNAL] 2026-08-11T15:39:59+00:00 MEGATRY BUY fill_at=2026-08-11T15:44:59+00:00 features={"close": 1.606, "bb_lower": 1.6145669612487858, "bb_upper": 1.6546711339893099, "rsi": 27.55661789228361, "mfi": 27.01721703012609, "atr": 0.0071428571428571175}
[BLOCKED] MEGATRY reason=insufficient_cash order=71.77 cash=71.88
[SIGNAL] 2026-08-11T15:39:59+00:00 MEMETRY BUY fill_at=2026-08-11T15:44:59+00:00 features={"close": 0.0235, "bb_lower": 0.02358452566385259, "bb_upper": 0.02434880766948074, "rsi": 23.289893640428915, "mfi": 3.4755558613762787, "atr": 7.857142857142884e-05}
[BLOCKED] MEMETRY reason=insufficient_cash order=71.77 cash=71.88
[SIGNAL] 2026-08-11T15:39:59+00:00 NEOTRY BUY fill_at=2026-08-11T15:44:59+00:00 features={"close": 82.5, "bb_lower": 82.65972194215031, "bb_upper": 85.89265901023064, "rsi": 14.456922465369885, "mfi": 8.168336396749112, "atr": 0.2714285714285702}
[BLOCKED] NEOTRY reason=insufficient_cash order=71.77 cash=71.88
[SIGNAL] 2026-08-11T15:39:59+00:00 PARTITRY BUY fill_at=2026-08-11T15:44:59+00:00 features={"close": 1.17, "bb_lower": 1.1714762501492761, "bb_upper": 1.2094761308031048, "rsi": 32.67823127689449, "mfi": 16.174076083957004, "atr": 0.0050000000000000044}
[BLOCKED] PARTITRY reason=insufficient_cash order=71.77 cash=71.88
[SIGNAL] 2026-08-11T15:39:59+00:00 PENGUTRY BUY fill_at=2026-08-11T15:44:59+00:00 features={"close": 0.3008, "bb_lower": 0.3015087421700175, "bb_upper": 0.31540554354426814, "rsi": 19.52959452824507, "mfi": 12.798660754517158, "atr": 0.0013499999999999981}
[BLOCKED] PENGUTRY reason=insufficient_cash order=71.77 cash=71.88
[SIGNAL] 2026-08-11T15:39:59+00:00 PEOPLETRY BUY fill_at=2026-08-11T15:44:59+00:00 features={"close": 0.405, "bb_lower": 0.40768256295680655, "bb_upper": 0.4185079132336696, "rsi": 26.53678002184293, "mfi": 16.354832511327544, "atr": 0.0015714285714285689}
[BLOCKED] PEOPLETRY reason=insufficient_cash order=71.77 cash=71.88
[SIGNAL] 2026-08-11T15:39:59+00:00 PIXELTRY BUY fill_at=2026-08-11T15:44:59+00:00 features={"close": 0.213, "bb_lower": 0.21475873192044168, "bb_upper": 0.22047936331765358, "rsi": 27.104380639548495, "mfi": 41.30908513005756, "atr": 0.0010714285714285723}
[BLOCKED] PIXELTRY reason=insufficient_cash order=71.77 cash=71.88
[SIGNAL] 2026-08-11T15:39:59+00:00 PNUTTRY BUY fill_at=2026-08-11T15:44:59+00:00 features={"close": 1.9, "bb_lower": 1.9082209883198922, "bb_upper": 1.9441599640610603, "rsi": 12.711284634916467, "mfi": 32.306248885421724, "atr": 0.0050000000000000044}
[BLOCKED] PNUTTRY reason=insufficient_cash order=71.77 cash=71.88
[SIGNAL] 2026-08-11T15:39:59+00:00 PYTHTRY BUY fill_at=2026-08-11T15:44:59+00:00 features={"close": 1.995, "bb_lower": 1.9970051371986222, "bb_upper": 2.0115662913728056, "rsi": 40.16805106697098, "mfi": 24.302237905384118, "atr": 0.0057142857142856085}
[BLOCKED] PYTHTRY reason=insufficient_cash order=71.77 cash=71.88
[SIGNAL] 2026-08-11T15:39:59+00:00 RESOLVTRY BUY fill_at=2026-08-11T15:44:59+00:00 features={"close": 0.7867, "bb_lower": 0.7897624910328919, "bb_upper": 0.8080565565861558, "rsi": 25.521776884826323, "mfi": 10.888935081195001, "atr": 0.002107142857142847}
[BLOCKED] RESOLVTRY reason=insufficient_cash order=71.77 cash=71.88
[SIGNAL] 2026-08-11T15:39:59+00:00 REZTRY BUY fill_at=2026-08-11T15:44:59+00:00 features={"close": 0.1317, "bb_lower": 0.13223113992036276, "bb_upper": 0.13492124103201816, "rsi": 24.973933410771707, "mfi": 20.989906201581064, "atr": 0.0004142857142857103}
[BLOCKED] REZTRY reason=insufficient_cash order=71.77 cash=71.88
[SIGNAL] 2026-08-11T15:39:59+00:00 SCRTRY BUY fill_at=2026-08-11T15:44:59+00:00 features={"close": 0.977, "bb_lower": 0.9812875459469454, "bb_upper": 1.0023315016721022, "rsi": 25.086656774128784, "mfi": 57.94684896096339, "atr": 0.002642857142857145}
[BLOCKED] SCRTRY reason=insufficient_cash order=71.77 cash=71.88
[SIGNAL] 2026-08-11T15:39:59+00:00 SHELLTRY BUY fill_at=2026-08-11T15:44:59+00:00 features={"close": 0.92, "bb_lower": 0.9220247544057032, "bb_upper": 0.9370228646419161, "rsi": 34.59525680524952, "mfi": 29.485683777023, "atr": 0.004285714285714289}
[BLOCKED] SHELLTRY reason=insufficient_cash order=71.77 cash=71.88
[SIGNAL] 2026-08-11T15:39:59+00:00 STRKTRY BUY fill_at=2026-08-11T15:44:59+00:00 features={"close": 1.107, "bb_lower": 1.1097590968836293, "bb_upper": 1.1283361412116089, "rsi": 34.37734483845814, "mfi": 49.92400387329849, "atr": 0.00528571428571429}
[BLOCKED] STRKTRY reason=insufficient_cash order=71.77 cash=71.88
[SIGNAL] 2026-08-11T15:39:59+00:00 SYRUPTRY BUY fill_at=2026-08-11T15:44:59+00:00 features={"close": 7.16, "bb_lower": 7.173895647427225, "bb_upper": 7.289342447810869, "rsi": 32.02548247913512, "mfi": 11.408512661698012, "atr": 0.020500000000000056}
[BLOCKED] SYRUPTRY reason=insufficient_cash order=71.77 cash=71.88
[SIGNAL] 2026-08-11T15:39:59+00:00 THETRY BUY fill_at=2026-08-11T15:44:59+00:00 features={"close": 2.918, "bb_lower": 2.9294370322599814, "bb_upper": 3.030467729644781, "rsi": 29.83686739576622, "mfi": 20.911558863571514, "atr": 0.016428571428571397}
[BLOCKED] THETRY reason=insufficient_cash order=71.77 cash=71.88
[SIGNAL] 2026-08-11T15:39:59+00:00 TIATRY BUY fill_at=2026-08-11T15:44:59+00:00 features={"close": 14.57, "bb_lower": 14.621878899646148, "bb_upper": 15.218121100353851, "rsi": 22.698023255903337, "mfi": 22.13259571249877, "atr": 0.09071428571428582}
[BLOCKED] TIATRY reason=insufficient_cash order=71.77 cash=71.88
[SIGNAL] 2026-08-11T15:39:59+00:00 TRUMPTRY BUY fill_at=2026-08-11T15:44:59+00:00 features={"close": 71.0, "bb_lower": 71.30425036803825, "bb_upper": 72.32432106053318, "rsi": 25.586283455140006, "mfi": 35.88315552159119, "atr": 0.21428571428571327}
[BLOCKED] TRUMPTRY reason=insufficient_cash order=71.77 cash=71.88
[SIGNAL] 2026-08-11T15:39:59+00:00 TURBOTRY BUY fill_at=2026-08-11T15:44:59+00:00 features={"close": 0.0386, "bb_lower": 0.039, "bb_upper": 0.04059999999999999, "rsi": 17.423016001180613, "mfi": 10.936250132433969, "atr": 0.00017142857142857237}
[BLOCKED] TURBOTRY reason=insufficient_cash order=71.77 cash=71.88
[SIGNAL] 2026-08-11T15:39:59+00:00 UMATRY BUY fill_at=2026-08-11T15:44:59+00:00 features={"close": 15.66, "bb_lower": 15.752750267430804, "bb_upper": 16.21963068495015, "rsi": 19.17112042453539, "mfi": 10.530222929877226, "atr": 0.05214285714285743}
[BLOCKED] UMATRY reason=insufficient_cash order=71.77 cash=71.88
[SIGNAL] 2026-08-11T15:39:59+00:00 USUALTRY BUY fill_at=2026-08-11T15:44:59+00:00 features={"close": 0.409, "bb_lower": 0.40975784960351685, "bb_upper": 0.4226231027774356, "rsi": 18.607709565600544, "mfi": 24.905349390445025, "atr": 0.0015714285714285728}
[BLOCKED] USUALTRY reason=insufficient_cash order=71.77 cash=71.88
[SIGNAL] 2026-08-11T15:39:59+00:00 VANRYTRY BUY fill_at=2026-08-11T15:44:59+00:00 features={"close": 0.134, "bb_lower": 0.1341397585376552, "bb_upper": 0.13735547955758282, "rsi": 39.30640280715206, "mfi": 20.34529758974783, "atr": 0.0010000000000000009}
[BLOCKED] VANRYTRY reason=insufficient_cash order=71.77 cash=71.88
[SIGNAL] 2026-08-11T15:39:59+00:00 WIFTRY BUY fill_at=2026-08-11T15:44:59+00:00 features={"close": 6.548, "bb_lower": 6.575035393681723, "bb_upper": 6.70544079679447, "rsi": 25.904997341337634, "mfi": 20.471682542856087, "atr": 0.0182857142857143}
[BLOCKED] WIFTRY reason=insufficient_cash order=71.77 cash=71.88
[SIGNAL] 2026-08-11T15:39:59+00:00 WLFITRY BUY fill_at=2026-08-11T15:44:59+00:00 features={"close": 2.627, "bb_lower": 2.6278155721970053, "bb_upper": 2.651803475422043, "rsi": 37.28113473210577, "mfi": 39.04135181004705, "atr": 0.004428571428571416}
[BLOCKED] WLFITRY reason=insufficient_cash order=71.77 cash=71.88
[SIGNAL] 2026-08-11T15:39:59+00:00 ZROTRY BUY fill_at=2026-08-11T15:44:59+00:00 features={"close": 40.7, "bb_lower": 40.70246432314959, "bb_upper": 42.40229758161231, "rsi": 24.0619025961402, "mfi": 4.57277279890053, "atr": 0.0999999999999999}
[BLOCKED] ZROTRY reason=insufficient_cash order=71.77 cash=71.88
[SCAN] 2026-08-11T15:44:59+00:00 symbols=312 signals=47 entries=0 exits=0 blocked=150 open=8 cash=71.88 equity=9567.77
[SIGNAL] 2026-08-11T15:44:59+00:00 0GTRY BUY fill_at=2026-08-11T15:49:59+00:00 features={"close": 7.54, "bb_lower": 7.573562271409593, "bb_upper": 7.8150091571618345, "rsi": 30.318739106732522, "mfi": 31.285808803954566, "atr": 0.041428571428571495}
[BLOCKED] 0GTRY reason=insufficient_cash order=71.77 cash=71.88
[SIGNAL] 2026-08-11T15:44:59+00:00 1000CATTRY BUY fill_at=2026-08-11T15:49:59+00:00 features={"close": 0.079, "bb_lower": 0.07912146828652626, "bb_upper": 0.08497376980871187, "rsi": 30.26767824327446, "mfi": 14.47961061976072, "atr": 0.0006428571428571435}
[BLOCKED] 1000CATTRY reason=insufficient_cash order=71.77 cash=71.88
[SIGNAL] 2026-08-11T15:44:59+00:00 AIXBTTRY BUY fill_at=2026-08-11T15:49:59+00:00 features={"close": 0.835, "bb_lower": 0.8387682046801989, "bb_upper": 0.8747556048436108, "rsi": 13.666731893184945, "mfi": 9.923256412137988, "atr": 0.0030714285714285743}
[BLOCKED] AIXBTTRY reason=insufficient_cash order=71.77 cash=71.88
[SIGNAL] 2026-08-11T15:44:59+00:00 ALICETRY BUY fill_at=2026-08-11T15:49:59+00:00 features={"close": 5.59, "bb_lower": 5.611467616555703, "bb_upper": 5.727580002491918, "rsi": 18.957405683017726, "mfi": 15.137283418088288, "atr": 0.01642857142857133}
[BLOCKED] ALICETRY reason=insufficient_cash order=71.77 cash=71.88
[SIGNAL] 2026-08-11T15:44:59+00:00 ALTTRY BUY fill_at=2026-08-11T15:49:59+00:00 features={"close": 0.277, "bb_lower": 0.27808489833013394, "bb_upper": 0.28686748262224704, "rsi": 22.32387401628806, "mfi": 24.50963956483257, "atr": 0.001142857142857128}
[BLOCKED] ALTTRY reason=insufficient_cash order=71.77 cash=71.88
[SIGNAL] 2026-08-11T15:44:59+00:00 ARKMTRY BUY fill_at=2026-08-11T15:49:59+00:00 features={"close": 4.458, "bb_lower": 4.458464617037515, "bb_upper": 4.619725859152962, "rsi": 21.21184661916736, "mfi": 13.37016567066729, "atr": 0.018642857142857152}
[BLOCKED] ARKMTRY reason=insufficient_cash order=71.77 cash=71.88
[SIGNAL] 2026-08-11T15:44:59+00:00 BBTRY BUY fill_at=2026-08-11T15:49:59+00:00 features={"close": 0.6063, "bb_lower": 0.6080896992522206, "bb_upper": 0.6388817293192081, "rsi": 21.141162999529968, "mfi": 20.263153950431743, "atr": 0.004028571428571437}
[BLOCKED] BBTRY reason=insufficient_cash order=71.77 cash=71.88
[SIGNAL] 2026-08-11T15:44:59+00:00 BIOTRY BUY fill_at=2026-08-11T15:49:59+00:00 features={"close": 1.183, "bb_lower": 1.193963062793569, "bb_upper": 1.2253702705397644, "rsi": 22.475855247682702, "mfi": 32.995327872833386, "atr": 0.00485714285714283}
[BLOCKED] BIOTRY reason=insufficient_cash order=71.77 cash=71.88
[SIGNAL] 2026-08-11T15:44:59+00:00 BLURTRY BUY fill_at=2026-08-11T15:49:59+00:00 features={"close": 0.63, "bb_lower": 0.6320996482117577, "bb_upper": 0.6526622565501471, "rsi": 19.14181011865014, "mfi": 15.10269464255488, "atr": 0.0015714285714285728}
[BLOCKED] BLURTRY reason=insufficient_cash order=71.77 cash=71.88
[SIGNAL] 2026-08-11T15:44:59+00:00 CFXTRY BUY fill_at=2026-08-11T15:49:59+00:00 features={"close": 1.984, "bb_lower": 1.9850705508518163, "bb_upper": 2.0515961158148497, "rsi": 18.98367600431321, "mfi": 23.66530276761989, "atr": 0.006357142857142807}
[BLOCKED] CFXTRY reason=insufficient_cash order=71.77 cash=71.88
[SIGNAL] 2026-08-11T15:44:59+00:00 DOGSTRY BUY fill_at=2026-08-11T15:49:59+00:00 features={"close": 0.001653, "bb_lower": 0.001660550677991069, "bb_upper": 0.0017274493220089308, "rsi": 15.25434579781249, "mfi": 35.78216052842771, "atr": 6.071428571428572e-06}
[BLOCKED] DOGSTRY reason=insufficient_cash order=71.77 cash=71.88
[SIGNAL] 2026-08-11T15:44:59+00:00 EIGENTRY BUY fill_at=2026-08-11T15:49:59+00:00 features={"close": 8.236, "bb_lower": 8.242521972044356, "bb_upper": 8.533763742241357, "rsi": 22.88990652289138, "mfi": 13.618782790191332, "atr": 0.0409285714285712}
[BLOCKED] EIGENTRY reason=insufficient_cash order=71.77 cash=71.88
[SIGNAL] 2026-08-11T15:44:59+00:00 ENSTRY BUY fill_at=2026-08-11T15:49:59+00:00 features={"close": 196.0, "bb_lower": 196.28547134288735, "bb_upper": 201.4192905618746, "rsi": 15.029030659577344, "mfi": 33.396633285615465, "atr": 0.42857142857143266}
[BLOCKED] ENSTRY reason=insufficient_cash order=71.77 cash=71.88
[SIGNAL] 2026-08-11T15:44:59+00:00 ETHTRY BUY fill_at=2026-08-11T15:49:59+00:00 features={"close": 88739.0, "bb_lower": 88808.85847964564, "bb_upper": 90226.95104416388, "rsi": 23.833754865930487, "mfi": 17.970731583203715, "atr": 236.64285714285714}
[BLOCKED] ETHTRY reason=insufficient_cash order=71.77 cash=71.88
[SIGNAL] 2026-08-11T15:44:59+00:00 FIDATRY BUY fill_at=2026-08-11T15:49:59+00:00 features={"close": 0.836, "bb_lower": 0.8406222657100442, "bb_upper": 0.8582348771470985, "rsi": 19.750906898488964, "mfi": 35.4970127194602, "atr": 0.0025000000000000022}
[BLOCKED] FIDATRY reason=insufficient_cash order=71.77 cash=71.88
[SIGNAL] 2026-08-11T15:44:59+00:00 GRTTRY BUY fill_at=2026-08-11T15:49:59+00:00 features={"close": 0.658, "bb_lower": 0.6590812445876542, "bb_upper": 0.6752997077932983, "rsi": 23.489320767678095, "mfi": 18.28734053057326, "atr": 0.0019285714285714303}
[BLOCKED] GRTTRY reason=insufficient_cash order=71.77 cash=71.88
[SIGNAL] 2026-08-11T15:44:59+00:00 LDOTRY BUY fill_at=2026-08-11T15:49:59+00:00 features={"close": 13.56, "bb_lower": 13.577632187933075, "bb_upper": 14.009034478733595, "rsi": 20.790325845600975, "mfi": 7.368619913571834, "atr": 0.046428571428571326}
[BLOCKED] LDOTRY reason=insufficient_cash order=71.77 cash=71.88
[SIGNAL] 2026-08-11T15:44:59+00:00 LINEATRY BUY fill_at=2026-08-11T15:49:59+00:00 features={"close": 0.1025, "bb_lower": 0.10336518610725667, "bb_upper": 0.10629195674988617, "rsi": 19.496177821693394, "mfi": 13.641809852945812, "atr": 0.00038571428571428584}
[BLOCKED] LINEATRY reason=insufficient_cash order=71.77 cash=71.88
[SIGNAL] 2026-08-11T15:44:59+00:00 LISTATRY BUY fill_at=2026-08-11T15:49:59+00:00 features={"close": 3.18, "bb_lower": 3.193817082864673, "bb_upper": 3.313801964754376, "rsi": 34.99771630978242, "mfi": 30.466955500951784, "atr": 0.024999999999999974}
[BLOCKED] LISTATRY reason=insufficient_cash order=71.77 cash=71.88
[SIGNAL] 2026-08-11T15:44:59+00:00 MANTRATRY BUY fill_at=2026-08-11T15:49:59+00:00 features={"close": 0.2534, "bb_lower": 0.2538152962134097, "bb_upper": 0.2615561323580188, "rsi": 25.921951013351432, "mfi": 41.94231793466169, "atr": 0.0010499999999999954}
[BLOCKED] MANTRATRY reason=insufficient_cash order=71.77 cash=71.88
[SIGNAL] 2026-08-11T15:44:59+00:00 MAVTRY BUY fill_at=2026-08-11T15:49:59+00:00 features={"close": 0.43, "bb_lower": 0.43013115095644067, "bb_upper": 0.4593926585673687, "rsi": 38.99903513770501, "mfi": 29.94033368237001, "atr": 0.009285714285714295}
[BLOCKED] MAVTRY reason=insufficient_cash order=71.77 cash=71.88
[SIGNAL] 2026-08-11T15:44:59+00:00 MEGATRY BUY fill_at=2026-08-11T15:49:59+00:00 features={"close": 1.607, "bb_lower": 1.6099826904826917, "bb_upper": 1.656112547612547, "rsi": 28.729204731875456, "mfi": 27.57093155028801, "atr": 0.0071428571428571175}
[BLOCKED] MEGATRY reason=insufficient_cash order=71.77 cash=71.88
[SIGNAL] 2026-08-11T15:44:59+00:00 MINATRY BUY fill_at=2026-08-11T15:49:59+00:00 features={"close": 1.85, "bb_lower": 1.853237429245571, "bb_upper": 1.9077149517068093, "rsi": 28.783357633491107, "mfi": 11.616098431564822, "atr": 0.00714285714285707}
[BLOCKED] MINATRY reason=insufficient_cash order=71.77 cash=71.88
[SIGNAL] 2026-08-11T15:44:59+00:00 NEOTRY BUY fill_at=2026-08-11T15:49:59+00:00 features={"close": 81.6, "bb_lower": 82.18198990730744, "bb_upper": 86.02753390221636, "rsi": 10.419925552189383, "mfi": 6.1273190151754875, "atr": 0.3357142857142849}
[BLOCKED] NEOTRY reason=insufficient_cash order=71.77 cash=71.88
[SIGNAL] 2026-08-11T15:44:59+00:00 PENGUTRY BUY fill_at=2026-08-11T15:49:59+00:00 features={"close": 0.3003, "bb_lower": 0.3003234625587894, "bb_upper": 0.3154860612507343, "rsi": 18.705628697170624, "mfi": 12.106705677229229, "atr": 0.0014499999999999988}
[BLOCKED] PENGUTRY reason=insufficient_cash order=71.77 cash=71.88
[SIGNAL] 2026-08-11T15:44:59+00:00 PIXELTRY BUY fill_at=2026-08-11T15:49:59+00:00 features={"close": 0.211, "bb_lower": 0.21327891733943571, "bb_upper": 0.2212925112319929, "rsi": 22.452297334167028, "mfi": 23.592696637057614, "atr": 0.0013571428571428584}
[BLOCKED] PIXELTRY reason=insufficient_cash order=71.77 cash=71.88
[SIGNAL] 2026-08-11T15:44:59+00:00 PNUTTRY BUY fill_at=2026-08-11T15:49:59+00:00 features={"close": 1.9, "bb_lower": 1.9042178023755185, "bb_upper": 1.9443536261959098, "rsi": 12.711284512737151, "mfi": 28.5571768778172, "atr": 0.0050000000000000044}
[BLOCKED] PNUTTRY reason=insufficient_cash order=71.77 cash=71.88
[SIGNAL] 2026-08-11T15:44:59+00:00 PYTHTRY BUY fill_at=2026-08-11T15:49:59+00:00 features={"close": 1.983, "bb_lower": 1.9918392260989126, "bb_upper": 2.0150179167582287, "rsi": 31.51210395437971, "mfi": 23.20618594969781, "atr": 0.006499999999999918}
[BLOCKED] PYTHTRY reason=insufficient_cash order=71.77 cash=71.88
[SIGNAL] 2026-08-11T15:44:59+00:00 RESOLVTRY BUY fill_at=2026-08-11T15:49:59+00:00 features={"close": 0.7841, "bb_lower": 0.7875059541042823, "bb_upper": 0.8080654744671462, "rsi": 22.989109682048095, "mfi": 9.758978855528383, "atr": 0.0021499999999999853}
[BLOCKED] RESOLVTRY reason=insufficient_cash order=71.77 cash=71.88
[SIGNAL] 2026-08-11T15:44:59+00:00 REZTRY BUY fill_at=2026-08-11T15:49:59+00:00 features={"close": 0.1315, "bb_lower": 0.13186270332148126, "bb_upper": 0.1350706300118521, "rsi": 23.625851175619758, "mfi": 17.276222827667098, "atr": 0.00042857142857142497}
[BLOCKED] REZTRY reason=insufficient_cash order=71.77 cash=71.88
[SIGNAL] 2026-08-11T15:44:59+00:00 SAGATRY BUY fill_at=2026-08-11T15:49:59+00:00 features={"close": 0.671, "bb_lower": 0.6721335711421813, "bb_upper": 0.6877711907625804, "rsi": 34.84211692996993, "mfi": 44.09322321422086, "atr": 0.003571428571428575}
[BLOCKED] SAGATRY reason=insufficient_cash order=71.77 cash=71.88
[SIGNAL] 2026-08-11T15:44:59+00:00 SCRTRY BUY fill_at=2026-08-11T15:49:59+00:00 features={"close": 0.975, "bb_lower": 0.9782489714435493, "bb_upper": 1.0034653142707364, "rsi": 23.309801030366785, "mfi": 52.70519369368623, "atr": 0.002714285714285717}
[BLOCKED] SCRTRY reason=insufficient_cash order=71.77 cash=71.88
[SIGNAL] 2026-08-11T15:44:59+00:00 SHELLTRY BUY fill_at=2026-08-11T15:49:59+00:00 features={"close": 0.91, "bb_lower": 0.9173834855957423, "bb_upper": 0.9397593715471151, "rsi": 26.631621486505182, "mfi": 21.82001067729054, "atr": 0.0050000000000000044}
[BLOCKED] SHELLTRY reason=insufficient_cash order=71.77 cash=71.88
[SIGNAL] 2026-08-11T15:44:59+00:00 STRKTRY BUY fill_at=2026-08-11T15:49:59+00:00 features={"close": 1.099, "bb_lower": 1.1055084669800146, "bb_upper": 1.1302058187342712, "rsi": 28.65928197838126, "mfi": 25.3229561015593, "atr": 0.006071428571428569}
[BLOCKED] STRKTRY reason=insufficient_cash order=71.77 cash=71.88
[SIGNAL] 2026-08-11T15:44:59+00:00 SYRUPTRY BUY fill_at=2026-08-11T15:49:59+00:00 features={"close": 7.146, "bb_lower": 7.159327024267013, "bb_upper": 7.29591107097108, "rsi": 29.21616863700993, "mfi": 5.0309171118430385, "atr": 0.02000000000000008}
[BLOCKED] SYRUPTRY reason=insufficient_cash order=71.77 cash=71.88
[SIGNAL] 2026-08-11T15:44:59+00:00 THETRY BUY fill_at=2026-08-11T15:49:59+00:00 features={"close": 2.886, "bb_lower": 2.9111572953374183, "bb_upper": 3.03741413323401, "rsi": 24.347463829962024, "mfi": 18.634177019477107, "atr": 0.016785714285714244}
[BLOCKED] THETRY reason=insufficient_cash order=71.77 cash=71.88
[SIGNAL] 2026-08-11T15:44:59+00:00 TOWNSTRY BUY fill_at=2026-08-11T15:49:59+00:00 features={"close": 0.11, "bb_lower": 0.11044771525016922, "bb_upper": 0.11421895141649749, "rsi": 31.17027184001421, "mfi": 37.285255336043086, "atr": 0.0005000000000000004}
[BLOCKED] TOWNSTRY reason=insufficient_cash order=71.77 cash=71.88
[SIGNAL] 2026-08-11T15:44:59+00:00 TRUMPTRY BUY fill_at=2026-08-11T15:49:59+00:00 features={"close": 70.3, "bb_lower": 70.9181621619036, "bb_upper": 72.55802831428689, "rsi": 17.539352755763645, "mfi": 28.66805767258225, "atr": 0.27142857142857124}
[BLOCKED] TRUMPTRY reason=insufficient_cash order=71.77 cash=71.88
[SIGNAL] 2026-08-11T15:44:59+00:00 UMATRY BUY fill_at=2026-08-11T15:49:59+00:00 features={"close": 15.62, "bb_lower": 15.689107667039922, "bb_upper": 16.23660661867437, "rsi": 17.76248982749273, "mfi": 3.5632837218276734, "atr": 0.0535714285714287}
[BLOCKED] UMATRY reason=insufficient_cash order=71.77 cash=71.88
[SIGNAL] 2026-08-11T15:44:59+00:00 WLFITRY BUY fill_at=2026-08-11T15:49:59+00:00 features={"close": 2.625, "bb_lower": 2.6255882309526424, "bb_upper": 2.652697483333072, "rsi": 35.570877427602994, "mfi": 38.05697859116394, "atr": 0.004071428571428536}
[BLOCKED] WLFITRY reason=insufficient_cash order=71.77 cash=71.88
[SCAN] 2026-08-11T15:49:59+00:00 symbols=312 signals=40 entries=0 exits=0 blocked=142 open=8 cash=71.88 equity=9555.44
[SIGNAL] 2026-08-11T15:49:59+00:00 1000CATTRY BUY fill_at=2026-08-11T15:54:59+00:00 features={"close": 0.078, "bb_lower": 0.07850147756788121, "bb_upper": 0.08502233195592833, "rsi": 26.520072990528263, "mfi": 14.223303201036359, "atr": 0.0006428571428571435}
[BLOCKED] 1000CATTRY reason=insufficient_cash order=71.77 cash=71.88
[SIGNAL] 2026-08-11T15:49:59+00:00 AIXBTTRY BUY fill_at=2026-08-11T15:54:59+00:00 features={"close": 0.835, "bb_lower": 0.8354718619425078, "bb_upper": 0.8752900428193972, "rsi": 13.666731899674375, "mfi": 9.950032799657436, "atr": 0.0032142857142857173}
[BLOCKED] AIXBTTRY reason=insufficient_cash order=71.77 cash=71.88
[SIGNAL] 2026-08-11T15:49:59+00:00 ALICETRY BUY fill_at=2026-08-11T15:54:59+00:00 features={"close": 5.59, "bb_lower": 5.598395232799299, "bb_upper": 5.731128576724513, "rsi": 18.957405702847524, "mfi": 14.618684672561557, "atr": 0.017142857142857033}
[BLOCKED] ALICETRY reason=insufficient_cash order=71.77 cash=71.88
[SIGNAL] 2026-08-11T15:49:59+00:00 ALTTRY BUY fill_at=2026-08-11T15:54:59+00:00 features={"close": 0.277, "bb_lower": 0.27723278142679997, "bb_upper": 0.2870529328589143, "rsi": 22.323874036192393, "mfi": 23.25343473905022, "atr": 0.001142857142857128}
[BLOCKED] ALTTRY reason=insufficient_cash order=71.77 cash=71.88
[SIGNAL] 2026-08-11T15:49:59+00:00 BBTRY BUY fill_at=2026-08-11T15:54:59+00:00 features={"close": 0.6016, "bb_lower": 0.6045682057457692, "bb_upper": 0.639469889492326, "rsi": 17.92279801162175, "mfi": 18.43387185298279, "atr": 0.004457142857142866}
[BLOCKED] BBTRY reason=insufficient_cash order=71.77 cash=71.88
[SIGNAL] 2026-08-11T15:49:59+00:00 BIOTRY BUY fill_at=2026-08-11T15:54:59+00:00 features={"close": 1.181, "bb_lower": 1.1883694833395977, "bb_upper": 1.2277257547556408, "rsi": 21.58286189231154, "mfi": 25.69287638046829, "atr": 0.004785714285714266}
[BLOCKED] BIOTRY reason=insufficient_cash order=71.77 cash=71.88
[SIGNAL] 2026-08-11T15:49:59+00:00 EIGENTRY BUY fill_at=2026-08-11T15:54:59+00:00 features={"close": 8.215, "bb_lower": 8.218373862337303, "bb_upper": 8.532768994805553, "rsi": 21.302229738973082, "mfi": 14.412178724001507, "atr": 0.04178571428571409}
[BLOCKED] EIGENTRY reason=insufficient_cash order=71.77 cash=71.88
[SIGNAL] 2026-08-11T15:49:59+00:00 ETHTRY BUY fill_at=2026-08-11T15:54:59+00:00 features={"close": 88637.0, "bb_lower": 88694.580151012, "bb_upper": 90202.6579442261, "rsi": 22.283604303462695, "mfi": 23.99218018399651, "atr": 230.57142857142858}
[BLOCKED] ETHTRY reason=insufficient_cash order=71.77 cash=71.88
[SIGNAL] 2026-08-11T15:49:59+00:00 FIDATRY BUY fill_at=2026-08-11T15:54:59+00:00 features={"close": 0.838, "bb_lower": 0.838862229705424, "bb_upper": 0.8584711036279096, "rsi": 26.433431545808006, "mfi": 41.788067839287606, "atr": 0.0025000000000000022}
[BLOCKED] FIDATRY reason=insufficient_cash order=71.77 cash=71.88
[SIGNAL] 2026-08-11T15:49:59+00:00 GRTTRY BUY fill_at=2026-08-11T15:54:59+00:00 features={"close": 0.656, "bb_lower": 0.6572196489379617, "bb_upper": 0.6759232082048955, "rsi": 20.837186997717495, "mfi": 16.692543451992336, "atr": 0.0020000000000000018}
[BLOCKED] GRTTRY reason=insufficient_cash order=71.77 cash=71.88
[SIGNAL] 2026-08-11T15:49:59+00:00 LINEATRY BUY fill_at=2026-08-11T15:54:59+00:00 features={"close": 0.1026, "bb_lower": 0.10298497415071341, "bb_upper": 0.1063864544207151, "rsi": 21.63410396043129, "mfi": 13.47438429193042, "atr": 0.0003928571428571432}
[BLOCKED] LINEATRY reason=insufficient_cash order=71.77 cash=71.88
[SIGNAL] 2026-08-11T15:49:59+00:00 MEGATRY BUY fill_at=2026-08-11T15:54:59+00:00 features={"close": 1.595, "bb_lower": 1.6030169653836632, "bb_upper": 1.6586020822353842, "rsi": 23.73488086212177, "mfi": 27.598633869995297, "atr": 0.007714285714285689}
[BLOCKED] MEGATRY reason=insufficient_cash order=71.77 cash=71.88
[SIGNAL] 2026-08-11T15:49:59+00:00 MINATRY BUY fill_at=2026-08-11T15:54:59+00:00 features={"close": 1.84, "bb_lower": 1.8463308364194084, "bb_upper": 1.9108120207234491, "rsi": 24.971015125440402, "mfi": 11.55883983152161, "atr": 0.007857142857142785}
[BLOCKED] MINATRY reason=insufficient_cash order=71.77 cash=71.88
[SIGNAL] 2026-08-11T15:49:59+00:00 PEOPLETRY BUY fill_at=2026-08-11T15:54:59+00:00 features={"close": 0.406, "bb_lower": 0.40627816978348935, "bb_upper": 0.41800754450222505, "rsi": 34.61605161141287, "mfi": 20.02355090251632, "atr": 0.0019285714285714184}
[BLOCKED] PEOPLETRY reason=insufficient_cash order=71.77 cash=71.88
[SIGNAL] 2026-08-11T15:49:59+00:00 PIXELTRY BUY fill_at=2026-08-11T15:54:59+00:00 features={"close": 0.21, "bb_lower": 0.2118562444644958, "bb_upper": 0.22195327934502806, "rsi": 20.54247537476256, "mfi": 21.299733699913077, "atr": 0.0014285714285714299}
[BLOCKED] PIXELTRY reason=insufficient_cash order=71.77 cash=71.88
[SIGNAL] 2026-08-11T15:49:59+00:00 PYTHTRY BUY fill_at=2026-08-11T15:54:59+00:00 features={"close": 1.983, "bb_lower": 1.9879461166436034, "bb_upper": 2.016911026213539, "rsi": 31.512103985876934, "mfi": 13.296760349723442, "atr": 0.0066428571428570615}
[BLOCKED] PYTHTRY reason=insufficient_cash order=71.77 cash=71.88
[SIGNAL] 2026-08-11T15:49:59+00:00 RARETRY BUY fill_at=2026-08-11T15:54:59+00:00 features={"close": 0.5776, "bb_lower": 0.578369417482071, "bb_upper": 0.5912591539465006, "rsi": 35.28998202479238, "mfi": 57.39199140537546, "atr": 0.0031714285714285867}
[BLOCKED] RARETRY reason=max_layers
[SIGNAL] 2026-08-11T15:49:59+00:00 RESOLVTRY BUY fill_at=2026-08-11T15:54:59+00:00 features={"close": 0.7841, "bb_lower": 0.785350911989428, "bb_upper": 0.8084300403915243, "rsi": 22.98910969314366, "mfi": 12.378268504508924, "atr": 0.0020785714285714136}
[BLOCKED] RESOLVTRY reason=insufficient_cash order=71.77 cash=71.88
[SIGNAL] 2026-08-11T15:49:59+00:00 SAGATRY BUY fill_at=2026-08-11T15:54:59+00:00 features={"close": 0.669, "bb_lower": 0.6703711097884059, "bb_upper": 0.6885812711639748, "rsi": 32.41894135094854, "mfi": 32.66943176970133, "atr": 0.0037142857142857177}
[BLOCKED] SAGATRY reason=insufficient_cash order=71.77 cash=71.88
[SIGNAL] 2026-08-11T15:49:59+00:00 STRKTRY BUY fill_at=2026-08-11T15:54:59+00:00 features={"close": 1.1, "bb_lower": 1.1025433179798432, "bb_upper": 1.1308852534487284, "rsi": 30.230775554765643, "mfi": 31.701608896523894, "atr": 0.006000000000000005}
[BLOCKED] STRKTRY reason=insufficient_cash order=71.77 cash=71.88
[SIGNAL] 2026-08-11T15:49:59+00:00 SYRUPTRY BUY fill_at=2026-08-11T15:54:59+00:00 features={"close": 7.136, "bb_lower": 7.144333912642623, "bb_upper": 7.300904182595468, "rsi": 27.359049950294022, "mfi": 2.554473129095939, "atr": 0.01985714285714289}
[BLOCKED] SYRUPTRY reason=insufficient_cash order=71.77 cash=71.88
[SIGNAL] 2026-08-11T15:49:59+00:00 THETRY BUY fill_at=2026-08-11T15:54:59+00:00 features={"close": 2.875, "bb_lower": 2.893686642552291, "bb_upper": 3.0425990717334237, "rsi": 22.78629302159625, "mfi": 17.581508812632663, "atr": 0.01742857142857141}
[BLOCKED] THETRY reason=insufficient_cash order=71.77 cash=71.88
[SIGNAL] 2026-08-11T15:49:59+00:00 TOWNSTRY BUY fill_at=2026-08-11T15:54:59+00:00 features={"close": 0.11, "bb_lower": 0.11010850668809545, "bb_upper": 0.11436768378809505, "rsi": 31.17027184901623, "mfi": 24.959906566358413, "atr": 0.00042857142857142893}
[BLOCKED] TOWNSTRY reason=insufficient_cash order=71.77 cash=71.88
[SIGNAL] 2026-08-11T15:49:59+00:00 TRUMPTRY BUY fill_at=2026-08-11T15:54:59+00:00 features={"close": 70.3, "bb_lower": 70.64307968607112, "bb_upper": 72.68072983773838, "rsi": 17.5393527363332, "mfi": 24.532629918512512, "atr": 0.27857142857142797}
[BLOCKED] TRUMPTRY reason=insufficient_cash order=71.77 cash=71.88
[SIGNAL] 2026-08-11T15:49:59+00:00 WLFITRY BUY fill_at=2026-08-11T15:54:59+00:00 features={"close": 2.618, "bb_lower": 2.6218106442964757, "bb_upper": 2.654189355703525, "rsi": 30.30039084087086, "mfi": 13.191893041150522, "atr": 0.004642857142857139}
[BLOCKED] WLFITRY reason=insufficient_cash order=71.77 cash=71.88
[SCAN] 2026-08-11T15:54:59+00:00 symbols=312 signals=25 entries=0 exits=0 blocked=94 open=8 cash=71.88 equity=9560.60
[SIGNAL] 2026-08-11T15:54:59+00:00 1000CATTRY BUY fill_at=2026-08-11T15:59:59+00:00 features={"close": 0.078, "bb_lower": 0.07800554911270695, "bb_upper": 0.08494683183967404, "rsi": 26.520073021864818, "mfi": 14.221496685393973, "atr": 0.0006428571428571435}
[BLOCKED] 1000CATTRY reason=insufficient_cash order=71.77 cash=71.88
[SIGNAL] 2026-08-11T15:54:59+00:00 APTTRY BUY fill_at=2026-08-11T15:59:59+00:00 features={"close": 27.2, "bb_lower": 27.234851628329892, "bb_upper": 27.96514837167011, "rsi": 22.416084514976745, "mfi": 33.87310827571147, "atr": 0.10000000000000066}
[BLOCKED] APTTRY reason=insufficient_cash order=71.77 cash=71.88
[SIGNAL] 2026-08-11T15:54:59+00:00 BABYTRY BUY fill_at=2026-08-11T15:59:59+00:00 features={"close": 0.607, "bb_lower": 0.6085361684950572, "bb_upper": 0.6263209743620857, "rsi": 23.481114664741852, "mfi": 2.4217572483823346, "atr": 0.0019285714285714303}
[BLOCKED] BABYTRY reason=insufficient_cash order=71.77 cash=71.88
[SIGNAL] 2026-08-11T15:54:59+00:00 BIOTRY BUY fill_at=2026-08-11T15:59:59+00:00 features={"close": 1.184, "bb_lower": 1.1846539134245702, "bb_upper": 1.2285841818135252, "rsi": 26.338676261041684, "mfi": 24.09330232119642, "atr": 0.004928571428571393}
[BLOCKED] BIOTRY reason=insufficient_cash order=71.77 cash=71.88
[SIGNAL] 2026-08-11T15:54:59+00:00 ETHTRY BUY fill_at=2026-08-11T15:59:59+00:00 features={"close": 88561.0, "bb_lower": 88582.53660186807, "bb_upper": 90174.32054098907, "rsi": 21.17207634040976, "mfi": 22.78830467324636, "atr": 231.64285714285714}
[BLOCKED] ETHTRY reason=insufficient_cash order=71.77 cash=71.88
[SIGNAL] 2026-08-11T15:54:59+00:00 FIDATRY BUY fill_at=2026-08-11T15:59:59+00:00 features={"close": 0.837, "bb_lower": 0.8371272763440507, "bb_upper": 0.8586822474654732, "rsi": 25.292588692553053, "mfi": 28.48845471591791, "atr": 0.002571428571428574}
[BLOCKED] FIDATRY reason=insufficient_cash order=71.77 cash=71.88
[SIGNAL] 2026-08-11T15:54:59+00:00 LINEATRY BUY fill_at=2026-08-11T15:59:59+00:00 features={"close": 0.1023, "bb_lower": 0.10260019401328616, "bb_upper": 0.1064569488438567, "rsi": 19.91522690189926, "mfi": 13.077132227606299, "atr": 0.0003999999999999996}
[BLOCKED] LINEATRY reason=insufficient_cash order=71.77 cash=71.88
[SIGNAL] 2026-08-11T15:54:59+00:00 MEGATRY BUY fill_at=2026-08-11T15:59:59+00:00 features={"close": 1.595, "bb_lower": 1.5973818611546424, "bb_upper": 1.6597609959882151, "rsi": 23.73488088674219, "mfi": 25.434282390888796, "atr": 0.007857142857142832}
[BLOCKED] MEGATRY reason=insufficient_cash order=71.77 cash=71.88
[SIGNAL] 2026-08-11T15:54:59+00:00 MINATRY BUY fill_at=2026-08-11T15:59:59+00:00 features={"close": 1.84, "bb_lower": 1.8405012618170529, "bb_upper": 1.9128320715162814, "rsi": 24.971015123716754, "mfi": 12.421698295188364, "atr": 0.008571428571428499}
[BLOCKED] MINATRY reason=insufficient_cash order=71.77 cash=71.88
[SIGNAL] 2026-08-11T15:54:59+00:00 PIXELTRY BUY fill_at=2026-08-11T15:59:59+00:00 features={"close": 0.21, "bb_lower": 0.21071350512660209, "bb_upper": 0.22233411392101704, "rsi": 20.5424753394191, "mfi": 18.588507950484512, "atr": 0.0013571428571428584}
[BLOCKED] PIXELTRY reason=insufficient_cash order=71.77 cash=71.88
[SIGNAL] 2026-08-11T15:54:59+00:00 PNUTTRY BUY fill_at=2026-08-11T15:59:59+00:00 features={"close": 1.9, "bb_lower": 1.9005705385152065, "bb_upper": 1.9413342233895545, "rsi": 26.45761155500844, "mfi": 13.587790747867714, "atr": 0.0064285714285714345}
[BLOCKED] PNUTTRY reason=insufficient_cash order=71.77 cash=71.88
[SIGNAL] 2026-08-11T15:54:59+00:00 PYTHTRY BUY fill_at=2026-08-11T15:59:59+00:00 features={"close": 1.98, "bb_lower": 1.9839691342082781, "bb_upper": 2.0186022943631485, "rsi": 29.638189613426334, "mfi": 12.727779116417821, "atr": 0.006571428571428498}
[BLOCKED] PYTHTRY reason=insufficient_cash order=71.77 cash=71.88
[SIGNAL] 2026-08-11T15:54:59+00:00 RARETRY BUY fill_at=2026-08-11T15:59:59+00:00 features={"close": 0.5762, "bb_lower": 0.5772346610244723, "bb_upper": 0.5918701008802896, "rsi": 33.08831317274171, "mfi": 56.53659158472646, "atr": 0.0031785714285714355}
[BLOCKED] RARETRY reason=max_layers
[SIGNAL] 2026-08-11T15:54:59+00:00 STRKTRY BUY fill_at=2026-08-11T15:59:59+00:00 features={"close": 1.098, "bb_lower": 1.099540845555308, "bb_upper": 1.1316020115875494, "rsi": 28.853666792938483, "mfi": 31.62675469629258, "atr": 0.00599999999999999}
[BLOCKED] STRKTRY reason=insufficient_cash order=71.77 cash=71.88
[SIGNAL] 2026-08-11T15:54:59+00:00 THETRY BUY fill_at=2026-08-11T15:59:59+00:00 features={"close": 2.867, "bb_lower": 2.8772476838682617, "bb_upper": 3.0465618399412615, "rsi": 21.690506876591826, "mfi": 19.123254327488908, "atr": 0.01721428571428569}
[BLOCKED] THETRY reason=insufficient_cash order=71.77 cash=71.88
[SIGNAL] 2026-08-11T15:54:59+00:00 TRUMPTRY BUY fill_at=2026-08-11T15:59:59+00:00 features={"close": 70.2, "bb_lower": 70.39849109955499, "bb_upper": 72.74436604330212, "rsi": 16.660843745923998, "mfi": 19.697057536904694, "atr": 0.2928571428571424}
[BLOCKED] TRUMPTRY reason=insufficient_cash order=71.77 cash=71.88
[SCAN] 2026-08-11T15:59:59+00:00 symbols=312 signals=16 entries=0 exits=0 blocked=47 open=8 cash=71.88 equity=9578.38
[SIGNAL] 2026-08-11T15:59:59+00:00 MAGICTRY BUY fill_at=2026-08-11T16:04:59+00:00 features={"close": 1.91, "bb_lower": 1.910772343772711, "bb_upper": 1.9663705133701452, "rsi": 9.321979658768399, "mfi": 13.722953433447529, "atr": 0.0050000000000000044}
[ENTRY] 2026-08-11T16:04:59+00:00 MAGICTRY layer=1 value=956.24 entry=1.92144000 cash=1041.97
[SIGNAL] 2026-08-11T15:59:59+00:00 PORTOTRY BUY fill_at=2026-08-11T16:04:59+00:00 features={"close": 20.81, "bb_lower": 20.846920399524443, "bb_upper": 21.34355579095174, "rsi": 3.2297952436817354, "mfi": 16.91694284876705, "atr": 0.030714285714285947}
[ENTRY] 2026-08-11T16:04:59+00:00 PORTOTRY layer=1 value=955.53 entry=20.90566750 cash=85.01
[SIGNAL] 2026-08-11T15:59:59+00:00 SPKTRY BUY fill_at=2026-08-11T16:04:59+00:00 features={"close": 0.6616, "bb_lower": 0.6622221102297079, "bb_upper": 0.678330270722673, "rsi": 19.541883503699808, "mfi": 14.637404998715752, "atr": 0.0016857142857142824}
[BLOCKED] SPKTRY reason=insufficient_cash order=84.89 cash=85.01
[SIGNAL] 2026-08-11T15:59:59+00:00 XECTRY BUY fill_at=2026-08-11T16:04:59+00:00 features={"close": 0.0003085, "bb_lower": 0.00030876250061588845, "bb_upper": 0.00031854226128887335, "rsi": 18.483046884106358, "mfi": 17.97282395405793, "atr": 8.285714285714255e-07}
[BLOCKED] XECTRY reason=insufficient_cash order=84.89 cash=85.01
[SIGNAL] 2026-08-11T15:59:59+00:00 XPLTRY BUY fill_at=2026-08-11T16:04:59+00:00 features={"close": 3.61, "bb_lower": 3.6124110272591623, "bb_upper": 3.774636591788456, "rsi": 21.469372506823603, "mfi": 12.76880689421877, "atr": 0.01192857142857148}
[BLOCKED] XPLTRY reason=insufficient_cash order=84.89 cash=85.01
[SCAN] 2026-08-11T16:04:59+00:00 symbols=312 signals=5 entries=2 exits=2 blocked=7 open=8 cash=85.01 equity=9553.57
[SIGNAL] 2026-08-11T16:04:59+00:00 AUDIOTRY BUY fill_at=2026-08-11T16:09:59+00:00 features={"close": 0.5878, "bb_lower": 0.5895439247354166, "bb_upper": 0.5995894085979165, "rsi": 32.77523742125808, "mfi": 51.59815809856236, "atr": 0.002185714285714283}
[BLOCKED] AUDIOTRY reason=insufficient_cash order=84.89 cash=85.01
[SIGNAL] 2026-08-11T16:04:59+00:00 EULTRY BUY fill_at=2026-08-11T16:09:59+00:00 features={"close": 55.2, "bb_lower": 55.24503757933287, "bb_upper": 56.574010039714764, "rsi": 25.858033844219122, "mfi": 3.4555341066858176, "atr": 0.18571428571428633}
[BLOCKED] EULTRY reason=insufficient_cash order=84.89 cash=85.01
[SIGNAL] 2026-08-11T16:04:59+00:00 FTRY BUY fill_at=2026-08-11T16:09:59+00:00 features={"close": 0.1316, "bb_lower": 0.13179960604411695, "bb_upper": 0.14239087014635926, "rsi": 16.102970862480575, "mfi": 1.973636127735702, "atr": 0.0009785714285714278}
[BLOCKED] FTRY reason=max_layers
[SIGNAL] 2026-08-11T16:04:59+00:00 PIXELTRY BUY fill_at=2026-08-11T16:09:59+00:00 features={"close": 0.208, "bb_lower": 0.2084614217536241, "bb_upper": 0.2230623877701855, "rsi": 16.88937231493739, "mfi": 15.825282908724375, "atr": 0.0013571428571428584}
[BLOCKED] PIXELTRY reason=insufficient_cash order=84.89 cash=85.01
[SIGNAL] 2026-08-11T16:04:59+00:00 STRKTRY BUY fill_at=2026-08-11T16:09:59+00:00 features={"close": 1.09, "bb_lower": 1.0933652397640359, "bb_upper": 1.1326347602359645, "rsi": 25.66239380054988, "mfi": 23.657356055221413, "atr": 0.006928571428571411}
[BLOCKED] STRKTRY reason=insufficient_cash order=84.89 cash=85.01
[SIGNAL] 2026-08-11T16:04:59+00:00 ZKTRY BUY fill_at=2026-08-11T16:09:59+00:00 features={"close": 0.354, "bb_lower": 0.3575421415067726, "bb_upper": 0.37731500135037027, "rsi": 21.217497204007913, "mfi": 3.2805369896747862, "atr": 0.002642857142857145}
[BLOCKED] ZKTRY reason=insufficient_cash order=84.89 cash=85.01
[SCAN] 2026-08-11T16:09:59+00:00 symbols=312 signals=6 entries=0 exits=0 blocked=10 open=8 cash=85.01 equity=9602.58
[SIGNAL] 2026-08-11T16:09:59+00:00 BOMETRY BUY fill_at=2026-08-11T16:14:59+00:00 features={"close": 0.0358, "bb_lower": 0.035903568133354394, "bb_upper": 0.03684976519997894, "rsi": 31.089272829849335, "mfi": 3.9847187902013275, "atr": 0.00017142857142857088}
[BLOCKED] BOMETRY reason=insufficient_cash order=84.89 cash=85.01
[SIGNAL] 2026-08-11T16:09:59+00:00 EULTRY BUY fill_at=2026-08-11T16:14:59+00:00 features={"close": 55.1, "bb_lower": 55.122733561636814, "bb_upper": 56.62012358122032, "rsi": 24.10243305453909, "mfi": 3.3402365786511723, "atr": 0.19285714285714356}
[BLOCKED] EULTRY reason=insufficient_cash order=84.89 cash=85.01
[SIGNAL] 2026-08-11T16:09:59+00:00 ZKTRY BUY fill_at=2026-08-11T16:14:59+00:00 features={"close": 0.354, "bb_lower": 0.3553834855957422, "bb_upper": 0.37775937154711503, "rsi": 21.217497206566676, "mfi": 3.243552894717581, "atr": 0.002571428571428574}
[BLOCKED] ZKTRY reason=insufficient_cash order=84.89 cash=85.01
[SCAN] 2026-08-11T16:14:59+00:00 symbols=312 signals=3 entries=0 exits=0 blocked=6 open=8 cash=85.01 equity=9620.30
[SIGNAL] 2026-08-11T16:14:59+00:00 BOMETRY BUY fill_at=2026-08-11T16:19:59+00:00 features={"close": 0.03565, "bb_lower": 0.035786682034659914, "bb_upper": 0.03686379415581627, "rsi": 28.423030818215764, "mfi": 4.742763624479053, "atr": 0.00015857142857142806}
[BLOCKED] BOMETRY reason=insufficient_cash order=84.89 cash=85.01
[SCAN] 2026-08-11T16:19:59+00:00 symbols=312 signals=1 entries=0 exits=0 blocked=3 open=8 cash=85.01 equity=9616.30
[SCAN] 2026-08-11T16:24:59+00:00 symbols=312 signals=0 entries=0 exits=0 blocked=2 open=8 cash=85.01 equity=9635.07
[SIGNAL] 2026-08-11T16:24:59+00:00 EULTRY BUY fill_at=2026-08-11T16:29:59+00:00 features={"close": 54.7, "bb_lower": 54.71123235324872, "bb_upper": 56.72686288484654, "rsi": 18.094866361264565, "mfi": 1.809475571354639, "atr": 0.20714285714285754}
[BLOCKED] EULTRY reason=insufficient_cash order=84.89 cash=85.01
[SCAN] 2026-08-11T16:29:59+00:00 symbols=312 signals=1 entries=0 exits=0 blocked=2 open=8 cash=85.01 equity=9626.12
[SIGNAL] 2026-08-11T16:29:59+00:00 EULTRY BUY fill_at=2026-08-11T16:34:59+00:00 features={"close": 54.4, "bb_lower": 54.50088697643624, "bb_upper": 56.77530349975424, "rsi": 14.946807329295794, "mfi": 1.6523545230072187, "atr": 0.24285714285714327}
[BLOCKED] EULTRY reason=insufficient_cash order=84.89 cash=85.01
[SCAN] 2026-08-11T16:34:59+00:00 symbols=312 signals=1 entries=0 exits=0 blocked=5 open=8 cash=85.01 equity=9617.19
[SIGNAL] 2026-08-11T16:34:59+00:00 MITOTRY BUY fill_at=2026-08-11T16:39:59+00:00 features={"close": 1.212, "bb_lower": 1.2320076199185663, "bb_upper": 1.2986590467481, "rsi": 33.1277697475108, "mfi": 42.826501688799176, "atr": 0.022142857142857113}
[BLOCKED] MITOTRY reason=insufficient_cash order=84.89 cash=85.01
[SIGNAL] 2026-08-11T16:34:59+00:00 MMTTRY BUY fill_at=2026-08-11T16:39:59+00:00 features={"close": 10.19, "bb_lower": 10.263199484038067, "bb_upper": 10.66822908739051, "rsi": 31.98546534695788, "mfi": 22.061929463464082, "atr": 0.11499999999999984}
[BLOCKED] MMTTRY reason=insufficient_cash order=84.89 cash=85.01
[SIGNAL] 2026-08-11T16:34:59+00:00 SYRUPTRY BUY fill_at=2026-08-11T16:39:59+00:00 features={"close": 7.051, "bb_lower": 7.054261013172692, "bb_upper": 7.267262796351115, "rsi": 15.884962678517155, "mfi": 3.1430329303911293, "atr": 0.013928571428571512}
[BLOCKED] SYRUPTRY reason=insufficient_cash order=84.89 cash=85.01
[SCAN] 2026-08-11T16:39:59+00:00 symbols=312 signals=3 entries=0 exits=0 blocked=5 open=8 cash=85.01 equity=9613.30
[SIGNAL] 2026-08-11T16:39:59+00:00 HOMETRY BUY fill_at=2026-08-11T16:44:59+00:00 features={"close": 0.408, "bb_lower": 0.4094202863219794, "bb_upper": 0.41791304701135384, "rsi": 33.40778621666634, "mfi": 37.00555412550766, "atr": 0.0031428571428571456}
[BLOCKED] HOMETRY reason=insufficient_cash order=84.89 cash=85.01
[SIGNAL] 2026-08-11T16:39:59+00:00 MITOTRY BUY fill_at=2026-08-11T16:44:59+00:00 features={"close": 1.201, "bb_lower": 1.2216458960467964, "bb_upper": 1.305401723000823, "rsi": 31.026480347725396, "mfi": 31.045435985798832, "atr": 0.023571428571428545}
[BLOCKED] MITOTRY reason=insufficient_cash order=84.89 cash=85.01
[SIGNAL] 2026-08-11T16:39:59+00:00 MMTTRY BUY fill_at=2026-08-11T16:44:59+00:00 features={"close": 10.07, "bb_lower": 10.182677876467762, "bb_upper": 10.70779831400843, "rsi": 27.43306146664385, "mfi": 18.601585970958553, "atr": 0.11857142857142833}
[BLOCKED] MMTTRY reason=insufficient_cash order=84.89 cash=85.01
[SIGNAL] 2026-08-11T16:39:59+00:00 SYRUPTRY BUY fill_at=2026-08-11T16:44:59+00:00 features={"close": 7.035, "bb_lower": 7.039460172086482, "bb_upper": 7.261301732675419, "rsi": 14.345716501729967, "mfi": 3.1536791622704783, "atr": 0.014571428571428615}
[BLOCKED] SYRUPTRY reason=insufficient_cash order=84.89 cash=85.01
[SCAN] 2026-08-11T16:44:59+00:00 symbols=312 signals=4 entries=0 exits=0 blocked=7 open=8 cash=85.01 equity=9617.18
[SIGNAL] 2026-08-11T16:44:59+00:00 FETTRY BUY fill_at=2026-08-11T16:49:59+00:00 features={"close": 6.3, "bb_lower": 6.300238843972663, "bb_upper": 6.375951632217813, "rsi": 36.37786726816038, "mfi": 22.394653650120176, "atr": 0.019999999999999955}
[BLOCKED] FETTRY reason=insufficient_cash order=84.89 cash=85.01
[SIGNAL] 2026-08-11T16:44:59+00:00 LISTATRY BUY fill_at=2026-08-11T16:49:59+00:00 features={"close": 3.07, "bb_lower": 3.1137766879667788, "bb_upper": 3.3347947406046496, "rsi": 23.83387305650656, "mfi": 14.423647111679017, "atr": 0.02857142857142863}
[BLOCKED] LISTATRY reason=insufficient_cash order=84.89 cash=85.01
[SIGNAL] 2026-08-11T16:44:59+00:00 MITOTRY BUY fill_at=2026-08-11T16:49:59+00:00 features={"close": 1.204, "bb_lower": 1.2118406549908685, "bb_upper": 1.3097783926281792, "rsi": 32.29530937523782, "mfi": 25.383640090664713, "atr": 0.02421428571428568}
[BLOCKED] MITOTRY reason=insufficient_cash order=84.89 cash=85.01
[SIGNAL] 2026-08-11T16:44:59+00:00 MMTTRY BUY fill_at=2026-08-11T16:49:59+00:00 features={"close": 10.07, "bb_lower": 10.120124706543148, "bb_upper": 10.723684817266378, "rsi": 27.43306147725592, "mfi": 14.73604023889844, "atr": 0.11142857142857121}
[BLOCKED] MMTTRY reason=insufficient_cash order=84.89 cash=85.01
[SCAN] 2026-08-11T16:49:59+00:00 symbols=312 signals=4 entries=0 exits=0 blocked=8 open=8 cash=85.01 equity=9615.50
[SIGNAL] 2026-08-11T16:49:59+00:00 ACTTRY BUY fill_at=2026-08-11T16:54:59+00:00 features={"close": 0.4848, "bb_lower": 0.48672422440383917, "bb_upper": 0.4967805375009228, "rsi": 29.4400474768795, "mfi": 21.25678897822675, "atr": 0.0021428571428571486}
[BLOCKED] ACTTRY reason=insufficient_cash order=84.89 cash=85.01
[SIGNAL] 2026-08-11T16:49:59+00:00 AUDIOTRY BUY fill_at=2026-08-11T16:54:59+00:00 features={"close": 0.5867, "bb_lower": 0.5875755402209119, "bb_upper": 0.5962244597790886, "rsi": 34.258054152266084, "mfi": 22.844630500892208, "atr": 0.0025785714285714223}
[BLOCKED] AUDIOTRY reason=insufficient_cash order=84.89 cash=85.01
[SCAN] 2026-08-11T16:54:59+00:00 symbols=312 signals=2 entries=0 exits=0 blocked=6 open=8 cash=85.01 equity=9629.03
[SIGNAL] 2026-08-11T16:54:59+00:00 AUDIOTRY BUY fill_at=2026-08-11T16:59:59+00:00 features={"close": 0.5866, "bb_lower": 0.5867987258589478, "bb_upper": 0.5962679408077189, "rsi": 34.07822378590244, "mfi": 15.779200666974958, "atr": 0.0027357142857142858}
[BLOCKED] AUDIOTRY reason=insufficient_cash order=84.89 cash=85.01
[SIGNAL] 2026-08-11T16:54:59+00:00 BANKTRY BUY fill_at=2026-08-11T16:59:59+00:00 features={"close": 1.766, "bb_lower": 1.7662307763768643, "bb_upper": 1.7981501760040874, "rsi": 35.87734636906801, "mfi": 17.838650666409734, "atr": 0.006214285714285712}
[BLOCKED] BANKTRY reason=insufficient_cash order=84.89 cash=85.01
[SCAN] 2026-08-11T16:59:59+00:00 symbols=312 signals=2 entries=0 exits=0 blocked=6 open=8 cash=85.01 equity=9621.35
[SIGNAL] 2026-08-11T16:59:59+00:00 BANKTRY BUY fill_at=2026-08-11T17:04:59+00:00 features={"close": 1.741, "bb_lower": 1.7564681914447238, "bb_upper": 1.8038175228409903, "rsi": 24.133203328767408, "mfi": 13.624236971861535, "atr": 0.010999999999999994}
[BLOCKED] BANKTRY reason=insufficient_cash order=84.89 cash=85.01
[SIGNAL] 2026-08-11T16:59:59+00:00 ONETRY BUY fill_at=2026-08-11T17:04:59+00:00 features={"close": 0.0566, "bb_lower": 0.05676200828768951, "bb_upper": 0.058514182188500956, "rsi": 16.123894984476223, "mfi": 29.07100242370042, "atr": 0.0002571428571428576}
[BLOCKED] ONETRY reason=insufficient_cash order=84.89 cash=85.01
[SIGNAL] 2026-08-11T16:59:59+00:00 RETRY BUY fill_at=2026-08-11T17:04:59+00:00 features={"close": 19.86, "bb_lower": 19.877632669073904, "bb_upper": 20.29379590235466, "rsi": 40.24583354037127, "mfi": 27.743481686058118, "atr": 0.10499999999999966}
[BLOCKED] RETRY reason=insufficient_cash order=84.89 cash=85.01
[SCAN] 2026-08-11T17:04:59+00:00 symbols=312 signals=3 entries=0 exits=0 blocked=4 open=8 cash=85.01 equity=9599.01
[SIGNAL] 2026-08-11T17:04:59+00:00 BANKTRY BUY fill_at=2026-08-11T17:09:59+00:00 features={"close": 1.74, "bb_lower": 1.7489384888801112, "bb_upper": 1.8070615111198889, "rsi": 23.79566663540298, "mfi": 24.135981398155266, "atr": 0.011857142857142835}
[BLOCKED] BANKTRY reason=insufficient_cash order=84.89 cash=85.01
[SIGNAL] 2026-08-11T17:04:59+00:00 HEITRY BUY fill_at=2026-08-11T17:09:59+00:00 features={"close": 7.119, "bb_lower": 7.166930827119, "bb_upper": 7.3823072681190975, "rsi": 32.43977041885802, "mfi": 36.02784440784837, "atr": 0.051214285714285754}
[BLOCKED] HEITRY reason=insufficient_cash order=84.89 cash=85.01
[SIGNAL] 2026-08-11T17:04:59+00:00 ONETRY BUY fill_at=2026-08-11T17:09:59+00:00 features={"close": 0.0566, "bb_lower": 0.056611812734514724, "bb_upper": 0.05852152059881861, "rsi": 16.123894983009478, "mfi": 28.632308180048227, "atr": 0.0002642857142857144}
[BLOCKED] ONETRY reason=insufficient_cash order=84.89 cash=85.01
[SIGNAL] 2026-08-11T17:04:59+00:00 RETRY BUY fill_at=2026-08-11T17:09:59+00:00 features={"close": 19.77, "bb_lower": 19.82228896778259, "bb_upper": 20.312949127455504, "rsi": 36.59541500479926, "mfi": 31.67721137676537, "atr": 0.10928571428571386}
[BLOCKED] RETRY reason=insufficient_cash order=84.89 cash=85.01
[SCAN] 2026-08-11T17:09:59+00:00 symbols=312 signals=4 entries=0 exits=0 blocked=5 open=8 cash=85.01 equity=9587.61
[SIGNAL] 2026-08-11T17:09:59+00:00 ONETRY BUY fill_at=2026-08-11T17:14:59+00:00 features={"close": 0.0563, "bb_lower": 0.05641615810595248, "bb_upper": 0.058545746655952274, "rsi": 13.382437644207755, "mfi": 28.067302148015415, "atr": 0.00028571428571428546}
[BLOCKED] ONETRY reason=insufficient_cash order=84.89 cash=85.01
[SIGNAL] 2026-08-11T17:09:59+00:00 RETRY BUY fill_at=2026-08-11T17:14:59+00:00 features={"close": 19.74, "bb_lower": 19.78261124313794, "bb_upper": 20.298341137814443, "rsi": 35.43478865064067, "mfi": 31.47726345123742, "atr": 0.10357142857142827}
[BLOCKED] RETRY reason=insufficient_cash order=84.89 cash=85.01
[SCAN] 2026-08-11T17:14:59+00:00 symbols=312 signals=2 entries=0 exits=0 blocked=6 open=8 cash=85.01 equity=9583.93
[SCAN] 2026-08-11T17:19:59+00:00 symbols=312 signals=0 entries=0 exits=0 blocked=4 open=8 cash=85.01 equity=9590.74
[SIGNAL] 2026-08-11T17:19:59+00:00 HEITRY BUY fill_at=2026-08-11T17:24:59+00:00 features={"close": 7.108, "bb_lower": 7.1184754086733255, "bb_upper": 7.373715067517151, "rsi": 34.322609621226505, "mfi": 29.876156365501203, "atr": 0.0502142857142858}
[BLOCKED] HEITRY reason=insufficient_cash order=84.89 cash=85.01
[SIGNAL] 2026-08-11T17:19:59+00:00 HOMETRY BUY fill_at=2026-08-11T17:24:59+00:00 features={"close": 0.406, "bb_lower": 0.4061460961193366, "bb_upper": 0.41804438007113953, "rsi": 34.67093946930618, "mfi": 33.57998604658124, "atr": 0.002785714285714284}
[BLOCKED] HOMETRY reason=insufficient_cash order=84.89 cash=85.01
[SIGNAL] 2026-08-11T17:19:59+00:00 ONETRY BUY fill_at=2026-08-11T17:24:59+00:00 features={"close": 0.056, "bb_lower": 0.05605699634566515, "bb_upper": 0.058533479844811054, "rsi": 11.156283273087453, "mfi": 28.360347153812725, "atr": 0.00032857142857142856}
[BLOCKED] ONETRY reason=insufficient_cash order=84.89 cash=85.01
[SCAN] 2026-08-11T17:24:59+00:00 symbols=312 signals=3 entries=0 exits=0 blocked=8 open=8 cash=85.01 equity=9554.72
[SIGNAL] 2026-08-11T17:24:59+00:00 HEITRY BUY fill_at=2026-08-11T17:29:59+00:00 features={"close": 7.093, "bb_lower": 7.096008277584774, "bb_upper": 7.375420293843796, "rsi": 33.08257850207886, "mfi": 25.03838243076686, "atr": 0.04935714285714291}
[BLOCKED] HEITRY reason=insufficient_cash order=84.89 cash=85.01
[SIGNAL] 2026-08-11T17:24:59+00:00 HOMETRY BUY fill_at=2026-08-11T17:29:59+00:00 features={"close": 0.405, "bb_lower": 0.4050884388413887, "bb_upper": 0.41843537068242087, "rsi": 33.093490600955164, "mfi": 37.23741066140871, "atr": 0.0027857142857142803}
[BLOCKED] HOMETRY reason=insufficient_cash order=84.89 cash=85.01
[SCAN] 2026-08-11T17:29:59+00:00 symbols=312 signals=2 entries=0 exits=0 blocked=8 open=8 cash=85.01 equity=9552.11
[SIGNAL] 2026-08-11T17:29:59+00:00 ACETRY BUY fill_at=2026-08-11T17:34:59+00:00 features={"close": 5.06, "bb_lower": 5.061334296732517, "bb_upper": 5.176665703267482, "rsi": 38.379915381199545, "mfi": 19.407658588343423, "atr": 0.03392857142857134}
[BLOCKED] ACETRY reason=insufficient_cash order=84.89 cash=85.01
[SIGNAL] 2026-08-11T17:29:59+00:00 HOMETRY BUY fill_at=2026-08-11T17:34:59+00:00 features={"close": 0.401, "bb_lower": 0.4031692768489283, "bb_upper": 0.41902119934154786, "rsi": 27.643405210610155, "mfi": 29.822145788379842, "atr": 0.003071428571428566}
[BLOCKED] HOMETRY reason=insufficient_cash order=84.89 cash=85.01
[SIGNAL] 2026-08-11T17:29:59+00:00 NIGHTTRY BUY fill_at=2026-08-11T17:34:59+00:00 features={"close": 0.835, "bb_lower": 0.8352263190934925, "bb_upper": 0.8627736809065074, "rsi": 28.930930392221654, "mfi": 16.788558856011605, "atr": 0.0032857142857142885}
[BLOCKED] NIGHTTRY reason=insufficient_cash order=84.89 cash=85.01
[EXIT] 2026-08-11T17:34:59+00:00 FTRY reason=fixed_stop_loss pnl=-181.01 cash=1866.55
[SCAN] 2026-08-11T17:34:59+00:00 symbols=312 signals=3 entries=0 exits=1 blocked=7 open=7 cash=1866.55 equity=9530.49
[SIGNAL] 2026-08-11T17:34:59+00:00 BBTRY BUY fill_at=2026-08-11T17:39:59+00:00 features={"close": 0.6006, "bb_lower": 0.6016578918946862, "bb_upper": 0.6094373462005518, "rsi": 32.04734598500869, "mfi": 33.91833421128574, "atr": 0.002600000000000015}
[ENTRY] 2026-08-11T17:39:59+00:00 BBTRY layer=1 value=952.73 entry=0.60024985 cash=912.39
[SIGNAL] 2026-08-11T17:34:59+00:00 BONKTRY BUY fill_at=2026-08-11T17:39:59+00:00 features={"close": 0.0001096, "bb_lower": 0.00010966905510639328, "bb_upper": 0.00011042618298884478, "rsi": 32.191095959093786, "mfi": 49.58822897555342, "atr": 2.4285714285714197e-07}
[ENTRY] 2026-08-11T17:39:59+00:00 BONKTRY layer=1 value=911.02 entry=0.00010978 cash=0.00
[SIGNAL] 2026-08-11T17:34:59+00:00 EDUTRY BUY fill_at=2026-08-11T17:39:59+00:00 features={"close": 1.82, "bb_lower": 1.8214005844134036, "bb_upper": 1.8538375108246918, "rsi": 39.61471010912535, "mfi": 15.765892004070878, "atr": 0.0064285714285714345}
[BLOCKED] EDUTRY reason=insufficient_cash order=0.00 cash=0.00
[SIGNAL] 2026-08-11T17:34:59+00:00 HOMETRY BUY fill_at=2026-08-11T17:39:59+00:00 features={"close": 0.4, "bb_lower": 0.40142462526958594, "bb_upper": 0.4192420413970808, "rsi": 26.463075988388212, "mfi": 25.33866230911795, "atr": 0.002999999999999995}
[BLOCKED] HOMETRY reason=insufficient_cash order=0.00 cash=0.00
[SIGNAL] 2026-08-11T17:34:59+00:00 PORTOTRY BUY fill_at=2026-08-11T17:39:59+00:00 features={"close": 20.75, "bb_lower": 20.759218752400606, "bb_upper": 21.151257438075582, "rsi": 19.443003555937167, "mfi": 2.7166250740541074, "atr": 0.028571428571428723}
[BLOCKED] PORTOTRY reason=insufficient_cash order=0.00 cash=0.00
[SCAN] 2026-08-11T17:39:59+00:00 symbols=312 signals=5 entries=2 exits=0 blocked=10 open=9 cash=0.00 equity=9520.54
[SIGNAL] 2026-08-11T17:39:59+00:00 ACETRY BUY fill_at=2026-08-11T17:44:59+00:00 features={"close": 5.05, "bb_lower": 5.051950844872234, "bb_upper": 5.181858678937289, "rsi": 36.60212095826959, "mfi": 18.999250992986106, "atr": 0.03357142857142849}
[BLOCKED] ACETRY reason=insufficient_cash order=0.00 cash=0.00
[SIGNAL] 2026-08-11T17:39:59+00:00 BBTRY BUY fill_at=2026-08-11T17:44:59+00:00 features={"close": 0.5992, "bb_lower": 0.600594439702046, "bb_upper": 0.6100246079170015, "rsi": 30.00326919766701, "mfi": 32.92142833137366, "atr": 0.002864285714285724}
[BLOCKED] BBTRY reason=insufficient_cash order=0.00 cash=0.00
[SIGNAL] 2026-08-11T17:39:59+00:00 BONKTRY BUY fill_at=2026-08-11T17:44:59+00:00 features={"close": 0.0001095, "bb_lower": 0.00010961731958029763, "bb_upper": 0.00011045887089589284, "rsi": 30.25831585336188, "mfi": 54.87646718672714, "atr": 2.4285714285714197e-07}
[BLOCKED] BONKTRY reason=insufficient_cash order=0.00 cash=0.00
[SIGNAL] 2026-08-11T17:39:59+00:00 EDUTRY BUY fill_at=2026-08-11T17:44:59+00:00 features={"close": 1.81, "bb_lower": 1.8168260317561908, "bb_upper": 1.8565073015771425, "rsi": 34.626077084898114, "mfi": 15.594307836295371, "atr": 0.0057142857142857195}
[BLOCKED] EDUTRY reason=insufficient_cash order=0.00 cash=0.00
[SCAN] 2026-08-11T17:44:59+00:00 symbols=312 signals=4 entries=0 exits=0 blocked=10 open=9 cash=0.00 equity=9524.62
[SCAN] 2026-08-11T17:49:59+00:00 symbols=312 signals=0 entries=0 exits=0 blocked=5 open=9 cash=0.00 equity=9527.41
[SIGNAL] 2026-08-11T17:49:59+00:00 BONKTRY BUY fill_at=2026-08-11T17:54:59+00:00 features={"close": 0.0001091, "bb_lower": 0.0001094049155345786, "bb_upper": 0.00011058556065589758, "rsi": 25.937343747976385, "mfi": 49.1105771053826, "atr": 2.571428571428556e-07}
[BLOCKED] BONKTRY reason=insufficient_cash order=0.00 cash=0.00
[SCAN] 2026-08-11T17:54:59+00:00 symbols=312 signals=1 entries=0 exits=0 blocked=9 open=9 cash=0.00 equity=9520.53
[SIGNAL] 2026-08-11T17:54:59+00:00 BONKTRY BUY fill_at=2026-08-11T17:59:59+00:00 features={"close": 0.0001089, "bb_lower": 0.00010918925619106192, "bb_upper": 0.00011067741047560476, "rsi": 23.41515450560013, "mfi": 31.651667208037708, "atr": 3.142857142857132e-07}
[BLOCKED] BONKTRY reason=insufficient_cash order=0.00 cash=0.00
[SIGNAL] 2026-08-11T17:54:59+00:00 COTITRY BUY fill_at=2026-08-11T17:59:59+00:00 features={"close": 0.4901, "bb_lower": 0.4915500715955734, "bb_upper": 0.5017642141187122, "rsi": 37.763101938460345, "mfi": 31.741101735849384, "atr": 0.0031642857142857067}
[BLOCKED] COTITRY reason=insufficient_cash order=0.00 cash=0.00
[SIGNAL] 2026-08-11T17:54:59+00:00 ONDOTRY BUY fill_at=2026-08-11T17:59:59+00:00 features={"close": 15.84, "bb_lower": 15.854423089639761, "bb_upper": 15.966529291312616, "rsi": 35.096943212060054, "mfi": 55.85242537102939, "atr": 0.029285714285714297}
[BLOCKED] ONDOTRY reason=insufficient_cash order=0.00 cash=0.00
[SCAN] 2026-08-11T17:59:59+00:00 symbols=312 signals=3 entries=0 exits=0 blocked=12 open=9 cash=0.00 equity=9542.51
[SIGNAL] 2026-08-11T17:59:59+00:00 ALLOTRY BUY fill_at=2026-08-11T18:04:59+00:00 features={"close": 14.16, "bb_lower": 14.249024504366748, "bb_upper": 14.641451686109452, "rsi": 27.951146490592095, "mfi": 55.373109349551946, "atr": 0.05642857142857124}
[ENTRY] 2026-08-11T18:04:59+00:00 ALLOTRY layer=1 value=952.98 entry=14.22065750 cash=25.66
[SIGNAL] 2026-08-11T17:59:59+00:00 BIOTRY BUY fill_at=2026-08-11T18:04:59+00:00 features={"close": 1.191, "bb_lower": 1.191289683688569, "bb_upper": 1.204996030597145, "rsi": 34.89353298076868, "mfi": 36.86565224203027, "atr": 0.0020714285714285496}
[BLOCKED] BIOTRY reason=insufficient_cash order=25.63 cash=25.66
[SIGNAL] 2026-08-11T17:59:59+00:00 MEMETRY BUY fill_at=2026-08-11T18:04:59+00:00 features={"close": 0.0237, "bb_lower": 0.02374050048843889, "bb_upper": 0.02397378522584681, "rsi": 37.74597541362417, "mfi": 16.123448502499897, "atr": 4.285714285714284e-05}
[BLOCKED] MEMETRY reason=insufficient_cash order=25.63 cash=25.66
[SCAN] 2026-08-11T18:04:59+00:00 symbols=312 signals=3 entries=1 exits=1 blocked=6 open=9 cash=25.66 equity=9530.35
[SIGNAL] 2026-08-11T18:04:59+00:00 BIOTRY BUY fill_at=2026-08-11T18:09:59+00:00 features={"close": 1.189, "bb_lower": 1.1900673885536464, "bb_upper": 1.2056468971606396, "rsi": 32.096261740358486, "mfi": 30.544777850501305, "atr": 0.0020714285714285496}
[BLOCKED] BIOTRY reason=insufficient_cash order=25.63 cash=25.66
[SCAN] 2026-08-11T18:09:59+00:00 symbols=312 signals=1 entries=0 exits=0 blocked=9 open=9 cash=25.66 equity=9510.14
[SIGNAL] 2026-08-11T18:09:59+00:00 BIOTRY BUY fill_at=2026-08-11T18:14:59+00:00 features={"close": 1.188, "bb_lower": 1.1885103622858746, "bb_upper": 1.2060610662855535, "rsi": 30.760540849603572, "mfi": 13.358073639527774, "atr": 0.002142857142857129}
[BLOCKED] BIOTRY reason=insufficient_cash order=25.63 cash=25.66
[SIGNAL] 2026-08-11T18:09:59+00:00 CHZTRY BUY fill_at=2026-08-11T18:14:59+00:00 features={"close": 0.6, "bb_lower": 0.600632316211905, "bb_upper": 0.6048914933119046, "rsi": 31.018544243530897, "mfi": 40.72152992319949, "atr": 0.0010714285714285723}
[BLOCKED] CHZTRY reason=insufficient_cash order=25.63 cash=25.66
[SIGNAL] 2026-08-11T18:09:59+00:00 EIGENTRY BUY fill_at=2026-08-11T18:14:59+00:00 features={"close": 8.295, "bb_lower": 8.298339459422557, "bb_upper": 8.344231969148868, "rsi": 39.96716916118808, "mfi": 14.241809403166002, "atr": 0.015357142857143355}
[BLOCKED] EIGENTRY reason=insufficient_cash order=25.63 cash=25.66
[SCAN] 2026-08-11T18:14:59+00:00 symbols=312 signals=3 entries=0 exits=0 blocked=9 open=9 cash=25.66 equity=9516.89
[SIGNAL] 2026-08-11T18:14:59+00:00 CHZTRY BUY fill_at=2026-08-11T18:19:59+00:00 features={"close": 0.599, "bb_lower": 0.5999660212805363, "bb_upper": 0.6052720739575589, "rsi": 27.903029752045015, "mfi": 33.935811084979875, "atr": 0.0010714285714285723}
[BLOCKED] CHZTRY reason=insufficient_cash order=25.63 cash=25.66
[SIGNAL] 2026-08-11T18:14:59+00:00 TRUMPTRY BUY fill_at=2026-08-11T18:19:59+00:00 features={"close": 70.1, "bb_lower": 70.14496168203117, "bb_upper": 70.6169430798736, "rsi": 35.495426736076354, "mfi": 36.44684455084995, "atr": 0.1142857142857159}
[BLOCKED] TRUMPTRY reason=insufficient_cash order=25.63 cash=25.66
[SCAN] 2026-08-11T18:19:59+00:00 symbols=312 signals=2 entries=0 exits=0 blocked=13 open=9 cash=25.66 equity=9513.93
[SIGNAL] 2026-08-11T18:19:59+00:00 CHZTRY BUY fill_at=2026-08-11T18:24:59+00:00 features={"close": 0.599, "bb_lower": 0.5994137266303212, "bb_upper": 0.6055386543220598, "rsi": 27.90302976677758, "mfi": 34.13713549527901, "atr": 0.0010714285714285723}
[BLOCKED] CHZTRY reason=insufficient_cash order=25.63 cash=25.66
[SIGNAL] 2026-08-11T18:19:59+00:00 LUNCTRY BUY fill_at=2026-08-11T18:24:59+00:00 features={"close": 0.002459, "bb_lower": 0.002463537810474572, "bb_upper": 0.0025647479038111423, "rsi": 28.164640310797196, "mfi": 21.493274355790604, "atr": 1.4785714285714328e-05}
[BLOCKED] LUNCTRY reason=insufficient_cash order=25.63 cash=25.66
[SIGNAL] 2026-08-11T18:19:59+00:00 TRUMPTRY BUY fill_at=2026-08-11T18:24:59+00:00 features={"close": 70.1, "bb_lower": 70.10388157744487, "bb_upper": 70.61992794636464, "rsi": 35.49542668155374, "mfi": 34.683026984380575, "atr": 0.1142857142857159}
[BLOCKED] TRUMPTRY reason=insufficient_cash order=25.63 cash=25.66
[SIGNAL] 2026-08-11T18:19:59+00:00 TSTTRY BUY fill_at=2026-08-11T18:24:59+00:00 features={"close": 0.757, "bb_lower": 0.7570183344116218, "bb_upper": 0.7743149989217116, "rsi": 38.684296626282304, "mfi": 37.27358568857973, "atr": 0.005857142857142862}
[BLOCKED] TSTTRY reason=insufficient_cash order=25.63 cash=25.66
[SCAN] 2026-08-11T18:24:59+00:00 symbols=312 signals=4 entries=0 exits=0 blocked=13 open=9 cash=25.66 equity=9521.07
[SIGNAL] 2026-08-11T18:24:59+00:00 ROBOTRY BUY fill_at=2026-08-11T18:29:59+00:00 features={"close": 0.613, "bb_lower": 0.6133109212745881, "bb_upper": 0.6234509834873166, "rsi": 37.87690241325664, "mfi": 25.34234809950111, "atr": 0.0014285714285714299}
[BLOCKED] ROBOTRY reason=insufficient_cash order=25.63 cash=25.66
[SCAN] 2026-08-11T18:29:59+00:00 symbols=312 signals=1 entries=0 exits=0 blocked=4 open=9 cash=25.66 equity=9520.79
[SIGNAL] 2026-08-11T18:29:59+00:00 CHIPTRY BUY fill_at=2026-08-11T18:34:59+00:00 features={"close": 1.049, "bb_lower": 1.049305989879548, "bb_upper": 1.0735321053585474, "rsi": 25.178770840897627, "mfi": 30.798846170002008, "atr": 0.0025928571428571745}
[BLOCKED] CHIPTRY reason=insufficient_cash order=25.63 cash=25.66
[SIGNAL] 2026-08-11T18:29:59+00:00 EIGENTRY BUY fill_at=2026-08-11T18:34:59+00:00 features={"close": 8.28, "bb_lower": 8.285957700949494, "bb_upper": 8.34775658476479, "rsi": 36.75029371654488, "mfi": 11.090914094062654, "atr": 0.012642857142857749}
[BLOCKED] EIGENTRY reason=insufficient_cash order=25.63 cash=25.66
[SIGNAL] 2026-08-11T18:29:59+00:00 TRUMPTRY BUY fill_at=2026-08-11T18:34:59+00:00 features={"close": 69.9, "bb_lower": 70.00664343872653, "bb_upper": 70.63145179936869, "rsi": 32.4017921451274, "mfi": 37.03116426207966, "atr": 0.1285714285714304}
[BLOCKED] TRUMPTRY reason=insufficient_cash order=25.63 cash=25.66
[SCAN] 2026-08-11T18:34:59+00:00 symbols=312 signals=3 entries=0 exits=0 blocked=12 open=9 cash=25.66 equity=9507.49
[SIGNAL] 2026-08-11T18:34:59+00:00 0GTRY BUY fill_at=2026-08-11T18:39:59+00:00 features={"close": 7.61, "bb_lower": 7.61738169181429, "bb_upper": 7.694046879614283, "rsi": 39.25172681119246, "mfi": 23.25631116850495, "atr": 0.016428571428571397}
[BLOCKED] 0GTRY reason=insufficient_cash order=25.63 cash=25.66
[SIGNAL] 2026-08-11T18:34:59+00:00 BBTRY BUY fill_at=2026-08-11T18:39:59+00:00 features={"close": 0.5962, "bb_lower": 0.5966265323344528, "bb_upper": 0.6084496581417373, "rsi": 33.41847889293449, "mfi": 26.226919467771154, "atr": 0.003092857142857159}
[BLOCKED] BBTRY reason=insufficient_cash order=25.63 cash=25.66
[SIGNAL] 2026-08-11T18:34:59+00:00 CETUSTRY BUY fill_at=2026-08-11T18:39:59+00:00 features={"close": 0.913, "bb_lower": 0.9131547930692737, "bb_upper": 0.9177023497878692, "rsi": 41.300333238948426, "mfi": 9.654380184977441, "atr": 0.001285714285714287}
[BLOCKED] CETUSTRY reason=insufficient_cash order=25.63 cash=25.66
[SIGNAL] 2026-08-11T18:34:59+00:00 MEMETRY BUY fill_at=2026-08-11T18:39:59+00:00 features={"close": 0.0237, "bb_lower": 0.023710891367042367, "bb_upper": 0.02397482291867191, "rsi": 37.89435029081295, "mfi": 32.54457516734891, "atr": 5.000000000000044e-05}
[BLOCKED] MEMETRY reason=insufficient_cash order=25.63 cash=25.66
[SIGNAL] 2026-08-11T18:34:59+00:00 ROBOTRY BUY fill_at=2026-08-11T18:39:59+00:00 features={"close": 0.611, "bb_lower": 0.611587625534834, "bb_upper": 0.6240314220842138, "rsi": 33.98217139215157, "mfi": 27.206555636610915, "atr": 0.001285714285714287}
[BLOCKED] ROBOTRY reason=insufficient_cash order=25.63 cash=25.66
[SCAN] 2026-08-11T18:39:59+00:00 symbols=312 signals=5 entries=0 exits=0 blocked=31 open=9 cash=25.66 equity=9515.02
[SIGNAL] 2026-08-11T18:39:59+00:00 0GTRY BUY fill_at=2026-08-11T18:44:59+00:00 features={"close": 7.61, "bb_lower": 7.611715244497854, "bb_upper": 7.696856184073575, "rsi": 39.25172679509916, "mfi": 35.42871092273833, "atr": 0.017142857142857033}
[BLOCKED] 0GTRY reason=insufficient_cash order=25.63 cash=25.66
[SIGNAL] 2026-08-11T18:39:59+00:00 MINATRY BUY fill_at=2026-08-11T18:44:59+00:00 features={"close": 1.83, "bb_lower": 1.8506937704218311, "bb_upper": 1.8921633724353113, "rsi": 22.836418370488644, "mfi": 2.2272471714207853, "atr": 0.005714285714285687}
[BLOCKED] MINATRY reason=insufficient_cash order=25.63 cash=25.66
[SIGNAL] 2026-08-11T18:39:59+00:00 NILTRY BUY fill_at=2026-08-11T18:44:59+00:00 features={"close": 1.711, "bb_lower": 1.7149754479489454, "bb_upper": 1.7386435996701022, "rsi": 38.221449141391744, "mfi": 21.683531117802886, "atr": 0.006499999999999982}
[BLOCKED] NILTRY reason=insufficient_cash order=25.63 cash=25.66
[SCAN] 2026-08-11T18:44:59+00:00 symbols=312 signals=3 entries=0 exits=0 blocked=21 open=9 cash=25.66 equity=9492.47
[SIGNAL] 2026-08-11T18:44:59+00:00 HEITRY BUY fill_at=2026-08-11T18:49:59+00:00 features={"close": 7.048, "bb_lower": 7.056992754112345, "bb_upper": 7.164340579220987, "rsi": 36.81799300136742, "mfi": 53.99792585845905, "atr": 0.04664285714285711}
[BLOCKED] HEITRY reason=insufficient_cash order=25.63 cash=25.66
[SIGNAL] 2026-08-11T18:44:59+00:00 MINATRY BUY fill_at=2026-08-11T18:49:59+00:00 features={"close": 1.82, "bb_lower": 1.8387876271026438, "bb_upper": 1.898355230040213, "rsi": 20.002400933075066, "mfi": 0.8308947720299216, "atr": 0.0071428571428571175}
[BLOCKED] MINATRY reason=insufficient_cash order=25.63 cash=25.66
[SIGNAL] 2026-08-11T18:44:59+00:00 RARETRY BUY fill_at=2026-08-11T18:49:59+00:00 features={"close": 0.5793, "bb_lower": 0.5804570155357616, "bb_upper": 0.5875810797023335, "rsi": 33.695073144483175, "mfi": 9.004190245341178, "atr": 0.0012428571428571566}
[BLOCKED] RARETRY reason=max_layers
[SIGNAL] 2026-08-11T18:44:59+00:00 VICTRY BUY fill_at=2026-08-11T18:49:59+00:00 features={"close": 1.31, "bb_lower": 1.3116575110919217, "bb_upper": 1.3550091555747448, "rsi": 38.79687380640437, "mfi": 30.119550607865108, "atr": 0.0142857142857143}
[BLOCKED] VICTRY reason=insufficient_cash order=25.63 cash=25.66
[SCAN] 2026-08-11T18:49:59+00:00 symbols=312 signals=4 entries=0 exits=0 blocked=24 open=9 cash=25.66 equity=9510.37
[SIGNAL] 2026-08-11T18:49:59+00:00 MINATRY BUY fill_at=2026-08-11T18:54:59+00:00 features={"close": 1.82, "bb_lower": 1.829952412656155, "bb_upper": 1.9014761587724163, "rsi": 20.002400935661598, "mfi": 0.8325987097581589, "atr": 0.0071428571428571175}
[BLOCKED] MINATRY reason=insufficient_cash order=25.63 cash=25.66
[SIGNAL] 2026-08-11T18:49:59+00:00 RARETRY BUY fill_at=2026-08-11T18:54:59+00:00 features={"close": 0.5799, "bb_lower": 0.579916320239719, "bb_upper": 0.5874932035698047, "rsi": 36.714949472264685, "mfi": 8.516421992497868, "atr": 0.00118571428571429}
[BLOCKED] RARETRY reason=max_layers
[SCAN] 2026-08-11T18:54:59+00:00 symbols=312 signals=2 entries=0 exits=0 blocked=12 open=9 cash=25.66 equity=9494.12
[SIGNAL] 2026-08-11T18:54:59+00:00 BBTRY BUY fill_at=2026-08-11T18:59:59+00:00 features={"close": 0.5944, "bb_lower": 0.5949365379442392, "bb_upper": 0.6071110811033801, "rsi": 36.78806362272996, "mfi": 50.9580134021981, "atr": 0.0027500000000000063}
[BLOCKED] BBTRY reason=insufficient_cash order=25.63 cash=25.66
[SIGNAL] 2026-08-11T18:54:59+00:00 ENATRY BUY fill_at=2026-08-11T18:59:59+00:00 features={"close": 4.219, "bb_lower": 4.225584862284117, "bb_upper": 4.292415137715882, "rsi": 31.159265492245993, "mfi": 29.14519950107865, "atr": 0.00871428571428577}
[BLOCKED] ENATRY reason=insufficient_cash order=25.63 cash=25.66
[SIGNAL] 2026-08-11T18:54:59+00:00 MINATRY BUY fill_at=2026-08-11T18:59:59+00:00 features={"close": 1.82, "bb_lower": 1.822789173394357, "bb_upper": 1.902925112319929, "rsi": 20.002400956682635, "mfi": 0.8318598914792972, "atr": 0.007857142857142832}
[BLOCKED] MINATRY reason=insufficient_cash order=25.63 cash=25.66
[SIGNAL] 2026-08-11T18:54:59+00:00 MMTTRY BUY fill_at=2026-08-11T18:59:59+00:00 features={"close": 9.83, "bb_lower": 9.859289721896115, "bb_upper": 10.099757897151505, "rsi": 30.045715321753093, "mfi": 27.440158769332044, "atr": 0.06285714285714292}
[BLOCKED] MMTTRY reason=insufficient_cash order=25.63 cash=25.66
[SIGNAL] 2026-08-11T18:54:59+00:00 NILTRY BUY fill_at=2026-08-11T18:59:59+00:00 features={"close": 1.708, "bb_lower": 1.7103257195418222, "bb_upper": 1.7386266614105588, "rsi": 38.90456273049748, "mfi": 27.993019369329545, "atr": 0.0072142857142856965}
[BLOCKED] NILTRY reason=insufficient_cash order=25.63 cash=25.66
[SIGNAL] 2026-08-11T18:54:59+00:00 REZTRY BUY fill_at=2026-08-11T18:59:59+00:00 features={"close": 0.1318, "bb_lower": 0.13182653407126554, "bb_upper": 0.1330306087858773, "rsi": 28.072967443754436, "mfi": 11.653619635696458, "atr": 0.0001571428571428557}
[BLOCKED] REZTRY reason=insufficient_cash order=25.63 cash=25.66
[SCAN] 2026-08-11T18:59:59+00:00 symbols=312 signals=6 entries=0 exits=0 blocked=11 open=9 cash=25.66 equity=9504.45
[SIGNAL] 2026-08-11T18:59:59+00:00 ENATRY BUY fill_at=2026-08-11T19:04:59+00:00 features={"close": 4.212, "bb_lower": 4.217718317946029, "bb_upper": 4.294757872530162, "rsi": 28.960167704351633, "mfi": 22.82299919603973, "atr": 0.008428571428571516}
[BLOCKED] ENATRY reason=insufficient_cash order=25.63 cash=25.66
[SIGNAL] 2026-08-11T18:59:59+00:00 NILTRY BUY fill_at=2026-08-11T19:04:59+00:00 features={"close": 1.7, "bb_lower": 1.7060124827138679, "bb_upper": 1.7396065649051802, "rsi": 34.31079985806568, "mfi": 22.28118727006094, "atr": 0.007642857142857126}
[BLOCKED] NILTRY reason=insufficient_cash order=25.63 cash=25.66
[SCAN] 2026-08-11T19:04:59+00:00 symbols=312 signals=2 entries=0 exits=0 blocked=9 open=9 cash=25.66 equity=9500.64
[SIGNAL] 2026-08-11T19:04:59+00:00 ENATRY BUY fill_at=2026-08-11T19:09:59+00:00 features={"close": 4.194, "bb_lower": 4.206490202555405, "bb_upper": 4.298557416492215, "rsi": 24.201950452754716, "mfi": 18.714349315926782, "atr": 0.00964285714285719}
[BLOCKED] ENATRY reason=insufficient_cash order=25.63 cash=25.66
[SIGNAL] 2026-08-11T19:04:59+00:00 ESPTRY BUY fill_at=2026-08-11T19:09:59+00:00 features={"close": 3.36, "bb_lower": 3.366367279331275, "bb_upper": 3.42591843495444, "rsi": 36.43125056435993, "mfi": 25.203611216155394, "atr": 0.011785714285714224}
[BLOCKED] ESPTRY reason=insufficient_cash order=25.63 cash=25.66
[SIGNAL] 2026-08-11T19:04:59+00:00 FETTRY BUY fill_at=2026-08-11T19:09:59+00:00 features={"close": 6.3, "bb_lower": 6.316250945719428, "bb_upper": 6.379939530471049, "rsi": 29.113984376428263, "mfi": 7.092146905628113, "atr": 0.012857142857143218}
[BLOCKED] FETTRY reason=insufficient_cash order=25.63 cash=25.66
[SIGNAL] 2026-08-11T19:04:59+00:00 NILTRY BUY fill_at=2026-08-11T19:09:59+00:00 features={"close": 1.692, "bb_lower": 1.700511711389559, "bb_upper": 1.740821621943775, "rsi": 30.419599304767445, "mfi": 20.68431679628887, "atr": 0.007785714285714269}
[BLOCKED] NILTRY reason=insufficient_cash order=25.63 cash=25.66
[SIGNAL] 2026-08-11T19:04:59+00:00 ROSETRY BUY fill_at=2026-08-11T19:09:59+00:00 features={"close": 0.257, "bb_lower": 0.2590813853261157, "bb_upper": 0.2632709956262653, "rsi": 20.41603230592284, "mfi": 7.017417681771448, "atr": 0.0006857142857142895}
[BLOCKED] ROSETRY reason=insufficient_cash order=25.63 cash=25.66
[SIGNAL] 2026-08-11T19:04:59+00:00 TAOTRY BUY fill_at=2026-08-11T19:09:59+00:00 features={"close": 9387.0, "bb_lower": 9392.038730454238, "bb_upper": 9557.10412668862, "rsi": 27.68148994370769, "mfi": 12.692649138018893, "atr": 17.714285714285715}
[BLOCKED] TAOTRY reason=insufficient_cash order=25.63 cash=25.66
[SCAN] 2026-08-11T19:09:59+00:00 symbols=312 signals=6 entries=0 exits=0 blocked=15 open=9 cash=25.66 equity=9498.19
[SIGNAL] 2026-08-11T19:09:59+00:00 ENATRY BUY fill_at=2026-08-11T19:14:59+00:00 features={"close": 4.18, "bb_lower": 4.195248144266786, "bb_upper": 4.299037570018928, "rsi": 21.258876730282978, "mfi": 17.482034582978144, "atr": 0.010500000000000018}
[BLOCKED] ENATRY reason=insufficient_cash order=25.63 cash=25.66
[SIGNAL] 2026-08-11T19:09:59+00:00 ESPTRY BUY fill_at=2026-08-11T19:14:59+00:00 features={"close": 3.36, "bb_lower": 3.3609136184477744, "bb_upper": 3.4267054291712733, "rsi": 36.43125054970506, "mfi": 25.718359685957722, "atr": 0.011785714285714224}
[BLOCKED] ESPTRY reason=insufficient_cash order=25.63 cash=25.66
[SIGNAL] 2026-08-11T19:09:59+00:00 FETTRY BUY fill_at=2026-08-11T19:14:59+00:00 features={"close": 6.31, "bb_lower": 6.3110318344116765, "bb_upper": 6.382301498921657, "rsi": 35.47251823146833, "mfi": 6.5970530965078495, "atr": 0.012857142857143154}
[BLOCKED] FETTRY reason=insufficient_cash order=25.63 cash=25.66
[SIGNAL] 2026-08-11T19:09:59+00:00 ROSETRY BUY fill_at=2026-08-11T19:14:59+00:00 features={"close": 0.2576, "bb_lower": 0.2584258594983663, "bb_upper": 0.2634789024063956, "rsi": 26.647149547860565, "mfi": 6.777449334197044, "atr": 0.0007285714285714316}
[BLOCKED] ROSETRY reason=insufficient_cash order=25.63 cash=25.66
[SIGNAL] 2026-08-11T19:09:59+00:00 STOTRY BUY fill_at=2026-08-11T19:14:59+00:00 features={"close": 1.851, "bb_lower": 1.8512327814268, "bb_upper": 1.8610529328589143, "rsi": 36.10525144885288, "mfi": 49.47721102263246, "atr": 0.0029285714285714392}
[BLOCKED] STOTRY reason=insufficient_cash order=25.63 cash=25.66
[SCAN] 2026-08-11T19:14:59+00:00 symbols=312 signals=5 entries=0 exits=0 blocked=19 open=9 cash=25.66 equity=9497.48
[SIGNAL] 2026-08-11T19:14:59+00:00 ACHTRY BUY fill_at=2026-08-11T19:19:59+00:00 features={"close": 0.2012, "bb_lower": 0.20141400892171804, "bb_upper": 0.20264313393542485, "rsi": 37.78528428852267, "mfi": 41.59964357660779, "atr": 0.0002785714285714276}
[BLOCKED] ACHTRY reason=insufficient_cash order=25.63 cash=25.66
[SIGNAL] 2026-08-11T19:14:59+00:00 ENATRY BUY fill_at=2026-08-11T19:19:59+00:00 features={"close": 4.176, "bb_lower": 4.184529170858485, "bb_upper": 4.299566067236754, "rsi": 20.48772715528949, "mfi": 16.826740091647906, "atr": 0.010357142857142827}
[BLOCKED] ENATRY reason=insufficient_cash order=25.63 cash=25.66
[SIGNAL] 2026-08-11T19:14:59+00:00 NILTRY BUY fill_at=2026-08-11T19:19:59+00:00 features={"close": 1.692, "bb_lower": 1.693495558336897, "bb_upper": 1.7413615845202457, "rsi": 33.63652619449543, "mfi": 24.31174663453251, "atr": 0.007857142857142865}
[BLOCKED] NILTRY reason=insufficient_cash order=25.63 cash=25.66
[SCAN] 2026-08-11T19:19:59+00:00 symbols=312 signals=3 entries=0 exits=0 blocked=22 open=9 cash=25.66 equity=9501.79
[SIGNAL] 2026-08-11T19:19:59+00:00 MAVTRY BUY fill_at=2026-08-11T19:24:59+00:00 features={"close": 0.44, "bb_lower": 0.44191511876849887, "bb_upper": 0.4637991669457866, "rsi": 36.966696879587936, "mfi": 39.29709069586257, "atr": 0.007857142857142865}
[BLOCKED] MAVTRY reason=insufficient_cash order=25.63 cash=25.66
[SCAN] 2026-08-11T19:24:59+00:00 symbols=312 signals=1 entries=0 exits=0 blocked=9 open=9 cash=25.66 equity=9503.51
[SIGNAL] 2026-08-11T19:24:59+00:00 MAVTRY BUY fill_at=2026-08-11T19:29:59+00:00 features={"close": 0.44, "bb_lower": 0.44018452526203256, "bb_upper": 0.464577379499872, "rsi": 36.96669693854452, "mfi": 39.29709069586257, "atr": 0.007857142857142865}
[BLOCKED] MAVTRY reason=insufficient_cash order=25.63 cash=25.66
[SIGNAL] 2026-08-11T19:24:59+00:00 NILTRY BUY fill_at=2026-08-11T19:29:59+00:00 features={"close": 1.685, "bb_lower": 1.6863467504773941, "bb_upper": 1.7404151542845108, "rsi": 31.185680338452343, "mfi": 25.941866813837947, "atr": 0.007857142857142849}
[BLOCKED] NILTRY reason=insufficient_cash order=25.63 cash=25.66
[SCAN] 2026-08-11T19:29:59+00:00 symbols=312 signals=2 entries=0 exits=0 blocked=3 open=9 cash=25.66 equity=9513.75
[SIGNAL] 2026-08-11T19:29:59+00:00 NILTRY BUY fill_at=2026-08-11T19:34:59+00:00 features={"close": 1.68, "bb_lower": 1.6813480943286232, "bb_upper": 1.7409376199570914, "rsi": 29.045986621914068, "mfi": 18.04330475085736, "atr": 0.007714285714285721}
[BLOCKED] NILTRY reason=insufficient_cash order=25.63 cash=25.66
[SCAN] 2026-08-11T19:34:59+00:00 symbols=312 signals=1 entries=0 exits=0 blocked=8 open=9 cash=25.66 equity=9515.34
[SCAN] 2026-08-11T19:39:59+00:00 symbols=312 signals=0 entries=0 exits=0 blocked=5 open=9 cash=25.66 equity=9514.16
[SCAN] 2026-08-11T19:44:59+00:00 symbols=312 signals=0 entries=0 exits=0 blocked=7 open=9 cash=25.66 equity=9514.18
[SCAN] 2026-08-11T19:49:59+00:00 symbols=312 signals=0 entries=0 exits=0 blocked=9 open=9 cash=25.66 equity=9507.78
[SCAN] 2026-08-11T19:54:59+00:00 symbols=312 signals=0 entries=0 exits=0 blocked=3 open=9 cash=25.66 equity=9522.63
[SCAN] 2026-08-11T19:59:59+00:00 symbols=312 signals=0 entries=0 exits=0 blocked=2 open=9 cash=25.66 equity=9527.75
[SCAN] 2026-08-11T20:04:59+00:00 symbols=312 signals=0 entries=0 exits=0 blocked=2 open=9 cash=25.66 equity=9525.71
[SIGNAL] 2026-08-11T20:04:59+00:00 ATMTRY BUY fill_at=2026-08-11T20:09:59+00:00 features={"close": 70.8, "bb_lower": 71.35564993715643, "bb_upper": 74.10435006284355, "rsi": 33.308399579308286, "mfi": 16.588962370559315, "atr": 0.5414285714285713}
[BLOCKED] ATMTRY reason=insufficient_cash order=25.63 cash=25.66
[SCAN] 2026-08-11T20:09:59+00:00 symbols=312 signals=1 entries=0 exits=0 blocked=1 open=9 cash=25.66 equity=9548.38
[SIGNAL] 2026-08-11T20:09:59+00:00 ATMTRY BUY fill_at=2026-08-11T20:14:59+00:00 features={"close": 70.76, "bb_lower": 71.02524999652292, "bb_upper": 74.24522619395327, "rsi": 33.056682341886074, "mfi": 3.9920473491817745, "atr": 0.5457142857142857}
[BLOCKED] ATMTRY reason=insufficient_cash order=25.63 cash=25.66
[SCAN] 2026-08-11T20:14:59+00:00 symbols=312 signals=1 entries=0 exits=0 blocked=3 open=9 cash=25.66 equity=9549.94
[SIGNAL] 2026-08-11T20:14:59+00:00 ATMTRY BUY fill_at=2026-08-11T20:19:59+00:00 features={"close": 70.2, "bb_lower": 70.59790777263525, "bb_upper": 74.40590175117428, "rsi": 29.65743522059597, "mfi": 3.277509801350675, "atr": 0.5271428571428568}
[BLOCKED] ATMTRY reason=insufficient_cash order=25.63 cash=25.66
[SCAN] 2026-08-11T20:19:59+00:00 symbols=312 signals=1 entries=0 exits=0 blocked=3 open=9 cash=25.66 equity=9542.35
[SCAN] 2026-08-11T20:24:59+00:00 symbols=312 signals=0 entries=0 exits=0 blocked=1 open=9 cash=25.66 equity=9541.28
[SCAN] 2026-08-11T20:29:59+00:00 symbols=312 signals=0 entries=0 exits=0 blocked=4 open=9 cash=25.66 equity=9544.82
[EXIT] 2026-08-11T20:34:59+00:00 PORTOTRY reason=bb_mfi_v3_signal_exit pnl=+1.18 cash=983.80
[SIGNAL] 2026-08-11T20:29:59+00:00 LISTATRY BUY fill_at=2026-08-11T20:34:59+00:00 features={"close": 3.11, "bb_lower": 3.111694412230201, "bb_upper": 3.1464008258650367, "rsi": 40.24818430644368, "mfi": 58.33372025602727, "atr": 0.006428571428571418}
[ENTRY] 2026-08-11T20:34:59+00:00 LISTATRY layer=1 value=953.08 entry=3.12234000 cash=29.29
[SCAN] 2026-08-11T20:34:59+00:00 symbols=312 signals=1 entries=1 exits=1 blocked=6 open=9 cash=29.29 equity=9528.61
[SCAN] 2026-08-11T20:39:59+00:00 symbols=312 signals=0 entries=0 exits=0 blocked=7 open=9 cash=29.29 equity=9537.22
[SIGNAL] 2026-08-11T20:39:59+00:00 EDENTRY BUY fill_at=2026-08-11T20:44:59+00:00 features={"close": 2.112, "bb_lower": 2.1128446187523253, "bb_upper": 2.134583952676247, "rsi": 41.932537825133146, "mfi": 13.679273800774794, "atr": 0.006928571428571363}
[BLOCKED] EDENTRY reason=insufficient_cash order=29.25 cash=29.29
[SIGNAL] 2026-08-11T20:39:59+00:00 TLMTRY BUY fill_at=2026-08-11T20:44:59+00:00 features={"close": 0.0735, "bb_lower": 0.07379211529915304, "bb_upper": 0.07500788470084697, "rsi": 26.542481856699382, "mfi": 22.569002756313125, "atr": 0.0002285714285714282}
[BLOCKED] TLMTRY reason=insufficient_cash order=29.25 cash=29.29
[SCAN] 2026-08-11T20:44:59+00:00 symbols=312 signals=2 entries=0 exits=0 blocked=10 open=9 cash=29.29 equity=9533.70
[SIGNAL] 2026-08-11T20:44:59+00:00 EDENTRY BUY fill_at=2026-08-11T20:49:59+00:00 features={"close": 2.107, "bb_lower": 2.1102775325075522, "bb_upper": 2.134674848444829, "rsi": 38.735354353560574, "mfi": 13.359239920552852, "atr": 0.006928571428571363}
[BLOCKED] EDENTRY reason=insufficient_cash order=29.25 cash=29.29
[SIGNAL] 2026-08-11T20:44:59+00:00 TLMTRY BUY fill_at=2026-08-11T20:49:59+00:00 features={"close": 0.0736, "bb_lower": 0.07366275329015017, "bb_upper": 0.07505153242413555, "rsi": 29.979420650345872, "mfi": 10.710109290358673, "atr": 0.00021428571428571249}
[BLOCKED] TLMTRY reason=insufficient_cash order=29.25 cash=29.29
[SCAN] 2026-08-11T20:49:59+00:00 symbols=312 signals=2 entries=0 exits=0 blocked=11 open=9 cash=29.29 equity=9551.37
[SIGNAL] 2026-08-11T20:49:59+00:00 EDENTRY BUY fill_at=2026-08-11T20:54:59+00:00 features={"close": 2.108, "bb_lower": 2.1085593957421027, "bb_upper": 2.1340120328293253, "rsi": 39.730994849021734, "mfi": 13.30857979692206, "atr": 0.006642857142857077}
[BLOCKED] EDENTRY reason=insufficient_cash order=29.25 cash=29.29
[SIGNAL] 2026-08-11T20:49:59+00:00 MITOTRY BUY fill_at=2026-08-11T20:54:59+00:00 features={"close": 1.176, "bb_lower": 1.1787381192881439, "bb_upper": 1.2023094997594752, "rsi": 37.83384394736665, "mfi": 41.607345471582114, "atr": 0.007285714285714308}
[BLOCKED] MITOTRY reason=insufficient_cash order=29.25 cash=29.29
[SIGNAL] 2026-08-11T20:49:59+00:00 TLMTRY BUY fill_at=2026-08-11T20:54:59+00:00 features={"close": 0.0735, "bb_lower": 0.07353022378623437, "bb_upper": 0.07507930002328943, "rsi": 28.533157003060992, "mfi": 10.710109290358673, "atr": 0.00019285714285714145}
[BLOCKED] TLMTRY reason=insufficient_cash order=29.25 cash=29.29
[SCAN] 2026-08-11T20:54:59+00:00 symbols=312 signals=3 entries=0 exits=0 blocked=11 open=9 cash=29.29 equity=9537.51
[SCAN] 2026-08-11T20:59:59+00:00 symbols=312 signals=0 entries=0 exits=0 blocked=8 open=9 cash=29.29 equity=9538.60
[SIGNAL] 2026-08-11T20:59:59+00:00 EDENTRY BUY fill_at=2026-08-11T21:04:59+00:00 features={"close": 2.095, "bb_lower": 2.101802060782643, "bb_upper": 2.1370550820744993, "rsi": 31.874539070066675, "mfi": 11.415003246478122, "atr": 0.0069999999999999585}
[ENTRY] 2026-08-11T21:04:59+00:00 EDENTRY layer=1 value=944.45 entry=2.09757200 cash=0.00
[SIGNAL] 2026-08-11T20:59:59+00:00 MITOTRY BUY fill_at=2026-08-11T21:04:59+00:00 features={"close": 1.167, "bb_lower": 1.1726879691964158, "bb_upper": 1.2050263165178698, "rsi": 33.223666574797605, "mfi": 30.731851100606818, "atr": 0.008142857142857183}
[BLOCKED] MITOTRY reason=insufficient_cash order=0.00 cash=0.00
[SCAN] 2026-08-11T21:04:59+00:00 symbols=312 signals=2 entries=1 exits=1 blocked=6 open=9 cash=0.00 equity=9551.95
[SIGNAL] 2026-08-11T21:04:59+00:00 MITOTRY BUY fill_at=2026-08-11T21:09:59+00:00 features={"close": 1.165, "bb_lower": 1.168619106994511, "bb_upper": 1.2068094644340603, "rsi": 32.15793250738113, "mfi": 26.583794768540756, "atr": 0.008357142857142888}
[BLOCKED] MITOTRY reason=insufficient_cash order=0.00 cash=0.00
[SCAN] 2026-08-11T21:09:59+00:00 symbols=312 signals=1 entries=0 exits=0 blocked=7 open=9 cash=0.00 equity=9553.00
[SIGNAL] 2026-08-11T21:09:59+00:00 ACETRY BUY fill_at=2026-08-11T21:14:59+00:00 features={"close": 5.043, "bb_lower": 5.048773594115588, "bb_upper": 5.100750215408221, "rsi": 35.5550199796226, "mfi": 8.605707615786315, "atr": 0.01057142857142855}
[BLOCKED] ACETRY reason=insufficient_cash order=0.00 cash=0.00
[SIGNAL] 2026-08-11T21:09:59+00:00 GIGGLETRY BUY fill_at=2026-08-11T21:14:59+00:00 features={"close": 1810.0, "bb_lower": 1824.3384066171882, "bb_upper": 1879.75683147805, "rsi": 37.11032021048364, "mfi": 39.6230340951642, "atr": 22.5}
[BLOCKED] GIGGLETRY reason=insufficient_cash order=0.00 cash=0.00
[SIGNAL] 2026-08-11T21:09:59+00:00 MITOTRY BUY fill_at=2026-08-11T21:14:59+00:00 features={"close": 1.159, "bb_lower": 1.1639060587582575, "bb_upper": 1.2076177507655521, "rsi": 29.121913034045164, "mfi": 23.055550327783436, "atr": 0.008714285714285739}
[BLOCKED] MITOTRY reason=insufficient_cash order=0.00 cash=0.00
[SIGNAL] 2026-08-11T21:09:59+00:00 ROBOTRY BUY fill_at=2026-08-11T21:14:59+00:00 features={"close": 0.616, "bb_lower": 0.6166647622855619, "bb_upper": 0.6261923805715808, "rsi": 36.01653462446025, "mfi": 7.493296877955899, "atr": 0.0015000000000000013}
[BLOCKED] ROBOTRY reason=insufficient_cash order=0.00 cash=0.00
[SCAN] 2026-08-11T21:14:59+00:00 symbols=312 signals=4 entries=0 exits=0 blocked=14 open=9 cash=0.00 equity=9546.19
[SIGNAL] 2026-08-11T21:14:59+00:00 GIGGLETRY BUY fill_at=2026-08-11T21:19:59+00:00 features={"close": 1817.0, "bb_lower": 1820.3298375428446, "bb_upper": 1881.9558767428696, "rsi": 40.23345695802346, "mfi": 37.47186171766253, "atr": 22.642857142857142}
[BLOCKED] GIGGLETRY reason=insufficient_cash order=0.00 cash=0.00
[SIGNAL] 2026-08-11T21:14:59+00:00 MITOTRY BUY fill_at=2026-08-11T21:19:59+00:00 features={"close": 1.155, "bb_lower": 1.1587307608172306, "bb_upper": 1.2093644772780079, "rsi": 27.262992586070396, "mfi": 23.526924627091972, "atr": 0.008214285714285745}
[BLOCKED] MITOTRY reason=insufficient_cash order=0.00 cash=0.00
[SCAN] 2026-08-11T21:19:59+00:00 symbols=312 signals=2 entries=0 exits=0 blocked=8 open=9 cash=0.00 equity=9563.89
[SIGNAL] 2026-08-11T21:19:59+00:00 MITOTRY BUY fill_at=2026-08-11T21:24:59+00:00 features={"close": 1.143, "bb_lower": 1.1512703427452364, "bb_upper": 1.2120629905880969, "rsi": 22.578885923745148, "mfi": 19.229251106212402, "atr": 0.00928571428571431}
[BLOCKED] MITOTRY reason=insufficient_cash order=0.00 cash=0.00
[SIGNAL] 2026-08-11T21:19:59+00:00 ROBOTRY BUY fill_at=2026-08-11T21:24:59+00:00 features={"close": 0.615, "bb_lower": 0.6150200031597045, "bb_upper": 0.6267895206498192, "rsi": 33.431127005249365, "mfi": 15.291063334868355, "atr": 0.001285714285714287}
[BLOCKED] ROBOTRY reason=insufficient_cash order=0.00 cash=0.00
[SCAN] 2026-08-11T21:24:59+00:00 symbols=312 signals=2 entries=0 exits=0 blocked=15 open=9 cash=0.00 equity=9568.80
[SIGNAL] 2026-08-11T21:24:59+00:00 ACETRY BUY fill_at=2026-08-11T21:29:59+00:00 features={"close": 5.04, "bb_lower": 5.040001195935013, "bb_upper": 5.102570232636416, "rsi": 36.94545499559189, "mfi": 9.616936875671712, "atr": 0.010928571428571334}
[BLOCKED] ACETRY reason=insufficient_cash order=0.00 cash=0.00
[SIGNAL] 2026-08-11T21:24:59+00:00 MITOTRY BUY fill_at=2026-08-11T21:29:59+00:00 features={"close": 1.146, "bb_lower": 1.1461039967785684, "bb_upper": 1.2123721936976224, "rsi": 26.021292078089616, "mfi": 11.924028092527934, "atr": 0.009214285714285746}
[BLOCKED] MITOTRY reason=insufficient_cash order=0.00 cash=0.00
[SIGNAL] 2026-08-11T21:24:59+00:00 ROBOTRY BUY fill_at=2026-08-11T21:29:59+00:00 features={"close": 0.613, "bb_lower": 0.613725697086983, "bb_upper": 0.6272266838653978, "rsi": 28.931377884006494, "mfi": 12.211253527525784, "atr": 0.0014285714285714299}
[BLOCKED] ROBOTRY reason=insufficient_cash order=0.00 cash=0.00
[SCAN] 2026-08-11T21:29:59+00:00 symbols=312 signals=3 entries=0 exits=0 blocked=14 open=9 cash=0.00 equity=9569.55
[SIGNAL] 2026-08-11T21:29:59+00:00 COTITRY BUY fill_at=2026-08-11T21:34:59+00:00 features={"close": 0.4905, "bb_lower": 0.4909325715445121, "bb_upper": 0.5037626665507262, "rsi": 35.04098367626074, "mfi": 53.50577917893339, "atr": 0.0022785714285714275}
[BLOCKED] COTITRY reason=insufficient_cash order=0.00 cash=0.00
[SIGNAL] 2026-08-11T21:29:59+00:00 FORMTRY BUY fill_at=2026-08-11T21:34:59+00:00 features={"close": 10.19, "bb_lower": 10.194429506169106, "bb_upper": 10.410332398592798, "rsi": 27.925278390441036, "mfi": 15.449454505850213, "atr": 0.02214285714285718}
[BLOCKED] FORMTRY reason=insufficient_cash order=0.00 cash=0.00
[SCAN] 2026-08-11T21:34:59+00:00 symbols=312 signals=2 entries=0 exits=0 blocked=11 open=9 cash=0.00 equity=9566.17
[SCAN] 2026-08-11T21:39:59+00:00 symbols=312 signals=0 entries=0 exits=0 blocked=5 open=9 cash=0.00 equity=9581.07
[EXIT] 2026-08-11T21:44:59+00:00 BBTRY reason=bb_mfi_v3_signal_exit pnl=+6.33 cash=960.49
[SIGNAL] 2026-08-11T21:39:59+00:00 BANKTRY BUY fill_at=2026-08-11T21:44:59+00:00 features={"close": 1.747, "bb_lower": 1.7473946536908733, "bb_upper": 1.759462489166269, "rsi": 40.98804651439831, "mfi": 39.85804064449123, "atr": 0.005142857142857052}
[ENTRY] 2026-08-11T21:44:59+00:00 BANKTRY layer=1 value=956.36 entry=1.74931100 cash=2.69
[SCAN] 2026-08-11T21:44:59+00:00 symbols=312 signals=1 entries=1 exits=1 blocked=6 open=9 cash=2.69 equity=9558.74
[EXIT] 2026-08-11T21:49:59+00:00 MAGICTRY reason=bb_mfi_v3_signal_exit pnl=+0.67 cash=961.03
[SIGNAL] 2026-08-11T21:44:59+00:00 BANKTRY BUY fill_at=2026-08-11T21:49:59+00:00 features={"close": 1.743, "bb_lower": 1.7456031915253856, "bb_upper": 1.7604920465698524, "rsi": 36.73668200334153, "mfi": 31.98152164502227, "atr": 0.006142857142857053}
[ENTRY] 2026-08-11T21:49:59+00:00 BANKTRY layer=2 value=953.91 entry=1.74630875 cash=5.69
[SIGNAL] 2026-08-11T21:44:59+00:00 MUBARAKTRY BUY fill_at=2026-08-11T21:49:59+00:00 features={"close": 0.856, "bb_lower": 0.860548099861678, "bb_upper": 0.8900233287097509, "rsi": 34.379644009707135, "mfi": 35.57897229981509, "atr": 0.00528571428571429}
[BLOCKED] MUBARAKTRY reason=insufficient_cash order=5.69 cash=5.69
[SCAN] 2026-08-11T21:49:59+00:00 symbols=312 signals=2 entries=1 exits=1 blocked=4 open=8 cash=5.69 equity=9532.00
[SIGNAL] 2026-08-11T21:49:59+00:00 BANKTRY BUY fill_at=2026-08-11T21:54:59+00:00 features={"close": 1.736, "bb_lower": 1.7418096335314144, "bb_upper": 1.7624760807543, "rsi": 30.699868179345316, "mfi": 31.00477023653457, "atr": 0.006428571428571339}
[BLOCKED] BANKTRY reason=max_layers
[SIGNAL] 2026-08-11T21:49:59+00:00 HEITRY BUY fill_at=2026-08-11T21:54:59+00:00 features={"close": 7.118, "bb_lower": 7.119223630330328, "bb_upper": 7.2294430363363364, "rsi": 40.01318999476489, "mfi": 33.50425891227579, "atr": 0.04007142857142857}
[BLOCKED] HEITRY reason=insufficient_cash order=5.69 cash=5.69
[SIGNAL] 2026-08-11T21:49:59+00:00 MUBARAKTRY BUY fill_at=2026-08-11T21:54:59+00:00 features={"close": 0.855, "bb_lower": 0.8576993359196442, "bb_upper": 0.8915387593184511, "rsi": 33.721555707054634, "mfi": 35.45633156204302, "atr": 0.005142857142857148}
[BLOCKED] MUBARAKTRY reason=insufficient_cash order=5.69 cash=5.69
[SCAN] 2026-08-11T21:54:59+00:00 symbols=312 signals=3 entries=0 exits=0 blocked=7 open=8 cash=5.69 equity=9532.36
[SIGNAL] 2026-08-11T21:54:59+00:00 0GTRY BUY fill_at=2026-08-11T21:59:59+00:00 features={"close": 7.59, "bb_lower": 7.617936766455368, "bb_upper": 7.715396566877966, "rsi": 24.994918136014206, "mfi": 34.244845041986, "atr": 0.013571428571428536}
[BLOCKED] 0GTRY reason=insufficient_cash order=5.69 cash=5.69
[SIGNAL] 2026-08-11T21:54:59+00:00 ACETRY BUY fill_at=2026-08-11T21:59:59+00:00 features={"close": 5.024, "bb_lower": 5.0265433773764245, "bb_upper": 5.096980432147386, "rsi": 36.335808406446624, "mfi": 17.84792459894541, "atr": 0.014499999999999957}
[BLOCKED] ACETRY reason=insufficient_cash order=5.69 cash=5.69
[SIGNAL] 2026-08-11T21:54:59+00:00 COTITRY BUY fill_at=2026-08-11T21:59:59+00:00 features={"close": 0.4876, "bb_lower": 0.4880836374298666, "bb_upper": 0.5045068387606094, "rsi": 32.681487308952526, "mfi": 31.926729243074476, "atr": 0.0024642857142857127}
[BLOCKED] COTITRY reason=insufficient_cash order=5.69 cash=5.69
[SIGNAL] 2026-08-11T21:54:59+00:00 HEITRY BUY fill_at=2026-08-11T21:59:59+00:00 features={"close": 7.103, "bb_lower": 7.1085127068775895, "bb_upper": 7.230249197884315, "rsi": 37.77061912615464, "mfi": 33.77548454828218, "atr": 0.04092857142857146}
[BLOCKED] HEITRY reason=insufficient_cash order=5.69 cash=5.69
[SIGNAL] 2026-08-11T21:54:59+00:00 MUBARAKTRY BUY fill_at=2026-08-11T21:59:59+00:00 features={"close": 0.851, "bb_lower": 0.8537438965944673, "bb_upper": 0.8929227700721993, "rsi": 31.138671426837533, "mfi": 30.70597634274276, "atr": 0.0053571428571428615}
[BLOCKED] MUBARAKTRY reason=insufficient_cash order=5.69 cash=5.69
[SCAN] 2026-08-11T21:59:59+00:00 symbols=312 signals=5 entries=0 exits=0 blocked=12 open=8 cash=5.69 equity=9548.84
[SIGNAL] 2026-08-11T21:59:59+00:00 0GTRY BUY fill_at=2026-08-11T22:04:59+00:00 features={"close": 7.55, "bb_lower": 7.591547722567367, "bb_upper": 7.728452277432635, "rsi": 19.892835782591803, "mfi": 25.35068662594435, "atr": 0.016428571428571397}
[BLOCKED] 0GTRY reason=insufficient_cash order=5.69 cash=5.69
[SIGNAL] 2026-08-11T21:59:59+00:00 EDENTRY BUY fill_at=2026-08-11T22:04:59+00:00 features={"close": 2.096, "bb_lower": 2.0965122883738423, "bb_upper": 2.12939247353092, "rsi": 35.967657361921184, "mfi": 33.93803799593657, "atr": 0.007214285714285776}
[BLOCKED] EDENTRY reason=insufficient_cash order=5.69 cash=5.69
[SIGNAL] 2026-08-11T21:59:59+00:00 HEITRY BUY fill_at=2026-08-11T22:04:59+00:00 features={"close": 7.04, "bb_lower": 7.082936159489422, "bb_upper": 7.238397173843912, "rsi": 30.09591077942534, "mfi": 33.0636283131182, "atr": 0.042428571428571385}
[BLOCKED] HEITRY reason=insufficient_cash order=5.69 cash=5.69
[SIGNAL] 2026-08-11T21:59:59+00:00 MUBARAKTRY BUY fill_at=2026-08-11T22:04:59+00:00 features={"close": 0.849, "bb_lower": 0.8500255614215894, "bb_upper": 0.894355390959363, "rsi": 29.898233519225812, "mfi": 30.218614401683155, "atr": 0.005214285714285719}
[BLOCKED] MUBARAKTRY reason=insufficient_cash order=5.69 cash=5.69
[SCAN] 2026-08-11T22:04:59+00:00 symbols=312 signals=4 entries=0 exits=0 blocked=11 open=8 cash=5.69 equity=9517.31
[SIGNAL] 2026-08-11T22:04:59+00:00 0GTRY BUY fill_at=2026-08-11T22:09:59+00:00 features={"close": 7.51, "bb_lower": 7.558990249712297, "bb_upper": 7.744819274097226, "rsi": 16.29044518127418, "mfi": 18.94273518783477, "atr": 0.019285714285714257}
[BLOCKED] 0GTRY reason=insufficient_cash order=5.69 cash=5.69
[SIGNAL] 2026-08-11T22:04:59+00:00 EDENTRY BUY fill_at=2026-08-11T22:09:59+00:00 features={"close": 2.074, "bb_lower": 2.08768667138375, "bb_upper": 2.1340276143305363, "rsi": 27.01989690852443, "mfi": 28.57642235003594, "atr": 0.008571428571428643}
[BLOCKED] EDENTRY reason=insufficient_cash order=5.69 cash=5.69
[SIGNAL] 2026-08-11T22:04:59+00:00 HEITRY BUY fill_at=2026-08-11T22:09:59+00:00 features={"close": 7.031, "bb_lower": 7.059013399835936, "bb_upper": 7.24717707635454, "rsi": 29.17835475350988, "mfi": 30.04273356572652, "atr": 0.044357142857142824}
[BLOCKED] HEITRY reason=insufficient_cash order=5.69 cash=5.69
[SCAN] 2026-08-11T22:09:59+00:00 symbols=312 signals=3 entries=0 exits=0 blocked=7 open=8 cash=5.69 equity=9541.67
[SIGNAL] 2026-08-11T22:09:59+00:00 0GTRY BUY fill_at=2026-08-11T22:14:59+00:00 features={"close": 7.51, "bb_lower": 7.534008632066039, "bb_upper": 7.753610415553007, "rsi": 16.290445256602666, "mfi": 17.284204788137657, "atr": 0.019285714285714257}
[BLOCKED] 0GTRY reason=insufficient_cash order=5.69 cash=5.69
[SIGNAL] 2026-08-11T22:09:59+00:00 HEITRY BUY fill_at=2026-08-11T22:14:59+00:00 features={"close": 7.04, "bb_lower": 7.041650138059474, "bb_upper": 7.252254623845287, "rsi": 31.442691557594685, "mfi": 34.15363883273132, "atr": 0.044071428571428505}
[BLOCKED] HEITRY reason=insufficient_cash order=5.69 cash=5.69
[SCAN] 2026-08-11T22:14:59+00:00 symbols=312 signals=2 entries=0 exits=0 blocked=5 open=8 cash=5.69 equity=9535.31
[SIGNAL] 2026-08-11T22:14:59+00:00 NILTRY BUY fill_at=2026-08-11T22:19:59+00:00 features={"close": 1.666, "bb_lower": 1.668769843776635, "bb_upper": 1.6938968228900317, "rsi": 31.412265624883645, "mfi": 28.91365818214082, "atr": 0.00457142857142856}
[BLOCKED] NILTRY reason=insufficient_cash order=5.69 cash=5.69
[SCAN] 2026-08-11T22:19:59+00:00 symbols=312 signals=1 entries=0 exits=0 blocked=6 open=8 cash=5.69 equity=9548.93
[SCAN] 2026-08-11T22:24:59+00:00 symbols=312 signals=0 entries=0 exits=0 blocked=7 open=8 cash=5.69 equity=9571.60
[EXIT] 2026-08-11T22:29:59+00:00 ALLOTRY reason=fixed_take_profit pnl=+18.46 cash=978.56
[SCAN] 2026-08-11T22:29:59+00:00 symbols=312 signals=0 entries=0 exits=1 blocked=3 open=7 cash=978.56 equity=9570.15
[SCAN] 2026-08-11T22:34:59+00:00 symbols=312 signals=0 entries=0 exits=0 blocked=2 open=7 cash=978.56 equity=9570.17
[SCAN] 2026-08-11T22:39:59+00:00 symbols=312 signals=0 entries=0 exits=0 blocked=6 open=7 cash=978.56 equity=9554.99
[SCAN] 2026-08-11T22:44:59+00:00 symbols=312 signals=0 entries=0 exits=0 blocked=5 open=7 cash=978.56 equity=9535.87
[SIGNAL] 2026-08-11T22:44:59+00:00 VICTRY BUY fill_at=2026-08-11T22:49:59+00:00 features={"close": 1.32, "bb_lower": 1.3226475760507914, "bb_upper": 1.3564000429968281, "rsi": 42.170644131826855, "mfi": 35.1650489452897, "atr": 0.015000000000000013}
[ENTRY] 2026-08-11T22:49:59+00:00 VICTRY layer=2 value=954.51 entry=1.32099000 cash=22.62
[SCAN] 2026-08-11T22:49:59+00:00 symbols=312 signals=1 entries=1 exits=0 blocked=7 open=7 cash=22.62 equity=9550.21
[SIGNAL] 2026-08-11T22:49:59+00:00 NILTRY BUY fill_at=2026-08-11T22:54:59+00:00 features={"close": 1.657, "bb_lower": 1.6573988894879035, "bb_upper": 1.6897439676549548, "rsi": 26.220207340942864, "mfi": 14.57102118832914, "atr": 0.0035714285714285587}
[BLOCKED] NILTRY reason=insufficient_cash order=22.58 cash=22.62
[SCAN] 2026-08-11T22:54:59+00:00 symbols=312 signals=1 entries=0 exits=0 blocked=14 open=7 cash=22.62 equity=9562.54
[SCAN] 2026-08-11T22:59:59+00:00 symbols=312 signals=0 entries=0 exits=0 blocked=11 open=7 cash=22.62 equity=9553.65
[SIGNAL] 2026-08-11T22:59:59+00:00 HOTTRY BUY fill_at=2026-08-11T23:04:59+00:00 features={"close": 0.01574, "bb_lower": 0.015753175341458404, "bb_upper": 0.015889681801398735, "rsi": 20.533861529437743, "mfi": 2.4496772836777296, "atr": 1.2142857142856897e-05}
[BLOCKED] HOTTRY reason=insufficient_cash order=22.58 cash=22.62
[SCAN] 2026-08-11T23:04:59+00:00 symbols=312 signals=1 entries=0 exits=0 blocked=6 open=7 cash=22.62 equity=9579.94
[SIGNAL] 2026-08-11T23:04:59+00:00 ACETRY BUY fill_at=2026-08-11T23:09:59+00:00 features={"close": 4.976, "bb_lower": 4.98906169479887, "bb_upper": 5.083128781391606, "rsi": 26.546779103249165, "mfi": 36.98664520693425, "atr": 0.013571428571428599}
[BLOCKED] ACETRY reason=insufficient_cash order=22.58 cash=22.62
[SIGNAL] 2026-08-11T23:04:59+00:00 GIGGLETRY BUY fill_at=2026-08-11T23:09:59+00:00 features={"close": 1814.0, "bb_lower": 1817.4549950167127, "bb_upper": 1859.306909745192, "rsi": 36.30058300510575, "mfi": 47.59482651316584, "atr": 13.5}
[BLOCKED] GIGGLETRY reason=insufficient_cash order=22.58 cash=22.62
[SIGNAL] 2026-08-11T23:04:59+00:00 HEITRY BUY fill_at=2026-08-11T23:09:59+00:00 features={"close": 6.855, "bb_lower": 6.855156834277401, "bb_upper": 7.227795546674979, "rsi": 16.357969033301018, "mfi": 8.79159242513279, "atr": 0.03807142857142841}
[BLOCKED] HEITRY reason=insufficient_cash order=22.58 cash=22.62
[SIGNAL] 2026-08-11T23:04:59+00:00 HOTTRY BUY fill_at=2026-08-11T23:09:59+00:00 features={"close": 0.01559, "bb_lower": 0.015690339531802797, "bb_upper": 0.01592775570629244, "rsi": 9.6872583461261, "mfi": 0.599173135671478, "atr": 2.6428571428571343e-05}
[BLOCKED] HOTTRY reason=insufficient_cash order=22.58 cash=22.62
[SIGNAL] 2026-08-11T23:04:59+00:00 LATRY BUY fill_at=2026-08-11T23:09:59+00:00 features={"close": 2.49, "bb_lower": 2.4937844784852947, "bb_upper": 2.530025045324229, "rsi": 26.499058581016527, "mfi": 0.05220125655881702, "atr": 0.004285714285714258}
[BLOCKED] LATRY reason=insufficient_cash order=22.58 cash=22.62
[SCAN] 2026-08-11T23:09:59+00:00 symbols=312 signals=5 entries=0 exits=0 blocked=28 open=7 cash=22.62 equity=9563.45
[SIGNAL] 2026-08-11T23:09:59+00:00 ACETRY BUY fill_at=2026-08-11T23:14:59+00:00 features={"close": 4.967, "bb_lower": 4.977208970521185, "bb_upper": 5.0880291247169085, "rsi": 24.780323803674193, "mfi": 31.516645253505686, "atr": 0.015357142857142911}
[BLOCKED] ACETRY reason=insufficient_cash order=22.58 cash=22.62
[SIGNAL] 2026-08-11T23:09:59+00:00 HEITRY BUY fill_at=2026-08-11T23:14:59+00:00 features={"close": 6.818, "bb_lower": 6.827559182733364, "bb_upper": 7.219393198219016, "rsi": 14.34254085153384, "mfi": 8.60037221486239, "atr": 0.035857142857142775}
[BLOCKED] HEITRY reason=insufficient_cash order=22.58 cash=22.62
[SIGNAL] 2026-08-11T23:09:59+00:00 HOTTRY BUY fill_at=2026-08-11T23:14:59+00:00 features={"close": 0.01559, "bb_lower": 0.015647340136209373, "bb_upper": 0.015945993197123955, "rsi": 9.687258352755933, "mfi": 0.5993154442817428, "atr": 2.6428571428571343e-05}
[BLOCKED] HOTTRY reason=insufficient_cash order=22.58 cash=22.62
[SIGNAL] 2026-08-11T23:09:59+00:00 LATRY BUY fill_at=2026-08-11T23:14:59+00:00 features={"close": 2.49, "bb_lower": 2.490498879082474, "bb_upper": 2.530453501869908, "rsi": 26.499058443686593, "mfi": 0.05220125655881702, "atr": 0.0035714285714285587}
[BLOCKED] LATRY reason=insufficient_cash order=22.58 cash=22.62
[SCAN] 2026-08-11T23:14:59+00:00 symbols=312 signals=4 entries=0 exits=0 blocked=33 open=7 cash=22.62 equity=9580.51
[SIGNAL] 2026-08-11T23:14:59+00:00 ACETRY BUY fill_at=2026-08-11T23:19:59+00:00 features={"close": 4.956, "bb_lower": 4.964477905067636, "bb_upper": 5.092760190170458, "rsi": 22.7738242179273, "mfi": 36.16284068239048, "atr": 0.013428571428571472}
[BLOCKED] ACETRY reason=insufficient_cash order=22.58 cash=22.62
[SIGNAL] 2026-08-11T23:14:59+00:00 GIGGLETRY BUY fill_at=2026-08-11T23:19:59+00:00 features={"close": 1810.0, "bb_lower": 1812.5280386048603, "bb_upper": 1861.852913776092, "rsi": 35.44535892918495, "mfi": 43.131432468470926, "atr": 13.071428571428571}
[BLOCKED] GIGGLETRY reason=insufficient_cash order=22.58 cash=22.62
[SIGNAL] 2026-08-11T23:14:59+00:00 HEITRY BUY fill_at=2026-08-11T23:19:59+00:00 features={"close": 6.756, "bb_lower": 6.789260847063555, "bb_upper": 7.217501057698352, "rsi": 11.721009620766651, "mfi": 8.084381593824503, "atr": 0.0374999999999999}
[BLOCKED] HEITRY reason=insufficient_cash order=22.58 cash=22.62
[SIGNAL] 2026-08-11T23:14:59+00:00 HOTTRY BUY fill_at=2026-08-11T23:19:59+00:00 features={"close": 0.01559, "bb_lower": 0.015612901873733064, "bb_upper": 0.01595757431674312, "rsi": 9.687258359938255, "mfi": 0.6369276158538781, "atr": 2.6428571428571343e-05}
[BLOCKED] HOTTRY reason=insufficient_cash order=22.58 cash=22.62
[SIGNAL] 2026-08-11T23:14:59+00:00 MMTTRY BUY fill_at=2026-08-11T23:19:59+00:00 features={"close": 9.69, "bb_lower": 9.724323311525568, "bb_upper": 10.158533831331576, "rsi": 27.139237614073863, "mfi": 35.87515362118684, "atr": 0.06285714285714279}
[BLOCKED] MMTTRY reason=insufficient_cash order=22.58 cash=22.62
[EXIT] 2026-08-11T23:19:59+00:00 VICTRY reason=fixed_take_profit pnl=+37.52 cash=1999.96
[SCAN] 2026-08-11T23:19:59+00:00 symbols=312 signals=5 entries=0 exits=1 blocked=40 open=6 cash=1999.96 equity=9609.51
[SIGNAL] 2026-08-11T23:19:59+00:00 LATRY BUY fill_at=2026-08-11T23:24:59+00:00 features={"close": 2.48, "bb_lower": 2.4831247234039653, "bb_upper": 2.53116099088175, "rsi": 21.247441782424573, "mfi": 0.016913539934606092, "atr": 0.0028571428571428597}
[ENTRY] 2026-08-11T23:24:59+00:00 LATRY layer=1 value=960.02 entry=2.48186000 cash=1038.51
[SCAN] 2026-08-11T23:24:59+00:00 symbols=312 signals=1 entries=1 exits=0 blocked=25 open=7 cash=1038.51 equity=9598.01
[SIGNAL] 2026-08-11T23:24:59+00:00 HEITRY BUY fill_at=2026-08-11T23:29:59+00:00 features={"close": 6.71, "bb_lower": 6.721491976518077, "bb_upper": 7.20526992824383, "rsi": 10.753086750524218, "mfi": 8.763596781704408, "atr": 0.04257142857142858}
[ENTRY] 2026-08-11T23:29:59+00:00 HEITRY layer=1 value=960.40 entry=6.72504000 cash=76.66
[SIGNAL] 2026-08-11T23:24:59+00:00 MUBARAKTRY BUY fill_at=2026-08-11T23:29:59+00:00 features={"close": 0.844, "bb_lower": 0.846878547381653, "bb_upper": 0.8655024049992993, "rsi": 30.73528682571734, "mfi": 53.62601872022445, "atr": 0.0053571428571428615}
[BLOCKED] MUBARAKTRY reason=insufficient_cash order=76.55 cash=76.66
[SIGNAL] 2026-08-11T23:24:59+00:00 NOTTRY BUY fill_at=2026-08-11T23:29:59+00:00 features={"close": 0.017, "bb_lower": 0.017006294479944634, "bb_upper": 0.017374657901007753, "rsi": 26.87472451797271, "mfi": 31.391599825429182, "atr": 4.28571428571426e-05}
[BLOCKED] NOTTRY reason=insufficient_cash order=76.55 cash=76.66
[SCAN] 2026-08-11T23:29:59+00:00 symbols=312 signals=3 entries=1 exits=0 blocked=18 open=8 cash=76.66 equity=9602.31
[SIGNAL] 2026-08-11T23:29:59+00:00 GIGGLETRY BUY fill_at=2026-08-11T23:34:59+00:00 features={"close": 1799.0, "bb_lower": 1801.3892903299043, "bb_upper": 1865.5630906224765, "rsi": 33.25627252731199, "mfi": 25.1105578461934, "atr": 13.928571428571429}
[BLOCKED] GIGGLETRY reason=insufficient_cash order=76.55 cash=76.66
[SCAN] 2026-08-11T23:34:59+00:00 symbols=312 signals=1 entries=0 exits=0 blocked=12 open=8 cash=76.66 equity=9592.46
[SIGNAL] 2026-08-11T23:34:59+00:00 KAITOTRY BUY fill_at=2026-08-11T23:39:59+00:00 features={"close": 29.947, "bb_lower": 30.065048237769478, "bb_upper": 30.871332714611473, "rsi": 22.577326636345433, "mfi": 42.22550989356966, "atr": 0.08764285714285666}
[BLOCKED] KAITOTRY reason=insufficient_cash order=76.55 cash=76.66
[SCAN] 2026-08-11T23:39:59+00:00 symbols=312 signals=1 entries=0 exits=0 blocked=21 open=8 cash=76.66 equity=9574.96
[SIGNAL] 2026-08-11T23:39:59+00:00 GENIUSTRY BUY fill_at=2026-08-11T23:44:59+00:00 features={"close": 17.78, "bb_lower": 17.811484434413252, "bb_upper": 18.042801279872457, "rsi": 33.26188084672343, "mfi": 46.276593478792236, "atr": 0.028571428571428217}
[BLOCKED] GENIUSTRY reason=insufficient_cash order=76.55 cash=76.66
[SIGNAL] 2026-08-11T23:39:59+00:00 KAITOTRY BUY fill_at=2026-08-11T23:44:59+00:00 features={"close": 29.973, "bb_lower": 29.99807834755094, "bb_upper": 30.90335022387762, "rsi": 24.740067277729892, "mfi": 27.251149605369875, "atr": 0.08364285714285659}
[BLOCKED] KAITOTRY reason=insufficient_cash order=76.55 cash=76.66
[SCAN] 2026-08-11T23:44:59+00:00 symbols=312 signals=2 entries=0 exits=0 blocked=18 open=8 cash=76.66 equity=9585.69
[SIGNAL] 2026-08-11T23:44:59+00:00 GENIUSTRY BUY fill_at=2026-08-11T23:49:59+00:00 features={"close": 17.78, "bb_lower": 17.794505187674933, "bb_upper": 18.035018621848867, "rsi": 33.26188085214666, "mfi": 39.673940150390074, "atr": 0.027857142857142643}
[BLOCKED] GENIUSTRY reason=insufficient_cash order=76.55 cash=76.66
[SCAN] 2026-08-11T23:49:59+00:00 symbols=312 signals=1 entries=0 exits=0 blocked=18 open=8 cash=76.66 equity=9573.93
[SIGNAL] 2026-08-11T23:49:59+00:00 BANKTRY BUY fill_at=2026-08-11T23:54:59+00:00 features={"close": 1.738, "bb_lower": 1.7382521036726124, "bb_upper": 1.7604145629940549, "rsi": 35.20792453191535, "mfi": 57.76921008128379, "atr": 0.0048571428571428455}
[BLOCKED] BANKTRY reason=max_layers
[SIGNAL] 2026-08-11T23:49:59+00:00 DODOTRY BUY fill_at=2026-08-11T23:54:59+00:00 features={"close": 1.0453, "bb_lower": 1.04722529601951, "bb_upper": 1.0741937515995372, "rsi": 41.741388922227934, "mfi": 42.48485995734676, "atr": 0.006435714285714307}
[BLOCKED] DODOTRY reason=insufficient_cash order=76.55 cash=76.66
[SIGNAL] 2026-08-11T23:49:59+00:00 HOLOTRY BUY fill_at=2026-08-11T23:54:59+00:00 features={"close": 3.806, "bb_lower": 3.8277632810385485, "bb_upper": 4.354998623723353, "rsi": 30.672488509045408, "mfi": 47.24949042907748, "atr": 0.1060714285714286}
[BLOCKED] HOLOTRY reason=insufficient_cash order=76.55 cash=76.66
[SCAN] 2026-08-11T23:54:59+00:00 symbols=312 signals=3 entries=0 exits=0 blocked=14 open=8 cash=76.66 equity=9572.52
[SIGNAL] 2026-08-11T23:54:59+00:00 HOLOTRY BUY fill_at=2026-08-11T23:59:59+00:00 features={"close": 3.773, "bb_lower": 3.7824610428295267, "bb_upper": 4.3746818143133295, "rsi": 29.17595149498564, "mfi": 41.56688572360646, "atr": 0.09700000000000004}
[BLOCKED] HOLOTRY reason=insufficient_cash order=76.55 cash=76.66
[SIGNAL] 2026-08-11T23:54:59+00:00 KAITOTRY BUY fill_at=2026-08-11T23:59:59+00:00 features={"close": 29.785, "bb_lower": 29.791334282242964, "bb_upper": 30.940760955852262, "rsi": 20.897882376718, "mfi": 15.568303629292089, "atr": 0.09399999999999967}
[BLOCKED] KAITOTRY reason=insufficient_cash order=76.55 cash=76.66
[SCAN] 2026-08-11T23:59:59+00:00 symbols=312 signals=2 entries=0 exits=0 blocked=14 open=8 cash=76.66 equity=9570.57
[SIGNAL] 2026-08-11T23:59:59+00:00 ATMTRY BUY fill_at=2026-08-12T00:04:59+00:00 features={"close": 71.18, "bb_lower": 71.27047689178802, "bb_upper": 72.5638088224977, "rsi": 30.585012825892775, "mfi": 33.950526837331964, "atr": 0.11714285714286023}
[BLOCKED] ATMTRY reason=insufficient_cash order=76.55 cash=76.66
[SIGNAL] 2026-08-11T23:59:59+00:00 PORTALTRY BUY fill_at=2026-08-12T00:04:59+00:00 features={"close": 0.5239, "bb_lower": 0.5240660686218509, "bb_upper": 0.534038693282911, "rsi": 23.831350698550267, "mfi": 15.45517287438642, "atr": 0.0007357142857142761}
[BLOCKED] PORTALTRY reason=insufficient_cash order=76.55 cash=76.66
[SCAN] 2026-08-12T00:04:59+00:00 symbols=312 signals=2 entries=0 exits=0 blocked=14 open=8 cash=76.66 equity=9565.82
[SIGNAL] 2026-08-12T00:04:59+00:00 AUDIOTRY BUY fill_at=2026-08-12T00:09:59+00:00 features={"close": 0.5953, "bb_lower": 0.5954562699523895, "bb_upper": 0.6023151586190392, "rsi": 40.97570979368387, "mfi": 37.49582295633711, "atr": 0.0014214285714285496}
[BLOCKED] AUDIOTRY reason=insufficient_cash order=76.55 cash=76.66
[SIGNAL] 2026-08-12T00:04:59+00:00 KAITOTRY BUY fill_at=2026-08-12T00:09:59+00:00 features={"close": 29.664, "bb_lower": 29.6769795858948, "bb_upper": 30.915306128390895, "rsi": 31.045617476248864, "mfi": 11.478412463875898, "atr": 0.16064285714285656}
[BLOCKED] KAITOTRY reason=insufficient_cash order=76.55 cash=76.66
[SIGNAL] 2026-08-12T00:04:59+00:00 LATRY BUY fill_at=2026-08-12T00:09:59+00:00 features={"close": 2.46, "bb_lower": 2.4606643438726534, "bb_upper": 2.5231451799368694, "rsi": 19.49749299181984, "mfi": 0.7247923474637616, "atr": 0.0042857142857143215}
[BLOCKED] LATRY reason=insufficient_cash order=76.55 cash=76.66
[SIGNAL] 2026-08-12T00:04:59+00:00 RVNTRY BUY fill_at=2026-08-12T00:09:59+00:00 features={"close": 0.1376, "bb_lower": 0.1376209756810101, "bb_upper": 0.14011235765232324, "rsi": 35.24558885957997, "mfi": 12.610477826849305, "atr": 0.00045}
[BLOCKED] RVNTRY reason=insufficient_cash order=76.55 cash=76.66
[SIGNAL] 2026-08-12T00:04:59+00:00 THETRY BUY fill_at=2026-08-12T00:09:59+00:00 features={"close": 2.823, "bb_lower": 2.823748609928566, "bb_upper": 2.866060913880958, "rsi": 31.34315419632516, "mfi": 12.698972246205756, "atr": 0.006999999999999991}
[BLOCKED] THETRY reason=insufficient_cash order=76.55 cash=76.66
[SCAN] 2026-08-12T00:09:59+00:00 symbols=312 signals=5 entries=0 exits=0 blocked=21 open=8 cash=76.66 equity=9564.30
[SIGNAL] 2026-08-12T00:09:59+00:00 GIGGLETRY BUY fill_at=2026-08-12T00:14:59+00:00 features={"close": 1787.0, "bb_lower": 1787.6641844177766, "bb_upper": 1852.5262917726996, "rsi": 32.708076032549855, "mfi": 14.025802546831912, "atr": 18.0}
[BLOCKED] GIGGLETRY reason=insufficient_cash order=76.55 cash=76.66
[SIGNAL] 2026-08-12T00:09:59+00:00 RVNTRY BUY fill_at=2026-08-12T00:14:59+00:00 features={"close": 0.1371, "bb_lower": 0.13737753252371004, "bb_upper": 0.14007961033343275, "rsi": 31.08667584161404, "mfi": 13.099963554990936, "atr": 0.00048571428571428577}
[BLOCKED] RVNTRY reason=insufficient_cash order=76.55 cash=76.66
[SCAN] 2026-08-12T00:14:59+00:00 symbols=312 signals=2 entries=0 exits=0 blocked=15 open=8 cash=76.66 equity=9568.27
[SIGNAL] 2026-08-12T00:14:59+00:00 AUDIOTRY BUY fill_at=2026-08-12T00:19:59+00:00 features={"close": 0.5945, "bb_lower": 0.5945504387773843, "bb_upper": 0.6022114659845204, "rsi": 38.88790783282265, "mfi": 49.67494328696635, "atr": 0.0013357142857142734}
[BLOCKED] AUDIOTRY reason=insufficient_cash order=76.55 cash=76.66
[SIGNAL] 2026-08-12T00:14:59+00:00 RVNTRY BUY fill_at=2026-08-12T00:19:59+00:00 features={"close": 0.1368, "bb_lower": 0.13713034054709503, "bb_upper": 0.1400125165957621, "rsi": 28.872212530175858, "mfi": 9.024107368791249, "atr": 0.0005357142857142862}
[BLOCKED] RVNTRY reason=insufficient_cash order=76.55 cash=76.66
[SCAN] 2026-08-12T00:19:59+00:00 symbols=312 signals=2 entries=0 exits=0 blocked=15 open=8 cash=76.66 equity=9578.18
[SIGNAL] 2026-08-12T00:19:59+00:00 MOVRTRY BUY fill_at=2026-08-12T00:24:59+00:00 features={"close": 42.9, "bb_lower": 43.02390290346735, "bb_upper": 43.99514471558026, "rsi": 31.76482159843846, "mfi": 20.352104086428895, "atr": 0.1857142857142858}
[BLOCKED] MOVRTRY reason=insufficient_cash order=76.55 cash=76.66
[SIGNAL] 2026-08-12T00:19:59+00:00 RVNTRY BUY fill_at=2026-08-12T00:24:59+00:00 features={"close": 0.136, "bb_lower": 0.13664331803230723, "bb_upper": 0.1401852533962642, "rsi": 23.94463689838129, "mfi": 7.090702815430859, "atr": 0.0006000000000000014}
[BLOCKED] RVNTRY reason=insufficient_cash order=76.55 cash=76.66
[SCAN] 2026-08-12T00:24:59+00:00 symbols=312 signals=2 entries=0 exits=0 blocked=17 open=8 cash=76.66 equity=9588.98
[SCAN] 2026-08-12T00:29:59+00:00 symbols=312 signals=0 entries=0 exits=0 blocked=11 open=8 cash=76.66 equity=9592.56
[SCAN] 2026-08-12T00:34:59+00:00 symbols=312 signals=0 entries=0 exits=0 blocked=9 open=8 cash=76.66 equity=9578.57
[SIGNAL] 2026-08-12T00:34:59+00:00 EULTRY BUY fill_at=2026-08-12T00:39:59+00:00 features={"close": 54.0, "bb_lower": 54.10678956366677, "bb_upper": 55.75987710299989, "rsi": 34.72922645717627, "mfi": 48.10473679270225, "atr": 0.3999999999999991}
[BLOCKED] EULTRY reason=insufficient_cash order=76.55 cash=76.66
[SIGNAL] 2026-08-12T00:34:59+00:00 RADTRY BUY fill_at=2026-08-12T00:39:59+00:00 features={"close": 12.07, "bb_lower": 12.093235659338951, "bb_upper": 12.703907197803908, "rsi": 33.84063304090816, "mfi": 37.436709633969826, "atr": 0.18214285714285733}
[BLOCKED] RADTRY reason=insufficient_cash order=76.55 cash=76.66
[SIGNAL] 2026-08-12T00:34:59+00:00 RVNTRY BUY fill_at=2026-08-12T00:39:59+00:00 features={"close": 0.1357, "bb_lower": 0.13584246118753895, "bb_upper": 0.14036706262198484, "rsi": 29.355948706539877, "mfi": 21.283453243825505, "atr": 0.0006714285714285728}
[BLOCKED] RVNTRY reason=insufficient_cash order=76.55 cash=76.66
[SCAN] 2026-08-12T00:39:59+00:00 symbols=312 signals=3 entries=0 exits=0 blocked=9 open=8 cash=76.66 equity=9582.27
[SIGNAL] 2026-08-12T00:39:59+00:00 GUNTRY BUY fill_at=2026-08-12T00:44:59+00:00 features={"close": 0.163, "bb_lower": 0.1631694412230201, "bb_upper": 0.16664008258650367, "rsi": 39.568391969387065, "mfi": 55.486774062350506, "atr": 0.0006428571428571435}
[BLOCKED] GUNTRY reason=insufficient_cash order=76.55 cash=76.66
[SIGNAL] 2026-08-12T00:39:59+00:00 HUMATRY BUY fill_at=2026-08-12T00:44:59+00:00 features={"close": 0.922, "bb_lower": 0.9233023469902306, "bb_upper": 0.9485071768192934, "rsi": 11.17232306171394, "mfi": 4.582211764077016, "atr": 0.0017142857142857157}
[BLOCKED] HUMATRY reason=insufficient_cash order=76.55 cash=76.66
[SIGNAL] 2026-08-12T00:39:59+00:00 RADTRY BUY fill_at=2026-08-12T00:44:59+00:00 features={"close": 11.93, "bb_lower": 12.011940588948251, "bb_upper": 12.727107030099367, "rsi": 30.556317789289935, "mfi": 30.692154051897575, "atr": 0.19000000000000014}
[BLOCKED] RADTRY reason=insufficient_cash order=76.55 cash=76.66
[SIGNAL] 2026-08-12T00:39:59+00:00 RVNTRY BUY fill_at=2026-08-12T00:44:59+00:00 features={"close": 0.1348, "bb_lower": 0.13527589824551348, "bb_upper": 0.1405526731830579, "rsi": 25.047262879136667, "mfi": 18.45634344755136, "atr": 0.0007214285714285713}
[BLOCKED] RVNTRY reason=insufficient_cash order=76.55 cash=76.66
[SCAN] 2026-08-12T00:44:59+00:00 symbols=312 signals=4 entries=0 exits=0 blocked=15 open=8 cash=76.66 equity=9597.79
[EXIT] 2026-08-12T00:49:59+00:00 LISTATRY reason=bb_mfi_v3_signal_exit pnl=-13.42 cash=1017.75
[SCAN] 2026-08-12T00:49:59+00:00 symbols=312 signals=0 entries=0 exits=1 blocked=13 open=7 cash=1017.75 equity=9586.84
[SIGNAL] 2026-08-12T00:49:59+00:00 EULTRY BUY fill_at=2026-08-12T00:54:59+00:00 features={"close": 53.4, "bb_lower": 53.672528014926975, "bb_upper": 55.89890055650162, "rsi": 30.078967076089413, "mfi": 49.46859930358016, "atr": 0.4642857142857143}
[ENTRY] 2026-08-12T00:54:59+00:00 EULTRY layer=1 value=959.48 entry=53.44005000 cash=56.83
[SCAN] 2026-08-12T00:54:59+00:00 symbols=312 signals=1 entries=1 exits=0 blocked=13 open=8 cash=56.83 equity=9599.83
[SIGNAL] 2026-08-12T00:54:59+00:00 LATRY BUY fill_at=2026-08-12T00:59:59+00:00 features={"close": 2.45, "bb_lower": 2.452460455727426, "bb_upper": 2.4980157347487646, "rsi": 28.772986614833655, "mfi": 15.904629862903263, "atr": 0.007142857142857181}
[BLOCKED] LATRY reason=insufficient_cash order=56.74 cash=56.83
[SIGNAL] 2026-08-12T00:54:59+00:00 MOVRTRY BUY fill_at=2026-08-12T00:59:59+00:00 features={"close": 43.0, "bb_lower": 43.00635261259147, "bb_upper": 43.746028339789476, "rsi": 38.999161141773115, "mfi": 38.8504662495417, "atr": 0.20714285714285857}
[BLOCKED] MOVRTRY reason=insufficient_cash order=56.74 cash=56.83
[SCAN] 2026-08-12T00:59:59+00:00 symbols=312 signals=2 entries=0 exits=0 blocked=12 open=8 cash=56.83 equity=9592.52
[SIGNAL] 2026-08-12T00:59:59+00:00 AIGENSYNTRY BUY fill_at=2026-08-12T01:04:59+00:00 features={"close": 0.987, "bb_lower": 0.9888992336406233, "bb_upper": 0.998338861597472, "rsi": 33.12122023744209, "mfi": 55.69457420722188, "atr": 0.0022857142857142876}
[ENTRY] 2026-08-12T01:04:59+00:00 AIGENSYNTRY layer=1 value=958.51 entry=0.98774025 cash=58.86
[SIGNAL] 2026-08-12T00:59:59+00:00 LUNATRY BUY fill_at=2026-08-12T01:04:59+00:00 features={"close": 2.265, "bb_lower": 2.2893714759478456, "bb_upper": 2.3678666192902504, "rsi": 34.69443102033594, "mfi": 46.266953673034806, "atr": 0.026714285714285753}
[BLOCKED] LUNATRY reason=insufficient_cash order=58.77 cash=58.86
[SIGNAL] 2026-08-12T00:59:59+00:00 ONETRY BUY fill_at=2026-08-12T01:04:59+00:00 features={"close": 0.0495, "bb_lower": 0.05034605036544525, "bb_upper": 0.05900633058693572, "rsi": 7.711439297859215, "mfi": 0.3090386249799053, "atr": 0.000950000000000001}
[BLOCKED] ONETRY reason=insufficient_cash order=58.77 cash=58.86
[SIGNAL] 2026-08-12T00:59:59+00:00 SHIBTRY BUY fill_at=2026-08-12T01:04:59+00:00 features={"close": 0.0002131, "bb_lower": 0.00021327503737419385, "bb_upper": 0.0002148297245305681, "rsi": 36.50169277848957, "mfi": 13.486853575212194, "atr": 4.785714285714266e-07}
[BLOCKED] SHIBTRY reason=insufficient_cash order=58.77 cash=58.86
[SCAN] 2026-08-12T01:04:59+00:00 symbols=312 signals=4 entries=1 exits=1 blocked=17 open=8 cash=58.86 equity=9583.88
[SIGNAL] 2026-08-12T01:04:59+00:00 AIGENSYNTRY BUY fill_at=2026-08-12T01:09:59+00:00 features={"close": 0.988, "bb_lower": 0.988047833552186, "bb_upper": 0.9986188331144804, "rsi": 36.83295298909806, "mfi": 51.72320370141808, "atr": 0.0022857142857142876}
[BLOCKED] AIGENSYNTRY reason=insufficient_cash order=58.77 cash=58.86
[SIGNAL] 2026-08-12T01:04:59+00:00 ONETRY BUY fill_at=2026-08-12T01:09:59+00:00 features={"close": 0.0479, "bb_lower": 0.04913788600046412, "bb_upper": 0.05943354257096446, "rsi": 5.9937571214206855, "mfi": 0.18184749700056102, "atr": 0.0011000000000000007}
[BLOCKED] ONETRY reason=insufficient_cash order=58.77 cash=58.86
[SIGNAL] 2026-08-12T01:04:59+00:00 RVNTRY BUY fill_at=2026-08-12T01:09:59+00:00 features={"close": 0.133, "bb_lower": 0.13307774642787515, "bb_upper": 0.14071272976260105, "rsi": 20.407920040759137, "mfi": 15.181228481740234, "atr": 0.0009142857142857127}
[BLOCKED] RVNTRY reason=insufficient_cash order=58.77 cash=58.86
[SCAN] 2026-08-12T01:09:59+00:00 symbols=312 signals=3 entries=0 exits=0 blocked=15 open=8 cash=58.86 equity=9573.90
[SIGNAL] 2026-08-12T01:09:59+00:00 AIGENSYNTRY BUY fill_at=2026-08-12T01:14:59+00:00 features={"close": 0.986, "bb_lower": 0.9868274532606424, "bb_upper": 0.9990773086441193, "rsi": 32.879263633849334, "mfi": 49.60631209295348, "atr": 0.0022857142857142876}
[BLOCKED] AIGENSYNTRY reason=insufficient_cash order=58.77 cash=58.86
[SIGNAL] 2026-08-12T01:09:59+00:00 ONETRY BUY fill_at=2026-08-12T01:14:59+00:00 features={"close": 0.0471, "bb_lower": 0.04794329424205498, "bb_upper": 0.05977099147223074, "rsi": 5.348448731853026, "mfi": 0.17427196485564878, "atr": 0.0011857142857142865}
[BLOCKED] ONETRY reason=insufficient_cash order=58.77 cash=58.86
[SCAN] 2026-08-12T01:14:59+00:00 symbols=312 signals=2 entries=0 exits=0 blocked=15 open=8 cash=58.86 equity=9576.55
[SIGNAL] 2026-08-12T01:14:59+00:00 AIGENSYNTRY BUY fill_at=2026-08-12T01:19:59+00:00 features={"close": 0.984, "bb_lower": 0.9852952444529242, "bb_upper": 0.9995618984042187, "rsi": 29.454152700474964, "mfi": 32.01366557442293, "atr": 0.0022142857142857164}
[BLOCKED] AIGENSYNTRY reason=insufficient_cash order=58.77 cash=58.86
[SIGNAL] 2026-08-12T01:14:59+00:00 ONETRY BUY fill_at=2026-08-12T01:19:59+00:00 features={"close": 0.0386, "bb_lower": 0.044330318852890765, "bb_upper": 0.06171730019472828, "rsi": 2.3884991668643636, "mfi": 0.09366078932853839, "atr": 0.0018714285714285725}
[BLOCKED] ONETRY reason=insufficient_cash order=58.77 cash=58.86
[SCAN] 2026-08-12T01:19:59+00:00 symbols=312 signals=2 entries=0 exits=0 blocked=14 open=8 cash=58.86 equity=9557.76
[SIGNAL] 2026-08-12T01:19:59+00:00 BANKTRY BUY fill_at=2026-08-12T01:24:59+00:00 features={"close": 1.727, "bb_lower": 1.7294173734009755, "bb_upper": 1.7488683408847387, "rsi": 36.75978865525737, "mfi": 47.55721617701072, "atr": 0.006142857142857132}
[BLOCKED] BANKTRY reason=max_layers
[SIGNAL] 2026-08-12T01:19:59+00:00 BMTTRY BUY fill_at=2026-08-12T01:24:59+00:00 features={"close": 0.975, "bb_lower": 1.047840327870432, "bb_upper": 1.1912072911771872, "rsi": 24.66215424377279, "mfi": 34.01689897035851, "atr": 0.03314285714285709}
[BLOCKED] BMTTRY reason=insufficient_cash order=58.77 cash=58.86
[SIGNAL] 2026-08-12T01:19:59+00:00 ONETRY BUY fill_at=2026-08-12T01:24:59+00:00 features={"close": 0.0357, "bb_lower": 0.040775667644038456, "bb_upper": 0.06332909426072345, "rsi": 1.9828989070263674, "mfi": 0.05711473221901997, "atr": 0.00247857142857143}
[BLOCKED] ONETRY reason=insufficient_cash order=58.77 cash=58.86
[SCAN] 2026-08-12T01:24:59+00:00 symbols=312 signals=3 entries=0 exits=0 blocked=13 open=8 cash=58.86 equity=9517.24
[SIGNAL] 2026-08-12T01:24:59+00:00 BANKTRY BUY fill_at=2026-08-12T01:29:59+00:00 features={"close": 1.696, "bb_lower": 1.71626126237942, "bb_upper": 1.7577387376205789, "rsi": 23.04479320832479, "mfi": 21.25000319429911, "atr": 0.010785714285714287}
[BLOCKED] BANKTRY reason=max_layers
[SIGNAL] 2026-08-12T01:24:59+00:00 BMTTRY BUY fill_at=2026-08-12T01:29:59+00:00 features={"close": 0.99, "bb_lower": 1.0227244401620699, "bb_upper": 1.2033707979331683, "rsi": 28.712991497989535, "mfi": 27.557150697161262, "atr": 0.03407142857142852}
[BLOCKED] BMTTRY reason=insufficient_cash order=58.77 cash=58.86
[SIGNAL] 2026-08-12T01:24:59+00:00 ONETRY BUY fill_at=2026-08-12T01:29:59+00:00 features={"close": 0.0305, "bb_lower": 0.036460563665085405, "bb_upper": 0.06520610300158128, "rsi": 1.4910490811744523, "mfi": 0.029458757881982933, "atr": 0.0031142857142857153}
[BLOCKED] ONETRY reason=insufficient_cash order=58.77 cash=58.86
[SCAN] 2026-08-12T01:29:59+00:00 symbols=312 signals=3 entries=0 exits=0 blocked=11 open=8 cash=58.86 equity=9513.88
[SIGNAL] 2026-08-12T01:29:59+00:00 BANKTRY BUY fill_at=2026-08-12T01:34:59+00:00 features={"close": 1.696, "bb_lower": 1.7078675405632764, "bb_upper": 1.7619419832462475, "rsi": 23.04479321243413, "mfi": 25.03869817209676, "atr": 0.0105}
[BLOCKED] BANKTRY reason=max_layers
[SIGNAL] 2026-08-12T01:29:59+00:00 BMTTRY BUY fill_at=2026-08-12T01:34:59+00:00 features={"close": 0.976, "bb_lower": 0.9986503592919332, "bb_upper": 1.2121115454699716, "rsi": 27.23246095089104, "mfi": 27.27277147620528, "atr": 0.03414285714285711}
[BLOCKED] BMTTRY reason=insufficient_cash order=58.77 cash=58.86
[SIGNAL] 2026-08-12T01:29:59+00:00 LUNATRY BUY fill_at=2026-08-12T01:34:59+00:00 features={"close": 2.211, "bb_lower": 2.247368064979675, "bb_upper": 2.3752986016869917, "rsi": 29.56587188359957, "mfi": 38.08709991829685, "atr": 0.031642857142857146}
[BLOCKED] LUNATRY reason=insufficient_cash order=58.77 cash=58.86
[SCAN] 2026-08-12T01:34:59+00:00 symbols=312 signals=3 entries=0 exits=0 blocked=17 open=8 cash=58.86 equity=9509.50
[SIGNAL] 2026-08-12T01:34:59+00:00 BANKTRY BUY fill_at=2026-08-12T01:39:59+00:00 features={"close": 1.701, "bb_lower": 1.702553187462449, "bb_upper": 1.763732526823265, "rsi": 28.121195498476794, "mfi": 30.380523651451128, "atr": 0.010714285714285723}
[BLOCKED] BANKTRY reason=max_layers
[SIGNAL] 2026-08-12T01:34:59+00:00 BMTTRY BUY fill_at=2026-08-12T01:39:59+00:00 features={"close": 0.961, "bb_lower": 0.9749193784334882, "bb_upper": 1.219556812042702, "rsi": 25.694636587475173, "mfi": 27.895859641123934, "atr": 0.0351428571428571}
[BLOCKED] BMTTRY reason=insufficient_cash order=58.77 cash=58.86
[SIGNAL] 2026-08-12T01:34:59+00:00 HEITRY BUY fill_at=2026-08-12T01:39:59+00:00 features={"close": 6.39, "bb_lower": 6.399559215552916, "bb_upper": 6.601393165399461, "rsi": 28.5289990663278, "mfi": 49.48132969855684, "atr": 0.0564999999999999}
[BLOCKED] HEITRY reason=insufficient_cash order=58.77 cash=58.86
[SIGNAL] 2026-08-12T01:34:59+00:00 LUNATRY BUY fill_at=2026-08-12T01:39:59+00:00 features={"close": 2.227, "bb_lower": 2.233705107277226, "bb_upper": 2.379723464151345, "rsi": 34.185597413715925, "mfi": 37.53588133921508, "atr": 0.0312857142857143}
[BLOCKED] LUNATRY reason=insufficient_cash order=58.77 cash=58.86
[SCAN] 2026-08-12T01:39:59+00:00 symbols=312 signals=4 entries=0 exits=0 blocked=16 open=8 cash=58.86 equity=9505.26
[SIGNAL] 2026-08-12T01:39:59+00:00 HEITRY BUY fill_at=2026-08-12T01:44:59+00:00 features={"close": 6.35, "bb_lower": 6.3835936006908565, "bb_upper": 6.59097782788057, "rsi": 25.81806123344576, "mfi": 44.686870093852804, "atr": 0.05885714285714272}
[BLOCKED] HEITRY reason=insufficient_cash order=58.77 cash=58.86
[SIGNAL] 2026-08-12T01:39:59+00:00 LUNATRY BUY fill_at=2026-08-12T01:44:59+00:00 features={"close": 2.218, "bb_lower": 2.2200462955330664, "bb_upper": 2.382810847324075, "rsi": 32.87176292101856, "mfi": 27.997951683055646, "atr": 0.030142857142857155}
[BLOCKED] LUNATRY reason=insufficient_cash order=58.77 cash=58.86
[SCAN] 2026-08-12T01:44:59+00:00 symbols=312 signals=2 entries=0 exits=0 blocked=12 open=8 cash=58.86 equity=9515.72
[SIGNAL] 2026-08-12T01:44:59+00:00 BOMETRY BUY fill_at=2026-08-12T01:49:59+00:00 features={"close": 0.03793, "bb_lower": 0.03795980345923375, "bb_upper": 0.039030672731242444, "rsi": 39.785402097457045, "mfi": 40.7234203970464, "atr": 0.0001900000000000002}
[BLOCKED] BOMETRY reason=insufficient_cash order=58.77 cash=58.86
[SCAN] 2026-08-12T01:49:59+00:00 symbols=312 signals=1 entries=0 exits=0 blocked=12 open=8 cash=58.86 equity=9496.46
[SIGNAL] 2026-08-12T01:49:59+00:00 BANKTRY BUY fill_at=2026-08-12T01:54:59+00:00 features={"close": 1.676, "bb_lower": 1.6835967834209609, "bb_upper": 1.7690698832457057, "rsi": 19.920019397164708, "mfi": 22.750714430832573, "atr": 0.013357142857142876}
[BLOCKED] BANKTRY reason=max_layers
[SIGNAL] 2026-08-12T01:49:59+00:00 BOMETRY BUY fill_at=2026-08-12T01:54:59+00:00 features={"close": 0.03796, "bb_lower": 0.03799168943037138, "bb_upper": 0.03901021533153338, "rsi": 40.79514015808396, "mfi": 41.347861363319396, "atr": 0.00018928571428571475}
[BLOCKED] BOMETRY reason=insufficient_cash order=58.77 cash=58.86
[SIGNAL] 2026-08-12T01:49:59+00:00 HEITRY BUY fill_at=2026-08-12T01:54:59+00:00 features={"close": 6.336, "bb_lower": 6.35895065593753, "bb_upper": 6.578477915491042, "rsi": 29.893537457842868, "mfi": 43.525135106759144, "atr": 0.05728571428571413}
[BLOCKED] HEITRY reason=insufficient_cash order=58.77 cash=58.86
[SCAN] 2026-08-12T01:54:59+00:00 symbols=312 signals=3 entries=0 exits=0 blocked=14 open=8 cash=58.86 equity=9493.58
[SIGNAL] 2026-08-12T01:54:59+00:00 BANKTRY BUY fill_at=2026-08-12T01:59:59+00:00 features={"close": 1.674, "bb_lower": 1.6754699725032032, "bb_upper": 1.7713871703539403, "rsi": 19.42006198150061, "mfi": 20.97939765878266, "atr": 0.013857142857142886}
[BLOCKED] BANKTRY reason=max_layers
[SIGNAL] 2026-08-12T01:54:59+00:00 BOMETRY BUY fill_at=2026-08-12T01:59:59+00:00 features={"close": 0.03781, "bb_lower": 0.03788000804779289, "bb_upper": 0.03903523004744522, "rsi": 37.39818662761869, "mfi": 33.417765350010725, "atr": 0.00020142857142857164}
[BLOCKED] BOMETRY reason=insufficient_cash order=58.77 cash=58.86
[SIGNAL] 2026-08-12T01:54:59+00:00 HEITRY BUY fill_at=2026-08-12T01:59:59+00:00 features={"close": 6.327, "bb_lower": 6.336529548551273, "bb_upper": 6.583470451448727, "rsi": 29.294157548857243, "mfi": 46.77403861372697, "atr": 0.05364285714285698}
[BLOCKED] HEITRY reason=insufficient_cash order=58.77 cash=58.86
[SCAN] 2026-08-12T01:59:59+00:00 symbols=312 signals=3 entries=0 exits=0 blocked=11 open=8 cash=58.86 equity=9507.41
[SIGNAL] 2026-08-12T01:59:59+00:00 BOMETRY BUY fill_at=2026-08-12T02:04:59+00:00 features={"close": 0.0377, "bb_lower": 0.03775886481532323, "bb_upper": 0.03906399232753391, "rsi": 35.0777162881088, "mfi": 31.46590647233154, "atr": 0.00020000000000000028}
[ENTRY] 2026-08-12T02:04:59+00:00 BOMETRY layer=1 value=948.95 entry=0.03772827 cash=73.80
[SIGNAL] 2026-08-12T01:59:59+00:00 FLOKITRY BUY fill_at=2026-08-12T02:04:59+00:00 features={"close": 0.000983, "bb_lower": 0.0009831731958029764, "bb_upper": 0.0009915887089589285, "rsi": 38.46511559687781, "mfi": 35.78468597647186, "atr": 1.7142857142857094e-06}
[BLOCKED] FLOKITRY reason=insufficient_cash order=73.69 cash=73.80
[SIGNAL] 2026-08-12T01:59:59+00:00 GIGGLETRY BUY fill_at=2026-08-12T02:04:59+00:00 features={"close": 1729.0, "bb_lower": 1750.1511691945807, "bb_upper": 1826.8012117578, "rsi": 27.60423075770707, "mfi": 20.252880390157742, "atr": 18.357142857142858}
[BLOCKED] GIGGLETRY reason=insufficient_cash order=73.69 cash=73.80
[SIGNAL] 2026-08-12T01:59:59+00:00 MEGATRY BUY fill_at=2026-08-12T02:04:59+00:00 features={"close": 1.581, "bb_lower": 1.581993791752445, "bb_upper": 1.5951490653904121, "rsi": 37.93187594254358, "mfi": 15.54968576457938, "atr": 0.002714285714285717}
[BLOCKED] MEGATRY reason=insufficient_cash order=73.69 cash=73.80
[SCAN] 2026-08-12T02:04:59+00:00 symbols=312 signals=4 entries=1 exits=1 blocked=13 open=8 cash=73.80 equity=9487.38
[EXIT] 2026-08-12T02:09:59+00:00 METRY reason=bb_mfi_v3_signal_exit pnl=-27.46 cash=1040.21
[SIGNAL] 2026-08-12T02:04:59+00:00 FLOKITRY BUY fill_at=2026-08-12T02:09:59+00:00 features={"close": 0.000982, "bb_lower": 0.0009824247634273536, "bb_upper": 0.000991956188953599, "rsi": 35.91394151403445, "mfi": 16.534041768328763, "atr": 1.7857142857142749e-06}
[ENTRY] 2026-08-12T02:09:59+00:00 FLOKITRY layer=1 value=949.08 entry=0.00098274 cash=89.71
[SIGNAL] 2026-08-12T02:04:59+00:00 GIGGLETRY BUY fill_at=2026-08-12T02:09:59+00:00 features={"close": 1734.0, "bb_lower": 1740.9609268270983, "bb_upper": 1830.3724065062352, "rsi": 30.249638505867082, "mfi": 16.359102590989067, "atr": 19.214285714285715}
[BLOCKED] GIGGLETRY reason=insufficient_cash order=89.57 cash=89.71
[SIGNAL] 2026-08-12T02:04:59+00:00 GUNTRY BUY fill_at=2026-08-12T02:09:59+00:00 features={"close": 0.161, "bb_lower": 0.16107567617249383, "bb_upper": 0.16654337144655376, "rsi": 27.498711376847695, "mfi": 2.60882066319094, "atr": 0.00035714285714285747}
[BLOCKED] GUNTRY reason=insufficient_cash order=89.57 cash=89.71
[SIGNAL] 2026-08-12T02:04:59+00:00 MEGATRY BUY fill_at=2026-08-12T02:09:59+00:00 features={"close": 1.58, "bb_lower": 1.5809439372414205, "bb_upper": 1.5957227294252458, "rsi": 36.63144914211633, "mfi": 27.455224451964114, "atr": 0.003071428571428566}
[BLOCKED] MEGATRY reason=insufficient_cash order=89.57 cash=89.71
[SIGNAL] 2026-08-12T02:04:59+00:00 RVNTRY BUY fill_at=2026-08-12T02:09:59+00:00 features={"close": 0.1317, "bb_lower": 0.131881230244528, "bb_upper": 0.13718543642213862, "rsi": 37.80761590773516, "mfi": 26.116696828826008, "atr": 0.0016071428571428526}
[BLOCKED] RVNTRY reason=insufficient_cash order=89.57 cash=89.71
[SCAN] 2026-08-12T02:09:59+00:00 symbols=312 signals=5 entries=1 exits=1 blocked=19 open=8 cash=89.71 equity=9488.67
[SIGNAL] 2026-08-12T02:09:59+00:00 ACETRY BUY fill_at=2026-08-12T02:14:59+00:00 features={"close": 4.922, "bb_lower": 4.945807528415589, "bb_upper": 5.062859138251078, "rsi": 32.93606703630108, "mfi": 24.87790453691163, "atr": 0.027428571428571327}
[BLOCKED] ACETRY reason=insufficient_cash order=89.57 cash=89.71
[SIGNAL] 2026-08-12T02:09:59+00:00 EDUTRY BUY fill_at=2026-08-12T02:14:59+00:00 features={"close": 1.87, "bb_lower": 1.8719991099437785, "bb_upper": 1.9127627948181265, "rsi": 34.44182093765619, "mfi": 16.5421801448786, "atr": 0.004285714285714274}
[BLOCKED] EDUTRY reason=insufficient_cash order=89.57 cash=89.71
[SIGNAL] 2026-08-12T02:09:59+00:00 GIGGLETRY BUY fill_at=2026-08-12T02:14:59+00:00 features={"close": 1733.0, "bb_lower": 1733.1207137374424, "bb_upper": 1831.450714833986, "rsi": 30.012027331688316, "mfi": 20.009737126422777, "atr": 18.857142857142858}
[BLOCKED] GIGGLETRY reason=insufficient_cash order=89.57 cash=89.71
[SIGNAL] 2026-08-12T02:09:59+00:00 MEGATRY BUY fill_at=2026-08-12T02:14:59+00:00 features={"close": 1.577, "bb_lower": 1.5790354010080685, "bb_upper": 1.5966788847062163, "rsi": 32.95912788941688, "mfi": 27.23686525953211, "atr": 0.002928571428571423}
[BLOCKED] MEGATRY reason=insufficient_cash order=89.57 cash=89.71
[SIGNAL] 2026-08-12T02:09:59+00:00 MMTTRY BUY fill_at=2026-08-12T02:14:59+00:00 features={"close": 9.58, "bb_lower": 9.720617086489193, "bb_upper": 10.172716246844145, "rsi": 26.332862437952812, "mfi": 24.025825727379868, "atr": 0.08714285714285668}
[BLOCKED] MMTTRY reason=insufficient_cash order=89.57 cash=89.71
[SIGNAL] 2026-08-12T02:09:59+00:00 VANRYTRY BUY fill_at=2026-08-12T02:14:59+00:00 features={"close": 0.1291, "bb_lower": 0.1294157831537971, "bb_upper": 0.13207945494144102, "rsi": 27.637495924480632, "mfi": 28.905123609022255, "atr": 0.0005000000000000045}
[BLOCKED] VANRYTRY reason=insufficient_cash order=89.57 cash=89.71
[SCAN] 2026-08-12T02:14:59+00:00 symbols=312 signals=6 entries=0 exits=0 blocked=16 open=8 cash=89.71 equity=9501.43
[SIGNAL] 2026-08-12T02:14:59+00:00 ACETRY BUY fill_at=2026-08-12T02:19:59+00:00 features={"close": 4.935, "bb_lower": 4.936505490396224, "bb_upper": 5.067113557222824, "rsi": 36.50879503338234, "mfi": 26.848704236894335, "atr": 0.026214285714285652}
[BLOCKED] ACETRY reason=insufficient_cash order=89.57 cash=89.71
[SIGNAL] 2026-08-12T02:14:59+00:00 MMTTRY BUY fill_at=2026-08-12T02:19:59+00:00 features={"close": 9.66, "bb_lower": 9.684540018403144, "bb_upper": 10.191650457787333, "rsi": 33.831809787788416, "mfi": 21.45376084809321, "atr": 0.09714285714285673}
[BLOCKED] MMTTRY reason=insufficient_cash order=89.57 cash=89.71
[SIGNAL] 2026-08-12T02:14:59+00:00 VANRYTRY BUY fill_at=2026-08-12T02:19:59+00:00 features={"close": 0.1291, "bb_lower": 0.12921185827548953, "bb_upper": 0.1320167131530819, "rsi": 27.637495954434243, "mfi": 35.8934869171657, "atr": 0.0005000000000000045}
[BLOCKED] VANRYTRY reason=insufficient_cash order=89.57 cash=89.71
[SCAN] 2026-08-12T02:19:59+00:00 symbols=312 signals=3 entries=0 exits=0 blocked=13 open=8 cash=89.71 equity=9514.37
[SCAN] 2026-08-12T02:24:59+00:00 symbols=312 signals=0 entries=0 exits=0 blocked=7 open=8 cash=89.71 equity=9520.15
[SIGNAL] 2026-08-12T02:24:59+00:00 PLUMETRY BUY fill_at=2026-08-12T02:29:59+00:00 features={"close": 0.582, "bb_lower": 0.5823164843298819, "bb_upper": 0.5882549442415467, "rsi": 45.14364167641548, "mfi": 44.88528594023996, "atr": 0.0011428571428571438}
[BLOCKED] PLUMETRY reason=insufficient_cash order=89.57 cash=89.71
[SCAN] 2026-08-12T02:29:59+00:00 symbols=312 signals=1 entries=0 exits=0 blocked=6 open=8 cash=89.71 equity=9509.58
[SIGNAL] 2026-08-12T02:29:59+00:00 BOMETRY BUY fill_at=2026-08-12T02:34:59+00:00 features={"close": 0.03732, "bb_lower": 0.03735362491955533, "bb_upper": 0.03897399412806372, "rsi": 30.416722981010835, "mfi": 25.456784308072912, "atr": 0.00019285714285714292}
[BLOCKED] BOMETRY reason=insufficient_cash order=89.57 cash=89.71
[SIGNAL] 2026-08-12T02:29:59+00:00 COTITRY BUY fill_at=2026-08-12T02:34:59+00:00 features={"close": 0.4764, "bb_lower": 0.47719584942528503, "bb_upper": 0.4923660553366196, "rsi": 32.317466719930465, "mfi": 44.6371451766894, "atr": 0.002371428571428568}
[BLOCKED] COTITRY reason=insufficient_cash order=89.57 cash=89.71
[SIGNAL] 2026-08-12T02:29:59+00:00 GUNTRY BUY fill_at=2026-08-12T02:34:59+00:00 features={"close": 0.157, "bb_lower": 0.15865504221993204, "bb_upper": 0.16724971968482993, "rsi": 14.192066800671313, "mfi": 0.0, "atr": 0.0005714285714285719}
[BLOCKED] GUNTRY reason=insufficient_cash order=89.57 cash=89.71
[SCAN] 2026-08-12T02:34:59+00:00 symbols=312 signals=3 entries=0 exits=0 blocked=7 open=8 cash=89.71 equity=9509.21
[SCAN] 2026-08-12T02:39:59+00:00 symbols=312 signals=0 entries=0 exits=0 blocked=3 open=8 cash=89.71 equity=9513.59
[SIGNAL] 2026-08-12T02:39:59+00:00 DOGETRY BUY fill_at=2026-08-12T02:44:59+00:00 features={"close": 3.435, "bb_lower": 3.4375632178966624, "bb_upper": 3.459389163055719, "rsi": 38.67767944828733, "mfi": 23.418637193119736, "atr": 0.004928571428571361}
[BLOCKED] DOGETRY reason=insufficient_cash order=89.57 cash=89.71
[SIGNAL] 2026-08-12T02:39:59+00:00 PEOPLETRY BUY fill_at=2026-08-12T02:44:59+00:00 features={"close": 0.397, "bb_lower": 0.4000597844266456, "bb_upper": 0.41365450128764014, "rsi": 16.87659045439625, "mfi": 18.95869380064167, "atr": 0.0010714285714285604}
[BLOCKED] PEOPLETRY reason=insufficient_cash order=89.57 cash=89.71
[SCAN] 2026-08-12T02:44:59+00:00 symbols=312 signals=2 entries=0 exits=0 blocked=5 open=8 cash=89.71 equity=9519.92
[SIGNAL] 2026-08-12T02:44:59+00:00 KAITOTRY BUY fill_at=2026-08-12T02:49:59+00:00 features={"close": 29.817, "bb_lower": 29.906425173516947, "bb_upper": 30.285479588387826, "rsi": 32.086124617994955, "mfi": 32.466646700396524, "atr": 0.046428571428571326}
[BLOCKED] KAITOTRY reason=insufficient_cash order=89.57 cash=89.71
[SIGNAL] 2026-08-12T02:44:59+00:00 PEOPLETRY BUY fill_at=2026-08-12T02:49:59+00:00 features={"close": 0.398, "bb_lower": 0.39927298314522713, "bb_upper": 0.41282225495001085, "rsi": 22.171794827617532, "mfi": 17.975688470806375, "atr": 0.0011428571428571319}
[BLOCKED] PEOPLETRY reason=insufficient_cash order=89.57 cash=89.71
[SCAN] 2026-08-12T02:49:59+00:00 symbols=312 signals=2 entries=0 exits=0 blocked=6 open=8 cash=89.71 equity=9512.71
[SIGNAL] 2026-08-12T02:49:59+00:00 COTITRY BUY fill_at=2026-08-12T02:54:59+00:00 features={"close": 0.4722, "bb_lower": 0.47256985247405703, "bb_upper": 0.494382528478324, "rsi": 27.592315582884638, "mfi": 45.29136687365276, "atr": 0.002064285714285713}
[BLOCKED] COTITRY reason=insufficient_cash order=89.57 cash=89.71
[SIGNAL] 2026-08-12T02:49:59+00:00 PEOPLETRY BUY fill_at=2026-08-12T02:54:59+00:00 features={"close": 0.398, "bb_lower": 0.39866272813306153, "bb_upper": 0.4119087004383672, "rsi": 22.17179485599408, "mfi": 17.975688470806375, "atr": 0.0010714285714285645}
[BLOCKED] PEOPLETRY reason=insufficient_cash order=89.57 cash=89.71
[SCAN] 2026-08-12T02:54:59+00:00 symbols=312 signals=2 entries=0 exits=0 blocked=8 open=8 cash=89.71 equity=9515.27
[SCAN] 2026-08-12T02:59:59+00:00 symbols=312 signals=0 entries=0 exits=0 blocked=6 open=8 cash=89.71 equity=9517.79
[EXIT] 2026-08-12T03:04:59+00:00 RARETRY reason=bb_mfi_v3_signal_exit pnl=-53.14 cash=2028.62
[SCAN] 2026-08-12T03:04:59+00:00 symbols=312 signals=0 entries=0 exits=1 blocked=8 open=7 cash=2028.62 equity=9536.74
[SIGNAL] 2026-08-12T03:04:59+00:00 MOVRTRY BUY fill_at=2026-08-12T03:09:59+00:00 features={"close": 42.9, "bb_lower": 42.99736107009527, "bb_upper": 43.67882940609521, "rsi": 34.7130243306308, "mfi": 44.512275342290025, "atr": 0.250000000000001}
[ENTRY] 2026-08-12T03:09:59+00:00 MOVRTRY layer=1 value=953.02 entry=42.83210000 cash=1074.17
[SCAN] 2026-08-12T03:09:59+00:00 symbols=312 signals=1 entries=1 exits=0 blocked=7 open=8 cash=1074.17 equity=9525.85
[SIGNAL] 2026-08-12T03:09:59+00:00 MOVRTRY BUY fill_at=2026-08-12T03:14:59+00:00 features={"close": 42.7, "bb_lower": 42.91020855713128, "bb_upper": 43.73741049048778, "rsi": 30.27740997867042, "mfi": 42.203978528899576, "atr": 0.24285714285714377}
[ENTRY] 2026-08-12T03:14:59+00:00 MOVRTRY layer=2 value=952.96 entry=43.13232500 cash=119.78
[SIGNAL] 2026-08-12T03:09:59+00:00 OPENTRY BUY fill_at=2026-08-12T03:14:59+00:00 features={"close": 10.014, "bb_lower": 10.015120592987332, "bb_upper": 10.147546073679335, "rsi": 38.00522991280904, "mfi": 57.519346038132284, "atr": 0.038642857142857166}
[ENTRY] 2026-08-12T03:14:59+00:00 OPENTRY layer=1 value=119.60 entry=10.02251125 cash=0.00
[SCAN] 2026-08-12T03:14:59+00:00 symbols=312 signals=2 entries=2 exits=0 blocked=9 open=9 cash=0.00 equity=9527.71
[SCAN] 2026-08-12T03:19:59+00:00 symbols=312 signals=0 entries=0 exits=0 blocked=11 open=9 cash=0.00 equity=9495.45
[SIGNAL] 2026-08-12T03:19:59+00:00 MOVRTRY BUY fill_at=2026-08-12T03:24:59+00:00 features={"close": 42.7, "bb_lower": 42.78278728201949, "bb_upper": 43.76959367036148, "rsi": 36.760283460823764, "mfi": 46.88950810514058, "atr": 0.2857142857142862}
[BLOCKED] MOVRTRY reason=max_layers
[SCAN] 2026-08-12T03:24:59+00:00 symbols=312 signals=1 entries=0 exits=0 blocked=13 open=9 cash=0.00 equity=9466.93
[SIGNAL] 2026-08-12T03:24:59+00:00 BABYTRY BUY fill_at=2026-08-12T03:29:59+00:00 features={"close": 0.618, "bb_lower": 0.6191016139789544, "bb_upper": 0.643279338401998, "rsi": 28.119075788501604, "mfi": 50.89294195762307, "atr": 0.002714285714285717}
[BLOCKED] BABYTRY reason=insufficient_cash order=0.00 cash=0.00
[SIGNAL] 2026-08-12T03:24:59+00:00 CHIPTRY BUY fill_at=2026-08-12T03:29:59+00:00 features={"close": 1.0717, "bb_lower": 1.0726937958560605, "bb_upper": 1.0871442993820348, "rsi": 37.629553844972456, "mfi": 52.08180171187623, "atr": 0.0022785714285714154}
[BLOCKED] CHIPTRY reason=insufficient_cash order=0.00 cash=0.00
[SIGNAL] 2026-08-12T03:24:59+00:00 MOVRTRY BUY fill_at=2026-08-12T03:29:59+00:00 features={"close": 42.1, "bb_lower": 42.51520955034277, "bb_upper": 43.91336187822868, "rsi": 28.080606721082418, "mfi": 42.16977430057796, "atr": 0.30714285714285794}
[BLOCKED] MOVRTRY reason=max_layers
[SCAN] 2026-08-12T03:29:59+00:00 symbols=312 signals=3 entries=0 exits=0 blocked=18 open=9 cash=0.00 equity=9482.53
[SIGNAL] 2026-08-12T03:29:59+00:00 BABYTRY BUY fill_at=2026-08-12T03:34:59+00:00 features={"close": 0.617, "bb_lower": 0.6175197992057049, "bb_upper": 0.6440992484133428, "rsi": 26.981818328019187, "mfi": 50.00701794539944, "atr": 0.002642857142857145}
[BLOCKED] BABYTRY reason=insufficient_cash order=0.00 cash=0.00
[SIGNAL] 2026-08-12T03:29:59+00:00 CHIPTRY BUY fill_at=2026-08-12T03:34:59+00:00 features={"close": 1.0712, "bb_lower": 1.0720436127587114, "bb_upper": 1.0875278158127173, "rsi": 36.84150274795462, "mfi": 46.341381229189125, "atr": 0.0023857142857142766}
[BLOCKED] CHIPTRY reason=insufficient_cash order=0.00 cash=0.00
[SIGNAL] 2026-08-12T03:29:59+00:00 MOVRTRY BUY fill_at=2026-08-12T03:34:59+00:00 features={"close": 42.1, "bb_lower": 42.31374476332377, "bb_upper": 43.99101714143815, "rsi": 28.080606718778853, "mfi": 43.08116624238024, "atr": 0.24285714285714327}
[BLOCKED] MOVRTRY reason=max_layers
[SIGNAL] 2026-08-12T03:29:59+00:00 NEIROTRY BUY fill_at=2026-08-12T03:34:59+00:00 features={"close": 0.00318, "bb_lower": 0.00318026584080163, "bb_upper": 0.0032149722544364654, "rsi": 31.517940617585765, "mfi": 33.96844310468251, "atr": 5.714285714285729e-06}
[BLOCKED] NEIROTRY reason=insufficient_cash order=0.00 cash=0.00
[SCAN] 2026-08-12T03:34:59+00:00 symbols=312 signals=4 entries=0 exits=0 blocked=19 open=9 cash=0.00 equity=9497.12
[SIGNAL] 2026-08-12T03:34:59+00:00 CHIPTRY BUY fill_at=2026-08-12T03:39:59+00:00 features={"close": 1.0708, "bb_lower": 1.0710583835000915, "bb_upper": 1.0880368545951464, "rsi": 36.184748421021844, "mfi": 45.510366015863035, "atr": 0.002207142857142836}
[BLOCKED] CHIPTRY reason=insufficient_cash order=0.00 cash=0.00
[SCAN] 2026-08-12T03:39:59+00:00 symbols=312 signals=1 entries=0 exits=0 blocked=19 open=9 cash=0.00 equity=9495.94
[EXIT] 2026-08-12T03:44:59+00:00 EDENTRY reason=bb_mfi_v3_signal_exit pnl=-2.45 cash=943.41
[SIGNAL] 2026-08-12T03:39:59+00:00 CHIPTRY BUY fill_at=2026-08-12T03:44:59+00:00 features={"close": 1.0688, "bb_lower": 1.0694539625047708, "bb_upper": 1.088736513685705, "rsi": 32.99841770460162, "mfi": 42.1088919290191, "atr": 0.002178571428571411}
[ENTRY] 2026-08-12T03:44:59+00:00 CHIPTRY layer=1 value=942.00 entry=1.06940145 cash=0.00
[SIGNAL] 2026-08-12T03:39:59+00:00 GIGGLETRY BUY fill_at=2026-08-12T03:44:59+00:00 features={"close": 1684.0, "bb_lower": 1709.4397440255082, "bb_upper": 1755.7031131173492, "rsi": 23.899767065708716, "mfi": 15.758692098932926, "atr": 11.142857142857142}
[BLOCKED] GIGGLETRY reason=insufficient_cash order=0.00 cash=0.00
[SCAN] 2026-08-12T03:44:59+00:00 symbols=312 signals=2 entries=1 exits=1 blocked=17 open=9 cash=0.00 equity=9482.10
[SIGNAL] 2026-08-12T03:44:59+00:00 GIGGLETRY BUY fill_at=2026-08-12T03:49:59+00:00 features={"close": 1698.0, "bb_lower": 1703.6802282203555, "bb_upper": 1758.5102479701206, "rsi": 32.41627464270728, "mfi": 13.810992326798768, "atr": 11.5}
[BLOCKED] GIGGLETRY reason=insufficient_cash order=0.00 cash=0.00
[SIGNAL] 2026-08-12T03:44:59+00:00 IDTRY BUY fill_at=2026-08-12T03:49:59+00:00 features={"close": 1.364, "bb_lower": 1.3756761931988346, "bb_upper": 1.4089904734678314, "rsi": 28.66500551837146, "mfi": 54.22240474230505, "atr": 0.004928571428571425}
[BLOCKED] IDTRY reason=insufficient_cash order=0.00 cash=0.00
[SCAN] 2026-08-12T03:49:59+00:00 symbols=312 signals=2 entries=0 exits=0 blocked=15 open=9 cash=0.00 equity=9490.03
[SIGNAL] 2026-08-12T03:49:59+00:00 CHIPTRY BUY fill_at=2026-08-12T03:54:59+00:00 features={"close": 1.0652, "bb_lower": 1.065958352154393, "bb_upper": 1.0895273621313208, "rsi": 28.155328644626422, "mfi": 35.75662272151706, "atr": 0.0021999999999999797}
[BLOCKED] CHIPTRY reason=insufficient_cash order=0.00 cash=0.00
[SIGNAL] 2026-08-12T03:49:59+00:00 IDTRY BUY fill_at=2026-08-12T03:54:59+00:00 features={"close": 1.353, "bb_lower": 1.366776639415895, "bb_upper": 1.4136995510602952, "rsi": 24.413814133824175, "mfi": 34.61420875780182, "atr": 0.00564285714285714}
[BLOCKED] IDTRY reason=insufficient_cash order=0.00 cash=0.00
[SIGNAL] 2026-08-12T03:49:59+00:00 JTOTRY BUY fill_at=2026-08-12T03:54:59+00:00 features={"close": 26.77, "bb_lower": 26.793357924113444, "bb_upper": 27.171403980648464, "rsi": 33.131353507943814, "mfi": 53.799708908112486, "atr": 0.062142857142857465}
[BLOCKED] JTOTRY reason=insufficient_cash order=0.00 cash=0.00
[SCAN] 2026-08-12T03:54:59+00:00 symbols=312 signals=3 entries=0 exits=0 blocked=20 open=9 cash=0.00 equity=9498.01
[SIGNAL] 2026-08-12T03:54:59+00:00 CHIPTRY BUY fill_at=2026-08-12T03:59:59+00:00 features={"close": 1.0633, "bb_lower": 1.0637648871564558, "bb_upper": 1.0898636842721152, "rsi": 25.873317237910953, "mfi": 29.950090492929476, "atr": 0.0023214285714285693}
[BLOCKED] CHIPTRY reason=insufficient_cash order=0.00 cash=0.00
[SIGNAL] 2026-08-12T03:54:59+00:00 FETTRY BUY fill_at=2026-08-12T03:59:59+00:00 features={"close": 6.45, "bb_lower": 6.451554321653225, "bb_upper": 6.487493297394392, "rsi": 43.380670453186184, "mfi": 36.215141404961024, "atr": 0.00857142857142877}
[BLOCKED] FETTRY reason=insufficient_cash order=0.00 cash=0.00
[SIGNAL] 2026-08-12T03:54:59+00:00 IDTRY BUY fill_at=2026-08-12T03:59:59+00:00 features={"close": 1.341, "bb_lower": 1.3563583888349753, "bb_upper": 1.418689230212644, "rsi": 20.77292861146296, "mfi": 32.35443785366495, "atr": 0.0066428571428571405}
[BLOCKED] IDTRY reason=insufficient_cash order=0.00 cash=0.00
[SIGNAL] 2026-08-12T03:54:59+00:00 JTOTRY BUY fill_at=2026-08-12T03:59:59+00:00 features={"close": 26.64, "bb_lower": 26.730301016821155, "bb_upper": 27.206841840321704, "rsi": 27.437526195020766, "mfi": 48.345429996277446, "atr": 0.06285714285714329}
[BLOCKED] JTOTRY reason=insufficient_cash order=0.00 cash=0.00
[SIGNAL] 2026-08-12T03:54:59+00:00 VICTRY BUY fill_at=2026-08-12T03:59:59+00:00 features={"close": 1.21, "bb_lower": 1.2314455809437015, "bb_upper": 1.3380782285801085, "rsi": 29.688328166612564, "mfi": 19.133139768664634, "atr": 0.01642857142857144}
[BLOCKED] VICTRY reason=insufficient_cash order=0.00 cash=0.00
[SCAN] 2026-08-12T03:59:59+00:00 symbols=312 signals=5 entries=0 exits=0 blocked=26 open=9 cash=0.00 equity=9499.93
[SIGNAL] 2026-08-12T03:59:59+00:00 ATMTRY BUY fill_at=2026-08-12T04:04:59+00:00 features={"close": 71.1, "bb_lower": 71.1615632569525, "bb_upper": 72.40224626685703, "rsi": 24.322224891490748, "mfi": 21.71064835219798, "atr": 0.13785714285714334}
[ENTRY] 2026-08-12T04:04:59+00:00 ATMTRY layer=1 value=119.80 entry=71.15332500 cash=0.00
[SIGNAL] 2026-08-12T03:59:59+00:00 VICTRY BUY fill_at=2026-08-12T04:04:59+00:00 features={"close": 1.21, "bb_lower": 1.2199926744261145, "bb_upper": 1.3438168493834097, "rsi": 29.688328150036043, "mfi": 13.525053374823173, "atr": 0.017142857142857158}
[BLOCKED] VICTRY reason=insufficient_cash order=0.00 cash=0.00
[SCAN] 2026-08-12T04:04:59+00:00 symbols=312 signals=2 entries=1 exits=1 blocked=17 open=9 cash=0.00 equity=9484.77
[SIGNAL] 2026-08-12T04:04:59+00:00 HOLOTRY BUY fill_at=2026-08-12T04:09:59+00:00 features={"close": 4.315, "bb_lower": 4.395763573469821, "bb_upper": 4.841474521768274, "rsi": 37.126115968444, "mfi": 37.93640360045132, "atr": 0.16399999999999995}
[BLOCKED] HOLOTRY reason=insufficient_cash order=0.00 cash=0.00
[SIGNAL] 2026-08-12T04:04:59+00:00 LATRY BUY fill_at=2026-08-12T04:09:59+00:00 features={"close": 2.43, "bb_lower": 2.433721491077821, "bb_upper": 2.4853261279697985, "rsi": 30.337213766321227, "mfi": 18.48211243076875, "atr": 0.0057142857142857195}
[BLOCKED] LATRY reason=insufficient_cash order=0.00 cash=0.00
[SIGNAL] 2026-08-12T04:04:59+00:00 MAVTRY BUY fill_at=2026-08-12T04:09:59+00:00 features={"close": 0.43, "bb_lower": 0.4312712843905603, "bb_upper": 0.4487287156094397, "rsi": 41.24633767056727, "mfi": 43.49342189146793, "atr": 0.004285714285714289}
[BLOCKED] MAVTRY reason=insufficient_cash order=0.00 cash=0.00
[SCAN] 2026-08-12T04:09:59+00:00 symbols=312 signals=3 entries=0 exits=0 blocked=17 open=9 cash=0.00 equity=9545.95
[SIGNAL] 2026-08-12T04:09:59+00:00 HOLOTRY BUY fill_at=2026-08-12T04:14:59+00:00 features={"close": 4.342, "bb_lower": 4.3656769643859485, "bb_upper": 4.858037321328337, "rsi": 38.724973418297814, "mfi": 32.820844803445524, "atr": 0.16299999999999995}
[BLOCKED] HOLOTRY reason=insufficient_cash order=0.00 cash=0.00
[SCAN] 2026-08-12T04:14:59+00:00 symbols=312 signals=1 entries=0 exits=0 blocked=21 open=9 cash=0.00 equity=9551.49
[EXIT] 2026-08-12T04:19:59+00:00 MOVRTRY reason=fixed_take_profit pnl=+36.92 cash=1945.76
[SCAN] 2026-08-12T04:19:59+00:00 symbols=312 signals=0 entries=0 exits=1 blocked=19 open=8 cash=1945.76 equity=9563.48
[SCAN] 2026-08-12T04:24:59+00:00 symbols=312 signals=0 entries=0 exits=0 blocked=14 open=8 cash=1945.76 equity=9561.04
[SCAN] 2026-08-12T04:29:59+00:00 symbols=312 signals=0 entries=0 exits=0 blocked=10 open=8 cash=1945.76 equity=9545.50
[SIGNAL] 2026-08-12T04:29:59+00:00 CTRY BUY fill_at=2026-08-12T04:34:59+00:00 features={"close": 3.157, "bb_lower": 3.171498911347167, "bb_upper": 3.3001201362718806, "rsi": 24.660708826602615, "mfi": 41.85664833724039, "atr": 0.01585714285714292}
[ENTRY] 2026-08-12T04:34:59+00:00 CTRY layer=1 value=953.74 entry=3.17237750 cash=990.59
[SIGNAL] 2026-08-12T04:29:59+00:00 HOMETRY BUY fill_at=2026-08-12T04:34:59+00:00 features={"close": 0.45, "bb_lower": 0.45030406329638517, "bb_upper": 0.46017212717980505, "rsi": 39.99876829050173, "mfi": 33.73923515984586, "atr": 0.004071428571428575}
[ENTRY] 2026-08-12T04:34:59+00:00 HOMETRY layer=1 value=952.92 entry=0.44933675 cash=36.25
[SIGNAL] 2026-08-12T04:29:59+00:00 WLDTRY BUY fill_at=2026-08-12T04:34:59+00:00 features={"close": 16.21, "bb_lower": 16.25137710077469, "bb_upper": 16.53338480398721, "rsi": 35.91965835211765, "mfi": 18.101203299228658, "atr": 0.0649999999999995}
[BLOCKED] WLDTRY reason=insufficient_cash order=36.19 cash=36.25
[SCAN] 2026-08-12T04:34:59+00:00 symbols=312 signals=3 entries=2 exits=0 blocked=19 open=10 cash=36.25 equity=9524.93
[SIGNAL] 2026-08-12T04:34:59+00:00 CTRY BUY fill_at=2026-08-12T04:39:59+00:00 features={"close": 3.15, "bb_lower": 3.1602256969362483, "bb_upper": 3.297774303063752, "rsi": 23.535360516512668, "mfi": 38.41664065228255, "atr": 0.015357142857142911}
[BLOCKED] CTRY reason=insufficient_cash order=36.19 cash=36.25
[SIGNAL] 2026-08-12T04:34:59+00:00 HOMETRY BUY fill_at=2026-08-12T04:39:59+00:00 features={"close": 0.448, "bb_lower": 0.44930957671983796, "bb_upper": 0.46002375661349526, "rsi": 36.93114866767213, "mfi": 29.057260102002544, "atr": 0.0038571428571428606}
[BLOCKED] HOMETRY reason=insufficient_cash order=36.19 cash=36.25
[SIGNAL] 2026-08-12T04:34:59+00:00 WLDTRY BUY fill_at=2026-08-12T04:39:59+00:00 features={"close": 16.15, "bb_lower": 16.2101269871789, "bb_upper": 16.540349203297286, "rsi": 32.23691948202034, "mfi": 19.886340637121876, "atr": 0.06499999999999975}
[BLOCKED] WLDTRY reason=insufficient_cash order=36.19 cash=36.25
[EXIT] 2026-08-12T04:39:59+00:00 HOMETRY reason=fixed_take_profit pnl=+18.46 cash=1009.05
[SCAN] 2026-08-12T04:39:59+00:00 symbols=312 signals=3 entries=0 exits=1 blocked=40 open=9 cash=1009.05 equity=9541.72
[SIGNAL] 2026-08-12T04:39:59+00:00 BOMETRY BUY fill_at=2026-08-12T04:44:59+00:00 features={"close": 0.03712, "bb_lower": 0.03719383707016313, "bb_upper": 0.03779473435840831, "rsi": 33.657753782974424, "mfi": 50.95439965144964, "atr": 0.0001492857142857149}
[ENTRY] 2026-08-12T04:44:59+00:00 BOMETRY layer=2 value=954.13 entry=0.03727794 cash=53.49
[SIGNAL] 2026-08-12T04:39:59+00:00 HOLOTRY BUY fill_at=2026-08-12T04:44:59+00:00 features={"close": 4.156, "bb_lower": 4.174684515758339, "bb_upper": 4.909601198527375, "rsi": 32.62271236261773, "mfi": 27.77642222269462, "atr": 0.15692857142857136}
[BLOCKED] HOLOTRY reason=insufficient_cash order=53.41 cash=53.49
[SIGNAL] 2026-08-12T04:39:59+00:00 WLDTRY BUY fill_at=2026-08-12T04:44:59+00:00 features={"close": 16.15, "bb_lower": 16.177328553975382, "bb_upper": 16.539814303167464, "rsi": 32.236919497048035, "mfi": 17.99701224025624, "atr": 0.05571428571428554}
[BLOCKED] WLDTRY reason=insufficient_cash order=53.41 cash=53.49
[SCAN] 2026-08-12T04:44:59+00:00 symbols=312 signals=3 entries=1 exits=0 blocked=39 open=9 cash=53.49 equity=9539.14
[SIGNAL] 2026-08-12T04:44:59+00:00 BBTRY BUY fill_at=2026-08-12T04:49:59+00:00 features={"close": 0.608, "bb_lower": 0.6084336132712334, "bb_upper": 0.6156425772049572, "rsi": 41.40729576114683, "mfi": 19.454682528987988, "atr": 0.0018071428571428722}
[BLOCKED] BBTRY reason=insufficient_cash order=53.41 cash=53.49
[SCAN] 2026-08-12T04:49:59+00:00 symbols=312 signals=1 entries=0 exits=0 blocked=32 open=9 cash=53.49 equity=9541.94
[SIGNAL] 2026-08-12T04:49:59+00:00 SAGATRY BUY fill_at=2026-08-12T04:54:59+00:00 features={"close": 0.663, "bb_lower": 0.6649961614178208, "bb_upper": 0.6738609814393219, "rsi": 38.97840908514064, "mfi": 53.41289702041751, "atr": 0.0015714285714285728}
[BLOCKED] SAGATRY reason=insufficient_cash order=53.41 cash=53.49
[SCAN] 2026-08-12T04:54:59+00:00 symbols=312 signals=1 entries=0 exits=0 blocked=30 open=9 cash=53.49 equity=9552.52
[SIGNAL] 2026-08-12T04:54:59+00:00 BBTRY BUY fill_at=2026-08-12T04:59:59+00:00 features={"close": 0.6073, "bb_lower": 0.6073951494893565, "bb_upper": 0.6153286600344531, "rsi": 39.46738640324096, "mfi": 20.875968647307147, "atr": 0.0015214285714285783}
[BLOCKED] BBTRY reason=insufficient_cash order=53.41 cash=53.49
[SIGNAL] 2026-08-12T04:54:59+00:00 HEITRY BUY fill_at=2026-08-12T04:59:59+00:00 features={"close": 6.279, "bb_lower": 6.310619089353541, "bb_upper": 6.5279523392178875, "rsi": 33.54853314589916, "mfi": 27.684017653930468, "atr": 0.052357142857142706}
[BLOCKED] HEITRY reason=insufficient_cash order=53.41 cash=53.49
[SIGNAL] 2026-08-12T04:54:59+00:00 RVNTRY BUY fill_at=2026-08-12T04:59:59+00:00 features={"close": 0.131, "bb_lower": 0.13117767317544765, "bb_upper": 0.13339375539598086, "rsi": 37.110613005504256, "mfi": 31.402446426544657, "atr": 0.0008142857142857198}
[BLOCKED] RVNTRY reason=insufficient_cash order=53.41 cash=53.49
[SCAN] 2026-08-12T04:59:59+00:00 symbols=312 signals=3 entries=0 exits=0 blocked=28 open=9 cash=53.49 equity=9534.56
[SIGNAL] 2026-08-12T04:59:59+00:00 AEVOTRY BUY fill_at=2026-08-12T05:04:59+00:00 features={"close": 0.945, "bb_lower": 0.9463708084873411, "bb_upper": 0.9696291915126588, "rsi": 14.017641188311089, "mfi": 1.030963188050805, "atr": 0.0017142857142857157}
[BLOCKED] AEVOTRY reason=insufficient_cash order=53.41 cash=53.49
[SIGNAL] 2026-08-12T04:59:59+00:00 AIGENSYNTRY BUY fill_at=2026-08-12T05:04:59+00:00 features={"close": 0.991, "bb_lower": 0.9926063164785606, "bb_upper": 1.0061555882833444, "rsi": 35.70411014647709, "mfi": 13.97870039341612, "atr": 0.002214285714285708}
[BLOCKED] AIGENSYNTRY reason=insufficient_cash order=53.41 cash=53.49
[SIGNAL] 2026-08-12T04:59:59+00:00 HMSTRTRY BUY fill_at=2026-08-12T05:04:59+00:00 features={"close": 0.00902, "bb_lower": 0.009022789173394358, "bb_upper": 0.009102925112319929, "rsi": 44.342928608653416, "mfi": 25.42168206410922, "atr": 2.9285714285714704e-05}
[BLOCKED] HMSTRTRY reason=insufficient_cash order=53.41 cash=53.49
[SIGNAL] 2026-08-12T04:59:59+00:00 LDOTRY BUY fill_at=2026-08-12T05:04:59+00:00 features={"close": 13.85, "bb_lower": 13.871030609431159, "bb_upper": 13.998493200092657, "rsi": 29.70365436674504, "mfi": 12.200801307739184, "atr": 0.023571428571428448}
[BLOCKED] LDOTRY reason=insufficient_cash order=53.41 cash=53.49
[SIGNAL] 2026-08-12T04:59:59+00:00 LUNATRY BUY fill_at=2026-08-12T05:04:59+00:00 features={"close": 2.141, "bb_lower": 2.1693646176076697, "bb_upper": 2.2392068109637577, "rsi": 24.290776481609356, "mfi": 37.07671671997979, "atr": 0.016142857142857046}
[BLOCKED] LUNATRY reason=insufficient_cash order=53.41 cash=53.49
[SIGNAL] 2026-08-12T04:59:59+00:00 ONDOTRY BUY fill_at=2026-08-12T05:04:59+00:00 features={"close": 15.88, "bb_lower": 15.895581160222115, "bb_upper": 16.112037887396923, "rsi": 28.08065311556625, "mfi": 6.0797580489633845, "atr": 0.030714285714285566}
[BLOCKED] ONDOTRY reason=insufficient_cash order=53.41 cash=53.49
[SIGNAL] 2026-08-12T04:59:59+00:00 PORTALTRY BUY fill_at=2026-08-12T05:04:59+00:00 features={"close": 0.5202, "bb_lower": 0.5221868536670642, "bb_upper": 0.5330321939519833, "rsi": 10.933155549512989, "mfi": 2.9176607619646546, "atr": 0.0009214285714285651}
[BLOCKED] PORTALTRY reason=insufficient_cash order=53.41 cash=53.49
[SIGNAL] 2026-08-12T04:59:59+00:00 XVGTRY BUY fill_at=2026-08-12T05:04:59+00:00 features={"close": 0.1002, "bb_lower": 0.10029568580092052, "bb_upper": 0.10156145705622233, "rsi": 20.96045592703642, "mfi": 13.549016208782803, "atr": 9.99999999999989e-05}
[BLOCKED] XVGTRY reason=insufficient_cash order=53.41 cash=53.49
[SCAN] 2026-08-12T05:04:59+00:00 symbols=312 signals=8 entries=0 exits=0 blocked=26 open=9 cash=53.49 equity=9525.10
[SIGNAL] 2026-08-12T05:04:59+00:00 BIOTRY BUY fill_at=2026-08-12T05:09:59+00:00 features={"close": 1.181, "bb_lower": 1.181457661613143, "bb_upper": 1.1970185288630475, "rsi": 28.573032457794454, "mfi": 21.79460822720111, "atr": 0.002142857142857113}
[BLOCKED] BIOTRY reason=insufficient_cash order=53.41 cash=53.49
[SIGNAL] 2026-08-12T05:04:59+00:00 HMSTRTRY BUY fill_at=2026-08-12T05:09:59+00:00 features={"close": 0.009, "bb_lower": 0.009011525321263411, "bb_upper": 0.009107522297784207, "rsi": 40.51908322984683, "mfi": 24.054437307544177, "atr": 2.8571428571429018e-05}
[BLOCKED] HMSTRTRY reason=insufficient_cash order=53.41 cash=53.49
[SIGNAL] 2026-08-12T05:04:59+00:00 LDOTRY BUY fill_at=2026-08-12T05:09:59+00:00 features={"close": 13.8, "bb_lower": 13.842339727978958, "bb_upper": 14.012898367259139, "rsi": 24.398167361746786, "mfi": 9.31557228892622, "atr": 0.02428571428571415}
[BLOCKED] LDOTRY reason=insufficient_cash order=53.41 cash=53.49
[SIGNAL] 2026-08-12T05:04:59+00:00 LUNATRY BUY fill_at=2026-08-12T05:09:59+00:00 features={"close": 2.135, "bb_lower": 2.1554515939186722, "bb_upper": 2.2469293584622796, "rsi": 23.169799637706916, "mfi": 30.744782053981794, "atr": 0.017071428571428498}
[BLOCKED] LUNATRY reason=insufficient_cash order=53.41 cash=53.49
[SIGNAL] 2026-08-12T05:04:59+00:00 PORTALTRY BUY fill_at=2026-08-12T05:09:59+00:00 features={"close": 0.5209, "bb_lower": 0.5211897611869488, "bb_upper": 0.5331150007178128, "rsi": 17.65373391350768, "mfi": 2.429645708669824, "atr": 0.0009857142857142803}
[BLOCKED] PORTALTRY reason=insufficient_cash order=53.41 cash=53.49
[SCAN] 2026-08-12T05:09:59+00:00 symbols=312 signals=5 entries=0 exits=0 blocked=24 open=9 cash=53.49 equity=9539.60
[SIGNAL] 2026-08-12T05:09:59+00:00 LUNATRY BUY fill_at=2026-08-12T05:14:59+00:00 features={"close": 2.132, "bb_lower": 2.143337677700986, "bb_upper": 2.251900417537109, "rsi": 22.604749410749093, "mfi": 22.608311614742433, "atr": 0.017928571428571356}
[BLOCKED] LUNATRY reason=insufficient_cash order=53.41 cash=53.49
[SIGNAL] 2026-08-12T05:09:59+00:00 LUNCTRY BUY fill_at=2026-08-12T05:14:59+00:00 features={"close": 0.002436, "bb_lower": 0.002439228375567459, "bb_upper": 0.0024688668625277794, "rsi": 37.81097214708026, "mfi": 21.461986987334356, "atr": 9.857142857142864e-06}
[BLOCKED] LUNCTRY reason=insufficient_cash order=53.41 cash=53.49
[SIGNAL] 2026-08-12T05:09:59+00:00 PYTHTRY BUY fill_at=2026-08-12T05:14:59+00:00 features={"close": 1.946, "bb_lower": 1.9478919746246546, "bb_upper": 2.015822311089631, "rsi": 10.76294591731795, "mfi": 12.626648050765894, "atr": 0.006142857142857164}
[BLOCKED] PYTHTRY reason=insufficient_cash order=53.41 cash=53.49
[SCAN] 2026-08-12T05:14:59+00:00 symbols=312 signals=3 entries=0 exits=0 blocked=20 open=9 cash=53.49 equity=9546.20
[SIGNAL] 2026-08-12T05:14:59+00:00 LUNATRY BUY fill_at=2026-08-12T05:19:59+00:00 features={"close": 2.13, "bb_lower": 2.1328169312534215, "bb_upper": 2.25556402112753, "rsi": 22.21350096085021, "mfi": 27.93304245581612, "atr": 0.01764285714285707}
[BLOCKED] LUNATRY reason=insufficient_cash order=53.41 cash=53.49
[SIGNAL] 2026-08-12T05:14:59+00:00 LUNCTRY BUY fill_at=2026-08-12T05:19:59+00:00 features={"close": 0.002433, "bb_lower": 0.0024356714820093456, "bb_upper": 0.0024700428037049403, "rsi": 36.21235779705567, "mfi": 21.24537762277309, "atr": 8.714285714285725e-06}
[BLOCKED] LUNCTRY reason=insufficient_cash order=53.41 cash=53.49
[EXIT] 2026-08-12T05:19:59+00:00 ATMTRY reason=fixed_take_profit pnl=+2.32 cash=175.79
[SCAN] 2026-08-12T05:19:59+00:00 symbols=312 signals=2 entries=0 exits=1 blocked=13 open=8 cash=175.79 equity=9544.60
[SCAN] 2026-08-12T05:24:59+00:00 symbols=312 signals=0 entries=0 exits=0 blocked=10 open=8 cash=175.79 equity=9533.77
[SIGNAL] 2026-08-12T05:24:59+00:00 PUMPTRY BUY fill_at=2026-08-12T05:29:59+00:00 features={"close": 0.1306, "bb_lower": 0.13108980566589118, "bb_upper": 0.1337959086198231, "rsi": 34.53680380483283, "mfi": 25.36386513248678, "atr": 0.0006857142857142816}
[ENTRY] 2026-08-12T05:29:59+00:00 PUMPTRY layer=1 value=175.52 entry=0.13089810 cash=0.00
[SCAN] 2026-08-12T05:29:59+00:00 symbols=312 signals=1 entries=1 exits=0 blocked=18 open=9 cash=0.00 equity=9519.39
[SIGNAL] 2026-08-12T05:29:59+00:00 PUMPTRY BUY fill_at=2026-08-12T05:34:59+00:00 features={"close": 0.1307, "bb_lower": 0.13081124229866087, "bb_upper": 0.13388399579657717, "rsi": 35.741894936146906, "mfi": 27.621584178470414, "atr": 0.0006714285714285688}
[BLOCKED] PUMPTRY reason=insufficient_cash order=0.00 cash=0.00
[SIGNAL] 2026-08-12T05:29:59+00:00 ROBOTRY BUY fill_at=2026-08-12T05:34:59+00:00 features={"close": 0.623, "bb_lower": 0.6283369971114157, "bb_upper": 0.6456630028885841, "rsi": 26.0052957256638, "mfi": 26.566891804377917, "atr": 0.0030000000000000027}
[BLOCKED] ROBOTRY reason=insufficient_cash order=0.00 cash=0.00
[SIGNAL] 2026-08-12T05:29:59+00:00 TRBTRY BUY fill_at=2026-08-12T05:34:59+00:00 features={"close": 662.0, "bb_lower": 663.3779769167306, "bb_upper": 675.5744040356503, "rsi": 41.949295282800044, "mfi": 49.4819327647066, "atr": 3.9285714285714284}
[BLOCKED] TRBTRY reason=insufficient_cash order=0.00 cash=0.00
[SCAN] 2026-08-12T05:34:59+00:00 symbols=312 signals=3 entries=0 exits=0 blocked=20 open=9 cash=0.00 equity=9535.17
[SIGNAL] 2026-08-12T05:34:59+00:00 MMTTRY BUY fill_at=2026-08-12T05:39:59+00:00 features={"close": 9.5, "bb_lower": 9.516934046150183, "bb_upper": 9.782113572897433, "rsi": 33.981417302893334, "mfi": 31.665869014406354, "atr": 0.06642857142857128}
[BLOCKED] MMTTRY reason=insufficient_cash order=0.00 cash=0.00
[SIGNAL] 2026-08-12T05:34:59+00:00 ROBOTRY BUY fill_at=2026-08-12T05:39:59+00:00 features={"close": 0.617, "bb_lower": 0.6239003043789096, "bb_upper": 0.6478139813353762, "rsi": 21.330099188532486, "mfi": 14.058946486419984, "atr": 0.003785714285714289}
[BLOCKED] ROBOTRY reason=insufficient_cash order=0.00 cash=0.00
[SIGNAL] 2026-08-12T05:34:59+00:00 TRBTRY BUY fill_at=2026-08-12T05:39:59+00:00 features={"close": 661.0, "bb_lower": 662.2850620005927, "bb_upper": 676.1911284755977, "rsi": 40.546253670363264, "mfi": 47.74758716771515, "atr": 3.7857142857142856}
[BLOCKED] TRBTRY reason=insufficient_cash order=0.00 cash=0.00
[SCAN] 2026-08-12T05:39:59+00:00 symbols=312 signals=3 entries=0 exits=0 blocked=20 open=9 cash=0.00 equity=9528.77
[SIGNAL] 2026-08-12T05:39:59+00:00 HOMETRY BUY fill_at=2026-08-12T05:44:59+00:00 features={"close": 0.447, "bb_lower": 0.4471335711421815, "bb_upper": 0.4627711907625806, "rsi": 37.82258589075623, "mfi": 49.966568318385754, "atr": 0.004285714285714289}
[BLOCKED] HOMETRY reason=insufficient_cash order=0.00 cash=0.00
[SIGNAL] 2026-08-12T05:39:59+00:00 PUMPTRY BUY fill_at=2026-08-12T05:44:59+00:00 features={"close": 0.13, "bb_lower": 0.13020741443986078, "bb_upper": 0.13406877603632966, "rsi": 31.046636403371735, "mfi": 24.521527417647363, "atr": 0.0006428571428571414}
[BLOCKED] PUMPTRY reason=insufficient_cash order=0.00 cash=0.00
[SIGNAL] 2026-08-12T05:39:59+00:00 ROBOTRY BUY fill_at=2026-08-12T05:44:59+00:00 features={"close": 0.616, "bb_lower": 0.6203098605538394, "bb_upper": 0.6489282346842556, "rsi": 20.659491424282564, "mfi": 13.74166803702822, "atr": 0.0038571428571428606}
[BLOCKED] ROBOTRY reason=insufficient_cash order=0.00 cash=0.00
[SIGNAL] 2026-08-12T05:39:59+00:00 TRBTRY BUY fill_at=2026-08-12T05:44:59+00:00 features={"close": 660.0, "bb_lower": 660.9548050458251, "bb_upper": 676.8547187636988, "rsi": 39.12849872411039, "mfi": 50.96802220286724, "atr": 3.2857142857142856}
[BLOCKED] TRBTRY reason=insufficient_cash order=0.00 cash=0.00
[SCAN] 2026-08-12T05:44:59+00:00 symbols=312 signals=4 entries=0 exits=0 blocked=15 open=9 cash=0.00 equity=9534.46
[SIGNAL] 2026-08-12T05:44:59+00:00 HOMETRY BUY fill_at=2026-08-12T05:49:59+00:00 features={"close": 0.444, "bb_lower": 0.4455303281628147, "bb_upper": 0.46361252898004257, "rsi": 34.69134747338998, "mfi": 50.01319934648903, "atr": 0.004357142857142861}
[BLOCKED] HOMETRY reason=insufficient_cash order=0.00 cash=0.00
[SIGNAL] 2026-08-12T05:44:59+00:00 ROBOTRY BUY fill_at=2026-08-12T05:49:59+00:00 features={"close": 0.616, "bb_lower": 0.6173502687514043, "bb_upper": 0.6496021122009763, "rsi": 20.659491425027937, "mfi": 12.50613177373505, "atr": 0.0040000000000000036}
[BLOCKED] ROBOTRY reason=insufficient_cash order=0.00 cash=0.00
[SIGNAL] 2026-08-12T05:44:59+00:00 ZBTTRY BUY fill_at=2026-08-12T05:49:59+00:00 features={"close": 4.52, "bb_lower": 4.527103186078751, "bb_upper": 4.664325385349821, "rsi": 29.71207147983658, "mfi": 3.661813724060025, "atr": 0.017142857142856967}
[BLOCKED] ZBTTRY reason=insufficient_cash order=0.00 cash=0.00
[SCAN] 2026-08-12T05:49:59+00:00 symbols=312 signals=3 entries=0 exits=0 blocked=17 open=9 cash=0.00 equity=9528.58
[SIGNAL] 2026-08-12T05:49:59+00:00 HOMETRY BUY fill_at=2026-08-12T05:54:59+00:00 features={"close": 0.441, "bb_lower": 0.44318042799218343, "bb_upper": 0.4646290958173404, "rsi": 31.836081119851087, "mfi": 47.288948846854176, "atr": 0.0040000000000000036}
[BLOCKED] HOMETRY reason=insufficient_cash order=0.00 cash=0.00
[SIGNAL] 2026-08-12T05:49:59+00:00 ZBTTRY BUY fill_at=2026-08-12T05:54:59+00:00 features={"close": 4.51, "bb_lower": 4.515782344506984, "bb_upper": 4.662312893588255, "rsi": 27.975884397004876, "mfi": 3.688706516115616, "atr": 0.018571428571428367}
[BLOCKED] ZBTTRY reason=insufficient_cash order=0.00 cash=0.00
[SCAN] 2026-08-12T05:54:59+00:00 symbols=312 signals=2 entries=0 exits=0 blocked=14 open=9 cash=0.00 equity=9519.42
[SIGNAL] 2026-08-12T05:54:59+00:00 ZBTTRY BUY fill_at=2026-08-12T05:59:59+00:00 features={"close": 4.49, "bb_lower": 4.501047675136034, "bb_upper": 4.66276184867349, "rsi": 24.83199469795295, "mfi": 2.2253664676161833, "atr": 0.018571428571428367}
[BLOCKED] ZBTTRY reason=insufficient_cash order=0.00 cash=0.00
[SCAN] 2026-08-12T05:59:59+00:00 symbols=312 signals=1 entries=0 exits=0 blocked=17 open=9 cash=0.00 equity=9526.22
[SIGNAL] 2026-08-12T05:59:59+00:00 1MBABYDOGETRY BUY fill_at=2026-08-12T06:04:59+00:00 features={"close": 0.01669, "bb_lower": 0.016707634671338886, "bb_upper": 0.017070460566756353, "rsi": 21.060423526143964, "mfi": 12.303733542966413, "atr": 3.7142857142856866e-05}
[BLOCKED] 1MBABYDOGETRY reason=insufficient_cash order=0.00 cash=0.00
[SIGNAL] 2026-08-12T05:59:59+00:00 ACETRY BUY fill_at=2026-08-12T06:04:59+00:00 features={"close": 4.612, "bb_lower": 4.697907396406323, "bb_upper": 5.063711651212725, "rsi": 18.29974710509981, "mfi": 1.8427452188633424, "atr": 0.055999999999999925}
[BLOCKED] ACETRY reason=insufficient_cash order=0.00 cash=0.00
[SIGNAL] 2026-08-12T05:59:59+00:00 GUNTRY BUY fill_at=2026-08-12T06:04:59+00:00 features={"close": 0.156, "bb_lower": 0.1567117811818628, "bb_upper": 0.16033583786575623, "rsi": 36.71973489216759, "mfi": 14.122473002173834, "atr": 0.0007857142857142864}
[BLOCKED] GUNTRY reason=insufficient_cash order=0.00 cash=0.00
[SIGNAL] 2026-08-12T05:59:59+00:00 METRY BUY fill_at=2026-08-12T06:04:59+00:00 features={"close": 2.982, "bb_lower": 2.9844228725097746, "bb_upper": 3.0337676036807015, "rsi": 38.26383745088693, "mfi": 5.6354347359374515, "atr": 0.011214285714285652}
[BLOCKED] METRY reason=insufficient_cash order=0.00 cash=0.00
[SIGNAL] 2026-08-12T05:59:59+00:00 PARTITRY BUY fill_at=2026-08-12T06:04:59+00:00 features={"close": 1.16, "bb_lower": 1.1602417035702521, "bb_upper": 1.175948772620224, "rsi": 37.23874163388266, "mfi": 26.697164569992935, "atr": 0.0021428571428571447}
[BLOCKED] PARTITRY reason=insufficient_cash order=0.00 cash=0.00
[SCAN] 2026-08-12T06:04:59+00:00 symbols=312 signals=5 entries=0 exits=0 blocked=14 open=9 cash=0.00 equity=9507.88
[SIGNAL] 2026-08-12T06:04:59+00:00 1MBABYDOGETRY BUY fill_at=2026-08-12T06:09:59+00:00 features={"close": 0.01657, "bb_lower": 0.01664956167980321, "bb_upper": 0.017086628796387258, "rsi": 16.417723758518974, "mfi": 10.023831078227502, "atr": 4.857142857142808e-05}
[BLOCKED] 1MBABYDOGETRY reason=insufficient_cash order=0.00 cash=0.00
[SIGNAL] 2026-08-12T06:04:59+00:00 PARTITRY BUY fill_at=2026-08-12T06:09:59+00:00 features={"close": 1.16, "bb_lower": 1.1602417035702521, "bb_upper": 1.175948772620224, "rsi": 37.23874162624235, "mfi": 26.697164569992935, "atr": 0.0028571428571428597}
[BLOCKED] PARTITRY reason=insufficient_cash order=0.00 cash=0.00
[SIGNAL] 2026-08-12T06:04:59+00:00 SOPHTRY BUY fill_at=2026-08-12T06:09:59+00:00 features={"close": 0.185, "bb_lower": 0.18605887505556704, "bb_upper": 0.19108398208729008, "rsi": 32.06805650681078, "mfi": 9.120040859429423, "atr": 0.0007142857142857149}
[BLOCKED] SOPHTRY reason=insufficient_cash order=0.00 cash=0.00
[SCAN] 2026-08-12T06:09:59+00:00 symbols=312 signals=3 entries=0 exits=0 blocked=22 open=9 cash=0.00 equity=9505.76
[SIGNAL] 2026-08-12T06:09:59+00:00 1MBABYDOGETRY BUY fill_at=2026-08-12T06:14:59+00:00 features={"close": 0.01656, "bb_lower": 0.016601380957003264, "bb_upper": 0.01709195237633007, "rsi": 16.097363071762686, "mfi": 6.565926317649712, "atr": 5.357142857142812e-05}
[BLOCKED] 1MBABYDOGETRY reason=insufficient_cash order=0.00 cash=0.00
[SIGNAL] 2026-08-12T06:09:59+00:00 PARTITRY BUY fill_at=2026-08-12T06:14:59+00:00 features={"close": 1.16, "bb_lower": 1.1602417035702521, "bb_upper": 1.175948772620224, "rsi": 37.23874161796535, "mfi": 12.156669775577768, "atr": 0.003571428571428575}
[BLOCKED] PARTITRY reason=insufficient_cash order=0.00 cash=0.00
[SCAN] 2026-08-12T06:14:59+00:00 symbols=312 signals=2 entries=0 exits=0 blocked=27 open=9 cash=0.00 equity=9494.61
[SIGNAL] 2026-08-12T06:14:59+00:00 1MBABYDOGETRY BUY fill_at=2026-08-12T06:19:59+00:00 features={"close": 0.01654, "bb_lower": 0.016557029341139954, "bb_upper": 0.017092494468383856, "rsi": 15.444398986949324, "mfi": 9.693081140519993, "atr": 5.357142857142812e-05}
[BLOCKED] 1MBABYDOGETRY reason=insufficient_cash order=0.00 cash=0.00
[SIGNAL] 2026-08-12T06:14:59+00:00 PARTITRY BUY fill_at=2026-08-12T06:19:59+00:00 features={"close": 1.15, "bb_lower": 1.1562008330542133, "bb_upper": 1.1780848812315012, "rsi": 26.96996173702904, "mfi": 8.524741367315784, "atr": 0.0050000000000000044}
[BLOCKED] PARTITRY reason=insufficient_cash order=0.00 cash=0.00
[SIGNAL] 2026-08-12T06:14:59+00:00 TSTTRY BUY fill_at=2026-08-12T06:19:59+00:00 features={"close": 0.666, "bb_lower": 0.6665469808169204, "bb_upper": 0.6869768287068891, "rsi": 37.10450397125988, "mfi": 33.666918285949805, "atr": 0.008000000000000007}
[BLOCKED] TSTTRY reason=insufficient_cash order=0.00 cash=0.00
[SIGNAL] 2026-08-12T06:14:59+00:00 VICTRY BUY fill_at=2026-08-12T06:19:59+00:00 features={"close": 1.2, "bb_lower": 1.2024016661084267, "bb_upper": 1.2461697624630022, "rsi": 38.56985546615109, "mfi": 43.19382659241798, "atr": 0.017142857142857158}
[BLOCKED] VICTRY reason=insufficient_cash order=0.00 cash=0.00
[SCAN] 2026-08-12T06:19:59+00:00 symbols=312 signals=4 entries=0 exits=0 blocked=37 open=9 cash=0.00 equity=9490.18
[SIGNAL] 2026-08-12T06:19:59+00:00 PARTITRY BUY fill_at=2026-08-12T06:24:59+00:00 features={"close": 1.15, "bb_lower": 1.1531320864754266, "bb_upper": 1.1792488659055258, "rsi": 26.969961750267572, "mfi": 8.524741367315784, "atr": 0.0050000000000000044}
[BLOCKED] PARTITRY reason=insufficient_cash order=0.00 cash=0.00
[SIGNAL] 2026-08-12T06:19:59+00:00 RETRY BUY fill_at=2026-08-12T06:24:59+00:00 features={"close": 20.23, "bb_lower": 20.336304028252812, "bb_upper": 21.344648352699572, "rsi": 31.81978583427704, "mfi": 54.65396586091329, "atr": 0.20499999999999957}
[BLOCKED] RETRY reason=insufficient_cash order=0.00 cash=0.00
[SIGNAL] 2026-08-12T06:19:59+00:00 TSTTRY BUY fill_at=2026-08-12T06:24:59+00:00 features={"close": 0.662, "bb_lower": 0.6640967499062678, "bb_upper": 0.6880937262842086, "rsi": 34.80460650439342, "mfi": 26.16874720390028, "atr": 0.008500000000000008}
[BLOCKED] TSTTRY reason=insufficient_cash order=0.00 cash=0.00
[SCAN] 2026-08-12T06:24:59+00:00 symbols=312 signals=3 entries=0 exits=0 blocked=33 open=9 cash=0.00 equity=9492.16
[SIGNAL] 2026-08-12T06:24:59+00:00 AVNTTRY BUY fill_at=2026-08-12T06:29:59+00:00 features={"close": 4.39, "bb_lower": 4.391137244880064, "bb_upper": 4.441243707500887, "rsi": 27.66451392719796, "mfi": 51.68739523004674, "atr": 0.00500000000000002}
[BLOCKED] AVNTTRY reason=insufficient_cash order=0.00 cash=0.00
[SIGNAL] 2026-08-12T06:24:59+00:00 PARTITRY BUY fill_at=2026-08-12T06:29:59+00:00 features={"close": 1.15, "bb_lower": 1.150607341432631, "bb_upper": 1.179868849043559, "rsi": 26.969961764609337, "mfi": 8.524741367315784, "atr": 0.0050000000000000044}
[BLOCKED] PARTITRY reason=insufficient_cash order=0.00 cash=0.00
[SIGNAL] 2026-08-12T06:24:59+00:00 RETRY BUY fill_at=2026-08-12T06:29:59+00:00 features={"close": 20.21, "bb_lower": 20.263623289794403, "bb_upper": 21.383995757824643, "rsi": 31.41719158963933, "mfi": 54.33354913866898, "atr": 0.2014285714285712}
[BLOCKED] RETRY reason=insufficient_cash order=0.00 cash=0.00
[SIGNAL] 2026-08-12T06:24:59+00:00 TSTTRY BUY fill_at=2026-08-12T06:29:59+00:00 features={"close": 0.66, "bb_lower": 0.6614636300904111, "bb_upper": 0.6889173222905416, "rsi": 33.674007051171614, "mfi": 24.878344550301463, "atr": 0.00864285714285715}
[BLOCKED] TSTTRY reason=insufficient_cash order=0.00 cash=0.00
[SIGNAL] 2026-08-12T06:24:59+00:00 USTCTRY BUY fill_at=2026-08-12T06:29:59+00:00 features={"close": 0.24, "bb_lower": 0.24094339453740865, "bb_upper": 0.24583755784354383, "rsi": 19.499627514559833, "mfi": 20.071228016216423, "atr": 0.0005714285714285719}
[BLOCKED] USTCTRY reason=insufficient_cash order=0.00 cash=0.00
[SCAN] 2026-08-12T06:29:59+00:00 symbols=312 signals=5 entries=0 exits=0 blocked=53 open=9 cash=0.00 equity=9487.04
[SIGNAL] 2026-08-12T06:29:59+00:00 BABYTRY BUY fill_at=2026-08-12T06:34:59+00:00 features={"close": 0.62, "bb_lower": 0.6205170137301428, "bb_upper": 0.6271972719841428, "rsi": 38.63185257991414, "mfi": 39.50589987433026, "atr": 0.0024285714285714305}
[BLOCKED] BABYTRY reason=insufficient_cash order=0.00 cash=0.00
[SIGNAL] 2026-08-12T06:29:59+00:00 SOPHTRY BUY fill_at=2026-08-12T06:34:59+00:00 features={"close": 0.184, "bb_lower": 0.1842844275193673, "bb_upper": 0.19133462009968033, "rsi": 30.35617654204937, "mfi": 36.54880779679274, "atr": 0.0008571428571428579}
[BLOCKED] SOPHTRY reason=insufficient_cash order=0.00 cash=0.00
[SIGNAL] 2026-08-12T06:29:59+00:00 USTCTRY BUY fill_at=2026-08-12T06:34:59+00:00 features={"close": 0.24, "bb_lower": 0.24047229916976115, "bb_upper": 0.24578484368738174, "rsi": 19.499627507168697, "mfi": 20.826282392614146, "atr": 0.0005285714285714298}
[BLOCKED] USTCTRY reason=insufficient_cash order=0.00 cash=0.00
[SCAN] 2026-08-12T06:34:59+00:00 symbols=312 signals=3 entries=0 exits=0 blocked=57 open=9 cash=0.00 equity=9499.63
[SIGNAL] 2026-08-12T06:34:59+00:00 PARTITRY BUY fill_at=2026-08-12T06:39:59+00:00 features={"close": 1.14, "bb_lower": 1.144194363864509, "bb_upper": 1.1815199218497763, "rsi": 19.546068733867557, "mfi": 6.596289962010431, "atr": 0.0057142857142857195}
[BLOCKED] PARTITRY reason=insufficient_cash order=0.00 cash=0.00
[SIGNAL] 2026-08-12T06:34:59+00:00 RETRY BUY fill_at=2026-08-12T06:39:59+00:00 features={"close": 20.04, "bb_lower": 20.067060356982992, "bb_upper": 21.4634158334932, "rsi": 27.9103999409227, "mfi": 48.900208513840454, "atr": 0.20357142857142843}
[BLOCKED] RETRY reason=insufficient_cash order=0.00 cash=0.00
[SCAN] 2026-08-12T06:39:59+00:00 symbols=312 signals=2 entries=0 exits=0 blocked=66 open=9 cash=0.00 equity=9506.19
[SIGNAL] 2026-08-12T06:39:59+00:00 AIGENSYNTRY BUY fill_at=2026-08-12T06:44:59+00:00 features={"close": 0.99, "bb_lower": 0.9909312990904766, "bb_upper": 0.9994496532904757, "rsi": 36.49907094937315, "mfi": 21.713803588583062, "atr": 0.0019285714285714303}
[BLOCKED] AIGENSYNTRY reason=insufficient_cash order=0.00 cash=0.00
[SIGNAL] 2026-08-12T06:39:59+00:00 NEARTRY BUY fill_at=2026-08-12T06:44:59+00:00 features={"close": 78.6, "bb_lower": 78.65797779507918, "bb_upper": 80.50392696682559, "rsi": 30.505629108821466, "mfi": 39.377438332925166, "atr": 0.25714285714285573}
[BLOCKED] NEARTRY reason=insufficient_cash order=0.00 cash=0.00
[SIGNAL] 2026-08-12T06:39:59+00:00 PARTITRY BUY fill_at=2026-08-12T06:44:59+00:00 features={"close": 1.14, "bb_lower": 1.140693770421831, "bb_upper": 1.1821633724353116, "rsi": 19.546068784990098, "mfi": 6.596289962010431, "atr": 0.0057142857142857195}
[BLOCKED] PARTITRY reason=insufficient_cash order=0.00 cash=0.00
[SIGNAL] 2026-08-12T06:39:59+00:00 RETRY BUY fill_at=2026-08-12T06:44:59+00:00 features={"close": 19.88, "bb_lower": 19.93108165134041, "bb_upper": 21.518442158183394, "rsi": 25.04688715904001, "mfi": 47.34824825374677, "atr": 0.20928571428571427}
[BLOCKED] RETRY reason=insufficient_cash order=0.00 cash=0.00
[SIGNAL] 2026-08-12T06:39:59+00:00 SOPHTRY BUY fill_at=2026-08-12T06:44:59+00:00 features={"close": 0.183, "bb_lower": 0.1832789173394357, "bb_upper": 0.19129251123199287, "rsi": 30.703275452420883, "mfi": 29.105927139203985, "atr": 0.0008571428571428579}
[BLOCKED] SOPHTRY reason=insufficient_cash order=0.00 cash=0.00
[SCAN] 2026-08-12T06:44:59+00:00 symbols=312 signals=5 entries=0 exits=0 blocked=45 open=9 cash=0.00 equity=9506.19
[SIGNAL] 2026-08-12T06:44:59+00:00 AVNTTRY BUY fill_at=2026-08-12T06:49:59+00:00 features={"close": 4.37, "bb_lower": 4.378099141558139, "bb_upper": 4.436186572727576, "rsi": 20.569506878931747, "mfi": 14.641566813067513, "atr": 0.0071428571428571175}
[BLOCKED] AVNTTRY reason=insufficient_cash order=0.00 cash=0.00
[SIGNAL] 2026-08-12T06:44:59+00:00 BABYTRY BUY fill_at=2026-08-12T06:49:59+00:00 features={"close": 0.61, "bb_lower": 0.6167605821381376, "bb_upper": 0.6304775130999577, "rsi": 30.86512022163707, "mfi": 14.346406179576192, "atr": 0.003928571428571432}
[BLOCKED] BABYTRY reason=insufficient_cash order=0.00 cash=0.00
[SIGNAL] 2026-08-12T06:44:59+00:00 BONKTRY BUY fill_at=2026-08-12T06:49:59+00:00 features={"close": 0.0001095, "bb_lower": 0.00010960103554636876, "bb_upper": 0.00011266563112029787, "rsi": 25.958374462736103, "mfi": 20.631116247257467, "atr": 3.714285714285727e-07}
[BLOCKED] BONKTRY reason=insufficient_cash order=0.00 cash=0.00
[SIGNAL] 2026-08-12T06:44:59+00:00 NEARTRY BUY fill_at=2026-08-12T06:49:59+00:00 features={"close": 78.3, "bb_lower": 78.48713093633896, "bb_upper": 80.5985833493753, "rsi": 26.793662898245245, "mfi": 37.78265824811263, "atr": 0.2714285714285702}
[BLOCKED] NEARTRY reason=insufficient_cash order=0.00 cash=0.00
[SCAN] 2026-08-12T06:49:59+00:00 symbols=312 signals=4 entries=0 exits=0 blocked=24 open=9 cash=0.00 equity=9534.19
[SIGNAL] 2026-08-12T06:49:59+00:00 AIGENSYNTRY BUY fill_at=2026-08-12T06:54:59+00:00 features={"close": 0.99, "bb_lower": 0.9904803651658718, "bb_upper": 0.9997101110246038, "rsi": 37.52173924733471, "mfi": 21.321144519014652, "atr": 0.0019285714285714303}
[BLOCKED] AIGENSYNTRY reason=insufficient_cash order=0.00 cash=0.00
[SIGNAL] 2026-08-12T06:49:59+00:00 ALLOTRY BUY fill_at=2026-08-12T06:54:59+00:00 features={"close": 14.42, "bb_lower": 14.471578985676752, "bb_upper": 14.750325776228015, "rsi": 35.68258295703829, "mfi": 57.022077714730614, "atr": 0.05285714285714249}
[BLOCKED] ALLOTRY reason=insufficient_cash order=0.00 cash=0.00
[SIGNAL] 2026-08-12T06:49:59+00:00 AVNTTRY BUY fill_at=2026-08-12T06:54:59+00:00 features={"close": 4.36, "bb_lower": 4.369605444845652, "bb_upper": 4.438965983725778, "rsi": 18.060551621576167, "mfi": 14.55024937801302, "atr": 0.007857142857142816}
[BLOCKED] AVNTTRY reason=insufficient_cash order=0.00 cash=0.00
[SIGNAL] 2026-08-12T06:49:59+00:00 BABYTRY BUY fill_at=2026-08-12T06:54:59+00:00 features={"close": 0.587, "bb_lower": 0.6048095905029987, "bb_upper": 0.638809457116049, "rsi": 18.18778718922067, "mfi": 7.679063523590557, "atr": 0.0057142857142857195}
[BLOCKED] BABYTRY reason=insufficient_cash order=0.00 cash=0.00
[SIGNAL] 2026-08-12T06:49:59+00:00 FETTRY BUY fill_at=2026-08-12T06:54:59+00:00 features={"close": 6.45, "bb_lower": 6.45264757605079, "bb_upper": 6.486400042996827, "rsi": 40.60502225842249, "mfi": 47.82982623014093, "atr": 0.006428571428571418}
[BLOCKED] FETTRY reason=insufficient_cash order=0.00 cash=0.00
[SIGNAL] 2026-08-12T06:49:59+00:00 HOLOTRY BUY fill_at=2026-08-12T06:54:59+00:00 features={"close": 3.831, "bb_lower": 3.844909000967899, "bb_upper": 4.266424332365435, "rsi": 27.04267001493983, "mfi": 17.160616720127976, "atr": 0.09335714285714282}
[BLOCKED] HOLOTRY reason=insufficient_cash order=0.00 cash=0.00
[SIGNAL] 2026-08-12T06:49:59+00:00 LUNATRY BUY fill_at=2026-08-12T06:54:59+00:00 features={"close": 2.12, "bb_lower": 2.124112755078063, "bb_upper": 2.161506292540985, "rsi": 29.906914606064745, "mfi": 24.713848292442094, "atr": 0.010785714285714334}
[BLOCKED] LUNATRY reason=insufficient_cash order=0.00 cash=0.00
[EXIT] 2026-08-12T06:54:59+00:00 HEITRY reason=fixed_stop_loss pnl=-88.71 cash=873.13
[EXIT] 2026-08-12T06:54:59+00:00 BOMETRY reason=fixed_take_profit pnl=+36.86 cash=2815.93
[SCAN] 2026-08-12T06:54:59+00:00 symbols=312 signals=7 entries=0 exits=2 blocked=25 open=7 cash=2815.93 equity=9509.09
[SIGNAL] 2026-08-12T06:54:59+00:00 BABYTRY BUY fill_at=2026-08-12T06:59:59+00:00 features={"close": 0.595, "bb_lower": 0.5999897666990275, "bb_upper": 0.6407721380628773, "rsi": 29.152750409309107, "mfi": 6.875082312142126, "atr": 0.00621428571428572}
[ENTRY] 2026-08-12T06:59:59+00:00 BABYTRY layer=1 value=951.85 entry=0.59644700 cash=1862.65
[SIGNAL] 2026-08-12T06:54:59+00:00 FETTRY BUY fill_at=2026-08-12T06:59:59+00:00 features={"close": 6.44, "bb_lower": 6.447056455205357, "bb_upper": 6.4891340209851185, "rsi": 35.98168352935828, "mfi": 41.37175793857385, "atr": 0.0071428571428571175}
[ENTRY] 2026-08-12T06:59:59+00:00 FETTRY layer=1 value=951.15 entry=6.44483000 cash=910.07
[SIGNAL] 2026-08-12T06:54:59+00:00 HEITRY BUY fill_at=2026-08-12T06:59:59+00:00 features={"close": 6.036, "bb_lower": 6.123966028098561, "bb_upper": 6.338129209996678, "rsi": 28.26081087203329, "mfi": 32.213101577625764, "atr": 0.06650000000000007}
[ENTRY] 2026-08-12T06:59:59+00:00 HEITRY layer=1 value=908.71 entry=6.03752475 cash=0.00
[SCAN] 2026-08-12T06:59:59+00:00 symbols=312 signals=3 entries=3 exits=0 blocked=22 open=10 cash=0.00 equity=9517.26
[SIGNAL] 2026-08-12T06:59:59+00:00 COTITRY BUY fill_at=2026-08-12T07:04:59+00:00 features={"close": 0.4537, "bb_lower": 0.45449820412584974, "bb_upper": 0.46590179587415015, "rsi": 34.83507006260639, "mfi": 4.839909632759188, "atr": 0.0033071428571428457}
[BLOCKED] COTITRY reason=insufficient_cash order=0.00 cash=0.00
[SIGNAL] 2026-08-12T06:59:59+00:00 GRAMTRY BUY fill_at=2026-08-12T07:04:59+00:00 features={"close": 64.65, "bb_lower": 64.67712663587673, "bb_upper": 65.11049241174234, "rsi": 40.192556650583406, "mfi": 33.200807831246536, "atr": 0.09714285714285811}
[BLOCKED] GRAMTRY reason=insufficient_cash order=0.00 cash=0.00
[SIGNAL] 2026-08-12T06:59:59+00:00 HEITRY BUY fill_at=2026-08-12T07:04:59+00:00 features={"close": 6.089, "bb_lower": 6.101910752348968, "bb_upper": 6.341136866698652, "rsi": 35.08017819857268, "mfi": 32.545641242103514, "atr": 0.06421428571428578}
[BLOCKED] HEITRY reason=insufficient_cash order=0.00 cash=0.00
[SIGNAL] 2026-08-12T06:59:59+00:00 PORTOTRY BUY fill_at=2026-08-12T07:04:59+00:00 features={"close": 20.85, "bb_lower": 20.873593296737866, "bb_upper": 21.083549560404997, "rsi": 2.2448132186829355, "mfi": 0.0, "atr": 0.012142857142857011}
[BLOCKED] PORTOTRY reason=insufficient_cash order=0.00 cash=0.00
[SIGNAL] 2026-08-12T06:59:59+00:00 ZKTRY BUY fill_at=2026-08-12T07:04:59+00:00 features={"close": 0.353, "bb_lower": 0.3534766971191485, "bb_upper": 0.35795187430942305, "rsi": 24.55236671314013, "mfi": 8.481709755253775, "atr": 0.0005714285714285719}
[BLOCKED] ZKTRY reason=insufficient_cash order=0.00 cash=0.00
[SCAN] 2026-08-12T07:04:59+00:00 symbols=312 signals=5 entries=0 exits=0 blocked=19 open=10 cash=0.00 equity=9512.81
[SIGNAL] 2026-08-12T07:04:59+00:00 ALLOTRY BUY fill_at=2026-08-12T07:09:59+00:00 features={"close": 14.4, "bb_lower": 14.405972087624674, "bb_upper": 14.754027912375326, "rsi": 36.571505423792, "mfi": 53.40100850140551, "atr": 0.05499999999999997}
[BLOCKED] ALLOTRY reason=insufficient_cash order=0.00 cash=0.00
[SIGNAL] 2026-08-12T07:04:59+00:00 HEITRY BUY fill_at=2026-08-12T07:09:59+00:00 features={"close": 6.06, "bb_lower": 6.075422745553577, "bb_upper": 6.349053444922613, "rsi": 33.20894895728752, "mfi": 32.854983834760546, "atr": 0.0611428571428572}
[BLOCKED] HEITRY reason=insufficient_cash order=0.00 cash=0.00
[SIGNAL] 2026-08-12T07:04:59+00:00 LUNCTRY BUY fill_at=2026-08-12T07:09:59+00:00 features={"close": 0.002416, "bb_lower": 0.002417496233209095, "bb_upper": 0.002443837100124238, "rsi": 34.690171150884694, "mfi": 23.286791251998736, "atr": 7.571428571428554e-06}
[BLOCKED] LUNCTRY reason=insufficient_cash order=0.00 cash=0.00
[SCAN] 2026-08-12T07:09:59+00:00 symbols=312 signals=3 entries=0 exits=0 blocked=13 open=10 cash=0.00 equity=9503.25
[SCAN] 2026-08-12T07:14:59+00:00 symbols=312 signals=0 entries=0 exits=0 blocked=7 open=10 cash=0.00 equity=9490.13
[SCAN] 2026-08-12T07:19:59+00:00 symbols=312 signals=0 entries=0 exits=0 blocked=8 open=10 cash=0.00 equity=9479.13
[SIGNAL] 2026-08-12T07:19:59+00:00 HEITRY BUY fill_at=2026-08-12T07:24:59+00:00 features={"close": 6.003, "bb_lower": 6.004990750357926, "bb_upper": 6.367580678213503, "rsi": 31.371551228974994, "mfi": 26.0042137344917, "atr": 0.06714285714285717}
[BLOCKED] HEITRY reason=insufficient_cash order=0.00 cash=0.00
[SCAN] 2026-08-12T07:24:59+00:00 symbols=312 signals=1 entries=0 exits=0 blocked=9 open=10 cash=0.00 equity=9488.64
[SCAN] 2026-08-12T07:29:59+00:00 symbols=312 signals=0 entries=0 exits=0 blocked=3 open=10 cash=0.00 equity=9480.70
[SIGNAL] 2026-08-12T07:29:59+00:00 WLDTRY BUY fill_at=2026-08-12T07:34:59+00:00 features={"close": 16.02, "bb_lower": 16.05766450220208, "bb_upper": 16.182335497797915, "rsi": 31.744465729756328, "mfi": 29.760847142738015, "atr": 0.043571428571428025}
[BLOCKED] WLDTRY reason=insufficient_cash order=0.00 cash=0.00
[SCAN] 2026-08-12T07:34:59+00:00 symbols=312 signals=1 entries=0 exits=0 blocked=14 open=10 cash=0.00 equity=9478.45
[SCAN] 2026-08-12T07:39:59+00:00 symbols=312 signals=0 entries=0 exits=0 blocked=15 open=10 cash=0.00 equity=9461.18
[SIGNAL] 2026-08-12T07:39:59+00:00 ERATRY BUY fill_at=2026-08-12T07:44:59+00:00 features={"close": 3.08, "bb_lower": 3.081349352779741, "bb_upper": 3.1243649329345455, "rsi": 30.972162175272402, "mfi": 10.753340415187736, "atr": 0.004285714285714289}
[BLOCKED] ERATRY reason=insufficient_cash order=0.00 cash=0.00
[SIGNAL] 2026-08-12T07:39:59+00:00 NEIROTRY BUY fill_at=2026-08-12T07:44:59+00:00 features={"close": 0.00313, "bb_lower": 0.0031362131647967592, "bb_upper": 0.0031761677875841937, "rsi": 27.306481234870418, "mfi": 28.0964146335684, "atr": 5.714285714285729e-06}
[BLOCKED] NEIROTRY reason=insufficient_cash order=0.00 cash=0.00
[SIGNAL] 2026-08-12T07:39:59+00:00 WLDTRY BUY fill_at=2026-08-12T07:44:59+00:00 features={"close": 16.03, "bb_lower": 16.03614347852703, "bb_upper": 16.185761283377737, "rsi": 36.1158276764347, "mfi": 25.94707247387035, "atr": 0.03928571428571358}
[BLOCKED] WLDTRY reason=insufficient_cash order=0.00 cash=0.00
[SCAN] 2026-08-12T07:44:59+00:00 symbols=312 signals=3 entries=0 exits=0 blocked=32 open=10 cash=0.00 equity=9445.97
[SIGNAL] 2026-08-12T07:44:59+00:00 0GTRY BUY fill_at=2026-08-12T07:49:59+00:00 features={"close": 7.44, "bb_lower": 7.440366216544816, "bb_upper": 7.504395688217088, "rsi": 34.432604652774515, "mfi": 36.46480561559255, "atr": 0.01500000000000006}
[BLOCKED] 0GTRY reason=insufficient_cash order=0.00 cash=0.00
[SIGNAL] 2026-08-12T07:44:59+00:00 ERATRY BUY fill_at=2026-08-12T07:49:59+00:00 features={"close": 3.06, "bb_lower": 3.0725468984788282, "bb_upper": 3.1284054824735525, "rsi": 21.1494531731081, "mfi": 6.926218749877393, "atr": 0.004999999999999989}
[BLOCKED] ERATRY reason=insufficient_cash order=0.00 cash=0.00
[SIGNAL] 2026-08-12T07:44:59+00:00 GUNTRY BUY fill_at=2026-08-12T07:49:59+00:00 features={"close": 0.154, "bb_lower": 0.15427069942744037, "bb_upper": 0.15896739581065483, "rsi": 31.044475502673635, "mfi": 29.298127502964462, "atr": 0.0005000000000000004}
[BLOCKED] GUNTRY reason=insufficient_cash order=0.00 cash=0.00
[SIGNAL] 2026-08-12T07:44:59+00:00 HOLOTRY BUY fill_at=2026-08-12T07:49:59+00:00 features={"close": 3.658, "bb_lower": 3.665325985707151, "bb_upper": 4.171150204769039, "rsi": 26.911205785136218, "mfi": 23.901891186581622, "atr": 0.08514285714285706}
[BLOCKED] HOLOTRY reason=insufficient_cash order=0.00 cash=0.00
[SIGNAL] 2026-08-12T07:44:59+00:00 JTOTRY BUY fill_at=2026-08-12T07:49:59+00:00 features={"close": 26.0, "bb_lower": 26.114800791876444, "bb_upper": 26.540437303361653, "rsi": 23.4033997081046, "mfi": 12.286659446681469, "atr": 0.05357142857142857}
[BLOCKED] JTOTRY reason=insufficient_cash order=0.00 cash=0.00
[SIGNAL] 2026-08-12T07:44:59+00:00 NEIROTRY BUY fill_at=2026-08-12T07:49:59+00:00 features={"close": 0.00313, "bb_lower": 0.0031324016661084266, "bb_upper": 0.0031761697624630024, "rsi": 27.30648117532884, "mfi": 24.462493122975417, "atr": 6.4285714285714456e-06}
[BLOCKED] NEIROTRY reason=insufficient_cash order=0.00 cash=0.00
[SCAN] 2026-08-12T07:49:59+00:00 symbols=312 signals=6 entries=0 exits=0 blocked=40 open=10 cash=0.00 equity=9453.49
[SIGNAL] 2026-08-12T07:49:59+00:00 BMTTRY BUY fill_at=2026-08-12T07:54:59+00:00 features={"close": 0.835, "bb_lower": 0.8358575168312838, "bb_upper": 0.8904281974544306, "rsi": 40.12487848089913, "mfi": 44.43940198690332, "atr": 0.017857142857142873}
[BLOCKED] BMTTRY reason=insufficient_cash order=0.00 cash=0.00
[SIGNAL] 2026-08-12T07:49:59+00:00 ERATRY BUY fill_at=2026-08-12T07:54:59+00:00 features={"close": 3.06, "bb_lower": 3.0656583116839498, "bb_upper": 3.1305321645065263, "rsi": 21.14945316738975, "mfi": 0.0, "atr": 0.004999999999999989}
[BLOCKED] ERATRY reason=insufficient_cash order=0.00 cash=0.00
[SIGNAL] 2026-08-12T07:49:59+00:00 ESPTRY BUY fill_at=2026-08-12T07:54:59+00:00 features={"close": 3.424, "bb_lower": 3.4244532659056253, "bb_upper": 3.512213400761044, "rsi": 34.62937187506307, "mfi": 53.07366745485943, "atr": 0.01814285714285708}
[BLOCKED] ESPTRY reason=insufficient_cash order=0.00 cash=0.00
[SIGNAL] 2026-08-12T07:49:59+00:00 HOLOTRY BUY fill_at=2026-08-12T07:54:59+00:00 features={"close": 3.585, "bb_lower": 3.626700960981556, "bb_upper": 4.153584753304156, "rsi": 23.981957178010774, "mfi": 23.018276524643696, "atr": 0.09164285714285707}
[BLOCKED] HOLOTRY reason=insufficient_cash order=0.00 cash=0.00
[SIGNAL] 2026-08-12T07:49:59+00:00 JTOTRY BUY fill_at=2026-08-12T07:54:59+00:00 features={"close": 26.0, "bb_lower": 26.064500191074416, "bb_upper": 26.542166475592254, "rsi": 23.403399630821, "mfi": 12.854248207558143, "atr": 0.054285714285714395}
[BLOCKED] JTOTRY reason=insufficient_cash order=0.00 cash=0.00
[SIGNAL] 2026-08-12T07:49:59+00:00 ZKTRY BUY fill_at=2026-08-12T07:54:59+00:00 features={"close": 0.353, "bb_lower": 0.3531845353900753, "bb_upper": 0.3562440360384961, "rsi": 36.41003607455414, "mfi": 36.87792379362764, "atr": 0.0007142857142857149}
[BLOCKED] ZKTRY reason=insufficient_cash order=0.00 cash=0.00
[EXIT] 2026-08-12T07:54:59+00:00 HEITRY reason=fixed_take_profit pnl=+17.60 cash=927.68
[SCAN] 2026-08-12T07:54:59+00:00 symbols=312 signals=6 entries=0 exits=1 blocked=39 open=9 cash=927.68 equity=9470.97
[SIGNAL] 2026-08-12T07:54:59+00:00 AUDIOTRY BUY fill_at=2026-08-12T07:59:59+00:00 features={"close": 0.5779, "bb_lower": 0.5780081712685169, "bb_upper": 0.5847156382552926, "rsi": 38.02656978438336, "mfi": 45.0509673628057, "atr": 0.0023857142857142927}
[ENTRY] 2026-08-12T07:59:59+00:00 AUDIOTRY layer=1 value=926.29 entry=0.57873373 cash=0.00
[SIGNAL] 2026-08-12T07:54:59+00:00 BMTTRY BUY fill_at=2026-08-12T07:59:59+00:00 features={"close": 0.822, "bb_lower": 0.8291708804734037, "bb_upper": 0.8938767385742152, "rsi": 36.43807263298332, "mfi": 39.86492058372197, "atr": 0.018357142857142874}
[BLOCKED] BMTTRY reason=insufficient_cash order=0.00 cash=0.00
[SIGNAL] 2026-08-12T07:54:59+00:00 HOLOTRY BUY fill_at=2026-08-12T07:59:59+00:00 features={"close": 3.577, "bb_lower": 3.597733330585552, "bb_upper": 4.125885717033496, "rsi": 23.676000012979387, "mfi": 22.66090522639729, "atr": 0.08657142857142852}
[BLOCKED] HOLOTRY reason=insufficient_cash order=0.00 cash=0.00
[SIGNAL] 2026-08-12T07:54:59+00:00 JTOTRY BUY fill_at=2026-08-12T07:59:59+00:00 features={"close": 26.0, "bb_lower": 26.0225373870676, "bb_upper": 26.53841499388478, "rsi": 23.403399640134722, "mfi": 8.291000003211323, "atr": 0.05571428571428579}
[BLOCKED] JTOTRY reason=insufficient_cash order=0.00 cash=0.00
[SCAN] 2026-08-12T07:59:59+00:00 symbols=312 signals=4 entries=1 exits=0 blocked=22 open=10 cash=0.00 equity=9468.54
[SIGNAL] 2026-08-12T07:59:59+00:00 AUDIOTRY BUY fill_at=2026-08-12T08:04:59+00:00 features={"close": 0.5745, "bb_lower": 0.5767157505653263, "bb_upper": 0.585522344672769, "rsi": 31.304652083710906, "mfi": 27.938756162178038, "atr": 0.002764285714285727}
[BLOCKED] AUDIOTRY reason=insufficient_cash order=0.00 cash=0.00
[SIGNAL] 2026-08-12T07:59:59+00:00 KERNELTRY BUY fill_at=2026-08-12T08:04:59+00:00 features={"close": 1.72, "bb_lower": 1.7266450280299843, "bb_upper": 1.8000216386366825, "rsi": 13.107825267740068, "mfi": 29.855516176007157, "atr": 0.0050000000000000044}
[BLOCKED] KERNELTRY reason=insufficient_cash order=0.00 cash=0.00
[SCAN] 2026-08-12T08:04:59+00:00 symbols=312 signals=2 entries=0 exits=0 blocked=13 open=10 cash=0.00 equity=9491.60
[SIGNAL] 2026-08-12T08:04:59+00:00 NOMTRY BUY fill_at=2026-08-12T08:09:59+00:00 features={"close": 0.076, "bb_lower": 0.07602417035702522, "bb_upper": 0.07759487726202241, "rsi": 42.14716784157181, "mfi": 48.40662289110391, "atr": 0.00035714285714285747}
[BLOCKED] NOMTRY reason=insufficient_cash order=0.00 cash=0.00
[SIGNAL] 2026-08-12T08:04:59+00:00 VICTRY BUY fill_at=2026-08-12T08:09:59+00:00 features={"close": 1.19, "bb_lower": 1.1947339177467369, "bb_upper": 1.2271708441580251, "rsi": 39.77063142116586, "mfi": 31.95622732220832, "atr": 0.012857142857142869}
[BLOCKED] VICTRY reason=insufficient_cash order=0.00 cash=0.00
[SCAN] 2026-08-12T08:09:59+00:00 symbols=312 signals=2 entries=0 exits=0 blocked=14 open=10 cash=0.00 equity=9490.24
[SIGNAL] 2026-08-12T08:09:59+00:00 KAITOTRY BUY fill_at=2026-08-12T08:14:59+00:00 features={"close": 29.906, "bb_lower": 29.961209401494422, "bb_upper": 30.458790598505573, "rsi": 40.76954401653703, "mfi": 48.02667139997586, "atr": 0.1749285714285713}
[BLOCKED] KAITOTRY reason=insufficient_cash order=0.00 cash=0.00
[SIGNAL] 2026-08-12T08:09:59+00:00 NOMTRY BUY fill_at=2026-08-12T08:14:59+00:00 features={"close": 0.076, "bb_lower": 0.07602417035702522, "bb_upper": 0.07759487726202241, "rsi": 42.14716784771164, "mfi": 48.40662289110391, "atr": 0.00035714285714285747}
[BLOCKED] NOMTRY reason=insufficient_cash order=0.00 cash=0.00
[SCAN] 2026-08-12T08:14:59+00:00 symbols=312 signals=2 entries=0 exits=0 blocked=15 open=10 cash=0.00 equity=9482.73
[SIGNAL] 2026-08-12T08:14:59+00:00 1000CATTRY BUY fill_at=2026-08-12T08:19:59+00:00 features={"close": 0.079, "bb_lower": 0.0793176748568601, "bb_upper": 0.08049184895266372, "rsi": 32.54921867636172, "mfi": 12.03725154755243, "atr": 0.00021428571428571446}
[BLOCKED] 1000CATTRY reason=insufficient_cash order=0.00 cash=0.00
[SIGNAL] 2026-08-12T08:14:59+00:00 MMTTRY BUY fill_at=2026-08-12T08:19:59+00:00 features={"close": 9.4, "bb_lower": 9.410274752194606, "bb_upper": 9.622106200186344, "rsi": 34.84906200924566, "mfi": 22.475213804766838, "atr": 0.04142857142857105}
[BLOCKED] MMTTRY reason=insufficient_cash order=0.00 cash=0.00
[SCAN] 2026-08-12T08:19:59+00:00 symbols=312 signals=2 entries=0 exits=0 blocked=24 open=10 cash=0.00 equity=9495.51
[SIGNAL] 2026-08-12T08:19:59+00:00 1000CATTRY BUY fill_at=2026-08-12T08:24:59+00:00 features={"close": 0.079, "bb_lower": 0.0791572886449191, "bb_upper": 0.08055699706936663, "rsi": 32.5492186898436, "mfi": 12.03725154755243, "atr": 0.00021428571428571446}
[BLOCKED] 1000CATTRY reason=insufficient_cash order=0.00 cash=0.00
[SIGNAL] 2026-08-12T08:19:59+00:00 BELTRY BUY fill_at=2026-08-12T08:24:59+00:00 features={"close": 4.95, "bb_lower": 4.954154507223816, "bb_upper": 5.064893111823805, "rsi": 23.048136957218063, "mfi": 4.521645020174134, "atr": 0.008571428571428516}
[BLOCKED] BELTRY reason=insufficient_cash order=0.00 cash=0.00
[SIGNAL] 2026-08-12T08:19:59+00:00 THETRY BUY fill_at=2026-08-12T08:24:59+00:00 features={"close": 2.797, "bb_lower": 2.8020077702577133, "bb_upper": 2.8743731821232386, "rsi": 27.009782285395943, "mfi": 50.03431837769548, "atr": 0.00842857142857142}
[BLOCKED] THETRY reason=insufficient_cash order=0.00 cash=0.00
[SCAN] 2026-08-12T08:24:59+00:00 symbols=312 signals=3 entries=0 exits=0 blocked=23 open=10 cash=0.00 equity=9494.66
[SIGNAL] 2026-08-12T08:24:59+00:00 1000CATTRY BUY fill_at=2026-08-12T08:29:59+00:00 features={"close": 0.079, "bb_lower": 0.0790241703570252, "bb_upper": 0.0805948772620224, "rsi": 32.54921852695891, "mfi": 12.03725154755243, "atr": 0.00021428571428571446}
[BLOCKED] 1000CATTRY reason=insufficient_cash order=0.00 cash=0.00
[SIGNAL] 2026-08-12T08:24:59+00:00 KAITOTRY BUY fill_at=2026-08-12T08:29:59+00:00 features={"close": 28.873, "bb_lower": 29.502339723235174, "bb_upper": 30.75146980057435, "rsi": 24.54210805081601, "mfi": 22.853976192745108, "atr": 0.26692857142857157}
[BLOCKED] KAITOTRY reason=insufficient_cash order=0.00 cash=0.00
[SIGNAL] 2026-08-12T08:24:59+00:00 MMTTRY BUY fill_at=2026-08-12T08:29:59+00:00 features={"close": 9.36, "bb_lower": 9.375330414900402, "bb_upper": 9.620860061290072, "rsi": 31.049123271646565, "mfi": 14.377776621394162, "atr": 0.04142857142857105}
[BLOCKED] MMTTRY reason=insufficient_cash order=0.00 cash=0.00
[SIGNAL] 2026-08-12T08:24:59+00:00 THETRY BUY fill_at=2026-08-12T08:29:59+00:00 features={"close": 2.786, "bb_lower": 2.7931094724066043, "bb_upper": 2.877366718069586, "rsi": 23.392255761550814, "mfi": 49.07018258267905, "atr": 0.00878571428571427}
[BLOCKED] THETRY reason=insufficient_cash order=0.00 cash=0.00
[SCAN] 2026-08-12T08:29:59+00:00 symbols=312 signals=4 entries=0 exits=0 blocked=21 open=10 cash=0.00 equity=9496.56
[SIGNAL] 2026-08-12T08:29:59+00:00 COTITRY BUY fill_at=2026-08-12T08:34:59+00:00 features={"close": 0.4472, "bb_lower": 0.4473364918073472, "bb_upper": 0.45795874628789096, "rsi": 37.39252115066275, "mfi": 40.03667129828631, "atr": 0.002392857142857137}
[BLOCKED] COTITRY reason=insufficient_cash order=0.00 cash=0.00
[SIGNAL] 2026-08-12T08:29:59+00:00 GPSTRY BUY fill_at=2026-08-12T08:34:59+00:00 features={"close": 0.452, "bb_lower": 0.4523237429245571, "bb_upper": 0.45777149517068094, "rsi": 33.24094214603828, "mfi": 23.475806838232018, "atr": 0.0006428571428571435}
[BLOCKED] GPSTRY reason=insufficient_cash order=0.00 cash=0.00
[SIGNAL] 2026-08-12T08:29:59+00:00 KAITOTRY BUY fill_at=2026-08-12T08:34:59+00:00 features={"close": 27.634, "bb_lower": 28.779592341401226, "bb_upper": 31.24526480145591, "rsi": 15.969644598265276, "mfi": 9.732839724010176, "atr": 0.3807142857142861}
[BLOCKED] KAITOTRY reason=insufficient_cash order=0.00 cash=0.00
[SIGNAL] 2026-08-12T08:29:59+00:00 MMTTRY BUY fill_at=2026-08-12T08:34:59+00:00 features={"close": 9.35, "bb_lower": 9.359711539881175, "bb_upper": 9.610764650595012, "rsi": 30.15849335807134, "mfi": 15.273510295980358, "atr": 0.04214285714285688}
[BLOCKED] MMTTRY reason=insufficient_cash order=0.00 cash=0.00
[SIGNAL] 2026-08-12T08:29:59+00:00 MUBARAKTRY BUY fill_at=2026-08-12T08:34:59+00:00 features={"close": 0.848, "bb_lower": 0.8524935910976784, "bb_upper": 0.8828397422356545, "rsi": 39.451553546210576, "mfi": 57.89898241375077, "atr": 0.00957142857142858}
[BLOCKED] MUBARAKTRY reason=insufficient_cash order=0.00 cash=0.00
[SIGNAL] 2026-08-12T08:29:59+00:00 THETRY BUY fill_at=2026-08-12T08:34:59+00:00 features={"close": 2.777, "bb_lower": 2.7834177543717193, "bb_upper": 2.8804870075330427, "rsi": 20.909948533453587, "mfi": 47.78397946169216, "atr": 0.008857142857142833}
[BLOCKED] THETRY reason=insufficient_cash order=0.00 cash=0.00
[SCAN] 2026-08-12T08:34:59+00:00 symbols=312 signals=6 entries=0 exits=0 blocked=19 open=10 cash=0.00 equity=9514.20
[SIGNAL] 2026-08-12T08:34:59+00:00 COTITRY BUY fill_at=2026-08-12T08:39:59+00:00 features={"close": 0.446, "bb_lower": 0.4465514810090749, "bb_upper": 0.45763899518140144, "rsi": 35.7560575948511, "mfi": 37.284985755572585, "atr": 0.0025857142857142784}
[BLOCKED] COTITRY reason=insufficient_cash order=0.00 cash=0.00
[SIGNAL] 2026-08-12T08:34:59+00:00 ESPTRY BUY fill_at=2026-08-12T08:39:59+00:00 features={"close": 3.382, "bb_lower": 3.389773779520583, "bb_upper": 3.498416696669894, "rsi": 26.77456290292332, "mfi": 34.77295517260556, "atr": 0.018857142857142843}
[BLOCKED] ESPTRY reason=insufficient_cash order=0.00 cash=0.00
[SIGNAL] 2026-08-12T08:34:59+00:00 GPSTRY BUY fill_at=2026-08-12T08:39:59+00:00 features={"close": 0.451, "bb_lower": 0.451809914155814, "bb_upper": 0.4576186572727576, "rsi": 29.226747947759975, "mfi": 3.9027982233385643, "atr": 0.0011428571428571438}
[BLOCKED] GPSTRY reason=insufficient_cash order=0.00 cash=0.00
[SIGNAL] 2026-08-12T08:34:59+00:00 KAITOTRY BUY fill_at=2026-08-12T08:39:59+00:00 features={"close": 28.381, "bb_lower": 28.519774761322257, "bb_upper": 31.35022523867774, "rsi": 31.579281757578542, "mfi": 30.327022390796913, "atr": 0.44035714285714306}
[BLOCKED] KAITOTRY reason=insufficient_cash order=0.00 cash=0.00
[SIGNAL] 2026-08-12T08:34:59+00:00 VICTRY BUY fill_at=2026-08-12T08:39:59+00:00 features={"close": 1.18, "bb_lower": 1.182008527348077, "bb_upper": 1.2256105202709708, "rsi": 36.649204764651756, "mfi": 39.00932447602655, "atr": 0.012857142857142869}
[BLOCKED] VICTRY reason=insufficient_cash order=0.00 cash=0.00
[SCAN] 2026-08-12T08:39:59+00:00 symbols=312 signals=5 entries=0 exits=0 blocked=23 open=10 cash=0.00 equity=9509.99
[SIGNAL] 2026-08-12T08:39:59+00:00 ESPTRY BUY fill_at=2026-08-12T08:44:59+00:00 features={"close": 3.369, "bb_lower": 3.3790201499361796, "bb_upper": 3.4978369929209636, "rsi": 24.28096435690344, "mfi": 25.743876581972245, "atr": 0.019857142857142827}
[BLOCKED] ESPTRY reason=insufficient_cash order=0.00 cash=0.00
[SCAN] 2026-08-12T08:44:59+00:00 symbols=312 signals=1 entries=0 exits=0 blocked=26 open=10 cash=0.00 equity=9515.32
[SIGNAL] 2026-08-12T08:44:59+00:00 ESPTRY BUY fill_at=2026-08-12T08:49:59+00:00 features={"close": 3.312, "bb_lower": 3.3523879368183693, "bb_upper": 3.509516825086392, "rsi": 16.833930978916484, "mfi": 21.55880397122526, "atr": 0.021500000000000012}
[BLOCKED] ESPTRY reason=insufficient_cash order=0.00 cash=0.00
[SIGNAL] 2026-08-12T08:44:59+00:00 GRAMTRY BUY fill_at=2026-08-12T08:49:59+00:00 features={"close": 64.73, "bb_lower": 64.74535672776815, "bb_upper": 65.257500415089, "rsi": 36.75543689280336, "mfi": 43.917257141443265, "atr": 0.07285714285714562}
[BLOCKED] GRAMTRY reason=insufficient_cash order=0.00 cash=0.00
[SIGNAL] 2026-08-12T08:44:59+00:00 MAVTRY BUY fill_at=2026-08-12T08:49:59+00:00 features={"close": 0.42, "bb_lower": 0.42810658239837945, "bb_upper": 0.4480838937920966, "rsi": 27.352238580109685, "mfi": 7.32168789473468, "atr": 0.009285714285714295}
[BLOCKED] MAVTRY reason=insufficient_cash order=0.00 cash=0.00
[SCAN] 2026-08-12T08:49:59+00:00 symbols=312 signals=3 entries=0 exits=0 blocked=40 open=10 cash=0.00 equity=9502.44
[SIGNAL] 2026-08-12T08:49:59+00:00 EIGENTRY BUY fill_at=2026-08-12T08:54:59+00:00 features={"close": 8.254, "bb_lower": 8.26173601393076, "bb_upper": 8.326835414640668, "rsi": 32.282994079822004, "mfi": 25.516050851963215, "atr": 0.012071428571428606}
[BLOCKED] EIGENTRY reason=insufficient_cash order=0.00 cash=0.00
[SIGNAL] 2026-08-12T08:49:59+00:00 ESPTRY BUY fill_at=2026-08-12T08:54:59+00:00 features={"close": 3.284, "bb_lower": 3.3232350124472854, "bb_upper": 3.5225745113622384, "rsi": 14.471887780217486, "mfi": 17.18363854511786, "atr": 0.02400000000000002}
[BLOCKED] ESPTRY reason=insufficient_cash order=0.00 cash=0.00
[SIGNAL] 2026-08-12T08:49:59+00:00 JTOTRY BUY fill_at=2026-08-12T08:54:59+00:00 features={"close": 25.71, "bb_lower": 25.803014059623376, "bb_upper": 26.456033559424245, "rsi": 17.416383908164505, "mfi": 6.690177796633847, "atr": 0.07285714285714359}
[BLOCKED] JTOTRY reason=insufficient_cash order=0.00 cash=0.00
[SIGNAL] 2026-08-12T08:49:59+00:00 JUPTRY BUY fill_at=2026-08-12T08:54:59+00:00 features={"close": 8.17, "bb_lower": 8.238672036398116, "bb_upper": 8.36704224931617, "rsi": 19.792616722586615, "mfi": 21.530869777638216, "atr": 0.03428571428571419}
[BLOCKED] JUPTRY reason=insufficient_cash order=0.00 cash=0.00
[SIGNAL] 2026-08-12T08:49:59+00:00 KAITOTRY BUY fill_at=2026-08-12T08:54:59+00:00 features={"close": 27.464, "bb_lower": 27.662815037943474, "bb_upper": 31.574423057294617, "rsi": 25.121693101278126, "mfi": 28.72335097868546, "atr": 0.5274285714285715}
[BLOCKED] KAITOTRY reason=insufficient_cash order=0.00 cash=0.00
[SIGNAL] 2026-08-12T08:49:59+00:00 LUNCTRY BUY fill_at=2026-08-12T08:54:59+00:00 features={"close": 0.002407, "bb_lower": 0.0024080152625434816, "bb_upper": 0.002421222832694613, "rsi": 37.9404158502338, "mfi": 37.11122531346376, "atr": 5.2857142857143055e-06}
[BLOCKED] LUNCTRY reason=insufficient_cash order=0.00 cash=0.00
[SIGNAL] 2026-08-12T08:49:59+00:00 MAVTRY BUY fill_at=2026-08-12T08:54:59+00:00 features={"close": 0.42, "bb_lower": 0.42458008956354953, "bb_upper": 0.4497056247221647, "rsi": 27.352238466393118, "mfi": 9.159133137321021, "atr": 0.008571428571428579}
[BLOCKED] MAVTRY reason=insufficient_cash order=0.00 cash=0.00
[SIGNAL] 2026-08-12T08:49:59+00:00 PORTALTRY BUY fill_at=2026-08-12T08:54:59+00:00 features={"close": 0.5168, "bb_lower": 0.517698639786172, "bb_upper": 0.5233013602138283, "rsi": 32.77685968428828, "mfi": 23.538004269754254, "atr": 0.0014142857142857013}
[BLOCKED] PORTALTRY reason=insufficient_cash order=0.00 cash=0.00
[SCAN] 2026-08-12T08:54:59+00:00 symbols=312 signals=8 entries=0 exits=0 blocked=48 open=10 cash=0.00 equity=9501.75
[SIGNAL] 2026-08-12T08:54:59+00:00 EIGENTRY BUY fill_at=2026-08-12T08:59:59+00:00 features={"close": 8.25, "bb_lower": 8.254450015288846, "bb_upper": 8.32897855613972, "rsi": 31.269389584912417, "mfi": 20.109302081073565, "atr": 0.013071428571428559}
[BLOCKED] EIGENTRY reason=insufficient_cash order=0.00 cash=0.00
[SIGNAL] 2026-08-12T08:54:59+00:00 ESPTRY BUY fill_at=2026-08-12T08:59:59+00:00 features={"close": 3.282, "bb_lower": 3.2999658168337174, "bb_upper": 3.5281294212615215, "rsi": 14.31644464684696, "mfi": 18.58020275062823, "atr": 0.024499999999999997}
[BLOCKED] ESPTRY reason=insufficient_cash order=0.00 cash=0.00
[SIGNAL] 2026-08-12T08:54:59+00:00 GRAMTRY BUY fill_at=2026-08-12T08:59:59+00:00 features={"close": 63.91, "bb_lower": 64.40490435756429, "bb_upper": 65.47604802338812, "rsi": 18.57965930941114, "mfi": 12.605131156833565, "atr": 0.13071428571428814}
[BLOCKED] GRAMTRY reason=insufficient_cash order=0.00 cash=0.00
[SIGNAL] 2026-08-12T08:54:59+00:00 JTOTRY BUY fill_at=2026-08-12T08:59:59+00:00 features={"close": 25.71, "bb_lower": 25.73834463796538, "bb_upper": 26.465464885844145, "rsi": 17.416383884387457, "mfi": 6.807793126576627, "atr": 0.05071428571428628}
[BLOCKED] JTOTRY reason=insufficient_cash order=0.00 cash=0.00
[SIGNAL] 2026-08-12T08:54:59+00:00 JUPTRY BUY fill_at=2026-08-12T08:59:59+00:00 features={"close": 8.19, "bb_lower": 8.217403917374302, "bb_upper": 8.377834177863793, "rsi": 26.208858441456982, "mfi": 19.198509403537415, "atr": 0.03571428571428559}
[BLOCKED] JUPTRY reason=insufficient_cash order=0.00 cash=0.00
[SIGNAL] 2026-08-12T08:54:59+00:00 KAITOTRY BUY fill_at=2026-08-12T08:59:59+00:00 features={"close": 27.224, "bb_lower": 27.293587889185766, "bb_upper": 31.653459729861837, "rsi": 23.637922850066104, "mfi": 24.20967239740645, "atr": 0.5424285714285713}
[BLOCKED] KAITOTRY reason=insufficient_cash order=0.00 cash=0.00
[SIGNAL] 2026-08-12T08:54:59+00:00 MAVTRY BUY fill_at=2026-08-12T08:59:59+00:00 features={"close": 0.42, "bb_lower": 0.42174690391609226, "bb_upper": 0.4506340484648601, "rsi": 27.35223856216261, "mfi": 9.159133137321021, "atr": 0.007857142857142865}
[BLOCKED] MAVTRY reason=insufficient_cash order=0.00 cash=0.00
[SIGNAL] 2026-08-12T08:54:59+00:00 PORTALTRY BUY fill_at=2026-08-12T08:59:59+00:00 features={"close": 0.5166, "bb_lower": 0.5171296940294998, "bb_upper": 0.523289353589548, "rsi": 32.16976240261485, "mfi": 22.39152854264627, "atr": 0.0013785714285714195}
[BLOCKED] PORTALTRY reason=insufficient_cash order=0.00 cash=0.00
[SCAN] 2026-08-12T08:59:59+00:00 symbols=312 signals=8 entries=0 exits=0 blocked=49 open=10 cash=0.00 equity=9502.08
[SIGNAL] 2026-08-12T08:59:59+00:00 1000SATSTRY BUY fill_at=2026-08-12T09:04:59+00:00 features={"close": 0.000477, "bb_lower": 0.00047748996923961787, "bb_upper": 0.00048603384028419154, "rsi": 23.309640610396272, "mfi": 0.5031101037782406, "atr": 7.142857142857123e-07}
[BLOCKED] 1000SATSTRY reason=insufficient_cash order=0.00 cash=0.00
[SIGNAL] 2026-08-12T08:59:59+00:00 DYMTRY BUY fill_at=2026-08-12T09:04:59+00:00 features={"close": 0.6771, "bb_lower": 0.6872419019143503, "bb_upper": 0.712405717133269, "rsi": 6.9620162009987325, "mfi": 13.122131579152011, "atr": 0.0024999999999999944}
[BLOCKED] DYMTRY reason=insufficient_cash order=0.00 cash=0.00
[SIGNAL] 2026-08-12T08:59:59+00:00 JUPTRY BUY fill_at=2026-08-12T09:04:59+00:00 features={"close": 8.18, "bb_lower": 8.197157288261682, "bb_upper": 8.385699854595462, "rsi": 25.120368351962853, "mfi": 17.20877572984088, "atr": 0.03642857142857116}
[BLOCKED] JUPTRY reason=insufficient_cash order=0.00 cash=0.00
[SIGNAL] 2026-08-12T08:59:59+00:00 PENGUTRY BUY fill_at=2026-08-12T09:04:59+00:00 features={"close": 0.3018, "bb_lower": 0.3025385202466287, "bb_upper": 0.3064329083247998, "rsi": 22.851434287839112, "mfi": 23.04094006350904, "atr": 0.0005642857142857076}
[BLOCKED] PENGUTRY reason=insufficient_cash order=0.00 cash=0.00
[SIGNAL] 2026-08-12T08:59:59+00:00 PEPETRY BUY fill_at=2026-08-12T09:04:59+00:00 features={"close": 0.00013425, "bb_lower": 0.0001344182751770819, "bb_upper": 0.00013547791529910856, "rsi": 26.89385767955278, "mfi": 24.43134444244052, "atr": 2.0428571428571306e-07}
[BLOCKED] PEPETRY reason=insufficient_cash order=0.00 cash=0.00
[SIGNAL] 2026-08-12T08:59:59+00:00 PORTALTRY BUY fill_at=2026-08-12T09:04:59+00:00 features={"close": 0.5156, "bb_lower": 0.5163288255312362, "bb_upper": 0.5235568887544781, "rsi": 29.236515006809327, "mfi": 22.52998612637481, "atr": 0.0013428571428571298}
[BLOCKED] PORTALTRY reason=insufficient_cash order=0.00 cash=0.00
[SIGNAL] 2026-08-12T08:59:59+00:00 TRBTRY BUY fill_at=2026-08-12T09:04:59+00:00 features={"close": 654.0, "bb_lower": 654.5584504903667, "bb_upper": 673.4415495096333, "rsi": 28.97755170758809, "mfi": 30.49480086508288, "atr": 1.6428571428571428}
[BLOCKED] TRBTRY reason=insufficient_cash order=0.00 cash=0.00
[SIGNAL] 2026-08-12T08:59:59+00:00 ZKTRY BUY fill_at=2026-08-12T09:04:59+00:00 features={"close": 0.348, "bb_lower": 0.34896615971580836, "bb_upper": 0.357510030760382, "rsi": 19.42356266545822, "mfi": 12.310840382722432, "atr": 0.0008571428571428579}
[BLOCKED] ZKTRY reason=insufficient_cash order=0.00 cash=0.00
[SCAN] 2026-08-12T09:04:59+00:00 symbols=312 signals=8 entries=0 exits=0 blocked=39 open=10 cash=0.00 equity=9507.38
[OPEN-MARKED] ACTTRY value=959.58 unrealized=-18.57
[OPEN-MARKED] BANKTRY value=1817.30 unrealized=-98.56
[OPEN-MARKED] LATRY value=912.19 unrealized=-50.63
[OPEN-MARKED] FLOKITRY value=937.04 unrealized=-14.87
[OPEN-MARKED] CHIPTRY value=930.47 unrealized=-14.34
[OPEN-MARKED] CTRY value=936.68 unrealized=-19.89
[OPEN-MARKED] PUMPTRY value=169.37 unrealized=-6.68
[OPEN-MARKED] BABYTRY value=963.18 unrealized=+8.46
[OPEN-MARKED] FETTRY value=948.25 unrealized=-5.75
[OPEN-MARKED] AUDIOTRY value=926.18 unrealized=-2.89
[COMPLETE] result=/mnt/d/scalperagent_v4/backend/portfolio-bb-mfi-v3-historical-activity-alltry-24h.json
RESULT_JSON={"initial_balance_try": 10000.0, "final_balance_try": 9485.999639, "net_pnl_try": -514.000361, "net_pnl_pct": -5.140004, "closed_trades": 28, "wins": 21, "losses": 7, "win_rate_pct": 75.0, "profit_factor": 0.472417, "fees_total_including_open_liquidation_try": 127.544188, "max_drawdown_pct": 5.540288, "active_symbols": ["0GTRY", "1000CATTRY", "1000SATSTRY", "1MBABYDOGETRY", "2ZTRY", "AAVETRY", "ACETRY", "ACHTRY", "ACMTRY", "ACTTRY", "ACXTRY", "ADATRY", "AEROTRY", "AEVOTRY", "AIGENSYNTRY", "AITRY", "AIXBTTRY", "ALGOTRY", "ALICETRY", "ALLOTRY", "ALPINETRY", "ALTTRY", "AMPTRY", "ANIMETRY", "ANKRTRY", "APETRY", "API3TRY", "APTTRY", "ARBTRY", "ARKMTRY", "ARKTRY", "ARPATRY", "ARTRY", "ASRTRY", "ASTERTRY", "ATMTRY", "ATOMTRY", "ATRY", "ATTRY", "AUCTIONTRY", "AUDIOTRY", "AVAXTRY", "AVNTTRY", "AXLTRY", "AXSTRY", "BABYTRY", "BANANATRY", "BANKTRY", "BARDTRY", "BARTRY", "BBTRY", "BCHTRY", "BEAMXTRY", "BELTRY", "BERATRY", "BIOTRY", "BLURTRY", "BMTTRY", "BNBTRY", "BOMETRY", "BONKTRY", "BREVTRY", "BTCTRY", "BTTCTRY", "CAKETRY", "CATITRY", "CELOTRY", "CETUSTRY", "CFGTRY", "CFXTRY", "CHIPTRY", "CHZTRY", "CITYTRY", "CKBTRY", "COMPTRY", "COTITRY", "COWTRY", "CRVTRY", "CTRY", "CYBERTRY", "DASHTRY", "DODOTRY", "DOGETRY", "DOGSTRY", "DOLOTRY", "DOTTRY", "DYDXTRY", "DYMTRY", "EDENTRY", "EDUTRY", "EGLDTRY", "EIGENTRY", "ENATRY", "ENJTRY", "ENSOTRY", "ENSTRY", "ERATRY", "ESPTRY", "ETCTRY", "ETHFITRY", "ETHTRY", "EULTRY", "FDUSDTRY", "FETTRY", "FFTRY", "FIDATRY", "FILTRY", "FLOKITRY", "FOGOTRY", "FORMTRY", "FTRY", "GALATRY", "GASTRY", "GENIUSTRY", "GIGGLETRY", "GMTTRY", "GPSTRY", "GRAMTRY", "GRTTRY", "GTRY", "GUNTRY", "HAEDALTRY", "HBARTRY", "HEITRY", "HEMITRY", "HIVETRY", "HMSTRTRY", "HOLOTRY", "HOMETRY", "HOTTRY", "HUMATRY", "HYPERTRY", "ICPTRY", "IDTRY", "INITTRY", "INJTRY", "IOTATRY", "IOTRY", "JASMYTRY", "JTOTRY", "JUPTRY", "JUVTRY", "KAITOTRY", "KATTRY", "KERNELTRY", "KITETRY", "KSMTRY", "LATRY", "LAYERTRY", "LAZIOTRY", "LDOTRY", "LINEATRY", "LINKTRY", "LISTATRY", "LPTTRY", "LTCTRY", "LUMIATRY", "LUNATRY", "LUNCTRY", "MAGICTRY", "MANATRY", "MANTATRY", "MANTRATRY", "MASKTRY", "MAVTRY", "MEGATRY", "MEMETRY", "METISTRY", "METRY", "METTRY", "MINATRY", "MIRATRY", "MITOTRY", "MMTTRY", "MORPHOTRY", "MOVRTRY", "MUBARAKTRY", "NEARTRY", "NEIROTRY", "NEOTRY", "NEWTTRY", "NIGHTTRY", "NILTRY", "NMRTRY", "NOMTRY", "NOTTRY", "NXPCTRY", "OGNTRY", "OGTRY", "ONDOTRY", "ONETRY", "ONTTRY", "OPENTRY", "OPGTRY", "OPNTRY", "OPTRY", "ORCATRY", "ORDITRY", "PARTITRY", "PAXGTRY", "PENDLETRY", "PENGUTRY", "PEOPLETRY", "PEPETRY", "PHATRY", "PIXELTRY", "PLUMETRY", "PNUTTRY", "POLTRY", "POLYXTRY", "PORTALTRY", "PORTOTRY", "PROVETRY", "PSGTRY", "PUMPTRY", "PYTHTRY", "QTUMTRY", "RADTRY", "RARETRY", "RAYTRY", "REDTRY", "RENDERTRY", "RESOLVTRY", "RETRY", "REZTRY", "ROBOTRY", "RONINTRY", "ROSETRY", "RSRTRY", "RVNTRY", "SAGATRY", "SAHARATRY", "SANDTRY", "SANTOSTRY", "SAPIENTRY", "SCRTRY", "SEITRY", "SENTTRY", "SHELLTRY", "SHIBTRY", "SIGNTRY", "SKLTRY", "SKYTRY", "SLPTRY", "SNXTRY", "SOLTRY", "SOLVTRY", "SOMITRY", "SOPHTRY", "SPELLTRY", "SPKTRY", "STOTRY", "STRAXTRY", "STRKTRY", "STRY", "STXTRY", "SUITRY", "SUNTRY", "SUPERTRY", "SUSHITRY", "SXTTRY", "SYRUPTRY", "TAOTRY", "THETATRY", "THETRY", "TIATRY", "TLMTRY", "TNSRTRY", "TOWNSTRY", "TRBTRY", "TREETRY", "TRUMPTRY", "TRXTRY", "TSTTRY", "TURBOTRY", "TURTLETRY", "TWTTRY", "UMATRY", "UNITRY", "USD1TRY", "USDCTRY", "USDTTRY", "USTCTRY", "USUALTRY", "UTRY", "VANATRY", "VANRYTRY", "VETTRY", "VICTRY", "VIRTUALTRY", "WALTRY", "WCTTRY", "WIFTRY", "WLDTRY", "WLFITRY", "WTRY", "XAITRY", "XAUTTRY", "XECTRY", "XLMTRY", "XPLTRY", "XRPTRY", "XTZTRY", "XVGTRY", "YBTRY", "ZAMATRY", "ZBTTRY", "ZILTRY", "ZKCTRY", "ZKPTRY", "ZKTRY", "ZROTRY"], "open_positions_excluded": [], "open_positions_marked": [{"symbol": "ACTTRY", "entry_time": 1786457099, "layers": 1, "mark_price": 0.493, "liquidation_fill": 0.49263025, "marked_value_try": 958.145042, "unrealized_pnl_try": -18.572902}, {"symbol": "BANKTRY", "entry_time": 1786484699, "layers": 2, "mark_price": 1.664, "liquidation_fill": 1.662752, "marked_value_try": 1814.578148, "unrealized_pnl_try": -98.556028}, {"symbol": "LATRY", "entry_time": 1786490699, "layers": 1, "mark_price": 2.36, "liquidation_fill": 2.35823, "marked_value_try": 910.826466, "unrealized_pnl_try": -50.630047}, {"symbol": "FLOKITRY", "entry_time": 1786500599, "layers": 1, "mark_price": 0.000971, "liquidation_fill": 0.00097027, "marked_value_try": 935.637252, "unrealized_pnl_try": -14.867054}, {"symbol": "CHIPTRY", "entry_time": 1786506299, "layers": 1, "mark_price": 1.0571, "liquidation_fill": 1.05630717, "marked_value_try": 929.071277, "unrealized_pnl_try": -14.343028}, {"symbol": "CTRY", "entry_time": 1786509299, "layers": 1, "mark_price": 3.118, "liquidation_fill": 3.1156615, "marked_value_try": 935.279596, "unrealized_pnl_try": -19.886586}, {"symbol": "PUMPTRY", "entry_time": 1786512599, "layers": 1, "mark_price": 0.1264, "liquidation_fill": 0.1263052, "marked_value_try": 169.111326, "unrealized_pnl_try": -6.676053}, {"symbol": "BABYTRY", "entry_time": 1786517999, "layers": 1, "mark_price": 0.604, "liquidation_fill": 0.603547, "marked_value_try": 961.732254, "unrealized_pnl_try": 8.458077}, {"symbol": "FETTRY", "entry_time": 1786517999, "layers": 1, "mark_price": 6.43, "liquidation_fill": 6.4251775, "marked_value_try": 946.830764, "unrealized_pnl_try": -5.749504}, {"symbol": "AUDIOTRY", "entry_time": 1786521599, "layers": 1, "mark_price": 0.5791, "liquidation_fill": 0.57866567, "marked_value_try": 924.787515, "unrealized_pnl_try": -2.88761}], "reconciliation": {"expected": 9485.999638, "actual": 9485.999639, "difference": 8.4e-07}}
