[START] strategy=BB_MFI_MEAN_REVERSION pine_version=v3 initial=10000.00 TRY window=2026-08-10T15:57:38+00:00..2026-08-12T15:57:38+00:00
[CONFIG] universe=312 source=BinanceTR-exchangeInfo order_pct=0.1000 pyramiding=2 max_positions=500 commission=0.001500 spread=0.001000 slippage=0.000250
[DATA] 0GTRY source=BinanceTR-public interval=5m candles=863
[DATA] 1000CATTRY source=BinanceTR-public interval=5m candles=863
[DATA] 1MBABYDOGETRY source=BinanceTR-public interval=5m candles=863
[DATA] 1000SATSTRY source=BinanceTR-public interval=5m candles=863
[DATA] AAVETRY source=BinanceTR-public interval=5m candles=863
[DATA] ACHTRY source=BinanceTR-public interval=5m candles=863
[DATA] 2ZTRY source=BinanceTR-public interval=5m candles=863
[DATA] ACTTRY source=BinanceTR-public interval=5m candles=863
[DATA] ACETRY source=BinanceTR-public interval=5m candles=863
[DATA] ACXTRY source=BinanceTR-public interval=5m candles=863
[DATA] AEROTRY source=BinanceTR-public interval=5m candles=863
[DATA] ADATRY source=BinanceTR-public interval=5m candles=863
[DATA] AITRY source=BinanceTR-public interval=5m candles=863
[DATA] AIXBTTRY source=BinanceTR-public interval=5m candles=863
[DATA] AIGENSYNTRY source=BinanceTR-public interval=5m candles=863
[DATA] ALGOTRY source=BinanceTR-public interval=5m candles=863
[DATA] AEVOTRY source=BinanceTR-public interval=5m candles=863
[DATA] ALPINETRY source=BinanceTR-public interval=5m candles=863
[DATA] ALICETRY source=BinanceTR-public interval=5m candles=863
[DATA] ALTTRY source=BinanceTR-public interval=5m candles=863
[DATA] ALLOTRY source=BinanceTR-public interval=5m candles=863
[DATA] AMPTRY source=BinanceTR-public interval=5m candles=863
[DATA] ANIMETRY source=BinanceTR-public interval=5m candles=863
[DATA] APETRY source=BinanceTR-public interval=5m candles=863
[DATA] ACMTRY source=BinanceTR-public interval=5m candles=863
[DATA] ANKRTRY source=BinanceTR-public interval=5m candles=863
[DATA] API3TRY source=BinanceTR-public interval=5m candles=863
[DATA] APTTRY source=BinanceTR-public interval=5m candles=863
[DATA] ARBTRY source=BinanceTR-public interval=5m candles=863
[DATA] ARKMTRY source=BinanceTR-public interval=5m candles=863
[DATA] ARKTRY source=BinanceTR-public interval=5m candles=863
[DATA] ARPATRY source=BinanceTR-public interval=5m candles=863
[DATA] ASTERTRY source=BinanceTR-public interval=5m candles=863
[DATA] ARTRY source=BinanceTR-public interval=5m candles=863
[DATA] ATOMTRY source=BinanceTR-public interval=5m candles=863
[DATA] ASRTRY source=BinanceTR-public interval=5m candles=863
[DATA] ATMTRY source=BinanceTR-public interval=5m candles=863
[DATA] AUCTIONTRY source=BinanceTR-public interval=5m candles=863
[DATA] ATRY source=BinanceTR-public interval=5m candles=863
[DATA] AVAXTRY source=BinanceTR-public interval=5m candles=863
[DATA] ATTRY source=BinanceTR-public interval=5m candles=863
[DATA] AUDIOTRY source=BinanceTR-public interval=5m candles=863
[DATA] AXLTRY source=BinanceTR-public interval=5m candles=863
[DATA] AVNTTRY source=BinanceTR-public interval=5m candles=863
[DATA] AXSTRY source=BinanceTR-public interval=5m candles=863
[DATA] BABYTRY source=BinanceTR-public interval=5m candles=863
[DATA] BANANATRY source=BinanceTR-public interval=5m candles=863
[DATA] BANKTRY source=BinanceTR-public interval=5m candles=863
[DATA] BARDTRY source=BinanceTR-public interval=5m candles=863
[DATA] BBTRY source=BinanceTR-public interval=5m candles=863
[DATA] BEAMXTRY source=BinanceTR-public interval=5m candles=863
[DATA] BCHTRY source=BinanceTR-public interval=5m candles=863
[DATA] BARTRY source=BinanceTR-public interval=5m candles=863
[DATA] BELTRY source=BinanceTR-public interval=5m candles=863
[DATA] BLURTRY source=BinanceTR-public interval=5m candles=863
[DATA] BERATRY source=BinanceTR-public interval=5m candles=863
[DATA] BIOTRY source=BinanceTR-public interval=5m candles=863
[DATA] BMTTRY source=BinanceTR-public interval=5m candles=863
[DATA] BOMETRY source=BinanceTR-public interval=5m candles=863
[DATA] BNBTRY source=BinanceTR-public interval=5m candles=863
[DATA] BREVTRY source=BinanceTR-public interval=5m candles=863
[DATA] BTCTRY source=BinanceTR-public interval=5m candles=863
[DATA] BONKTRY source=BinanceTR-public interval=5m candles=863
[DATA] CAKETRY source=BinanceTR-public interval=5m candles=863
[DATA] BTTCTRY source=BinanceTR-public interval=5m candles=863
[DATA] CELOTRY source=BinanceTR-public interval=5m candles=863
[DATA] CATITRY source=BinanceTR-public interval=5m candles=863
[DATA] CFGTRY source=BinanceTR-public interval=5m candles=863
[DATA] CETUSTRY source=BinanceTR-public interval=5m candles=863
[DATA] CHIPTRY source=BinanceTR-public interval=5m candles=863
[DATA] CFXTRY source=BinanceTR-public interval=5m candles=863
[DATA] CHZTRY source=BinanceTR-public interval=5m candles=863
[DATA] CITYTRY source=BinanceTR-public interval=5m candles=863
[DATA] CKBTRY source=BinanceTR-public interval=5m candles=863
[DATA] COWTRY source=BinanceTR-public interval=5m candles=863
[DATA] CRVTRY source=BinanceTR-public interval=5m candles=863
[DATA] CTRY source=BinanceTR-public interval=5m candles=863
[DATA] COTITRY source=BinanceTR-public interval=5m candles=863
[DATA] COMPTRY source=BinanceTR-public interval=5m candles=863
[DATA] DASHTRY source=BinanceTR-public interval=5m candles=863
[DATA] DOGETRY source=BinanceTR-public interval=5m candles=863
[DATA] DODOTRY source=BinanceTR-public interval=5m candles=863
[DATA] CYBERTRY source=BinanceTR-public interval=5m candles=863
[DATA] DOGSTRY source=BinanceTR-public interval=5m candles=863
[DATA] DOLOTRY source=BinanceTR-public interval=5m candles=863
[DATA] DYMTRY source=BinanceTR-public interval=5m candles=863
[DATA] DOTTRY source=BinanceTR-public interval=5m candles=863
[DATA] DYDXTRY source=BinanceTR-public interval=5m candles=863
[DATA] EGLDTRY source=BinanceTR-public interval=5m candles=863
[DATA] EDENTRY source=BinanceTR-public interval=5m candles=863
[DATA] ENATRY source=BinanceTR-public interval=5m candles=863
[DATA] EIGENTRY source=BinanceTR-public interval=5m candles=863
[DATA] ENSOTRY source=BinanceTR-public interval=5m candles=863
[DATA] EDUTRY source=BinanceTR-public interval=5m candles=863
[DATA] ENJTRY source=BinanceTR-public interval=5m candles=863
[DATA] ENSTRY source=BinanceTR-public interval=5m candles=863
[DATA] ESPTRY source=BinanceTR-public interval=5m candles=863
[DATA] ERATRY source=BinanceTR-public interval=5m candles=863
[DATA] ETCTRY source=BinanceTR-public interval=5m candles=863
[DATA] ETHFITRY source=BinanceTR-public interval=5m candles=863
[DATA] EULTRY source=BinanceTR-public interval=5m candles=863
[DATA] ETHTRY source=BinanceTR-public interval=5m candles=863
[DATA] FDUSDTRY source=BinanceTR-public interval=5m candles=863
[DATA] FILTRY source=BinanceTR-public interval=5m candles=863
[DATA] FETTRY source=BinanceTR-public interval=5m candles=863
[DATA] FFTRY source=BinanceTR-public interval=5m candles=863
[DATA] FLOKITRY source=BinanceTR-public interval=5m candles=863
[DATA] FIDATRY source=BinanceTR-public interval=5m candles=863
[DATA] FOGOTRY source=BinanceTR-public interval=5m candles=863
[DATA] FORMTRY source=BinanceTR-public interval=5m candles=863
[DATA] GALATRY source=BinanceTR-public interval=5m candles=863
[DATA] FTRY source=BinanceTR-public interval=5m candles=864
[DATA] GENIUSTRY source=BinanceTR-public interval=5m candles=864
[DATA] GMTTRY source=BinanceTR-public interval=5m candles=864
[DATA] GASTRY source=BinanceTR-public interval=5m candles=864
[DATA] GPSTRY source=BinanceTR-public interval=5m candles=864
[DATA] GRTTRY source=BinanceTR-public interval=5m candles=863
[DATA] GTRY source=BinanceTR-public interval=5m candles=863
[DATA] GRAMTRY source=BinanceTR-public interval=5m candles=863
[DATA] GUNTRY source=BinanceTR-public interval=5m candles=863
[DATA] HAEDALTRY source=BinanceTR-public interval=5m candles=863
[DATA] HBARTRY source=BinanceTR-public interval=5m candles=863
[DATA] HEITRY source=BinanceTR-public interval=5m candles=863
[DATA] HMSTRTRY source=BinanceTR-public interval=5m candles=863
[DATA] HEMITRY source=BinanceTR-public interval=5m candles=863
[DATA] GIGGLETRY source=BinanceTR-public interval=5m candles=864
[DATA] HIVETRY source=BinanceTR-public interval=5m candles=863
[DATA] HOLOTRY source=BinanceTR-public interval=5m candles=863
[DATA] HOTTRY source=BinanceTR-public interval=5m candles=863
[DATA] HOMETRY source=BinanceTR-public interval=5m candles=863
[DATA] HYPERTRY source=BinanceTR-public interval=5m candles=863
[DATA] HUMATRY source=BinanceTR-public interval=5m candles=863
[DATA] IDTRY source=BinanceTR-public interval=5m candles=863
[DATA] ICPTRY source=BinanceTR-public interval=5m candles=863
[DATA] INJTRY source=BinanceTR-public interval=5m candles=863
[DATA] IOTRY source=BinanceTR-public interval=5m candles=863
[DATA] INITTRY source=BinanceTR-public interval=5m candles=863
[DATA] IOTATRY source=BinanceTR-public interval=5m candles=863
[DATA] JTOTRY source=BinanceTR-public interval=5m candles=863
[DATA] JUPTRY source=BinanceTR-public interval=5m candles=863
[DATA] KAITOTRY source=BinanceTR-public interval=5m candles=863
[DATA] JASMYTRY source=BinanceTR-public interval=5m candles=863
[DATA] JUVTRY source=BinanceTR-public interval=5m candles=863
[DATA] KERNELTRY source=BinanceTR-public interval=5m candles=863
[DATA] KSMTRY source=BinanceTR-public interval=5m candles=863
[DATA] KATTRY source=BinanceTR-public interval=5m candles=863
[DATA] KITETRY source=BinanceTR-public interval=5m candles=863
[DATA] LAZIOTRY source=BinanceTR-public interval=5m candles=863
[DATA] LATRY source=BinanceTR-public interval=5m candles=863
[DATA] LDOTRY source=BinanceTR-public interval=5m candles=863
[DATA] LAYERTRY source=BinanceTR-public interval=5m candles=863
[DATA] LISTATRY source=BinanceTR-public interval=5m candles=863
[DATA] LINEATRY source=BinanceTR-public interval=5m candles=863
[DATA] LINKTRY source=BinanceTR-public interval=5m candles=863
[DATA] LUNATRY source=BinanceTR-public interval=5m candles=863
[DATA] LPTTRY source=BinanceTR-public interval=5m candles=863
[DATA] LTCTRY source=BinanceTR-public interval=5m candles=863
[DATA] MAGICTRY source=BinanceTR-public interval=5m candles=863
[DATA] LUMIATRY source=BinanceTR-public interval=5m candles=863
[DATA] LUNCTRY source=BinanceTR-public interval=5m candles=863
[DATA] MANTRATRY source=BinanceTR-public interval=5m candles=863
[DATA] MANATRY source=BinanceTR-public interval=5m candles=863
[DATA] MASKTRY source=BinanceTR-public interval=5m candles=863
[DATA] MANTATRY source=BinanceTR-public interval=5m candles=863
[DATA] MAVTRY source=BinanceTR-public interval=5m candles=863
[DATA] MEGATRY source=BinanceTR-public interval=5m candles=863
[DATA] METRY source=BinanceTR-public interval=5m candles=863
[DATA] METTRY source=BinanceTR-public interval=5m candles=863
[DATA] MINATRY source=BinanceTR-public interval=5m candles=863
[DATA] MEMETRY source=BinanceTR-public interval=5m candles=863
[DATA] MITOTRY source=BinanceTR-public interval=5m candles=863
[DATA] METISTRY source=BinanceTR-public interval=5m candles=863
[DATA] MIRATRY source=BinanceTR-public interval=5m candles=863
[DATA] MMTTRY source=BinanceTR-public interval=5m candles=863
[DATA] MOVRTRY source=BinanceTR-public interval=5m candles=863
[DATA] MORPHOTRY source=BinanceTR-public interval=5m candles=863
[DATA] MUBARAKTRY source=BinanceTR-public interval=5m candles=863
[DATA] NEOTRY source=BinanceTR-public interval=5m candles=863
[DATA] NEIROTRY source=BinanceTR-public interval=5m candles=863
[DATA] NEWTTRY source=BinanceTR-public interval=5m candles=863
[DATA] NEARTRY source=BinanceTR-public interval=5m candles=863
[DATA] NIGHTTRY source=BinanceTR-public interval=5m candles=863
[DATA] NILTRY source=BinanceTR-public interval=5m candles=863
[DATA] NMRTRY source=BinanceTR-public interval=5m candles=863
[DATA] NXPCTRY source=BinanceTR-public interval=5m candles=863
[DATA] NOMTRY source=BinanceTR-public interval=5m candles=863
[DATA] NOTTRY source=BinanceTR-public interval=5m candles=863
[DATA] OGNTRY source=BinanceTR-public interval=5m candles=863
[DATA] ONDOTRY source=BinanceTR-public interval=5m candles=863
[DATA] ONETRY source=BinanceTR-public interval=5m candles=863
[DATA] OGTRY source=BinanceTR-public interval=5m candles=863
[DATA] OPGTRY source=BinanceTR-public interval=5m candles=863
[DATA] ONTTRY source=BinanceTR-public interval=5m candles=863
[DATA] OPTRY source=BinanceTR-public interval=5m candles=863
[DATA] OPENTRY source=BinanceTR-public interval=5m candles=863
[DATA] ORDITRY source=BinanceTR-public interval=5m candles=863
[DATA] OPNTRY source=BinanceTR-public interval=5m candles=863
[DATA] PAXGTRY source=BinanceTR-public interval=5m candles=863
[DATA] ORCATRY source=BinanceTR-public interval=5m candles=863
[DATA] PENDLETRY source=BinanceTR-public interval=5m candles=863
[DATA] PEOPLETRY source=BinanceTR-public interval=5m candles=863
[DATA] PARTITRY source=BinanceTR-public interval=5m candles=863
[DATA] PEPETRY source=BinanceTR-public interval=5m candles=863
[DATA] PENGUTRY source=BinanceTR-public interval=5m candles=863
[DATA] PLUMETRY source=BinanceTR-public interval=5m candles=863
[DATA] PHATRY source=BinanceTR-public interval=5m candles=863
[DATA] PIXELTRY source=BinanceTR-public interval=5m candles=863
[DATA] POLTRY source=BinanceTR-public interval=5m candles=863
[DATA] PNUTTRY source=BinanceTR-public interval=5m candles=863
[DATA] PORTALTRY source=BinanceTR-public interval=5m candles=863
[DATA] PROVETRY source=BinanceTR-public interval=5m candles=863
[DATA] POLYXTRY source=BinanceTR-public interval=5m candles=863
[DATA] PSGTRY source=BinanceTR-public interval=5m candles=863
[DATA] PORTOTRY source=BinanceTR-public interval=5m candles=863
[DATA] QTUMTRY source=BinanceTR-public interval=5m candles=863
[DATA] PUMPTRY source=BinanceTR-public interval=5m candles=863
[DATA] RARETRY source=BinanceTR-public interval=5m candles=863
[DATA] PYTHTRY source=BinanceTR-public interval=5m candles=863
[DATA] RAYTRY source=BinanceTR-public interval=5m candles=863
[DATA] RADTRY source=BinanceTR-public interval=5m candles=863
[DATA] RESOLVTRY source=BinanceTR-public interval=5m candles=863
[DATA] RETRY source=BinanceTR-public interval=5m candles=863
[DATA] REZTRY source=BinanceTR-public interval=5m candles=863
[DATA] REDTRY source=BinanceTR-public interval=5m candles=863
[DATA] ROBOTRY source=BinanceTR-public interval=5m candles=863
[DATA] RONINTRY source=BinanceTR-public interval=5m candles=863
[DATA] RVNTRY source=BinanceTR-public interval=5m candles=863
[DATA] ROSETRY source=BinanceTR-public interval=5m candles=863
[DATA] SAGATRY source=BinanceTR-public interval=5m candles=863
[DATA] RSRTRY source=BinanceTR-public interval=5m candles=863
[DATA] SAHARATRY source=BinanceTR-public interval=5m candles=863
[DATA] SANDTRY source=BinanceTR-public interval=5m candles=863
[DATA] SAPIENTRY source=BinanceTR-public interval=5m candles=863
[DATA] SEITRY source=BinanceTR-public interval=5m candles=863
[DATA] SENTTRY source=BinanceTR-public interval=5m candles=863
[DATA] SANTOSTRY source=BinanceTR-public interval=5m candles=863
[DATA] SCRTRY source=BinanceTR-public interval=5m candles=863
[DATA] SHELLTRY source=BinanceTR-public interval=5m candles=863
[DATA] SHIBTRY source=BinanceTR-public interval=5m candles=863
[DATA] RENDERTRY source=BinanceTR-public interval=5m candles=863
[DATA] SIGNTRY source=BinanceTR-public interval=5m candles=863
[DATA] SKLTRY source=BinanceTR-public interval=5m candles=863
[DATA] SNXTRY source=BinanceTR-public interval=5m candles=863
[DATA] SKYTRY source=BinanceTR-public interval=5m candles=863
[DATA] SOLTRY source=BinanceTR-public interval=5m candles=863
[DATA] SLPTRY source=BinanceTR-public interval=5m candles=863
[DATA] SOPHTRY source=BinanceTR-public interval=5m candles=863
[DATA] SOLVTRY source=BinanceTR-public interval=5m candles=863
[DATA] SPELLTRY source=BinanceTR-public interval=5m candles=863
[DATA] SOMITRY source=BinanceTR-public interval=5m candles=863
[DATA] STOTRY source=BinanceTR-public interval=5m candles=863
[DATA] SPKTRY source=BinanceTR-public interval=5m candles=863
[DATA] STRY source=BinanceTR-public interval=5m candles=863
[DATA] STXTRY source=BinanceTR-public interval=5m candles=863
[DATA] STRAXTRY source=BinanceTR-public interval=5m candles=863
[DATA] STRKTRY source=BinanceTR-public interval=5m candles=863
[DATA] SUITRY source=BinanceTR-public interval=5m candles=863
[DATA] SUNTRY source=BinanceTR-public interval=5m candles=863
[DATA] SUPERTRY source=BinanceTR-public interval=5m candles=863
[DATA] SYRUPTRY source=BinanceTR-public interval=5m candles=863
[DATA] THETATRY source=BinanceTR-public interval=5m candles=863
[DATA] SUSHITRY source=BinanceTR-public interval=5m candles=863
[DATA] SXTTRY source=BinanceTR-public interval=5m candles=863
[DATA] TAOTRY source=BinanceTR-public interval=5m candles=863
[DATA] THETRY source=BinanceTR-public interval=5m candles=863
[DATA] TLMTRY source=BinanceTR-public interval=5m candles=863
[DATA] TIATRY source=BinanceTR-public interval=5m candles=863
[DATA] TNSRTRY source=BinanceTR-public interval=5m candles=863
[DATA] TOWNSTRY source=BinanceTR-public interval=5m candles=863
[DATA] TREETRY source=BinanceTR-public interval=5m candles=863
[DATA] TRUMPTRY source=BinanceTR-public interval=5m candles=863
[DATA] TRBTRY source=BinanceTR-public interval=5m candles=863
[DATA] TRXTRY source=BinanceTR-public interval=5m candles=863
[DATA] TSTTRY source=BinanceTR-public interval=5m candles=863
[DATA] TURTLETRY source=BinanceTR-public interval=5m candles=863
[DATA] TWTTRY source=BinanceTR-public interval=5m candles=863
[DATA] TURBOTRY source=BinanceTR-public interval=5m candles=863
[DATA] UNITRY source=BinanceTR-public interval=5m candles=863
[DATA] USD1TRY source=BinanceTR-public interval=5m candles=863
[DATA] UMATRY source=BinanceTR-public interval=5m candles=863
[DATA] USUALTRY source=BinanceTR-public interval=5m candles=863
[DATA] USDCTRY source=BinanceTR-public interval=5m candles=863
[DATA] UTRY source=BinanceTR-public interval=5m candles=863
[DATA] USDTTRY source=BinanceTR-public interval=5m candles=863
[DATA] USTCTRY source=BinanceTR-public interval=5m candles=863
[DATA] VANATRY source=BinanceTR-public interval=5m candles=863
[DATA] VANRYTRY source=BinanceTR-public interval=5m candles=863
[DATA] VETTRY source=BinanceTR-public interval=5m candles=863
[DATA] VICTRY source=BinanceTR-public interval=5m candles=863
[DATA] VIRTUALTRY source=BinanceTR-public interval=5m candles=863
[DATA] WIFTRY source=BinanceTR-public interval=5m candles=863
[DATA] WCTTRY source=BinanceTR-public interval=5m candles=863
[DATA] WALTRY source=BinanceTR-public interval=5m candles=863
[DATA] WLDTRY source=BinanceTR-public interval=5m candles=863
[DATA] WLFITRY source=BinanceTR-public interval=5m candles=863
[DATA] WTRY source=BinanceTR-public interval=5m candles=863
[DATA] XAUTTRY source=BinanceTR-public interval=5m candles=863
[DATA] XECTRY source=BinanceTR-public interval=5m candles=863
[DATA] XAITRY source=BinanceTR-public interval=5m candles=863
[DATA] XLMTRY source=BinanceTR-public interval=5m candles=863
[DATA] XPLTRY source=BinanceTR-public interval=5m candles=863
[DATA] XRPTRY source=BinanceTR-public interval=5m candles=863
[DATA] XVGTRY source=BinanceTR-public interval=5m candles=863
[DATA] YBTRY source=BinanceTR-public interval=5m candles=863
[DATA] ZBTTRY source=BinanceTR-public interval=5m candles=863
[DATA] XTZTRY source=BinanceTR-public interval=5m candles=863
[DATA] ZKCTRY source=BinanceTR-public interval=5m candles=863
[DATA] ZAMATRY source=BinanceTR-public interval=5m candles=863
[DATA] ZKPTRY source=BinanceTR-public interval=5m candles=863
[DATA] ZILTRY source=BinanceTR-public interval=5m candles=863
[DATA] ZKTRY source=BinanceTR-public interval=5m candles=863
[DATA] ZROTRY source=BinanceTR-public interval=5m candles=863
[ACTIVITY] 0GTRY status=PASSIVE metrics={"status": "PASSIVE", "quote_volume": 37773180.74, "range_15m_pct": 0.0, "atr_pct": 0.0941, "volume_ratio": 0.0, "spread_pct": 0.1317, "checks": {"quote_volume": true, "range_15m": false, "atr": false, "volume_ratio": false, "spread": true}, "reason": "movement_or_liquidity_below_threshold"}
[ACTIVITY] 1000CATTRY status=PASSIVE metrics={"status": "PASSIVE", "quote_volume": 4630650.98, "range_15m_pct": 0.0, "atr_pct": 0.2712, "volume_ratio": 0.0, "spread_pct": 1.2739, "checks": {"quote_volume": true, "range_15m": false, "atr": true, "volume_ratio": false, "spread": false}, "reason": "movement_or_liquidity_below_threshold"}
[ACTIVITY] 1000SATSTRY status=PASSIVE metrics={"status": "PASSIVE", "quote_volume": 5215963.73, "range_15m_pct": 0.0, "atr_pct": 0.0884, "volume_ratio": 0.0, "spread_pct": 0.206, "checks": {"quote_volume": true, "range_15m": false, "atr": false, "volume_ratio": false, "spread": true}, "reason": "movement_or_liquidity_below_threshold"}
[ACTIVITY] 1MBABYDOGETRY status=PASSIVE metrics={"status": "PASSIVE", "quote_volume": 16635928.98, "range_15m_pct": 0.0, "atr_pct": 0.0484, "volume_ratio": 0.0208, "spread_pct": 0.0615, "checks": {"quote_volume": true, "range_15m": false, "atr": false, "volume_ratio": false, "spread": true}, "reason": "movement_or_liquidity_below_threshold"}
[ACTIVITY] 2ZTRY status=PASSIVE metrics={"status": "PASSIVE", "quote_volume": 60647868.74, "range_15m_pct": 2.1887, "atr_pct": 4.641, "volume_ratio": 0.3177, "spread_pct": 0.544, "checks": {"quote_volume": true, "range_15m": true, "atr": true, "volume_ratio": false, "spread": false}, "reason": "movement_or_liquidity_below_threshold"}
[ACTIVITY] AAVETRY status=PASSIVE metrics={"status": "PASSIVE", "quote_volume": 6819245.99, "range_15m_pct": 0.0, "atr_pct": 0.0722, "volume_ratio": 0.0, "spread_pct": 0.0235, "checks": {"quote_volume": true, "range_15m": false, "atr": false, "volume_ratio": false, "spread": true}, "reason": "movement_or_liquidity_below_threshold"}
[ACTIVITY] ACETRY status=ACTIVE metrics={"status": "ACTIVE", "quote_volume": 185201773.21, "range_15m_pct": 2.6692, "atr_pct": 0.6399, "volume_ratio": 0.5077, "spread_pct": 0.0763, "checks": {"quote_volume": true, "range_15m": true, "atr": true, "volume_ratio": true, "spread": true}, "reason": "active"}
[ACTIVITY] ACHTRY status=PASSIVE metrics={"status": "PASSIVE", "quote_volume": 13982383.33, "range_15m_pct": 1.25, "atr_pct": 0.5459, "volume_ratio": 0.4688, "spread_pct": 0.0998, "checks": {"quote_volume": true, "range_15m": true, "atr": true, "volume_ratio": false, "spread": true}, "reason": "movement_or_liquidity_below_threshold"}
[ACTIVITY] ACMTRY status=PASSIVE metrics={"status": "PASSIVE", "quote_volume": 1569565.41, "range_15m_pct": 0.0, "atr_pct": 0.0, "volume_ratio": 0.0, "spread_pct": 0.7862, "checks": {"quote_volume": true, "range_15m": false, "atr": false, "volume_ratio": false, "spread": false}, "reason": "movement_or_liquidity_below_threshold"}
[ACTIVITY] ACTTRY status=PASSIVE metrics={"status": "PASSIVE", "quote_volume": 21899668.49, "range_15m_pct": 0.1039, "atr_pct": 0.132, "volume_ratio": 0.4085, "spread_pct": 0.1447, "checks": {"quote_volume": true, "range_15m": false, "atr": false, "volume_ratio": false, "spread": true}, "reason": "movement_or_liquidity_below_threshold"}
[ACTIVITY] ACXTRY status=PASSIVE metrics={"status": "PASSIVE", "quote_volume": 20519434.77, "range_15m_pct": 0.0, "atr_pct": 0.3588, "volume_ratio": 0.74, "spread_pct": 0.568, "checks": {"quote_volume": true, "range_15m": false, "atr": true, "volume_ratio": true, "spread": false}, "reason": "movement_or_liquidity_below_threshold"}
[ACTIVITY] ADATRY status=PASSIVE metrics={"status": "PASSIVE", "quote_volume": 22439094.77, "range_15m_pct": 0.3436, "atr_pct": 0.1064, "volume_ratio": 10.6451, "spread_pct": 0.1144, "checks": {"quote_volume": true, "range_15m": true, "atr": false, "volume_ratio": true, "spread": true}, "reason": "movement_or_liquidity_below_threshold"}
[ACTIVITY] AEROTRY status=PASSIVE metrics={"status": "PASSIVE", "quote_volume": 1002809.95, "range_15m_pct": 0.0, "atr_pct": 0.0718, "volume_ratio": 0.0, "spread_pct": 0.0504, "checks": {"quote_volume": true, "range_15m": false, "atr": false, "volume_ratio": false, "spread": true}, "reason": "movement_or_liquidity_below_threshold"}
[ACTIVITY] AEVOTRY status=PASSIVE metrics={"status": "PASSIVE", "quote_volume": 3005692.41, "range_15m_pct": 0.3247, "atr_pct": 0.0696, "volume_ratio": 0.3146, "spread_pct": 0.1082, "checks": {"quote_volume": true, "range_15m": true, "atr": false, "volume_ratio": false, "spread": true}, "reason": "movement_or_liquidity_below_threshold"}
[ACTIVITY] AIGENSYNTRY status=PASSIVE metrics={"status": "PASSIVE", "quote_volume": 30820042.27, "range_15m_pct": 1.0753, "atr_pct": 0.4599, "volume_ratio": 0.4369, "spread_pct": 0.1949, "checks": {"quote_volume": true, "range_15m": true, "atr": true, "volume_ratio": false, "spread": true}, "reason": "movement_or_liquidity_below_threshold"}
[ACTIVITY] AITRY status=PASSIVE metrics={"status": "PASSIVE", "quote_volume": 7381835.31, "range_15m_pct": 0.0, "atr_pct": 0.0871, "volume_ratio": 0.0, "spread_pct": 1.2121, "checks": {"quote_volume": true, "range_15m": false, "atr": false, "volume_ratio": false, "spread": false}, "reason": "movement_or_liquidity_below_threshold"}
[ACTIVITY] AIXBTTRY status=ACTIVE metrics={"status": "ACTIVE", "quote_volume": 24479790.1, "range_15m_pct": 1.5927, "atr_pct": 0.6853, "volume_ratio": 0.5065, "spread_pct": 0.226, "checks": {"quote_volume": true, "range_15m": true, "atr": true, "volume_ratio": true, "spread": true}, "reason": "active"}
[ACTIVITY] ALGOTRY status=PASSIVE metrics={"status": "PASSIVE", "quote_volume": 1193265.92, "range_15m_pct": 0.0, "atr_pct": 0.0607, "volume_ratio": 0.0, "spread_pct": 0.0797, "checks": {"quote_volume": true, "range_15m": false, "atr": false, "volume_ratio": false, "spread": true}, "reason": "movement_or_liquidity_below_threshold"}
[ACTIVITY] ALICETRY status=PASSIVE metrics={"status": "PASSIVE", "quote_volume": 11495113.82, "range_15m_pct": 0.0, "atr_pct": 0.0887, "volume_ratio": 4.3966, "spread_pct": 0.1775, "checks": {"quote_volume": true, "range_15m": false, "atr": false, "volume_ratio": true, "spread": true}, "reason": "movement_or_liquidity_below_threshold"}
[ACTIVITY] ALLOTRY status=PASSIVE metrics={"status": "PASSIVE", "quote_volume": 78160809.55, "range_15m_pct": 0.938, "atr_pct": 0.6751, "volume_ratio": 0.1, "spread_pct": 0.0723, "checks": {"quote_volume": true, "range_15m": true, "atr": true, "volume_ratio": false, "spread": true}, "reason": "movement_or_liquidity_below_threshold"}
[ACTIVITY] ALPINETRY status=PASSIVE metrics={"status": "PASSIVE", "quote_volume": 7920548.37, "range_15m_pct": 0.1982, "atr_pct": 0.1368, "volume_ratio": 0.1974, "spread_pct": 0.1319, "checks": {"quote_volume": true, "range_15m": true, "atr": false, "volume_ratio": false, "spread": true}, "reason": "movement_or_liquidity_below_threshold"}
[ACTIVITY] ALTTRY status=PASSIVE metrics={"status": "PASSIVE", "quote_volume": 4174154.31, "range_15m_pct": 0.0, "atr_pct": 0.2034, "volume_ratio": 0.0, "spread_pct": 0.3565, "checks": {"quote_volume": true, "range_15m": false, "atr": true, "volume_ratio": false, "spread": false}, "reason": "movement_or_liquidity_below_threshold"}
[ACTIVITY] AMPTRY status=PASSIVE metrics={"status": "PASSIVE", "quote_volume": 7042853.31, "range_15m_pct": 0.5525, "atr_pct": 0.157, "volume_ratio": 0.6878, "spread_pct": 0.551, "checks": {"quote_volume": true, "range_15m": true, "atr": true, "volume_ratio": true, "spread": false}, "reason": "movement_or_liquidity_below_threshold"}
[ACTIVITY] ANIMETRY status=PASSIVE metrics={"status": "PASSIVE", "quote_volume": 623709.01, "range_15m_pct": 0.0, "atr_pct": 0.0, "volume_ratio": 1.4691, "spread_pct": 0.8658, "checks": {"quote_volume": false, "range_15m": false, "atr": false, "volume_ratio": true, "spread": false}, "reason": "movement_or_liquidity_below_threshold"}
[ACTIVITY] ANKRTRY status=PASSIVE metrics={"status": "PASSIVE", "quote_volume": 1032722.71, "range_15m_pct": 0.1839, "atr_pct": 0.0745, "volume_ratio": 0.3475, "spread_pct": 0.184, "checks": {"quote_volume": true, "range_15m": true, "atr": false, "volume_ratio": false, "spread": true}, "reason": "movement_or_liquidity_below_threshold"}
[ACTIVITY] APETRY status=PASSIVE metrics={"status": "PASSIVE", "quote_volume": 3064427.61, "range_15m_pct": 0.4975, "atr_pct": 0.0829, "volume_ratio": 0.7639, "spread_pct": 0.1657, "checks": {"quote_volume": true, "range_15m": true, "atr": false, "volume_ratio": true, "spread": true}, "reason": "movement_or_liquidity_below_threshold"}
[ACTIVITY] API3TRY status=PASSIVE metrics={"status": "PASSIVE", "quote_volume": 4236582.66, "range_15m_pct": 0.0, "atr_pct": 0.0396, "volume_ratio": 0.0, "spread_pct": 0.1109, "checks": {"quote_volume": true, "range_15m": false, "atr": false, "volume_ratio": false, "spread": true}, "reason": "movement_or_liquidity_below_threshold"}
[ACTIVITY] APTTRY status=PASSIVE metrics={"status": "PASSIVE", "quote_volume": 5358798.26, "range_15m_pct": 0.3704, "atr_pct": 0.1323, "volume_ratio": 0.1765, "spread_pct": 0.3711, "checks": {"quote_volume": true, "range_15m": true, "atr": false, "volume_ratio": false, "spread": false}, "reason": "movement_or_liquidity_below_threshold"}
[ACTIVITY] ARBTRY status=PASSIVE metrics={"status": "PASSIVE", "quote_volume": 16962982.16, "range_15m_pct": 0.2681, "atr_pct": 0.134, "volume_ratio": 2.2559, "spread_pct": 0.2685, "checks": {"quote_volume": true, "range_15m": true, "atr": false, "volume_ratio": true, "spread": true}, "reason": "movement_or_liquidity_below_threshold"}
[ACTIVITY] ARKMTRY status=PASSIVE metrics={"status": "PASSIVE", "quote_volume": 4917913.98, "range_15m_pct": 0.291, "atr_pct": 0.1215, "volume_ratio": 0.1485, "spread_pct": 0.112, "checks": {"quote_volume": true, "range_15m": true, "atr": false, "volume_ratio": false, "spread": true}, "reason": "movement_or_liquidity_below_threshold"}
[ACTIVITY] ARKTRY status=PASSIVE metrics={"status": "PASSIVE", "quote_volume": 5142214.77, "range_15m_pct": 0.2315, "atr_pct": 0.0661, "volume_ratio": 3.1404, "spread_pct": 0.2307, "checks": {"quote_volume": true, "range_15m": true, "atr": false, "volume_ratio": true, "spread": true}, "reason": "movement_or_liquidity_below_threshold"}
[ACTIVITY] ARPATRY status=PASSIVE metrics={"status": "PASSIVE", "quote_volume": 2903663.03, "range_15m_pct": 0.0484, "atr_pct": 0.0483, "volume_ratio": 0.0, "spread_pct": 0.0968, "checks": {"quote_volume": true, "range_15m": false, "atr": false, "volume_ratio": false, "spread": true}, "reason": "movement_or_liquidity_below_threshold"}
[ACTIVITY] ARTRY status=PASSIVE metrics={"status": "PASSIVE", "quote_volume": 651991.72, "range_15m_pct": 0.2123, "atr_pct": 0.043, "volume_ratio": 0.0, "spread_pct": 0.1299, "checks": {"quote_volume": false, "range_15m": true, "atr": false, "volume_ratio": false, "spread": true}, "reason": "movement_or_liquidity_below_threshold"}
[ACTIVITY] ASRTRY status=PASSIVE metrics={"status": "PASSIVE", "quote_volume": 3948838.12, "range_15m_pct": 0.0245, "atr_pct": 0.0402, "volume_ratio": 4.8649, "spread_pct": 0.0979, "checks": {"quote_volume": true, "range_15m": false, "atr": false, "volume_ratio": true, "spread": true}, "reason": "movement_or_liquidity_below_threshold"}
[ACTIVITY] ASTERTRY status=PASSIVE metrics={"status": "PASSIVE", "quote_volume": 3830455.22, "range_15m_pct": 0.0, "atr_pct": 0.0025, "volume_ratio": 0.0, "spread_pct": 0.0697, "checks": {"quote_volume": true, "range_15m": false, "atr": false, "volume_ratio": false, "spread": true}, "reason": "movement_or_liquidity_below_threshold"}
[ACTIVITY] ATMTRY status=PASSIVE metrics={"status": "PASSIVE", "quote_volume": 54303609.07, "range_15m_pct": 2.5538, "atr_pct": 0.7332, "volume_ratio": 1.3796, "spread_pct": 0.5609, "checks": {"quote_volume": true, "range_15m": true, "atr": true, "volume_ratio": true, "spread": false}, "reason": "movement_or_liquidity_below_threshold"}
[ACTIVITY] ATOMTRY status=PASSIVE metrics={"status": "PASSIVE", "quote_volume": 2325262.35, "range_15m_pct": 0.1499, "atr_pct": 0.1178, "volume_ratio": 0.5431, "spread_pct": 0.15, "checks": {"quote_volume": true, "range_15m": false, "atr": false, "volume_ratio": true, "spread": true}, "reason": "movement_or_liquidity_below_threshold"}
[ACTIVITY] ATRY status=PASSIVE metrics={"status": "PASSIVE", "quote_volume": 502305.32, "range_15m_pct": 0.6667, "atr_pct": 0.0476, "volume_ratio": 9.7115, "spread_pct": 0.3339, "checks": {"quote_volume": false, "range_15m": true, "atr": false, "volume_ratio": true, "spread": false}, "reason": "movement_or_liquidity_below_threshold"}
[ACTIVITY] ATTRY status=PASSIVE metrics={"status": "PASSIVE", "quote_volume": 56111316.58, "range_15m_pct": 1.2691, "atr_pct": 0.5307, "volume_ratio": 0.1451, "spread_pct": 0.3062, "checks": {"quote_volume": true, "range_15m": true, "atr": true, "volume_ratio": false, "spread": false}, "reason": "movement_or_liquidity_below_threshold"}
[ACTIVITY] AUCTIONTRY status=PASSIVE metrics={"status": "PASSIVE", "quote_volume": 816664.5, "range_15m_pct": 0.0, "atr_pct": 0.0418, "volume_ratio": 0.0, "spread_pct": 0.0732, "checks": {"quote_volume": false, "range_15m": false, "atr": false, "volume_ratio": false, "spread": true}, "reason": "movement_or_liquidity_below_threshold"}
[ACTIVITY] AUDIOTRY status=PASSIVE metrics={"status": "PASSIVE", "quote_volume": 17775838.1, "range_15m_pct": 0.6389, "atr_pct": 0.139, "volume_ratio": 0.0, "spread_pct": 0.1554, "checks": {"quote_volume": true, "range_15m": true, "atr": false, "volume_ratio": false, "spread": true}, "reason": "movement_or_liquidity_below_threshold"}
[ACTIVITY] AVAXTRY status=ACTIVE metrics={"status": "ACTIVE", "quote_volume": 94501586.63, "range_15m_pct": 0.2631, "atr_pct": 0.1925, "volume_ratio": 2.2264, "spread_pct": 0.0328, "checks": {"quote_volume": true, "range_15m": true, "atr": true, "volume_ratio": true, "spread": true}, "reason": "active"}
[ACTIVITY] AVNTTRY status=PASSIVE metrics={"status": "PASSIVE", "quote_volume": 5767782.22, "range_15m_pct": 0.4651, "atr_pct": 0.1495, "volume_ratio": 1.0624, "spread_pct": 0.2323, "checks": {"quote_volume": true, "range_15m": true, "atr": false, "volume_ratio": true, "spread": true}, "reason": "movement_or_liquidity_below_threshold"}
[ACTIVITY] AXLTRY status=PASSIVE metrics={"status": "PASSIVE", "quote_volume": 370925.89, "range_15m_pct": 0.0, "atr_pct": 0.1671, "volume_ratio": 0.0, "spread_pct": 0.5831, "checks": {"quote_volume": false, "range_15m": false, "atr": true, "volume_ratio": false, "spread": false}, "reason": "movement_or_liquidity_below_threshold"}
[ACTIVITY] AXSTRY status=PASSIVE metrics={"status": "PASSIVE", "quote_volume": 1958649.36, "range_15m_pct": 0.0, "atr_pct": 0.1208, "volume_ratio": 0.0, "spread_pct": 0.2418, "checks": {"quote_volume": true, "range_15m": false, "atr": false, "volume_ratio": false, "spread": true}, "reason": "movement_or_liquidity_below_threshold"}
[ACTIVITY] BABYTRY status=PASSIVE metrics={"status": "PASSIVE", "quote_volume": 27344137.39, "range_15m_pct": 0.9862, "atr_pct": 0.5776, "volume_ratio": 0.9006, "spread_pct": 0.3953, "checks": {"quote_volume": true, "range_15m": true, "atr": true, "volume_ratio": true, "spread": false}, "reason": "movement_or_liquidity_below_threshold"}
[ACTIVITY] BANANATRY status=PASSIVE metrics={"status": "PASSIVE", "quote_volume": 16305318.97, "range_15m_pct": 1.676, "atr_pct": 1.3966, "volume_ratio": 0.0785, "spread_pct": 0.5634, "checks": {"quote_volume": true, "range_15m": true, "atr": true, "volume_ratio": false, "spread": false}, "reason": "movement_or_liquidity_below_threshold"}
[ACTIVITY] BANKTRY status=ACTIVE metrics={"status": "ACTIVE", "quote_volume": 237522017.95, "range_15m_pct": 0.8069, "atr_pct": 0.7344, "volume_ratio": 1.0447, "spread_pct": 0.0574, "checks": {"quote_volume": true, "range_15m": true, "atr": true, "volume_ratio": true, "spread": true}, "reason": "active"}
[ACTIVITY] BARDTRY status=PASSIVE metrics={"status": "PASSIVE", "quote_volume": 2769670.65, "range_15m_pct": 0.3802, "atr_pct": 0.2309, "volume_ratio": 0.021, "spread_pct": 0.1892, "checks": {"quote_volume": true, "range_15m": true, "atr": true, "volume_ratio": false, "spread": true}, "reason": "movement_or_liquidity_below_threshold"}
[ACTIVITY] BARTRY status=PASSIVE metrics={"status": "PASSIVE", "quote_volume": 5667081.08, "range_15m_pct": 0.1595, "atr_pct": 0.1138, "volume_ratio": 2.3128, "spread_pct": 0.1591, "checks": {"quote_volume": true, "range_15m": true, "atr": false, "volume_ratio": true, "spread": true}, "reason": "movement_or_liquidity_below_threshold"}
[ACTIVITY] BBTRY status=PASSIVE metrics={"status": "PASSIVE", "quote_volume": 30272657.22, "range_15m_pct": 0.5705, "atr_pct": 0.4703, "volume_ratio": 0.1529, "spread_pct": 0.1072, "checks": {"quote_volume": true, "range_15m": true, "atr": true, "volume_ratio": false, "spread": true}, "reason": "movement_or_liquidity_below_threshold"}
[ACTIVITY] BCHTRY status=PASSIVE metrics={"status": "PASSIVE", "quote_volume": 545265.72, "range_15m_pct": 0.0, "atr_pct": 0.0217, "volume_ratio": 0.0, "spread_pct": 0.0392, "checks": {"quote_volume": false, "range_15m": false, "atr": false, "volume_ratio": false, "spread": true}, "reason": "movement_or_liquidity_below_threshold"}
[ACTIVITY] BEAMXTRY status=PASSIVE metrics={"status": "PASSIVE", "quote_volume": 1072867.45, "range_15m_pct": 0.4651, "atr_pct": 0.0773, "volume_ratio": 0.0, "spread_pct": 0.1547, "checks": {"quote_volume": true, "range_15m": true, "atr": false, "volume_ratio": false, "spread": true}, "reason": "movement_or_liquidity_below_threshold"}
[ACTIVITY] BELTRY status=PASSIVE metrics={"status": "PASSIVE", "quote_volume": 24511482.65, "range_15m_pct": 0.4049, "atr_pct": 0.1446, "volume_ratio": 0.0, "spread_pct": 0.2022, "checks": {"quote_volume": true, "range_15m": true, "atr": false, "volume_ratio": false, "spread": true}, "reason": "movement_or_liquidity_below_threshold"}
[ACTIVITY] BERATRY status=PASSIVE metrics={"status": "PASSIVE", "quote_volume": 12211640.4, "range_15m_pct": 0.5102, "atr_pct": 0.1218, "volume_ratio": 1.0366, "spread_pct": 0.1168, "checks": {"quote_volume": true, "range_15m": true, "atr": false, "volume_ratio": true, "spread": true}, "reason": "movement_or_liquidity_below_threshold"}
[ACTIVITY] BIOTRY status=PASSIVE metrics={"status": "PASSIVE", "quote_volume": 15013871.55, "range_15m_pct": 0.2582, "atr_pct": 0.1045, "volume_ratio": 0.3144, "spread_pct": 0.086, "checks": {"quote_volume": true, "range_15m": true, "atr": false, "volume_ratio": false, "spread": true}, "reason": "movement_or_liquidity_below_threshold"}
[ACTIVITY] BLURTRY status=PASSIVE metrics={"status": "PASSIVE", "quote_volume": 2668127.1, "range_15m_pct": 0.314, "atr_pct": 0.0561, "volume_ratio": 2.7997, "spread_pct": 0.3145, "checks": {"quote_volume": true, "range_15m": true, "atr": false, "volume_ratio": true, "spread": false}, "reason": "movement_or_liquidity_below_threshold"}
[ACTIVITY] BMTTRY status=ACTIVE metrics={"status": "ACTIVE", "quote_volume": 298518702.71, "range_15m_pct": 3.8323, "atr_pct": 0.9385, "volume_ratio": 3.2763, "spread_pct": 0.1153, "checks": {"quote_volume": true, "range_15m": true, "atr": true, "volume_ratio": true, "spread": true}, "reason": "active"}
[ACTIVITY] BNBTRY status=PASSIVE metrics={"status": "PASSIVE", "quote_volume": 21132295.54, "range_15m_pct": 0.0824, "atr_pct": 0.0584, "volume_ratio": 0.4466, "spread_pct": 0.0137, "checks": {"quote_volume": true, "range_15m": false, "atr": false, "volume_ratio": false, "spread": true}, "reason": "movement_or_liquidity_below_threshold"}
[ACTIVITY] BOMETRY status=ACTIVE metrics={"status": "ACTIVE", "quote_volume": 24252392.99, "range_15m_pct": 0.7157, "atr_pct": 0.3697, "volume_ratio": 3.695, "spread_pct": 0.0548, "checks": {"quote_volume": true, "range_15m": true, "atr": true, "volume_ratio": true, "spread": true}, "reason": "active"}
[ACTIVITY] BONKTRY status=ACTIVE metrics={"status": "ACTIVE", "quote_volume": 63097460.68, "range_15m_pct": 0.2806, "atr_pct": 0.2003, "volume_ratio": 1.8971, "spread_pct": 0.0934, "checks": {"quote_volume": true, "range_15m": true, "atr": true, "volume_ratio": true, "spread": true}, "reason": "active"}
[ACTIVITY] BREVTRY status=PASSIVE metrics={"status": "PASSIVE", "quote_volume": 396361.36, "range_15m_pct": 0.0, "atr_pct": 0.043, "volume_ratio": 0.0, "spread_pct": 0.3017, "checks": {"quote_volume": false, "range_15m": false, "atr": false, "volume_ratio": false, "spread": false}, "reason": "movement_or_liquidity_below_threshold"}
[ACTIVITY] BTCTRY status=PASSIVE metrics={"status": "PASSIVE", "quote_volume": 139355273.45, "range_15m_pct": 0.1205, "atr_pct": 0.0782, "volume_ratio": 0.7344, "spread_pct": 0.0, "checks": {"quote_volume": true, "range_15m": false, "atr": false, "volume_ratio": true, "spread": true}, "reason": "movement_or_liquidity_below_threshold"}
[ACTIVITY] BTTCTRY status=PASSIVE metrics={"status": "PASSIVE", "quote_volume": 1518727.18, "range_15m_pct": 0.0801, "atr_pct": 0.0114, "volume_ratio": 0.0, "spread_pct": 0.16, "checks": {"quote_volume": true, "range_15m": false, "atr": false, "volume_ratio": false, "spread": true}, "reason": "movement_or_liquidity_below_threshold"}
[ACTIVITY] CAKETRY status=PASSIVE metrics={"status": "PASSIVE", "quote_volume": 1282401.59, "range_15m_pct": 0.087, "atr_pct": 0.0124, "volume_ratio": 0.0, "spread_pct": 0.0725, "checks": {"quote_volume": true, "range_15m": false, "atr": false, "volume_ratio": false, "spread": true}, "reason": "movement_or_liquidity_below_threshold"}
[ACTIVITY] CATITRY status=PASSIVE metrics={"status": "PASSIVE", "quote_volume": 2576011.29, "range_15m_pct": 0.9411, "atr_pct": 0.1415, "volume_ratio": 16.2997, "spread_pct": 0.2473, "checks": {"quote_volume": true, "range_15m": true, "atr": false, "volume_ratio": true, "spread": true}, "reason": "movement_or_liquidity_below_threshold"}
[ACTIVITY] CELOTRY status=PASSIVE metrics={"status": "PASSIVE", "quote_volume": 206551.22, "range_15m_pct": 0.3401, "atr_pct": 0.0242, "volume_ratio": 0.0, "spread_pct": 0.068, "checks": {"quote_volume": false, "range_15m": true, "atr": false, "volume_ratio": false, "spread": true}, "reason": "movement_or_liquidity_below_threshold"}
[ACTIVITY] CETUSTRY status=PASSIVE metrics={"status": "PASSIVE", "quote_volume": 6165619.83, "range_15m_pct": 0.3254, "atr_pct": 0.0774, "volume_ratio": 0.2015, "spread_pct": 0.1082, "checks": {"quote_volume": true, "range_15m": true, "atr": false, "volume_ratio": false, "spread": true}, "reason": "movement_or_liquidity_below_threshold"}
[ACTIVITY] CFGTRY status=PASSIVE metrics={"status": "PASSIVE", "quote_volume": 3683745.7, "range_15m_pct": 0.4865, "atr_pct": 0.1149, "volume_ratio": 0.7181, "spread_pct": 0.0811, "checks": {"quote_volume": true, "range_15m": true, "atr": false, "volume_ratio": true, "spread": true}, "reason": "movement_or_liquidity_below_threshold"}
[ACTIVITY] CFXTRY status=PASSIVE metrics={"status": "PASSIVE", "quote_volume": 1794967.11, "range_15m_pct": 0.2043, "atr_pct": 0.0839, "volume_ratio": 0.6767, "spread_pct": 0.0511, "checks": {"quote_volume": true, "range_15m": true, "atr": false, "volume_ratio": true, "spread": true}, "reason": "movement_or_liquidity_below_threshold"}
[ACTIVITY] CHIPTRY status=PASSIVE metrics={"status": "PASSIVE", "quote_volume": 40533733.79, "range_15m_pct": 0.5086, "atr_pct": 0.9091, "volume_ratio": 0.1797, "spread_pct": 0.0726, "checks": {"quote_volume": true, "range_15m": true, "atr": true, "volume_ratio": false, "spread": true}, "reason": "movement_or_liquidity_below_threshold"}
[ACTIVITY] CHZTRY status=PASSIVE metrics={"status": "PASSIVE", "quote_volume": 31022228.05, "range_15m_pct": 0.1678, "atr_pct": 0.0959, "volume_ratio": 0.3916, "spread_pct": 0.1676, "checks": {"quote_volume": true, "range_15m": true, "atr": false, "volume_ratio": false, "spread": true}, "reason": "movement_or_liquidity_below_threshold"}
[ACTIVITY] CITYTRY status=PASSIVE metrics={"status": "PASSIVE", "quote_volume": 2186763.78, "range_15m_pct": 0.0, "atr_pct": 0.0413, "volume_ratio": 0.0, "spread_pct": 0.5797, "checks": {"quote_volume": true, "range_15m": false, "atr": false, "volume_ratio": false, "spread": false}, "reason": "movement_or_liquidity_below_threshold"}
[ACTIVITY] CKBTRY status=PASSIVE metrics={"status": "PASSIVE", "quote_volume": 500407.31, "range_15m_pct": 0.0, "atr_pct": 0.0542, "volume_ratio": 0.0, "spread_pct": 0.2535, "checks": {"quote_volume": false, "range_15m": false, "atr": false, "volume_ratio": false, "spread": true}, "reason": "movement_or_liquidity_below_threshold"}
[ACTIVITY] COMPTRY status=PASSIVE metrics={"status": "PASSIVE", "quote_volume": 132907.32, "range_15m_pct": 0.0, "atr_pct": 0.0, "volume_ratio": 0.0, "spread_pct": 0.1293, "checks": {"quote_volume": false, "range_15m": false, "atr": false, "volume_ratio": false, "spread": true}, "reason": "movement_or_liquidity_below_threshold"}
[ACTIVITY] COTITRY status=PASSIVE metrics={"status": "PASSIVE", "quote_volume": 190043090.85, "range_15m_pct": 6.0341, "atr_pct": 4.9764, "volume_ratio": 0.1941, "spread_pct": 0.7447, "checks": {"quote_volume": true, "range_15m": true, "atr": true, "volume_ratio": false, "spread": false}, "reason": "movement_or_liquidity_below_threshold"}
[ACTIVITY] COWTRY status=PASSIVE metrics={"status": "PASSIVE", "quote_volume": 467334.71, "range_15m_pct": 0.2049, "atr_pct": 0.0293, "volume_ratio": 0.1166, "spread_pct": 0.2047, "checks": {"quote_volume": false, "range_15m": true, "atr": false, "volume_ratio": false, "spread": true}, "reason": "movement_or_liquidity_below_threshold"}
[ACTIVITY] CRVTRY status=PASSIVE metrics={"status": "PASSIVE", "quote_volume": 36331177.95, "range_15m_pct": 0.2349, "atr_pct": 0.2679, "volume_ratio": 0.1574, "spread_pct": 0.1564, "checks": {"quote_volume": true, "range_15m": true, "atr": true, "volume_ratio": false, "spread": true}, "reason": "movement_or_liquidity_below_threshold"}
[ACTIVITY] CTRY status=PASSIVE metrics={"status": "PASSIVE", "quote_volume": 11059161.51, "range_15m_pct": 0.1015, "atr_pct": 0.1014, "volume_ratio": 0.0, "spread_pct": 0.2028, "checks": {"quote_volume": true, "range_15m": false, "atr": false, "volume_ratio": false, "spread": true}, "reason": "movement_or_liquidity_below_threshold"}
[ACTIVITY] CYBERTRY status=PASSIVE metrics={"status": "PASSIVE", "quote_volume": 2545732.92, "range_15m_pct": 0.6944, "atr_pct": 0.1478, "volume_ratio": 3.5502, "spread_pct": 0.692, "checks": {"quote_volume": true, "range_15m": true, "atr": false, "volume_ratio": true, "spread": false}, "reason": "movement_or_liquidity_below_threshold"}
[ACTIVITY] DASHTRY status=PASSIVE metrics={"status": "PASSIVE", "quote_volume": 5578550.94, "range_15m_pct": 0.0, "atr_pct": 0.0785, "volume_ratio": 0.0, "spread_pct": 0.0688, "checks": {"quote_volume": true, "range_15m": false, "atr": false, "volume_ratio": false, "spread": true}, "reason": "movement_or_liquidity_below_threshold"}
[ACTIVITY] DODOTRY status=PASSIVE metrics={"status": "PASSIVE", "quote_volume": 313788665.68, "range_15m_pct": 3.0244, "atr_pct": 1.0343, "volume_ratio": 0.4797, "spread_pct": 0.3309, "checks": {"quote_volume": true, "range_15m": true, "atr": true, "volume_ratio": false, "spread": false}, "reason": "movement_or_liquidity_below_threshold"}
[ACTIVITY] DOGETRY status=PASSIVE metrics={"status": "PASSIVE", "quote_volume": 78028332.7, "range_15m_pct": 0.1483, "atr_pct": 0.0763, "volume_ratio": 3.1804, "spread_pct": 0.0297, "checks": {"quote_volume": true, "range_15m": false, "atr": false, "volume_ratio": true, "spread": true}, "reason": "movement_or_liquidity_below_threshold"}
[ACTIVITY] DOGSTRY status=PASSIVE metrics={"status": "PASSIVE", "quote_volume": 3803244.28, "range_15m_pct": 0.3021, "atr_pct": 0.1252, "volume_ratio": 1.4088, "spread_pct": 0.0604, "checks": {"quote_volume": true, "range_15m": true, "atr": false, "volume_ratio": true, "spread": true}, "reason": "movement_or_liquidity_below_threshold"}
[ACTIVITY] DOLOTRY status=PASSIVE metrics={"status": "PASSIVE", "quote_volume": 4696102.36, "range_15m_pct": 0.0, "atr_pct": 0.0861, "volume_ratio": 0.0, "spread_pct": 0.1857, "checks": {"quote_volume": true, "range_15m": false, "atr": false, "volume_ratio": false, "spread": true}, "reason": "movement_or_liquidity_below_threshold"}
[ACTIVITY] DOTTRY status=PASSIVE metrics={"status": "PASSIVE", "quote_volume": 3962021.05, "range_15m_pct": 0.0, "atr_pct": 0.0191, "volume_ratio": 0.0, "spread_pct": 0.2685, "checks": {"quote_volume": true, "range_15m": false, "atr": false, "volume_ratio": false, "spread": true}, "reason": "movement_or_liquidity_below_threshold"}
[ACTIVITY] DYDXTRY status=PASSIVE metrics={"status": "PASSIVE", "quote_volume": 1751583.51, "range_15m_pct": 0.0193, "atr_pct": 0.1271, "volume_ratio": 0.0, "spread_pct": 0.1159, "checks": {"quote_volume": true, "range_15m": false, "atr": false, "volume_ratio": false, "spread": true}, "reason": "movement_or_liquidity_below_threshold"}
[ACTIVITY] DYMTRY status=ACTIVE metrics={"status": "ACTIVE", "quote_volume": 6731002.94, "range_15m_pct": 0.3824, "atr_pct": 0.1513, "volume_ratio": 3.1727, "spread_pct": 0.1175, "checks": {"quote_volume": true, "range_15m": true, "atr": true, "volume_ratio": true, "spread": true}, "reason": "active"}
[ACTIVITY] EDENTRY status=ACTIVE metrics={"status": "ACTIVE", "quote_volume": 23732908.54, "range_15m_pct": 1.6981, "atr_pct": 0.52, "volume_ratio": 4.0233, "spread_pct": 0.14, "checks": {"quote_volume": true, "range_15m": true, "atr": true, "volume_ratio": true, "spread": true}, "reason": "active"}
[ACTIVITY] EDUTRY status=PASSIVE metrics={"status": "PASSIVE", "quote_volume": 29069968.46, "range_15m_pct": 0.5236, "atr_pct": 0.2976, "volume_ratio": 3.943, "spread_pct": 0.5168, "checks": {"quote_volume": true, "range_15m": true, "atr": true, "volume_ratio": true, "spread": false}, "reason": "movement_or_liquidity_below_threshold"}
[ACTIVITY] EGLDTRY status=PASSIVE metrics={"status": "PASSIVE", "quote_volume": 1415855.97, "range_15m_pct": 0.1576, "atr_pct": 0.045, "volume_ratio": 0.0, "spread_pct": 0.1575, "checks": {"quote_volume": true, "range_15m": true, "atr": false, "volume_ratio": false, "spread": true}, "reason": "movement_or_liquidity_below_threshold"}
[ACTIVITY] EIGENTRY status=PASSIVE metrics={"status": "PASSIVE", "quote_volume": 24057485.14, "range_15m_pct": 0.1939, "atr_pct": 0.2165, "volume_ratio": 0.1726, "spread_pct": 0.0725, "checks": {"quote_volume": true, "range_15m": true, "atr": true, "volume_ratio": false, "spread": true}, "reason": "movement_or_liquidity_below_threshold"}
[ACTIVITY] ENATRY status=ACTIVE metrics={"status": "ACTIVE", "quote_volume": 60747447.37, "range_15m_pct": 0.574, "atr_pct": 0.1657, "volume_ratio": 2.0316, "spread_pct": 0.0239, "checks": {"quote_volume": true, "range_15m": true, "atr": true, "volume_ratio": true, "spread": true}, "reason": "active"}
[ACTIVITY] ENJTRY status=PASSIVE metrics={"status": "PASSIVE", "quote_volume": 11176118.45, "range_15m_pct": 0.5, "atr_pct": 0.6358, "volume_ratio": 0.1267, "spread_pct": 0.1653, "checks": {"quote_volume": true, "range_15m": true, "atr": true, "volume_ratio": false, "spread": true}, "reason": "movement_or_liquidity_below_threshold"}
[ACTIVITY] ENSOTRY status=PASSIVE metrics={"status": "PASSIVE", "quote_volume": 9052597.67, "range_15m_pct": 0.2242, "atr_pct": 0.1281, "volume_ratio": 0.0, "spread_pct": 0.225, "checks": {"quote_volume": true, "range_15m": true, "atr": false, "volume_ratio": false, "spread": true}, "reason": "movement_or_liquidity_below_threshold"}
[ACTIVITY] ENSTRY status=PASSIVE metrics={"status": "PASSIVE", "quote_volume": 2699987.75, "range_15m_pct": 0.2546, "atr_pct": 0.069, "volume_ratio": 0.0515, "spread_pct": 0.1019, "checks": {"quote_volume": true, "range_15m": true, "atr": false, "volume_ratio": false, "spread": true}, "reason": "movement_or_liquidity_below_threshold"}
[ACTIVITY] ERATRY status=PASSIVE metrics={"status": "PASSIVE", "quote_volume": 5075996.67, "range_15m_pct": 0.3289, "atr_pct": 0.0705, "volume_ratio": 0.2251, "spread_pct": 0.3295, "checks": {"quote_volume": true, "range_15m": true, "atr": false, "volume_ratio": false, "spread": false}, "reason": "movement_or_liquidity_below_threshold"}
[ACTIVITY] ESPTRY status=PASSIVE metrics={"status": "PASSIVE", "quote_volume": 32040628.59, "range_15m_pct": 0.3837, "atr_pct": 0.2424, "volume_ratio": 0.3334, "spread_pct": 0.0295, "checks": {"quote_volume": true, "range_15m": true, "atr": true, "volume_ratio": false, "spread": true}, "reason": "movement_or_liquidity_below_threshold"}
[ACTIVITY] ETCTRY status=PASSIVE metrics={"status": "PASSIVE", "quote_volume": 276072.48, "range_15m_pct": 0.0, "atr_pct": 0.0, "volume_ratio": 0.0, "spread_pct": 0.1328, "checks": {"quote_volume": false, "range_15m": false, "atr": false, "volume_ratio": false, "spread": true}, "reason": "movement_or_liquidity_below_threshold"}
[ACTIVITY] ETHFITRY status=ACTIVE metrics={"status": "ACTIVE", "quote_volume": 26579765.91, "range_15m_pct": 0.3308, "atr_pct": 0.1847, "volume_ratio": 2.192, "spread_pct": 0.055, "checks": {"quote_volume": true, "range_15m": true, "atr": true, "volume_ratio": true, "spread": true}, "reason": "active"}
[ACTIVITY] ETHTRY status=PASSIVE metrics={"status": "PASSIVE", "quote_volume": 212809497.48, "range_15m_pct": 0.1345, "atr_pct": 0.1028, "volume_ratio": 1.193, "spread_pct": 0.0011, "checks": {"quote_volume": true, "range_15m": false, "atr": false, "volume_ratio": true, "spread": true}, "reason": "movement_or_liquidity_below_threshold"}
[ACTIVITY] EULTRY status=PASSIVE metrics={"status": "PASSIVE", "quote_volume": 19102811.49, "range_15m_pct": 0.703, "atr_pct": 0.8396, "volume_ratio": 0.0026, "spread_pct": 0.1741, "checks": {"quote_volume": true, "range_15m": true, "atr": true, "volume_ratio": false, "spread": true}, "reason": "movement_or_liquidity_below_threshold"}
[ACTIVITY] FDUSDTRY status=PASSIVE metrics={"status": "PASSIVE", "quote_volume": 4998808.46, "range_15m_pct": 0.021, "atr_pct": 0.0075, "volume_ratio": 0.7884, "spread_pct": 0.021, "checks": {"quote_volume": true, "range_15m": false, "atr": false, "volume_ratio": true, "spread": true}, "reason": "movement_or_liquidity_below_threshold"}
[ACTIVITY] FETTRY status=ACTIVE metrics={"status": "ACTIVE", "quote_volume": 27149945.05, "range_15m_pct": 0.468, "atr_pct": 0.2452, "volume_ratio": 0.7848, "spread_pct": 0.1556, "checks": {"quote_volume": true, "range_15m": true, "atr": true, "volume_ratio": true, "spread": true}, "reason": "active"}
[ACTIVITY] FFTRY status=PASSIVE metrics={"status": "PASSIVE", "quote_volume": 2441254.44, "range_15m_pct": 0.0, "atr_pct": 0.0233, "volume_ratio": 0.0, "spread_pct": 0.0651, "checks": {"quote_volume": true, "range_15m": false, "atr": false, "volume_ratio": false, "spread": true}, "reason": "movement_or_liquidity_below_threshold"}
[ACTIVITY] FIDATRY status=PASSIVE metrics={"status": "PASSIVE", "quote_volume": 7319516.27, "range_15m_pct": 0.119, "atr_pct": 0.0595, "volume_ratio": 0.0809, "spread_pct": 0.1191, "checks": {"quote_volume": true, "range_15m": false, "atr": false, "volume_ratio": false, "spread": true}, "reason": "movement_or_liquidity_below_threshold"}
[ACTIVITY] FILTRY status=PASSIVE metrics={"status": "PASSIVE", "quote_volume": 4162565.55, "range_15m_pct": 0.0904, "atr_pct": 0.0387, "volume_ratio": 0.2973, "spread_pct": 0.1509, "checks": {"quote_volume": true, "range_15m": false, "atr": false, "volume_ratio": false, "spread": true}, "reason": "movement_or_liquidity_below_threshold"}
[ACTIVITY] FLOKITRY status=PASSIVE metrics={"status": "PASSIVE", "quote_volume": 13225256.8, "range_15m_pct": 0.2062, "atr_pct": 0.1031, "volume_ratio": 0.0523, "spread_pct": 0.1028, "checks": {"quote_volume": true, "range_15m": true, "atr": false, "volume_ratio": false, "spread": true}, "reason": "movement_or_liquidity_below_threshold"}
[ACTIVITY] FOGOTRY status=PASSIVE metrics={"status": "PASSIVE", "quote_volume": 3411761.5, "range_15m_pct": 0.2387, "atr_pct": 0.0852, "volume_ratio": 0.3054, "spread_pct": 0.2384, "checks": {"quote_volume": true, "range_15m": true, "atr": false, "volume_ratio": false, "spread": true}, "reason": "movement_or_liquidity_below_threshold"}
[ACTIVITY] FORMTRY status=PASSIVE metrics={"status": "PASSIVE", "quote_volume": 7992480.05, "range_15m_pct": 0.5808, "atr_pct": 0.373, "volume_ratio": 0.1023, "spread_pct": 0.0969, "checks": {"quote_volume": true, "range_15m": true, "atr": true, "volume_ratio": false, "spread": true}, "reason": "movement_or_liquidity_below_threshold"}
[ACTIVITY] FTRY status=ACTIVE metrics={"status": "ACTIVE", "quote_volume": 3632645.5, "range_15m_pct": 1.5186, "atr_pct": 0.3068, "volume_ratio": 2.7637, "spread_pct": 0.2263, "checks": {"quote_volume": true, "range_15m": true, "atr": true, "volume_ratio": true, "spread": true}, "reason": "active"}
[ACTIVITY] GALATRY status=PASSIVE metrics={"status": "PASSIVE", "quote_volume": 10814736.53, "range_15m_pct": 0.8728, "atr_pct": 0.1334, "volume_ratio": 12.5665, "spread_pct": 0.1245, "checks": {"quote_volume": true, "range_15m": true, "atr": false, "volume_ratio": true, "spread": true}, "reason": "movement_or_liquidity_below_threshold"}
[ACTIVITY] GASTRY status=PASSIVE metrics={"status": "PASSIVE", "quote_volume": 431587.54, "range_15m_pct": 0.0, "atr_pct": 0.0324, "volume_ratio": 0.0, "spread_pct": 0.2265, "checks": {"quote_volume": false, "range_15m": false, "atr": false, "volume_ratio": false, "spread": true}, "reason": "movement_or_liquidity_below_threshold"}
[ACTIVITY] GENIUSTRY status=PASSIVE metrics={"status": "PASSIVE", "quote_volume": 15014766.35, "range_15m_pct": 0.4343, "atr_pct": 0.3249, "volume_ratio": 0.2694, "spread_pct": 0.1623, "checks": {"quote_volume": true, "range_15m": true, "atr": true, "volume_ratio": false, "spread": true}, "reason": "movement_or_liquidity_below_threshold"}
[ACTIVITY] GIGGLETRY status=PASSIVE metrics={"status": "PASSIVE", "quote_volume": 111710578.82, "range_15m_pct": 0.5294, "atr_pct": 0.4522, "volume_ratio": 0.1774, "spread_pct": 0.0587, "checks": {"quote_volume": true, "range_15m": true, "atr": true, "volume_ratio": false, "spread": true}, "reason": "movement_or_liquidity_below_threshold"}
[ACTIVITY] GMTTRY status=PASSIVE metrics={"status": "PASSIVE", "quote_volume": 1142423.96, "range_15m_pct": 0.641, "atr_pct": 0.0916, "volume_ratio": 0.226, "spread_pct": 0.32, "checks": {"quote_volume": true, "range_15m": true, "atr": false, "volume_ratio": false, "spread": false}, "reason": "movement_or_liquidity_below_threshold"}
[ACTIVITY] GPSTRY status=PASSIVE metrics={"status": "PASSIVE", "quote_volume": 7386560.52, "range_15m_pct": 0.0, "atr_pct": 0.0472, "volume_ratio": 0.0, "spread_pct": 0.22, "checks": {"quote_volume": true, "range_15m": false, "atr": false, "volume_ratio": false, "spread": true}, "reason": "movement_or_liquidity_below_threshold"}
[ACTIVITY] GRAMTRY status=PASSIVE metrics={"status": "PASSIVE", "quote_volume": 18867187.93, "range_15m_pct": 0.188, "atr_pct": 0.0906, "volume_ratio": 0.4827, "spread_pct": 0.0157, "checks": {"quote_volume": true, "range_15m": true, "atr": false, "volume_ratio": false, "spread": true}, "reason": "movement_or_liquidity_below_threshold"}
[ACTIVITY] GRTTRY status=ACTIVE metrics={"status": "ACTIVE", "quote_volume": 3807700.64, "range_15m_pct": 0.3067, "atr_pct": 0.1531, "volume_ratio": 2.1056, "spread_pct": 0.153, "checks": {"quote_volume": true, "range_15m": true, "atr": true, "volume_ratio": true, "spread": true}, "reason": "active"}
[ACTIVITY] GTRY status=PASSIVE metrics={"status": "PASSIVE", "quote_volume": 3031075.43, "range_15m_pct": 0.0, "atr_pct": 0.0418, "volume_ratio": 0.0, "spread_pct": 0.5865, "checks": {"quote_volume": true, "range_15m": false, "atr": false, "volume_ratio": false, "spread": false}, "reason": "movement_or_liquidity_below_threshold"}
[ACTIVITY] GUNTRY status=PASSIVE metrics={"status": "PASSIVE", "quote_volume": 33625359.06, "range_15m_pct": 0.6757, "atr_pct": 0.2397, "volume_ratio": 1.5787, "spread_pct": 0.6734, "checks": {"quote_volume": true, "range_15m": true, "atr": true, "volume_ratio": true, "spread": false}, "reason": "movement_or_liquidity_below_threshold"}
[ACTIVITY] HAEDALTRY status=PASSIVE metrics={"status": "PASSIVE", "quote_volume": 5000908.28, "range_15m_pct": 0.1264, "atr_pct": 0.0541, "volume_ratio": 0.0, "spread_pct": 0.1263, "checks": {"quote_volume": true, "range_15m": false, "atr": false, "volume_ratio": false, "spread": true}, "reason": "movement_or_liquidity_below_threshold"}
[ACTIVITY] HBARTRY status=PASSIVE metrics={"status": "PASSIVE", "quote_volume": 2624791.02, "range_15m_pct": 0.1271, "atr_pct": 0.0318, "volume_ratio": 0.0, "spread_pct": 0.0318, "checks": {"quote_volume": true, "range_15m": false, "atr": false, "volume_ratio": false, "spread": true}, "reason": "movement_or_liquidity_below_threshold"}
[ACTIVITY] HEITRY status=PASSIVE metrics={"status": "PASSIVE", "quote_volume": 239081050.76, "range_15m_pct": 1.2329, "atr_pct": 0.9548, "volume_ratio": 0.3761, "spread_pct": 0.0922, "checks": {"quote_volume": true, "range_15m": true, "atr": true, "volume_ratio": false, "spread": true}, "reason": "movement_or_liquidity_below_threshold"}
[ACTIVITY] HEMITRY status=PASSIVE metrics={"status": "PASSIVE", "quote_volume": 21220918.16, "range_15m_pct": 0.3089, "atr_pct": 0.154, "volume_ratio": 0.1169, "spread_pct": 0.044, "checks": {"quote_volume": true, "range_15m": true, "atr": true, "volume_ratio": false, "spread": true}, "reason": "movement_or_liquidity_below_threshold"}
[ACTIVITY] HIVETRY status=PASSIVE metrics={"status": "PASSIVE", "quote_volume": 540249.54, "range_15m_pct": 0.0, "atr_pct": 0.0, "volume_ratio": 0.0, "spread_pct": 0.5249, "checks": {"quote_volume": false, "range_15m": false, "atr": false, "volume_ratio": false, "spread": false}, "reason": "movement_or_liquidity_below_threshold"}
[ACTIVITY] HMSTRTRY status=PASSIVE metrics={"status": "PASSIVE", "quote_volume": 33231733.72, "range_15m_pct": 0.4711, "atr_pct": 0.2017, "volume_ratio": 0.0677, "spread_pct": 0.1176, "checks": {"quote_volume": true, "range_15m": true, "atr": true, "volume_ratio": false, "spread": true}, "reason": "movement_or_liquidity_below_threshold"}
[ACTIVITY] HOLOTRY status=ACTIVE metrics={"status": "ACTIVE", "quote_volume": 584485755.34, "range_15m_pct": 1.7353, "atr_pct": 0.7677, "volume_ratio": 2.448, "spread_pct": 0.0867, "checks": {"quote_volume": true, "range_15m": true, "atr": true, "volume_ratio": true, "spread": true}, "reason": "active"}
[ACTIVITY] HOMETRY status=ACTIVE metrics={"status": "ACTIVE", "quote_volume": 139803787.15, "range_15m_pct": 1.4118, "atr_pct": 0.6961, "volume_ratio": 0.7221, "spread_pct": 0.2323, "checks": {"quote_volume": true, "range_15m": true, "atr": true, "volume_ratio": true, "spread": true}, "reason": "active"}
[ACTIVITY] HOTTRY status=PASSIVE metrics={"status": "PASSIVE", "quote_volume": 5603671.07, "range_15m_pct": 0.1917, "atr_pct": 0.0867, "volume_ratio": 0.8578, "spread_pct": 0.0638, "checks": {"quote_volume": true, "range_15m": true, "atr": false, "volume_ratio": true, "spread": true}, "reason": "movement_or_liquidity_below_threshold"}
[ACTIVITY] HUMATRY status=PASSIVE metrics={"status": "PASSIVE", "quote_volume": 3301275.0, "range_15m_pct": 0.0, "atr_pct": 0.015, "volume_ratio": 0.0, "spread_pct": 0.2107, "checks": {"quote_volume": true, "range_15m": false, "atr": false, "volume_ratio": false, "spread": true}, "reason": "movement_or_liquidity_below_threshold"}
[ACTIVITY] HYPERTRY status=PASSIVE metrics={"status": "PASSIVE", "quote_volume": 18026418.66, "range_15m_pct": 0.0, "atr_pct": 0.0937, "volume_ratio": 0.0, "spread_pct": 0.3273, "checks": {"quote_volume": true, "range_15m": false, "atr": false, "volume_ratio": false, "spread": false}, "reason": "movement_or_liquidity_below_threshold"}
[ACTIVITY] ICPTRY status=PASSIVE metrics={"status": "PASSIVE", "quote_volume": 3097886.0, "range_15m_pct": 0.0, "atr_pct": 0.1025, "volume_ratio": 0.0, "spread_pct": 0.0959, "checks": {"quote_volume": true, "range_15m": false, "atr": false, "volume_ratio": false, "spread": true}, "reason": "movement_or_liquidity_below_threshold"}
[ACTIVITY] IDTRY status=PASSIVE metrics={"status": "PASSIVE", "quote_volume": 14000983.39, "range_15m_pct": 0.0, "atr_pct": 0.0843, "volume_ratio": 0.0, "spread_pct": 0.0739, "checks": {"quote_volume": true, "range_15m": false, "atr": false, "volume_ratio": false, "spread": true}, "reason": "movement_or_liquidity_below_threshold"}
[ACTIVITY] INITTRY status=PASSIVE metrics={"status": "PASSIVE", "quote_volume": 973798.5, "range_15m_pct": 0.0, "atr_pct": 0.1446, "volume_ratio": 0.2425, "spread_pct": 0.4057, "checks": {"quote_volume": false, "range_15m": false, "atr": false, "volume_ratio": false, "spread": false}, "reason": "movement_or_liquidity_below_threshold"}
[ACTIVITY] INJTRY status=PASSIVE metrics={"status": "PASSIVE", "quote_volume": 30257374.88, "range_15m_pct": 0.1364, "atr_pct": 0.0876, "volume_ratio": 0.3756, "spread_pct": 0.0454, "checks": {"quote_volume": true, "range_15m": false, "atr": false, "volume_ratio": false, "spread": true}, "reason": "movement_or_liquidity_below_threshold"}
[ACTIVITY] IOTATRY status=PASSIVE metrics={"status": "PASSIVE", "quote_volume": 3306443.84, "range_15m_pct": 0.061, "atr_pct": 0.061, "volume_ratio": 0.0202, "spread_pct": 0.3654, "checks": {"quote_volume": true, "range_15m": false, "atr": false, "volume_ratio": false, "spread": false}, "reason": "movement_or_liquidity_below_threshold"}
[ACTIVITY] IOTRY status=PASSIVE metrics={"status": "PASSIVE", "quote_volume": 5013018.7, "range_15m_pct": 0.3847, "atr_pct": 0.153, "volume_ratio": 0.1991, "spread_pct": 0.1099, "checks": {"quote_volume": true, "range_15m": true, "atr": true, "volume_ratio": false, "spread": true}, "reason": "movement_or_liquidity_below_threshold"}
[ACTIVITY] JASMYTRY status=PASSIVE metrics={"status": "PASSIVE", "quote_volume": 2881610.72, "range_15m_pct": 0.5236, "atr_pct": 0.1122, "volume_ratio": 0.0, "spread_pct": 0.5222, "checks": {"quote_volume": true, "range_15m": true, "atr": false, "volume_ratio": false, "spread": false}, "reason": "movement_or_liquidity_below_threshold"}
[ACTIVITY] JTOTRY status=PASSIVE metrics={"status": "PASSIVE", "quote_volume": 10796751.11, "range_15m_pct": 0.2639, "atr_pct": 0.2176, "volume_ratio": 0.3826, "spread_pct": 0.0752, "checks": {"quote_volume": true, "range_15m": true, "atr": true, "volume_ratio": false, "spread": true}, "reason": "movement_or_liquidity_below_threshold"}
[ACTIVITY] JUPTRY status=PASSIVE metrics={"status": "PASSIVE", "quote_volume": 1393267.85, "range_15m_pct": 0.3704, "atr_pct": 0.0529, "volume_ratio": 0.4786, "spread_pct": 0.2466, "checks": {"quote_volume": true, "range_15m": true, "atr": false, "volume_ratio": false, "spread": true}, "reason": "movement_or_liquidity_below_threshold"}
[ACTIVITY] JUVTRY status=PASSIVE metrics={"status": "PASSIVE", "quote_volume": 6048990.32, "range_15m_pct": 0.4844, "atr_pct": 0.069, "volume_ratio": 0.0, "spread_pct": 0.1379, "checks": {"quote_volume": true, "range_15m": true, "atr": false, "volume_ratio": false, "spread": true}, "reason": "movement_or_liquidity_below_threshold"}
[ACTIVITY] KAITOTRY status=PASSIVE metrics={"status": "PASSIVE", "quote_volume": 109456541.21, "range_15m_pct": 2.2883, "atr_pct": 0.955, "volume_ratio": 1.1417, "spread_pct": 0.3271, "checks": {"quote_volume": true, "range_15m": true, "atr": true, "volume_ratio": true, "spread": false}, "reason": "movement_or_liquidity_below_threshold"}
[ACTIVITY] KATTRY status=PASSIVE metrics={"status": "PASSIVE", "quote_volume": 5801805.63, "range_15m_pct": 0.1414, "atr_pct": 0.0976, "volume_ratio": 0.6086, "spread_pct": 0.0943, "checks": {"quote_volume": true, "range_15m": false, "atr": false, "volume_ratio": true, "spread": true}, "reason": "movement_or_liquidity_below_threshold"}
[ACTIVITY] KERNELTRY status=PASSIVE metrics={"status": "PASSIVE", "quote_volume": 7428548.65, "range_15m_pct": 0.578, "atr_pct": 0.1239, "volume_ratio": 8.8123, "spread_pct": 0.5764, "checks": {"quote_volume": true, "range_15m": true, "atr": false, "volume_ratio": true, "spread": false}, "reason": "movement_or_liquidity_below_threshold"}
[ACTIVITY] KITETRY status=PASSIVE metrics={"status": "PASSIVE", "quote_volume": 5390207.27, "range_15m_pct": 0.0, "atr_pct": 0.0344, "volume_ratio": 0.0, "spread_pct": 0.0628, "checks": {"quote_volume": true, "range_15m": false, "atr": false, "volume_ratio": false, "spread": true}, "reason": "movement_or_liquidity_below_threshold"}
[ACTIVITY] KSMTRY status=PASSIVE metrics={"status": "PASSIVE", "quote_volume": 552135.67, "range_15m_pct": 0.0, "atr_pct": 0.0, "volume_ratio": 0.0, "spread_pct": 0.7168, "checks": {"quote_volume": false, "range_15m": false, "atr": false, "volume_ratio": false, "spread": false}, "reason": "movement_or_liquidity_below_threshold"}
[ACTIVITY] LATRY status=PASSIVE metrics={"status": "PASSIVE", "quote_volume": 14374011.14, "range_15m_pct": 0.0, "atr_pct": 0.1216, "volume_ratio": 8.5574, "spread_pct": 0.4246, "checks": {"quote_volume": true, "range_15m": false, "atr": false, "volume_ratio": true, "spread": false}, "reason": "movement_or_liquidity_below_threshold"}
[ACTIVITY] LAYERTRY status=PASSIVE metrics={"status": "PASSIVE", "quote_volume": 10752597.14, "range_15m_pct": 0.3546, "atr_pct": 0.152, "volume_ratio": 0.2905, "spread_pct": 0.354, "checks": {"quote_volume": true, "range_15m": true, "atr": true, "volume_ratio": false, "spread": false}, "reason": "movement_or_liquidity_below_threshold"}
[ACTIVITY] LAZIOTRY status=PASSIVE metrics={"status": "PASSIVE", "quote_volume": 2753460.31, "range_15m_pct": 0.0, "atr_pct": 0.0693, "volume_ratio": 0.0, "spread_pct": 0.4837, "checks": {"quote_volume": true, "range_15m": false, "atr": false, "volume_ratio": false, "spread": false}, "reason": "movement_or_liquidity_below_threshold"}
[ACTIVITY] LDOTRY status=PASSIVE metrics={"status": "PASSIVE", "quote_volume": 11135422.27, "range_15m_pct": 0.365, "atr_pct": 0.1147, "volume_ratio": 1.0495, "spread_pct": 0.073, "checks": {"quote_volume": true, "range_15m": true, "atr": false, "volume_ratio": true, "spread": true}, "reason": "movement_or_liquidity_below_threshold"}
[ACTIVITY] LINEATRY status=PASSIVE metrics={"status": "PASSIVE", "quote_volume": 1794118.39, "range_15m_pct": 0.0, "atr_pct": 0.0623, "volume_ratio": 0.0, "spread_pct": 0.097, "checks": {"quote_volume": true, "range_15m": false, "atr": false, "volume_ratio": false, "spread": true}, "reason": "movement_or_liquidity_below_threshold"}
[ACTIVITY] LINKTRY status=PASSIVE metrics={"status": "PASSIVE", "quote_volume": 17348758.61, "range_15m_pct": 0.1915, "atr_pct": 0.0889, "volume_ratio": 0.2552, "spread_pct": 0.0239, "checks": {"quote_volume": true, "range_15m": true, "atr": false, "volume_ratio": false, "spread": true}, "reason": "movement_or_liquidity_below_threshold"}
[ACTIVITY] LISTATRY status=PASSIVE metrics={"status": "PASSIVE", "quote_volume": 9579906.16, "range_15m_pct": 0.3236, "atr_pct": 0.0691, "volume_ratio": 0.4578, "spread_pct": 0.3221, "checks": {"quote_volume": true, "range_15m": true, "atr": false, "volume_ratio": false, "spread": false}, "reason": "movement_or_liquidity_below_threshold"}
[ACTIVITY] LPTTRY status=PASSIVE metrics={"status": "PASSIVE", "quote_volume": 1662745.52, "range_15m_pct": 0.0, "atr_pct": 0.0371, "volume_ratio": 0.0, "spread_pct": 0.1732, "checks": {"quote_volume": true, "range_15m": false, "atr": false, "volume_ratio": false, "spread": true}, "reason": "movement_or_liquidity_below_threshold"}
[ACTIVITY] LTCTRY status=PASSIVE metrics={"status": "PASSIVE", "quote_volume": 2134023.27, "range_15m_pct": 0.0465, "atr_pct": 0.0398, "volume_ratio": 0.0, "spread_pct": 0.0465, "checks": {"quote_volume": true, "range_15m": false, "atr": false, "volume_ratio": false, "spread": true}, "reason": "movement_or_liquidity_below_threshold"}
[ACTIVITY] LUMIATRY status=PASSIVE metrics={"status": "PASSIVE", "quote_volume": 2220317.85, "range_15m_pct": 0.8732, "atr_pct": 0.2636, "volume_ratio": 0.0022, "spread_pct": 0.1974, "checks": {"quote_volume": true, "range_15m": true, "atr": true, "volume_ratio": false, "spread": true}, "reason": "movement_or_liquidity_below_threshold"}
[ACTIVITY] LUNATRY status=PASSIVE metrics={"status": "PASSIVE", "quote_volume": 183628001.64, "range_15m_pct": 0.1454, "atr_pct": 0.2628, "volume_ratio": 0.2473, "spread_pct": 0.0484, "checks": {"quote_volume": true, "range_15m": false, "atr": true, "volume_ratio": false, "spread": true}, "reason": "movement_or_liquidity_below_threshold"}
[ACTIVITY] LUNCTRY status=PASSIVE metrics={"status": "PASSIVE", "quote_volume": 65068702.9, "range_15m_pct": 0.3796, "atr_pct": 0.1324, "volume_ratio": 0.2082, "spread_pct": 0.0421, "checks": {"quote_volume": true, "range_15m": true, "atr": false, "volume_ratio": false, "spread": true}, "reason": "movement_or_liquidity_below_threshold"}
[ACTIVITY] MAGICTRY status=PASSIVE metrics={"status": "PASSIVE", "quote_volume": 2697089.57, "range_15m_pct": 0.0, "atr_pct": 0.0752, "volume_ratio": 0.0, "spread_pct": 0.5249, "checks": {"quote_volume": true, "range_15m": false, "atr": false, "volume_ratio": false, "spread": false}, "reason": "movement_or_liquidity_below_threshold"}
[ACTIVITY] MANATRY status=PASSIVE metrics={"status": "PASSIVE", "quote_volume": 1210582.31, "range_15m_pct": 0.0, "atr_pct": 0.0458, "volume_ratio": 0.0, "spread_pct": 0.3221, "checks": {"quote_volume": true, "range_15m": false, "atr": false, "volume_ratio": false, "spread": false}, "reason": "movement_or_liquidity_below_threshold"}
[ACTIVITY] MANTATRY status=PASSIVE metrics={"status": "PASSIVE", "quote_volume": 758208.15, "range_15m_pct": 0.2921, "atr_pct": 0.065, "volume_ratio": 0.0, "spread_pct": 0.0728, "checks": {"quote_volume": false, "range_15m": true, "atr": false, "volume_ratio": false, "spread": true}, "reason": "movement_or_liquidity_below_threshold"}
[ACTIVITY] MANTRATRY status=PASSIVE metrics={"status": "PASSIVE", "quote_volume": 6197688.26, "range_15m_pct": 0.6507, "atr_pct": 0.0784, "volume_ratio": 4.2261, "spread_pct": 0.122, "checks": {"quote_volume": true, "range_15m": true, "atr": false, "volume_ratio": true, "spread": true}, "reason": "movement_or_liquidity_below_threshold"}
[ACTIVITY] MASKTRY status=PASSIVE metrics={"status": "PASSIVE", "quote_volume": 451816.36, "range_15m_pct": 0.0, "atr_pct": 0.0337, "volume_ratio": 0.0, "spread_pct": 0.1771, "checks": {"quote_volume": false, "range_15m": false, "atr": false, "volume_ratio": false, "spread": true}, "reason": "movement_or_liquidity_below_threshold"}
[ACTIVITY] MAVTRY status=PASSIVE metrics={"status": "PASSIVE", "quote_volume": 15561554.56, "range_15m_pct": 2.439, "atr_pct": 0.3484, "volume_ratio": 0.0342, "spread_pct": 2.4096, "checks": {"quote_volume": true, "range_15m": true, "atr": true, "volume_ratio": false, "spread": false}, "reason": "movement_or_liquidity_below_threshold"}
[ACTIVITY] MEGATRY status=ACTIVE metrics={"status": "ACTIVE", "quote_volume": 12681025.25, "range_15m_pct": 0.3213, "atr_pct": 0.1696, "volume_ratio": 11.9254, "spread_pct": 0.1283, "checks": {"quote_volume": true, "range_15m": true, "atr": true, "volume_ratio": true, "spread": true}, "reason": "active"}
[ACTIVITY] MEMETRY status=PASSIVE metrics={"status": "PASSIVE", "quote_volume": 3935742.11, "range_15m_pct": 0.4274, "atr_pct": 0.1526, "volume_ratio": 0.0, "spread_pct": 0.4246, "checks": {"quote_volume": true, "range_15m": true, "atr": true, "volume_ratio": false, "spread": false}, "reason": "movement_or_liquidity_below_threshold"}
[ACTIVITY] METISTRY status=PASSIVE metrics={"status": "PASSIVE", "quote_volume": 653954.22, "range_15m_pct": 0.0, "atr_pct": 0.0616, "volume_ratio": 0.0, "spread_pct": 0.8584, "checks": {"quote_volume": false, "range_15m": false, "atr": false, "volume_ratio": false, "spread": false}, "reason": "movement_or_liquidity_below_threshold"}
[ACTIVITY] METRY status=PASSIVE metrics={"status": "PASSIVE", "quote_volume": 6992373.85, "range_15m_pct": 0.4423, "atr_pct": 0.1308, "volume_ratio": 0.8771, "spread_pct": 0.0678, "checks": {"quote_volume": true, "range_15m": true, "atr": false, "volume_ratio": true, "spread": true}, "reason": "movement_or_liquidity_below_threshold"}
[ACTIVITY] METTRY status=PASSIVE metrics={"status": "PASSIVE", "quote_volume": 3255773.83, "range_15m_pct": 0.0, "atr_pct": 0.0661, "volume_ratio": 0.0, "spread_pct": 0.1322, "checks": {"quote_volume": true, "range_15m": false, "atr": false, "volume_ratio": false, "spread": true}, "reason": "movement_or_liquidity_below_threshold"}
[ACTIVITY] MINATRY status=PASSIVE metrics={"status": "PASSIVE", "quote_volume": 3198693.56, "range_15m_pct": 0.0, "atr_pct": 0.1171, "volume_ratio": 0.0, "spread_pct": 0.5479, "checks": {"quote_volume": true, "range_15m": false, "atr": false, "volume_ratio": false, "spread": false}, "reason": "movement_or_liquidity_below_threshold"}
[ACTIVITY] MIRATRY status=PASSIVE metrics={"status": "PASSIVE", "quote_volume": 3967058.29, "range_15m_pct": 0.5181, "atr_pct": 0.4811, "volume_ratio": 0.7015, "spread_pct": 0.5168, "checks": {"quote_volume": true, "range_15m": true, "atr": true, "volume_ratio": true, "spread": false}, "reason": "movement_or_liquidity_below_threshold"}
[ACTIVITY] MITOTRY status=PASSIVE metrics={"status": "PASSIVE", "quote_volume": 48774055.07, "range_15m_pct": 0.8811, "atr_pct": 0.313, "volume_ratio": 0.0186, "spread_pct": 0.0875, "checks": {"quote_volume": true, "range_15m": true, "atr": true, "volume_ratio": false, "spread": true}, "reason": "movement_or_liquidity_below_threshold"}
[ACTIVITY] MMTTRY status=PASSIVE metrics={"status": "PASSIVE", "quote_volume": 38746334.14, "range_15m_pct": 0.533, "atr_pct": 0.4493, "volume_ratio": 0.0503, "spread_pct": 0.1067, "checks": {"quote_volume": true, "range_15m": true, "atr": true, "volume_ratio": false, "spread": true}, "reason": "movement_or_liquidity_below_threshold"}
[ACTIVITY] MORPHOTRY status=PASSIVE metrics={"status": "PASSIVE", "quote_volume": 292065.82, "range_15m_pct": 0.0, "atr_pct": 0.0, "volume_ratio": 0.0, "spread_pct": 0.7069, "checks": {"quote_volume": false, "range_15m": false, "atr": false, "volume_ratio": false, "spread": false}, "reason": "movement_or_liquidity_below_threshold"}
[ACTIVITY] MOVRTRY status=PASSIVE metrics={"status": "PASSIVE", "quote_volume": 123903861.15, "range_15m_pct": 1.9753, "atr_pct": 0.5454, "volume_ratio": 2.751, "spread_pct": 0.4914, "checks": {"quote_volume": true, "range_15m": true, "atr": true, "volume_ratio": true, "spread": false}, "reason": "movement_or_liquidity_below_threshold"}
[ACTIVITY] MUBARAKTRY status=PASSIVE metrics={"status": "PASSIVE", "quote_volume": 107988565.5, "range_15m_pct": 0.5714, "atr_pct": 0.676, "volume_ratio": 0.3046, "spread_pct": 0.2281, "checks": {"quote_volume": true, "range_15m": true, "atr": true, "volume_ratio": false, "spread": true}, "reason": "movement_or_liquidity_below_threshold"}
[ACTIVITY] NEARTRY status=PASSIVE metrics={"status": "PASSIVE", "quote_volume": 26441420.7, "range_15m_pct": 0.5102, "atr_pct": 0.2095, "volume_ratio": 0.0045, "spread_pct": 0.1273, "checks": {"quote_volume": true, "range_15m": true, "atr": true, "volume_ratio": false, "spread": true}, "reason": "movement_or_liquidity_below_threshold"}
[ACTIVITY] NEIROTRY status=PASSIVE metrics={"status": "PASSIVE", "quote_volume": 20327464.81, "range_15m_pct": 0.3215, "atr_pct": 0.2067, "volume_ratio": 0.4544, "spread_pct": 0.321, "checks": {"quote_volume": true, "range_15m": true, "atr": true, "volume_ratio": false, "spread": false}, "reason": "movement_or_liquidity_below_threshold"}
[ACTIVITY] NEOTRY status=PASSIVE metrics={"status": "PASSIVE", "quote_volume": 1125516.29, "range_15m_pct": 0.365, "atr_pct": 0.0261, "volume_ratio": 1.6941, "spread_pct": 0.1216, "checks": {"quote_volume": true, "range_15m": true, "atr": false, "volume_ratio": true, "spread": true}, "reason": "movement_or_liquidity_below_threshold"}
[ACTIVITY] NEWTTRY status=PASSIVE metrics={"status": "PASSIVE", "quote_volume": 1418574.05, "range_15m_pct": 0.5525, "atr_pct": 0.0789, "volume_ratio": 0.0, "spread_pct": 0.554, "checks": {"quote_volume": true, "range_15m": true, "atr": false, "volume_ratio": false, "spread": false}, "reason": "movement_or_liquidity_below_threshold"}
[ACTIVITY] NIGHTTRY status=PASSIVE metrics={"status": "PASSIVE", "quote_volume": 2839945.47, "range_15m_pct": 0.361, "atr_pct": 0.1286, "volume_ratio": 6.0252, "spread_pct": 0.12, "checks": {"quote_volume": true, "range_15m": true, "atr": false, "volume_ratio": true, "spread": true}, "reason": "movement_or_liquidity_below_threshold"}
[ACTIVITY] NILTRY status=PASSIVE metrics={"status": "PASSIVE", "quote_volume": 182182672.43, "range_15m_pct": 1.8673, "atr_pct": 1.2936, "volume_ratio": 0.0962, "spread_pct": 0.1472, "checks": {"quote_volume": true, "range_15m": true, "atr": true, "volume_ratio": false, "spread": true}, "reason": "movement_or_liquidity_below_threshold"}
[ACTIVITY] NMRTRY status=PASSIVE metrics={"status": "PASSIVE", "quote_volume": 229809.61, "range_15m_pct": 0.0, "atr_pct": 0.016, "volume_ratio": 0.0, "spread_pct": 0.4745, "checks": {"quote_volume": false, "range_15m": false, "atr": false, "volume_ratio": false, "spread": false}, "reason": "movement_or_liquidity_below_threshold"}
[ACTIVITY] NOMTRY status=PASSIVE metrics={"status": "PASSIVE", "quote_volume": 11431484.23, "range_15m_pct": 1.3333, "atr_pct": 0.3759, "volume_ratio": 0.0544, "spread_pct": 1.3245, "checks": {"quote_volume": true, "range_15m": true, "atr": true, "volume_ratio": false, "spread": false}, "reason": "movement_or_liquidity_below_threshold"}
[ACTIVITY] NOTTRY status=PASSIVE metrics={"status": "PASSIVE", "quote_volume": 9097411.72, "range_15m_pct": 0.5814, "atr_pct": 0.1246, "volume_ratio": 0.0, "spread_pct": 0.5797, "checks": {"quote_volume": true, "range_15m": true, "atr": false, "volume_ratio": false, "spread": false}, "reason": "movement_or_liquidity_below_threshold"}
[ACTIVITY] NXPCTRY status=PASSIVE metrics={"status": "PASSIVE", "quote_volume": 1411322.09, "range_15m_pct": 0.4324, "atr_pct": 0.1544, "volume_ratio": 0.0, "spread_pct": 0.2169, "checks": {"quote_volume": true, "range_15m": true, "atr": true, "volume_ratio": false, "spread": true}, "reason": "movement_or_liquidity_below_threshold"}
[ACTIVITY] OGNTRY status=PASSIVE metrics={"status": "PASSIVE", "quote_volume": 650271.26, "range_15m_pct": 0.0, "atr_pct": 0.0827, "volume_ratio": 0.0, "spread_pct": 0.1291, "checks": {"quote_volume": false, "range_15m": false, "atr": false, "volume_ratio": false, "spread": true}, "reason": "movement_or_liquidity_below_threshold"}
[ACTIVITY] OGTRY status=ACTIVE metrics={"status": "ACTIVE", "quote_volume": 5723924.0, "range_15m_pct": 2.2222, "atr_pct": 0.2381, "volume_ratio": 44.5158, "spread_pct": 0.1704, "checks": {"quote_volume": true, "range_15m": true, "atr": true, "volume_ratio": true, "spread": true}, "reason": "active"}
[ACTIVITY] ONDOTRY status=PASSIVE metrics={"status": "PASSIVE", "quote_volume": 18571539.66, "range_15m_pct": 0.3793, "atr_pct": 0.1444, "volume_ratio": 0.1231, "spread_pct": 0.0632, "checks": {"quote_volume": true, "range_15m": true, "atr": false, "volume_ratio": false, "spread": true}, "reason": "movement_or_liquidity_below_threshold"}
[ACTIVITY] ONETRY status=PASSIVE metrics={"status": "PASSIVE", "quote_volume": 392387442.69, "range_15m_pct": 1.5385, "atr_pct": 1.5009, "volume_ratio": 0.2062, "spread_pct": 0.2528, "checks": {"quote_volume": true, "range_15m": true, "atr": true, "volume_ratio": false, "spread": true}, "reason": "movement_or_liquidity_below_threshold"}
[ACTIVITY] ONTTRY status=PASSIVE metrics={"status": "PASSIVE", "quote_volume": 875719.88, "range_15m_pct": 0.1163, "atr_pct": 0.0332, "volume_ratio": 0.0, "spread_pct": 0.0583, "checks": {"quote_volume": false, "range_15m": false, "atr": false, "volume_ratio": false, "spread": true}, "reason": "movement_or_liquidity_below_threshold"}
[ACTIVITY] OPENTRY status=PASSIVE metrics={"status": "PASSIVE", "quote_volume": 110748355.74, "range_15m_pct": 0.3574, "atr_pct": 0.133, "volume_ratio": 0.0239, "spread_pct": 0.1425, "checks": {"quote_volume": true, "range_15m": true, "atr": false, "volume_ratio": false, "spread": true}, "reason": "movement_or_liquidity_below_threshold"}
[ACTIVITY] OPGTRY status=PASSIVE metrics={"status": "PASSIVE", "quote_volume": 18121919.12, "range_15m_pct": 0.2237, "atr_pct": 0.1278, "volume_ratio": 0.5231, "spread_pct": 0.2235, "checks": {"quote_volume": true, "range_15m": true, "atr": false, "volume_ratio": true, "spread": true}, "reason": "movement_or_liquidity_below_threshold"}
[ACTIVITY] OPNTRY status=PASSIVE metrics={"status": "PASSIVE", "quote_volume": 7095819.72, "range_15m_pct": 0.8696, "atr_pct": 0.2484, "volume_ratio": 0.2279, "spread_pct": 0.4338, "checks": {"quote_volume": true, "range_15m": true, "atr": true, "volume_ratio": false, "spread": false}, "reason": "movement_or_liquidity_below_threshold"}
[ACTIVITY] OPTRY status=PASSIVE metrics={"status": "PASSIVE", "quote_volume": 4203246.03, "range_15m_pct": 0.2342, "atr_pct": 0.1168, "volume_ratio": 1.2738, "spread_pct": 0.2339, "checks": {"quote_volume": true, "range_15m": true, "atr": false, "volume_ratio": true, "spread": true}, "reason": "movement_or_liquidity_below_threshold"}
[ACTIVITY] ORCATRY status=PASSIVE metrics={"status": "PASSIVE", "quote_volume": 639040.51, "range_15m_pct": 0.0, "atr_pct": 0.029, "volume_ratio": 0.0, "spread_pct": 0.2026, "checks": {"quote_volume": false, "range_15m": false, "atr": false, "volume_ratio": false, "spread": true}, "reason": "movement_or_liquidity_below_threshold"}
[ACTIVITY] ORDITRY status=PASSIVE metrics={"status": "PASSIVE", "quote_volume": 5876984.9, "range_15m_pct": 0.2413, "atr_pct": 0.1422, "volume_ratio": 0.0, "spread_pct": 0.0604, "checks": {"quote_volume": true, "range_15m": true, "atr": false, "volume_ratio": false, "spread": true}, "reason": "movement_or_liquidity_below_threshold"}
[ACTIVITY] PARTITRY status=PASSIVE metrics={"status": "PASSIVE", "quote_volume": 21143066.95, "range_15m_pct": 0.9174, "atr_pct": 0.5195, "volume_ratio": 0.9663, "spread_pct": 0.9132, "checks": {"quote_volume": true, "range_15m": true, "atr": true, "volume_ratio": true, "spread": false}, "reason": "movement_or_liquidity_below_threshold"}
[ACTIVITY] PAXGTRY status=PASSIVE metrics={"status": "PASSIVE", "quote_volume": 39656654.51, "range_15m_pct": 0.1013, "atr_pct": 0.0667, "volume_ratio": 5.003, "spread_pct": 0.0271, "checks": {"quote_volume": true, "range_15m": false, "atr": false, "volume_ratio": true, "spread": true}, "reason": "movement_or_liquidity_below_threshold"}
[ACTIVITY] PENDLETRY status=PASSIVE metrics={"status": "PASSIVE", "quote_volume": 2151729.74, "range_15m_pct": 0.1572, "atr_pct": 0.0449, "volume_ratio": 0.0, "spread_pct": 0.1574, "checks": {"quote_volume": true, "range_15m": true, "atr": false, "volume_ratio": false, "spread": true}, "reason": "movement_or_liquidity_below_threshold"}
[ACTIVITY] PENGUTRY status=PASSIVE metrics={"status": "PASSIVE", "quote_volume": 18703440.91, "range_15m_pct": 0.198, "atr_pct": 0.1177, "volume_ratio": 1.7452, "spread_pct": 0.0329, "checks": {"quote_volume": true, "range_15m": true, "atr": false, "volume_ratio": true, "spread": true}, "reason": "movement_or_liquidity_below_threshold"}
[ACTIVITY] PEOPLETRY status=PASSIVE metrics={"status": "PASSIVE", "quote_volume": 12995586.94, "range_15m_pct": 0.0, "atr_pct": 0.2036, "volume_ratio": 0.0, "spread_pct": 0.2594, "checks": {"quote_volume": true, "range_15m": false, "atr": true, "volume_ratio": false, "spread": true}, "reason": "movement_or_liquidity_below_threshold"}
[ACTIVITY] PEPETRY status=PASSIVE metrics={"status": "PASSIVE", "quote_volume": 77433242.08, "range_15m_pct": 0.4533, "atr_pct": 0.1083, "volume_ratio": 0.9706, "spread_pct": 0.0075, "checks": {"quote_volume": true, "range_15m": true, "atr": false, "volume_ratio": true, "spread": true}, "reason": "movement_or_liquidity_below_threshold"}
[ACTIVITY] PHATRY status=PASSIVE metrics={"status": "PASSIVE", "quote_volume": 4513051.94, "range_15m_pct": 0.0, "atr_pct": 0.068, "volume_ratio": 0.0, "spread_pct": 0.9569, "checks": {"quote_volume": true, "range_15m": false, "atr": false, "volume_ratio": false, "spread": false}, "reason": "movement_or_liquidity_below_threshold"}
[ACTIVITY] PIXELTRY status=PASSIVE metrics={"status": "PASSIVE", "quote_volume": 10990447.36, "range_15m_pct": 0.0, "atr_pct": 0.1035, "volume_ratio": 0.0, "spread_pct": 0.4819, "checks": {"quote_volume": true, "range_15m": false, "atr": false, "volume_ratio": false, "spread": false}, "reason": "movement_or_liquidity_below_threshold"}
[ACTIVITY] PLUMETRY status=ACTIVE metrics={"status": "ACTIVE", "quote_volume": 13110993.3, "range_15m_pct": 0.7168, "atr_pct": 0.2292, "volume_ratio": 0.6765, "spread_pct": 0.1784, "checks": {"quote_volume": true, "range_15m": true, "atr": true, "volume_ratio": true, "spread": true}, "reason": "active"}
[ACTIVITY] PNUTTRY status=PASSIVE metrics={"status": "PASSIVE", "quote_volume": 10551721.97, "range_15m_pct": 0.0, "atr_pct": 0.187, "volume_ratio": 0.0, "spread_pct": 0.5222, "checks": {"quote_volume": true, "range_15m": false, "atr": true, "volume_ratio": false, "spread": false}, "reason": "movement_or_liquidity_below_threshold"}
[ACTIVITY] POLTRY status=PASSIVE metrics={"status": "PASSIVE", "quote_volume": 1145439.3, "range_15m_pct": 0.028, "atr_pct": 0.094, "volume_ratio": 0.0, "spread_pct": 0.028, "checks": {"quote_volume": true, "range_15m": false, "atr": false, "volume_ratio": false, "spread": true}, "reason": "movement_or_liquidity_below_threshold"}
[ACTIVITY] POLYXTRY status=PASSIVE metrics={"status": "PASSIVE", "quote_volume": 514335.55, "range_15m_pct": 0.0, "atr_pct": 0.0496, "volume_ratio": 0.0, "spread_pct": 0.692, "checks": {"quote_volume": false, "range_15m": false, "atr": false, "volume_ratio": false, "spread": false}, "reason": "movement_or_liquidity_below_threshold"}
[ACTIVITY] PORTALTRY status=ACTIVE metrics={"status": "ACTIVE", "quote_volume": 13156195.94, "range_15m_pct": 0.4306, "atr_pct": 0.2531, "volume_ratio": 0.9828, "spread_pct": 0.1371, "checks": {"quote_volume": true, "range_15m": true, "atr": true, "volume_ratio": true, "spread": true}, "reason": "active"}
[ACTIVITY] PORTOTRY status=PASSIVE metrics={"status": "PASSIVE", "quote_volume": 1613262.87, "range_15m_pct": 0.3388, "atr_pct": 0.0864, "volume_ratio": 0.0, "spread_pct": 0.145, "checks": {"quote_volume": true, "range_15m": true, "atr": false, "volume_ratio": false, "spread": true}, "reason": "movement_or_liquidity_below_threshold"}
[ACTIVITY] PROVETRY status=PASSIVE metrics={"status": "PASSIVE", "quote_volume": 282466.96, "range_15m_pct": 0.0, "atr_pct": 0.0605, "volume_ratio": 0.0, "spread_pct": 0.1409, "checks": {"quote_volume": false, "range_15m": false, "atr": false, "volume_ratio": false, "spread": true}, "reason": "movement_or_liquidity_below_threshold"}
[ACTIVITY] PSGTRY status=PASSIVE metrics={"status": "PASSIVE", "quote_volume": 10030208.69, "range_15m_pct": 0.708, "atr_pct": 0.42, "volume_ratio": 2.4314, "spread_pct": 0.3729, "checks": {"quote_volume": true, "range_15m": true, "atr": true, "volume_ratio": true, "spread": false}, "reason": "movement_or_liquidity_below_threshold"}
[ACTIVITY] PUMPTRY status=ACTIVE metrics={"status": "ACTIVE", "quote_volume": 45414938.86, "range_15m_pct": 1.3219, "atr_pct": 0.498, "volume_ratio": 1.1989, "spread_pct": 0.0774, "checks": {"quote_volume": true, "range_15m": true, "atr": true, "volume_ratio": true, "spread": true}, "reason": "active"}
[ACTIVITY] PYTHTRY status=PASSIVE metrics={"status": "PASSIVE", "quote_volume": 6826639.43, "range_15m_pct": 0.0518, "atr_pct": 0.1183, "volume_ratio": 0.0, "spread_pct": 0.104, "checks": {"quote_volume": true, "range_15m": false, "atr": false, "volume_ratio": false, "spread": true}, "reason": "movement_or_liquidity_below_threshold"}
[ACTIVITY] QTUMTRY status=PASSIVE metrics={"status": "PASSIVE", "quote_volume": 4095469.3, "range_15m_pct": 0.6431, "atr_pct": 0.0913, "volume_ratio": 8.6087, "spread_pct": 0.321, "checks": {"quote_volume": true, "range_15m": true, "atr": false, "volume_ratio": true, "spread": false}, "reason": "movement_or_liquidity_below_threshold"}
[ACTIVITY] RADTRY status=PASSIVE metrics={"status": "PASSIVE", "quote_volume": 97609856.12, "range_15m_pct": 0.3562, "atr_pct": 0.3492, "volume_ratio": 0.2118, "spread_pct": 0.1776, "checks": {"quote_volume": true, "range_15m": true, "atr": true, "volume_ratio": false, "spread": true}, "reason": "movement_or_liquidity_below_threshold"}
[ACTIVITY] RARETRY status=PASSIVE metrics={"status": "PASSIVE", "quote_volume": 342742611.96, "range_15m_pct": 0.7143, "atr_pct": 0.5679, "volume_ratio": 0.2447, "spread_pct": 0.0989, "checks": {"quote_volume": true, "range_15m": true, "atr": true, "volume_ratio": false, "spread": true}, "reason": "movement_or_liquidity_below_threshold"}
[ACTIVITY] RAYTRY status=PASSIVE metrics={"status": "PASSIVE", "quote_volume": 1517902.73, "range_15m_pct": 0.0663, "atr_pct": 0.0118, "volume_ratio": 1.0751, "spread_pct": 0.1327, "checks": {"quote_volume": true, "range_15m": false, "atr": false, "volume_ratio": true, "spread": true}, "reason": "movement_or_liquidity_below_threshold"}
[ACTIVITY] REDTRY status=PASSIVE metrics={"status": "PASSIVE", "quote_volume": 2865649.28, "range_15m_pct": 0.2457, "atr_pct": 0.1229, "volume_ratio": 0.0204, "spread_pct": 0.2454, "checks": {"quote_volume": true, "range_15m": true, "atr": false, "volume_ratio": false, "spread": true}, "reason": "movement_or_liquidity_below_threshold"}
[ACTIVITY] RENDERTRY status=PASSIVE metrics={"status": "PASSIVE", "quote_volume": 11126775.87, "range_15m_pct": 0.335, "atr_pct": 0.0957, "volume_ratio": 2.9668, "spread_pct": 0.1676, "checks": {"quote_volume": true, "range_15m": true, "atr": false, "volume_ratio": true, "spread": true}, "reason": "movement_or_liquidity_below_threshold"}
[ACTIVITY] RESOLVTRY status=PASSIVE metrics={"status": "PASSIVE", "quote_volume": 3563554.98, "range_15m_pct": 0.1001, "atr_pct": 0.1877, "volume_ratio": 0.0178, "spread_pct": 0.1626, "checks": {"quote_volume": true, "range_15m": false, "atr": true, "volume_ratio": false, "spread": true}, "reason": "movement_or_liquidity_below_threshold"}
[ACTIVITY] RETRY status=PASSIVE metrics={"status": "PASSIVE", "quote_volume": 72070998.99, "range_15m_pct": 0.396, "atr_pct": 0.254, "volume_ratio": 0.2295, "spread_pct": 0.0494, "checks": {"quote_volume": true, "range_15m": true, "atr": true, "volume_ratio": false, "spread": true}, "reason": "movement_or_liquidity_below_threshold"}
[ACTIVITY] REZTRY status=PASSIVE metrics={"status": "PASSIVE", "quote_volume": 6205370.6, "range_15m_pct": 0.5348, "atr_pct": 0.1091, "volume_ratio": 0.3102, "spread_pct": 0.0764, "checks": {"quote_volume": true, "range_15m": true, "atr": false, "volume_ratio": false, "spread": true}, "reason": "movement_or_liquidity_below_threshold"}
[ACTIVITY] ROBOTRY status=PASSIVE metrics={"status": "PASSIVE", "quote_volume": 48161715.55, "range_15m_pct": 0.8104, "atr_pct": 0.6786, "volume_ratio": 0.1781, "spread_pct": 0.1609, "checks": {"quote_volume": true, "range_15m": true, "atr": true, "volume_ratio": false, "spread": true}, "reason": "movement_or_liquidity_below_threshold"}
[ACTIVITY] RONINTRY status=PASSIVE metrics={"status": "PASSIVE", "quote_volume": 334996.14, "range_15m_pct": 0.4255, "atr_pct": 0.0608, "volume_ratio": 0.9343, "spread_pct": 0.4246, "checks": {"quote_volume": false, "range_15m": true, "atr": false, "volume_ratio": true, "spread": false}, "reason": "movement_or_liquidity_below_threshold"}
[ACTIVITY] ROSETRY status=PASSIVE metrics={"status": "PASSIVE", "quote_volume": 9968064.76, "range_15m_pct": 0.1555, "atr_pct": 0.1111, "volume_ratio": 0.1737, "spread_pct": 0.1554, "checks": {"quote_volume": true, "range_15m": true, "atr": false, "volume_ratio": false, "spread": true}, "reason": "movement_or_liquidity_below_threshold"}
[ACTIVITY] RSRTRY status=PASSIVE metrics={"status": "PASSIVE", "quote_volume": 405976.18, "range_15m_pct": 0.0, "atr_pct": 0.0125, "volume_ratio": 0.0, "spread_pct": 0.1753, "checks": {"quote_volume": false, "range_15m": false, "atr": false, "volume_ratio": false, "spread": true}, "reason": "movement_or_liquidity_below_threshold"}
[ACTIVITY] RVNTRY status=ACTIVE metrics={"status": "ACTIVE", "quote_volume": 38337902.46, "range_15m_pct": 0.4732, "atr_pct": 0.5443, "volume_ratio": 2.4723, "spread_pct": 0.1575, "checks": {"quote_volume": true, "range_15m": true, "atr": true, "volume_ratio": true, "spread": true}, "reason": "active"}
[ACTIVITY] SAGATRY status=PASSIVE metrics={"status": "PASSIVE", "quote_volume": 50056188.99, "range_15m_pct": 0.7321, "atr_pct": 0.6161, "volume_ratio": 0.0243, "spread_pct": 0.1461, "checks": {"quote_volume": true, "range_15m": true, "atr": true, "volume_ratio": false, "spread": true}, "reason": "movement_or_liquidity_below_threshold"}
[ACTIVITY] SAHARATRY status=PASSIVE metrics={"status": "PASSIVE", "quote_volume": 11787136.5, "range_15m_pct": 0.1878, "atr_pct": 0.0997, "volume_ratio": 0.3531, "spread_pct": 0.0268, "checks": {"quote_volume": true, "range_15m": true, "atr": false, "volume_ratio": false, "spread": true}, "reason": "movement_or_liquidity_below_threshold"}
[ACTIVITY] SANDTRY status=PASSIVE metrics={"status": "PASSIVE", "quote_volume": 2970893.69, "range_15m_pct": 0.8635, "atr_pct": 0.1228, "volume_ratio": 0.0, "spread_pct": 0.1617, "checks": {"quote_volume": true, "range_15m": true, "atr": false, "volume_ratio": false, "spread": true}, "reason": "movement_or_liquidity_below_threshold"}
[ACTIVITY] SANTOSTRY status=PASSIVE metrics={"status": "PASSIVE", "quote_volume": 11293625.2, "range_15m_pct": 0.1323, "atr_pct": 0.1227, "volume_ratio": 1.392, "spread_pct": 0.1323, "checks": {"quote_volume": true, "range_15m": false, "atr": false, "volume_ratio": true, "spread": true}, "reason": "movement_or_liquidity_below_threshold"}
[ACTIVITY] SAPIENTRY status=PASSIVE metrics={"status": "PASSIVE", "quote_volume": 3059670.2, "range_15m_pct": 0.1066, "atr_pct": 0.0971, "volume_ratio": 1.0184, "spread_pct": 0.0799, "checks": {"quote_volume": true, "range_15m": false, "atr": false, "volume_ratio": true, "spread": true}, "reason": "movement_or_liquidity_below_threshold"}
[ACTIVITY] SCRTRY status=PASSIVE metrics={"status": "PASSIVE", "quote_volume": 1276917.01, "range_15m_pct": 0.0, "atr_pct": 0.0806, "volume_ratio": 0.0, "spread_pct": 0.1024, "checks": {"quote_volume": true, "range_15m": false, "atr": false, "volume_ratio": false, "spread": true}, "reason": "movement_or_liquidity_below_threshold"}
[ACTIVITY] SEITRY status=PASSIVE metrics={"status": "PASSIVE", "quote_volume": 2397037.21, "range_15m_pct": 0.1568, "atr_pct": 0.0485, "volume_ratio": 0.0, "spread_pct": 0.0523, "checks": {"quote_volume": true, "range_15m": true, "atr": false, "volume_ratio": false, "spread": true}, "reason": "movement_or_liquidity_below_threshold"}
[ACTIVITY] SENTTRY status=PASSIVE metrics={"status": "PASSIVE", "quote_volume": 3204877.72, "range_15m_pct": 0.2227, "atr_pct": 0.0805, "volume_ratio": 0.5664, "spread_pct": 0.0635, "checks": {"quote_volume": true, "range_15m": true, "atr": false, "volume_ratio": true, "spread": true}, "reason": "movement_or_liquidity_below_threshold"}
[ACTIVITY] SHELLTRY status=PASSIVE metrics={"status": "PASSIVE", "quote_volume": 10484435.26, "range_15m_pct": 0.0, "atr_pct": 0.076, "volume_ratio": 0.0, "spread_pct": 1.0582, "checks": {"quote_volume": true, "range_15m": false, "atr": false, "volume_ratio": false, "spread": false}, "reason": "movement_or_liquidity_below_threshold"}
[ACTIVITY] SHIBTRY status=PASSIVE metrics={"status": "PASSIVE", "quote_volume": 25951429.48, "range_15m_pct": 0.2352, "atr_pct": 0.1041, "volume_ratio": 0.3661, "spread_pct": 0.047, "checks": {"quote_volume": true, "range_15m": true, "atr": false, "volume_ratio": false, "spread": true}, "reason": "movement_or_liquidity_below_threshold"}
[ACTIVITY] SIGNTRY status=PASSIVE metrics={"status": "PASSIVE", "quote_volume": 1234348.28, "range_15m_pct": 0.0, "atr_pct": 0.0451, "volume_ratio": 0.0, "spread_pct": 0.316, "checks": {"quote_volume": true, "range_15m": false, "atr": false, "volume_ratio": false, "spread": false}, "reason": "movement_or_liquidity_below_threshold"}
[ACTIVITY] SKLTRY status=PASSIVE metrics={"status": "PASSIVE", "quote_volume": 4370813.26, "range_15m_pct": 0.0, "atr_pct": 0.2139, "volume_ratio": 0.0, "spread_pct": 0.597, "checks": {"quote_volume": true, "range_15m": false, "atr": true, "volume_ratio": false, "spread": false}, "reason": "movement_or_liquidity_below_threshold"}
[ACTIVITY] SKYTRY status=PASSIVE metrics={"status": "PASSIVE", "quote_volume": 648385.6, "range_15m_pct": 0.3538, "atr_pct": 0.0728, "volume_ratio": 9.7412, "spread_pct": 0.0785, "checks": {"quote_volume": false, "range_15m": true, "atr": false, "volume_ratio": true, "spread": true}, "reason": "movement_or_liquidity_below_threshold"}
[ACTIVITY] SLPTRY status=PASSIVE metrics={"status": "PASSIVE", "quote_volume": 829571.83, "range_15m_pct": 0.0, "atr_pct": 0.0632, "volume_ratio": 0.4601, "spread_pct": 0.2819, "checks": {"quote_volume": false, "range_15m": false, "atr": false, "volume_ratio": false, "spread": true}, "reason": "movement_or_liquidity_below_threshold"}
[ACTIVITY] SNXTRY status=PASSIVE metrics={"status": "PASSIVE", "quote_volume": 4134888.98, "range_15m_pct": 0.0, "atr_pct": 0.0299, "volume_ratio": 0.0, "spread_pct": 0.1047, "checks": {"quote_volume": true, "range_15m": false, "atr": false, "volume_ratio": false, "spread": true}, "reason": "movement_or_liquidity_below_threshold"}
[ACTIVITY] SOLTRY status=PASSIVE metrics={"status": "PASSIVE", "quote_volume": 61982664.55, "range_15m_pct": 0.2018, "atr_pct": 0.0886, "volume_ratio": 0.4135, "spread_pct": 0.011, "checks": {"quote_volume": true, "range_15m": true, "atr": false, "volume_ratio": false, "spread": true}, "reason": "movement_or_liquidity_below_threshold"}
[ACTIVITY] SOLVTRY status=PASSIVE metrics={"status": "PASSIVE", "quote_volume": 5557839.96, "range_15m_pct": 0.0, "atr_pct": 0.0, "volume_ratio": 0.0, "spread_pct": 0.8969, "checks": {"quote_volume": true, "range_15m": false, "atr": false, "volume_ratio": false, "spread": false}, "reason": "movement_or_liquidity_below_threshold"}
[ACTIVITY] SOMITRY status=PASSIVE metrics={"status": "PASSIVE", "quote_volume": 16498031.03, "range_15m_pct": 0.2398, "atr_pct": 0.0685, "volume_ratio": 0.0, "spread_pct": 0.2395, "checks": {"quote_volume": true, "range_15m": true, "atr": false, "volume_ratio": false, "spread": true}, "reason": "movement_or_liquidity_below_threshold"}
[ACTIVITY] SOPHTRY status=PASSIVE metrics={"status": "PASSIVE", "quote_volume": 40522001.08, "range_15m_pct": 0.0, "atr_pct": 0.1253, "volume_ratio": 0.0074, "spread_pct": 0.5831, "checks": {"quote_volume": true, "range_15m": false, "atr": false, "volume_ratio": false, "spread": false}, "reason": "movement_or_liquidity_below_threshold"}
[ACTIVITY] SPELLTRY status=PASSIVE metrics={"status": "PASSIVE", "quote_volume": 7461773.42, "range_15m_pct": 0.0, "atr_pct": 0.0768, "volume_ratio": 0.0, "spread_pct": 0.2692, "checks": {"quote_volume": true, "range_15m": false, "atr": false, "volume_ratio": false, "spread": true}, "reason": "movement_or_liquidity_below_threshold"}
[ACTIVITY] SPKTRY status=PASSIVE metrics={"status": "PASSIVE", "quote_volume": 3237622.02, "range_15m_pct": 0.0, "atr_pct": 0.0629, "volume_ratio": 0.0, "spread_pct": 0.0747, "checks": {"quote_volume": true, "range_15m": false, "atr": false, "volume_ratio": false, "spread": true}, "reason": "movement_or_liquidity_below_threshold"}
[ACTIVITY] STOTRY status=PASSIVE metrics={"status": "PASSIVE", "quote_volume": 9673293.8, "range_15m_pct": 0.2723, "atr_pct": 0.101, "volume_ratio": 1.2466, "spread_pct": 0.0544, "checks": {"quote_volume": true, "range_15m": true, "atr": false, "volume_ratio": true, "spread": true}, "reason": "movement_or_liquidity_below_threshold"}
[ACTIVITY] STRAXTRY status=PASSIVE metrics={"status": "PASSIVE", "quote_volume": 33400214.34, "range_15m_pct": 0.2481, "atr_pct": 0.195, "volume_ratio": 0.1064, "spread_pct": 0.2478, "checks": {"quote_volume": true, "range_15m": true, "atr": true, "volume_ratio": false, "spread": true}, "reason": "movement_or_liquidity_below_threshold"}
[ACTIVITY] STRKTRY status=PASSIVE metrics={"status": "PASSIVE", "quote_volume": 6199963.77, "range_15m_pct": 0.455, "atr_pct": 0.156, "volume_ratio": 0.0226, "spread_pct": 0.091, "checks": {"quote_volume": true, "range_15m": true, "atr": true, "volume_ratio": false, "spread": true}, "reason": "movement_or_liquidity_below_threshold"}
[ACTIVITY] STRY status=PASSIVE metrics={"status": "PASSIVE", "quote_volume": 2383887.14, "range_15m_pct": 0.0927, "atr_pct": 0.0661, "volume_ratio": 0.0, "spread_pct": 0.0927, "checks": {"quote_volume": true, "range_15m": false, "atr": false, "volume_ratio": false, "spread": true}, "reason": "movement_or_liquidity_below_threshold"}
[ACTIVITY] STXTRY status=PASSIVE metrics={"status": "PASSIVE", "quote_volume": 2409757.57, "range_15m_pct": 0.0, "atr_pct": 0.0122, "volume_ratio": 0.0, "spread_pct": 0.1714, "checks": {"quote_volume": true, "range_15m": false, "atr": false, "volume_ratio": false, "spread": true}, "reason": "movement_or_liquidity_below_threshold"}
[ACTIVITY] SUITRY status=PASSIVE metrics={"status": "PASSIVE", "quote_volume": 16455483.45, "range_15m_pct": 0.1527, "atr_pct": 0.0894, "volume_ratio": 0.4784, "spread_pct": 0.0305, "checks": {"quote_volume": true, "range_15m": true, "atr": false, "volume_ratio": false, "spread": true}, "reason": "movement_or_liquidity_below_threshold"}
[ACTIVITY] SUNTRY status=PASSIVE metrics={"status": "PASSIVE", "quote_volume": 1398146.89, "range_15m_pct": 0.0, "atr_pct": 0.0025, "volume_ratio": 0.0, "spread_pct": 0.1035, "checks": {"quote_volume": true, "range_15m": false, "atr": false, "volume_ratio": false, "spread": true}, "reason": "movement_or_liquidity_below_threshold"}
[ACTIVITY] SUPERTRY status=PASSIVE metrics={"status": "PASSIVE", "quote_volume": 2232694.76, "range_15m_pct": 0.0, "atr_pct": 0.07, "volume_ratio": 0.0, "spread_pct": 0.2454, "checks": {"quote_volume": true, "range_15m": false, "atr": false, "volume_ratio": false, "spread": true}, "reason": "movement_or_liquidity_below_threshold"}
[ACTIVITY] SUSHITRY status=PASSIVE metrics={"status": "PASSIVE", "quote_volume": 1214221.07, "range_15m_pct": 0.0, "atr_pct": 0.0, "volume_ratio": 0.0, "spread_pct": 0.13, "checks": {"quote_volume": true, "range_15m": false, "atr": false, "volume_ratio": false, "spread": true}, "reason": "movement_or_liquidity_below_threshold"}
[ACTIVITY] SXTTRY status=PASSIVE metrics={"status": "PASSIVE", "quote_volume": 3283636.05, "range_15m_pct": 0.0, "atr_pct": 0.0386, "volume_ratio": 0.0, "spread_pct": 0.0284, "checks": {"quote_volume": true, "range_15m": false, "atr": false, "volume_ratio": false, "spread": true}, "reason": "movement_or_liquidity_below_threshold"}
[ACTIVITY] SYRUPTRY status=PASSIVE metrics={"status": "PASSIVE", "quote_volume": 1841316.45, "range_15m_pct": 0.0978, "atr_pct": 0.017, "volume_ratio": 0.0, "spread_pct": 0.014, "checks": {"quote_volume": true, "range_15m": false, "atr": false, "volume_ratio": false, "spread": true}, "reason": "movement_or_liquidity_below_threshold"}
[ACTIVITY] TAOTRY status=PASSIVE metrics={"status": "PASSIVE", "quote_volume": 22061300.23, "range_15m_pct": 0.0734, "atr_pct": 0.1086, "volume_ratio": 0.0568, "spread_pct": 0.042, "checks": {"quote_volume": true, "range_15m": false, "atr": false, "volume_ratio": false, "spread": true}, "reason": "movement_or_liquidity_below_threshold"}
[ACTIVITY] THETATRY status=PASSIVE metrics={"status": "PASSIVE", "quote_volume": 2348460.43, "range_15m_pct": 0.1407, "atr_pct": 0.0614, "volume_ratio": 0.0, "spread_pct": 0.3907, "checks": {"quote_volume": true, "range_15m": false, "atr": false, "volume_ratio": false, "spread": false}, "reason": "movement_or_liquidity_below_threshold"}
[ACTIVITY] THETRY status=PASSIVE metrics={"status": "PASSIVE", "quote_volume": 23841655.04, "range_15m_pct": 0.3899, "atr_pct": 0.1665, "volume_ratio": 0.0, "spread_pct": 0.1057, "checks": {"quote_volume": true, "range_15m": true, "atr": true, "volume_ratio": false, "spread": true}, "reason": "movement_or_liquidity_below_threshold"}
[ACTIVITY] TIATRY status=PASSIVE metrics={"status": "PASSIVE", "quote_volume": 22766025.08, "range_15m_pct": 0.2732, "atr_pct": 0.1025, "volume_ratio": 0.0886, "spread_pct": 0.0682, "checks": {"quote_volume": true, "range_15m": true, "atr": false, "volume_ratio": false, "spread": true}, "reason": "movement_or_liquidity_below_threshold"}
[ACTIVITY] TLMTRY status=PASSIVE metrics={"status": "PASSIVE", "quote_volume": 31768390.01, "range_15m_pct": 0.406, "atr_pct": 0.241, "volume_ratio": 0.3291, "spread_pct": 0.1349, "checks": {"quote_volume": true, "range_15m": true, "atr": true, "volume_ratio": false, "spread": true}, "reason": "movement_or_liquidity_below_threshold"}
[ACTIVITY] TNSRTRY status=PASSIVE metrics={"status": "PASSIVE", "quote_volume": 21797556.3, "range_15m_pct": 0.0, "atr_pct": 0.047, "volume_ratio": 0.0, "spread_pct": 0.6557, "checks": {"quote_volume": true, "range_15m": false, "atr": false, "volume_ratio": false, "spread": false}, "reason": "movement_or_liquidity_below_threshold"}
[ACTIVITY] TOWNSTRY status=PASSIVE metrics={"status": "PASSIVE", "quote_volume": 10483261.54, "range_15m_pct": 0.0, "atr_pct": 0.0674, "volume_ratio": 0.005, "spread_pct": 0.939, "checks": {"quote_volume": true, "range_15m": false, "atr": false, "volume_ratio": false, "spread": false}, "reason": "movement_or_liquidity_below_threshold"}
[ACTIVITY] TRBTRY status=PASSIVE metrics={"status": "PASSIVE", "quote_volume": 15199683.29, "range_15m_pct": 0.9274, "atr_pct": 0.1766, "volume_ratio": 0.0, "spread_pct": 0.1544, "checks": {"quote_volume": true, "range_15m": true, "atr": true, "volume_ratio": false, "spread": true}, "reason": "movement_or_liquidity_below_threshold"}
[ACTIVITY] TREETRY status=PASSIVE metrics={"status": "PASSIVE", "quote_volume": 1293986.13, "range_15m_pct": 0.0, "atr_pct": 0.0, "volume_ratio": 0.0, "spread_pct": 0.6116, "checks": {"quote_volume": true, "range_15m": false, "atr": false, "volume_ratio": false, "spread": false}, "reason": "movement_or_liquidity_below_threshold"}
[ACTIVITY] TRUMPTRY status=PASSIVE metrics={"status": "PASSIVE", "quote_volume": 18942793.45, "range_15m_pct": 0.2911, "atr_pct": 0.1248, "volume_ratio": 0.0597, "spread_pct": 0.1455, "checks": {"quote_volume": true, "range_15m": true, "atr": false, "volume_ratio": false, "spread": true}, "reason": "movement_or_liquidity_below_threshold"}
[ACTIVITY] TRXTRY status=PASSIVE metrics={"status": "PASSIVE", "quote_volume": 35075965.6, "range_15m_pct": 0.0874, "atr_pct": 0.0285, "volume_ratio": 0.5313, "spread_pct": 0.0062, "checks": {"quote_volume": true, "range_15m": false, "atr": false, "volume_ratio": true, "spread": true}, "reason": "movement_or_liquidity_below_threshold"}
[ACTIVITY] TSTTRY status=ACTIVE metrics={"status": "ACTIVE", "quote_volume": 135952538.23, "range_15m_pct": 0.4392, "atr_pct": 0.6143, "volume_ratio": 0.7704, "spread_pct": 0.1457, "checks": {"quote_volume": true, "range_15m": true, "atr": true, "volume_ratio": true, "spread": true}, "reason": "active"}
[ACTIVITY] TURBOTRY status=PASSIVE metrics={"status": "PASSIVE", "quote_volume": 4835488.74, "range_15m_pct": 0.0, "atr_pct": 0.0186, "volume_ratio": 0.0, "spread_pct": 0.2601, "checks": {"quote_volume": true, "range_15m": false, "atr": false, "volume_ratio": false, "spread": true}, "reason": "movement_or_liquidity_below_threshold"}
[ACTIVITY] TURTLETRY status=PASSIVE metrics={"status": "PASSIVE", "quote_volume": 1586928.92, "range_15m_pct": 0.4854, "atr_pct": 0.0345, "volume_ratio": 0.0, "spread_pct": 0.4819, "checks": {"quote_volume": true, "range_15m": true, "atr": false, "volume_ratio": false, "spread": false}, "reason": "movement_or_liquidity_below_threshold"}
[ACTIVITY] TWTTRY status=PASSIVE metrics={"status": "PASSIVE", "quote_volume": 4836421.11, "range_15m_pct": 0.5882, "atr_pct": 0.1101, "volume_ratio": 0.299, "spread_pct": 0.1063, "checks": {"quote_volume": true, "range_15m": true, "atr": false, "volume_ratio": false, "spread": true}, "reason": "movement_or_liquidity_below_threshold"}
[ACTIVITY] UMATRY status=PASSIVE metrics={"status": "PASSIVE", "quote_volume": 3524900.0, "range_15m_pct": 0.0639, "atr_pct": 0.0776, "volume_ratio": 0.0, "spread_pct": 0.128, "checks": {"quote_volume": true, "range_15m": false, "atr": false, "volume_ratio": false, "spread": true}, "reason": "movement_or_liquidity_below_threshold"}
[ACTIVITY] UNITRY status=PASSIVE metrics={"status": "PASSIVE", "quote_volume": 19822079.84, "range_15m_pct": 0.1185, "atr_pct": 0.1481, "volume_ratio": 0.0, "spread_pct": 0.0592, "checks": {"quote_volume": true, "range_15m": false, "atr": false, "volume_ratio": false, "spread": true}, "reason": "movement_or_liquidity_below_threshold"}
[ACTIVITY] USD1TRY status=PASSIVE metrics={"status": "PASSIVE", "quote_volume": 2352529.86, "range_15m_pct": 0.0, "atr_pct": 0.0539, "volume_ratio": 0.0, "spread_pct": 0.2931, "checks": {"quote_volume": true, "range_15m": false, "atr": false, "volume_ratio": false, "spread": true}, "reason": "movement_or_liquidity_below_threshold"}
[ACTIVITY] USDCTRY status=PASSIVE metrics={"status": "PASSIVE", "quote_volume": 81920100.07, "range_15m_pct": 0.021, "atr_pct": 0.021, "volume_ratio": 0.2881, "spread_pct": 0.0209, "checks": {"quote_volume": true, "range_15m": false, "atr": false, "volume_ratio": false, "spread": true}, "reason": "movement_or_liquidity_below_threshold"}
[ACTIVITY] USDTTRY status=PASSIVE metrics={"status": "PASSIVE", "quote_volume": 1062431681.69, "range_15m_pct": 0.021, "atr_pct": 0.021, "volume_ratio": 0.4496, "spread_pct": 0.021, "checks": {"quote_volume": true, "range_15m": false, "atr": false, "volume_ratio": false, "spread": true}, "reason": "movement_or_liquidity_below_threshold"}
[ACTIVITY] USTCTRY status=PASSIVE metrics={"status": "PASSIVE", "quote_volume": 8925168.49, "range_15m_pct": 0.294, "atr_pct": 0.1139, "volume_ratio": 1.1876, "spread_pct": 0.084, "checks": {"quote_volume": true, "range_15m": true, "atr": false, "volume_ratio": true, "spread": true}, "reason": "movement_or_liquidity_below_threshold"}
[ACTIVITY] USUALTRY status=PASSIVE metrics={"status": "PASSIVE", "quote_volume": 4197310.15, "range_15m_pct": 0.241, "atr_pct": 0.0861, "volume_ratio": 15.6208, "spread_pct": 0.2407, "checks": {"quote_volume": true, "range_15m": true, "atr": false, "volume_ratio": true, "spread": true}, "reason": "movement_or_liquidity_below_threshold"}
[ACTIVITY] UTRY status=PASSIVE metrics={"status": "PASSIVE", "quote_volume": 926598.26, "range_15m_pct": 0.0, "atr_pct": 0.006, "volume_ratio": 0.0, "spread_pct": 0.021, "checks": {"quote_volume": false, "range_15m": false, "atr": false, "volume_ratio": false, "spread": true}, "reason": "movement_or_liquidity_below_threshold"}
[ACTIVITY] VANATRY status=PASSIVE metrics={"status": "PASSIVE", "quote_volume": 1360459.72, "range_15m_pct": 0.0, "atr_pct": 0.0, "volume_ratio": 0.0, "spread_pct": 0.2478, "checks": {"quote_volume": true, "range_15m": false, "atr": false, "volume_ratio": false, "spread": true}, "reason": "movement_or_liquidity_below_threshold"}
[ACTIVITY] VANRYTRY status=PASSIVE metrics={"status": "PASSIVE", "quote_volume": 36535459.32, "range_15m_pct": 4.0566, "atr_pct": 0.9151, "volume_ratio": 0.2302, "spread_pct": 0.8261, "checks": {"quote_volume": true, "range_15m": true, "atr": true, "volume_ratio": false, "spread": false}, "reason": "movement_or_liquidity_below_threshold"}
[ACTIVITY] VETTRY status=PASSIVE metrics={"status": "PASSIVE", "quote_volume": 1166119.02, "range_15m_pct": 0.0926, "atr_pct": 0.3538, "volume_ratio": 0.0199, "spread_pct": 0.0463, "checks": {"quote_volume": true, "range_15m": false, "atr": true, "volume_ratio": false, "spread": true}, "reason": "movement_or_liquidity_below_threshold"}
[ACTIVITY] VICTRY status=PASSIVE metrics={"status": "PASSIVE", "quote_volume": 65620358.8, "range_15m_pct": 0.8475, "atr_pct": 1.0896, "volume_ratio": 0.0825, "spread_pct": 1.6807, "checks": {"quote_volume": true, "range_15m": true, "atr": true, "volume_ratio": false, "spread": false}, "reason": "movement_or_liquidity_below_threshold"}
[ACTIVITY] VIRTUALTRY status=ACTIVE metrics={"status": "ACTIVE", "quote_volume": 41576988.87, "range_15m_pct": 0.7658, "atr_pct": 0.5345, "volume_ratio": 0.5027, "spread_pct": 0.0347, "checks": {"quote_volume": true, "range_15m": true, "atr": true, "volume_ratio": true, "spread": true}, "reason": "active"}
[ACTIVITY] WALTRY status=PASSIVE metrics={"status": "PASSIVE", "quote_volume": 2524623.25, "range_15m_pct": 0.9804, "atr_pct": 0.4902, "volume_ratio": 0.0373, "spread_pct": 0.9852, "checks": {"quote_volume": true, "range_15m": true, "atr": true, "volume_ratio": false, "spread": false}, "reason": "movement_or_liquidity_below_threshold"}
[ACTIVITY] WCTTRY status=PASSIVE metrics={"status": "PASSIVE", "quote_volume": 402946.18, "range_15m_pct": 0.0, "atr_pct": 0.0337, "volume_ratio": 0.0, "spread_pct": 0.059, "checks": {"quote_volume": false, "range_15m": false, "atr": false, "volume_ratio": false, "spread": true}, "reason": "movement_or_liquidity_below_threshold"}
[ACTIVITY] WIFTRY status=PASSIVE metrics={"status": "PASSIVE", "quote_volume": 5087446.14, "range_15m_pct": 0.03, "atr_pct": 0.0525, "volume_ratio": 0.0143, "spread_pct": 0.045, "checks": {"quote_volume": true, "range_15m": false, "atr": false, "volume_ratio": false, "spread": true}, "reason": "movement_or_liquidity_below_threshold"}
[ACTIVITY] WLDTRY status=PASSIVE metrics={"status": "PASSIVE", "quote_volume": 29230225.62, "range_15m_pct": 0.2508, "atr_pct": 0.1343, "volume_ratio": 0.7632, "spread_pct": 0.1253, "checks": {"quote_volume": true, "range_15m": true, "atr": false, "volume_ratio": true, "spread": true}, "reason": "movement_or_liquidity_below_threshold"}
[ACTIVITY] WLFITRY status=PASSIVE metrics={"status": "PASSIVE", "quote_volume": 6272819.51, "range_15m_pct": 0.0381, "atr_pct": 0.0109, "volume_ratio": 0.4804, "spread_pct": 0.0381, "checks": {"quote_volume": true, "range_15m": false, "atr": false, "volume_ratio": false, "spread": true}, "reason": "movement_or_liquidity_below_threshold"}
[ACTIVITY] WTRY status=PASSIVE metrics={"status": "PASSIVE", "quote_volume": 4176963.9, "range_15m_pct": 0.0, "atr_pct": 0.0404, "volume_ratio": 0.0, "spread_pct": 0.1543, "checks": {"quote_volume": true, "range_15m": false, "atr": false, "volume_ratio": false, "spread": true}, "reason": "movement_or_liquidity_below_threshold"}
[ACTIVITY] XAITRY status=PASSIVE metrics={"status": "PASSIVE", "quote_volume": 10441817.41, "range_15m_pct": 0.1619, "atr_pct": 0.1293, "volume_ratio": 1.403, "spread_pct": 0.0969, "checks": {"quote_volume": true, "range_15m": true, "atr": false, "volume_ratio": true, "spread": true}, "reason": "movement_or_liquidity_below_threshold"}
[ACTIVITY] XAUTTRY status=PASSIVE metrics={"status": "PASSIVE", "quote_volume": 23446443.99, "range_15m_pct": 0.094, "atr_pct": 0.0616, "volume_ratio": 0.0003, "spread_pct": 0.0048, "checks": {"quote_volume": true, "range_15m": false, "atr": false, "volume_ratio": false, "spread": true}, "reason": "movement_or_liquidity_below_threshold"}
[ACTIVITY] XECTRY status=PASSIVE metrics={"status": "PASSIVE", "quote_volume": 2262318.51, "range_15m_pct": 0.1609, "atr_pct": 0.0713, "volume_ratio": 5.3409, "spread_pct": 0.161, "checks": {"quote_volume": true, "range_15m": true, "atr": false, "volume_ratio": true, "spread": true}, "reason": "movement_or_liquidity_below_threshold"}
[ACTIVITY] XLMTRY status=PASSIVE metrics={"status": "PASSIVE", "quote_volume": 11494800.82, "range_15m_pct": 0.2239, "atr_pct": 0.0799, "volume_ratio": 1.1265, "spread_pct": 0.0263, "checks": {"quote_volume": true, "range_15m": true, "atr": false, "volume_ratio": true, "spread": true}, "reason": "movement_or_liquidity_below_threshold"}
[ACTIVITY] XPLTRY status=PASSIVE metrics={"status": "PASSIVE", "quote_volume": 6777376.07, "range_15m_pct": 0.3315, "atr_pct": 0.1498, "volume_ratio": 0.3794, "spread_pct": 0.0552, "checks": {"quote_volume": true, "range_15m": true, "atr": false, "volume_ratio": false, "spread": true}, "reason": "movement_or_liquidity_below_threshold"}
[ACTIVITY] XRPTRY status=PASSIVE metrics={"status": "PASSIVE", "quote_volume": 106529454.16, "range_15m_pct": 0.1246, "atr_pct": 0.0757, "volume_ratio": 0.1277, "spread_pct": 0.0208, "checks": {"quote_volume": true, "range_15m": false, "atr": false, "volume_ratio": false, "spread": true}, "reason": "movement_or_liquidity_below_threshold"}
[ACTIVITY] XTZTRY status=PASSIVE metrics={"status": "PASSIVE", "quote_volume": 256271.46, "range_15m_pct": 0.0, "atr_pct": 0.0, "volume_ratio": 0.0, "spread_pct": 0.7523, "checks": {"quote_volume": false, "range_15m": false, "atr": false, "volume_ratio": false, "spread": false}, "reason": "movement_or_liquidity_below_threshold"}
[ACTIVITY] XVGTRY status=PASSIVE metrics={"status": "PASSIVE", "quote_volume": 11625877.24, "range_15m_pct": 0.1965, "atr_pct": 0.1965, "volume_ratio": 0.0, "spread_pct": 0.0982, "checks": {"quote_volume": true, "range_15m": true, "atr": true, "volume_ratio": false, "spread": true}, "reason": "movement_or_liquidity_below_threshold"}
[ACTIVITY] YBTRY status=PASSIVE metrics={"status": "PASSIVE", "quote_volume": 6321870.99, "range_15m_pct": 0.0, "atr_pct": 0.0764, "volume_ratio": 0.0, "spread_pct": 0.2677, "checks": {"quote_volume": true, "range_15m": false, "atr": false, "volume_ratio": false, "spread": true}, "reason": "movement_or_liquidity_below_threshold"}
[ACTIVITY] ZAMATRY status=PASSIVE metrics={"status": "PASSIVE", "quote_volume": 149979.98, "range_15m_pct": 0.0, "atr_pct": 0.0, "volume_ratio": 0.0, "spread_pct": 0.2701, "checks": {"quote_volume": false, "range_15m": false, "atr": false, "volume_ratio": false, "spread": true}, "reason": "movement_or_liquidity_below_threshold"}
[ACTIVITY] ZBTTRY status=PASSIVE metrics={"status": "PASSIVE", "quote_volume": 42154904.66, "range_15m_pct": 0.0, "atr_pct": 0.1329, "volume_ratio": 1.1501, "spread_pct": 0.4651, "checks": {"quote_volume": true, "range_15m": false, "atr": false, "volume_ratio": true, "spread": false}, "reason": "movement_or_liquidity_below_threshold"}
[ACTIVITY] ZILTRY status=ACTIVE metrics={"status": "ACTIVE", "quote_volume": 11611838.51, "range_15m_pct": 3.6738, "atr_pct": 0.6476, "volume_ratio": 0.6934, "spread_pct": 0.2658, "checks": {"quote_volume": true, "range_15m": true, "atr": true, "volume_ratio": true, "spread": true}, "reason": "active"}
[ACTIVITY] ZKCTRY status=PASSIVE metrics={"status": "PASSIVE", "quote_volume": 662558.5, "range_15m_pct": 0.5556, "atr_pct": 0.0794, "volume_ratio": 0.0, "spread_pct": 0.554, "checks": {"quote_volume": false, "range_15m": true, "atr": false, "volume_ratio": false, "spread": false}, "reason": "movement_or_liquidity_below_threshold"}
[ACTIVITY] ZKPTRY status=PASSIVE metrics={"status": "PASSIVE", "quote_volume": 1673560.34, "range_15m_pct": 0.0, "atr_pct": 0.0602, "volume_ratio": 0.0, "spread_pct": 0.3473, "checks": {"quote_volume": true, "range_15m": false, "atr": false, "volume_ratio": false, "spread": false}, "reason": "movement_or_liquidity_below_threshold"}
[ACTIVITY] ZKTRY status=PASSIVE metrics={"status": "PASSIVE", "quote_volume": 9298076.64, "range_15m_pct": 0.5731, "atr_pct": 0.0816, "volume_ratio": 2.0933, "spread_pct": 0.2861, "checks": {"quote_volume": true, "range_15m": true, "atr": false, "volume_ratio": true, "spread": true}, "reason": "movement_or_liquidity_below_threshold"}
[ACTIVITY] ZROTRY status=PASSIVE metrics={"status": "PASSIVE", "quote_volume": 7824409.4, "range_15m_pct": 0.5063, "atr_pct": 0.1447, "volume_ratio": 0.0, "spread_pct": 0.2535, "checks": {"quote_volume": true, "range_15m": true, "atr": false, "volume_ratio": false, "spread": true}, "reason": "movement_or_liquidity_below_threshold"}
[SIGNAL] 2026-08-10T15:54:59+00:00 BOMETRY BUY fill_at=2026-08-10T15:59:59+00:00 features={"close": 0.03822, "bb_lower": 0.038306112379345274, "bb_upper": 0.039026268573035684, "rsi": 42.43501725151748, "mfi": 37.566660969644936, "atr": 0.00035285714285714434}
[ENTRY] 2026-08-10T15:59:59+00:00 BOMETRY layer=1 value=998.50 entry=0.03827869 cash=9000.00
[SIGNAL] 2026-08-10T15:54:59+00:00 ESPTRY BUY fill_at=2026-08-10T15:59:59+00:00 features={"close": 3.465, "bb_lower": 3.473749748985322, "bb_upper": 3.708059774824202, "rsi": 27.041857630567534, "mfi": 23.395104007220283, "atr": 0.028000000000000025}
[ENTRY] 2026-08-10T15:59:59+00:00 ESPTRY layer=1 value=898.65 entry=3.46459650 cash=8100.00
[SIGNAL] 2026-08-10T15:54:59+00:00 CTRY BUY fill_at=2026-08-10T15:59:59+00:00 features={"close": 3.166, "bb_lower": 3.1704651840885276, "bb_upper": 3.243820530197186, "rsi": 38.23358684142317, "mfi": 28.432962131608022, "atr": 0.020142857142857178}
[ENTRY] 2026-08-10T15:59:59+00:00 CTRY layer=1 value=808.79 entry=3.17237750 cash=7290.00
[SCAN] 2026-08-10T15:59:59+00:00 symbols=20 signals=3 entries=3 exits=0 blocked=0 open=3 cash=7290.00 equity=10000.63
[SIGNAL] 2026-08-10T15:59:59+00:00 BOMETRY BUY fill_at=2026-08-10T16:04:59+00:00 features={"close": 0.03811, "bb_lower": 0.03821428808733451, "bb_upper": 0.039074283341236936, "rsi": 40.56649410384927, "mfi": 33.57314416726469, "atr": 0.0003435714285714292}
[ENTRY] 2026-08-10T16:04:59+00:00 BOMETRY layer=2 value=727.91 entry=0.03817861 cash=6561.00
[SIGNAL] 2026-08-10T15:59:59+00:00 ESPTRY BUY fill_at=2026-08-10T16:04:59+00:00 features={"close": 3.442, "bb_lower": 3.450473942682749, "bb_upper": 3.7127641525553465, "rsi": 24.38486224963347, "mfi": 8.775538515287892, "atr": 0.02957142857142855}
[ENTRY] 2026-08-10T16:04:59+00:00 ESPTRY layer=2 value=655.12 entry=3.44558225 cash=5904.90
[SIGNAL] 2026-08-10T15:59:59+00:00 NOMTRY BUY fill_at=2026-08-10T16:04:59+00:00 features={"close": 0.079, "bb_lower": 0.0790240628452885, "bb_upper": 0.08126165144042578, "rsi": 40.88481909894099, "mfi": 22.412726208002894, "atr": 0.0006428571428571435}
[ENTRY] 2026-08-10T16:04:59+00:00 NOMTRY layer=1 value=589.61 entry=0.08006000 cash=5314.41
[SCAN] 2026-08-10T16:04:59+00:00 symbols=20 signals=3 entries=3 exits=0 blocked=0 open=4 cash=5314.41 equity=10005.59
[SCAN] 2026-08-10T16:09:59+00:00 symbols=20 signals=0 entries=0 exits=0 blocked=0 open=4 cash=5314.41 equity=10023.19
[SCAN] 2026-08-10T16:14:59+00:00 symbols=20 signals=0 entries=0 exits=0 blocked=0 open=4 cash=5314.41 equity=10026.46
[SCAN] 2026-08-10T16:19:59+00:00 symbols=20 signals=0 entries=0 exits=0 blocked=1 open=4 cash=5314.41 equity=10006.20
[SCAN] 2026-08-10T16:24:59+00:00 symbols=20 signals=0 entries=0 exits=0 blocked=0 open=4 cash=5314.41 equity=9997.77
[SCAN] 2026-08-10T16:29:59+00:00 symbols=20 signals=0 entries=0 exits=0 blocked=0 open=4 cash=5314.41 equity=10017.12
[SCAN] 2026-08-10T16:34:59+00:00 symbols=20 signals=0 entries=0 exits=0 blocked=0 open=4 cash=5314.41 equity=10015.09
[SCAN] 2026-08-10T16:39:59+00:00 symbols=20 signals=0 entries=0 exits=0 blocked=0 open=4 cash=5314.41 equity=10012.17
[SCAN] 2026-08-10T16:44:59+00:00 symbols=20 signals=0 entries=0 exits=0 blocked=0 open=4 cash=5314.41 equity=10007.01
[SCAN] 2026-08-10T16:49:59+00:00 symbols=20 signals=0 entries=0 exits=0 blocked=0 open=4 cash=5314.41 equity=9979.73
[SIGNAL] 2026-08-10T16:49:59+00:00 CTRY BUY fill_at=2026-08-10T16:54:59+00:00 features={"close": 3.112, "bb_lower": 3.1462757839633215, "bb_upper": 3.253152787465249, "rsi": 28.981856497900537, "mfi": 40.85861266980015, "atr": 0.026642857142857128}
[ENTRY] 2026-08-10T16:54:59+00:00 CTRY layer=2 value=530.65 entry=3.10432650 cash=4782.97
[SCAN] 2026-08-10T16:54:59+00:00 symbols=20 signals=1 entries=1 exits=0 blocked=1 open=4 cash=4782.97 equity=9984.31
[SIGNAL] 2026-08-10T16:54:59+00:00 CTRY BUY fill_at=2026-08-10T16:59:59+00:00 features={"close": 3.094, "bb_lower": 3.124602089478508, "bb_upper": 3.263683624807206, "rsi": 26.533800359848712, "mfi": 35.64153376034457, "atr": 0.027142857142857135}
[BLOCKED] CTRY reason=max_layers
[SIGNAL] 2026-08-10T16:54:59+00:00 GUNTRY BUY fill_at=2026-08-10T16:59:59+00:00 features={"close": 0.164, "bb_lower": 0.16479483551204457, "bb_upper": 0.17330040258319354, "rsi": 37.9344652036991, "mfi": 50.296029523145975, "atr": 0.0026428571428571274}
[ENTRY] 2026-08-10T16:59:59+00:00 GUNTRY layer=1 value=477.58 entry=0.16312225 cash=4304.67
[SCAN] 2026-08-10T16:59:59+00:00 symbols=20 signals=2 entries=1 exits=0 blocked=2 open=5 cash=4304.67 equity=9979.46
[SIGNAL] 2026-08-10T16:59:59+00:00 CTRY BUY fill_at=2026-08-10T17:04:59+00:00 features={"close": 3.104, "bb_lower": 3.110395355567454, "bb_upper": 3.2665570253849268, "rsi": 30.08795855881428, "mfi": 37.975260339658085, "atr": 0.02614285714285715}
[BLOCKED] CTRY reason=max_layers
[SIGNAL] 2026-08-10T16:59:59+00:00 GUNTRY BUY fill_at=2026-08-10T17:04:59+00:00 features={"close": 0.162, "bb_lower": 0.16356466146680296, "bb_upper": 0.17395914805700655, "rsi": 33.880888364632014, "mfi": 41.2465713254505, "atr": 0.002714285714285699}
[ENTRY] 2026-08-10T17:04:59+00:00 GUNTRY layer=2 value=429.82 entry=0.16212150 cash=3874.20
[SCAN] 2026-08-10T17:04:59+00:00 symbols=20 signals=2 entries=1 exits=0 blocked=2 open=5 cash=3874.20 equity=9980.03
[SIGNAL] 2026-08-10T17:04:59+00:00 SAGATRY BUY fill_at=2026-08-10T17:09:59+00:00 features={"close": 0.714, "bb_lower": 0.7182504890935191, "bb_upper": 0.7301304632874335, "rsi": 35.119714281557265, "mfi": 30.215689276503852, "atr": 0.005785714285714291}
[ENTRY] 2026-08-10T17:09:59+00:00 SAGATRY layer=1 value=386.84 entry=0.71453550 cash=3486.78
[SIGNAL] 2026-08-10T17:04:59+00:00 GUNTRY BUY fill_at=2026-08-10T17:09:59+00:00 features={"close": 0.162, "bb_lower": 0.1624901115169067, "bb_upper": 0.17436703134023615, "rsi": 33.88088832677633, "mfi": 34.18046736310062, "atr": 0.002571428571428558}
[BLOCKED] GUNTRY reason=max_layers
[SCAN] 2026-08-10T17:09:59+00:00 symbols=20 signals=2 entries=1 exits=0 blocked=1 open=6 cash=3486.78 equity=10022.54
[SIGNAL] 2026-08-10T17:09:59+00:00 SAGATRY BUY fill_at=2026-08-10T17:14:59+00:00 features={"close": 0.716, "bb_lower": 0.7168915471250015, "bb_upper": 0.7306322623988082, "rsi": 38.824450386742555, "mfi": 28.15688638573512, "atr": 0.005500000000000005}
[ENTRY] 2026-08-10T17:14:59+00:00 SAGATRY layer=2 value=348.16 entry=0.71553625 cash=3138.11
[SCAN] 2026-08-10T17:14:59+00:00 symbols=20 signals=1 entries=1 exits=0 blocked=0 open=6 cash=3138.11 equity=10022.90
[SIGNAL] 2026-08-10T17:14:59+00:00 SAGATRY BUY fill_at=2026-08-10T17:19:59+00:00 features={"close": 0.712, "bb_lower": 0.7146797249392859, "bb_upper": 0.7315107512511904, "rsi": 34.54996143870879, "mfi": 26.241251968840388, "atr": 0.005142857142857148}
[BLOCKED] SAGATRY reason=max_layers
[SCAN] 2026-08-10T17:19:59+00:00 symbols=20 signals=1 entries=0 exits=0 blocked=2 open=6 cash=3138.11 equity=10003.65
[SIGNAL] 2026-08-10T17:19:59+00:00 SAGATRY BUY fill_at=2026-08-10T17:24:59+00:00 features={"close": 0.711, "bb_lower": 0.7127042838872918, "bb_upper": 0.7324385732555653, "rsi": 33.54957448542906, "mfi": 25.197090532729334, "atr": 0.0053571428571428615}
[BLOCKED] SAGATRY reason=max_layers
[SCAN] 2026-08-10T17:24:59+00:00 symbols=20 signals=1 entries=0 exits=0 blocked=1 open=6 cash=3138.11 equity=10007.29
[SIGNAL] 2026-08-10T17:24:59+00:00 SAGATRY BUY fill_at=2026-08-10T17:29:59+00:00 features={"close": 0.709, "bb_lower": 0.71064208671456, "bb_upper": 0.7334531513806779, "rsi": 31.569076309805112, "mfi": 31.743502256905387, "atr": 0.005142857142857148}
[BLOCKED] SAGATRY reason=max_layers
[SCAN] 2026-08-10T17:29:59+00:00 symbols=20 signals=1 entries=0 exits=0 blocked=2 open=6 cash=3138.11 equity=9992.10
[SIGNAL] 2026-08-10T17:29:59+00:00 SAGATRY BUY fill_at=2026-08-10T17:34:59+00:00 features={"close": 0.703, "bb_lower": 0.7071024154205537, "bb_upper": 0.734897584579446, "rsi": 26.487369579445954, "mfi": 25.331858203985064, "atr": 0.005428571428571434}
[BLOCKED] SAGATRY reason=max_layers
[SIGNAL] 2026-08-10T17:29:59+00:00 DODOTRY BUY fill_at=2026-08-10T17:34:59+00:00 features={"close": 1.0119, "bb_lower": 1.0171964624727845, "bb_upper": 1.0500130613367393, "rsi": 34.93748138706012, "mfi": 32.123437155693836, "atr": 0.008335714285714255}
[ENTRY] 2026-08-10T17:34:59+00:00 DODOTRY layer=1 value=313.34 entry=1.01345953 cash=2824.30
[EXIT] 2026-08-10T17:34:59+00:00 BOMETRY reason=fixed_take_profit pnl=+33.44 cash=4586.73
[SCAN] 2026-08-10T17:34:59+00:00 symbols=20 signals=2 entries=1 exits=1 blocked=1 open=6 cash=4586.73 equity=9997.82
[SIGNAL] 2026-08-10T17:34:59+00:00 HOMETRY BUY fill_at=2026-08-10T17:39:59+00:00 features={"close": 0.498, "bb_lower": 0.5023173958841558, "bb_upper": 0.5922540326872727, "rsi": 33.176462757072684, "mfi": 33.334185530491595, "atr": 0.019285714285714264}
[ENTRY] 2026-08-10T17:39:59+00:00 HOMETRY layer=1 value=457.99 entry=0.49837350 cash=4128.06
[SIGNAL] 2026-08-10T17:34:59+00:00 SAGATRY BUY fill_at=2026-08-10T17:39:59+00:00 features={"close": 0.703, "bb_lower": 0.7042157402092192, "bb_upper": 0.7357842597907805, "rsi": 26.487369600584785, "mfi": 24.41474282448158, "atr": 0.005428571428571434}
[BLOCKED] SAGATRY reason=max_layers
[SIGNAL] 2026-08-10T17:34:59+00:00 DODOTRY BUY fill_at=2026-08-10T17:39:59+00:00 features={"close": 1.0138, "bb_lower": 1.014208597019126, "bb_upper": 1.05110568869516, "rsi": 36.62005182942787, "mfi": 33.76027457535467, "atr": 0.008007142857142832}
[ENTRY] 2026-08-10T17:39:59+00:00 DODOTRY layer=2 value=412.19 entry=1.01616155 cash=3715.25
[SCAN] 2026-08-10T17:39:59+00:00 symbols=20 signals=3 entries=2 exits=0 blocked=1 open=7 cash=3715.25 equity=10015.87
[SIGNAL] 2026-08-10T17:39:59+00:00 ACTTRY BUY fill_at=2026-08-10T17:44:59+00:00 features={"close": 0.5114, "bb_lower": 0.5115125163502393, "bb_upper": 0.5304303407926177, "rsi": 37.28680218478987, "mfi": 55.20878148965327, "atr": 0.0048499999999999975}
[ENTRY] 2026-08-10T17:44:59+00:00 ACTTRY layer=1 value=370.97 entry=0.51288437 cash=3343.73
[SCAN] 2026-08-10T17:44:59+00:00 symbols=20 signals=1 entries=1 exits=0 blocked=0 open=8 cash=3343.73 equity=10003.18
[SIGNAL] 2026-08-10T17:44:59+00:00 ESPTRY BUY fill_at=2026-08-10T17:49:59+00:00 features={"close": 3.448, "bb_lower": 3.448632624890741, "bb_upper": 3.499557851299734, "rsi": 36.278888452308294, "mfi": 39.07168229715966, "atr": 0.015357142857142911}
[BLOCKED] ESPTRY reason=max_layers
[SIGNAL] 2026-08-10T17:44:59+00:00 HEITRY BUY fill_at=2026-08-10T17:49:59+00:00 features={"close": 7.191, "bb_lower": 7.210491749629173, "bb_upper": 7.496270155132728, "rsi": 35.46250867278536, "mfi": 37.06610931638894, "atr": 0.06564285714285704}
[ENTRY] 2026-08-10T17:49:59+00:00 HEITRY layer=1 value=333.87 entry=7.19939550 cash=3009.36
[SCAN] 2026-08-10T17:49:59+00:00 symbols=20 signals=2 entries=1 exits=0 blocked=1 open=9 cash=3009.36 equity=10004.32
[SIGNAL] 2026-08-10T17:49:59+00:00 ESPTRY BUY fill_at=2026-08-10T17:54:59+00:00 features={"close": 3.441, "bb_lower": 3.4489329897301553, "bb_upper": 3.4993527245555582, "rsi": 34.59902069601141, "mfi": 37.52275810172031, "atr": 0.015285714285714347}
[BLOCKED] ESPTRY reason=max_layers
[SCAN] 2026-08-10T17:54:59+00:00 symbols=20 signals=1 entries=0 exits=0 blocked=1 open=9 cash=3009.36 equity=9999.46
[SIGNAL] 2026-08-10T17:54:59+00:00 ESPTRY BUY fill_at=2026-08-10T17:59:59+00:00 features={"close": 3.438, "bb_lower": 3.4428887908021726, "bb_upper": 3.501968352054971, "rsi": 33.87085107348781, "mfi": 16.70208409396733, "atr": 0.015285714285714347}
[BLOCKED] ESPTRY reason=max_layers
[SIGNAL] 2026-08-10T17:54:59+00:00 MMTTRY BUY fill_at=2026-08-10T17:59:59+00:00 features={"close": 10.38, "bb_lower": 10.396322997382285, "bb_upper": 10.877010335951045, "rsi": 42.87315635970517, "mfi": 35.927422425388684, "atr": 0.1235714285714286}
[ENTRY] 2026-08-10T17:59:59+00:00 MMTTRY layer=1 value=300.48 entry=10.39779250 cash=2708.42
[SCAN] 2026-08-10T17:59:59+00:00 symbols=20 signals=2 entries=1 exits=0 blocked=1 open=10 cash=2708.42 equity=9992.92
[SIGNAL] 2026-08-10T17:59:59+00:00 ESPTRY BUY fill_at=2026-08-10T18:04:59+00:00 features={"close": 3.437, "bb_lower": 3.437617232280872, "bb_upper": 3.502573243909604, "rsi": 33.61537656634495, "mfi": 12.756408635222641, "atr": 0.014571428571428648}
[BLOCKED] ESPTRY reason=max_layers
[SCAN] 2026-08-10T18:04:59+00:00 symbols=20 signals=1 entries=0 exits=0 blocked=1 open=10 cash=2708.42 equity=9994.65
[SIGNAL] 2026-08-10T18:04:59+00:00 ALLOTRY BUY fill_at=2026-08-10T18:09:59+00:00 features={"close": 15.2, "bb_lower": 15.232842699151991, "bb_upper": 15.71953825322895, "rsi": 38.43332690811205, "mfi": 36.66293317336289, "atr": 0.13071428571428534}
[ENTRY] 2026-08-10T18:09:59+00:00 ALLOTRY layer=1 value=270.44 entry=15.22140750 cash=2437.58
[EXIT] 2026-08-10T18:09:59+00:00 ACTTRY reason=fixed_take_profit pnl=+7.19 cash=2816.29
[SCAN] 2026-08-10T18:09:59+00:00 symbols=20 signals=1 entries=1 exits=1 blocked=0 open=10 cash=2816.29 equity=9994.99
[SCAN] 2026-08-10T18:14:59+00:00 symbols=20 signals=0 entries=0 exits=0 blocked=0 open=10 cash=2816.29 equity=9994.49
[SCAN] 2026-08-10T18:19:59+00:00 symbols=20 signals=0 entries=0 exits=0 blocked=0 open=10 cash=2816.29 equity=9997.95
[SCAN] 2026-08-10T18:24:59+00:00 symbols=20 signals=0 entries=0 exits=0 blocked=0 open=10 cash=2816.29 equity=9997.50
[SCAN] 2026-08-10T18:29:59+00:00 symbols=20 signals=0 entries=0 exits=0 blocked=0 open=10 cash=2816.29 equity=9991.53
[SCAN] 2026-08-10T18:34:59+00:00 symbols=20 signals=0 entries=0 exits=0 blocked=0 open=10 cash=2816.29 equity=10000.67
[SCAN] 2026-08-10T18:39:59+00:00 symbols=20 signals=0 entries=0 exits=0 blocked=0 open=10 cash=2816.29 equity=9996.27
[SCAN] 2026-08-10T18:44:59+00:00 symbols=20 signals=0 entries=0 exits=0 blocked=0 open=10 cash=2816.29 equity=10001.67
[SCAN] 2026-08-10T18:49:59+00:00 symbols=20 signals=0 entries=0 exits=0 blocked=0 open=10 cash=2816.29 equity=10005.10
[SCAN] 2026-08-10T18:54:59+00:00 symbols=20 signals=0 entries=0 exits=0 blocked=0 open=10 cash=2816.29 equity=10022.50
[SCAN] 2026-08-10T18:59:59+00:00 symbols=20 signals=0 entries=0 exits=0 blocked=0 open=10 cash=2816.29 equity=10015.60
[SCAN] 2026-08-10T19:04:59+00:00 symbols=20 signals=0 entries=0 exits=0 blocked=0 open=10 cash=2816.29 equity=10009.29
[SCAN] 2026-08-10T19:09:59+00:00 symbols=20 signals=0 entries=0 exits=0 blocked=0 open=10 cash=2816.29 equity=10021.87
[SCAN] 2026-08-10T19:14:59+00:00 symbols=20 signals=0 entries=0 exits=0 blocked=0 open=10 cash=2816.29 equity=10003.66
[SCAN] 2026-08-10T19:19:59+00:00 symbols=20 signals=0 entries=0 exits=0 blocked=0 open=10 cash=2816.29 equity=10006.76
[EXIT] 2026-08-10T19:24:59+00:00 HEITRY reason=fixed_take_profit pnl=+6.47 cash=3157.13
[SCAN] 2026-08-10T19:24:59+00:00 symbols=20 signals=0 entries=0 exits=1 blocked=0 open=9 cash=3157.13 equity=10000.26
[EXIT] 2026-08-10T19:29:59+00:00 DODOTRY reason=fixed_take_profit pnl=+14.05 cash=3897.80
[SCAN] 2026-08-10T19:29:59+00:00 symbols=20 signals=0 entries=0 exits=1 blocked=1 open=8 cash=3897.80 equity=9990.01
[SIGNAL] 2026-08-10T19:29:59+00:00 ALLOTRY BUY fill_at=2026-08-10T19:34:59+00:00 features={"close": 14.97, "bb_lower": 14.976125653102486, "bb_upper": 15.381969584992756, "rsi": 35.91525164705581, "mfi": 33.867745466225784, "atr": 0.09428571428571379}
[ENTRY] 2026-08-10T19:34:59+00:00 ALLOTRY layer=2 value=389.20 entry=14.97122000 cash=3508.02
[SCAN] 2026-08-10T19:34:59+00:00 symbols=20 signals=1 entries=1 exits=0 blocked=0 open=8 cash=3508.02 equity=9980.80
[SIGNAL] 2026-08-10T19:34:59+00:00 HOMETRY BUY fill_at=2026-08-10T19:39:59+00:00 features={"close": 0.472, "bb_lower": 0.47619055129957094, "bb_upper": 0.5063808772718577, "rsi": 28.909309769925983, "mfi": 36.7889070427775, "atr": 0.007000000000000006}
[ENTRY] 2026-08-10T19:39:59+00:00 HOMETRY layer=2 value=350.28 entry=0.47335475 cash=3157.22
[SIGNAL] 2026-08-10T19:34:59+00:00 ALLOTRY BUY fill_at=2026-08-10T19:39:59+00:00 features={"close": 14.95, "bb_lower": 14.957532898372826, "bb_upper": 15.357705196865268, "rsi": 35.003853633207825, "mfi": 27.579222120036263, "atr": 0.09428571428571393}
[BLOCKED] ALLOTRY reason=max_layers
[SCAN] 2026-08-10T19:39:59+00:00 symbols=20 signals=2 entries=1 exits=0 blocked=1 open=8 cash=3157.22 equity=9984.36
[SCAN] 2026-08-10T19:44:59+00:00 symbols=20 signals=0 entries=0 exits=0 blocked=1 open=8 cash=3157.22 equity=9979.61
[SIGNAL] 2026-08-10T19:44:59+00:00 HOMETRY BUY fill_at=2026-08-10T19:49:59+00:00 features={"close": 0.473, "bb_lower": 0.47313526650519244, "bb_upper": 0.5039123525424266, "rsi": 32.5183353236131, "mfi": 40.41884386686192, "atr": 0.006285714285714291}
[BLOCKED] HOMETRY reason=max_layers
[SIGNAL] 2026-08-10T19:44:59+00:00 ALLOTRY BUY fill_at=2026-08-10T19:49:59+00:00 features={"close": 14.92, "bb_lower": 14.925885419067278, "bb_upper": 15.31792410474225, "rsi": 35.25396464918599, "mfi": 38.989019620452936, "atr": 0.09142857142857112}
[BLOCKED] ALLOTRY reason=max_layers
[SCAN] 2026-08-10T19:49:59+00:00 symbols=20 signals=2 entries=0 exits=0 blocked=2 open=8 cash=3157.22 equity=9970.35
[SIGNAL] 2026-08-10T19:49:59+00:00 ALLOTRY BUY fill_at=2026-08-10T19:54:59+00:00 features={"close": 14.88, "bb_lower": 14.888769064386686, "bb_upper": 15.324564268946649, "rsi": 33.43754479017073, "mfi": 40.501975665274884, "atr": 0.09357142857142835}
[BLOCKED] ALLOTRY reason=max_layers
[SCAN] 2026-08-10T19:54:59+00:00 symbols=20 signals=1 entries=0 exits=0 blocked=1 open=8 cash=3157.22 equity=9970.48
[SIGNAL] 2026-08-10T19:54:59+00:00 SAGATRY BUY fill_at=2026-08-10T19:59:59+00:00 features={"close": 0.701, "bb_lower": 0.7013492221275678, "bb_upper": 0.717317444539099, "rsi": 31.950486117176553, "mfi": 33.62688858129626, "atr": 0.0030714285714285743}
[BLOCKED] SAGATRY reason=max_layers
[SCAN] 2026-08-10T19:59:59+00:00 symbols=20 signals=1 entries=0 exits=0 blocked=1 open=8 cash=3157.22 equity=9964.42
[SIGNAL] 2026-08-10T19:59:59+00:00 GUNTRY BUY fill_at=2026-08-10T20:04:59+00:00 features={"close": 0.156, "bb_lower": 0.15663231621190493, "bb_upper": 0.16089149331190455, "rsi": 33.36689675515822, "mfi": 38.53594188658753, "atr": 0.0012142857142857153}
[BLOCKED] GUNTRY reason=max_layers
[SCAN] 2026-08-10T20:04:59+00:00 symbols=20 signals=1 entries=0 exits=0 blocked=1 open=8 cash=3157.22 equity=9966.48
[SCAN] 2026-08-10T20:09:59+00:00 symbols=20 signals=0 entries=0 exits=0 blocked=0 open=8 cash=3157.22 equity=9975.33
[SIGNAL] 2026-08-10T20:09:59+00:00 GUNTRY BUY fill_at=2026-08-10T20:14:59+00:00 features={"close": 0.156, "bb_lower": 0.15605887505556706, "bb_upper": 0.1610839820872901, "rsi": 35.88830668085845, "mfi": 34.99054525857757, "atr": 0.001285714285714287}
[BLOCKED] GUNTRY reason=max_layers
[SCAN] 2026-08-10T20:14:59+00:00 symbols=20 signals=1 entries=0 exits=0 blocked=1 open=8 cash=3157.22 equity=9961.06
[SCAN] 2026-08-10T20:19:59+00:00 symbols=20 signals=0 entries=0 exits=0 blocked=0 open=8 cash=3157.22 equity=9962.60
[SCAN] 2026-08-10T20:24:59+00:00 symbols=20 signals=0 entries=0 exits=0 blocked=0 open=8 cash=3157.22 equity=9959.67
[SCAN] 2026-08-10T20:29:59+00:00 symbols=20 signals=0 entries=0 exits=0 blocked=1 open=8 cash=3157.22 equity=9944.15
[SIGNAL] 2026-08-10T20:29:59+00:00 ESPTRY BUY fill_at=2026-08-10T20:34:59+00:00 features={"close": 3.433, "bb_lower": 3.4368915759376564, "bb_upper": 3.477489376443296, "rsi": 35.554629335149215, "mfi": 20.641089091076026, "atr": 0.00907142857142865}
[BLOCKED] ESPTRY reason=max_layers
[SCAN] 2026-08-10T20:34:59+00:00 symbols=20 signals=1 entries=0 exits=0 blocked=1 open=8 cash=3157.22 equity=9964.42
[SCAN] 2026-08-10T20:39:59+00:00 symbols=20 signals=0 entries=0 exits=0 blocked=0 open=8 cash=3157.22 equity=9969.18
[SCAN] 2026-08-10T20:44:59+00:00 symbols=20 signals=0 entries=0 exits=0 blocked=0 open=8 cash=3157.22 equity=9968.62
[SCAN] 2026-08-10T20:49:59+00:00 symbols=20 signals=0 entries=0 exits=0 blocked=0 open=8 cash=3157.22 equity=9966.11
[SIGNAL] 2026-08-10T20:49:59+00:00 HOMETRY BUY fill_at=2026-08-10T20:54:59+00:00 features={"close": 0.456, "bb_lower": 0.4565742602018015, "bb_upper": 0.49180669217915074, "rsi": 25.2008349735994, "mfi": 32.093656168177034, "atr": 0.005071428571428564}
[BLOCKED] HOMETRY reason=max_layers
[SCAN] 2026-08-10T20:54:59+00:00 symbols=20 signals=1 entries=0 exits=0 blocked=1 open=8 cash=3157.22 equity=9958.62
[SCAN] 2026-08-10T20:59:59+00:00 symbols=20 signals=0 entries=0 exits=0 blocked=0 open=8 cash=3157.22 equity=9960.23
[SCAN] 2026-08-10T21:04:59+00:00 symbols=20 signals=0 entries=0 exits=0 blocked=0 open=8 cash=3157.22 equity=9959.75
[SCAN] 2026-08-10T21:09:59+00:00 symbols=20 signals=0 entries=0 exits=0 blocked=0 open=8 cash=3157.22 equity=9950.74
[SCAN] 2026-08-10T21:14:59+00:00 symbols=20 signals=0 entries=0 exits=0 blocked=0 open=8 cash=3157.22 equity=9939.78
[SIGNAL] 2026-08-10T21:14:59+00:00 ALLOTRY BUY fill_at=2026-08-10T21:19:59+00:00 features={"close": 14.78, "bb_lower": 14.792980557630157, "bb_upper": 15.029876585226985, "rsi": 35.594023667648884, "mfi": 55.348786212460915, "atr": 0.08142857142857148}
[BLOCKED] ALLOTRY reason=max_layers
[SCAN] 2026-08-10T21:19:59+00:00 symbols=20 signals=1 entries=0 exits=0 blocked=1 open=8 cash=3157.22 equity=9932.48
[SCAN] 2026-08-10T21:24:59+00:00 symbols=20 signals=0 entries=0 exits=0 blocked=0 open=8 cash=3157.22 equity=9909.70
[SIGNAL] 2026-08-10T21:24:59+00:00 BMTTRY BUY fill_at=2026-08-10T21:29:59+00:00 features={"close": 1.155, "bb_lower": 1.1589230418810625, "bb_upper": 1.1891721962141755, "rsi": 39.042622621652306, "mfi": 54.20764182101777, "atr": 0.012642857142857147}
[ENTRY] 2026-08-10T21:29:59+00:00 BMTTRY layer=1 value=315.25 entry=1.15686700 cash=2841.50
[SCAN] 2026-08-10T21:29:59+00:00 symbols=20 signals=1 entries=1 exits=0 blocked=0 open=9 cash=2841.50 equity=9902.28
[SIGNAL] 2026-08-10T21:29:59+00:00 BMTTRY BUY fill_at=2026-08-10T21:34:59+00:00 features={"close": 1.148, "bb_lower": 1.1541131194190544, "bb_upper": 1.1907440234380888, "rsi": 36.17781724045137, "mfi": 48.24449620793117, "atr": 0.012571428571428567}
[ENTRY] 2026-08-10T21:34:59+00:00 BMTTRY layer=2 value=283.72 entry=1.14986175 cash=2557.35
[SCAN] 2026-08-10T21:34:59+00:00 symbols=20 signals=1 entries=1 exits=0 blocked=0 open=9 cash=2557.35 equity=9914.06
[SIGNAL] 2026-08-10T21:34:59+00:00 BMTTRY BUY fill_at=2026-08-10T21:39:59+00:00 features={"close": 1.142, "bb_lower": 1.1484812569057699, "bb_upper": 1.1932330288085158, "rsi": 33.87007349526813, "mfi": 42.06384145684072, "atr": 0.012142857142857138}
[BLOCKED] BMTTRY reason=max_layers
[SCAN] 2026-08-10T21:39:59+00:00 symbols=20 signals=1 entries=0 exits=0 blocked=2 open=9 cash=2557.35 equity=9904.89
[SIGNAL] 2026-08-10T21:39:59+00:00 BMTTRY BUY fill_at=2026-08-10T21:44:59+00:00 features={"close": 1.129, "bb_lower": 1.1402863877743457, "bb_upper": 1.1975231360351781, "rsi": 29.459237225390225, "mfi": 40.655570060489964, "atr": 0.013428571428571425}
[BLOCKED] BMTTRY reason=max_layers
[SCAN] 2026-08-10T21:44:59+00:00 symbols=20 signals=1 entries=0 exits=0 blocked=2 open=9 cash=2557.35 equity=9909.65
[SIGNAL] 2026-08-10T21:44:59+00:00 PUMPTRY BUY fill_at=2026-08-10T21:49:59+00:00 features={"close": 0.1327, "bb_lower": 0.13299783471642707, "bb_upper": 0.1349164509978586, "rsi": 40.847440646545174, "mfi": 42.57552584071944, "atr": 0.0006642857142857105}
[ENTRY] 2026-08-10T21:49:59+00:00 PUMPTRY layer=1 value=255.35 entry=0.13299967 cash=2301.61
[SCAN] 2026-08-10T21:49:59+00:00 symbols=20 signals=1 entries=1 exits=0 blocked=0 open=10 cash=2301.61 equity=9918.80
[SIGNAL] 2026-08-10T21:49:59+00:00 DODOTRY BUY fill_at=2026-08-10T21:54:59+00:00 features={"close": 1.14, "bb_lower": 1.1470212347807283, "bb_upper": 1.2539406699811764, "rsi": 41.683248889733726, "mfi": 49.35992328681912, "atr": 0.032907142857142815}
[ENTRY] 2026-08-10T21:54:59+00:00 DODOTRY layer=1 value=229.82 entry=1.13955403 cash=2071.45
[SCAN] 2026-08-10T21:54:59+00:00 symbols=20 signals=1 entries=1 exits=0 blocked=2 open=11 cash=2071.45 equity=9909.33
[SCAN] 2026-08-10T21:59:59+00:00 symbols=20 signals=0 entries=0 exits=0 blocked=1 open=11 cash=2071.45 equity=9909.66
[SCAN] 2026-08-10T22:04:59+00:00 symbols=20 signals=0 entries=0 exits=0 blocked=2 open=11 cash=2071.45 equity=9908.33
[SIGNAL] 2026-08-10T22:04:59+00:00 DODOTRY BUY fill_at=2026-08-10T22:09:59+00:00 features={"close": 1.1125, "bb_lower": 1.1183703019321651, "bb_upper": 1.261010650448787, "rsi": 36.63112576503845, "mfi": 35.55929677412922, "atr": 0.032349999999999976}
[ENTRY] 2026-08-10T22:09:59+00:00 DODOTRY layer=2 value=206.83 entry=1.10953152 cash=1864.30
[SCAN] 2026-08-10T22:09:59+00:00 symbols=20 signals=1 entries=1 exits=0 blocked=1 open=11 cash=1864.30 equity=9934.76
[SIGNAL] 2026-08-10T22:09:59+00:00 DODOTRY BUY fill_at=2026-08-10T22:14:59+00:00 features={"close": 1.1038, "bb_lower": 1.1054013971771053, "bb_upper": 1.2656843171086087, "rsi": 35.14056354259438, "mfi": 26.92493597874835, "atr": 0.030299999999999976}
[BLOCKED] DODOTRY reason=max_layers
[SCAN] 2026-08-10T22:14:59+00:00 symbols=20 signals=1 entries=0 exits=0 blocked=3 open=11 cash=1864.30 equity=9941.58
[SCAN] 2026-08-10T22:19:59+00:00 symbols=20 signals=0 entries=0 exits=0 blocked=1 open=11 cash=1864.30 equity=9938.27
[EXIT] 2026-08-10T22:24:59+00:00 HOMETRY reason=fixed_stop_loss pnl=-74.66 cash=2599.12
[SCAN] 2026-08-10T22:24:59+00:00 symbols=20 signals=0 entries=0 exits=1 blocked=0 open=10 cash=2599.12 equity=9930.85
[SIGNAL] 2026-08-10T22:24:59+00:00 HOMETRY BUY fill_at=2026-08-10T22:29:59+00:00 features={"close": 0.442, "bb_lower": 0.4426689282063743, "bb_upper": 0.4597120241745782, "rsi": 31.58006499690474, "mfi": 34.924415829768705, "atr": 0.004428571428571433}
[ENTRY] 2026-08-10T22:29:59+00:00 HOMETRY layer=1 value=259.52 entry=0.44233150 cash=2339.21
[SCAN] 2026-08-10T22:29:59+00:00 symbols=20 signals=1 entries=1 exits=0 blocked=1 open=11 cash=2339.21 equity=9910.37
[SCAN] 2026-08-10T22:34:59+00:00 symbols=20 signals=0 entries=0 exits=0 blocked=2 open=11 cash=2339.21 equity=9906.04
[SCAN] 2026-08-10T22:39:59+00:00 symbols=20 signals=0 entries=0 exits=0 blocked=2 open=11 cash=2339.21 equity=9909.79
[SCAN] 2026-08-10T22:44:59+00:00 symbols=20 signals=0 entries=0 exits=0 blocked=3 open=11 cash=2339.21 equity=9912.23
[SCAN] 2026-08-10T22:49:59+00:00 symbols=20 signals=0 entries=0 exits=0 blocked=1 open=11 cash=2339.21 equity=9900.30
[SCAN] 2026-08-10T22:54:59+00:00 symbols=20 signals=0 entries=0 exits=0 blocked=1 open=11 cash=2339.21 equity=9912.83
[SCAN] 2026-08-10T22:59:59+00:00 symbols=20 signals=0 entries=0 exits=0 blocked=1 open=11 cash=2339.21 equity=9924.63
[SCAN] 2026-08-10T23:04:59+00:00 symbols=20 signals=0 entries=0 exits=0 blocked=0 open=11 cash=2339.21 equity=9885.73
[SIGNAL] 2026-08-10T23:04:59+00:00 HOMETRY BUY fill_at=2026-08-10T23:09:59+00:00 features={"close": 0.434, "bb_lower": 0.4343249019165232, "bb_upper": 0.4555798599882387, "rsi": 26.25220559864296, "mfi": 42.04085224726714, "atr": 0.0038571428571428606}
[ENTRY] 2026-08-10T23:09:59+00:00 HOMETRY layer=2 value=233.57 entry=0.43432550 cash=2105.29
[SIGNAL] 2026-08-10T23:04:59+00:00 MUBARAKTRY BUY fill_at=2026-08-10T23:09:59+00:00 features={"close": 1.084, "bb_lower": 1.0948203498164415, "bb_upper": 1.1283225073264158, "rsi": 35.73560387130087, "mfi": 54.59604956639678, "atr": 0.011071428571428574}
[ENTRY] 2026-08-10T23:09:59+00:00 MUBARAKTRY layer=1 value=210.21 entry=1.08281150 cash=1894.76
[SIGNAL] 2026-08-10T23:04:59+00:00 ALLOTRY BUY fill_at=2026-08-10T23:09:59+00:00 features={"close": 14.66, "bb_lower": 14.665663641477886, "bb_upper": 14.844812548998304, "rsi": 33.2432826273906, "mfi": 34.86148578376776, "atr": 0.042142857142857135}
[BLOCKED] ALLOTRY reason=max_layers
[SIGNAL] 2026-08-10T23:04:59+00:00 MMTTRY BUY fill_at=2026-08-10T23:09:59+00:00 features={"close": 9.66, "bb_lower": 9.678512028982999, "bb_upper": 10.163392732921766, "rsi": 20.4783956482692, "mfi": 8.649705627081147, "atr": 0.05928571428571442}
[ENTRY] 2026-08-10T23:09:59+00:00 MMTTRY layer=2 value=189.19 entry=9.67725250 cash=1705.28
[SCAN] 2026-08-10T23:09:59+00:00 symbols=20 signals=4 entries=3 exits=0 blocked=1 open=12 cash=1705.28 equity=9906.95
[SIGNAL] 2026-08-10T23:09:59+00:00 MUBARAKTRY BUY fill_at=2026-08-10T23:14:59+00:00 features={"close": 1.078, "bb_lower": 1.0883668782274365, "bb_upper": 1.1322045503439921, "rsi": 33.53149448593324, "mfi": 34.5405541047257, "atr": 0.011785714285714288}
[ENTRY] 2026-08-10T23:14:59+00:00 MUBARAKTRY layer=2 value=170.27 entry=1.08181075 cash=1534.76
[SCAN] 2026-08-10T23:14:59+00:00 symbols=20 signals=1 entries=1 exits=0 blocked=1 open=12 cash=1534.76 equity=9904.46
[SIGNAL] 2026-08-10T23:14:59+00:00 MUBARAKTRY BUY fill_at=2026-08-10T23:19:59+00:00 features={"close": 1.074, "bb_lower": 1.081658561623379, "bb_upper": 1.135103343138526, "rsi": 32.10151956890982, "mfi": 28.06076867461853, "atr": 0.01200000000000001}
[BLOCKED] MUBARAKTRY reason=max_layers
[SCAN] 2026-08-10T23:19:59+00:00 symbols=20 signals=1 entries=0 exits=0 blocked=1 open=12 cash=1534.76 equity=9876.69
[SIGNAL] 2026-08-10T23:19:59+00:00 MUBARAKTRY BUY fill_at=2026-08-10T23:24:59+00:00 features={"close": 1.066, "bb_lower": 1.0740150392607763, "bb_upper": 1.138080198834462, "rsi": 29.386256702836462, "mfi": 21.543976296905456, "atr": 0.012500000000000002}
[BLOCKED] MUBARAKTRY reason=max_layers
[SIGNAL] 2026-08-10T23:19:59+00:00 HEITRY BUY fill_at=2026-08-10T23:24:59+00:00 features={"close": 7.253, "bb_lower": 7.283538450803211, "bb_upper": 7.442271073006316, "rsi": 32.339404757083315, "mfi": 34.88069171773067, "atr": 0.03885714285714296}
[ENTRY] 2026-08-10T23:24:59+00:00 HEITRY layer=1 value=153.25 entry=7.26344350 cash=1381.28
[SCAN] 2026-08-10T23:24:59+00:00 symbols=20 signals=2 entries=1 exits=0 blocked=1 open=13 cash=1381.28 equity=9853.42
[SIGNAL] 2026-08-10T23:24:59+00:00 BMTTRY BUY fill_at=2026-08-10T23:29:59+00:00 features={"close": 1.09, "bb_lower": 1.111779262340117, "bb_upper": 1.173554070993216, "rsi": 28.857865527729885, "mfi": 48.76795331873786, "atr": 0.017071428571428546}
[BLOCKED] BMTTRY reason=max_layers
[SIGNAL] 2026-08-10T23:24:59+00:00 TSTTRY BUY fill_at=2026-08-10T23:29:59+00:00 features={"close": 1.042, "bb_lower": 1.0461413690778931, "bb_upper": 1.1192872023506784, "rsi": 34.37635043838313, "mfi": 52.42557019168785, "atr": 0.019642857142857167}
[ENTRY] 2026-08-10T23:29:59+00:00 TSTTRY layer=1 value=137.92 entry=1.04078000 cash=1243.15
[SIGNAL] 2026-08-10T23:24:59+00:00 MUBARAKTRY BUY fill_at=2026-08-10T23:29:59+00:00 features={"close": 1.066, "bb_lower": 1.0677310815916905, "bb_upper": 1.1400784422178334, "rsi": 29.386256884191624, "mfi": 21.499468126175046, "atr": 0.012642857142857147}
[BLOCKED] MUBARAKTRY reason=max_layers
[SCAN] 2026-08-10T23:29:59+00:00 symbols=20 signals=3 entries=1 exits=0 blocked=2 open=14 cash=1243.15 equity=9816.32
[SIGNAL] 2026-08-10T23:29:59+00:00 BMTTRY BUY fill_at=2026-08-10T23:34:59+00:00 features={"close": 1.081, "bb_lower": 1.0992930925555426, "bb_upper": 1.1804211931587427, "rsi": 26.94722694639971, "mfi": 40.795747137975255, "atr": 0.017285714285714255}
[BLOCKED] BMTTRY reason=max_layers
[SIGNAL] 2026-08-10T23:29:59+00:00 MUBARAKTRY BUY fill_at=2026-08-10T23:34:59+00:00 features={"close": 1.045, "bb_lower": 1.057041229076654, "bb_upper": 1.1450540090185841, "rsi": 23.31170928859659, "mfi": 19.643358431806973, "atr": 0.01371428571428571}
[BLOCKED] MUBARAKTRY reason=max_layers
[SIGNAL] 2026-08-10T23:29:59+00:00 SAGATRY BUY fill_at=2026-08-10T23:34:59+00:00 features={"close": 0.716, "bb_lower": 0.7168446331495356, "bb_upper": 0.7241077478028451, "rsi": 43.08159539195521, "mfi": 18.363705735796884, "atr": 0.0020000000000000018}
[BLOCKED] SAGATRY reason=max_layers
[EXIT] 2026-08-10T23:34:59+00:00 MUBARAKTRY reason=fixed_stop_loss pnl=-35.15 cash=1589.06
[SCAN] 2026-08-10T23:34:59+00:00 symbols=20 signals=3 entries=0 exits=1 blocked=8 open=13 cash=1589.06 equity=9788.86
[SIGNAL] 2026-08-10T23:34:59+00:00 BMTTRY BUY fill_at=2026-08-10T23:39:59+00:00 features={"close": 1.082, "bb_lower": 1.0895454246998035, "bb_upper": 1.1843593372049583, "rsi": 27.524821742154572, "mfi": 32.85812575158472, "atr": 0.017928571428571405}
[BLOCKED] BMTTRY reason=max_layers
[SIGNAL] 2026-08-10T23:34:59+00:00 MUBARAKTRY BUY fill_at=2026-08-10T23:39:59+00:00 features={"close": 0.986, "bb_lower": 1.0296521275794364, "bb_upper": 1.1613002533729446, "rsi": 14.308993038088872, "mfi": 10.893769603874475, "atr": 0.019214285714285708}
[ENTRY] 2026-08-10T23:39:59+00:00 MUBARAKTRY layer=1 value=158.67 entry=0.98874100 cash=1430.16
[SIGNAL] 2026-08-10T23:34:59+00:00 SAGATRY BUY fill_at=2026-08-10T23:39:59+00:00 features={"close": 0.711, "bb_lower": 0.7146148721154468, "bb_upper": 0.725480365979791, "rsi": 33.51995689513332, "mfi": 13.751462852550375, "atr": 0.0024285714285714305}
[BLOCKED] SAGATRY reason=max_layers
[SCAN] 2026-08-10T23:39:59+00:00 symbols=20 signals=3 entries=1 exits=0 blocked=5 open=14 cash=1430.16 equity=9804.72
[SIGNAL] 2026-08-10T23:39:59+00:00 MUBARAKTRY BUY fill_at=2026-08-10T23:44:59+00:00 features={"close": 0.984, "bb_lower": 1.0087569633137956, "bb_upper": 1.170290655733823, "rsi": 14.10889968498661, "mfi": 10.609617691007912, "atr": 0.019571428571428573}
[ENTRY] 2026-08-10T23:44:59+00:00 MUBARAKTRY layer=2 value=142.80 entry=0.98874100 cash=1287.14
[SIGNAL] 2026-08-10T23:39:59+00:00 SAGATRY BUY fill_at=2026-08-10T23:44:59+00:00 features={"close": 0.708, "bb_lower": 0.7119878747828284, "bb_upper": 0.7267740299790763, "rsi": 29.293936096430542, "mfi": 11.77647557096148, "atr": 0.0025000000000000022}
[BLOCKED] SAGATRY reason=max_layers
[SCAN] 2026-08-10T23:44:59+00:00 symbols=20 signals=2 entries=1 exits=0 blocked=3 open=14 cash=1287.14 equity=9805.59
[SIGNAL] 2026-08-10T23:44:59+00:00 MUBARAKTRY BUY fill_at=2026-08-10T23:49:59+00:00 features={"close": 0.982, "bb_lower": 0.9912684838633183, "bb_upper": 1.1753981828033482, "rsi": 13.89835274358505, "mfi": 8.96217453897421, "atr": 0.018928571428571437}
[BLOCKED] MUBARAKTRY reason=max_layers
[SCAN] 2026-08-10T23:49:59+00:00 symbols=20 signals=1 entries=0 exits=0 blocked=3 open=14 cash=1287.14 equity=9809.41
[EXIT] 2026-08-10T23:54:59+00:00 MUBARAKTRY reason=fixed_take_profit pnl=+5.84 cash=1594.90
[SCAN] 2026-08-10T23:54:59+00:00 symbols=20 signals=0 entries=0 exits=1 blocked=0 open=13 cash=1594.90 equity=9804.81
[SCAN] 2026-08-10T23:59:59+00:00 symbols=20 signals=0 entries=0 exits=0 blocked=0 open=13 cash=1594.90 equity=9804.06
[SCAN] 2026-08-11T00:04:59+00:00 symbols=20 signals=0 entries=0 exits=0 blocked=1 open=13 cash=1594.90 equity=9829.27
[SIGNAL] 2026-08-11T00:04:59+00:00 ESPTRY BUY fill_at=2026-08-11T00:09:59+00:00 features={"close": 3.432, "bb_lower": 3.4373495964278504, "bb_upper": 3.470936117857863, "rsi": 36.72003527869342, "mfi": 38.52933585746486, "atr": 0.011428571428571439}
[BLOCKED] ESPTRY reason=max_layers
[SCAN] 2026-08-11T00:09:59+00:00 symbols=20 signals=1 entries=0 exits=0 blocked=2 open=13 cash=1594.90 equity=9835.79
[EXIT] 2026-08-11T00:14:59+00:00 GUNTRY reason=bb_mfi_v3_signal_exit pnl=-29.27 cash=2474.40
[SIGNAL] 2026-08-11T00:09:59+00:00 CTRY BUY fill_at=2026-08-11T00:14:59+00:00 features={"close": 3.131, "bb_lower": 3.145302138716646, "bb_upper": 3.2115550041404957, "rsi": 33.8151821452484, "mfi": 27.384596036147144, "atr": 0.013285714285714218}
[BLOCKED] CTRY reason=max_layers
[EXIT] 2026-08-11T00:14:59+00:00 HOMETRY reason=fixed_take_profit pnl=+9.55 cash=2977.78
[SCAN] 2026-08-11T00:14:59+00:00 symbols=20 signals=1 entries=0 exits=2 blocked=2 open=11 cash=2977.78 equity=9850.63
[SCAN] 2026-08-11T00:19:59+00:00 symbols=20 signals=0 entries=0 exits=0 blocked=2 open=11 cash=2977.78 equity=9875.48
[SIGNAL] 2026-08-11T00:19:59+00:00 BOMETRY BUY fill_at=2026-08-11T00:24:59+00:00 features={"close": 0.03877, "bb_lower": 0.03884711871219847, "bb_upper": 0.03958907176399201, "rsi": 33.32949906012638, "mfi": 38.818424926290696, "atr": 0.00020785714285714258}
[ENTRY] 2026-08-11T00:24:59+00:00 BOMETRY layer=1 value=297.33 entry=0.03885912 cash=2680.01
[SIGNAL] 2026-08-11T00:19:59+00:00 PUMPTRY BUY fill_at=2026-08-11T00:24:59+00:00 features={"close": 0.1302, "bb_lower": 0.13069764889926586, "bb_upper": 0.13544520824359121, "rsi": 29.284854307152187, "mfi": 28.762911655849194, "atr": 0.000757142857142857}
[ENTRY] 2026-08-11T00:24:59+00:00 PUMPTRY layer=2 value=267.60 entry=0.13049780 cash=2412.00
[EXIT] 2026-08-11T00:24:59+00:00 SAGATRY reason=fixed_take_profit pnl=+14.24 cash=3162.34
[SCAN] 2026-08-11T00:24:59+00:00 symbols=20 signals=2 entries=2 exits=1 blocked=0 open=11 cash=3162.34 equity=9865.08
[SCAN] 2026-08-11T00:29:59+00:00 symbols=20 signals=0 entries=0 exits=0 blocked=0 open=11 cash=3162.34 equity=9834.50
[EXIT] 2026-08-11T00:34:59+00:00 ALLOTRY reason=bb_mfi_v3_signal_exit pnl=-8.27 cash=3814.69
[SIGNAL] 2026-08-11T00:29:59+00:00 CTRY BUY fill_at=2026-08-11T00:34:59+00:00 features={"close": 3.116, "bb_lower": 3.117330641492516, "bb_upper": 3.2150503108884374, "rsi": 29.664754413177448, "mfi": 18.461934506600656, "atr": 0.01385714285714279}
[BLOCKED] CTRY reason=max_layers
[SCAN] 2026-08-11T00:34:59+00:00 symbols=20 signals=1 entries=0 exits=1 blocked=1 open=10 cash=3814.69 equity=9805.46
[SIGNAL] 2026-08-11T00:34:59+00:00 BOMETRY BUY fill_at=2026-08-11T00:39:59+00:00 features={"close": 0.03841, "bb_lower": 0.03867950253146903, "bb_upper": 0.03969192603995953, "rsi": 30.691796447216362, "mfi": 24.59326558883015, "atr": 0.00024714285714285696}
[ENTRY] 2026-08-11T00:39:59+00:00 BOMETRY layer=2 value=380.90 entry=0.03844882 cash=3433.22
[SIGNAL] 2026-08-11T00:34:59+00:00 CTRY BUY fill_at=2026-08-11T00:39:59+00:00 features={"close": 3.077, "bb_lower": 3.0999072769172353, "bb_upper": 3.223426056416099, "rsi": 22.043882319663297, "mfi": 8.1278321290566, "atr": 0.017928571428571387}
[BLOCKED] CTRY reason=max_layers
[SIGNAL] 2026-08-11T00:34:59+00:00 HEITRY BUY fill_at=2026-08-11T00:39:59+00:00 features={"close": 7.095, "bb_lower": 7.116247872468699, "bb_upper": 7.37251403229321, "rsi": 23.215539164721264, "mfi": 19.417214812342436, "atr": 0.03499999999999976}
[ENTRY] 2026-08-11T00:39:59+00:00 HEITRY layer=2 value=342.81 entry=7.09231525 cash=3089.90
[SCAN] 2026-08-11T00:39:59+00:00 symbols=20 signals=3 entries=2 exits=0 blocked=1 open=10 cash=3089.90 equity=9776.27
[SIGNAL] 2026-08-11T00:39:59+00:00 BOMETRY BUY fill_at=2026-08-11T00:44:59+00:00 features={"close": 0.03803, "bb_lower": 0.03842479160708516, "bb_upper": 0.039837113154819595, "rsi": 25.75399342073115, "mfi": 22.300509370742972, "atr": 0.00027499999999999996}
[BLOCKED] BOMETRY reason=max_layers
[SIGNAL] 2026-08-11T00:39:59+00:00 CTRY BUY fill_at=2026-08-11T00:44:59+00:00 features={"close": 3.055, "bb_lower": 3.0796955254009273, "bb_upper": 3.2324949507895493, "rsi": 19.05271347923913, "mfi": 7.8117321441908985, "atr": 0.01942857142857135}
[BLOCKED] CTRY reason=max_layers
[SIGNAL] 2026-08-11T00:39:59+00:00 HEITRY BUY fill_at=2026-08-11T00:44:59+00:00 features={"close": 7.074, "bb_lower": 7.0920448977536195, "bb_upper": 7.371193197484479, "rsi": 21.666382141731575, "mfi": 20.497594873190124, "atr": 0.03907142857142836}
[BLOCKED] HEITRY reason=max_layers
[SCAN] 2026-08-11T00:44:59+00:00 symbols=20 signals=3 entries=0 exits=0 blocked=3 open=10 cash=3089.90 equity=9788.76
[SIGNAL] 2026-08-11T00:44:59+00:00 ACTTRY BUY fill_at=2026-08-11T00:49:59+00:00 features={"close": 0.518, "bb_lower": 0.5209491476395118, "bb_upper": 0.5398318047414408, "rsi": 30.42467393612293, "mfi": 13.810867556709411, "atr": 0.004092857142857136}
[ENTRY] 2026-08-11T00:49:59+00:00 ACTTRY layer=1 value=308.53 entry=0.51978955 cash=2780.91
[SIGNAL] 2026-08-11T00:44:59+00:00 DODOTRY BUY fill_at=2026-08-11T00:49:59+00:00 features={"close": 1.0411, "bb_lower": 1.0433576987733217, "bb_upper": 1.1259565869409638, "rsi": 30.404363421886032, "mfi": 17.21233079408053, "atr": 0.012114285714285697}
[BLOCKED] DODOTRY reason=max_layers
[SCAN] 2026-08-11T00:49:59+00:00 symbols=20 signals=2 entries=1 exits=0 blocked=3 open=11 cash=2780.91 equity=9796.72
[SCAN] 2026-08-11T00:54:59+00:00 symbols=20 signals=0 entries=0 exits=0 blocked=1 open=11 cash=2780.91 equity=9804.91
[EXIT] 2026-08-11T00:59:59+00:00 BMTTRY reason=fixed_stop_loss pnl=-55.33 cash=3325.45
[EXIT] 2026-08-11T00:59:59+00:00 ACTTRY reason=fixed_take_profit pnl=+5.98 cash=3640.42
[SCAN] 2026-08-11T00:59:59+00:00 symbols=20 signals=0 entries=0 exits=2 blocked=0 open=9 cash=3640.42 equity=9790.29
[SIGNAL] 2026-08-11T00:59:59+00:00 BMTTRY BUY fill_at=2026-08-11T01:04:59+00:00 features={"close": 1.041, "bb_lower": 1.0515135273870024, "bb_upper": 1.1165817107082359, "rsi": 31.78893761956087, "mfi": 35.33807331090915, "atr": 0.019142857142857177}
[ENTRY] 2026-08-11T01:04:59+00:00 BMTTRY layer=1 value=363.50 entry=1.04178075 cash=3276.38
[SCAN] 2026-08-11T01:04:59+00:00 symbols=20 signals=1 entries=1 exits=0 blocked=0 open=10 cash=3276.38 equity=9796.10
[SIGNAL] 2026-08-11T01:04:59+00:00 BMTTRY BUY fill_at=2026-08-11T01:09:59+00:00 features={"close": 1.049, "bb_lower": 1.0498595498242957, "bb_upper": 1.1110928311280854, "rsi": 35.42917038219382, "mfi": 35.31197900715699, "atr": 0.02021428571428574}
[ENTRY] 2026-08-11T01:09:59+00:00 BMTTRY layer=2 value=327.15 entry=1.04878600 cash=2948.74
[SCAN] 2026-08-11T01:09:59+00:00 symbols=20 signals=1 entries=1 exits=0 blocked=0 open=10 cash=2948.74 equity=9824.04
[EXIT] 2026-08-11T01:14:59+00:00 HEITRY reason=fixed_take_profit pnl=+9.61 cash=3455.15
[SCAN] 2026-08-11T01:14:59+00:00 symbols=20 signals=0 entries=0 exits=1 blocked=0 open=9 cash=3455.15 equity=9848.85
[SCAN] 2026-08-11T01:19:59+00:00 symbols=20 signals=0 entries=0 exits=0 blocked=0 open=9 cash=3455.15 equity=9849.16
[EXIT] 2026-08-11T01:24:59+00:00 MMTTRY reason=bb_mfi_v3_signal_exit pnl=+3.62 cash=3949.18
[SIGNAL] 2026-08-11T01:19:59+00:00 TSTTRY BUY fill_at=2026-08-11T01:24:59+00:00 features={"close": 0.99, "bb_lower": 0.9942365222755296, "bb_upper": 1.0576682396292314, "rsi": 37.4009848961321, "mfi": 40.93735555620525, "atr": 0.02349999999999999}
[ENTRY] 2026-08-11T01:24:59+00:00 TSTTRY layer=2 value=394.33 entry=0.98473800 cash=3554.26
[SCAN] 2026-08-11T01:24:59+00:00 symbols=20 signals=1 entries=1 exits=1 blocked=0 open=8 cash=3554.26 equity=9855.38
[SCAN] 2026-08-11T01:29:59+00:00 symbols=20 signals=0 entries=0 exits=0 blocked=0 open=8 cash=3554.26 equity=9831.69
[EXIT] 2026-08-11T01:34:59+00:00 NOMTRY reason=bb_mfi_v3_signal_exit pnl=-2.65 cash=4142.10
[SIGNAL] 2026-08-11T01:29:59+00:00 BMTTRY BUY fill_at=2026-08-11T01:34:59+00:00 features={"close": 1.025, "bb_lower": 1.0288382911666487, "bb_upper": 1.114018851690494, "rsi": 31.757935207090526, "mfi": 25.52919680716336, "atr": 0.01957142857142862}
[BLOCKED] BMTTRY reason=max_layers
[SIGNAL] 2026-08-11T01:29:59+00:00 MUBARAKTRY BUY fill_at=2026-08-11T01:34:59+00:00 features={"close": 0.975, "bb_lower": 0.9751330077347069, "bb_upper": 1.0375336589319601, "rsi": 34.01756626323291, "mfi": 58.88197643241153, "atr": 0.01435714285714283}
[ENTRY] 2026-08-11T01:34:59+00:00 MUBARAKTRY layer=1 value=413.59 entry=0.97573125 cash=3727.89
[SCAN] 2026-08-11T01:34:59+00:00 symbols=20 signals=2 entries=1 exits=1 blocked=1 open=8 cash=3727.89 equity=9818.77
[SIGNAL] 2026-08-11T01:34:59+00:00 MUBARAKTRY BUY fill_at=2026-08-11T01:39:59+00:00 features={"close": 0.967, "bb_lower": 0.9694737518490114, "bb_upper": 1.0401452957700368, "rsi": 31.946852739074544, "mfi": 54.070942977287025, "atr": 0.01435714285714283}
[ENTRY] 2026-08-11T01:39:59+00:00 MUBARAKTRY layer=2 value=372.23 entry=0.96572375 cash=3355.10
[SIGNAL] 2026-08-11T01:34:59+00:00 ALLOTRY BUY fill_at=2026-08-11T01:39:59+00:00 features={"close": 14.61, "bb_lower": 14.616636037411059, "bb_upper": 14.94241158163656, "rsi": 32.20952335933592, "mfi": 46.67864278518935, "atr": 0.06499999999999988}
[ENTRY] 2026-08-11T01:39:59+00:00 ALLOTRY layer=1 value=335.01 entry=14.60094250 cash=3019.59
[SCAN] 2026-08-11T01:39:59+00:00 symbols=20 signals=2 entries=2 exits=0 blocked=0 open=9 cash=3019.59 equity=9802.62
[SIGNAL] 2026-08-11T01:39:59+00:00 MUBARAKTRY BUY fill_at=2026-08-11T01:44:59+00:00 features={"close": 0.952, "bb_lower": 0.9602752785395471, "bb_upper": 1.043724721460453, "rsi": 28.431420609695536, "mfi": 31.440682350391498, "atr": 0.014214285714285688}
[BLOCKED] MUBARAKTRY reason=max_layers
[SIGNAL] 2026-08-11T01:39:59+00:00 ALLOTRY BUY fill_at=2026-08-11T01:44:59+00:00 features={"close": 14.56, "bb_lower": 14.590249367278322, "bb_upper": 14.957369680340726, "rsi": 28.76577042726302, "mfi": 37.60139562796273, "atr": 0.06214285714285709}
[ENTRY] 2026-08-11T01:44:59+00:00 ALLOTRY layer=2 value=301.51 entry=14.56091250 cash=2717.63
[SCAN] 2026-08-11T01:44:59+00:00 symbols=20 signals=2 entries=1 exits=0 blocked=1 open=9 cash=2717.63 equity=9782.09
[SIGNAL] 2026-08-11T01:44:59+00:00 ESPTRY BUY fill_at=2026-08-11T01:49:59+00:00 features={"close": 3.407, "bb_lower": 3.4171374670730548, "bb_upper": 3.510957771022182, "rsi": 33.42700389992285, "mfi": 39.42065668375749, "atr": 0.018071428571428516}
[BLOCKED] ESPTRY reason=max_layers
[SIGNAL] 2026-08-11T01:44:59+00:00 MUBARAKTRY BUY fill_at=2026-08-11T01:49:59+00:00 features={"close": 0.945, "bb_lower": 0.950903716388225, "bb_upper": 1.0463343788498705, "rsi": 26.93309633178343, "mfi": 25.629046324842633, "atr": 0.01349999999999998}
[BLOCKED] MUBARAKTRY reason=max_layers
[EXIT] 2026-08-11T01:49:59+00:00 PUMPTRY reason=fixed_take_profit pnl=+10.13 cash=3251.50
[SCAN] 2026-08-11T01:49:59+00:00 symbols=20 signals=2 entries=0 exits=1 blocked=3 open=8 cash=3251.50 equity=9774.61
[SIGNAL] 2026-08-11T01:49:59+00:00 HOMETRY BUY fill_at=2026-08-11T01:54:59+00:00 features={"close": 0.439, "bb_lower": 0.43922191850046394, "bb_upper": 0.4583018910233457, "rsi": 38.18217921717533, "mfi": 36.24401054296236, "atr": 0.004285714285714289}
[ENTRY] 2026-08-11T01:54:59+00:00 HOMETRY layer=1 value=324.66 entry=0.43932925 cash=2926.35
[SIGNAL] 2026-08-11T01:49:59+00:00 TSTTRY BUY fill_at=2026-08-11T01:54:59+00:00 features={"close": 0.961, "bb_lower": 0.9693190299602585, "bb_upper": 1.060490493849265, "rsi": 32.08602193825466, "mfi": 31.313081300825246, "atr": 0.022428571428571416}
[BLOCKED] TSTTRY reason=max_layers
[SIGNAL] 2026-08-11T01:49:59+00:00 ESPTRY BUY fill_at=2026-08-11T01:54:59+00:00 features={"close": 3.398, "bb_lower": 3.4092744507584136, "bb_upper": 3.5155826920987288, "rsi": 31.631116120594243, "mfi": 39.75234863250535, "atr": 0.01814285714285708}
[BLOCKED] ESPTRY reason=max_layers
[SCAN] 2026-08-11T01:54:59+00:00 symbols=20 signals=3 entries=1 exits=0 blocked=2 open=9 cash=2926.35 equity=9774.54
[SIGNAL] 2026-08-11T01:54:59+00:00 HOMETRY BUY fill_at=2026-08-11T01:59:59+00:00 features={"close": 0.437, "bb_lower": 0.4389524970970905, "bb_upper": 0.45847607433148097, "rsi": 35.84536860771145, "mfi": 29.94206243591742, "atr": 0.004142857142857147}
[ENTRY] 2026-08-11T01:59:59+00:00 HOMETRY layer=2 value=292.20 entry=0.43632700 cash=2633.71
[SIGNAL] 2026-08-11T01:54:59+00:00 TSTTRY BUY fill_at=2026-08-11T01:59:59+00:00 features={"close": 0.948, "bb_lower": 0.958586426799999, "bb_upper": 1.061985001771429, "rsi": 29.551537510688874, "mfi": 28.485941344380763, "atr": 0.022642857142857124}
[BLOCKED] TSTTRY reason=max_layers
[SIGNAL] 2026-08-11T01:54:59+00:00 ESPTRY BUY fill_at=2026-08-11T01:59:59+00:00 features={"close": 3.4, "bb_lower": 3.400530549891851, "bb_upper": 3.5192789739176744, "rsi": 32.50410500684386, "mfi": 42.11720869697529, "atr": 0.0183571428571428}
[BLOCKED] ESPTRY reason=max_layers
[SIGNAL] 2026-08-11T01:54:59+00:00 MUBARAKTRY BUY fill_at=2026-08-11T01:59:59+00:00 features={"close": 0.935, "bb_lower": 0.9360609965969875, "bb_upper": 1.0447009081649168, "rsi": 25.10405122091352, "mfi": 34.59115656412777, "atr": 0.013071428571428552}
[BLOCKED] MUBARAKTRY reason=max_layers
[EXIT] 2026-08-11T01:59:59+00:00 BMTTRY reason=fixed_take_profit pnl=+13.38 cash=3338.77
[SCAN] 2026-08-11T01:59:59+00:00 symbols=20 signals=4 entries=1 exits=1 blocked=4 open=8 cash=3338.77 equity=9786.27
[SIGNAL] 2026-08-11T01:59:59+00:00 HOMETRY BUY fill_at=2026-08-11T02:04:59+00:00 features={"close": 0.436, "bb_lower": 0.43691249759766554, "bb_upper": 0.45918274049757263, "rsi": 34.69519275431803, "mfi": 30.052880718756427, "atr": 0.004071428571428575}
[BLOCKED] HOMETRY reason=max_layers
[SCAN] 2026-08-11T02:04:59+00:00 symbols=20 signals=1 entries=0 exits=0 blocked=1 open=8 cash=3338.77 equity=9794.53
[SCAN] 2026-08-11T02:09:59+00:00 symbols=20 signals=0 entries=0 exits=0 blocked=0 open=8 cash=3338.77 equity=9790.96
[SCAN] 2026-08-11T02:14:59+00:00 symbols=20 signals=0 entries=0 exits=0 blocked=0 open=8 cash=3338.77 equity=9763.14
[EXIT] 2026-08-11T02:19:59+00:00 DODOTRY reason=bb_mfi_v3_signal_exit pnl=-6.41 cash=3769.66
[SIGNAL] 2026-08-11T02:14:59+00:00 TSTTRY BUY fill_at=2026-08-11T02:19:59+00:00 features={"close": 0.925, "bb_lower": 0.9312814667254719, "bb_upper": 1.0530042475602426, "rsi": 29.471525451157675, "mfi": 40.360329940263696, "atr": 0.023714285714285688}
[BLOCKED] TSTTRY reason=max_layers
[SIGNAL] 2026-08-11T02:14:59+00:00 BOMETRY BUY fill_at=2026-08-11T02:19:59+00:00 features={"close": 0.03721, "bb_lower": 0.037525718705127345, "bb_upper": 0.03916761462820598, "rsi": 26.834139490014806, "mfi": 43.693333640684536, "atr": 0.00033857142857142815}
[BLOCKED] BOMETRY reason=max_layers
[SCAN] 2026-08-11T02:19:59+00:00 symbols=20 signals=2 entries=0 exits=1 blocked=2 open=7 cash=3769.66 equity=9759.28
[SIGNAL] 2026-08-11T02:19:59+00:00 BOMETRY BUY fill_at=2026-08-11T02:24:59+00:00 features={"close": 0.03691, "bb_lower": 0.03725253171280412, "bb_upper": 0.03929794447767208, "rsi": 24.25412912427352, "mfi": 31.63213628916718, "atr": 0.00034071428571428545}
[BLOCKED] BOMETRY reason=max_layers
[SCAN] 2026-08-11T02:24:59+00:00 symbols=20 signals=1 entries=0 exits=0 blocked=1 open=7 cash=3769.66 equity=9759.43
[SIGNAL] 2026-08-11T02:24:59+00:00 BOMETRY BUY fill_at=2026-08-11T02:29:59+00:00 features={"close": 0.03676, "bb_lower": 0.037007630412376216, "bb_upper": 0.03942189339714759, "rsi": 23.053516058755008, "mfi": 27.8798599162223, "atr": 0.0003128571428571425}
[BLOCKED] BOMETRY reason=max_layers
[EXIT] 2026-08-11T02:29:59+00:00 TSTTRY reason=fixed_stop_loss pnl=-49.16 cash=4253.55
[SCAN] 2026-08-11T02:29:59+00:00 symbols=20 signals=1 entries=0 exits=1 blocked=1 open=6 cash=4253.55 equity=9730.73
[SCAN] 2026-08-11T02:34:59+00:00 symbols=20 signals=0 entries=0 exits=0 blocked=0 open=6 cash=4253.55 equity=9722.46
[SCAN] 2026-08-11T02:39:59+00:00 symbols=20 signals=0 entries=0 exits=0 blocked=0 open=6 cash=4253.55 equity=9710.63
[SCAN] 2026-08-11T02:44:59+00:00 symbols=20 signals=0 entries=0 exits=0 blocked=0 open=6 cash=4253.55 equity=9702.32
[SCAN] 2026-08-11T02:49:59+00:00 symbols=20 signals=0 entries=0 exits=0 blocked=0 open=6 cash=4253.55 equity=9690.90
[SIGNAL] 2026-08-11T02:49:59+00:00 BMTTRY BUY fill_at=2026-08-11T02:54:59+00:00 features={"close": 0.997, "bb_lower": 1.009764998408782, "bb_upper": 1.0749969063531228, "rsi": 34.125666248866, "mfi": 38.09197367899844, "atr": 0.024214285714285744}
[ENTRY] 2026-08-11T02:54:59+00:00 BMTTRY layer=1 value=424.72 entry=0.99874850 cash=3828.19
[SCAN] 2026-08-11T02:54:59+00:00 symbols=20 signals=1 entries=1 exits=0 blocked=0 open=7 cash=3828.19 equity=9704.93
[SIGNAL] 2026-08-11T02:54:59+00:00 BMTTRY BUY fill_at=2026-08-11T02:59:59+00:00 features={"close": 1.001, "bb_lower": 1.0032446511736026, "bb_upper": 1.0765648726359212, "rsi": 35.71533453449891, "mfi": 40.73952071129251, "atr": 0.023642857142857163}
[ENTRY] 2026-08-11T02:59:59+00:00 BMTTRY layer=2 value=382.25 entry=1.00375225 cash=3445.37
[SCAN] 2026-08-11T02:59:59+00:00 symbols=20 signals=1 entries=1 exits=0 blocked=0 open=7 cash=3445.37 equity=9702.39
[EXIT] 2026-08-11T03:04:59+00:00 BMTTRY reason=fixed_take_profit pnl=+15.63 cash=4269.18
[SCAN] 2026-08-11T03:04:59+00:00 symbols=20 signals=0 entries=0 exits=1 blocked=0 open=6 cash=4269.18 equity=9706.77
[SIGNAL] 2026-08-11T03:04:59+00:00 HEMITRY BUY fill_at=2026-08-11T03:09:59+00:00 features={"close": 0.2387, "bb_lower": 0.24561267278527796, "bb_upper": 0.2581968510242459, "rsi": 14.330474484660499, "mfi": 6.246670726040634, "atr": 0.0020571428571428624}
[ENTRY] 2026-08-11T03:09:59+00:00 HEMITRY layer=1 value=426.28 entry=0.23947948 cash=3842.26
[SCAN] 2026-08-11T03:09:59+00:00 symbols=20 signals=1 entries=1 exits=0 blocked=0 open=7 cash=3842.26 equity=9686.01
[SIGNAL] 2026-08-11T03:09:59+00:00 HEMITRY BUY fill_at=2026-08-11T03:14:59+00:00 features={"close": 0.2381, "bb_lower": 0.242642963753325, "bb_upper": 0.2598713219609608, "rsi": 13.87338801628411, "mfi": 4.531340392031893, "atr": 0.00241428571428572}
[ENTRY] 2026-08-11T03:14:59+00:00 HEMITRY layer=2 value=383.65 entry=0.23737790 cash=3458.03
[SCAN] 2026-08-11T03:14:59+00:00 symbols=20 signals=1 entries=1 exits=0 blocked=2 open=7 cash=3458.03 equity=9692.32
[SIGNAL] 2026-08-11T03:14:59+00:00 HOMETRY BUY fill_at=2026-08-11T03:19:59+00:00 features={"close": 0.421, "bb_lower": 0.4216739069636245, "bb_upper": 0.4454689501792325, "rsi": 26.449610532317763, "mfi": 17.310465857161446, "atr": 0.003785714285714289}
[BLOCKED] HOMETRY reason=max_layers
[SIGNAL] 2026-08-11T03:14:59+00:00 HEMITRY BUY fill_at=2026-08-11T03:19:59+00:00 features={"close": 0.2387, "bb_lower": 0.24050554961887283, "bb_upper": 0.2607706408573177, "rsi": 16.750018306237692, "mfi": 7.492304874386974, "atr": 0.0025357142857142917}
[BLOCKED] HEMITRY reason=max_layers
[SCAN] 2026-08-11T03:19:59+00:00 symbols=20 signals=2 entries=0 exits=0 blocked=2 open=7 cash=3458.03 equity=9687.67
[SIGNAL] 2026-08-11T03:19:59+00:00 HEMITRY BUY fill_at=2026-08-11T03:24:59+00:00 features={"close": 0.2384, "bb_lower": 0.2386369197658244, "bb_upper": 0.2614011754722709, "rsi": 16.45236742175723, "mfi": 5.7284630321810255, "atr": 0.0025500000000000067}
[BLOCKED] HEMITRY reason=max_layers
[SCAN] 2026-08-11T03:24:59+00:00 symbols=20 signals=1 entries=0 exits=0 blocked=1 open=7 cash=3458.03 equity=9668.94
[SIGNAL] 2026-08-11T03:24:59+00:00 HEMITRY BUY fill_at=2026-08-11T03:29:59+00:00 features={"close": 0.2362, "bb_lower": 0.23651984838105672, "bb_upper": 0.26211824685703855, "rsi": 14.417051255336304, "mfi": 5.613148196234945, "atr": 0.0027500000000000046}
[BLOCKED] HEMITRY reason=max_layers
[SIGNAL] 2026-08-11T03:24:59+00:00 ALLOTRY BUY fill_at=2026-08-11T03:29:59+00:00 features={"close": 14.36, "bb_lower": 14.392296041870296, "bb_upper": 14.581989672415414, "rsi": 28.622699617987138, "mfi": 20.745402982164592, "atr": 0.045000000000000186}
[BLOCKED] ALLOTRY reason=max_layers
[SCAN] 2026-08-11T03:29:59+00:00 symbols=20 signals=2 entries=0 exits=0 blocked=3 open=7 cash=3458.03 equity=9654.51
[SIGNAL] 2026-08-11T03:29:59+00:00 ALLOTRY BUY fill_at=2026-08-11T03:34:59+00:00 features={"close": 14.36, "bb_lower": 14.374172763070748, "bb_upper": 14.58106533216735, "rsi": 28.622699668649602, "mfi": 30.088621679031988, "atr": 0.04214285714285726}
[BLOCKED] ALLOTRY reason=max_layers
[SCAN] 2026-08-11T03:34:59+00:00 symbols=20 signals=1 entries=0 exits=0 blocked=2 open=7 cash=3458.03 equity=9663.22
[SCAN] 2026-08-11T03:39:59+00:00 symbols=20 signals=0 entries=0 exits=0 blocked=0 open=7 cash=3458.03 equity=9667.19
[SCAN] 2026-08-11T03:44:59+00:00 symbols=20 signals=0 entries=0 exits=0 blocked=0 open=7 cash=3458.03 equity=9693.52
[SCAN] 2026-08-11T03:49:59+00:00 symbols=20 signals=0 entries=0 exits=0 blocked=0 open=7 cash=3458.03 equity=9712.23
[SCAN] 2026-08-11T03:54:59+00:00 symbols=20 signals=0 entries=0 exits=0 blocked=0 open=7 cash=3458.03 equity=9755.81
[SCAN] 2026-08-11T03:59:59+00:00 symbols=20 signals=0 entries=0 exits=0 blocked=0 open=7 cash=3458.03 equity=9730.89
[SIGNAL] 2026-08-11T03:59:59+00:00 MMTTRY BUY fill_at=2026-08-11T04:04:59+00:00 features={"close": 9.69, "bb_lower": 9.69410969784889, "bb_upper": 9.950652206913016, "rsi": 34.640753398234935, "mfi": 35.126420449611274, "atr": 0.045000000000000435}
[ENTRY] 2026-08-11T04:04:59+00:00 MMTTRY layer=1 value=345.29 entry=9.68726000 cash=3112.23
[SCAN] 2026-08-11T04:04:59+00:00 symbols=20 signals=1 entries=1 exits=0 blocked=0 open=8 cash=3112.23 equity=9740.14
[SCAN] 2026-08-11T04:09:59+00:00 symbols=20 signals=0 entries=0 exits=0 blocked=1 open=8 cash=3112.23 equity=9756.08
[EXIT] 2026-08-11T04:14:59+00:00 CTRY reason=bb_mfi_v3_signal_exit pnl=-18.22 cash=4435.45
[SCAN] 2026-08-11T04:14:59+00:00 symbols=20 signals=0 entries=0 exits=1 blocked=2 open=7 cash=4435.45 equity=9747.57
[SCAN] 2026-08-11T04:19:59+00:00 symbols=20 signals=0 entries=0 exits=0 blocked=1 open=7 cash=4435.45 equity=9751.82
[SCAN] 2026-08-11T04:24:59+00:00 symbols=20 signals=0 entries=0 exits=0 blocked=0 open=7 cash=4435.45 equity=9744.10
[SCAN] 2026-08-11T04:29:59+00:00 symbols=20 signals=0 entries=0 exits=0 blocked=0 open=7 cash=4435.45 equity=9729.00
[SCAN] 2026-08-11T04:34:59+00:00 symbols=20 signals=0 entries=0 exits=0 blocked=0 open=7 cash=4435.45 equity=9715.59
[SIGNAL] 2026-08-11T04:34:59+00:00 MUBARAKTRY BUY fill_at=2026-08-11T04:39:59+00:00 features={"close": 0.912, "bb_lower": 0.9204715653634106, "bb_upper": 0.9670522441603988, "rsi": 29.546340712258058, "mfi": 40.698003953739935, "atr": 0.011714285714285708}
[BLOCKED] MUBARAKTRY reason=max_layers
[SCAN] 2026-08-11T04:39:59+00:00 symbols=20 signals=1 entries=0 exits=0 blocked=1 open=7 cash=4435.45 equity=9717.59
[SIGNAL] 2026-08-11T04:39:59+00:00 MUBARAKTRY BUY fill_at=2026-08-11T04:44:59+00:00 features={"close": 0.901, "bb_lower": 0.9122307730865629, "bb_upper": 0.9713882745324847, "rsi": 26.239438937195715, "mfi": 39.00250285997273, "atr": 0.012428571428571424}
[BLOCKED] MUBARAKTRY reason=max_layers
[SCAN] 2026-08-11T04:44:59+00:00 symbols=20 signals=1 entries=0 exits=0 blocked=1 open=7 cash=4435.45 equity=9714.09
[SIGNAL] 2026-08-11T04:44:59+00:00 MUBARAKTRY BUY fill_at=2026-08-11T04:49:59+00:00 features={"close": 0.902, "bb_lower": 0.9058518227082356, "bb_upper": 0.9740529391965264, "rsi": 27.04361345676149, "mfi": 38.871679266349055, "atr": 0.012642857142857138}
[BLOCKED] MUBARAKTRY reason=max_layers
[SCAN] 2026-08-11T04:49:59+00:00 symbols=20 signals=1 entries=0 exits=0 blocked=2 open=7 cash=4435.45 equity=9715.61
[SCAN] 2026-08-11T04:54:59+00:00 symbols=20 signals=0 entries=0 exits=0 blocked=1 open=7 cash=4435.45 equity=9711.18
[SIGNAL] 2026-08-11T04:54:59+00:00 MUBARAKTRY BUY fill_at=2026-08-11T04:59:59+00:00 features={"close": 0.893, "bb_lower": 0.8936492855314707, "bb_upper": 0.9776840478018624, "rsi": 24.763650788877754, "mfi": 26.74464620061684, "atr": 0.01328571428571429}
[BLOCKED] MUBARAKTRY reason=max_layers
[SCAN] 2026-08-11T04:59:59+00:00 symbols=20 signals=1 entries=0 exits=0 blocked=1 open=7 cash=4435.45 equity=9704.57
[SIGNAL] 2026-08-11T04:59:59+00:00 TSTTRY BUY fill_at=2026-08-11T05:04:59+00:00 features={"close": 0.898, "bb_lower": 0.8984828093403616, "bb_upper": 0.9810410001834478, "rsi": 32.76935132655018, "mfi": 22.750171113440288, "atr": 0.01378571428571429}
[ENTRY] 2026-08-11T05:04:59+00:00 TSTTRY layer=1 value=442.88 entry=0.89667200 cash=3991.90
[SIGNAL] 2026-08-11T04:59:59+00:00 HEITRY BUY fill_at=2026-08-11T05:04:59+00:00 features={"close": 7.249, "bb_lower": 7.278706016174997, "bb_upper": 7.800532079063098, "rsi": 35.555126718273485, "mfi": 35.188070269468156, "atr": 0.09892857142857135}
[ENTRY] 2026-08-11T05:04:59+00:00 HEITRY layer=1 value=398.59 entry=7.25243525 cash=3592.71
[EXIT] 2026-08-11T05:04:59+00:00 MUBARAKTRY reason=fixed_stop_loss pnl=-72.59 cash=4307.13
[SCAN] 2026-08-11T05:04:59+00:00 symbols=20 signals=2 entries=2 exits=1 blocked=1 open=8 cash=4307.13 equity=9712.58
[SIGNAL] 2026-08-11T05:04:59+00:00 PUMPTRY BUY fill_at=2026-08-11T05:09:59+00:00 features={"close": 0.1333, "bb_lower": 0.13352921922386732, "bb_upper": 0.13590887601422788, "rsi": 36.524651498542774, "mfi": 13.832126576388049, "atr": 0.00073571428571428}
[ENTRY] 2026-08-11T05:09:59+00:00 PUMPTRY layer=1 value=430.07 entry=0.13350005 cash=3876.42
[EXIT] 2026-08-11T05:09:59+00:00 MMTTRY reason=fixed_take_profit pnl=+6.69 cash=4228.91
[SCAN] 2026-08-11T05:09:59+00:00 symbols=20 signals=1 entries=1 exits=1 blocked=0 open=8 cash=4228.91 equity=9707.46
[SCAN] 2026-08-11T05:14:59+00:00 symbols=20 signals=0 entries=0 exits=0 blocked=0 open=8 cash=4228.91 equity=9701.07
[SCAN] 2026-08-11T05:19:59+00:00 symbols=20 signals=0 entries=0 exits=0 blocked=0 open=8 cash=4228.91 equity=9714.68
[SIGNAL] 2026-08-11T05:19:59+00:00 ACTTRY BUY fill_at=2026-08-11T05:24:59+00:00 features={"close": 0.5255, "bb_lower": 0.5288904339412852, "bb_upper": 0.5455286136777622, "rsi": 35.138517089712266, "mfi": 26.519646187676756, "atr": 0.0038071428571428423}
[ENTRY] 2026-08-11T05:24:59+00:00 ACTTRY layer=1 value=422.26 entry=0.52479330 cash=3806.02
[SCAN] 2026-08-11T05:24:59+00:00 symbols=20 signals=1 entries=1 exits=0 blocked=0 open=9 cash=3806.02 equity=9728.16
[SCAN] 2026-08-11T05:29:59+00:00 symbols=20 signals=0 entries=0 exits=0 blocked=0 open=9 cash=3806.02 equity=9728.27
[SIGNAL] 2026-08-11T05:29:59+00:00 ACTTRY BUY fill_at=2026-08-11T05:34:59+00:00 features={"close": 0.5266, "bb_lower": 0.5266614125964167, "bb_upper": 0.5465195397845356, "rsi": 38.496705966112486, "mfi": 40.6137455198534, "atr": 0.004185714285714269}
[ENTRY] 2026-08-11T05:34:59+00:00 ACTTRY layer=2 value=380.03 entry=0.52749533 cash=3425.41
[SCAN] 2026-08-11T05:34:59+00:00 symbols=20 signals=1 entries=1 exits=0 blocked=0 open=9 cash=3425.41 equity=9716.68
[SIGNAL] 2026-08-11T05:34:59+00:00 ACTTRY BUY fill_at=2026-08-11T05:39:59+00:00 features={"close": 0.5206, "bb_lower": 0.5237691623039684, "bb_upper": 0.5475451234103172, "rsi": 32.0195286637795, "mfi": 36.6466555981904, "atr": 0.00453571428571427}
[BLOCKED] ACTTRY reason=max_layers
[SCAN] 2026-08-11T05:39:59+00:00 symbols=20 signals=1 entries=0 exits=0 blocked=2 open=9 cash=3425.41 equity=9706.97
[SIGNAL] 2026-08-11T05:39:59+00:00 ACTTRY BUY fill_at=2026-08-11T05:44:59+00:00 features={"close": 0.5185, "bb_lower": 0.5209585564645984, "bb_upper": 0.5480985863925443, "rsi": 30.099317413434633, "mfi": 36.24059269282264, "atr": 0.004714285714285703}
[BLOCKED] ACTTRY reason=max_layers
[SCAN] 2026-08-11T05:44:59+00:00 symbols=20 signals=1 entries=0 exits=0 blocked=2 open=9 cash=3425.41 equity=9698.79
[SIGNAL] 2026-08-11T05:44:59+00:00 BMTTRY BUY fill_at=2026-08-11T05:49:59+00:00 features={"close": 0.989, "bb_lower": 0.9920341591293879, "bb_upper": 1.0823467932515647, "rsi": 31.824263964325908, "mfi": 7.689558756443446, "atr": 0.017214285714285682}
[ENTRY] 2026-08-11T05:49:59+00:00 BMTTRY layer=1 value=342.03 entry=0.98974175 cash=3082.87
[SIGNAL] 2026-08-11T05:44:59+00:00 ACTTRY BUY fill_at=2026-08-11T05:49:59+00:00 features={"close": 0.5176, "bb_lower": 0.5184836937816114, "bb_upper": 0.5481924966945789, "rsi": 29.28395784080243, "mfi": 30.57681878940639, "atr": 0.004564285714285711}
[BLOCKED] ACTTRY reason=max_layers
[SCAN] 2026-08-11T05:49:59+00:00 symbols=20 signals=2 entries=1 exits=0 blocked=1 open=10 cash=3082.87 equity=9693.60
[SIGNAL] 2026-08-11T05:49:59+00:00 BMTTRY BUY fill_at=2026-08-11T05:54:59+00:00 features={"close": 0.982, "bb_lower": 0.9838274469631233, "bb_upper": 1.083124933989257, "rsi": 30.020889905582138, "mfi": 7.836856760258655, "atr": 0.01714285714285712}
[ENTRY] 2026-08-11T05:54:59+00:00 BMTTRY layer=2 value=307.83 entry=0.98373725 cash=2774.59
[SIGNAL] 2026-08-11T05:49:59+00:00 SAGATRY BUY fill_at=2026-08-11T05:54:59+00:00 features={"close": 0.703, "bb_lower": 0.7045883452013341, "bb_upper": 0.7229354643224754, "rsi": 31.625114867095306, "mfi": 42.28575927090625, "atr": 0.00335714285714286}
[ENTRY] 2026-08-11T05:54:59+00:00 SAGATRY layer=1 value=277.04 entry=0.70352725 cash=2497.13
[SIGNAL] 2026-08-11T05:49:59+00:00 ACTTRY BUY fill_at=2026-08-11T05:54:59+00:00 features={"close": 0.514, "bb_lower": 0.5155794572717705, "bb_upper": 0.5484014951091818, "rsi": 26.20756822322761, "mfi": 34.977126674025996, "atr": 0.004935714285714281}
[BLOCKED] ACTTRY reason=max_layers
[SCAN] 2026-08-11T05:54:59+00:00 symbols=20 signals=3 entries=2 exits=0 blocked=1 open=11 cash=2497.13 equity=9675.22
[SIGNAL] 2026-08-11T05:54:59+00:00 SAGATRY BUY fill_at=2026-08-11T05:59:59+00:00 features={"close": 0.702, "bb_lower": 0.7027138488514815, "bb_upper": 0.7234766273389948, "rsi": 30.477372432951015, "mfi": 36.201424762444326, "atr": 0.0034285714285714314}
[ENTRY] 2026-08-11T05:59:59+00:00 SAGATRY layer=2 value=249.34 entry=0.70252650 cash=2247.41
[SCAN] 2026-08-11T05:59:59+00:00 symbols=20 signals=1 entries=1 exits=0 blocked=0 open=11 cash=2247.41 equity=9693.35
[SCAN] 2026-08-11T06:04:59+00:00 symbols=20 signals=0 entries=0 exits=0 blocked=0 open=11 cash=2247.41 equity=9656.78
[SIGNAL] 2026-08-11T06:04:59+00:00 BMTTRY BUY fill_at=2026-08-11T06:09:59+00:00 features={"close": 0.965, "bb_lower": 0.9686130671708897, "bb_upper": 1.0683393137814914, "rsi": 26.08847716234824, "mfi": 6.478554642662274, "atr": 0.017071428571428553}
[BLOCKED] BMTTRY reason=max_layers
[SIGNAL] 2026-08-11T06:04:59+00:00 TSTTRY BUY fill_at=2026-08-11T06:09:59+00:00 features={"close": 0.83, "bb_lower": 0.8461713587326587, "bb_upper": 0.9448762603149605, "rsi": 25.354204089120742, "mfi": 16.224999553710617, "atr": 0.01757142857142859}
[ENTRY] 2026-08-11T06:09:59+00:00 TSTTRY layer=2 value=224.40 entry=0.82962175 cash=2022.67
[SCAN] 2026-08-11T06:09:59+00:00 symbols=20 signals=2 entries=1 exits=0 blocked=1 open=11 cash=2022.67 equity=9621.95
[SIGNAL] 2026-08-11T06:09:59+00:00 BMTTRY BUY fill_at=2026-08-11T06:14:59+00:00 features={"close": 0.952, "bb_lower": 0.9594233810759557, "bb_upper": 1.0673385236859487, "rsi": 23.249692127823835, "mfi": 2.7083368063225635, "atr": 0.01685714285714285}
[BLOCKED] BMTTRY reason=max_layers
[SIGNAL] 2026-08-11T06:09:59+00:00 TSTTRY BUY fill_at=2026-08-11T06:14:59+00:00 features={"close": 0.816, "bb_lower": 0.8353483719207087, "bb_upper": 0.9428421042697674, "rsi": 22.997948698893623, "mfi": 13.991590487758856, "atr": 0.01871428571428572}
[BLOCKED] TSTTRY reason=max_layers
[SIGNAL] 2026-08-11T06:09:59+00:00 ACTTRY BUY fill_at=2026-08-11T06:14:59+00:00 features={"close": 0.503, "bb_lower": 0.5051089604833426, "bb_upper": 0.5475767538023716, "rsi": 22.80358469845062, "mfi": 18.367907310201616, "atr": 0.005950000000000003}
[BLOCKED] ACTTRY reason=max_layers
[EXIT] 2026-08-11T06:14:59+00:00 PUMPTRY reason=fixed_take_profit pnl=+8.33 cash=2461.72
[SCAN] 2026-08-11T06:14:59+00:00 symbols=20 signals=3 entries=0 exits=1 blocked=4 open=10 cash=2461.72 equity=9632.71
[SIGNAL] 2026-08-11T06:14:59+00:00 TSTTRY BUY fill_at=2026-08-11T06:19:59+00:00 features={"close": 0.814, "bb_lower": 0.8241244262039626, "bb_upper": 0.9431136690341324, "rsi": 22.671868956220365, "mfi": 19.264373699211433, "atr": 0.018357142857142857}
[BLOCKED] TSTTRY reason=max_layers
[EXIT] 2026-08-11T06:19:59+00:00 TSTTRY reason=fixed_stop_loss pnl=-61.64 cash=3068.37
[SCAN] 2026-08-11T06:19:59+00:00 symbols=20 signals=1 entries=0 exits=1 blocked=2 open=9 cash=3068.37 equity=9581.47
[SIGNAL] 2026-08-11T06:19:59+00:00 HOMETRY BUY fill_at=2026-08-11T06:24:59+00:00 features={"close": 0.429, "bb_lower": 0.4290590304203164, "bb_upper": 0.4425600171987311, "rsi": 37.35096377466099, "mfi": 35.465850434024446, "atr": 0.0034285714285714314}
[BLOCKED] HOMETRY reason=max_layers
[SIGNAL] 2026-08-11T06:19:59+00:00 TSTTRY BUY fill_at=2026-08-11T06:24:59+00:00 features={"close": 0.783, "bb_lower": 0.8057111375473931, "bb_upper": 0.9490507672145114, "rsi": 18.312074615976357, "mfi": 17.969687101736895, "atr": 0.020642857142857136}
[ENTRY] 2026-08-11T06:24:59+00:00 TSTTRY layer=1 value=306.38 entry=0.78959175 cash=2761.53
[SIGNAL] 2026-08-11T06:19:59+00:00 SAGATRY BUY fill_at=2026-08-11T06:24:59+00:00 features={"close": 0.694, "bb_lower": 0.6943855988328235, "bb_upper": 0.7256144011671765, "rsi": 29.30706086420004, "mfi": 33.97975462313343, "atr": 0.004428571428571433}
[BLOCKED] SAGATRY reason=max_layers
[SCAN] 2026-08-11T06:24:59+00:00 symbols=20 signals=3 entries=1 exits=0 blocked=3 open=10 cash=2761.53 equity=9597.88
[SIGNAL] 2026-08-11T06:24:59+00:00 HOMETRY BUY fill_at=2026-08-11T06:29:59+00:00 features={"close": 0.428, "bb_lower": 0.4281245646467335, "bb_upper": 0.44301829249612373, "rsi": 35.70356269986608, "mfi": 28.52124696488714, "atr": 0.0032142857142857173}
[BLOCKED] HOMETRY reason=max_layers
[SIGNAL] 2026-08-11T06:24:59+00:00 TSTTRY BUY fill_at=2026-08-11T06:29:59+00:00 features={"close": 0.788, "bb_lower": 0.7923243927100552, "bb_upper": 0.9503422739566116, "rsi": 20.967622586675745, "mfi": 16.752883087486808, "atr": 0.02121428571428571}
[ENTRY] 2026-08-11T06:29:59+00:00 TSTTRY layer=2 value=275.74 entry=0.78859100 cash=2485.38
[SIGNAL] 2026-08-11T06:24:59+00:00 BOMETRY BUY fill_at=2026-08-11T06:29:59+00:00 features={"close": 0.0362, "bb_lower": 0.03622715127859765, "bb_upper": 0.03711570586425949, "rsi": 38.950485068445154, "mfi": 34.40767174255225, "atr": 0.0001942857142857133}
[BLOCKED] BOMETRY reason=max_layers
[SCAN] 2026-08-11T06:29:59+00:00 symbols=20 signals=3 entries=1 exits=0 blocked=2 open=10 cash=2485.38 equity=9599.22
[SCAN] 2026-08-11T06:34:59+00:00 symbols=20 signals=0 entries=0 exits=0 blocked=1 open=10 cash=2485.38 equity=9590.42
[SCAN] 2026-08-11T06:39:59+00:00 symbols=20 signals=0 entries=0 exits=0 blocked=0 open=10 cash=2485.38 equity=9598.86
[SCAN] 2026-08-11T06:44:59+00:00 symbols=20 signals=0 entries=0 exits=0 blocked=0 open=10 cash=2485.38 equity=9609.48
[SCAN] 2026-08-11T06:49:59+00:00 symbols=20 signals=0 entries=0 exits=0 blocked=0 open=10 cash=2485.38 equity=9586.70
[SIGNAL] 2026-08-11T06:49:59+00:00 MUBARAKTRY BUY fill_at=2026-08-11T06:54:59+00:00 features={"close": 0.838, "bb_lower": 0.839662460365245, "bb_upper": 0.8935756348728505, "rsi": 24.84217449430963, "mfi": 28.084821130838833, "atr": 0.009785714285714295}
[ENTRY] 2026-08-11T06:54:59+00:00 MUBARAKTRY layer=1 value=248.17 entry=0.84063000 cash=2236.84
[SCAN] 2026-08-11T06:54:59+00:00 symbols=20 signals=1 entries=1 exits=0 blocked=0 open=11 cash=2236.84 equity=9567.54
[SCAN] 2026-08-11T06:59:59+00:00 symbols=20 signals=0 entries=0 exits=0 blocked=0 open=11 cash=2236.84 equity=9589.14
[SIGNAL] 2026-08-11T06:59:59+00:00 BOMETRY BUY fill_at=2026-08-11T07:04:59+00:00 features={"close": 0.03573, "bb_lower": 0.03577775597960723, "bb_upper": 0.037090815448964205, "rsi": 29.993637294326504, "mfi": 17.605911653230862, "atr": 0.00023000000000000003}
[BLOCKED] BOMETRY reason=max_layers
[SCAN] 2026-08-11T07:04:59+00:00 symbols=20 signals=1 entries=0 exits=0 blocked=1 open=11 cash=2236.84 equity=9585.85
[SCAN] 2026-08-11T07:09:59+00:00 symbols=20 signals=0 entries=0 exits=0 blocked=0 open=11 cash=2236.84 equity=9551.78
[SIGNAL] 2026-08-11T07:09:59+00:00 SAGATRY BUY fill_at=2026-08-11T07:14:59+00:00 features={"close": 0.683, "bb_lower": 0.6868292808116893, "bb_upper": 0.7135516715692628, "rsi": 26.832680684459163, "mfi": 25.36310474121548, "atr": 0.004928571428571425}
[BLOCKED] SAGATRY reason=max_layers
[SIGNAL] 2026-08-11T07:09:59+00:00 HEITRY BUY fill_at=2026-08-11T07:14:59+00:00 features={"close": 7.079, "bb_lower": 7.087968075935756, "bb_upper": 7.303079543111864, "rsi": 34.23450399012749, "mfi": 34.49168738527551, "atr": 0.05471428571428578}
[ENTRY] 2026-08-11T07:14:59+00:00 HEITRY layer=2 value=223.35 entry=7.08130700 cash=2013.15
[SCAN] 2026-08-11T07:14:59+00:00 symbols=20 signals=2 entries=1 exits=0 blocked=1 open=11 cash=2013.15 equity=9525.35
[SIGNAL] 2026-08-11T07:14:59+00:00 SAGATRY BUY fill_at=2026-08-11T07:19:59+00:00 features={"close": 0.681, "bb_lower": 0.6842400598540102, "bb_upper": 0.7130932734793229, "rsi": 25.518919265246637, "mfi": 23.971319105564575, "atr": 0.004714285714285711}
[BLOCKED] SAGATRY reason=max_layers
[SIGNAL] 2026-08-11T07:14:59+00:00 HEITRY BUY fill_at=2026-08-11T07:19:59+00:00 features={"close": 6.965, "bb_lower": 7.040322726646786, "bb_upper": 7.321677273353216, "rsi": 27.217944898017976, "mfi": 29.510908226647942, "atr": 0.05764285714285723}
[BLOCKED] HEITRY reason=max_layers
[SCAN] 2026-08-11T07:19:59+00:00 symbols=20 signals=2 entries=0 exits=0 blocked=2 open=11 cash=2013.15 equity=9537.34
[SIGNAL] 2026-08-11T07:19:59+00:00 HEITRY BUY fill_at=2026-08-11T07:24:59+00:00 features={"close": 7.014, "bb_lower": 7.015794534993354, "bb_upper": 7.323824512625697, "rsi": 33.55884161516329, "mfi": 38.101055201095946, "atr": 0.06057142857142862}
[BLOCKED] HEITRY reason=max_layers
[EXIT] 2026-08-11T07:24:59+00:00 ALLOTRY reason=fixed_take_profit pnl=+12.33 cash=2662.95
[SCAN] 2026-08-11T07:24:59+00:00 symbols=20 signals=1 entries=0 exits=1 blocked=1 open=10 cash=2662.95 equity=9515.73
[SIGNAL] 2026-08-11T07:24:59+00:00 HEITRY BUY fill_at=2026-08-11T07:29:59+00:00 features={"close": 6.982, "bb_lower": 6.989274906945915, "bb_upper": 7.323106045435037, "rsi": 31.61046354710733, "mfi": 33.80109241890527, "atr": 0.061071428571428665}
[BLOCKED] HEITRY reason=max_layers
[EXIT] 2026-08-11T07:29:59+00:00 TSTTRY reason=fixed_stop_loss pnl=-53.77 cash=3192.17
[SCAN] 2026-08-11T07:29:59+00:00 symbols=20 signals=1 entries=0 exits=1 blocked=1 open=9 cash=3192.17 equity=9505.15
[SCAN] 2026-08-11T07:34:59+00:00 symbols=20 signals=0 entries=0 exits=0 blocked=2 open=9 cash=3192.17 equity=9511.34
[SCAN] 2026-08-11T07:39:59+00:00 symbols=20 signals=0 entries=0 exits=0 blocked=0 open=9 cash=3192.17 equity=9533.59
[SIGNAL] 2026-08-11T07:39:59+00:00 HOMETRY BUY fill_at=2026-08-11T07:44:59+00:00 features={"close": 0.425, "bb_lower": 0.42500529372980533, "bb_upper": 0.4352804205559091, "rsi": 32.51394843396788, "mfi": 24.29643361734189, "atr": 0.0023571428571428593}
[BLOCKED] HOMETRY reason=max_layers
[SCAN] 2026-08-11T07:44:59+00:00 symbols=20 signals=1 entries=0 exits=0 blocked=1 open=9 cash=3192.17 equity=9541.68
[EXIT] 2026-08-11T07:49:59+00:00 HEITRY reason=fixed_take_profit pnl=+12.05 cash=3827.09
[SCAN] 2026-08-11T07:49:59+00:00 symbols=20 signals=0 entries=0 exits=1 blocked=0 open=8 cash=3827.09 equity=9533.03
[SIGNAL] 2026-08-11T07:49:59+00:00 NOMTRY BUY fill_at=2026-08-11T07:54:59+00:00 features={"close": 0.076, "bb_lower": 0.0762301860977529, "bb_upper": 0.07853171866415187, "rsi": 23.31342359901616, "mfi": 5.461568897969329, "atr": 0.00035714285714285747}
[ENTRY] 2026-08-11T07:54:59+00:00 NOMTRY layer=1 value=382.14 entry=0.07705775 cash=3444.38
[SIGNAL] 2026-08-11T07:49:59+00:00 HEMITRY BUY fill_at=2026-08-11T07:54:59+00:00 features={"close": 0.2358, "bb_lower": 0.23646430983611819, "bb_upper": 0.2404594996876914, "rsi": 32.66496237429669, "mfi": 31.71596276180192, "atr": 0.0011142857142857165}
[BLOCKED] HEMITRY reason=max_layers
[SCAN] 2026-08-11T07:54:59+00:00 symbols=20 signals=2 entries=1 exits=0 blocked=1 open=9 cash=3444.38 equity=9524.64
[SIGNAL] 2026-08-11T07:54:59+00:00 HEMITRY BUY fill_at=2026-08-11T07:59:59+00:00 features={"close": 0.2361, "bb_lower": 0.23616327800924578, "bb_upper": 0.24038910294313529, "rsi": 35.205248663750254, "mfi": 30.661111858951116, "atr": 0.0011500000000000021}
[BLOCKED] HEMITRY reason=max_layers
[SCAN] 2026-08-11T07:59:59+00:00 symbols=20 signals=1 entries=0 exits=0 blocked=1 open=9 cash=3444.38 equity=9522.25
[SCAN] 2026-08-11T08:04:59+00:00 symbols=20 signals=0 entries=0 exits=0 blocked=0 open=9 cash=3444.38 equity=9545.37
[SCAN] 2026-08-11T08:09:59+00:00 symbols=20 signals=0 entries=0 exits=0 blocked=0 open=9 cash=3444.38 equity=9553.64
[SCAN] 2026-08-11T08:14:59+00:00 symbols=20 signals=0 entries=0 exits=0 blocked=0 open=9 cash=3444.38 equity=9526.43
[SCAN] 2026-08-11T08:19:59+00:00 symbols=20 signals=0 entries=0 exits=0 blocked=1 open=9 cash=3444.38 equity=9534.69
[SIGNAL] 2026-08-11T08:19:59+00:00 DODOTRY BUY fill_at=2026-08-11T08:24:59+00:00 features={"close": 0.9801, "bb_lower": 0.983209233265837, "bb_upper": 1.0128669572103537, "rsi": 31.41822614037183, "mfi": 23.626964795404874, "atr": 0.008014285714285656}
[ENTRY] 2026-08-11T08:24:59+00:00 DODOTRY layer=1 value=343.92 entry=0.98123538 cash=3099.95
[EXIT] 2026-08-11T08:24:59+00:00 MUBARAKTRY reason=fixed_take_profit pnl=+4.81 cash=3353.29
[SCAN] 2026-08-11T08:24:59+00:00 symbols=20 signals=1 entries=1 exits=1 blocked=0 open=9 cash=3353.29 equity=9543.74
[SIGNAL] 2026-08-11T08:24:59+00:00 DODOTRY BUY fill_at=2026-08-11T08:29:59+00:00 features={"close": 0.9787, "bb_lower": 0.9804165912892545, "bb_upper": 1.0128310277583648, "rsi": 30.61008491653179, "mfi": 23.228791394089043, "atr": 0.007514285714285656}
[ENTRY] 2026-08-11T08:29:59+00:00 DODOTRY layer=2 value=334.83 entry=0.98033470 cash=3017.96
[SCAN] 2026-08-11T08:29:59+00:00 symbols=20 signals=1 entries=1 exits=0 blocked=0 open=9 cash=3017.96 equity=9548.66
[SCAN] 2026-08-11T08:34:59+00:00 symbols=20 signals=0 entries=0 exits=0 blocked=0 open=9 cash=3017.96 equity=9553.52
[SCAN] 2026-08-11T08:39:59+00:00 symbols=20 signals=0 entries=0 exits=0 blocked=0 open=9 cash=3017.96 equity=9567.31
[SCAN] 2026-08-11T08:44:59+00:00 symbols=20 signals=0 entries=0 exits=0 blocked=0 open=9 cash=3017.96 equity=9581.60
[SCAN] 2026-08-11T08:49:59+00:00 symbols=20 signals=0 entries=0 exits=0 blocked=0 open=9 cash=3017.96 equity=9582.45
[EXIT] 2026-08-11T08:54:59+00:00 DODOTRY reason=fixed_take_profit pnl=+13.15 cash=3710.88
[SCAN] 2026-08-11T08:54:59+00:00 symbols=20 signals=0 entries=0 exits=1 blocked=0 open=8 cash=3710.88 equity=9593.50
[SIGNAL] 2026-08-11T08:54:59+00:00 ACTTRY BUY fill_at=2026-08-11T08:59:59+00:00 features={"close": 0.4968, "bb_lower": 0.4969406384997124, "bb_upper": 0.5050784091193352, "rsi": 35.804020316224225, "mfi": 52.452776074147664, "atr": 0.0029357142857142837}
[BLOCKED] ACTTRY reason=max_layers
[SCAN] 2026-08-11T08:59:59+00:00 symbols=20 signals=1 entries=0 exits=0 blocked=1 open=8 cash=3710.88 equity=9594.47
[SCAN] 2026-08-11T09:04:59+00:00 symbols=20 signals=0 entries=0 exits=0 blocked=0 open=8 cash=3710.88 equity=9588.18
[SCAN] 2026-08-11T09:09:59+00:00 symbols=20 signals=0 entries=0 exits=0 blocked=0 open=8 cash=3710.88 equity=9583.01
[SCAN] 2026-08-11T09:14:59+00:00 symbols=20 signals=0 entries=0 exits=0 blocked=1 open=8 cash=3710.88 equity=9585.19
[SCAN] 2026-08-11T09:19:59+00:00 symbols=20 signals=0 entries=0 exits=0 blocked=1 open=8 cash=3710.88 equity=9565.99
[SIGNAL] 2026-08-11T09:19:59+00:00 MAVTRY BUY fill_at=2026-08-11T09:24:59+00:00 features={"close": 0.5, "bb_lower": 0.5038302375369978, "bb_upper": 0.5475983338915733, "rsi": 39.10432310496272, "mfi": 28.01148124936438, "atr": 0.01857142857142859}
[ENTRY] 2026-08-11T09:24:59+00:00 MAVTRY layer=1 value=370.53 entry=0.50037500 cash=3339.79
[EXIT] 2026-08-11T09:24:59+00:00 MAVTRY reason=fixed_take_profit pnl=+7.18 cash=3718.05
[SCAN] 2026-08-11T09:24:59+00:00 symbols=20 signals=1 entries=1 exits=1 blocked=1 open=8 cash=3718.05 equity=9571.21
[SCAN] 2026-08-11T09:29:59+00:00 symbols=20 signals=0 entries=0 exits=0 blocked=0 open=8 cash=3718.05 equity=9562.35
[SIGNAL] 2026-08-11T09:29:59+00:00 MAVTRY BUY fill_at=2026-08-11T09:34:59+00:00 features={"close": 0.48, "bb_lower": 0.4945480161985957, "bb_upper": 0.5530710314204518, "rsi": 34.8705312689918, "mfi": 27.754864173884982, "atr": 0.020000000000000018}
[ENTRY] 2026-08-11T09:34:59+00:00 MAVTRY layer=1 value=371.25 entry=0.49036750 cash=3346.25
[SCAN] 2026-08-11T09:34:59+00:00 symbols=20 signals=1 entries=1 exits=0 blocked=0 open=9 cash=3346.25 equity=9562.12
[SIGNAL] 2026-08-11T09:34:59+00:00 MAVTRY BUY fill_at=2026-08-11T09:39:59+00:00 features={"close": 0.48, "bb_lower": 0.48719834826992653, "bb_upper": 0.5566111755395975, "rsi": 34.87053127117714, "mfi": 24.45864851285708, "atr": 0.019285714285714302}
[ENTRY] 2026-08-11T09:39:59+00:00 MAVTRY layer=2 value=334.12 entry=0.48036000 cash=3011.62
[SCAN] 2026-08-11T09:39:59+00:00 symbols=20 signals=1 entries=1 exits=0 blocked=0 open=9 cash=3011.62 equity=9564.52
[SIGNAL] 2026-08-11T09:39:59+00:00 MAVTRY BUY fill_at=2026-08-11T09:44:59+00:00 features={"close": 0.48, "bb_lower": 0.481696622720948, "bb_upper": 0.5592557582314331, "rsi": 34.87053127609249, "mfi": 22.160042458350972, "atr": 0.019285714285714302}
[BLOCKED] MAVTRY reason=max_layers
[SCAN] 2026-08-11T09:44:59+00:00 symbols=20 signals=1 entries=0 exits=0 blocked=2 open=9 cash=3011.62 equity=9572.04
[SIGNAL] 2026-08-11T09:44:59+00:00 PUMPTRY BUY fill_at=2026-08-11T09:49:59+00:00 features={"close": 0.1326, "bb_lower": 0.1326634090387496, "bb_upper": 0.1347270671517267, "rsi": 35.81153445036948, "mfi": 47.004535519552284, "atr": 0.0006285714285714268}
[ENTRY] 2026-08-11T09:49:59+00:00 PUMPTRY layer=1 value=300.71 entry=0.13279953 cash=2710.46
[SIGNAL] 2026-08-11T09:44:59+00:00 CTRY BUY fill_at=2026-08-11T09:49:59+00:00 features={"close": 3.101, "bb_lower": 3.1268331829714175, "bb_upper": 3.213547769409535, "rsi": 18.248511745464953, "mfi": 3.3625685930203844, "atr": 0.007785714285714317}
[ENTRY] 2026-08-11T09:49:59+00:00 CTRY layer=1 value=270.64 entry=3.09932275 cash=2439.41
[SCAN] 2026-08-11T09:49:59+00:00 symbols=20 signals=2 entries=2 exits=0 blocked=0 open=11 cash=2439.41 equity=9558.19
[SIGNAL] 2026-08-11T09:49:59+00:00 ESPTRY BUY fill_at=2026-08-11T09:54:59+00:00 features={"close": 3.35, "bb_lower": 3.3648254022060806, "bb_upper": 3.4116507882701095, "rsi": 36.40397692997237, "mfi": 48.90112137227644, "atr": 0.013999999999999981}
[BLOCKED] ESPTRY reason=max_layers
[SIGNAL] 2026-08-11T09:49:59+00:00 CTRY BUY fill_at=2026-08-11T09:54:59+00:00 features={"close": 3.11, "bb_lower": 3.117001530313997, "bb_upper": 3.217760374447908, "rsi": 25.36094967288713, "mfi": 8.648464087704966, "atr": 0.008714285714285739}
[ENTRY] 2026-08-11T09:54:59+00:00 CTRY layer=2 value=243.58 entry=3.11133175 cash=2195.47
[SIGNAL] 2026-08-11T09:49:59+00:00 GUNTRY BUY fill_at=2026-08-11T09:54:59+00:00 features={"close": 0.167, "bb_lower": 0.1674548016198596, "bb_upper": 0.17330710314204517, "rsi": 41.11650939672728, "mfi": 41.58079184089144, "atr": 0.001999999999999988}
[ENTRY] 2026-08-11T09:54:59+00:00 GUNTRY layer=1 value=219.22 entry=0.16712525 cash=1975.93
[EXIT] 2026-08-11T09:54:59+00:00 NOMTRY reason=fixed_take_profit pnl=+7.40 cash=2366.04
[SCAN] 2026-08-11T09:54:59+00:00 symbols=20 signals=3 entries=2 exits=1 blocked=1 open=11 cash=2366.04 equity=9541.76
[SIGNAL] 2026-08-11T09:54:59+00:00 ESPTRY BUY fill_at=2026-08-11T09:59:59+00:00 features={"close": 3.348, "bb_lower": 3.35733317407275, "bb_upper": 3.4142858735462975, "rsi": 35.828869174475884, "mfi": 51.05730246504435, "atr": 0.01414285714285714}
[BLOCKED] ESPTRY reason=max_layers
[SIGNAL] 2026-08-11T09:54:59+00:00 GUNTRY BUY fill_at=2026-08-11T09:59:59+00:00 features={"close": 0.167, "bb_lower": 0.16722676067994285, "bb_upper": 0.17343990598672382, "rsi": 41.11650938638186, "mfi": 44.89701408399825, "atr": 0.001999999999999988}
[ENTRY] 2026-08-11T09:59:59+00:00 GUNTRY layer=2 value=236.25 entry=0.16712525 cash=2129.43
[EXIT] 2026-08-11T09:59:59+00:00 MAVTRY reason=fixed_take_profit pnl=+13.66 cash=2849.52
[SCAN] 2026-08-11T09:59:59+00:00 symbols=20 signals=2 entries=1 exits=1 blocked=1 open=10 cash=2849.52 equity=9584.94
[SIGNAL] 2026-08-11T09:59:59+00:00 ESPTRY BUY fill_at=2026-08-11T10:04:59+00:00 features={"close": 3.34, "bb_lower": 3.349485136651375, "bb_upper": 3.418419625253387, "rsi": 33.53325812845216, "mfi": 40.388607711858775, "atr": 0.013642857142857132}
[BLOCKED] ESPTRY reason=max_layers
[SCAN] 2026-08-11T10:04:59+00:00 symbols=20 signals=1 entries=0 exits=0 blocked=2 open=10 cash=2849.52 equity=9593.09
[EXIT] 2026-08-11T10:09:59+00:00 BOMETRY reason=bb_mfi_v3_signal_exit pnl=-30.01 cash=3498.77
[SIGNAL] 2026-08-11T10:04:59+00:00 PUMPTRY BUY fill_at=2026-08-11T10:09:59+00:00 features={"close": 0.1317, "bb_lower": 0.13206574015545267, "bb_upper": 0.13490568841597592, "rsi": 31.54292467075416, "mfi": 25.56088245992504, "atr": 0.0006785714285714271}
[ENTRY] 2026-08-11T10:09:59+00:00 PUMPTRY layer=2 value=349.35 entry=0.13189885 cash=3148.89
[SIGNAL] 2026-08-11T10:04:59+00:00 HEITRY BUY fill_at=2026-08-11T10:09:59+00:00 features={"close": 7.849, "bb_lower": 7.889491493912286, "bb_upper": 8.827270410849616, "rsi": 40.434451598720955, "mfi": 34.05804500521779, "atr": 0.27207142857142846}
[ENTRY] 2026-08-11T10:09:59+00:00 HEITRY layer=1 value=314.42 entry=7.86789650 cash=2834.00
[SCAN] 2026-08-11T10:09:59+00:00 symbols=20 signals=2 entries=2 exits=1 blocked=1 open=10 cash=2834.00 equity=9571.09
[SIGNAL] 2026-08-11T10:09:59+00:00 PUMPTRY BUY fill_at=2026-08-11T10:14:59+00:00 features={"close": 0.131, "bb_lower": 0.13159288438141845, "bb_upper": 0.13513092514239108, "rsi": 27.897394061667654, "mfi": 22.202656430815537, "atr": 0.0007142857142857149}
[BLOCKED] PUMPTRY reason=max_layers
[EXIT] 2026-08-11T10:14:59+00:00 HEITRY reason=fixed_take_profit pnl=+6.09 cash=3154.98
[SCAN] 2026-08-11T10:14:59+00:00 symbols=20 signals=1 entries=0 exits=1 blocked=3 open=9 cash=3154.98 equity=9580.60
[SIGNAL] 2026-08-11T10:14:59+00:00 PUMPTRY BUY fill_at=2026-08-11T10:19:59+00:00 features={"close": 0.1308, "bb_lower": 0.1312066280094991, "bb_upper": 0.135336229133358, "rsi": 26.93389345738943, "mfi": 15.612402256819479, "atr": 0.0007000000000000002}
[BLOCKED] PUMPTRY reason=max_layers
[SIGNAL] 2026-08-11T10:14:59+00:00 RENDERTRY BUY fill_at=2026-08-11T10:19:59+00:00 features={"close": 59.6, "bb_lower": 59.80095397356712, "bb_upper": 60.370474597861445, "rsi": 20.15324597380743, "mfi": 2.9461434552778627, "atr": 0.09285714285714367}
[ENTRY] 2026-08-11T10:19:59+00:00 RENDERTRY layer=1 value=315.03 entry=59.74477500 cash=2839.48
[SCAN] 2026-08-11T10:19:59+00:00 symbols=20 signals=2 entries=1 exits=0 blocked=1 open=10 cash=2839.48 equity=9569.88
[SIGNAL] 2026-08-11T10:19:59+00:00 RENDERTRY BUY fill_at=2026-08-11T10:24:59+00:00 features={"close": 59.0, "bb_lower": 59.48999178988195, "bb_upper": 60.5671510672609, "rsi": 11.414081864570008, "mfi": 2.292326764147518, "atr": 0.13571428571428662}
[ENTRY] 2026-08-11T10:24:59+00:00 RENDERTRY layer=2 value=283.52 entry=58.94417500 cash=2555.53
[SCAN] 2026-08-11T10:24:59+00:00 symbols=20 signals=1 entries=1 exits=0 blocked=0 open=10 cash=2555.53 equity=9556.72
[SIGNAL] 2026-08-11T10:24:59+00:00 GUNTRY BUY fill_at=2026-08-11T10:29:59+00:00 features={"close": 0.162, "bb_lower": 0.16272998619992546, "bb_upper": 0.17441287094293167, "rsi": 31.704051592991817, "mfi": 20.24884911009937, "atr": 0.0023571428571428493}
[BLOCKED] GUNTRY reason=max_layers
[SIGNAL] 2026-08-11T10:24:59+00:00 RENDERTRY BUY fill_at=2026-08-11T10:29:59+00:00 features={"close": 58.6, "bb_lower": 59.14616924056882, "bb_upper": 60.75859266419307, "rsi": 8.691931853883546, "mfi": 2.1677770124596805, "atr": 0.1642857142857151}
[BLOCKED] RENDERTRY reason=max_layers
[SCAN] 2026-08-11T10:29:59+00:00 symbols=20 signals=2 entries=0 exits=0 blocked=2 open=10 cash=2555.53 equity=9568.10
[SIGNAL] 2026-08-11T10:29:59+00:00 SAGATRY BUY fill_at=2026-08-11T10:34:59+00:00 features={"close": 0.673, "bb_lower": 0.6733993972937569, "bb_upper": 0.6961244122300527, "rsi": 24.55876457127239, "mfi": 7.8730267364194475, "atr": 0.0024999999999999784}
[BLOCKED] SAGATRY reason=max_layers
[SIGNAL] 2026-08-11T10:29:59+00:00 RENDERTRY BUY fill_at=2026-08-11T10:34:59+00:00 features={"close": 58.9, "bb_lower": 58.97728239806719, "bb_upper": 60.8036699828852, "rsi": 23.513073229151985, "mfi": 5.749607805202032, "atr": 0.19285714285714356}
[BLOCKED] RENDERTRY reason=max_layers
[SCAN] 2026-08-11T10:34:59+00:00 symbols=20 signals=2 entries=0 exits=0 blocked=2 open=10 cash=2555.53 equity=9584.21
[SCAN] 2026-08-11T10:39:59+00:00 symbols=20 signals=0 entries=0 exits=0 blocked=0 open=10 cash=2555.53 equity=9573.49
[SIGNAL] 2026-08-11T10:39:59+00:00 HEMITRY BUY fill_at=2026-08-11T10:44:59+00:00 features={"close": 0.236, "bb_lower": 0.23632972453843268, "bb_upper": 0.2390226564139483, "rsi": 33.244197389681844, "mfi": 35.544492403709384, "atr": 0.0005571428571428552}
[BLOCKED] HEMITRY reason=max_layers
[SCAN] 2026-08-11T10:44:59+00:00 symbols=20 signals=1 entries=0 exits=0 blocked=1 open=10 cash=2555.53 equity=9571.10
[SCAN] 2026-08-11T10:49:59+00:00 symbols=20 signals=0 entries=0 exits=0 blocked=0 open=10 cash=2555.53 equity=9581.94
[SCAN] 2026-08-11T10:54:59+00:00 symbols=20 signals=0 entries=0 exits=0 blocked=0 open=10 cash=2555.53 equity=9575.43
[SCAN] 2026-08-11T10:59:59+00:00 symbols=20 signals=0 entries=0 exits=0 blocked=0 open=10 cash=2555.53 equity=9581.90
[SIGNAL] 2026-08-11T10:59:59+00:00 ALLOTRY BUY fill_at=2026-08-11T11:04:59+00:00 features={"close": 14.6, "bb_lower": 14.603290754931262, "bb_upper": 14.83766162602112, "rsi": 31.477681178019623, "mfi": 27.23006558438844, "atr": 0.033571428571428745}
[ENTRY] 2026-08-11T11:04:59+00:00 ALLOTRY layer=1 value=255.17 entry=14.61095000 cash=2299.98
[SCAN] 2026-08-11T11:04:59+00:00 symbols=20 signals=1 entries=1 exits=0 blocked=0 open=11 cash=2299.98 equity=9594.05
[SIGNAL] 2026-08-11T11:04:59+00:00 HOMETRY BUY fill_at=2026-08-11T11:09:59+00:00 features={"close": 0.423, "bb_lower": 0.4240577762485187, "bb_upper": 0.43565650946576695, "rsi": 31.484132902477526, "mfi": 49.56037946361827, "atr": 0.0021428571428571447}
[BLOCKED] HOMETRY reason=max_layers
[SIGNAL] 2026-08-11T11:04:59+00:00 ALLOTRY BUY fill_at=2026-08-11T11:09:59+00:00 features={"close": 14.57, "bb_lower": 14.581613693690752, "bb_upper": 14.837433925356866, "rsi": 28.888247618952875, "mfi": 21.24236919005841, "atr": 0.03500000000000002}
[ENTRY] 2026-08-11T11:09:59+00:00 ALLOTRY layer=2 value=229.65 entry=14.56091250 cash=2069.98
[SCAN] 2026-08-11T11:09:59+00:00 symbols=20 signals=2 entries=1 exits=0 blocked=1 open=11 cash=2069.98 equity=9584.07
[SCAN] 2026-08-11T11:14:59+00:00 symbols=20 signals=0 entries=0 exits=0 blocked=0 open=11 cash=2069.98 equity=9570.62
[EXIT] 2026-08-11T11:19:59+00:00 ACTTRY reason=bb_mfi_v3_signal_exit pnl=-16.96 cash=2856.51
[SIGNAL] 2026-08-11T11:14:59+00:00 BMTTRY BUY fill_at=2026-08-11T11:19:59+00:00 features={"close": 0.932, "bb_lower": 0.93293433035209, "bb_upper": 0.960589479171719, "rsi": 40.198605632839545, "mfi": 39.696129082111014, "atr": 0.011999999999999986}
[BLOCKED] BMTTRY reason=max_layers
[SIGNAL] 2026-08-11T11:14:59+00:00 ALLOTRY BUY fill_at=2026-08-11T11:19:59+00:00 features={"close": 14.5, "bb_lower": 14.530877858222276, "bb_upper": 14.84436023701582, "rsi": 24.75132024071688, "mfi": 18.4312932957494, "atr": 0.03714285714285711}
[BLOCKED] ALLOTRY reason=max_layers
[SCAN] 2026-08-11T11:19:59+00:00 symbols=20 signals=2 entries=0 exits=1 blocked=3 open=10 cash=2856.51 equity=9570.57
[SIGNAL] 2026-08-11T11:19:59+00:00 ALLOTRY BUY fill_at=2026-08-11T11:24:59+00:00 features={"close": 14.5, "bb_lower": 14.502329427076267, "bb_upper": 14.850051525304684, "rsi": 24.751320259062183, "mfi": 18.19187685131911, "atr": 0.03571428571428559}
[BLOCKED] ALLOTRY reason=max_layers
[SIGNAL] 2026-08-11T11:19:59+00:00 DODOTRY BUY fill_at=2026-08-11T11:24:59+00:00 features={"close": 0.9949, "bb_lower": 0.995696448434901, "bb_upper": 1.010608313469861, "rsi": 41.47911773528931, "mfi": 27.26785962434181, "atr": 0.0061285714285713565}
[ENTRY] 2026-08-11T11:24:59+00:00 DODOTRY layer=1 value=285.22 entry=0.99494565 cash=2570.86
[SCAN] 2026-08-11T11:24:59+00:00 symbols=20 signals=2 entries=1 exits=0 blocked=1 open=11 cash=2570.86 equity=9570.96
[SIGNAL] 2026-08-11T11:24:59+00:00 DODOTRY BUY fill_at=2026-08-11T11:29:59+00:00 features={"close": 0.9919, "bb_lower": 0.994043144290985, "bb_upper": 1.0105473318994913, "rsi": 38.9785213652538, "mfi": 23.897052046065937, "atr": 0.006042857142857064}
[ENTRY] 2026-08-11T11:29:59+00:00 DODOTRY layer=2 value=256.70 entry=0.99324438 cash=2313.78
[SCAN] 2026-08-11T11:29:59+00:00 symbols=20 signals=1 entries=1 exits=0 blocked=0 open=11 cash=2313.78 equity=9579.97
[SIGNAL] 2026-08-11T11:29:59+00:00 CTRY BUY fill_at=2026-08-11T11:34:59+00:00 features={"close": 3.091, "bb_lower": 3.09829866875911, "bb_upper": 3.1437965693361267, "rsi": 25.223610418555282, "mfi": 48.26212816926539, "atr": 0.008357142857142856}
[BLOCKED] CTRY reason=max_layers
[SCAN] 2026-08-11T11:34:59+00:00 symbols=20 signals=1 entries=0 exits=0 blocked=2 open=11 cash=2313.78 equity=9578.05
[SIGNAL] 2026-08-11T11:34:59+00:00 MMTTRY BUY fill_at=2026-08-11T11:39:59+00:00 features={"close": 10.46, "bb_lower": 10.480686135178871, "bb_upper": 10.929790055297321, "rsi": 37.77216378704435, "mfi": 43.44939463731182, "atr": 0.14785714285714274}
[ENTRY] 2026-08-11T11:39:59+00:00 MMTTRY layer=1 value=231.03 entry=10.46784500 cash=2082.40
[SCAN] 2026-08-11T11:39:59+00:00 symbols=20 signals=1 entries=1 exits=0 blocked=0 open=12 cash=2082.40 equity=9567.22
[SIGNAL] 2026-08-11T11:39:59+00:00 BMTTRY BUY fill_at=2026-08-11T11:44:59+00:00 features={"close": 0.925, "bb_lower": 0.9285849621734881, "bb_upper": 0.9620817044931786, "rsi": 38.116849838956284, "mfi": 39.68981974340416, "atr": 0.01392857142857141}
[BLOCKED] BMTTRY reason=max_layers
[SIGNAL] 2026-08-11T11:39:59+00:00 CTRY BUY fill_at=2026-08-11T11:44:59+00:00 features={"close": 3.088, "bb_lower": 3.092865951715965, "bb_upper": 3.146657857807845, "rsi": 30.213080220919224, "mfi": 46.055747380758106, "atr": 0.008857142857142833}
[BLOCKED] CTRY reason=max_layers
[SIGNAL] 2026-08-11T11:39:59+00:00 MMTTRY BUY fill_at=2026-08-11T11:44:59+00:00 features={"close": 10.32, "bb_lower": 10.408134855395586, "bb_upper": 10.963293716032988, "rsi": 33.28721742815074, "mfi": 42.697685842920514, "atr": 0.15071428571428566}
[ENTRY] 2026-08-11T11:44:59+00:00 MMTTRY layer=2 value=207.93 entry=10.32774000 cash=1874.16
[SIGNAL] 2026-08-11T11:39:59+00:00 DODOTRY BUY fill_at=2026-08-11T11:44:59+00:00 features={"close": 0.988, "bb_lower": 0.9909506609151945, "bb_upper": 1.0118874343229003, "rsi": 39.59409778020896, "mfi": 15.346140514094145, "atr": 0.006399999999999938}
[BLOCKED] DODOTRY reason=max_layers
[SCAN] 2026-08-11T11:44:59+00:00 symbols=20 signals=4 entries=1 exits=0 blocked=3 open=12 cash=1874.16 equity=9579.00
[SIGNAL] 2026-08-11T11:44:59+00:00 MMTTRY BUY fill_at=2026-08-11T11:49:59+00:00 features={"close": 10.34, "bb_lower": 10.354926670967147, "bb_upper": 10.972692376651901, "rsi": 34.491006480316955, "mfi": 34.96887844416297, "atr": 0.14785714285714274}
[BLOCKED] MMTTRY reason=max_layers
[SCAN] 2026-08-11T11:49:59+00:00 symbols=20 signals=1 entries=0 exits=0 blocked=2 open=12 cash=1874.16 equity=9584.88
[SIGNAL] 2026-08-11T11:49:59+00:00 BOMETRY BUY fill_at=2026-08-11T11:54:59+00:00 features={"close": 0.03698, "bb_lower": 0.0371024779423524, "bb_upper": 0.03772895062907616, "rsi": 43.9789169276435, "mfi": 43.58841959542376, "atr": 0.000235714285714286}
[ENTRY] 2026-08-11T11:54:59+00:00 BOMETRY layer=1 value=187.14 entry=0.03701774 cash=1686.74
[SIGNAL] 2026-08-11T11:49:59+00:00 MMTTRY BUY fill_at=2026-08-11T11:54:59+00:00 features={"close": 10.23, "bb_lower": 10.282016228087947, "bb_upper": 10.997983771912054, "rsi": 31.142719621743296, "mfi": 35.08188578840932, "atr": 0.14642857142857135}
[BLOCKED] MMTTRY reason=max_layers
[SCAN] 2026-08-11T11:54:59+00:00 symbols=20 signals=2 entries=1 exits=0 blocked=1 open=13 cash=1686.74 equity=9583.60
[SIGNAL] 2026-08-11T11:54:59+00:00 BOMETRY BUY fill_at=2026-08-11T11:59:59+00:00 features={"close": 0.03702, "bb_lower": 0.03704101390217735, "bb_upper": 0.03775231943115597, "rsi": 45.09111929465928, "mfi": 29.1883983629059, "atr": 0.00023642857142857146}
[ENTRY] 2026-08-11T11:59:59+00:00 BOMETRY layer=2 value=168.42 entry=0.03701774 cash=1518.07
[SIGNAL] 2026-08-11T11:54:59+00:00 MMTTRY BUY fill_at=2026-08-11T11:59:59+00:00 features={"close": 10.15, "bb_lower": 10.201048946983553, "bb_upper": 11.027522481587875, "rsi": 28.930008320365843, "mfi": 35.85898979826176, "atr": 0.14571428571428566}
[BLOCKED] MMTTRY reason=max_layers
[SCAN] 2026-08-11T11:59:59+00:00 symbols=20 signals=2 entries=1 exits=0 blocked=1 open=13 cash=1518.07 equity=9585.69
[SCAN] 2026-08-11T12:04:59+00:00 symbols=20 signals=0 entries=0 exits=0 blocked=0 open=13 cash=1518.07 equity=9575.04
[SIGNAL] 2026-08-11T12:04:59+00:00 HOMETRY BUY fill_at=2026-08-11T12:09:59+00:00 features={"close": 0.418, "bb_lower": 0.4181796906825851, "bb_upper": 0.4324869759840815, "rsi": 34.82494162036981, "mfi": 25.606959721908936, "atr": 0.0030714285714285743}
[BLOCKED] HOMETRY reason=max_layers
[SCAN] 2026-08-11T12:09:59+00:00 symbols=20 signals=1 entries=0 exits=0 blocked=2 open=13 cash=1518.07 equity=9573.19
[SCAN] 2026-08-11T12:14:59+00:00 symbols=20 signals=0 entries=0 exits=0 blocked=1 open=13 cash=1518.07 equity=9562.91
[SIGNAL] 2026-08-11T12:14:59+00:00 HOMETRY BUY fill_at=2026-08-11T12:19:59+00:00 features={"close": 0.415, "bb_lower": 0.41587155198806286, "bb_upper": 0.43222368610717504, "rsi": 30.646280892120586, "mfi": 23.060703487985236, "atr": 0.003500000000000003}
[BLOCKED] HOMETRY reason=max_layers
[SCAN] 2026-08-11T12:19:59+00:00 symbols=20 signals=1 entries=0 exits=0 blocked=1 open=13 cash=1518.07 equity=9571.75
[SCAN] 2026-08-11T12:24:59+00:00 symbols=20 signals=0 entries=0 exits=0 blocked=0 open=13 cash=1518.07 equity=9560.06
[SIGNAL] 2026-08-11T12:24:59+00:00 PUMPTRY BUY fill_at=2026-08-11T12:29:59+00:00 features={"close": 0.1291, "bb_lower": 0.1291415229946067, "bb_upper": 0.1325251436720599, "rsi": 29.336594777619197, "mfi": 24.633186226770704, "atr": 0.0007357142857142859}
[BLOCKED] PUMPTRY reason=max_layers
[SCAN] 2026-08-11T12:29:59+00:00 symbols=20 signals=1 entries=0 exits=0 blocked=2 open=13 cash=1518.07 equity=9543.20
[SIGNAL] 2026-08-11T12:29:59+00:00 BMTTRY BUY fill_at=2026-08-11T12:34:59+00:00 features={"close": 0.917, "bb_lower": 0.9183584334281374, "bb_upper": 0.9574510903813862, "rsi": 36.37742226842198, "mfi": 32.10869481878176, "atr": 0.010214285714285667}
[BLOCKED] BMTTRY reason=max_layers
[SIGNAL] 2026-08-11T12:29:59+00:00 HOMETRY BUY fill_at=2026-08-11T12:34:59+00:00 features={"close": 0.412, "bb_lower": 0.41394105110673785, "bb_upper": 0.429963710798024, "rsi": 30.41259583221479, "mfi": 30.912751143791127, "atr": 0.003785714285714289}
[BLOCKED] HOMETRY reason=max_layers
[SIGNAL] 2026-08-11T12:29:59+00:00 MAVTRY BUY fill_at=2026-08-11T12:34:59+00:00 features={"close": 0.44, "bb_lower": 0.44692714718888354, "bb_upper": 0.5102157099539737, "rsi": 33.00163042954648, "mfi": 21.37357105765537, "atr": 0.01571428571428571}
[ENTRY] 2026-08-11T12:34:59+00:00 MAVTRY layer=1 value=151.58 entry=0.45033750 cash=1366.26
[SCAN] 2026-08-11T12:34:59+00:00 symbols=20 signals=3 entries=1 exits=0 blocked=2 open=14 cash=1366.26 equity=9554.71
[SCAN] 2026-08-11T12:39:59+00:00 symbols=20 signals=0 entries=0 exits=0 blocked=1 open=14 cash=1366.26 equity=9563.61
[SCAN] 2026-08-11T12:44:59+00:00 symbols=20 signals=0 entries=0 exits=0 blocked=0 open=14 cash=1366.26 equity=9554.18
[SCAN] 2026-08-11T12:49:59+00:00 symbols=20 signals=0 entries=0 exits=0 blocked=1 open=14 cash=1366.26 equity=9548.01
[SCAN] 2026-08-11T12:54:59+00:00 symbols=20 signals=0 entries=0 exits=0 blocked=1 open=14 cash=1366.26 equity=9563.04
[SCAN] 2026-08-11T12:59:59+00:00 symbols=20 signals=0 entries=0 exits=0 blocked=0 open=14 cash=1366.26 equity=9561.02
[SCAN] 2026-08-11T13:04:59+00:00 symbols=20 signals=0 entries=0 exits=0 blocked=1 open=14 cash=1366.26 equity=9564.36
[EXIT] 2026-08-11T13:09:59+00:00 GUNTRY reason=fixed_take_profit pnl=+8.82 cash=1831.23
[SCAN] 2026-08-11T13:09:59+00:00 symbols=20 signals=0 entries=0 exits=1 blocked=0 open=13 cash=1831.23 equity=9570.49
[SCAN] 2026-08-11T13:14:59+00:00 symbols=20 signals=0 entries=0 exits=0 blocked=0 open=13 cash=1831.23 equity=9557.91
[SIGNAL] 2026-08-11T13:14:59+00:00 ESPTRY BUY fill_at=2026-08-11T13:19:59+00:00 features={"close": 3.323, "bb_lower": 3.3249830736660813, "bb_upper": 3.3527312120482047, "rsi": 36.961992947719835, "mfi": 38.17016212886002, "atr": 0.007571428571428562}
[BLOCKED] ESPTRY reason=max_layers
[SCAN] 2026-08-11T13:19:59+00:00 symbols=20 signals=1 entries=0 exits=0 blocked=1 open=13 cash=1831.23 equity=9552.37
[SIGNAL] 2026-08-11T13:19:59+00:00 ESPTRY BUY fill_at=2026-08-11T13:24:59+00:00 features={"close": 3.303, "bb_lower": 3.3164643167702095, "bb_upper": 3.35753568322979, "rsi": 27.677362248900963, "mfi": 27.794932407964453, "atr": 0.008499999999999983}
[BLOCKED] ESPTRY reason=max_layers
[SCAN] 2026-08-11T13:24:59+00:00 symbols=20 signals=1 entries=0 exits=0 blocked=1 open=13 cash=1831.23 equity=9570.59
[SIGNAL] 2026-08-11T13:24:59+00:00 ESPTRY BUY fill_at=2026-08-11T13:29:59+00:00 features={"close": 3.312, "bb_lower": 3.3129312326520606, "bb_upper": 3.357449719728892, "rsi": 35.567569062356895, "mfi": 36.63004986056124, "atr": 0.008714285714285674}
[BLOCKED] ESPTRY reason=max_layers
[SIGNAL] 2026-08-11T13:24:59+00:00 ALLOTRY BUY fill_at=2026-08-11T13:29:59+00:00 features={"close": 14.4, "bb_lower": 14.406737310330728, "bb_upper": 14.718024594431173, "rsi": 33.72493095919614, "mfi": 54.40285922930459, "atr": 0.06928571428571446}
[BLOCKED] ALLOTRY reason=max_layers
[SCAN] 2026-08-11T13:29:59+00:00 symbols=20 signals=2 entries=0 exits=0 blocked=2 open=13 cash=1831.23 equity=9568.40
[SIGNAL] 2026-08-11T13:29:59+00:00 ESPTRY BUY fill_at=2026-08-11T13:34:59+00:00 features={"close": 3.309, "bb_lower": 3.309930746085092, "bb_upper": 3.3560692539149075, "rsi": 34.21945074192507, "mfi": 35.32220797965779, "atr": 0.009142857142857088}
[BLOCKED] ESPTRY reason=max_layers
[SIGNAL] 2026-08-11T13:29:59+00:00 ALLOTRY BUY fill_at=2026-08-11T13:34:59+00:00 features={"close": 14.36, "bb_lower": 14.379341150024073, "bb_upper": 14.732087421404495, "rsi": 31.167220242801406, "mfi": 50.96701011512767, "atr": 0.06857142857142888}
[BLOCKED] ALLOTRY reason=max_layers
[EXIT] 2026-08-11T13:34:59+00:00 MMTTRY reason=fixed_take_profit pnl=+8.50 cash=2279.35
[SCAN] 2026-08-11T13:34:59+00:00 symbols=20 signals=2 entries=0 exits=1 blocked=2 open=12 cash=2279.35 equity=9581.58
[SCAN] 2026-08-11T13:39:59+00:00 symbols=20 signals=0 entries=0 exits=0 blocked=0 open=12 cash=2279.35 equity=9599.40
[SIGNAL] 2026-08-11T13:39:59+00:00 ACTTRY BUY fill_at=2026-08-11T13:44:59+00:00 features={"close": 0.5105, "bb_lower": 0.5114175957993632, "bb_upper": 0.5167919280101609, "rsi": 41.0049037141584, "mfi": 33.558148249586026, "atr": 0.0019499999999999993}
[ENTRY] 2026-08-11T13:44:59+00:00 ACTTRY layer=1 value=227.59 entry=0.51078280 cash=2051.42
[SCAN] 2026-08-11T13:44:59+00:00 symbols=20 signals=1 entries=1 exits=0 blocked=0 open=13 cash=2051.42 equity=9583.26
[SIGNAL] 2026-08-11T13:44:59+00:00 ACTTRY BUY fill_at=2026-08-11T13:49:59+00:00 features={"close": 0.5081, "bb_lower": 0.5102783584026775, "bb_upper": 0.5170644987401796, "rsi": 35.37310353774829, "mfi": 30.21311993398014, "atr": 0.0020499999999999963}
[ENTRY] 2026-08-11T13:49:59+00:00 ACTTRY layer=2 value=204.83 entry=0.50898145 cash=1846.28
[SCAN] 2026-08-11T13:49:59+00:00 symbols=20 signals=1 entries=1 exits=0 blocked=0 open=13 cash=1846.28 equity=9595.28
[SIGNAL] 2026-08-11T13:49:59+00:00 ACTTRY BUY fill_at=2026-08-11T13:54:59+00:00 features={"close": 0.5068, "bb_lower": 0.5089011109048777, "bb_upper": 0.5175750795713131, "rsi": 32.734852970247246, "mfi": 24.889682706480954, "atr": 0.002064285714285717}
[BLOCKED] ACTTRY reason=max_layers
[SCAN] 2026-08-11T13:54:59+00:00 symbols=20 signals=1 entries=0 exits=0 blocked=1 open=13 cash=1846.28 equity=9594.92
[SIGNAL] 2026-08-11T13:54:59+00:00 ACTTRY BUY fill_at=2026-08-11T13:59:59+00:00 features={"close": 0.5053, "bb_lower": 0.507350846866943, "bb_upper": 0.5183348674187715, "rsi": 29.94326076493853, "mfi": 23.90107742403488, "atr": 0.002085714285714286}
[BLOCKED] ACTTRY reason=max_layers
[SCAN] 2026-08-11T13:59:59+00:00 symbols=20 signals=1 entries=0 exits=0 blocked=1 open=13 cash=1846.28 equity=9588.12
[SIGNAL] 2026-08-11T13:59:59+00:00 ACTTRY BUY fill_at=2026-08-11T14:04:59+00:00 features={"close": 0.502, "bb_lower": 0.5051562291454598, "bb_upper": 0.5192532946640643, "rsi": 24.885359994607228, "mfi": 21.281110100269757, "atr": 0.002271428571428567}
[BLOCKED] ACTTRY reason=max_layers
[SCAN] 2026-08-11T14:04:59+00:00 symbols=20 signals=1 entries=0 exits=0 blocked=1 open=13 cash=1846.28 equity=9594.44
[SIGNAL] 2026-08-11T14:04:59+00:00 ACTTRY BUY fill_at=2026-08-11T14:09:59+00:00 features={"close": 0.4965, "bb_lower": 0.5017476677355475, "bb_upper": 0.5208428084549286, "rsi": 19.0694237829303, "mfi": 19.42144378285792, "atr": 0.00266428571428571}
[BLOCKED] ACTTRY reason=max_layers
[SCAN] 2026-08-11T14:09:59+00:00 symbols=20 signals=1 entries=0 exits=0 blocked=1 open=13 cash=1846.28 equity=9578.29
[SIGNAL] 2026-08-11T14:09:59+00:00 ACTTRY BUY fill_at=2026-08-11T14:14:59+00:00 features={"close": 0.494, "bb_lower": 0.49838391446690133, "bb_upper": 0.5222732283902414, "rsi": 17.101333077449596, "mfi": 19.078672558305712, "atr": 0.0029571428571428487}
[BLOCKED] ACTTRY reason=max_layers
[SCAN] 2026-08-11T14:14:59+00:00 symbols=20 signals=1 entries=0 exits=0 blocked=2 open=13 cash=1846.28 equity=9587.86
[SIGNAL] 2026-08-11T14:14:59+00:00 GUNTRY BUY fill_at=2026-08-11T14:19:59+00:00 features={"close": 0.158, "bb_lower": 0.16192619090893356, "bb_upper": 0.17502619004344738, "rsi": 24.203884483913257, "mfi": 52.829693806996325, "atr": 0.002214285714285708}
[ENTRY] 2026-08-11T14:19:59+00:00 GUNTRY layer=1 value=184.35 entry=0.15911925 cash=1661.65
[SIGNAL] 2026-08-11T14:14:59+00:00 ACTTRY BUY fill_at=2026-08-11T14:19:59+00:00 features={"close": 0.4926, "bb_lower": 0.49530812859392614, "bb_upper": 0.523377585691788, "rsi": 16.09367568741081, "mfi": 15.764491681018214, "atr": 0.0029142857142857104}
[BLOCKED] ACTTRY reason=max_layers
[SCAN] 2026-08-11T14:19:59+00:00 symbols=20 signals=2 entries=1 exits=0 blocked=1 open=14 cash=1661.65 equity=9592.32
[SIGNAL] 2026-08-11T14:19:59+00:00 HOMETRY BUY fill_at=2026-08-11T14:24:59+00:00 features={"close": 0.421, "bb_lower": 0.42113901856067804, "bb_upper": 0.43000383858217905, "rsi": 41.7579815959805, "mfi": 28.184940388368048, "atr": 0.0030714285714285743}
[BLOCKED] HOMETRY reason=max_layers
[SIGNAL] 2026-08-11T14:19:59+00:00 GUNTRY BUY fill_at=2026-08-11T14:24:59+00:00 features={"close": 0.158, "bb_lower": 0.16007175032827906, "bb_upper": 0.1759282496717209, "rsi": 24.20388449515596, "mfi": 38.52714833326689, "atr": 0.00228571428571428}
[ENTRY] 2026-08-11T14:24:59+00:00 GUNTRY layer=2 value=165.92 entry=0.15911925 cash=1495.48
[SIGNAL] 2026-08-11T14:19:59+00:00 ACTTRY BUY fill_at=2026-08-11T14:24:59+00:00 features={"close": 0.4922, "bb_lower": 0.49266390483174144, "bb_upper": 0.5239646665968299, "rsi": 15.805416680299516, "mfi": 11.136791501722612, "atr": 0.0027857142857142803}
[BLOCKED] ACTTRY reason=max_layers
[EXIT] 2026-08-11T14:24:59+00:00 BMTTRY reason=fixed_take_profit pnl=+12.59 cash=2158.90
[SCAN] 2026-08-11T14:24:59+00:00 symbols=20 signals=3 entries=1 exits=1 blocked=2 open=13 cash=2158.90 equity=9622.79
[SCAN] 2026-08-11T14:29:59+00:00 symbols=20 signals=0 entries=0 exits=0 blocked=1 open=13 cash=2158.90 equity=9618.17
[SIGNAL] 2026-08-11T14:29:59+00:00 CTRY BUY fill_at=2026-08-11T14:34:59+00:00 features={"close": 3.083, "bb_lower": 3.083243249498074, "bb_upper": 3.1364710362162116, "rsi": 37.686538752334556, "mfi": 23.74736540927165, "atr": 0.01057142857142855}
[BLOCKED] CTRY reason=max_layers
[SIGNAL] 2026-08-11T14:29:59+00:00 HEMITRY BUY fill_at=2026-08-11T14:34:59+00:00 features={"close": 0.236, "bb_lower": 0.2363107369880197, "bb_upper": 0.23887021539293257, "rsi": 33.96029315606371, "mfi": 29.875767950718725, "atr": 0.0005642857142857136}
[BLOCKED] HEMITRY reason=max_layers
[SCAN] 2026-08-11T14:34:59+00:00 symbols=20 signals=2 entries=0 exits=0 blocked=2 open=13 cash=2158.90 equity=9628.08
[SCAN] 2026-08-11T14:39:59+00:00 symbols=20 signals=0 entries=0 exits=0 blocked=1 open=13 cash=2158.90 equity=9630.99
[EXIT] 2026-08-11T14:44:59+00:00 ESPTRY reason=bb_mfi_v3_signal_exit pnl=-37.02 cash=3677.98
[SCAN] 2026-08-11T14:44:59+00:00 symbols=20 signals=0 entries=0 exits=1 blocked=0 open=12 cash=3677.98 equity=9635.47
[SCAN] 2026-08-11T14:49:59+00:00 symbols=20 signals=0 entries=0 exits=0 blocked=0 open=12 cash=3677.98 equity=9637.43
[SCAN] 2026-08-11T14:54:59+00:00 symbols=20 signals=0 entries=0 exits=0 blocked=0 open=12 cash=3677.98 equity=9620.47
[SIGNAL] 2026-08-11T14:54:59+00:00 HEMITRY BUY fill_at=2026-08-11T14:59:59+00:00 features={"close": 0.2354, "bb_lower": 0.23543924859232482, "bb_upper": 0.23876075140767525, "rsi": 33.15605603925427, "mfi": 18.48994655510529, "atr": 0.0006857142857142875}
[BLOCKED] HEMITRY reason=max_layers
[SIGNAL] 2026-08-11T14:54:59+00:00 MAVTRY BUY fill_at=2026-08-11T14:59:59+00:00 features={"close": 0.43, "bb_lower": 0.43108913670423704, "bb_upper": 0.4574822918671914, "rsi": 34.734225575133294, "mfi": 58.88925662215315, "atr": 0.011428571428571439}
[ENTRY] 2026-08-11T14:59:59+00:00 MAVTRY layer=2 value=367.25 entry=0.43032250 cash=3310.18
[SCAN] 2026-08-11T14:59:59+00:00 symbols=20 signals=2 entries=1 exits=0 blocked=1 open=12 cash=3310.18 equity=9602.65
[SIGNAL] 2026-08-11T14:59:59+00:00 HOMETRY BUY fill_at=2026-08-11T15:04:59+00:00 features={"close": 0.416, "bb_lower": 0.41852003142381927, "bb_upper": 0.4305275876237999, "rsi": 34.516764933802634, "mfi": 20.534794901797923, "atr": 0.002571428571428574}
[BLOCKED] HOMETRY reason=max_layers
[EXIT] 2026-08-11T15:04:59+00:00 MAVTRY reason=fixed_take_profit pnl=+10.05 cash=3839.84
[SCAN] 2026-08-11T15:04:59+00:00 symbols=20 signals=1 entries=0 exits=1 blocked=4 open=11 cash=3839.84 equity=9626.31
[SIGNAL] 2026-08-11T15:04:59+00:00 HOMETRY BUY fill_at=2026-08-11T15:09:59+00:00 features={"close": 0.411, "bb_lower": 0.4155468345301434, "bb_upper": 0.43216745118414224, "rsi": 28.518366121050093, "mfi": 15.126611730187662, "atr": 0.0028571428571428597}
[BLOCKED] HOMETRY reason=max_layers
[SIGNAL] 2026-08-11T15:04:59+00:00 TURBOTRY BUY fill_at=2026-08-11T15:09:59+00:00 features={"close": 0.0396, "bb_lower": 0.03973485162832989, "bb_upper": 0.040465148371670104, "rsi": 31.648520061174267, "mfi": 34.394740039563985, "atr": 0.00010714285714285773}
[ENTRY] 2026-08-11T15:09:59+00:00 TURBOTRY layer=1 value=383.41 entry=0.03962970 cash=3455.85
[SCAN] 2026-08-11T15:09:59+00:00 symbols=20 signals=2 entries=1 exits=0 blocked=2 open=12 cash=3455.85 equity=9644.30
[SIGNAL] 2026-08-11T15:09:59+00:00 HOMETRY BUY fill_at=2026-08-11T15:14:59+00:00 features={"close": 0.413, "bb_lower": 0.41385824182327313, "bb_upper": 0.43242747246244106, "rsi": 33.52435524514328, "mfi": 24.40693488081787, "atr": 0.002928571428571431}
[BLOCKED] HOMETRY reason=max_layers
[SIGNAL] 2026-08-11T15:09:59+00:00 TURBOTRY BUY fill_at=2026-08-11T15:14:59+00:00 features={"close": 0.0396, "bb_lower": 0.03966440691895792, "bb_upper": 0.040459402604851605, "rsi": 31.648520075412108, "mfi": 33.70545953153224, "atr": 9.285714285714303e-05}
[ENTRY] 2026-08-11T15:14:59+00:00 TURBOTRY layer=2 value=345.07 entry=0.03942955 cash=3110.27
[SCAN] 2026-08-11T15:14:59+00:00 symbols=20 signals=2 entries=1 exits=0 blocked=2 open=12 cash=3110.27 equity=9631.49
[SIGNAL] 2026-08-11T15:14:59+00:00 HOMETRY BUY fill_at=2026-08-11T15:19:59+00:00 features={"close": 0.411, "bb_lower": 0.4120477297901892, "bb_upper": 0.4325236987812394, "rsi": 31.16029218669533, "mfi": 18.540378158771233, "atr": 0.0030000000000000027}
[BLOCKED] HOMETRY reason=max_layers
[SIGNAL] 2026-08-11T15:14:59+00:00 TURBOTRY BUY fill_at=2026-08-11T15:19:59+00:00 features={"close": 0.0394, "bb_lower": 0.039555360617022604, "bb_upper": 0.04047321081154883, "rsi": 27.06296724469398, "mfi": 32.28585117780504, "atr": 0.00010714285714285773}
[BLOCKED] TURBOTRY reason=max_layers
[SCAN] 2026-08-11T15:19:59+00:00 symbols=20 signals=2 entries=0 exits=0 blocked=3 open=12 cash=3110.27 equity=9632.61
[SIGNAL] 2026-08-11T15:19:59+00:00 TURBOTRY BUY fill_at=2026-08-11T15:24:59+00:00 features={"close": 0.0394, "bb_lower": 0.03945646614668029, "bb_upper": 0.04049591480570065, "rsi": 27.062967260194455, "mfi": 49.55877015371568, "atr": 0.00010714285714285773}
[BLOCKED] TURBOTRY reason=max_layers
[SCAN] 2026-08-11T15:24:59+00:00 symbols=20 signals=1 entries=0 exits=0 blocked=1 open=12 cash=3110.27 equity=9640.73
[EXIT] 2026-08-11T15:29:59+00:00 GUNTRY reason=fixed_take_profit pnl=+6.78 cash=3467.84
[SCAN] 2026-08-11T15:29:59+00:00 symbols=20 signals=0 entries=0 exits=1 blocked=2 open=11 cash=3467.84 equity=9638.64
[SCAN] 2026-08-11T15:34:59+00:00 symbols=20 signals=0 entries=0 exits=0 blocked=1 open=11 cash=3467.84 equity=9622.16
[SIGNAL] 2026-08-11T15:34:59+00:00 TSTTRY BUY fill_at=2026-08-11T15:39:59+00:00 features={"close": 0.755, "bb_lower": 0.7570255853146162, "bb_upper": 0.8109744146853837, "rsi": 29.912581380917644, "mfi": 32.87293926322175, "atr": 0.01050000000000001}
[ENTRY] 2026-08-11T15:39:59+00:00 TSTTRY layer=1 value=346.27 entry=0.75656700 cash=3121.06
[SIGNAL] 2026-08-11T15:34:59+00:00 MMTTRY BUY fill_at=2026-08-11T15:39:59+00:00 features={"close": 10.32, "bb_lower": 10.374356277158961, "bb_upper": 10.682786579983896, "rsi": 37.893273470724736, "mfi": 35.596622910090844, "atr": 0.09071428571428555}
[ENTRY] 2026-08-11T15:39:59+00:00 MMTTRY layer=1 value=311.64 entry=10.32774000 cash=2808.95
[SCAN] 2026-08-11T15:39:59+00:00 symbols=20 signals=2 entries=2 exits=0 blocked=1 open=13 cash=2808.95 equity=9584.50
[SCAN] 2026-08-11T15:44:59+00:00 symbols=20 signals=0 entries=0 exits=0 blocked=4 open=13 cash=2808.95 equity=9593.45
[SIGNAL] 2026-08-11T15:44:59+00:00 SAGATRY BUY fill_at=2026-08-11T15:49:59+00:00 features={"close": 0.671, "bb_lower": 0.6721335711421813, "bb_upper": 0.6877711907625804, "rsi": 34.84211692996993, "mfi": 44.09322321422086, "atr": 0.003571428571428575}
[BLOCKED] SAGATRY reason=max_layers
[SIGNAL] 2026-08-11T15:44:59+00:00 HEMITRY BUY fill_at=2026-08-11T15:49:59+00:00 features={"close": 0.2322, "bb_lower": 0.23288760664515312, "bb_upper": 0.2384457266881801, "rsi": 21.77389987052014, "mfi": 12.771641806145183, "atr": 0.0008142857142857118}
[BLOCKED] HEMITRY reason=max_layers
[SIGNAL] 2026-08-11T15:44:59+00:00 MAVTRY BUY fill_at=2026-08-11T15:49:59+00:00 features={"close": 0.43, "bb_lower": 0.43013115095644067, "bb_upper": 0.4593926585673687, "rsi": 38.99903513770501, "mfi": 29.94033368237001, "atr": 0.009285714285714295}
[ENTRY] 2026-08-11T15:49:59+00:00 MAVTRY layer=1 value=280.47 entry=0.43032250 cash=2528.06
[EXIT] 2026-08-11T15:49:59+00:00 MAVTRY reason=fixed_take_profit pnl=+5.43 cash=2814.39
[SCAN] 2026-08-11T15:49:59+00:00 symbols=20 signals=3 entries=1 exits=1 blocked=2 open=13 cash=2814.39 equity=9595.41
[SIGNAL] 2026-08-11T15:49:59+00:00 SAGATRY BUY fill_at=2026-08-11T15:54:59+00:00 features={"close": 0.669, "bb_lower": 0.6703711097884059, "bb_upper": 0.6885812711639748, "rsi": 32.41894135094854, "mfi": 32.66943176970133, "atr": 0.0037142857142857177}
[BLOCKED] SAGATRY reason=max_layers
[SIGNAL] 2026-08-11T15:49:59+00:00 HEMITRY BUY fill_at=2026-08-11T15:54:59+00:00 features={"close": 0.2322, "bb_lower": 0.2323668737129935, "bb_upper": 0.23849979295367316, "rsi": 21.773899892065444, "mfi": 20.6358349841134, "atr": 0.0008428571428571432}
[BLOCKED] HEMITRY reason=max_layers
[SIGNAL] 2026-08-11T15:49:59+00:00 ALLOTRY BUY fill_at=2026-08-11T15:54:59+00:00 features={"close": 14.39, "bb_lower": 14.409858857022257, "bb_upper": 14.686331619168218, "rsi": 34.721940170887876, "mfi": 39.52987092562197, "atr": 0.06428571428571431}
[BLOCKED] ALLOTRY reason=max_layers
[EXIT] 2026-08-11T15:54:59+00:00 MMTTRY reason=fixed_take_profit pnl=+6.04 cash=3132.53
[SCAN] 2026-08-11T15:54:59+00:00 symbols=20 signals=3 entries=0 exits=1 blocked=3 open=12 cash=3132.53 equity=9619.60
[EXIT] 2026-08-11T15:59:59+00:00 TSTTRY reason=fixed_take_profit pnl=+6.71 cash=3486.02
[SCAN] 2026-08-11T15:59:59+00:00 symbols=20 signals=0 entries=0 exits=1 blocked=0 open=11 cash=3486.02 equity=9635.23
[EXIT] 2026-08-11T16:04:59+00:00 CTRY reason=fixed_take_profit pnl=+9.96 cash=4010.97
[SCAN] 2026-08-11T16:04:59+00:00 symbols=20 signals=0 entries=0 exits=1 blocked=0 open=10 cash=4010.97 equity=9648.28
[EXIT] 2026-08-11T16:09:59+00:00 DODOTRY reason=bb_mfi_v3_signal_exit pnl=+6.65 cash=4560.35
[SCAN] 2026-08-11T16:09:59+00:00 symbols=20 signals=0 entries=0 exits=1 blocked=1 open=9 cash=4560.35 equity=9658.81
[SIGNAL] 2026-08-11T16:09:59+00:00 BOMETRY BUY fill_at=2026-08-11T16:14:59+00:00 features={"close": 0.0358, "bb_lower": 0.035903568133354394, "bb_upper": 0.03684976519997894, "rsi": 31.089272829849335, "mfi": 3.9847187902013275, "atr": 0.00017142857142857088}
[BLOCKED] BOMETRY reason=max_layers
[SCAN] 2026-08-11T16:14:59+00:00 symbols=20 signals=1 entries=0 exits=0 blocked=1 open=9 cash=4560.35 equity=9660.64
[SIGNAL] 2026-08-11T16:14:59+00:00 BOMETRY BUY fill_at=2026-08-11T16:19:59+00:00 features={"close": 0.03565, "bb_lower": 0.035786682034659914, "bb_upper": 0.03686379415581627, "rsi": 28.423030818215764, "mfi": 4.742763624479053, "atr": 0.00015857142857142806}
[BLOCKED] BOMETRY reason=max_layers
[SCAN] 2026-08-11T16:19:59+00:00 symbols=20 signals=1 entries=0 exits=0 blocked=1 open=9 cash=4560.35 equity=9664.27
[SCAN] 2026-08-11T16:24:59+00:00 symbols=20 signals=0 entries=0 exits=0 blocked=0 open=9 cash=4560.35 equity=9654.98
[SCAN] 2026-08-11T16:29:59+00:00 symbols=20 signals=0 entries=0 exits=0 blocked=0 open=9 cash=4560.35 equity=9634.24
[SCAN] 2026-08-11T16:34:59+00:00 symbols=20 signals=0 entries=0 exits=0 blocked=1 open=9 cash=4560.35 equity=9632.37
[SIGNAL] 2026-08-11T16:34:59+00:00 MMTTRY BUY fill_at=2026-08-11T16:39:59+00:00 features={"close": 10.19, "bb_lower": 10.263199484038067, "bb_upper": 10.66822908739051, "rsi": 31.98546534695788, "mfi": 22.061929463464082, "atr": 0.11499999999999984}
[ENTRY] 2026-08-11T16:39:59+00:00 MMTTRY layer=1 value=455.35 entry=10.18763500 cash=4104.32
[SCAN] 2026-08-11T16:39:59+00:00 symbols=20 signals=1 entries=1 exits=0 blocked=0 open=10 cash=4104.32 equity=9618.42
[SIGNAL] 2026-08-11T16:39:59+00:00 MMTTRY BUY fill_at=2026-08-11T16:44:59+00:00 features={"close": 10.07, "bb_lower": 10.182677876467762, "bb_upper": 10.70779831400843, "rsi": 27.43306146664385, "mfi": 18.601585970958553, "atr": 0.11857142857142833}
[ENTRY] 2026-08-11T16:44:59+00:00 MMTTRY layer=2 value=409.82 entry=10.07755250 cash=3693.89
[SCAN] 2026-08-11T16:44:59+00:00 symbols=20 signals=1 entries=1 exits=0 blocked=1 open=10 cash=3693.89 equity=9624.67
[SIGNAL] 2026-08-11T16:44:59+00:00 MMTTRY BUY fill_at=2026-08-11T16:49:59+00:00 features={"close": 10.07, "bb_lower": 10.120124706543148, "bb_upper": 10.723684817266378, "rsi": 27.43306147725592, "mfi": 14.73604023889844, "atr": 0.11142857142857121}
[BLOCKED] MMTTRY reason=max_layers
[SCAN] 2026-08-11T16:49:59+00:00 symbols=20 signals=1 entries=0 exits=0 blocked=1 open=10 cash=3693.89 equity=9627.74
[SIGNAL] 2026-08-11T16:49:59+00:00 ACTTRY BUY fill_at=2026-08-11T16:54:59+00:00 features={"close": 0.4848, "bb_lower": 0.48672422440383917, "bb_upper": 0.4967805375009228, "rsi": 29.4400474768795, "mfi": 21.25678897822675, "atr": 0.0021428571428571486}
[BLOCKED] ACTTRY reason=max_layers
[SCAN] 2026-08-11T16:54:59+00:00 symbols=20 signals=1 entries=0 exits=0 blocked=1 open=10 cash=3693.89 equity=9636.13
[SCAN] 2026-08-11T16:59:59+00:00 symbols=20 signals=0 entries=0 exits=0 blocked=0 open=10 cash=3693.89 equity=9622.78
[SCAN] 2026-08-11T17:04:59+00:00 symbols=20 signals=0 entries=0 exits=0 blocked=0 open=10 cash=3693.89 equity=9624.22
[SIGNAL] 2026-08-11T17:04:59+00:00 HEITRY BUY fill_at=2026-08-11T17:09:59+00:00 features={"close": 7.119, "bb_lower": 7.166930827119, "bb_upper": 7.3823072681190975, "rsi": 32.43977041885802, "mfi": 36.02784440784837, "atr": 0.051214285714285754}
[ENTRY] 2026-08-11T17:09:59+00:00 HEITRY layer=1 value=368.84 entry=7.12433925 cash=3324.50
[SCAN] 2026-08-11T17:09:59+00:00 symbols=20 signals=1 entries=1 exits=0 blocked=0 open=11 cash=3324.50 equity=9608.68
[SCAN] 2026-08-11T17:14:59+00:00 symbols=20 signals=0 entries=0 exits=0 blocked=0 open=11 cash=3324.50 equity=9612.29
[SIGNAL] 2026-08-11T17:14:59+00:00 GUNTRY BUY fill_at=2026-08-11T17:19:59+00:00 features={"close": 0.157, "bb_lower": 0.1575242764220987, "bb_upper": 0.16238048548266326, "rsi": 35.6782323631883, "mfi": 31.617924562026275, "atr": 0.0008571428571428579}
[ENTRY] 2026-08-11T17:19:59+00:00 GUNTRY layer=1 value=331.95 entry=0.15711775 cash=2992.05
[SCAN] 2026-08-11T17:19:59+00:00 symbols=20 signals=1 entries=1 exits=0 blocked=0 open=12 cash=2992.05 equity=9586.06
[SIGNAL] 2026-08-11T17:19:59+00:00 HEMITRY BUY fill_at=2026-08-11T17:24:59+00:00 features={"close": 0.2314, "bb_lower": 0.23150630240472142, "bb_upper": 0.23403655473813567, "rsi": 33.63315830465774, "mfi": 33.999590659911846, "atr": 0.0006285714285714287}
[BLOCKED] HEMITRY reason=max_layers
[SIGNAL] 2026-08-11T17:19:59+00:00 HEITRY BUY fill_at=2026-08-11T17:24:59+00:00 features={"close": 7.108, "bb_lower": 7.1184754086733255, "bb_upper": 7.373715067517151, "rsi": 34.322609621226505, "mfi": 29.876156365501203, "atr": 0.0502142857142858}
[ENTRY] 2026-08-11T17:24:59+00:00 HEITRY layer=2 value=298.76 entry=7.11333100 cash=2692.84
[SIGNAL] 2026-08-11T17:19:59+00:00 GUNTRY BUY fill_at=2026-08-11T17:24:59+00:00 features={"close": 0.156, "bb_lower": 0.15703881577444875, "bb_upper": 0.1621992794636465, "rsi": 32.542658774007435, "mfi": 30.07071657322676, "atr": 0.0009285714285714294}
[ENTRY] 2026-08-11T17:24:59+00:00 GUNTRY layer=2 value=268.88 entry=0.15611700 cash=2423.56
[SCAN] 2026-08-11T17:24:59+00:00 symbols=20 signals=3 entries=2 exits=0 blocked=2 open=12 cash=2423.56 equity=9591.64
[SIGNAL] 2026-08-11T17:24:59+00:00 HEITRY BUY fill_at=2026-08-11T17:29:59+00:00 features={"close": 7.093, "bb_lower": 7.096008277584774, "bb_upper": 7.375420293843796, "rsi": 33.08257850207886, "mfi": 25.03838243076686, "atr": 0.04935714285714291}
[BLOCKED] HEITRY reason=max_layers
[SCAN] 2026-08-11T17:29:59+00:00 symbols=20 signals=1 entries=0 exits=0 blocked=2 open=12 cash=2423.56 equity=9591.62
[SIGNAL] 2026-08-11T17:29:59+00:00 HOMETRY BUY fill_at=2026-08-11T17:34:59+00:00 features={"close": 0.401, "bb_lower": 0.4031692768489283, "bb_upper": 0.41902119934154786, "rsi": 27.643405210610155, "mfi": 29.822145788379842, "atr": 0.003071428571428566}
[BLOCKED] HOMETRY reason=max_layers
[SCAN] 2026-08-11T17:34:59+00:00 symbols=20 signals=1 entries=0 exits=0 blocked=1 open=12 cash=2423.56 equity=9584.30
[SIGNAL] 2026-08-11T17:34:59+00:00 HOMETRY BUY fill_at=2026-08-11T17:39:59+00:00 features={"close": 0.4, "bb_lower": 0.40142462526958594, "bb_upper": 0.4192420413970808, "rsi": 26.463075988388212, "mfi": 25.33866230911795, "atr": 0.002999999999999995}
[BLOCKED] HOMETRY reason=max_layers
[SIGNAL] 2026-08-11T17:34:59+00:00 ACTTRY BUY fill_at=2026-08-11T17:39:59+00:00 features={"close": 0.4813, "bb_lower": 0.48167368639743097, "bb_upper": 0.49709774217399766, "rsi": 29.476060744474765, "mfi": 16.495597875666718, "atr": 0.002228571428571433}
[BLOCKED] ACTTRY reason=max_layers
[SCAN] 2026-08-11T17:39:59+00:00 symbols=20 signals=2 entries=0 exits=0 blocked=2 open=12 cash=2423.56 equity=9612.05
[SCAN] 2026-08-11T17:44:59+00:00 symbols=20 signals=0 entries=0 exits=0 blocked=1 open=12 cash=2423.56 equity=9615.13
[SCAN] 2026-08-11T17:49:59+00:00 symbols=20 signals=0 entries=0 exits=0 blocked=1 open=12 cash=2423.56 equity=9612.09
[SCAN] 2026-08-11T17:54:59+00:00 symbols=20 signals=0 entries=0 exits=0 blocked=0 open=12 cash=2423.56 equity=9607.35
[SCAN] 2026-08-11T17:59:59+00:00 symbols=20 signals=0 entries=0 exits=0 blocked=0 open=12 cash=2423.56 equity=9608.23
[SIGNAL] 2026-08-11T17:59:59+00:00 ALLOTRY BUY fill_at=2026-08-11T18:04:59+00:00 features={"close": 14.16, "bb_lower": 14.249024504366748, "bb_upper": 14.641451686109452, "rsi": 27.951146490592095, "mfi": 55.373109349551946, "atr": 0.05642857142857124}
[BLOCKED] ALLOTRY reason=max_layers
[EXIT] 2026-08-11T18:04:59+00:00 GUNTRY reason=fixed_take_profit pnl=+11.64 cash=3036.93
[SCAN] 2026-08-11T18:04:59+00:00 symbols=20 signals=1 entries=0 exits=1 blocked=1 open=11 cash=3036.93 equity=9614.35
[SCAN] 2026-08-11T18:09:59+00:00 symbols=20 signals=0 entries=0 exits=0 blocked=0 open=11 cash=3036.93 equity=9602.75
[SCAN] 2026-08-11T18:14:59+00:00 symbols=20 signals=0 entries=0 exits=0 blocked=0 open=11 cash=3036.93 equity=9595.86
[EXIT] 2026-08-11T18:19:59+00:00 HOMETRY reason=fixed_stop_loss pnl=-56.98 cash=3597.74
[SCAN] 2026-08-11T18:19:59+00:00 symbols=20 signals=0 entries=0 exits=1 blocked=0 open=10 cash=3597.74 equity=9586.78
[SIGNAL] 2026-08-11T18:19:59+00:00 HOMETRY BUY fill_at=2026-08-11T18:24:59+00:00 features={"close": 0.396, "bb_lower": 0.3974482622915331, "bb_upper": 0.4149326900894194, "rsi": 31.590229940827427, "mfi": 24.494412257353375, "atr": 0.003928571428571416}
[ENTRY] 2026-08-11T18:24:59+00:00 HOMETRY layer=1 value=359.23 entry=0.39729775 cash=3237.96
[SCAN] 2026-08-11T18:24:59+00:00 symbols=20 signals=1 entries=1 exits=0 blocked=1 open=11 cash=3237.96 equity=9595.27
[SCAN] 2026-08-11T18:29:59+00:00 symbols=20 signals=0 entries=0 exits=0 blocked=0 open=11 cash=3237.96 equity=9592.64
[SCAN] 2026-08-11T18:34:59+00:00 symbols=20 signals=0 entries=0 exits=0 blocked=0 open=11 cash=3237.96 equity=9597.02
[SCAN] 2026-08-11T18:39:59+00:00 symbols=20 signals=0 entries=0 exits=0 blocked=0 open=11 cash=3237.96 equity=9599.55
[SCAN] 2026-08-11T18:44:59+00:00 symbols=20 signals=0 entries=0 exits=0 blocked=0 open=11 cash=3237.96 equity=9594.90
[SIGNAL] 2026-08-11T18:44:59+00:00 HEITRY BUY fill_at=2026-08-11T18:49:59+00:00 features={"close": 7.048, "bb_lower": 7.056992754112345, "bb_upper": 7.164340579220987, "rsi": 36.81799300136742, "mfi": 53.99792585845905, "atr": 0.04664285714285711}
[BLOCKED] HEITRY reason=max_layers
[SCAN] 2026-08-11T18:49:59+00:00 symbols=20 signals=1 entries=0 exits=0 blocked=1 open=11 cash=3237.96 equity=9594.65
[SCAN] 2026-08-11T18:54:59+00:00 symbols=20 signals=0 entries=0 exits=0 blocked=0 open=11 cash=3237.96 equity=9573.78
[SCAN] 2026-08-11T18:59:59+00:00 symbols=20 signals=0 entries=0 exits=0 blocked=1 open=11 cash=3237.96 equity=9576.62
[SCAN] 2026-08-11T19:04:59+00:00 symbols=20 signals=0 entries=0 exits=0 blocked=0 open=11 cash=3237.96 equity=9576.29
[SIGNAL] 2026-08-11T19:04:59+00:00 ESPTRY BUY fill_at=2026-08-11T19:09:59+00:00 features={"close": 3.36, "bb_lower": 3.366367279331275, "bb_upper": 3.42591843495444, "rsi": 36.43125056435993, "mfi": 25.203611216155394, "atr": 0.011785714285714224}
[ENTRY] 2026-08-11T19:09:59+00:00 ESPTRY layer=1 value=323.31 entry=3.36552225 cash=2914.17
[SCAN] 2026-08-11T19:09:59+00:00 symbols=20 signals=1 entries=1 exits=0 blocked=0 open=12 cash=2914.17 equity=9574.62
[SIGNAL] 2026-08-11T19:09:59+00:00 ESPTRY BUY fill_at=2026-08-11T19:14:59+00:00 features={"close": 3.36, "bb_lower": 3.3609136184477744, "bb_upper": 3.4267054291712733, "rsi": 36.43125054970506, "mfi": 25.718359685957722, "atr": 0.011785714285714224}
[ENTRY] 2026-08-11T19:14:59+00:00 ESPTRY layer=2 value=290.98 entry=3.36352075 cash=2622.75
[EXIT] 2026-08-11T19:14:59+00:00 HOMETRY reason=fixed_take_profit pnl=+6.96 cash=2989.48
[SCAN] 2026-08-11T19:14:59+00:00 symbols=20 signals=1 entries=1 exits=1 blocked=0 open=11 cash=2989.48 equity=9585.23
[SCAN] 2026-08-11T19:19:59+00:00 symbols=20 signals=0 entries=0 exits=0 blocked=0 open=11 cash=2989.48 equity=9605.59
[SCAN] 2026-08-11T19:24:59+00:00 symbols=20 signals=0 entries=0 exits=0 blocked=1 open=11 cash=2989.48 equity=9609.04
[EXIT] 2026-08-11T19:29:59+00:00 RENDERTRY reason=bb_mfi_v3_signal_exit pnl=+1.15 cash=3590.08
[SCAN] 2026-08-11T19:29:59+00:00 symbols=20 signals=0 entries=0 exits=1 blocked=1 open=10 cash=3590.08 equity=9608.35
[SCAN] 2026-08-11T19:34:59+00:00 symbols=20 signals=0 entries=0 exits=0 blocked=0 open=10 cash=3590.08 equity=9610.93
[SCAN] 2026-08-11T19:39:59+00:00 symbols=20 signals=0 entries=0 exits=0 blocked=0 open=10 cash=3590.08 equity=9609.97
[SCAN] 2026-08-11T19:44:59+00:00 symbols=20 signals=0 entries=0 exits=0 blocked=0 open=10 cash=3590.08 equity=9614.81
[SCAN] 2026-08-11T19:49:59+00:00 symbols=20 signals=0 entries=0 exits=0 blocked=0 open=10 cash=3590.08 equity=9620.84
[SCAN] 2026-08-11T19:54:59+00:00 symbols=20 signals=0 entries=0 exits=0 blocked=0 open=10 cash=3590.08 equity=9621.69
[SCAN] 2026-08-11T19:59:59+00:00 symbols=20 signals=0 entries=0 exits=0 blocked=0 open=10 cash=3590.08 equity=9631.68
[SCAN] 2026-08-11T20:04:59+00:00 symbols=20 signals=0 entries=0 exits=0 blocked=0 open=10 cash=3590.08 equity=9632.51
[SCAN] 2026-08-11T20:09:59+00:00 symbols=20 signals=0 entries=0 exits=0 blocked=0 open=10 cash=3590.08 equity=9653.01
[SCAN] 2026-08-11T20:14:59+00:00 symbols=20 signals=0 entries=0 exits=0 blocked=0 open=10 cash=3590.08 equity=9661.95
[EXIT] 2026-08-11T20:19:59+00:00 HEMITRY reason=bb_mfi_v3_signal_exit pnl=-18.22 cash=4383.00
[SCAN] 2026-08-11T20:19:59+00:00 symbols=20 signals=0 entries=0 exits=1 blocked=0 open=9 cash=4383.00 equity=9643.40
[SCAN] 2026-08-11T20:24:59+00:00 symbols=20 signals=0 entries=0 exits=0 blocked=0 open=9 cash=4383.00 equity=9641.06
[SCAN] 2026-08-11T20:29:59+00:00 symbols=20 signals=0 entries=0 exits=0 blocked=0 open=9 cash=4383.00 equity=9645.37
[SCAN] 2026-08-11T20:34:59+00:00 symbols=20 signals=0 entries=0 exits=0 blocked=0 open=9 cash=4383.00 equity=9650.98
[SCAN] 2026-08-11T20:39:59+00:00 symbols=20 signals=0 entries=0 exits=0 blocked=0 open=9 cash=4383.00 equity=9648.57
[SCAN] 2026-08-11T20:44:59+00:00 symbols=20 signals=0 entries=0 exits=0 blocked=0 open=9 cash=4383.00 equity=9643.98
[SCAN] 2026-08-11T20:49:59+00:00 symbols=20 signals=0 entries=0 exits=0 blocked=0 open=9 cash=4383.00 equity=9647.92
[SCAN] 2026-08-11T20:54:59+00:00 symbols=20 signals=0 entries=0 exits=0 blocked=0 open=9 cash=4383.00 equity=9650.70
[SCAN] 2026-08-11T20:59:59+00:00 symbols=20 signals=0 entries=0 exits=0 blocked=0 open=9 cash=4383.00 equity=9653.54
[SCAN] 2026-08-11T21:04:59+00:00 symbols=20 signals=0 entries=0 exits=0 blocked=0 open=9 cash=4383.00 equity=9661.76
[EXIT] 2026-08-11T21:09:59+00:00 BOMETRY reason=bb_mfi_v3_signal_exit pnl=+2.62 cash=4741.71
[SCAN] 2026-08-11T21:09:59+00:00 symbols=20 signals=0 entries=0 exits=1 blocked=0 open=8 cash=4741.71 equity=9657.97
[SCAN] 2026-08-11T21:14:59+00:00 symbols=20 signals=0 entries=0 exits=0 blocked=0 open=8 cash=4741.71 equity=9651.91
[SIGNAL] 2026-08-11T21:14:59+00:00 NOMTRY BUY fill_at=2026-08-11T21:19:59+00:00 features={"close": 0.075, "bb_lower": 0.07535991741349632, "bb_upper": 0.07883055877697986, "rsi": 24.362710684732747, "mfi": 25.84569911525574, "atr": 0.0005000000000000004}
[ENTRY] 2026-08-11T21:19:59+00:00 NOMTRY layer=1 value=473.46 entry=0.07505625 cash=4267.54
[SCAN] 2026-08-11T21:19:59+00:00 symbols=20 signals=1 entries=1 exits=0 blocked=0 open=9 cash=4267.54 equity=9654.80
[SCAN] 2026-08-11T21:24:59+00:00 symbols=20 signals=0 entries=0 exits=0 blocked=0 open=9 cash=4267.54 equity=9657.27
[SCAN] 2026-08-11T21:29:59+00:00 symbols=20 signals=0 entries=0 exits=0 blocked=0 open=9 cash=4267.54 equity=9647.42
[SIGNAL] 2026-08-11T21:29:59+00:00 SAGATRY BUY fill_at=2026-08-11T21:34:59+00:00 features={"close": 0.66, "bb_lower": 0.6653189035052894, "bb_upper": 0.6764906203042343, "rsi": 27.26719009730627, "mfi": 6.473201325148963, "atr": 0.0019285714285714303}
[BLOCKED] SAGATRY reason=max_layers
[SCAN] 2026-08-11T21:34:59+00:00 symbols=20 signals=1 entries=0 exits=0 blocked=2 open=9 cash=4267.54 equity=9656.47
[SIGNAL] 2026-08-11T21:34:59+00:00 SAGATRY BUY fill_at=2026-08-11T21:39:59+00:00 features={"close": 0.663, "bb_lower": 0.6640029551357625, "bb_upper": 0.6770446639118568, "rsi": 35.967818902659076, "mfi": 11.520377256723478, "atr": 0.0022857142857142876}
[BLOCKED] SAGATRY reason=max_layers
[SCAN] 2026-08-11T21:39:59+00:00 symbols=20 signals=1 entries=0 exits=0 blocked=1 open=9 cash=4267.54 equity=9653.44
[SCAN] 2026-08-11T21:44:59+00:00 symbols=20 signals=0 entries=0 exits=0 blocked=0 open=9 cash=4267.54 equity=9650.95
[SCAN] 2026-08-11T21:49:59+00:00 symbols=20 signals=0 entries=0 exits=0 blocked=1 open=9 cash=4267.54 equity=9647.24
[SCAN] 2026-08-11T21:54:59+00:00 symbols=20 signals=0 entries=0 exits=0 blocked=2 open=9 cash=4267.54 equity=9642.94
[SCAN] 2026-08-11T21:59:59+00:00 symbols=20 signals=0 entries=0 exits=0 blocked=2 open=9 cash=4267.54 equity=9637.42
[SIGNAL] 2026-08-11T21:59:59+00:00 MUBARAKTRY BUY fill_at=2026-08-11T22:04:59+00:00 features={"close": 0.849, "bb_lower": 0.8500255614215894, "bb_upper": 0.894355390959363, "rsi": 29.898233519225812, "mfi": 30.218614401683155, "atr": 0.005214285714285719}
[ENTRY] 2026-08-11T22:04:59+00:00 MUBARAKTRY layer=1 value=426.11 entry=0.85063750 cash=3840.79
[SIGNAL] 2026-08-11T21:59:59+00:00 HEITRY BUY fill_at=2026-08-11T22:04:59+00:00 features={"close": 7.04, "bb_lower": 7.082936159489422, "bb_upper": 7.238397173843912, "rsi": 30.09591077942534, "mfi": 33.0636283131182, "atr": 0.042428571428571385}
[BLOCKED] HEITRY reason=max_layers
[SCAN] 2026-08-11T22:04:59+00:00 symbols=20 signals=2 entries=1 exits=0 blocked=2 open=10 cash=3840.79 equity=9635.48
[SIGNAL] 2026-08-11T22:04:59+00:00 HEITRY BUY fill_at=2026-08-11T22:09:59+00:00 features={"close": 7.031, "bb_lower": 7.059013399835936, "bb_upper": 7.24717707635454, "rsi": 29.17835475350988, "mfi": 30.04273356572652, "atr": 0.044357142857142824}
[BLOCKED] HEITRY reason=max_layers
[SCAN] 2026-08-11T22:09:59+00:00 symbols=20 signals=1 entries=0 exits=0 blocked=1 open=10 cash=3840.79 equity=9640.51
[SIGNAL] 2026-08-11T22:09:59+00:00 HEITRY BUY fill_at=2026-08-11T22:14:59+00:00 features={"close": 7.04, "bb_lower": 7.041650138059474, "bb_upper": 7.252254623845287, "rsi": 31.442691557594685, "mfi": 34.15363883273132, "atr": 0.044071428571428505}
[BLOCKED] HEITRY reason=max_layers
[SCAN] 2026-08-11T22:14:59+00:00 symbols=20 signals=1 entries=0 exits=0 blocked=1 open=10 cash=3840.79 equity=9644.44
[SCAN] 2026-08-11T22:19:59+00:00 symbols=20 signals=0 entries=0 exits=0 blocked=0 open=10 cash=3840.79 equity=9643.53
[SIGNAL] 2026-08-11T22:19:59+00:00 MMTTRY BUY fill_at=2026-08-11T22:24:59+00:00 features={"close": 9.96, "bb_lower": 9.979639007447457, "bb_upper": 10.123218135409687, "rsi": 39.46747871230047, "mfi": 35.18346927759839, "atr": 0.04000000000000016}
[BLOCKED] MMTTRY reason=max_layers
[SCAN] 2026-08-11T22:24:59+00:00 symbols=20 signals=1 entries=0 exits=0 blocked=1 open=10 cash=3840.79 equity=9644.46
[SIGNAL] 2026-08-11T22:24:59+00:00 MMTTRY BUY fill_at=2026-08-11T22:29:59+00:00 features={"close": 9.92, "bb_lower": 9.954187288360249, "bb_upper": 10.13628890211594, "rsi": 35.194322095834764, "mfi": 35.06964482148089, "atr": 0.042142857142857384}
[BLOCKED] MMTTRY reason=max_layers
[SCAN] 2026-08-11T22:29:59+00:00 symbols=20 signals=1 entries=0 exits=0 blocked=1 open=10 cash=3840.79 equity=9645.26
[SCAN] 2026-08-11T22:34:59+00:00 symbols=20 signals=0 entries=0 exits=0 blocked=0 open=10 cash=3840.79 equity=9640.77
[SIGNAL] 2026-08-11T22:34:59+00:00 MMTTRY BUY fill_at=2026-08-11T22:39:59+00:00 features={"close": 9.92, "bb_lower": 9.920968802534109, "bb_upper": 10.141888340323032, "rsi": 36.58857111416658, "mfi": 58.647896911144514, "atr": 0.039285714285714333}
[BLOCKED] MMTTRY reason=max_layers
[SCAN] 2026-08-11T22:39:59+00:00 symbols=20 signals=1 entries=0 exits=0 blocked=1 open=10 cash=3840.79 equity=9632.17
[EXIT] 2026-08-11T22:44:59+00:00 NOMTRY reason=fixed_take_profit pnl=+9.17 cash=4324.13
[SCAN] 2026-08-11T22:44:59+00:00 symbols=20 signals=0 entries=0 exits=1 blocked=0 open=9 cash=4324.13 equity=9624.65
[SIGNAL] 2026-08-11T22:44:59+00:00 MMTTRY BUY fill_at=2026-08-11T22:49:59+00:00 features={"close": 9.88, "bb_lower": 9.889084254504496, "bb_upper": 10.136630031209787, "rsi": 33.13496111173204, "mfi": 43.23173883062984, "atr": 0.040000000000000036}
[BLOCKED] MMTTRY reason=max_layers
[SCAN] 2026-08-11T22:49:59+00:00 symbols=20 signals=1 entries=0 exits=0 blocked=1 open=9 cash=4324.13 equity=9620.23
[EXIT] 2026-08-11T22:54:59+00:00 ESPTRY reason=bb_mfi_v3_signal_exit pnl=+9.80 cash=4949.14
[SIGNAL] 2026-08-11T22:49:59+00:00 MMTTRY BUY fill_at=2026-08-11T22:54:59+00:00 features={"close": 9.79, "bb_lower": 9.846869182191435, "bb_upper": 10.1512260559038, "rsi": 26.07695278412001, "mfi": 33.203333114818136, "atr": 0.04428571428571436}
[BLOCKED] MMTTRY reason=max_layers
[SCAN] 2026-08-11T22:54:59+00:00 symbols=20 signals=1 entries=0 exits=1 blocked=1 open=8 cash=4949.14 equity=9629.85
[SCAN] 2026-08-11T22:59:59+00:00 symbols=20 signals=0 entries=0 exits=0 blocked=1 open=8 cash=4949.14 equity=9625.64
[SCAN] 2026-08-11T23:04:59+00:00 symbols=20 signals=0 entries=0 exits=0 blocked=0 open=8 cash=4949.14 equity=9619.72
[SIGNAL] 2026-08-11T23:04:59+00:00 HEITRY BUY fill_at=2026-08-11T23:09:59+00:00 features={"close": 6.855, "bb_lower": 6.855156834277401, "bb_upper": 7.227795546674979, "rsi": 16.357969033301018, "mfi": 8.79159242513279, "atr": 0.03807142857142841}
[BLOCKED] HEITRY reason=max_layers
[SCAN] 2026-08-11T23:09:59+00:00 symbols=20 signals=1 entries=0 exits=0 blocked=1 open=8 cash=4949.14 equity=9611.47
[SIGNAL] 2026-08-11T23:09:59+00:00 HEITRY BUY fill_at=2026-08-11T23:14:59+00:00 features={"close": 6.818, "bb_lower": 6.827559182733364, "bb_upper": 7.219393198219016, "rsi": 14.34254085153384, "mfi": 8.60037221486239, "atr": 0.035857142857142775}
[BLOCKED] HEITRY reason=max_layers
[SCAN] 2026-08-11T23:14:59+00:00 symbols=20 signals=1 entries=0 exits=0 blocked=2 open=8 cash=4949.14 equity=9595.10
[SIGNAL] 2026-08-11T23:14:59+00:00 SAGATRY BUY fill_at=2026-08-11T23:19:59+00:00 features={"close": 0.656, "bb_lower": 0.6564154195240408, "bb_upper": 0.665394104285483, "rsi": 31.98249462065702, "mfi": 56.00854528036296, "atr": 0.0015000000000000013}
[BLOCKED] SAGATRY reason=max_layers
[SIGNAL] 2026-08-11T23:14:59+00:00 HEITRY BUY fill_at=2026-08-11T23:19:59+00:00 features={"close": 6.756, "bb_lower": 6.789260847063555, "bb_upper": 7.217501057698352, "rsi": 11.721009620766651, "mfi": 8.084381593824503, "atr": 0.0374999999999999}
[BLOCKED] HEITRY reason=max_layers
[SIGNAL] 2026-08-11T23:14:59+00:00 MMTTRY BUY fill_at=2026-08-11T23:19:59+00:00 features={"close": 9.69, "bb_lower": 9.724323311525568, "bb_upper": 10.158533831331576, "rsi": 27.139237614073863, "mfi": 35.87515362118684, "atr": 0.06285714285714279}
[BLOCKED] MMTTRY reason=max_layers
[SCAN] 2026-08-11T23:19:59+00:00 symbols=20 signals=3 entries=0 exits=0 blocked=3 open=8 cash=4949.14 equity=9598.70
[SIGNAL] 2026-08-11T23:19:59+00:00 SAGATRY BUY fill_at=2026-08-11T23:24:59+00:00 features={"close": 0.655, "bb_lower": 0.6554860833693569, "bb_upper": 0.6655615356782622, "rsi": 30.133425507050802, "mfi": 42.304893978662946, "atr": 0.0015000000000000013}
[BLOCKED] SAGATRY reason=max_layers
[SCAN] 2026-08-11T23:24:59+00:00 symbols=20 signals=1 entries=0 exits=0 blocked=1 open=8 cash=4949.14 equity=9592.50
[SIGNAL] 2026-08-11T23:24:59+00:00 MUBARAKTRY BUY fill_at=2026-08-11T23:29:59+00:00 features={"close": 0.844, "bb_lower": 0.846878547381653, "bb_upper": 0.8655024049992993, "rsi": 30.73528682571734, "mfi": 53.62601872022445, "atr": 0.0053571428571428615}
[ENTRY] 2026-08-11T23:29:59+00:00 MUBARAKTRY layer=2 value=494.17 entry=0.84563375 cash=4454.23
[SIGNAL] 2026-08-11T23:24:59+00:00 HEITRY BUY fill_at=2026-08-11T23:29:59+00:00 features={"close": 6.71, "bb_lower": 6.721491976518077, "bb_upper": 7.20526992824383, "rsi": 10.753086750524218, "mfi": 8.763596781704408, "atr": 0.04257142857142858}
[BLOCKED] HEITRY reason=max_layers
[SCAN] 2026-08-11T23:29:59+00:00 symbols=20 signals=2 entries=1 exits=0 blocked=1 open=8 cash=4454.23 equity=9593.96
[SCAN] 2026-08-11T23:34:59+00:00 symbols=20 signals=0 entries=0 exits=0 blocked=0 open=8 cash=4454.23 equity=9584.03
[SCAN] 2026-08-11T23:39:59+00:00 symbols=20 signals=0 entries=0 exits=0 blocked=1 open=8 cash=4454.23 equity=9574.51
[SCAN] 2026-08-11T23:44:59+00:00 symbols=20 signals=0 entries=0 exits=0 blocked=2 open=8 cash=4454.23 equity=9589.65
[SCAN] 2026-08-11T23:49:59+00:00 symbols=20 signals=0 entries=0 exits=0 blocked=0 open=8 cash=4454.23 equity=9582.45
[SCAN] 2026-08-11T23:54:59+00:00 symbols=20 signals=0 entries=0 exits=0 blocked=1 open=8 cash=4454.23 equity=9584.56
[SCAN] 2026-08-11T23:59:59+00:00 symbols=20 signals=0 entries=0 exits=0 blocked=0 open=8 cash=4454.23 equity=9575.29
[SCAN] 2026-08-12T00:04:59+00:00 symbols=20 signals=0 entries=0 exits=0 blocked=1 open=8 cash=4454.23 equity=9577.79
[SCAN] 2026-08-12T00:09:59+00:00 symbols=20 signals=0 entries=0 exits=0 blocked=2 open=8 cash=4454.23 equity=9589.52
[EXIT] 2026-08-12T00:14:59+00:00 PUMPTRY reason=bb_mfi_v3_signal_exit pnl=-9.37 cash=5095.90
[SCAN] 2026-08-12T00:14:59+00:00 symbols=20 signals=0 entries=0 exits=1 blocked=1 open=7 cash=5095.90 equity=9583.07
[EXIT] 2026-08-12T00:19:59+00:00 HEITRY reason=fixed_stop_loss pnl=-61.66 cash=5702.82
[SCAN] 2026-08-12T00:19:59+00:00 symbols=20 signals=0 entries=0 exits=1 blocked=1 open=6 cash=5702.82 equity=9581.22
[SCAN] 2026-08-12T00:24:59+00:00 symbols=20 signals=0 entries=0 exits=0 blocked=0 open=6 cash=5702.82 equity=9586.35
[SCAN] 2026-08-12T00:29:59+00:00 symbols=20 signals=0 entries=0 exits=0 blocked=0 open=6 cash=5702.82 equity=9587.66
[SCAN] 2026-08-12T00:34:59+00:00 symbols=20 signals=0 entries=0 exits=0 blocked=0 open=6 cash=5702.82 equity=9590.74
[SCAN] 2026-08-12T00:39:59+00:00 symbols=20 signals=0 entries=0 exits=0 blocked=0 open=6 cash=5702.82 equity=9590.81
[SCAN] 2026-08-12T00:44:59+00:00 symbols=20 signals=0 entries=0 exits=0 blocked=1 open=6 cash=5702.82 equity=9599.70
[SIGNAL] 2026-08-12T00:44:59+00:00 ALLOTRY BUY fill_at=2026-08-12T00:49:59+00:00 features={"close": 14.37, "bb_lower": 14.39273449239414, "bb_upper": 14.672027412367765, "rsi": 37.874950013417326, "mfi": 33.99237402395558, "atr": 0.050714285714285774}
[BLOCKED] ALLOTRY reason=max_layers
[SCAN] 2026-08-12T00:49:59+00:00 symbols=20 signals=1 entries=0 exits=0 blocked=1 open=6 cash=5702.82 equity=9602.79
[SIGNAL] 2026-08-12T00:49:59+00:00 ALLOTRY BUY fill_at=2026-08-12T00:54:59+00:00 features={"close": 14.34, "bb_lower": 14.363739942381939, "bb_upper": 14.673402914760919, "rsi": 35.87687476498158, "mfi": 30.640528911861864, "atr": 0.051428571428571476}
[BLOCKED] ALLOTRY reason=max_layers
[SCAN] 2026-08-12T00:54:59+00:00 symbols=20 signals=1 entries=0 exits=0 blocked=1 open=6 cash=5702.82 equity=9603.62
[SCAN] 2026-08-12T00:59:59+00:00 symbols=20 signals=0 entries=0 exits=0 blocked=0 open=6 cash=5702.82 equity=9601.69
[SCAN] 2026-08-12T01:04:59+00:00 symbols=20 signals=0 entries=0 exits=0 blocked=0 open=6 cash=5702.82 equity=9603.05
[SCAN] 2026-08-12T01:09:59+00:00 symbols=20 signals=0 entries=0 exits=0 blocked=0 open=6 cash=5702.82 equity=9607.58
[SCAN] 2026-08-12T01:14:59+00:00 symbols=20 signals=0 entries=0 exits=0 blocked=2 open=6 cash=5702.82 equity=9599.72
[SIGNAL] 2026-08-12T01:14:59+00:00 TSTTRY BUY fill_at=2026-08-12T01:19:59+00:00 features={"close": 0.763, "bb_lower": 0.7680712072946004, "bb_upper": 0.8065002212768283, "rsi": 32.39422375261188, "mfi": 47.51922903512242, "atr": 0.011071428571428574}
[ENTRY] 2026-08-12T01:19:59+00:00 TSTTRY layer=1 value=569.43 entry=0.76357225 cash=5132.54
[SCAN] 2026-08-12T01:19:59+00:00 symbols=20 signals=1 entries=1 exits=0 blocked=0 open=7 cash=5132.54 equity=9583.18
[SIGNAL] 2026-08-12T01:19:59+00:00 BMTTRY BUY fill_at=2026-08-12T01:24:59+00:00 features={"close": 0.975, "bb_lower": 1.047840327870432, "bb_upper": 1.1912072911771872, "rsi": 24.66215424377279, "mfi": 34.01689897035851, "atr": 0.03314285714285709}
[ENTRY] 2026-08-12T01:24:59+00:00 BMTTRY layer=1 value=512.49 entry=0.98073500 cash=4619.29
[SIGNAL] 2026-08-12T01:19:59+00:00 TSTTRY BUY fill_at=2026-08-12T01:24:59+00:00 features={"close": 0.758, "bb_lower": 0.7629341342672229, "bb_upper": 0.808684913351825, "rsi": 30.052513673434504, "mfi": 43.98306108031415, "atr": 0.010571428571428574}
[ENTRY] 2026-08-12T01:24:59+00:00 TSTTRY layer=2 value=461.24 entry=0.75956925 cash=4157.36
[SIGNAL] 2026-08-12T01:19:59+00:00 MUBARAKTRY BUY fill_at=2026-08-12T01:24:59+00:00 features={"close": 0.846, "bb_lower": 0.8460219653252676, "bb_upper": 0.8629304156271131, "rsi": 38.97665782342808, "mfi": 27.11169921942364, "atr": 0.004071428571428575}
[BLOCKED] MUBARAKTRY reason=max_layers
[EXIT] 2026-08-12T01:24:59+00:00 BMTTRY reason=fixed_take_profit pnl=+9.93 cash=4680.54
[SCAN] 2026-08-12T01:24:59+00:00 symbols=20 signals=3 entries=2 exits=1 blocked=1 open=7 cash=4680.54 equity=9610.10
[SIGNAL] 2026-08-12T01:24:59+00:00 BMTTRY BUY fill_at=2026-08-12T01:29:59+00:00 features={"close": 0.99, "bb_lower": 1.0227244401620699, "bb_upper": 1.2033707979331683, "rsi": 28.712991497989535, "mfi": 27.557150697161262, "atr": 0.03407142857142852}
[ENTRY] 2026-08-12T01:29:59+00:00 BMTTRY layer=1 value=467.35 entry=0.98874100 cash=4212.49
[SCAN] 2026-08-12T01:29:59+00:00 symbols=20 signals=1 entries=1 exits=0 blocked=0 open=8 cash=4212.49 equity=9580.65
[SIGNAL] 2026-08-12T01:29:59+00:00 BMTTRY BUY fill_at=2026-08-12T01:34:59+00:00 features={"close": 0.976, "bb_lower": 0.9986503592919332, "bb_upper": 1.2121115454699716, "rsi": 27.23246095089104, "mfi": 27.27277147620528, "atr": 0.03414285714285711}
[ENTRY] 2026-08-12T01:34:59+00:00 BMTTRY layer=2 value=420.62 entry=0.97573125 cash=3791.24
[SIGNAL] 2026-08-12T01:29:59+00:00 SAGATRY BUY fill_at=2026-08-12T01:34:59+00:00 features={"close": 0.649, "bb_lower": 0.6498986133418749, "bb_upper": 0.6583871009438396, "rsi": 34.35121506402399, "mfi": 38.48476693265219, "atr": 0.0017857142857142874}
[BLOCKED] SAGATRY reason=max_layers
[SCAN] 2026-08-12T01:34:59+00:00 symbols=20 signals=2 entries=1 exits=0 blocked=3 open=8 cash=3791.24 equity=9558.53
[SIGNAL] 2026-08-12T01:34:59+00:00 BMTTRY BUY fill_at=2026-08-12T01:39:59+00:00 features={"close": 0.961, "bb_lower": 0.9749193784334882, "bb_upper": 1.219556812042702, "rsi": 25.694636587475173, "mfi": 27.895859641123934, "atr": 0.0351428571428571}
[BLOCKED] BMTTRY reason=max_layers
[SIGNAL] 2026-08-12T01:34:59+00:00 HEITRY BUY fill_at=2026-08-12T01:39:59+00:00 features={"close": 6.39, "bb_lower": 6.399559215552916, "bb_upper": 6.601393165399461, "rsi": 28.5289990663278, "mfi": 49.48132969855684, "atr": 0.0564999999999999}
[ENTRY] 2026-08-12T01:39:59+00:00 HEITRY layer=1 value=378.56 entry=6.38978875 cash=3412.11
[SCAN] 2026-08-12T01:39:59+00:00 symbols=20 signals=2 entries=1 exits=0 blocked=2 open=9 cash=3412.11 equity=9539.10
[SIGNAL] 2026-08-12T01:39:59+00:00 HEITRY BUY fill_at=2026-08-12T01:44:59+00:00 features={"close": 6.35, "bb_lower": 6.3835936006908565, "bb_upper": 6.59097782788057, "rsi": 25.81806123344576, "mfi": 44.686870093852804, "atr": 0.05885714285714272}
[ENTRY] 2026-08-12T01:44:59+00:00 HEITRY layer=2 value=340.70 entry=6.36677150 cash=3070.90
[SCAN] 2026-08-12T01:44:59+00:00 symbols=20 signals=1 entries=1 exits=0 blocked=2 open=9 cash=3070.90 equity=9514.17
[SIGNAL] 2026-08-12T01:44:59+00:00 TSTTRY BUY fill_at=2026-08-12T01:49:59+00:00 features={"close": 0.733, "bb_lower": 0.7378017224287423, "bb_upper": 0.8165792299522099, "rsi": 23.204299448930712, "mfi": 23.491769123967273, "atr": 0.009642857142857151}
[BLOCKED] TSTTRY reason=max_layers
[SIGNAL] 2026-08-12T01:44:59+00:00 MUBARAKTRY BUY fill_at=2026-08-12T01:49:59+00:00 features={"close": 0.827, "bb_lower": 0.8344328119980593, "bb_upper": 0.8691862356209881, "rsi": 27.780296014556328, "mfi": 9.442289482476184, "atr": 0.005642857142857148}
[BLOCKED] MUBARAKTRY reason=max_layers
[SCAN] 2026-08-12T01:49:59+00:00 symbols=20 signals=2 entries=0 exits=0 blocked=3 open=9 cash=3070.90 equity=9495.02
[SIGNAL] 2026-08-12T01:49:59+00:00 TSTTRY BUY fill_at=2026-08-12T01:54:59+00:00 features={"close": 0.725, "bb_lower": 0.7293494101361875, "bb_upper": 0.8196029708161934, "rsi": 20.905310319985702, "mfi": 15.17335283114842, "atr": 0.01007142857142858}
[BLOCKED] TSTTRY reason=max_layers
[SIGNAL] 2026-08-12T01:49:59+00:00 MUBARAKTRY BUY fill_at=2026-08-12T01:54:59+00:00 features={"close": 0.827, "bb_lower": 0.8303729802624964, "bb_upper": 0.8710555911660751, "rsi": 27.780295928151432, "mfi": 8.394102539120354, "atr": 0.005500000000000005}
[BLOCKED] MUBARAKTRY reason=max_layers
[SIGNAL] 2026-08-12T01:49:59+00:00 HEITRY BUY fill_at=2026-08-12T01:54:59+00:00 features={"close": 6.336, "bb_lower": 6.35895065593753, "bb_upper": 6.578477915491042, "rsi": 29.893537457842868, "mfi": 43.525135106759144, "atr": 0.05728571428571413}
[BLOCKED] HEITRY reason=max_layers
[SIGNAL] 2026-08-12T01:49:59+00:00 DODOTRY BUY fill_at=2026-08-12T01:54:59+00:00 features={"close": 1.0382, "bb_lower": 1.0413608926245392, "bb_upper": 1.0759533930897467, "rsi": 36.18540011234331, "mfi": 38.950034251510985, "atr": 0.00539285714285712}
[ENTRY] 2026-08-12T01:54:59+00:00 DODOTRY layer=1 value=306.63 entry=1.04218105 cash=2763.81
[SCAN] 2026-08-12T01:54:59+00:00 symbols=20 signals=4 entries=1 exits=0 blocked=4 open=10 cash=2763.81 equity=9487.35
[SIGNAL] 2026-08-12T01:54:59+00:00 MUBARAKTRY BUY fill_at=2026-08-12T01:59:59+00:00 features={"close": 0.819, "bb_lower": 0.8247728926564647, "bb_upper": 0.8728461549625829, "rsi": 23.764152246489857, "mfi": 6.028105898214662, "atr": 0.0057142857142857195}
[BLOCKED] MUBARAKTRY reason=max_layers
[SIGNAL] 2026-08-12T01:54:59+00:00 HEITRY BUY fill_at=2026-08-12T01:59:59+00:00 features={"close": 6.327, "bb_lower": 6.336529548551273, "bb_upper": 6.583470451448727, "rsi": 29.294157548857243, "mfi": 46.77403861372697, "atr": 0.05364285714285698}
[BLOCKED] HEITRY reason=max_layers
[SCAN] 2026-08-12T01:59:59+00:00 symbols=20 signals=2 entries=0 exits=0 blocked=4 open=10 cash=2763.81 equity=9509.00
[SIGNAL] 2026-08-12T01:59:59+00:00 BOMETRY BUY fill_at=2026-08-12T02:04:59+00:00 features={"close": 0.0377, "bb_lower": 0.03775886481532323, "bb_upper": 0.03906399232753391, "rsi": 35.0777162881088, "mfi": 31.46590647233154, "atr": 0.00020000000000000028}
[ENTRY] 2026-08-12T02:04:59+00:00 BOMETRY layer=1 value=275.97 entry=0.03772827 cash=2487.43
[SCAN] 2026-08-12T02:04:59+00:00 symbols=20 signals=1 entries=1 exits=0 blocked=2 open=11 cash=2487.43 equity=9475.72
[SIGNAL] 2026-08-12T02:04:59+00:00 GUNTRY BUY fill_at=2026-08-12T02:09:59+00:00 features={"close": 0.161, "bb_lower": 0.16107567617249383, "bb_upper": 0.16654337144655376, "rsi": 27.498711376847695, "mfi": 2.60882066319094, "atr": 0.00035714285714285747}
[ENTRY] 2026-08-12T02:09:59+00:00 GUNTRY layer=1 value=248.37 entry=0.16112075 cash=2238.69
[SCAN] 2026-08-12T02:09:59+00:00 symbols=20 signals=1 entries=1 exits=0 blocked=1 open=12 cash=2238.69 equity=9453.63
[SIGNAL] 2026-08-12T02:09:59+00:00 MMTTRY BUY fill_at=2026-08-12T02:14:59+00:00 features={"close": 9.58, "bb_lower": 9.720617086489193, "bb_upper": 10.172716246844145, "rsi": 26.332862437952812, "mfi": 24.025825727379868, "atr": 0.08714285714285668}
[BLOCKED] MMTTRY reason=max_layers
[SCAN] 2026-08-12T02:14:59+00:00 symbols=20 signals=1 entries=0 exits=0 blocked=2 open=12 cash=2238.69 equity=9457.98
[SIGNAL] 2026-08-12T02:14:59+00:00 CTRY BUY fill_at=2026-08-12T02:19:59+00:00 features={"close": 3.232, "bb_lower": 3.237490124859584, "bb_upper": 3.304033684664226, "rsi": 37.82707030802626, "mfi": 38.928345006795375, "atr": 0.015357142857142816}
[ENTRY] 2026-08-12T02:19:59+00:00 CTRY layer=1 value=223.53 entry=3.23442400 cash=2014.82
[SCAN] 2026-08-12T02:19:59+00:00 symbols=20 signals=1 entries=1 exits=0 blocked=1 open=13 cash=2014.82 equity=9452.48
[SCAN] 2026-08-12T02:24:59+00:00 symbols=20 signals=0 entries=0 exits=0 blocked=0 open=13 cash=2014.82 equity=9452.11
[SCAN] 2026-08-12T02:29:59+00:00 symbols=20 signals=0 entries=0 exits=0 blocked=0 open=13 cash=2014.82 equity=9445.46
[SIGNAL] 2026-08-12T02:29:59+00:00 GUNTRY BUY fill_at=2026-08-12T02:34:59+00:00 features={"close": 0.157, "bb_lower": 0.15865504221993204, "bb_upper": 0.16724971968482993, "rsi": 14.192066800671313, "mfi": 0.0, "atr": 0.0005714285714285719}
[ENTRY] 2026-08-12T02:34:59+00:00 GUNTRY layer=2 value=201.18 entry=0.15811850 cash=1813.34
[SCAN] 2026-08-12T02:34:59+00:00 symbols=20 signals=1 entries=1 exits=0 blocked=1 open=13 cash=1813.34 equity=9472.70
[SCAN] 2026-08-12T02:39:59+00:00 symbols=20 signals=0 entries=0 exits=0 blocked=0 open=13 cash=1813.34 equity=9466.57
[EXIT] 2026-08-12T02:44:59+00:00 SAGATRY reason=bb_mfi_v3_signal_exit pnl=-25.92 cash=2314.59
[EXIT] 2026-08-12T02:44:59+00:00 BMTTRY reason=fixed_stop_loss pnl=-82.02 cash=3121.87
[SCAN] 2026-08-12T02:44:59+00:00 symbols=20 signals=0 entries=0 exits=2 blocked=0 open=11 cash=3121.87 equity=9431.43
[SCAN] 2026-08-12T02:49:59+00:00 symbols=20 signals=0 entries=0 exits=0 blocked=0 open=11 cash=3121.87 equity=9415.68
[SCAN] 2026-08-12T02:54:59+00:00 symbols=20 signals=0 entries=0 exits=0 blocked=0 open=11 cash=3121.87 equity=9410.64
[SCAN] 2026-08-12T02:59:59+00:00 symbols=20 signals=0 entries=0 exits=0 blocked=0 open=11 cash=3121.87 equity=9402.59
[EXIT] 2026-08-12T03:04:59+00:00 ALLOTRY reason=bb_mfi_v3_signal_exit pnl=-7.36 cash=3600.06
[SCAN] 2026-08-12T03:04:59+00:00 symbols=20 signals=0 entries=0 exits=1 blocked=0 open=10 cash=3600.06 equity=9409.70
[SCAN] 2026-08-12T03:09:59+00:00 symbols=20 signals=0 entries=0 exits=0 blocked=1 open=10 cash=3600.06 equity=9401.69
[SCAN] 2026-08-12T03:14:59+00:00 symbols=20 signals=0 entries=0 exits=0 blocked=0 open=10 cash=3600.06 equity=9406.19
[SCAN] 2026-08-12T03:19:59+00:00 symbols=20 signals=0 entries=0 exits=0 blocked=0 open=10 cash=3600.06 equity=9404.05
[EXIT] 2026-08-12T03:24:59+00:00 TSTTRY reason=fixed_stop_loss pnl=-95.20 cash=4537.07
[SCAN] 2026-08-12T03:24:59+00:00 symbols=20 signals=0 entries=0 exits=1 blocked=0 open=9 cash=4537.07 equity=9367.85
[SIGNAL] 2026-08-12T03:24:59+00:00 TSTTRY BUY fill_at=2026-08-12T03:29:59+00:00 features={"close": 0.694, "bb_lower": 0.7088099952910204, "bb_upper": 0.7472852428042179, "rsi": 22.55383920965106, "mfi": 22.109748823662983, "atr": 0.008714285714285721}
[ENTRY] 2026-08-12T03:29:59+00:00 TSTTRY layer=1 value=453.03 entry=0.69351975 cash=4083.36
[SCAN] 2026-08-12T03:29:59+00:00 symbols=20 signals=1 entries=1 exits=0 blocked=0 open=10 cash=4083.36 equity=9367.81
[SIGNAL] 2026-08-12T03:29:59+00:00 TSTTRY BUY fill_at=2026-08-12T03:34:59+00:00 features={"close": 0.692, "bb_lower": 0.7016477841473286, "bb_upper": 0.7505426920431474, "rsi": 21.951117202708048, "mfi": 18.444719502744036, "atr": 0.008499999999999999}
[ENTRY] 2026-08-12T03:34:59+00:00 TSTTRY layer=2 value=407.72 entry=0.69652200 cash=3675.03
[SCAN] 2026-08-12T03:34:59+00:00 symbols=20 signals=1 entries=1 exits=0 blocked=0 open=10 cash=3675.03 equity=9374.21
[SCAN] 2026-08-12T03:39:59+00:00 symbols=20 signals=0 entries=0 exits=0 blocked=0 open=10 cash=3675.03 equity=9402.33
[SCAN] 2026-08-12T03:44:59+00:00 symbols=20 signals=0 entries=0 exits=0 blocked=0 open=10 cash=3675.03 equity=9393.85
[SCAN] 2026-08-12T03:49:59+00:00 symbols=20 signals=0 entries=0 exits=0 blocked=0 open=10 cash=3675.03 equity=9391.58
[SIGNAL] 2026-08-12T03:49:59+00:00 CTRY BUY fill_at=2026-08-12T03:54:59+00:00 features={"close": 3.214, "bb_lower": 3.2194701755904784, "bb_upper": 3.300529824409522, "rsi": 35.1998828995645, "mfi": 51.22684903273678, "atr": 0.017000000000000032}
[ENTRY] 2026-08-12T03:54:59+00:00 CTRY layer=2 value=366.95 entry=3.20840450 cash=3307.52
[SCAN] 2026-08-12T03:54:59+00:00 symbols=20 signals=1 entries=1 exits=0 blocked=0 open=10 cash=3307.52 equity=9394.59
[SIGNAL] 2026-08-12T03:54:59+00:00 CTRY BUY fill_at=2026-08-12T03:59:59+00:00 features={"close": 3.203, "bb_lower": 3.2099106304759046, "bb_upper": 3.304184607619334, "rsi": 32.69830923460485, "mfi": 49.10768814890527, "atr": 0.018857142857142874}
[BLOCKED] CTRY reason=max_layers
[SCAN] 2026-08-12T03:59:59+00:00 symbols=20 signals=1 entries=0 exits=0 blocked=2 open=10 cash=3307.52 equity=9378.74
[SCAN] 2026-08-12T04:04:59+00:00 symbols=20 signals=0 entries=0 exits=0 blocked=1 open=10 cash=3307.52 equity=9366.21
[SIGNAL] 2026-08-12T04:04:59+00:00 MAVTRY BUY fill_at=2026-08-12T04:09:59+00:00 features={"close": 0.43, "bb_lower": 0.4312712843905603, "bb_upper": 0.4487287156094397, "rsi": 41.24633767056727, "mfi": 43.49342189146793, "atr": 0.004285714285714289}
[ENTRY] 2026-08-12T04:09:59+00:00 MAVTRY layer=1 value=330.26 entry=0.43032250 cash=2976.77
[SCAN] 2026-08-12T04:09:59+00:00 symbols=20 signals=1 entries=1 exits=0 blocked=0 open=11 cash=2976.77 equity=9385.50
[SCAN] 2026-08-12T04:14:59+00:00 symbols=20 signals=0 entries=0 exits=0 blocked=1 open=11 cash=2976.77 equity=9379.81
[SCAN] 2026-08-12T04:19:59+00:00 symbols=20 signals=0 entries=0 exits=0 blocked=1 open=11 cash=2976.77 equity=9386.87
[EXIT] 2026-08-12T04:24:59+00:00 DODOTRY reason=fixed_take_profit pnl=+5.94 cash=3289.80
[SCAN] 2026-08-12T04:24:59+00:00 symbols=20 signals=0 entries=0 exits=1 blocked=0 open=10 cash=3289.80 equity=9376.13
[SIGNAL] 2026-08-12T04:24:59+00:00 BMTTRY BUY fill_at=2026-08-12T04:29:59+00:00 features={"close": 0.849, "bb_lower": 0.8554211560754661, "bb_upper": 0.9309597963054865, "rsi": 22.357380053198682, "mfi": 20.610678930109103, "atr": 0.011857142857142868}
[ENTRY] 2026-08-12T04:29:59+00:00 BMTTRY layer=1 value=328.49 entry=0.85263900 cash=2960.82
[SCAN] 2026-08-12T04:29:59+00:00 symbols=20 signals=1 entries=1 exits=0 blocked=0 open=11 cash=2960.82 equity=9351.47
[SIGNAL] 2026-08-12T04:29:59+00:00 BMTTRY BUY fill_at=2026-08-12T04:34:59+00:00 features={"close": 0.84, "bb_lower": 0.8464672886890693, "bb_upper": 0.9341041398823592, "rsi": 20.530766767635868, "mfi": 18.37223528024485, "atr": 0.01192857142857144}
[ENTRY] 2026-08-12T04:34:59+00:00 BMTTRY layer=2 value=295.64 entry=0.83962925 cash=2664.74
[SIGNAL] 2026-08-12T04:29:59+00:00 HOMETRY BUY fill_at=2026-08-12T04:34:59+00:00 features={"close": 0.45, "bb_lower": 0.45030406329638517, "bb_upper": 0.46017212717980505, "rsi": 39.99876829050173, "mfi": 33.73923515984586, "atr": 0.004071428571428575}
[ENTRY] 2026-08-12T04:34:59+00:00 HOMETRY layer=1 value=266.07 entry=0.44933675 cash=2398.27
[SIGNAL] 2026-08-12T04:29:59+00:00 CTRY BUY fill_at=2026-08-12T04:34:59+00:00 features={"close": 3.157, "bb_lower": 3.171498911347167, "bb_upper": 3.3001201362718806, "rsi": 24.660708826602615, "mfi": 41.85664833724039, "atr": 0.01585714285714292}
[BLOCKED] CTRY reason=max_layers
[SCAN] 2026-08-12T04:34:59+00:00 symbols=20 signals=3 entries=2 exits=0 blocked=1 open=12 cash=2398.27 equity=9340.27
[SIGNAL] 2026-08-12T04:34:59+00:00 HOMETRY BUY fill_at=2026-08-12T04:39:59+00:00 features={"close": 0.448, "bb_lower": 0.44930957671983796, "bb_upper": 0.46002375661349526, "rsi": 36.93114866767213, "mfi": 29.057260102002544, "atr": 0.0038571428571428606}
[ENTRY] 2026-08-12T04:39:59+00:00 HOMETRY layer=2 value=239.47 entry=0.44933675 cash=2158.44
[SIGNAL] 2026-08-12T04:34:59+00:00 CTRY BUY fill_at=2026-08-12T04:39:59+00:00 features={"close": 3.15, "bb_lower": 3.1602256969362483, "bb_upper": 3.297774303063752, "rsi": 23.535360516512668, "mfi": 38.41664065228255, "atr": 0.015357142857142911}
[BLOCKED] CTRY reason=max_layers
[EXIT] 2026-08-12T04:39:59+00:00 HOMETRY reason=fixed_take_profit pnl=+9.79 cash=2674.53
[SCAN] 2026-08-12T04:39:59+00:00 symbols=20 signals=2 entries=1 exits=1 blocked=2 open=11 cash=2674.53 equity=9344.21
[SCAN] 2026-08-12T04:44:59+00:00 symbols=20 signals=0 entries=0 exits=0 blocked=3 open=11 cash=2674.53 equity=9334.28
[SCAN] 2026-08-12T04:49:59+00:00 symbols=20 signals=0 entries=0 exits=0 blocked=1 open=11 cash=2674.53 equity=9344.73
[SIGNAL] 2026-08-12T04:49:59+00:00 SAGATRY BUY fill_at=2026-08-12T04:54:59+00:00 features={"close": 0.663, "bb_lower": 0.6649961614178208, "bb_upper": 0.6738609814393219, "rsi": 38.97840908514064, "mfi": 53.41289702041751, "atr": 0.0015714285714285728}
[ENTRY] 2026-08-12T04:54:59+00:00 SAGATRY layer=1 value=267.05 entry=0.66449800 cash=2407.08
[SCAN] 2026-08-12T04:54:59+00:00 symbols=20 signals=1 entries=1 exits=0 blocked=1 open=12 cash=2407.08 equity=9358.38
[SIGNAL] 2026-08-12T04:54:59+00:00 HEITRY BUY fill_at=2026-08-12T04:59:59+00:00 features={"close": 6.279, "bb_lower": 6.310619089353541, "bb_upper": 6.5279523392178875, "rsi": 33.54853314589916, "mfi": 27.684017653930468, "atr": 0.052357142857142706}
[BLOCKED] HEITRY reason=max_layers
[SCAN] 2026-08-12T04:59:59+00:00 symbols=20 signals=1 entries=0 exits=0 blocked=1 open=12 cash=2407.08 equity=9363.86
[SCAN] 2026-08-12T05:04:59+00:00 symbols=20 signals=0 entries=0 exits=0 blocked=0 open=12 cash=2407.08 equity=9345.27
[SCAN] 2026-08-12T05:09:59+00:00 symbols=20 signals=0 entries=0 exits=0 blocked=0 open=12 cash=2407.08 equity=9326.58
[SCAN] 2026-08-12T05:14:59+00:00 symbols=20 signals=0 entries=0 exits=0 blocked=0 open=12 cash=2407.08 equity=9309.76
[SIGNAL] 2026-08-12T05:14:59+00:00 MAVTRY BUY fill_at=2026-08-12T05:19:59+00:00 features={"close": 0.42, "bb_lower": 0.42048501184454085, "bb_upper": 0.44618165482212574, "rsi": 32.080142169215065, "mfi": 20.24508804788678, "atr": 0.0028571428571428597}
[ENTRY] 2026-08-12T05:19:59+00:00 MAVTRY layer=2 value=240.35 entry=0.43032250 cash=2166.37
[SCAN] 2026-08-12T05:19:59+00:00 symbols=20 signals=1 entries=1 exits=0 blocked=0 open=12 cash=2166.37 equity=9330.90
[SCAN] 2026-08-12T05:24:59+00:00 symbols=20 signals=0 entries=0 exits=0 blocked=0 open=12 cash=2166.37 equity=9343.96
[SIGNAL] 2026-08-12T05:24:59+00:00 SAGATRY BUY fill_at=2026-08-12T05:29:59+00:00 features={"close": 0.661, "bb_lower": 0.6620577762485188, "bb_upper": 0.673656509465767, "rsi": 36.91348624011409, "mfi": 36.58496798983338, "atr": 0.0018571428571428589}
[ENTRY] 2026-08-12T05:29:59+00:00 SAGATRY layer=2 value=216.31 entry=0.66049500 cash=1949.73
[SIGNAL] 2026-08-12T05:24:59+00:00 PUMPTRY BUY fill_at=2026-08-12T05:29:59+00:00 features={"close": 0.1306, "bb_lower": 0.13108980566589118, "bb_upper": 0.1337959086198231, "rsi": 34.53680380483283, "mfi": 25.36386513248678, "atr": 0.0006857142857142816}
[ENTRY] 2026-08-12T05:29:59+00:00 PUMPTRY layer=1 value=194.68 entry=0.13089810 cash=1754.76
[SCAN] 2026-08-12T05:29:59+00:00 symbols=20 signals=2 entries=2 exits=0 blocked=0 open=13 cash=1754.76 equity=9351.31
[SIGNAL] 2026-08-12T05:29:59+00:00 SAGATRY BUY fill_at=2026-08-12T05:34:59+00:00 features={"close": 0.659, "bb_lower": 0.6606219602160159, "bb_upper": 0.6738542302601747, "rsi": 33.59505290655993, "mfi": 22.94728524716723, "atr": 0.0017857142857142874}
[BLOCKED] SAGATRY reason=max_layers
[SCAN] 2026-08-12T05:34:59+00:00 symbols=20 signals=1 entries=0 exits=0 blocked=2 open=13 cash=1754.76 equity=9338.94
[SIGNAL] 2026-08-12T05:34:59+00:00 MMTTRY BUY fill_at=2026-08-12T05:39:59+00:00 features={"close": 9.5, "bb_lower": 9.516934046150183, "bb_upper": 9.782113572897433, "rsi": 33.981417302893334, "mfi": 31.665869014406354, "atr": 0.06642857142857128}
[BLOCKED] MMTTRY reason=max_layers
[SCAN] 2026-08-12T05:39:59+00:00 symbols=20 signals=1 entries=0 exits=0 blocked=1 open=13 cash=1754.76 equity=9359.07
[SIGNAL] 2026-08-12T05:39:59+00:00 HOMETRY BUY fill_at=2026-08-12T05:44:59+00:00 features={"close": 0.447, "bb_lower": 0.4471335711421815, "bb_upper": 0.4627711907625806, "rsi": 37.82258589075623, "mfi": 49.966568318385754, "atr": 0.004285714285714289}
[ENTRY] 2026-08-12T05:44:59+00:00 HOMETRY layer=1 value=175.21 entry=0.44733525 cash=1579.28
[SCAN] 2026-08-12T05:44:59+00:00 symbols=20 signals=1 entries=1 exits=0 blocked=1 open=14 cash=1579.28 equity=9337.33
[SIGNAL] 2026-08-12T05:44:59+00:00 HOMETRY BUY fill_at=2026-08-12T05:49:59+00:00 features={"close": 0.444, "bb_lower": 0.4455303281628147, "bb_upper": 0.46361252898004257, "rsi": 34.69134747338998, "mfi": 50.01319934648903, "atr": 0.004357142857142861}
[ENTRY] 2026-08-12T05:49:59+00:00 HOMETRY layer=2 value=157.69 entry=0.44533375 cash=1421.36
[SIGNAL] 2026-08-12T05:44:59+00:00 GUNTRY BUY fill_at=2026-08-12T05:49:59+00:00 features={"close": 0.157, "bb_lower": 0.15726209373828343, "bb_upper": 0.160261715785526, "rsi": 36.31823002155998, "mfi": 30.593497911210534, "atr": 0.0005000000000000004}
[BLOCKED] GUNTRY reason=max_layers
[SCAN] 2026-08-12T05:49:59+00:00 symbols=20 signals=2 entries=1 exits=0 blocked=1 open=14 cash=1421.36 equity=9377.19
[EXIT] 2026-08-12T05:54:59+00:00 MUBARAKTRY reason=bb_mfi_v3_signal_exit pnl=+13.94 cash=2356.96
[SIGNAL] 2026-08-12T05:49:59+00:00 HOMETRY BUY fill_at=2026-08-12T05:54:59+00:00 features={"close": 0.441, "bb_lower": 0.44318042799218343, "bb_upper": 0.4646290958173404, "rsi": 31.836081119851087, "mfi": 47.288948846854176, "atr": 0.0040000000000000036}
[BLOCKED] HOMETRY reason=max_layers
[SCAN] 2026-08-12T05:54:59+00:00 symbols=20 signals=1 entries=0 exits=1 blocked=1 open=13 cash=2356.96 equity=9343.95
[SCAN] 2026-08-12T05:59:59+00:00 symbols=20 signals=0 entries=0 exits=0 blocked=0 open=13 cash=2356.96 equity=9337.82
[SIGNAL] 2026-08-12T05:59:59+00:00 GUNTRY BUY fill_at=2026-08-12T06:04:59+00:00 features={"close": 0.156, "bb_lower": 0.1567117811818628, "bb_upper": 0.16033583786575623, "rsi": 36.71973489216759, "mfi": 14.122473002173834, "atr": 0.0007857142857142864}
[BLOCKED] GUNTRY reason=max_layers
[SCAN] 2026-08-12T06:04:59+00:00 symbols=20 signals=1 entries=0 exits=0 blocked=1 open=13 cash=2356.96 equity=9323.26
[SCAN] 2026-08-12T06:09:59+00:00 symbols=20 signals=0 entries=0 exits=0 blocked=0 open=13 cash=2356.96 equity=9349.34
[SCAN] 2026-08-12T06:14:59+00:00 symbols=20 signals=0 entries=0 exits=0 blocked=1 open=13 cash=2356.96 equity=9324.99
[SIGNAL] 2026-08-12T06:14:59+00:00 TSTTRY BUY fill_at=2026-08-12T06:19:59+00:00 features={"close": 0.666, "bb_lower": 0.6665469808169204, "bb_upper": 0.6869768287068891, "rsi": 37.10450397125988, "mfi": 33.666918285949805, "atr": 0.008000000000000007}
[BLOCKED] TSTTRY reason=max_layers
[SCAN] 2026-08-12T06:19:59+00:00 symbols=20 signals=1 entries=0 exits=0 blocked=2 open=13 cash=2356.96 equity=9325.09
[SIGNAL] 2026-08-12T06:19:59+00:00 TSTTRY BUY fill_at=2026-08-12T06:24:59+00:00 features={"close": 0.662, "bb_lower": 0.6640967499062678, "bb_upper": 0.6880937262842086, "rsi": 34.80460650439342, "mfi": 26.16874720390028, "atr": 0.008500000000000008}
[BLOCKED] TSTTRY reason=max_layers
[SCAN] 2026-08-12T06:24:59+00:00 symbols=20 signals=1 entries=0 exits=0 blocked=1 open=13 cash=2356.96 equity=9314.21
[SIGNAL] 2026-08-12T06:24:59+00:00 TSTTRY BUY fill_at=2026-08-12T06:29:59+00:00 features={"close": 0.66, "bb_lower": 0.6614636300904111, "bb_upper": 0.6889173222905416, "rsi": 33.674007051171614, "mfi": 24.878344550301463, "atr": 0.00864285714285715}
[BLOCKED] TSTTRY reason=max_layers
[EXIT] 2026-08-12T06:29:59+00:00 BMTTRY reason=fixed_take_profit pnl=+12.09 cash=2994.11
[SCAN] 2026-08-12T06:29:59+00:00 symbols=20 signals=1 entries=0 exits=1 blocked=2 open=12 cash=2994.11 equity=9346.74
[SCAN] 2026-08-12T06:34:59+00:00 symbols=20 signals=0 entries=0 exits=0 blocked=1 open=12 cash=2994.11 equity=9364.61
[SCAN] 2026-08-12T06:39:59+00:00 symbols=20 signals=0 entries=0 exits=0 blocked=1 open=12 cash=2994.11 equity=9374.65
[SCAN] 2026-08-12T06:44:59+00:00 symbols=20 signals=0 entries=0 exits=0 blocked=1 open=12 cash=2994.11 equity=9408.82
[EXIT] 2026-08-12T06:49:59+00:00 TSTTRY reason=fixed_take_profit pnl=+16.67 cash=3872.83
[SCAN] 2026-08-12T06:49:59+00:00 symbols=20 signals=0 entries=0 exits=1 blocked=1 open=11 cash=3872.83 equity=9416.57
[SCAN] 2026-08-12T06:54:59+00:00 symbols=20 signals=0 entries=0 exits=0 blocked=2 open=11 cash=3872.83 equity=9376.75
[SIGNAL] 2026-08-12T06:54:59+00:00 HEITRY BUY fill_at=2026-08-12T06:59:59+00:00 features={"close": 6.036, "bb_lower": 6.123966028098561, "bb_upper": 6.338129209996678, "rsi": 28.26081087203329, "mfi": 32.213101577625764, "atr": 0.06650000000000007}
[BLOCKED] HEITRY reason=max_layers
[SCAN] 2026-08-12T06:59:59+00:00 symbols=20 signals=1 entries=0 exits=0 blocked=3 open=11 cash=3872.83 equity=9394.41
[SIGNAL] 2026-08-12T06:59:59+00:00 HEITRY BUY fill_at=2026-08-12T07:04:59+00:00 features={"close": 6.089, "bb_lower": 6.101910752348968, "bb_upper": 6.341136866698652, "rsi": 35.08017819857268, "mfi": 32.545641242103514, "atr": 0.06421428571428578}
[BLOCKED] HEITRY reason=max_layers
[SCAN] 2026-08-12T07:04:59+00:00 symbols=20 signals=1 entries=0 exits=0 blocked=3 open=11 cash=3872.83 equity=9396.37
[SIGNAL] 2026-08-12T07:04:59+00:00 HEITRY BUY fill_at=2026-08-12T07:09:59+00:00 features={"close": 6.06, "bb_lower": 6.075422745553577, "bb_upper": 6.349053444922613, "rsi": 33.20894895728752, "mfi": 32.854983834760546, "atr": 0.0611428571428572}
[BLOCKED] HEITRY reason=max_layers
[SIGNAL] 2026-08-12T07:04:59+00:00 ALLOTRY BUY fill_at=2026-08-12T07:09:59+00:00 features={"close": 14.4, "bb_lower": 14.405972087624674, "bb_upper": 14.754027912375326, "rsi": 36.571505423792, "mfi": 53.40100850140551, "atr": 0.05499999999999997}
[ENTRY] 2026-08-12T07:09:59+00:00 ALLOTRY layer=1 value=386.70 entry=14.41080000 cash=3485.54
[SCAN] 2026-08-12T07:09:59+00:00 symbols=20 signals=2 entries=1 exits=0 blocked=1 open=12 cash=3485.54 equity=9385.54
[SCAN] 2026-08-12T07:14:59+00:00 symbols=20 signals=0 entries=0 exits=0 blocked=0 open=12 cash=3485.54 equity=9370.04
[SCAN] 2026-08-12T07:19:59+00:00 symbols=20 signals=0 entries=0 exits=0 blocked=0 open=12 cash=3485.54 equity=9365.24
[SIGNAL] 2026-08-12T07:19:59+00:00 CTRY BUY fill_at=2026-08-12T07:24:59+00:00 features={"close": 3.104, "bb_lower": 3.109058345418792, "bb_upper": 3.1936083212478743, "rsi": 18.722462560684733, "mfi": 5.22636941382423, "atr": 0.006571428571428609}
[BLOCKED] CTRY reason=max_layers
[SIGNAL] 2026-08-12T07:19:59+00:00 HEITRY BUY fill_at=2026-08-12T07:24:59+00:00 features={"close": 6.003, "bb_lower": 6.004990750357926, "bb_upper": 6.367580678213503, "rsi": 31.371551228974994, "mfi": 26.0042137344917, "atr": 0.06714285714285717}
[BLOCKED] HEITRY reason=max_layers
[SCAN] 2026-08-12T07:24:59+00:00 symbols=20 signals=2 entries=0 exits=0 blocked=2 open=12 cash=3485.54 equity=9362.41
[SCAN] 2026-08-12T07:29:59+00:00 symbols=20 signals=0 entries=0 exits=0 blocked=0 open=12 cash=3485.54 equity=9355.68
[SIGNAL] 2026-08-12T07:29:59+00:00 PUMPTRY BUY fill_at=2026-08-12T07:34:59+00:00 features={"close": 0.1279, "bb_lower": 0.1282112959523274, "bb_upper": 0.13006489452386305, "rsi": 32.05010838831285, "mfi": 22.149775826349412, "atr": 0.000571428571428568}
[ENTRY] 2026-08-12T07:34:59+00:00 PUMPTRY layer=2 value=348.03 entry=0.12779578 cash=3136.99
[SCAN] 2026-08-12T07:34:59+00:00 symbols=20 signals=1 entries=1 exits=0 blocked=1 open=12 cash=3136.99 equity=9362.98
[SIGNAL] 2026-08-12T07:34:59+00:00 PUMPTRY BUY fill_at=2026-08-12T07:39:59+00:00 features={"close": 0.1275, "bb_lower": 0.12790256315727322, "bb_upper": 0.13017362731891724, "rsi": 29.430494987336644, "mfi": 18.733738827102627, "atr": 0.0006214285714285685}
[BLOCKED] PUMPTRY reason=max_layers
[SCAN] 2026-08-12T07:39:59+00:00 symbols=20 signals=1 entries=0 exits=0 blocked=1 open=12 cash=3136.99 equity=9337.10
[SIGNAL] 2026-08-12T07:39:59+00:00 PUMPTRY BUY fill_at=2026-08-12T07:44:59+00:00 features={"close": 0.1263, "bb_lower": 0.12727574235893332, "bb_upper": 0.13051473383154286, "rsi": 23.253475851417647, "mfi": 12.349195437148836, "atr": 0.0007428571428571404}
[BLOCKED] PUMPTRY reason=max_layers
[SCAN] 2026-08-12T07:44:59+00:00 symbols=20 signals=1 entries=0 exits=0 blocked=2 open=12 cash=3136.99 equity=9331.79
[SIGNAL] 2026-08-12T07:44:59+00:00 GUNTRY BUY fill_at=2026-08-12T07:49:59+00:00 features={"close": 0.154, "bb_lower": 0.15427069942744037, "bb_upper": 0.15896739581065483, "rsi": 31.044475502673635, "mfi": 29.298127502964462, "atr": 0.0005000000000000004}
[BLOCKED] GUNTRY reason=max_layers
[SCAN] 2026-08-12T07:49:59+00:00 symbols=20 signals=1 entries=0 exits=0 blocked=3 open=12 cash=3136.99 equity=9358.02
[SIGNAL] 2026-08-12T07:49:59+00:00 BMTTRY BUY fill_at=2026-08-12T07:54:59+00:00 features={"close": 0.835, "bb_lower": 0.8358575168312838, "bb_upper": 0.8904281974544306, "rsi": 40.12487848089913, "mfi": 44.43940198690332, "atr": 0.017857142857142873}
[ENTRY] 2026-08-12T07:54:59+00:00 BMTTRY layer=1 value=313.23 entry=0.83562625 cash=2823.29
[SIGNAL] 2026-08-12T07:49:59+00:00 ESPTRY BUY fill_at=2026-08-12T07:54:59+00:00 features={"close": 3.424, "bb_lower": 3.4244532659056253, "bb_upper": 3.512213400761044, "rsi": 34.62937187506307, "mfi": 53.07366745485943, "atr": 0.01814285714285708}
[ENTRY] 2026-08-12T07:54:59+00:00 ESPTRY layer=1 value=281.91 entry=3.42556725 cash=2540.96
[SCAN] 2026-08-12T07:54:59+00:00 symbols=20 signals=2 entries=2 exits=0 blocked=1 open=14 cash=2540.96 equity=9369.94
[SIGNAL] 2026-08-12T07:54:59+00:00 BMTTRY BUY fill_at=2026-08-12T07:59:59+00:00 features={"close": 0.822, "bb_lower": 0.8291708804734037, "bb_upper": 0.8938767385742152, "rsi": 36.43807263298332, "mfi": 39.86492058372197, "atr": 0.018357142857142874}
[ENTRY] 2026-08-12T07:59:59+00:00 BMTTRY layer=2 value=253.72 entry=0.82261650 cash=2286.87
[EXIT] 2026-08-12T07:59:59+00:00 HOMETRY reason=fixed_take_profit pnl=+6.45 cash=2626.72
[SCAN] 2026-08-12T07:59:59+00:00 symbols=20 signals=1 entries=1 exits=1 blocked=0 open=13 cash=2626.72 equity=9373.54
[SCAN] 2026-08-12T08:04:59+00:00 symbols=20 signals=0 entries=0 exits=0 blocked=0 open=13 cash=2626.72 equity=9400.06
[SIGNAL] 2026-08-12T08:04:59+00:00 NOMTRY BUY fill_at=2026-08-12T08:09:59+00:00 features={"close": 0.076, "bb_lower": 0.07602417035702522, "bb_upper": 0.07759487726202241, "rsi": 42.14716784157181, "mfi": 48.40662289110391, "atr": 0.00035714285714285747}
[ENTRY] 2026-08-12T08:09:59+00:00 NOMTRY layer=1 value=262.28 entry=0.07605700 cash=2364.05
[SCAN] 2026-08-12T08:09:59+00:00 symbols=20 signals=1 entries=1 exits=0 blocked=0 open=14 cash=2364.05 equity=9404.34
[SIGNAL] 2026-08-12T08:09:59+00:00 NOMTRY BUY fill_at=2026-08-12T08:14:59+00:00 features={"close": 0.076, "bb_lower": 0.07602417035702522, "bb_upper": 0.07759487726202241, "rsi": 42.14716784771164, "mfi": 48.40662289110391, "atr": 0.00035714285714285747}
[ENTRY] 2026-08-12T08:14:59+00:00 NOMTRY layer=2 value=236.05 entry=0.07705775 cash=2127.64
[SCAN] 2026-08-12T08:14:59+00:00 symbols=20 signals=1 entries=1 exits=0 blocked=0 open=14 cash=2127.64 equity=9396.78
[SIGNAL] 2026-08-12T08:14:59+00:00 MMTTRY BUY fill_at=2026-08-12T08:19:59+00:00 features={"close": 9.4, "bb_lower": 9.410274752194606, "bb_upper": 9.622106200186344, "rsi": 34.84906200924566, "mfi": 22.475213804766838, "atr": 0.04142857142857105}
[BLOCKED] MMTTRY reason=max_layers
[SCAN] 2026-08-12T08:19:59+00:00 symbols=20 signals=1 entries=0 exits=0 blocked=1 open=14 cash=2127.64 equity=9402.23
[SIGNAL] 2026-08-12T08:19:59+00:00 ACTTRY BUY fill_at=2026-08-12T08:24:59+00:00 features={"close": 0.4885, "bb_lower": 0.48877517335476206, "bb_upper": 0.4930343504547616, "rsi": 41.146963975142, "mfi": 8.089303049922464, "atr": 0.0011071428571428582}
[BLOCKED] ACTTRY reason=max_layers
[SCAN] 2026-08-12T08:24:59+00:00 symbols=20 signals=1 entries=0 exits=0 blocked=1 open=14 cash=2127.64 equity=9381.28
[SIGNAL] 2026-08-12T08:24:59+00:00 MMTTRY BUY fill_at=2026-08-12T08:29:59+00:00 features={"close": 9.36, "bb_lower": 9.375330414900402, "bb_upper": 9.620860061290072, "rsi": 31.049123271646565, "mfi": 14.377776621394162, "atr": 0.04142857142857105}
[BLOCKED] MMTTRY reason=max_layers
[SIGNAL] 2026-08-12T08:24:59+00:00 ACTTRY BUY fill_at=2026-08-12T08:29:59+00:00 features={"close": 0.4869, "bb_lower": 0.48798575168312835, "bb_upper": 0.4934428197454431, "rsi": 36.39444813786715, "mfi": 4.950977428921632, "atr": 0.0012214285714285717}
[BLOCKED] ACTTRY reason=max_layers
[SCAN] 2026-08-12T08:29:59+00:00 symbols=20 signals=2 entries=0 exits=0 blocked=2 open=14 cash=2127.64 equity=9387.85
[SIGNAL] 2026-08-12T08:29:59+00:00 MMTTRY BUY fill_at=2026-08-12T08:34:59+00:00 features={"close": 9.35, "bb_lower": 9.359711539881175, "bb_upper": 9.610764650595012, "rsi": 30.15849335807134, "mfi": 15.273510295980358, "atr": 0.04214285714285688}
[BLOCKED] MMTTRY reason=max_layers
[SCAN] 2026-08-12T08:34:59+00:00 symbols=20 signals=1 entries=0 exits=0 blocked=2 open=14 cash=2127.64 equity=9383.26
[SIGNAL] 2026-08-12T08:34:59+00:00 ESPTRY BUY fill_at=2026-08-12T08:39:59+00:00 features={"close": 3.382, "bb_lower": 3.389773779520583, "bb_upper": 3.498416696669894, "rsi": 26.77456290292332, "mfi": 34.77295517260556, "atr": 0.018857142857142843}
[ENTRY] 2026-08-12T08:39:59+00:00 ESPTRY layer=2 value=212.45 entry=3.38453650 cash=1914.88
[SCAN] 2026-08-12T08:39:59+00:00 symbols=20 signals=1 entries=1 exits=0 blocked=0 open=14 cash=1914.88 equity=9393.93
[SIGNAL] 2026-08-12T08:39:59+00:00 ESPTRY BUY fill_at=2026-08-12T08:44:59+00:00 features={"close": 3.369, "bb_lower": 3.3790201499361796, "bb_upper": 3.4978369929209636, "rsi": 24.28096435690344, "mfi": 25.743876581972245, "atr": 0.019857142857142827}
[BLOCKED] ESPTRY reason=max_layers
[SCAN] 2026-08-12T08:44:59+00:00 symbols=20 signals=1 entries=0 exits=0 blocked=1 open=14 cash=1914.88 equity=9356.54
[SIGNAL] 2026-08-12T08:44:59+00:00 ESPTRY BUY fill_at=2026-08-12T08:49:59+00:00 features={"close": 3.312, "bb_lower": 3.3523879368183693, "bb_upper": 3.509516825086392, "rsi": 16.833930978916484, "mfi": 21.55880397122526, "atr": 0.021500000000000012}
[BLOCKED] ESPTRY reason=max_layers
[EXIT] 2026-08-12T08:49:59+00:00 BMTTRY reason=fixed_take_profit pnl=+10.98 cash=2493.65
[SCAN] 2026-08-12T08:49:59+00:00 symbols=20 signals=1 entries=0 exits=1 blocked=2 open=13 cash=2493.65 equity=9354.76
[SIGNAL] 2026-08-12T08:49:59+00:00 ESPTRY BUY fill_at=2026-08-12T08:54:59+00:00 features={"close": 3.284, "bb_lower": 3.3232350124472854, "bb_upper": 3.5225745113622384, "rsi": 14.471887780217486, "mfi": 17.18363854511786, "atr": 0.02400000000000002}
[BLOCKED] ESPTRY reason=max_layers
[SCAN] 2026-08-12T08:54:59+00:00 symbols=20 signals=1 entries=0 exits=0 blocked=2 open=13 cash=2493.65 equity=9349.96
[SIGNAL] 2026-08-12T08:54:59+00:00 ESPTRY BUY fill_at=2026-08-12T08:59:59+00:00 features={"close": 3.282, "bb_lower": 3.2999658168337174, "bb_upper": 3.5281294212615215, "rsi": 14.31644464684696, "mfi": 18.58020275062823, "atr": 0.024499999999999997}
[BLOCKED] ESPTRY reason=max_layers
[SCAN] 2026-08-12T08:59:59+00:00 symbols=20 signals=1 entries=0 exits=0 blocked=2 open=13 cash=2493.65 equity=9352.21
[SCAN] 2026-08-12T09:04:59+00:00 symbols=20 signals=0 entries=0 exits=0 blocked=0 open=13 cash=2493.65 equity=9386.23
[EXIT] 2026-08-12T09:09:59+00:00 ALLOTRY reason=fixed_take_profit pnl=+7.49 cash=2888.43
[SCAN] 2026-08-12T09:09:59+00:00 symbols=20 signals=0 entries=0 exits=1 blocked=0 open=12 cash=2888.43 equity=9373.47
[SCAN] 2026-08-12T09:14:59+00:00 symbols=20 signals=0 entries=0 exits=0 blocked=0 open=12 cash=2888.43 equity=9370.74
[SCAN] 2026-08-12T09:19:59+00:00 symbols=20 signals=0 entries=0 exits=0 blocked=0 open=12 cash=2888.43 equity=9374.40
[SIGNAL] 2026-08-12T09:19:59+00:00 BOMETRY BUY fill_at=2026-08-12T09:24:59+00:00 features={"close": 0.03682, "bb_lower": 0.03682108643306451, "bb_upper": 0.037539865947887864, "rsi": 36.80711859520491, "mfi": 51.042796727701685, "atr": 0.00018357142857142829}
[ENTRY] 2026-08-12T09:24:59+00:00 BOMETRY layer=2 value=288.41 entry=0.03672753 cash=2599.58
[SCAN] 2026-08-12T09:24:59+00:00 symbols=20 signals=1 entries=1 exits=0 blocked=0 open=12 cash=2599.58 equity=9368.26
[SIGNAL] 2026-08-12T09:24:59+00:00 BOMETRY BUY fill_at=2026-08-12T09:29:59+00:00 features={"close": 0.03676, "bb_lower": 0.03677525649916427, "bb_upper": 0.03756379111988334, "rsi": 35.451137030245434, "mfi": 45.16991214043114, "atr": 0.00017642857142857092}
[BLOCKED] BOMETRY reason=max_layers
[SCAN] 2026-08-12T09:29:59+00:00 symbols=20 signals=1 entries=0 exits=0 blocked=1 open=12 cash=2599.58 equity=9391.76
[SIGNAL] 2026-08-12T09:29:59+00:00 BOMETRY BUY fill_at=2026-08-12T09:34:59+00:00 features={"close": 0.03668, "bb_lower": 0.03671085833179751, "bb_upper": 0.03759580833486916, "rsi": 33.659968184209916, "mfi": 36.38897548902816, "atr": 0.00017142857142857088}
[BLOCKED] BOMETRY reason=max_layers
[SCAN] 2026-08-12T09:34:59+00:00 symbols=20 signals=1 entries=0 exits=0 blocked=1 open=12 cash=2599.58 equity=9387.66
[SCAN] 2026-08-12T09:39:59+00:00 symbols=20 signals=0 entries=0 exits=0 blocked=0 open=12 cash=2599.58 equity=9387.92
[SCAN] 2026-08-12T09:44:59+00:00 symbols=20 signals=0 entries=0 exits=0 blocked=0 open=12 cash=2599.58 equity=9391.80
[SIGNAL] 2026-08-12T09:44:59+00:00 HEMITRY BUY fill_at=2026-08-12T09:49:59+00:00 features={"close": 0.2388, "bb_lower": 0.2388958862956412, "bb_upper": 0.24211363751388262, "rsi": 38.24693549120384, "mfi": 50.791490062610315, "atr": 0.0008142857142857099}
[ENTRY] 2026-08-12T09:49:59+00:00 HEMITRY layer=1 value=259.57 entry=0.23927933 cash=2339.63
[SCAN] 2026-08-12T09:49:59+00:00 symbols=20 signals=1 entries=1 exits=0 blocked=0 open=13 cash=2339.63 equity=9395.46
[SIGNAL] 2026-08-12T09:49:59+00:00 HEITRY BUY fill_at=2026-08-12T09:54:59+00:00 features={"close": 6.186, "bb_lower": 6.190579189520819, "bb_upper": 6.431325572383943, "rsi": 41.06462193739235, "mfi": 37.63897587382022, "atr": 0.0664285714285714}
[BLOCKED] HEITRY reason=max_layers
[SCAN] 2026-08-12T09:54:59+00:00 symbols=20 signals=1 entries=0 exits=0 blocked=1 open=13 cash=2339.63 equity=9402.31
[EXIT] 2026-08-12T09:59:59+00:00 ACTTRY reason=bb_mfi_v3_signal_exit pnl=-12.81 cash=2759.89
[SCAN] 2026-08-12T09:59:59+00:00 symbols=20 signals=0 entries=0 exits=1 blocked=0 open=12 cash=2759.89 equity=9408.46
[SIGNAL] 2026-08-12T09:59:59+00:00 HEMITRY BUY fill_at=2026-08-12T10:04:59+00:00 features={"close": 0.238, "bb_lower": 0.2382795615630802, "bb_upper": 0.24217758129406272, "rsi": 35.279151819547806, "mfi": 53.52125608925923, "atr": 0.000899999999999998}
[ENTRY] 2026-08-12T10:04:59+00:00 HEMITRY layer=2 value=275.58 entry=0.23767812 cash=2483.90
[SCAN] 2026-08-12T10:04:59+00:00 symbols=20 signals=1 entries=1 exits=0 blocked=0 open=12 cash=2483.90 equity=9419.63
[SIGNAL] 2026-08-12T10:04:59+00:00 HEMITRY BUY fill_at=2026-08-12T10:09:59+00:00 features={"close": 0.2373, "bb_lower": 0.23776769011310617, "bb_upper": 0.24237516702975098, "rsi": 32.18522471268102, "mfi": 52.53191894347703, "atr": 0.000878571428571427}
[BLOCKED] HEMITRY reason=max_layers
[SCAN] 2026-08-12T10:09:59+00:00 symbols=20 signals=1 entries=0 exits=0 blocked=1 open=12 cash=2483.90 equity=9416.64
[SCAN] 2026-08-12T10:14:59+00:00 symbols=20 signals=0 entries=0 exits=0 blocked=0 open=12 cash=2483.90 equity=9425.00
[SIGNAL] 2026-08-12T10:14:59+00:00 HEMITRY BUY fill_at=2026-08-12T10:19:59+00:00 features={"close": 0.237, "bb_lower": 0.23700772536119077, "bb_upper": 0.24254465559119023, "rsi": 32.873698815681266, "mfi": 53.10286029295433, "atr": 0.0008857142857142833}
[BLOCKED] HEMITRY reason=max_layers
[SCAN] 2026-08-12T10:19:59+00:00 symbols=20 signals=1 entries=0 exits=0 blocked=1 open=12 cash=2483.90 equity=9406.82
[SIGNAL] 2026-08-12T10:19:59+00:00 HEMITRY BUY fill_at=2026-08-12T10:24:59+00:00 features={"close": 0.2354, "bb_lower": 0.23622836439575653, "bb_upper": 0.24280020703281494, "rsi": 27.056937481455776, "mfi": 45.22474538989592, "atr": 0.0009714285714285695}
[BLOCKED] HEMITRY reason=max_layers
[SCAN] 2026-08-12T10:24:59+00:00 symbols=20 signals=1 entries=0 exits=0 blocked=1 open=12 cash=2483.90 equity=9415.30
[SIGNAL] 2026-08-12T10:24:59+00:00 HEMITRY BUY fill_at=2026-08-12T10:29:59+00:00 features={"close": 0.2355, "bb_lower": 0.23561240192616814, "bb_upper": 0.24292093140716522, "rsi": 27.92048581086287, "mfi": 23.06443463152064, "atr": 0.0009785714285714259}
[BLOCKED] HEMITRY reason=max_layers
[SCAN] 2026-08-12T10:29:59+00:00 symbols=20 signals=1 entries=0 exits=0 blocked=2 open=12 cash=2483.90 equity=9402.64
[SCAN] 2026-08-12T10:34:59+00:00 symbols=20 signals=0 entries=0 exits=0 blocked=1 open=12 cash=2483.90 equity=9392.06
[SCAN] 2026-08-12T10:39:59+00:00 symbols=20 signals=0 entries=0 exits=0 blocked=1 open=12 cash=2483.90 equity=9374.31
[SIGNAL] 2026-08-12T10:39:59+00:00 NOMTRY BUY fill_at=2026-08-12T10:44:59+00:00 features={"close": 0.075, "bb_lower": 0.07523018609775291, "bb_upper": 0.07753171866415189, "rsi": 33.03197028161797, "mfi": 0.33906834360035987, "atr": 0.0005000000000000004}
[BLOCKED] NOMTRY reason=max_layers
[SIGNAL] 2026-08-12T10:39:59+00:00 ALLOTRY BUY fill_at=2026-08-12T10:44:59+00:00 features={"close": 14.49, "bb_lower": 14.520806374571135, "bb_upper": 15.003955530190767, "rsi": 35.630987033269605, "mfi": 26.455692801894614, "atr": 0.11500000000000046}
[ENTRY] 2026-08-12T10:44:59+00:00 ALLOTRY layer=1 value=248.02 entry=14.50086750 cash=2235.51
[SCAN] 2026-08-12T10:44:59+00:00 symbols=20 signals=2 entries=1 exits=0 blocked=2 open=13 cash=2235.51 equity=9373.54
[SIGNAL] 2026-08-12T10:44:59+00:00 ALLOTRY BUY fill_at=2026-08-12T10:49:59+00:00 features={"close": 14.2, "bb_lower": 14.428577442920652, "bb_upper": 15.069517795174583, "rsi": 25.24908038241935, "mfi": 22.068766697314558, "atr": 0.1321428571428575}
[ENTRY] 2026-08-12T10:49:59+00:00 ALLOTRY layer=2 value=223.22 entry=14.22065750 cash=2011.96
[SCAN] 2026-08-12T10:49:59+00:00 symbols=20 signals=1 entries=1 exits=0 blocked=1 open=13 cash=2011.96 equity=9370.51
[SIGNAL] 2026-08-12T10:49:59+00:00 ALLOTRY BUY fill_at=2026-08-12T10:54:59+00:00 features={"close": 14.15, "bb_lower": 14.313765229416495, "bb_upper": 15.132901437250167, "rsi": 23.94587147953979, "mfi": 18.86295899901988, "atr": 0.14857142857142883}
[BLOCKED] ALLOTRY reason=max_layers
[SCAN] 2026-08-12T10:54:59+00:00 symbols=20 signals=1 entries=0 exits=0 blocked=1 open=13 cash=2011.96 equity=9368.06
[SIGNAL] 2026-08-12T10:54:59+00:00 ALLOTRY BUY fill_at=2026-08-12T10:59:59+00:00 features={"close": 14.22, "bb_lower": 14.236519250805845, "bb_upper": 15.147290273003676, "rsi": 29.467272409667274, "mfi": 22.876338230692014, "atr": 0.15214285714285733}
[BLOCKED] ALLOTRY reason=max_layers
[SCAN] 2026-08-12T10:59:59+00:00 symbols=20 signals=1 entries=0 exits=0 blocked=1 open=13 cash=2011.96 equity=9363.28
[SIGNAL] 2026-08-12T10:59:59+00:00 ALLOTRY BUY fill_at=2026-08-12T11:04:59+00:00 features={"close": 14.15, "bb_lower": 14.154255167141754, "bb_upper": 15.163840070953482, "rsi": 27.31870629176946, "mfi": 22.59553105392102, "atr": 0.15571428571428583}
[BLOCKED] ALLOTRY reason=max_layers
[SCAN] 2026-08-12T11:04:59+00:00 symbols=20 signals=1 entries=0 exits=0 blocked=1 open=13 cash=2011.96 equity=9331.25
[SIGNAL] 2026-08-12T11:04:59+00:00 TSTTRY BUY fill_at=2026-08-12T11:09:59+00:00 features={"close": 0.677, "bb_lower": 0.6779323194316169, "bb_upper": 0.695020061520764, "rsi": 42.121254561612666, "mfi": 35.5768401516046, "atr": 0.005999999999999942}
[ENTRY] 2026-08-12T11:09:59+00:00 TSTTRY layer=1 value=200.89 entry=0.67750775 cash=1810.76
[SCAN] 2026-08-12T11:09:59+00:00 symbols=20 signals=1 entries=1 exits=0 blocked=1 open=14 cash=1810.76 equity=9342.06
[SIGNAL] 2026-08-12T11:09:59+00:00 TSTTRY BUY fill_at=2026-08-12T11:14:59+00:00 features={"close": 0.672, "bb_lower": 0.6755985349017327, "bb_upper": 0.6964014650982674, "rsi": 38.27516434823655, "mfi": 36.27081045242631, "atr": 0.0061428571428570845}
[ENTRY] 2026-08-12T11:14:59+00:00 TSTTRY layer=2 value=180.81 entry=0.67150325 cash=1629.69
[SIGNAL] 2026-08-12T11:09:59+00:00 ACTTRY BUY fill_at=2026-08-12T11:14:59+00:00 features={"close": 0.4874, "bb_lower": 0.4893821843924369, "bb_upper": 0.49897019655994396, "rsi": 30.993476428786465, "mfi": 35.568455767920625, "atr": 0.001778571428571423}
[ENTRY] 2026-08-12T11:14:59+00:00 ACTTRY layer=1 value=162.72 entry=0.48756540 cash=1466.72
[SCAN] 2026-08-12T11:14:59+00:00 symbols=20 signals=2 entries=2 exits=0 blocked=0 open=15 cash=1466.72 equity=9336.09
[SIGNAL] 2026-08-12T11:14:59+00:00 TSTTRY BUY fill_at=2026-08-12T11:19:59+00:00 features={"close": 0.668, "bb_lower": 0.6723221801842555, "bb_upper": 0.6981540102919349, "rsi": 35.46836465580033, "mfi": 28.72947252497761, "atr": 0.006285714285714228}
[BLOCKED] TSTTRY reason=max_layers
[SIGNAL] 2026-08-12T11:14:59+00:00 ACTTRY BUY fill_at=2026-08-12T11:19:59+00:00 features={"close": 0.486, "bb_lower": 0.48791880435698903, "bb_upper": 0.49975738611920145, "rsi": 28.33544835781953, "mfi": 27.15084351318356, "atr": 0.0017285714285714246}
[ENTRY] 2026-08-12T11:19:59+00:00 ACTTRY layer=2 value=146.45 entry=0.48716510 cash=1320.05
[SCAN] 2026-08-12T11:19:59+00:00 symbols=20 signals=2 entries=1 exits=0 blocked=1 open=15 cash=1320.05 equity=9332.99
[SIGNAL] 2026-08-12T11:19:59+00:00 TSTTRY BUY fill_at=2026-08-12T11:24:59+00:00 features={"close": 0.67, "bb_lower": 0.6702676636854237, "bb_upper": 0.6979228125050525, "rsi": 37.93373450483612, "mfi": 34.53749969451317, "atr": 0.006285714285714236}
[BLOCKED] TSTTRY reason=max_layers
[SIGNAL] 2026-08-12T11:19:59+00:00 ALLOTRY BUY fill_at=2026-08-12T11:24:59+00:00 features={"close": 13.67, "bb_lower": 13.771320611566878, "bb_upper": 15.214393674147416, "rsi": 17.44633524200296, "mfi": 8.043327288966438, "atr": 0.18214285714285708}
[BLOCKED] ALLOTRY reason=max_layers
[SCAN] 2026-08-12T11:24:59+00:00 symbols=20 signals=2 entries=0 exits=0 blocked=2 open=15 cash=1320.05 equity=9338.84
[SIGNAL] 2026-08-12T11:24:59+00:00 ALLOTRY BUY fill_at=2026-08-12T11:29:59+00:00 features={"close": 13.57, "bb_lower": 13.626303649367511, "bb_upper": 15.245124922061063, "rsi": 15.989610462385741, "mfi": 7.888466276326099, "atr": 0.17928571428571413}
[BLOCKED] ALLOTRY reason=max_layers
[SCAN] 2026-08-12T11:29:59+00:00 symbols=20 signals=1 entries=0 exits=0 blocked=1 open=15 cash=1320.05 equity=9297.51
[SIGNAL] 2026-08-12T11:29:59+00:00 TSTTRY BUY fill_at=2026-08-12T11:34:59+00:00 features={"close": 0.664, "bb_lower": 0.6651385286973979, "bb_upper": 0.6986709951121259, "rsi": 33.48712614914221, "mfi": 33.49975110874726, "atr": 0.006428571428571395}
[BLOCKED] TSTTRY reason=max_layers
[SIGNAL] 2026-08-12T11:29:59+00:00 MUBARAKTRY BUY fill_at=2026-08-12T11:34:59+00:00 features={"close": 0.848, "bb_lower": 0.8481635238447581, "bb_upper": 0.8710745713933371, "rsi": 38.389653374090436, "mfi": 39.56064931177267, "atr": 0.0050000000000000044}
[ENTRY] 2026-08-12T11:34:59+00:00 MUBARAKTRY layer=1 value=131.81 entry=0.84863600 cash=1188.04
[SIGNAL] 2026-08-12T11:29:59+00:00 MAVTRY BUY fill_at=2026-08-12T11:34:59+00:00 features={"close": 0.41, "bb_lower": 0.41018452526203264, "bb_upper": 0.4345773794998721, "rsi": 38.31635157653905, "mfi": 54.87680793415649, "atr": 0.009285714285714295}
[BLOCKED] MAVTRY reason=max_layers
[SCAN] 2026-08-12T11:34:59+00:00 symbols=20 signals=3 entries=1 exits=0 blocked=2 open=16 cash=1188.04 equity=9300.17
[SIGNAL] 2026-08-12T11:34:59+00:00 PUMPTRY BUY fill_at=2026-08-12T11:39:59+00:00 features={"close": 0.128, "bb_lower": 0.1281436512534718, "bb_upper": 0.12951349160367107, "rsi": 41.71835634096026, "mfi": 44.808994985146285, "atr": 0.00047857142857142543}
[BLOCKED] PUMPTRY reason=max_layers
[SCAN] 2026-08-12T11:39:59+00:00 symbols=20 signals=1 entries=0 exits=0 blocked=1 open=16 cash=1188.04 equity=9303.63
[SIGNAL] 2026-08-12T11:39:59+00:00 BOMETRY BUY fill_at=2026-08-12T11:44:59+00:00 features={"close": 0.03644, "bb_lower": 0.03649117357488436, "bb_upper": 0.03772215975844898, "rsi": 30.34521260373178, "mfi": 13.159558368071785, "atr": 0.00015428571428571395}
[BLOCKED] BOMETRY reason=max_layers
[SCAN] 2026-08-12T11:44:59+00:00 symbols=20 signals=1 entries=0 exits=0 blocked=1 open=16 cash=1188.04 equity=9328.53
[SCAN] 2026-08-12T11:49:59+00:00 symbols=20 signals=0 entries=0 exits=0 blocked=0 open=16 cash=1188.04 equity=9342.06
[EXIT] 2026-08-12T11:54:59+00:00 GUNTRY reason=bb_mfi_v3_signal_exit pnl=-1.02 cash=1637.25
[SIGNAL] 2026-08-12T11:49:59+00:00 BMTTRY BUY fill_at=2026-08-12T11:54:59+00:00 features={"close": 0.822, "bb_lower": 0.8224412704759366, "bb_upper": 0.838320634285968, "rsi": 40.6724627400375, "mfi": 37.68428251415436, "atr": 0.00714285714285715}
[ENTRY] 2026-08-12T11:54:59+00:00 BMTTRY layer=1 value=163.48 entry=0.82161575 cash=1473.52
[SCAN] 2026-08-12T11:54:59+00:00 symbols=20 signals=1 entries=1 exits=1 blocked=0 open=16 cash=1473.52 equity=9342.17
[SCAN] 2026-08-12T11:59:59+00:00 symbols=20 signals=0 entries=0 exits=0 blocked=0 open=16 cash=1473.52 equity=9304.31
[SIGNAL] 2026-08-12T11:59:59+00:00 MUBARAKTRY BUY fill_at=2026-08-12T12:04:59+00:00 features={"close": 0.841, "bb_lower": 0.8429606290533393, "bb_upper": 0.867420323327613, "rsi": 35.15847697837039, "mfi": 30.571293999842112, "atr": 0.005785714285714291}
[ENTRY] 2026-08-12T12:04:59+00:00 MUBARAKTRY layer=2 value=147.13 entry=0.84163075 cash=1326.17
[SCAN] 2026-08-12T12:04:59+00:00 symbols=20 signals=1 entries=1 exits=0 blocked=0 open=16 cash=1326.17 equity=9321.25
[SIGNAL] 2026-08-12T12:04:59+00:00 HOMETRY BUY fill_at=2026-08-12T12:09:59+00:00 features={"close": 0.434, "bb_lower": 0.4345799237735591, "bb_upper": 0.44551531432167896, "rsi": 32.46836908549527, "mfi": 43.338476533127476, "atr": 0.0022857142857142876}
[ENTRY] 2026-08-12T12:09:59+00:00 HOMETRY layer=1 value=132.42 entry=0.43332475 cash=1193.55
[SCAN] 2026-08-12T12:09:59+00:00 symbols=20 signals=1 entries=1 exits=0 blocked=0 open=17 cash=1193.55 equity=9339.95
[SIGNAL] 2026-08-12T12:09:59+00:00 ESPTRY BUY fill_at=2026-08-12T12:14:59+00:00 features={"close": 3.304, "bb_lower": 3.3168072427393303, "bb_upper": 3.380430852498765, "rsi": 27.689621730950947, "mfi": 39.3243175059638, "atr": 0.011857142857142915}
[BLOCKED] ESPTRY reason=max_layers
[EXIT] 2026-08-12T12:14:59+00:00 HOMETRY reason=fixed_take_profit pnl=+2.56 cash=1328.73
[SCAN] 2026-08-12T12:14:59+00:00 symbols=20 signals=1 entries=0 exits=1 blocked=1 open=16 cash=1328.73 equity=9340.21
[SIGNAL] 2026-08-12T12:14:59+00:00 ESPTRY BUY fill_at=2026-08-12T12:19:59+00:00 features={"close": 3.308, "bb_lower": 3.313204350239087, "bb_upper": 3.3766051735704363, "rsi": 30.403840678061755, "mfi": 36.64277605889662, "atr": 0.012214285714285797}
[BLOCKED] ESPTRY reason=max_layers
[SCAN] 2026-08-12T12:19:59+00:00 symbols=20 signals=1 entries=0 exits=0 blocked=1 open=16 cash=1328.73 equity=9334.17
[SIGNAL] 2026-08-12T12:19:59+00:00 ESPTRY BUY fill_at=2026-08-12T12:24:59+00:00 features={"close": 3.305, "bb_lower": 3.3090053497175442, "bb_upper": 3.3738517931396, "rsi": 29.504034419144844, "mfi": 37.55998197177199, "atr": 0.01242857142857152}
[BLOCKED] ESPTRY reason=max_layers
[SCAN] 2026-08-12T12:24:59+00:00 symbols=20 signals=1 entries=0 exits=0 blocked=1 open=16 cash=1328.73 equity=9358.01
[SIGNAL] 2026-08-12T12:24:59+00:00 ESPTRY BUY fill_at=2026-08-12T12:29:59+00:00 features={"close": 3.298, "bb_lower": 3.3020269693273723, "bb_upper": 3.3754016021011988, "rsi": 27.450466033370404, "mfi": 38.41317159657649, "atr": 0.012214285714285797}
[BLOCKED] ESPTRY reason=max_layers
[EXIT] 2026-08-12T12:29:59+00:00 MUBARAKTRY reason=fixed_take_profit pnl=+5.40 cash=1613.49
[SCAN] 2026-08-12T12:29:59+00:00 symbols=20 signals=1 entries=0 exits=1 blocked=1 open=15 cash=1613.49 equity=9345.44
[SCAN] 2026-08-12T12:34:59+00:00 symbols=20 signals=0 entries=0 exits=0 blocked=0 open=15 cash=1613.49 equity=9372.07
[EXIT] 2026-08-12T12:39:59+00:00 BMTTRY reason=fixed_take_profit pnl=+3.17 cash=1780.39
[SCAN] 2026-08-12T12:39:59+00:00 symbols=20 signals=0 entries=0 exits=1 blocked=0 open=14 cash=1780.39 equity=9352.49
[EXIT] 2026-08-12T12:44:59+00:00 SAGATRY reason=bb_mfi_v3_signal_exit pnl=-0.14 cash=2264.34
[SCAN] 2026-08-12T12:44:59+00:00 symbols=20 signals=0 entries=0 exits=1 blocked=0 open=13 cash=2264.34 equity=9359.04
[SCAN] 2026-08-12T12:49:59+00:00 symbols=20 signals=0 entries=0 exits=0 blocked=0 open=13 cash=2264.34 equity=9350.98
[SIGNAL] 2026-08-12T12:49:59+00:00 HEITRY BUY fill_at=2026-08-12T12:54:59+00:00 features={"close": 6.135, "bb_lower": 6.1356546903148335, "bb_upper": 6.244535785875641, "rsi": 38.925159266548796, "mfi": 53.842751444868384, "atr": 0.03814285714285713}
[BLOCKED] HEITRY reason=max_layers
[SCAN] 2026-08-12T12:54:59+00:00 symbols=20 signals=1 entries=0 exits=0 blocked=1 open=13 cash=2264.34 equity=9360.18
[EXIT] 2026-08-12T12:59:59+00:00 PUMPTRY reason=bb_mfi_v3_signal_exit pnl=+4.72 cash=2812.59
[SCAN] 2026-08-12T12:59:59+00:00 symbols=20 signals=0 entries=0 exits=1 blocked=0 open=12 cash=2812.59 equity=9336.97
[SIGNAL] 2026-08-12T12:59:59+00:00 HEITRY BUY fill_at=2026-08-12T13:04:59+00:00 features={"close": 6.116, "bb_lower": 6.122871123805979, "bb_upper": 6.250176495241641, "rsi": 37.296444888368015, "mfi": 45.08406962650187, "atr": 0.03442857142857138}
[BLOCKED] HEITRY reason=max_layers
[EXIT] 2026-08-12T13:04:59+00:00 TSTTRY reason=fixed_take_profit pnl=+7.39 cash=3202.25
[SCAN] 2026-08-12T13:04:59+00:00 symbols=20 signals=1 entries=0 exits=1 blocked=1 open=11 cash=3202.25 equity=9357.95
[SCAN] 2026-08-12T13:09:59+00:00 symbols=20 signals=0 entries=0 exits=0 blocked=0 open=11 cash=3202.25 equity=9343.20
[SCAN] 2026-08-12T13:14:59+00:00 symbols=20 signals=0 entries=0 exits=0 blocked=0 open=11 cash=3202.25 equity=9374.65
[SCAN] 2026-08-12T13:19:59+00:00 symbols=20 signals=0 entries=0 exits=0 blocked=0 open=11 cash=3202.25 equity=9373.58
[SCAN] 2026-08-12T13:24:59+00:00 symbols=20 signals=0 entries=0 exits=0 blocked=0 open=11 cash=3202.25 equity=9371.49
[SCAN] 2026-08-12T13:29:59+00:00 symbols=20 signals=0 entries=0 exits=0 blocked=1 open=11 cash=3202.25 equity=9367.75
[EXIT] 2026-08-12T13:34:59+00:00 ACTTRY reason=bb_mfi_v3_signal_exit pnl=+4.11 cash=3516.00
[SCAN] 2026-08-12T13:34:59+00:00 symbols=20 signals=0 entries=0 exits=1 blocked=0 open=10 cash=3516.00 equity=9376.34
[SCAN] 2026-08-12T13:39:59+00:00 symbols=20 signals=0 entries=0 exits=0 blocked=0 open=10 cash=3516.00 equity=9376.84
[SCAN] 2026-08-12T13:44:59+00:00 symbols=20 signals=0 entries=0 exits=0 blocked=0 open=10 cash=3516.00 equity=9366.27
[SCAN] 2026-08-12T13:49:59+00:00 symbols=20 signals=0 entries=0 exits=0 blocked=1 open=10 cash=3516.00 equity=9378.31
[SCAN] 2026-08-12T13:54:59+00:00 symbols=20 signals=0 entries=0 exits=0 blocked=1 open=10 cash=3516.00 equity=9354.02
[SIGNAL] 2026-08-12T13:54:59+00:00 HEITRY BUY fill_at=2026-08-12T13:59:59+00:00 features={"close": 6.03, "bb_lower": 6.06897293391521, "bb_upper": 6.215027066084791, "rsi": 29.57233285762561, "mfi": 15.375538848410557, "atr": 0.03614285714285703}
[BLOCKED] HEITRY reason=max_layers
[SCAN] 2026-08-12T13:59:59+00:00 symbols=20 signals=1 entries=0 exits=0 blocked=2 open=10 cash=3516.00 equity=9359.30
[SIGNAL] 2026-08-12T13:59:59+00:00 HEITRY BUY fill_at=2026-08-12T14:04:59+00:00 features={"close": 6.044, "bb_lower": 6.054778799969992, "bb_upper": 6.214745009553819, "rsi": 32.90310160228829, "mfi": 15.261363675637554, "atr": 0.0347142857142857}
[BLOCKED] HEITRY reason=max_layers
[SCAN] 2026-08-12T14:04:59+00:00 symbols=20 signals=1 entries=0 exits=0 blocked=2 open=10 cash=3516.00 equity=9362.94
[SCAN] 2026-08-12T14:09:59+00:00 symbols=20 signals=0 entries=0 exits=0 blocked=1 open=10 cash=3516.00 equity=9361.06
[SIGNAL] 2026-08-12T14:09:59+00:00 BOMETRY BUY fill_at=2026-08-12T14:14:59+00:00 features={"close": 0.0367, "bb_lower": 0.03671618034470753, "bb_upper": 0.03716381965529246, "rsi": 40.70095886675016, "mfi": 46.93767040840491, "atr": 0.00017428571428571463}
[BLOCKED] BOMETRY reason=max_layers
[SCAN] 2026-08-12T14:14:59+00:00 symbols=20 signals=1 entries=0 exits=0 blocked=3 open=10 cash=3516.00 equity=9356.29
[SCAN] 2026-08-12T14:19:59+00:00 symbols=20 signals=0 entries=0 exits=0 blocked=1 open=10 cash=3516.00 equity=9338.58
[SIGNAL] 2026-08-12T14:19:59+00:00 MAVTRY BUY fill_at=2026-08-12T14:24:59+00:00 features={"close": 0.41, "bb_lower": 0.41405004884388963, "bb_upper": 0.4373785225846818, "rsi": 32.87868679894737, "mfi": 17.862484297943823, "atr": 0.0057142857142857195}
[BLOCKED] MAVTRY reason=max_layers
[SCAN] 2026-08-12T14:24:59+00:00 symbols=20 signals=1 entries=0 exits=0 blocked=2 open=10 cash=3516.00 equity=9330.18
[SIGNAL] 2026-08-12T14:24:59+00:00 MAVTRY BUY fill_at=2026-08-12T14:29:59+00:00 features={"close": 0.41, "bb_lower": 0.41149677306934845, "bb_upper": 0.4380270364544611, "rsi": 32.878686811052546, "mfi": 17.03566644291422, "atr": 0.0057142857142857195}
[BLOCKED] MAVTRY reason=max_layers
[SCAN] 2026-08-12T14:29:59+00:00 symbols=20 signals=1 entries=0 exits=0 blocked=2 open=10 cash=3516.00 equity=9348.36
[SIGNAL] 2026-08-12T14:29:59+00:00 GUNTRY BUY fill_at=2026-08-12T14:34:59+00:00 features={"close": 0.155, "bb_lower": 0.1560607341432631, "bb_upper": 0.15898688490435592, "rsi": 23.649943789522524, "mfi": 23.383437471194796, "atr": 0.00042857142857142893}
[ENTRY] 2026-08-12T14:34:59+00:00 GUNTRY layer=1 value=351.07 entry=0.15411550 cash=3164.40
[SIGNAL] 2026-08-12T14:29:59+00:00 TURBOTRY BUY fill_at=2026-08-12T14:34:59+00:00 features={"close": 0.0384, "bb_lower": 0.03843290087919001, "bb_upper": 0.038852813406524266, "rsi": 32.85492260164736, "mfi": 15.663721099917225, "atr": 6.428571428571464e-05}
[BLOCKED] TURBOTRY reason=max_layers
[SCAN] 2026-08-12T14:34:59+00:00 symbols=20 signals=2 entries=1 exits=0 blocked=1 open=11 cash=3164.40 equity=9351.19
[EXIT] 2026-08-12T14:39:59+00:00 ALLOTRY reason=bb_mfi_v3_signal_exit pnl=-13.12 cash=3623.23
[SIGNAL] 2026-08-12T14:34:59+00:00 BOMETRY BUY fill_at=2026-08-12T14:39:59+00:00 features={"close": 0.03671, "bb_lower": 0.03671097652104998, "bb_upper": 0.03712426157418811, "rsi": 42.34146966184662, "mfi": 34.990043998389595, "atr": 0.00017357142857142818}
[BLOCKED] BOMETRY reason=max_layers
[SIGNAL] 2026-08-12T14:34:59+00:00 CTRY BUY fill_at=2026-08-12T14:39:59+00:00 features={"close": 3.014, "bb_lower": 3.016961969689243, "bb_upper": 3.1231332684059954, "rsi": 10.396638706254166, "mfi": 10.794977940395029, "atr": 0.007642857142857158}
[BLOCKED] CTRY reason=max_layers
[SIGNAL] 2026-08-12T14:34:59+00:00 GUNTRY BUY fill_at=2026-08-12T14:39:59+00:00 features={"close": 0.155, "bb_lower": 0.15558400359389396, "bb_upper": 0.15917790116801078, "rsi": 23.64994384237255, "mfi": 5.173603373542861, "atr": 0.00042857142857142893}
[ENTRY] 2026-08-12T14:39:59+00:00 GUNTRY layer=2 value=361.78 entry=0.15611700 cash=3260.91
[SCAN] 2026-08-12T14:39:59+00:00 symbols=20 signals=3 entries=1 exits=1 blocked=2 open=10 cash=3260.91 equity=9328.19
[SIGNAL] 2026-08-12T14:39:59+00:00 BOMETRY BUY fill_at=2026-08-12T14:44:59+00:00 features={"close": 0.03666, "bb_lower": 0.036671695855135966, "bb_upper": 0.0371397327162926, "rsi": 40.63999475702703, "mfi": 32.027684348973125, "atr": 0.0001757142857142855}
[BLOCKED] BOMETRY reason=max_layers
[SIGNAL] 2026-08-12T14:39:59+00:00 MAVTRY BUY fill_at=2026-08-12T14:44:59+00:00 features={"close": 0.4, "bb_lower": 0.40486805350476357, "bb_upper": 0.43894147030476033, "rsi": 31.863093520053226, "mfi": 6.009413253267738, "atr": 0.008571428571428575}
[BLOCKED] MAVTRY reason=max_layers
[SIGNAL] 2026-08-12T14:39:59+00:00 GUNTRY BUY fill_at=2026-08-12T14:44:59+00:00 features={"close": 0.154, "bb_lower": 0.15493656267169625, "bb_upper": 0.1595396278044942, "rsi": 19.377859379664656, "mfi": 5.173603373542861, "atr": 0.0005000000000000004}
[BLOCKED] GUNTRY reason=max_layers
[SCAN] 2026-08-12T14:44:59+00:00 symbols=20 signals=3 entries=0 exits=0 blocked=4 open=10 cash=3260.91 equity=9324.94
[SIGNAL] 2026-08-12T14:44:59+00:00 BMTTRY BUY fill_at=2026-08-12T14:49:59+00:00 features={"close": 0.828, "bb_lower": 0.829733808277851, "bb_upper": 0.8877900012459584, "rsi": 38.06258882518949, "mfi": 29.204528236614664, "atr": 0.013785714285714299}
[ENTRY] 2026-08-12T14:49:59+00:00 BMTTRY layer=1 value=325.60 entry=0.82862100 cash=2934.82
[SIGNAL] 2026-08-12T14:44:59+00:00 GUNTRY BUY fill_at=2026-08-12T14:49:59+00:00 features={"close": 0.154, "bb_lower": 0.15441161851359894, "bb_upper": 0.1597788576768772, "rsi": 19.377859326829466, "mfi": 5.250731521133105, "atr": 0.0005714285714285719}
[BLOCKED] GUNTRY reason=max_layers
[SIGNAL] 2026-08-12T14:44:59+00:00 TURBOTRY BUY fill_at=2026-08-12T14:49:59+00:00 features={"close": 0.0383, "bb_lower": 0.038348356015222816, "bb_upper": 0.0388706916038248, "rsi": 31.875168661514707, "mfi": 18.435835608432498, "atr": 8.571428571428619e-05}
[BLOCKED] TURBOTRY reason=max_layers
[SCAN] 2026-08-12T14:49:59+00:00 symbols=20 signals=3 entries=1 exits=0 blocked=4 open=11 cash=2934.82 equity=9350.47
[SCAN] 2026-08-12T14:54:59+00:00 symbols=20 signals=0 entries=0 exits=0 blocked=0 open=11 cash=2934.82 equity=9353.65
[SCAN] 2026-08-12T14:59:59+00:00 symbols=20 signals=0 entries=0 exits=0 blocked=0 open=11 cash=2934.82 equity=9313.00
[SIGNAL] 2026-08-12T14:59:59+00:00 GUNTRY BUY fill_at=2026-08-12T15:04:59+00:00 features={"close": 0.148, "bb_lower": 0.15142017532402102, "bb_upper": 0.16115125324740753, "rsi": 7.773448214434779, "mfi": 2.264267989342912, "atr": 0.001285714285714287}
[BLOCKED] GUNTRY reason=max_layers
[EXIT] 2026-08-12T15:04:59+00:00 BMTTRY reason=fixed_take_profit pnl=+6.31 cash=3267.21
[SCAN] 2026-08-12T15:04:59+00:00 symbols=20 signals=1 entries=0 exits=1 blocked=1 open=10 cash=3267.21 equity=9332.04
[SCAN] 2026-08-12T15:09:59+00:00 symbols=20 signals=0 entries=0 exits=0 blocked=0 open=10 cash=3267.21 equity=9336.07
[SCAN] 2026-08-12T15:14:59+00:00 symbols=20 signals=0 entries=0 exits=0 blocked=0 open=10 cash=3267.21 equity=9330.84
[SCAN] 2026-08-12T15:19:59+00:00 symbols=20 signals=0 entries=0 exits=0 blocked=1 open=10 cash=3267.21 equity=9331.88
[SIGNAL] 2026-08-12T15:19:59+00:00 HOMETRY BUY fill_at=2026-08-12T15:24:59+00:00 features={"close": 0.441, "bb_lower": 0.4442092830003833, "bb_upper": 0.45588595509485497, "rsi": 33.84470126939483, "mfi": 50.701119625556316, "atr": 0.00335714285714286}
[ENTRY] 2026-08-12T15:24:59+00:00 HOMETRY layer=1 value=326.23 entry=0.44133075 cash=2940.49
[SCAN] 2026-08-12T15:24:59+00:00 symbols=20 signals=1 entries=1 exits=0 blocked=0 open=11 cash=2940.49 equity=9315.43
[SIGNAL] 2026-08-12T15:24:59+00:00 HOMETRY BUY fill_at=2026-08-12T15:29:59+00:00 features={"close": 0.439, "bb_lower": 0.4421490775043324, "bb_upper": 0.457089017733763, "rsi": 31.3158543620619, "mfi": 46.44288819963071, "atr": 0.0032857142857142885}
[ENTRY] 2026-08-12T15:29:59+00:00 HOMETRY layer=2 value=293.61 entry=0.43832850 cash=2646.44
[SCAN] 2026-08-12T15:29:59+00:00 symbols=20 signals=1 entries=1 exits=0 blocked=0 open=11 cash=2646.44 equity=9308.07
[SIGNAL] 2026-08-12T15:29:59+00:00 HOMETRY BUY fill_at=2026-08-12T15:34:59+00:00 features={"close": 0.436, "bb_lower": 0.4396758101092738, "bb_upper": 0.4585146660812023, "rsi": 27.92521393212465, "mfi": 43.45761615011549, "atr": 0.0032857142857142885}
[BLOCKED] HOMETRY reason=max_layers
[SCAN] 2026-08-12T15:34:59+00:00 symbols=20 signals=1 entries=0 exits=0 blocked=1 open=11 cash=2646.44 equity=9306.97
[SIGNAL] 2026-08-12T15:34:59+00:00 HOMETRY BUY fill_at=2026-08-12T15:39:59+00:00 features={"close": 0.436, "bb_lower": 0.43749898853108976, "bb_upper": 0.45935815432605326, "rsi": 27.92521399539912, "mfi": 26.969155027029117, "atr": 0.0032142857142857173}
[BLOCKED] HOMETRY reason=max_layers
[SCAN] 2026-08-12T15:39:59+00:00 symbols=20 signals=1 entries=0 exits=0 blocked=1 open=11 cash=2646.44 equity=9324.05
[SIGNAL] 2026-08-12T15:39:59+00:00 HOMETRY BUY fill_at=2026-08-12T15:44:59+00:00 features={"close": 0.435, "bb_lower": 0.4354101491260998, "bb_upper": 0.4599231842072335, "rsi": 26.790462892023314, "mfi": 10.618107314649748, "atr": 0.0032857142857142885}
[BLOCKED] HOMETRY reason=max_layers
[SCAN] 2026-08-12T15:44:59+00:00 symbols=20 signals=1 entries=0 exits=0 blocked=1 open=11 cash=2646.44 equity=9312.03
[SIGNAL] 2026-08-12T15:44:59+00:00 HEMITRY BUY fill_at=2026-08-12T15:49:59+00:00 features={"close": 0.2304, "bb_lower": 0.23072980557630154, "bb_upper": 0.23309876585226982, "rsi": 38.6275418783599, "mfi": 49.98910145853969, "atr": 0.0008071428571428575}
[BLOCKED] HEMITRY reason=max_layers
[SCAN] 2026-08-12T15:49:59+00:00 symbols=20 signals=1 entries=0 exits=0 blocked=1 open=11 cash=2646.44 equity=9317.96
[SCAN] 2026-08-12T15:54:59+00:00 symbols=20 signals=0 entries=0 exits=0 blocked=0 open=11 cash=2646.44 equity=9311.18
[OPEN-MARKED] TURBOTRY value=703.36 unrealized=-27.27
[OPEN-MARKED] MMTTRY value=821.43 unrealized=-46.27
[OPEN-MARKED] HEITRY value=700.59 unrealized=-20.79
[OPEN-MARKED] BOMETRY value=555.01 unrealized=-11.05
[OPEN-MARKED] CTRY value=539.04 unrealized=-53.14
[OPEN-MARKED] MAVTRY value=543.25 unrealized=-29.03
[OPEN-MARKED] ESPTRY value=490.24 unrealized=-5.59
[OPEN-MARKED] NOMTRY value=494.52 unrealized=-5.30
[OPEN-MARKED] HEMITRY value=516.69 unrealized=-20.04
[OPEN-MARKED] GUNTRY value=688.79 unrealized=-26.17
[OPEN-MARKED] HOMETRY value=606.84 unrealized=-14.84
[COMPLETE] result=/mnt/d/scalperagent_v4/backend/portfolio-bb-mfi-v3-quality20-m5-strict-15-48h.json
RESULT_JSON={"initial_balance_try": 10000.0, "final_balance_try": 9296.195068, "net_pnl_try": -703.804932, "net_pnl_pct": -7.038049, "closed_trades": 82, "wins": 55, "losses": 27, "win_rate_pct": 67.0732, "profit_factor": 0.524746, "fees_total_including_open_liquidation_try": 158.261246, "max_drawdown_pct": 7.270279, "active_symbols": ["ACTTRY", "ALLOTRY", "BMTTRY", "BOMETRY", "CTRY", "DODOTRY", "ESPTRY", "GUNTRY", "HEITRY", "HEMITRY", "HOMETRY", "MAVTRY", "MMTTRY", "MUBARAKTRY", "NOMTRY", "PUMPTRY", "RENDERTRY", "SAGATRY", "TSTTRY", "TURBOTRY"], "open_positions_excluded": [], "open_positions_marked": [{"symbol": "TURBOTRY", "entry_time": 1786460999, "layers": 2, "mark_price": 0.0382, "liquidation_fill": 0.03817135, "marked_value_try": 702.300788, "unrealized_pnl_try": -27.268095}, {"symbol": "MMTTRY", "entry_time": 1786466399, "layers": 2, "mark_price": 9.63, "liquidation_fill": 9.6227775, "marked_value_try": 820.196173, "unrealized_pnl_try": -46.271126}, {"symbol": "HEITRY", "entry_time": 1786498799, "layers": 2, "mark_price": 6.218, "liquidation_fill": 6.2133365, "marked_value_try": 699.540964, "unrealized_pnl_try": -20.794142}, {"symbol": "BOMETRY", "entry_time": 1786500299, "layers": 2, "mark_price": 0.03662, "liquidation_fill": 0.03659254, "marked_value_try": 554.177297, "unrealized_pnl_try": -11.0466}, {"symbol": "CTRY", "entry_time": 1786501199, "layers": 2, "mark_price": 2.94, "liquidation_fill": 2.937795, "marked_value_try": 538.226792, "unrealized_pnl_try": -53.144743}, {"symbol": "MAVTRY", "entry_time": 1786507799, "layers": 2, "mark_price": 0.41, "liquidation_fill": 0.4096925, "marked_value_try": 542.434289, "unrealized_pnl_try": -29.026005}, {"symbol": "ESPTRY", "entry_time": 1786521299, "layers": 2, "mark_price": 3.382, "liquidation_fill": 3.3794635, "marked_value_try": 489.503903, "unrealized_pnl_try": -5.589414}, {"symbol": "NOMTRY", "entry_time": 1786522199, "layers": 2, "mark_price": 0.076, "liquidation_fill": 0.075943, "marked_value_try": 493.779285, "unrealized_pnl_try": -5.297205}, {"symbol": "HEMITRY", "entry_time": 1786528199, "layers": 2, "mark_price": 0.2304, "liquidation_fill": 0.2302272, "marked_value_try": 515.910979, "unrealized_pnl_try": -20.036414}, {"symbol": "GUNTRY", "entry_time": 1786545299, "layers": 2, "mark_price": 0.15, "liquidation_fill": 0.1498875, "marked_value_try": 687.753295, "unrealized_pnl_try": -26.169834}, {"symbol": "HOMETRY", "entry_time": 1786548299, "layers": 2, "mark_price": 0.431, "liquidation_fill": 0.43067675, "marked_value_try": 605.929429, "unrealized_pnl_try": -14.840887}], "reconciliation": {"expected": 9296.195069, "actual": 9296.195068, "difference": -6.3e-07}}
