[START] strategy=BB_MFI_MEAN_REVERSION pine_version=v1 initial=10000.00 TRY window=2026-08-10T00:47:12+00:00..2026-08-10T21:47:12+00:00
[CONFIG] universe=121 source=cli order_pct=0.1000 pyramiding=2 max_positions=36 commission=0.001500 spread=0.001000 slippage=0.000250
[DATA] 0GTRY source=BinanceTR-public interval=5m candles=575
[DATA] ACTTRY source=BinanceTR-public interval=5m candles=575
[DATA] ADATRY source=BinanceTR-public interval=5m candles=575
[DATA] ACXTRY source=BinanceTR-public interval=5m candles=575
[DATA] 1MBABYDOGETRY source=BinanceTR-public interval=5m candles=575
[DATA] AEROTRY source=BinanceTR-public interval=5m candles=575
[DATA] AIGENSYNTRY source=BinanceTR-public interval=5m candles=575
[DATA] AEVOTRY source=BinanceTR-public interval=5m candles=575
[DATA] AITRY source=BinanceTR-public interval=5m candles=575
[DATA] ALGOTRY source=BinanceTR-public interval=5m candles=575
[DATA] AIXBTTRY source=BinanceTR-public interval=5m candles=575
[DATA] ALICETRY source=BinanceTR-public interval=5m candles=575
[DATA] ALPINETRY source=BinanceTR-public interval=5m candles=575
[DATA] ALLOTRY source=BinanceTR-public interval=5m candles=575
[DATA] AMPTRY source=BinanceTR-public interval=5m candles=575
[DATA] APTTRY source=BinanceTR-public interval=5m candles=575
[DATA] ALTTRY source=BinanceTR-public interval=5m candles=575
[DATA] API3TRY source=BinanceTR-public interval=5m candles=575
[DATA] ARBTRY source=BinanceTR-public interval=5m candles=575
[DATA] ARKTRY source=BinanceTR-public interval=5m candles=575
[DATA] ARTRY source=BinanceTR-public interval=5m candles=575
[DATA] ARPATRY source=BinanceTR-public interval=5m candles=575
[DATA] ARKMTRY source=BinanceTR-public interval=5m candles=575
[DATA] ATMTRY source=BinanceTR-public interval=5m candles=575
[DATA] ASTERTRY source=BinanceTR-public interval=5m candles=575
[DATA] ATOMTRY source=BinanceTR-public interval=5m candles=575
[DATA] BABYTRY source=BinanceTR-public interval=5m candles=575
[DATA] AVNTTRY source=BinanceTR-public interval=5m candles=575
[DATA] BANANATRY source=BinanceTR-public interval=5m candles=575
[DATA] BBTRY source=BinanceTR-public interval=5m candles=575
[DATA] BIOTRY source=BinanceTR-public interval=5m candles=575
[DATA] BLURTRY source=BinanceTR-public interval=5m candles=575
[DATA] CATITRY source=BinanceTR-public interval=5m candles=575
[DATA] BMTTRY source=BinanceTR-public interval=5m candles=575
[DATA] BOMETRY source=BinanceTR-public interval=5m candles=575
[DATA] CELOTRY source=BinanceTR-public interval=5m candles=575
[DATA] CTRY source=BinanceTR-public interval=5m candles=575
[DATA] CRVTRY source=BinanceTR-public interval=5m candles=575
[DATA] CETUSTRY source=BinanceTR-public interval=5m candles=575
[DATA] CHIPTRY source=BinanceTR-public interval=5m candles=575
[DATA] EDENTRY source=BinanceTR-public interval=5m candles=575
[DATA] CYBERTRY source=BinanceTR-public interval=5m candles=575
[DATA] DODOTRY source=BinanceTR-public interval=5m candles=575
[DATA] EIGENTRY source=BinanceTR-public interval=5m candles=575
[DATA] ENATRY source=BinanceTR-public interval=5m candles=575
[DATA] EDUTRY source=BinanceTR-public interval=5m candles=575
[DATA] ETHFITRY source=BinanceTR-public interval=5m candles=575
[DATA] FOGOTRY source=BinanceTR-public interval=5m candles=575
[DATA] FLOKITRY source=BinanceTR-public interval=5m candles=575
[DATA] FTRY source=BinanceTR-public interval=5m candles=575
[DATA] FFTRY source=BinanceTR-public interval=5m candles=575
[DATA] GASTRY source=BinanceTR-public interval=5m candles=575
[DATA] GENIUSTRY source=BinanceTR-public interval=5m candles=575
[DATA] GUNTRY source=BinanceTR-public interval=5m candles=575
[DATA] HAEDALTRY source=BinanceTR-public interval=5m candles=575
[DATA] HBARTRY source=BinanceTR-public interval=5m candles=575
[DATA] ICPTRY source=BinanceTR-public interval=5m candles=575
[DATA] HOMETRY source=BinanceTR-public interval=5m candles=575
[DATA] IDTRY source=BinanceTR-public interval=5m candles=575
[DATA] KITETRY source=BinanceTR-public interval=5m candles=575
[DATA] JTOTRY source=BinanceTR-public interval=5m candles=575
[DATA] LATRY source=BinanceTR-public interval=5m candles=575
[DATA] LISTATRY source=BinanceTR-public interval=5m candles=575
[DATA] LDOTRY source=BinanceTR-public interval=5m candles=575
[DATA] MUBARAKTRY source=BinanceTR-public interval=5m candles=575
[DATA] MEMETRY source=BinanceTR-public interval=5m candles=575
[DATA] METRY source=BinanceTR-public interval=5m candles=575
[DATA] MAVTRY source=BinanceTR-public interval=5m candles=575
[DATA] NILTRY source=BinanceTR-public interval=5m candles=575
[DATA] NEIROTRY source=BinanceTR-public interval=5m candles=575
[DATA] OPTRY source=BinanceTR-public interval=5m candles=575
[DATA] NEARTRY source=BinanceTR-public interval=5m candles=575
[DATA] ORDITRY source=BinanceTR-public interval=5m candles=575
[DATA] FETTRY source=BinanceTR-public interval=5m candles=575
[DATA] PENGUTRY source=BinanceTR-public interval=5m candles=575
[DATA] PEOPLETRY source=BinanceTR-public interval=5m candles=575
[DATA] PNUTTRY source=BinanceTR-public interval=5m candles=575
[DATA] PUMPTRY source=BinanceTR-public interval=5m candles=575
[DATA] PSGTRY source=BinanceTR-public interval=5m candles=575
[DATA] PHATRY source=BinanceTR-public interval=5m candles=575
[DATA] PYTHTRY source=BinanceTR-public interval=5m candles=575
[DATA] PLUMETRY source=BinanceTR-public interval=5m candles=575
[DATA] RADTRY source=BinanceTR-public interval=5m candles=575
[DATA] RETRY source=BinanceTR-public interval=5m candles=575
[DATA] RENDERTRY source=BinanceTR-public interval=5m candles=575
[DATA] REDTRY source=BinanceTR-public interval=5m candles=575
[DATA] SCRTRY source=BinanceTR-public interval=5m candles=575
[DATA] REZTRY source=BinanceTR-public interval=5m candles=575
[DATA] SPELLTRY source=BinanceTR-public interval=5m candles=575
[DATA] RVNTRY source=BinanceTR-public interval=5m candles=575
[DATA] SPKTRY source=BinanceTR-public interval=5m candles=575
[DATA] SHIBTRY source=BinanceTR-public interval=5m candles=575
[DATA] SUITRY source=BinanceTR-public interval=5m candles=575
[DATA] STOTRY source=BinanceTR-public interval=5m candles=575
[DATA] STXTRY source=BinanceTR-public interval=5m candles=575
[DATA] SUNTRY source=BinanceTR-public interval=5m candles=575
[DATA] SYRUPTRY source=BinanceTR-public interval=5m candles=575
[DATA] SXTTRY source=BinanceTR-public interval=5m candles=575
[DATA] THETATRY source=BinanceTR-public interval=5m candles=575
[DATA] THETRY source=BinanceTR-public interval=5m candles=575
[DATA] TLMTRY source=BinanceTR-public interval=5m candles=575
[DATA] TOWNSTRY source=BinanceTR-public interval=5m candles=575
[DATA] TAOTRY source=BinanceTR-public interval=5m candles=575
[DATA] TREETRY source=BinanceTR-public interval=5m candles=575
[DATA] TRUMPTRY source=BinanceTR-public interval=5m candles=575
[DATA] TRXTRY source=BinanceTR-public interval=5m candles=575
[DATA] TRBTRY source=BinanceTR-public interval=5m candles=575
[DATA] TURBOTRY source=BinanceTR-public interval=5m candles=575
[DATA] TSTTRY source=BinanceTR-public interval=5m candles=575
[DATA] USDTTRY source=BinanceTR-public interval=5m candles=575
[DATA] VANATRY source=BinanceTR-public interval=5m candles=575
[DATA] TWTTRY source=BinanceTR-public interval=5m candles=575
[DATA] USTCTRY source=BinanceTR-public interval=5m candles=575
[DATA] TURTLETRY source=BinanceTR-public interval=5m candles=575
[DATA] VICTRY source=BinanceTR-public interval=5m candles=575
[DATA] WLDTRY source=BinanceTR-public interval=5m candles=575
[DATA] WTRY source=BinanceTR-public interval=5m candles=575
[DATA] XPLTRY source=BinanceTR-public interval=5m candles=575
[DATA] WLFITRY source=BinanceTR-public interval=5m candles=575
[DATA] ZKTRY source=BinanceTR-public interval=5m candles=575
[DATA] ZROTRY source=BinanceTR-public interval=5m candles=575
[ACTIVITY] 0GTRY status=ACTIVE metrics={"status": "ACTIVE", "quote_volume": 17041747.45, "range_15m_pct": 1.6484, "atr_pct": 0.3571, "volume_ratio": 5.3544, "spread_pct": 0.1349, "checks": {"quote_volume": true, "range_15m": true, "atr": true, "volume_ratio": true, "spread": true}, "reason": "active"}
[ACTIVITY] 1MBABYDOGETRY status=PASSIVE metrics={"status": "PASSIVE", "quote_volume": 5969812.78, "range_15m_pct": 0.0, "atr_pct": 0.0906, "volume_ratio": 0.0, "spread_pct": 0.1797, "checks": {"quote_volume": true, "range_15m": false, "atr": false, "volume_ratio": false, "spread": true}, "reason": "movement_or_liquidity_below_threshold"}
[ACTIVITY] ACTTRY status=ACTIVE metrics={"status": "ACTIVE", "quote_volume": 427413315.52, "range_15m_pct": 2.1815, "atr_pct": 0.7901, "volume_ratio": 16.2197, "spread_pct": 0.0958, "checks": {"quote_volume": true, "range_15m": true, "atr": true, "volume_ratio": true, "spread": true}, "reason": "active"}
[ACTIVITY] ACXTRY status=PASSIVE metrics={"status": "PASSIVE", "quote_volume": 7253860.63, "range_15m_pct": 0.0, "atr_pct": 0.2605, "volume_ratio": 0.0, "spread_pct": 0.5672, "checks": {"quote_volume": true, "range_15m": false, "atr": true, "volume_ratio": false, "spread": false}, "reason": "movement_or_liquidity_below_threshold"}
[ACTIVITY] ADATRY status=PASSIVE metrics={"status": "PASSIVE", "quote_volume": 37769839.46, "range_15m_pct": 0.1106, "atr_pct": 0.2052, "volume_ratio": 0.0053, "spread_pct": 0.1106, "checks": {"quote_volume": true, "range_15m": false, "atr": true, "volume_ratio": false, "spread": true}, "reason": "movement_or_liquidity_below_threshold"}
[ACTIVITY] AEROTRY status=PASSIVE metrics={"status": "PASSIVE", "quote_volume": 3204380.06, "range_15m_pct": 0.0, "atr_pct": 0.0216, "volume_ratio": 0.0, "spread_pct": 0.1005, "checks": {"quote_volume": true, "range_15m": false, "atr": false, "volume_ratio": false, "spread": true}, "reason": "movement_or_liquidity_below_threshold"}
[ACTIVITY] AEVOTRY status=PASSIVE metrics={"status": "PASSIVE", "quote_volume": 7193813.39, "range_15m_pct": 0.0, "atr_pct": 0.1164, "volume_ratio": 0.0, "spread_pct": 0.1016, "checks": {"quote_volume": true, "range_15m": false, "atr": false, "volume_ratio": false, "spread": true}, "reason": "movement_or_liquidity_below_threshold"}
[ACTIVITY] AIGENSYNTRY status=ACTIVE metrics={"status": "ACTIVE", "quote_volume": 19863884.48, "range_15m_pct": 0.3902, "atr_pct": 0.2021, "volume_ratio": 3.3511, "spread_pct": 0.0976, "checks": {"quote_volume": true, "range_15m": true, "atr": true, "volume_ratio": true, "spread": true}, "reason": "active"}
[ACTIVITY] AITRY status=PASSIVE metrics={"status": "PASSIVE", "quote_volume": 12183733.6, "range_15m_pct": 0.0, "atr_pct": 0.0, "volume_ratio": 0.0, "spread_pct": 1.1834, "checks": {"quote_volume": true, "range_15m": false, "atr": false, "volume_ratio": false, "spread": false}, "reason": "movement_or_liquidity_below_threshold"}
[ACTIVITY] AIXBTTRY status=PASSIVE metrics={"status": "PASSIVE", "quote_volume": 8853638.58, "range_15m_pct": 0.0, "atr_pct": 0.0962, "volume_ratio": 0.0, "spread_pct": 0.1125, "checks": {"quote_volume": true, "range_15m": false, "atr": false, "volume_ratio": false, "spread": true}, "reason": "movement_or_liquidity_below_threshold"}
[ACTIVITY] ALGOTRY status=PASSIVE metrics={"status": "PASSIVE", "quote_volume": 5393926.03, "range_15m_pct": 0.1018, "atr_pct": 0.0382, "volume_ratio": 17.8325, "spread_pct": 0.0762, "checks": {"quote_volume": true, "range_15m": false, "atr": false, "volume_ratio": true, "spread": true}, "reason": "movement_or_liquidity_below_threshold"}
[ACTIVITY] ALICETRY status=PASSIVE metrics={"status": "PASSIVE", "quote_volume": 45526125.5, "range_15m_pct": 0.5172, "atr_pct": 0.1348, "volume_ratio": 4.9759, "spread_pct": 0.1717, "checks": {"quote_volume": true, "range_15m": true, "atr": false, "volume_ratio": true, "spread": true}, "reason": "movement_or_liquidity_below_threshold"}
[ACTIVITY] ALLOTRY status=ACTIVE metrics={"status": "ACTIVE", "quote_volume": 86477195.5, "range_15m_pct": 1.0825, "atr_pct": 0.4051, "volume_ratio": 1.611, "spread_pct": 0.0673, "checks": {"quote_volume": true, "range_15m": true, "atr": true, "volume_ratio": true, "spread": true}, "reason": "active"}
[ACTIVITY] ALPINETRY status=PASSIVE metrics={"status": "PASSIVE", "quote_volume": 6487399.75, "range_15m_pct": 0.1286, "atr_pct": 0.0276, "volume_ratio": 2.6602, "spread_pct": 0.0642, "checks": {"quote_volume": true, "range_15m": false, "atr": false, "volume_ratio": true, "spread": true}, "reason": "movement_or_liquidity_below_threshold"}
[ACTIVITY] ALTTRY status=PASSIVE metrics={"status": "PASSIVE", "quote_volume": 33813439.51, "range_15m_pct": 0.0, "atr_pct": 0.1718, "volume_ratio": 0.0, "spread_pct": 0.3442, "checks": {"quote_volume": true, "range_15m": false, "atr": true, "volume_ratio": false, "spread": false}, "reason": "movement_or_liquidity_below_threshold"}
[ACTIVITY] AMPTRY status=PASSIVE metrics={"status": "PASSIVE", "quote_volume": 8624319.35, "range_15m_pct": 0.0, "atr_pct": 0.1544, "volume_ratio": 0.0, "spread_pct": 0.542, "checks": {"quote_volume": true, "range_15m": false, "atr": true, "volume_ratio": false, "spread": false}, "reason": "movement_or_liquidity_below_threshold"}
[ACTIVITY] API3TRY status=PASSIVE metrics={"status": "PASSIVE", "quote_volume": 7723039.48, "range_15m_pct": 0.2174, "atr_pct": 0.0699, "volume_ratio": 0.0, "spread_pct": 0.1088, "checks": {"quote_volume": true, "range_15m": true, "atr": false, "volume_ratio": false, "spread": true}, "reason": "movement_or_liquidity_below_threshold"}
[ACTIVITY] APTTRY status=PASSIVE metrics={"status": "PASSIVE", "quote_volume": 6417257.25, "range_15m_pct": 0.0, "atr_pct": 0.051, "volume_ratio": 0.0, "spread_pct": 0.3565, "checks": {"quote_volume": true, "range_15m": false, "atr": false, "volume_ratio": false, "spread": false}, "reason": "movement_or_liquidity_below_threshold"}
[ACTIVITY] ARBTRY status=PASSIVE metrics={"status": "PASSIVE", "quote_volume": 26939955.87, "range_15m_pct": 0.5195, "atr_pct": 0.2412, "volume_ratio": 0.2963, "spread_pct": 0.2594, "checks": {"quote_volume": true, "range_15m": true, "atr": true, "volume_ratio": false, "spread": true}, "reason": "movement_or_liquidity_below_threshold"}
[ACTIVITY] ARKMTRY status=PASSIVE metrics={"status": "PASSIVE", "quote_volume": 7102470.88, "range_15m_pct": 0.1956, "atr_pct": 0.1395, "volume_ratio": 0.8714, "spread_pct": 0.1302, "checks": {"quote_volume": true, "range_15m": true, "atr": false, "volume_ratio": true, "spread": true}, "reason": "movement_or_liquidity_below_threshold"}
[ACTIVITY] ARKTRY status=PASSIVE metrics={"status": "PASSIVE", "quote_volume": 1067038.83, "range_15m_pct": 0.0, "atr_pct": 0.0161, "volume_ratio": 0.0, "spread_pct": 0.226, "checks": {"quote_volume": true, "range_15m": false, "atr": false, "volume_ratio": false, "spread": true}, "reason": "movement_or_liquidity_below_threshold"}
[ACTIVITY] ARPATRY status=PASSIVE metrics={"status": "PASSIVE", "quote_volume": 7822425.97, "range_15m_pct": 0.0, "atr_pct": 0.061, "volume_ratio": 0.0, "spread_pct": 0.1422, "checks": {"quote_volume": true, "range_15m": false, "atr": false, "volume_ratio": false, "spread": true}, "reason": "movement_or_liquidity_below_threshold"}
[ACTIVITY] ARTRY status=PASSIVE metrics={"status": "PASSIVE", "quote_volume": 1083445.8, "range_15m_pct": 0.0228, "atr_pct": 0.1636, "volume_ratio": 0.8921, "spread_pct": 0.137, "checks": {"quote_volume": true, "range_15m": false, "atr": true, "volume_ratio": true, "spread": true}, "reason": "movement_or_liquidity_below_threshold"}
[ACTIVITY] ASTERTRY status=PASSIVE metrics={"status": "PASSIVE", "quote_volume": 8366042.09, "range_15m_pct": 0.1398, "atr_pct": 0.0424, "volume_ratio": 0.4921, "spread_pct": 0.0698, "checks": {"quote_volume": true, "range_15m": false, "atr": false, "volume_ratio": false, "spread": true}, "reason": "movement_or_liquidity_below_threshold"}
[ACTIVITY] ATMTRY status=PASSIVE metrics={"status": "PASSIVE", "quote_volume": 7645259.28, "range_15m_pct": 0.7205, "atr_pct": 0.2831, "volume_ratio": 0.1882, "spread_pct": 0.1656, "checks": {"quote_volume": true, "range_15m": true, "atr": true, "volume_ratio": false, "spread": true}, "reason": "movement_or_liquidity_below_threshold"}
[ACTIVITY] ATOMTRY status=PASSIVE metrics={"status": "PASSIVE", "quote_volume": 1872136.3, "range_15m_pct": 0.1497, "atr_pct": 0.0855, "volume_ratio": 1.9257, "spread_pct": 0.1498, "checks": {"quote_volume": true, "range_15m": false, "atr": false, "volume_ratio": true, "spread": true}, "reason": "movement_or_liquidity_below_threshold"}
[ACTIVITY] AVNTTRY status=PASSIVE metrics={"status": "PASSIVE", "quote_volume": 16429664.9, "range_15m_pct": 0.2283, "atr_pct": 0.212, "volume_ratio": 0.0343, "spread_pct": 0.2281, "checks": {"quote_volume": true, "range_15m": true, "atr": true, "volume_ratio": false, "spread": true}, "reason": "movement_or_liquidity_below_threshold"}
[ACTIVITY] BABYTRY status=PASSIVE metrics={"status": "PASSIVE", "quote_volume": 7870617.84, "range_15m_pct": 0.3205, "atr_pct": 0.2633, "volume_ratio": 0.0979, "spread_pct": 0.32, "checks": {"quote_volume": true, "range_15m": true, "atr": true, "volume_ratio": false, "spread": false}, "reason": "movement_or_liquidity_below_threshold"}
[ACTIVITY] BANANATRY status=PASSIVE metrics={"status": "PASSIVE", "quote_volume": 7781870.46, "range_15m_pct": 0.0, "atr_pct": 0.0821, "volume_ratio": 0.0, "spread_pct": 0.5764, "checks": {"quote_volume": true, "range_15m": false, "atr": false, "volume_ratio": false, "spread": false}, "reason": "movement_or_liquidity_below_threshold"}
[ACTIVITY] BBTRY status=PASSIVE metrics={"status": "PASSIVE", "quote_volume": 69061474.46, "range_15m_pct": 0.288, "atr_pct": 0.1915, "volume_ratio": 0.0573, "spread_pct": 0.1059, "checks": {"quote_volume": true, "range_15m": true, "atr": true, "volume_ratio": false, "spread": true}, "reason": "movement_or_liquidity_below_threshold"}
[ACTIVITY] BIOTRY status=ACTIVE metrics={"status": "ACTIVE", "quote_volume": 80066483.47, "range_15m_pct": 0.4736, "atr_pct": 0.2873, "volume_ratio": 0.9571, "spread_pct": 0.0788, "checks": {"quote_volume": true, "range_15m": true, "atr": true, "volume_ratio": true, "spread": true}, "reason": "active"}
[ACTIVITY] BLURTRY status=PASSIVE metrics={"status": "PASSIVE", "quote_volume": 4125588.56, "range_15m_pct": 0.3086, "atr_pct": 0.0659, "volume_ratio": 0.0, "spread_pct": 0.154, "checks": {"quote_volume": true, "range_15m": true, "atr": false, "volume_ratio": false, "spread": true}, "reason": "movement_or_liquidity_below_threshold"}
[ACTIVITY] BMTTRY status=ACTIVE metrics={"status": "ACTIVE", "quote_volume": 1394934496.32, "range_15m_pct": 2.754, "atr_pct": 1.4632, "volume_ratio": 0.5889, "spread_pct": 0.0918, "checks": {"quote_volume": true, "range_15m": true, "atr": true, "volume_ratio": true, "spread": true}, "reason": "active"}
[ACTIVITY] BOMETRY status=ACTIVE metrics={"status": "ACTIVE", "quote_volume": 177582762.07, "range_15m_pct": 2.9878, "atr_pct": 0.7548, "volume_ratio": 1.2519, "spread_pct": 0.0263, "checks": {"quote_volume": true, "range_15m": true, "atr": true, "volume_ratio": true, "spread": true}, "reason": "active"}
[ACTIVITY] CATITRY status=ACTIVE metrics={"status": "ACTIVE", "quote_volume": 11851149.21, "range_15m_pct": 0.6049, "atr_pct": 0.228, "volume_ratio": 2.5622, "spread_pct": 0.1384, "checks": {"quote_volume": true, "range_15m": true, "atr": true, "volume_ratio": true, "spread": true}, "reason": "active"}
[ACTIVITY] CELOTRY status=PASSIVE metrics={"status": "PASSIVE", "quote_volume": 2228371.22, "range_15m_pct": 0.0, "atr_pct": 0.0384, "volume_ratio": 0.0, "spread_pct": 0.1342, "checks": {"quote_volume": true, "range_15m": false, "atr": false, "volume_ratio": false, "spread": true}, "reason": "movement_or_liquidity_below_threshold"}
[ACTIVITY] CETUSTRY status=PASSIVE metrics={"status": "PASSIVE", "quote_volume": 9983301.5, "range_15m_pct": 0.224, "atr_pct": 0.1516, "volume_ratio": 0.2626, "spread_pct": 0.1117, "checks": {"quote_volume": true, "range_15m": true, "atr": true, "volume_ratio": false, "spread": true}, "reason": "movement_or_liquidity_below_threshold"}
[ACTIVITY] CHIPTRY status=ACTIVE metrics={"status": "ACTIVE", "quote_volume": 29837128.38, "range_15m_pct": 0.541, "atr_pct": 0.2225, "volume_ratio": 0.964, "spread_pct": 0.0746, "checks": {"quote_volume": true, "range_15m": true, "atr": true, "volume_ratio": true, "spread": true}, "reason": "active"}
[ACTIVITY] CRVTRY status=PASSIVE metrics={"status": "PASSIVE", "quote_volume": 74742161.13, "range_15m_pct": 0.7987, "atr_pct": 0.4649, "volume_ratio": 0.4221, "spread_pct": 0.1587, "checks": {"quote_volume": true, "range_15m": true, "atr": true, "volume_ratio": false, "spread": true}, "reason": "movement_or_liquidity_below_threshold"}
[ACTIVITY] CTRY status=ACTIVE metrics={"status": "ACTIVE", "quote_volume": 21243368.27, "range_15m_pct": 2.0308, "atr_pct": 0.6337, "volume_ratio": 0.969, "spread_pct": 0.2592, "checks": {"quote_volume": true, "range_15m": true, "atr": true, "volume_ratio": true, "spread": true}, "reason": "active"}
[ACTIVITY] CYBERTRY status=PASSIVE metrics={"status": "PASSIVE", "quote_volume": 6746724.4, "range_15m_pct": 0.0, "atr_pct": 0.0476, "volume_ratio": 0.0, "spread_pct": 0.6645, "checks": {"quote_volume": true, "range_15m": false, "atr": false, "volume_ratio": false, "spread": false}, "reason": "movement_or_liquidity_below_threshold"}
[ACTIVITY] DODOTRY status=ACTIVE metrics={"status": "ACTIVE", "quote_volume": 330025789.35, "range_15m_pct": 3.0636, "atr_pct": 1.1636, "volume_ratio": 0.9628, "spread_pct": 0.2873, "checks": {"quote_volume": true, "range_15m": true, "atr": true, "volume_ratio": true, "spread": true}, "reason": "active"}
[ACTIVITY] EDENTRY status=PASSIVE metrics={"status": "PASSIVE", "quote_volume": 69567898.11, "range_15m_pct": 0.6689, "atr_pct": 0.2728, "volume_ratio": 0.0, "spread_pct": 0.143, "checks": {"quote_volume": true, "range_15m": true, "atr": true, "volume_ratio": false, "spread": true}, "reason": "movement_or_liquidity_below_threshold"}
[ACTIVITY] EDUTRY status=PASSIVE metrics={"status": "PASSIVE", "quote_volume": 28882791.16, "range_15m_pct": 0.0, "atr_pct": 0.1544, "volume_ratio": 0.0007, "spread_pct": 0.542, "checks": {"quote_volume": true, "range_15m": false, "atr": true, "volume_ratio": false, "spread": false}, "reason": "movement_or_liquidity_below_threshold"}
[ACTIVITY] EIGENTRY status=ACTIVE metrics={"status": "ACTIVE", "quote_volume": 49059280.13, "range_15m_pct": 0.4291, "atr_pct": 0.2816, "volume_ratio": 0.9527, "spread_pct": 0.0926, "checks": {"quote_volume": true, "range_15m": true, "atr": true, "volume_ratio": true, "spread": true}, "reason": "active"}
[ACTIVITY] ENATRY status=ACTIVE metrics={"status": "ACTIVE", "quote_volume": 73978981.89, "range_15m_pct": 0.3097, "atr_pct": 0.1561, "volume_ratio": 0.5102, "spread_pct": 0.0238, "checks": {"quote_volume": true, "range_15m": true, "atr": true, "volume_ratio": true, "spread": true}, "reason": "active"}
[ACTIVITY] ETHFITRY status=PASSIVE metrics={"status": "PASSIVE", "quote_volume": 27169276.7, "range_15m_pct": 0.3252, "atr_pct": 0.1737, "volume_ratio": 0.3111, "spread_pct": 0.0541, "checks": {"quote_volume": true, "range_15m": true, "atr": true, "volume_ratio": false, "spread": true}, "reason": "movement_or_liquidity_below_threshold"}
[ACTIVITY] FETTRY status=PASSIVE metrics={"status": "PASSIVE", "quote_volume": 41663462.7, "range_15m_pct": 0.3145, "atr_pct": 0.2018, "volume_ratio": 0.0397, "spread_pct": 0.1569, "checks": {"quote_volume": true, "range_15m": true, "atr": true, "volume_ratio": false, "spread": true}, "reason": "movement_or_liquidity_below_threshold"}
[ACTIVITY] FFTRY status=PASSIVE metrics={"status": "PASSIVE", "quote_volume": 18979684.63, "range_15m_pct": 0.2848, "atr_pct": 0.1107, "volume_ratio": 0.5204, "spread_pct": 0.0633, "checks": {"quote_volume": true, "range_15m": true, "atr": false, "volume_ratio": true, "spread": true}, "reason": "movement_or_liquidity_below_threshold"}
[ACTIVITY] FLOKITRY status=PASSIVE metrics={"status": "PASSIVE", "quote_volume": 18641278.36, "range_15m_pct": 0.3015, "atr_pct": 0.0861, "volume_ratio": 0.0194, "spread_pct": 0.1005, "checks": {"quote_volume": true, "range_15m": true, "atr": false, "volume_ratio": false, "spread": true}, "reason": "movement_or_liquidity_below_threshold"}
[ACTIVITY] FOGOTRY status=PASSIVE metrics={"status": "PASSIVE", "quote_volume": 7424981.84, "range_15m_pct": 0.0, "atr_pct": 0.1166, "volume_ratio": 0.0, "spread_pct": 0.2328, "checks": {"quote_volume": true, "range_15m": false, "atr": false, "volume_ratio": false, "spread": true}, "reason": "movement_or_liquidity_below_threshold"}
[ACTIVITY] FTRY status=PASSIVE metrics={"status": "PASSIVE", "quote_volume": 8049747.16, "range_15m_pct": 0.8333, "atr_pct": 0.8694, "volume_ratio": 0.0491, "spread_pct": 0.2081, "checks": {"quote_volume": true, "range_15m": true, "atr": true, "volume_ratio": false, "spread": true}, "reason": "movement_or_liquidity_below_threshold"}
[ACTIVITY] GASTRY status=PASSIVE metrics={"status": "PASSIVE", "quote_volume": 1108538.9, "range_15m_pct": 0.0, "atr_pct": 0.0321, "volume_ratio": 0.0, "spread_pct": 0.4494, "checks": {"quote_volume": true, "range_15m": false, "atr": false, "volume_ratio": false, "spread": false}, "reason": "movement_or_liquidity_below_threshold"}
[ACTIVITY] GENIUSTRY status=ACTIVE metrics={"status": "ACTIVE", "quote_volume": 25751113.23, "range_15m_pct": 0.6997, "atr_pct": 0.308, "volume_ratio": 2.9975, "spread_pct": 0.1168, "checks": {"quote_volume": true, "range_15m": true, "atr": true, "volume_ratio": true, "spread": true}, "reason": "active"}
[ACTIVITY] GUNTRY status=PASSIVE metrics={"status": "PASSIVE", "quote_volume": 267245555.97, "range_15m_pct": 1.9108, "atr_pct": 0.546, "volume_ratio": 1.4848, "spread_pct": 0.6349, "checks": {"quote_volume": true, "range_15m": true, "atr": true, "volume_ratio": true, "spread": false}, "reason": "movement_or_liquidity_below_threshold"}
[ACTIVITY] HAEDALTRY status=PASSIVE metrics={"status": "PASSIVE", "quote_volume": 8725659.65, "range_15m_pct": 0.0, "atr_pct": 0.1425, "volume_ratio": 0.0, "spread_pct": 0.1241, "checks": {"quote_volume": true, "range_15m": false, "atr": false, "volume_ratio": false, "spread": true}, "reason": "movement_or_liquidity_below_threshold"}
[ACTIVITY] HBARTRY status=PASSIVE metrics={"status": "PASSIVE", "quote_volume": 4441355.64, "range_15m_pct": 0.0, "atr_pct": 0.1044, "volume_ratio": 0.0, "spread_pct": 0.0311, "checks": {"quote_volume": true, "range_15m": false, "atr": false, "volume_ratio": false, "spread": true}, "reason": "movement_or_liquidity_below_threshold"}
[ACTIVITY] HOMETRY status=PASSIVE metrics={"status": "PASSIVE", "quote_volume": 445116509.09, "range_15m_pct": 1.566, "atr_pct": 1.2744, "volume_ratio": 0.3731, "spread_pct": 0.222, "checks": {"quote_volume": true, "range_15m": true, "atr": true, "volume_ratio": false, "spread": true}, "reason": "movement_or_liquidity_below_threshold"}
[ACTIVITY] ICPTRY status=ACTIVE metrics={"status": "ACTIVE", "quote_volume": 25385865.78, "range_15m_pct": 0.9865, "atr_pct": 0.4123, "volume_ratio": 11.9576, "spread_pct": 0.0888, "checks": {"quote_volume": true, "range_15m": true, "atr": true, "volume_ratio": true, "spread": true}, "reason": "active"}
[ACTIVITY] IDTRY status=PASSIVE metrics={"status": "PASSIVE", "quote_volume": 3579369.76, "range_15m_pct": 0.1487, "atr_pct": 0.0903, "volume_ratio": 0.0, "spread_pct": 0.1489, "checks": {"quote_volume": true, "range_15m": false, "atr": false, "volume_ratio": false, "spread": true}, "reason": "movement_or_liquidity_below_threshold"}
[ACTIVITY] JTOTRY status=ACTIVE metrics={"status": "ACTIVE", "quote_volume": 39817757.82, "range_15m_pct": 0.5774, "atr_pct": 0.2693, "volume_ratio": 1.1321, "spread_pct": 0.0385, "checks": {"quote_volume": true, "range_15m": true, "atr": true, "volume_ratio": true, "spread": true}, "reason": "active"}
[ACTIVITY] KITETRY status=PASSIVE metrics={"status": "PASSIVE", "quote_volume": 36177919.27, "range_15m_pct": 1.1494, "atr_pct": 0.2536, "volume_ratio": 0.0292, "spread_pct": 0.1437, "checks": {"quote_volume": true, "range_15m": true, "atr": true, "volume_ratio": false, "spread": true}, "reason": "movement_or_liquidity_below_threshold"}
[ACTIVITY] LATRY status=PASSIVE metrics={"status": "PASSIVE", "quote_volume": 34781096.85, "range_15m_pct": 1.1765, "atr_pct": 0.3361, "volume_ratio": 1.1967, "spread_pct": 0.3929, "checks": {"quote_volume": true, "range_15m": true, "atr": true, "volume_ratio": true, "spread": false}, "reason": "movement_or_liquidity_below_threshold"}
[ACTIVITY] LDOTRY status=PASSIVE metrics={"status": "PASSIVE", "quote_volume": 18502138.81, "range_15m_pct": 0.2851, "atr_pct": 0.1574, "volume_ratio": 0.2254, "spread_pct": 0.0711, "checks": {"quote_volume": true, "range_15m": true, "atr": true, "volume_ratio": false, "spread": true}, "reason": "movement_or_liquidity_below_threshold"}
[ACTIVITY] LISTATRY status=PASSIVE metrics={"status": "PASSIVE", "quote_volume": 53992570.3, "range_15m_pct": 0.6579, "atr_pct": 0.2115, "volume_ratio": 0.5053, "spread_pct": 0.3273, "checks": {"quote_volume": true, "range_15m": true, "atr": true, "volume_ratio": true, "spread": false}, "reason": "movement_or_liquidity_below_threshold"}
[ACTIVITY] MAVTRY status=PASSIVE metrics={"status": "PASSIVE", "quote_volume": 9955242.16, "range_15m_pct": 2.2222, "atr_pct": 1.087, "volume_ratio": 1.151, "spread_pct": 2.1505, "checks": {"quote_volume": true, "range_15m": true, "atr": true, "volume_ratio": true, "spread": false}, "reason": "movement_or_liquidity_below_threshold"}
[ACTIVITY] MEMETRY status=PASSIVE metrics={"status": "PASSIVE", "quote_volume": 13731764.12, "range_15m_pct": 0.0, "atr_pct": 0.1446, "volume_ratio": 0.0, "spread_pct": 0.404, "checks": {"quote_volume": true, "range_15m": false, "atr": false, "volume_ratio": false, "spread": false}, "reason": "movement_or_liquidity_below_threshold"}
[ACTIVITY] METRY status=PASSIVE metrics={"status": "PASSIVE", "quote_volume": 72888288.85, "range_15m_pct": 1.6987, "atr_pct": 1.0738, "volume_ratio": 0.0, "spread_pct": 0.3137, "checks": {"quote_volume": true, "range_15m": true, "atr": true, "volume_ratio": false, "spread": false}, "reason": "movement_or_liquidity_below_threshold"}
[ACTIVITY] MUBARAKTRY status=PASSIVE metrics={"status": "PASSIVE", "quote_volume": 490916671.83, "range_15m_pct": 2.5355, "atr_pct": 1.7839, "volume_ratio": 0.1202, "spread_pct": 0.0991, "checks": {"quote_volume": true, "range_15m": true, "atr": true, "volume_ratio": false, "spread": true}, "reason": "movement_or_liquidity_below_threshold"}
[ACTIVITY] NEARTRY status=PASSIVE metrics={"status": "PASSIVE", "quote_volume": 14782937.58, "range_15m_pct": 0.5249, "atr_pct": 0.2051, "volume_ratio": 0.2736, "spread_pct": 0.1308, "checks": {"quote_volume": true, "range_15m": true, "atr": true, "volume_ratio": false, "spread": true}, "reason": "movement_or_liquidity_below_threshold"}
[ACTIVITY] NEIROTRY status=ACTIVE metrics={"status": "ACTIVE", "quote_volume": 37482518.25, "range_15m_pct": 0.2849, "atr_pct": 0.2035, "volume_ratio": 0.8825, "spread_pct": 0.2837, "checks": {"quote_volume": true, "range_15m": true, "atr": true, "volume_ratio": true, "spread": true}, "reason": "active"}
[ACTIVITY] NILTRY status=ACTIVE metrics={"status": "ACTIVE", "quote_volume": 344992168.81, "range_15m_pct": 1.5765, "atr_pct": 0.7184, "volume_ratio": 0.6713, "spread_pct": 0.1046, "checks": {"quote_volume": true, "range_15m": true, "atr": true, "volume_ratio": true, "spread": true}, "reason": "active"}
[ACTIVITY] OPTRY status=PASSIVE metrics={"status": "PASSIVE", "quote_volume": 6943458.76, "range_15m_pct": 0.2299, "atr_pct": 0.0493, "volume_ratio": 0.9005, "spread_pct": 0.2296, "checks": {"quote_volume": true, "range_15m": true, "atr": false, "volume_ratio": true, "spread": true}, "reason": "movement_or_liquidity_below_threshold"}
[ACTIVITY] ORDITRY status=PASSIVE metrics={"status": "PASSIVE", "quote_volume": 19172612.6, "range_15m_pct": 0.0, "atr_pct": 0.162, "volume_ratio": 0.0, "spread_pct": 0.0599, "checks": {"quote_volume": true, "range_15m": false, "atr": true, "volume_ratio": false, "spread": true}, "reason": "movement_or_liquidity_below_threshold"}
[ACTIVITY] PENGUTRY status=PASSIVE metrics={"status": "PASSIVE", "quote_volume": 42657794.18, "range_15m_pct": 0.3566, "atr_pct": 0.1965, "volume_ratio": 0.4345, "spread_pct": 0.0323, "checks": {"quote_volume": true, "range_15m": true, "atr": true, "volume_ratio": false, "spread": true}, "reason": "movement_or_liquidity_below_threshold"}
[ACTIVITY] PEOPLETRY status=ACTIVE metrics={"status": "ACTIVE", "quote_volume": 46373668.92, "range_15m_pct": 0.7335, "atr_pct": 0.4007, "volume_ratio": 0.8061, "spread_pct": 0.2448, "checks": {"quote_volume": true, "range_15m": true, "atr": true, "volume_ratio": true, "spread": true}, "reason": "active"}
[ACTIVITY] PHATRY status=PASSIVE metrics={"status": "PASSIVE", "quote_volume": 69731068.41, "range_15m_pct": 0.0, "atr_pct": 0.3793, "volume_ratio": 4.6682, "spread_pct": 0.8811, "checks": {"quote_volume": true, "range_15m": false, "atr": true, "volume_ratio": true, "spread": false}, "reason": "movement_or_liquidity_below_threshold"}
[ACTIVITY] PLUMETRY status=PASSIVE metrics={"status": "PASSIVE", "quote_volume": 17934440.38, "range_15m_pct": 0.0, "atr_pct": 0.2115, "volume_ratio": 0.0, "spread_pct": 0.1741, "checks": {"quote_volume": true, "range_15m": false, "atr": true, "volume_ratio": false, "spread": true}, "reason": "movement_or_liquidity_below_threshold"}
[ACTIVITY] PNUTTRY status=PASSIVE metrics={"status": "PASSIVE", "quote_volume": 23208162.17, "range_15m_pct": 0.4975, "atr_pct": 0.2132, "volume_ratio": 13.7676, "spread_pct": 0.4963, "checks": {"quote_volume": true, "range_15m": true, "atr": true, "volume_ratio": true, "spread": false}, "reason": "movement_or_liquidity_below_threshold"}
[ACTIVITY] PSGTRY status=PASSIVE metrics={"status": "PASSIVE", "quote_volume": 3506623.92, "range_15m_pct": 0.0, "atr_pct": 0.0259, "volume_ratio": 0.0, "spread_pct": 0.3222, "checks": {"quote_volume": true, "range_15m": false, "atr": false, "volume_ratio": false, "spread": false}, "reason": "movement_or_liquidity_below_threshold"}
[ACTIVITY] PUMPTRY status=PASSIVE metrics={"status": "PASSIVE", "quote_volume": 97960775.77, "range_15m_pct": 0.8468, "atr_pct": 0.5149, "volume_ratio": 0.0816, "spread_pct": 0.0764, "checks": {"quote_volume": true, "range_15m": true, "atr": true, "volume_ratio": false, "spread": true}, "reason": "movement_or_liquidity_below_threshold"}
[ACTIVITY] PYTHTRY status=PASSIVE metrics={"status": "PASSIVE", "quote_volume": 9376357.87, "range_15m_pct": 0.345, "atr_pct": 0.3309, "volume_ratio": 0.0478, "spread_pct": 0.1478, "checks": {"quote_volume": true, "range_15m": true, "atr": true, "volume_ratio": false, "spread": true}, "reason": "movement_or_liquidity_below_threshold"}
[ACTIVITY] RADTRY status=PASSIVE metrics={"status": "PASSIVE", "quote_volume": 109238124.73, "range_15m_pct": 6.8644, "atr_pct": 2.6067, "volume_ratio": 1.6562, "spread_pct": 0.3367, "checks": {"quote_volume": true, "range_15m": true, "atr": true, "volume_ratio": true, "spread": false}, "reason": "movement_or_liquidity_below_threshold"}
[ACTIVITY] REDTRY status=PASSIVE metrics={"status": "PASSIVE", "quote_volume": 3388681.0, "range_15m_pct": 0.0, "atr_pct": 0.1196, "volume_ratio": 0.159, "spread_pct": 0.2395, "checks": {"quote_volume": true, "range_15m": false, "atr": false, "volume_ratio": false, "spread": true}, "reason": "movement_or_liquidity_below_threshold"}
[ACTIVITY] RENDERTRY status=ACTIVE metrics={"status": "ACTIVE", "quote_volume": 19568126.03, "range_15m_pct": 0.5034, "atr_pct": 0.2273, "volume_ratio": 2.7699, "spread_pct": 0.1674, "checks": {"quote_volume": true, "range_15m": true, "atr": true, "volume_ratio": true, "spread": true}, "reason": "active"}
[ACTIVITY] RETRY status=ACTIVE metrics={"status": "ACTIVE", "quote_volume": 134800063.79, "range_15m_pct": 0.4592, "atr_pct": 0.4876, "volume_ratio": 0.5166, "spread_pct": 0.0509, "checks": {"quote_volume": true, "range_15m": true, "atr": true, "volume_ratio": true, "spread": true}, "reason": "active"}
[ACTIVITY] REZTRY status=PASSIVE metrics={"status": "PASSIVE", "quote_volume": 19841631.08, "range_15m_pct": 0.7299, "atr_pct": 0.2174, "volume_ratio": 0.0418, "spread_pct": 0.0724, "checks": {"quote_volume": true, "range_15m": true, "atr": true, "volume_ratio": false, "spread": true}, "reason": "movement_or_liquidity_below_threshold"}
[ACTIVITY] RVNTRY status=PASSIVE metrics={"status": "PASSIVE", "quote_volume": 5779826.44, "range_15m_pct": 0.0, "atr_pct": 0.1108, "volume_ratio": 0.0, "spread_pct": 0.2391, "checks": {"quote_volume": true, "range_15m": false, "atr": false, "volume_ratio": false, "spread": true}, "reason": "movement_or_liquidity_below_threshold"}
[ACTIVITY] SCRTRY status=PASSIVE metrics={"status": "PASSIVE", "quote_volume": 15252710.92, "range_15m_pct": 0.2846, "atr_pct": 0.1284, "volume_ratio": 0.5917, "spread_pct": 0.0947, "checks": {"quote_volume": true, "range_15m": true, "atr": false, "volume_ratio": true, "spread": true}, "reason": "movement_or_liquidity_below_threshold"}
[ACTIVITY] SHIBTRY status=ACTIVE metrics={"status": "ACTIVE", "quote_volume": 38210302.44, "range_15m_pct": 0.4673, "atr_pct": 0.1801, "volume_ratio": 1.2505, "spread_pct": 0.0467, "checks": {"quote_volume": true, "range_15m": true, "atr": true, "volume_ratio": true, "spread": true}, "reason": "active"}
[ACTIVITY] SPELLTRY status=PASSIVE metrics={"status": "PASSIVE", "quote_volume": 8859163.33, "range_15m_pct": 0.0, "atr_pct": 0.038, "volume_ratio": 0.0, "spread_pct": 0.2656, "checks": {"quote_volume": true, "range_15m": false, "atr": false, "volume_ratio": false, "spread": true}, "reason": "movement_or_liquidity_below_threshold"}
[ACTIVITY] SPKTRY status=PASSIVE metrics={"status": "PASSIVE", "quote_volume": 3033589.2, "range_15m_pct": 0.0, "atr_pct": 0.0702, "volume_ratio": 0.0, "spread_pct": 0.1009, "checks": {"quote_volume": true, "range_15m": false, "atr": false, "volume_ratio": false, "spread": true}, "reason": "movement_or_liquidity_below_threshold"}
[ACTIVITY] STOTRY status=PASSIVE metrics={"status": "PASSIVE", "quote_volume": 32780637.62, "range_15m_pct": 0.5222, "atr_pct": 0.2088, "volume_ratio": 0.3003, "spread_pct": 0.0522, "checks": {"quote_volume": true, "range_15m": true, "atr": true, "volume_ratio": false, "spread": true}, "reason": "movement_or_liquidity_below_threshold"}
[ACTIVITY] STXTRY status=PASSIVE metrics={"status": "PASSIVE", "quote_volume": 2395743.31, "range_15m_pct": 0.0, "atr_pct": 0.0805, "volume_ratio": 0.0, "spread_pct": 0.1606, "checks": {"quote_volume": true, "range_15m": false, "atr": false, "volume_ratio": false, "spread": true}, "reason": "movement_or_liquidity_below_threshold"}
[ACTIVITY] SUITRY status=PASSIVE metrics={"status": "PASSIVE", "quote_volume": 18106551.56, "range_15m_pct": 0.1225, "atr_pct": 0.0852, "volume_ratio": 0.0007, "spread_pct": 0.0306, "checks": {"quote_volume": true, "range_15m": false, "atr": false, "volume_ratio": false, "spread": true}, "reason": "movement_or_liquidity_below_threshold"}
[ACTIVITY] SUNTRY status=PASSIVE metrics={"status": "PASSIVE", "quote_volume": 232986.23, "range_15m_pct": 0.0, "atr_pct": 0.0116, "volume_ratio": 0.0, "spread_pct": 0.081, "checks": {"quote_volume": false, "range_15m": false, "atr": false, "volume_ratio": false, "spread": true}, "reason": "movement_or_liquidity_below_threshold"}
[ACTIVITY] SXTTRY status=PASSIVE metrics={"status": "PASSIVE", "quote_volume": 7118647.08, "range_15m_pct": 0.7876, "atr_pct": 0.4074, "volume_ratio": 0.0252, "spread_pct": 0.7306, "checks": {"quote_volume": true, "range_15m": true, "atr": true, "volume_ratio": false, "spread": false}, "reason": "movement_or_liquidity_below_threshold"}
[ACTIVITY] SYRUPTRY status=PASSIVE metrics={"status": "PASSIVE", "quote_volume": 2025483.93, "range_15m_pct": 0.1535, "atr_pct": 0.0518, "volume_ratio": 0.0, "spread_pct": 0.1116, "checks": {"quote_volume": true, "range_15m": true, "atr": false, "volume_ratio": false, "spread": true}, "reason": "movement_or_liquidity_below_threshold"}
[ACTIVITY] TAOTRY status=PASSIVE metrics={"status": "PASSIVE", "quote_volume": 14627697.05, "range_15m_pct": 0.0738, "atr_pct": 0.0715, "volume_ratio": 0.0, "spread_pct": 0.0422, "checks": {"quote_volume": true, "range_15m": false, "atr": false, "volume_ratio": false, "spread": true}, "reason": "movement_or_liquidity_below_threshold"}
[ACTIVITY] THETATRY status=PASSIVE metrics={"status": "PASSIVE", "quote_volume": 2733684.74, "range_15m_pct": 0.0, "atr_pct": 0.0705, "volume_ratio": 0.0, "spread_pct": 0.2685, "checks": {"quote_volume": true, "range_15m": false, "atr": false, "volume_ratio": false, "spread": true}, "reason": "movement_or_liquidity_below_threshold"}
[ACTIVITY] THETRY status=ACTIVE metrics={"status": "ACTIVE", "quote_volume": 164348555.9, "range_15m_pct": 2.1019, "atr_pct": 0.7709, "volume_ratio": 0.6274, "spread_pct": 0.1259, "checks": {"quote_volume": true, "range_15m": true, "atr": true, "volume_ratio": true, "spread": true}, "reason": "active"}
[ACTIVITY] TLMTRY status=PASSIVE metrics={"status": "PASSIVE", "quote_volume": 43586076.49, "range_15m_pct": 0.5277, "atr_pct": 0.3576, "volume_ratio": 0.3033, "spread_pct": 0.1317, "checks": {"quote_volume": true, "range_15m": true, "atr": true, "volume_ratio": false, "spread": true}, "reason": "movement_or_liquidity_below_threshold"}
[ACTIVITY] TOWNSTRY status=PASSIVE metrics={"status": "PASSIVE", "quote_volume": 16422435.78, "range_15m_pct": 1.6129, "atr_pct": 0.7429, "volume_ratio": 0.0, "spread_pct": 0.8032, "checks": {"quote_volume": true, "range_15m": true, "atr": true, "volume_ratio": false, "spread": false}, "reason": "movement_or_liquidity_below_threshold"}
[ACTIVITY] TRBTRY status=PASSIVE metrics={"status": "PASSIVE", "quote_volume": 1513925.49, "range_15m_pct": 0.0, "atr_pct": 0.011, "volume_ratio": 0.0, "spread_pct": 0.1535, "checks": {"quote_volume": true, "range_15m": false, "atr": false, "volume_ratio": false, "spread": true}, "reason": "movement_or_liquidity_below_threshold"}
[ACTIVITY] TREETRY status=PASSIVE metrics={"status": "PASSIVE", "quote_volume": 2982129.71, "range_15m_pct": 0.0, "atr_pct": 0.0, "volume_ratio": 0.0, "spread_pct": 0.5731, "checks": {"quote_volume": true, "range_15m": false, "atr": false, "volume_ratio": false, "spread": false}, "reason": "movement_or_liquidity_below_threshold"}
[ACTIVITY] TRUMPTRY status=PASSIVE metrics={"status": "PASSIVE", "quote_volume": 12919569.67, "range_15m_pct": 0.141, "atr_pct": 0.0905, "volume_ratio": 0.0015, "spread_pct": 0.1405, "checks": {"quote_volume": true, "range_15m": false, "atr": false, "volume_ratio": false, "spread": true}, "reason": "movement_or_liquidity_below_threshold"}
[ACTIVITY] TRXTRY status=PASSIVE metrics={"status": "PASSIVE", "quote_volume": 38825291.05, "range_15m_pct": 0.0381, "atr_pct": 0.024, "volume_ratio": 1.1553, "spread_pct": 0.0063, "checks": {"quote_volume": true, "range_15m": false, "atr": false, "volume_ratio": true, "spread": true}, "reason": "movement_or_liquidity_below_threshold"}
[ACTIVITY] TSTTRY status=ACTIVE metrics={"status": "ACTIVE", "quote_volume": 1012592199.29, "range_15m_pct": 4.829, "atr_pct": 1.8953, "volume_ratio": 2.0497, "spread_pct": 0.0978, "checks": {"quote_volume": true, "range_15m": true, "atr": true, "volume_ratio": true, "spread": true}, "reason": "active"}
[ACTIVITY] TURBOTRY status=PASSIVE metrics={"status": "PASSIVE", "quote_volume": 7786665.59, "range_15m_pct": 0.2506, "atr_pct": 0.179, "volume_ratio": 0.0, "spread_pct": 0.2503, "checks": {"quote_volume": true, "range_15m": true, "atr": true, "volume_ratio": false, "spread": true}, "reason": "movement_or_liquidity_below_threshold"}
[ACTIVITY] TURTLETRY status=PASSIVE metrics={"status": "PASSIVE", "quote_volume": 1750411.78, "range_15m_pct": 0.0, "atr_pct": 0.0339, "volume_ratio": 0.0, "spread_pct": 0.4728, "checks": {"quote_volume": true, "range_15m": false, "atr": false, "volume_ratio": false, "spread": false}, "reason": "movement_or_liquidity_below_threshold"}
[ACTIVITY] TWTTRY status=PASSIVE metrics={"status": "PASSIVE", "quote_volume": 1043155.04, "range_15m_pct": 0.0, "atr_pct": 0.0079, "volume_ratio": 0.0, "spread_pct": 0.1105, "checks": {"quote_volume": true, "range_15m": false, "atr": false, "volume_ratio": false, "spread": true}, "reason": "movement_or_liquidity_below_threshold"}
[ACTIVITY] USDTTRY status=PASSIVE metrics={"status": "PASSIVE", "quote_volume": 1414131940.11, "range_15m_pct": 0.021, "atr_pct": 0.0405, "volume_ratio": 1.2918, "spread_pct": 0.021, "checks": {"quote_volume": true, "range_15m": false, "atr": false, "volume_ratio": true, "spread": true}, "reason": "movement_or_liquidity_below_threshold"}
[ACTIVITY] USTCTRY status=PASSIVE metrics={"status": "PASSIVE", "quote_volume": 3214258.04, "range_15m_pct": 0.549, "atr_pct": 0.1056, "volume_ratio": 7.3727, "spread_pct": 0.0841, "checks": {"quote_volume": true, "range_15m": true, "atr": false, "volume_ratio": true, "spread": true}, "reason": "movement_or_liquidity_below_threshold"}
[ACTIVITY] VANATRY status=PASSIVE metrics={"status": "PASSIVE", "quote_volume": 3089048.75, "range_15m_pct": 0.4762, "atr_pct": 0.1185, "volume_ratio": 1.0601, "spread_pct": 0.2378, "checks": {"quote_volume": true, "range_15m": true, "atr": false, "volume_ratio": true, "spread": true}, "reason": "movement_or_liquidity_below_threshold"}
[ACTIVITY] VICTRY status=PASSIVE metrics={"status": "PASSIVE", "quote_volume": 239433119.04, "range_15m_pct": 7.0922, "atr_pct": 1.6779, "volume_ratio": 7.3449, "spread_pct": 0.692, "checks": {"quote_volume": true, "range_15m": true, "atr": true, "volume_ratio": true, "spread": false}, "reason": "movement_or_liquidity_below_threshold"}
[ACTIVITY] WLDTRY status=ACTIVE metrics={"status": "ACTIVE", "quote_volume": 190554219.25, "range_15m_pct": 0.7398, "atr_pct": 0.5086, "volume_ratio": 0.7404, "spread_pct": 0.0616, "checks": {"quote_volume": true, "range_15m": true, "atr": true, "volume_ratio": true, "spread": true}, "reason": "active"}
[ACTIVITY] WLFITRY status=ACTIVE metrics={"status": "ACTIVE", "quote_volume": 10817617.48, "range_15m_pct": 0.8327, "atr_pct": 0.215, "volume_ratio": 0.8275, "spread_pct": 0.075, "checks": {"quote_volume": true, "range_15m": true, "atr": true, "volume_ratio": true, "spread": true}, "reason": "active"}
[ACTIVITY] WTRY status=PASSIVE metrics={"status": "PASSIVE", "quote_volume": 6397072.65, "range_15m_pct": 0.0, "atr_pct": 0.0573, "volume_ratio": 0.0, "spread_pct": 0.1251, "checks": {"quote_volume": true, "range_15m": false, "atr": false, "volume_ratio": false, "spread": true}, "reason": "movement_or_liquidity_below_threshold"}
[ACTIVITY] XPLTRY status=PASSIVE metrics={"status": "PASSIVE", "quote_volume": 9945997.02, "range_15m_pct": 0.3972, "atr_pct": 0.2657, "volume_ratio": 0.1024, "spread_pct": 0.0526, "checks": {"quote_volume": true, "range_15m": true, "atr": true, "volume_ratio": false, "spread": true}, "reason": "movement_or_liquidity_below_threshold"}
[ACTIVITY] ZKTRY status=PASSIVE metrics={"status": "PASSIVE", "quote_volume": 13162562.76, "range_15m_pct": 0.0, "atr_pct": 0.152, "volume_ratio": 0.2637, "spread_pct": 0.2656, "checks": {"quote_volume": true, "range_15m": false, "atr": true, "volume_ratio": false, "spread": true}, "reason": "movement_or_liquidity_below_threshold"}
[ACTIVITY] ZROTRY status=PASSIVE metrics={"status": "PASSIVE", "quote_volume": 13498539.73, "range_15m_pct": 0.0, "atr_pct": 0.1043, "volume_ratio": 0.0, "spread_pct": 0.2442, "checks": {"quote_volume": true, "range_15m": false, "atr": false, "volume_ratio": false, "spread": true}, "reason": "movement_or_liquidity_below_threshold"}
[SIGNAL] 2026-08-10T00:44:59+00:00 BBTRY BUY fill_at=2026-08-10T00:49:59+00:00 features={"close": 0.7091, "bb_lower": 0.7108708808765806, "bb_upper": 0.7487957857900859, "rsi": 35.339209281466154, "mfi": null, "atr": 0.007471428571428558}
[ENTRY] 2026-08-10T00:49:59+00:00 BBTRY layer=1 value=1000.00 entry=0.71003213 cash=8998.50
[SIGNAL] 2026-08-10T00:44:59+00:00 TSTTRY BUY fill_at=2026-08-10T00:49:59+00:00 features={"close": 0.907, "bb_lower": 0.9290387960229183, "bb_upper": 1.1097231087389867, "rsi": 31.693159559231688, "mfi": null, "atr": 0.043214285714285754}
[ENTRY] 2026-08-10T00:49:59+00:00 TSTTRY layer=1 value=999.78 entry=0.91168325 cash=7997.23
[SCAN] 2026-08-10T00:49:59+00:00 symbols=121 signals=2 entries=2 exits=0 blocked=0 open=2 cash=7997.23 equity=10000.98
[SCAN] 2026-08-10T00:54:59+00:00 symbols=121 signals=0 entries=0 exits=0 blocked=0 open=2 cash=7997.23 equity=9998.55
[SCAN] 2026-08-10T00:59:59+00:00 symbols=121 signals=0 entries=0 exits=0 blocked=0 open=2 cash=7997.23 equity=10003.48
[SIGNAL] 2026-08-10T00:59:59+00:00 ACTTRY BUY fill_at=2026-08-10T01:04:59+00:00 features={"close": 0.5254, "bb_lower": 0.5266163795395453, "bb_upper": 0.5389169537937877, "rsi": 43.18884942431206, "mfi": null, "atr": 0.004921428571428569}
[ENTRY] 2026-08-10T01:04:59+00:00 ACTTRY layer=1 value=1002.02 entry=0.52499345 cash=6993.71
[SCAN] 2026-08-10T01:04:59+00:00 symbols=121 signals=1 entries=1 exits=0 blocked=0 open=3 cash=6993.71 equity=10024.20
[SIGNAL] 2026-08-10T01:04:59+00:00 DODOTRY BUY fill_at=2026-08-10T01:09:59+00:00 features={"close": 0.9458, "bb_lower": 0.9474657420740776, "bb_upper": 0.9603914007830651, "rsi": 34.191476400506005, "mfi": null, "atr": 0.004578571428571424}
[ENTRY] 2026-08-10T01:09:59+00:00 DODOTRY layer=1 value=1001.67 entry=0.94831070 cash=5990.53
[SCAN] 2026-08-10T01:09:59+00:00 symbols=121 signals=1 entries=1 exits=0 blocked=0 open=4 cash=5990.53 equity=10014.57
[SIGNAL] 2026-08-10T01:09:59+00:00 ALTTRY BUY fill_at=2026-08-10T01:14:59+00:00 features={"close": 0.287, "bb_lower": 0.2871145658532592, "bb_upper": 0.2900282912895979, "rsi": 36.271349396461666, "mfi": null, "atr": 0.0005714285714285719}
[ENTRY] 2026-08-10T01:14:59+00:00 ALTTRY layer=1 value=1002.15 entry=0.28821600 cash=4986.88
[SIGNAL] 2026-08-10T01:09:59+00:00 NEIROTRY BUY fill_at=2026-08-10T01:14:59+00:00 features={"close": 0.00356, "bb_lower": 0.003561622331780051, "bb_upper": 0.003683139572981854, "rsi": 36.19415576763307, "mfi": null, "atr": 3.2142857142857225e-05}
[ENTRY] 2026-08-10T01:14:59+00:00 NEIROTRY layer=1 value=1001.93 entry=0.00356267 cash=3983.44
[SCAN] 2026-08-10T01:14:59+00:00 symbols=121 signals=2 entries=2 exits=0 blocked=0 open=6 cash=3983.44 equity=10011.41
[SIGNAL] 2026-08-10T01:14:59+00:00 NEIROTRY BUY fill_at=2026-08-10T01:19:59+00:00 features={"close": 0.00354, "bb_lower": 0.0035480968578094746, "bb_upper": 0.003688093618381002, "rsi": 33.12226630475054, "mfi": null, "atr": 3.285714285714291e-05}
[ENTRY] 2026-08-10T01:19:59+00:00 NEIROTRY layer=2 value=1002.59 entry=0.00356267 cash=2979.35
[SIGNAL] 2026-08-10T01:14:59+00:00 RETRY BUY fill_at=2026-08-10T01:19:59+00:00 features={"close": 19.14, "bb_lower": 19.180054203481095, "bb_upper": 19.552326748899855, "rsi": 35.14694406882741, "mfi": null, "atr": 0.10071428571428573}
[ENTRY] 2026-08-10T01:19:59+00:00 RETRY layer=1 value=1002.37 entry=19.15435500 cash=1975.48
[SIGNAL] 2026-08-10T01:14:59+00:00 VICTRY BUY fill_at=2026-08-10T01:19:59+00:00 features={"close": 1.31, "bb_lower": 1.3181000976877792, "bb_upper": 1.3647570451693636, "rsi": 34.55825320951814, "mfi": null, "atr": 0.008571428571428579}
[ENTRY] 2026-08-10T01:19:59+00:00 VICTRY layer=1 value=1002.24 entry=1.31098250 cash=971.73
[SCAN] 2026-08-10T01:19:59+00:00 symbols=121 signals=3 entries=3 exits=0 blocked=0 open=8 cash=971.73 equity=10012.54
[SIGNAL] 2026-08-10T01:19:59+00:00 VICTRY BUY fill_at=2026-08-10T01:24:59+00:00 features={"close": 1.3, "bb_lower": 1.3110501254217701, "bb_upper": 1.36894987457823, "rsi": 31.481392994150823, "mfi": null, "atr": 0.007857142857142865}
[ENTRY] 2026-08-10T01:24:59+00:00 VICTRY layer=2 value=970.28 entry=1.30097500 cash=0.00
[SCAN] 2026-08-10T01:24:59+00:00 symbols=121 signals=1 entries=1 exits=0 blocked=0 open=8 cash=0.00 equity=9979.82
[SIGNAL] 2026-08-10T01:24:59+00:00 VICTRY BUY fill_at=2026-08-10T01:29:59+00:00 features={"close": 1.3, "bb_lower": 1.304435711637744, "bb_upper": 1.3708023836003513, "rsi": 31.481392994150823, "mfi": null, "atr": 0.00714285714285715}
[BLOCKED] VICTRY reason=max_layers
[SCAN] 2026-08-10T01:29:59+00:00 symbols=121 signals=1 entries=0 exits=0 blocked=1 open=8 cash=0.00 equity=10005.13
[SCAN] 2026-08-10T01:34:59+00:00 symbols=121 signals=0 entries=0 exits=0 blocked=0 open=8 cash=0.00 equity=10035.97
[SCAN] 2026-08-10T01:39:59+00:00 symbols=121 signals=0 entries=0 exits=0 blocked=0 open=8 cash=0.00 equity=10086.77
[EXIT] 2026-08-10T01:44:59+00:00 ACTTRY reason=bb_mfi_v3_signal_exit pnl=+49.96 cash=1053.48
[SIGNAL] 2026-08-10T01:39:59+00:00 ALTTRY BUY fill_at=2026-08-10T01:44:59+00:00 features={"close": 0.286, "bb_lower": 0.286480958348261, "bb_upper": 0.2902809464136438, "rsi": 32.72151681930731, "mfi": null, "atr": 0.0005714285714285719}
[ENTRY] 2026-08-10T01:44:59+00:00 ALTTRY layer=2 value=1009.15 entry=0.28621450 cash=42.81
[SCAN] 2026-08-10T01:44:59+00:00 symbols=121 signals=1 entries=1 exits=1 blocked=0 open=7 cash=42.81 equity=10089.24
[SIGNAL] 2026-08-10T01:44:59+00:00 ALTTRY BUY fill_at=2026-08-10T01:49:59+00:00 features={"close": 0.286, "bb_lower": 0.286134935277974, "bb_upper": 0.2904364932934545, "rsi": 32.72151681930731, "mfi": null, "atr": 0.0005714285714285719}
[BLOCKED] ALTTRY reason=max_layers
[SCAN] 2026-08-10T01:49:59+00:00 symbols=121 signals=1 entries=0 exits=0 blocked=1 open=7 cash=42.81 equity=10047.01
[SIGNAL] 2026-08-10T01:49:59+00:00 WTRY BUY fill_at=2026-08-10T01:54:59+00:00 features={"close": 0.404, "bb_lower": 0.40460546761422994, "bb_upper": 0.40666119905243675, "rsi": 37.12560125545582, "mfi": null, "atr": 0.0001285714285714263}
[BLOCKED] WTRY reason=insufficient_cash order=42.75 cash=42.81
[SCAN] 2026-08-10T01:54:59+00:00 symbols=121 signals=1 entries=0 exits=0 blocked=1 open=7 cash=42.81 equity=10064.99
[SIGNAL] 2026-08-10T01:54:59+00:00 BOMETRY BUY fill_at=2026-08-10T01:59:59+00:00 features={"close": 0.03891, "bb_lower": 0.03917259344054688, "bb_upper": 0.041632168464215025, "rsi": 35.16322818786644, "mfi": null, "atr": 0.0007599999999999993}
[BLOCKED] BOMETRY reason=insufficient_cash order=42.75 cash=42.81
[SIGNAL] 2026-08-10T01:54:59+00:00 PUMPTRY BUY fill_at=2026-08-10T01:59:59+00:00 features={"close": 0.1287, "bb_lower": 0.1287255257575074, "bb_upper": 0.13349352186154023, "rsi": 41.95553267266384, "mfi": null, "atr": 0.001285714285714289}
[BLOCKED] PUMPTRY reason=insufficient_cash order=42.75 cash=42.81
[SIGNAL] 2026-08-10T01:54:59+00:00 TRXTRY BUY fill_at=2026-08-10T01:59:59+00:00 features={"close": 15.712, "bb_lower": 15.716683602084736, "bb_upper": 15.748935445534308, "rsi": 38.717188384654094, "mfi": null, "atr": 0.006285714285714101}
[BLOCKED] TRXTRY reason=insufficient_cash order=42.75 cash=42.81
[SIGNAL] 2026-08-10T01:54:59+00:00 WTRY BUY fill_at=2026-08-10T01:59:59+00:00 features={"close": 0.404, "bb_lower": 0.4045718147423482, "bb_upper": 0.4066853281147947, "rsi": 37.12560125545581, "mfi": null, "atr": 0.0001285714285714263}
[BLOCKED] WTRY reason=insufficient_cash order=42.75 cash=42.81
[SCAN] 2026-08-10T01:59:59+00:00 symbols=121 signals=4 entries=0 exits=0 blocked=4 open=7 cash=42.81 equity=10023.50
[SIGNAL] 2026-08-10T01:59:59+00:00 MEMETRY BUY fill_at=2026-08-10T02:04:59+00:00 features={"close": 0.0257, "bb_lower": 0.025758837428430045, "bb_upper": 0.026345924476331852, "rsi": 37.00017007933791, "mfi": null, "atr": 9.99999999999999e-05}
[BLOCKED] MEMETRY reason=insufficient_cash order=42.75 cash=42.81
[SIGNAL] 2026-08-10T01:59:59+00:00 TLMTRY BUY fill_at=2026-08-10T02:04:59+00:00 features={"close": 0.0765, "bb_lower": 0.07654009037974083, "bb_upper": 0.07758371914406867, "rsi": 36.48948353404838, "mfi": null, "atr": 0.00016428571428571504}
[BLOCKED] TLMTRY reason=insufficient_cash order=42.75 cash=42.81
[SIGNAL] 2026-08-10T01:59:59+00:00 USDTTRY BUY fill_at=2026-08-10T02:04:59+00:00 features={"close": 47.56, "bb_lower": 47.568988153253564, "bb_upper": 47.63005946579407, "rsi": 31.426810052614144, "mfi": null, "atr": 0.01642857142857019}
[BLOCKED] USDTTRY reason=insufficient_cash order=42.75 cash=42.81
[SIGNAL] 2026-08-10T01:59:59+00:00 WTRY BUY fill_at=2026-08-10T02:04:59+00:00 features={"close": 0.404, "bb_lower": 0.40428311956085444, "bb_upper": 0.40680259472485997, "rsi": 37.12560125545582, "mfi": null, "atr": 0.0001285714285714263}
[BLOCKED] WTRY reason=insufficient_cash order=42.75 cash=42.81
[SCAN] 2026-08-10T02:04:59+00:00 symbols=121 signals=4 entries=0 exits=0 blocked=4 open=7 cash=42.81 equity=10030.72
[SIGNAL] 2026-08-10T02:04:59+00:00 AIXBTTRY BUY fill_at=2026-08-10T02:09:59+00:00 features={"close": 0.95, "bb_lower": 0.9516136490982469, "bb_upper": 0.9701006366160388, "rsi": 40.90950296667054, "mfi": null, "atr": 0.004928571428571433}
[BLOCKED] AIXBTTRY reason=insufficient_cash order=42.75 cash=42.81
[SIGNAL] 2026-08-10T02:04:59+00:00 CATITRY BUY fill_at=2026-08-10T02:09:59+00:00 features={"close": 2.155, "bb_lower": 2.155658136363598, "bb_upper": 2.2191990064935445, "rsi": 39.90168260794064, "mfi": null, "atr": 0.0176428571428572}
[BLOCKED] CATITRY reason=insufficient_cash order=42.75 cash=42.81
[SIGNAL] 2026-08-10T02:04:59+00:00 FLOKITRY BUY fill_at=2026-08-10T02:09:59+00:00 features={"close": 0.001022, "bb_lower": 0.0010225450412399573, "bb_upper": 0.001032883530188614, "rsi": 40.50055127783134, "mfi": null, "atr": 2.49999999999996e-06}
[BLOCKED] FLOKITRY reason=insufficient_cash order=42.75 cash=42.81
[SIGNAL] 2026-08-10T02:04:59+00:00 GUNTRY BUY fill_at=2026-08-10T02:09:59+00:00 features={"close": 0.154, "bb_lower": 0.15408049922798306, "bb_upper": 0.1576337864863026, "rsi": 35.69983223061965, "mfi": null, "atr": 0.0005714285714285719}
[BLOCKED] GUNTRY reason=insufficient_cash order=42.75 cash=42.81
[SIGNAL] 2026-08-10T02:04:59+00:00 MEMETRY BUY fill_at=2026-08-10T02:09:59+00:00 features={"close": 0.0255, "bb_lower": 0.025648856767904193, "bb_upper": 0.026398762279714844, "rsi": 31.2667049633029, "mfi": null, "atr": 0.00010000000000000014}
[BLOCKED] MEMETRY reason=insufficient_cash order=42.75 cash=42.81
[SIGNAL] 2026-08-10T02:04:59+00:00 TURBOTRY BUY fill_at=2026-08-10T02:09:59+00:00 features={"close": 0.0418, "bb_lower": 0.041831648432988186, "bb_upper": 0.042425494424154664, "rsi": 40.40534540164032, "mfi": null, "atr": 0.00012857142857142977}
[BLOCKED] TURBOTRY reason=insufficient_cash order=42.75 cash=42.81
[SIGNAL] 2026-08-10T02:04:59+00:00 VANATRY BUY fill_at=2026-08-10T02:09:59+00:00 features={"close": 41.2, "bb_lower": 41.206471351660106, "bb_upper": 41.53638579119703, "rsi": 40.083365993206435, "mfi": null, "atr": 0.07857142857142817}
[BLOCKED] VANATRY reason=insufficient_cash order=42.75 cash=42.81
[SIGNAL] 2026-08-10T02:04:59+00:00 WLFITRY BUY fill_at=2026-08-10T02:09:59+00:00 features={"close": 2.521, "bb_lower": 2.525523971495233, "bb_upper": 2.5395236475523855, "rsi": 35.149041303649895, "mfi": null, "atr": 0.003214285714285741}
[BLOCKED] WLFITRY reason=insufficient_cash order=42.75 cash=42.81
[SIGNAL] 2026-08-10T02:04:59+00:00 WTRY BUY fill_at=2026-08-10T02:09:59+00:00 features={"close": 0.404, "bb_lower": 0.4040435066426454, "bb_upper": 0.4068707790716403, "rsi": 37.12560125545582, "mfi": null, "atr": 0.0001285714285714263}
[BLOCKED] WTRY reason=insufficient_cash order=42.75 cash=42.81
[SCAN] 2026-08-10T02:09:59+00:00 symbols=121 signals=9 entries=0 exits=0 blocked=9 open=7 cash=42.81 equity=10058.24
[SIGNAL] 2026-08-10T02:09:59+00:00 AIXBTTRY BUY fill_at=2026-08-10T02:14:59+00:00 features={"close": 0.939, "bb_lower": 0.9466702169314747, "bb_upper": 0.972853592592335, "rsi": 33.718892683595186, "mfi": null, "atr": 0.005214285714285719}
[BLOCKED] AIXBTTRY reason=insufficient_cash order=42.75 cash=42.81
[SIGNAL] 2026-08-10T02:09:59+00:00 ALPINETRY BUY fill_at=2026-08-10T02:14:59+00:00 features={"close": 16.02, "bb_lower": 16.047568163248698, "bb_upper": 16.185765170084636, "rsi": 37.274503226044885, "mfi": null, "atr": 0.02428571428571377}
[BLOCKED] ALPINETRY reason=insufficient_cash order=42.75 cash=42.81
[SIGNAL] 2026-08-10T02:09:59+00:00 BABYTRY BUY fill_at=2026-08-10T02:14:59+00:00 features={"close": 0.629, "bb_lower": 0.630215014653167, "bb_upper": 0.6372135567754046, "rsi": 43.68456785593317, "mfi": null, "atr": 0.0017142857142857157}
[BLOCKED] BABYTRY reason=insufficient_cash order=42.75 cash=42.81
[SIGNAL] 2026-08-10T02:09:59+00:00 FLOKITRY BUY fill_at=2026-08-10T02:14:59+00:00 features={"close": 0.001021, "bb_lower": 0.0010222741380316602, "bb_upper": 0.0010330591953016733, "rsi": 38.835566517273605, "mfi": null, "atr": 2.3571428571428294e-06}
[BLOCKED] FLOKITRY reason=insufficient_cash order=42.75 cash=42.81
[SIGNAL] 2026-08-10T02:09:59+00:00 MEMETRY BUY fill_at=2026-08-10T02:14:59+00:00 features={"close": 0.0255, "bb_lower": 0.025570618235426987, "bb_upper": 0.026438905574096817, "rsi": 31.2667049633029, "mfi": null, "atr": 7.857142857142884e-05}
[BLOCKED] MEMETRY reason=insufficient_cash order=42.75 cash=42.81
[SIGNAL] 2026-08-10T02:09:59+00:00 NEIROTRY BUY fill_at=2026-08-10T02:14:59+00:00 features={"close": 0.0035, "bb_lower": 0.0035044158262597797, "bb_upper": 0.003659393697549745, "rsi": 34.371237962248955, "mfi": null, "atr": 3.285714285714279e-05}
[BLOCKED] NEIROTRY reason=max_layers
[SIGNAL] 2026-08-10T02:09:59+00:00 PNUTTRY BUY fill_at=2026-08-10T02:14:59+00:00 features={"close": 2.02, "bb_lower": 2.023393802862284, "bb_upper": 2.0870823876139055, "rsi": 32.63128314537995, "mfi": null, "atr": 0.0071428571428571175}
[BLOCKED] PNUTTRY reason=insufficient_cash order=42.75 cash=42.81
[SIGNAL] 2026-08-10T02:09:59+00:00 TURBOTRY BUY fill_at=2026-08-10T02:14:59+00:00 features={"close": 0.0416, "bb_lower": 0.041729671960090975, "bb_upper": 0.04247032803990902, "rsi": 35.569088846423426, "mfi": null, "atr": 0.00013571428571428662}
[BLOCKED] TURBOTRY reason=insufficient_cash order=42.75 cash=42.81
[SIGNAL] 2026-08-10T02:09:59+00:00 WLFITRY BUY fill_at=2026-08-10T02:14:59+00:00 features={"close": 2.521, "bb_lower": 2.5233991948336123, "bb_upper": 2.5404103289759106, "rsi": 35.149041303649895, "mfi": null, "atr": 0.003214285714285741}
[BLOCKED] WLFITRY reason=insufficient_cash order=42.75 cash=42.81
[SCAN] 2026-08-10T02:14:59+00:00 symbols=121 signals=9 entries=0 exits=0 blocked=9 open=7 cash=42.81 equity=10094.80
[SIGNAL] 2026-08-10T02:14:59+00:00 AIXBTTRY BUY fill_at=2026-08-10T02:19:59+00:00 features={"close": 0.935, "bb_lower": 0.942060694884915, "bb_upper": 0.974129781305561, "rsi": 31.535317411359898, "mfi": null, "atr": 0.005071428571428568}
[BLOCKED] AIXBTTRY reason=insufficient_cash order=42.75 cash=42.81
[SIGNAL] 2026-08-10T02:14:59+00:00 ALPINETRY BUY fill_at=2026-08-10T02:19:59+00:00 features={"close": 16.01, "bb_lower": 16.03051227379776, "bb_upper": 16.187582964297476, "rsi": 36.04639422776166, "mfi": null, "atr": 0.024999999999999595}
[BLOCKED] ALPINETRY reason=insufficient_cash order=42.75 cash=42.81
[SIGNAL] 2026-08-10T02:14:59+00:00 FLOKITRY BUY fill_at=2026-08-10T02:19:59+00:00 features={"close": 0.001021, "bb_lower": 0.0010214724123762003, "bb_upper": 0.001033479968576181, "rsi": 38.835566517273605, "mfi": null, "atr": 2.285714285714264e-06}
[BLOCKED] FLOKITRY reason=insufficient_cash order=42.75 cash=42.81
[SIGNAL] 2026-08-10T02:14:59+00:00 TRXTRY BUY fill_at=2026-08-10T02:19:59+00:00 features={"close": 15.701, "bb_lower": 15.705099848368656, "bb_upper": 15.752804913536105, "rsi": 33.76180154943613, "mfi": null, "atr": 0.006642857142857268}
[BLOCKED] TRXTRY reason=insufficient_cash order=42.75 cash=42.81
[SIGNAL] 2026-08-10T02:14:59+00:00 TURBOTRY BUY fill_at=2026-08-10T02:19:59+00:00 features={"close": 0.0416, "bb_lower": 0.04166580175838002, "bb_upper": 0.04250562681304854, "rsi": 35.569088846423426, "mfi": null, "atr": 0.00012142857142857243}
[BLOCKED] TURBOTRY reason=insufficient_cash order=42.75 cash=42.81
[SIGNAL] 2026-08-10T02:14:59+00:00 WLFITRY BUY fill_at=2026-08-10T02:19:59+00:00 features={"close": 2.521, "bb_lower": 2.5216658456834673, "bb_upper": 2.5410008209831996, "rsi": 35.149041303649895, "mfi": null, "atr": 0.0028571428571428914}
[BLOCKED] WLFITRY reason=insufficient_cash order=42.75 cash=42.81
[SCAN] 2026-08-10T02:19:59+00:00 symbols=121 signals=6 entries=0 exits=0 blocked=6 open=7 cash=42.81 equity=10079.98
[SIGNAL] 2026-08-10T02:19:59+00:00 1MBABYDOGETRY BUY fill_at=2026-08-10T02:24:59+00:00 features={"close": 0.0169, "bb_lower": 0.016970416148441362, "bb_upper": 0.017510536232511028, "rsi": 33.84852089874731, "mfi": null, "atr": 8.214285714285776e-05}
[BLOCKED] 1MBABYDOGETRY reason=insufficient_cash order=42.75 cash=42.81
[SIGNAL] 2026-08-10T02:19:59+00:00 ALLOTRY BUY fill_at=2026-08-10T02:24:59+00:00 features={"close": 14.31, "bb_lower": 14.357423636391967, "bb_upper": 14.63495731598898, "rsi": 39.55613482058851, "mfi": null, "atr": 0.13071428571428573}
[BLOCKED] ALLOTRY reason=insufficient_cash order=42.75 cash=42.81
[SIGNAL] 2026-08-10T02:19:59+00:00 BABYTRY BUY fill_at=2026-08-10T02:24:59+00:00 features={"close": 0.625, "bb_lower": 0.6279580531039517, "bb_upper": 0.6379467088008104, "rsi": 36.89216134389456, "mfi": null, "atr": 0.0017142857142857157}
[BLOCKED] BABYTRY reason=insufficient_cash order=42.75 cash=42.81
[SIGNAL] 2026-08-10T02:19:59+00:00 CRVTRY BUY fill_at=2026-08-10T02:24:59+00:00 features={"close": 11.33, "bb_lower": 11.341933453284984, "bb_upper": 11.499971308619777, "rsi": 40.3787788506296, "mfi": null, "atr": 0.03571428571428571}
[BLOCKED] CRVTRY reason=insufficient_cash order=42.75 cash=42.81
[SIGNAL] 2026-08-10T02:19:59+00:00 FLOKITRY BUY fill_at=2026-08-10T02:24:59+00:00 features={"close": 0.001017, "bb_lower": 0.0010194824108376657, "bb_upper": 0.0010344223510670963, "rsi": 32.55315212130739, "mfi": null, "atr": 2.42857142857141e-06}
[BLOCKED] FLOKITRY reason=insufficient_cash order=42.75 cash=42.81
[SIGNAL] 2026-08-10T02:19:59+00:00 METRY BUY fill_at=2026-08-10T02:24:59+00:00 features={"close": 2.964, "bb_lower": 2.965541623369878, "bb_upper": 2.9843631385348846, "rsi": 34.475696606711864, "mfi": null, "atr": 0.0034999999999999636}
[BLOCKED] METRY reason=insufficient_cash order=42.75 cash=42.81
[SIGNAL] 2026-08-10T02:19:59+00:00 NEIROTRY BUY fill_at=2026-08-10T02:24:59+00:00 features={"close": 0.00347, "bb_lower": 0.0034791328722460603, "bb_upper": 0.00365991474680156, "rsi": 31.88005600973368, "mfi": null, "atr": 3.285714285714279e-05}
[BLOCKED] NEIROTRY reason=max_layers
[SIGNAL] 2026-08-10T02:19:59+00:00 ORDITRY BUY fill_at=2026-08-10T02:24:59+00:00 features={"close": 168.5, "bb_lower": 168.69259902694844, "bb_upper": 170.95502002067056, "rsi": 38.32641799305929, "mfi": null, "atr": 0.5785714285714262}
[BLOCKED] ORDITRY reason=insufficient_cash order=42.75 cash=42.81
[SIGNAL] 2026-08-10T02:19:59+00:00 RENDERTRY BUY fill_at=2026-08-10T02:24:59+00:00 features={"close": 61.4, "bb_lower": 61.46095427813312, "bb_upper": 61.93904572186688, "rsi": 30.119677360077645, "mfi": null, "atr": 0.0857142857142844}
[BLOCKED] RENDERTRY reason=insufficient_cash order=42.75 cash=42.81
[SIGNAL] 2026-08-10T02:19:59+00:00 REZTRY BUY fill_at=2026-08-10T02:24:59+00:00 features={"close": 0.1443, "bb_lower": 0.14484619593344195, "bb_upper": 0.14854428025703426, "rsi": 33.93851536201879, "mfi": null, "atr": 0.0006571428571428542}
[BLOCKED] REZTRY reason=insufficient_cash order=42.75 cash=42.81
[SIGNAL] 2026-08-10T02:19:59+00:00 SPKTRY BUY fill_at=2026-08-10T02:24:59+00:00 features={"close": 0.6953, "bb_lower": 0.6954265698615952, "bb_upper": 0.7021353349003093, "rsi": 36.12595670294523, "mfi": null, "atr": 0.0013214285714285687}
[BLOCKED] SPKTRY reason=insufficient_cash order=42.75 cash=42.81
[SIGNAL] 2026-08-10T02:19:59+00:00 STOTRY BUY fill_at=2026-08-10T02:24:59+00:00 features={"close": 1.953, "bb_lower": 1.9544564168578427, "bb_upper": 1.9714483450469202, "rsi": 39.89523323273866, "mfi": null, "atr": 0.004499999999999981}
[BLOCKED] STOTRY reason=insufficient_cash order=42.75 cash=42.81
[SIGNAL] 2026-08-10T02:19:59+00:00 TAOTRY BUY fill_at=2026-08-10T02:24:59+00:00 features={"close": 9646.0, "bb_lower": 9651.285080731188, "bb_upper": 9762.238728792621, "rsi": 38.254989969559446, "mfi": null, "atr": 22.857142857142858}
[BLOCKED] TAOTRY reason=insufficient_cash order=42.75 cash=42.81
[SIGNAL] 2026-08-10T02:19:59+00:00 TURBOTRY BUY fill_at=2026-08-10T02:24:59+00:00 features={"close": 0.0414, "bb_lower": 0.04154110226546782, "bb_upper": 0.04256365963929407, "rsi": 31.18799836140022, "mfi": null, "atr": 0.00012142857142857243}
[BLOCKED] TURBOTRY reason=insufficient_cash order=42.75 cash=42.81
[SIGNAL] 2026-08-10T02:19:59+00:00 WLFITRY BUY fill_at=2026-08-10T02:24:59+00:00 features={"close": 2.518, "bb_lower": 2.519449766779749, "bb_upper": 2.5417883284583462, "rsi": 31.895249894302765, "mfi": null, "atr": 0.003071428571428614}
[BLOCKED] WLFITRY reason=insufficient_cash order=42.75 cash=42.81
[SCAN] 2026-08-10T02:24:59+00:00 symbols=121 signals=15 entries=0 exits=0 blocked=15 open=7 cash=42.81 equity=10042.70
[SIGNAL] 2026-08-10T02:24:59+00:00 1MBABYDOGETRY BUY fill_at=2026-08-10T02:29:59+00:00 features={"close": 0.01691, "bb_lower": 0.016920630991695933, "bb_upper": 0.01752984519878026, "rsi": 34.73794047832166, "mfi": null, "atr": 6.428571428571514e-05}
[BLOCKED] 1MBABYDOGETRY reason=insufficient_cash order=42.75 cash=42.81
[SIGNAL] 2026-08-10T02:24:59+00:00 ALPINETRY BUY fill_at=2026-08-10T02:29:59+00:00 features={"close": 15.97, "bb_lower": 15.977325773118851, "bb_upper": 16.20648375069067, "rsi": 33.8986451473086, "mfi": null, "atr": 0.029999999999999995}
[BLOCKED] ALPINETRY reason=insufficient_cash order=42.75 cash=42.81
[SIGNAL] 2026-08-10T02:24:59+00:00 BABYTRY BUY fill_at=2026-08-10T02:29:59+00:00 features={"close": 0.623, "bb_lower": 0.625909108156143, "bb_upper": 0.6389480347009999, "rsi": 33.89509357857125, "mfi": null, "atr": 0.0018571428571428589}
[BLOCKED] BABYTRY reason=insufficient_cash order=42.75 cash=42.81
[SIGNAL] 2026-08-10T02:24:59+00:00 METRY BUY fill_at=2026-08-10T02:29:59+00:00 features={"close": 2.964, "bb_lower": 2.9641229804556932, "bb_upper": 2.985019876687164, "rsi": 34.475696606711864, "mfi": null, "atr": 0.0032142857142856774}
[BLOCKED] METRY reason=insufficient_cash order=42.75 cash=42.81
[SIGNAL] 2026-08-10T02:24:59+00:00 REZTRY BUY fill_at=2026-08-10T02:29:59+00:00 features={"close": 0.1444, "bb_lower": 0.1445546208059509, "bb_upper": 0.14869299824166812, "rsi": 34.93842488686815, "mfi": null, "atr": 0.0006714285714285688}
[BLOCKED] REZTRY reason=insufficient_cash order=42.75 cash=42.81
[SIGNAL] 2026-08-10T02:24:59+00:00 TAOTRY BUY fill_at=2026-08-10T02:29:59+00:00 features={"close": 9646.0, "bb_lower": 9646.143772900828, "bb_upper": 9764.99908424203, "rsi": 38.254989969559446, "mfi": null, "atr": 19.857142857142858}
[BLOCKED] TAOTRY reason=insufficient_cash order=42.75 cash=42.81
[SCAN] 2026-08-10T02:29:59+00:00 symbols=121 signals=6 entries=0 exits=0 blocked=6 open=7 cash=42.81 equity=9989.89
[SIGNAL] 2026-08-10T02:29:59+00:00 API3TRY BUY fill_at=2026-08-10T02:34:59+00:00 features={"close": 9.19, "bb_lower": 9.208344274203057, "bb_upper": 9.296417630558842, "rsi": 31.00350446933608, "mfi": null, "atr": 0.01642857142857146}
[BLOCKED] API3TRY reason=insufficient_cash order=42.75 cash=42.81
[SIGNAL] 2026-08-10T02:29:59+00:00 REZTRY BUY fill_at=2026-08-10T02:34:59+00:00 features={"close": 0.1443, "bb_lower": 0.14430466144487172, "bb_upper": 0.14881914807893779, "rsi": 34.37476871497961, "mfi": null, "atr": 0.0006642857142857145}
[BLOCKED] REZTRY reason=insufficient_cash order=42.75 cash=42.81
[SIGNAL] 2026-08-10T02:29:59+00:00 TAOTRY BUY fill_at=2026-08-10T02:34:59+00:00 features={"close": 9629.0, "bb_lower": 9637.202843264477, "bb_upper": 9769.940013878382, "rsi": 35.68344051213947, "mfi": null, "atr": 21.142857142857142}
[BLOCKED] TAOTRY reason=insufficient_cash order=42.75 cash=42.81
[SCAN] 2026-08-10T02:34:59+00:00 symbols=121 signals=3 entries=0 exits=0 blocked=3 open=7 cash=42.81 equity=10016.48
[SIGNAL] 2026-08-10T02:34:59+00:00 API3TRY BUY fill_at=2026-08-10T02:39:59+00:00 features={"close": 9.2, "bb_lower": 9.201301597548852, "bb_upper": 9.299650783403525, "rsi": 34.75262413701326, "mfi": null, "atr": 0.017142857142857158}
[BLOCKED] API3TRY reason=insufficient_cash order=42.75 cash=42.81
[SIGNAL] 2026-08-10T02:34:59+00:00 ARPATRY BUY fill_at=2026-08-10T02:39:59+00:00 features={"close": 0.424, "bb_lower": 0.42409110618230556, "bb_upper": 0.42768984619864675, "rsi": 34.584772886691, "mfi": null, "atr": 0.0004928571428571441}
[BLOCKED] ARPATRY reason=insufficient_cash order=42.75 cash=42.81
[SIGNAL] 2026-08-10T02:34:59+00:00 STOTRY BUY fill_at=2026-08-10T02:39:59+00:00 features={"close": 1.949, "bb_lower": 1.950185755457889, "bb_upper": 1.9727666254944922, "rsi": 36.77823612528801, "mfi": null, "atr": 0.00421428571428571}
[BLOCKED] STOTRY reason=insufficient_cash order=42.75 cash=42.81
[SCAN] 2026-08-10T02:39:59+00:00 symbols=121 signals=3 entries=0 exits=0 blocked=3 open=7 cash=42.81 equity=9975.81
[SIGNAL] 2026-08-10T02:39:59+00:00 HAEDALTRY BUY fill_at=2026-08-10T02:44:59+00:00 features={"close": 0.818, "bb_lower": 0.8205175731112058, "bb_upper": 0.8463395697459373, "rsi": 30.10060350347061, "mfi": null, "atr": 0.0032857142857142885}
[BLOCKED] HAEDALTRY reason=insufficient_cash order=42.75 cash=42.81
[SIGNAL] 2026-08-10T02:39:59+00:00 HBARTRY BUY fill_at=2026-08-10T02:44:59+00:00 features={"close": 3.261, "bb_lower": 3.2612232725305694, "bb_upper": 3.284491013183715, "rsi": 34.05761558507062, "mfi": null, "atr": 0.004214285714285694}
[BLOCKED] HBARTRY reason=insufficient_cash order=42.75 cash=42.81
[SIGNAL] 2026-08-10T02:39:59+00:00 STOTRY BUY fill_at=2026-08-10T02:44:59+00:00 features={"close": 1.947, "bb_lower": 1.9481845252620327, "bb_upper": 1.972577379499872, "rsi": 35.01201693424366, "mfi": null, "atr": 0.004714285714285703}
[BLOCKED] STOTRY reason=insufficient_cash order=42.75 cash=42.81
[SIGNAL] 2026-08-10T02:39:59+00:00 TSTTRY BUY fill_at=2026-08-10T02:44:59+00:00 features={"close": 0.876, "bb_lower": 0.8896968463822673, "bb_upper": 0.9474460107605901, "rsi": 32.49052293092814, "mfi": null, "atr": 0.018428571428571405}
[BLOCKED] TSTTRY reason=insufficient_cash order=42.75 cash=42.81
[SCAN] 2026-08-10T02:44:59+00:00 symbols=121 signals=4 entries=0 exits=0 blocked=4 open=7 cash=42.81 equity=10016.54
[SIGNAL] 2026-08-10T02:44:59+00:00 CTRY BUY fill_at=2026-08-10T02:49:59+00:00 features={"close": 2.998, "bb_lower": 3.0049813906638985, "bb_upper": 3.0233995617170537, "rsi": 41.8178206966602, "mfi": null, "atr": 0.0030714285714285505}
[BLOCKED] CTRY reason=insufficient_cash order=42.75 cash=42.81
[SIGNAL] 2026-08-10T02:44:59+00:00 TSTTRY BUY fill_at=2026-08-10T02:49:59+00:00 features={"close": 0.881, "bb_lower": 0.8845027753016121, "bb_upper": 0.9500686532698166, "rsi": 34.60670704368454, "mfi": null, "atr": 0.01849999999999998}
[BLOCKED] TSTTRY reason=insufficient_cash order=42.75 cash=42.81
[SCAN] 2026-08-10T02:49:59+00:00 symbols=121 signals=2 entries=0 exits=0 blocked=2 open=7 cash=42.81 equity=10005.62
[SIGNAL] 2026-08-10T02:49:59+00:00 STOTRY BUY fill_at=2026-08-10T02:54:59+00:00 features={"close": 1.94, "bb_lower": 1.9436697464460644, "bb_upper": 1.973854063077745, "rsi": 32.704964956494905, "mfi": null, "atr": 0.004999999999999989}
[BLOCKED] STOTRY reason=insufficient_cash order=42.75 cash=42.81
[SIGNAL] 2026-08-10T02:49:59+00:00 TSTTRY BUY fill_at=2026-08-10T02:54:59+00:00 features={"close": 0.873, "bb_lower": 0.8772739764834931, "bb_upper": 0.9528212616117453, "rsi": 32.82329003254014, "mfi": null, "atr": 0.017499999999999984}
[BLOCKED] TSTTRY reason=insufficient_cash order=42.75 cash=42.81
[SCAN] 2026-08-10T02:54:59+00:00 symbols=121 signals=2 entries=0 exits=0 blocked=2 open=7 cash=42.81 equity=9987.87
[SCAN] 2026-08-10T02:59:59+00:00 symbols=121 signals=0 entries=0 exits=0 blocked=0 open=7 cash=42.81 equity=9984.71
[SCAN] 2026-08-10T03:04:59+00:00 symbols=121 signals=0 entries=0 exits=0 blocked=0 open=7 cash=42.81 equity=9994.28
[SCAN] 2026-08-10T03:09:59+00:00 symbols=121 signals=0 entries=0 exits=0 blocked=0 open=7 cash=42.81 equity=10007.28
[SIGNAL] 2026-08-10T03:09:59+00:00 ALLOTRY BUY fill_at=2026-08-10T03:14:59+00:00 features={"close": 14.22, "bb_lower": 14.259582020465176, "bb_upper": 14.602322741439588, "rsi": 35.66583496303801, "mfi": null, "atr": 0.14785714285714327}
[BLOCKED] ALLOTRY reason=insufficient_cash order=42.75 cash=42.81
[SIGNAL] 2026-08-10T03:09:59+00:00 IDTRY BUY fill_at=2026-08-10T03:14:59+00:00 features={"close": 1.374, "bb_lower": 1.3745682612327945, "bb_upper": 1.3967650721005387, "rsi": 38.09065663315427, "mfi": null, "atr": 0.002714285714285717}
[BLOCKED] IDTRY reason=insufficient_cash order=42.75 cash=42.81
[SCAN] 2026-08-10T03:14:59+00:00 symbols=121 signals=2 entries=0 exits=0 blocked=2 open=7 cash=42.81 equity=9941.30
[SIGNAL] 2026-08-10T03:14:59+00:00 ALLOTRY BUY fill_at=2026-08-10T03:19:59+00:00 features={"close": 14.21, "bb_lower": 14.224799626517635, "bb_upper": 14.609486087768078, "rsi": 35.14626465467087, "mfi": null, "atr": 0.14357142857142893}
[BLOCKED] ALLOTRY reason=insufficient_cash order=42.75 cash=42.81
[SIGNAL] 2026-08-10T03:14:59+00:00 LATRY BUY fill_at=2026-08-10T03:19:59+00:00 features={"close": 2.55, "bb_lower": 2.561594517526447, "bb_upper": 2.6174531015211713, "rsi": 38.71648864702675, "mfi": null, "atr": 0.014999999999999934}
[BLOCKED] LATRY reason=insufficient_cash order=42.75 cash=42.81
[SCAN] 2026-08-10T03:19:59+00:00 symbols=121 signals=2 entries=0 exits=0 blocked=2 open=7 cash=42.81 equity=9978.75
[EXIT] 2026-08-10T03:24:59+00:00 DODOTRY reason=bb_mfi_v3_signal_exit pnl=+13.31 cash=1059.29
[SIGNAL] 2026-08-10T03:19:59+00:00 LATRY BUY fill_at=2026-08-10T03:24:59+00:00 features={"close": 2.55, "bb_lower": 2.5550147756788113, "bb_upper": 2.620223319559283, "rsi": 38.716488647026765, "mfi": null, "atr": 0.014285714285714235}
[ENTRY] 2026-08-10T03:24:59+00:00 LATRY layer=1 value=998.58 entry=2.55191250 cash=59.22
[SCAN] 2026-08-10T03:24:59+00:00 symbols=121 signals=1 entries=1 exits=1 blocked=0 open=7 cash=59.22 equity=9983.54
[SCAN] 2026-08-10T03:29:59+00:00 symbols=121 signals=0 entries=0 exits=0 blocked=0 open=7 cash=59.22 equity=10022.26
[SIGNAL] 2026-08-10T03:29:59+00:00 BIOTRY BUY fill_at=2026-08-10T03:34:59+00:00 features={"close": 1.223, "bb_lower": 1.223332779634172, "bb_upper": 1.2520005536991614, "rsi": 33.43590139224386, "mfi": null, "atr": 0.004285714285714289}
[BLOCKED] BIOTRY reason=insufficient_cash order=59.13 cash=59.22
[SCAN] 2026-08-10T03:34:59+00:00 symbols=121 signals=1 entries=0 exits=0 blocked=1 open=7 cash=59.22 equity=10035.47
[SIGNAL] 2026-08-10T03:34:59+00:00 RENDERTRY BUY fill_at=2026-08-10T03:39:59+00:00 features={"close": 60.9, "bb_lower": 60.90276392842828, "bb_upper": 61.98295035728602, "rsi": 35.652638302870045, "mfi": null, "atr": 0.20714285714285804}
[BLOCKED] RENDERTRY reason=insufficient_cash order=59.13 cash=59.22
[SCAN] 2026-08-10T03:39:59+00:00 symbols=121 signals=1 entries=0 exits=0 blocked=1 open=7 cash=59.22 equity=10050.88
[SCAN] 2026-08-10T03:44:59+00:00 symbols=121 signals=0 entries=0 exits=0 blocked=0 open=7 cash=59.22 equity=10038.03
[SCAN] 2026-08-10T03:49:59+00:00 symbols=121 signals=0 entries=0 exits=0 blocked=0 open=7 cash=59.22 equity=10013.97
[SCAN] 2026-08-10T03:54:59+00:00 symbols=121 signals=0 entries=0 exits=0 blocked=0 open=7 cash=59.22 equity=10027.36
[SCAN] 2026-08-10T03:59:59+00:00 symbols=121 signals=0 entries=0 exits=0 blocked=0 open=7 cash=59.22 equity=10016.50
[SIGNAL] 2026-08-10T03:59:59+00:00 AVNTTRY BUY fill_at=2026-08-10T04:04:59+00:00 features={"close": 4.51, "bb_lower": 4.515954212562599, "bb_upper": 4.5469029302945465, "rsi": 39.026010589921086, "mfi": null, "atr": 0.005000000000000083}
[BLOCKED] AVNTTRY reason=insufficient_cash order=59.13 cash=59.22
[SIGNAL] 2026-08-10T03:59:59+00:00 CHIPTRY BUY fill_at=2026-08-10T04:04:59+00:00 features={"close": 1.0503, "bb_lower": 1.0508568745437636, "bb_upper": 1.0575336016467127, "rsi": 36.964266549847935, "mfi": null, "atr": 0.002250000000000006}
[BLOCKED] CHIPTRY reason=insufficient_cash order=59.13 cash=59.22
[SCAN] 2026-08-10T04:04:59+00:00 symbols=121 signals=2 entries=0 exits=0 blocked=2 open=7 cash=59.22 equity=10041.35
[SIGNAL] 2026-08-10T04:04:59+00:00 CHIPTRY BUY fill_at=2026-08-10T04:09:59+00:00 features={"close": 1.0466, "bb_lower": 1.0491725456962457, "bb_upper": 1.0584274543037544, "rsi": 30.59855402400025, "mfi": null, "atr": 0.0022571428571428625}
[BLOCKED] CHIPTRY reason=insufficient_cash order=59.13 cash=59.22
[SIGNAL] 2026-08-10T04:04:59+00:00 RETRY BUY fill_at=2026-08-10T04:09:59+00:00 features={"close": 19.2, "bb_lower": 19.236975613122148, "bb_upper": 19.660167244020712, "rsi": 38.41645989662057, "mfi": null, "atr": 0.08785714285714263}
[BLOCKED] RETRY reason=insufficient_cash order=59.13 cash=59.22
[SCAN] 2026-08-10T04:09:59+00:00 symbols=121 signals=2 entries=0 exits=0 blocked=2 open=7 cash=59.22 equity=10035.32
[SCAN] 2026-08-10T04:14:59+00:00 symbols=121 signals=0 entries=0 exits=0 blocked=0 open=7 cash=59.22 equity=10036.74
[SIGNAL] 2026-08-10T04:14:59+00:00 GENIUSTRY BUY fill_at=2026-08-10T04:19:59+00:00 features={"close": 16.49, "bb_lower": 16.49157288644919, "bb_upper": 16.50556997069367, "rsi": 66.18610654283694, "mfi": null, "atr": 0.00500000000000002}
[BLOCKED] GENIUSTRY reason=insufficient_cash order=59.13 cash=59.22
[SIGNAL] 2026-08-10T04:14:59+00:00 LDOTRY BUY fill_at=2026-08-10T04:19:59+00:00 features={"close": 13.99, "bb_lower": 13.993137424227157, "bb_upper": 14.220195909106177, "rsi": 40.66085292952291, "mfi": null, "atr": 0.0464285714285712}
[BLOCKED] LDOTRY reason=insufficient_cash order=59.13 cash=59.22
[SCAN] 2026-08-10T04:19:59+00:00 symbols=121 signals=2 entries=0 exits=0 blocked=2 open=7 cash=59.22 equity=10044.72
[SCAN] 2026-08-10T04:24:59+00:00 symbols=121 signals=0 entries=0 exits=0 blocked=0 open=7 cash=59.22 equity=10050.31
[SCAN] 2026-08-10T04:29:59+00:00 symbols=121 signals=0 entries=0 exits=0 blocked=0 open=7 cash=59.22 equity=10052.59
[SCAN] 2026-08-10T04:34:59+00:00 symbols=121 signals=0 entries=0 exits=0 blocked=0 open=7 cash=59.22 equity=10011.90
[SIGNAL] 2026-08-10T04:34:59+00:00 AIGENSYNTRY BUY fill_at=2026-08-10T04:39:59+00:00 features={"close": 1.039, "bb_lower": 1.0393501042591389, "bb_upper": 1.046364181455147, "rsi": 40.04333027872877, "mfi": null, "atr": 0.0012142857142857233}
[BLOCKED] AIGENSYNTRY reason=insufficient_cash order=59.13 cash=59.22
[SIGNAL] 2026-08-10T04:34:59+00:00 ATMTRY BUY fill_at=2026-08-10T04:39:59+00:00 features={"close": 71.0, "bb_lower": 71.0080437618036, "bb_upper": 71.71290861914875, "rsi": 35.101478506493336, "mfi": null, "atr": 0.06357142857142861}
[BLOCKED] ATMTRY reason=insufficient_cash order=59.13 cash=59.22
[SIGNAL] 2026-08-10T04:34:59+00:00 AVNTTRY BUY fill_at=2026-08-10T04:39:59+00:00 features={"close": 4.51, "bb_lower": 4.51026584080163, "bb_upper": 4.544972254436466, "rsi": 39.94685853205018, "mfi": null, "atr": 0.005714285714285783}
[BLOCKED] AVNTTRY reason=insufficient_cash order=59.13 cash=59.22
[SIGNAL] 2026-08-10T04:34:59+00:00 ENATRY BUY fill_at=2026-08-10T04:39:59+00:00 features={"close": 4.141, "bb_lower": 4.143356195327402, "bb_upper": 4.176262852291646, "rsi": 40.870154214475065, "mfi": null, "atr": 0.007000000000000054}
[BLOCKED] ENATRY reason=insufficient_cash order=59.13 cash=59.22
[SCAN] 2026-08-10T04:39:59+00:00 symbols=121 signals=4 entries=0 exits=0 blocked=4 open=7 cash=59.22 equity=10005.63
[SIGNAL] 2026-08-10T04:39:59+00:00 AIGENSYNTRY BUY fill_at=2026-08-10T04:44:59+00:00 features={"close": 1.039, "bb_lower": 1.039117106268848, "bb_upper": 1.045835274683533, "rsi": 40.043330278728774, "mfi": null, "atr": 0.0010714285714285804}
[BLOCKED] AIGENSYNTRY reason=insufficient_cash order=59.13 cash=59.22
[SIGNAL] 2026-08-10T04:39:59+00:00 ATMTRY BUY fill_at=2026-08-10T04:44:59+00:00 features={"close": 71.0, "bb_lower": 71.07207063796614, "bb_upper": 71.66792936203385, "rsi": 35.101478506493336, "mfi": null, "atr": 0.06357142857142861}
[BLOCKED] ATMTRY reason=insufficient_cash order=59.13 cash=59.22
[SIGNAL] 2026-08-10T04:39:59+00:00 BBTRY BUY fill_at=2026-08-10T04:44:59+00:00 features={"close": 0.6713, "bb_lower": 0.6722635999971839, "bb_upper": 0.6824411619075782, "rsi": 33.88477059275853, "mfi": null, "atr": 0.00293571428571428}
[BLOCKED] BBTRY reason=insufficient_cash order=59.13 cash=59.22
[SIGNAL] 2026-08-10T04:39:59+00:00 CATITRY BUY fill_at=2026-08-10T04:44:59+00:00 features={"close": 2.148, "bb_lower": 2.1491388773328235, "bb_upper": 2.180480170286225, "rsi": 38.24366539146789, "mfi": null, "atr": 0.00750000000000003}
[BLOCKED] CATITRY reason=insufficient_cash order=59.13 cash=59.22
[SCAN] 2026-08-10T04:44:59+00:00 symbols=121 signals=4 entries=0 exits=0 blocked=4 open=7 cash=59.22 equity=9971.29
[SIGNAL] 2026-08-10T04:44:59+00:00 AIGENSYNTRY BUY fill_at=2026-08-10T04:49:59+00:00 features={"close": 1.038, "bb_lower": 1.0384764997038247, "bb_upper": 1.0458092145818898, "rsi": 37.4226212978226, "mfi": null, "atr": 0.0012142857142857233}
[BLOCKED] AIGENSYNTRY reason=insufficient_cash order=59.13 cash=59.22
[SIGNAL] 2026-08-10T04:44:59+00:00 ASTERTRY BUY fill_at=2026-08-10T04:49:59+00:00 features={"close": 29.0, "bb_lower": 29.00967383074634, "bb_upper": 29.215088074015565, "rsi": 30.778542079452166, "mfi": null, "atr": 0.022142857142856798}
[BLOCKED] ASTERTRY reason=insufficient_cash order=59.13 cash=59.22
[SIGNAL] 2026-08-10T04:44:59+00:00 ATMTRY BUY fill_at=2026-08-10T04:49:59+00:00 features={"close": 71.0, "bb_lower": 71.01835153497788, "bb_upper": 71.66926751264114, "rsi": 35.101478506493336, "mfi": null, "atr": 0.05428571428571465}
[BLOCKED] ATMTRY reason=insufficient_cash order=59.13 cash=59.22
[SIGNAL] 2026-08-10T04:44:59+00:00 BBTRY BUY fill_at=2026-08-10T04:49:59+00:00 features={"close": 0.6692, "bb_lower": 0.670828254957711, "bb_upper": 0.6831526974232415, "rsi": 31.264653642546776, "mfi": null, "atr": 0.0032357142857142784}
[BLOCKED] BBTRY reason=insufficient_cash order=59.13 cash=59.22
[SIGNAL] 2026-08-10T04:44:59+00:00 PENGUTRY BUY fill_at=2026-08-10T04:49:59+00:00 features={"close": 0.3104, "bb_lower": 0.3104156822295771, "bb_upper": 0.3128986034847086, "rsi": 40.44230598312021, "mfi": null, "atr": 0.0007500000000000086}
[BLOCKED] PENGUTRY reason=insufficient_cash order=59.13 cash=59.22
[SIGNAL] 2026-08-10T04:44:59+00:00 ZKTRY BUY fill_at=2026-08-10T04:49:59+00:00 features={"close": 0.38, "bb_lower": 0.38019151187684996, "bb_upper": 0.3823799166945787, "rsi": 30.033065611367206, "mfi": null, "atr": 0.00021428571428571446}
[BLOCKED] ZKTRY reason=insufficient_cash order=59.13 cash=59.22
[SCAN] 2026-08-10T04:49:59+00:00 symbols=121 signals=6 entries=0 exits=0 blocked=6 open=7 cash=59.22 equity=9983.47
[SIGNAL] 2026-08-10T04:49:59+00:00 AIGENSYNTRY BUY fill_at=2026-08-10T04:54:59+00:00 features={"close": 1.037, "bb_lower": 1.0376407488327162, "bb_upper": 1.0459782987863313, "rsi": 34.9449955611594, "mfi": null, "atr": 0.0013571428571428662}
[BLOCKED] AIGENSYNTRY reason=insufficient_cash order=59.13 cash=59.22
[SIGNAL] 2026-08-10T04:49:59+00:00 ZKTRY BUY fill_at=2026-08-10T04:54:59+00:00 features={"close": 0.38, "bb_lower": 0.38001630209467263, "bb_upper": 0.38236465028627986, "rsi": 30.03306561136722, "mfi": null, "atr": 0.00021428571428571446}
[BLOCKED] ZKTRY reason=insufficient_cash order=59.13 cash=59.22
[SCAN] 2026-08-10T04:54:59+00:00 symbols=121 signals=2 entries=0 exits=0 blocked=2 open=7 cash=59.22 equity=9972.48
[SIGNAL] 2026-08-10T04:54:59+00:00 AIGENSYNTRY BUY fill_at=2026-08-10T04:59:59+00:00 features={"close": 1.036, "bb_lower": 1.0367049155170904, "bb_upper": 1.0461522273400523, "rsi": 32.6063430415208, "mfi": null, "atr": 0.0013571428571428662}
[BLOCKED] AIGENSYNTRY reason=insufficient_cash order=59.13 cash=59.22
[SIGNAL] 2026-08-10T04:54:59+00:00 AVNTTRY BUY fill_at=2026-08-10T04:59:59+00:00 features={"close": 4.49, "bb_lower": 4.497302080257145, "bb_upper": 4.548412205457141, "rsi": 30.402368885076356, "mfi": null, "atr": 0.006428571428571482}
[BLOCKED] AVNTTRY reason=insufficient_cash order=59.13 cash=59.22
[SIGNAL] 2026-08-10T04:54:59+00:00 BABYTRY BUY fill_at=2026-08-10T04:59:59+00:00 features={"close": 0.609, "bb_lower": 0.6099242399922181, "bb_upper": 0.6234090933411155, "rsi": 34.300777942004885, "mfi": null, "atr": 0.0023571428571428593}
[BLOCKED] BABYTRY reason=insufficient_cash order=59.13 cash=59.22
[SIGNAL] 2026-08-10T04:54:59+00:00 SXTTRY BUY fill_at=2026-08-10T04:59:59+00:00 features={"close": 0.3662, "bb_lower": 0.36623414047528696, "bb_upper": 0.3730039547628083, "rsi": 38.76500614920866, "mfi": null, "atr": 0.0011571428571428447}
[BLOCKED] SXTTRY reason=insufficient_cash order=59.13 cash=59.22
[SIGNAL] 2026-08-10T04:54:59+00:00 THETRY BUY fill_at=2026-08-10T04:59:59+00:00 features={"close": 3.304, "bb_lower": 3.321542446413025, "bb_upper": 3.66074326787269, "rsi": 35.175760087586596, "mfi": null, "atr": 0.07300000000000005}
[BLOCKED] THETRY reason=insufficient_cash order=59.13 cash=59.22
[SIGNAL] 2026-08-10T04:54:59+00:00 TSTTRY BUY fill_at=2026-08-10T04:59:59+00:00 features={"close": 0.875, "bb_lower": 0.8764089685278614, "bb_upper": 0.927210079091186, "rsi": 37.11796477209767, "mfi": null, "atr": 0.013071428571428583}
[BLOCKED] TSTTRY reason=insufficient_cash order=59.13 cash=59.22
[SCAN] 2026-08-10T04:59:59+00:00 symbols=121 signals=6 entries=0 exits=0 blocked=6 open=7 cash=59.22 equity=9946.05
[SIGNAL] 2026-08-10T04:59:59+00:00 CATITRY BUY fill_at=2026-08-10T05:04:59+00:00 features={"close": 2.125, "bb_lower": 2.129316741174468, "bb_upper": 2.187826115968389, "rsi": 31.424921952310385, "mfi": null, "atr": 0.008857142857142866}
[BLOCKED] CATITRY reason=insufficient_cash order=59.13 cash=59.22
[SIGNAL] 2026-08-10T04:59:59+00:00 THETRY BUY fill_at=2026-08-10T05:04:59+00:00 features={"close": 3.268, "bb_lower": 3.286035183897909, "bb_upper": 3.674821958959234, "rsi": 33.07074707980915, "mfi": null, "atr": 0.0733571428571429}
[BLOCKED] THETRY reason=insufficient_cash order=59.13 cash=59.22
[SIGNAL] 2026-08-10T04:59:59+00:00 TSTTRY BUY fill_at=2026-08-10T05:04:59+00:00 features={"close": 0.872, "bb_lower": 0.8754003615128793, "bb_upper": 0.927837733725216, "rsi": 36.112891157619494, "mfi": null, "atr": 0.013642857142857154}
[BLOCKED] TSTTRY reason=insufficient_cash order=59.13 cash=59.22
[SCAN] 2026-08-10T05:04:59+00:00 symbols=121 signals=3 entries=0 exits=0 blocked=3 open=7 cash=59.22 equity=9981.59
[SIGNAL] 2026-08-10T05:04:59+00:00 BABYTRY BUY fill_at=2026-08-10T05:09:59+00:00 features={"close": 0.608, "bb_lower": 0.6081595864274196, "bb_upper": 0.6234594611916278, "rsi": 33.99186527637126, "mfi": null, "atr": 0.0024285714285714305}
[BLOCKED] BABYTRY reason=insufficient_cash order=59.13 cash=59.22
[SIGNAL] 2026-08-10T05:04:59+00:00 FOGOTRY BUY fill_at=2026-08-10T05:09:59+00:00 features={"close": 0.426, "bb_lower": 0.426468869879508, "bb_upper": 0.4363882729776349, "rsi": 31.47293491902566, "mfi": null, "atr": 0.0009285714285714294}
[BLOCKED] FOGOTRY reason=insufficient_cash order=59.13 cash=59.22
[SCAN] 2026-08-10T05:09:59+00:00 symbols=121 signals=2 entries=0 exits=0 blocked=2 open=7 cash=59.22 equity=9953.85
[SIGNAL] 2026-08-10T05:09:59+00:00 PEOPLETRY BUY fill_at=2026-08-10T05:14:59+00:00 features={"close": 0.426, "bb_lower": 0.42669768217636495, "bb_upper": 0.4418737463950637, "rsi": 37.829914950501184, "mfi": null, "atr": 0.0032857142857142885}
[BLOCKED] PEOPLETRY reason=insufficient_cash order=59.13 cash=59.22
[SCAN] 2026-08-10T05:14:59+00:00 symbols=121 signals=1 entries=0 exits=0 blocked=1 open=7 cash=59.22 equity=9958.11
[SCAN] 2026-08-10T05:19:59+00:00 symbols=121 signals=0 entries=0 exits=0 blocked=0 open=7 cash=59.22 equity=9934.71
[EXIT] 2026-08-10T05:24:59+00:00 LATRY reason=bb_mfi_v3_signal_exit pnl=+11.13 cash=1070.42
[SIGNAL] 2026-08-10T05:19:59+00:00 AIXBTTRY BUY fill_at=2026-08-10T05:24:59+00:00 features={"close": 0.908, "bb_lower": 0.9081149950974037, "bb_upper": 0.9348373858549772, "rsi": 32.13879215814133, "mfi": null, "atr": 0.004214285714285718}
[ENTRY] 2026-08-10T05:24:59+00:00 AIXBTTRY layer=1 value=997.33 entry=0.90968175 cash=71.59
[SCAN] 2026-08-10T05:24:59+00:00 symbols=121 signals=1 entries=1 exits=1 blocked=0 open=7 cash=71.59 equity=9971.09
[SIGNAL] 2026-08-10T05:24:59+00:00 ETHFITRY BUY fill_at=2026-08-10T05:29:59+00:00 features={"close": 18.62, "bb_lower": 18.66189577797829, "bb_upper": 18.76286612678361, "rsi": 38.99923476999967, "mfi": null, "atr": 0.02357142857142794}
[BLOCKED] ETHFITRY reason=insufficient_cash order=71.48 cash=71.59
[SIGNAL] 2026-08-10T05:24:59+00:00 IDTRY BUY fill_at=2026-08-10T05:29:59+00:00 features={"close": 1.362, "bb_lower": 1.3629299464565796, "bb_upper": 1.3798319583053256, "rsi": 30.237143051034494, "mfi": null, "atr": 0.0020000000000000018}
[BLOCKED] IDTRY reason=insufficient_cash order=71.48 cash=71.59
[SCAN] 2026-08-10T05:29:59+00:00 symbols=121 signals=2 entries=0 exits=0 blocked=2 open=7 cash=71.59 equity=10016.14
[SCAN] 2026-08-10T05:34:59+00:00 symbols=121 signals=0 entries=0 exits=0 blocked=0 open=7 cash=71.59 equity=9964.18
[SIGNAL] 2026-08-10T05:34:59+00:00 ACTTRY BUY fill_at=2026-08-10T05:39:59+00:00 features={"close": 0.543, "bb_lower": 0.5442653928878698, "bb_upper": 0.5933822261597492, "rsi": 35.758436265745274, "mfi": null, "atr": 0.01097857142857144}
[BLOCKED] ACTTRY reason=insufficient_cash order=71.48 cash=71.59
[SIGNAL] 2026-08-10T05:34:59+00:00 AEVOTRY BUY fill_at=2026-08-10T05:39:59+00:00 features={"close": 0.989, "bb_lower": 0.9893627201588759, "bb_upper": 1.0081610893649335, "rsi": 33.640428262845916, "mfi": null, "atr": 0.0016428571428571364}
[BLOCKED] AEVOTRY reason=insufficient_cash order=71.48 cash=71.59
[SIGNAL] 2026-08-10T05:34:59+00:00 ALTTRY BUY fill_at=2026-08-10T05:39:59+00:00 features={"close": 0.287, "bb_lower": 0.2870163020946725, "bb_upper": 0.2893646502862797, "rsi": 40.24053019418695, "mfi": null, "atr": 0.0006428571428571435}
[BLOCKED] ALTTRY reason=max_layers
[SIGNAL] 2026-08-10T05:34:59+00:00 ARPATRY BUY fill_at=2026-08-10T05:39:59+00:00 features={"close": 0.4198, "bb_lower": 0.4217829884943031, "bb_upper": 0.4284741543628399, "rsi": 30.62422817921599, "mfi": null, "atr": 0.0014000000000000084}
[BLOCKED] ARPATRY reason=insufficient_cash order=71.48 cash=71.59
[SIGNAL] 2026-08-10T05:34:59+00:00 LISTATRY BUY fill_at=2026-08-10T05:39:59+00:00 features={"close": 3.19, "bb_lower": 3.2114118055439618, "bb_upper": 3.4143024801703237, "rsi": 33.927774628209136, "mfi": null, "atr": 0.040714285714285765}
[BLOCKED] LISTATRY reason=insufficient_cash order=71.48 cash=71.59
[SIGNAL] 2026-08-10T05:34:59+00:00 ORDITRY BUY fill_at=2026-08-10T05:39:59+00:00 features={"close": 167.3, "bb_lower": 167.32455028707, "bb_upper": 169.31354495102528, "rsi": 33.91585864742085, "mfi": null, "atr": 0.3571428571428551}
[BLOCKED] ORDITRY reason=insufficient_cash order=71.48 cash=71.59
[SIGNAL] 2026-08-10T05:34:59+00:00 PEOPLETRY BUY fill_at=2026-08-10T05:39:59+00:00 features={"close": 0.421, "bb_lower": 0.42431213399178536, "bb_upper": 0.44016405648440493, "rsi": 35.57004444709776, "mfi": null, "atr": 0.004142857142857147}
[BLOCKED] PEOPLETRY reason=insufficient_cash order=71.48 cash=71.59
[SCAN] 2026-08-10T05:39:59+00:00 symbols=121 signals=7 entries=0 exits=0 blocked=7 open=7 cash=71.59 equity=9980.00
[SIGNAL] 2026-08-10T05:39:59+00:00 ARPATRY BUY fill_at=2026-08-10T05:44:59+00:00 features={"close": 0.4204, "bb_lower": 0.4211143356235978, "bb_upper": 0.42883804532878333, "rsi": 33.71303311184326, "mfi": null, "atr": 0.0013928571428571482}
[BLOCKED] ARPATRY reason=insufficient_cash order=71.48 cash=71.59
[SIGNAL] 2026-08-10T05:39:59+00:00 EDUTRY BUY fill_at=2026-08-10T05:44:59+00:00 features={"close": 1.87, "bb_lower": 1.8721174149576814, "bb_upper": 1.9412159183756512, "rsi": 42.04103993509282, "mfi": null, "atr": 0.02285714285714286}
[BLOCKED] EDUTRY reason=insufficient_cash order=71.48 cash=71.59
[SIGNAL] 2026-08-10T05:39:59+00:00 PEOPLETRY BUY fill_at=2026-08-10T05:44:59+00:00 features={"close": 0.421, "bb_lower": 0.4227074856609314, "bb_upper": 0.4400544191009733, "rsi": 35.57004444709776, "mfi": null, "atr": 0.004285714285714289}
[BLOCKED] PEOPLETRY reason=insufficient_cash order=71.48 cash=71.59
[SCAN] 2026-08-10T05:44:59+00:00 symbols=121 signals=3 entries=0 exits=0 blocked=3 open=7 cash=71.59 equity=10001.86
[SIGNAL] 2026-08-10T05:44:59+00:00 ARPATRY BUY fill_at=2026-08-10T05:49:59+00:00 features={"close": 0.4202, "bb_lower": 0.4204791421886622, "bb_upper": 0.4291494292399092, "rsi": 33.179582251799374, "mfi": null, "atr": 0.0014071428571428607}
[BLOCKED] ARPATRY reason=insufficient_cash order=71.48 cash=71.59
[SIGNAL] 2026-08-10T05:44:59+00:00 NILTRY BUY fill_at=2026-08-10T05:49:59+00:00 features={"close": 2.029, "bb_lower": 2.082430886750571, "bb_upper": 2.279283398963715, "rsi": 32.84982063253068, "mfi": null, "atr": 0.05549999999999998}
[BLOCKED] NILTRY reason=insufficient_cash order=71.48 cash=71.59
[SCAN] 2026-08-10T05:49:59+00:00 symbols=121 signals=2 entries=0 exits=0 blocked=2 open=7 cash=71.59 equity=10003.36
[SIGNAL] 2026-08-10T05:49:59+00:00 0GTRY BUY fill_at=2026-08-10T05:54:59+00:00 features={"close": 7.29, "bb_lower": 7.298724903052752, "bb_upper": 7.394608430280585, "rsi": 40.88716316106366, "mfi": null, "atr": 0.018571428571428555}
[BLOCKED] 0GTRY reason=insufficient_cash order=71.48 cash=71.59
[SIGNAL] 2026-08-10T05:49:59+00:00 ARPATRY BUY fill_at=2026-08-10T05:54:59+00:00 features={"close": 0.4196, "bb_lower": 0.41977135613867794, "bb_upper": 0.4294762629089412, "rsi": 31.55675500186578, "mfi": null, "atr": 0.0013785714285714354}
[BLOCKED] ARPATRY reason=insufficient_cash order=71.48 cash=71.59
[SIGNAL] 2026-08-10T05:49:59+00:00 PEOPLETRY BUY fill_at=2026-08-10T05:54:59+00:00 features={"close": 0.414, "bb_lower": 0.4163074411920325, "bb_upper": 0.4421687492841579, "rsi": 30.84425405510234, "mfi": null, "atr": 0.00478571428571429}
[BLOCKED] PEOPLETRY reason=insufficient_cash order=71.48 cash=71.59
[SIGNAL] 2026-08-10T05:49:59+00:00 TWTTRY BUY fill_at=2026-08-10T05:54:59+00:00 features={"close": 18.38, "bb_lower": 18.382289461799502, "bb_upper": 18.481520062010027, "rsi": 35.108946504576494, "mfi": null, "atr": 0.016428571428571206}
[BLOCKED] TWTTRY reason=insufficient_cash order=71.48 cash=71.59
[SIGNAL] 2026-08-10T05:49:59+00:00 USTCTRY BUY fill_at=2026-08-10T05:54:59+00:00 features={"close": 0.2401, "bb_lower": 0.24013415557533713, "bb_upper": 0.24068489204371046, "rsi": 33.46392079540102, "mfi": null, "atr": 9.99999999999989e-05}
[BLOCKED] USTCTRY reason=insufficient_cash order=71.48 cash=71.59
[SCAN] 2026-08-10T05:54:59+00:00 symbols=121 signals=5 entries=0 exits=0 blocked=5 open=7 cash=71.59 equity=10031.15
[SIGNAL] 2026-08-10T05:54:59+00:00 0GTRY BUY fill_at=2026-08-10T05:59:59+00:00 features={"close": 7.28, "bb_lower": 7.291565703605312, "bb_upper": 7.398910486870878, "rsi": 38.67793872763895, "mfi": null, "atr": 0.017142857142857095}
[BLOCKED] 0GTRY reason=insufficient_cash order=71.48 cash=71.59
[SIGNAL] 2026-08-10T05:54:59+00:00 TLMTRY BUY fill_at=2026-08-10T05:59:59+00:00 features={"close": 0.0759, "bb_lower": 0.07595619205822303, "bb_upper": 0.0765295222274913, "rsi": 33.19414243825646, "mfi": null, "atr": 0.0001571428571428567}
[BLOCKED] TLMTRY reason=insufficient_cash order=71.48 cash=71.59
[SCAN] 2026-08-10T05:59:59+00:00 symbols=121 signals=2 entries=0 exits=0 blocked=2 open=7 cash=71.59 equity=10040.53
[SIGNAL] 2026-08-10T05:59:59+00:00 EDUTRY BUY fill_at=2026-08-10T06:04:59+00:00 features={"close": 1.85, "bb_lower": 1.8608361364850348, "bb_upper": 1.9467829111340134, "rsi": 38.8776318620055, "mfi": null, "atr": 0.02285714285714283}
[BLOCKED] EDUTRY reason=insufficient_cash order=71.48 cash=71.59
[SIGNAL] 2026-08-10T05:59:59+00:00 GUNTRY BUY fill_at=2026-08-10T06:04:59+00:00 features={"close": 0.155, "bb_lower": 0.15508452410002554, "bb_upper": 0.15996309494759342, "rsi": 40.48561106277756, "mfi": null, "atr": 0.0012142857142857153}
[BLOCKED] GUNTRY reason=insufficient_cash order=71.48 cash=71.59
[SCAN] 2026-08-10T06:04:59+00:00 symbols=121 signals=2 entries=0 exits=0 blocked=2 open=7 cash=71.59 equity=10047.09
[SIGNAL] 2026-08-10T06:04:59+00:00 EDUTRY BUY fill_at=2026-08-10T06:09:59+00:00 features={"close": 1.84, "bb_lower": 1.8503492165964743, "bb_upper": 1.9486984024511453, "rsi": 36.90145312405831, "mfi": null, "atr": 0.023571428571428545}
[BLOCKED] EDUTRY reason=insufficient_cash order=71.48 cash=71.59
[SIGNAL] 2026-08-10T06:04:59+00:00 GUNTRY BUY fill_at=2026-08-10T06:09:59+00:00 features={"close": 0.155, "bb_lower": 0.15538302375369975, "bb_upper": 0.1597598333891573, "rsi": 40.48561106277756, "mfi": null, "atr": 0.0012142857142857153}
[BLOCKED] GUNTRY reason=insufficient_cash order=71.48 cash=71.59
[SCAN] 2026-08-10T06:09:59+00:00 symbols=121 signals=2 entries=0 exits=0 blocked=2 open=7 cash=71.59 equity=10069.61
[EXIT] 2026-08-10T06:14:59+00:00 VICTRY reason=bb_mfi_v3_signal_exit pnl=+119.12 cash=2166.19
[SIGNAL] 2026-08-10T06:09:59+00:00 EDUTRY BUY fill_at=2026-08-10T06:14:59+00:00 features={"close": 1.84, "bb_lower": 1.841353435455885, "bb_upper": 1.9500751359726873, "rsi": 36.90145312405831, "mfi": null, "atr": 0.01999999999999997}
[ENTRY] 2026-08-10T06:14:59+00:00 EDUTRY layer=1 value=1004.19 entry=1.84138000 cash=1160.50
[SCAN] 2026-08-10T06:14:59+00:00 symbols=121 signals=1 entries=1 exits=1 blocked=0 open=7 cash=1160.50 equity=10039.61
[SIGNAL] 2026-08-10T06:14:59+00:00 CRVTRY BUY fill_at=2026-08-10T06:19:59+00:00 features={"close": 11.41, "bb_lower": 11.414399783928245, "bb_upper": 11.47988593035747, "rsi": 38.62928140417845, "mfi": null, "atr": 0.010000000000000422}
[ENTRY] 2026-08-10T06:19:59+00:00 CRVTRY layer=1 value=1003.86 entry=11.41855750 cash=155.13
[SCAN] 2026-08-10T06:19:59+00:00 symbols=121 signals=1 entries=1 exits=0 blocked=0 open=8 cash=155.13 equity=10036.36
[SIGNAL] 2026-08-10T06:19:59+00:00 CETUSTRY BUY fill_at=2026-08-10T06:24:59+00:00 features={"close": 0.934, "bb_lower": 0.9359152438634897, "bb_upper": 0.9549418989936531, "rsi": 36.6339162982778, "mfi": null, "atr": 0.004499999999999996}
[ENTRY] 2026-08-10T06:24:59+00:00 CETUSTRY layer=1 value=154.90 entry=0.93470050 cash=0.00
[SIGNAL] 2026-08-10T06:19:59+00:00 MUBARAKTRY BUY fill_at=2026-08-10T06:24:59+00:00 features={"close": 1.015, "bb_lower": 1.0486603710534474, "bb_upper": 1.1509586765655997, "rsi": 30.226957929847487, "mfi": null, "atr": 0.0332857142857143}
[BLOCKED] MUBARAKTRY reason=insufficient_cash order=0.00 cash=0.00
[SIGNAL] 2026-08-10T06:19:59+00:00 TSTTRY BUY fill_at=2026-08-10T06:24:59+00:00 features={"close": 0.867, "bb_lower": 0.8680971240905605, "bb_upper": 0.9065695425761066, "rsi": 38.8413291744211, "mfi": null, "atr": 0.01592857142857144}
[BLOCKED] TSTTRY reason=insufficient_cash order=0.00 cash=0.00
[SCAN] 2026-08-10T06:24:59+00:00 symbols=121 signals=3 entries=1 exits=0 blocked=2 open=9 cash=0.00 equity=10033.08
[SIGNAL] 2026-08-10T06:24:59+00:00 CETUSTRY BUY fill_at=2026-08-10T06:29:59+00:00 features={"close": 0.93, "bb_lower": 0.9331158916783322, "bb_upper": 0.9559317273692869, "rsi": 33.5805532889588, "mfi": null, "atr": 0.004071428571428567}
[BLOCKED] CETUSTRY reason=insufficient_cash order=0.00 cash=0.00
[SIGNAL] 2026-08-10T06:24:59+00:00 MUBARAKTRY BUY fill_at=2026-08-10T06:29:59+00:00 features={"close": 1.02, "bb_lower": 1.0344032095323872, "bb_upper": 1.15673964761047, "rsi": 31.727775146238017, "mfi": null, "atr": 0.032142857142857154}
[BLOCKED] MUBARAKTRY reason=insufficient_cash order=0.00 cash=0.00
[SIGNAL] 2026-08-10T06:24:59+00:00 TSTTRY BUY fill_at=2026-08-10T06:29:59+00:00 features={"close": 0.854, "bb_lower": 0.8617747213827313, "bb_upper": 0.90917765956965, "rsi": 34.622210531024365, "mfi": null, "atr": 0.016642857142857157}
[BLOCKED] TSTTRY reason=insufficient_cash order=0.00 cash=0.00
[SCAN] 2026-08-10T06:29:59+00:00 symbols=121 signals=3 entries=0 exits=0 blocked=3 open=9 cash=0.00 equity=10057.35
[EXIT] 2026-08-10T06:34:59+00:00 ALTTRY reason=bb_mfi_v3_signal_exit pnl=+60.88 cash=2075.20
[SIGNAL] 2026-08-10T06:29:59+00:00 CETUSTRY BUY fill_at=2026-08-10T06:34:59+00:00 features={"close": 0.927, "bb_lower": 0.9303695554394377, "bb_upper": 0.9574399683700862, "rsi": 31.450704189404576, "mfi": null, "atr": 0.0039285714285714245}
[ENTRY] 2026-08-10T06:34:59+00:00 CETUSTRY layer=2 value=1004.52 entry=0.92869600 cash=1069.17
[SIGNAL] 2026-08-10T06:29:59+00:00 CRVTRY BUY fill_at=2026-08-10T06:34:59+00:00 features={"close": 11.37, "bb_lower": 11.393818861775307, "bb_upper": 11.490943042986599, "rsi": 34.27317132312358, "mfi": null, "atr": 0.015000000000000189}
[ENTRY] 2026-08-10T06:34:59+00:00 CRVTRY layer=2 value=1003.64 entry=11.39854250 cash=64.03
[SIGNAL] 2026-08-10T06:29:59+00:00 CYBERTRY BUY fill_at=2026-08-10T06:34:59+00:00 features={"close": 14.9, "bb_lower": 14.919151187684989, "bb_upper": 15.137991669457865, "rsi": 32.67887168085504, "mfi": null, "atr": 0.042857142857142705}
[BLOCKED] CYBERTRY reason=insufficient_cash order=63.93 cash=64.03
[SIGNAL] 2026-08-10T06:29:59+00:00 TSTTRY BUY fill_at=2026-08-10T06:34:59+00:00 features={"close": 0.847, "bb_lower": 0.854745401591603, "bb_upper": 0.9119212650750639, "rsi": 32.55912526553034, "mfi": null, "atr": 0.01721428571428573}
[BLOCKED] TSTTRY reason=insufficient_cash order=63.93 cash=64.03
[SCAN] 2026-08-10T06:34:59+00:00 symbols=121 signals=4 entries=2 exits=1 blocked=2 open=8 cash=64.03 equity=10034.17
[SIGNAL] 2026-08-10T06:34:59+00:00 CYBERTRY BUY fill_at=2026-08-10T06:39:59+00:00 features={"close": 14.9, "bb_lower": 14.901630209467257, "bb_upper": 15.136465028627978, "rsi": 32.67887168085504, "mfi": null, "atr": 0.02857142857142847}
[BLOCKED] CYBERTRY reason=insufficient_cash order=63.93 cash=64.03
[SIGNAL] 2026-08-10T06:34:59+00:00 FFTRY BUY fill_at=2026-08-10T06:39:59+00:00 features={"close": 3.023, "bb_lower": 3.0234241647747218, "bb_upper": 3.0311472637967074, "rsi": 37.69494622438593, "mfi": null, "atr": 0.0012142857142857075}
[BLOCKED] FFTRY reason=insufficient_cash order=63.93 cash=64.03
[SIGNAL] 2026-08-10T06:34:59+00:00 MUBARAKTRY BUY fill_at=2026-08-10T06:39:59+00:00 features={"close": 0.997, "bb_lower": 0.9993945645992879, "bb_upper": 1.1701292449245213, "rsi": 30.363716730070934, "mfi": null, "atr": 0.03185714285714288}
[BLOCKED] MUBARAKTRY reason=insufficient_cash order=63.93 cash=64.03
[SIGNAL] 2026-08-10T06:34:59+00:00 RETRY BUY fill_at=2026-08-10T06:39:59+00:00 features={"close": 19.38, "bb_lower": 19.399841356201556, "bb_upper": 19.691587215227017, "rsi": 39.87797807934994, "mfi": null, "atr": 0.09785714285714267}
[BLOCKED] RETRY reason=insufficient_cash order=63.93 cash=64.03
[SCAN] 2026-08-10T06:39:59+00:00 symbols=121 signals=4 entries=0 exits=0 blocked=4 open=8 cash=64.03 equity=10006.07
[SIGNAL] 2026-08-10T06:39:59+00:00 ALPINETRY BUY fill_at=2026-08-10T06:44:59+00:00 features={"close": 15.84, "bb_lower": 15.851744534308358, "bb_upper": 15.98635070378687, "rsi": 35.93973313172998, "mfi": null, "atr": 0.037142857142857366}
[BLOCKED] ALPINETRY reason=insufficient_cash order=63.93 cash=64.03
[SIGNAL] 2026-08-10T06:39:59+00:00 ETHFITRY BUY fill_at=2026-08-10T06:44:59+00:00 features={"close": 18.55, "bb_lower": 18.568864267157373, "bb_upper": 18.834945256652155, "rsi": 33.411470909289534, "mfi": null, "atr": 0.04928571428571438}
[BLOCKED] ETHFITRY reason=insufficient_cash order=63.93 cash=64.03
[SIGNAL] 2026-08-10T06:39:59+00:00 RETRY BUY fill_at=2026-08-10T06:44:59+00:00 features={"close": 19.36, "bb_lower": 19.37303786537587, "bb_upper": 19.704104991766982, "rsi": 38.72974494108962, "mfi": null, "atr": 0.09071428571428568}
[BLOCKED] RETRY reason=insufficient_cash order=63.93 cash=64.03
[SCAN] 2026-08-10T06:44:59+00:00 symbols=121 signals=3 entries=0 exits=0 blocked=3 open=8 cash=64.03 equity=10001.03
[SIGNAL] 2026-08-10T06:44:59+00:00 ALPINETRY BUY fill_at=2026-08-10T06:49:59+00:00 features={"close": 15.8, "bb_lower": 15.832910071067245, "bb_upper": 15.987089928932752, "rsi": 31.890453307072846, "mfi": null, "atr": 0.04000000000000016}
[BLOCKED] ALPINETRY reason=insufficient_cash order=63.93 cash=64.03
[SIGNAL] 2026-08-10T06:44:59+00:00 ETHFITRY BUY fill_at=2026-08-10T06:49:59+00:00 features={"close": 18.53, "bb_lower": 18.541333213234903, "bb_upper": 18.843428691527006, "rsi": 31.855626973670255, "mfi": null, "atr": 0.050714285714285774}
[BLOCKED] ETHFITRY reason=insufficient_cash order=63.93 cash=64.03
[SIGNAL] 2026-08-10T06:44:59+00:00 FTRY BUY fill_at=2026-08-10T06:49:59+00:00 features={"close": 0.1384, "bb_lower": 0.13840485011844542, "bb_upper": 0.13866181654822127, "rsi": 49.63477390903854, "mfi": null, "atr": 2.1428571428571052e-05}
[BLOCKED] FTRY reason=insufficient_cash order=63.93 cash=64.03
[SIGNAL] 2026-08-10T06:44:59+00:00 HAEDALTRY BUY fill_at=2026-08-10T06:49:59+00:00 features={"close": 0.811, "bb_lower": 0.8114125347755335, "bb_upper": 0.8237303223673237, "rsi": 34.04219537067097, "mfi": null, "atr": 0.0016428571428571364}
[BLOCKED] HAEDALTRY reason=insufficient_cash order=63.93 cash=64.03
[SCAN] 2026-08-10T06:49:59+00:00 symbols=121 signals=4 entries=0 exits=0 blocked=4 open=8 cash=64.03 equity=10023.44
[SIGNAL] 2026-08-10T06:49:59+00:00 ETHFITRY BUY fill_at=2026-08-10T06:54:59+00:00 features={"close": 18.51, "bb_lower": 18.51359029691446, "bb_upper": 18.853076369752205, "rsi": 30.325791634671447, "mfi": null, "atr": 0.051428571428571344}
[BLOCKED] ETHFITRY reason=insufficient_cash order=63.93 cash=64.03
[SIGNAL] 2026-08-10T06:49:59+00:00 MEMETRY BUY fill_at=2026-08-10T06:54:59+00:00 features={"close": 0.0249, "bb_lower": 0.024920646099369538, "bb_upper": 0.025146020567297145, "rsi": 31.338711920766514, "mfi": null, "atr": 6.428571428571488e-05}
[BLOCKED] MEMETRY reason=insufficient_cash order=63.93 cash=64.03
[SCAN] 2026-08-10T06:54:59+00:00 symbols=121 signals=2 entries=0 exits=0 blocked=2 open=8 cash=64.03 equity=10010.73
[SIGNAL] 2026-08-10T06:54:59+00:00 CHIPTRY BUY fill_at=2026-08-10T06:59:59+00:00 features={"close": 1.0505, "bb_lower": 1.0511430637735484, "bb_upper": 1.058275983845499, "rsi": 38.84368556169237, "mfi": null, "atr": 0.0013357142857142814}
[BLOCKED] CHIPTRY reason=insufficient_cash order=63.93 cash=64.03
[SIGNAL] 2026-08-10T06:54:59+00:00 FTRY BUY fill_at=2026-08-10T06:59:59+00:00 features={"close": 0.1382, "bb_lower": 0.13831476250149277, "bb_upper": 0.13869476130803104, "rsi": 32.707211355691285, "mfi": null, "atr": 2.1428571428573034e-05}
[BLOCKED] FTRY reason=insufficient_cash order=63.93 cash=64.03
[SIGNAL] 2026-08-10T06:54:59+00:00 MEMETRY BUY fill_at=2026-08-10T06:59:59+00:00 features={"close": 0.0249, "bb_lower": 0.024901845252620333, "bb_upper": 0.02514577379499873, "rsi": 31.338711920766528, "mfi": null, "atr": 5.7142857142857785e-05}
[BLOCKED] MEMETRY reason=insufficient_cash order=63.93 cash=64.03
[SIGNAL] 2026-08-10T06:54:59+00:00 SPKTRY BUY fill_at=2026-08-10T06:59:59+00:00 features={"close": 0.6978, "bb_lower": 0.6986802060782643, "bb_upper": 0.70220550820745, "rsi": 33.346585349607224, "mfi": null, "atr": 0.0005428571428571545}
[BLOCKED] SPKTRY reason=insufficient_cash order=63.93 cash=64.03
[SCAN] 2026-08-10T06:59:59+00:00 symbols=121 signals=4 entries=0 exits=0 blocked=4 open=8 cash=64.03 equity=10012.76
[SIGNAL] 2026-08-10T06:59:59+00:00 ALGOTRY BUY fill_at=2026-08-10T07:04:59+00:00 features={"close": 3.911, "bb_lower": 3.9115990251873316, "bb_upper": 3.9261152605269563, "rsi": 42.391659051218745, "mfi": null, "atr": 0.00257142857142851}
[BLOCKED] ALGOTRY reason=insufficient_cash order=63.93 cash=64.03
[SIGNAL] 2026-08-10T06:59:59+00:00 FTRY BUY fill_at=2026-08-10T07:04:59+00:00 features={"close": 0.1382, "bb_lower": 0.13826074263217106, "bb_upper": 0.13871068593925748, "rsi": 32.707211355691285, "mfi": null, "atr": 2.1428571428573034e-05}
[BLOCKED] FTRY reason=insufficient_cash order=63.93 cash=64.03
[SIGNAL] 2026-08-10T06:59:59+00:00 NILTRY BUY fill_at=2026-08-10T07:04:59+00:00 features={"close": 1.958, "bb_lower": 1.985696940285873, "bb_upper": 2.227826869237936, "rsi": 30.556297672246004, "mfi": null, "atr": 0.05371428571428573}
[BLOCKED] NILTRY reason=insufficient_cash order=63.93 cash=64.03
[SCAN] 2026-08-10T07:04:59+00:00 symbols=121 signals=3 entries=0 exits=0 blocked=3 open=8 cash=64.03 equity=10021.91
[SIGNAL] 2026-08-10T07:04:59+00:00 FTRY BUY fill_at=2026-08-10T07:09:59+00:00 features={"close": 0.1382, "bb_lower": 0.13821722284088173, "bb_upper": 0.13871611049245158, "rsi": 32.707211355691285, "mfi": null, "atr": 2.1428571428573034e-05}
[BLOCKED] FTRY reason=insufficient_cash order=63.93 cash=64.03
[SIGNAL] 2026-08-10T07:04:59+00:00 MAVTRY BUY fill_at=2026-08-10T07:09:59+00:00 features={"close": 0.42, "bb_lower": 0.42018452526203265, "bb_upper": 0.4445773794998721, "rsi": 34.15380795465066, "mfi": null, "atr": 0.0064285714285714345}
[BLOCKED] MAVTRY reason=insufficient_cash order=63.93 cash=64.03
[SIGNAL] 2026-08-10T07:04:59+00:00 ZROTRY BUY fill_at=2026-08-10T07:09:59+00:00 features={"close": 41.0, "bb_lower": 41.097634117541595, "bb_upper": 41.47379445388696, "rsi": 35.722261972728134, "mfi": null, "atr": 0.0714285714285694}
[BLOCKED] ZROTRY reason=insufficient_cash order=63.93 cash=64.03
[SCAN] 2026-08-10T07:09:59+00:00 symbols=121 signals=3 entries=0 exits=0 blocked=3 open=8 cash=64.03 equity=10008.34
[SIGNAL] 2026-08-10T07:09:59+00:00 0GTRY BUY fill_at=2026-08-10T07:14:59+00:00 features={"close": 7.27, "bb_lower": 7.271725243704019, "bb_upper": 7.35779856581979, "rsi": 36.34136581249475, "mfi": null, "atr": 0.018571428571428492}
[BLOCKED] 0GTRY reason=insufficient_cash order=63.93 cash=64.03
[SIGNAL] 2026-08-10T07:09:59+00:00 ORDITRY BUY fill_at=2026-08-10T07:14:59+00:00 features={"close": 166.9, "bb_lower": 167.11545843085304, "bb_upper": 169.5893034739089, "rsi": 32.3550936663393, "mfi": null, "atr": 0.5428571428571445}
[BLOCKED] ORDITRY reason=insufficient_cash order=63.93 cash=64.03
[SIGNAL] 2026-08-10T07:09:59+00:00 PUMPTRY BUY fill_at=2026-08-10T07:14:59+00:00 features={"close": 0.1339, "bb_lower": 0.1340544929902136, "bb_upper": 0.13706931653359594, "rsi": 44.973483237520554, "mfi": null, "atr": 0.0010142857142857156}
[BLOCKED] PUMPTRY reason=insufficient_cash order=63.93 cash=64.03
[SIGNAL] 2026-08-10T07:09:59+00:00 ZROTRY BUY fill_at=2026-08-10T07:14:59+00:00 features={"close": 40.9, "bb_lower": 41.023443493975385, "bb_upper": 41.51941364888173, "rsi": 31.441675139409128, "mfi": null, "atr": 0.06428571428571266}
[BLOCKED] ZROTRY reason=insufficient_cash order=63.93 cash=64.03
[SCAN] 2026-08-10T07:14:59+00:00 symbols=121 signals=4 entries=0 exits=0 blocked=4 open=8 cash=64.03 equity=9977.33
[SIGNAL] 2026-08-10T07:14:59+00:00 1MBABYDOGETRY BUY fill_at=2026-08-10T07:19:59+00:00 features={"close": 0.01676, "bb_lower": 0.016760437955153164, "bb_upper": 0.01694432394960874, "rsi": 33.268777300642256, "mfi": null, "atr": 2.0714285714285366e-05}
[BLOCKED] 1MBABYDOGETRY reason=insufficient_cash order=63.93 cash=64.03
[SIGNAL] 2026-08-10T07:14:59+00:00 ORDITRY BUY fill_at=2026-08-10T07:19:59+00:00 features={"close": 166.9, "bb_lower": 166.94339648936833, "bb_upper": 169.67565112967932, "rsi": 32.3550936663393, "mfi": null, "atr": 0.5214285714285742}
[BLOCKED] ORDITRY reason=insufficient_cash order=63.93 cash=64.03
[SIGNAL] 2026-08-10T07:14:59+00:00 PUMPTRY BUY fill_at=2026-08-10T07:19:59+00:00 features={"close": 0.1322, "bb_lower": 0.13334818705891374, "bb_upper": 0.13749943198870532, "rsi": 36.168031049551885, "mfi": null, "atr": 0.0010285714285714284}
[BLOCKED] PUMPTRY reason=insufficient_cash order=63.93 cash=64.03
[SIGNAL] 2026-08-10T07:14:59+00:00 ZROTRY BUY fill_at=2026-08-10T07:19:59+00:00 features={"close": 40.9, "bb_lower": 40.96980435834606, "bb_upper": 41.515909927368206, "rsi": 31.441675139409128, "mfi": null, "atr": 0.04999999999999868}
[BLOCKED] ZROTRY reason=insufficient_cash order=63.93 cash=64.03
[SCAN] 2026-08-10T07:19:59+00:00 symbols=121 signals=4 entries=0 exits=0 blocked=4 open=8 cash=64.03 equity=9978.20
[SIGNAL] 2026-08-10T07:19:59+00:00 CRVTRY BUY fill_at=2026-08-10T07:24:59+00:00 features={"close": 11.34, "bb_lower": 11.348586311340775, "bb_upper": 11.470461307706842, "rsi": 31.454279328348093, "mfi": null, "atr": 0.02071428571428578}
[BLOCKED] CRVTRY reason=max_layers
[SIGNAL] 2026-08-10T07:19:59+00:00 PUMPTRY BUY fill_at=2026-08-10T07:24:59+00:00 features={"close": 0.1324, "bb_lower": 0.1328531654466747, "bb_upper": 0.13773731074380158, "rsi": 37.72210696409424, "mfi": null, "atr": 0.0009642857142857132}
[BLOCKED] PUMPTRY reason=insufficient_cash order=63.93 cash=64.03
[SIGNAL] 2026-08-10T07:19:59+00:00 REZTRY BUY fill_at=2026-08-10T07:24:59+00:00 features={"close": 0.1378, "bb_lower": 0.13788358591658434, "bb_upper": 0.13898308075008237, "rsi": 41.00147650193188, "mfi": null, "atr": 0.00040000000000000154}
[BLOCKED] REZTRY reason=insufficient_cash order=63.93 cash=64.03
[SIGNAL] 2026-08-10T07:19:59+00:00 STOTRY BUY fill_at=2026-08-10T07:24:59+00:00 features={"close": 1.933, "bb_lower": 1.934563561197046, "bb_upper": 1.9573412007077153, "rsi": 39.69500285949241, "mfi": null, "atr": 0.006714285714285736}
[BLOCKED] STOTRY reason=insufficient_cash order=63.93 cash=64.03
[SCAN] 2026-08-10T07:24:59+00:00 symbols=121 signals=4 entries=0 exits=0 blocked=4 open=8 cash=64.03 equity=10004.60
[SIGNAL] 2026-08-10T07:24:59+00:00 PUMPTRY BUY fill_at=2026-08-10T07:29:59+00:00 features={"close": 0.1324, "bb_lower": 0.13241305158242486, "bb_upper": 0.1378345674651942, "rsi": 37.72210696409424, "mfi": null, "atr": 0.000942857142857144}
[BLOCKED] PUMPTRY reason=insufficient_cash order=63.93 cash=64.03
[SIGNAL] 2026-08-10T07:24:59+00:00 SPELLTRY BUY fill_at=2026-08-10T07:29:59+00:00 features={"close": 0.00382, "bb_lower": 0.0038202943752778354, "bb_upper": 0.0038454199104364507, "rsi": 32.53051072234949, "mfi": null, "atr": 4.285714285714297e-06}
[BLOCKED] SPELLTRY reason=insufficient_cash order=63.93 cash=64.03
[SCAN] 2026-08-10T07:29:59+00:00 symbols=121 signals=2 entries=0 exits=0 blocked=2 open=8 cash=64.03 equity=10025.09
[SIGNAL] 2026-08-10T07:29:59+00:00 ATOMTRY BUY fill_at=2026-08-10T07:34:59+00:00 features={"close": 65.6, "bb_lower": 65.62434026752382, "bb_upper": 65.79470735152381, "rsi": 35.20503877690119, "mfi": null, "atr": 0.014285714285714488}
[BLOCKED] ATOMTRY reason=insufficient_cash order=63.93 cash=64.03
[SIGNAL] 2026-08-10T07:29:59+00:00 BLURTRY BUY fill_at=2026-08-10T07:34:59+00:00 features={"close": 0.661, "bb_lower": 0.6611911566014729, "bb_upper": 0.664523129112813, "rsi": 37.02251740215749, "mfi": null, "atr": 0.00028571428571428595}
[BLOCKED] BLURTRY reason=insufficient_cash order=63.93 cash=64.03
[SIGNAL] 2026-08-10T07:29:59+00:00 REDTRY BUY fill_at=2026-08-10T07:34:59+00:00 features={"close": 4.18, "bb_lower": 4.180804992279832, "bb_upper": 4.216337864863027, "rsi": 39.17009826820281, "mfi": null, "atr": 0.008571428571428579}
[BLOCKED] REDTRY reason=insufficient_cash order=63.93 cash=64.03
[SCAN] 2026-08-10T07:34:59+00:00 symbols=121 signals=3 entries=0 exits=0 blocked=3 open=8 cash=64.03 equity=10060.68
[SIGNAL] 2026-08-10T07:34:59+00:00 BMTTRY BUY fill_at=2026-08-10T07:39:59+00:00 features={"close": 1.631, "bb_lower": 1.664726321123932, "bb_upper": 1.978226059828449, "rsi": 33.98758191746015, "mfi": null, "atr": 0.0753571428571429}
[BLOCKED] BMTTRY reason=insufficient_cash order=63.93 cash=64.03
[SIGNAL] 2026-08-10T07:34:59+00:00 PUMPTRY BUY fill_at=2026-08-10T07:39:59+00:00 features={"close": 0.1314, "bb_lower": 0.13142498295625682, "bb_upper": 0.13799406466279085, "rsi": 32.80157357405237, "mfi": null, "atr": 0.0009357142857142878}
[BLOCKED] PUMPTRY reason=insufficient_cash order=63.93 cash=64.03
[SCAN] 2026-08-10T07:39:59+00:00 symbols=121 signals=2 entries=0 exits=0 blocked=2 open=8 cash=64.03 equity=10065.48
[SIGNAL] 2026-08-10T07:39:59+00:00 BMTTRY BUY fill_at=2026-08-10T07:44:59+00:00 features={"close": 1.625, "bb_lower": 1.633827422024758, "bb_upper": 1.986648768451432, "rsi": 33.60100718326362, "mfi": null, "atr": 0.07414285714285718}
[BLOCKED] BMTTRY reason=insufficient_cash order=63.93 cash=64.03
[SCAN] 2026-08-10T07:44:59+00:00 symbols=121 signals=1 entries=0 exits=0 blocked=1 open=8 cash=64.03 equity=10058.40
[SIGNAL] 2026-08-10T07:44:59+00:00 BMTTRY BUY fill_at=2026-08-10T07:49:59+00:00 features={"close": 1.59, "bb_lower": 1.5996282770464536, "bb_upper": 1.99370505628688, "rsi": 31.34780949171933, "mfi": null, "atr": 0.07485714285714289}
[BLOCKED] BMTTRY reason=insufficient_cash order=63.93 cash=64.03
[SIGNAL] 2026-08-10T07:44:59+00:00 TURTLETRY BUY fill_at=2026-08-10T07:49:59+00:00 features={"close": 2.17, "bb_lower": 2.1712712843905604, "bb_upper": 2.18872871560944, "rsi": 31.803507637121584, "mfi": null, "atr": 0.0021428571428571924}
[BLOCKED] TURTLETRY reason=insufficient_cash order=63.93 cash=64.03
[SIGNAL] 2026-08-10T07:44:59+00:00 USTCTRY BUY fill_at=2026-08-10T07:49:59+00:00 features={"close": 0.2402, "bb_lower": 0.240225283459017, "bb_upper": 0.24126995463622097, "rsi": 34.81426819271137, "mfi": null, "atr": 7.857142857142983e-05}
[BLOCKED] USTCTRY reason=insufficient_cash order=63.93 cash=64.03
[SCAN] 2026-08-10T07:49:59+00:00 symbols=121 signals=3 entries=0 exits=0 blocked=3 open=8 cash=64.03 equity=10045.01
[SIGNAL] 2026-08-10T07:49:59+00:00 ALGOTRY BUY fill_at=2026-08-10T07:54:59+00:00 features={"close": 3.911, "bb_lower": 3.911328489327391, "bb_upper": 3.9221000821011804, "rsi": 42.50421901878131, "mfi": null, "atr": 0.0028571428571427643}
[BLOCKED] ALGOTRY reason=insufficient_cash order=63.93 cash=64.03
[SCAN] 2026-08-10T07:54:59+00:00 symbols=121 signals=1 entries=0 exits=0 blocked=1 open=8 cash=64.03 equity=10045.71
[SIGNAL] 2026-08-10T07:54:59+00:00 KITETRY BUY fill_at=2026-08-10T07:59:59+00:00 features={"close": 4.826, "bb_lower": 4.83074107441495, "bb_upper": 4.88116368748981, "rsi": 38.502093762922634, "mfi": null, "atr": 0.010928571428571463}
[BLOCKED] KITETRY reason=insufficient_cash order=63.93 cash=64.03
[SIGNAL] 2026-08-10T07:54:59+00:00 MAVTRY BUY fill_at=2026-08-10T07:59:59+00:00 features={"close": 0.42, "bb_lower": 0.42048501184454085, "bb_upper": 0.44618165482212574, "rsi": 36.561121082777724, "mfi": null, "atr": 0.00714285714285715}
[BLOCKED] MAVTRY reason=insufficient_cash order=63.93 cash=64.03
[SCAN] 2026-08-10T07:59:59+00:00 symbols=121 signals=2 entries=0 exits=0 blocked=2 open=8 cash=64.03 equity=10054.50
[SIGNAL] 2026-08-10T07:59:59+00:00 API3TRY BUY fill_at=2026-08-10T08:04:59+00:00 features={"close": 9.24, "bb_lower": 9.24290047771419, "bb_upper": 9.284718569904857, "rsi": 31.993932014585525, "mfi": null, "atr": 0.005714285714285593}
[BLOCKED] API3TRY reason=insufficient_cash order=63.93 cash=64.03
[SIGNAL] 2026-08-10T07:59:59+00:00 FLOKITRY BUY fill_at=2026-08-10T08:04:59+00:00 features={"close": 0.001025, "bb_lower": 0.001025086597901488, "bb_upper": 0.001029294354479464, "rsi": 43.13983740696388, "mfi": null, "atr": 1.3571428571428979e-06}
[BLOCKED] FLOKITRY reason=insufficient_cash order=63.93 cash=64.03
[SIGNAL] 2026-08-10T07:59:59+00:00 KITETRY BUY fill_at=2026-08-10T08:04:59+00:00 features={"close": 4.815, "bb_lower": 4.823250300062885, "bb_upper": 4.884178271365684, "rsi": 34.661426307809876, "mfi": null, "atr": 0.01200000000000001}
[BLOCKED] KITETRY reason=insufficient_cash order=63.93 cash=64.03
[SIGNAL] 2026-08-10T07:59:59+00:00 LDOTRY BUY fill_at=2026-08-10T08:04:59+00:00 features={"close": 13.97, "bb_lower": 13.97736720584222, "bb_upper": 14.171204222729209, "rsi": 34.293991013460044, "mfi": null, "atr": 0.030714285714285694}
[BLOCKED] LDOTRY reason=insufficient_cash order=63.93 cash=64.03
[SIGNAL] 2026-08-10T07:59:59+00:00 SCRTRY BUY fill_at=2026-08-10T08:04:59+00:00 features={"close": 1.024, "bb_lower": 1.0243386255953952, "bb_upper": 1.0466137553569856, "rsi": 40.85582718076322, "mfi": null, "atr": 0.004500000000000027}
[BLOCKED] SCRTRY reason=insufficient_cash order=63.93 cash=64.03
[SCAN] 2026-08-10T08:04:59+00:00 symbols=121 signals=5 entries=0 exits=0 blocked=5 open=8 cash=64.03 equity=10074.18
[EXIT] 2026-08-10T08:09:59+00:00 TSTTRY reason=bb_mfi_v3_signal_exit pnl=+18.48 cash=1083.78
[SIGNAL] 2026-08-10T08:04:59+00:00 KITETRY BUY fill_at=2026-08-10T08:09:59+00:00 features={"close": 4.81, "bb_lower": 4.815810928152359, "bb_upper": 4.886855738514306, "rsi": 33.038559467097315, "mfi": null, "atr": 0.011357142857142843}
[ENTRY] 2026-08-10T08:09:59+00:00 KITETRY layer=1 value=1007.45 entry=4.83362250 cash=74.83
[SCAN] 2026-08-10T08:09:59+00:00 symbols=121 signals=1 entries=1 exits=1 blocked=0 open=8 cash=74.83 equity=10072.40
[SCAN] 2026-08-10T08:14:59+00:00 symbols=121 signals=0 entries=0 exits=0 blocked=0 open=8 cash=74.83 equity=10061.44
[SIGNAL] 2026-08-10T08:14:59+00:00 ALLOTRY BUY fill_at=2026-08-10T08:19:59+00:00 features={"close": 14.54, "bb_lower": 14.540242452822799, "bb_upper": 14.865471832891487, "rsi": 38.42313978727305, "mfi": null, "atr": 0.06214285714285734}
[BLOCKED] ALLOTRY reason=insufficient_cash order=74.71 cash=74.83
[SCAN] 2026-08-10T08:19:59+00:00 symbols=121 signals=1 entries=0 exits=0 blocked=1 open=8 cash=74.83 equity=10057.96
[SIGNAL] 2026-08-10T08:19:59+00:00 ALLOTRY BUY fill_at=2026-08-10T08:24:59+00:00 features={"close": 14.51, "bb_lower": 14.513070914755504, "bb_upper": 14.865024323339737, "rsi": 36.66973533907144, "mfi": null, "atr": 0.06285714285714304}
[BLOCKED] ALLOTRY reason=insufficient_cash order=74.71 cash=74.83
[SIGNAL] 2026-08-10T08:19:59+00:00 FLOKITRY BUY fill_at=2026-08-10T08:24:59+00:00 features={"close": 0.001024, "bb_lower": 0.0010241587794542861, "bb_upper": 0.0010292697919742858, "rsi": 40.83979156614916, "mfi": null, "atr": 1.214285714285705e-06}
[BLOCKED] FLOKITRY reason=insufficient_cash order=74.71 cash=74.83
[SIGNAL] 2026-08-10T08:19:59+00:00 RETRY BUY fill_at=2026-08-10T08:24:59+00:00 features={"close": 19.21, "bb_lower": 19.255913406637482, "bb_upper": 19.6850389743149, "rsi": 32.82782095147485, "mfi": null, "atr": 0.09857142857142824}
[BLOCKED] RETRY reason=insufficient_cash order=74.71 cash=74.83
[SIGNAL] 2026-08-10T08:19:59+00:00 RVNTRY BUY fill_at=2026-08-10T08:24:59+00:00 features={"close": 0.17, "bb_lower": 0.17000241703570257, "bb_upper": 0.17015948772620226, "rsi": 52.07033262997347, "mfi": null, "atr": 7.142857142856356e-06}
[BLOCKED] RVNTRY reason=insufficient_cash order=74.71 cash=74.83
[SCAN] 2026-08-10T08:24:59+00:00 symbols=121 signals=4 entries=0 exits=0 blocked=4 open=8 cash=74.83 equity=10055.54
[SIGNAL] 2026-08-10T08:24:59+00:00 ADATRY BUY fill_at=2026-08-10T08:29:59+00:00 features={"close": 9.4, "bb_lower": 9.403998219887555, "bb_upper": 9.485525589636254, "rsi": 40.55258288756878, "mfi": null, "atr": 0.021428571428571224}
[BLOCKED] ADATRY reason=insufficient_cash order=74.71 cash=74.83
[SIGNAL] 2026-08-10T08:24:59+00:00 RETRY BUY fill_at=2026-08-10T08:29:59+00:00 features={"close": 19.18, "bb_lower": 19.21799853108417, "bb_upper": 19.705810992725347, "rsi": 31.539248723120366, "mfi": null, "atr": 0.0985714285714285}
[BLOCKED] RETRY reason=insufficient_cash order=74.71 cash=74.83
[SIGNAL] 2026-08-10T08:24:59+00:00 RVNTRY BUY fill_at=2026-08-10T08:29:59+00:00 features={"close": 0.17, "bb_lower": 0.17000241703570254, "bb_upper": 0.17015948772620224, "rsi": 52.07033262997347, "mfi": null, "atr": 7.142857142856356e-06}
[BLOCKED] RVNTRY reason=insufficient_cash order=74.71 cash=74.83
[SIGNAL] 2026-08-10T08:24:59+00:00 USDTTRY BUY fill_at=2026-08-10T08:29:59+00:00 features={"close": 47.62, "bb_lower": 47.62396278132779, "bb_upper": 47.6607991234341, "rsi": 40.85511402989945, "mfi": null, "atr": 0.012142857142855235}
[BLOCKED] USDTTRY reason=insufficient_cash order=74.71 cash=74.83
[SCAN] 2026-08-10T08:29:59+00:00 symbols=121 signals=4 entries=0 exits=0 blocked=4 open=8 cash=74.83 equity=10059.66
[SIGNAL] 2026-08-10T08:29:59+00:00 ADATRY BUY fill_at=2026-08-10T08:34:59+00:00 features={"close": 9.38, "bb_lower": 9.392327814268, "bb_upper": 9.490529328589144, "rsi": 36.500953177085385, "mfi": null, "atr": 0.020714285714285526}
[BLOCKED] ADATRY reason=insufficient_cash order=74.71 cash=74.83
[SIGNAL] 2026-08-10T08:29:59+00:00 RVNTRY BUY fill_at=2026-08-10T08:34:59+00:00 features={"close": 0.17, "bb_lower": 0.17000241703570254, "bb_upper": 0.17015948772620224, "rsi": 52.07033262997347, "mfi": null, "atr": 7.142857142856356e-06}
[BLOCKED] RVNTRY reason=insufficient_cash order=74.71 cash=74.83
[SIGNAL] 2026-08-10T08:29:59+00:00 TLMTRY BUY fill_at=2026-08-10T08:34:59+00:00 features={"close": 0.0752, "bb_lower": 0.07538463304911654, "bb_upper": 0.07653917647469304, "rsi": 31.915745768058798, "mfi": null, "atr": 0.0002357142857142875}
[BLOCKED] TLMTRY reason=insufficient_cash order=74.71 cash=74.83
[SIGNAL] 2026-08-10T08:29:59+00:00 USDTTRY BUY fill_at=2026-08-10T08:34:59+00:00 features={"close": 47.62, "bb_lower": 47.62396278132779, "bb_upper": 47.6607991234341, "rsi": 40.85511402989945, "mfi": null, "atr": 0.012142857142855743}
[BLOCKED] USDTTRY reason=insufficient_cash order=74.71 cash=74.83
[SCAN] 2026-08-10T08:34:59+00:00 symbols=121 signals=4 entries=0 exits=0 blocked=4 open=8 cash=74.83 equity=10085.16
[SIGNAL] 2026-08-10T08:34:59+00:00 ADATRY BUY fill_at=2026-08-10T08:39:59+00:00 features={"close": 9.38, "bb_lower": 9.383531079459848, "bb_upper": 9.49456415863539, "rsi": 36.500953177085385, "mfi": null, "atr": 0.01928571428571413}
[BLOCKED] ADATRY reason=insufficient_cash order=74.71 cash=74.83
[SIGNAL] 2026-08-10T08:34:59+00:00 PSGTRY BUY fill_at=2026-08-10T08:39:59+00:00 features={"close": 24.84, "bb_lower": 24.857137844750376, "bb_upper": 25.03810025048773, "rsi": 30.410423771128237, "mfi": null, "atr": 0.030714285714285947}
[BLOCKED] PSGTRY reason=insufficient_cash order=74.71 cash=74.83
[SIGNAL] 2026-08-10T08:34:59+00:00 TLMTRY BUY fill_at=2026-08-10T08:39:59+00:00 features={"close": 0.0751, "bb_lower": 0.07523558570979015, "bb_upper": 0.07660250952830512, "rsi": 30.307909425971175, "mfi": null, "atr": 0.00025000000000000223}
[BLOCKED] TLMTRY reason=insufficient_cash order=74.71 cash=74.83
[SIGNAL] 2026-08-10T08:34:59+00:00 USDTTRY BUY fill_at=2026-08-10T08:39:59+00:00 features={"close": 47.62, "bb_lower": 47.62179170277909, "bb_upper": 47.66201782103042, "rsi": 40.85511402989945, "mfi": null, "atr": 0.01214285714285625}
[BLOCKED] USDTTRY reason=insufficient_cash order=74.71 cash=74.83
[SCAN] 2026-08-10T08:39:59+00:00 symbols=121 signals=4 entries=0 exits=0 blocked=4 open=8 cash=74.83 equity=10073.65
[SIGNAL] 2026-08-10T08:39:59+00:00 APTTRY BUY fill_at=2026-08-10T08:44:59+00:00 features={"close": 28.4, "bb_lower": 28.424340267523814, "bb_upper": 28.594707351523798, "rsi": 36.19996575821925, "mfi": null, "atr": 0.05000000000000071}
[BLOCKED] APTTRY reason=insufficient_cash order=74.71 cash=74.83
[SIGNAL] 2026-08-10T08:39:59+00:00 PSGTRY BUY fill_at=2026-08-10T08:44:59+00:00 features={"close": 24.84, "bb_lower": 24.84182619882018, "bb_upper": 25.038173801179823, "rsi": 30.410423771128237, "mfi": null, "atr": 0.03000000000000012}
[BLOCKED] PSGTRY reason=insufficient_cash order=74.71 cash=74.83
[SIGNAL] 2026-08-10T08:39:59+00:00 TLMTRY BUY fill_at=2026-08-10T08:44:59+00:00 features={"close": 0.0751, "bb_lower": 0.07511241943340102, "bb_upper": 0.07662091389993234, "rsi": 30.307909425971175, "mfi": null, "atr": 0.00025714285714285954}
[BLOCKED] TLMTRY reason=insufficient_cash order=74.71 cash=74.83
[SCAN] 2026-08-10T08:44:59+00:00 symbols=121 signals=3 entries=0 exits=0 blocked=3 open=8 cash=74.83 equity=10059.77
[SIGNAL] 2026-08-10T08:44:59+00:00 ADATRY BUY fill_at=2026-08-10T08:49:59+00:00 features={"close": 9.36, "bb_lower": 9.363811165865172, "bb_upper": 9.50190311984911, "rsi": 32.3869250086164, "mfi": null, "atr": 0.019999999999999955}
[BLOCKED] ADATRY reason=insufficient_cash order=74.71 cash=74.83
[SIGNAL] 2026-08-10T08:44:59+00:00 ALICETRY BUY fill_at=2026-08-10T08:49:59+00:00 features={"close": 5.68, "bb_lower": 5.6801311509564405, "bb_upper": 5.70939265856737, "rsi": 33.43840473429586, "mfi": null, "atr": 0.005714285714285783}
[BLOCKED] ALICETRY reason=insufficient_cash order=74.71 cash=74.83
[SIGNAL] 2026-08-10T08:44:59+00:00 APTTRY BUY fill_at=2026-08-10T08:49:59+00:00 features={"close": 28.4, "bb_lower": 28.407637723550607, "bb_upper": 28.60188608597319, "rsi": 36.19996575821925, "mfi": null, "atr": 0.04285714285714347}
[BLOCKED] APTTRY reason=insufficient_cash order=74.71 cash=74.83
[SIGNAL] 2026-08-10T08:44:59+00:00 ARBTRY BUY fill_at=2026-08-10T08:49:59+00:00 features={"close": 3.8, "bb_lower": 3.8022158742852064, "bb_upper": 3.833974601905269, "rsi": 39.75882814951897, "mfi": null, "atr": 0.0057142857142857195}
[BLOCKED] ARBTRY reason=insufficient_cash order=74.71 cash=74.83
[SIGNAL] 2026-08-10T08:44:59+00:00 FETTRY BUY fill_at=2026-08-10T08:49:59+00:00 features={"close": 6.57, "bb_lower": 6.5743997839282455, "bb_upper": 6.639885930357468, "rsi": 44.730365356707544, "mfi": null, "atr": 0.022142857142857242}
[BLOCKED] FETTRY reason=insufficient_cash order=74.71 cash=74.83
[SIGNAL] 2026-08-10T08:44:59+00:00 SUITRY BUY fill_at=2026-08-10T08:49:59+00:00 features={"close": 33.01, "bb_lower": 33.03596449326123, "bb_upper": 33.227845030548295, "rsi": 34.841008148729614, "mfi": null, "atr": 0.03500000000000166}
[BLOCKED] SUITRY reason=insufficient_cash order=74.71 cash=74.83
[SIGNAL] 2026-08-10T08:44:59+00:00 TAOTRY BUY fill_at=2026-08-10T08:49:59+00:00 features={"close": 9664.0, "bb_lower": 9674.159079929346, "bb_upper": 9744.03139626113, "rsi": 37.33497061042665, "mfi": null, "atr": 15.071428571428571}
[BLOCKED] TAOTRY reason=insufficient_cash order=74.71 cash=74.83
[SIGNAL] 2026-08-10T08:44:59+00:00 TRBTRY BUY fill_at=2026-08-10T08:49:59+00:00 features={"close": 655.0, "bb_lower": 655.3830237536998, "bb_upper": 659.7598333891573, "rsi": 30.900207507387435, "mfi": null, "atr": 0.35714285714285715}
[BLOCKED] TRBTRY reason=insufficient_cash order=74.71 cash=74.83
[SCAN] 2026-08-10T08:49:59+00:00 symbols=121 signals=8 entries=0 exits=0 blocked=8 open=8 cash=74.83 equity=10074.48
[SIGNAL] 2026-08-10T08:49:59+00:00 API3TRY BUY fill_at=2026-08-10T08:54:59+00:00 features={"close": 9.24, "bb_lower": 9.244766971191487, "bb_upper": 9.289518743094233, "rsi": 33.142381097633915, "mfi": null, "atr": 0.00785714285714269}
[BLOCKED] API3TRY reason=insufficient_cash order=74.71 cash=74.83
[SIGNAL] 2026-08-10T08:49:59+00:00 ARBTRY BUY fill_at=2026-08-10T08:54:59+00:00 features={"close": 3.8, "bb_lower": 3.8022158742852064, "bb_upper": 3.833974601905269, "rsi": 39.75882814951897, "mfi": null, "atr": 0.0057142857142857195}
[BLOCKED] ARBTRY reason=insufficient_cash order=74.71 cash=74.83
[SIGNAL] 2026-08-10T08:49:59+00:00 HBARTRY BUY fill_at=2026-08-10T08:54:59+00:00 features={"close": 3.267, "bb_lower": 3.2676001561297725, "bb_upper": 3.2815427010130835, "rsi": 31.762298757754422, "mfi": null, "atr": 0.0014999999999999933}
[BLOCKED] HBARTRY reason=insufficient_cash order=74.71 cash=74.83
[SIGNAL] 2026-08-10T08:49:59+00:00 MUBARAKTRY BUY fill_at=2026-08-10T08:54:59+00:00 features={"close": 0.928, "bb_lower": 0.9359349345748595, "bb_upper": 0.9794936368537117, "rsi": 31.34741824067636, "mfi": null, "atr": 0.016428571428571435}
[BLOCKED] MUBARAKTRY reason=insufficient_cash order=74.71 cash=74.83
[SIGNAL] 2026-08-10T08:49:59+00:00 TRBTRY BUY fill_at=2026-08-10T08:54:59+00:00 features={"close": 655.0, "bb_lower": 655.0369050524065, "bb_upper": 659.9154758999745, "rsi": 30.900207507387435, "mfi": null, "atr": 0.35714285714285715}
[BLOCKED] TRBTRY reason=insufficient_cash order=74.71 cash=74.83
[SCAN] 2026-08-10T08:54:59+00:00 symbols=121 signals=5 entries=0 exits=0 blocked=5 open=8 cash=74.83 equity=10060.87
[SIGNAL] 2026-08-10T08:54:59+00:00 AEVOTRY BUY fill_at=2026-08-10T08:59:59+00:00 features={"close": 0.993, "bb_lower": 0.9930622928012129, "bb_upper": 1.0029377071987866, "rsi": 40.319658622470065, "mfi": null, "atr": 0.0014999999999999697}
[BLOCKED] AEVOTRY reason=insufficient_cash order=74.71 cash=74.83
[SIGNAL] 2026-08-10T08:54:59+00:00 AITRY BUY fill_at=2026-08-10T08:59:59+00:00 features={"close": 0.86, "bb_lower": 0.8602406284528851, "bb_upper": 0.8826165144042578, "rsi": 40.20125921374012, "mfi": null, "atr": 0.0050000000000000044}
[BLOCKED] AITRY reason=insufficient_cash order=74.71 cash=74.83
[SIGNAL] 2026-08-10T08:54:59+00:00 ARBTRY BUY fill_at=2026-08-10T08:59:59+00:00 features={"close": 3.8, "bb_lower": 3.800265840801629, "bb_upper": 3.834972254436465, "rsi": 39.75882814951897, "mfi": null, "atr": 0.0057142857142857195}
[BLOCKED] ARBTRY reason=insufficient_cash order=74.71 cash=74.83
[SIGNAL] 2026-08-10T08:54:59+00:00 EDUTRY BUY fill_at=2026-08-10T08:59:59+00:00 features={"close": 1.77, "bb_lower": 1.772008527348077, "bb_upper": 1.815610520270971, "rsi": 37.597524589254064, "mfi": null, "atr": 0.010000000000000009}
[BLOCKED] EDUTRY reason=insufficient_cash order=74.71 cash=74.83
[SIGNAL] 2026-08-10T08:54:59+00:00 MEMETRY BUY fill_at=2026-08-10T08:59:59+00:00 features={"close": 0.0248, "bb_lower": 0.024824016661084275, "bb_upper": 0.025261697624630028, "rsi": 37.1476314042584, "mfi": null, "atr": 0.00010714285714285749}
[BLOCKED] MEMETRY reason=insufficient_cash order=74.71 cash=74.83
[SIGNAL] 2026-08-10T08:54:59+00:00 MUBARAKTRY BUY fill_at=2026-08-10T08:59:59+00:00 features={"close": 0.93, "bb_lower": 0.9320157664858051, "bb_upper": 0.9793175668475282, "rsi": 32.46335810837415, "mfi": null, "atr": 0.016500000000000008}
[BLOCKED] MUBARAKTRY reason=insufficient_cash order=74.71 cash=74.83
[SCAN] 2026-08-10T08:59:59+00:00 symbols=121 signals=6 entries=0 exits=0 blocked=6 open=8 cash=74.83 equity=10053.56
[SIGNAL] 2026-08-10T08:59:59+00:00 AEVOTRY BUY fill_at=2026-08-10T09:04:59+00:00 features={"close": 0.991, "bb_lower": 0.9923267690891586, "bb_upper": 1.0033875166251265, "rsi": 36.404585251837226, "mfi": null, "atr": 0.0014285714285713982}
[BLOCKED] AEVOTRY reason=insufficient_cash order=74.71 cash=74.83
[SCAN] 2026-08-10T09:04:59+00:00 symbols=121 signals=1 entries=0 exits=0 blocked=1 open=8 cash=74.83 equity=10079.15
[SIGNAL] 2026-08-10T09:04:59+00:00 AEVOTRY BUY fill_at=2026-08-10T09:09:59+00:00 features={"close": 0.991, "bb_lower": 0.9912542922015004, "bb_upper": 1.0036980887508802, "rsi": 36.404585251837226, "mfi": null, "atr": 0.0013571428571428346}
[BLOCKED] AEVOTRY reason=insufficient_cash order=74.71 cash=74.83
[SIGNAL] 2026-08-10T09:04:59+00:00 CATITRY BUY fill_at=2026-08-10T09:09:59+00:00 features={"close": 2.115, "bb_lower": 2.1181617491733324, "bb_upper": 2.159552536540953, "rsi": 34.48641063352335, "mfi": null, "atr": 0.01042857142857139}
[BLOCKED] CATITRY reason=insufficient_cash order=74.71 cash=74.83
[SIGNAL] 2026-08-10T09:04:59+00:00 HOMETRY BUY fill_at=2026-08-10T09:09:59+00:00 features={"close": 0.448, "bb_lower": 0.450184526132858, "bb_upper": 0.4654345214861899, "rsi": 35.722485947457784, "mfi": null, "atr": 0.004071428571428571}
[BLOCKED] HOMETRY reason=insufficient_cash order=74.71 cash=74.83
[SIGNAL] 2026-08-10T09:04:59+00:00 PLUMETRY BUY fill_at=2026-08-10T09:09:59+00:00 features={"close": 0.59, "bb_lower": 0.5903041154930964, "bb_upper": 0.6002673130783323, "rsi": 40.68091969249984, "mfi": null, "atr": 0.0032142857142857173}
[BLOCKED] PLUMETRY reason=insufficient_cash order=74.71 cash=74.83
[SIGNAL] 2026-08-10T09:04:59+00:00 RADTRY BUY fill_at=2026-08-10T09:09:59+00:00 features={"close": 9.97, "bb_lower": 9.970479641313029, "bb_upper": 10.03618702535364, "rsi": 34.560695368584575, "mfi": null, "atr": 0.01071428571428574}
[BLOCKED] RADTRY reason=insufficient_cash order=74.71 cash=74.83
[SCAN] 2026-08-10T09:09:59+00:00 symbols=121 signals=5 entries=0 exits=0 blocked=5 open=8 cash=74.83 equity=10087.79
[SIGNAL] 2026-08-10T09:09:59+00:00 MEMETRY BUY fill_at=2026-08-10T09:14:59+00:00 features={"close": 0.0247, "bb_lower": 0.02472397377626305, "bb_upper": 0.02527602622373694, "rsi": 35.30998568437309, "mfi": null, "atr": 0.00010714285714285749}
[BLOCKED] MEMETRY reason=insufficient_cash order=74.71 cash=74.83
[SIGNAL] 2026-08-10T09:09:59+00:00 PLUMETRY BUY fill_at=2026-08-10T09:14:59+00:00 features={"close": 0.585, "bb_lower": 0.5881457697398254, "bb_upper": 0.6013780397839841, "rsi": 33.32388502604792, "mfi": null, "atr": 0.0031428571428571456}
[BLOCKED] PLUMETRY reason=insufficient_cash order=74.71 cash=74.83
[SIGNAL] 2026-08-10T09:09:59+00:00 THETATRY BUY fill_at=2026-08-10T09:14:59+00:00 features={"close": 6.684, "bb_lower": 6.686859983998587, "bb_upper": 6.777044777906176, "rsi": 30.24059032142104, "mfi": null, "atr": 0.004714285714285639}
[BLOCKED] THETATRY reason=insufficient_cash order=74.71 cash=74.83
[SCAN] 2026-08-10T09:14:59+00:00 symbols=121 signals=3 entries=0 exits=0 blocked=3 open=8 cash=74.83 equity=10064.63
[SCAN] 2026-08-10T09:19:59+00:00 symbols=121 signals=0 entries=0 exits=0 blocked=0 open=8 cash=74.83 equity=10090.90
[SCAN] 2026-08-10T09:24:59+00:00 symbols=121 signals=0 entries=0 exits=0 blocked=0 open=8 cash=74.83 equity=10102.79
[EXIT] 2026-08-10T09:29:59+00:00 RETRY reason=bb_mfi_v3_signal_exit pnl=+29.95 cash=1108.65
[EXIT] 2026-08-10T09:29:59+00:00 CRVTRY reason=bb_mfi_v3_signal_exit pnl=+5.02 cash=3124.18
[SIGNAL] 2026-08-10T09:24:59+00:00 ZROTRY BUY fill_at=2026-08-10T09:29:59+00:00 features={"close": 41.0, "bb_lower": 41.07297410553676, "bb_upper": 41.55559732303466, "rsi": 36.19590804693306, "mfi": null, "atr": 0.0999999999999999}
[ENTRY] 2026-08-10T09:29:59+00:00 ZROTRY layer=1 value=1007.65 entry=41.03075000 cash=2115.02
[SCAN] 2026-08-10T09:29:59+00:00 symbols=121 signals=1 entries=1 exits=2 blocked=0 open=7 cash=2115.02 equity=10074.24
[SIGNAL] 2026-08-10T09:29:59+00:00 ARKMTRY BUY fill_at=2026-08-10T09:34:59+00:00 features={"close": 4.713, "bb_lower": 4.715840798690846, "bb_upper": 4.777873487023439, "rsi": 41.546466034346906, "mfi": null, "atr": 0.008714285714285706}
[ENTRY] 2026-08-10T09:34:59+00:00 ARKMTRY layer=1 value=1004.68 entry=4.71153100 cash=1108.84
[SIGNAL] 2026-08-10T09:29:59+00:00 OPTRY BUY fill_at=2026-08-10T09:34:59+00:00 features={"close": 4.32, "bb_lower": 4.321554321653226, "bb_upper": 4.357493297394393, "rsi": 36.25104910996316, "mfi": null, "atr": 0.004999999999999893}
[ENTRY] 2026-08-10T09:34:59+00:00 OPTRY layer=1 value=1004.54 entry=4.32324000 cash=102.79
[SIGNAL] 2026-08-10T09:29:59+00:00 SCRTRY BUY fill_at=2026-08-10T09:34:59+00:00 features={"close": 1.022, "bb_lower": 1.022132048571407, "bb_upper": 1.0305346180952593, "rsi": 37.33634313025718, "mfi": null, "atr": 0.001285714285714287}
[ENTRY] 2026-08-10T09:34:59+00:00 SCRTRY layer=1 value=102.64 entry=1.02276650 cash=0.00
[SIGNAL] 2026-08-10T09:29:59+00:00 SUITRY BUY fill_at=2026-08-10T09:34:59+00:00 features={"close": 33.02, "bb_lower": 33.022016982391804, "bb_upper": 33.169411589036784, "rsi": 39.138469670811226, "mfi": null, "atr": 0.037857142857143956}
[BLOCKED] SUITRY reason=insufficient_cash order=0.00 cash=0.00
[SIGNAL] 2026-08-10T09:29:59+00:00 TURBOTRY BUY fill_at=2026-08-10T09:34:59+00:00 features={"close": 0.0408, "bb_lower": 0.040895284785067015, "bb_upper": 0.041380905691123473, "rsi": 37.189516930341455, "mfi": null, "atr": 0.00011428571428571508}
[BLOCKED] TURBOTRY reason=insufficient_cash order=0.00 cash=0.00
[SIGNAL] 2026-08-10T09:29:59+00:00 WLDTRY BUY fill_at=2026-08-10T09:34:59+00:00 features={"close": 16.41, "bb_lower": 16.436717209161998, "bb_upper": 16.87185421940943, "rsi": 40.03384955624065, "mfi": null, "atr": 0.10857142857142854}
[BLOCKED] WLDTRY reason=insufficient_cash order=0.00 cash=0.00
[SIGNAL] 2026-08-10T09:29:59+00:00 ZROTRY BUY fill_at=2026-08-10T09:34:59+00:00 features={"close": 41.0, "bb_lower": 41.0293083961752, "bb_upper": 41.55164398477718, "rsi": 36.19590804693308, "mfi": null, "atr": 0.08571428571428592}
[BLOCKED] ZROTRY reason=insufficient_cash order=0.00 cash=0.00
[SCAN] 2026-08-10T09:34:59+00:00 symbols=121 signals=7 entries=3 exits=0 blocked=4 open=10 cash=0.00 equity=10040.35
[SIGNAL] 2026-08-10T09:34:59+00:00 ARBTRY BUY fill_at=2026-08-10T09:39:59+00:00 features={"close": 3.79, "bb_lower": 3.7915275447101227, "bb_upper": 3.8303772171946395, "rsi": 35.773524055201264, "mfi": null, "atr": 0.00785714285714288}
[BLOCKED] ARBTRY reason=insufficient_cash order=0.00 cash=0.00
[SIGNAL] 2026-08-10T09:34:59+00:00 ARPATRY BUY fill_at=2026-08-10T09:39:59+00:00 features={"close": 0.42, "bb_lower": 0.42052110509629925, "bb_upper": 0.4223265139513198, "rsi": 36.758467368033415, "mfi": null, "atr": 0.000450000000000002}
[BLOCKED] ARPATRY reason=insufficient_cash order=0.00 cash=0.00
[SIGNAL] 2026-08-10T09:34:59+00:00 AVNTTRY BUY fill_at=2026-08-10T09:39:59+00:00 features={"close": 4.51, "bb_lower": 4.5275349128822855, "bb_upper": 4.589607944260572, "rsi": 36.47139148896313, "mfi": null, "atr": 0.009285714285714342}
[BLOCKED] AVNTTRY reason=insufficient_cash order=0.00 cash=0.00
[SIGNAL] 2026-08-10T09:34:59+00:00 FLOKITRY BUY fill_at=2026-08-10T09:39:59+00:00 features={"close": 0.001022, "bb_lower": 0.001022511927923008, "bb_upper": 0.0010286309292198493, "rsi": 37.20498485046907, "mfi": null, "atr": 1.4999999999999977e-06}
[BLOCKED] FLOKITRY reason=insufficient_cash order=0.00 cash=0.00
[SIGNAL] 2026-08-10T09:34:59+00:00 LDOTRY BUY fill_at=2026-08-10T09:39:59+00:00 features={"close": 13.94, "bb_lower": 13.954249097785688, "bb_upper": 14.053369949833364, "rsi": 33.74901639861325, "mfi": null, "atr": 0.025000000000000102}
[BLOCKED] LDOTRY reason=insufficient_cash order=0.00 cash=0.00
[SIGNAL] 2026-08-10T09:34:59+00:00 NEIROTRY BUY fill_at=2026-08-10T09:39:59+00:00 features={"close": 0.00343, "bb_lower": 0.0034321170593904797, "bb_upper": 0.0035002638929904732, "rsi": 37.27575498393873, "mfi": null, "atr": 2.071428571428577e-05}
[BLOCKED] NEIROTRY reason=max_layers
[SIGNAL] 2026-08-10T09:34:59+00:00 OPTRY BUY fill_at=2026-08-10T09:39:59+00:00 features={"close": 4.31, "bb_lower": 4.316323162119049, "bb_upper": 4.3589149331190455, "rsi": 30.94138928929509, "mfi": null, "atr": 0.005714285714285656}
[BLOCKED] OPTRY reason=insufficient_cash order=0.00 cash=0.00
[SIGNAL] 2026-08-10T09:34:59+00:00 REDTRY BUY fill_at=2026-08-10T09:39:59+00:00 features={"close": 4.17, "bb_lower": 4.175793897271429, "bb_upper": 4.201348959871428, "rsi": 33.117117390274686, "mfi": null, "atr": 0.0028571428571429864}
[BLOCKED] REDTRY reason=insufficient_cash order=0.00 cash=0.00
[SIGNAL] 2026-08-10T09:34:59+00:00 REZTRY BUY fill_at=2026-08-10T09:39:59+00:00 features={"close": 0.138, "bb_lower": 0.13805229741340605, "bb_upper": 0.1402238930627844, "rsi": 39.42384446293632, "mfi": null, "atr": 0.0005571428571428592}
[BLOCKED] REZTRY reason=insufficient_cash order=0.00 cash=0.00
[SIGNAL] 2026-08-10T09:34:59+00:00 SCRTRY BUY fill_at=2026-08-10T09:39:59+00:00 features={"close": 1.02, "bb_lower": 1.0211227514353498, "bb_upper": 1.031067724755126, "rsi": 34.131912531141154, "mfi": null, "atr": 0.0014285714285714299}
[BLOCKED] SCRTRY reason=insufficient_cash order=0.00 cash=0.00
[SIGNAL] 2026-08-10T09:34:59+00:00 SUITRY BUY fill_at=2026-08-10T09:39:59+00:00 features={"close": 32.98, "bb_lower": 33.00134579479452, "bb_upper": 33.17674944330075, "rsi": 34.849541181225135, "mfi": null, "atr": 0.042857142857143975}
[BLOCKED] SUITRY reason=insufficient_cash order=0.00 cash=0.00
[SIGNAL] 2026-08-10T09:34:59+00:00 TRBTRY BUY fill_at=2026-08-10T09:39:59+00:00 features={"close": 655.0, "bb_lower": 655.2253992711635, "bb_upper": 659.3460293002652, "rsi": 35.495960377955925, "mfi": null, "atr": 0.7142857142857143}
[BLOCKED] TRBTRY reason=insufficient_cash order=0.00 cash=0.00
[SIGNAL] 2026-08-10T09:34:59+00:00 TRUMPTRY BUY fill_at=2026-08-10T09:39:59+00:00 features={"close": 71.3, "bb_lower": 71.32900477714192, "bb_upper": 71.74718569904859, "rsi": 36.01803616727896, "mfi": null, "atr": 0.042857142857141435}
[BLOCKED] TRUMPTRY reason=insufficient_cash order=0.00 cash=0.00
[SCAN] 2026-08-10T09:39:59+00:00 symbols=121 signals=13 entries=0 exits=0 blocked=13 open=10 cash=0.00 equity=10065.13
[SIGNAL] 2026-08-10T09:39:59+00:00 1MBABYDOGETRY BUY fill_at=2026-08-10T09:44:59+00:00 features={"close": 0.01679, "bb_lower": 0.016795820214913115, "bb_upper": 0.016898465499372597, "rsi": 36.70229647092065, "mfi": null, "atr": 1.2142857142856897e-05}
[BLOCKED] 1MBABYDOGETRY reason=insufficient_cash order=0.00 cash=0.00
[SIGNAL] 2026-08-10T09:39:59+00:00 API3TRY BUY fill_at=2026-08-10T09:44:59+00:00 features={"close": 9.23, "bb_lower": 9.231137244880065, "bb_upper": 9.281243707500886, "rsi": 30.5066797582774, "mfi": null, "atr": 0.005714285714285593}
[BLOCKED] API3TRY reason=insufficient_cash order=0.00 cash=0.00
[SIGNAL] 2026-08-10T09:39:59+00:00 ARPATRY BUY fill_at=2026-08-10T09:44:59+00:00 features={"close": 0.42, "bb_lower": 0.42027435410105746, "bb_upper": 0.422449455422752, "rsi": 36.75846736803341, "mfi": null, "atr": 0.0004428571428571456}
[BLOCKED] ARPATRY reason=insufficient_cash order=0.00 cash=0.00
[SIGNAL] 2026-08-10T09:39:59+00:00 AVNTTRY BUY fill_at=2026-08-10T09:44:59+00:00 features={"close": 4.51, "bb_lower": 4.5189025750665, "bb_upper": 4.592525996362072, "rsi": 36.47139148896313, "mfi": null, "atr": 0.008571428571428643}
[BLOCKED] AVNTTRY reason=insufficient_cash order=0.00 cash=0.00
[SIGNAL] 2026-08-10T09:39:59+00:00 LDOTRY BUY fill_at=2026-08-10T09:44:59+00:00 features={"close": 13.94, "bb_lower": 13.944415915887026, "bb_upper": 14.057488846017739, "rsi": 33.74901639861325, "mfi": null, "atr": 0.0264285714285715}
[BLOCKED] LDOTRY reason=insufficient_cash order=0.00 cash=0.00
[SIGNAL] 2026-08-10T09:39:59+00:00 OPTRY BUY fill_at=2026-08-10T09:44:59+00:00 features={"close": 4.31, "bb_lower": 4.3121536821393285, "bb_upper": 4.359274889289244, "rsi": 30.941389289295103, "mfi": null, "atr": 0.005714285714285656}
[BLOCKED] OPTRY reason=insufficient_cash order=0.00 cash=0.00
[SIGNAL] 2026-08-10T09:39:59+00:00 REDTRY BUY fill_at=2026-08-10T09:44:59+00:00 features={"close": 4.17, "bb_lower": 4.173145772898382, "bb_upper": 4.201139941387334, "rsi": 33.1171173902747, "mfi": null, "atr": 0.0028571428571429864}
[BLOCKED] REDTRY reason=insufficient_cash order=0.00 cash=0.00
[SIGNAL] 2026-08-10T09:39:59+00:00 TURBOTRY BUY fill_at=2026-08-10T09:44:59+00:00 features={"close": 0.0406, "bb_lower": 0.040667764932930055, "bb_upper": 0.04151318744802233, "rsi": 34.173707790289285, "mfi": null, "atr": 0.00013571428571428713}
[BLOCKED] TURBOTRY reason=insufficient_cash order=0.00 cash=0.00
[SCAN] 2026-08-10T09:44:59+00:00 symbols=121 signals=8 entries=0 exits=0 blocked=8 open=10 cash=0.00 equity=10073.81
[SIGNAL] 2026-08-10T09:44:59+00:00 1MBABYDOGETRY BUY fill_at=2026-08-10T09:49:59+00:00 features={"close": 0.01679, "bb_lower": 0.016790776893213444, "bb_upper": 0.016893032630596067, "rsi": 36.70229647092064, "mfi": null, "atr": 9.285714285714155e-06}
[BLOCKED] 1MBABYDOGETRY reason=insufficient_cash order=0.00 cash=0.00
[SIGNAL] 2026-08-10T09:44:59+00:00 ARPATRY BUY fill_at=2026-08-10T09:49:59+00:00 features={"close": 0.42, "bb_lower": 0.4200740970786668, "bb_upper": 0.4224592362546666, "rsi": 36.75846736803341, "mfi": null, "atr": 0.0004428571428571456}
[BLOCKED] ARPATRY reason=insufficient_cash order=0.00 cash=0.00
[SCAN] 2026-08-10T09:49:59+00:00 symbols=121 signals=2 entries=0 exits=0 blocked=2 open=10 cash=0.00 equity=10070.21
[SIGNAL] 2026-08-10T09:49:59+00:00 1MBABYDOGETRY BUY fill_at=2026-08-10T09:54:59+00:00 features={"close": 0.01677, "bb_lower": 0.01677869536712566, "bb_upper": 0.016897495109064804, "rsi": 32.967769205338755, "mfi": null, "atr": 9.99999999999984e-06}
[BLOCKED] 1MBABYDOGETRY reason=insufficient_cash order=0.00 cash=0.00
[SIGNAL] 2026-08-10T09:49:59+00:00 ALPINETRY BUY fill_at=2026-08-10T09:54:59+00:00 features={"close": 15.62, "bb_lower": 15.625766162032042, "bb_upper": 15.818043361777486, "rsi": 34.08383768312366, "mfi": null, "atr": 0.024285714285714275}
[BLOCKED] ALPINETRY reason=insufficient_cash order=0.00 cash=0.00
[SIGNAL] 2026-08-10T09:49:59+00:00 ARTRY BUY fill_at=2026-08-10T09:54:59+00:00 features={"close": 86.45, "bb_lower": 86.45317674856861, "bb_upper": 86.46491848952664, "rsi": 70.17146214235693, "mfi": null, "atr": 0.01285714285714233}
[BLOCKED] ARTRY reason=insufficient_cash order=0.00 cash=0.00
[SIGNAL] 2026-08-10T09:49:59+00:00 IDTRY BUY fill_at=2026-08-10T09:54:59+00:00 features={"close": 1.357, "bb_lower": 1.3584554911331188, "bb_upper": 1.365925461247834, "rsi": 37.77051495892517, "mfi": null, "atr": 0.0021428571428571607}
[BLOCKED] IDTRY reason=insufficient_cash order=0.00 cash=0.00
[SIGNAL] 2026-08-10T09:49:59+00:00 LDOTRY BUY fill_at=2026-08-10T09:54:59+00:00 features={"close": 13.92, "bb_lower": 13.926001561297735, "bb_upper": 14.06542701013084, "rsi": 30.512211971240717, "mfi": null, "atr": 0.02214285714285705}
[BLOCKED] LDOTRY reason=insufficient_cash order=0.00 cash=0.00
[SCAN] 2026-08-10T09:54:59+00:00 symbols=121 signals=5 entries=0 exits=0 blocked=5 open=10 cash=0.00 equity=10105.72
[SIGNAL] 2026-08-10T09:54:59+00:00 1MBABYDOGETRY BUY fill_at=2026-08-10T09:59:59+00:00 features={"close": 0.01677, "bb_lower": 0.016770998540783535, "bb_upper": 0.01689376336397837, "rsi": 32.967769205338755, "mfi": null, "atr": 9.99999999999984e-06}
[BLOCKED] 1MBABYDOGETRY reason=insufficient_cash order=0.00 cash=0.00
[SIGNAL] 2026-08-10T09:54:59+00:00 ARTRY BUY fill_at=2026-08-10T09:59:59+00:00 features={"close": 86.45, "bb_lower": 86.4515728864492, "bb_upper": 86.46556997069366, "rsi": 70.17146214235693, "mfi": null, "atr": 0.01285714285714233}
[BLOCKED] ARTRY reason=insufficient_cash order=0.00 cash=0.00
[SIGNAL] 2026-08-10T09:54:59+00:00 TAOTRY BUY fill_at=2026-08-10T09:59:59+00:00 features={"close": 9660.0, "bb_lower": 9660.22903428104, "bb_upper": 9715.29477524277, "rsi": 35.910089259373734, "mfi": null, "atr": 11.428571428571429}
[BLOCKED] TAOTRY reason=insufficient_cash order=0.00 cash=0.00
[SIGNAL] 2026-08-10T09:54:59+00:00 TRUMPTRY BUY fill_at=2026-08-10T09:59:59+00:00 features={"close": 71.2, "bb_lower": 71.23004099079391, "bb_upper": 71.72233996158705, "rsi": 34.10306713878457, "mfi": null, "atr": 0.0642857142857147}
[BLOCKED] TRUMPTRY reason=insufficient_cash order=0.00 cash=0.00
[SCAN] 2026-08-10T09:59:59+00:00 symbols=121 signals=4 entries=0 exits=0 blocked=4 open=10 cash=0.00 equity=10084.86
[SIGNAL] 2026-08-10T09:59:59+00:00 AIGENSYNTRY BUY fill_at=2026-08-10T10:04:59+00:00 features={"close": 1.045, "bb_lower": 1.0453996927892175, "bb_upper": 1.056028878639354, "rsi": 40.96844402774148, "mfi": null, "atr": 0.003357142857142868}
[BLOCKED] AIGENSYNTRY reason=insufficient_cash order=0.00 cash=0.00
[SIGNAL] 2026-08-10T09:59:59+00:00 ARTRY BUY fill_at=2026-08-10T10:04:59+00:00 features={"close": 86.45, "bb_lower": 86.45024170357026, "bb_upper": 86.46594877262022, "rsi": 70.17146214235693, "mfi": null, "atr": 0.01285714285714233}
[BLOCKED] ARTRY reason=insufficient_cash order=0.00 cash=0.00
[SIGNAL] 2026-08-10T09:59:59+00:00 NEARTRY BUY fill_at=2026-08-10T10:04:59+00:00 features={"close": 78.5, "bb_lower": 78.50782851802656, "bb_upper": 79.0445524343544, "rsi": 42.18552662781037, "mfi": null, "atr": 0.17857142857142957}
[BLOCKED] NEARTRY reason=insufficient_cash order=0.00 cash=0.00
[SIGNAL] 2026-08-10T09:59:59+00:00 OPTRY BUY fill_at=2026-08-10T10:04:59+00:00 features={"close": 4.3, "bb_lower": 4.300772343772711, "bb_upper": 4.356370513370146, "rsi": 30.527039298736312, "mfi": null, "atr": 0.007142857142857181}
[BLOCKED] OPTRY reason=insufficient_cash order=0.00 cash=0.00
[SIGNAL] 2026-08-10T09:59:59+00:00 TAOTRY BUY fill_at=2026-08-10T10:04:59+00:00 features={"close": 9650.0, "bb_lower": 9653.975339507662, "bb_upper": 9717.262755730433, "rsi": 32.60486377801911, "mfi": null, "atr": 10.5}
[BLOCKED] TAOTRY reason=insufficient_cash order=0.00 cash=0.00
[SCAN] 2026-08-10T10:04:59+00:00 symbols=121 signals=5 entries=0 exits=0 blocked=5 open=10 cash=0.00 equity=10076.58
[SIGNAL] 2026-08-10T10:04:59+00:00 PUMPTRY BUY fill_at=2026-08-10T10:09:59+00:00 features={"close": 0.1301, "bb_lower": 0.13031857331638974, "bb_upper": 0.13524333144551504, "rsi": 30.56545807716239, "mfi": null, "atr": 0.0010071428571428573}
[BLOCKED] PUMPTRY reason=insufficient_cash order=0.00 cash=0.00
[SIGNAL] 2026-08-10T10:04:59+00:00 USDTTRY BUY fill_at=2026-08-10T10:09:59+00:00 features={"close": 47.61, "bb_lower": 47.61262147741531, "bb_upper": 47.635949951156114, "rsi": 41.36654348994417, "mfi": null, "atr": 0.01142857142857626}
[BLOCKED] USDTTRY reason=insufficient_cash order=0.00 cash=0.00
[SCAN] 2026-08-10T10:09:59+00:00 symbols=121 signals=2 entries=0 exits=0 blocked=2 open=10 cash=0.00 equity=10067.39
[SIGNAL] 2026-08-10T10:09:59+00:00 NEARTRY BUY fill_at=2026-08-10T10:14:59+00:00 features={"close": 78.3, "bb_lower": 78.40299786503316, "bb_upper": 79.07319261115732, "rsi": 38.44299668883353, "mfi": null, "atr": 0.1857142857142853}
[BLOCKED] NEARTRY reason=insufficient_cash order=0.00 cash=0.00
[SIGNAL] 2026-08-10T10:09:59+00:00 USDTTRY BUY fill_at=2026-08-10T10:14:59+00:00 features={"close": 47.61, "bb_lower": 47.61075113409447, "bb_upper": 47.63686791352458, "rsi": 41.36654348994417, "mfi": null, "atr": 0.011428571428575753}
[BLOCKED] USDTTRY reason=insufficient_cash order=0.00 cash=0.00
[SCAN] 2026-08-10T10:14:59+00:00 symbols=121 signals=2 entries=0 exits=0 blocked=2 open=10 cash=0.00 equity=10047.82
[SIGNAL] 2026-08-10T10:14:59+00:00 ARBTRY BUY fill_at=2026-08-10T10:19:59+00:00 features={"close": 3.78, "bb_lower": 3.784733917746737, "bb_upper": 3.8171708441580257, "rsi": 30.607274109206273, "mfi": null, "atr": 0.006428571428571418}
[BLOCKED] ARBTRY reason=insufficient_cash order=0.00 cash=0.00
[SIGNAL] 2026-08-10T10:14:59+00:00 BOMETRY BUY fill_at=2026-08-10T10:19:59+00:00 features={"close": 0.03792, "bb_lower": 0.03799946259849493, "bb_upper": 0.03924053740150507, "rsi": 42.43441613867749, "mfi": null, "atr": 0.0005464285714285722}
[BLOCKED] BOMETRY reason=insufficient_cash order=0.00 cash=0.00
[SIGNAL] 2026-08-10T10:14:59+00:00 CTRY BUY fill_at=2026-08-10T10:19:59+00:00 features={"close": 3.221, "bb_lower": 3.2237125828620585, "bb_upper": 3.2969540838046076, "rsi": 40.8836563698886, "mfi": null, "atr": 0.020714285714285748}
[BLOCKED] CTRY reason=insufficient_cash order=0.00 cash=0.00
[SIGNAL] 2026-08-10T10:14:59+00:00 NEARTRY BUY fill_at=2026-08-10T10:19:59+00:00 features={"close": 78.3, "bb_lower": 78.33548513208376, "bb_upper": 79.10261010601147, "rsi": 38.44299668883353, "mfi": null, "atr": 0.17857142857142858}
[BLOCKED] NEARTRY reason=insufficient_cash order=0.00 cash=0.00
[SIGNAL] 2026-08-10T10:14:59+00:00 RENDERTRY BUY fill_at=2026-08-10T10:19:59+00:00 features={"close": 61.8, "bb_lower": 61.849908444252556, "bb_upper": 62.283424889080784, "rsi": 30.777831448082168, "mfi": null, "atr": 0.050000000000000204}
[BLOCKED] RENDERTRY reason=insufficient_cash order=0.00 cash=0.00
[SIGNAL] 2026-08-10T10:14:59+00:00 USDTTRY BUY fill_at=2026-08-10T10:19:59+00:00 features={"close": 47.6, "bb_lower": 47.60636142088029, "bb_upper": 47.639352864833995, "rsi": 37.15382001627691, "mfi": null, "atr": 0.011428571428575245}
[BLOCKED] USDTTRY reason=insufficient_cash order=0.00 cash=0.00
[SCAN] 2026-08-10T10:19:59+00:00 symbols=121 signals=6 entries=0 exits=0 blocked=6 open=10 cash=0.00 equity=10064.63
[SIGNAL] 2026-08-10T10:19:59+00:00 AMPTRY BUY fill_at=2026-08-10T10:24:59+00:00 features={"close": 0.0184, "bb_lower": 0.018419161062079033, "bb_upper": 0.018618934176016205, "rsi": 31.31116407970451, "mfi": null, "atr": 2.14285714285713e-05}
[BLOCKED] AMPTRY reason=insufficient_cash order=0.00 cash=0.00
[SIGNAL] 2026-08-10T10:19:59+00:00 ARBTRY BUY fill_at=2026-08-10T10:24:59+00:00 features={"close": 3.78, "bb_lower": 3.781554321653226, "bb_upper": 3.8174932973943947, "rsi": 30.607274109206273, "mfi": null, "atr": 0.005714285714285687}
[BLOCKED] ARBTRY reason=insufficient_cash order=0.00 cash=0.00
[SIGNAL] 2026-08-10T10:19:59+00:00 BOMETRY BUY fill_at=2026-08-10T10:24:59+00:00 features={"close": 0.03754, "bb_lower": 0.03779405831379493, "bb_upper": 0.039325941686205075, "rsi": 38.07308910303711, "mfi": null, "atr": 0.000537857142857144}
[BLOCKED] BOMETRY reason=insufficient_cash order=0.00 cash=0.00
[SIGNAL] 2026-08-10T10:19:59+00:00 CTRY BUY fill_at=2026-08-10T10:24:59+00:00 features={"close": 3.21, "bb_lower": 3.217508750205328, "bb_upper": 3.300491249794671, "rsi": 38.46964454535336, "mfi": null, "atr": 0.020857142857142876}
[BLOCKED] CTRY reason=insufficient_cash order=0.00 cash=0.00
[SIGNAL] 2026-08-10T10:19:59+00:00 DODOTRY BUY fill_at=2026-08-10T10:24:59+00:00 features={"close": 1.0271, "bb_lower": 1.029621097878354, "bb_upper": 1.0688265211692651, "rsi": 43.501901909711584, "mfi": null, "atr": 0.015899999999999994}
[BLOCKED] DODOTRY reason=insufficient_cash order=0.00 cash=0.00
[SIGNAL] 2026-08-10T10:19:59+00:00 ORDITRY BUY fill_at=2026-08-10T10:24:59+00:00 features={"close": 167.4, "bb_lower": 167.54234829915364, "bb_upper": 168.92431836751305, "rsi": 37.512685724612, "mfi": null, "atr": 0.25714285714285673}
[BLOCKED] ORDITRY reason=insufficient_cash order=0.00 cash=0.00
[SIGNAL] 2026-08-10T10:19:59+00:00 RENDERTRY BUY fill_at=2026-08-10T10:24:59+00:00 features={"close": 61.8, "bb_lower": 61.824016661084265, "bb_upper": 62.261697624630024, "rsi": 30.777831448082168, "mfi": null, "atr": 0.050000000000000204}
[BLOCKED] RENDERTRY reason=insufficient_cash order=0.00 cash=0.00
[SIGNAL] 2026-08-10T10:19:59+00:00 USDTTRY BUY fill_at=2026-08-10T10:24:59+00:00 features={"close": 47.6, "bb_lower": 47.602762141674056, "bb_upper": 47.641047382135476, "rsi": 37.15382001627691, "mfi": null, "atr": 0.011428571428574738}
[BLOCKED] USDTTRY reason=insufficient_cash order=0.00 cash=0.00
[SCAN] 2026-08-10T10:24:59+00:00 symbols=121 signals=8 entries=0 exits=0 blocked=8 open=10 cash=0.00 equity=10057.29
[SIGNAL] 2026-08-10T10:24:59+00:00 AMPTRY BUY fill_at=2026-08-10T10:29:59+00:00 features={"close": 0.0184, "bb_lower": 0.01840432989507441, "bb_upper": 0.018614717723973214, "rsi": 31.31116407970451, "mfi": null, "atr": 2.14285714285713e-05}
[BLOCKED] AMPTRY reason=insufficient_cash order=0.00 cash=0.00
[SIGNAL] 2026-08-10T10:24:59+00:00 CATITRY BUY fill_at=2026-08-10T10:29:59+00:00 features={"close": 2.099, "bb_lower": 2.099260357316178, "bb_upper": 2.1457872617314417, "rsi": 33.48401874629613, "mfi": null, "atr": 0.007714285714285721}
[BLOCKED] CATITRY reason=insufficient_cash order=0.00 cash=0.00
[SIGNAL] 2026-08-10T10:24:59+00:00 CTRY BUY fill_at=2026-08-10T10:29:59+00:00 features={"close": 3.211, "bb_lower": 3.2130831455962925, "bb_upper": 3.3029168544037066, "rsi": 38.82538261699969, "mfi": null, "atr": 0.02007142857142858}
[BLOCKED] CTRY reason=insufficient_cash order=0.00 cash=0.00
[SIGNAL] 2026-08-10T10:24:59+00:00 DODOTRY BUY fill_at=2026-08-10T10:29:59+00:00 features={"close": 1.0255, "bb_lower": 1.026419716800365, "bb_upper": 1.0684374260567782, "rsi": 42.90846474460214, "mfi": null, "atr": 0.014499999999999989}
[BLOCKED] DODOTRY reason=insufficient_cash order=0.00 cash=0.00
[SIGNAL] 2026-08-10T10:24:59+00:00 ORDITRY BUY fill_at=2026-08-10T10:29:59+00:00 features={"close": 167.4, "bb_lower": 167.41410936759888, "bb_upper": 168.95731920382968, "rsi": 37.51268572461201, "mfi": null, "atr": 0.23571428571428651}
[BLOCKED] ORDITRY reason=insufficient_cash order=0.00 cash=0.00
[SCAN] 2026-08-10T10:29:59+00:00 symbols=121 signals=5 entries=0 exits=0 blocked=5 open=10 cash=0.00 equity=10064.26
[EXIT] 2026-08-10T10:34:59+00:00 BBTRY reason=bb_mfi_v3_signal_exit pnl=-59.30 cash=942.20
[SIGNAL] 2026-08-10T10:29:59+00:00 DODOTRY BUY fill_at=2026-08-10T10:34:59+00:00 features={"close": 1.0195, "bb_lower": 1.022222884782065, "bb_upper": 1.0686914009322208, "rsi": 40.65537819001215, "mfi": null, "atr": 0.013707142857142838}
[ENTRY] 2026-08-10T10:34:59+00:00 DODOTRY layer=1 value=940.79 entry=1.02226613 cash=0.00
[SCAN] 2026-08-10T10:34:59+00:00 symbols=121 signals=1 entries=1 exits=1 blocked=0 open=10 cash=0.00 equity=10037.08
[SIGNAL] 2026-08-10T10:34:59+00:00 AITRY BUY fill_at=2026-08-10T10:39:59+00:00 features={"close": 0.85, "bb_lower": 0.8526214774153181, "bb_upper": 0.8759499511561103, "rsi": 37.83882542797293, "mfi": null, "atr": 0.0057142857142857195}
[BLOCKED] AITRY reason=insufficient_cash order=0.00 cash=0.00
[SIGNAL] 2026-08-10T10:34:59+00:00 NEIROTRY BUY fill_at=2026-08-10T10:39:59+00:00 features={"close": 0.00342, "bb_lower": 0.003420538890569023, "bb_upper": 0.003510889680859548, "rsi": 38.58561218349387, "mfi": null, "atr": 2.1428571428571486e-05}
[BLOCKED] NEIROTRY reason=max_layers
[SCAN] 2026-08-10T10:39:59+00:00 symbols=121 signals=2 entries=0 exits=0 blocked=2 open=10 cash=0.00 equity=10052.70
[SIGNAL] 2026-08-10T10:39:59+00:00 AITRY BUY fill_at=2026-08-10T10:44:59+00:00 features={"close": 0.85, "bb_lower": 0.8507511340944742, "bb_upper": 0.8768679135245734, "rsi": 37.83882542797293, "mfi": null, "atr": 0.0057142857142857195}
[BLOCKED] AITRY reason=insufficient_cash order=0.00 cash=0.00
[SIGNAL] 2026-08-10T10:39:59+00:00 CTRY BUY fill_at=2026-08-10T10:44:59+00:00 features={"close": 3.175, "bb_lower": 3.1881265977834343, "bb_upper": 3.310730545073709, "rsi": 31.788395438257254, "mfi": null, "atr": 0.02378571428571433}
[BLOCKED] CTRY reason=insufficient_cash order=0.00 cash=0.00
[SIGNAL] 2026-08-10T10:39:59+00:00 REZTRY BUY fill_at=2026-08-10T10:44:59+00:00 features={"close": 0.1378, "bb_lower": 0.13780826805080487, "bb_upper": 0.14039173194919513, "rsi": 36.30934445375486, "mfi": null, "atr": 0.0004928571428571421}
[BLOCKED] REZTRY reason=insufficient_cash order=0.00 cash=0.00
[SIGNAL] 2026-08-10T10:39:59+00:00 VICTRY BUY fill_at=2026-08-10T10:44:59+00:00 features={"close": 1.34, "bb_lower": 1.3426475760507912, "bb_upper": 1.376400042996828, "rsi": 40.055900248529554, "mfi": null, "atr": 0.019285714285714302}
[BLOCKED] VICTRY reason=insufficient_cash order=0.00 cash=0.00
[SCAN] 2026-08-10T10:44:59+00:00 symbols=121 signals=4 entries=0 exits=0 blocked=4 open=10 cash=0.00 equity=10061.01
[SIGNAL] 2026-08-10T10:44:59+00:00 PHATRY BUY fill_at=2026-08-10T10:49:59+00:00 features={"close": 1.17, "bb_lower": 1.1732900879190011, "bb_upper": 1.2152813406524272, "rsi": 34.74955672884131, "mfi": null, "atr": 0.007857142857142865}
[BLOCKED] PHATRY reason=insufficient_cash order=0.00 cash=0.00
[SCAN] 2026-08-10T10:49:59+00:00 symbols=121 signals=1 entries=0 exits=0 blocked=1 open=10 cash=0.00 equity=10070.52
[SCAN] 2026-08-10T10:54:59+00:00 symbols=121 signals=0 entries=0 exits=0 blocked=0 open=10 cash=0.00 equity=10086.63
[SCAN] 2026-08-10T10:59:59+00:00 symbols=121 signals=0 entries=0 exits=0 blocked=0 open=10 cash=0.00 equity=10098.08
[SCAN] 2026-08-10T11:04:59+00:00 symbols=121 signals=0 entries=0 exits=0 blocked=0 open=10 cash=0.00 equity=10080.79
[SCAN] 2026-08-10T11:09:59+00:00 symbols=121 signals=0 entries=0 exits=0 blocked=0 open=10 cash=0.00 equity=10086.60
[SIGNAL] 2026-08-10T11:09:59+00:00 SHIBTRY BUY fill_at=2026-08-10T11:14:59+00:00 features={"close": 0.0002228, "bb_lower": 0.00022300538890569023, "bb_upper": 0.00022390889680859547, "rsi": 33.44063265605293, "mfi": null, "atr": 2.714285714285664e-07}
[BLOCKED] SHIBTRY reason=insufficient_cash order=0.00 cash=0.00
[SCAN] 2026-08-10T11:14:59+00:00 symbols=121 signals=1 entries=0 exits=0 blocked=1 open=10 cash=0.00 equity=10092.15
[SIGNAL] 2026-08-10T11:14:59+00:00 SCRTRY BUY fill_at=2026-08-10T11:19:59+00:00 features={"close": 1.012, "bb_lower": 1.0120962513811542, "bb_upper": 1.0210466057617031, "rsi": 35.33775947810497, "mfi": null, "atr": 0.002285714285714272}
[BLOCKED] SCRTRY reason=insufficient_cash order=0.00 cash=0.00
[SCAN] 2026-08-10T11:19:59+00:00 symbols=121 signals=1 entries=0 exits=0 blocked=1 open=10 cash=0.00 equity=10098.50
[SIGNAL] 2026-08-10T11:19:59+00:00 ICPTRY BUY fill_at=2026-08-10T11:24:59+00:00 features={"close": 105.3, "bb_lower": 105.3120406787275, "bb_upper": 106.35462598793922, "rsi": 35.62724698140683, "mfi": null, "atr": 0.07142857142857244}
[BLOCKED] ICPTRY reason=insufficient_cash order=0.00 cash=0.00
[SIGNAL] 2026-08-10T11:19:59+00:00 PYTHTRY BUY fill_at=2026-08-10T11:24:59+00:00 features={"close": 2.017, "bb_lower": 2.0199781435722026, "bb_upper": 2.0411647135706548, "rsi": 31.419207619084688, "mfi": null, "atr": 0.0022857142857143193}
[BLOCKED] PYTHTRY reason=insufficient_cash order=0.00 cash=0.00
[SCAN] 2026-08-10T11:24:59+00:00 symbols=121 signals=2 entries=0 exits=0 blocked=2 open=10 cash=0.00 equity=10104.57
[SIGNAL] 2026-08-10T11:24:59+00:00 PYTHTRY BUY fill_at=2026-08-10T11:29:59+00:00 features={"close": 2.017, "bb_lower": 2.017936675022043, "bb_upper": 2.0420633249779576, "rsi": 31.419207619084688, "mfi": null, "atr": 0.0024285714285714466}
[BLOCKED] PYTHTRY reason=insufficient_cash order=0.00 cash=0.00
[SCAN] 2026-08-10T11:29:59+00:00 symbols=121 signals=1 entries=0 exits=0 blocked=1 open=10 cash=0.00 equity=10120.78
[SCAN] 2026-08-10T11:34:59+00:00 symbols=121 signals=0 entries=0 exits=0 blocked=0 open=10 cash=0.00 equity=10135.50
[SIGNAL] 2026-08-10T11:34:59+00:00 CHIPTRY BUY fill_at=2026-08-10T11:39:59+00:00 features={"close": 1.1124, "bb_lower": 1.1168450437368818, "bb_upper": 1.1469168610250229, "rsi": 41.89057810549186, "mfi": null, "atr": 0.007371428571428584}
[BLOCKED] CHIPTRY reason=insufficient_cash order=0.00 cash=0.00
[SCAN] 2026-08-10T11:39:59+00:00 symbols=121 signals=1 entries=0 exits=0 blocked=1 open=10 cash=0.00 equity=10138.86
[EXIT] 2026-08-10T11:44:59+00:00 KITETRY reason=bb_mfi_v3_signal_exit pnl=+1.08 cash=1010.04
[SIGNAL] 2026-08-10T11:39:59+00:00 CHIPTRY BUY fill_at=2026-08-10T11:44:59+00:00 features={"close": 1.1103, "bb_lower": 1.113846642675726, "bb_upper": 1.148591452562369, "rsi": 40.54554150231031, "mfi": null, "atr": 0.007314285714285718}
[ENTRY] 2026-08-10T11:44:59+00:00 CHIPTRY layer=1 value=1008.53 entry=1.11193333 cash=0.00
[SIGNAL] 2026-08-10T11:39:59+00:00 TLMTRY BUY fill_at=2026-08-10T11:44:59+00:00 features={"close": 0.0747, "bb_lower": 0.07475190535565938, "bb_upper": 0.07513380893005488, "rsi": 33.74690736643596, "mfi": null, "atr": 0.00018571428571428805}
[BLOCKED] TLMTRY reason=insufficient_cash order=0.00 cash=0.00
[SIGNAL] 2026-08-10T11:39:59+00:00 TRUMPTRY BUY fill_at=2026-08-10T11:44:59+00:00 features={"close": 71.0, "bb_lower": 71.06353497137202, "bb_upper": 71.29836979053276, "rsi": 30.895957545899094, "mfi": null, "atr": 0.028571428571429993}
[BLOCKED] TRUMPTRY reason=insufficient_cash order=0.00 cash=0.00
[SCAN] 2026-08-10T11:44:59+00:00 symbols=121 signals=3 entries=1 exits=1 blocked=2 open=10 cash=0.00 equity=10126.90
[SIGNAL] 2026-08-10T11:44:59+00:00 CHIPTRY BUY fill_at=2026-08-10T11:49:59+00:00 features={"close": 1.1077, "bb_lower": 1.1102823397600832, "bb_upper": 1.1503081364303929, "rsi": 38.87150373991153, "mfi": null, "atr": 0.006878571428571448}
[BLOCKED] CHIPTRY reason=insufficient_cash order=0.00 cash=0.00
[SIGNAL] 2026-08-10T11:44:59+00:00 FTRY BUY fill_at=2026-08-10T11:49:59+00:00 features={"close": 0.1375, "bb_lower": 0.13752203848537609, "bb_upper": 0.13812558056224294, "rsi": 34.10584536288336, "mfi": null, "atr": 0.00010714285714285922}
[BLOCKED] FTRY reason=insufficient_cash order=0.00 cash=0.00
[SIGNAL] 2026-08-10T11:44:59+00:00 PEOPLETRY BUY fill_at=2026-08-10T11:49:59+00:00 features={"close": 0.418, "bb_lower": 0.41956825514316276, "bb_upper": 0.4281460305711229, "rsi": 35.385141559639266, "mfi": null, "atr": 0.0020000000000000018}
[BLOCKED] PEOPLETRY reason=insufficient_cash order=0.00 cash=0.00
[SCAN] 2026-08-10T11:49:59+00:00 symbols=121 signals=3 entries=0 exits=0 blocked=3 open=10 cash=0.00 equity=10141.81
[SIGNAL] 2026-08-10T11:49:59+00:00 BOMETRY BUY fill_at=2026-08-10T11:54:59+00:00 features={"close": 0.03715, "bb_lower": 0.03718958359987431, "bb_upper": 0.03847898782869711, "rsi": 32.80989549450901, "mfi": null, "atr": 0.0002942857142857142}
[BLOCKED] BOMETRY reason=insufficient_cash order=0.00 cash=0.00
[SIGNAL] 2026-08-10T11:49:59+00:00 PEOPLETRY BUY fill_at=2026-08-10T11:54:59+00:00 features={"close": 0.416, "bb_lower": 0.41805442611272015, "bb_upper": 0.42870747864918457, "rsi": 31.800735826738375, "mfi": null, "atr": 0.0020714285714285735}
[BLOCKED] PEOPLETRY reason=insufficient_cash order=0.00 cash=0.00
[SCAN] 2026-08-10T11:54:59+00:00 symbols=121 signals=2 entries=0 exits=0 blocked=2 open=10 cash=0.00 equity=10115.98
[SIGNAL] 2026-08-10T11:54:59+00:00 PEOPLETRY BUY fill_at=2026-08-10T11:59:59+00:00 features={"close": 0.417, "bb_lower": 0.4170798970407923, "bb_upper": 0.42892010295920757, "rsi": 35.34812983857741, "mfi": null, "atr": 0.0019285714285714303}
[BLOCKED] PEOPLETRY reason=insufficient_cash order=0.00 cash=0.00
[SCAN] 2026-08-10T11:59:59+00:00 symbols=121 signals=1 entries=0 exits=0 blocked=1 open=10 cash=0.00 equity=10121.94
[SIGNAL] 2026-08-10T11:59:59+00:00 FFTRY BUY fill_at=2026-08-10T12:04:59+00:00 features={"close": 2.97, "bb_lower": 2.970450896927021, "bb_upper": 2.988406245930121, "rsi": 31.49169488049111, "mfi": null, "atr": 0.003000000000000082}
[BLOCKED] FFTRY reason=insufficient_cash order=0.00 cash=0.00
[SIGNAL] 2026-08-10T11:59:59+00:00 PEOPLETRY BUY fill_at=2026-08-10T12:04:59+00:00 features={"close": 0.415, "bb_lower": 0.4157733161346021, "bb_upper": 0.4292743029130168, "rsi": 31.76790414309508, "mfi": null, "atr": 0.0020000000000000018}
[BLOCKED] PEOPLETRY reason=insufficient_cash order=0.00 cash=0.00
[SCAN] 2026-08-10T12:04:59+00:00 symbols=121 signals=2 entries=0 exits=0 blocked=2 open=10 cash=0.00 equity=10157.84
[SCAN] 2026-08-10T12:09:59+00:00 symbols=121 signals=0 entries=0 exits=0 blocked=0 open=10 cash=0.00 equity=10147.04
[SCAN] 2026-08-10T12:14:59+00:00 symbols=121 signals=0 entries=0 exits=0 blocked=0 open=10 cash=0.00 equity=10139.03
[EXIT] 2026-08-10T12:19:59+00:00 SCRTRY reason=bb_mfi_v3_signal_exit pnl=+0.34 cash=103.13
[SIGNAL] 2026-08-10T12:14:59+00:00 AVNTTRY BUY fill_at=2026-08-10T12:19:59+00:00 features={"close": 4.51, "bb_lower": 4.5104796413130295, "bb_upper": 4.57618702535364, "rsi": 32.1891284617178, "mfi": null, "atr": 0.006428571428571355}
[ENTRY] 2026-08-10T12:19:59+00:00 AVNTTRY layer=1 value=102.98 entry=4.51338250 cash=0.00
[SIGNAL] 2026-08-10T12:14:59+00:00 FLOKITRY BUY fill_at=2026-08-10T12:19:59+00:00 features={"close": 0.001021, "bb_lower": 0.001021115166237453, "bb_upper": 0.0010256467385244515, "rsi": 37.20290211216324, "mfi": null, "atr": 1.0000000000000398e-06}
[BLOCKED] FLOKITRY reason=insufficient_cash order=0.00 cash=0.00
[SCAN] 2026-08-10T12:19:59+00:00 symbols=121 signals=2 entries=1 exits=1 blocked=1 open=10 cash=0.00 equity=10142.45
[SIGNAL] 2026-08-10T12:19:59+00:00 FLOKITRY BUY fill_at=2026-08-10T12:24:59+00:00 features={"close": 0.00102, "bb_lower": 0.00102057672503137, "bb_upper": 0.0010257089892543444, "rsi": 33.652213104590786, "mfi": null, "atr": 1.1428571428571707e-06}
[BLOCKED] FLOKITRY reason=insufficient_cash order=0.00 cash=0.00
[SIGNAL] 2026-08-10T12:19:59+00:00 HBARTRY BUY fill_at=2026-08-10T12:24:59+00:00 features={"close": 3.261, "bb_lower": 3.2624135427817826, "bb_upper": 3.274348361980122, "rsi": 36.213889163432555, "mfi": null, "atr": 0.0024285714285713516}
[BLOCKED] HBARTRY reason=insufficient_cash order=0.00 cash=0.00
[SCAN] 2026-08-10T12:24:59+00:00 symbols=121 signals=2 entries=0 exits=0 blocked=2 open=10 cash=0.00 equity=10141.47
[SIGNAL] 2026-08-10T12:24:59+00:00 AIGENSYNTRY BUY fill_at=2026-08-10T12:29:59+00:00 features={"close": 1.051, "bb_lower": 1.0510896063226347, "bb_upper": 1.0635770603440318, "rsi": 41.09300801578718, "mfi": null, "atr": 0.0024285714285714305}
[BLOCKED] AIGENSYNTRY reason=insufficient_cash order=0.00 cash=0.00
[SIGNAL] 2026-08-10T12:24:59+00:00 HBARTRY BUY fill_at=2026-08-10T12:29:59+00:00 features={"close": 3.261, "bb_lower": 3.2613460325199477, "bb_upper": 3.274368253194338, "rsi": 36.213889163432555, "mfi": null, "atr": 0.0023571428571428194}
[BLOCKED] HBARTRY reason=insufficient_cash order=0.00 cash=0.00
[SIGNAL] 2026-08-10T12:24:59+00:00 ORDITRY BUY fill_at=2026-08-10T12:29:59+00:00 features={"close": 166.8, "bb_lower": 166.91849428301694, "bb_upper": 167.7386485741259, "rsi": 33.68201178549354, "mfi": null, "atr": 0.17857142857142452}
[BLOCKED] ORDITRY reason=insufficient_cash order=0.00 cash=0.00
[SIGNAL] 2026-08-10T12:24:59+00:00 TRUMPTRY BUY fill_at=2026-08-10T12:29:59+00:00 features={"close": 71.0, "bb_lower": 71.01496773069347, "bb_upper": 71.28027036454462, "rsi": 35.28033033798381, "mfi": null, "atr": 0.05714285714285897}
[BLOCKED] TRUMPTRY reason=insufficient_cash order=0.00 cash=0.00
[SIGNAL] 2026-08-10T12:24:59+00:00 ZKTRY BUY fill_at=2026-08-10T12:29:59+00:00 features={"close": 0.385, "bb_lower": 0.385411618513599, "bb_upper": 0.3907788576768772, "rsi": 32.38147836790655, "mfi": null, "atr": 0.0007857142857142864}
[BLOCKED] ZKTRY reason=insufficient_cash order=0.00 cash=0.00
[SCAN] 2026-08-10T12:29:59+00:00 symbols=121 signals=5 entries=0 exits=0 blocked=5 open=10 cash=0.00 equity=10133.16
[SIGNAL] 2026-08-10T12:29:59+00:00 AIGENSYNTRY BUY fill_at=2026-08-10T12:34:59+00:00 features={"close": 1.05, "bb_lower": 1.050289683688569, "bb_upper": 1.063996030597145, "rsi": 39.4506551473256, "mfi": null, "atr": 0.002285714285714272}
[BLOCKED] AIGENSYNTRY reason=insufficient_cash order=0.00 cash=0.00
[SIGNAL] 2026-08-10T12:29:59+00:00 FLOKITRY BUY fill_at=2026-08-10T12:34:59+00:00 features={"close": 0.001019, "bb_lower": 0.0010198099017622812, "bb_upper": 0.0010258091458567663, "rsi": 35.21543357811933, "mfi": null, "atr": 1.3571428571428515e-06}
[BLOCKED] FLOKITRY reason=insufficient_cash order=0.00 cash=0.00
[SIGNAL] 2026-08-10T12:29:59+00:00 HBARTRY BUY fill_at=2026-08-10T12:34:59+00:00 features={"close": 3.259, "bb_lower": 3.260082625463983, "bb_upper": 3.2742983269169694, "rsi": 33.360432560629505, "mfi": null, "atr": 0.0024999999999999784}
[BLOCKED] HBARTRY reason=insufficient_cash order=0.00 cash=0.00
[SIGNAL] 2026-08-10T12:29:59+00:00 WLDTRY BUY fill_at=2026-08-10T12:34:59+00:00 features={"close": 16.15, "bb_lower": 16.15230508175554, "bb_upper": 16.283885394434936, "rsi": 40.69461555371234, "mfi": null, "atr": 0.05999999999999999}
[BLOCKED] WLDTRY reason=insufficient_cash order=0.00 cash=0.00
[SIGNAL] 2026-08-10T12:29:59+00:00 ZKTRY BUY fill_at=2026-08-10T12:34:59+00:00 features={"close": 0.385, "bb_lower": 0.3850095397356712, "bb_upper": 0.3907047459786145, "rsi": 32.38147836790654, "mfi": null, "atr": 0.0006428571428571435}
[BLOCKED] ZKTRY reason=insufficient_cash order=0.00 cash=0.00
[SCAN] 2026-08-10T12:34:59+00:00 symbols=121 signals=5 entries=0 exits=0 blocked=5 open=10 cash=0.00 equity=10114.58
[SIGNAL] 2026-08-10T12:34:59+00:00 AIGENSYNTRY BUY fill_at=2026-08-10T12:39:59+00:00 features={"close": 1.048, "bb_lower": 1.048830780157495, "bb_upper": 1.064597791271076, "rsi": 36.306692821657315, "mfi": null, "atr": 0.0023571428571428515}
[BLOCKED] AIGENSYNTRY reason=insufficient_cash order=0.00 cash=0.00
[SIGNAL] 2026-08-10T12:34:59+00:00 EIGENTRY BUY fill_at=2026-08-10T12:39:59+00:00 features={"close": 8.796, "bb_lower": 8.806959450850485, "bb_upper": 8.915040549149513, "rsi": 39.47286246328008, "mfi": null, "atr": 0.025785714285714585}
[BLOCKED] EIGENTRY reason=insufficient_cash order=0.00 cash=0.00
[SIGNAL] 2026-08-10T12:34:59+00:00 FLOKITRY BUY fill_at=2026-08-10T12:39:59+00:00 features={"close": 0.001019, "bb_lower": 0.0010192150456787227, "bb_upper": 0.0010259278114641346, "rsi": 35.21543357811932, "mfi": null, "atr": 1.2857142857142706e-06}
[BLOCKED] FLOKITRY reason=insufficient_cash order=0.00 cash=0.00
[SIGNAL] 2026-08-10T12:34:59+00:00 NEIROTRY BUY fill_at=2026-08-10T12:39:59+00:00 features={"close": 0.00345, "bb_lower": 0.0034524563745820433, "bb_upper": 0.003527543625417956, "rsi": 39.42643103862803, "mfi": null, "atr": 2.0000000000000052e-05}
[BLOCKED] NEIROTRY reason=max_layers
[SIGNAL] 2026-08-10T12:34:59+00:00 OPTRY BUY fill_at=2026-08-10T12:39:59+00:00 features={"close": 4.31, "bb_lower": 4.31197296354554, "bb_upper": 4.338503226930652, "rsi": 30.94986653873559, "mfi": null, "atr": 0.0028571428571428597}
[BLOCKED] OPTRY reason=insufficient_cash order=0.00 cash=0.00
[SIGNAL] 2026-08-10T12:34:59+00:00 TRBTRY BUY fill_at=2026-08-10T12:39:59+00:00 features={"close": 658.0, "bb_lower": 658.064713516601, "bb_upper": 661.3638579119703, "rsi": 39.44148696940163, "mfi": null, "atr": 0.5}
[BLOCKED] TRBTRY reason=insufficient_cash order=0.00 cash=0.00
[SCAN] 2026-08-10T12:39:59+00:00 symbols=121 signals=6 entries=0 exits=0 blocked=6 open=10 cash=0.00 equity=10103.25
[SIGNAL] 2026-08-10T12:39:59+00:00 CELOTRY BUY fill_at=2026-08-10T12:44:59+00:00 features={"close": 3.088, "bb_lower": 3.088185619631074, "bb_upper": 3.0975286660832118, "rsi": 34.204694920158516, "mfi": null, "atr": 0.0012142857142856758}
[BLOCKED] CELOTRY reason=insufficient_cash order=0.00 cash=0.00
[SIGNAL] 2026-08-10T12:39:59+00:00 EIGENTRY BUY fill_at=2026-08-10T12:44:59+00:00 features={"close": 8.795, "bb_lower": 8.796906418727625, "bb_upper": 8.918712628891422, "rsi": 39.31194134236722, "mfi": null, "atr": 0.025857142857143117}
[BLOCKED] EIGENTRY reason=insufficient_cash order=0.00 cash=0.00
[SIGNAL] 2026-08-10T12:39:59+00:00 FLOKITRY BUY fill_at=2026-08-10T12:44:59+00:00 features={"close": 0.001017, "bb_lower": 0.0010181952408996587, "bb_upper": 0.0010262809495765316, "rsi": 30.08808305169302, "mfi": null, "atr": 1.285714285714286e-06}
[BLOCKED] FLOKITRY reason=insufficient_cash order=0.00 cash=0.00
[SIGNAL] 2026-08-10T12:39:59+00:00 NEIROTRY BUY fill_at=2026-08-10T12:44:59+00:00 features={"close": 0.00344, "bb_lower": 0.0034476875223797927, "bb_upper": 0.0035304077157154445, "rsi": 36.99234162608567, "mfi": null, "atr": 1.857142857142862e-05}
[BLOCKED] NEIROTRY reason=max_layers
[SIGNAL] 2026-08-10T12:39:59+00:00 SHIBTRY BUY fill_at=2026-08-10T12:44:59+00:00 features={"close": 0.0002228, "bb_lower": 0.0002228232566973957, "bb_upper": 0.00022376721949308057, "rsi": 36.25590822929962, "mfi": null, "atr": 2.0714285714285637e-07}
[BLOCKED] SHIBTRY reason=insufficient_cash order=0.00 cash=0.00
[SIGNAL] 2026-08-10T12:39:59+00:00 XPLTRY BUY fill_at=2026-08-10T12:44:59+00:00 features={"close": 3.763, "bb_lower": 3.775309541138154, "bb_upper": 3.808023792195181, "rsi": 36.41912337126707, "mfi": null, "atr": 0.009928571428571478}
[BLOCKED] XPLTRY reason=insufficient_cash order=0.00 cash=0.00
[SCAN] 2026-08-10T12:44:59+00:00 symbols=121 signals=6 entries=0 exits=0 blocked=6 open=10 cash=0.00 equity=10118.75
[EXIT] 2026-08-10T12:49:59+00:00 ARKMTRY reason=bb_mfi_v3_signal_exit pnl=+5.48 cash=1011.67
[SIGNAL] 2026-08-10T12:44:59+00:00 XPLTRY BUY fill_at=2026-08-10T12:49:59+00:00 features={"close": 3.766, "bb_lower": 3.770749331327849, "bb_upper": 3.809536382957867, "rsi": 38.34594252174553, "mfi": null, "atr": 0.010071428571428604}
[ENTRY] 2026-08-10T12:49:59+00:00 XPLTRY layer=1 value=1010.15 entry=3.76882450 cash=0.00
[SCAN] 2026-08-10T12:49:59+00:00 symbols=121 signals=1 entries=1 exits=1 blocked=0 open=10 cash=0.00 equity=10106.11
[SIGNAL] 2026-08-10T12:49:59+00:00 ATMTRY BUY fill_at=2026-08-10T12:54:59+00:00 features={"close": 71.74, "bb_lower": 71.80218323179815, "bb_upper": 72.62353105391614, "rsi": 34.46456425186342, "mfi": null, "atr": 0.12285714285714278}
[BLOCKED] ATMTRY reason=insufficient_cash order=0.00 cash=0.00
[SIGNAL] 2026-08-10T12:49:59+00:00 CATITRY BUY fill_at=2026-08-10T12:54:59+00:00 features={"close": 2.083, "bb_lower": 2.0892063588030974, "bb_upper": 2.115460307863569, "rsi": 34.72858026269191, "mfi": null, "atr": 0.008357142857142825}
[BLOCKED] CATITRY reason=insufficient_cash order=0.00 cash=0.00
[SIGNAL] 2026-08-10T12:49:59+00:00 XPLTRY BUY fill_at=2026-08-10T12:54:59+00:00 features={"close": 3.766, "bb_lower": 3.767030018743241, "bb_upper": 3.810208076494856, "rsi": 38.34594252174553, "mfi": null, "atr": 0.00928571428571431}
[BLOCKED] XPLTRY reason=insufficient_cash order=0.00 cash=0.00
[SCAN] 2026-08-10T12:54:59+00:00 symbols=121 signals=3 entries=0 exits=0 blocked=3 open=10 cash=0.00 equity=10116.92
[SIGNAL] 2026-08-10T12:54:59+00:00 ATMTRY BUY fill_at=2026-08-10T12:59:59+00:00 features={"close": 71.69, "bb_lower": 71.72465501710015, "bb_upper": 72.65820212575703, "rsi": 33.03392557956569, "mfi": null, "atr": 0.10714285714285714}
[BLOCKED] ATMTRY reason=insufficient_cash order=0.00 cash=0.00
[SIGNAL] 2026-08-10T12:54:59+00:00 EDENTRY BUY fill_at=2026-08-10T12:59:59+00:00 features={"close": 2.147, "bb_lower": 2.1666524228103996, "bb_upper": 2.2582047200467428, "rsi": 31.912136810657813, "mfi": null, "atr": 0.02535714285714292}
[BLOCKED] EDENTRY reason=insufficient_cash order=0.00 cash=0.00
[SIGNAL] 2026-08-10T12:54:59+00:00 EIGENTRY BUY fill_at=2026-08-10T12:59:59+00:00 features={"close": 8.762, "bb_lower": 8.771878833797281, "bb_upper": 8.925740213821765, "rsi": 34.94990374585207, "mfi": null, "atr": 0.02842857142857166}
[BLOCKED] EIGENTRY reason=insufficient_cash order=0.00 cash=0.00
[SIGNAL] 2026-08-10T12:54:59+00:00 REDTRY BUY fill_at=2026-08-10T12:59:59+00:00 features={"close": 4.21, "bb_lower": 4.213020163803867, "bb_upper": 4.2365036457199405, "rsi": 34.24889512338473, "mfi": null, "atr": 0.0028571428571429864}
[BLOCKED] REDTRY reason=insufficient_cash order=0.00 cash=0.00
[SIGNAL] 2026-08-10T12:54:59+00:00 TAOTRY BUY fill_at=2026-08-10T12:59:59+00:00 features={"close": 9664.0, "bb_lower": 9670.836504323242, "bb_upper": 9804.020638533899, "rsi": 32.44258321501525, "mfi": null, "atr": 22.714285714285715}
[BLOCKED] TAOTRY reason=insufficient_cash order=0.00 cash=0.00
[SIGNAL] 2026-08-10T12:54:59+00:00 XPLTRY BUY fill_at=2026-08-10T12:59:59+00:00 features={"close": 3.758, "bb_lower": 3.76185465811524, "bb_upper": 3.812050103789523, "rsi": 35.02413261484159, "mfi": null, "atr": 0.00964285714285716}
[BLOCKED] XPLTRY reason=insufficient_cash order=0.00 cash=0.00
[SCAN] 2026-08-10T12:59:59+00:00 symbols=121 signals=6 entries=0 exits=0 blocked=6 open=10 cash=0.00 equity=10114.24
[EXIT] 2026-08-10T13:04:59+00:00 EDUTRY reason=bb_mfi_v3_signal_exit pnl=-26.28 cash=979.41
[SIGNAL] 2026-08-10T12:59:59+00:00 CATITRY BUY fill_at=2026-08-10T13:04:59+00:00 features={"close": 2.076, "bb_lower": 2.0820828712822137, "bb_upper": 2.118583795384453, "rsi": 32.873849681087805, "mfi": null, "atr": 0.008357142857142825}
[ENTRY] 2026-08-10T13:04:59+00:00 CATITRY layer=1 value=977.95 entry=2.07755700 cash=0.00
[SIGNAL] 2026-08-10T12:59:59+00:00 ENATRY BUY fill_at=2026-08-10T13:04:59+00:00 features={"close": 4.288, "bb_lower": 4.303024134083525, "bb_upper": 4.34669015163076, "rsi": 33.81601576498157, "mfi": null, "atr": 0.011428571428571375}
[BLOCKED] ENATRY reason=insufficient_cash order=0.00 cash=0.00
[SIGNAL] 2026-08-10T12:59:59+00:00 MAVTRY BUY fill_at=2026-08-10T13:04:59+00:00 features={"close": 0.43, "bb_lower": 0.43317674856860094, "bb_upper": 0.4449184895266371, "rsi": 37.22682610634994, "mfi": null, "atr": 0.0050000000000000044}
[BLOCKED] MAVTRY reason=insufficient_cash order=0.00 cash=0.00
[SIGNAL] 2026-08-10T12:59:59+00:00 SUITRY BUY fill_at=2026-08-10T13:04:59+00:00 features={"close": 32.95, "bb_lower": 32.979685276441955, "bb_upper": 33.20983853308185, "rsi": 35.31596518458423, "mfi": null, "atr": 0.04500000000000069}
[BLOCKED] SUITRY reason=insufficient_cash order=0.00 cash=0.00
[SIGNAL] 2026-08-10T12:59:59+00:00 XPLTRY BUY fill_at=2026-08-10T13:04:59+00:00 features={"close": 3.747, "bb_lower": 3.754640453664651, "bb_upper": 3.8147881177639213, "rsi": 31.021196098537203, "mfi": null, "atr": 0.009714285714285755}
[BLOCKED] XPLTRY reason=insufficient_cash order=0.00 cash=0.00
[SCAN] 2026-08-10T13:04:59+00:00 symbols=121 signals=5 entries=1 exits=1 blocked=4 open=10 cash=0.00 equity=10122.97
[SIGNAL] 2026-08-10T13:04:59+00:00 CATITRY BUY fill_at=2026-08-10T13:09:59+00:00 features={"close": 2.074, "bb_lower": 2.077589812988824, "bb_upper": 2.1201244727254616, "rsi": 31.962965300040693, "mfi": null, "atr": 0.009571428571428564}
[BLOCKED] CATITRY reason=insufficient_cash order=0.00 cash=0.00
[SIGNAL] 2026-08-10T13:04:59+00:00 ENATRY BUY fill_at=2026-08-10T13:09:59+00:00 features={"close": 4.282, "bb_lower": 4.29484150091635, "bb_upper": 4.3515394514646015, "rsi": 31.81295057412227, "mfi": null, "atr": 0.011142857142857057}
[BLOCKED] ENATRY reason=insufficient_cash order=0.00 cash=0.00
[SIGNAL] 2026-08-10T13:04:59+00:00 SUITRY BUY fill_at=2026-08-10T13:09:59+00:00 features={"close": 32.94, "bb_lower": 32.96339796284338, "bb_upper": 33.219459180013764, "rsi": 34.45377966734104, "mfi": null, "atr": 0.04642857142857234}
[BLOCKED] SUITRY reason=insufficient_cash order=0.00 cash=0.00
[SIGNAL] 2026-08-10T13:04:59+00:00 TSTTRY BUY fill_at=2026-08-10T13:09:59+00:00 features={"close": 1.057, "bb_lower": 1.072288566202123, "bb_upper": 1.1748542909407338, "rsi": 37.317014257188916, "mfi": null, "atr": 0.03778571428571425}
[BLOCKED] TSTTRY reason=insufficient_cash order=0.00 cash=0.00
[SCAN] 2026-08-10T13:09:59+00:00 symbols=121 signals=4 entries=0 exits=0 blocked=4 open=10 cash=0.00 equity=10132.33
[SIGNAL] 2026-08-10T13:09:59+00:00 CHIPTRY BUY fill_at=2026-08-10T13:14:59+00:00 features={"close": 1.0995, "bb_lower": 1.1009254896307779, "bb_upper": 1.1218840341787457, "rsi": 33.645725631452606, "mfi": null, "atr": 0.004357142857142837}
[BLOCKED] CHIPTRY reason=insufficient_cash order=0.00 cash=0.00
[SIGNAL] 2026-08-10T13:09:59+00:00 TSTTRY BUY fill_at=2026-08-10T13:14:59+00:00 features={"close": 1.016, "bb_lower": 1.0519432317657627, "bb_upper": 1.1877710539485227, "rsi": 32.0261321533132, "mfi": null, "atr": 0.03971428571428569}
[BLOCKED] TSTTRY reason=insufficient_cash order=0.00 cash=0.00
[SCAN] 2026-08-10T13:14:59+00:00 symbols=121 signals=2 entries=0 exits=0 blocked=2 open=10 cash=0.00 equity=10127.68
[SIGNAL] 2026-08-10T13:14:59+00:00 ALLOTRY BUY fill_at=2026-08-10T13:19:59+00:00 features={"close": 14.56, "bb_lower": 14.638138536272699, "bb_upper": 14.868528130393972, "rsi": 32.04825237601375, "mfi": null, "atr": 0.0842857142857144}
[BLOCKED] ALLOTRY reason=insufficient_cash order=0.00 cash=0.00
[SIGNAL] 2026-08-10T13:14:59+00:00 ALPINETRY BUY fill_at=2026-08-10T13:19:59+00:00 features={"close": 15.77, "bb_lower": 15.78293083961752, "bb_upper": 15.835164398477719, "rsi": 39.39732421317643, "mfi": null, "atr": 0.007142857142857244}
[BLOCKED] ALPINETRY reason=insufficient_cash order=0.00 cash=0.00
[SIGNAL] 2026-08-10T13:14:59+00:00 CHIPTRY BUY fill_at=2026-08-10T13:19:59+00:00 features={"close": 1.0986, "bb_lower": 1.1003439154012207, "bb_upper": 1.1198846560273505, "rsi": 32.90223673294557, "mfi": null, "atr": 0.004235714285714264}
[BLOCKED] CHIPTRY reason=insufficient_cash order=0.00 cash=0.00
[SIGNAL] 2026-08-10T13:14:59+00:00 THETRY BUY fill_at=2026-08-10T13:19:59+00:00 features={"close": 3.088, "bb_lower": 3.096016907065154, "bb_upper": 3.1905545215062734, "rsi": 39.86982472516012, "mfi": null, "atr": 0.03035714285714291}
[BLOCKED] THETRY reason=insufficient_cash order=0.00 cash=0.00
[SIGNAL] 2026-08-10T13:14:59+00:00 TSTTRY BUY fill_at=2026-08-10T13:19:59+00:00 features={"close": 1.019, "bb_lower": 1.0351731043143066, "bb_upper": 1.195874514733312, "rsi": 32.781587762097956, "mfi": null, "atr": 0.038428571428571416}
[BLOCKED] TSTTRY reason=insufficient_cash order=0.00 cash=0.00
[SCAN] 2026-08-10T13:19:59+00:00 symbols=121 signals=5 entries=0 exits=0 blocked=5 open=10 cash=0.00 equity=10141.55
[EXIT] 2026-08-10T13:24:59+00:00 AIXBTTRY reason=bb_mfi_v3_signal_exit pnl=+3.17 cash=1002.00
[SIGNAL] 2026-08-10T13:19:59+00:00 ALLOTRY BUY fill_at=2026-08-10T13:24:59+00:00 features={"close": 14.54, "bb_lower": 14.599228435072483, "bb_upper": 14.891247755403711, "rsi": 30.822023990925118, "mfi": null, "atr": 0.08500000000000009}
[ENTRY] 2026-08-10T13:24:59+00:00 ALLOTRY layer=1 value=1000.50 entry=14.55090500 cash=0.00
[SIGNAL] 2026-08-10T13:19:59+00:00 ALPINETRY BUY fill_at=2026-08-10T13:24:59+00:00 features={"close": 15.77, "bb_lower": 15.77619413941091, "bb_upper": 15.838091574874804, "rsi": 39.39732421317643, "mfi": null, "atr": 0.0057142857142857195}
[BLOCKED] ALPINETRY reason=insufficient_cash order=0.00 cash=0.00
[SIGNAL] 2026-08-10T13:19:59+00:00 CHIPTRY BUY fill_at=2026-08-10T13:24:59+00:00 features={"close": 1.098, "bb_lower": 1.0984496057634991, "bb_upper": 1.1204075370936433, "rsi": 32.38538672910943, "mfi": null, "atr": 0.00404285714285711}
[BLOCKED] CHIPTRY reason=insufficient_cash order=0.00 cash=0.00
[SIGNAL] 2026-08-10T13:19:59+00:00 HOMETRY BUY fill_at=2026-08-10T13:24:59+00:00 features={"close": 0.454, "bb_lower": 0.45436626408347314, "bb_upper": 0.46287183115462216, "rsi": 41.750049554804995, "mfi": null, "atr": 0.002785714285714288}
[BLOCKED] HOMETRY reason=insufficient_cash order=0.00 cash=0.00
[SIGNAL] 2026-08-10T13:19:59+00:00 STOTRY BUY fill_at=2026-08-10T13:24:59+00:00 features={"close": 1.959, "bb_lower": 1.963069234371636, "bb_upper": 1.9958831465807452, "rsi": 32.45447698062837, "mfi": null, "atr": 0.004285714285714258}
[BLOCKED] STOTRY reason=insufficient_cash order=0.00 cash=0.00
[SIGNAL] 2026-08-10T13:19:59+00:00 TSTTRY BUY fill_at=2026-08-10T13:24:59+00:00 features={"close": 1.004, "bb_lower": 1.0167292726980828, "bb_upper": 1.203270727301917, "rsi": 30.92018173612979, "mfi": null, "atr": 0.037857142857142846}
[BLOCKED] TSTTRY reason=insufficient_cash order=0.00 cash=0.00
[SCAN] 2026-08-10T13:24:59+00:00 symbols=121 signals=6 entries=1 exits=1 blocked=5 open=10 cash=0.00 equity=10125.23
[SIGNAL] 2026-08-10T13:24:59+00:00 AIGENSYNTRY BUY fill_at=2026-08-10T13:29:59+00:00 features={"close": 1.038, "bb_lower": 1.039021751783612, "bb_upper": 1.0607877720259118, "rsi": 30.618759502001524, "mfi": null, "atr": 0.0026428571428571373}
[BLOCKED] AIGENSYNTRY reason=insufficient_cash order=0.00 cash=0.00
[SIGNAL] 2026-08-10T13:24:59+00:00 ALPINETRY BUY fill_at=2026-08-10T13:29:59+00:00 features={"close": 15.77, "bb_lower": 15.770531681603257, "bb_upper": 15.83994450887293, "rsi": 39.39732421317643, "mfi": null, "atr": 0.00500000000000002}
[BLOCKED] ALPINETRY reason=insufficient_cash order=0.00 cash=0.00
[SIGNAL] 2026-08-10T13:24:59+00:00 BMTTRY BUY fill_at=2026-08-10T13:29:59+00:00 features={"close": 1.325, "bb_lower": 1.3460390867070113, "bb_upper": 1.4778656751977504, "rsi": 36.981656963794926, "mfi": null, "atr": 0.04835714285714286}
[BLOCKED] BMTTRY reason=insufficient_cash order=0.00 cash=0.00
[SIGNAL] 2026-08-10T13:24:59+00:00 RVNTRY BUY fill_at=2026-08-10T13:29:59+00:00 features={"close": 0.1701, "bb_lower": 0.17012900477714193, "bb_upper": 0.1705471856990486, "rsi": 40.561001426638015, "mfi": null, "atr": 5.000000000000044e-05}
[BLOCKED] RVNTRY reason=insufficient_cash order=0.00 cash=0.00
[SIGNAL] 2026-08-10T13:24:59+00:00 TSTTRY BUY fill_at=2026-08-10T13:29:59+00:00 features={"close": 0.998, "bb_lower": 0.9995366007275885, "bb_upper": 1.2081776849866968, "rsi": 30.177643950204384, "mfi": null, "atr": 0.03628571428571426}
[BLOCKED] TSTTRY reason=insufficient_cash order=0.00 cash=0.00
[SCAN] 2026-08-10T13:29:59+00:00 symbols=121 signals=5 entries=0 exits=0 blocked=5 open=10 cash=0.00 equity=10135.99
[SIGNAL] 2026-08-10T13:29:59+00:00 0GTRY BUY fill_at=2026-08-10T13:34:59+00:00 features={"close": 7.36, "bb_lower": 7.363813427272423, "bb_upper": 7.42190085844186, "rsi": 43.57210107842567, "mfi": null, "atr": 0.020714285714285845}
[BLOCKED] 0GTRY reason=insufficient_cash order=0.00 cash=0.00
[SIGNAL] 2026-08-10T13:29:59+00:00 ALLOTRY BUY fill_at=2026-08-10T13:34:59+00:00 features={"close": 14.5, "bb_lower": 14.51036974316204, "bb_upper": 14.934392161599872, "rsi": 30.977138397189066, "mfi": null, "atr": 0.09071428571428568}
[BLOCKED] ALLOTRY reason=insufficient_cash order=0.00 cash=0.00
[SIGNAL] 2026-08-10T13:29:59+00:00 BMTTRY BUY fill_at=2026-08-10T13:34:59+00:00 features={"close": 1.286, "bb_lower": 1.3223735072104141, "bb_upper": 1.491721730884824, "rsi": 33.14231636611518, "mfi": null, "atr": 0.046785714285714285}
[BLOCKED] BMTTRY reason=insufficient_cash order=0.00 cash=0.00
[SIGNAL] 2026-08-10T13:29:59+00:00 ENATRY BUY fill_at=2026-08-10T13:34:59+00:00 features={"close": 4.272, "bb_lower": 4.276164081264879, "bb_upper": 4.354883537782738, "rsi": 34.039751485461565, "mfi": null, "atr": 0.01342857142857141}
[BLOCKED] ENATRY reason=insufficient_cash order=0.00 cash=0.00
[SIGNAL] 2026-08-10T13:29:59+00:00 ETHFITRY BUY fill_at=2026-08-10T13:34:59+00:00 features={"close": 18.78, "bb_lower": 18.78627710104443, "bb_upper": 18.953722898955565, "rsi": 38.53911070752251, "mfi": null, "atr": 0.0392857142857151}
[BLOCKED] ETHFITRY reason=insufficient_cash order=0.00 cash=0.00
[SIGNAL] 2026-08-10T13:29:59+00:00 HOMETRY BUY fill_at=2026-08-10T13:34:59+00:00 features={"close": 0.453, "bb_lower": 0.45300529372980536, "bb_upper": 0.4632804205559091, "rsi": 39.87327565447625, "mfi": null, "atr": 0.002571428571428574}
[BLOCKED] HOMETRY reason=insufficient_cash order=0.00 cash=0.00
[SIGNAL] 2026-08-10T13:29:59+00:00 MEMETRY BUY fill_at=2026-08-10T13:34:59+00:00 features={"close": 0.0246, "bb_lower": 0.02462517708132808, "bb_upper": 0.024889108632957624, "rsi": 39.804326572600694, "mfi": null, "atr": 7.1428571428571e-05}
[BLOCKED] MEMETRY reason=insufficient_cash order=0.00 cash=0.00
[SIGNAL] 2026-08-10T13:29:59+00:00 RVNTRY BUY fill_at=2026-08-10T13:34:59+00:00 features={"close": 0.1699, "bb_lower": 0.1700387821148655, "bb_upper": 0.1705993131232298, "rsi": 33.31493699790886, "mfi": null, "atr": 6.428571428571514e-05}
[BLOCKED] RVNTRY reason=insufficient_cash order=0.00 cash=0.00
[SCAN] 2026-08-10T13:34:59+00:00 symbols=121 signals=8 entries=0 exits=0 blocked=8 open=10 cash=0.00 equity=10107.63
[SIGNAL] 2026-08-10T13:34:59+00:00 AITRY BUY fill_at=2026-08-10T13:39:59+00:00 features={"close": 0.85, "bb_lower": 0.8504329895074407, "bb_upper": 0.8714717723973213, "rsi": 37.46702688556182, "mfi": null, "atr": 0.0021428571428571447}
[BLOCKED] AITRY reason=insufficient_cash order=0.00 cash=0.00
[SIGNAL] 2026-08-10T13:34:59+00:00 ALICETRY BUY fill_at=2026-08-10T13:39:59+00:00 features={"close": 5.83, "bb_lower": 5.837547440159133, "bb_upper": 5.9357858931742005, "rsi": 40.259125641864316, "mfi": null, "atr": 0.019999999999999827}
[BLOCKED] ALICETRY reason=insufficient_cash order=0.00 cash=0.00
[SIGNAL] 2026-08-10T13:34:59+00:00 APTTRY BUY fill_at=2026-08-10T13:39:59+00:00 features={"close": 28.2, "bb_lower": 28.224340267523818, "bb_upper": 28.394707351523802, "rsi": 36.607480716979644, "mfi": null, "atr": 0.04999999999999995}
[BLOCKED] APTTRY reason=insufficient_cash order=0.00 cash=0.00
[SIGNAL] 2026-08-10T13:34:59+00:00 BLURTRY BUY fill_at=2026-08-10T13:39:59+00:00 features={"close": 0.659, "bb_lower": 0.6591984265251237, "bb_upper": 0.6637539544272576, "rsi": 35.36915206933109, "mfi": null, "atr": 0.0007142857142857149}
[BLOCKED] BLURTRY reason=insufficient_cash order=0.00 cash=0.00
[SIGNAL] 2026-08-10T13:34:59+00:00 BMTTRY BUY fill_at=2026-08-10T13:39:59+00:00 features={"close": 1.251, "bb_lower": 1.2934186151801812, "bb_upper": 1.5082004324388667, "rsi": 30.103828222062447, "mfi": null, "atr": 0.04907142857142856}
[BLOCKED] BMTTRY reason=insufficient_cash order=0.00 cash=0.00
[SIGNAL] 2026-08-10T13:34:59+00:00 ENATRY BUY fill_at=2026-08-10T13:39:59+00:00 features={"close": 4.268, "bb_lower": 4.26918608283378, "bb_upper": 4.355385345737648, "rsi": 32.86660023507757, "mfi": null, "atr": 0.014071428571428513}
[BLOCKED] ENATRY reason=insufficient_cash order=0.00 cash=0.00
[SIGNAL] 2026-08-10T13:34:59+00:00 ETHFITRY BUY fill_at=2026-08-10T13:39:59+00:00 features={"close": 18.7, "bb_lower": 18.751824724242073, "bb_upper": 18.967222894805534, "rsi": 31.09619033638802, "mfi": null, "atr": 0.04285714285714372}
[BLOCKED] ETHFITRY reason=insufficient_cash order=0.00 cash=0.00
[SIGNAL] 2026-08-10T13:34:59+00:00 FETTRY BUY fill_at=2026-08-10T13:39:59+00:00 features={"close": 6.55, "bb_lower": 6.55810009768778, "bb_upper": 6.604757045169364, "rsi": 35.876744757124484, "mfi": null, "atr": 0.01285714285714271}
[BLOCKED] FETTRY reason=insufficient_cash order=0.00 cash=0.00
[SIGNAL] 2026-08-10T13:34:59+00:00 FLOKITRY BUY fill_at=2026-08-10T13:39:59+00:00 features={"close": 0.001014, "bb_lower": 0.001014077689321345, "bb_upper": 0.0010243032630596076, "rsi": 33.049933569371916, "mfi": null, "atr": 2.142857142857164e-06}
[BLOCKED] FLOKITRY reason=insufficient_cash order=0.00 cash=0.00
[SIGNAL] 2026-08-10T13:34:59+00:00 IDTRY BUY fill_at=2026-08-10T13:39:59+00:00 features={"close": 1.354, "bb_lower": 1.354062292801213, "bb_upper": 1.363937707198787, "rsi": 39.57826941048273, "mfi": null, "atr": 0.0022857142857142876}
[BLOCKED] IDTRY reason=insufficient_cash order=0.00 cash=0.00
[SIGNAL] 2026-08-10T13:34:59+00:00 MEMETRY BUY fill_at=2026-08-10T13:39:59+00:00 features={"close": 0.0246, "bb_lower": 0.024601311509564405, "bb_upper": 0.024893926585673687, "rsi": 39.804326572600694, "mfi": null, "atr": 7.1428571428571e-05}
[BLOCKED] MEMETRY reason=insufficient_cash order=0.00 cash=0.00
[SIGNAL] 2026-08-10T13:34:59+00:00 RVNTRY BUY fill_at=2026-08-10T13:39:59+00:00 features={"close": 0.1699, "bb_lower": 0.16996587397208018, "bb_upper": 0.17062460221839604, "rsi": 33.31493699790886, "mfi": null, "atr": 7.142857142857348e-05}
[BLOCKED] RVNTRY reason=insufficient_cash order=0.00 cash=0.00
[SIGNAL] 2026-08-10T13:34:59+00:00 THETATRY BUY fill_at=2026-08-10T13:39:59+00:00 features={"close": 6.71, "bb_lower": 6.712652885485399, "bb_upper": 6.7705852097526975, "rsi": 38.746508372234956, "mfi": null, "atr": 0.00621428571428576}
[BLOCKED] THETATRY reason=insufficient_cash order=0.00 cash=0.00
[SCAN] 2026-08-10T13:39:59+00:00 symbols=121 signals=13 entries=0 exits=0 blocked=13 open=10 cash=0.00 equity=10128.04
[EXIT] 2026-08-10T13:44:59+00:00 ZROTRY reason=bb_mfi_v3_signal_exit pnl=-2.08 cash=1007.08
[SIGNAL] 2026-08-10T13:39:59+00:00 1MBABYDOGETRY BUY fill_at=2026-08-10T13:44:59+00:00 features={"close": 0.0165, "bb_lower": 0.016508681255197763, "bb_upper": 0.016593223506706993, "rsi": 32.35325073680342, "mfi": null, "atr": 1.4285714285714695e-05}
[ENTRY] 2026-08-10T13:44:59+00:00 1MBABYDOGETRY layer=1 value=1005.57 entry=0.01651238 cash=0.00
[SIGNAL] 2026-08-10T13:39:59+00:00 ALTTRY BUY fill_at=2026-08-10T13:44:59+00:00 features={"close": 0.295, "bb_lower": 0.29584800781502235, "bb_upper": 0.29958056361354907, "rsi": 35.74962244174809, "mfi": null, "atr": 0.0014285714285714299}
[BLOCKED] ALTTRY reason=insufficient_cash order=0.00 cash=0.00
[SIGNAL] 2026-08-10T13:39:59+00:00 ETHFITRY BUY fill_at=2026-08-10T13:44:59+00:00 features={"close": 18.69, "bb_lower": 18.724036838712273, "bb_upper": 18.971201256525816, "rsi": 30.303672461826125, "mfi": null, "atr": 0.043571428571429295}
[BLOCKED] ETHFITRY reason=insufficient_cash order=0.00 cash=0.00
[SIGNAL] 2026-08-10T13:39:59+00:00 FETTRY BUY fill_at=2026-08-10T13:44:59+00:00 features={"close": 6.55, "bb_lower": 6.5529935461386986, "bb_upper": 6.606054072908923, "rsi": 35.876744757124484, "mfi": null, "atr": 0.01357142857142841}
[BLOCKED] FETTRY reason=insufficient_cash order=0.00 cash=0.00
[SIGNAL] 2026-08-10T13:39:59+00:00 PLUMETRY BUY fill_at=2026-08-10T13:44:59+00:00 features={"close": 0.582, "bb_lower": 0.5840483749531338, "bb_upper": 0.5960468631421041, "rsi": 30.485880999125115, "mfi": null, "atr": 0.0030000000000000027}
[BLOCKED] PLUMETRY reason=insufficient_cash order=0.00 cash=0.00
[SIGNAL] 2026-08-10T13:39:59+00:00 USTCTRY BUY fill_at=2026-08-10T13:44:59+00:00 features={"close": 0.2405, "bb_lower": 0.24068823498460165, "bb_upper": 0.2417022412058745, "rsi": 37.64811123011765, "mfi": null, "atr": 0.00020714285714285813}
[BLOCKED] USTCTRY reason=insufficient_cash order=0.00 cash=0.00
[SCAN] 2026-08-10T13:44:59+00:00 symbols=121 signals=6 entries=1 exits=1 blocked=5 open=10 cash=0.00 equity=10109.48
[SIGNAL] 2026-08-10T13:44:59+00:00 1MBABYDOGETRY BUY fill_at=2026-08-10T13:49:59+00:00 features={"close": 0.0165, "bb_lower": 0.01650104771447667, "bb_upper": 0.01659609514266619, "rsi": 32.35325073680342, "mfi": null, "atr": 1.4285714285714695e-05}
[BLOCKED] 1MBABYDOGETRY reason=insufficient_cash order=0.00 cash=0.00
[SIGNAL] 2026-08-10T13:44:59+00:00 AEROTRY BUY fill_at=2026-08-10T13:49:59+00:00 features={"close": 19.98, "bb_lower": 19.992088233404214, "bb_upper": 20.530768909452927, "rsi": 31.571401854157116, "mfi": null, "atr": 0.05500000000000048}
[BLOCKED] AEROTRY reason=insufficient_cash order=0.00 cash=0.00
[SIGNAL] 2026-08-10T13:44:59+00:00 ALICETRY BUY fill_at=2026-08-10T13:49:59+00:00 features={"close": 5.83, "bb_lower": 5.830485909661273, "bb_upper": 5.923799804624442, "rsi": 40.97389661393774, "mfi": null, "atr": 0.01785714285714273}
[BLOCKED] ALICETRY reason=insufficient_cash order=0.00 cash=0.00
[SIGNAL] 2026-08-10T13:44:59+00:00 ALTTRY BUY fill_at=2026-08-10T13:49:59+00:00 features={"close": 0.295, "bb_lower": 0.2953830237536998, "bb_upper": 0.2997598333891573, "rsi": 35.74962244174809, "mfi": null, "atr": 0.0013571428571428584}
[BLOCKED] ALTTRY reason=insufficient_cash order=0.00 cash=0.00
[SIGNAL] 2026-08-10T13:44:59+00:00 PENGUTRY BUY fill_at=2026-08-10T13:49:59+00:00 features={"close": 0.3162, "bb_lower": 0.31645982821650187, "bb_upper": 0.32169255273587916, "rsi": 35.17936550419732, "mfi": null, "atr": 0.0012214285714285639}
[BLOCKED] PENGUTRY reason=insufficient_cash order=0.00 cash=0.00
[SIGNAL] 2026-08-10T13:44:59+00:00 PLUMETRY BUY fill_at=2026-08-10T13:49:59+00:00 features={"close": 0.582, "bb_lower": 0.5827381367182278, "bb_upper": 0.5964047204246294, "rsi": 30.485880999125115, "mfi": null, "atr": 0.0028571428571428597}
[BLOCKED] PLUMETRY reason=insufficient_cash order=0.00 cash=0.00
[SIGNAL] 2026-08-10T13:44:59+00:00 TRXTRY BUY fill_at=2026-08-10T13:49:59+00:00 features={"close": 15.773, "bb_lower": 15.774859944197914, "bb_upper": 15.810473389135428, "rsi": 35.73291313875906, "mfi": null, "atr": 0.006499999999999696}
[BLOCKED] TRXTRY reason=insufficient_cash order=0.00 cash=0.00
[SIGNAL] 2026-08-10T13:44:59+00:00 USTCTRY BUY fill_at=2026-08-10T13:49:59+00:00 features={"close": 0.2405, "bb_lower": 0.24058868348416076, "bb_upper": 0.24175417365869625, "rsi": 37.64811123011765, "mfi": null, "atr": 0.00020714285714285813}
[BLOCKED] USTCTRY reason=insufficient_cash order=0.00 cash=0.00
[SCAN] 2026-08-10T13:49:59+00:00 symbols=121 signals=8 entries=0 exits=0 blocked=8 open=10 cash=0.00 equity=10115.31
[SIGNAL] 2026-08-10T13:49:59+00:00 ALICETRY BUY fill_at=2026-08-10T13:54:59+00:00 features={"close": 5.8, "bb_lower": 5.8182314664999275, "bb_upper": 5.9246256763572145, "rsi": 35.44301622495959, "mfi": null, "atr": 0.01928571428571419}
[BLOCKED] ALICETRY reason=insufficient_cash order=0.00 cash=0.00
[SIGNAL] 2026-08-10T13:49:59+00:00 ALPINETRY BUY fill_at=2026-08-10T13:54:59+00:00 features={"close": 15.72, "bb_lower": 15.72624652285157, "bb_upper": 15.855658239053193, "rsi": 33.959989909768154, "mfi": null, "atr": 0.01285714285714271}
[BLOCKED] ALPINETRY reason=insufficient_cash order=0.00 cash=0.00
[SIGNAL] 2026-08-10T13:49:59+00:00 ARKMTRY BUY fill_at=2026-08-10T13:54:59+00:00 features={"close": 4.69, "bb_lower": 4.706259430732672, "bb_upper": 4.757359616886376, "rsi": 34.86316839340476, "mfi": null, "atr": 0.013857142857142917}
[BLOCKED] ARKMTRY reason=insufficient_cash order=0.00 cash=0.00
[SIGNAL] 2026-08-10T13:49:59+00:00 GUNTRY BUY fill_at=2026-08-10T13:54:59+00:00 features={"close": 0.159, "bb_lower": 0.15911066262622983, "bb_upper": 0.1720321945166273, "rsi": 31.632229884140955, "mfi": null, "atr": 0.0030000000000000005}
[BLOCKED] GUNTRY reason=insufficient_cash order=0.00 cash=0.00
[SIGNAL] 2026-08-10T13:49:59+00:00 PEOPLETRY BUY fill_at=2026-08-10T13:54:59+00:00 features={"close": 0.411, "bb_lower": 0.41159643579391564, "bb_upper": 0.4196416594441796, "rsi": 36.21728160275502, "mfi": null, "atr": 0.0020000000000000018}
[BLOCKED] PEOPLETRY reason=insufficient_cash order=0.00 cash=0.00
[SIGNAL] 2026-08-10T13:49:59+00:00 SPELLTRY BUY fill_at=2026-08-10T13:54:59+00:00 features={"close": 0.00379, "bb_lower": 0.0037930201638038683, "bb_upper": 0.003816503645719941, "rsi": 31.20759240084986, "mfi": null, "atr": 4.285714285714297e-06}
[BLOCKED] SPELLTRY reason=insufficient_cash order=0.00 cash=0.00
[SCAN] 2026-08-10T13:54:59+00:00 symbols=121 signals=6 entries=0 exits=0 blocked=6 open=10 cash=0.00 equity=10114.60
[SIGNAL] 2026-08-10T13:54:59+00:00 ARKMTRY BUY fill_at=2026-08-10T13:59:59+00:00 features={"close": 4.679, "bb_lower": 4.695177688910369, "bb_upper": 4.763108025375344, "rsi": 31.91784991211263, "mfi": null, "atr": 0.013285714285714345}
[BLOCKED] ARKMTRY reason=insufficient_cash order=0.00 cash=0.00
[SIGNAL] 2026-08-10T13:54:59+00:00 ASTERTRY BUY fill_at=2026-08-10T13:59:59+00:00 features={"close": 28.86, "bb_lower": 28.91047800802357, "bb_upper": 29.035236277690718, "rsi": 32.1369975299386, "mfi": null, "atr": 0.05500000000000022}
[BLOCKED] ASTERTRY reason=insufficient_cash order=0.00 cash=0.00
[SIGNAL] 2026-08-10T13:54:59+00:00 SPELLTRY BUY fill_at=2026-08-10T13:59:59+00:00 features={"close": 0.00379, "bb_lower": 0.0037907511340944744, "bb_upper": 0.0038168679135245735, "rsi": 31.20759240084986, "mfi": null, "atr": 4.285714285714297e-06}
[BLOCKED] SPELLTRY reason=insufficient_cash order=0.00 cash=0.00
[SIGNAL] 2026-08-10T13:54:59+00:00 SPKTRY BUY fill_at=2026-08-10T13:59:59+00:00 features={"close": 0.6972, "bb_lower": 0.6976323252862283, "bb_upper": 0.703481960428057, "rsi": 30.9041762797021, "mfi": null, "atr": 0.0010428571428571548}
[BLOCKED] SPKTRY reason=insufficient_cash order=0.00 cash=0.00
[SIGNAL] 2026-08-10T13:54:59+00:00 USTCTRY BUY fill_at=2026-08-10T13:59:59+00:00 features={"close": 0.24, "bb_lower": 0.24010645356775243, "bb_upper": 0.24194116547986658, "rsi": 33.03948941607101, "mfi": null, "atr": 0.00023571428571428354}
[BLOCKED] USTCTRY reason=insufficient_cash order=0.00 cash=0.00
[SCAN] 2026-08-10T13:59:59+00:00 symbols=121 signals=5 entries=0 exits=0 blocked=5 open=10 cash=0.00 equity=10101.24
[SIGNAL] 2026-08-10T13:59:59+00:00 ASTERTRY BUY fill_at=2026-08-10T14:04:59+00:00 features={"close": 28.86, "bb_lower": 28.888513378137414, "bb_upper": 29.044819955195923, "rsi": 32.13699752993858, "mfi": null, "atr": 0.053571428571428825}
[BLOCKED] ASTERTRY reason=insufficient_cash order=0.00 cash=0.00
[SIGNAL] 2026-08-10T13:59:59+00:00 NEIROTRY BUY fill_at=2026-08-10T14:04:59+00:00 features={"close": 0.00343, "bb_lower": 0.0034312146828652623, "bb_upper": 0.0034897376980871186, "rsi": 37.63226289394683, "mfi": null, "atr": 1.500000000000004e-05}
[BLOCKED] NEIROTRY reason=max_layers
[SCAN] 2026-08-10T14:04:59+00:00 symbols=121 signals=2 entries=0 exits=0 blocked=2 open=10 cash=0.00 equity=10128.16
[SIGNAL] 2026-08-10T14:04:59+00:00 ASTERTRY BUY fill_at=2026-08-10T14:09:59+00:00 features={"close": 28.86, "bb_lower": 28.871077781138048, "bb_upper": 29.0517793617191, "rsi": 32.13699752993858, "mfi": null, "atr": 0.05214285714285743}
[BLOCKED] ASTERTRY reason=insufficient_cash order=0.00 cash=0.00
[SIGNAL] 2026-08-10T14:04:59+00:00 BIOTRY BUY fill_at=2026-08-10T14:09:59+00:00 features={"close": 1.296, "bb_lower": 1.3008143126140166, "bb_upper": 1.3353761635764594, "rsi": 36.588901954751776, "mfi": null, "atr": 0.010714285714285676}
[BLOCKED] BIOTRY reason=insufficient_cash order=0.00 cash=0.00
[SIGNAL] 2026-08-10T14:04:59+00:00 TWTTRY BUY fill_at=2026-08-10T14:09:59+00:00 features={"close": 18.4, "bb_lower": 18.425503467095247, "bb_upper": 18.510687009095236, "rsi": 33.40349692052314, "mfi": null, "atr": 0.01357142857142841}
[BLOCKED] TWTTRY reason=insufficient_cash order=0.00 cash=0.00
[SCAN] 2026-08-10T14:09:59+00:00 symbols=121 signals=3 entries=0 exits=0 blocked=3 open=10 cash=0.00 equity=10130.98
[SIGNAL] 2026-08-10T14:09:59+00:00 TWTTRY BUY fill_at=2026-08-10T14:14:59+00:00 features={"close": 18.41, "bb_lower": 18.418724903052752, "bb_upper": 18.514608430280585, "rsi": 37.816196164704145, "mfi": null, "atr": 0.014285714285714235}
[BLOCKED] TWTTRY reason=insufficient_cash order=0.00 cash=0.00
[SCAN] 2026-08-10T14:14:59+00:00 symbols=121 signals=1 entries=0 exits=0 blocked=1 open=10 cash=0.00 equity=10138.59
[SCAN] 2026-08-10T14:19:59+00:00 symbols=121 signals=0 entries=0 exits=0 blocked=0 open=10 cash=0.00 equity=10117.47
[SIGNAL] 2026-08-10T14:19:59+00:00 BBTRY BUY fill_at=2026-08-10T14:24:59+00:00 features={"close": 0.6601, "bb_lower": 0.661676421064161, "bb_upper": 0.6704283408406011, "rsi": 34.223620251723034, "mfi": null, "atr": 0.003071428571428566}
[BLOCKED] BBTRY reason=insufficient_cash order=0.00 cash=0.00
[SIGNAL] 2026-08-10T14:19:59+00:00 DODOTRY BUY fill_at=2026-08-10T14:24:59+00:00 features={"close": 1.0219, "bb_lower": 1.0246416134834804, "bb_upper": 1.0540345769927097, "rsi": 36.18558991247981, "mfi": null, "atr": 0.008957142857142839}
[BLOCKED] DODOTRY reason=insufficient_cash order=0.00 cash=0.00
[SCAN] 2026-08-10T14:24:59+00:00 symbols=121 signals=2 entries=0 exits=0 blocked=2 open=10 cash=0.00 equity=10128.99
[SIGNAL] 2026-08-10T14:24:59+00:00 BBTRY BUY fill_at=2026-08-10T14:29:59+00:00 features={"close": 0.6596, "bb_lower": 0.6606007411457044, "bb_upper": 0.6706659255209624, "rsi": 33.357803434199724, "mfi": null, "atr": 0.002842857142857139}
[BLOCKED] BBTRY reason=insufficient_cash order=0.00 cash=0.00
[SCAN] 2026-08-10T14:29:59+00:00 symbols=121 signals=1 entries=0 exits=0 blocked=1 open=10 cash=0.00 equity=10140.58
[SIGNAL] 2026-08-10T14:29:59+00:00 AIXBTTRY BUY fill_at=2026-08-10T14:34:59+00:00 features={"close": 0.907, "bb_lower": 0.9087132726576979, "bb_upper": 0.9176676797232546, "rsi": 30.557549160107968, "mfi": null, "atr": 0.0013571428571428584}
[BLOCKED] AIXBTTRY reason=insufficient_cash order=0.00 cash=0.00
[SCAN] 2026-08-10T14:34:59+00:00 symbols=121 signals=1 entries=0 exits=0 blocked=1 open=10 cash=0.00 equity=10150.76
[SIGNAL] 2026-08-10T14:34:59+00:00 AEVOTRY BUY fill_at=2026-08-10T14:39:59+00:00 features={"close": 1.008, "bb_lower": 1.0096787605724566, "bb_upper": 1.022416477522781, "rsi": 40.748864894288594, "mfi": null, "atr": 0.003785714285714297}
[BLOCKED] AEVOTRY reason=insufficient_cash order=0.00 cash=0.00
[SIGNAL] 2026-08-10T14:34:59+00:00 CRVTRY BUY fill_at=2026-08-10T14:39:59+00:00 features={"close": 11.54, "bb_lower": 11.551184181909923, "bb_upper": 11.758339627613887, "rsi": 39.23305475424363, "mfi": null, "atr": 0.055714285714285924}
[BLOCKED] CRVTRY reason=insufficient_cash order=0.00 cash=0.00
[SIGNAL] 2026-08-10T14:34:59+00:00 EIGENTRY BUY fill_at=2026-08-10T14:39:59+00:00 features={"close": 8.73, "bb_lower": 8.739984010270973, "bb_upper": 8.809063608776647, "rsi": 37.00458589548209, "mfi": null, "atr": 0.02849999999999981}
[BLOCKED] EIGENTRY reason=insufficient_cash order=0.00 cash=0.00
[SIGNAL] 2026-08-10T14:34:59+00:00 PLUMETRY BUY fill_at=2026-08-10T14:39:59+00:00 features={"close": 0.576, "bb_lower": 0.5760403871434483, "bb_upper": 0.5932929461898853, "rsi": 30.32382990040169, "mfi": null, "atr": 0.0034285714285714314}
[BLOCKED] PLUMETRY reason=insufficient_cash order=0.00 cash=0.00
[SCAN] 2026-08-10T14:39:59+00:00 symbols=121 signals=4 entries=0 exits=0 blocked=4 open=10 cash=0.00 equity=10153.00
[SIGNAL] 2026-08-10T14:39:59+00:00 EIGENTRY BUY fill_at=2026-08-10T14:44:59+00:00 features={"close": 8.709, "bb_lower": 8.727779771920211, "bb_upper": 8.81622022807979, "rsi": 33.69472464005568, "mfi": null, "atr": 0.02921428571428551}
[BLOCKED] EIGENTRY reason=insufficient_cash order=0.00 cash=0.00
[SCAN] 2026-08-10T14:44:59+00:00 symbols=121 signals=1 entries=0 exits=0 blocked=1 open=10 cash=0.00 equity=10151.51
[SIGNAL] 2026-08-10T14:44:59+00:00 CRVTRY BUY fill_at=2026-08-10T14:49:59+00:00 features={"close": 11.51, "bb_lower": 11.514713591893802, "bb_upper": 11.772905455725244, "rsi": 36.224741043035095, "mfi": null, "atr": 0.04428571428571436}
[BLOCKED] CRVTRY reason=insufficient_cash order=0.00 cash=0.00
[SIGNAL] 2026-08-10T14:44:59+00:00 EDENTRY BUY fill_at=2026-08-10T14:49:59+00:00 features={"close": 2.144, "bb_lower": 2.1524802929638085, "bb_upper": 2.206091135607621, "rsi": 34.55438415157846, "mfi": null, "atr": 0.016214285714285768}
[BLOCKED] EDENTRY reason=insufficient_cash order=0.00 cash=0.00
[SCAN] 2026-08-10T14:49:59+00:00 symbols=121 signals=2 entries=0 exits=0 blocked=2 open=10 cash=0.00 equity=10145.03
[SIGNAL] 2026-08-10T14:49:59+00:00 AEVOTRY BUY fill_at=2026-08-10T14:54:59+00:00 features={"close": 1.003, "bb_lower": 1.0059455808990265, "bb_upper": 1.0232925143390685, "rsi": 36.3598093733689, "mfi": null, "atr": 0.004428571428571416}
[BLOCKED] AEVOTRY reason=insufficient_cash order=0.00 cash=0.00
[SIGNAL] 2026-08-10T14:49:59+00:00 EDENTRY BUY fill_at=2026-08-10T14:54:59+00:00 features={"close": 2.144, "bb_lower": 2.1480728639314264, "bb_upper": 2.2084985646400024, "rsi": 34.55438415157846, "mfi": null, "atr": 0.014928571428571466}
[BLOCKED] EDENTRY reason=insufficient_cash order=0.00 cash=0.00
[SCAN] 2026-08-10T14:54:59+00:00 symbols=121 signals=2 entries=0 exits=0 blocked=2 open=10 cash=0.00 equity=10145.91
[SIGNAL] 2026-08-10T14:54:59+00:00 AEVOTRY BUY fill_at=2026-08-10T14:59:59+00:00 features={"close": 1.002, "bb_lower": 1.0038454158859802, "bb_upper": 1.0237736317330668, "rsi": 35.36058478169936, "mfi": null, "atr": 0.004642857142857115}
[BLOCKED] AEVOTRY reason=insufficient_cash order=0.00 cash=0.00
[SIGNAL] 2026-08-10T14:54:59+00:00 API3TRY BUY fill_at=2026-08-10T14:59:59+00:00 features={"close": 9.3, "bb_lower": 9.303874984031998, "bb_upper": 9.390410730253715, "rsi": 37.212586142727815, "mfi": null, "atr": 0.017142857142857286}
[BLOCKED] API3TRY reason=insufficient_cash order=0.00 cash=0.00
[SIGNAL] 2026-08-10T14:54:59+00:00 ARBTRY BUY fill_at=2026-08-10T14:59:59+00:00 features={"close": 3.81, "bb_lower": 3.8188492505391713, "bb_upper": 3.8544840827941615, "rsi": 39.08533707412985, "mfi": null, "atr": 0.010714285714285707}
[BLOCKED] ARBTRY reason=insufficient_cash order=0.00 cash=0.00
[SIGNAL] 2026-08-10T14:54:59+00:00 FTRY BUY fill_at=2026-08-10T14:59:59+00:00 features={"close": 0.1374, "bb_lower": 0.13740055408469365, "bb_upper": 0.138218493534354, "rsi": 30.774892243851085, "mfi": null, "atr": 5.000000000000441e-05}
[BLOCKED] FTRY reason=insufficient_cash order=0.00 cash=0.00
[SIGNAL] 2026-08-10T14:54:59+00:00 STXTRY BUY fill_at=2026-08-10T14:59:59+00:00 features={"close": 6.26, "bb_lower": 6.267746054389432, "bb_upper": 6.312253945610568, "rsi": 31.80207571197927, "mfi": null, "atr": 0.007857142857142754}
[BLOCKED] STXTRY reason=insufficient_cash order=0.00 cash=0.00
[SCAN] 2026-08-10T14:59:59+00:00 symbols=121 signals=5 entries=0 exits=0 blocked=5 open=10 cash=0.00 equity=10136.81
[SIGNAL] 2026-08-10T14:59:59+00:00 AEVOTRY BUY fill_at=2026-08-10T15:04:59+00:00 features={"close": 1.002, "bb_lower": 1.0020529113096808, "bb_upper": 1.0243280410712712, "rsi": 35.36058478169936, "mfi": null, "atr": 0.004214285714285686}
[BLOCKED] AEVOTRY reason=insufficient_cash order=0.00 cash=0.00
[SIGNAL] 2026-08-10T14:59:59+00:00 ALGOTRY BUY fill_at=2026-08-10T15:04:59+00:00 features={"close": 3.957, "bb_lower": 3.957419859576662, "bb_upper": 3.990484902328097, "rsi": 39.91696682061279, "mfi": null, "atr": 0.00535714285714287}
[BLOCKED] ALGOTRY reason=insufficient_cash order=0.00 cash=0.00
[SIGNAL] 2026-08-10T14:59:59+00:00 API3TRY BUY fill_at=2026-08-10T15:04:59+00:00 features={"close": 9.29, "bb_lower": 9.297283115675842, "bb_upper": 9.394145455752728, "rsi": 34.90982518590789, "mfi": null, "atr": 0.016428571428571712}
[BLOCKED] API3TRY reason=insufficient_cash order=0.00 cash=0.00
[SIGNAL] 2026-08-10T14:59:59+00:00 ARBTRY BUY fill_at=2026-08-10T15:04:59+00:00 features={"close": 3.81, "bb_lower": 3.8141993123482143, "bb_upper": 3.856276878127975, "rsi": 39.08533707412985, "mfi": null, "atr": 0.010000000000000009}
[BLOCKED] ARBTRY reason=insufficient_cash order=0.00 cash=0.00
[SIGNAL] 2026-08-10T14:59:59+00:00 CTRY BUY fill_at=2026-08-10T15:04:59+00:00 features={"close": 3.176, "bb_lower": 3.1834590873313786, "bb_upper": 3.2342551983829066, "rsi": 40.08526383247552, "mfi": null, "atr": 0.014999999999999934}
[BLOCKED] CTRY reason=insufficient_cash order=0.00 cash=0.00
[SIGNAL] 2026-08-10T14:59:59+00:00 EIGENTRY BUY fill_at=2026-08-10T15:04:59+00:00 features={"close": 8.694, "bb_lower": 8.699829893041795, "bb_upper": 8.822265345053445, "rsi": 35.31463282330152, "mfi": null, "atr": 0.02771428571428571}
[BLOCKED] EIGENTRY reason=insufficient_cash order=0.00 cash=0.00
[SIGNAL] 2026-08-10T14:59:59+00:00 PENGUTRY BUY fill_at=2026-08-10T15:04:59+00:00 features={"close": 0.3153, "bb_lower": 0.31534681852223495, "bb_upper": 0.31965318147776506, "rsi": 36.6256497372344, "mfi": null, "atr": 0.0012571428571428495}
[BLOCKED] PENGUTRY reason=insufficient_cash order=0.00 cash=0.00
[SIGNAL] 2026-08-10T14:59:59+00:00 PUMPTRY BUY fill_at=2026-08-10T15:04:59+00:00 features={"close": 0.1277, "bb_lower": 0.12794890023690758, "bb_upper": 0.1300891950011876, "rsi": 38.55772384394639, "mfi": null, "atr": 0.0009571428571428607}
[BLOCKED] PUMPTRY reason=insufficient_cash order=0.00 cash=0.00
[SIGNAL] 2026-08-10T14:59:59+00:00 STXTRY BUY fill_at=2026-08-10T15:04:59+00:00 features={"close": 6.26, "bb_lower": 6.262910107456557, "bb_upper": 6.314232749686299, "rsi": 31.80207571197927, "mfi": null, "atr": 0.007857142857142754}
[BLOCKED] STXTRY reason=insufficient_cash order=0.00 cash=0.00
[SIGNAL] 2026-08-10T14:59:59+00:00 SUITRY BUY fill_at=2026-08-10T15:04:59+00:00 features={"close": 32.9, "bb_lower": 32.92635068291681, "bb_upper": 33.19936360279748, "rsi": 34.34661351813067, "mfi": null, "atr": 0.06214285714285645}
[BLOCKED] SUITRY reason=insufficient_cash order=0.00 cash=0.00
[SCAN] 2026-08-10T15:04:59+00:00 symbols=121 signals=10 entries=0 exits=0 blocked=10 open=10 cash=0.00 equity=10150.35
[SIGNAL] 2026-08-10T15:04:59+00:00 API3TRY BUY fill_at=2026-08-10T15:09:59+00:00 features={"close": 9.28, "bb_lower": 9.28691742797871, "bb_upper": 9.398796857735574, "rsi": 32.716571364111516, "mfi": null, "atr": 0.015714285714286014}
[BLOCKED] API3TRY reason=insufficient_cash order=0.00 cash=0.00
[SIGNAL] 2026-08-10T15:04:59+00:00 APTTRY BUY fill_at=2026-08-10T15:09:59+00:00 features={"close": 28.1, "bb_lower": 28.15954270716168, "bb_upper": 28.45950491188594, "rsi": 31.751961310505095, "mfi": null, "atr": 0.06428571428571393}
[BLOCKED] APTTRY reason=insufficient_cash order=0.00 cash=0.00
[SIGNAL] 2026-08-10T15:04:59+00:00 EIGENTRY BUY fill_at=2026-08-10T15:09:59+00:00 features={"close": 8.681, "bb_lower": 8.686923373196061, "bb_upper": 8.826409960137271, "rsi": 33.459114977120024, "mfi": null, "atr": 0.02735714285714292}
[BLOCKED] EIGENTRY reason=insufficient_cash order=0.00 cash=0.00
[SIGNAL] 2026-08-10T15:04:59+00:00 JTOTRY BUY fill_at=2026-08-10T15:09:59+00:00 features={"close": 26.41, "bb_lower": 26.442521709696006, "bb_upper": 26.90795448078018, "rsi": 34.61000451770708, "mfi": null, "atr": 0.09928571428571382}
[BLOCKED] JTOTRY reason=insufficient_cash order=0.00 cash=0.00
[SIGNAL] 2026-08-10T15:04:59+00:00 LDOTRY BUY fill_at=2026-08-10T15:09:59+00:00 features={"close": 13.94, "bb_lower": 13.941496637247422, "bb_upper": 14.061360505609724, "rsi": 37.217398157667766, "mfi": null, "atr": 0.025714285714285547}
[BLOCKED] LDOTRY reason=insufficient_cash order=0.00 cash=0.00
[SIGNAL] 2026-08-10T15:04:59+00:00 RVNTRY BUY fill_at=2026-08-10T15:09:59+00:00 features={"close": 0.1697, "bb_lower": 0.16976611384025284, "bb_upper": 0.1707100766359377, "rsi": 31.040661997873656, "mfi": null, "atr": 0.00010714285714285922}
[BLOCKED] RVNTRY reason=insufficient_cash order=0.00 cash=0.00
[SIGNAL] 2026-08-10T15:04:59+00:00 TURBOTRY BUY fill_at=2026-08-10T15:09:59+00:00 features={"close": 0.0407, "bb_lower": 0.040704796413130274, "bb_upper": 0.04136187025353639, "rsi": 31.53181193198961, "mfi": null, "atr": 6.428571428571414e-05}
[BLOCKED] TURBOTRY reason=insufficient_cash order=0.00 cash=0.00
[SCAN] 2026-08-10T15:09:59+00:00 symbols=121 signals=7 entries=0 exits=0 blocked=7 open=10 cash=0.00 equity=10153.73
[SIGNAL] 2026-08-10T15:09:59+00:00 ALTTRY BUY fill_at=2026-08-10T15:14:59+00:00 features={"close": 0.294, "bb_lower": 0.2940262301912881, "bb_upper": 0.29987853171347373, "rsi": 40.0277374733005, "mfi": null, "atr": 0.0014285714285714299}
[BLOCKED] ALTTRY reason=insufficient_cash order=0.00 cash=0.00
[SIGNAL] 2026-08-10T15:09:59+00:00 BIOTRY BUY fill_at=2026-08-10T15:14:59+00:00 features={"close": 1.283, "bb_lower": 1.2861606697683605, "bb_upper": 1.3299345683268777, "rsi": 33.598815613505025, "mfi": null, "atr": 0.010142857142857136}
[BLOCKED] BIOTRY reason=insufficient_cash order=0.00 cash=0.00
[SIGNAL] 2026-08-10T15:09:59+00:00 BMTTRY BUY fill_at=2026-08-10T15:14:59+00:00 features={"close": 1.209, "bb_lower": 1.2182022664526526, "bb_upper": 1.3060834478330614, "rsi": 33.06370369336315, "mfi": null, "atr": 0.0322142857142857}
[BLOCKED] BMTTRY reason=insufficient_cash order=0.00 cash=0.00
[SIGNAL] 2026-08-10T15:09:59+00:00 EIGENTRY BUY fill_at=2026-08-10T15:14:59+00:00 features={"close": 8.665, "bb_lower": 8.672113476057378, "bb_upper": 8.830743666799764, "rsi": 31.268546324566245, "mfi": null, "atr": 0.027785714285714365}
[BLOCKED] EIGENTRY reason=insufficient_cash order=0.00 cash=0.00
[SIGNAL] 2026-08-10T15:09:59+00:00 JTOTRY BUY fill_at=2026-08-10T15:14:59+00:00 features={"close": 26.35, "bb_lower": 26.393144416991227, "bb_upper": 26.9106651068183, "rsi": 32.16260858193458, "mfi": null, "atr": 0.09999999999999964}
[BLOCKED] JTOTRY reason=insufficient_cash order=0.00 cash=0.00
[SIGNAL] 2026-08-10T15:09:59+00:00 LDOTRY BUY fill_at=2026-08-10T15:14:59+00:00 features={"close": 13.93, "bb_lower": 13.932597937044646, "bb_upper": 14.058830634383929, "rsi": 35.494596670982276, "mfi": null, "atr": 0.02285714285714275}
[BLOCKED] LDOTRY reason=insufficient_cash order=0.00 cash=0.00
[SIGNAL] 2026-08-10T15:09:59+00:00 NEARTRY BUY fill_at=2026-08-10T15:14:59+00:00 features={"close": 78.3, "bb_lower": 78.34735459933997, "bb_upper": 79.03359778161241, "rsi": 36.07057233273886, "mfi": null, "atr": 0.10714285714285918}
[BLOCKED] NEARTRY reason=insufficient_cash order=0.00 cash=0.00
[SIGNAL] 2026-08-10T15:09:59+00:00 RENDERTRY BUY fill_at=2026-08-10T15:14:59+00:00 features={"close": 61.5, "bb_lower": 61.52706994274404, "bb_upper": 61.996739581065476, "rsi": 32.5593852192827, "mfi": null, "atr": 0.0499999999999997}
[BLOCKED] RENDERTRY reason=insufficient_cash order=0.00 cash=0.00
[SIGNAL] 2026-08-10T15:09:59+00:00 USDTTRY BUY fill_at=2026-08-10T15:14:59+00:00 features={"close": 47.63, "bb_lower": 47.63075113409447, "bb_upper": 47.656867913524565, "rsi": 44.17581876404009, "mfi": null, "atr": 0.011428571428569663}
[BLOCKED] USDTTRY reason=insufficient_cash order=0.00 cash=0.00
[SCAN] 2026-08-10T15:14:59+00:00 symbols=121 signals=9 entries=0 exits=0 blocked=9 open=10 cash=0.00 equity=10104.04
[SIGNAL] 2026-08-10T15:14:59+00:00 ADATRY BUY fill_at=2026-08-10T15:19:59+00:00 features={"close": 9.3, "bb_lower": 9.312214037532495, "bb_upper": 9.383024057705605, "rsi": 36.54398685125305, "mfi": null, "atr": 0.018571428571428683}
[BLOCKED] ADATRY reason=insufficient_cash order=0.00 cash=0.00
[SIGNAL] 2026-08-10T15:14:59+00:00 AIGENSYNTRY BUY fill_at=2026-08-10T15:19:59+00:00 features={"close": 1.024, "bb_lower": 1.0269168356010154, "bb_upper": 1.0411784024942228, "rsi": 30.57926517829408, "mfi": null, "atr": 0.003571428571428575}
[BLOCKED] AIGENSYNTRY reason=insufficient_cash order=0.00 cash=0.00
[SIGNAL] 2026-08-10T15:14:59+00:00 APTTRY BUY fill_at=2026-08-10T15:19:59+00:00 features={"close": 28.1, "bb_lower": 28.116944122302023, "bb_upper": 28.464008258650374, "rsi": 36.263683079005844, "mfi": null, "atr": 0.05714285714285643}
[BLOCKED] APTTRY reason=insufficient_cash order=0.00 cash=0.00
[SIGNAL] 2026-08-10T15:14:59+00:00 ARBTRY BUY fill_at=2026-08-10T15:19:59+00:00 features={"close": 3.8, "bb_lower": 3.805575404581953, "bb_upper": 3.8563293573228075, "rsi": 36.44229411203985, "mfi": null, "atr": 0.009285714285714277}
[BLOCKED] ARBTRY reason=insufficient_cash order=0.00 cash=0.00
[SIGNAL] 2026-08-10T15:14:59+00:00 ARKMTRY BUY fill_at=2026-08-10T15:19:59+00:00 features={"close": 4.677, "bb_lower": 4.67837675707368, "bb_upper": 4.764861338164415, "rsi": 32.276275546817686, "mfi": null, "atr": 0.012000000000000075}
[BLOCKED] ARKMTRY reason=insufficient_cash order=0.00 cash=0.00
[SIGNAL] 2026-08-10T15:14:59+00:00 BBTRY BUY fill_at=2026-08-10T15:19:59+00:00 features={"close": 0.6564, "bb_lower": 0.6576735131234788, "bb_upper": 0.6682122011622353, "rsi": 31.173451713050554, "mfi": null, "atr": 0.0026714285714285785}
[BLOCKED] BBTRY reason=insufficient_cash order=0.00 cash=0.00
[SIGNAL] 2026-08-10T15:14:59+00:00 BMTTRY BUY fill_at=2026-08-10T15:19:59+00:00 features={"close": 1.208, "bb_lower": 1.2102046041466463, "bb_upper": 1.3066525387104961, "rsi": 32.92546911072817, "mfi": null, "atr": 0.031428571428571424}
[BLOCKED] BMTTRY reason=insufficient_cash order=0.00 cash=0.00
[SIGNAL] 2026-08-10T15:14:59+00:00 CETUSTRY BUY fill_at=2026-08-10T15:19:59+00:00 features={"close": 0.889, "bb_lower": 0.8902069523192867, "bb_upper": 0.9006501905378564, "rsi": 32.09878268225465, "mfi": null, "atr": 0.0018571428571428589}
[BLOCKED] CETUSTRY reason=max_layers
[SIGNAL] 2026-08-10T15:14:59+00:00 EDUTRY BUY fill_at=2026-08-10T15:19:59+00:00 features={"close": 1.78, "bb_lower": 1.7872831427672309, "bb_upper": 1.8146216191375304, "rsi": 34.861154285575, "mfi": null, "atr": 0.0064285714285714345}
[BLOCKED] EDUTRY reason=insufficient_cash order=0.00 cash=0.00
[SIGNAL] 2026-08-10T15:14:59+00:00 HBARTRY BUY fill_at=2026-08-10T15:19:59+00:00 features={"close": 3.24, "bb_lower": 3.2432249667497457, "bb_upper": 3.2653464618216814, "rsi": 30.043342770768078, "mfi": null, "atr": 0.004214285714285694}
[BLOCKED] HBARTRY reason=insufficient_cash order=0.00 cash=0.00
[SIGNAL] 2026-08-10T15:14:59+00:00 JTOTRY BUY fill_at=2026-08-10T15:19:59+00:00 features={"close": 26.35, "bb_lower": 26.353027967441868, "bb_upper": 26.905067270653376, "rsi": 32.16260858193458, "mfi": null, "atr": 0.10499999999999941}
[BLOCKED] JTOTRY reason=insufficient_cash order=0.00 cash=0.00
[SIGNAL] 2026-08-10T15:14:59+00:00 LATRY BUY fill_at=2026-08-10T15:19:59+00:00 features={"close": 2.61, "bb_lower": 2.6184131853196075, "bb_upper": 2.6701582432518216, "rsi": 30.33101698691702, "mfi": null, "atr": 0.009285714285714373}
[BLOCKED] LATRY reason=insufficient_cash order=0.00 cash=0.00
[SIGNAL] 2026-08-10T15:14:59+00:00 MAVTRY BUY fill_at=2026-08-10T15:19:59+00:00 features={"close": 0.43, "bb_lower": 0.43405004884388954, "bb_upper": 0.4573785225846817, "rsi": 36.06274961738702, "mfi": null, "atr": 0.0050000000000000044}
[BLOCKED] MAVTRY reason=insufficient_cash order=0.00 cash=0.00
[SIGNAL] 2026-08-10T15:14:59+00:00 OPTRY BUY fill_at=2026-08-10T15:19:59+00:00 features={"close": 4.31, "bb_lower": 4.311984265251236, "bb_upper": 4.357539544272574, "rsi": 30.582796811363963, "mfi": null, "atr": 0.006428571428571418}
[BLOCKED] OPTRY reason=insufficient_cash order=0.00 cash=0.00
[SIGNAL] 2026-08-10T15:14:59+00:00 ORDITRY BUY fill_at=2026-08-10T15:19:59+00:00 features={"close": 165.8, "bb_lower": 165.81887876779234, "bb_upper": 168.5049307560172, "rsi": 30.46625095995317, "mfi": null, "atr": 0.3571428571428551}
[BLOCKED] ORDITRY reason=insufficient_cash order=0.00 cash=0.00
[SIGNAL] 2026-08-10T15:14:59+00:00 PENGUTRY BUY fill_at=2026-08-10T15:19:59+00:00 features={"close": 0.3148, "bb_lower": 0.3152477225701657, "bb_upper": 0.31897132504888187, "rsi": 38.52049196676424, "mfi": null, "atr": 0.001428571428571418}
[BLOCKED] PENGUTRY reason=insufficient_cash order=0.00 cash=0.00
[SIGNAL] 2026-08-10T15:14:59+00:00 PNUTTRY BUY fill_at=2026-08-10T15:19:59+00:00 features={"close": 1.99, "bb_lower": 1.9912712843905604, "bb_upper": 2.0087287156094398, "rsi": 33.34345508222839, "mfi": null, "atr": 0.002142857142857113}
[BLOCKED] PNUTTRY reason=insufficient_cash order=0.00 cash=0.00
[SIGNAL] 2026-08-10T15:14:59+00:00 REZTRY BUY fill_at=2026-08-10T15:19:59+00:00 features={"close": 0.138, "bb_lower": 0.1381703304819262, "bb_upper": 0.13965824094664522, "rsi": 35.50285214767459, "mfi": null, "atr": 0.00037857142857142256}
[BLOCKED] REZTRY reason=insufficient_cash order=0.00 cash=0.00
[SIGNAL] 2026-08-10T15:14:59+00:00 SCRTRY BUY fill_at=2026-08-10T15:19:59+00:00 features={"close": 1.046, "bb_lower": 1.047130958574899, "bb_upper": 1.070011898567958, "rsi": 38.087817469838626, "mfi": null, "atr": 0.0035714285714285427}
[BLOCKED] SCRTRY reason=insufficient_cash order=0.00 cash=0.00
[SIGNAL] 2026-08-10T15:14:59+00:00 STOTRY BUY fill_at=2026-08-10T15:19:59+00:00 features={"close": 1.954, "bb_lower": 1.9607580061973346, "bb_upper": 1.9880991366598082, "rsi": 33.85025332062918, "mfi": null, "atr": 0.006428571428571482}
[BLOCKED] STOTRY reason=insufficient_cash order=0.00 cash=0.00
[SIGNAL] 2026-08-10T15:14:59+00:00 TAOTRY BUY fill_at=2026-08-10T15:19:59+00:00 features={"close": 9622.0, "bb_lower": 9638.997198960318, "bb_upper": 9736.14565818254, "rsi": 33.58000713208331, "mfi": null, "atr": 22.357142857142858}
[BLOCKED] TAOTRY reason=insufficient_cash order=0.00 cash=0.00
[SIGNAL] 2026-08-10T15:14:59+00:00 TREETRY BUY fill_at=2026-08-10T15:19:59+00:00 features={"close": 1.76, "bb_lower": 1.762977135358084, "bb_upper": 1.777975245594297, "rsi": 30.20480854834119, "mfi": null, "atr": 0.0028571428571428597}
[BLOCKED] TREETRY reason=insufficient_cash order=0.00 cash=0.00
[SIGNAL] 2026-08-10T15:14:59+00:00 TRUMPTRY BUY fill_at=2026-08-10T15:19:59+00:00 features={"close": 70.9, "bb_lower": 70.97474003637929, "bb_upper": 71.710974249335, "rsi": 30.057264017645522, "mfi": null, "atr": 0.12857142857142634}
[BLOCKED] TRUMPTRY reason=insufficient_cash order=0.00 cash=0.00
[SIGNAL] 2026-08-10T15:14:59+00:00 USDTTRY BUY fill_at=2026-08-10T15:19:59+00:00 features={"close": 47.62, "bb_lower": 47.62616248917531, "bb_upper": 47.658599415586586, "rsi": 38.91277063361273, "mfi": null, "atr": 0.013571428571426887}
[BLOCKED] USDTTRY reason=insufficient_cash order=0.00 cash=0.00
[SIGNAL] 2026-08-10T15:14:59+00:00 USTCTRY BUY fill_at=2026-08-10T15:19:59+00:00 features={"close": 0.2394, "bb_lower": 0.23953703386629882, "bb_upper": 0.241567728038463, "rsi": 34.5814140406475, "mfi": null, "atr": 0.00034285714285714475}
[BLOCKED] USTCTRY reason=insufficient_cash order=0.00 cash=0.00
[SIGNAL] 2026-08-10T15:14:59+00:00 WTRY BUY fill_at=2026-08-10T15:19:59+00:00 features={"close": 0.4039, "bb_lower": 0.40478354947455597, "bb_upper": 0.40963549814449174, "rsi": 33.16204894463914, "mfi": null, "atr": 0.0006428571428571474}
[BLOCKED] WTRY reason=insufficient_cash order=0.00 cash=0.00
[SIGNAL] 2026-08-10T15:14:59+00:00 ZROTRY BUY fill_at=2026-08-10T15:19:59+00:00 features={"close": 40.9, "bb_lower": 40.92253992711635, "bb_upper": 41.33460293002652, "rsi": 37.98287275918545, "mfi": null, "atr": 0.07142857142857142}
[BLOCKED] ZROTRY reason=insufficient_cash order=0.00 cash=0.00
[SCAN] 2026-08-10T15:19:59+00:00 symbols=121 signals=27 entries=0 exits=0 blocked=27 open=10 cash=0.00 equity=10134.30
[SIGNAL] 2026-08-10T15:19:59+00:00 ADATRY BUY fill_at=2026-08-10T15:24:59+00:00 features={"close": 9.3, "bb_lower": 9.305964357939159, "bb_upper": 9.386416594441796, "rsi": 36.54398685125305, "mfi": null, "atr": 0.01928571428571438}
[BLOCKED] ADATRY reason=insufficient_cash order=0.00 cash=0.00
[SIGNAL] 2026-08-10T15:19:59+00:00 AIXBTTRY BUY fill_at=2026-08-10T15:24:59+00:00 features={"close": 0.895, "bb_lower": 0.895819512672987, "bb_upper": 0.9194185825651086, "rsi": 30.59500902266896, "mfi": null, "atr": 0.0032142857142857173}
[BLOCKED] AIXBTTRY reason=insufficient_cash order=0.00 cash=0.00
[SIGNAL] 2026-08-10T15:19:59+00:00 ALGOTRY BUY fill_at=2026-08-10T15:24:59+00:00 features={"close": 3.944, "bb_lower": 3.945152212935857, "bb_upper": 3.987800168016522, "rsi": 35.35089357357444, "mfi": null, "atr": 0.006142857142857132}
[BLOCKED] ALGOTRY reason=insufficient_cash order=0.00 cash=0.00
[SIGNAL] 2026-08-10T15:19:59+00:00 ALPINETRY BUY fill_at=2026-08-10T15:24:59+00:00 features={"close": 15.64, "bb_lower": 15.640982525628955, "bb_upper": 15.791398426751998, "rsi": 36.04723196890413, "mfi": null, "atr": 0.0257142857142858}
[BLOCKED] ALPINETRY reason=insufficient_cash order=0.00 cash=0.00
[SIGNAL] 2026-08-10T15:19:59+00:00 BLURTRY BUY fill_at=2026-08-10T15:24:59+00:00 features={"close": 0.658, "bb_lower": 0.6582401666108426, "bb_upper": 0.6626169762463001, "rsi": 30.27971211179495, "mfi": null, "atr": 0.0005000000000000004}
[BLOCKED] BLURTRY reason=insufficient_cash order=0.00 cash=0.00
[SIGNAL] 2026-08-10T15:19:59+00:00 FLOKITRY BUY fill_at=2026-08-10T15:24:59+00:00 features={"close": 0.00101, "bb_lower": 0.001010350041828957, "bb_upper": 0.0010224118629329477, "rsi": 30.428943056382863, "mfi": null, "atr": 1.785714285714337e-06}
[BLOCKED] FLOKITRY reason=insufficient_cash order=0.00 cash=0.00
[SIGNAL] 2026-08-10T15:19:59+00:00 LATRY BUY fill_at=2026-08-10T15:24:59+00:00 features={"close": 2.61, "bb_lower": 2.612841785868056, "bb_upper": 2.67192011889385, "rsi": 30.331016986917035, "mfi": null, "atr": 0.008571428571428674}
[BLOCKED] LATRY reason=insufficient_cash order=0.00 cash=0.00
[SIGNAL] 2026-08-10T15:19:59+00:00 LDOTRY BUY fill_at=2026-08-10T15:24:59+00:00 features={"close": 13.89, "bb_lower": 13.890853955026916, "bb_upper": 14.072955568782607, "rsi": 34.208799125990666, "mfi": null, "atr": 0.02285714285714275}
[BLOCKED] LDOTRY reason=insufficient_cash order=0.00 cash=0.00
[SIGNAL] 2026-08-10T15:19:59+00:00 MAVTRY BUY fill_at=2026-08-10T15:24:59+00:00 features={"close": 0.43, "bb_lower": 0.4319729635455389, "bb_upper": 0.45850322693065154, "rsi": 36.06274961738702, "mfi": null, "atr": 0.0050000000000000044}
[BLOCKED] MAVTRY reason=insufficient_cash order=0.00 cash=0.00
[SIGNAL] 2026-08-10T15:19:59+00:00 PENGUTRY BUY fill_at=2026-08-10T15:24:59+00:00 features={"close": 0.3143, "bb_lower": 0.3147553501429069, "bb_upper": 0.31915893557137875, "rsi": 36.87874895608115, "mfi": null, "atr": 0.0014785714285714205}
[BLOCKED] PENGUTRY reason=insufficient_cash order=0.00 cash=0.00
[SIGNAL] 2026-08-10T15:19:59+00:00 THETATRY BUY fill_at=2026-08-10T15:24:59+00:00 features={"close": 6.693, "bb_lower": 6.696503688675936, "bb_upper": 6.780258216085969, "rsi": 32.94938988274612, "mfi": null, "atr": 0.013214285714285623}
[BLOCKED] THETATRY reason=insufficient_cash order=0.00 cash=0.00
[SIGNAL] 2026-08-10T15:19:59+00:00 TREETRY BUY fill_at=2026-08-10T15:24:59+00:00 features={"close": 1.76, "bb_lower": 1.76127128439056, "bb_upper": 1.7787287156094396, "rsi": 30.204808548341177, "mfi": null, "atr": 0.0028571428571428597}
[BLOCKED] TREETRY reason=insufficient_cash order=0.00 cash=0.00
[SIGNAL] 2026-08-10T15:19:59+00:00 TRUMPTRY BUY fill_at=2026-08-10T15:24:59+00:00 features={"close": 70.9, "bb_lower": 70.91849428301694, "bb_upper": 71.73864857412593, "rsi": 30.057264017645508, "mfi": null, "atr": 0.1285714285714253}
[BLOCKED] TRUMPTRY reason=insufficient_cash order=0.00 cash=0.00
[SIGNAL] 2026-08-10T15:19:59+00:00 USDTTRY BUY fill_at=2026-08-10T15:24:59+00:00 features={"close": 47.62, "bb_lower": 47.62253420989922, "bb_upper": 47.659370552005534, "rsi": 38.91277063361273, "mfi": null, "atr": 0.013571428571426887}
[BLOCKED] USDTTRY reason=insufficient_cash order=0.00 cash=0.00
[SIGNAL] 2026-08-10T15:19:59+00:00 USTCTRY BUY fill_at=2026-08-10T15:24:59+00:00 features={"close": 0.2394, "bb_lower": 0.23940322241454778, "bb_upper": 0.24151106329973784, "rsi": 34.5814140406475, "mfi": null, "atr": 0.00031428571428571535}
[BLOCKED] USTCTRY reason=insufficient_cash order=0.00 cash=0.00
[SIGNAL] 2026-08-10T15:19:59+00:00 VANATRY BUY fill_at=2026-08-10T15:24:59+00:00 features={"close": 42.2, "bb_lower": 42.28348109012146, "bb_upper": 42.93556652892617, "rsi": 31.401360265611217, "mfi": null, "atr": 0.0999999999999999}
[BLOCKED] VANATRY reason=insufficient_cash order=0.00 cash=0.00
[SIGNAL] 2026-08-10T15:19:59+00:00 WTRY BUY fill_at=2026-08-10T15:24:59+00:00 features={"close": 0.4039, "bb_lower": 0.4042465237808342, "bb_upper": 0.4098582381239277, "rsi": 33.16204894463915, "mfi": null, "atr": 0.0006214285714285743}
[BLOCKED] WTRY reason=insufficient_cash order=0.00 cash=0.00
[SCAN] 2026-08-10T15:24:59+00:00 symbols=121 signals=17 entries=0 exits=0 blocked=17 open=10 cash=0.00 equity=10138.38
[EXIT] 2026-08-10T15:29:59+00:00 ALLOTRY reason=bb_mfi_v3_signal_exit pnl=+25.00 cash=1027.00
[SIGNAL] 2026-08-10T15:24:59+00:00 ADATRY BUY fill_at=2026-08-10T15:29:59+00:00 features={"close": 9.28, "bb_lower": 9.295023815333847, "bb_upper": 9.392595232285204, "rsi": 32.27706934714037, "mfi": null, "atr": 0.01928571428571438}
[ENTRY] 2026-08-10T15:29:59+00:00 ADATRY layer=1 value=1015.45 entry=9.27695250 cash=10.03
[SIGNAL] 2026-08-10T15:24:59+00:00 ALPINETRY BUY fill_at=2026-08-10T15:29:59+00:00 features={"close": 15.61, "bb_lower": 15.62399194833613, "bb_upper": 15.79410328975911, "rsi": 32.668023239688694, "mfi": null, "atr": 0.027142857142857326}
[BLOCKED] ALPINETRY reason=insufficient_cash order=10.02 cash=10.03
[SIGNAL] 2026-08-10T15:24:59+00:00 AMPTRY BUY fill_at=2026-08-10T15:29:59+00:00 features={"close": 0.0184, "bb_lower": 0.018420247544057036, "bb_upper": 0.018570228646419162, "rsi": 33.69466406779033, "mfi": null, "atr": 2.14285714285713e-05}
[BLOCKED] AMPTRY reason=insufficient_cash order=10.02 cash=10.03
[SIGNAL] 2026-08-10T15:24:59+00:00 BLURTRY BUY fill_at=2026-08-10T15:29:59+00:00 features={"close": 0.658, "bb_lower": 0.6580326041893452, "bb_upper": 0.6627293005725596, "rsi": 30.27971211179495, "mfi": null, "atr": 0.0005000000000000004}
[BLOCKED] BLURTRY reason=insufficient_cash order=10.02 cash=10.03
[SIGNAL] 2026-08-10T15:24:59+00:00 THETRY BUY fill_at=2026-08-10T15:29:59+00:00 features={"close": 3.047, "bb_lower": 3.0553599209106457, "bb_upper": 3.1518781743274493, "rsi": 36.1910236090816, "mfi": null, "atr": 0.025357142857142856}
[BLOCKED] THETRY reason=insufficient_cash order=10.02 cash=10.03
[SIGNAL] 2026-08-10T15:24:59+00:00 USDTTRY BUY fill_at=2026-08-10T15:29:59+00:00 features={"close": 47.61, "bb_lower": 47.616865948088815, "bb_upper": 47.6621816709588, "rsi": 34.139326002577775, "mfi": null, "atr": 0.013571428571426887}
[BLOCKED] USDTTRY reason=insufficient_cash order=10.02 cash=10.03
[SCAN] 2026-08-10T15:29:59+00:00 symbols=121 signals=6 entries=1 exits=1 blocked=5 open=10 cash=10.03 equity=10152.18
[SIGNAL] 2026-08-10T15:29:59+00:00 ADATRY BUY fill_at=2026-08-10T15:34:59+00:00 features={"close": 9.27, "bb_lower": 9.282100250843541, "bb_upper": 9.397899749156458, "rsi": 30.35711489729357, "mfi": null, "atr": 0.020714285714285654}
[BLOCKED] ADATRY reason=insufficient_cash order=10.02 cash=10.03
[SIGNAL] 2026-08-10T15:29:59+00:00 AITRY BUY fill_at=2026-08-10T15:34:59+00:00 features={"close": 0.84, "bb_lower": 0.8430201638038686, "bb_upper": 0.8665036457199409, "rsi": 37.488210491573994, "mfi": null, "atr": 0.0050000000000000044}
[BLOCKED] AITRY reason=insufficient_cash order=10.02 cash=10.03
[SIGNAL] 2026-08-10T15:29:59+00:00 AMPTRY BUY fill_at=2026-08-10T15:34:59+00:00 features={"close": 0.0184, "bb_lower": 0.01841572886449191, "bb_upper": 0.01855569970693666, "rsi": 33.69466406779033, "mfi": null, "atr": 3.57142857142855e-05}
[BLOCKED] AMPTRY reason=insufficient_cash order=10.02 cash=10.03
[SIGNAL] 2026-08-10T15:29:59+00:00 LDOTRY BUY fill_at=2026-08-10T15:34:59+00:00 features={"close": 13.86, "bb_lower": 13.86212227974088, "bb_upper": 14.079782482163878, "rsi": 31.554211132847684, "mfi": null, "atr": 0.02857142857142847}
[BLOCKED] LDOTRY reason=insufficient_cash order=10.02 cash=10.03
[SIGNAL] 2026-08-10T15:29:59+00:00 USTCTRY BUY fill_at=2026-08-10T15:34:59+00:00 features={"close": 0.2391, "bb_lower": 0.23915508236999697, "bb_upper": 0.24157825096333627, "rsi": 35.6741282818478, "mfi": null, "atr": 0.0003999999999999996}
[BLOCKED] USTCTRY reason=insufficient_cash order=10.02 cash=10.03
[SCAN] 2026-08-10T15:34:59+00:00 symbols=121 signals=5 entries=0 exits=0 blocked=5 open=10 cash=10.03 equity=10124.24
[SIGNAL] 2026-08-10T15:34:59+00:00 AMPTRY BUY fill_at=2026-08-10T15:39:59+00:00 features={"close": 0.0184, "bb_lower": 0.018402417035702515, "bb_upper": 0.018559487726202237, "rsi": 33.69466406779033, "mfi": null, "atr": 3.57142857142855e-05}
[BLOCKED] AMPTRY reason=insufficient_cash order=10.02 cash=10.03
[SIGNAL] 2026-08-10T15:34:59+00:00 ATMTRY BUY fill_at=2026-08-10T15:39:59+00:00 features={"close": 71.83, "bb_lower": 71.9155453551749, "bb_upper": 72.62445464482512, "rsi": 33.90686814096168, "mfi": null, "atr": 0.10214285714285865}
[BLOCKED] ATMTRY reason=insufficient_cash order=10.02 cash=10.03
[SIGNAL] 2026-08-10T15:34:59+00:00 METRY BUY fill_at=2026-08-10T15:39:59+00:00 features={"close": 3.175, "bb_lower": 3.1860619619427055, "bb_upper": 3.253080895200152, "rsi": 41.43722965365116, "mfi": null, "atr": 0.022571428571428624}
[BLOCKED] METRY reason=insufficient_cash order=10.02 cash=10.03
[SIGNAL] 2026-08-10T15:34:59+00:00 PHATRY BUY fill_at=2026-08-10T15:39:59+00:00 features={"close": 1.18, "bb_lower": 1.182301860977529, "bb_upper": 1.2053171866415187, "rsi": 37.30910214557662, "mfi": null, "atr": 0.007857142857142865}
[BLOCKED] PHATRY reason=insufficient_cash order=10.02 cash=10.03
[SCAN] 2026-08-10T15:39:59+00:00 symbols=121 signals=4 entries=0 exits=0 blocked=4 open=10 cash=10.03 equity=10108.02
[SIGNAL] 2026-08-10T15:39:59+00:00 METRY BUY fill_at=2026-08-10T15:44:59+00:00 features={"close": 3.163, "bb_lower": 3.176163148405595, "bb_upper": 3.2585035182610707, "rsi": 39.05121122835615, "mfi": null, "atr": 0.02214285714285721}
[BLOCKED] METRY reason=insufficient_cash order=10.02 cash=10.03
[SIGNAL] 2026-08-10T15:39:59+00:00 PENGUTRY BUY fill_at=2026-08-10T15:44:59+00:00 features={"close": 0.3134, "bb_lower": 0.31345702771185163, "bb_upper": 0.31956201990719596, "rsi": 35.96811165043549, "mfi": null, "atr": 0.0017071428571428515}
[BLOCKED] PENGUTRY reason=insufficient_cash order=10.02 cash=10.03
[SIGNAL] 2026-08-10T15:39:59+00:00 WLDTRY BUY fill_at=2026-08-10T15:44:59+00:00 features={"close": 16.15, "bb_lower": 16.23704140345529, "bb_upper": 16.585815739401855, "rsi": 38.05710347870022, "mfi": null, "atr": 0.11571428571428578}
[BLOCKED] WLDTRY reason=insufficient_cash order=10.02 cash=10.03
[SCAN] 2026-08-10T15:44:59+00:00 symbols=121 signals=3 entries=0 exits=0 blocked=3 open=10 cash=10.03 equity=10104.00
[SIGNAL] 2026-08-10T15:44:59+00:00 AITRY BUY fill_at=2026-08-10T15:49:59+00:00 features={"close": 0.84, "bb_lower": 0.8407511340944742, "bb_upper": 0.8668679135245734, "rsi": 39.76807714914254, "mfi": null, "atr": 0.0057142857142857195}
[BLOCKED] AITRY reason=insufficient_cash order=10.02 cash=10.03
[SIGNAL] 2026-08-10T15:44:59+00:00 NEIROTRY BUY fill_at=2026-08-10T15:49:59+00:00 features={"close": 0.00341, "bb_lower": 0.0034188349729596143, "bb_upper": 0.0034744983603737186, "rsi": 37.62989313350482, "mfi": null, "atr": 1.5714285714285756e-05}
[BLOCKED] NEIROTRY reason=max_layers
[SIGNAL] 2026-08-10T15:44:59+00:00 TRXTRY BUY fill_at=2026-08-10T15:49:59+00:00 features={"close": 15.748, "bb_lower": 15.748627561074485, "bb_upper": 15.788039105592176, "rsi": 33.14380023170892, "mfi": null, "atr": 0.0074285714285718795}
[BLOCKED] TRXTRY reason=insufficient_cash order=10.02 cash=10.03
[SCAN] 2026-08-10T15:49:59+00:00 symbols=121 signals=3 entries=0 exits=0 blocked=3 open=10 cash=10.03 equity=10124.39
[SIGNAL] 2026-08-10T15:49:59+00:00 ARPATRY BUY fill_at=2026-08-10T15:54:59+00:00 features={"close": 0.4229, "bb_lower": 0.42305408489337193, "bb_upper": 0.4318887722494854, "rsi": 37.689172981199285, "mfi": null, "atr": 0.0015428571428571394}
[BLOCKED] ARPATRY reason=insufficient_cash order=10.02 cash=10.03
[SIGNAL] 2026-08-10T15:49:59+00:00 CTRY BUY fill_at=2026-08-10T15:54:59+00:00 features={"close": 3.169, "bb_lower": 3.1776341638426215, "bb_upper": 3.2412229790145206, "rsi": 38.99525069869837, "mfi": null, "atr": 0.02007142857142858}
[BLOCKED] CTRY reason=insufficient_cash order=10.02 cash=10.03
[SIGNAL] 2026-08-10T15:49:59+00:00 PHATRY BUY fill_at=2026-08-10T15:54:59+00:00 features={"close": 1.18, "bb_lower": 1.180485011844541, "bb_upper": 1.2061816548221258, "rsi": 39.7839555388523, "mfi": null, "atr": 0.008571428571428579}
[BLOCKED] PHATRY reason=insufficient_cash order=10.02 cash=10.03
[SIGNAL] 2026-08-10T15:49:59+00:00 WLDTRY BUY fill_at=2026-08-10T15:54:59+00:00 features={"close": 16.18, "bb_lower": 16.1922490927099, "bb_upper": 16.598227097766298, "rsi": 41.652958357267174, "mfi": null, "atr": 0.12499999999999975}
[BLOCKED] WLDTRY reason=insufficient_cash order=10.02 cash=10.03
[SIGNAL] 2026-08-10T15:49:59+00:00 ZROTRY BUY fill_at=2026-08-10T15:54:59+00:00 features={"close": 40.8, "bb_lower": 40.829101074565564, "bb_upper": 41.342327496863, "rsi": 35.41495335192114, "mfi": null, "atr": 0.10000000000000091}
[BLOCKED] ZROTRY reason=insufficient_cash order=10.02 cash=10.03
[SCAN] 2026-08-10T15:54:59+00:00 symbols=121 signals=5 entries=0 exits=0 blocked=5 open=10 cash=10.03 equity=10135.01
[SIGNAL] 2026-08-10T15:54:59+00:00 BOMETRY BUY fill_at=2026-08-10T15:59:59+00:00 features={"close": 0.03822, "bb_lower": 0.038306112379345274, "bb_upper": 0.039026268573035684, "rsi": 42.43501720358123, "mfi": null, "atr": 0.00035285714285714434}
[BLOCKED] BOMETRY reason=insufficient_cash order=10.02 cash=10.03
[SIGNAL] 2026-08-10T15:54:59+00:00 CTRY BUY fill_at=2026-08-10T15:59:59+00:00 features={"close": 3.166, "bb_lower": 3.1704651840885276, "bb_upper": 3.243820530197186, "rsi": 38.233586891631695, "mfi": null, "atr": 0.020142857142857178}
[BLOCKED] CTRY reason=insufficient_cash order=10.02 cash=10.03
[SIGNAL] 2026-08-10T15:54:59+00:00 SCRTRY BUY fill_at=2026-08-10T15:59:59+00:00 features={"close": 1.043, "bb_lower": 1.0433579086845486, "bb_upper": 1.0677849484583082, "rsi": 36.8309474396294, "mfi": null, "atr": 0.0034285714285713998}
[BLOCKED] SCRTRY reason=insufficient_cash order=10.02 cash=10.03
[SCAN] 2026-08-10T15:59:59+00:00 symbols=121 signals=3 entries=0 exits=0 blocked=3 open=10 cash=10.03 equity=10149.08
[SIGNAL] 2026-08-10T15:59:59+00:00 AEVOTRY BUY fill_at=2026-08-10T16:04:59+00:00 features={"close": 0.99, "bb_lower": 0.9937724508404142, "bb_upper": 1.018703739635776, "rsi": 30.628896287552905, "mfi": null, "atr": 0.0050714285714285835}
[BLOCKED] AEVOTRY reason=insufficient_cash order=10.02 cash=10.03
[SIGNAL] 2026-08-10T15:59:59+00:00 BOMETRY BUY fill_at=2026-08-10T16:04:59+00:00 features={"close": 0.03811, "bb_lower": 0.03821428808733451, "bb_upper": 0.039074283341236936, "rsi": 40.56649401619822, "mfi": null, "atr": 0.0003435714285714292}
[BLOCKED] BOMETRY reason=insufficient_cash order=10.02 cash=10.03
[SCAN] 2026-08-10T16:04:59+00:00 symbols=121 signals=2 entries=0 exits=0 blocked=2 open=10 cash=10.03 equity=10132.75
[SIGNAL] 2026-08-10T16:04:59+00:00 FOGOTRY BUY fill_at=2026-08-10T16:09:59+00:00 features={"close": 0.433, "bb_lower": 0.4361121594224481, "bb_upper": 0.44788784057755193, "rsi": 30.773240992108654, "mfi": null, "atr": 0.002642857142857145}
[BLOCKED] FOGOTRY reason=insufficient_cash order=10.02 cash=10.03
[SIGNAL] 2026-08-10T16:04:59+00:00 KITETRY BUY fill_at=2026-08-10T16:09:59+00:00 features={"close": 4.924, "bb_lower": 4.92415998292342, "bb_upper": 4.9919352551718195, "rsi": 41.98592031758335, "mfi": null, "atr": 0.015357142857142783}
[BLOCKED] KITETRY reason=insufficient_cash order=10.02 cash=10.03
[SCAN] 2026-08-10T16:09:59+00:00 symbols=121 signals=2 entries=0 exits=0 blocked=2 open=10 cash=10.03 equity=10124.03
[SIGNAL] 2026-08-10T16:09:59+00:00 AEVOTRY BUY fill_at=2026-08-10T16:14:59+00:00 features={"close": 0.99, "bb_lower": 0.9907365557329517, "bb_upper": 1.0168824918860953, "rsi": 32.90274603481288, "mfi": null, "atr": 0.005357142857142878}
[BLOCKED] AEVOTRY reason=insufficient_cash order=10.02 cash=10.03
[SIGNAL] 2026-08-10T16:09:59+00:00 FOGOTRY BUY fill_at=2026-08-10T16:14:59+00:00 features={"close": 0.435, "bb_lower": 0.4351201221435757, "bb_upper": 0.44830844928499575, "rsi": 36.90252937485519, "mfi": null, "atr": 0.0024285714285714305}
[BLOCKED] FOGOTRY reason=insufficient_cash order=10.02 cash=10.03
[SIGNAL] 2026-08-10T16:09:59+00:00 PEOPLETRY BUY fill_at=2026-08-10T16:14:59+00:00 features={"close": 0.41, "bb_lower": 0.41085960664394583, "bb_upper": 0.41914039335605413, "rsi": 35.68031646742412, "mfi": null, "atr": 0.0015000000000000013}
[BLOCKED] PEOPLETRY reason=insufficient_cash order=10.02 cash=10.03
[SCAN] 2026-08-10T16:14:59+00:00 symbols=121 signals=3 entries=0 exits=0 blocked=3 open=10 cash=10.03 equity=10129.22
[SIGNAL] 2026-08-10T16:14:59+00:00 PEOPLETRY BUY fill_at=2026-08-10T16:19:59+00:00 features={"close": 0.41, "bb_lower": 0.4100895959839318, "bb_upper": 0.4193389754446396, "rsi": 35.68031646742412, "mfi": null, "atr": 0.0013571428571428584}
[BLOCKED] PEOPLETRY reason=insufficient_cash order=10.02 cash=10.03
[SCAN] 2026-08-10T16:19:59+00:00 symbols=121 signals=1 entries=0 exits=0 blocked=1 open=10 cash=10.03 equity=10142.27
[SCAN] 2026-08-10T16:24:59+00:00 symbols=121 signals=0 entries=0 exits=0 blocked=0 open=10 cash=10.03 equity=10145.03
[EXIT] 2026-08-10T16:29:59+00:00 CATITRY reason=bb_mfi_v3_signal_exit pnl=+20.96 cash=1010.41
[SIGNAL] 2026-08-10T16:24:59+00:00 BABYTRY BUY fill_at=2026-08-10T16:29:59+00:00 features={"close": 0.626, "bb_lower": 0.6264017758593576, "bb_upper": 0.6398839384263568, "rsi": 34.391174377858036, "mfi": null, "atr": 0.0017142857142857157}
[ENTRY] 2026-08-10T16:29:59+00:00 BABYTRY layer=1 value=1008.90 entry=0.62646950 cash=0.00
[SIGNAL] 2026-08-10T16:24:59+00:00 FOGOTRY BUY fill_at=2026-08-10T16:29:59+00:00 features={"close": 0.431, "bb_lower": 0.43181480209606116, "bb_upper": 0.4494232931420339, "rsi": 31.572377056839628, "mfi": null, "atr": 0.0022142857142857164}
[BLOCKED] FOGOTRY reason=insufficient_cash order=0.00 cash=0.00
[SIGNAL] 2026-08-10T16:24:59+00:00 WTRY BUY fill_at=2026-08-10T16:29:59+00:00 features={"close": 0.4019, "bb_lower": 0.4021781361793764, "bb_upper": 0.40758376858252826, "rsi": 32.94647044651859, "mfi": null, "atr": 0.0007928571428571428}
[BLOCKED] WTRY reason=insufficient_cash order=0.00 cash=0.00
[SCAN] 2026-08-10T16:29:59+00:00 symbols=121 signals=3 entries=1 exits=1 blocked=2 open=10 cash=0.00 equity=10137.12
[SIGNAL] 2026-08-10T16:29:59+00:00 PEOPLETRY BUY fill_at=2026-08-10T16:34:59+00:00 features={"close": 0.408, "bb_lower": 0.4088097549753966, "bb_upper": 0.41861881645317467, "rsi": 35.25502278704171, "mfi": null, "atr": 0.0017857142857142874}
[BLOCKED] PEOPLETRY reason=insufficient_cash order=0.00 cash=0.00
[SCAN] 2026-08-10T16:34:59+00:00 symbols=121 signals=1 entries=0 exits=0 blocked=1 open=10 cash=0.00 equity=10126.22
[SIGNAL] 2026-08-10T16:34:59+00:00 EDENTRY BUY fill_at=2026-08-10T16:39:59+00:00 features={"close": 2.128, "bb_lower": 2.132465418194254, "bb_upper": 2.1676298199009842, "rsi": 33.74564473750914, "mfi": null, "atr": 0.014928571428571498}
[BLOCKED] EDENTRY reason=insufficient_cash order=0.00 cash=0.00
[SCAN] 2026-08-10T16:39:59+00:00 symbols=121 signals=1 entries=0 exits=0 blocked=1 open=10 cash=0.00 equity=10149.62
[SCAN] 2026-08-10T16:44:59+00:00 symbols=121 signals=0 entries=0 exits=0 blocked=0 open=10 cash=0.00 equity=10137.82
[SCAN] 2026-08-10T16:49:59+00:00 symbols=121 signals=0 entries=0 exits=0 blocked=0 open=10 cash=0.00 equity=10129.64
[SIGNAL] 2026-08-10T16:49:59+00:00 CETUSTRY BUY fill_at=2026-08-10T16:54:59+00:00 features={"close": 0.888, "bb_lower": 0.8882187675221459, "bb_upper": 0.8934002800969022, "rsi": 38.508237796643414, "mfi": null, "atr": 0.0019285714285714303}
[BLOCKED] CETUSTRY reason=max_layers
[SIGNAL] 2026-08-10T16:49:59+00:00 EIGENTRY BUY fill_at=2026-08-10T16:54:59+00:00 features={"close": 8.595, "bb_lower": 8.596963420845306, "bb_upper": 8.705608007726124, "rsi": 36.16026515080309, "mfi": null, "atr": 0.029714285714285867}
[BLOCKED] EIGENTRY reason=insufficient_cash order=0.00 cash=0.00
[SIGNAL] 2026-08-10T16:49:59+00:00 ENATRY BUY fill_at=2026-08-10T16:54:59+00:00 features={"close": 4.178, "bb_lower": 4.178256585713028, "bb_upper": 4.2199338904774475, "rsi": 35.54127447079337, "mfi": null, "atr": 0.012500000000000051}
[BLOCKED] ENATRY reason=insufficient_cash order=0.00 cash=0.00
[SIGNAL] 2026-08-10T16:49:59+00:00 LISTATRY BUY fill_at=2026-08-10T16:54:59+00:00 features={"close": 3.14, "bb_lower": 3.1539685945924805, "bb_upper": 3.2279361673122806, "rsi": 37.68917653948714, "mfi": null, "atr": 0.02142857142857148}
[BLOCKED] LISTATRY reason=insufficient_cash order=0.00 cash=0.00
[SIGNAL] 2026-08-10T16:49:59+00:00 RENDERTRY BUY fill_at=2026-08-10T16:54:59+00:00 features={"close": 61.2, "bb_lower": 61.219842652512355, "bb_upper": 61.675395442725744, "rsi": 33.090485206982876, "mfi": null, "atr": 0.07857142857142918}
[BLOCKED] RENDERTRY reason=insufficient_cash order=0.00 cash=0.00
[SIGNAL] 2026-08-10T16:49:59+00:00 SPKTRY BUY fill_at=2026-08-10T16:54:59+00:00 features={"close": 0.6942, "bb_lower": 0.6952662977006276, "bb_upper": 0.701105130870801, "rsi": 30.0192578203917, "mfi": null, "atr": 0.0010928571428571415}
[BLOCKED] SPKTRY reason=insufficient_cash order=0.00 cash=0.00
[SCAN] 2026-08-10T16:54:59+00:00 symbols=121 signals=6 entries=0 exits=0 blocked=6 open=10 cash=0.00 equity=10128.75
[SIGNAL] 2026-08-10T16:54:59+00:00 APTTRY BUY fill_at=2026-08-10T16:59:59+00:00 features={"close": 27.9, "bb_lower": 27.907511340944737, "bb_upper": 28.168679135245732, "rsi": 35.66201722987941, "mfi": null, "atr": 0.04285714285714347}
[BLOCKED] APTTRY reason=insufficient_cash order=0.00 cash=0.00
[SIGNAL] 2026-08-10T16:54:59+00:00 ENATRY BUY fill_at=2026-08-10T16:59:59+00:00 features={"close": 4.175, "bb_lower": 4.175039106350439, "bb_upper": 4.2195323222209895, "rsi": 34.533724038303106, "mfi": null, "atr": 0.012357142857142924}
[BLOCKED] ENATRY reason=insufficient_cash order=0.00 cash=0.00
[SIGNAL] 2026-08-10T16:54:59+00:00 GUNTRY BUY fill_at=2026-08-10T16:59:59+00:00 features={"close": 0.164, "bb_lower": 0.16479483551204457, "bb_upper": 0.17330040258319354, "rsi": 37.9344651925199, "mfi": null, "atr": 0.0026428571428571274}
[BLOCKED] GUNTRY reason=insufficient_cash order=0.00 cash=0.00
[SIGNAL] 2026-08-10T16:54:59+00:00 HBARTRY BUY fill_at=2026-08-10T16:59:59+00:00 features={"close": 3.234, "bb_lower": 3.234818599252037, "bb_upper": 3.250800448367011, "rsi": 36.74544462124961, "mfi": null, "atr": 0.003428571428571368}
[BLOCKED] HBARTRY reason=insufficient_cash order=0.00 cash=0.00
[SIGNAL] 2026-08-10T16:54:59+00:00 LISTATRY BUY fill_at=2026-08-10T16:59:59+00:00 features={"close": 3.14, "bb_lower": 3.145800955428381, "bb_upper": 3.2294371398097144, "rsi": 37.689176539487136, "mfi": null, "atr": 0.020714285714285748}
[BLOCKED] LISTATRY reason=insufficient_cash order=0.00 cash=0.00
[SIGNAL] 2026-08-10T16:54:59+00:00 WTRY BUY fill_at=2026-08-10T16:59:59+00:00 features={"close": 0.4017, "bb_lower": 0.4020815275741337, "bb_upper": 0.4060232343306283, "rsi": 37.05315408957374, "mfi": null, "atr": 0.0010285714285714184}
[BLOCKED] WTRY reason=insufficient_cash order=0.00 cash=0.00
[SCAN] 2026-08-10T16:59:59+00:00 symbols=121 signals=6 entries=0 exits=0 blocked=6 open=10 cash=0.00 equity=10122.31
[SIGNAL] 2026-08-10T16:59:59+00:00 CETUSTRY BUY fill_at=2026-08-10T17:04:59+00:00 features={"close": 0.885, "bb_lower": 0.8868635837499775, "bb_upper": 0.8938983210119277, "rsi": 31.779441303773723, "mfi": null, "atr": 0.0019285714285714303}
[BLOCKED] CETUSTRY reason=max_layers
[SIGNAL] 2026-08-10T16:59:59+00:00 CTRY BUY fill_at=2026-08-10T17:04:59+00:00 features={"close": 3.104, "bb_lower": 3.110395355567454, "bb_upper": 3.2665570253849268, "rsi": 30.087958570542014, "mfi": null, "atr": 0.02614285714285715}
[BLOCKED] CTRY reason=insufficient_cash order=0.00 cash=0.00
[SIGNAL] 2026-08-10T16:59:59+00:00 FLOKITRY BUY fill_at=2026-08-10T17:04:59+00:00 features={"close": 0.001006, "bb_lower": 0.0010061647253164672, "bb_upper": 0.0010128828937311523, "rsi": 34.33421433250268, "mfi": null, "atr": 1.8571428571428713e-06}
[BLOCKED] FLOKITRY reason=insufficient_cash order=0.00 cash=0.00
[SIGNAL] 2026-08-10T16:59:59+00:00 GUNTRY BUY fill_at=2026-08-10T17:04:59+00:00 features={"close": 0.162, "bb_lower": 0.16356466146680296, "bb_upper": 0.17395914805700655, "rsi": 33.88088834472032, "mfi": null, "atr": 0.002714285714285699}
[BLOCKED] GUNTRY reason=insufficient_cash order=0.00 cash=0.00
[SIGNAL] 2026-08-10T16:59:59+00:00 HBARTRY BUY fill_at=2026-08-10T17:04:59+00:00 features={"close": 3.231, "bb_lower": 3.2329904568724235, "bb_upper": 3.25177144788948, "rsi": 34.188941511977234, "mfi": null, "atr": 0.0034999999999999636}
[BLOCKED] HBARTRY reason=insufficient_cash order=0.00 cash=0.00
[SIGNAL] 2026-08-10T16:59:59+00:00 LISTATRY BUY fill_at=2026-08-10T17:04:59+00:00 features={"close": 3.13, "bb_lower": 3.137678018236501, "bb_upper": 3.23375055319207, "rsi": 35.67502845162464, "mfi": null, "atr": 0.020714285714285748}
[BLOCKED] LISTATRY reason=insufficient_cash order=0.00 cash=0.00
[SIGNAL] 2026-08-10T16:59:59+00:00 WTRY BUY fill_at=2026-08-10T17:04:59+00:00 features={"close": 0.4016, "bb_lower": 0.40171184504831664, "bb_upper": 0.4061738692373978, "rsi": 36.70853230873367, "mfi": null, "atr": 0.0010357142857142748}
[BLOCKED] WTRY reason=insufficient_cash order=0.00 cash=0.00
[SCAN] 2026-08-10T17:04:59+00:00 symbols=121 signals=7 entries=0 exits=0 blocked=7 open=10 cash=0.00 equity=10119.42
[SIGNAL] 2026-08-10T17:04:59+00:00 GUNTRY BUY fill_at=2026-08-10T17:09:59+00:00 features={"close": 0.162, "bb_lower": 0.1624901115169067, "bb_upper": 0.17436703134023615, "rsi": 33.88088834472032, "mfi": null, "atr": 0.002571428571428558}
[BLOCKED] GUNTRY reason=insufficient_cash order=0.00 cash=0.00
[SIGNAL] 2026-08-10T17:04:59+00:00 HBARTRY BUY fill_at=2026-08-10T17:09:59+00:00 features={"close": 3.231, "bb_lower": 3.2314456568658207, "bb_upper": 3.2516019621817986, "rsi": 34.188941511977234, "mfi": null, "atr": 0.0034999999999999953}
[BLOCKED] HBARTRY reason=insufficient_cash order=0.00 cash=0.00
[SIGNAL] 2026-08-10T17:04:59+00:00 SUITRY BUY fill_at=2026-08-10T17:09:59+00:00 features={"close": 32.62, "bb_lower": 32.64966526611279, "bb_upper": 32.958906162458646, "rsi": 32.90017654623085, "mfi": null, "atr": 0.08428571428571477}
[BLOCKED] SUITRY reason=insufficient_cash order=0.00 cash=0.00
[SCAN] 2026-08-10T17:09:59+00:00 symbols=121 signals=3 entries=0 exits=0 blocked=3 open=10 cash=0.00 equity=10136.50
[SIGNAL] 2026-08-10T17:09:59+00:00 CETUSTRY BUY fill_at=2026-08-10T17:14:59+00:00 features={"close": 0.883, "bb_lower": 0.8835200314238192, "bb_upper": 0.8955275876237998, "rsi": 32.71942433667199, "mfi": null, "atr": 0.0024285714285714305}
[BLOCKED] CETUSTRY reason=max_layers
[SIGNAL] 2026-08-10T17:09:59+00:00 LISTATRY BUY fill_at=2026-08-10T17:14:59+00:00 features={"close": 3.1, "bb_lower": 3.1062172866129014, "bb_upper": 3.249973189577574, "rsi": 32.4090488231019, "mfi": null, "atr": 0.02214285714285718}
[BLOCKED] LISTATRY reason=insufficient_cash order=0.00 cash=0.00
[SCAN] 2026-08-10T17:14:59+00:00 symbols=121 signals=2 entries=0 exits=0 blocked=2 open=10 cash=0.00 equity=10164.25
[EXIT] 2026-08-10T17:19:59+00:00 OPTRY reason=bb_mfi_v3_signal_exit pnl=+4.76 cash=1010.80
[SIGNAL] 2026-08-10T17:14:59+00:00 FLOKITRY BUY fill_at=2026-08-10T17:19:59+00:00 features={"close": 0.001001, "bb_lower": 0.0010018395232799298, "bb_upper": 0.0010151128576724512, "rsi": 30.11118578507775, "mfi": null, "atr": 2.5714285714285873e-06}
[ENTRY] 2026-08-10T17:19:59+00:00 FLOKITRY layer=1 value=1009.29 entry=0.00100075 cash=0.00
[SIGNAL] 2026-08-10T17:14:59+00:00 HOMETRY BUY fill_at=2026-08-10T17:19:59+00:00 features={"close": 0.522, "bb_lower": 0.5228869749469489, "bb_upper": 0.5839701679101938, "rsi": 42.47140007272991, "mfi": null, "atr": 0.02271428571428567}
[BLOCKED] HOMETRY reason=insufficient_cash order=0.00 cash=0.00
[SIGNAL] 2026-08-10T17:14:59+00:00 PSGTRY BUY fill_at=2026-08-10T17:19:59+00:00 features={"close": 24.94, "bb_lower": 24.95882349846017, "bb_upper": 25.060224120587456, "rsi": 30.324188282654873, "mfi": null, "atr": 0.025714285714285672}
[BLOCKED] PSGTRY reason=insufficient_cash order=0.00 cash=0.00
[SIGNAL] 2026-08-10T17:14:59+00:00 RETRY BUY fill_at=2026-08-10T17:19:59+00:00 features={"close": 20.88, "bb_lower": 20.980137140892417, "bb_upper": 21.563672382917105, "rsi": 41.06037481134782, "mfi": null, "atr": 0.21428571428571427}
[BLOCKED] RETRY reason=insufficient_cash order=0.00 cash=0.00
[SCAN] 2026-08-10T17:19:59+00:00 symbols=121 signals=4 entries=1 exits=1 blocked=3 open=10 cash=0.00 equity=10141.61
[SIGNAL] 2026-08-10T17:19:59+00:00 LATRY BUY fill_at=2026-08-10T17:24:59+00:00 features={"close": 2.6, "bb_lower": 2.6010891367042372, "bb_upper": 2.6274822918671914, "rsi": 30.719178439946475, "mfi": null, "atr": 0.0028571428571428597}
[BLOCKED] LATRY reason=insufficient_cash order=0.00 cash=0.00
[SIGNAL] 2026-08-10T17:19:59+00:00 PSGTRY BUY fill_at=2026-08-10T17:24:59+00:00 features={"close": 24.94, "bb_lower": 24.94800432916406, "bb_upper": 25.065329004169275, "rsi": 30.324188282654873, "mfi": null, "atr": 0.024285714285714275}
[BLOCKED] PSGTRY reason=insufficient_cash order=0.00 cash=0.00
[SCAN] 2026-08-10T17:24:59+00:00 symbols=121 signals=2 entries=0 exits=0 blocked=2 open=10 cash=0.00 equity=10139.60
[SIGNAL] 2026-08-10T17:24:59+00:00 DODOTRY BUY fill_at=2026-08-10T17:29:59+00:00 features={"close": 1.021, "bb_lower": 1.0214246329014356, "bb_upper": 1.0478896528128503, "rsi": 39.58326132282053, "mfi": null, "atr": 0.007949999999999966}
[BLOCKED] DODOTRY reason=insufficient_cash order=0.00 cash=0.00
[SIGNAL] 2026-08-10T17:24:59+00:00 RETRY BUY fill_at=2026-08-10T17:29:59+00:00 features={"close": 20.83, "bb_lower": 20.877272523730742, "bb_upper": 21.604632238174023, "rsi": 40.584089689760695, "mfi": null, "atr": 0.21357142857142872}
[BLOCKED] RETRY reason=insufficient_cash order=0.00 cash=0.00
[SCAN] 2026-08-10T17:29:59+00:00 symbols=121 signals=2 entries=0 exits=0 blocked=2 open=10 cash=0.00 equity=10126.30
[SIGNAL] 2026-08-10T17:29:59+00:00 CATITRY BUY fill_at=2026-08-10T17:34:59+00:00 features={"close": 2.089, "bb_lower": 2.089209850552321, "bb_upper": 2.1361234827810125, "rsi": 38.4673737128437, "mfi": null, "atr": 0.01099999999999993}
[BLOCKED] CATITRY reason=insufficient_cash order=0.00 cash=0.00
[SIGNAL] 2026-08-10T17:29:59+00:00 DODOTRY BUY fill_at=2026-08-10T17:34:59+00:00 features={"close": 1.0119, "bb_lower": 1.0171964624727845, "bb_upper": 1.0500130613367393, "rsi": 34.93748140041005, "mfi": null, "atr": 0.008335714285714255}
[BLOCKED] DODOTRY reason=insufficient_cash order=0.00 cash=0.00
[SIGNAL] 2026-08-10T17:29:59+00:00 RETRY BUY fill_at=2026-08-10T17:34:59+00:00 features={"close": 20.74, "bb_lower": 20.795271172933447, "bb_upper": 21.624728827066555, "rsi": 38.486244790289724, "mfi": null, "atr": 0.2164285714285715}
[BLOCKED] RETRY reason=insufficient_cash order=0.00 cash=0.00
[SCAN] 2026-08-10T17:34:59+00:00 symbols=121 signals=3 entries=0 exits=0 blocked=3 open=10 cash=0.00 equity=10134.86
[SIGNAL] 2026-08-10T17:34:59+00:00 DODOTRY BUY fill_at=2026-08-10T17:39:59+00:00 features={"close": 1.0138, "bb_lower": 1.014208597019126, "bb_upper": 1.05110568869516, "rsi": 36.620051836570184, "mfi": null, "atr": 0.008007142857142832}
[BLOCKED] DODOTRY reason=insufficient_cash order=0.00 cash=0.00
[SIGNAL] 2026-08-10T17:34:59+00:00 GENIUSTRY BUY fill_at=2026-08-10T17:39:59+00:00 features={"close": 16.92, "bb_lower": 16.96098352748473, "bb_upper": 17.841873615372414, "rsi": 40.17643998495149, "mfi": null, "atr": 0.1907142857142856}
[BLOCKED] GENIUSTRY reason=insufficient_cash order=0.00 cash=0.00
[SIGNAL] 2026-08-10T17:34:59+00:00 HOMETRY BUY fill_at=2026-08-10T17:39:59+00:00 features={"close": 0.498, "bb_lower": 0.5023173958841558, "bb_upper": 0.5922540326872727, "rsi": 33.176462724837705, "mfi": null, "atr": 0.019285714285714264}
[BLOCKED] HOMETRY reason=insufficient_cash order=0.00 cash=0.00
[SIGNAL] 2026-08-10T17:34:59+00:00 RETRY BUY fill_at=2026-08-10T17:39:59+00:00 features={"close": 20.49, "bb_lower": 20.658659758250167, "bb_upper": 21.688006908416504, "rsi": 33.30549038288147, "mfi": null, "atr": 0.22571428571428598}
[BLOCKED] RETRY reason=insufficient_cash order=0.00 cash=0.00
[SCAN] 2026-08-10T17:39:59+00:00 symbols=121 signals=4 entries=0 exits=0 blocked=4 open=10 cash=0.00 equity=10122.68
[SIGNAL] 2026-08-10T17:39:59+00:00 ACTTRY BUY fill_at=2026-08-10T17:44:59+00:00 features={"close": 0.5114, "bb_lower": 0.5115125163502393, "bb_upper": 0.5304303407926177, "rsi": 37.28680215632894, "mfi": null, "atr": 0.0048499999999999975}
[BLOCKED] ACTTRY reason=insufficient_cash order=0.00 cash=0.00
[SIGNAL] 2026-08-10T17:39:59+00:00 GENIUSTRY BUY fill_at=2026-08-10T17:44:59+00:00 features={"close": 16.84, "bb_lower": 16.911734791555432, "bb_upper": 17.871122351301707, "rsi": 37.930775333224396, "mfi": null, "atr": 0.17000000000000018}
[BLOCKED] GENIUSTRY reason=insufficient_cash order=0.00 cash=0.00
[SIGNAL] 2026-08-10T17:39:59+00:00 RETRY BUY fill_at=2026-08-10T17:44:59+00:00 features={"close": 20.36, "bb_lower": 20.512322990464412, "bb_upper": 21.748629390487977, "rsi": 30.957889506192004, "mfi": null, "atr": 0.21928571428571456}
[BLOCKED] RETRY reason=insufficient_cash order=0.00 cash=0.00
[SCAN] 2026-08-10T17:44:59+00:00 symbols=121 signals=3 entries=0 exits=0 blocked=3 open=10 cash=0.00 equity=10132.74
[SIGNAL] 2026-08-10T17:44:59+00:00 AIGENSYNTRY BUY fill_at=2026-08-10T17:49:59+00:00 features={"close": 1.019, "bb_lower": 1.020309576719838, "bb_upper": 1.0310237566134954, "rsi": 31.2304576775347, "mfi": null, "atr": 0.0022857142857143037}
[BLOCKED] AIGENSYNTRY reason=insufficient_cash order=0.00 cash=0.00
[SIGNAL] 2026-08-10T17:44:59+00:00 RETRY BUY fill_at=2026-08-10T17:49:59+00:00 features={"close": 20.39, "bb_lower": 20.403494761724055, "bb_upper": 21.757457619228326, "rsi": 32.153462585020065, "mfi": null, "atr": 0.1985714285714289}
[BLOCKED] RETRY reason=insufficient_cash order=0.00 cash=0.00
[SCAN] 2026-08-10T17:49:59+00:00 symbols=121 signals=2 entries=0 exits=0 blocked=2 open=10 cash=0.00 equity=10135.22
[SIGNAL] 2026-08-10T17:49:59+00:00 IDTRY BUY fill_at=2026-08-10T17:54:59+00:00 features={"close": 1.358, "bb_lower": 1.3594255957223436, "bb_upper": 1.3777172614205135, "rsi": 35.27949647907373, "mfi": null, "atr": 0.0019999999999999857}
[BLOCKED] IDTRY reason=insufficient_cash order=0.00 cash=0.00
[SCAN] 2026-08-10T17:54:59+00:00 symbols=121 signals=1 entries=0 exits=0 blocked=1 open=10 cash=0.00 equity=10135.80
[SIGNAL] 2026-08-10T17:54:59+00:00 IDTRY BUY fill_at=2026-08-10T17:59:59+00:00 features={"close": 1.356, "bb_lower": 1.3573412009585966, "bb_upper": 1.3783730847556896, "rsi": 32.77703274412721, "mfi": null, "atr": 0.002142857142857129}
[BLOCKED] IDTRY reason=insufficient_cash order=0.00 cash=0.00
[SIGNAL] 2026-08-10T17:54:59+00:00 THETRY BUY fill_at=2026-08-10T17:59:59+00:00 features={"close": 3.025, "bb_lower": 3.026816053129836, "bb_upper": 3.0740410897273085, "rsi": 39.15768985241189, "mfi": null, "atr": 0.017000000000000126}
[BLOCKED] THETRY reason=insufficient_cash order=0.00 cash=0.00
[SCAN] 2026-08-10T17:59:59+00:00 symbols=121 signals=2 entries=0 exits=0 blocked=2 open=10 cash=0.00 equity=10121.25
[SIGNAL] 2026-08-10T17:59:59+00:00 MUBARAKTRY BUY fill_at=2026-08-10T18:04:59+00:00 features={"close": 1.041, "bb_lower": 1.0441224945930825, "bb_upper": 1.1100679815973942, "rsi": 41.807406546979834, "mfi": null, "atr": 0.023642857142857156}
[BLOCKED] MUBARAKTRY reason=insufficient_cash order=0.00 cash=0.00
[SCAN] 2026-08-10T18:04:59+00:00 symbols=121 signals=1 entries=0 exits=0 blocked=1 open=10 cash=0.00 equity=10108.95
[SIGNAL] 2026-08-10T18:04:59+00:00 ALLOTRY BUY fill_at=2026-08-10T18:09:59+00:00 features={"close": 15.2, "bb_lower": 15.232842699151991, "bb_upper": 15.71953825322895, "rsi": 38.43332691582591, "mfi": null, "atr": 0.13071428571428534}
[BLOCKED] ALLOTRY reason=insufficient_cash order=0.00 cash=0.00
[SIGNAL] 2026-08-10T18:04:59+00:00 THETATRY BUY fill_at=2026-08-10T18:09:59+00:00 features={"close": 6.67, "bb_lower": 6.675266802274294, "bb_upper": 6.744828435820942, "rsi": 30.933255349603073, "mfi": null, "atr": 0.009785714285714318}
[BLOCKED] THETATRY reason=insufficient_cash order=0.00 cash=0.00
[SCAN] 2026-08-10T18:09:59+00:00 symbols=121 signals=2 entries=0 exits=0 blocked=2 open=10 cash=0.00 equity=10113.75
[SCAN] 2026-08-10T18:14:59+00:00 symbols=121 signals=0 entries=0 exits=0 blocked=0 open=10 cash=0.00 equity=10115.26
[SIGNAL] 2026-08-10T18:14:59+00:00 AIXBTTRY BUY fill_at=2026-08-10T18:19:59+00:00 features={"close": 0.886, "bb_lower": 0.8866818014526354, "bb_upper": 0.8976039128330784, "rsi": 32.30723448975746, "mfi": null, "atr": 0.0015714285714285728}
[BLOCKED] AIXBTTRY reason=insufficient_cash order=0.00 cash=0.00
[SCAN] 2026-08-10T18:19:59+00:00 symbols=121 signals=1 entries=0 exits=0 blocked=1 open=10 cash=0.00 equity=10122.86
[SIGNAL] 2026-08-10T18:19:59+00:00 ADATRY BUY fill_at=2026-08-10T18:24:59+00:00 features={"close": 9.26, "bb_lower": 9.265028223266718, "bb_upper": 9.347352729114238, "rsi": 39.10809841220606, "mfi": null, "atr": 0.018571428571428683}
[BLOCKED] ADATRY reason=insufficient_cash order=0.00 cash=0.00
[SIGNAL] 2026-08-10T18:19:59+00:00 ALTTRY BUY fill_at=2026-08-10T18:24:59+00:00 features={"close": 0.295, "bb_lower": 0.295052926484762, "bb_upper": 0.2967565973247619, "rsi": 40.02528710003074, "mfi": null, "atr": 0.0006428571428571435}
[BLOCKED] ALTTRY reason=insufficient_cash order=0.00 cash=0.00
[SCAN] 2026-08-10T18:24:59+00:00 symbols=121 signals=2 entries=0 exits=0 blocked=2 open=10 cash=0.00 equity=10117.06
[SCAN] 2026-08-10T18:29:59+00:00 symbols=121 signals=0 entries=0 exits=0 blocked=0 open=10 cash=0.00 equity=10103.37
[SIGNAL] 2026-08-10T18:29:59+00:00 ADATRY BUY fill_at=2026-08-10T18:34:59+00:00 features={"close": 9.21, "bb_lower": 9.224491936206869, "bb_upper": 9.365031873316939, "rsi": 32.40103809055198, "mfi": null, "atr": 0.020714285714286036}
[BLOCKED] ADATRY reason=insufficient_cash order=0.00 cash=0.00
[SIGNAL] 2026-08-10T18:29:59+00:00 ATOMTRY BUY fill_at=2026-08-10T18:34:59+00:00 features={"close": 67.0, "bb_lower": 67.0420175324021, "bb_upper": 68.01512532474075, "rsi": 40.036093836401825, "mfi": null, "atr": 0.15714285714285633}
[BLOCKED] ATOMTRY reason=insufficient_cash order=0.00 cash=0.00
[SCAN] 2026-08-10T18:34:59+00:00 symbols=121 signals=2 entries=0 exits=0 blocked=2 open=10 cash=0.00 equity=10097.02
[SIGNAL] 2026-08-10T18:34:59+00:00 ADATRY BUY fill_at=2026-08-10T18:39:59+00:00 features={"close": 9.21, "bb_lower": 9.211579704892914, "bb_upper": 9.367467914154707, "rsi": 32.40103809055198, "mfi": null, "atr": 0.020714285714285907}
[BLOCKED] ADATRY reason=insufficient_cash order=0.00 cash=0.00
[SIGNAL] 2026-08-10T18:34:59+00:00 ENATRY BUY fill_at=2026-08-10T18:39:59+00:00 features={"close": 4.157, "bb_lower": 4.160368645010375, "bb_upper": 4.219155164513434, "rsi": 31.962407224835985, "mfi": null, "atr": 0.009928571428571318}
[BLOCKED] ENATRY reason=insufficient_cash order=0.00 cash=0.00
[SIGNAL] 2026-08-10T18:34:59+00:00 TOWNSTRY BUY fill_at=2026-08-10T18:39:59+00:00 features={"close": 0.121, "bb_lower": 0.12120247544057028, "bb_upper": 0.12270228646419157, "rsi": 35.531449858085864, "mfi": null, "atr": 0.00035714285714285747}
[BLOCKED] TOWNSTRY reason=insufficient_cash order=0.00 cash=0.00
[SCAN] 2026-08-10T18:39:59+00:00 symbols=121 signals=3 entries=0 exits=0 blocked=3 open=10 cash=0.00 equity=10096.30
[SIGNAL] 2026-08-10T18:39:59+00:00 ALTTRY BUY fill_at=2026-08-10T18:44:59+00:00 features={"close": 0.293, "bb_lower": 0.29430970697054554, "bb_upper": 0.2974045787437402, "rsi": 33.82471700305834, "mfi": null, "atr": 0.0007857142857142864}
[BLOCKED] ALTTRY reason=insufficient_cash order=0.00 cash=0.00
[SIGNAL] 2026-08-10T18:39:59+00:00 ASTERTRY BUY fill_at=2026-08-10T18:44:59+00:00 features={"close": 28.72, "bb_lower": 28.722282216962473, "bb_upper": 28.823432068751817, "rsi": 38.05228427057977, "mfi": null, "atr": 0.021428571428571734}
[BLOCKED] ASTERTRY reason=insufficient_cash order=0.00 cash=0.00
[SIGNAL] 2026-08-10T18:39:59+00:00 ATOMTRY BUY fill_at=2026-08-10T18:44:59+00:00 features={"close": 66.9, "bb_lower": 66.91993613428484, "bb_upper": 68.04196862761994, "rsi": 39.58402267167516, "mfi": null, "atr": 0.17142857142857185}
[BLOCKED] ATOMTRY reason=insufficient_cash order=0.00 cash=0.00
[SIGNAL] 2026-08-10T18:39:59+00:00 ENATRY BUY fill_at=2026-08-10T18:44:59+00:00 features={"close": 4.153, "bb_lower": 4.155919728342715, "bb_upper": 4.221508843085857, "rsi": 30.65113922164791, "mfi": null, "atr": 0.009928571428571318}
[BLOCKED] ENATRY reason=insufficient_cash order=0.00 cash=0.00
[SIGNAL] 2026-08-10T18:39:59+00:00 ETHFITRY BUY fill_at=2026-08-10T18:44:59+00:00 features={"close": 18.44, "bb_lower": 18.441989588823077, "bb_upper": 18.71991517308168, "rsi": 34.47391127633057, "mfi": null, "atr": 0.043571428571428275}
[BLOCKED] ETHFITRY reason=insufficient_cash order=0.00 cash=0.00
[SIGNAL] 2026-08-10T18:39:59+00:00 JTOTRY BUY fill_at=2026-08-10T18:44:59+00:00 features={"close": 26.05, "bb_lower": 26.057017416151943, "bb_upper": 26.214411155276622, "rsi": 40.890363087073275, "mfi": null, "atr": 0.06071428571428582}
[BLOCKED] JTOTRY reason=insufficient_cash order=0.00 cash=0.00
[SIGNAL] 2026-08-10T18:39:59+00:00 ORDITRY BUY fill_at=2026-08-10T18:44:59+00:00 features={"close": 166.0, "bb_lower": 166.25964493261236, "bb_upper": 168.17845030548293, "rsi": 30.524648629667965, "mfi": null, "atr": 0.2071428571428535}
[BLOCKED] ORDITRY reason=insufficient_cash order=0.00 cash=0.00
[SIGNAL] 2026-08-10T18:39:59+00:00 SHIBTRY BUY fill_at=2026-08-10T18:44:59+00:00 features={"close": 0.0002197, "bb_lower": 0.00021998608069451767, "bb_upper": 0.00022122344311500616, "rsi": 37.58521553818911, "mfi": null, "atr": 3.428571428571473e-07}
[BLOCKED] SHIBTRY reason=insufficient_cash order=0.00 cash=0.00
[SIGNAL] 2026-08-10T18:39:59+00:00 TOWNSTRY BUY fill_at=2026-08-10T18:44:59+00:00 features={"close": 0.121, "bb_lower": 0.12105292648476197, "bb_upper": 0.12275659732476181, "rsi": 35.531449858085864, "mfi": null, "atr": 0.00035714285714285747}
[BLOCKED] TOWNSTRY reason=insufficient_cash order=0.00 cash=0.00
[SIGNAL] 2026-08-10T18:39:59+00:00 TRUMPTRY BUY fill_at=2026-08-10T18:44:59+00:00 features={"close": 70.6, "bb_lower": 70.65600940132762, "bb_upper": 71.27732393200571, "rsi": 33.315501720470664, "mfi": null, "atr": 0.07857142857142715}
[BLOCKED] TRUMPTRY reason=insufficient_cash order=0.00 cash=0.00
[SCAN] 2026-08-10T18:44:59+00:00 symbols=121 signals=10 entries=0 exits=0 blocked=10 open=10 cash=0.00 equity=10098.26
[SIGNAL] 2026-08-10T18:44:59+00:00 ORDITRY BUY fill_at=2026-08-10T18:49:59+00:00 features={"close": 166.0, "bb_lower": 166.06633254932203, "bb_upper": 168.23842935543988, "rsi": 30.524648629667965, "mfi": null, "atr": 0.19285714285713798}
[BLOCKED] ORDITRY reason=insufficient_cash order=0.00 cash=0.00
[SIGNAL] 2026-08-10T18:44:59+00:00 SHIBTRY BUY fill_at=2026-08-10T18:49:59+00:00 features={"close": 0.0002197, "bb_lower": 0.0002198341592076065, "bb_upper": 0.00022126107888763153, "rsi": 37.58521553818911, "mfi": null, "atr": 3.0714285714286266e-07}
[BLOCKED] SHIBTRY reason=insufficient_cash order=0.00 cash=0.00
[SIGNAL] 2026-08-10T18:44:59+00:00 WLDTRY BUY fill_at=2026-08-10T18:49:59+00:00 features={"close": 15.92, "bb_lower": 15.93224756690748, "bb_upper": 16.46108576642586, "rsi": 30.009438022225964, "mfi": null, "atr": 0.06285714285714304}
[BLOCKED] WLDTRY reason=insufficient_cash order=0.00 cash=0.00
[SCAN] 2026-08-10T18:49:59+00:00 symbols=121 signals=3 entries=0 exits=0 blocked=3 open=10 cash=0.00 equity=10103.84
[SIGNAL] 2026-08-10T18:49:59+00:00 0GTRY BUY fill_at=2026-08-10T18:54:59+00:00 features={"close": 7.36, "bb_lower": 7.3604782255153935, "bb_upper": 7.471902726865562, "rsi": 37.7000160948706, "mfi": null, "atr": 0.015714285714285698}
[BLOCKED] 0GTRY reason=insufficient_cash order=0.00 cash=0.00
[SIGNAL] 2026-08-10T18:49:59+00:00 BIOTRY BUY fill_at=2026-08-10T18:54:59+00:00 features={"close": 1.257, "bb_lower": 1.2585728864491912, "bb_upper": 1.2725699706936664, "rsi": 33.06971662512639, "mfi": null, "atr": 0.0030000000000000027}
[BLOCKED] BIOTRY reason=insufficient_cash order=0.00 cash=0.00
[SIGNAL] 2026-08-10T18:49:59+00:00 ETHFITRY BUY fill_at=2026-08-10T18:54:59+00:00 features={"close": 18.42, "bb_lower": 18.425187190347163, "bb_upper": 18.728146142986173, "rsi": 33.387511186409924, "mfi": null, "atr": 0.040714285714285224}
[BLOCKED] ETHFITRY reason=insufficient_cash order=0.00 cash=0.00
[SIGNAL] 2026-08-10T18:49:59+00:00 SHIBTRY BUY fill_at=2026-08-10T18:54:59+00:00 features={"close": 0.0002197, "bb_lower": 0.00021971598820610678, "bb_upper": 0.00022131258322246456, "rsi": 37.58521553818911, "mfi": null, "atr": 3.1428571428572e-07}
[BLOCKED] SHIBTRY reason=insufficient_cash order=0.00 cash=0.00
[SIGNAL] 2026-08-10T18:49:59+00:00 TRUMPTRY BUY fill_at=2026-08-10T18:54:59+00:00 features={"close": 70.6, "bb_lower": 70.63254063874685, "bb_upper": 71.29126888506268, "rsi": 35.79472070681314, "mfi": null, "atr": 0.09285714285714164}
[BLOCKED] TRUMPTRY reason=insufficient_cash order=0.00 cash=0.00
[SCAN] 2026-08-10T18:54:59+00:00 symbols=121 signals=5 entries=0 exits=0 blocked=5 open=10 cash=0.00 equity=10111.31
[SIGNAL] 2026-08-10T18:54:59+00:00 ASTERTRY BUY fill_at=2026-08-10T18:59:59+00:00 features={"close": 28.71, "bb_lower": 28.714415915887027, "bb_upper": 28.82748884601774, "rsi": 38.87034464503752, "mfi": null, "atr": 0.026428571428572006}
[BLOCKED] ASTERTRY reason=insufficient_cash order=0.00 cash=0.00
[SIGNAL] 2026-08-10T18:54:59+00:00 BIOTRY BUY fill_at=2026-08-10T18:59:59+00:00 features={"close": 1.257, "bb_lower": 1.2572532085845298, "bb_upper": 1.272842029510709, "rsi": 33.06971662512639, "mfi": null, "atr": 0.0027857142857142963}
[BLOCKED] BIOTRY reason=insufficient_cash order=0.00 cash=0.00
[SIGNAL] 2026-08-10T18:54:59+00:00 ETHFITRY BUY fill_at=2026-08-10T18:59:59+00:00 features={"close": 18.4, "bb_lower": 18.400551995534308, "bb_upper": 18.73849562351331, "rsi": 31.65225416937129, "mfi": null, "atr": 0.03857142857142826}
[BLOCKED] ETHFITRY reason=insufficient_cash order=0.00 cash=0.00
[SCAN] 2026-08-10T18:59:59+00:00 symbols=121 signals=3 entries=0 exits=0 blocked=3 open=10 cash=0.00 equity=10108.88
[SIGNAL] 2026-08-10T18:59:59+00:00 BLURTRY BUY fill_at=2026-08-10T19:04:59+00:00 features={"close": 0.661, "bb_lower": 0.6616974689732917, "bb_upper": 0.6734453881695655, "rsi": 36.796674546685466, "mfi": null, "atr": 0.0018571428571428589}
[BLOCKED] BLURTRY reason=insufficient_cash order=0.00 cash=0.00
[SCAN] 2026-08-10T19:04:59+00:00 symbols=121 signals=1 entries=0 exits=0 blocked=1 open=10 cash=0.00 equity=10103.81
[SIGNAL] 2026-08-10T19:04:59+00:00 ASTERTRY BUY fill_at=2026-08-10T19:09:59+00:00 features={"close": 28.69, "bb_lower": 28.694585268017658, "bb_upper": 28.828271874839498, "rsi": 36.12558809157009, "mfi": null, "atr": 0.025714285714286435}
[BLOCKED] ASTERTRY reason=insufficient_cash order=0.00 cash=0.00
[SIGNAL] 2026-08-10T19:04:59+00:00 BLURTRY BUY fill_at=2026-08-10T19:09:59+00:00 features={"close": 0.66, "bb_lower": 0.6607048713747409, "bb_upper": 0.6739617952919258, "rsi": 34.90504600734283, "mfi": null, "atr": 0.0018571428571428589}
[BLOCKED] BLURTRY reason=insufficient_cash order=0.00 cash=0.00
[SIGNAL] 2026-08-10T19:04:59+00:00 LATRY BUY fill_at=2026-08-10T19:09:59+00:00 features={"close": 2.59, "bb_lower": 2.5904834071405043, "bb_upper": 2.621897545240448, "rsi": 38.24137290272837, "mfi": null, "atr": 0.007142857142857181}
[BLOCKED] LATRY reason=insufficient_cash order=0.00 cash=0.00
[SIGNAL] 2026-08-10T19:04:59+00:00 USTCTRY BUY fill_at=2026-08-10T19:09:59+00:00 features={"close": 0.2391, "bb_lower": 0.2391139018560678, "bb_upper": 0.24000038385821787, "rsi": 37.14756775597181, "mfi": null, "atr": 9.285714285714453e-05}
[BLOCKED] USTCTRY reason=insufficient_cash order=0.00 cash=0.00
[SIGNAL] 2026-08-10T19:04:59+00:00 ZKTRY BUY fill_at=2026-08-10T19:09:59+00:00 features={"close": 0.376, "bb_lower": 0.3768776562199213, "bb_upper": 0.3808366294943645, "rsi": 37.8773778441999, "mfi": null, "atr": 0.0009285714285714294}
[BLOCKED] ZKTRY reason=insufficient_cash order=0.00 cash=0.00
[SCAN] 2026-08-10T19:09:59+00:00 symbols=121 signals=5 entries=0 exits=0 blocked=5 open=10 cash=0.00 equity=10103.61
[SIGNAL] 2026-08-10T19:09:59+00:00 BLURTRY BUY fill_at=2026-08-10T19:14:59+00:00 features={"close": 0.659, "bb_lower": 0.6593920312600894, "bb_upper": 0.6743222544541965, "rsi": 33.06367815333397, "mfi": null, "atr": 0.0019285714285714303}
[BLOCKED] BLURTRY reason=insufficient_cash order=0.00 cash=0.00
[SIGNAL] 2026-08-10T19:09:59+00:00 CYBERTRY BUY fill_at=2026-08-10T19:14:59+00:00 features={"close": 15.0, "bb_lower": 15.020646099369534, "bb_upper": 15.246020567297139, "rsi": 33.55080847809455, "mfi": null, "atr": 0.02857142857142847}
[BLOCKED] CYBERTRY reason=insufficient_cash order=0.00 cash=0.00
[SIGNAL] 2026-08-10T19:09:59+00:00 EDENTRY BUY fill_at=2026-08-10T19:14:59+00:00 features={"close": 2.057, "bb_lower": 2.0602244293707566, "bb_upper": 2.0839660468197208, "rsi": 36.095293277601066, "mfi": null, "atr": 0.007285714285714244}
[BLOCKED] EDENTRY reason=insufficient_cash order=0.00 cash=0.00
[SIGNAL] 2026-08-10T19:09:59+00:00 JTOTRY BUY fill_at=2026-08-10T19:14:59+00:00 features={"close": 26.03, "bb_lower": 26.035119132050028, "bb_upper": 26.202976106045213, "rsi": 39.23299353753647, "mfi": null, "atr": 0.04214285714285688}
[BLOCKED] JTOTRY reason=insufficient_cash order=0.00 cash=0.00
[SIGNAL] 2026-08-10T19:09:59+00:00 LATRY BUY fill_at=2026-08-10T19:14:59+00:00 features={"close": 2.59, "bb_lower": 2.5904834071405043, "bb_upper": 2.621897545240448, "rsi": 38.24137290272837, "mfi": null, "atr": 0.006428571428571482}
[BLOCKED] LATRY reason=insufficient_cash order=0.00 cash=0.00
[SIGNAL] 2026-08-10T19:09:59+00:00 MEMETRY BUY fill_at=2026-08-10T19:14:59+00:00 features={"close": 0.0245, "bb_lower": 0.02452517708132809, "bb_upper": 0.02478910863295763, "rsi": 36.07393431162285, "mfi": null, "atr": 3.57142857142855e-05}
[BLOCKED] MEMETRY reason=insufficient_cash order=0.00 cash=0.00
[SIGNAL] 2026-08-10T19:09:59+00:00 ZKTRY BUY fill_at=2026-08-10T19:14:59+00:00 features={"close": 0.376, "bb_lower": 0.3764129219873906, "bb_upper": 0.3809204113459427, "rsi": 37.8773778441999, "mfi": null, "atr": 0.0008571428571428579}
[BLOCKED] ZKTRY reason=insufficient_cash order=0.00 cash=0.00
[SCAN] 2026-08-10T19:14:59+00:00 symbols=121 signals=7 entries=0 exits=0 blocked=7 open=10 cash=0.00 equity=10092.09
[SIGNAL] 2026-08-10T19:14:59+00:00 CYBERTRY BUY fill_at=2026-08-10T19:19:59+00:00 features={"close": 15.0, "bb_lower": 15.002943752778355, "bb_upper": 15.254199104364504, "rsi": 33.55080847809455, "mfi": null, "atr": 0.02857142857142847}
[BLOCKED] CYBERTRY reason=insufficient_cash order=0.00 cash=0.00
[SIGNAL] 2026-08-10T19:14:59+00:00 EDENTRY BUY fill_at=2026-08-10T19:19:59+00:00 features={"close": 2.055, "bb_lower": 2.0574038054866417, "bb_upper": 2.0852628611800244, "rsi": 35.16627143702249, "mfi": null, "atr": 0.006357142857142823}
[BLOCKED] EDENTRY reason=insufficient_cash order=0.00 cash=0.00
[SIGNAL] 2026-08-10T19:14:59+00:00 FTRY BUY fill_at=2026-08-10T19:19:59+00:00 features={"close": 0.1376, "bb_lower": 0.137627069942744, "bb_upper": 0.13809673958106547, "rsi": 34.78937198174259, "mfi": null, "atr": 6.428571428571712e-05}
[BLOCKED] FTRY reason=insufficient_cash order=0.00 cash=0.00
[SIGNAL] 2026-08-10T19:14:59+00:00 GENIUSTRY BUY fill_at=2026-08-10T19:19:59+00:00 features={"close": 16.62, "bb_lower": 16.62364892910956, "bb_upper": 16.934446308985688, "rsi": 33.74386423252503, "mfi": null, "atr": 0.04928571428571387}
[BLOCKED] GENIUSTRY reason=insufficient_cash order=0.00 cash=0.00
[SIGNAL] 2026-08-10T19:14:59+00:00 MEMETRY BUY fill_at=2026-08-10T19:19:59+00:00 features={"close": 0.0245, "bb_lower": 0.02450131150956441, "bb_upper": 0.02479392658567369, "rsi": 36.07393431162285, "mfi": null, "atr": 3.57142857142855e-05}
[BLOCKED] MEMETRY reason=insufficient_cash order=0.00 cash=0.00
[SIGNAL] 2026-08-10T19:14:59+00:00 NEIROTRY BUY fill_at=2026-08-10T19:19:59+00:00 features={"close": 0.00345, "bb_lower": 0.003455575404581953, "bb_upper": 0.0035063293573228075, "rsi": 37.7107526280272, "mfi": null, "atr": 1.0000000000000026e-05}
[BLOCKED] NEIROTRY reason=max_layers
[SCAN] 2026-08-10T19:19:59+00:00 symbols=121 signals=6 entries=0 exits=0 blocked=6 open=10 cash=0.00 equity=10098.66
[SIGNAL] 2026-08-10T19:19:59+00:00 EDENTRY BUY fill_at=2026-08-10T19:24:59+00:00 features={"close": 2.046, "bb_lower": 2.0525804666946486, "bb_upper": 2.086943342829161, "rsi": 31.24577334111936, "mfi": null, "atr": 0.007785714285714285}
[BLOCKED] EDENTRY reason=insufficient_cash order=0.00 cash=0.00
[SCAN] 2026-08-10T19:24:59+00:00 symbols=121 signals=1 entries=0 exits=0 blocked=1 open=10 cash=0.00 equity=10110.48
[SIGNAL] 2026-08-10T19:24:59+00:00 MAVTRY BUY fill_at=2026-08-10T19:29:59+00:00 features={"close": 0.44, "bb_lower": 0.4412712843905602, "bb_upper": 0.4587287156094396, "rsi": 34.68437479906797, "mfi": null, "atr": 0.0028571428571428597}
[BLOCKED] MAVTRY reason=insufficient_cash order=0.00 cash=0.00
[SCAN] 2026-08-10T19:29:59+00:00 symbols=121 signals=1 entries=0 exits=0 blocked=1 open=10 cash=0.00 equity=10247.15
[EXIT] 2026-08-10T19:34:59+00:00 DODOTRY reason=bb_mfi_v3_signal_exit pnl=+145.35 cash=1087.55
[SIGNAL] 2026-08-10T19:29:59+00:00 AEVOTRY BUY fill_at=2026-08-10T19:34:59+00:00 features={"close": 0.987, "bb_lower": 0.9877008051401845, "bb_upper": 0.996965861526482, "rsi": 36.2838898342658, "mfi": null, "atr": 0.0018571428571428589}
[ENTRY] 2026-08-10T19:34:59+00:00 AEVOTRY layer=1 value=1025.41 entry=0.98673950 cash=60.60
[SIGNAL] 2026-08-10T19:29:59+00:00 ALLOTRY BUY fill_at=2026-08-10T19:34:59+00:00 features={"close": 14.97, "bb_lower": 14.976125653102486, "bb_upper": 15.381969584992756, "rsi": 35.915251682168034, "mfi": null, "atr": 0.09428571428571379}
[BLOCKED] ALLOTRY reason=insufficient_cash order=60.51 cash=60.60
[SCAN] 2026-08-10T19:34:59+00:00 symbols=121 signals=2 entries=1 exits=1 blocked=1 open=10 cash=60.60 equity=10252.85
[SIGNAL] 2026-08-10T19:34:59+00:00 ALLOTRY BUY fill_at=2026-08-10T19:39:59+00:00 features={"close": 14.95, "bb_lower": 14.957532898372826, "bb_upper": 15.357705196865268, "rsi": 35.00385368868034, "mfi": null, "atr": 0.09428571428571393}
[BLOCKED] ALLOTRY reason=insufficient_cash order=60.51 cash=60.60
[SIGNAL] 2026-08-10T19:34:59+00:00 KITETRY BUY fill_at=2026-08-10T19:39:59+00:00 features={"close": 4.984, "bb_lower": 4.988612956163957, "bb_upper": 5.094339424788425, "rsi": 37.96014258438026, "mfi": null, "atr": 0.025142857142857165}
[BLOCKED] KITETRY reason=insufficient_cash order=60.51 cash=60.60
[SIGNAL] 2026-08-10T19:34:59+00:00 LATRY BUY fill_at=2026-08-10T19:39:59+00:00 features={"close": 2.58, "bb_lower": 2.5813493527797404, "bb_upper": 2.624364932934545, "rsi": 35.378450894068806, "mfi": null, "atr": 0.008571428571428643}
[BLOCKED] LATRY reason=insufficient_cash order=60.51 cash=60.60
[SIGNAL] 2026-08-10T19:34:59+00:00 VICTRY BUY fill_at=2026-08-10T19:39:59+00:00 features={"close": 1.39, "bb_lower": 1.3908831258335062, "bb_upper": 1.4662597313093515, "rsi": 39.44132740180555, "mfi": null, "atr": 0.024285714285714306}
[BLOCKED] VICTRY reason=insufficient_cash order=60.51 cash=60.60
[SCAN] 2026-08-10T19:39:59+00:00 symbols=121 signals=4 entries=0 exits=0 blocked=4 open=10 cash=60.60 equity=10252.72
[SIGNAL] 2026-08-10T19:39:59+00:00 KITETRY BUY fill_at=2026-08-10T19:44:59+00:00 features={"close": 4.979, "bb_lower": 4.979336877093403, "bb_upper": 5.097710741954217, "rsi": 37.163695549924306, "mfi": null, "atr": 0.024785714285714317}
[BLOCKED] KITETRY reason=insufficient_cash order=60.51 cash=60.60
[SIGNAL] 2026-08-10T19:39:59+00:00 SPELLTRY BUY fill_at=2026-08-10T19:44:59+00:00 features={"close": 0.00376, "bb_lower": 0.0037604329895074397, "bb_upper": 0.0037814717723973204, "rsi": 40.76503629665674, "mfi": null, "atr": 6.4285714285714456e-06}
[BLOCKED] SPELLTRY reason=insufficient_cash order=60.51 cash=60.60
[SIGNAL] 2026-08-10T19:39:59+00:00 VICTRY BUY fill_at=2026-08-10T19:44:59+00:00 features={"close": 1.38, "bb_lower": 1.3844681984737026, "bb_upper": 1.4650556110501072, "rsi": 37.56089777769781, "mfi": null, "atr": 0.023571428571428594}
[BLOCKED] VICTRY reason=insufficient_cash order=60.51 cash=60.60
[SCAN] 2026-08-10T19:44:59+00:00 symbols=121 signals=3 entries=0 exits=0 blocked=3 open=10 cash=60.60 equity=10247.92
[SIGNAL] 2026-08-10T19:44:59+00:00 AEVOTRY BUY fill_at=2026-08-10T19:49:59+00:00 features={"close": 0.985, "bb_lower": 0.9853932539816158, "bb_upper": 0.9971781745898124, "rsi": 34.035700647196705, "mfi": null, "atr": 0.0018571428571428589}
[BLOCKED] AEVOTRY reason=insufficient_cash order=60.51 cash=60.60
[SIGNAL] 2026-08-10T19:44:59+00:00 ALLOTRY BUY fill_at=2026-08-10T19:49:59+00:00 features={"close": 14.92, "bb_lower": 14.925885419067278, "bb_upper": 15.31792410474225, "rsi": 35.25396469184908, "mfi": null, "atr": 0.09142857142857112}
[BLOCKED] ALLOTRY reason=insufficient_cash order=60.51 cash=60.60
[SIGNAL] 2026-08-10T19:44:59+00:00 API3TRY BUY fill_at=2026-08-10T19:49:59+00:00 features={"close": 9.27, "bb_lower": 9.27366343460834, "bb_upper": 9.32347942253452, "rsi": 32.95758459444674, "mfi": null, "atr": 0.006428571428571672}
[BLOCKED] API3TRY reason=insufficient_cash order=60.51 cash=60.60
[SIGNAL] 2026-08-10T19:44:59+00:00 HOMETRY BUY fill_at=2026-08-10T19:49:59+00:00 features={"close": 0.473, "bb_lower": 0.47313526650519244, "bb_upper": 0.5039123525424266, "rsi": 32.51833532084643, "mfi": null, "atr": 0.006285714285714291}
[BLOCKED] HOMETRY reason=insufficient_cash order=60.51 cash=60.60
[SCAN] 2026-08-10T19:49:59+00:00 symbols=121 signals=4 entries=0 exits=0 blocked=4 open=10 cash=60.60 equity=10242.95
[SIGNAL] 2026-08-10T19:49:59+00:00 ALLOTRY BUY fill_at=2026-08-10T19:54:59+00:00 features={"close": 14.88, "bb_lower": 14.888769064386686, "bb_upper": 15.324564268946649, "rsi": 33.43754481947846, "mfi": null, "atr": 0.09357142857142835}
[BLOCKED] ALLOTRY reason=insufficient_cash order=60.51 cash=60.60
[SIGNAL] 2026-08-10T19:49:59+00:00 FLOKITRY BUY fill_at=2026-08-10T19:54:59+00:00 features={"close": 0.000997, "bb_lower": 0.0009976285107679795, "bb_upper": 0.001003609584470116, "rsi": 30.272202417747806, "mfi": null, "atr": 1.0000000000000243e-06}
[BLOCKED] FLOKITRY reason=insufficient_cash order=60.51 cash=60.60
[SIGNAL] 2026-08-10T19:49:59+00:00 METRY BUY fill_at=2026-08-10T19:54:59+00:00 features={"close": 3.136, "bb_lower": 3.1369712581667453, "bb_upper": 3.2812192180237303, "rsi": 35.64566583022959, "mfi": null, "atr": 0.031428571428571424}
[BLOCKED] METRY reason=insufficient_cash order=60.51 cash=60.60
[SIGNAL] 2026-08-10T19:49:59+00:00 PHATRY BUY fill_at=2026-08-10T19:54:59+00:00 features={"close": 1.18, "bb_lower": 1.1800948675203946, "bb_upper": 1.2780003705748433, "rsi": 30.909740137107704, "mfi": null, "atr": 0.01857142857142859}
[BLOCKED] PHATRY reason=insufficient_cash order=60.51 cash=60.60
[SIGNAL] 2026-08-10T19:49:59+00:00 SXTTRY BUY fill_at=2026-08-10T19:54:59+00:00 features={"close": 0.3643, "bb_lower": 0.36468280833778577, "bb_upper": 0.36674576309078577, "rsi": 30.325829698727205, "mfi": null, "atr": 0.00017142857142858032}
[BLOCKED] SXTTRY reason=insufficient_cash order=60.51 cash=60.60
[SCAN] 2026-08-10T19:54:59+00:00 symbols=121 signals=5 entries=0 exits=0 blocked=5 open=10 cash=60.60 equity=10227.82
[SIGNAL] 2026-08-10T19:54:59+00:00 SXTTRY BUY fill_at=2026-08-10T19:59:59+00:00 features={"close": 0.3643, "bb_lower": 0.36465319636767685, "bb_upper": 0.3667658512513709, "rsi": 30.325829698727205, "mfi": null, "atr": 0.00017142857142858032}
[BLOCKED] SXTTRY reason=insufficient_cash order=60.51 cash=60.60
[SIGNAL] 2026-08-10T19:54:59+00:00 TRXTRY BUY fill_at=2026-08-10T19:59:59+00:00 features={"close": 15.753, "bb_lower": 15.753602558204424, "bb_upper": 15.766683156081292, "rsi": 39.86703148727481, "mfi": null, "atr": 0.005857142857143164}
[BLOCKED] TRXTRY reason=insufficient_cash order=60.51 cash=60.60
[SIGNAL] 2026-08-10T19:54:59+00:00 XPLTRY BUY fill_at=2026-08-10T19:59:59+00:00 features={"close": 3.735, "bb_lower": 3.73759293001449, "bb_upper": 3.768788022366462, "rsi": 33.194338876548954, "mfi": null, "atr": 0.00414285714285713}
[BLOCKED] XPLTRY reason=insufficient_cash order=60.51 cash=60.60
[SCAN] 2026-08-10T19:59:59+00:00 symbols=121 signals=3 entries=0 exits=0 blocked=3 open=10 cash=60.60 equity=10220.64
[SIGNAL] 2026-08-10T19:59:59+00:00 GUNTRY BUY fill_at=2026-08-10T20:04:59+00:00 features={"close": 0.156, "bb_lower": 0.15663231621190493, "bb_upper": 0.16089149331190455, "rsi": 33.36689674459616, "mfi": null, "atr": 0.0012142857142857153}
[BLOCKED] GUNTRY reason=insufficient_cash order=60.51 cash=60.60
[SIGNAL] 2026-08-10T19:59:59+00:00 LATRY BUY fill_at=2026-08-10T20:04:59+00:00 features={"close": 2.57, "bb_lower": 2.572933628926432, "bb_upper": 2.623256847264044, "rsi": 35.422291201105196, "mfi": null, "atr": 0.01142857142857147}
[BLOCKED] LATRY reason=insufficient_cash order=60.51 cash=60.60
[SIGNAL] 2026-08-10T19:59:59+00:00 SPKTRY BUY fill_at=2026-08-10T20:04:59+00:00 features={"close": 0.6939, "bb_lower": 0.6940901774044431, "bb_upper": 0.6964431559288901, "rsi": 32.027207446967836, "mfi": null, "atr": 0.0002428571428571399}
[BLOCKED] SPKTRY reason=insufficient_cash order=60.51 cash=60.60
[SCAN] 2026-08-10T20:04:59+00:00 symbols=121 signals=3 entries=0 exits=0 blocked=3 open=10 cash=60.60 equity=10212.22
[SIGNAL] 2026-08-10T20:04:59+00:00 OPTRY BUY fill_at=2026-08-10T20:09:59+00:00 features={"close": 4.37, "bb_lower": 4.371466191484271, "bb_upper": 4.425676665658586, "rsi": 39.75531035393218, "mfi": null, "atr": 0.006428571428571482}
[BLOCKED] OPTRY reason=insufficient_cash order=60.51 cash=60.60
[SIGNAL] 2026-08-10T20:04:59+00:00 SPELLTRY BUY fill_at=2026-08-10T20:09:59+00:00 features={"close": 0.00375, "bb_lower": 0.0037530970697054558, "bb_upper": 0.003784045787437402, "rsi": 36.25115477556691, "mfi": null, "atr": 4.285714285714297e-06}
[BLOCKED] SPELLTRY reason=insufficient_cash order=60.51 cash=60.60
[SIGNAL] 2026-08-10T20:04:59+00:00 XPLTRY BUY fill_at=2026-08-10T20:09:59+00:00 features={"close": 3.727, "bb_lower": 3.72843975683119, "bb_upper": 3.7707983384069057, "rsi": 31.134258336400606, "mfi": null, "atr": 0.005785714285714251}
[BLOCKED] XPLTRY reason=insufficient_cash order=60.51 cash=60.60
[SCAN] 2026-08-10T20:09:59+00:00 symbols=121 signals=3 entries=0 exits=0 blocked=3 open=10 cash=60.60 equity=10214.43
[SIGNAL] 2026-08-10T20:09:59+00:00 GUNTRY BUY fill_at=2026-08-10T20:14:59+00:00 features={"close": 0.156, "bb_lower": 0.15605887505556706, "bb_upper": 0.1610839820872901, "rsi": 35.88830663585587, "mfi": null, "atr": 0.001285714285714287}
[BLOCKED] GUNTRY reason=insufficient_cash order=60.51 cash=60.60
[SIGNAL] 2026-08-10T20:09:59+00:00 SPELLTRY BUY fill_at=2026-08-10T20:14:59+00:00 features={"close": 0.00375, "bb_lower": 0.0037506471351660105, "bb_upper": 0.0037836385791197033, "rsi": 36.25115477556691, "mfi": null, "atr": 4.285714285714297e-06}
[BLOCKED] SPELLTRY reason=insufficient_cash order=60.51 cash=60.60
[SCAN] 2026-08-10T20:14:59+00:00 symbols=121 signals=2 entries=0 exits=0 blocked=2 open=10 cash=60.60 equity=10211.83
[SIGNAL] 2026-08-10T20:14:59+00:00 BBTRY BUY fill_at=2026-08-10T20:19:59+00:00 features={"close": 0.6455, "bb_lower": 0.6458403655577808, "bb_upper": 0.6543977296803142, "rsi": 31.873072875503183, "mfi": null, "atr": 0.0020142857142857146}
[BLOCKED] BBTRY reason=insufficient_cash order=60.51 cash=60.60
[SIGNAL] 2026-08-10T20:14:59+00:00 NEIROTRY BUY fill_at=2026-08-10T20:19:59+00:00 features={"close": 0.00344, "bb_lower": 0.0034407958865405727, "bb_upper": 0.0034858707801260934, "rsi": 35.987951855799395, "mfi": null, "atr": 9.28571428571431e-06}
[BLOCKED] NEIROTRY reason=max_layers
[SCAN] 2026-08-10T20:19:59+00:00 symbols=121 signals=2 entries=0 exits=0 blocked=2 open=10 cash=60.60 equity=10225.38
[SCAN] 2026-08-10T20:24:59+00:00 symbols=121 signals=0 entries=0 exits=0 blocked=0 open=10 cash=60.60 equity=10233.06
[SIGNAL] 2026-08-10T20:24:59+00:00 ALTTRY BUY fill_at=2026-08-10T20:29:59+00:00 features={"close": 0.293, "bb_lower": 0.2931861560936011, "bb_upper": 0.29529003438258916, "rsi": 35.05259487133006, "mfi": null, "atr": 0.0007142857142857149}
[BLOCKED] ALTTRY reason=insufficient_cash order=60.51 cash=60.60
[SCAN] 2026-08-10T20:29:59+00:00 symbols=121 signals=1 entries=0 exits=0 blocked=1 open=10 cash=60.60 equity=10221.36
[SIGNAL] 2026-08-10T20:29:59+00:00 VANATRY BUY fill_at=2026-08-10T20:34:59+00:00 features={"close": 42.0, "bb_lower": 42.01972963545539, "bb_upper": 42.28503226930653, "rsi": 30.836693339422823, "mfi": null, "atr": 0.028571428571428976}
[BLOCKED] VANATRY reason=insufficient_cash order=60.51 cash=60.60
[SCAN] 2026-08-10T20:34:59+00:00 symbols=121 signals=1 entries=0 exits=0 blocked=1 open=10 cash=60.60 equity=10224.67
[SIGNAL] 2026-08-10T20:34:59+00:00 ALICETRY BUY fill_at=2026-08-10T20:39:59+00:00 features={"close": 5.83, "bb_lower": 5.845483432083495, "bb_upper": 6.041183234583172, "rsi": 30.456110093734154, "mfi": null, "atr": 0.025714285714285672}
[BLOCKED] ALICETRY reason=insufficient_cash order=60.51 cash=60.60
[SIGNAL] 2026-08-10T20:34:59+00:00 VANATRY BUY fill_at=2026-08-10T20:39:59+00:00 features={"close": 42.0, "bb_lower": 42.01972963545539, "bb_upper": 42.28503226930653, "rsi": 30.836693339422823, "mfi": null, "atr": 0.028571428571428976}
[BLOCKED] VANATRY reason=insufficient_cash order=60.51 cash=60.60
[SCAN] 2026-08-10T20:39:59+00:00 symbols=121 signals=2 entries=0 exits=0 blocked=2 open=10 cash=60.60 equity=10222.03
[SIGNAL] 2026-08-10T20:39:59+00:00 ARKMTRY BUY fill_at=2026-08-10T20:44:59+00:00 features={"close": 4.662, "bb_lower": 4.664910453300755, "bb_upper": 4.695184784794486, "rsi": 31.440376232828314, "mfi": null, "atr": 0.004142857142857067}
[BLOCKED] ARKMTRY reason=insufficient_cash order=60.51 cash=60.60
[SIGNAL] 2026-08-10T20:39:59+00:00 VANATRY BUY fill_at=2026-08-10T20:44:59+00:00 features={"close": 42.0, "bb_lower": 42.00131150956441, "bb_upper": 42.293926585673695, "rsi": 30.836693339422823, "mfi": null, "atr": 0.028571428571428976}
[BLOCKED] VANATRY reason=insufficient_cash order=60.51 cash=60.60
[SCAN] 2026-08-10T20:44:59+00:00 symbols=121 signals=2 entries=0 exits=0 blocked=2 open=10 cash=60.60 equity=10234.39
[SIGNAL] 2026-08-10T20:44:59+00:00 ARKMTRY BUY fill_at=2026-08-10T20:49:59+00:00 features={"close": 4.662, "bb_lower": 4.662195428762505, "bb_upper": 4.69561409504702, "rsi": 31.440376232828314, "mfi": null, "atr": 0.003785714285714218}
[BLOCKED] ARKMTRY reason=insufficient_cash order=60.51 cash=60.60
[SCAN] 2026-08-10T20:49:59+00:00 symbols=121 signals=1 entries=0 exits=0 blocked=1 open=10 cash=60.60 equity=10230.95
[SIGNAL] 2026-08-10T20:49:59+00:00 APTTRY BUY fill_at=2026-08-10T20:54:59+00:00 features={"close": 28.1, "bb_lower": 28.12097181932255, "bb_upper": 28.30759960924889, "rsi": 30.568717933707674, "mfi": null, "atr": 0.014285714285713982}
[BLOCKED] APTTRY reason=insufficient_cash order=60.51 cash=60.60
[SIGNAL] 2026-08-10T20:49:59+00:00 AVNTTRY BUY fill_at=2026-08-10T20:54:59+00:00 features={"close": 4.39, "bb_lower": 4.390299786503317, "bb_upper": 4.457319261115733, "rsi": 31.933376416611537, "mfi": null, "atr": 0.01285714285714271}
[BLOCKED] AVNTTRY reason=insufficient_cash order=60.51 cash=60.60
[SCAN] 2026-08-10T20:54:59+00:00 symbols=121 signals=2 entries=0 exits=0 blocked=2 open=10 cash=60.60 equity=10231.71
[SIGNAL] 2026-08-10T20:54:59+00:00 APTTRY BUY fill_at=2026-08-10T20:59:59+00:00 features={"close": 28.1, "bb_lower": 28.10432989507441, "bb_upper": 28.314717723973214, "rsi": 30.568717933707674, "mfi": null, "atr": 0.014285714285713982}
[BLOCKED] APTTRY reason=insufficient_cash order=60.51 cash=60.60
[SCAN] 2026-08-10T20:59:59+00:00 symbols=121 signals=1 entries=0 exits=0 blocked=1 open=10 cash=60.60 equity=10234.52
[SIGNAL] 2026-08-10T20:59:59+00:00 EIGENTRY BUY fill_at=2026-08-10T21:04:59+00:00 features={"close": 8.525, "bb_lower": 8.529383867403068, "bb_upper": 8.617282799263597, "rsi": 31.87736521802188, "mfi": null, "atr": 0.016000000000000014}
[BLOCKED] EIGENTRY reason=insufficient_cash order=60.51 cash=60.60
[SIGNAL] 2026-08-10T20:59:59+00:00 FETTRY BUY fill_at=2026-08-10T21:04:59+00:00 features={"close": 6.46, "bb_lower": 6.466619115452587, "bb_upper": 6.50004755121408, "rsi": 40.488382854233464, "mfi": null, "atr": 0.010714285714285867}
[BLOCKED] FETTRY reason=insufficient_cash order=60.51 cash=60.60
[SIGNAL] 2026-08-10T20:59:59+00:00 PENGUTRY BUY fill_at=2026-08-10T21:04:59+00:00 features={"close": 0.3173, "bb_lower": 0.31730434649736367, "bb_upper": 0.32014327255025526, "rsi": 41.941325602465696, "mfi": null, "atr": 0.0007928571428571388}
[BLOCKED] PENGUTRY reason=insufficient_cash order=60.51 cash=60.60
[SIGNAL] 2026-08-10T20:59:59+00:00 ZKTRY BUY fill_at=2026-08-10T21:04:59+00:00 features={"close": 0.376, "bb_lower": 0.37601845252620325, "bb_upper": 0.37845773794998716, "rsi": 35.99879712085597, "mfi": null, "atr": 0.00035714285714285747}
[BLOCKED] ZKTRY reason=insufficient_cash order=60.51 cash=60.60
[SCAN] 2026-08-10T21:04:59+00:00 symbols=121 signals=4 entries=0 exits=0 blocked=4 open=10 cash=60.60 equity=10242.48
[SIGNAL] 2026-08-10T21:04:59+00:00 CYBERTRY BUY fill_at=2026-08-10T21:09:59+00:00 features={"close": 14.9, "bb_lower": 14.92621477415318, "bb_upper": 15.159499511561101, "rsi": 33.569104296706186, "mfi": null, "atr": 0.03571428571428559}
[BLOCKED] CYBERTRY reason=insufficient_cash order=60.51 cash=60.60
[SIGNAL] 2026-08-10T21:04:59+00:00 FETTRY BUY fill_at=2026-08-10T21:09:59+00:00 features={"close": 6.46, "bb_lower": 6.462956116138695, "bb_upper": 6.501805788623212, "rsi": 40.488382854233464, "mfi": null, "atr": 0.010714285714285867}
[BLOCKED] FETTRY reason=insufficient_cash order=60.51 cash=60.60
[SIGNAL] 2026-08-10T21:04:59+00:00 HBARTRY BUY fill_at=2026-08-10T21:09:59+00:00 features={"close": 3.231, "bb_lower": 3.233094130750382, "bb_upper": 3.249477297821046, "rsi": 30.823787960576695, "mfi": null, "atr": 0.002285714285714256}
[BLOCKED] HBARTRY reason=insufficient_cash order=60.51 cash=60.60
[SIGNAL] 2026-08-10T21:04:59+00:00 IDTRY BUY fill_at=2026-08-10T21:09:59+00:00 features={"close": 1.341, "bb_lower": 1.3421320485714068, "bb_upper": 1.3505346180952595, "rsi": 30.60540619797125, "mfi": null, "atr": 0.0014285714285714457}
[BLOCKED] IDTRY reason=insufficient_cash order=60.51 cash=60.60
[SCAN] 2026-08-10T21:09:59+00:00 symbols=121 signals=4 entries=0 exits=0 blocked=4 open=10 cash=60.60 equity=10261.66
[EXIT] 2026-08-10T21:14:59+00:00 NEIROTRY reason=bb_mfi_v3_signal_exit pnl=-31.47 cash=2036.66
[SIGNAL] 2026-08-10T21:09:59+00:00 ARBTRY BUY fill_at=2026-08-10T21:14:59+00:00 features={"close": 3.82, "bb_lower": 3.8222158742852064, "bb_upper": 3.853974601905269, "rsi": 41.93582298999722, "mfi": null, "atr": 0.007142857142857085}
[ENTRY] 2026-08-10T21:14:59+00:00 ARBTRY layer=1 value=1023.41 entry=3.82286500 cash=1011.71
[SIGNAL] 2026-08-10T21:09:59+00:00 CYBERTRY BUY fill_at=2026-08-10T21:14:59+00:00 features={"close": 14.9, "bb_lower": 14.90751134094474, "bb_upper": 15.168679135245732, "rsi": 33.569104296706186, "mfi": null, "atr": 0.03571428571428559}
[ENTRY] 2026-08-10T21:14:59+00:00 CYBERTRY layer=1 value=1010.19 entry=14.91117500 cash=0.00
[SIGNAL] 2026-08-10T21:09:59+00:00 ETHFITRY BUY fill_at=2026-08-10T21:14:59+00:00 features={"close": 18.4, "bb_lower": 18.414511040894702, "bb_upper": 18.55215562577196, "rsi": 36.352092075668416, "mfi": null, "atr": 0.02714285714285758}
[BLOCKED] ETHFITRY reason=insufficient_cash order=0.00 cash=0.00
[SIGNAL] 2026-08-10T21:09:59+00:00 LDOTRY BUY fill_at=2026-08-10T21:14:59+00:00 features={"close": 14.06, "bb_lower": 14.073739025392015, "bb_upper": 14.176737165084173, "rsi": 43.19063292374791, "mfi": null, "atr": 0.03500000000000027}
[BLOCKED] LDOTRY reason=insufficient_cash order=0.00 cash=0.00
[SIGNAL] 2026-08-10T21:09:59+00:00 SUNTRY BUY fill_at=2026-08-10T21:14:59+00:00 features={"close": 0.8662, "bb_lower": 0.8664632316211905, "bb_upper": 0.8668891493311907, "rsi": 44.94098879905496, "mfi": null, "atr": 3.571428571428971e-05}
[BLOCKED] SUNTRY reason=insufficient_cash order=0.00 cash=0.00
[SIGNAL] 2026-08-10T21:09:59+00:00 USTCTRY BUY fill_at=2026-08-10T21:14:59+00:00 features={"close": 0.2396, "bb_lower": 0.23960513170705172, "bb_upper": 0.24113772543580536, "rsi": 32.01575137615545, "mfi": null, "atr": 0.00012142857142857193}
[BLOCKED] USTCTRY reason=insufficient_cash order=0.00 cash=0.00
[SCAN] 2026-08-10T21:14:59+00:00 symbols=121 signals=6 entries=2 exits=1 blocked=4 open=11 cash=0.00 equity=10226.86
[SIGNAL] 2026-08-10T21:14:59+00:00 ALLOTRY BUY fill_at=2026-08-10T21:19:59+00:00 features={"close": 14.78, "bb_lower": 14.792980557630157, "bb_upper": 15.029876585226985, "rsi": 35.59402360263718, "mfi": null, "atr": 0.08142857142857148}
[BLOCKED] ALLOTRY reason=insufficient_cash order=0.00 cash=0.00
[SIGNAL] 2026-08-10T21:14:59+00:00 ARBTRY BUY fill_at=2026-08-10T21:19:59+00:00 features={"close": 3.81, "bb_lower": 3.8168260317561904, "bb_upper": 3.8565073015771425, "rsi": 37.43144863117201, "mfi": null, "atr": 0.007857142857142785}
[BLOCKED] ARBTRY reason=insufficient_cash order=0.00 cash=0.00
[SIGNAL] 2026-08-10T21:14:59+00:00 CETUSTRY BUY fill_at=2026-08-10T21:19:59+00:00 features={"close": 0.886, "bb_lower": 0.886607426321711, "bb_upper": 0.8911068593925748, "rsi": 38.4382401891117, "mfi": null, "atr": 0.0008571428571428579}
[BLOCKED] CETUSTRY reason=max_layers
[SIGNAL] 2026-08-10T21:14:59+00:00 ENATRY BUY fill_at=2026-08-10T21:19:59+00:00 features={"close": 4.164, "bb_lower": 4.17108173642368, "bb_upper": 4.207203977862033, "rsi": 35.65678849760498, "mfi": null, "atr": 0.007785714285714411}
[BLOCKED] ENATRY reason=insufficient_cash order=0.00 cash=0.00
[SIGNAL] 2026-08-10T21:14:59+00:00 ETHFITRY BUY fill_at=2026-08-10T21:19:59+00:00 features={"close": 18.38, "bb_lower": 18.402174873428912, "bb_upper": 18.55972988847585, "rsi": 33.96427220131325, "mfi": null, "atr": 0.028571428571428723}
[BLOCKED] ETHFITRY reason=insufficient_cash order=0.00 cash=0.00
[SIGNAL] 2026-08-10T21:14:59+00:00 FETTRY BUY fill_at=2026-08-10T21:19:59+00:00 features={"close": 6.45, "bb_lower": 6.454470578213398, "bb_upper": 6.504577040834221, "rsi": 36.37627513528514, "mfi": null, "atr": 0.010000000000000104}
[BLOCKED] FETTRY reason=insufficient_cash order=0.00 cash=0.00
[SIGNAL] 2026-08-10T21:14:59+00:00 FLOKITRY BUY fill_at=2026-08-10T21:19:59+00:00 features={"close": 0.000996, "bb_lower": 0.0009965027745563533, "bb_upper": 0.0009999734159198371, "rsi": 35.12588209227762, "mfi": null, "atr": 1.0714285714286207e-06}
[BLOCKED] FLOKITRY reason=insufficient_cash order=0.00 cash=0.00
[SIGNAL] 2026-08-10T21:14:59+00:00 LDOTRY BUY fill_at=2026-08-10T21:19:59+00:00 features={"close": 14.03, "bb_lower": 14.055239858930717, "bb_upper": 14.183807760116897, "rsi": 39.42817766025842, "mfi": null, "atr": 0.03428571428571457}
[BLOCKED] LDOTRY reason=insufficient_cash order=0.00 cash=0.00
[SIGNAL] 2026-08-10T21:14:59+00:00 PENGUTRY BUY fill_at=2026-08-10T21:19:59+00:00 features={"close": 0.3154, "bb_lower": 0.3163060409620097, "bb_upper": 0.32041776856179977, "rsi": 31.99327397167052, "mfi": null, "atr": 0.0008499999999999976}
[BLOCKED] PENGUTRY reason=insufficient_cash order=0.00 cash=0.00
[SIGNAL] 2026-08-10T21:14:59+00:00 REZTRY BUY fill_at=2026-08-10T21:19:59+00:00 features={"close": 0.1371, "bb_lower": 0.1371734857621353, "bb_upper": 0.13841699042834096, "rsi": 37.86533401133829, "mfi": null, "atr": 0.00022142857142857082}
[BLOCKED] REZTRY reason=insufficient_cash order=0.00 cash=0.00
[SIGNAL] 2026-08-10T21:14:59+00:00 RVNTRY BUY fill_at=2026-08-10T21:19:59+00:00 features={"close": 0.1714, "bb_lower": 0.17165103622858743, "bb_upper": 0.17340610662855535, "rsi": 33.11677176852065, "mfi": null, "atr": 0.00028571428571428796}
[BLOCKED] RVNTRY reason=insufficient_cash order=0.00 cash=0.00
[SIGNAL] 2026-08-10T21:14:59+00:00 STOTRY BUY fill_at=2026-08-10T21:19:59+00:00 features={"close": 1.896, "bb_lower": 1.8991150809163904, "bb_upper": 1.9092658714645612, "rsi": 32.96621334911474, "mfi": null, "atr": 0.0032142857142856774}
[BLOCKED] STOTRY reason=insufficient_cash order=0.00 cash=0.00
[SIGNAL] 2026-08-10T21:14:59+00:00 STXTRY BUY fill_at=2026-08-10T21:19:59+00:00 features={"close": 6.25, "bb_lower": 6.258882540951873, "bb_upper": 6.290641268571937, "rsi": 30.755236101968862, "mfi": null, "atr": 0.004285714285714448}
[BLOCKED] STXTRY reason=insufficient_cash order=0.00 cash=0.00
[SIGNAL] 2026-08-10T21:14:59+00:00 SUNTRY BUY fill_at=2026-08-10T21:19:59+00:00 features={"close": 0.8662, "bb_lower": 0.86635883742843, "bb_upper": 0.8669459244763319, "rsi": 44.94098879905497, "mfi": null, "atr": 3.571428571428971e-05}
[BLOCKED] SUNTRY reason=insufficient_cash order=0.00 cash=0.00
[SCAN] 2026-08-10T21:19:59+00:00 symbols=121 signals=14 entries=0 exits=0 blocked=14 open=11 cash=0.00 equity=10216.89
[SIGNAL] 2026-08-10T21:19:59+00:00 0GTRY BUY fill_at=2026-08-10T21:24:59+00:00 features={"close": 7.32, "bb_lower": 7.328870515204276, "bb_upper": 7.389224722890962, "rsi": 32.272353928065854, "mfi": null, "atr": 0.010000000000000167}
[BLOCKED] 0GTRY reason=insufficient_cash order=0.00 cash=0.00
[SIGNAL] 2026-08-10T21:19:59+00:00 ARBTRY BUY fill_at=2026-08-10T21:24:59+00:00 features={"close": 3.81, "bb_lower": 3.812836448698626, "bb_upper": 3.8566873608251835, "rsi": 37.43144863117201, "mfi": null, "atr": 0.007142857142857085}
[BLOCKED] ARBTRY reason=insufficient_cash order=0.00 cash=0.00
[SIGNAL] 2026-08-10T21:19:59+00:00 AVNTTRY BUY fill_at=2026-08-10T21:24:59+00:00 features={"close": 4.38, "bb_lower": 4.382065236403612, "bb_upper": 4.439839525501148, "rsi": 32.52733115156924, "mfi": null, "atr": 0.010714285714285676}
[BLOCKED] AVNTTRY reason=insufficient_cash order=0.00 cash=0.00
[SIGNAL] 2026-08-10T21:19:59+00:00 CETUSTRY BUY fill_at=2026-08-10T21:24:59+00:00 features={"close": 0.886, "bb_lower": 0.8861722284088173, "bb_upper": 0.891161104924516, "rsi": 38.438240189111696, "mfi": null, "atr": 0.0008571428571428579}
[BLOCKED] CETUSTRY reason=max_layers
[SIGNAL] 2026-08-10T21:19:59+00:00 ETHFITRY BUY fill_at=2026-08-10T21:24:59+00:00 features={"close": 18.37, "bb_lower": 18.38384037033821, "bb_upper": 18.567588201090363, "rsi": 32.79734710605537, "mfi": null, "atr": 0.029285714285714297}
[BLOCKED] ETHFITRY reason=insufficient_cash order=0.00 cash=0.00
[SIGNAL] 2026-08-10T21:19:59+00:00 FETTRY BUY fill_at=2026-08-10T21:24:59+00:00 features={"close": 6.44, "bb_lower": 6.447450557584532, "bb_upper": 6.50683515670118, "rsi": 32.77064520545548, "mfi": null, "atr": 0.011428571428571501}
[BLOCKED] FETTRY reason=insufficient_cash order=0.00 cash=0.00
[SIGNAL] 2026-08-10T21:19:59+00:00 FLOKITRY BUY fill_at=2026-08-10T21:24:59+00:00 features={"close": 0.000995, "bb_lower": 0.0009958675194014742, "bb_upper": 0.0010002277186937636, "rsi": 31.766412268343856, "mfi": null, "atr": 1.2857142857143324e-06}
[BLOCKED] FLOKITRY reason=insufficient_cash order=0.00 cash=0.00
[SIGNAL] 2026-08-10T21:19:59+00:00 FOGOTRY BUY fill_at=2026-08-10T21:24:59+00:00 features={"close": 0.428, "bb_lower": 0.42881588008626753, "bb_upper": 0.434517453247066, "rsi": 36.248567346155234, "mfi": null, "atr": 0.0011428571428571438}
[BLOCKED] FOGOTRY reason=insufficient_cash order=0.00 cash=0.00
[SIGNAL] 2026-08-10T21:19:59+00:00 LDOTRY BUY fill_at=2026-08-10T21:24:59+00:00 features={"close": 13.99, "bb_lower": 14.028452465383358, "bb_upper": 14.196309439378544, "rsi": 35.021445213703515, "mfi": null, "atr": 0.03571428571428597}
[BLOCKED] LDOTRY reason=insufficient_cash order=0.00 cash=0.00
[SIGNAL] 2026-08-10T21:19:59+00:00 REZTRY BUY fill_at=2026-08-10T21:24:59+00:00 features={"close": 0.137, "bb_lower": 0.1370620334737869, "bb_upper": 0.13847129985954645, "rsi": 36.33421896006797, "mfi": null, "atr": 0.0001999999999999978}
[BLOCKED] REZTRY reason=insufficient_cash order=0.00 cash=0.00
[SIGNAL] 2026-08-10T21:19:59+00:00 RVNTRY BUY fill_at=2026-08-10T21:24:59+00:00 features={"close": 0.1713, "bb_lower": 0.17145469808169203, "bb_upper": 0.17349768287068887, "rsi": 32.1450445609496, "mfi": null, "atr": 0.0003285714285714301}
[BLOCKED] RVNTRY reason=insufficient_cash order=0.00 cash=0.00
[SIGNAL] 2026-08-10T21:19:59+00:00 STOTRY BUY fill_at=2026-08-10T21:24:59+00:00 features={"close": 1.896, "bb_lower": 1.897649157474744, "bb_upper": 1.9099698901443032, "rsi": 32.96621334911475, "mfi": null, "atr": 0.002857142857142812}
[BLOCKED] STOTRY reason=insufficient_cash order=0.00 cash=0.00
[SIGNAL] 2026-08-10T21:19:59+00:00 STXTRY BUY fill_at=2026-08-10T21:24:59+00:00 features={"close": 6.25, "bb_lower": 6.254477152501692, "bb_upper": 6.292189514164975, "rsi": 30.755236101968862, "mfi": null, "atr": 0.003571428571428686}
[BLOCKED] STXTRY reason=insufficient_cash order=0.00 cash=0.00
[SIGNAL] 2026-08-10T21:19:59+00:00 SUITRY BUY fill_at=2026-08-10T21:24:59+00:00 features={"close": 32.79, "bb_lower": 32.816541096652145, "bb_upper": 33.12726842715736, "rsi": 32.501211986266895, "mfi": null, "atr": 0.041428571428571814}
[BLOCKED] SUITRY reason=insufficient_cash order=0.00 cash=0.00
[SIGNAL] 2026-08-10T21:19:59+00:00 SUNTRY BUY fill_at=2026-08-10T21:24:59+00:00 features={"close": 0.8662, "bb_lower": 0.8662786443224594, "bb_upper": 0.8669784985346832, "rsi": 44.94098879905497, "mfi": null, "atr": 3.571428571428971e-05}
[BLOCKED] SUNTRY reason=insufficient_cash order=0.00 cash=0.00
[SIGNAL] 2026-08-10T21:19:59+00:00 SYRUPTRY BUY fill_at=2026-08-10T21:24:59+00:00 features={"close": 7.212, "bb_lower": 7.213332112432441, "bb_upper": 7.228191697091368, "rsi": 35.906645546977344, "mfi": null, "atr": 0.0015714285714285253}
[BLOCKED] SYRUPTRY reason=insufficient_cash order=0.00 cash=0.00
[SCAN] 2026-08-10T21:24:59+00:00 symbols=121 signals=16 entries=0 exits=0 blocked=16 open=11 cash=0.00 equity=10197.32
[SIGNAL] 2026-08-10T21:24:59+00:00 0GTRY BUY fill_at=2026-08-10T21:29:59+00:00 features={"close": 7.32, "bb_lower": 7.323254063874684, "bb_upper": 7.389126888506267, "rsi": 32.272353928065854, "mfi": null, "atr": 0.008571428571428705}
[BLOCKED] 0GTRY reason=insufficient_cash order=0.00 cash=0.00
[SIGNAL] 2026-08-10T21:24:59+00:00 ALTTRY BUY fill_at=2026-08-10T21:29:59+00:00 features={"close": 0.291, "bb_lower": 0.29105705385152075, "bb_upper": 0.2951334223389555, "rsi": 32.43732087795658, "mfi": null, "atr": 0.0007857142857142864}
[BLOCKED] ALTTRY reason=insufficient_cash order=0.00 cash=0.00
[SIGNAL] 2026-08-10T21:24:59+00:00 AVNTTRY BUY fill_at=2026-08-10T21:29:59+00:00 features={"close": 4.37, "bb_lower": 4.3752951521015815, "bb_upper": 4.442800085993656, "rsi": 30.09145622826766, "mfi": null, "atr": 0.009999999999999978}
[BLOCKED] AVNTTRY reason=insufficient_cash order=0.00 cash=0.00
[SIGNAL] 2026-08-10T21:24:59+00:00 BMTTRY BUY fill_at=2026-08-10T21:29:59+00:00 features={"close": 1.155, "bb_lower": 1.1589230418810625, "bb_upper": 1.1891721962141755, "rsi": 39.04262243859353, "mfi": null, "atr": 0.012642857142857147}
[BLOCKED] BMTTRY reason=insufficient_cash order=0.00 cash=0.00
[SIGNAL] 2026-08-10T21:24:59+00:00 ENATRY BUY fill_at=2026-08-10T21:29:59+00:00 features={"close": 4.165, "bb_lower": 4.167074980523372, "bb_upper": 4.204258352809962, "rsi": 38.49462419544162, "mfi": null, "atr": 0.008428571428571452}
[BLOCKED] ENATRY reason=insufficient_cash order=0.00 cash=0.00
[SIGNAL] 2026-08-10T21:24:59+00:00 FLOKITRY BUY fill_at=2026-08-10T21:29:59+00:00 features={"close": 0.000995, "bb_lower": 0.0009953663434608337, "bb_upper": 0.0010003479422534519, "rsi": 31.766412268343856, "mfi": null, "atr": 1.285714285714317e-06}
[BLOCKED] FLOKITRY reason=insufficient_cash order=0.00 cash=0.00
[SIGNAL] 2026-08-10T21:24:59+00:00 FOGOTRY BUY fill_at=2026-08-10T21:29:59+00:00 features={"close": 0.428, "bb_lower": 0.42823249783506173, "bb_upper": 0.4347198831173194, "rsi": 36.248567346155234, "mfi": null, "atr": 0.0010714285714285723}
[BLOCKED] FOGOTRY reason=insufficient_cash order=0.00 cash=0.00
[SIGNAL] 2026-08-10T21:24:59+00:00 ICPTRY BUY fill_at=2026-08-10T21:29:59+00:00 features={"close": 109.2, "bb_lower": 109.31918768264308, "bb_upper": 111.90938374592835, "rsi": 36.747239623447406, "mfi": null, "atr": 0.3999999999999976}
[BLOCKED] ICPTRY reason=insufficient_cash order=0.00 cash=0.00
[SIGNAL] 2026-08-10T21:24:59+00:00 LATRY BUY fill_at=2026-08-10T21:29:59+00:00 features={"close": 2.55, "bb_lower": 2.5608659790148813, "bb_upper": 2.602943544794642, "rsi": 30.18372044873219, "mfi": null, "atr": 0.006428571428571355}
[BLOCKED] LATRY reason=insufficient_cash order=0.00 cash=0.00
[SIGNAL] 2026-08-10T21:24:59+00:00 LDOTRY BUY fill_at=2026-08-10T21:29:59+00:00 features={"close": 14.0, "bb_lower": 14.01269736151107, "bb_upper": 14.204445495631784, "rsi": 36.93055584826574, "mfi": null, "atr": 0.03428571428571444}
[BLOCKED] LDOTRY reason=insufficient_cash order=0.00 cash=0.00
[SIGNAL] 2026-08-10T21:24:59+00:00 RVNTRY BUY fill_at=2026-08-10T21:29:59+00:00 features={"close": 0.1713, "bb_lower": 0.17132066298501672, "bb_upper": 0.17356505130069752, "rsi": 32.1450445609496, "mfi": null, "atr": 0.0003000000000000007}
[BLOCKED] RVNTRY reason=insufficient_cash order=0.00 cash=0.00
[SIGNAL] 2026-08-10T21:24:59+00:00 SPELLTRY BUY fill_at=2026-08-10T21:29:59+00:00 features={"close": 0.00374, "bb_lower": 0.003740483407140504, "bb_upper": 0.0037718975452404485, "rsi": 37.33585023126852, "mfi": null, "atr": 7.857142857142848e-06}
[BLOCKED] SPELLTRY reason=insufficient_cash order=0.00 cash=0.00
[SIGNAL] 2026-08-10T21:24:59+00:00 STXTRY BUY fill_at=2026-08-10T21:29:59+00:00 features={"close": 6.25, "bb_lower": 6.252253992711635, "bb_upper": 6.293460293002653, "rsi": 30.755236101968862, "mfi": null, "atr": 0.003571428571428686}
[BLOCKED] STXTRY reason=insufficient_cash order=0.00 cash=0.00
[SIGNAL] 2026-08-10T21:24:59+00:00 SUNTRY BUY fill_at=2026-08-10T21:29:59+00:00 features={"close": 0.8662, "bb_lower": 0.8662120851785126, "bb_upper": 0.8669974386310112, "rsi": 44.94098879905497, "mfi": null, "atr": 3.571428571428971e-05}
[BLOCKED] SUNTRY reason=insufficient_cash order=0.00 cash=0.00
[SIGNAL] 2026-08-10T21:24:59+00:00 SYRUPTRY BUY fill_at=2026-08-10T21:29:59+00:00 features={"close": 7.212, "bb_lower": 7.212021933626944, "bb_upper": 7.228644733039721, "rsi": 35.906645546977344, "mfi": null, "atr": 0.0015714285714285253}
[BLOCKED] SYRUPTRY reason=insufficient_cash order=0.00 cash=0.00
[SIGNAL] 2026-08-10T21:24:59+00:00 TAOTRY BUY fill_at=2026-08-10T21:29:59+00:00 features={"close": 9571.0, "bb_lower": 9573.981429474423, "bb_upper": 9654.589999097005, "rsi": 36.14712093618306, "mfi": null, "atr": 12.071428571428571}
[BLOCKED] TAOTRY reason=insufficient_cash order=0.00 cash=0.00
[SIGNAL] 2026-08-10T21:24:59+00:00 WLDTRY BUY fill_at=2026-08-10T21:29:59+00:00 features={"close": 15.92, "bb_lower": 15.926252788123438, "bb_upper": 16.191842449971798, "rsi": 34.393049634465, "mfi": null, "atr": 0.04571428571428588}
[BLOCKED] WLDTRY reason=insufficient_cash order=0.00 cash=0.00
[SIGNAL] 2026-08-10T21:24:59+00:00 XPLTRY BUY fill_at=2026-08-10T21:29:59+00:00 features={"close": 3.71, "bb_lower": 3.7100621367883946, "bb_upper": 3.750033101306844, "rsi": 34.046718166769566, "mfi": null, "atr": 0.006857142857142832}
[BLOCKED] XPLTRY reason=insufficient_cash order=0.00 cash=0.00
[SCAN] 2026-08-10T21:29:59+00:00 symbols=121 signals=18 entries=0 exits=0 blocked=18 open=11 cash=0.00 equity=10203.92
[SIGNAL] 2026-08-10T21:29:59+00:00 1MBABYDOGETRY BUY fill_at=2026-08-10T21:34:59+00:00 features={"close": 0.01629, "bb_lower": 0.016300369050524066, "bb_upper": 0.016349154758999743, "rsi": 33.69336956507908, "mfi": null, "atr": 9.99999999999984e-06}
[BLOCKED] 1MBABYDOGETRY reason=insufficient_cash order=0.00 cash=0.00
[SIGNAL] 2026-08-10T21:29:59+00:00 BMTTRY BUY fill_at=2026-08-10T21:34:59+00:00 features={"close": 1.148, "bb_lower": 1.1541131194190544, "bb_upper": 1.1907440234380888, "rsi": 36.17781713747774, "mfi": null, "atr": 0.012571428571428567}
[BLOCKED] BMTTRY reason=insufficient_cash order=0.00 cash=0.00
[SIGNAL] 2026-08-10T21:29:59+00:00 ICPTRY BUY fill_at=2026-08-10T21:34:59+00:00 features={"close": 109.1, "bb_lower": 109.1021896028902, "bb_upper": 111.91685801615739, "rsi": 35.86337949123339, "mfi": null, "atr": 0.3357142857142839}
[BLOCKED] ICPTRY reason=insufficient_cash order=0.00 cash=0.00
[SIGNAL] 2026-08-10T21:29:59+00:00 LATRY BUY fill_at=2026-08-10T21:34:59+00:00 features={"close": 2.55, "bb_lower": 2.555311464006065, "bb_upper": 2.6046885359939345, "rsi": 30.18372044873219, "mfi": null, "atr": 0.005714285714285656}
[BLOCKED] LATRY reason=insufficient_cash order=0.00 cash=0.00
[SIGNAL] 2026-08-10T21:29:59+00:00 XPLTRY BUY fill_at=2026-08-10T21:34:59+00:00 features={"close": 3.707, "bb_lower": 3.7089918229423935, "bb_upper": 3.746436748486178, "rsi": 32.6805975878418, "mfi": null, "atr": 0.006785714285714268}
[BLOCKED] XPLTRY reason=insufficient_cash order=0.00 cash=0.00
[SCAN] 2026-08-10T21:34:59+00:00 symbols=121 signals=5 entries=0 exits=0 blocked=5 open=11 cash=0.00 equity=10216.91
[SIGNAL] 2026-08-10T21:34:59+00:00 BMTTRY BUY fill_at=2026-08-10T21:39:59+00:00 features={"close": 1.142, "bb_lower": 1.1484812569057699, "bb_upper": 1.1932330288085158, "rsi": 33.87007337987754, "mfi": null, "atr": 0.012142857142857138}
[BLOCKED] BMTTRY reason=insufficient_cash order=0.00 cash=0.00
[SIGNAL] 2026-08-10T21:34:59+00:00 SPELLTRY BUY fill_at=2026-08-10T21:39:59+00:00 features={"close": 0.00373, "bb_lower": 0.0037344771525016918, "bb_upper": 0.003772189514164974, "rsi": 32.12173269450126, "mfi": null, "atr": 8.571428571428562e-06}
[BLOCKED] SPELLTRY reason=insufficient_cash order=0.00 cash=0.00
[SCAN] 2026-08-10T21:39:59+00:00 symbols=121 signals=2 entries=0 exits=0 blocked=2 open=11 cash=0.00 equity=10217.68
[SIGNAL] 2026-08-10T21:39:59+00:00 AVNTTRY BUY fill_at=2026-08-10T21:44:59+00:00 features={"close": 4.36, "bb_lower": 4.360997758164947, "bb_upper": 4.440907003739815, "rsi": 30.415311059681343, "mfi": null, "atr": 0.011428571428571439}
[BLOCKED] AVNTTRY reason=insufficient_cash order=0.00 cash=0.00
[SIGNAL] 2026-08-10T21:39:59+00:00 ICPTRY BUY fill_at=2026-08-10T21:44:59+00:00 features={"close": 108.6, "bb_lower": 108.75238851097897, "bb_upper": 111.75237339378292, "rsi": 32.180210871549804, "mfi": null, "atr": 0.30714285714285694}
[BLOCKED] ICPTRY reason=insufficient_cash order=0.00 cash=0.00
[SIGNAL] 2026-08-10T21:39:59+00:00 SPELLTRY BUY fill_at=2026-08-10T21:44:59+00:00 features={"close": 0.00373, "bb_lower": 0.0037308659790148803, "bb_upper": 0.0037729435447946416, "rsi": 32.12173269450126, "mfi": null, "atr": 7.857142857142848e-06}
[BLOCKED] SPELLTRY reason=insufficient_cash order=0.00 cash=0.00
[SCAN] 2026-08-10T21:44:59+00:00 symbols=121 signals=3 entries=0 exits=0 blocked=3 open=11 cash=0.00 equity=10213.51
[OPEN-EXCLUDED] CETUSTRY restored=1161.16 reason=treated_as_never_opened
[OPEN-EXCLUDED] CHIPTRY restored=1010.04 reason=treated_as_never_opened
[OPEN-EXCLUDED] AVNTTRY restored=103.13 reason=treated_as_never_opened
[OPEN-EXCLUDED] XPLTRY restored=1011.67 reason=treated_as_never_opened
[OPEN-EXCLUDED] 1MBABYDOGETRY restored=1007.08 reason=treated_as_never_opened
[OPEN-EXCLUDED] ADATRY restored=1016.97 reason=treated_as_never_opened
[OPEN-EXCLUDED] BABYTRY restored=1010.41 reason=treated_as_never_opened
[OPEN-EXCLUDED] FLOKITRY restored=1010.80 reason=treated_as_never_opened
[OPEN-EXCLUDED] AEVOTRY restored=1026.95 reason=treated_as_never_opened
[OPEN-EXCLUDED] ARBTRY restored=1024.95 reason=treated_as_never_opened
[OPEN-EXCLUDED] CYBERTRY restored=1011.71 reason=treated_as_never_opened
[COMPLETE] result=/mnt/d/scalperagent_v4/backend/portfolio-replay-pine-v1-scan-121.json
RESULT_JSON={"initial_balance_try": 10000.0, "final_balance_try": 10394.867018, "net_pnl_try": 394.867018, "net_pnl_pct": 3.94867, "closed_trades": 20, "wins": 16, "losses": 4, "win_rate_pct": 80.0, "profit_factor": 4.314593, "fees_closed_trades_try": 69.84095, "max_drawdown_pct": 1.585863, "active_symbols": ["0GTRY", "1MBABYDOGETRY", "ACTTRY", "ACXTRY", "ADATRY", "AEROTRY", "AEVOTRY", "AIGENSYNTRY", "AITRY", "AIXBTTRY", "ALGOTRY", "ALICETRY", "ALLOTRY", "ALPINETRY", "ALTTRY", "AMPTRY", "API3TRY", "APTTRY", "ARBTRY", "ARKMTRY", "ARKTRY", "ARPATRY", "ARTRY", "ASTERTRY", "ATMTRY", "ATOMTRY", "AVNTTRY", "BABYTRY", "BANANATRY", "BBTRY", "BIOTRY", "BLURTRY", "BMTTRY", "BOMETRY", "CATITRY", "CELOTRY", "CETUSTRY", "CHIPTRY", "CRVTRY", "CTRY", "CYBERTRY", "DODOTRY", "EDENTRY", "EDUTRY", "EIGENTRY", "ENATRY", "ETHFITRY", "FETTRY", "FFTRY", "FLOKITRY", "FOGOTRY", "FTRY", "GASTRY", "GENIUSTRY", "GUNTRY", "HAEDALTRY", "HBARTRY", "HOMETRY", "ICPTRY", "IDTRY", "JTOTRY", "KITETRY", "LATRY", "LDOTRY", "LISTATRY", "MAVTRY", "MEMETRY", "METRY", "MUBARAKTRY", "NEARTRY", "NEIROTRY", "NILTRY", "OPTRY", "ORDITRY", "PENGUTRY", "PEOPLETRY", "PHATRY", "PLUMETRY", "PNUTTRY", "PSGTRY", "PUMPTRY", "PYTHTRY", "RADTRY", "REDTRY", "RENDERTRY", "RETRY", "REZTRY", "RVNTRY", "SCRTRY", "SHIBTRY", "SPELLTRY", "SPKTRY", "STOTRY", "STXTRY", "SUITRY", "SUNTRY", "SXTTRY", "SYRUPTRY", "TAOTRY", "THETATRY", "THETRY", "TLMTRY", "TOWNSTRY", "TRBTRY", "TREETRY", "TRUMPTRY", "TRXTRY", "TSTTRY", "TURBOTRY", "TURTLETRY", "TWTTRY", "USDTTRY", "USTCTRY", "VANATRY", "VICTRY", "WLDTRY", "WLFITRY", "WTRY", "XPLTRY", "ZKTRY", "ZROTRY"], "open_positions_excluded": [{"symbol": "CETUSTRY", "entry_time": 1786343099, "layers": 2, "restored_try": 1161.158354}, {"symbol": "CHIPTRY", "entry_time": 1786362299, "layers": 1, "restored_try": 1010.041499}, {"symbol": "AVNTTRY", "entry_time": 1786364399, "layers": 1, "restored_try": 103.13432}, {"symbol": "XPLTRY", "entry_time": 1786366199, "layers": 1, "restored_try": 1011.66594}, {"symbol": "1MBABYDOGETRY", "entry_time": 1786369499, "layers": 1, "restored_try": 1007.081327}, {"symbol": "ADATRY", "entry_time": 1786375799, "layers": 1, "restored_try": 1016.969718}, {"symbol": "BABYTRY", "entry_time": 1786379399, "layers": 1, "restored_try": 1010.410295}, {"symbol": "FLOKITRY", "entry_time": 1786382399, "layers": 1, "restored_try": 1010.799408}, {"symbol": "AEVOTRY", "entry_time": 1786390499, "layers": 1, "restored_try": 1026.949702}, {"symbol": "ARBTRY", "entry_time": 1786396499, "layers": 1, "restored_try": 1024.946555}, {"symbol": "CYBERTRY", "entry_time": 1786396499, "layers": 1, "restored_try": 1011.709901}], "reconciliation": {"expected": 10394.867017, "actual": 10394.867018, "difference": 7.3e-07}}
