[START] strategy=BB_MFI_MEAN_REVERSION pine_version=v3 initial=10000.00 TRY window=2026-08-10T18:40:12+00:00..2026-08-12T18:40:12+00:00
[CONFIG] universe=312 source=BinanceTR-exchangeInfo order_pct=0.1000 pyramiding=2 max_positions=500 commission=0.001500 spread=0.001000 slippage=0.000250
[DATA] 0GTRY source=BinanceTR-public interval=5m candles=863
[DATA] 1000SATSTRY source=BinanceTR-public interval=5m candles=863
[DATA] 1MBABYDOGETRY source=BinanceTR-public interval=5m candles=863
[DATA] AAVETRY source=BinanceTR-public interval=5m candles=863
[DATA] 1000CATTRY source=BinanceTR-public interval=5m candles=863
[DATA] 2ZTRY source=BinanceTR-public interval=5m candles=863
[DATA] ACHTRY source=BinanceTR-public interval=5m candles=863
[DATA] ACETRY source=BinanceTR-public interval=5m candles=863
[DATA] ACMTRY source=BinanceTR-public interval=5m candles=863
[DATA] ACTTRY source=BinanceTR-public interval=5m candles=863
[DATA] ACXTRY source=BinanceTR-public interval=5m candles=863
[DATA] ADATRY source=BinanceTR-public interval=5m candles=863
[DATA] AEROTRY source=BinanceTR-public interval=5m candles=863
[DATA] AIGENSYNTRY source=BinanceTR-public interval=5m candles=863
[DATA] AEVOTRY source=BinanceTR-public interval=5m candles=863
[DATA] AITRY source=BinanceTR-public interval=5m candles=863
[DATA] ALGOTRY source=BinanceTR-public interval=5m candles=863
[DATA] AIXBTTRY source=BinanceTR-public interval=5m candles=863
[DATA] ALICETRY source=BinanceTR-public interval=5m candles=863
[DATA] ALPINETRY source=BinanceTR-public interval=5m candles=863
[DATA] ALLOTRY source=BinanceTR-public interval=5m candles=863
[DATA] ALTTRY source=BinanceTR-public interval=5m candles=863
[DATA] ANKRTRY source=BinanceTR-public interval=5m candles=863
[DATA] AMPTRY source=BinanceTR-public interval=5m candles=863
[DATA] ANIMETRY source=BinanceTR-public interval=5m candles=863
[DATA] APETRY source=BinanceTR-public interval=5m candles=863
[DATA] API3TRY source=BinanceTR-public interval=5m candles=863
[DATA] APTTRY source=BinanceTR-public interval=5m candles=863
[DATA] ARBTRY source=BinanceTR-public interval=5m candles=863
[DATA] ARKMTRY source=BinanceTR-public interval=5m candles=863
[DATA] ARKTRY source=BinanceTR-public interval=5m candles=863
[DATA] ARTRY source=BinanceTR-public interval=5m candles=863
[DATA] ARPATRY source=BinanceTR-public interval=5m candles=863
[DATA] ATMTRY source=BinanceTR-public interval=5m candles=863
[DATA] ASTERTRY source=BinanceTR-public interval=5m candles=863
[DATA] ASRTRY source=BinanceTR-public interval=5m candles=863
[DATA] ATOMTRY source=BinanceTR-public interval=5m candles=863
[DATA] ATTRY source=BinanceTR-public interval=5m candles=863
[DATA] ATRY source=BinanceTR-public interval=5m candles=863
[DATA] AUDIOTRY source=BinanceTR-public interval=5m candles=863
[DATA] AUCTIONTRY source=BinanceTR-public interval=5m candles=863
[DATA] AVNTTRY source=BinanceTR-public interval=5m candles=863
[DATA] AVAXTRY source=BinanceTR-public interval=5m candles=863
[DATA] AXLTRY source=BinanceTR-public interval=5m candles=863
[DATA] AXSTRY source=BinanceTR-public interval=5m candles=863
[DATA] BABYTRY source=BinanceTR-public interval=5m candles=863
[DATA] BANANATRY source=BinanceTR-public interval=5m candles=863
[DATA] BBTRY source=BinanceTR-public interval=5m candles=863
[DATA] BANKTRY source=BinanceTR-public interval=5m candles=863
[DATA] BARTRY source=BinanceTR-public interval=5m candles=863
[DATA] BARDTRY source=BinanceTR-public interval=5m candles=863
[DATA] BEAMXTRY source=BinanceTR-public interval=5m candles=863
[DATA] BCHTRY source=BinanceTR-public interval=5m candles=863
[DATA] BIOTRY source=BinanceTR-public interval=5m candles=863
[DATA] BELTRY source=BinanceTR-public interval=5m candles=863
[DATA] BERATRY source=BinanceTR-public interval=5m candles=863
[DATA] BLURTRY source=BinanceTR-public interval=5m candles=863
[DATA] BMTTRY source=BinanceTR-public interval=5m candles=863
[DATA] BNBTRY source=BinanceTR-public interval=5m candles=863
[DATA] BREVTRY source=BinanceTR-public interval=5m candles=863
[DATA] BONKTRY source=BinanceTR-public interval=5m candles=863
[DATA] BOMETRY source=BinanceTR-public interval=5m candles=863
[DATA] BTTCTRY source=BinanceTR-public interval=5m candles=863
[DATA] BTCTRY source=BinanceTR-public interval=5m candles=863
[DATA] CAKETRY source=BinanceTR-public interval=5m candles=863
[DATA] CATITRY source=BinanceTR-public interval=5m candles=863
[DATA] CETUSTRY source=BinanceTR-public interval=5m candles=863
[DATA] CELOTRY source=BinanceTR-public interval=5m candles=863
[DATA] CFGTRY source=BinanceTR-public interval=5m candles=863
[DATA] CFXTRY source=BinanceTR-public interval=5m candles=863
[DATA] CHIPTRY source=BinanceTR-public interval=5m candles=863
[DATA] CHZTRY source=BinanceTR-public interval=5m candles=863
[DATA] CITYTRY source=BinanceTR-public interval=5m candles=863
[DATA] COTITRY source=BinanceTR-public interval=5m candles=863
[DATA] COMPTRY source=BinanceTR-public interval=5m candles=863
[DATA] CKBTRY source=BinanceTR-public interval=5m candles=863
[DATA] CTRY source=BinanceTR-public interval=5m candles=863
[DATA] CRVTRY source=BinanceTR-public interval=5m candles=863
[DATA] CYBERTRY source=BinanceTR-public interval=5m candles=863
[DATA] COWTRY source=BinanceTR-public interval=5m candles=863
[DATA] DASHTRY source=BinanceTR-public interval=5m candles=863
[DATA] DOGSTRY source=BinanceTR-public interval=5m candles=863
[DATA] DODOTRY source=BinanceTR-public interval=5m candles=863
[DATA] DOTTRY source=BinanceTR-public interval=5m candles=863
[DATA] DOLOTRY source=BinanceTR-public interval=5m candles=863
[DATA] DOGETRY source=BinanceTR-public interval=5m candles=863
[DATA] EDENTRY source=BinanceTR-public interval=5m candles=863
[DATA] DYDXTRY source=BinanceTR-public interval=5m candles=863
[DATA] DYMTRY source=BinanceTR-public interval=5m candles=863
[DATA] EGLDTRY source=BinanceTR-public interval=5m candles=863
[DATA] EDUTRY source=BinanceTR-public interval=5m candles=863
[DATA] EIGENTRY source=BinanceTR-public interval=5m candles=863
[DATA] ENJTRY source=BinanceTR-public interval=5m candles=863
[DATA] ENATRY source=BinanceTR-public interval=5m candles=863
[DATA] ENSOTRY source=BinanceTR-public interval=5m candles=863
[DATA] ENSTRY source=BinanceTR-public interval=5m candles=863
[DATA] ESPTRY source=BinanceTR-public interval=5m candles=863
[DATA] ERATRY source=BinanceTR-public interval=5m candles=863
[DATA] ETCTRY source=BinanceTR-public interval=5m candles=863
[DATA] ETHFITRY source=BinanceTR-public interval=5m candles=863
[DATA] FDUSDTRY source=BinanceTR-public interval=5m candles=863
[DATA] ETHTRY source=BinanceTR-public interval=5m candles=863
[DATA] EULTRY source=BinanceTR-public interval=5m candles=863
[DATA] FETTRY source=BinanceTR-public interval=5m candles=863
[DATA] FFTRY source=BinanceTR-public interval=5m candles=863
[DATA] FIDATRY source=BinanceTR-public interval=5m candles=863
[DATA] FLOKITRY source=BinanceTR-public interval=5m candles=863
[DATA] FILTRY source=BinanceTR-public interval=5m candles=863
[DATA] FOGOTRY source=BinanceTR-public interval=5m candles=863
[DATA] FORMTRY source=BinanceTR-public interval=5m candles=863
[DATA] FTRY source=BinanceTR-public interval=5m candles=863
[DATA] GALATRY source=BinanceTR-public interval=5m candles=863
[DATA] GASTRY source=BinanceTR-public interval=5m candles=863
[DATA] GENIUSTRY source=BinanceTR-public interval=5m candles=863
[DATA] GIGGLETRY source=BinanceTR-public interval=5m candles=863
[DATA] GMTTRY source=BinanceTR-public interval=5m candles=863
[DATA] GPSTRY source=BinanceTR-public interval=5m candles=863
[DATA] GRAMTRY source=BinanceTR-public interval=5m candles=863
[DATA] GRTTRY source=BinanceTR-public interval=5m candles=863
[DATA] GTRY source=BinanceTR-public interval=5m candles=863
[DATA] GUNTRY source=BinanceTR-public interval=5m candles=863
[DATA] HBARTRY source=BinanceTR-public interval=5m candles=863
[DATA] HAEDALTRY source=BinanceTR-public interval=5m candles=863
[DATA] HEITRY source=BinanceTR-public interval=5m candles=863
[DATA] HIVETRY source=BinanceTR-public interval=5m candles=863
[DATA] HEMITRY source=BinanceTR-public interval=5m candles=863
[DATA] HMSTRTRY source=BinanceTR-public interval=5m candles=863
[DATA] HOLOTRY source=BinanceTR-public interval=5m candles=863
[DATA] HOMETRY source=BinanceTR-public interval=5m candles=863
[DATA] HUMATRY source=BinanceTR-public interval=5m candles=863
[DATA] HOTTRY source=BinanceTR-public interval=5m candles=863
[DATA] HYPERTRY source=BinanceTR-public interval=5m candles=863
[DATA] ICPTRY source=BinanceTR-public interval=5m candles=863
[DATA] IDTRY source=BinanceTR-public interval=5m candles=863
[DATA] INITTRY source=BinanceTR-public interval=5m candles=863
[DATA] INJTRY source=BinanceTR-public interval=5m candles=863
[DATA] JASMYTRY source=BinanceTR-public interval=5m candles=863
[DATA] IOTRY source=BinanceTR-public interval=5m candles=863
[DATA] IOTATRY source=BinanceTR-public interval=5m candles=863
[DATA] JUVTRY source=BinanceTR-public interval=5m candles=863
[DATA] JTOTRY source=BinanceTR-public interval=5m candles=863
[DATA] JUPTRY source=BinanceTR-public interval=5m candles=863
[DATA] KAITOTRY source=BinanceTR-public interval=5m candles=863
[DATA] KATTRY source=BinanceTR-public interval=5m candles=863
[DATA] KERNELTRY source=BinanceTR-public interval=5m candles=863
[DATA] KSMTRY source=BinanceTR-public interval=5m candles=863
[DATA] KITETRY source=BinanceTR-public interval=5m candles=863
[DATA] LAYERTRY source=BinanceTR-public interval=5m candles=863
[DATA] LATRY source=BinanceTR-public interval=5m candles=863
[DATA] LDOTRY source=BinanceTR-public interval=5m candles=863
[DATA] LINKTRY source=BinanceTR-public interval=5m candles=863
[DATA] LINEATRY source=BinanceTR-public interval=5m candles=863
[DATA] LISTATRY source=BinanceTR-public interval=5m candles=863
[DATA] LAZIOTRY source=BinanceTR-public interval=5m candles=863
[DATA] LPTTRY source=BinanceTR-public interval=5m candles=863
[DATA] LUMIATRY source=BinanceTR-public interval=5m candles=863
[DATA] LUNCTRY source=BinanceTR-public interval=5m candles=863
[DATA] LTCTRY source=BinanceTR-public interval=5m candles=863
[DATA] MAGICTRY source=BinanceTR-public interval=5m candles=863
[DATA] LUNATRY source=BinanceTR-public interval=5m candles=863
[DATA] MANTATRY source=BinanceTR-public interval=5m candles=863
[DATA] MANTRATRY source=BinanceTR-public interval=5m candles=863
[DATA] MAVTRY source=BinanceTR-public interval=5m candles=863
[DATA] MANATRY source=BinanceTR-public interval=5m candles=863
[DATA] MEGATRY source=BinanceTR-public interval=5m candles=863
[DATA] MASKTRY source=BinanceTR-public interval=5m candles=863
[DATA] METISTRY source=BinanceTR-public interval=5m candles=863
[DATA] METRY source=BinanceTR-public interval=5m candles=863
[DATA] METTRY source=BinanceTR-public interval=5m candles=863
[DATA] MEMETRY source=BinanceTR-public interval=5m candles=863
[DATA] MIRATRY source=BinanceTR-public interval=5m candles=863
[DATA] MINATRY source=BinanceTR-public interval=5m candles=863
[DATA] MORPHOTRY source=BinanceTR-public interval=5m candles=863
[DATA] MMTTRY source=BinanceTR-public interval=5m candles=863
[DATA] MITOTRY source=BinanceTR-public interval=5m candles=863
[DATA] MOVRTRY source=BinanceTR-public interval=5m candles=863
[DATA] MUBARAKTRY source=BinanceTR-public interval=5m candles=863
[DATA] NEIROTRY source=BinanceTR-public interval=5m candles=863
[DATA] NEWTTRY source=BinanceTR-public interval=5m candles=863
[DATA] NEARTRY source=BinanceTR-public interval=5m candles=863
[DATA] NILTRY source=BinanceTR-public interval=5m candles=863
[DATA] NIGHTTRY source=BinanceTR-public interval=5m candles=863
[DATA] NMRTRY source=BinanceTR-public interval=5m candles=863
[DATA] NEOTRY source=BinanceTR-public interval=5m candles=863
[DATA] OGNTRY source=BinanceTR-public interval=5m candles=863
[DATA] NXPCTRY source=BinanceTR-public interval=5m candles=863
[DATA] NOTTRY source=BinanceTR-public interval=5m candles=863
[DATA] OGTRY source=BinanceTR-public interval=5m candles=863
[DATA] NOMTRY source=BinanceTR-public interval=5m candles=863
[DATA] ONDOTRY source=BinanceTR-public interval=5m candles=863
[DATA] ONTTRY source=BinanceTR-public interval=5m candles=863
[DATA] OPENTRY source=BinanceTR-public interval=5m candles=863
[DATA] ONETRY source=BinanceTR-public interval=5m candles=863
[DATA] OPNTRY source=BinanceTR-public interval=5m candles=863
[DATA] OPTRY source=BinanceTR-public interval=5m candles=863
[DATA] OPGTRY source=BinanceTR-public interval=5m candles=863
[DATA] ORDITRY source=BinanceTR-public interval=5m candles=863
[DATA] ORCATRY source=BinanceTR-public interval=5m candles=863
[DATA] PAXGTRY source=BinanceTR-public interval=5m candles=863
[DATA] PARTITRY source=BinanceTR-public interval=5m candles=863
[DATA] PEPETRY source=BinanceTR-public interval=5m candles=863
[DATA] PHATRY source=BinanceTR-public interval=5m candles=863
[DATA] PENDLETRY source=BinanceTR-public interval=5m candles=863
[DATA] PENGUTRY source=BinanceTR-public interval=5m candles=863
[DATA] PEOPLETRY source=BinanceTR-public interval=5m candles=863
[DATA] PNUTTRY source=BinanceTR-public interval=5m candles=863
[DATA] PLUMETRY source=BinanceTR-public interval=5m candles=863
[DATA] POLYXTRY source=BinanceTR-public interval=5m candles=863
[DATA] POLTRY source=BinanceTR-public interval=5m candles=863
[DATA] PIXELTRY source=BinanceTR-public interval=5m candles=863
[DATA] PORTOTRY source=BinanceTR-public interval=5m candles=863
[DATA] PORTALTRY source=BinanceTR-public interval=5m candles=863
[DATA] PROVETRY source=BinanceTR-public interval=5m candles=863
[DATA] PSGTRY source=BinanceTR-public interval=5m candles=863
[DATA] PUMPTRY source=BinanceTR-public interval=5m candles=863
[DATA] QTUMTRY source=BinanceTR-public interval=5m candles=863
[DATA] RADTRY source=BinanceTR-public interval=5m candles=863
[DATA] PYTHTRY source=BinanceTR-public interval=5m candles=863
[DATA] RARETRY source=BinanceTR-public interval=5m candles=863
[DATA] RENDERTRY source=BinanceTR-public interval=5m candles=863
[DATA] RAYTRY source=BinanceTR-public interval=5m candles=863
[DATA] RETRY source=BinanceTR-public interval=5m candles=863
[DATA] RESOLVTRY source=BinanceTR-public interval=5m candles=863
[DATA] REDTRY source=BinanceTR-public interval=5m candles=863
[DATA] RONINTRY source=BinanceTR-public interval=5m candles=863
[DATA] REZTRY source=BinanceTR-public interval=5m candles=863
[DATA] ROBOTRY source=BinanceTR-public interval=5m candles=863
[DATA] RSRTRY source=BinanceTR-public interval=5m candles=863
[DATA] SAHARATRY source=BinanceTR-public interval=5m candles=863
[DATA] RVNTRY source=BinanceTR-public interval=5m candles=863
[DATA] SAGATRY source=BinanceTR-public interval=5m candles=863
[DATA] ROSETRY source=BinanceTR-public interval=5m candles=863
[DATA] SANTOSTRY source=BinanceTR-public interval=5m candles=863
[DATA] SANDTRY source=BinanceTR-public interval=5m candles=863
[DATA] SAPIENTRY source=BinanceTR-public interval=5m candles=863
[DATA] SCRTRY source=BinanceTR-public interval=5m candles=863
[DATA] SHELLTRY source=BinanceTR-public interval=5m candles=863
[DATA] SEITRY source=BinanceTR-public interval=5m candles=863
[DATA] SENTTRY source=BinanceTR-public interval=5m candles=863
[DATA] SIGNTRY source=BinanceTR-public interval=5m candles=863
[DATA] SHIBTRY source=BinanceTR-public interval=5m candles=863
[DATA] SKYTRY source=BinanceTR-public interval=5m candles=863
[DATA] SKLTRY source=BinanceTR-public interval=5m candles=863
[DATA] SOLVTRY source=BinanceTR-public interval=5m candles=863
[DATA] SLPTRY source=BinanceTR-public interval=5m candles=863
[DATA] SOLTRY source=BinanceTR-public interval=5m candles=863
[DATA] SNXTRY source=BinanceTR-public interval=5m candles=863
[DATA] SOMITRY source=BinanceTR-public interval=5m candles=863
[DATA] SPKTRY source=BinanceTR-public interval=5m candles=863
[DATA] SOPHTRY source=BinanceTR-public interval=5m candles=863
[DATA] STOTRY source=BinanceTR-public interval=5m candles=863
[DATA] SPELLTRY source=BinanceTR-public interval=5m candles=863
[DATA] STRAXTRY source=BinanceTR-public interval=5m candles=863
[DATA] STRKTRY source=BinanceTR-public interval=5m candles=863
[DATA] STRY source=BinanceTR-public interval=5m candles=863
[DATA] STXTRY source=BinanceTR-public interval=5m candles=863
[DATA] SUNTRY source=BinanceTR-public interval=5m candles=863
[DATA] SUITRY source=BinanceTR-public interval=5m candles=863
[DATA] SUPERTRY source=BinanceTR-public interval=5m candles=863
[DATA] SXTTRY source=BinanceTR-public interval=5m candles=863
[DATA] SUSHITRY source=BinanceTR-public interval=5m candles=863
[DATA] THETATRY source=BinanceTR-public interval=5m candles=863
[DATA] TAOTRY source=BinanceTR-public interval=5m candles=863
[DATA] SYRUPTRY source=BinanceTR-public interval=5m candles=863
[DATA] THETRY source=BinanceTR-public interval=5m candles=863
[DATA] TIATRY source=BinanceTR-public interval=5m candles=863
[DATA] TLMTRY source=BinanceTR-public interval=5m candles=863
[DATA] TNSRTRY source=BinanceTR-public interval=5m candles=863
[DATA] TRBTRY source=BinanceTR-public interval=5m candles=863
[DATA] TOWNSTRY source=BinanceTR-public interval=5m candles=863
[DATA] TREETRY source=BinanceTR-public interval=5m candles=863
[DATA] TRUMPTRY source=BinanceTR-public interval=5m candles=863
[DATA] TURBOTRY source=BinanceTR-public interval=5m candles=863
[DATA] TRXTRY source=BinanceTR-public interval=5m candles=863
[DATA] TSTTRY source=BinanceTR-public interval=5m candles=863
[DATA] TURTLETRY source=BinanceTR-public interval=5m candles=863
[DATA] TWTTRY source=BinanceTR-public interval=5m candles=863
[DATA] UMATRY source=BinanceTR-public interval=5m candles=863
[DATA] UNITRY source=BinanceTR-public interval=5m candles=863
[DATA] USDCTRY source=BinanceTR-public interval=5m candles=863
[DATA] USD1TRY source=BinanceTR-public interval=5m candles=863
[DATA] USUALTRY source=BinanceTR-public interval=5m candles=863
[DATA] UTRY source=BinanceTR-public interval=5m candles=863
[DATA] USDTTRY source=BinanceTR-public interval=5m candles=863
[DATA] USTCTRY source=BinanceTR-public interval=5m candles=863
[DATA] VANRYTRY source=BinanceTR-public interval=5m candles=863
[DATA] VANATRY source=BinanceTR-public interval=5m candles=863
[DATA] VETTRY source=BinanceTR-public interval=5m candles=863
[DATA] VICTRY source=BinanceTR-public interval=5m candles=863
[DATA] WCTTRY source=BinanceTR-public interval=5m candles=863
[DATA] VIRTUALTRY source=BinanceTR-public interval=5m candles=863
[DATA] WIFTRY source=BinanceTR-public interval=5m candles=863
[DATA] WALTRY source=BinanceTR-public interval=5m candles=863
[DATA] WTRY source=BinanceTR-public interval=5m candles=863
[DATA] WLFITRY source=BinanceTR-public interval=5m candles=863
[DATA] XECTRY source=BinanceTR-public interval=5m candles=863
[DATA] WLDTRY source=BinanceTR-public interval=5m candles=863
[DATA] XLMTRY source=BinanceTR-public interval=5m candles=863
[DATA] XAUTTRY source=BinanceTR-public interval=5m candles=863
[DATA] XAITRY source=BinanceTR-public interval=5m candles=863
[DATA] XPLTRY source=BinanceTR-public interval=5m candles=863
[DATA] XRPTRY source=BinanceTR-public interval=5m candles=863
[DATA] XTZTRY source=BinanceTR-public interval=5m candles=863
[DATA] YBTRY source=BinanceTR-public interval=5m candles=863
[DATA] XVGTRY source=BinanceTR-public interval=5m candles=863
[DATA] ZAMATRY source=BinanceTR-public interval=5m candles=863
[DATA] ZBTTRY source=BinanceTR-public interval=5m candles=863
[DATA] ZILTRY source=BinanceTR-public interval=5m candles=863
[DATA] ZKCTRY source=BinanceTR-public interval=5m candles=863
[DATA] ZKPTRY source=BinanceTR-public interval=5m candles=863
[DATA] ZROTRY source=BinanceTR-public interval=5m candles=863
[DATA] ZKTRY source=BinanceTR-public interval=5m candles=863
[ACTIVITY] 0GTRY status=PASSIVE metrics={"status": "PASSIVE", "quote_volume": 36976286.38, "range_15m_pct": 0.1333, "atr_pct": 0.1807, "volume_ratio": 0.0, "spread_pct": 0.1332, "checks": {"quote_volume": true, "range_15m": false, "atr": true, "volume_ratio": false, "spread": true}, "reason": "movement_or_liquidity_below_threshold"}
[ACTIVITY] 1000CATTRY status=PASSIVE metrics={"status": "PASSIVE", "quote_volume": 4641341.07, "range_15m_pct": 1.2658, "atr_pct": 0.4521, "volume_ratio": 0.0, "spread_pct": 1.2579, "checks": {"quote_volume": true, "range_15m": true, "atr": true, "volume_ratio": false, "spread": false}, "reason": "movement_or_liquidity_below_threshold"}
[ACTIVITY] 1000SATSTRY status=PASSIVE metrics={"status": "PASSIVE", "quote_volume": 5114117.83, "range_15m_pct": 0.2088, "atr_pct": 0.1637, "volume_ratio": 0.0038, "spread_pct": 0.4167, "checks": {"quote_volume": true, "range_15m": true, "atr": true, "volume_ratio": false, "spread": false}, "reason": "movement_or_liquidity_below_threshold"}
[ACTIVITY] 1MBABYDOGETRY status=PASSIVE metrics={"status": "PASSIVE", "quote_volume": 15084322.37, "range_15m_pct": 0.0, "atr_pct": 0.0265, "volume_ratio": 14.4436, "spread_pct": 0.1852, "checks": {"quote_volume": true, "range_15m": false, "atr": false, "volume_ratio": true, "spread": true}, "reason": "movement_or_liquidity_below_threshold"}
[ACTIVITY] 2ZTRY status=ACTIVE metrics={"status": "ACTIVE", "quote_volume": 88341083.51, "range_15m_pct": 1.5121, "atr_pct": 0.7056, "volume_ratio": 1.3188, "spread_pct": 0.1624, "checks": {"quote_volume": true, "range_15m": true, "atr": true, "volume_ratio": true, "spread": true}, "reason": "active"}
[ACTIVITY] AAVETRY status=PASSIVE metrics={"status": "PASSIVE", "quote_volume": 7093576.08, "range_15m_pct": 0.0, "atr_pct": 0.1138, "volume_ratio": 0.0, "spread_pct": 0.0951, "checks": {"quote_volume": true, "range_15m": false, "atr": false, "volume_ratio": false, "spread": true}, "reason": "movement_or_liquidity_below_threshold"}
[ACTIVITY] ACETRY status=PASSIVE metrics={"status": "PASSIVE", "quote_volume": 186932510.62, "range_15m_pct": 0.3882, "atr_pct": 0.3934, "volume_ratio": 0.4551, "spread_pct": 0.1552, "checks": {"quote_volume": true, "range_15m": true, "atr": true, "volume_ratio": false, "spread": true}, "reason": "movement_or_liquidity_below_threshold"}
[ACTIVITY] ACHTRY status=ACTIVE metrics={"status": "ACTIVE", "quote_volume": 15031540.45, "range_15m_pct": 0.2021, "atr_pct": 0.2236, "volume_ratio": 0.5881, "spread_pct": 0.1515, "checks": {"quote_volume": true, "range_15m": true, "atr": true, "volume_ratio": true, "spread": true}, "reason": "active"}
[ACTIVITY] ACMTRY status=PASSIVE metrics={"status": "PASSIVE", "quote_volume": 1686281.75, "range_15m_pct": 0.2368, "atr_pct": 0.1015, "volume_ratio": 0.7365, "spread_pct": 0.6294, "checks": {"quote_volume": true, "range_15m": true, "atr": false, "volume_ratio": true, "spread": false}, "reason": "movement_or_liquidity_below_threshold"}
[ACTIVITY] ACTTRY status=PASSIVE metrics={"status": "PASSIVE", "quote_volume": 22053954.81, "range_15m_pct": 0.593, "atr_pct": 0.2436, "volume_ratio": 0.0, "spread_pct": 0.1474, "checks": {"quote_volume": true, "range_15m": true, "atr": true, "volume_ratio": false, "spread": true}, "reason": "movement_or_liquidity_below_threshold"}
[ACTIVITY] ACXTRY status=PASSIVE metrics={"status": "PASSIVE", "quote_volume": 31650188.47, "range_15m_pct": 2.0964, "atr_pct": 0.8093, "volume_ratio": 0.3494, "spread_pct": 0.2602, "checks": {"quote_volume": true, "range_15m": true, "atr": true, "volume_ratio": false, "spread": true}, "reason": "movement_or_liquidity_below_threshold"}
[ACTIVITY] ADATRY status=PASSIVE metrics={"status": "PASSIVE", "quote_volume": 19079497.83, "range_15m_pct": 0.58, "atr_pct": 0.2804, "volume_ratio": 0.242, "spread_pct": 0.2312, "checks": {"quote_volume": true, "range_15m": true, "atr": true, "volume_ratio": false, "spread": true}, "reason": "movement_or_liquidity_below_threshold"}
[ACTIVITY] AEROTRY status=PASSIVE metrics={"status": "PASSIVE", "quote_volume": 1182259.55, "range_15m_pct": 0.611, "atr_pct": 0.0836, "volume_ratio": 0.0, "spread_pct": 0.2544, "checks": {"quote_volume": true, "range_15m": true, "atr": false, "volume_ratio": false, "spread": true}, "reason": "movement_or_liquidity_below_threshold"}
[ACTIVITY] AEVOTRY status=PASSIVE metrics={"status": "PASSIVE", "quote_volume": 2957849.7, "range_15m_pct": 0.0, "atr_pct": 0.1331, "volume_ratio": 0.436, "spread_pct": 0.1096, "checks": {"quote_volume": true, "range_15m": false, "atr": false, "volume_ratio": false, "spread": true}, "reason": "movement_or_liquidity_below_threshold"}
[ACTIVITY] AIGENSYNTRY status=PASSIVE metrics={"status": "PASSIVE", "quote_volume": 32088449.14, "range_15m_pct": 0.203, "atr_pct": 0.3184, "volume_ratio": 0.0178, "spread_pct": 0.2026, "checks": {"quote_volume": true, "range_15m": true, "atr": true, "volume_ratio": false, "spread": true}, "reason": "movement_or_liquidity_below_threshold"}
[ACTIVITY] AITRY status=PASSIVE metrics={"status": "PASSIVE", "quote_volume": 7366707.38, "range_15m_pct": 0.0, "atr_pct": 0.3484, "volume_ratio": 0.0, "spread_pct": 1.227, "checks": {"quote_volume": true, "range_15m": false, "atr": true, "volume_ratio": false, "spread": false}, "reason": "movement_or_liquidity_below_threshold"}
[ACTIVITY] AIXBTTRY status=PASSIVE metrics={"status": "PASSIVE", "quote_volume": 28989541.02, "range_15m_pct": 1.0147, "atr_pct": 0.6879, "volume_ratio": 1.3576, "spread_pct": 0.3354, "checks": {"quote_volume": true, "range_15m": true, "atr": true, "volume_ratio": true, "spread": false}, "reason": "movement_or_liquidity_below_threshold"}
[ACTIVITY] ALGOTRY status=PASSIVE metrics={"status": "PASSIVE", "quote_volume": 1312381.79, "range_15m_pct": 0.0798, "atr_pct": 0.3492, "volume_ratio": 0.0, "spread_pct": 0.1593, "checks": {"quote_volume": true, "range_15m": false, "atr": true, "volume_ratio": false, "spread": true}, "reason": "movement_or_liquidity_below_threshold"}
[ACTIVITY] ALICETRY status=ACTIVE metrics={"status": "ACTIVE", "quote_volume": 9980534.68, "range_15m_pct": 0.1808, "atr_pct": 0.3481, "volume_ratio": 0.7675, "spread_pct": 0.1807, "checks": {"quote_volume": true, "range_15m": true, "atr": true, "volume_ratio": true, "spread": true}, "reason": "active"}
[ACTIVITY] ALLOTRY status=ACTIVE metrics={"status": "ACTIVE", "quote_volume": 86945158.59, "range_15m_pct": 0.569, "atr_pct": 0.5413, "volume_ratio": 2.3494, "spread_pct": 0.1423, "checks": {"quote_volume": true, "range_15m": true, "atr": true, "volume_ratio": true, "spread": true}, "reason": "active"}
[ACTIVITY] ALPINETRY status=PASSIVE metrics={"status": "PASSIVE", "quote_volume": 7239483.18, "range_15m_pct": 0.0, "atr_pct": 0.0711, "volume_ratio": 0.0, "spread_pct": 0.1991, "checks": {"quote_volume": true, "range_15m": false, "atr": false, "volume_ratio": false, "spread": true}, "reason": "movement_or_liquidity_below_threshold"}
[ACTIVITY] ALTTRY status=PASSIVE metrics={"status": "PASSIVE", "quote_volume": 4207483.7, "range_15m_pct": 0.0, "atr_pct": 0.0257, "volume_ratio": 0.0, "spread_pct": 0.3591, "checks": {"quote_volume": true, "range_15m": false, "atr": false, "volume_ratio": false, "spread": false}, "reason": "movement_or_liquidity_below_threshold"}
[ACTIVITY] AMPTRY status=PASSIVE metrics={"status": "PASSIVE", "quote_volume": 6373783.41, "range_15m_pct": 0.0, "atr_pct": 0.1952, "volume_ratio": 0.0, "spread_pct": 0.5479, "checks": {"quote_volume": true, "range_15m": false, "atr": true, "volume_ratio": false, "spread": false}, "reason": "movement_or_liquidity_below_threshold"}
[ACTIVITY] ANIMETRY status=PASSIVE metrics={"status": "PASSIVE", "quote_volume": 684316.32, "range_15m_pct": 0.0, "atr_pct": 0.1242, "volume_ratio": 0.0, "spread_pct": 0.8734, "checks": {"quote_volume": false, "range_15m": false, "atr": false, "volume_ratio": false, "spread": false}, "reason": "movement_or_liquidity_below_threshold"}
[ACTIVITY] ANKRTRY status=PASSIVE metrics={"status": "PASSIVE", "quote_volume": 1048936.37, "range_15m_pct": 0.0, "atr_pct": 0.022, "volume_ratio": 0.0, "spread_pct": 0.2484, "checks": {"quote_volume": true, "range_15m": false, "atr": false, "volume_ratio": false, "spread": true}, "reason": "movement_or_liquidity_below_threshold"}
[ACTIVITY] APETRY status=PASSIVE metrics={"status": "PASSIVE", "quote_volume": 3926201.97, "range_15m_pct": 0.5042, "atr_pct": 0.2867, "volume_ratio": 0.0179, "spread_pct": 0.1676, "checks": {"quote_volume": true, "range_15m": true, "atr": true, "volume_ratio": false, "spread": true}, "reason": "movement_or_liquidity_below_threshold"}
[ACTIVITY] API3TRY status=PASSIVE metrics={"status": "PASSIVE", "quote_volume": 4078771.46, "range_15m_pct": 0.0, "atr_pct": 0.0959, "volume_ratio": 0.0065, "spread_pct": 0.2235, "checks": {"quote_volume": true, "range_15m": false, "atr": false, "volume_ratio": false, "spread": true}, "reason": "movement_or_liquidity_below_threshold"}
[ACTIVITY] APTTRY status=PASSIVE metrics={"status": "PASSIVE", "quote_volume": 5457303.3, "range_15m_pct": 0.3745, "atr_pct": 0.2399, "volume_ratio": 0.0, "spread_pct": 0.3738, "checks": {"quote_volume": true, "range_15m": true, "atr": true, "volume_ratio": false, "spread": false}, "reason": "movement_or_liquidity_below_threshold"}
[ACTIVITY] ARBTRY status=PASSIVE metrics={"status": "PASSIVE", "quote_volume": 26429566.17, "range_15m_pct": 0.0, "atr_pct": 0.1377, "volume_ratio": 0.6154, "spread_pct": 0.2766, "checks": {"quote_volume": true, "range_15m": false, "atr": false, "volume_ratio": true, "spread": true}, "reason": "movement_or_liquidity_below_threshold"}
[ACTIVITY] ARKMTRY status=PASSIVE metrics={"status": "PASSIVE", "quote_volume": 5414087.88, "range_15m_pct": 0.0, "atr_pct": 0.1339, "volume_ratio": 0.0, "spread_pct": 0.135, "checks": {"quote_volume": true, "range_15m": false, "atr": false, "volume_ratio": false, "spread": true}, "reason": "movement_or_liquidity_below_threshold"}
[ACTIVITY] ARKTRY status=PASSIVE metrics={"status": "PASSIVE", "quote_volume": 5335372.5, "range_15m_pct": 0.4684, "atr_pct": 0.0836, "volume_ratio": 0.232, "spread_pct": 0.4673, "checks": {"quote_volume": true, "range_15m": true, "atr": false, "volume_ratio": false, "spread": false}, "reason": "movement_or_liquidity_below_threshold"}
[ACTIVITY] ARPATRY status=PASSIVE metrics={"status": "PASSIVE", "quote_volume": 3100811.95, "range_15m_pct": 0.0243, "atr_pct": 0.0661, "volume_ratio": 0.1983, "spread_pct": 0.073, "checks": {"quote_volume": true, "range_15m": false, "atr": false, "volume_ratio": false, "spread": true}, "reason": "movement_or_liquidity_below_threshold"}
[ACTIVITY] ARTRY status=PASSIVE metrics={"status": "PASSIVE", "quote_volume": 651820.21, "range_15m_pct": 0.0, "atr_pct": 0.1468, "volume_ratio": 0.0, "spread_pct": 0.1791, "checks": {"quote_volume": false, "range_15m": false, "atr": false, "volume_ratio": false, "spread": true}, "reason": "movement_or_liquidity_below_threshold"}
[ACTIVITY] ASRTRY status=PASSIVE metrics={"status": "PASSIVE", "quote_volume": 3234446.22, "range_15m_pct": 0.1232, "atr_pct": 0.0808, "volume_ratio": 0.083, "spread_pct": 0.2951, "checks": {"quote_volume": true, "range_15m": false, "atr": false, "volume_ratio": false, "spread": true}, "reason": "movement_or_liquidity_below_threshold"}
[ACTIVITY] ASTERTRY status=PASSIVE metrics={"status": "PASSIVE", "quote_volume": 4025802.02, "range_15m_pct": 0.0697, "atr_pct": 0.0647, "volume_ratio": 0.0, "spread_pct": 0.0696, "checks": {"quote_volume": true, "range_15m": false, "atr": false, "volume_ratio": false, "spread": true}, "reason": "movement_or_liquidity_below_threshold"}
[ACTIVITY] ATMTRY status=PASSIVE metrics={"status": "PASSIVE", "quote_volume": 56643534.27, "range_15m_pct": 0.5714, "atr_pct": 0.9073, "volume_ratio": 0.0551, "spread_pct": 0.2433, "checks": {"quote_volume": true, "range_15m": true, "atr": true, "volume_ratio": false, "spread": true}, "reason": "movement_or_liquidity_below_threshold"}
[ACTIVITY] ATOMTRY status=PASSIVE metrics={"status": "PASSIVE", "quote_volume": 1689957.61, "range_15m_pct": 0.0, "atr_pct": 0.0964, "volume_ratio": 0.0, "spread_pct": 0.1496, "checks": {"quote_volume": true, "range_15m": false, "atr": false, "volume_ratio": false, "spread": true}, "reason": "movement_or_liquidity_below_threshold"}
[ACTIVITY] ATRY status=PASSIVE metrics={"status": "PASSIVE", "quote_volume": 468210.25, "range_15m_pct": 0.0, "atr_pct": 0.0478, "volume_ratio": 0.0, "spread_pct": 0.6711, "checks": {"quote_volume": false, "range_15m": false, "atr": false, "volume_ratio": false, "spread": false}, "reason": "movement_or_liquidity_below_threshold"}
[ACTIVITY] ATTRY status=ACTIVE metrics={"status": "ACTIVE", "quote_volume": 54970541.39, "range_15m_pct": 0.7927, "atr_pct": 0.326, "volume_ratio": 2.9926, "spread_pct": 0.2553, "checks": {"quote_volume": true, "range_15m": true, "atr": true, "volume_ratio": true, "spread": true}, "reason": "active"}
[ACTIVITY] AUCTIONTRY status=PASSIVE metrics={"status": "PASSIVE", "quote_volume": 764405.59, "range_15m_pct": 0.0, "atr_pct": 0.0473, "volume_ratio": 0.0, "spread_pct": 0.3678, "checks": {"quote_volume": false, "range_15m": false, "atr": false, "volume_ratio": false, "spread": false}, "reason": "movement_or_liquidity_below_threshold"}
[ACTIVITY] AUDIOTRY status=ACTIVE metrics={"status": "ACTIVE", "quote_volume": 15320641.82, "range_15m_pct": 0.2621, "atr_pct": 0.2334, "volume_ratio": 4.4574, "spread_pct": 0.2095, "checks": {"quote_volume": true, "range_15m": true, "atr": true, "volume_ratio": true, "spread": true}, "reason": "active"}
[ACTIVITY] AVAXTRY status=ACTIVE metrics={"status": "ACTIVE", "quote_volume": 98885939.58, "range_15m_pct": 0.3633, "atr_pct": 0.2585, "volume_ratio": 0.7936, "spread_pct": 0.0658, "checks": {"quote_volume": true, "range_15m": true, "atr": true, "volume_ratio": true, "spread": true}, "reason": "active"}
[ACTIVITY] AVNTTRY status=PASSIVE metrics={"status": "PASSIVE", "quote_volume": 5101454.41, "range_15m_pct": 0.0, "atr_pct": 0.1174, "volume_ratio": 0.0, "spread_pct": 0.4684, "checks": {"quote_volume": true, "range_15m": false, "atr": false, "volume_ratio": false, "spread": false}, "reason": "movement_or_liquidity_below_threshold"}
[ACTIVITY] AXLTRY status=PASSIVE metrics={"status": "PASSIVE", "quote_volume": 384335.73, "range_15m_pct": 0.0, "atr_pct": 0.084, "volume_ratio": 0.1464, "spread_pct": 0.59, "checks": {"quote_volume": false, "range_15m": false, "atr": false, "volume_ratio": false, "spread": false}, "reason": "movement_or_liquidity_below_threshold"}
[ACTIVITY] AXSTRY status=PASSIVE metrics={"status": "PASSIVE", "quote_volume": 2017615.42, "range_15m_pct": 0.0, "atr_pct": 0.122, "volume_ratio": 0.0198, "spread_pct": 0.489, "checks": {"quote_volume": true, "range_15m": false, "atr": false, "volume_ratio": false, "spread": false}, "reason": "movement_or_liquidity_below_threshold"}
[ACTIVITY] BABYTRY status=PASSIVE metrics={"status": "PASSIVE", "quote_volume": 32712089.7, "range_15m_pct": 0.6073, "atr_pct": 0.432, "volume_ratio": 0.1184, "spread_pct": 0.2014, "checks": {"quote_volume": true, "range_15m": true, "atr": true, "volume_ratio": false, "spread": true}, "reason": "movement_or_liquidity_below_threshold"}
[ACTIVITY] BANANATRY status=PASSIVE metrics={"status": "PASSIVE", "quote_volume": 18733569.23, "range_15m_pct": 0.0, "atr_pct": 0.2421, "volume_ratio": 0.0, "spread_pct": 0.5634, "checks": {"quote_volume": true, "range_15m": false, "atr": true, "volume_ratio": false, "spread": false}, "reason": "movement_or_liquidity_below_threshold"}
[ACTIVITY] BANKTRY status=ACTIVE metrics={"status": "ACTIVE", "quote_volume": 345573470.6, "range_15m_pct": 2.1861, "atr_pct": 1.2826, "volume_ratio": 0.6269, "spread_pct": 0.0548, "checks": {"quote_volume": true, "range_15m": true, "atr": true, "volume_ratio": true, "spread": true}, "reason": "active"}
[ACTIVITY] BARDTRY status=PASSIVE metrics={"status": "PASSIVE", "quote_volume": 6436214.21, "range_15m_pct": 0.5587, "atr_pct": 0.4389, "volume_ratio": 0.265, "spread_pct": 0.3724, "checks": {"quote_volume": true, "range_15m": true, "atr": true, "volume_ratio": false, "spread": false}, "reason": "movement_or_liquidity_below_threshold"}
[ACTIVITY] BARTRY status=PASSIVE metrics={"status": "PASSIVE", "quote_volume": 5633536.32, "range_15m_pct": 0.16, "atr_pct": 0.0914, "volume_ratio": 0.0, "spread_pct": 0.0799, "checks": {"quote_volume": true, "range_15m": true, "atr": false, "volume_ratio": false, "spread": true}, "reason": "movement_or_liquidity_below_threshold"}
[ACTIVITY] BBTRY status=PASSIVE metrics={"status": "PASSIVE", "quote_volume": 31781158.27, "range_15m_pct": 0.6691, "atr_pct": 0.4027, "volume_ratio": 0.0051, "spread_pct": 0.2693, "checks": {"quote_volume": true, "range_15m": true, "atr": true, "volume_ratio": false, "spread": true}, "reason": "movement_or_liquidity_below_threshold"}
[ACTIVITY] BCHTRY status=PASSIVE metrics={"status": "PASSIVE", "quote_volume": 632053.5, "range_15m_pct": 0.0, "atr_pct": 0.0409, "volume_ratio": 0.0, "spread_pct": 0.217, "checks": {"quote_volume": false, "range_15m": false, "atr": false, "volume_ratio": false, "spread": true}, "reason": "movement_or_liquidity_below_threshold"}
[ACTIVITY] BEAMXTRY status=PASSIVE metrics={"status": "PASSIVE", "quote_volume": 1097807.2, "range_15m_pct": 0.1563, "atr_pct": 0.1116, "volume_ratio": 8.4142, "spread_pct": 0.313, "checks": {"quote_volume": true, "range_15m": true, "atr": false, "volume_ratio": true, "spread": false}, "reason": "movement_or_liquidity_below_threshold"}
[ACTIVITY] BELTRY status=PASSIVE metrics={"status": "PASSIVE", "quote_volume": 23847927.77, "range_15m_pct": 0.6061, "atr_pct": 0.2016, "volume_ratio": 0.0, "spread_pct": 0.2014, "checks": {"quote_volume": true, "range_15m": true, "atr": true, "volume_ratio": false, "spread": true}, "reason": "movement_or_liquidity_below_threshold"}
[ACTIVITY] BERATRY status=PASSIVE metrics={"status": "PASSIVE", "quote_volume": 12300327.4, "range_15m_pct": 0.4748, "atr_pct": 0.2711, "volume_ratio": 0.1999, "spread_pct": 0.1181, "checks": {"quote_volume": true, "range_15m": true, "atr": true, "volume_ratio": false, "spread": true}, "reason": "movement_or_liquidity_below_threshold"}
[ACTIVITY] BIOTRY status=PASSIVE metrics={"status": "PASSIVE", "quote_volume": 15979238.36, "range_15m_pct": 0.3521, "atr_pct": 0.2639, "volume_ratio": 0.0, "spread_pct": 0.0879, "checks": {"quote_volume": true, "range_15m": true, "atr": true, "volume_ratio": false, "spread": true}, "reason": "movement_or_liquidity_below_threshold"}
[ACTIVITY] BLURTRY status=PASSIVE metrics={"status": "PASSIVE", "quote_volume": 2933153.85, "range_15m_pct": 0.0, "atr_pct": 0.0908, "volume_ratio": 0.0, "spread_pct": 0.3185, "checks": {"quote_volume": true, "range_15m": false, "atr": false, "volume_ratio": false, "spread": false}, "reason": "movement_or_liquidity_below_threshold"}
[ACTIVITY] BMTTRY status=ACTIVE metrics={"status": "ACTIVE", "quote_volume": 260045061.98, "range_15m_pct": 1.2911, "atr_pct": 1.0396, "volume_ratio": 0.5198, "spread_pct": 0.1174, "checks": {"quote_volume": true, "range_15m": true, "atr": true, "volume_ratio": true, "spread": true}, "reason": "active"}
[ACTIVITY] BNBTRY status=PASSIVE metrics={"status": "PASSIVE", "quote_volume": 19739383.33, "range_15m_pct": 0.165, "atr_pct": 0.0797, "volume_ratio": 0.1605, "spread_pct": 0.0103, "checks": {"quote_volume": true, "range_15m": true, "atr": false, "volume_ratio": false, "spread": true}, "reason": "movement_or_liquidity_below_threshold"}
[ACTIVITY] BOMETRY status=PASSIVE metrics={"status": "PASSIVE", "quote_volume": 24910709.28, "range_15m_pct": 0.271, "atr_pct": 0.4949, "volume_ratio": 0.0859, "spread_pct": 0.1081, "checks": {"quote_volume": true, "range_15m": true, "atr": true, "volume_ratio": false, "spread": true}, "reason": "movement_or_liquidity_below_threshold"}
[ACTIVITY] BONKTRY status=PASSIVE metrics={"status": "PASSIVE", "quote_volume": 67852786.26, "range_15m_pct": 0.2801, "atr_pct": 0.2801, "volume_ratio": 0.1915, "spread_pct": 0.0934, "checks": {"quote_volume": true, "range_15m": true, "atr": true, "volume_ratio": false, "spread": true}, "reason": "movement_or_liquidity_below_threshold"}
[ACTIVITY] BREVTRY status=PASSIVE metrics={"status": "PASSIVE", "quote_volume": 363070.82, "range_15m_pct": 0.3058, "atr_pct": 0.0874, "volume_ratio": 0.0, "spread_pct": 0.6116, "checks": {"quote_volume": false, "range_15m": true, "atr": false, "volume_ratio": false, "spread": false}, "reason": "movement_or_liquidity_below_threshold"}
[ACTIVITY] BTCTRY status=PASSIVE metrics={"status": "PASSIVE", "quote_volume": 138044338.13, "range_15m_pct": 0.2153, "atr_pct": 0.0835, "volume_ratio": 0.1795, "spread_pct": 0.0147, "checks": {"quote_volume": true, "range_15m": true, "atr": false, "volume_ratio": false, "spread": true}, "reason": "movement_or_liquidity_below_threshold"}
[ACTIVITY] BTTCTRY status=PASSIVE metrics={"status": "PASSIVE", "quote_volume": 1417661.27, "range_15m_pct": 0.8807, "atr_pct": 0.0681, "volume_ratio": 176.5576, "spread_pct": 0.7974, "checks": {"quote_volume": true, "range_15m": true, "atr": false, "volume_ratio": true, "spread": false}, "reason": "movement_or_liquidity_below_threshold"}
[ACTIVITY] CAKETRY status=PASSIVE metrics={"status": "PASSIVE", "quote_volume": 1285358.67, "range_15m_pct": 0.116, "atr_pct": 0.03, "volume_ratio": 0.0, "spread_pct": 0.1015, "checks": {"quote_volume": true, "range_15m": false, "atr": false, "volume_ratio": false, "spread": true}, "reason": "movement_or_liquidity_below_threshold"}
[ACTIVITY] CATITRY status=PASSIVE metrics={"status": "PASSIVE", "quote_volume": 1430617.27, "range_15m_pct": 0.7878, "atr_pct": 0.0768, "volume_ratio": 0.0, "spread_pct": 0.4916, "checks": {"quote_volume": true, "range_15m": true, "atr": false, "volume_ratio": false, "spread": false}, "reason": "movement_or_liquidity_below_threshold"}
[ACTIVITY] CELOTRY status=PASSIVE metrics={"status": "PASSIVE", "quote_volume": 161361.16, "range_15m_pct": 0.2404, "atr_pct": 0.0955, "volume_ratio": 31.9206, "spread_pct": 0.2402, "checks": {"quote_volume": false, "range_15m": true, "atr": false, "volume_ratio": true, "spread": true}, "reason": "movement_or_liquidity_below_threshold"}
[ACTIVITY] CETUSTRY status=PASSIVE metrics={"status": "PASSIVE", "quote_volume": 4568325.34, "range_15m_pct": 0.4367, "atr_pct": 0.1324, "volume_ratio": 0.0, "spread_pct": 0.4357, "checks": {"quote_volume": true, "range_15m": true, "atr": false, "volume_ratio": false, "spread": false}, "reason": "movement_or_liquidity_below_threshold"}
[ACTIVITY] CFGTRY status=PASSIVE metrics={"status": "PASSIVE", "quote_volume": 3457498.98, "range_15m_pct": 0.2734, "atr_pct": 0.1636, "volume_ratio": 0.0, "spread_pct": 0.0136, "checks": {"quote_volume": true, "range_15m": true, "atr": true, "volume_ratio": false, "spread": true}, "reason": "movement_or_liquidity_below_threshold"}
[ACTIVITY] CFXTRY status=PASSIVE metrics={"status": "PASSIVE", "quote_volume": 2028856.54, "range_15m_pct": 0.1545, "atr_pct": 0.2167, "volume_ratio": 0.2505, "spread_pct": 0.1029, "checks": {"quote_volume": true, "range_15m": true, "atr": true, "volume_ratio": false, "spread": true}, "reason": "movement_or_liquidity_below_threshold"}
[ACTIVITY] CHIPTRY status=PASSIVE metrics={"status": "PASSIVE", "quote_volume": 43452407.89, "range_15m_pct": 1.1339, "atr_pct": 0.2838, "volume_ratio": 0.3511, "spread_pct": 0.1523, "checks": {"quote_volume": true, "range_15m": true, "atr": true, "volume_ratio": false, "spread": true}, "reason": "movement_or_liquidity_below_threshold"}
[ACTIVITY] CHZTRY status=ACTIVE metrics={"status": "ACTIVE", "quote_volume": 28140619.98, "range_15m_pct": 0.5102, "atr_pct": 0.2183, "volume_ratio": 0.7287, "spread_pct": 0.1696, "checks": {"quote_volume": true, "range_15m": true, "atr": true, "volume_ratio": true, "spread": true}, "reason": "active"}
[ACTIVITY] CITYTRY status=PASSIVE metrics={"status": "PASSIVE", "quote_volume": 2183592.42, "range_15m_pct": 0.0, "atr_pct": 0.0415, "volume_ratio": 0.0, "spread_pct": 0.5831, "checks": {"quote_volume": true, "range_15m": false, "atr": false, "volume_ratio": false, "spread": false}, "reason": "movement_or_liquidity_below_threshold"}
[ACTIVITY] CKBTRY status=PASSIVE metrics={"status": "PASSIVE", "quote_volume": 487357.01, "range_15m_pct": 0.5115, "atr_pct": 0.1091, "volume_ratio": 0.0, "spread_pct": 0.5102, "checks": {"quote_volume": false, "range_15m": true, "atr": false, "volume_ratio": false, "spread": false}, "reason": "movement_or_liquidity_below_threshold"}
[ACTIVITY] COMPTRY status=PASSIVE metrics={"status": "PASSIVE", "quote_volume": 132149.38, "range_15m_pct": 0.2611, "atr_pct": 0.0651, "volume_ratio": 0.0, "spread_pct": 0.3909, "checks": {"quote_volume": false, "range_15m": true, "atr": false, "volume_ratio": false, "spread": false}, "reason": "movement_or_liquidity_below_threshold"}
[ACTIVITY] COTITRY status=ACTIVE metrics={"status": "ACTIVE", "quote_volume": 278447132.51, "range_15m_pct": 6.6667, "atr_pct": 2.6467, "volume_ratio": 1.5373, "spread_pct": 0.2888, "checks": {"quote_volume": true, "range_15m": true, "atr": true, "volume_ratio": true, "spread": true}, "reason": "active"}
[ACTIVITY] COWTRY status=PASSIVE metrics={"status": "PASSIVE", "quote_volume": 480990.65, "range_15m_pct": 0.2066, "atr_pct": 0.1031, "volume_ratio": 0.0, "spread_pct": 0.4124, "checks": {"quote_volume": false, "range_15m": true, "atr": false, "volume_ratio": false, "spread": false}, "reason": "movement_or_liquidity_below_threshold"}
[ACTIVITY] CRVTRY status=PASSIVE metrics={"status": "PASSIVE", "quote_volume": 34783767.13, "range_15m_pct": 0.1577, "atr_pct": 0.2533, "volume_ratio": 0.494, "spread_pct": 0.1577, "checks": {"quote_volume": true, "range_15m": true, "atr": true, "volume_ratio": false, "spread": true}, "reason": "movement_or_liquidity_below_threshold"}
[ACTIVITY] CTRY status=PASSIVE metrics={"status": "PASSIVE", "quote_volume": 8640358.38, "range_15m_pct": 0.4089, "atr_pct": 0.1337, "volume_ratio": 0.0007, "spread_pct": 0.2728, "checks": {"quote_volume": true, "range_15m": true, "atr": false, "volume_ratio": false, "spread": true}, "reason": "movement_or_liquidity_below_threshold"}
[ACTIVITY] CYBERTRY status=PASSIVE metrics={"status": "PASSIVE", "quote_volume": 2529052.18, "range_15m_pct": 0.6993, "atr_pct": 0.1998, "volume_ratio": 5.7304, "spread_pct": 0.6969, "checks": {"quote_volume": true, "range_15m": true, "atr": true, "volume_ratio": true, "spread": false}, "reason": "movement_or_liquidity_below_threshold"}
[ACTIVITY] DASHTRY status=PASSIVE metrics={"status": "PASSIVE", "quote_volume": 5736492.39, "range_15m_pct": 0.0, "atr_pct": 0.1097, "volume_ratio": 0.0, "spread_pct": 0.139, "checks": {"quote_volume": true, "range_15m": false, "atr": false, "volume_ratio": false, "spread": true}, "reason": "movement_or_liquidity_below_threshold"}
[ACTIVITY] DODOTRY status=ACTIVE metrics={"status": "ACTIVE", "quote_volume": 312384515.24, "range_15m_pct": 2.0172, "atr_pct": 0.8126, "volume_ratio": 2.8542, "spread_pct": 0.287, "checks": {"quote_volume": true, "range_15m": true, "atr": true, "volume_ratio": true, "spread": true}, "reason": "active"}
[ACTIVITY] DOGETRY status=PASSIVE metrics={"status": "PASSIVE", "quote_volume": 65624833.86, "range_15m_pct": 0.6035, "atr_pct": 0.2749, "volume_ratio": 0.0004, "spread_pct": 0.0601, "checks": {"quote_volume": true, "range_15m": true, "atr": true, "volume_ratio": false, "spread": true}, "reason": "movement_or_liquidity_below_threshold"}
[ACTIVITY] DOGSTRY status=PASSIVE metrics={"status": "PASSIVE", "quote_volume": 2486023.45, "range_15m_pct": 0.3641, "atr_pct": 0.1425, "volume_ratio": 0.0174, "spread_pct": 0.1815, "checks": {"quote_volume": true, "range_15m": true, "atr": false, "volume_ratio": false, "spread": true}, "reason": "movement_or_liquidity_below_threshold"}
[ACTIVITY] DOLOTRY status=PASSIVE metrics={"status": "PASSIVE", "quote_volume": 4643378.02, "range_15m_pct": 0.0, "atr_pct": 0.0533, "volume_ratio": 0.0, "spread_pct": 0.2795, "checks": {"quote_volume": true, "range_15m": false, "atr": false, "volume_ratio": false, "spread": true}, "reason": "movement_or_liquidity_below_threshold"}
[ACTIVITY] DOTTRY status=PASSIVE metrics={"status": "PASSIVE", "quote_volume": 3040650.65, "range_15m_pct": 0.2703, "atr_pct": 0.154, "volume_ratio": 0.0042, "spread_pct": 0.2699, "checks": {"quote_volume": true, "range_15m": true, "atr": true, "volume_ratio": false, "spread": true}, "reason": "movement_or_liquidity_below_threshold"}
[ACTIVITY] DYDXTRY status=PASSIVE metrics={"status": "PASSIVE", "quote_volume": 1909523.27, "range_15m_pct": 0.1141, "atr_pct": 0.0597, "volume_ratio": 0.0147, "spread_pct": 0.1331, "checks": {"quote_volume": true, "range_15m": false, "atr": false, "volume_ratio": false, "spread": true}, "reason": "movement_or_liquidity_below_threshold"}
[ACTIVITY] DYMTRY status=PASSIVE metrics={"status": "PASSIVE", "quote_volume": 6464741.16, "range_15m_pct": 0.5336, "atr_pct": 0.1464, "volume_ratio": 0.0, "spread_pct": 0.1921, "checks": {"quote_volume": true, "range_15m": true, "atr": false, "volume_ratio": false, "spread": true}, "reason": "movement_or_liquidity_below_threshold"}
[ACTIVITY] EDENTRY status=ACTIVE metrics={"status": "ACTIVE", "quote_volume": 25680217.8, "range_15m_pct": 1.4679, "atr_pct": 0.4456, "volume_ratio": 1.6726, "spread_pct": 0.1838, "checks": {"quote_volume": true, "range_15m": true, "atr": true, "volume_ratio": true, "spread": true}, "reason": "active"}
[ACTIVITY] EDUTRY status=PASSIVE metrics={"status": "PASSIVE", "quote_volume": 29633056.62, "range_15m_pct": 0.5319, "atr_pct": 0.19, "volume_ratio": 5.6285, "spread_pct": 0.5305, "checks": {"quote_volume": true, "range_15m": true, "atr": true, "volume_ratio": true, "spread": false}, "reason": "movement_or_liquidity_below_threshold"}
[ACTIVITY] EGLDTRY status=PASSIVE metrics={"status": "PASSIVE", "quote_volume": 1435089.9, "range_15m_pct": 0.1595, "atr_pct": 0.0796, "volume_ratio": 1.6604, "spread_pct": 0.1595, "checks": {"quote_volume": true, "range_15m": true, "atr": false, "volume_ratio": true, "spread": true}, "reason": "movement_or_liquidity_below_threshold"}
[ACTIVITY] EIGENTRY status=PASSIVE metrics={"status": "PASSIVE", "quote_volume": 28212446.43, "range_15m_pct": 0.5598, "atr_pct": 0.4022, "volume_ratio": 0.0857, "spread_pct": 0.0621, "checks": {"quote_volume": true, "range_15m": true, "atr": true, "volume_ratio": false, "spread": true}, "reason": "movement_or_liquidity_below_threshold"}
[ACTIVITY] ENATRY status=PASSIVE metrics={"status": "PASSIVE", "quote_volume": 57188007.35, "range_15m_pct": 0.4163, "atr_pct": 0.2508, "volume_ratio": 0.0104, "spread_pct": 0.0732, "checks": {"quote_volume": true, "range_15m": true, "atr": true, "volume_ratio": false, "spread": true}, "reason": "movement_or_liquidity_below_threshold"}
[ACTIVITY] ENJTRY status=PASSIVE metrics={"status": "PASSIVE", "quote_volume": 12269305.16, "range_15m_pct": 0.0, "atr_pct": 0.194, "volume_ratio": 0.0, "spread_pct": 0.4225, "checks": {"quote_volume": true, "range_15m": false, "atr": true, "volume_ratio": false, "spread": false}, "reason": "movement_or_liquidity_below_threshold"}
[ACTIVITY] ENSOTRY status=PASSIVE metrics={"status": "PASSIVE", "quote_volume": 8847973.26, "range_15m_pct": 0.4505, "atr_pct": 0.1931, "volume_ratio": 0.0224, "spread_pct": 0.225, "checks": {"quote_volume": true, "range_15m": true, "atr": true, "volume_ratio": false, "spread": true}, "reason": "movement_or_liquidity_below_threshold"}
[ACTIVITY] ENSTRY status=PASSIVE metrics={"status": "PASSIVE", "quote_volume": 3069913.94, "range_15m_pct": 0.2068, "atr_pct": 0.1622, "volume_ratio": 0.0086, "spread_pct": 0.2066, "checks": {"quote_volume": true, "range_15m": true, "atr": true, "volume_ratio": false, "spread": true}, "reason": "movement_or_liquidity_below_threshold"}
[ACTIVITY] ERATRY status=PASSIVE metrics={"status": "PASSIVE", "quote_volume": 5369333.0, "range_15m_pct": 0.33, "atr_pct": 0.1179, "volume_ratio": 11.0715, "spread_pct": 0.6579, "checks": {"quote_volume": true, "range_15m": true, "atr": false, "volume_ratio": true, "spread": false}, "reason": "movement_or_liquidity_below_threshold"}
[ACTIVITY] ESPTRY status=PASSIVE metrics={"status": "PASSIVE", "quote_volume": 33380957.8, "range_15m_pct": 0.3542, "atr_pct": 0.2403, "volume_ratio": 0.0006, "spread_pct": 0.1183, "checks": {"quote_volume": true, "range_15m": true, "atr": true, "volume_ratio": false, "spread": true}, "reason": "movement_or_liquidity_below_threshold"}
[ACTIVITY] ETCTRY status=PASSIVE metrics={"status": "PASSIVE", "quote_volume": 257666.3, "range_15m_pct": 0.1005, "atr_pct": 0.1317, "volume_ratio": 0.0, "spread_pct": 0.1004, "checks": {"quote_volume": false, "range_15m": false, "atr": false, "volume_ratio": false, "spread": true}, "reason": "movement_or_liquidity_below_threshold"}
[ACTIVITY] ETHFITRY status=PASSIVE metrics={"status": "PASSIVE", "quote_volume": 26619347.62, "range_15m_pct": 0.1682, "atr_pct": 0.2238, "volume_ratio": 0.002, "spread_pct": 0.1121, "checks": {"quote_volume": true, "range_15m": true, "atr": true, "volume_ratio": false, "spread": true}, "reason": "movement_or_liquidity_below_threshold"}
[ACTIVITY] ETHTRY status=PASSIVE metrics={"status": "PASSIVE", "quote_volume": 214874760.99, "range_15m_pct": 0.326, "atr_pct": 0.1395, "volume_ratio": 0.6603, "spread_pct": 0.0312, "checks": {"quote_volume": true, "range_15m": true, "atr": false, "volume_ratio": true, "spread": true}, "reason": "movement_or_liquidity_below_threshold"}
[ACTIVITY] EULTRY status=PASSIVE metrics={"status": "PASSIVE", "quote_volume": 34633892.32, "range_15m_pct": 1.4363, "atr_pct": 0.4352, "volume_ratio": 0.1335, "spread_pct": 0.1787, "checks": {"quote_volume": true, "range_15m": true, "atr": true, "volume_ratio": false, "spread": true}, "reason": "movement_or_liquidity_below_threshold"}
[ACTIVITY] FDUSDTRY status=PASSIVE metrics={"status": "PASSIVE", "quote_volume": 7320133.21, "range_15m_pct": 0.021, "atr_pct": 0.012, "volume_ratio": 0.0, "spread_pct": 0.021, "checks": {"quote_volume": true, "range_15m": false, "atr": false, "volume_ratio": false, "spread": true}, "reason": "movement_or_liquidity_below_threshold"}
[ACTIVITY] FETTRY status=PASSIVE metrics={"status": "PASSIVE", "quote_volume": 24264313.56, "range_15m_pct": 0.4732, "atr_pct": 0.1797, "volume_ratio": 0.4111, "spread_pct": 0.1571, "checks": {"quote_volume": true, "range_15m": true, "atr": true, "volume_ratio": false, "spread": true}, "reason": "movement_or_liquidity_below_threshold"}
[ACTIVITY] FFTRY status=PASSIVE metrics={"status": "PASSIVE", "quote_volume": 1746254.38, "range_15m_pct": 0.0, "atr_pct": 0.0116, "volume_ratio": 0.0, "spread_pct": 0.0652, "checks": {"quote_volume": true, "range_15m": false, "atr": false, "volume_ratio": false, "spread": true}, "reason": "movement_or_liquidity_below_threshold"}
[ACTIVITY] FIDATRY status=PASSIVE metrics={"status": "PASSIVE", "quote_volume": 7348992.14, "range_15m_pct": 0.2395, "atr_pct": 0.1027, "volume_ratio": 0.138, "spread_pct": 0.1197, "checks": {"quote_volume": true, "range_15m": true, "atr": false, "volume_ratio": false, "spread": true}, "reason": "movement_or_liquidity_below_threshold"}
[ACTIVITY] FILTRY status=ACTIVE metrics={"status": "ACTIVE", "quote_volume": 4920392.96, "range_15m_pct": 0.5283, "atr_pct": 0.5661, "volume_ratio": 4.401, "spread_pct": 0.2166, "checks": {"quote_volume": true, "range_15m": true, "atr": true, "volume_ratio": true, "spread": true}, "reason": "active"}
[ACTIVITY] FLOKITRY status=PASSIVE metrics={"status": "PASSIVE", "quote_volume": 13729794.43, "range_15m_pct": 0.1032, "atr_pct": 0.1473, "volume_ratio": 0.0, "spread_pct": 0.1031, "checks": {"quote_volume": true, "range_15m": false, "atr": false, "volume_ratio": false, "spread": true}, "reason": "movement_or_liquidity_below_threshold"}
[ACTIVITY] FOGOTRY status=PASSIVE metrics={"status": "PASSIVE", "quote_volume": 3425077.32, "range_15m_pct": 0.2415, "atr_pct": 0.1208, "volume_ratio": 0.0695, "spread_pct": 0.2418, "checks": {"quote_volume": true, "range_15m": true, "atr": false, "volume_ratio": false, "spread": true}, "reason": "movement_or_liquidity_below_threshold"}
[ACTIVITY] FORMTRY status=ACTIVE metrics={"status": "ACTIVE", "quote_volume": 7731909.59, "range_15m_pct": 0.2893, "atr_pct": 0.22, "volume_ratio": 8.94, "spread_pct": 0.1923, "checks": {"quote_volume": true, "range_15m": true, "atr": true, "volume_ratio": true, "spread": true}, "reason": "active"}
[ACTIVITY] FTRY status=PASSIVE metrics={"status": "PASSIVE", "quote_volume": 3714500.11, "range_15m_pct": 0.4566, "atr_pct": 0.2056, "volume_ratio": 3.0829, "spread_pct": 0.3786, "checks": {"quote_volume": true, "range_15m": true, "atr": true, "volume_ratio": true, "spread": false}, "reason": "movement_or_liquidity_below_threshold"}
[ACTIVITY] GALATRY status=PASSIVE metrics={"status": "PASSIVE", "quote_volume": 13460785.38, "range_15m_pct": 0.0, "atr_pct": 0.3626, "volume_ratio": 0.0, "spread_pct": 0.1271, "checks": {"quote_volume": true, "range_15m": false, "atr": true, "volume_ratio": false, "spread": true}, "reason": "movement_or_liquidity_below_threshold"}
[ACTIVITY] GASTRY status=PASSIVE metrics={"status": "PASSIVE", "quote_volume": 362299.41, "range_15m_pct": 0.0, "atr_pct": 0.0817, "volume_ratio": 0.0, "spread_pct": 0.6857, "checks": {"quote_volume": false, "range_15m": false, "atr": false, "volume_ratio": false, "spread": false}, "reason": "movement_or_liquidity_below_threshold"}
[ACTIVITY] GENIUSTRY status=PASSIVE metrics={"status": "PASSIVE", "quote_volume": 16307903.85, "range_15m_pct": 1.3319, "atr_pct": 0.3245, "volume_ratio": 0.3143, "spread_pct": 0.1671, "checks": {"quote_volume": true, "range_15m": true, "atr": true, "volume_ratio": false, "spread": true}, "reason": "movement_or_liquidity_below_threshold"}
[ACTIVITY] GIGGLETRY status=PASSIVE metrics={"status": "PASSIVE", "quote_volume": 82821543.65, "range_15m_pct": 0.4802, "atr_pct": 0.3208, "volume_ratio": 0.092, "spread_pct": 0.1198, "checks": {"quote_volume": true, "range_15m": true, "atr": true, "volume_ratio": false, "spread": true}, "reason": "movement_or_liquidity_below_threshold"}
[ACTIVITY] GMTTRY status=PASSIVE metrics={"status": "PASSIVE", "quote_volume": 933514.33, "range_15m_pct": 0.3226, "atr_pct": 0.1148, "volume_ratio": 5.8142, "spread_pct": 0.3221, "checks": {"quote_volume": false, "range_15m": true, "atr": false, "volume_ratio": true, "spread": false}, "reason": "movement_or_liquidity_below_threshold"}
[ACTIVITY] GPSTRY status=PASSIVE metrics={"status": "PASSIVE", "quote_volume": 7283351.16, "range_15m_pct": 0.0, "atr_pct": 0.1416, "volume_ratio": 0.0, "spread_pct": 0.4396, "checks": {"quote_volume": true, "range_15m": false, "atr": false, "volume_ratio": false, "spread": false}, "reason": "movement_or_liquidity_below_threshold"}
[ACTIVITY] GRAMTRY status=PASSIVE metrics={"status": "PASSIVE", "quote_volume": 19184953.36, "range_15m_pct": 0.6219, "atr_pct": 0.1953, "volume_ratio": 0.3593, "spread_pct": 0.0309, "checks": {"quote_volume": true, "range_15m": true, "atr": true, "volume_ratio": false, "spread": true}, "reason": "movement_or_liquidity_below_threshold"}
[ACTIVITY] GRTTRY status=PASSIVE metrics={"status": "PASSIVE", "quote_volume": 4154983.47, "range_15m_pct": 0.471, "atr_pct": 0.3125, "volume_ratio": 0.1259, "spread_pct": 0.1564, "checks": {"quote_volume": true, "range_15m": true, "atr": true, "volume_ratio": false, "spread": true}, "reason": "movement_or_liquidity_below_threshold"}
[ACTIVITY] GTRY status=PASSIVE metrics={"status": "PASSIVE", "quote_volume": 3050907.69, "range_15m_pct": 0.0, "atr_pct": 0.042, "volume_ratio": 0.0, "spread_pct": 0.59, "checks": {"quote_volume": true, "range_15m": false, "atr": false, "volume_ratio": false, "spread": false}, "reason": "movement_or_liquidity_below_threshold"}
[ACTIVITY] GUNTRY status=PASSIVE metrics={"status": "PASSIVE", "quote_volume": 29129715.83, "range_15m_pct": 0.6757, "atr_pct": 0.2413, "volume_ratio": 1.4973, "spread_pct": 0.6734, "checks": {"quote_volume": true, "range_15m": true, "atr": true, "volume_ratio": true, "spread": false}, "reason": "movement_or_liquidity_below_threshold"}
[ACTIVITY] HAEDALTRY status=PASSIVE metrics={"status": "PASSIVE", "quote_volume": 5058382.49, "range_15m_pct": 0.0, "atr_pct": 0.1465, "volume_ratio": 0.0, "spread_pct": 0.128, "checks": {"quote_volume": true, "range_15m": false, "atr": false, "volume_ratio": false, "spread": true}, "reason": "movement_or_liquidity_below_threshold"}
[ACTIVITY] HBARTRY status=PASSIVE metrics={"status": "PASSIVE", "quote_volume": 2740248.08, "range_15m_pct": 0.0319, "atr_pct": 0.0798, "volume_ratio": 0.0, "spread_pct": 0.0318, "checks": {"quote_volume": true, "range_15m": false, "atr": false, "volume_ratio": false, "spread": true}, "reason": "movement_or_liquidity_below_threshold"}
[ACTIVITY] HEITRY status=PASSIVE metrics={"status": "PASSIVE", "quote_volume": 237852679.01, "range_15m_pct": 0.6627, "atr_pct": 0.5733, "volume_ratio": 0.3741, "spread_pct": 0.1102, "checks": {"quote_volume": true, "range_15m": true, "atr": true, "volume_ratio": false, "spread": true}, "reason": "movement_or_liquidity_below_threshold"}
[ACTIVITY] HEMITRY status=ACTIVE metrics={"status": "ACTIVE", "quote_volume": 22202704.56, "range_15m_pct": 0.4919, "atr_pct": 0.3218, "volume_ratio": 4.7311, "spread_pct": 0.1338, "checks": {"quote_volume": true, "range_15m": true, "atr": true, "volume_ratio": true, "spread": true}, "reason": "active"}
[ACTIVITY] HIVETRY status=PASSIVE metrics={"status": "PASSIVE", "quote_volume": 625139.08, "range_15m_pct": 0.0, "atr_pct": 0.0378, "volume_ratio": 0.0, "spread_pct": 0.5305, "checks": {"quote_volume": false, "range_15m": false, "atr": false, "volume_ratio": false, "spread": false}, "reason": "movement_or_liquidity_below_threshold"}
[ACTIVITY] HMSTRTRY status=PASSIVE metrics={"status": "PASSIVE", "quote_volume": 32284558.31, "range_15m_pct": 0.5924, "atr_pct": 0.3208, "volume_ratio": 0.0, "spread_pct": 0.2361, "checks": {"quote_volume": true, "range_15m": true, "atr": true, "volume_ratio": false, "spread": true}, "reason": "movement_or_liquidity_below_threshold"}
[ACTIVITY] HOLOTRY status=ACTIVE metrics={"status": "ACTIVE", "quote_volume": 482458057.28, "range_15m_pct": 1.2798, "atr_pct": 0.5527, "volume_ratio": 0.5014, "spread_pct": 0.2066, "checks": {"quote_volume": true, "range_15m": true, "atr": true, "volume_ratio": true, "spread": true}, "reason": "active"}
[ACTIVITY] HOMETRY status=ACTIVE metrics={"status": "ACTIVE", "quote_volume": 115552583.04, "range_15m_pct": 0.4673, "atr_pct": 0.3672, "volume_ratio": 1.2229, "spread_pct": 0.2334, "checks": {"quote_volume": true, "range_15m": true, "atr": true, "volume_ratio": true, "spread": true}, "reason": "active"}
[ACTIVITY] HOTTRY status=PASSIVE metrics={"status": "PASSIVE", "quote_volume": 5458631.77, "range_15m_pct": 0.0642, "atr_pct": 0.1192, "volume_ratio": 0.7684, "spread_pct": 0.0642, "checks": {"quote_volume": true, "range_15m": false, "atr": false, "volume_ratio": true, "spread": true}, "reason": "movement_or_liquidity_below_threshold"}
[ACTIVITY] HUMATRY status=PASSIVE metrics={"status": "PASSIVE", "quote_volume": 3027905.79, "range_15m_pct": 0.1055, "atr_pct": 0.1959, "volume_ratio": 0.0371, "spread_pct": 0.2112, "checks": {"quote_volume": true, "range_15m": false, "atr": true, "volume_ratio": false, "spread": true}, "reason": "movement_or_liquidity_below_threshold"}
[ACTIVITY] HYPERTRY status=PASSIVE metrics={"status": "PASSIVE", "quote_volume": 17405420.06, "range_15m_pct": 0.3311, "atr_pct": 0.0237, "volume_ratio": 27.4128, "spread_pct": 0.3306, "checks": {"quote_volume": true, "range_15m": true, "atr": false, "volume_ratio": true, "spread": false}, "reason": "movement_or_liquidity_below_threshold"}
[ACTIVITY] ICPTRY status=PASSIVE metrics={"status": "PASSIVE", "quote_volume": 3585569.18, "range_15m_pct": 0.291, "atr_pct": 0.1039, "volume_ratio": 0.0819, "spread_pct": 0.2911, "checks": {"quote_volume": true, "range_15m": true, "atr": false, "volume_ratio": false, "spread": true}, "reason": "movement_or_liquidity_below_threshold"}
[ACTIVITY] IDTRY status=PASSIVE metrics={"status": "PASSIVE", "quote_volume": 13713787.11, "range_15m_pct": 0.0, "atr_pct": 0.1172, "volume_ratio": 0.0, "spread_pct": 0.4478, "checks": {"quote_volume": true, "range_15m": false, "atr": false, "volume_ratio": false, "spread": false}, "reason": "movement_or_liquidity_below_threshold"}
[ACTIVITY] INITTRY status=PASSIVE metrics={"status": "PASSIVE", "quote_volume": 607550.13, "range_15m_pct": 0.0, "atr_pct": 0.0583, "volume_ratio": 0.0, "spread_pct": 0.4073, "checks": {"quote_volume": false, "range_15m": false, "atr": false, "volume_ratio": false, "spread": false}, "reason": "movement_or_liquidity_below_threshold"}
[ACTIVITY] INJTRY status=PASSIVE metrics={"status": "PASSIVE", "quote_volume": 22609651.72, "range_15m_pct": 0.1361, "atr_pct": 0.1456, "volume_ratio": 0.0, "spread_pct": 0.0906, "checks": {"quote_volume": true, "range_15m": false, "atr": false, "volume_ratio": false, "spread": true}, "reason": "movement_or_liquidity_below_threshold"}
[ACTIVITY] IOTATRY status=PASSIVE metrics={"status": "PASSIVE", "quote_volume": 3283961.87, "range_15m_pct": 0.0, "atr_pct": 0.0745, "volume_ratio": 0.0, "spread_pct": 0.6742, "checks": {"quote_volume": true, "range_15m": false, "atr": false, "volume_ratio": false, "spread": false}, "reason": "movement_or_liquidity_below_threshold"}
[ACTIVITY] IOTRY status=ACTIVE metrics={"status": "ACTIVE", "quote_volume": 5040353.12, "range_15m_pct": 1.0954, "atr_pct": 0.6038, "volume_ratio": 3.9735, "spread_pct": 0.2628, "checks": {"quote_volume": true, "range_15m": true, "atr": true, "volume_ratio": true, "spread": true}, "reason": "active"}
[ACTIVITY] JASMYTRY status=PASSIVE metrics={"status": "PASSIVE", "quote_volume": 2760965.01, "range_15m_pct": 0.5263, "atr_pct": 0.2618, "volume_ratio": 0.0, "spread_pct": 0.5249, "checks": {"quote_volume": true, "range_15m": true, "atr": true, "volume_ratio": false, "spread": false}, "reason": "movement_or_liquidity_below_threshold"}
[ACTIVITY] JTOTRY status=PASSIVE metrics={"status": "PASSIVE", "quote_volume": 10462905.34, "range_15m_pct": 0.3408, "atr_pct": 0.1833, "volume_ratio": 0.0026, "spread_pct": 0.0756, "checks": {"quote_volume": true, "range_15m": true, "atr": true, "volume_ratio": false, "spread": true}, "reason": "movement_or_liquidity_below_threshold"}
[ACTIVITY] JUPTRY status=PASSIVE metrics={"status": "PASSIVE", "quote_volume": 1259863.7, "range_15m_pct": 0.9913, "atr_pct": 0.1665, "volume_ratio": 0.0734, "spread_pct": 0.7389, "checks": {"quote_volume": true, "range_15m": true, "atr": true, "volume_ratio": false, "spread": false}, "reason": "movement_or_liquidity_below_threshold"}
[ACTIVITY] JUVTRY status=PASSIVE metrics={"status": "PASSIVE", "quote_volume": 4681704.84, "range_15m_pct": 0.0687, "atr_pct": 0.0687, "volume_ratio": 1.744, "spread_pct": 0.4819, "checks": {"quote_volume": true, "range_15m": false, "atr": false, "volume_ratio": true, "spread": false}, "reason": "movement_or_liquidity_below_threshold"}
[ACTIVITY] KAITOTRY status=ACTIVE metrics={"status": "ACTIVE", "quote_volume": 121537956.58, "range_15m_pct": 1.1305, "atr_pct": 0.755, "volume_ratio": 0.7644, "spread_pct": 0.1373, "checks": {"quote_volume": true, "range_15m": true, "atr": true, "volume_ratio": true, "spread": true}, "reason": "active"}
[ACTIVITY] KATTRY status=PASSIVE metrics={"status": "PASSIVE", "quote_volume": 5457375.71, "range_15m_pct": 0.0951, "atr_pct": 0.1494, "volume_ratio": 0.0, "spread_pct": 0.1899, "checks": {"quote_volume": true, "range_15m": false, "atr": false, "volume_ratio": false, "spread": true}, "reason": "movement_or_liquidity_below_threshold"}
[ACTIVITY] KERNELTRY status=PASSIVE metrics={"status": "PASSIVE", "quote_volume": 6871488.63, "range_15m_pct": 0.0, "atr_pct": 0.0, "volume_ratio": 0.0, "spread_pct": 1.1628, "checks": {"quote_volume": true, "range_15m": false, "atr": false, "volume_ratio": false, "spread": false}, "reason": "movement_or_liquidity_below_threshold"}
[ACTIVITY] KITETRY status=PASSIVE metrics={"status": "PASSIVE", "quote_volume": 5603622.04, "range_15m_pct": 0.0, "atr_pct": 0.1708, "volume_ratio": 0.0, "spread_pct": 0.1231, "checks": {"quote_volume": true, "range_15m": false, "atr": true, "volume_ratio": false, "spread": true}, "reason": "movement_or_liquidity_below_threshold"}
[ACTIVITY] KSMTRY status=PASSIVE metrics={"status": "PASSIVE", "quote_volume": 443258.6, "range_15m_pct": 0.0, "atr_pct": 0.2588, "volume_ratio": 0.0, "spread_pct": 0.7273, "checks": {"quote_volume": false, "range_15m": false, "atr": true, "volume_ratio": false, "spread": false}, "reason": "movement_or_liquidity_below_threshold"}
[ACTIVITY] LATRY status=PASSIVE metrics={"status": "PASSIVE", "quote_volume": 15489557.37, "range_15m_pct": 0.0, "atr_pct": 0.2155, "volume_ratio": 0.0, "spread_pct": 0.432, "checks": {"quote_volume": true, "range_15m": false, "atr": true, "volume_ratio": false, "spread": false}, "reason": "movement_or_liquidity_below_threshold"}
[ACTIVITY] LAYERTRY status=PASSIVE metrics={"status": "PASSIVE", "quote_volume": 10823143.11, "range_15m_pct": 0.7194, "atr_pct": 0.1786, "volume_ratio": 0.0109, "spread_pct": 0.7168, "checks": {"quote_volume": true, "range_15m": true, "atr": true, "volume_ratio": false, "spread": false}, "reason": "movement_or_liquidity_below_threshold"}
[ACTIVITY] LAZIOTRY status=PASSIVE metrics={"status": "PASSIVE", "quote_volume": 2488710.86, "range_15m_pct": 0.0, "atr_pct": 0.0997, "volume_ratio": 0.0, "spread_pct": 0.6661, "checks": {"quote_volume": true, "range_15m": false, "atr": false, "volume_ratio": false, "spread": false}, "reason": "movement_or_liquidity_below_threshold"}
[ACTIVITY] LDOTRY status=ACTIVE metrics={"status": "ACTIVE", "quote_volume": 11827044.28, "range_15m_pct": 0.2924, "atr_pct": 0.235, "volume_ratio": 2.267, "spread_pct": 0.073, "checks": {"quote_volume": true, "range_15m": true, "atr": true, "volume_ratio": true, "spread": true}, "reason": "active"}
[ACTIVITY] LINEATRY status=PASSIVE metrics={"status": "PASSIVE", "quote_volume": 1666314.41, "range_15m_pct": 0.0984, "atr_pct": 0.1405, "volume_ratio": 0.0889, "spread_pct": 0.0983, "checks": {"quote_volume": true, "range_15m": false, "atr": false, "volume_ratio": false, "spread": true}, "reason": "movement_or_liquidity_below_threshold"}
[ACTIVITY] LINKTRY status=ACTIVE metrics={"status": "ACTIVE", "quote_volume": 14930381.13, "range_15m_pct": 0.2421, "atr_pct": 0.1882, "volume_ratio": 0.5831, "spread_pct": 0.0242, "checks": {"quote_volume": true, "range_15m": true, "atr": true, "volume_ratio": true, "spread": true}, "reason": "active"}
[ACTIVITY] LISTATRY status=PASSIVE metrics={"status": "PASSIVE", "quote_volume": 9776654.69, "range_15m_pct": 0.3155, "atr_pct": 0.3155, "volume_ratio": 0.5229, "spread_pct": 0.315, "checks": {"quote_volume": true, "range_15m": true, "atr": true, "volume_ratio": true, "spread": false}, "reason": "movement_or_liquidity_below_threshold"}
[ACTIVITY] LPTTRY status=PASSIVE metrics={"status": "PASSIVE", "quote_volume": 2124244.64, "range_15m_pct": 0.0, "atr_pct": 0.3407, "volume_ratio": 0.0, "spread_pct": 0.3527, "checks": {"quote_volume": true, "range_15m": false, "atr": true, "volume_ratio": false, "spread": false}, "reason": "movement_or_liquidity_below_threshold"}
[ACTIVITY] LTCTRY status=PASSIVE metrics={"status": "PASSIVE", "quote_volume": 2429411.66, "range_15m_pct": 0.0468, "atr_pct": 0.0301, "volume_ratio": 0.0, "spread_pct": 0.0934, "checks": {"quote_volume": true, "range_15m": false, "atr": false, "volume_ratio": false, "spread": true}, "reason": "movement_or_liquidity_below_threshold"}
[ACTIVITY] LUMIATRY status=PASSIVE metrics={"status": "PASSIVE", "quote_volume": 2558129.21, "range_15m_pct": 0.1979, "atr_pct": 0.1575, "volume_ratio": 0.0, "spread_pct": 0.3662, "checks": {"quote_volume": true, "range_15m": true, "atr": true, "volume_ratio": false, "spread": false}, "reason": "movement_or_liquidity_below_threshold"}
[ACTIVITY] LUNATRY status=PASSIVE metrics={"status": "PASSIVE", "quote_volume": 153208813.49, "range_15m_pct": 0.4878, "atr_pct": 0.3367, "volume_ratio": 0.0153, "spread_pct": 0.0971, "checks": {"quote_volume": true, "range_15m": true, "atr": true, "volume_ratio": false, "spread": true}, "reason": "movement_or_liquidity_below_threshold"}
[ACTIVITY] LUNCTRY status=PASSIVE metrics={"status": "PASSIVE", "quote_volume": 59663903.17, "range_15m_pct": 0.2127, "atr_pct": 0.191, "volume_ratio": 0.194, "spread_pct": 0.085, "checks": {"quote_volume": true, "range_15m": true, "atr": true, "volume_ratio": false, "spread": true}, "reason": "movement_or_liquidity_below_threshold"}
[ACTIVITY] MAGICTRY status=PASSIVE metrics={"status": "PASSIVE", "quote_volume": 3167027.17, "range_15m_pct": 1.0695, "atr_pct": 0.189, "volume_ratio": 0.0, "spread_pct": 0.5305, "checks": {"quote_volume": true, "range_15m": true, "atr": true, "volume_ratio": false, "spread": false}, "reason": "movement_or_liquidity_below_threshold"}
[ACTIVITY] MANATRY status=PASSIVE metrics={"status": "PASSIVE", "quote_volume": 789643.53, "range_15m_pct": 0.9804, "atr_pct": 0.1623, "volume_ratio": 0.5371, "spread_pct": 0.3252, "checks": {"quote_volume": false, "range_15m": true, "atr": true, "volume_ratio": true, "spread": false}, "reason": "movement_or_liquidity_below_threshold"}
[ACTIVITY] MANTATRY status=PASSIVE metrics={"status": "PASSIVE", "quote_volume": 809050.66, "range_15m_pct": 0.0, "atr_pct": 0.1099, "volume_ratio": 0.0, "spread_pct": 0.1097, "checks": {"quote_volume": false, "range_15m": false, "atr": false, "volume_ratio": false, "spread": true}, "reason": "movement_or_liquidity_below_threshold"}
[ACTIVITY] MANTRATRY status=PASSIVE metrics={"status": "PASSIVE", "quote_volume": 6903107.01, "range_15m_pct": 0.5319, "atr_pct": 0.125, "volume_ratio": 0.533, "spread_pct": 0.1629, "checks": {"quote_volume": true, "range_15m": true, "atr": false, "volume_ratio": true, "spread": true}, "reason": "movement_or_liquidity_below_threshold"}
[ACTIVITY] MASKTRY status=PASSIVE metrics={"status": "PASSIVE", "quote_volume": 462616.5, "range_15m_pct": 0.0, "atr_pct": 0.0853, "volume_ratio": 0.0, "spread_pct": 0.1791, "checks": {"quote_volume": false, "range_15m": false, "atr": false, "volume_ratio": false, "spread": true}, "reason": "movement_or_liquidity_below_threshold"}
[ACTIVITY] MAVTRY status=PASSIVE metrics={"status": "PASSIVE", "quote_volume": 13519725.8, "range_15m_pct": 2.439, "atr_pct": 1.0453, "volume_ratio": 0.0317, "spread_pct": 2.4096, "checks": {"quote_volume": true, "range_15m": true, "atr": true, "volume_ratio": false, "spread": false}, "reason": "movement_or_liquidity_below_threshold"}
[ACTIVITY] MEGATRY status=ACTIVE metrics={"status": "ACTIVE", "quote_volume": 12320215.89, "range_15m_pct": 0.5089, "atr_pct": 0.1899, "volume_ratio": 0.7571, "spread_pct": 0.254, "checks": {"quote_volume": true, "range_15m": true, "atr": true, "volume_ratio": true, "spread": true}, "reason": "active"}
[ACTIVITY] MEMETRY status=PASSIVE metrics={"status": "PASSIVE", "quote_volume": 4541978.92, "range_15m_pct": 0.0, "atr_pct": 0.2452, "volume_ratio": 0.0, "spread_pct": 0.4283, "checks": {"quote_volume": true, "range_15m": false, "atr": true, "volume_ratio": false, "spread": false}, "reason": "movement_or_liquidity_below_threshold"}
[ACTIVITY] METISTRY status=PASSIVE metrics={"status": "PASSIVE", "quote_volume": 967531.45, "range_15m_pct": 0.0, "atr_pct": 0.0616, "volume_ratio": 0.0, "spread_pct": 0.8658, "checks": {"quote_volume": false, "range_15m": false, "atr": false, "volume_ratio": false, "spread": false}, "reason": "movement_or_liquidity_below_threshold"}
[ACTIVITY] METRY status=ACTIVE metrics={"status": "ACTIVE", "quote_volume": 8264773.56, "range_15m_pct": 2.2007, "atr_pct": 0.5429, "volume_ratio": 11.9539, "spread_pct": 0.1997, "checks": {"quote_volume": true, "range_15m": true, "atr": true, "volume_ratio": true, "spread": true}, "reason": "active"}
[ACTIVITY] METTRY status=PASSIVE metrics={"status": "PASSIVE", "quote_volume": 3068880.39, "range_15m_pct": 0.0, "atr_pct": 0.0855, "volume_ratio": 0.0, "spread_pct": 0.5305, "checks": {"quote_volume": true, "range_15m": false, "atr": false, "volume_ratio": false, "spread": false}, "reason": "movement_or_liquidity_below_threshold"}
[ACTIVITY] MINATRY status=PASSIVE metrics={"status": "PASSIVE", "quote_volume": 3160438.46, "range_15m_pct": 0.0, "atr_pct": 0.1579, "volume_ratio": 0.0, "spread_pct": 0.551, "checks": {"quote_volume": true, "range_15m": false, "atr": true, "volume_ratio": false, "spread": false}, "reason": "movement_or_liquidity_below_threshold"}
[ACTIVITY] MIRATRY status=PASSIVE metrics={"status": "PASSIVE", "quote_volume": 4314170.05, "range_15m_pct": 0.5236, "atr_pct": 0.1122, "volume_ratio": 0.0, "spread_pct": 0.5222, "checks": {"quote_volume": true, "range_15m": true, "atr": false, "volume_ratio": false, "spread": false}, "reason": "movement_or_liquidity_below_threshold"}
[ACTIVITY] MITOTRY status=PASSIVE metrics={"status": "PASSIVE", "quote_volume": 38551800.94, "range_15m_pct": 0.0, "atr_pct": 0.2558, "volume_ratio": 0.0, "spread_pct": 0.261, "checks": {"quote_volume": true, "range_15m": false, "atr": true, "volume_ratio": false, "spread": true}, "reason": "movement_or_liquidity_below_threshold"}
[ACTIVITY] MMTTRY status=PASSIVE metrics={"status": "PASSIVE", "quote_volume": 40587739.56, "range_15m_pct": 0.5612, "atr_pct": 0.7279, "volume_ratio": 0.2615, "spread_pct": 0.224, "checks": {"quote_volume": true, "range_15m": true, "atr": true, "volume_ratio": false, "spread": true}, "reason": "movement_or_liquidity_below_threshold"}
[ACTIVITY] MORPHOTRY status=PASSIVE metrics={"status": "PASSIVE", "quote_volume": 211045.42, "range_15m_pct": 0.0, "atr_pct": 0.0535, "volume_ratio": 0.0, "spread_pct": 0.5077, "checks": {"quote_volume": false, "range_15m": false, "atr": false, "volume_ratio": false, "spread": false}, "reason": "movement_or_liquidity_below_threshold"}
[ACTIVITY] MOVRTRY status=ACTIVE metrics={"status": "ACTIVE", "quote_volume": 128115451.91, "range_15m_pct": 1.2594, "atr_pct": 0.6607, "volume_ratio": 0.63, "spread_pct": 0.2509, "checks": {"quote_volume": true, "range_15m": true, "atr": true, "volume_ratio": true, "spread": true}, "reason": "active"}
[ACTIVITY] MUBARAKTRY status=ACTIVE metrics={"status": "ACTIVE", "quote_volume": 109345225.2, "range_15m_pct": 2.1493, "atr_pct": 0.5695, "volume_ratio": 8.0334, "spread_pct": 0.223, "checks": {"quote_volume": true, "range_15m": true, "atr": true, "volume_ratio": true, "spread": true}, "reason": "active"}
[ACTIVITY] NEARTRY status=PASSIVE metrics={"status": "PASSIVE", "quote_volume": 27083307.25, "range_15m_pct": 0.2577, "atr_pct": 0.1377, "volume_ratio": 0.0, "spread_pct": 0.2577, "checks": {"quote_volume": true, "range_15m": true, "atr": false, "volume_ratio": false, "spread": true}, "reason": "movement_or_liquidity_below_threshold"}
[ACTIVITY] NEIROTRY status=PASSIVE metrics={"status": "PASSIVE", "quote_volume": 20628973.81, "range_15m_pct": 0.0, "atr_pct": 0.1374, "volume_ratio": 0.0, "spread_pct": 0.32, "checks": {"quote_volume": true, "range_15m": false, "atr": false, "volume_ratio": false, "spread": false}, "reason": "movement_or_liquidity_below_threshold"}
[ACTIVITY] NEOTRY status=ACTIVE metrics={"status": "ACTIVE", "quote_volume": 1531284.21, "range_15m_pct": 0.25, "atr_pct": 0.3206, "volume_ratio": 2.5563, "spread_pct": 0.1254, "checks": {"quote_volume": true, "range_15m": true, "atr": true, "volume_ratio": true, "spread": true}, "reason": "active"}
[ACTIVITY] NEWTTRY status=PASSIVE metrics={"status": "PASSIVE", "quote_volume": 2141324.89, "range_15m_pct": 0.0, "atr_pct": 0.1204, "volume_ratio": 0.0, "spread_pct": 0.5602, "checks": {"quote_volume": true, "range_15m": false, "atr": false, "volume_ratio": false, "spread": false}, "reason": "movement_or_liquidity_below_threshold"}
[ACTIVITY] NIGHTTRY status=PASSIVE metrics={"status": "PASSIVE", "quote_volume": 3118913.4, "range_15m_pct": 0.0, "atr_pct": 0.086, "volume_ratio": 0.0, "spread_pct": 0.2407, "checks": {"quote_volume": true, "range_15m": false, "atr": false, "volume_ratio": false, "spread": true}, "reason": "movement_or_liquidity_below_threshold"}
[ACTIVITY] NILTRY status=PASSIVE metrics={"status": "PASSIVE", "quote_volume": 198378178.61, "range_15m_pct": 1.069, "atr_pct": 0.8021, "volume_ratio": 0.1848, "spread_pct": 0.1455, "checks": {"quote_volume": true, "range_15m": true, "atr": true, "volume_ratio": false, "spread": true}, "reason": "movement_or_liquidity_below_threshold"}
[ACTIVITY] NMRTRY status=PASSIVE metrics={"status": "PASSIVE", "quote_volume": 216265.96, "range_15m_pct": 0.2515, "atr_pct": 0.095, "volume_ratio": 5.6987, "spread_pct": 0.3513, "checks": {"quote_volume": false, "range_15m": true, "atr": false, "volume_ratio": true, "spread": false}, "reason": "movement_or_liquidity_below_threshold"}
[ACTIVITY] NOMTRY status=PASSIVE metrics={"status": "PASSIVE", "quote_volume": 9774346.39, "range_15m_pct": 0.0, "atr_pct": 0.0952, "volume_ratio": 0.0, "spread_pct": 1.3245, "checks": {"quote_volume": true, "range_15m": false, "atr": false, "volume_ratio": false, "spread": false}, "reason": "movement_or_liquidity_below_threshold"}
[ACTIVITY] NOTTRY status=PASSIVE metrics={"status": "PASSIVE", "quote_volume": 8258098.28, "range_15m_pct": 0.0, "atr_pct": 0.084, "volume_ratio": 0.0, "spread_pct": 0.5865, "checks": {"quote_volume": true, "range_15m": false, "atr": false, "volume_ratio": false, "spread": false}, "reason": "movement_or_liquidity_below_threshold"}
[ACTIVITY] NXPCTRY status=PASSIVE metrics={"status": "PASSIVE", "quote_volume": 1369766.07, "range_15m_pct": 0.8801, "atr_pct": 0.2025, "volume_ratio": 0.0, "spread_pct": 0.11, "checks": {"quote_volume": true, "range_15m": true, "atr": true, "volume_ratio": false, "spread": true}, "reason": "movement_or_liquidity_below_threshold"}
[ACTIVITY] OGNTRY status=PASSIVE metrics={"status": "PASSIVE", "quote_volume": 915332.68, "range_15m_pct": 0.0, "atr_pct": 0.0, "volume_ratio": 0.0, "spread_pct": 0.6447, "checks": {"quote_volume": false, "range_15m": false, "atr": false, "volume_ratio": false, "spread": false}, "reason": "movement_or_liquidity_below_threshold"}
[ACTIVITY] OGTRY status=PASSIVE metrics={"status": "PASSIVE", "quote_volume": 6323571.47, "range_15m_pct": 0.0851, "atr_pct": 0.0912, "volume_ratio": 0.0, "spread_pct": 0.1701, "checks": {"quote_volume": true, "range_15m": false, "atr": false, "volume_ratio": false, "spread": true}, "reason": "movement_or_liquidity_below_threshold"}
[ACTIVITY] ONDOTRY status=PASSIVE metrics={"status": "PASSIVE", "quote_volume": 20243071.63, "range_15m_pct": 0.3201, "atr_pct": 0.2872, "volume_ratio": 0.0594, "spread_pct": 0.1279, "checks": {"quote_volume": true, "range_15m": true, "atr": true, "volume_ratio": false, "spread": true}, "reason": "movement_or_liquidity_below_threshold"}
[ACTIVITY] ONETRY status=ACTIVE metrics={"status": "ACTIVE", "quote_volume": 416653085.4, "range_15m_pct": 3.5, "atr_pct": 1.3716, "volume_ratio": 2.2929, "spread_pct": 0.2491, "checks": {"quote_volume": true, "range_15m": true, "atr": true, "volume_ratio": true, "spread": true}, "reason": "active"}
[ACTIVITY] ONTTRY status=PASSIVE metrics={"status": "PASSIVE", "quote_volume": 872059.15, "range_15m_pct": 0.0, "atr_pct": 0.1487, "volume_ratio": 0.0, "spread_pct": 0.1191, "checks": {"quote_volume": false, "range_15m": false, "atr": false, "volume_ratio": false, "spread": true}, "reason": "movement_or_liquidity_below_threshold"}
[ACTIVITY] OPENTRY status=PASSIVE metrics={"status": "PASSIVE", "quote_volume": 101248611.79, "range_15m_pct": 0.0, "atr_pct": 0.1224, "volume_ratio": 0.0, "spread_pct": 0.5189, "checks": {"quote_volume": true, "range_15m": false, "atr": false, "volume_ratio": false, "spread": false}, "reason": "movement_or_liquidity_below_threshold"}
[ACTIVITY] OPGTRY status=PASSIVE metrics={"status": "PASSIVE", "quote_volume": 19019548.07, "range_15m_pct": 0.0, "atr_pct": 0.1782, "volume_ratio": 0.0, "spread_pct": 0.227, "checks": {"quote_volume": true, "range_15m": false, "atr": true, "volume_ratio": false, "spread": true}, "reason": "movement_or_liquidity_below_threshold"}
[ACTIVITY] OPNTRY status=PASSIVE metrics={"status": "PASSIVE", "quote_volume": 7827606.39, "range_15m_pct": 0.0, "atr_pct": 0.2183, "volume_ratio": 0.0, "spread_pct": 0.4357, "checks": {"quote_volume": true, "range_15m": false, "atr": true, "volume_ratio": false, "spread": false}, "reason": "movement_or_liquidity_below_threshold"}
[ACTIVITY] OPTRY status=PASSIVE metrics={"status": "PASSIVE", "quote_volume": 4720238.45, "range_15m_pct": 1.9417, "atr_pct": 0.4454, "volume_ratio": 0.0726, "spread_pct": 0.4796, "checks": {"quote_volume": true, "range_15m": true, "atr": true, "volume_ratio": false, "spread": false}, "reason": "movement_or_liquidity_below_threshold"}
[ACTIVITY] ORCATRY status=PASSIVE metrics={"status": "PASSIVE", "quote_volume": 604302.78, "range_15m_pct": 0.0, "atr_pct": 0.1171, "volume_ratio": 0.0, "spread_pct": 0.409, "checks": {"quote_volume": false, "range_15m": false, "atr": false, "volume_ratio": false, "spread": false}, "reason": "movement_or_liquidity_below_threshold"}
[ACTIVITY] ORDITRY status=PASSIVE metrics={"status": "PASSIVE", "quote_volume": 5843559.79, "range_15m_pct": 0.0, "atr_pct": 0.1276, "volume_ratio": 0.0, "spread_pct": 0.0614, "checks": {"quote_volume": true, "range_15m": false, "atr": false, "volume_ratio": false, "spread": true}, "reason": "movement_or_liquidity_below_threshold"}
[ACTIVITY] PARTITRY status=PASSIVE metrics={"status": "PASSIVE", "quote_volume": 22910412.96, "range_15m_pct": 0.9259, "atr_pct": 0.4587, "volume_ratio": 2.3228, "spread_pct": 0.9217, "checks": {"quote_volume": true, "range_15m": true, "atr": true, "volume_ratio": true, "spread": false}, "reason": "movement_or_liquidity_below_threshold"}
[ACTIVITY] PAXGTRY status=PASSIVE metrics={"status": "PASSIVE", "quote_volume": 38106040.69, "range_15m_pct": 0.1473, "atr_pct": 0.0194, "volume_ratio": 0.0091, "spread_pct": 0.0457, "checks": {"quote_volume": true, "range_15m": false, "atr": false, "volume_ratio": false, "spread": true}, "reason": "movement_or_liquidity_below_threshold"}
[ACTIVITY] PENDLETRY status=ACTIVE metrics={"status": "ACTIVE", "quote_volume": 1663027.69, "range_15m_pct": 0.318, "atr_pct": 0.1587, "volume_ratio": 1.8345, "spread_pct": 0.1589, "checks": {"quote_volume": true, "range_15m": true, "atr": true, "volume_ratio": true, "spread": true}, "reason": "active"}
[ACTIVITY] PENGUTRY status=PASSIVE metrics={"status": "PASSIVE", "quote_volume": 17175287.04, "range_15m_pct": 0.1334, "atr_pct": 0.188, "volume_ratio": 0.0006, "spread_pct": 0.1, "checks": {"quote_volume": true, "range_15m": false, "atr": true, "volume_ratio": false, "spread": true}, "reason": "movement_or_liquidity_below_threshold"}
[ACTIVITY] PEOPLETRY status=ACTIVE metrics={"status": "ACTIVE", "quote_volume": 9444891.28, "range_15m_pct": 0.5277, "atr_pct": 0.1885, "volume_ratio": 1.1858, "spread_pct": 0.2628, "checks": {"quote_volume": true, "range_15m": true, "atr": true, "volume_ratio": true, "spread": true}, "reason": "active"}
[ACTIVITY] PEPETRY status=PASSIVE metrics={"status": "PASSIVE", "quote_volume": 76170196.59, "range_15m_pct": 0.4039, "atr_pct": 0.2393, "volume_ratio": 0.0842, "spread_pct": 0.0228, "checks": {"quote_volume": true, "range_15m": true, "atr": true, "volume_ratio": false, "spread": true}, "reason": "movement_or_liquidity_below_threshold"}
[ACTIVITY] PHATRY status=PASSIVE metrics={"status": "PASSIVE", "quote_volume": 4179965.14, "range_15m_pct": 0.9615, "atr_pct": 0.0687, "volume_ratio": 0.0685, "spread_pct": 0.9569, "checks": {"quote_volume": true, "range_15m": true, "atr": false, "volume_ratio": false, "spread": false}, "reason": "movement_or_liquidity_below_threshold"}
[ACTIVITY] PIXELTRY status=PASSIVE metrics={"status": "PASSIVE", "quote_volume": 10503716.29, "range_15m_pct": 0.0, "atr_pct": 0.1045, "volume_ratio": 3.3806, "spread_pct": 0.4866, "checks": {"quote_volume": true, "range_15m": false, "atr": false, "volume_ratio": true, "spread": false}, "reason": "movement_or_liquidity_below_threshold"}
[ACTIVITY] PLUMETRY status=ACTIVE metrics={"status": "ACTIVE", "quote_volume": 12706692.21, "range_15m_pct": 0.5515, "atr_pct": 0.3656, "volume_ratio": 0.5866, "spread_pct": 0.183, "checks": {"quote_volume": true, "range_15m": true, "atr": true, "volume_ratio": true, "spread": true}, "reason": "active"}
[ACTIVITY] PNUTTRY status=PASSIVE metrics={"status": "PASSIVE", "quote_volume": 9882064.38, "range_15m_pct": 0.5263, "atr_pct": 0.2244, "volume_ratio": 0.0, "spread_pct": 0.5249, "checks": {"quote_volume": true, "range_15m": true, "atr": true, "volume_ratio": false, "spread": false}, "reason": "movement_or_liquidity_below_threshold"}
[ACTIVITY] POLTRY status=PASSIVE metrics={"status": "PASSIVE", "quote_volume": 1075902.56, "range_15m_pct": 0.1408, "atr_pct": 0.0562, "volume_ratio": 0.2834, "spread_pct": 0.0562, "checks": {"quote_volume": true, "range_15m": false, "atr": false, "volume_ratio": false, "spread": true}, "reason": "movement_or_liquidity_below_threshold"}
[ACTIVITY] POLYXTRY status=PASSIVE metrics={"status": "PASSIVE", "quote_volume": 449139.72, "range_15m_pct": 0.0, "atr_pct": 0.1006, "volume_ratio": 0.0, "spread_pct": 0.7067, "checks": {"quote_volume": false, "range_15m": false, "atr": false, "volume_ratio": false, "spread": false}, "reason": "movement_or_liquidity_below_threshold"}
[ACTIVITY] PORTALTRY status=PASSIVE metrics={"status": "PASSIVE", "quote_volume": 12564013.35, "range_15m_pct": 0.1782, "atr_pct": 0.1429, "volume_ratio": 0.0, "spread_pct": 0.1781, "checks": {"quote_volume": true, "range_15m": true, "atr": false, "volume_ratio": false, "spread": true}, "reason": "movement_or_liquidity_below_threshold"}
[ACTIVITY] PORTOTRY status=PASSIVE metrics={"status": "PASSIVE", "quote_volume": 1468975.27, "range_15m_pct": 0.0, "atr_pct": 0.0104, "volume_ratio": 0.0, "spread_pct": 0.243, "checks": {"quote_volume": true, "range_15m": false, "atr": false, "volume_ratio": false, "spread": true}, "reason": "movement_or_liquidity_below_threshold"}
[ACTIVITY] PROVETRY status=PASSIVE metrics={"status": "PASSIVE", "quote_volume": 421195.07, "range_15m_pct": 0.2849, "atr_pct": 0.142, "volume_ratio": 0.0012, "spread_pct": 0.2845, "checks": {"quote_volume": false, "range_15m": true, "atr": false, "volume_ratio": false, "spread": true}, "reason": "movement_or_liquidity_below_threshold"}
[ACTIVITY] PSGTRY status=PASSIVE metrics={"status": "PASSIVE", "quote_volume": 14495012.59, "range_15m_pct": 0.2556, "atr_pct": 0.5039, "volume_ratio": 0.0, "spread_pct": 0.2554, "checks": {"quote_volume": true, "range_15m": true, "atr": true, "volume_ratio": false, "spread": true}, "reason": "movement_or_liquidity_below_threshold"}
[ACTIVITY] PUMPTRY status=ACTIVE metrics={"status": "ACTIVE", "quote_volume": 38916929.79, "range_15m_pct": 0.5499, "atr_pct": 0.3754, "volume_ratio": 0.7667, "spread_pct": 0.0784, "checks": {"quote_volume": true, "range_15m": true, "atr": true, "volume_ratio": true, "spread": true}, "reason": "active"}
[ACTIVITY] PYTHTRY status=PASSIVE metrics={"status": "PASSIVE", "quote_volume": 6549815.13, "range_15m_pct": 0.0, "atr_pct": 0.1648, "volume_ratio": 0.0, "spread_pct": 0.157, "checks": {"quote_volume": true, "range_15m": false, "atr": true, "volume_ratio": false, "spread": true}, "reason": "movement_or_liquidity_below_threshold"}
[ACTIVITY] QTUMTRY status=PASSIVE metrics={"status": "PASSIVE", "quote_volume": 4531090.28, "range_15m_pct": 0.3205, "atr_pct": 0.0685, "volume_ratio": 0.0, "spread_pct": 0.641, "checks": {"quote_volume": true, "range_15m": true, "atr": false, "volume_ratio": false, "spread": false}, "reason": "movement_or_liquidity_below_threshold"}
[ACTIVITY] RADTRY status=ACTIVE metrics={"status": "ACTIVE", "quote_volume": 68515960.25, "range_15m_pct": 1.5004, "atr_pct": 0.4441, "volume_ratio": 1.9593, "spread_pct": 0.2619, "checks": {"quote_volume": true, "range_15m": true, "atr": true, "volume_ratio": true, "spread": true}, "reason": "active"}
[ACTIVITY] RARETRY status=ACTIVE metrics={"status": "ACTIVE", "quote_volume": 377926240.17, "range_15m_pct": 2.6431, "atr_pct": 1.3799, "volume_ratio": 1.592, "spread_pct": 0.0326, "checks": {"quote_volume": true, "range_15m": true, "atr": true, "volume_ratio": true, "spread": true}, "reason": "active"}
[ACTIVITY] RAYTRY status=PASSIVE metrics={"status": "PASSIVE", "quote_volume": 1611757.51, "range_15m_pct": 0.0, "atr_pct": 0.0826, "volume_ratio": 0.0, "spread_pct": 0.2639, "checks": {"quote_volume": true, "range_15m": false, "atr": false, "volume_ratio": false, "spread": true}, "reason": "movement_or_liquidity_below_threshold"}
[ACTIVITY] REDTRY status=PASSIVE metrics={"status": "PASSIVE", "quote_volume": 3161780.76, "range_15m_pct": 0.4963, "atr_pct": 0.1235, "volume_ratio": 0.0018, "spread_pct": 0.4938, "checks": {"quote_volume": true, "range_15m": true, "atr": false, "volume_ratio": false, "spread": false}, "reason": "movement_or_liquidity_below_threshold"}
[ACTIVITY] RENDERTRY status=PASSIVE metrics={"status": "PASSIVE", "quote_volume": 14482653.78, "range_15m_pct": 0.3367, "atr_pct": 0.1918, "volume_ratio": 0.0, "spread_pct": 0.1682, "checks": {"quote_volume": true, "range_15m": true, "atr": true, "volume_ratio": false, "spread": true}, "reason": "movement_or_liquidity_below_threshold"}
[ACTIVITY] RESOLVTRY status=ACTIVE metrics={"status": "ACTIVE", "quote_volume": 3938125.88, "range_15m_pct": 0.6989, "atr_pct": 0.2469, "volume_ratio": 0.9154, "spread_pct": 0.1372, "checks": {"quote_volume": true, "range_15m": true, "atr": true, "volume_ratio": true, "spread": true}, "reason": "active"}
[ACTIVITY] RETRY status=PASSIVE metrics={"status": "PASSIVE", "quote_volume": 69931124.66, "range_15m_pct": 0.2972, "atr_pct": 0.2754, "volume_ratio": 0.1676, "spread_pct": 0.0982, "checks": {"quote_volume": true, "range_15m": true, "atr": true, "volume_ratio": false, "spread": true}, "reason": "movement_or_liquidity_below_threshold"}
[ACTIVITY] REZTRY status=PASSIVE metrics={"status": "PASSIVE", "quote_volume": 6802106.47, "range_15m_pct": 0.2313, "atr_pct": 0.1705, "volume_ratio": 0.0632, "spread_pct": 0.1541, "checks": {"quote_volume": true, "range_15m": true, "atr": true, "volume_ratio": false, "spread": true}, "reason": "movement_or_liquidity_below_threshold"}
[ACTIVITY] ROBOTRY status=PASSIVE metrics={"status": "PASSIVE", "quote_volume": 47693373.2, "range_15m_pct": 0.6369, "atr_pct": 0.4762, "volume_ratio": 0.0, "spread_pct": 0.1594, "checks": {"quote_volume": true, "range_15m": true, "atr": true, "volume_ratio": false, "spread": true}, "reason": "movement_or_liquidity_below_threshold"}
[ACTIVITY] RONINTRY status=PASSIVE metrics={"status": "PASSIVE", "quote_volume": 388111.95, "range_15m_pct": 0.4292, "atr_pct": 0.1221, "volume_ratio": 0.0, "spread_pct": 0.4283, "checks": {"quote_volume": false, "range_15m": true, "atr": false, "volume_ratio": false, "spread": false}, "reason": "movement_or_liquidity_below_threshold"}
[ACTIVITY] ROSETRY status=PASSIVE metrics={"status": "PASSIVE", "quote_volume": 8617351.14, "range_15m_pct": 0.0, "atr_pct": 0.1408, "volume_ratio": 0.0, "spread_pct": 0.3559, "checks": {"quote_volume": true, "range_15m": false, "atr": false, "volume_ratio": false, "spread": false}, "reason": "movement_or_liquidity_below_threshold"}
[ACTIVITY] RSRTRY status=PASSIVE metrics={"status": "PASSIVE", "quote_volume": 275187.13, "range_15m_pct": 0.0, "atr_pct": 0.1001, "volume_ratio": 0.0, "spread_pct": 0.1753, "checks": {"quote_volume": false, "range_15m": false, "atr": false, "volume_ratio": false, "spread": true}, "reason": "movement_or_liquidity_below_threshold"}
[ACTIVITY] RVNTRY status=ACTIVE metrics={"status": "ACTIVE", "quote_volume": 34680811.24, "range_15m_pct": 0.319, "atr_pct": 0.2839, "volume_ratio": 1.1705, "spread_pct": 0.2389, "checks": {"quote_volume": true, "range_15m": true, "atr": true, "volume_ratio": true, "spread": true}, "reason": "active"}
[ACTIVITY] SAGATRY status=PASSIVE metrics={"status": "PASSIVE", "quote_volume": 57708054.84, "range_15m_pct": 0.4405, "atr_pct": 0.4399, "volume_ratio": 0.22, "spread_pct": 0.1461, "checks": {"quote_volume": true, "range_15m": true, "atr": true, "volume_ratio": false, "spread": true}, "reason": "movement_or_liquidity_below_threshold"}
[ACTIVITY] SAHARATRY status=PASSIVE metrics={"status": "PASSIVE", "quote_volume": 9719414.22, "range_15m_pct": 0.1359, "atr_pct": 0.1592, "volume_ratio": 0.7434, "spread_pct": 0.1086, "checks": {"quote_volume": true, "range_15m": false, "atr": true, "volume_ratio": true, "spread": true}, "reason": "movement_or_liquidity_below_threshold"}
[ACTIVITY] SANDTRY status=PASSIVE metrics={"status": "PASSIVE", "quote_volume": 3306530.96, "range_15m_pct": 0.6572, "atr_pct": 0.2021, "volume_ratio": 2.1703, "spread_pct": 0.4901, "checks": {"quote_volume": true, "range_15m": true, "atr": true, "volume_ratio": true, "spread": false}, "reason": "movement_or_liquidity_below_threshold"}
[ACTIVITY] SANTOSTRY status=PASSIVE metrics={"status": "PASSIVE", "quote_volume": 8190012.49, "range_15m_pct": 0.5364, "atr_pct": 0.1149, "volume_ratio": 15.8049, "spread_pct": 0.0893, "checks": {"quote_volume": true, "range_15m": true, "atr": false, "volume_ratio": true, "spread": true}, "reason": "movement_or_liquidity_below_threshold"}
[ACTIVITY] SAPIENTRY status=PASSIVE metrics={"status": "PASSIVE", "quote_volume": 2896839.71, "range_15m_pct": 0.1623, "atr_pct": 0.1351, "volume_ratio": 2.5461, "spread_pct": 0.0811, "checks": {"quote_volume": true, "range_15m": true, "atr": false, "volume_ratio": true, "spread": true}, "reason": "movement_or_liquidity_below_threshold"}
[ACTIVITY] SCRTRY status=PASSIVE metrics={"status": "PASSIVE", "quote_volume": 1114501.45, "range_15m_pct": 0.7216, "atr_pct": 0.0957, "volume_ratio": 0.9845, "spread_pct": 0.4128, "checks": {"quote_volume": true, "range_15m": true, "atr": false, "volume_ratio": true, "spread": false}, "reason": "movement_or_liquidity_below_threshold"}
[ACTIVITY] SEITRY status=PASSIVE metrics={"status": "PASSIVE", "quote_volume": 2555782.18, "range_15m_pct": 0.0, "atr_pct": 0.1388, "volume_ratio": 0.0, "spread_pct": 0.2096, "checks": {"quote_volume": true, "range_15m": false, "atr": false, "volume_ratio": false, "spread": true}, "reason": "movement_or_liquidity_below_threshold"}
[ACTIVITY] SENTTRY status=PASSIVE metrics={"status": "PASSIVE", "quote_volume": 3528409.1, "range_15m_pct": 0.3817, "atr_pct": 0.1575, "volume_ratio": 0.0045, "spread_pct": 0.1111, "checks": {"quote_volume": true, "range_15m": true, "atr": true, "volume_ratio": false, "spread": true}, "reason": "movement_or_liquidity_below_threshold"}
[ACTIVITY] SHELLTRY status=PASSIVE metrics={"status": "PASSIVE", "quote_volume": 11756815.56, "range_15m_pct": 0.0, "atr_pct": 0.4511, "volume_ratio": 0.0, "spread_pct": 1.0582, "checks": {"quote_volume": true, "range_15m": false, "atr": true, "volume_ratio": false, "spread": false}, "reason": "movement_or_liquidity_below_threshold"}
[ACTIVITY] SHIBTRY status=PASSIVE metrics={"status": "PASSIVE", "quote_volume": 25462315.57, "range_15m_pct": 0.2385, "atr_pct": 0.2959, "volume_ratio": 0.0772, "spread_pct": 0.0952, "checks": {"quote_volume": true, "range_15m": true, "atr": true, "volume_ratio": false, "spread": true}, "reason": "movement_or_liquidity_below_threshold"}
[ACTIVITY] SIGNTRY status=PASSIVE metrics={"status": "PASSIVE", "quote_volume": 1113363.86, "range_15m_pct": 0.3195, "atr_pct": 0.1592, "volume_ratio": 0.0, "spread_pct": 0.639, "checks": {"quote_volume": true, "range_15m": true, "atr": true, "volume_ratio": false, "spread": false}, "reason": "movement_or_liquidity_below_threshold"}
[ACTIVITY] SKLTRY status=PASSIVE metrics={"status": "PASSIVE", "quote_volume": 4464910.07, "range_15m_pct": 0.5988, "atr_pct": 0.0855, "volume_ratio": 0.0, "spread_pct": 0.597, "checks": {"quote_volume": true, "range_15m": true, "atr": false, "volume_ratio": false, "spread": false}, "reason": "movement_or_liquidity_below_threshold"}
[ACTIVITY] SKYTRY status=PASSIVE metrics={"status": "PASSIVE", "quote_volume": 644856.22, "range_15m_pct": 0.1191, "atr_pct": 0.051, "volume_ratio": 0.0, "spread_pct": 0.5562, "checks": {"quote_volume": false, "range_15m": false, "atr": false, "volume_ratio": false, "spread": false}, "reason": "movement_or_liquidity_below_threshold"}
[ACTIVITY] SLPTRY status=PASSIVE metrics={"status": "PASSIVE", "quote_volume": 811557.51, "range_15m_pct": 0.0, "atr_pct": 0.0435, "volume_ratio": 0.0, "spread_pct": 0.3667, "checks": {"quote_volume": false, "range_15m": false, "atr": false, "volume_ratio": false, "spread": false}, "reason": "movement_or_liquidity_below_threshold"}
[ACTIVITY] SNXTRY status=PASSIVE metrics={"status": "PASSIVE", "quote_volume": 4315140.01, "range_15m_pct": 0.533, "atr_pct": 0.2665, "volume_ratio": 0.0, "spread_pct": 0.3203, "checks": {"quote_volume": true, "range_15m": true, "atr": true, "volume_ratio": false, "spread": false}, "reason": "movement_or_liquidity_below_threshold"}
[ACTIVITY] SOLTRY status=PASSIVE metrics={"status": "PASSIVE", "quote_volume": 54157982.73, "range_15m_pct": 0.1276, "atr_pct": 0.1053, "volume_ratio": 0.2771, "spread_pct": 0.0083, "checks": {"quote_volume": true, "range_15m": false, "atr": false, "volume_ratio": false, "spread": true}, "reason": "movement_or_liquidity_below_threshold"}
[ACTIVITY] SOLVTRY status=PASSIVE metrics={"status": "PASSIVE", "quote_volume": 5908495.63, "range_15m_pct": 0.0, "atr_pct": 0.1931, "volume_ratio": 4.0062, "spread_pct": 0.905, "checks": {"quote_volume": true, "range_15m": false, "atr": true, "volume_ratio": true, "spread": false}, "reason": "movement_or_liquidity_below_threshold"}
[ACTIVITY] SOMITRY status=PASSIVE metrics={"status": "PASSIVE", "quote_volume": 16482559.71, "range_15m_pct": 0.4843, "atr_pct": 0.173, "volume_ratio": 0.0, "spread_pct": 0.2424, "checks": {"quote_volume": true, "range_15m": true, "atr": true, "volume_ratio": false, "spread": true}, "reason": "movement_or_liquidity_below_threshold"}
[ACTIVITY] SOPHTRY status=PASSIVE metrics={"status": "PASSIVE", "quote_volume": 40454874.17, "range_15m_pct": 0.5882, "atr_pct": 0.084, "volume_ratio": 0.0, "spread_pct": 1.1834, "checks": {"quote_volume": true, "range_15m": true, "atr": false, "volume_ratio": false, "spread": false}, "reason": "movement_or_liquidity_below_threshold"}
[ACTIVITY] SPELLTRY status=PASSIVE metrics={"status": "PASSIVE", "quote_volume": 7638732.79, "range_15m_pct": 0.2717, "atr_pct": 0.0776, "volume_ratio": 0.3585, "spread_pct": 0.542, "checks": {"quote_volume": true, "range_15m": true, "atr": false, "volume_ratio": false, "spread": false}, "reason": "movement_or_liquidity_below_threshold"}
[ACTIVITY] SPKTRY status=PASSIVE metrics={"status": "PASSIVE", "quote_volume": 3095214.52, "range_15m_pct": 0.1352, "atr_pct": 0.1061, "volume_ratio": 0.0, "spread_pct": 0.2103, "checks": {"quote_volume": true, "range_15m": false, "atr": false, "volume_ratio": false, "spread": true}, "reason": "movement_or_liquidity_below_threshold"}
[ACTIVITY] STOTRY status=PASSIVE metrics={"status": "PASSIVE", "quote_volume": 10584843.67, "range_15m_pct": 0.5473, "atr_pct": 0.2341, "volume_ratio": 0.421, "spread_pct": 0.1639, "checks": {"quote_volume": true, "range_15m": true, "atr": true, "volume_ratio": false, "spread": true}, "reason": "movement_or_liquidity_below_threshold"}
[ACTIVITY] STRAXTRY status=PASSIVE metrics={"status": "PASSIVE", "quote_volume": 33917293.09, "range_15m_pct": 0.2488, "atr_pct": 0.1066, "volume_ratio": 34.8208, "spread_pct": 0.4963, "checks": {"quote_volume": true, "range_15m": true, "atr": false, "volume_ratio": true, "spread": false}, "reason": "movement_or_liquidity_below_threshold"}
[ACTIVITY] STRKTRY status=ACTIVE metrics={"status": "ACTIVE", "quote_volume": 6486273.03, "range_15m_pct": 0.6487, "atr_pct": 0.3373, "volume_ratio": 1.2597, "spread_pct": 0.0925, "checks": {"quote_volume": true, "range_15m": true, "atr": true, "volume_ratio": true, "spread": true}, "reason": "active"}
[ACTIVITY] STRY status=PASSIVE metrics={"status": "PASSIVE", "quote_volume": 1900918.48, "range_15m_pct": 0.0934, "atr_pct": 0.0733, "volume_ratio": 0.4784, "spread_pct": 0.0932, "checks": {"quote_volume": true, "range_15m": false, "atr": false, "volume_ratio": false, "spread": true}, "reason": "movement_or_liquidity_below_threshold"}
[ACTIVITY] STXTRY status=PASSIVE metrics={"status": "PASSIVE", "quote_volume": 2197871.47, "range_15m_pct": 0.0, "atr_pct": 0.0982, "volume_ratio": 0.0, "spread_pct": 0.3425, "checks": {"quote_volume": true, "range_15m": false, "atr": false, "volume_ratio": false, "spread": false}, "reason": "movement_or_liquidity_below_threshold"}
[ACTIVITY] SUITRY status=PASSIVE metrics={"status": "PASSIVE", "quote_volume": 15332394.28, "range_15m_pct": 0.1846, "atr_pct": 0.1623, "volume_ratio": 0.0005, "spread_pct": 0.0307, "checks": {"quote_volume": true, "range_15m": true, "atr": true, "volume_ratio": false, "spread": true}, "reason": "movement_or_liquidity_below_threshold"}
[ACTIVITY] SUNTRY status=PASSIVE metrics={"status": "PASSIVE", "quote_volume": 1406227.96, "range_15m_pct": 0.0, "atr_pct": 0.0, "volume_ratio": 0.0, "spread_pct": 0.1151, "checks": {"quote_volume": true, "range_15m": false, "atr": false, "volume_ratio": false, "spread": true}, "reason": "movement_or_liquidity_below_threshold"}
[ACTIVITY] SUPERTRY status=PASSIVE metrics={"status": "PASSIVE", "quote_volume": 2089624.2, "range_15m_pct": 0.0, "atr_pct": 0.0176, "volume_ratio": 0.0, "spread_pct": 0.2466, "checks": {"quote_volume": true, "range_15m": false, "atr": false, "volume_ratio": false, "spread": true}, "reason": "movement_or_liquidity_below_threshold"}
[ACTIVITY] SUSHITRY status=PASSIVE metrics={"status": "PASSIVE", "quote_volume": 1201678.86, "range_15m_pct": 0.0, "atr_pct": 0.0746, "volume_ratio": 0.0, "spread_pct": 0.3929, "checks": {"quote_volume": true, "range_15m": false, "atr": false, "volume_ratio": false, "spread": false}, "reason": "movement_or_liquidity_below_threshold"}
[ACTIVITY] SXTTRY status=ACTIVE metrics={"status": "ACTIVE", "quote_volume": 3339662.77, "range_15m_pct": 0.4298, "atr_pct": 0.1508, "volume_ratio": 0.5186, "spread_pct": 0.0855, "checks": {"quote_volume": true, "range_15m": true, "atr": true, "volume_ratio": true, "spread": true}, "reason": "active"}
[ACTIVITY] SYRUPTRY status=PASSIVE metrics={"status": "PASSIVE", "quote_volume": 2183324.44, "range_15m_pct": 0.0, "atr_pct": 0.1336, "volume_ratio": 0.0, "spread_pct": 0.1402, "checks": {"quote_volume": true, "range_15m": false, "atr": false, "volume_ratio": false, "spread": true}, "reason": "movement_or_liquidity_below_threshold"}
[ACTIVITY] TAOTRY status=PASSIVE metrics={"status": "PASSIVE", "quote_volume": 22077906.06, "range_15m_pct": 0.2638, "atr_pct": 0.1308, "volume_ratio": 0.0, "spread_pct": 0.063, "checks": {"quote_volume": true, "range_15m": true, "atr": false, "volume_ratio": false, "spread": true}, "reason": "movement_or_liquidity_below_threshold"}
[ACTIVITY] THETATRY status=PASSIVE metrics={"status": "PASSIVE", "quote_volume": 2384691.23, "range_15m_pct": 0.0, "atr_pct": 0.0156, "volume_ratio": 0.0, "spread_pct": 0.2039, "checks": {"quote_volume": true, "range_15m": false, "atr": false, "volume_ratio": false, "spread": true}, "reason": "movement_or_liquidity_below_threshold"}
[ACTIVITY] THETRY status=ACTIVE metrics={"status": "ACTIVE", "quote_volume": 23250536.73, "range_15m_pct": 0.6342, "atr_pct": 0.3242, "volume_ratio": 2.6325, "spread_pct": 0.1404, "checks": {"quote_volume": true, "range_15m": true, "atr": true, "volume_ratio": true, "spread": true}, "reason": "active"}
[ACTIVITY] TIATRY status=ACTIVE metrics={"status": "ACTIVE", "quote_volume": 23024133.68, "range_15m_pct": 0.2076, "atr_pct": 0.2812, "volume_ratio": 0.5967, "spread_pct": 0.069, "checks": {"quote_volume": true, "range_15m": true, "atr": true, "volume_ratio": true, "spread": true}, "reason": "active"}
[ACTIVITY] TLMTRY status=PASSIVE metrics={"status": "PASSIVE", "quote_volume": 66782892.45, "range_15m_pct": 0.5398, "atr_pct": 1.1567, "volume_ratio": 0.0586, "spread_pct": 0.2695, "checks": {"quote_volume": true, "range_15m": true, "atr": true, "volume_ratio": false, "spread": true}, "reason": "movement_or_liquidity_below_threshold"}
[ACTIVITY] TNSRTRY status=PASSIVE metrics={"status": "PASSIVE", "quote_volume": 22153222.41, "range_15m_pct": 0.0, "atr_pct": 0.1419, "volume_ratio": 5.8313, "spread_pct": 0.6601, "checks": {"quote_volume": true, "range_15m": false, "atr": false, "volume_ratio": true, "spread": false}, "reason": "movement_or_liquidity_below_threshold"}
[ACTIVITY] TOWNSTRY status=PASSIVE metrics={"status": "PASSIVE", "quote_volume": 9985198.59, "range_15m_pct": 0.9524, "atr_pct": 0.2721, "volume_ratio": 0.0, "spread_pct": 0.9479, "checks": {"quote_volume": true, "range_15m": true, "atr": true, "volume_ratio": false, "spread": false}, "reason": "movement_or_liquidity_below_threshold"}
[ACTIVITY] TRBTRY status=PASSIVE metrics={"status": "PASSIVE", "quote_volume": 14923702.83, "range_15m_pct": 0.0, "atr_pct": 0.1331, "volume_ratio": 0.0, "spread_pct": 0.311, "checks": {"quote_volume": true, "range_15m": false, "atr": false, "volume_ratio": false, "spread": false}, "reason": "movement_or_liquidity_below_threshold"}
[ACTIVITY] TREETRY status=PASSIVE metrics={"status": "PASSIVE", "quote_volume": 1294273.38, "range_15m_pct": 0.6173, "atr_pct": 0.0441, "volume_ratio": 1.9207, "spread_pct": 0.6154, "checks": {"quote_volume": true, "range_15m": true, "atr": false, "volume_ratio": true, "spread": false}, "reason": "movement_or_liquidity_below_threshold"}
[ACTIVITY] TRUMPTRY status=PASSIVE metrics={"status": "PASSIVE", "quote_volume": 22423837.32, "range_15m_pct": 0.7508, "atr_pct": 0.5437, "volume_ratio": 0.2234, "spread_pct": 0.299, "checks": {"quote_volume": true, "range_15m": true, "atr": true, "volume_ratio": false, "spread": true}, "reason": "movement_or_liquidity_below_threshold"}
[ACTIVITY] TRXTRY status=PASSIVE metrics={"status": "PASSIVE", "quote_volume": 35105496.79, "range_15m_pct": 0.0375, "atr_pct": 0.0281, "volume_ratio": 0.2683, "spread_pct": 0.0062, "checks": {"quote_volume": true, "range_15m": false, "atr": false, "volume_ratio": false, "spread": true}, "reason": "movement_or_liquidity_below_threshold"}
[ACTIVITY] TSTTRY status=PASSIVE metrics={"status": "PASSIVE", "quote_volume": 119355893.16, "range_15m_pct": 1.1887, "atr_pct": 0.6426, "volume_ratio": 0.3221, "spread_pct": 0.2963, "checks": {"quote_volume": true, "range_15m": true, "atr": true, "volume_ratio": false, "spread": true}, "reason": "movement_or_liquidity_below_threshold"}
[ACTIVITY] TURBOTRY status=PASSIVE metrics={"status": "PASSIVE", "quote_volume": 4838345.45, "range_15m_pct": 0.2646, "atr_pct": 0.1319, "volume_ratio": 18.3339, "spread_pct": 0.5277, "checks": {"quote_volume": true, "range_15m": true, "atr": false, "volume_ratio": true, "spread": false}, "reason": "movement_or_liquidity_below_threshold"}
[ACTIVITY] TURTLETRY status=PASSIVE metrics={"status": "PASSIVE", "quote_volume": 1698973.74, "range_15m_pct": 0.0, "atr_pct": 0.1035, "volume_ratio": 0.7006, "spread_pct": 0.4843, "checks": {"quote_volume": true, "range_15m": false, "atr": false, "volume_ratio": true, "spread": false}, "reason": "movement_or_liquidity_below_threshold"}
[ACTIVITY] TWTTRY status=PASSIVE metrics={"status": "PASSIVE", "quote_volume": 4558874.75, "range_15m_pct": 0.3625, "atr_pct": 0.3139, "volume_ratio": 0.0, "spread_pct": 0.2067, "checks": {"quote_volume": true, "range_15m": true, "atr": true, "volume_ratio": false, "spread": true}, "reason": "movement_or_liquidity_below_threshold"}
[ACTIVITY] UMATRY status=PASSIVE metrics={"status": "PASSIVE", "quote_volume": 3623062.06, "range_15m_pct": 0.4551, "atr_pct": 0.102, "volume_ratio": 5.463, "spread_pct": 0.2592, "checks": {"quote_volume": true, "range_15m": true, "atr": false, "volume_ratio": true, "spread": true}, "reason": "movement_or_liquidity_below_threshold"}
[ACTIVITY] UNITRY status=PASSIVE metrics={"status": "PASSIVE", "quote_volume": 19672931.92, "range_15m_pct": 0.2375, "atr_pct": 0.2158, "volume_ratio": 0.0848, "spread_pct": 0.1777, "checks": {"quote_volume": true, "range_15m": true, "atr": true, "volume_ratio": false, "spread": true}, "reason": "movement_or_liquidity_below_threshold"}
[ACTIVITY] USD1TRY status=PASSIVE metrics={"status": "PASSIVE", "quote_volume": 273434.77, "range_15m_pct": 0.0, "atr_pct": 0.0, "volume_ratio": 0.0, "spread_pct": 0.021, "checks": {"quote_volume": false, "range_15m": false, "atr": false, "volume_ratio": false, "spread": true}, "reason": "movement_or_liquidity_below_threshold"}
[ACTIVITY] USDCTRY status=PASSIVE metrics={"status": "PASSIVE", "quote_volume": 82554954.33, "range_15m_pct": 0.021, "atr_pct": 0.0209, "volume_ratio": 0.6417, "spread_pct": 0.0209, "checks": {"quote_volume": true, "range_15m": false, "atr": false, "volume_ratio": true, "spread": true}, "reason": "movement_or_liquidity_below_threshold"}
[ACTIVITY] USDTTRY status=PASSIVE metrics={"status": "PASSIVE", "quote_volume": 1081312340.25, "range_15m_pct": 0.021, "atr_pct": 0.021, "volume_ratio": 0.6442, "spread_pct": 0.021, "checks": {"quote_volume": true, "range_15m": false, "atr": false, "volume_ratio": true, "spread": true}, "reason": "movement_or_liquidity_below_threshold"}
[ACTIVITY] USTCTRY status=PASSIVE metrics={"status": "PASSIVE", "quote_volume": 8324095.73, "range_15m_pct": 0.084, "atr_pct": 0.09, "volume_ratio": 0.0, "spread_pct": 0.1676, "checks": {"quote_volume": true, "range_15m": false, "atr": false, "volume_ratio": false, "spread": true}, "reason": "movement_or_liquidity_below_threshold"}
[ACTIVITY] USUALTRY status=PASSIVE metrics={"status": "PASSIVE", "quote_volume": 4595741.49, "range_15m_pct": 0.2427, "atr_pct": 0.156, "volume_ratio": 0.0, "spread_pct": 0.4854, "checks": {"quote_volume": true, "range_15m": true, "atr": true, "volume_ratio": false, "spread": false}, "reason": "movement_or_liquidity_below_threshold"}
[ACTIVITY] UTRY status=PASSIVE metrics={"status": "PASSIVE", "quote_volume": 958273.62, "range_15m_pct": 0.0419, "atr_pct": 0.0045, "volume_ratio": 0.0, "spread_pct": 0.0419, "checks": {"quote_volume": false, "range_15m": false, "atr": false, "volume_ratio": false, "spread": true}, "reason": "movement_or_liquidity_below_threshold"}
[ACTIVITY] VANATRY status=PASSIVE metrics={"status": "PASSIVE", "quote_volume": 1335532.95, "range_15m_pct": 0.0, "atr_pct": 0.0178, "volume_ratio": 0.0, "spread_pct": 0.4988, "checks": {"quote_volume": true, "range_15m": false, "atr": false, "volume_ratio": false, "spread": false}, "reason": "movement_or_liquidity_below_threshold"}
[ACTIVITY] VANRYTRY status=PASSIVE metrics={"status": "PASSIVE", "quote_volume": 37836882.87, "range_15m_pct": 2.4178, "atr_pct": 0.8497, "volume_ratio": 0.9991, "spread_pct": 0.674, "checks": {"quote_volume": true, "range_15m": true, "atr": true, "volume_ratio": true, "spread": false}, "reason": "movement_or_liquidity_below_threshold"}
[ACTIVITY] VETTRY status=PASSIVE metrics={"status": "PASSIVE", "quote_volume": 854019.83, "range_15m_pct": 0.0, "atr_pct": 0.096, "volume_ratio": 0.0, "spread_pct": 0.0927, "checks": {"quote_volume": false, "range_15m": false, "atr": false, "volume_ratio": false, "spread": true}, "reason": "movement_or_liquidity_below_threshold"}
[ACTIVITY] VICTRY status=PASSIVE metrics={"status": "PASSIVE", "quote_volume": 71300214.9, "range_15m_pct": 1.6667, "atr_pct": 1.3577, "volume_ratio": 0.343, "spread_pct": 0.8299, "checks": {"quote_volume": true, "range_15m": true, "atr": true, "volume_ratio": false, "spread": false}, "reason": "movement_or_liquidity_below_threshold"}
[ACTIVITY] VIRTUALTRY status=ACTIVE metrics={"status": "ACTIVE", "quote_volume": 46400975.12, "range_15m_pct": 0.6454, "atr_pct": 0.4769, "volume_ratio": 0.5333, "spread_pct": 0.0714, "checks": {"quote_volume": true, "range_15m": true, "atr": true, "volume_ratio": true, "spread": true}, "reason": "active"}
[ACTIVITY] WALTRY status=PASSIVE metrics={"status": "PASSIVE", "quote_volume": 2640119.13, "range_15m_pct": 0.9901, "atr_pct": 0.1414, "volume_ratio": 0.0, "spread_pct": 0.995, "checks": {"quote_volume": true, "range_15m": true, "atr": false, "volume_ratio": false, "spread": false}, "reason": "movement_or_liquidity_below_threshold"}
[ACTIVITY] WCTTRY status=PASSIVE metrics={"status": "PASSIVE", "quote_volume": 510303.57, "range_15m_pct": 0.0, "atr_pct": 0.0766, "volume_ratio": 0.0, "spread_pct": 0.5959, "checks": {"quote_volume": false, "range_15m": false, "atr": false, "volume_ratio": false, "spread": false}, "reason": "movement_or_liquidity_below_threshold"}
[ACTIVITY] WIFTRY status=ACTIVE metrics={"status": "ACTIVE", "quote_volume": 6883742.62, "range_15m_pct": 0.9743, "atr_pct": 0.4904, "volume_ratio": 3.0853, "spread_pct": 0.0768, "checks": {"quote_volume": true, "range_15m": true, "atr": true, "volume_ratio": true, "spread": true}, "reason": "active"}
[ACTIVITY] WLDTRY status=ACTIVE metrics={"status": "ACTIVE", "quote_volume": 29969266.53, "range_15m_pct": 0.8264, "atr_pct": 0.2933, "volume_ratio": 5.5023, "spread_pct": 0.0633, "checks": {"quote_volume": true, "range_15m": true, "atr": true, "volume_ratio": true, "spread": true}, "reason": "active"}
[ACTIVITY] WLFITRY status=PASSIVE metrics={"status": "PASSIVE", "quote_volume": 6281269.2, "range_15m_pct": 0.0, "atr_pct": 0.03, "volume_ratio": 0.0, "spread_pct": 0.1526, "checks": {"quote_volume": true, "range_15m": false, "atr": false, "volume_ratio": false, "spread": true}, "reason": "movement_or_liquidity_below_threshold"}
[ACTIVITY] WTRY status=PASSIVE metrics={"status": "PASSIVE", "quote_volume": 5164013.62, "range_15m_pct": 0.1304, "atr_pct": 2.448, "volume_ratio": 0.0, "spread_pct": 0.2342, "checks": {"quote_volume": true, "range_15m": false, "atr": true, "volume_ratio": false, "spread": true}, "reason": "movement_or_liquidity_below_threshold"}
[ACTIVITY] XAITRY status=ACTIVE metrics={"status": "ACTIVE", "quote_volume": 12102998.91, "range_15m_pct": 0.7778, "atr_pct": 0.7359, "volume_ratio": 0.7944, "spread_pct": 0.2017, "checks": {"quote_volume": true, "range_15m": true, "atr": true, "volume_ratio": true, "spread": true}, "reason": "active"}
[ACTIVITY] XAUTTRY status=PASSIVE metrics={"status": "PASSIVE", "quote_volume": 25142154.69, "range_15m_pct": 0.2283, "atr_pct": 0.0362, "volume_ratio": 0.0006, "spread_pct": 0.0191, "checks": {"quote_volume": true, "range_15m": true, "atr": false, "volume_ratio": false, "spread": true}, "reason": "movement_or_liquidity_below_threshold"}
[ACTIVITY] XECTRY status=PASSIVE metrics={"status": "PASSIVE", "quote_volume": 1958547.98, "range_15m_pct": 0.1627, "atr_pct": 0.0858, "volume_ratio": 0.0, "spread_pct": 0.26, "checks": {"quote_volume": true, "range_15m": true, "atr": false, "volume_ratio": false, "spread": true}, "reason": "movement_or_liquidity_below_threshold"}
[ACTIVITY] XLMTRY status=PASSIVE metrics={"status": "PASSIVE", "quote_volume": 12017559.1, "range_15m_pct": 0.1849, "atr_pct": 0.1396, "volume_ratio": 0.332, "spread_pct": 0.0528, "checks": {"quote_volume": true, "range_15m": true, "atr": false, "volume_ratio": false, "spread": true}, "reason": "movement_or_liquidity_below_threshold"}
[ACTIVITY] XPLTRY status=PASSIVE metrics={"status": "PASSIVE", "quote_volume": 6741322.68, "range_15m_pct": 0.1983, "atr_pct": 0.3211, "volume_ratio": 0.0022, "spread_pct": 0.1417, "checks": {"quote_volume": true, "range_15m": true, "atr": true, "volume_ratio": false, "spread": true}, "reason": "movement_or_liquidity_below_threshold"}
[ACTIVITY] XRPTRY status=PASSIVE metrics={"status": "PASSIVE", "quote_volume": 97860474.82, "range_15m_pct": 0.2086, "atr_pct": 0.1279, "volume_ratio": 0.4107, "spread_pct": 0.0417, "checks": {"quote_volume": true, "range_15m": true, "atr": false, "volume_ratio": false, "spread": true}, "reason": "movement_or_liquidity_below_threshold"}
[ACTIVITY] XTZTRY status=PASSIVE metrics={"status": "PASSIVE", "quote_volume": 256012.51, "range_15m_pct": 0.0, "atr_pct": 0.0, "volume_ratio": 0.0, "spread_pct": 0.6459, "checks": {"quote_volume": false, "range_15m": false, "atr": false, "volume_ratio": false, "spread": false}, "reason": "movement_or_liquidity_below_threshold"}
[ACTIVITY] XVGTRY status=PASSIVE metrics={"status": "PASSIVE", "quote_volume": 13490302.31, "range_15m_pct": 0.4955, "atr_pct": 0.2334, "volume_ratio": 0.0214, "spread_pct": 0.0991, "checks": {"quote_volume": true, "range_15m": true, "atr": true, "volume_ratio": false, "spread": true}, "reason": "movement_or_liquidity_below_threshold"}
[ACTIVITY] YBTRY status=PASSIVE metrics={"status": "PASSIVE", "quote_volume": 6249502.08, "range_15m_pct": 0.5348, "atr_pct": 0.0764, "volume_ratio": 0.0, "spread_pct": 0.5333, "checks": {"quote_volume": true, "range_15m": true, "atr": false, "volume_ratio": false, "spread": false}, "reason": "movement_or_liquidity_below_threshold"}
[ACTIVITY] ZAMATRY status=PASSIVE metrics={"status": "PASSIVE", "quote_volume": 148903.44, "range_15m_pct": 0.0, "atr_pct": 0.0, "volume_ratio": 0.0, "spread_pct": 0.268, "checks": {"quote_volume": false, "range_15m": false, "atr": false, "volume_ratio": false, "spread": true}, "reason": "movement_or_liquidity_below_threshold"}
[ACTIVITY] ZBTTRY status=PASSIVE metrics={"status": "PASSIVE", "quote_volume": 40668039.82, "range_15m_pct": 0.4662, "atr_pct": 0.1492, "volume_ratio": 0.0, "spread_pct": 0.2323, "checks": {"quote_volume": true, "range_15m": true, "atr": false, "volume_ratio": false, "spread": true}, "reason": "movement_or_liquidity_below_threshold"}
[ACTIVITY] ZILTRY status=PASSIVE metrics={"status": "PASSIVE", "quote_volume": 12592404.16, "range_15m_pct": 0.0, "atr_pct": 0.1407, "volume_ratio": 0.0, "spread_pct": 0.1786, "checks": {"quote_volume": true, "range_15m": false, "atr": false, "volume_ratio": false, "spread": true}, "reason": "movement_or_liquidity_below_threshold"}
[ACTIVITY] ZKCTRY status=PASSIVE metrics={"status": "PASSIVE", "quote_volume": 897927.36, "range_15m_pct": 0.0, "atr_pct": 0.0798, "volume_ratio": 0.0, "spread_pct": 1.1236, "checks": {"quote_volume": false, "range_15m": false, "atr": false, "volume_ratio": false, "spread": false}, "reason": "movement_or_liquidity_below_threshold"}
[ACTIVITY] ZKPTRY status=PASSIVE metrics={"status": "PASSIVE", "quote_volume": 1568034.75, "range_15m_pct": 0.0, "atr_pct": 0.0249, "volume_ratio": 0.0, "spread_pct": 0.3998, "checks": {"quote_volume": true, "range_15m": false, "atr": false, "volume_ratio": false, "spread": false}, "reason": "movement_or_liquidity_below_threshold"}
[ACTIVITY] ZKTRY status=PASSIVE metrics={"status": "PASSIVE", "quote_volume": 11682247.78, "range_15m_pct": 0.0, "atr_pct": 0.307, "volume_ratio": 0.0588, "spread_pct": 0.2861, "checks": {"quote_volume": true, "range_15m": false, "atr": true, "volume_ratio": false, "spread": true}, "reason": "movement_or_liquidity_below_threshold"}
[ACTIVITY] ZROTRY status=PASSIVE metrics={"status": "PASSIVE", "quote_volume": 8088998.07, "range_15m_pct": 0.2564, "atr_pct": 0.0913, "volume_ratio": 0.0, "spread_pct": 0.2554, "checks": {"quote_volume": true, "range_15m": true, "atr": false, "volume_ratio": false, "spread": true}, "reason": "movement_or_liquidity_below_threshold"}
[DATA] WLDTRY source=BinanceTR-public interval=30m candles=143
[DATA] CRVTRY source=BinanceTR-public interval=30m candles=143
[DATA] BOMETRY source=BinanceTR-public interval=30m candles=143
[DATA] MUBARAKTRY source=BinanceTR-public interval=30m candles=143
[DATA] THETRY source=BinanceTR-public interval=30m candles=143
[DATA] PHATRY source=BinanceTR-public interval=30m candles=143
[DATA] HOMETRY source=BinanceTR-public interval=30m candles=143
[DATA] PARTITRY source=BinanceTR-public interval=30m candles=143
[DATA] NIGHTTRY source=BinanceTR-public interval=30m candles=143
[DATA] PIXELTRY source=BinanceTR-public interval=30m candles=143
[DATA] TLMTRY source=BinanceTR-public interval=30m candles=143
[DATA] ACTTRY source=BinanceTR-public interval=30m candles=143
[DATA] ACHTRY source=BinanceTR-public interval=30m candles=143
[DATA] BBTRY source=BinanceTR-public interval=30m candles=143
[DATA] AEVOTRY source=BinanceTR-public interval=30m candles=143
[DATA] NILTRY source=BinanceTR-public interval=30m candles=143
[DATA] TURBOTRY source=BinanceTR-public interval=30m candles=143
[DATA] RETRY source=BinanceTR-public interval=30m candles=143
[DATA] HEITRY source=BinanceTR-public interval=30m candles=143
[DATA] ALICETRY source=BinanceTR-public interval=30m candles=143
[SIGNAL] 2026-08-10T18:39:59+00:00 BBTRY BUY fill_at=2026-08-10T18:44:59+00:00 features={"close": 0.6507, "bb_lower": 0.6537180057646041, "bb_upper": 0.6630343751877767, "rsi": 26.488363165798162, "mfi": 41.160750637353736, "atr": 0.0019142857142857175}
[ENTRY] 2026-08-10T18:44:59+00:00 BBTRY layer=1 value=998.50 entry=0.65268915 cash=9000.00
[SCAN] 2026-08-10T18:44:59+00:00 symbols=20 signals=1 entries=1 exits=0 blocked=2 open=1 cash=9000.00 equity=9994.69
[SIGNAL] 2026-08-10T18:44:59+00:00 BBTRY BUY fill_at=2026-08-10T18:49:59+00:00 features={"close": 0.6502, "bb_lower": 0.6522684844577268, "bb_upper": 0.6638553250660827, "rsi": 25.710319652200553, "mfi": 37.86378777496153, "atr": 0.0018642857142857152}
[ENTRY] 2026-08-10T18:49:59+00:00 BBTRY layer=2 value=898.65 entry=0.65038743 cash=8100.00
[SCAN] 2026-08-10T18:49:59+00:00 symbols=20 signals=1 entries=1 exits=0 blocked=2 open=1 cash=8100.00 equity=9988.43
[SIGNAL] 2026-08-10T18:49:59+00:00 BBTRY BUY fill_at=2026-08-10T18:54:59+00:00 features={"close": 0.6486, "bb_lower": 0.6506076993453496, "bb_upper": 0.66471611017846, "rsi": 23.334272138334512, "mfi": 25.488646894940757, "atr": 0.0020785714285714296}
[BLOCKED] BBTRY reason=max_layers
[SCAN] 2026-08-10T18:54:59+00:00 symbols=20 signals=1 entries=0 exits=0 blocked=2 open=1 cash=8100.00 equity=9998.33
[SCAN] 2026-08-10T18:59:59+00:00 symbols=20 signals=0 entries=0 exits=0 blocked=1 open=1 cash=8100.00 equity=9999.78
[SCAN] 2026-08-10T19:04:59+00:00 symbols=20 signals=0 entries=0 exits=0 blocked=1 open=1 cash=8100.00 equity=9996.87
[SCAN] 2026-08-10T19:09:59+00:00 symbols=20 signals=0 entries=0 exits=0 blocked=0 open=1 cash=8100.00 equity=9987.26
[SCAN] 2026-08-10T19:14:59+00:00 symbols=20 signals=0 entries=0 exits=0 blocked=0 open=1 cash=8100.00 equity=9990.47
[SCAN] 2026-08-10T19:19:59+00:00 symbols=20 signals=0 entries=0 exits=0 blocked=1 open=1 cash=8100.00 equity=9994.54
[SCAN] 2026-08-10T19:24:59+00:00 symbols=20 signals=0 entries=0 exits=0 blocked=1 open=1 cash=8100.00 equity=9995.71
[SCAN] 2026-08-10T19:29:59+00:00 symbols=20 signals=0 entries=0 exits=0 blocked=1 open=1 cash=8100.00 equity=9996.58
[SCAN] 2026-08-10T19:34:59+00:00 symbols=20 signals=0 entries=0 exits=0 blocked=2 open=1 cash=8100.00 equity=9991.05
[SIGNAL] 2026-08-10T19:34:59+00:00 HOMETRY BUY fill_at=2026-08-10T19:39:59+00:00 features={"close": 0.472, "bb_lower": 0.47619055129957094, "bb_upper": 0.5063808772718577, "rsi": 28.909309769925983, "mfi": 36.7889070427775, "atr": 0.007000000000000006}
[ENTRY] 2026-08-10T19:39:59+00:00 HOMETRY layer=1 value=808.79 entry=0.47335475 cash=7290.00
[SCAN] 2026-08-10T19:39:59+00:00 symbols=20 signals=1 entries=1 exits=0 blocked=0 open=2 cash=7290.00 equity=9992.86
[SCAN] 2026-08-10T19:44:59+00:00 symbols=20 signals=0 entries=0 exits=0 blocked=0 open=2 cash=7290.00 equity=9992.43
[SIGNAL] 2026-08-10T19:44:59+00:00 HOMETRY BUY fill_at=2026-08-10T19:49:59+00:00 features={"close": 0.473, "bb_lower": 0.47313526650519244, "bb_upper": 0.5039123525424266, "rsi": 32.5183353236131, "mfi": 40.41884386686192, "atr": 0.006285714285714291}
[ENTRY] 2026-08-10T19:49:59+00:00 HOMETRY layer=2 value=727.91 entry=0.47335475 cash=6561.00
[SCAN] 2026-08-10T19:49:59+00:00 symbols=20 signals=1 entries=1 exits=0 blocked=1 open=2 cash=6561.00 equity=9987.51
[SCAN] 2026-08-10T19:54:59+00:00 symbols=20 signals=0 entries=0 exits=0 blocked=1 open=2 cash=6561.00 equity=9991.09
[SCAN] 2026-08-10T19:59:59+00:00 symbols=20 signals=0 entries=0 exits=0 blocked=0 open=2 cash=6561.00 equity=10004.12
[SCAN] 2026-08-10T20:04:59+00:00 symbols=20 signals=0 entries=0 exits=0 blocked=0 open=2 cash=6561.00 equity=9990.93
[SCAN] 2026-08-10T20:09:59+00:00 symbols=20 signals=0 entries=0 exits=0 blocked=0 open=2 cash=6561.00 equity=9994.17
[SCAN] 2026-08-10T20:14:59+00:00 symbols=20 signals=0 entries=0 exits=0 blocked=0 open=2 cash=6561.00 equity=9982.44
[SIGNAL] 2026-08-10T20:14:59+00:00 BBTRY BUY fill_at=2026-08-10T20:19:59+00:00 features={"close": 0.6455, "bb_lower": 0.6458403655577808, "bb_upper": 0.6543977296803142, "rsi": 31.873072826534894, "mfi": 40.35196457774447, "atr": 0.0020142857142857146}
[BLOCKED] BBTRY reason=max_layers
[SIGNAL] 2026-08-10T20:14:59+00:00 RETRY BUY fill_at=2026-08-10T20:19:59+00:00 features={"close": 19.33, "bb_lower": 19.35447211578146, "bb_upper": 19.87981359850426, "rsi": 25.020592708041733, "mfi": 32.13789886231872, "atr": 0.11285714285714274}
[ENTRY] 2026-08-10T20:19:59+00:00 RETRY layer=1 value=655.12 entry=19.33449000 cash=5904.90
[SCAN] 2026-08-10T20:19:59+00:00 symbols=20 signals=2 entries=1 exits=0 blocked=1 open=3 cash=5904.90 equity=9969.44
[SIGNAL] 2026-08-10T20:19:59+00:00 RETRY BUY fill_at=2026-08-10T20:24:59+00:00 features={"close": 19.32, "bb_lower": 19.327920404675005, "bb_upper": 19.852079595325, "rsi": 24.72871724073555, "mfi": 32.1070255560345, "atr": 0.11214285714285717}
[ENTRY] 2026-08-10T20:24:59+00:00 RETRY layer=2 value=589.61 entry=19.33449000 cash=5314.41
[SCAN] 2026-08-10T20:24:59+00:00 symbols=20 signals=1 entries=1 exits=0 blocked=0 open=3 cash=5314.41 equity=9961.78
[SCAN] 2026-08-10T20:29:59+00:00 symbols=20 signals=0 entries=0 exits=0 blocked=0 open=3 cash=5314.41 equity=9955.64
[SCAN] 2026-08-10T20:34:59+00:00 symbols=20 signals=0 entries=0 exits=0 blocked=0 open=3 cash=5314.41 equity=9947.20
[SIGNAL] 2026-08-10T20:34:59+00:00 NIGHTTRY BUY fill_at=2026-08-10T20:39:59+00:00 features={"close": 0.855, "bb_lower": 0.8559312990904768, "bb_upper": 0.864449653290476, "rsi": 25.689458379835372, "mfi": 31.200152005241264, "atr": 0.001285714285714287}
[ENTRY] 2026-08-10T20:39:59+00:00 NIGHTTRY layer=1 value=530.65 entry=0.85564125 cash=4782.97
[SIGNAL] 2026-08-10T20:34:59+00:00 ALICETRY BUY fill_at=2026-08-10T20:39:59+00:00 features={"close": 5.83, "bb_lower": 5.845483432083495, "bb_upper": 6.041183234583172, "rsi": 30.456110117095164, "mfi": 10.248521378352578, "atr": 0.025714285714285672}
[ENTRY] 2026-08-10T20:39:59+00:00 ALICETRY layer=1 value=477.58 entry=5.83437250 cash=4304.67
[SCAN] 2026-08-10T20:39:59+00:00 symbols=20 signals=2 entries=2 exits=0 blocked=0 open=5 cash=4304.67 equity=9956.76
[SIGNAL] 2026-08-10T20:39:59+00:00 NIGHTTRY BUY fill_at=2026-08-10T20:44:59+00:00 features={"close": 0.854, "bb_lower": 0.8549580531039517, "bb_upper": 0.8649467088008104, "rsi": 24.020363954598622, "mfi": 5.286009555050626, "atr": 0.0010000000000000009}
[ENTRY] 2026-08-10T20:44:59+00:00 NIGHTTRY layer=2 value=429.82 entry=0.85664200 cash=3874.20
[SCAN] 2026-08-10T20:44:59+00:00 symbols=20 signals=1 entries=1 exits=0 blocked=0 open=5 cash=3874.20 equity=9948.76
[SCAN] 2026-08-10T20:49:59+00:00 symbols=20 signals=0 entries=0 exits=0 blocked=0 open=5 cash=3874.20 equity=9930.45
[SIGNAL] 2026-08-10T20:49:59+00:00 HOMETRY BUY fill_at=2026-08-10T20:54:59+00:00 features={"close": 0.456, "bb_lower": 0.4565742602018015, "bb_upper": 0.49180669217915074, "rsi": 25.2008349735994, "mfi": 32.093656168177034, "atr": 0.005071428571428564}
[BLOCKED] HOMETRY reason=max_layers
[SCAN] 2026-08-10T20:54:59+00:00 symbols=20 signals=1 entries=0 exits=0 blocked=1 open=5 cash=3874.20 equity=9945.38
[SCAN] 2026-08-10T20:59:59+00:00 symbols=20 signals=0 entries=0 exits=0 blocked=0 open=5 cash=3874.20 equity=9936.48
[SCAN] 2026-08-10T21:04:59+00:00 symbols=20 signals=0 entries=0 exits=0 blocked=0 open=5 cash=3874.20 equity=9942.14
[SCAN] 2026-08-10T21:09:59+00:00 symbols=20 signals=0 entries=0 exits=0 blocked=1 open=5 cash=3874.20 equity=9936.74
[SCAN] 2026-08-10T21:14:59+00:00 symbols=20 signals=0 entries=0 exits=0 blocked=0 open=5 cash=3874.20 equity=9938.81
[SCAN] 2026-08-10T21:19:59+00:00 symbols=20 signals=0 entries=0 exits=0 blocked=1 open=5 cash=3874.20 equity=9948.37
[SCAN] 2026-08-10T21:24:59+00:00 symbols=20 signals=0 entries=0 exits=0 blocked=1 open=5 cash=3874.20 equity=9940.47
[SCAN] 2026-08-10T21:29:59+00:00 symbols=20 signals=0 entries=0 exits=0 blocked=3 open=5 cash=3874.20 equity=9932.26
[EXIT] 2026-08-10T21:34:59+00:00 BBTRY reason=fixed_take_profit pnl=+36.75 cash=5810.95
[SCAN] 2026-08-10T21:34:59+00:00 symbols=20 signals=0 entries=0 exits=1 blocked=0 open=4 cash=5810.95 equity=9963.32
[SIGNAL] 2026-08-10T21:34:59+00:00 TURBOTRY BUY fill_at=2026-08-10T21:39:59+00:00 features={"close": 0.0404, "bb_lower": 0.04044835601522281, "bb_upper": 0.04097069160382479, "rsi": 29.3217153271858, "mfi": 46.20644395897649, "atr": 6.428571428571464e-05}
[ENTRY] 2026-08-10T21:39:59+00:00 TURBOTRY layer=1 value=580.22 entry=0.04043030 cash=5229.86
[SCAN] 2026-08-10T21:39:59+00:00 symbols=20 signals=1 entries=1 exits=0 blocked=0 open=5 cash=5229.86 equity=9957.42
[SIGNAL] 2026-08-10T21:39:59+00:00 TURBOTRY BUY fill_at=2026-08-10T21:44:59+00:00 features={"close": 0.0404, "bb_lower": 0.0404016047449885, "bb_upper": 0.04097934763596386, "rsi": 29.321715349235063, "mfi": 46.20644395897649, "atr": 5.714285714285729e-05}
[ENTRY] 2026-08-10T21:44:59+00:00 TURBOTRY layer=2 value=522.20 entry=0.04043030 cash=4706.87
[SCAN] 2026-08-10T21:44:59+00:00 symbols=20 signals=1 entries=1 exits=0 blocked=0 open=5 cash=4706.87 equity=9954.89
[SCAN] 2026-08-10T21:49:59+00:00 symbols=20 signals=0 entries=0 exits=0 blocked=1 open=5 cash=4706.87 equity=9955.40
[SCAN] 2026-08-10T21:54:59+00:00 symbols=20 signals=0 entries=0 exits=0 blocked=0 open=5 cash=4706.87 equity=9966.99
[SIGNAL] 2026-08-10T21:54:59+00:00 CRVTRY BUY fill_at=2026-08-10T21:59:59+00:00 features={"close": 12.27, "bb_lower": 12.296866313456045, "bb_upper": 12.543133686543955, "rsi": 42.588748785049305, "mfi": 36.002523383466965, "atr": 0.07928571428571475}
[ENTRY] 2026-08-10T21:59:59+00:00 CRVTRY layer=1 value=469.98 entry=12.27920250 cash=4236.18
[SCAN] 2026-08-10T21:59:59+00:00 symbols=20 signals=1 entries=1 exits=0 blocked=1 open=6 cash=4236.18 equity=9947.12
[EXIT] 2026-08-10T22:04:59+00:00 RETRY reason=fixed_take_profit pnl=+24.11 cash=5506.88
[SCAN] 2026-08-10T22:04:59+00:00 symbols=20 signals=0 entries=0 exits=1 blocked=1 open=5 cash=5506.88 equity=9963.53
[SIGNAL] 2026-08-10T22:04:59+00:00 PIXELTRY BUY fill_at=2026-08-10T22:09:59+00:00 features={"close": 0.214, "bb_lower": 0.21401845252620327, "bb_upper": 0.21645773794998724, "rsi": 38.78459801801175, "mfi": 19.42420499553846, "atr": 0.0005000000000000004}
[ENTRY] 2026-08-10T22:09:59+00:00 PIXELTRY layer=1 value=549.86 entry=0.21315975 cash=4956.19
[SCAN] 2026-08-10T22:09:59+00:00 symbols=20 signals=1 entries=1 exits=0 blocked=1 open=6 cash=4956.19 equity=9975.68
[SIGNAL] 2026-08-10T22:09:59+00:00 ALICETRY BUY fill_at=2026-08-10T22:14:59+00:00 features={"close": 5.77, "bb_lower": 5.779123870573909, "bb_upper": 5.874209462759423, "rsi": 21.785351477974288, "mfi": 7.954856464420331, "atr": 0.010714285714285612}
[ENTRY] 2026-08-10T22:14:59+00:00 ALICETRY layer=2 value=494.88 entry=5.79434250 cash=4460.57
[SCAN] 2026-08-10T22:14:59+00:00 symbols=20 signals=1 entries=1 exits=0 blocked=1 open=6 cash=4460.57 equity=9976.50
[SCAN] 2026-08-10T22:19:59+00:00 symbols=20 signals=0 entries=0 exits=0 blocked=0 open=6 cash=4460.57 equity=9968.37
[EXIT] 2026-08-10T22:24:59+00:00 CRVTRY reason=fixed_take_profit pnl=+9.10 cash=4940.36
[SCAN] 2026-08-10T22:24:59+00:00 symbols=20 signals=0 entries=0 exits=1 blocked=0 open=5 cash=4940.36 equity=9953.16
[SIGNAL] 2026-08-10T22:24:59+00:00 HOMETRY BUY fill_at=2026-08-10T22:29:59+00:00 features={"close": 0.442, "bb_lower": 0.4426689282063743, "bb_upper": 0.4597120241745782, "rsi": 31.58006499690474, "mfi": 34.924415829768705, "atr": 0.004428571428571433}
[BLOCKED] HOMETRY reason=max_layers
[SCAN] 2026-08-10T22:29:59+00:00 symbols=20 signals=1 entries=0 exits=0 blocked=1 open=5 cash=4940.36 equity=9953.16
[SCAN] 2026-08-10T22:34:59+00:00 symbols=20 signals=0 entries=0 exits=0 blocked=1 open=5 cash=4940.36 equity=9950.91
[SCAN] 2026-08-10T22:39:59+00:00 symbols=20 signals=0 entries=0 exits=0 blocked=2 open=5 cash=4940.36 equity=9942.30
[SCAN] 2026-08-10T22:44:59+00:00 symbols=20 signals=0 entries=0 exits=0 blocked=2 open=5 cash=4940.36 equity=9938.90
[SCAN] 2026-08-10T22:49:59+00:00 symbols=20 signals=0 entries=0 exits=0 blocked=0 open=5 cash=4940.36 equity=9945.95
[SCAN] 2026-08-10T22:54:59+00:00 symbols=20 signals=0 entries=0 exits=0 blocked=1 open=5 cash=4940.36 equity=9942.70
[SCAN] 2026-08-10T22:59:59+00:00 symbols=20 signals=0 entries=0 exits=0 blocked=0 open=5 cash=4940.36 equity=9940.12
[SIGNAL] 2026-08-10T22:59:59+00:00 PHATRY BUY fill_at=2026-08-10T23:04:59+00:00 features={"close": 1.14, "bb_lower": 1.1486396302122057, "bb_upper": 1.1751698935973183, "rsi": 22.778591728990747, "mfi": 54.3424856685386, "atr": 0.003571428571428575}
[ENTRY] 2026-08-10T23:04:59+00:00 PHATRY layer=1 value=493.30 entry=1.14085500 cash=4446.33
[SCAN] 2026-08-10T23:04:59+00:00 symbols=20 signals=1 entries=1 exits=0 blocked=1 open=6 cash=4446.33 equity=9916.78
[SIGNAL] 2026-08-10T23:04:59+00:00 MUBARAKTRY BUY fill_at=2026-08-10T23:09:59+00:00 features={"close": 1.084, "bb_lower": 1.0948203498164415, "bb_upper": 1.1283225073264158, "rsi": 35.73560387130087, "mfi": 54.59604956639678, "atr": 0.011071428571428574}
[ENTRY] 2026-08-10T23:09:59+00:00 MUBARAKTRY layer=1 value=443.97 entry=1.08281150 cash=4001.70
[SIGNAL] 2026-08-10T23:04:59+00:00 HOMETRY BUY fill_at=2026-08-10T23:09:59+00:00 features={"close": 0.434, "bb_lower": 0.4343249019165232, "bb_upper": 0.4555798599882387, "rsi": 26.25220559864296, "mfi": 42.04085224726714, "atr": 0.0038571428571428606}
[BLOCKED] HOMETRY reason=max_layers
[SIGNAL] 2026-08-10T23:04:59+00:00 PHATRY BUY fill_at=2026-08-10T23:09:59+00:00 features={"close": 1.13, "bb_lower": 1.1414835980045488, "bb_upper": 1.178516401995451, "rsi": 18.644258776410666, "mfi": 32.632676118290036, "atr": 0.003571428571428575}
[ENTRY] 2026-08-10T23:09:59+00:00 PHATRY layer=2 value=399.57 entry=1.13084750 cash=3601.53
[SCAN] 2026-08-10T23:09:59+00:00 symbols=20 signals=3 entries=2 exits=0 blocked=1 open=7 cash=3601.53 equity=9926.23
[SIGNAL] 2026-08-10T23:09:59+00:00 MUBARAKTRY BUY fill_at=2026-08-10T23:14:59+00:00 features={"close": 1.078, "bb_lower": 1.0883668782274365, "bb_upper": 1.1322045503439921, "rsi": 33.53149448593324, "mfi": 34.5405541047257, "atr": 0.011785714285714288}
[ENTRY] 2026-08-10T23:14:59+00:00 MUBARAKTRY layer=2 value=359.61 entry=1.08181075 cash=3241.37
[SIGNAL] 2026-08-10T23:09:59+00:00 PHATRY BUY fill_at=2026-08-10T23:14:59+00:00 features={"close": 1.13, "bb_lower": 1.1361697820319592, "bb_upper": 1.1800206941585165, "rsi": 18.644258826591013, "mfi": 25.51573863246591, "atr": 0.003571428571428575}
[BLOCKED] PHATRY reason=max_layers
[SCAN] 2026-08-10T23:14:59+00:00 symbols=20 signals=2 entries=1 exits=0 blocked=1 open=7 cash=3241.37 equity=9927.95
[SIGNAL] 2026-08-10T23:14:59+00:00 MUBARAKTRY BUY fill_at=2026-08-10T23:19:59+00:00 features={"close": 1.074, "bb_lower": 1.081658561623379, "bb_upper": 1.135103343138526, "rsi": 32.10151956890982, "mfi": 28.06076867461853, "atr": 0.01200000000000001}
[BLOCKED] MUBARAKTRY reason=max_layers
[SCAN] 2026-08-10T23:19:59+00:00 symbols=20 signals=1 entries=0 exits=0 blocked=2 open=7 cash=3241.37 equity=9910.69
[SIGNAL] 2026-08-10T23:19:59+00:00 MUBARAKTRY BUY fill_at=2026-08-10T23:24:59+00:00 features={"close": 1.066, "bb_lower": 1.0740150392607763, "bb_upper": 1.138080198834462, "rsi": 29.386256702836462, "mfi": 21.543976296905456, "atr": 0.012500000000000002}
[BLOCKED] MUBARAKTRY reason=max_layers
[SIGNAL] 2026-08-10T23:19:59+00:00 HEITRY BUY fill_at=2026-08-10T23:24:59+00:00 features={"close": 7.253, "bb_lower": 7.283538450803211, "bb_upper": 7.442271073006316, "rsi": 32.339404757083315, "mfi": 34.88069171773067, "atr": 0.03885714285714296}
[ENTRY] 2026-08-10T23:24:59+00:00 HEITRY layer=1 value=323.65 entry=7.26344350 cash=2917.24
[SCAN] 2026-08-10T23:24:59+00:00 symbols=20 signals=2 entries=1 exits=0 blocked=1 open=8 cash=2917.24 equity=9901.45
[SIGNAL] 2026-08-10T23:24:59+00:00 MUBARAKTRY BUY fill_at=2026-08-10T23:29:59+00:00 features={"close": 1.066, "bb_lower": 1.0677310815916905, "bb_upper": 1.1400784422178334, "rsi": 29.386256884191624, "mfi": 21.499468126175046, "atr": 0.012642857142857147}
[BLOCKED] MUBARAKTRY reason=max_layers
[SCAN] 2026-08-10T23:29:59+00:00 symbols=20 signals=1 entries=0 exits=0 blocked=2 open=8 cash=2917.24 equity=9895.14
[SIGNAL] 2026-08-10T23:29:59+00:00 MUBARAKTRY BUY fill_at=2026-08-10T23:34:59+00:00 features={"close": 1.045, "bb_lower": 1.057041229076654, "bb_upper": 1.1450540090185841, "rsi": 23.31170928859659, "mfi": 19.643358431806973, "atr": 0.01371428571428571}
[BLOCKED] MUBARAKTRY reason=max_layers
[EXIT] 2026-08-10T23:34:59+00:00 HOMETRY reason=fixed_stop_loss pnl=-141.94 cash=4314.29
[EXIT] 2026-08-10T23:34:59+00:00 MUBARAKTRY reason=fixed_stop_loss pnl=-74.23 cash=5044.85
[SCAN] 2026-08-10T23:34:59+00:00 symbols=20 signals=1 entries=0 exits=2 blocked=3 open=6 cash=5044.85 equity=9824.81
[SIGNAL] 2026-08-10T23:34:59+00:00 MUBARAKTRY BUY fill_at=2026-08-10T23:39:59+00:00 features={"close": 0.986, "bb_lower": 1.0296521275794364, "bb_upper": 1.1613002533729446, "rsi": 14.308993038088872, "mfi": 10.893769603874475, "atr": 0.019214285714285708}
[ENTRY] 2026-08-10T23:39:59+00:00 MUBARAKTRY layer=1 value=503.73 entry=0.98874100 cash=4540.37
[SCAN] 2026-08-10T23:39:59+00:00 symbols=20 signals=1 entries=1 exits=0 blocked=1 open=7 cash=4540.37 equity=9827.98
[SIGNAL] 2026-08-10T23:39:59+00:00 MUBARAKTRY BUY fill_at=2026-08-10T23:44:59+00:00 features={"close": 0.984, "bb_lower": 1.0087569633137956, "bb_upper": 1.170290655733823, "rsi": 14.10889968498661, "mfi": 10.609617691007912, "atr": 0.019571428571428573}
[ENTRY] 2026-08-10T23:44:59+00:00 MUBARAKTRY layer=2 value=453.36 entry=0.98874100 cash=4086.33
[SCAN] 2026-08-10T23:44:59+00:00 symbols=20 signals=1 entries=1 exits=0 blocked=1 open=7 cash=4086.33 equity=9821.89
[SIGNAL] 2026-08-10T23:44:59+00:00 MUBARAKTRY BUY fill_at=2026-08-10T23:49:59+00:00 features={"close": 0.982, "bb_lower": 0.9912684838633183, "bb_upper": 1.1753981828033482, "rsi": 13.89835274358505, "mfi": 8.96217453897421, "atr": 0.018928571428571437}
[BLOCKED] MUBARAKTRY reason=max_layers
[SCAN] 2026-08-10T23:49:59+00:00 symbols=20 signals=1 entries=0 exits=0 blocked=3 open=7 cash=4086.33 equity=9838.61
[EXIT] 2026-08-10T23:54:59+00:00 MUBARAKTRY reason=fixed_take_profit pnl=+18.54 cash=5063.39
[SCAN] 2026-08-10T23:54:59+00:00 symbols=20 signals=0 entries=0 exits=1 blocked=2 open=6 cash=5063.39 equity=9844.72
[SCAN] 2026-08-10T23:59:59+00:00 symbols=20 signals=0 entries=0 exits=0 blocked=1 open=6 cash=5063.39 equity=9839.53
[SCAN] 2026-08-11T00:04:59+00:00 symbols=20 signals=0 entries=0 exits=0 blocked=2 open=6 cash=5063.39 equity=9838.68
[SCAN] 2026-08-11T00:09:59+00:00 symbols=20 signals=0 entries=0 exits=0 blocked=3 open=6 cash=5063.39 equity=9818.40
[SCAN] 2026-08-11T00:14:59+00:00 symbols=20 signals=0 entries=0 exits=0 blocked=3 open=6 cash=5063.39 equity=9827.38
[SCAN] 2026-08-11T00:19:59+00:00 symbols=20 signals=0 entries=0 exits=0 blocked=2 open=6 cash=5063.39 equity=9832.00
[SIGNAL] 2026-08-11T00:19:59+00:00 BOMETRY BUY fill_at=2026-08-11T00:24:59+00:00 features={"close": 0.03877, "bb_lower": 0.03884711871219847, "bb_upper": 0.03958907176399201, "rsi": 33.32949906012638, "mfi": 38.818424926290696, "atr": 0.00020785714285714258}
[ENTRY] 2026-08-11T00:24:59+00:00 BOMETRY layer=1 value=505.58 entry=0.03885912 cash=4557.05
[SCAN] 2026-08-11T00:24:59+00:00 symbols=20 signals=1 entries=1 exits=0 blocked=0 open=7 cash=4557.05 equity=9843.25
[SCAN] 2026-08-11T00:29:59+00:00 symbols=20 signals=0 entries=0 exits=0 blocked=0 open=7 cash=4557.05 equity=9840.42
[SCAN] 2026-08-11T00:34:59+00:00 symbols=20 signals=0 entries=0 exits=0 blocked=0 open=7 cash=4557.05 equity=9835.25
[SIGNAL] 2026-08-11T00:34:59+00:00 BOMETRY BUY fill_at=2026-08-11T00:39:59+00:00 features={"close": 0.03841, "bb_lower": 0.03867950253146903, "bb_upper": 0.03969192603995953, "rsi": 30.691796447216362, "mfi": 24.59326558883015, "atr": 0.00024714285714285696}
[ENTRY] 2026-08-11T00:39:59+00:00 BOMETRY layer=2 value=455.02 entry=0.03844882 cash=4101.35
[SIGNAL] 2026-08-11T00:34:59+00:00 HEITRY BUY fill_at=2026-08-11T00:39:59+00:00 features={"close": 7.095, "bb_lower": 7.116247872468699, "bb_upper": 7.37251403229321, "rsi": 23.215539164721264, "mfi": 19.417214812342436, "atr": 0.03499999999999976}
[ENTRY] 2026-08-11T00:39:59+00:00 HEITRY layer=2 value=409.52 entry=7.09231525 cash=3691.21
[SCAN] 2026-08-11T00:39:59+00:00 symbols=20 signals=2 entries=2 exits=0 blocked=0 open=7 cash=3691.21 equity=9817.66
[SIGNAL] 2026-08-11T00:39:59+00:00 BOMETRY BUY fill_at=2026-08-11T00:44:59+00:00 features={"close": 0.03803, "bb_lower": 0.03842479160708516, "bb_upper": 0.039837113154819595, "rsi": 25.75399342073115, "mfi": 22.300509370742972, "atr": 0.00027499999999999996}
[BLOCKED] BOMETRY reason=max_layers
[SIGNAL] 2026-08-11T00:39:59+00:00 HEITRY BUY fill_at=2026-08-11T00:44:59+00:00 features={"close": 7.074, "bb_lower": 7.0920448977536195, "bb_upper": 7.371193197484479, "rsi": 21.666382141731575, "mfi": 20.497594873190124, "atr": 0.03907142857142836}
[BLOCKED] HEITRY reason=max_layers
[SCAN] 2026-08-11T00:44:59+00:00 symbols=20 signals=2 entries=0 exits=0 blocked=2 open=7 cash=3691.21 equity=9823.23
[SIGNAL] 2026-08-11T00:44:59+00:00 ACTTRY BUY fill_at=2026-08-11T00:49:59+00:00 features={"close": 0.518, "bb_lower": 0.5209491476395118, "bb_upper": 0.5398318047414408, "rsi": 30.42467393612293, "mfi": 13.810867556709411, "atr": 0.004092857142857136}
[ENTRY] 2026-08-11T00:49:59+00:00 ACTTRY layer=1 value=368.57 entry=0.51978955 cash=3322.09
[SCAN] 2026-08-11T00:49:59+00:00 symbols=20 signals=1 entries=1 exits=0 blocked=1 open=8 cash=3322.09 equity=9825.48
[SCAN] 2026-08-11T00:54:59+00:00 symbols=20 signals=0 entries=0 exits=0 blocked=1 open=8 cash=3322.09 equity=9832.97
[EXIT] 2026-08-11T00:59:59+00:00 ACTTRY reason=fixed_take_profit pnl=+7.14 cash=3698.35
[SCAN] 2026-08-11T00:59:59+00:00 symbols=20 signals=0 entries=0 exits=1 blocked=1 open=7 cash=3698.35 equity=9828.08
[SCAN] 2026-08-11T01:04:59+00:00 symbols=20 signals=0 entries=0 exits=0 blocked=1 open=7 cash=3698.35 equity=9824.65
[SCAN] 2026-08-11T01:09:59+00:00 symbols=20 signals=0 entries=0 exits=0 blocked=1 open=7 cash=3698.35 equity=9842.87
[EXIT] 2026-08-11T01:14:59+00:00 HEITRY reason=fixed_take_profit pnl=+14.20 cash=4446.82
[SCAN] 2026-08-11T01:14:59+00:00 symbols=20 signals=0 entries=0 exits=1 blocked=0 open=6 cash=4446.82 equity=9869.06
[SCAN] 2026-08-11T01:19:59+00:00 symbols=20 signals=0 entries=0 exits=0 blocked=0 open=6 cash=4446.82 equity=9868.25
[SCAN] 2026-08-11T01:24:59+00:00 symbols=20 signals=0 entries=0 exits=0 blocked=0 open=6 cash=4446.82 equity=9875.36
[SCAN] 2026-08-11T01:29:59+00:00 symbols=20 signals=0 entries=0 exits=0 blocked=0 open=6 cash=4446.82 equity=9876.59
[SIGNAL] 2026-08-11T01:29:59+00:00 MUBARAKTRY BUY fill_at=2026-08-11T01:34:59+00:00 features={"close": 0.975, "bb_lower": 0.9751330077347069, "bb_upper": 1.0375336589319601, "rsi": 34.01756626323291, "mfi": 58.88197643241153, "atr": 0.01435714285714283}
[ENTRY] 2026-08-11T01:34:59+00:00 MUBARAKTRY layer=1 value=444.02 entry=0.97573125 cash=4002.14
[SCAN] 2026-08-11T01:34:59+00:00 symbols=20 signals=1 entries=1 exits=0 blocked=0 open=7 cash=4002.14 equity=9869.43
[SIGNAL] 2026-08-11T01:34:59+00:00 MUBARAKTRY BUY fill_at=2026-08-11T01:39:59+00:00 features={"close": 0.967, "bb_lower": 0.9694737518490114, "bb_upper": 1.0401452957700368, "rsi": 31.946852739074544, "mfi": 54.070942977287025, "atr": 0.01435714285714283}
[ENTRY] 2026-08-11T01:39:59+00:00 MUBARAKTRY layer=2 value=399.61 entry=0.96572375 cash=3601.93
[SCAN] 2026-08-11T01:39:59+00:00 symbols=20 signals=1 entries=1 exits=0 blocked=0 open=7 cash=3601.93 equity=9836.92
[SIGNAL] 2026-08-11T01:39:59+00:00 MUBARAKTRY BUY fill_at=2026-08-11T01:44:59+00:00 features={"close": 0.952, "bb_lower": 0.9602752785395471, "bb_upper": 1.043724721460453, "rsi": 28.431420609695536, "mfi": 31.440682350391498, "atr": 0.014214285714285688}
[BLOCKED] MUBARAKTRY reason=max_layers
[SCAN] 2026-08-11T01:44:59+00:00 symbols=20 signals=1 entries=0 exits=0 blocked=3 open=7 cash=3601.93 equity=9832.20
[SIGNAL] 2026-08-11T01:44:59+00:00 MUBARAKTRY BUY fill_at=2026-08-11T01:49:59+00:00 features={"close": 0.945, "bb_lower": 0.950903716388225, "bb_upper": 1.0463343788498705, "rsi": 26.93309633178343, "mfi": 25.629046324842633, "atr": 0.01349999999999998}
[BLOCKED] MUBARAKTRY reason=max_layers
[SCAN] 2026-08-11T01:49:59+00:00 symbols=20 signals=1 entries=0 exits=0 blocked=4 open=7 cash=3601.93 equity=9829.85
[SCAN] 2026-08-11T01:54:59+00:00 symbols=20 signals=0 entries=0 exits=0 blocked=2 open=7 cash=3601.93 equity=9829.74
[SIGNAL] 2026-08-11T01:54:59+00:00 MUBARAKTRY BUY fill_at=2026-08-11T01:59:59+00:00 features={"close": 0.935, "bb_lower": 0.9360609965969875, "bb_upper": 1.0447009081649168, "rsi": 25.10405122091352, "mfi": 34.59115656412777, "atr": 0.013071428571428552}
[BLOCKED] MUBARAKTRY reason=max_layers
[SIGNAL] 2026-08-11T01:54:59+00:00 BBTRY BUY fill_at=2026-08-11T01:59:59+00:00 features={"close": 0.658, "bb_lower": 0.6580690114644834, "bb_upper": 0.6666928932974214, "rsi": 39.914563349931, "mfi": 37.901503128269425, "atr": 0.0023785714285714204}
[ENTRY] 2026-08-11T01:59:59+00:00 BBTRY layer=1 value=359.65 entry=0.65669215 cash=3241.73
[SCAN] 2026-08-11T01:59:59+00:00 symbols=20 signals=2 entries=1 exits=0 blocked=3 open=8 cash=3241.73 equity=9843.66
[EXIT] 2026-08-11T02:04:59+00:00 NIGHTTRY reason=bb_mfi_v3_signal_exit pnl=-2.58 cash=4201.06
[SIGNAL] 2026-08-11T01:59:59+00:00 THETRY BUY fill_at=2026-08-11T02:04:59+00:00 features={"close": 3.121, "bb_lower": 3.134008236554438, "bb_upper": 3.2047536682074655, "rsi": 38.143574261245874, "mfi": 46.58097815531031, "atr": 0.021142857142857192}
[ENTRY] 2026-08-11T02:04:59+00:00 THETRY layer=1 value=419.48 entry=3.13534975 cash=3780.96
[SCAN] 2026-08-11T02:04:59+00:00 symbols=20 signals=1 entries=1 exits=1 blocked=2 open=8 cash=3780.96 equity=9848.07
[SIGNAL] 2026-08-11T02:04:59+00:00 THETRY BUY fill_at=2026-08-11T02:09:59+00:00 features={"close": 3.118, "bb_lower": 3.125405436815031, "bb_upper": 3.2068802774706837, "rsi": 37.527080745397626, "mfi": 43.49396495750427, "atr": 0.02121428571428576}
[ENTRY] 2026-08-11T02:09:59+00:00 THETRY layer=2 value=377.53 entry=3.12033850 cash=3402.86
[SCAN] 2026-08-11T02:09:59+00:00 symbols=20 signals=1 entries=1 exits=0 blocked=1 open=8 cash=3402.86 equity=9834.76
[SIGNAL] 2026-08-11T02:09:59+00:00 THETRY BUY fill_at=2026-08-11T02:14:59+00:00 features={"close": 3.105, "bb_lower": 3.115181305115926, "bb_upper": 3.2118663139316945, "rsi": 34.8805630513113, "mfi": 36.80720386426346, "atr": 0.020714285714285716}
[BLOCKED] THETRY reason=max_layers
[SCAN] 2026-08-11T02:14:59+00:00 symbols=20 signals=1 entries=0 exits=0 blocked=2 open=8 cash=3402.86 equity=9794.56
[SIGNAL] 2026-08-11T02:14:59+00:00 BOMETRY BUY fill_at=2026-08-11T02:19:59+00:00 features={"close": 0.03721, "bb_lower": 0.037525718705127345, "bb_upper": 0.03916761462820598, "rsi": 26.834139490014806, "mfi": 43.693333640684536, "atr": 0.00033857142857142815}
[BLOCKED] BOMETRY reason=max_layers
[SIGNAL] 2026-08-11T02:14:59+00:00 THETRY BUY fill_at=2026-08-11T02:19:59+00:00 features={"close": 3.078, "bb_lower": 3.0987452817621857, "bb_upper": 3.2193499563330525, "rsi": 30.10379847295239, "mfi": 28.923889053329944, "atr": 0.021428571428571446}
[BLOCKED] THETRY reason=max_layers
[SCAN] 2026-08-11T02:19:59+00:00 symbols=20 signals=2 entries=0 exits=0 blocked=2 open=8 cash=3402.86 equity=9793.46
[SIGNAL] 2026-08-11T02:19:59+00:00 BOMETRY BUY fill_at=2026-08-11T02:24:59+00:00 features={"close": 0.03691, "bb_lower": 0.03725253171280412, "bb_upper": 0.03929794447767208, "rsi": 24.25412912427352, "mfi": 31.63213628916718, "atr": 0.00034071428571428545}
[BLOCKED] BOMETRY reason=max_layers
[SCAN] 2026-08-11T02:24:59+00:00 symbols=20 signals=1 entries=0 exits=0 blocked=3 open=8 cash=3402.86 equity=9805.80
[SIGNAL] 2026-08-11T02:24:59+00:00 BOMETRY BUY fill_at=2026-08-11T02:29:59+00:00 features={"close": 0.03676, "bb_lower": 0.037007630412376216, "bb_upper": 0.03942189339714759, "rsi": 23.053516058755008, "mfi": 27.8798599162223, "atr": 0.0003128571428571425}
[BLOCKED] BOMETRY reason=max_layers
[SCAN] 2026-08-11T02:29:59+00:00 symbols=20 signals=1 entries=0 exits=0 blocked=1 open=8 cash=3402.86 equity=9777.82
[SCAN] 2026-08-11T02:34:59+00:00 symbols=20 signals=0 entries=0 exits=0 blocked=1 open=8 cash=3402.86 equity=9766.71
[SIGNAL] 2026-08-11T02:34:59+00:00 PIXELTRY BUY fill_at=2026-08-11T02:39:59+00:00 features={"close": 0.213, "bb_lower": 0.2132620937382835, "bb_upper": 0.21626171578552608, "rsi": 20.833441609007906, "mfi": 0.00905862694719417, "atr": 0.00035714285714285747}
[ENTRY] 2026-08-11T02:39:59+00:00 PIXELTRY layer=2 value=339.78 entry=0.21315975 cash=3062.57
[SIGNAL] 2026-08-11T02:34:59+00:00 BBTRY BUY fill_at=2026-08-11T02:39:59+00:00 features={"close": 0.649, "bb_lower": 0.6521515756291564, "bb_upper": 0.668934138656558, "rsi": 27.20784385580835, "mfi": 23.376618377065185, "atr": 0.0021428571428571447}
[ENTRY] 2026-08-11T02:39:59+00:00 BBTRY layer=2 value=305.80 entry=0.65008720 cash=2756.32
[SCAN] 2026-08-11T02:39:59+00:00 symbols=20 signals=2 entries=2 exits=0 blocked=0 open=8 cash=2756.32 equity=9763.36
[SIGNAL] 2026-08-11T02:39:59+00:00 PIXELTRY BUY fill_at=2026-08-11T02:44:59+00:00 features={"close": 0.213, "bb_lower": 0.21304834071405046, "bb_upper": 0.21618975452404485, "rsi": 20.833441465713378, "mfi": 0.00905862694719417, "atr": 0.00035714285714285747}
[BLOCKED] PIXELTRY reason=max_layers
[SIGNAL] 2026-08-11T02:39:59+00:00 BBTRY BUY fill_at=2026-08-11T02:44:59+00:00 features={"close": 0.6494, "bb_lower": 0.6504614027527341, "bb_upper": 0.6690719305805993, "rsi": 28.505053646438157, "mfi": 18.9626276920512, "atr": 0.0020999999999999986}
[BLOCKED] BBTRY reason=max_layers
[SCAN] 2026-08-11T02:44:59+00:00 symbols=20 signals=2 entries=0 exits=0 blocked=2 open=8 cash=2756.32 equity=9759.03
[SCAN] 2026-08-11T02:49:59+00:00 symbols=20 signals=0 entries=0 exits=0 blocked=0 open=8 cash=2756.32 equity=9748.25
[SIGNAL] 2026-08-11T02:49:59+00:00 BBTRY BUY fill_at=2026-08-11T02:54:59+00:00 features={"close": 0.6464, "bb_lower": 0.6473203664625756, "bb_upper": 0.6687939192517104, "rsi": 24.640028652173356, "mfi": 11.92443469031545, "atr": 0.0020285714285714273}
[BLOCKED] BBTRY reason=max_layers
[SCAN] 2026-08-11T02:54:59+00:00 symbols=20 signals=1 entries=0 exits=0 blocked=1 open=8 cash=2756.32 equity=9746.38
[SCAN] 2026-08-11T02:59:59+00:00 symbols=20 signals=0 entries=0 exits=0 blocked=1 open=8 cash=2756.32 equity=9752.10
[SCAN] 2026-08-11T03:04:59+00:00 symbols=20 signals=0 entries=0 exits=0 blocked=1 open=8 cash=2756.32 equity=9745.33
[SIGNAL] 2026-08-11T03:04:59+00:00 PARTITRY BUY fill_at=2026-08-11T03:09:59+00:00 features={"close": 1.2, "bb_lower": 1.203496354280059, "bb_upper": 1.2269798361961315, "rsi": 26.788778470242647, "mfi": 39.533278257408476, "atr": 0.0021428571428571447}
[ENTRY] 2026-08-11T03:09:59+00:00 PARTITRY layer=1 value=275.22 entry=1.20090000 cash=2480.68
[SCAN] 2026-08-11T03:09:59+00:00 symbols=20 signals=1 entries=1 exits=0 blocked=0 open=9 cash=2480.68 equity=9746.21
[SCAN] 2026-08-11T03:14:59+00:00 symbols=20 signals=0 entries=0 exits=0 blocked=0 open=9 cash=2480.68 equity=9743.98
[SCAN] 2026-08-11T03:19:59+00:00 symbols=20 signals=0 entries=0 exits=0 blocked=1 open=9 cash=2480.68 equity=9748.38
[SIGNAL] 2026-08-11T03:19:59+00:00 TLMTRY BUY fill_at=2026-08-11T03:24:59+00:00 features={"close": 0.0765, "bb_lower": 0.0765549359882053, "bb_upper": 0.07736887353560422, "rsi": 42.79821293051127, "mfi": 39.08367918776806, "atr": 0.00021428571428571446}
[ENTRY] 2026-08-11T03:24:59+00:00 TLMTRY layer=1 value=247.70 entry=0.07655737 cash=2232.62
[SCAN] 2026-08-11T03:24:59+00:00 symbols=20 signals=1 entries=1 exits=0 blocked=0 open=10 cash=2232.62 equity=9732.68
[SIGNAL] 2026-08-11T03:24:59+00:00 WLDTRY BUY fill_at=2026-08-11T03:29:59+00:00 features={"close": 15.98, "bb_lower": 15.983527483449487, "bb_upper": 16.240282040360036, "rsi": 31.987111698321144, "mfi": 6.640640103672027, "atr": 0.030714285714285694}
[ENTRY] 2026-08-11T03:29:59+00:00 WLDTRY layer=1 value=222.93 entry=16.04202250 cash=2009.35
[SIGNAL] 2026-08-11T03:24:59+00:00 TLMTRY BUY fill_at=2026-08-11T03:29:59+00:00 features={"close": 0.0765, "bb_lower": 0.07651325173777529, "bb_upper": 0.07739151016698662, "rsi": 42.79821296713084, "mfi": 51.74645937217349, "atr": 0.0001999999999999998}
[ENTRY] 2026-08-11T03:29:59+00:00 TLMTRY layer=2 value=200.63 entry=0.07705775 cash=1808.42
[SCAN] 2026-08-11T03:29:59+00:00 symbols=20 signals=2 entries=2 exits=0 blocked=1 open=11 cash=1808.42 equity=9729.54
[SCAN] 2026-08-11T03:34:59+00:00 symbols=20 signals=0 entries=0 exits=0 blocked=1 open=11 cash=1808.42 equity=9719.22
[SIGNAL] 2026-08-11T03:34:59+00:00 WLDTRY BUY fill_at=2026-08-11T03:39:59+00:00 features={"close": 15.95, "bb_lower": 15.955201648718797, "bb_upper": 16.247655494138346, "rsi": 32.62751337158845, "mfi": 6.916749467552904, "atr": 0.033571428571428745}
[ENTRY] 2026-08-11T03:39:59+00:00 WLDTRY layer=2 value=180.57 entry=15.98197750 cash=1627.58
[SCAN] 2026-08-11T03:39:59+00:00 symbols=20 signals=1 entries=1 exits=0 blocked=1 open=11 cash=1627.58 equity=9732.73
[SIGNAL] 2026-08-11T03:39:59+00:00 TLMTRY BUY fill_at=2026-08-11T03:44:59+00:00 features={"close": 0.0764, "bb_lower": 0.07640040092146504, "bb_upper": 0.07736150384043973, "rsi": 43.21510934770853, "mfi": 32.74521051304923, "atr": 0.0002642857142857149}
[BLOCKED] TLMTRY reason=max_layers
[SCAN] 2026-08-11T03:44:59+00:00 symbols=20 signals=1 entries=0 exits=0 blocked=1 open=11 cash=1627.58 equity=9743.81
[EXIT] 2026-08-11T03:49:59+00:00 PARTITRY reason=fixed_take_profit pnl=+5.33 cash=1908.54
[SCAN] 2026-08-11T03:49:59+00:00 symbols=20 signals=0 entries=0 exits=1 blocked=1 open=10 cash=1908.54 equity=9755.96
[SCAN] 2026-08-11T03:54:59+00:00 symbols=20 signals=0 entries=0 exits=0 blocked=1 open=10 cash=1908.54 equity=9757.47
[SCAN] 2026-08-11T03:59:59+00:00 symbols=20 signals=0 entries=0 exits=0 blocked=1 open=10 cash=1908.54 equity=9758.11
[EXIT] 2026-08-11T04:04:59+00:00 ALICETRY reason=bb_mfi_v3_signal_exit pnl=-2.63 cash=2879.82
[SCAN] 2026-08-11T04:04:59+00:00 symbols=20 signals=0 entries=0 exits=1 blocked=0 open=9 cash=2879.82 equity=9736.15
[SIGNAL] 2026-08-11T04:04:59+00:00 PIXELTRY BUY fill_at=2026-08-11T04:09:59+00:00 features={"close": 0.212, "bb_lower": 0.21207637723550615, "bb_upper": 0.21401886085973199, "rsi": 31.342410061387255, "mfi": 26.076415874543713, "atr": 0.00042857142857142893}
[BLOCKED] PIXELTRY reason=max_layers
[SCAN] 2026-08-11T04:09:59+00:00 symbols=20 signals=1 entries=0 exits=0 blocked=1 open=9 cash=2879.82 equity=9740.43
[SIGNAL] 2026-08-11T04:09:59+00:00 CRVTRY BUY fill_at=2026-08-11T04:14:59+00:00 features={"close": 12.6, "bb_lower": 12.635347301157585, "bb_upper": 13.025605079794795, "rsi": 35.659820595435036, "mfi": 44.18516225939162, "atr": 0.09928571428571445}
[ENTRY] 2026-08-11T04:14:59+00:00 CRVTRY layer=1 value=287.55 entry=12.60945000 cash=2591.84
[SCAN] 2026-08-11T04:14:59+00:00 symbols=20 signals=1 entries=1 exits=0 blocked=0 open=10 cash=2591.84 equity=9749.91
[SIGNAL] 2026-08-11T04:14:59+00:00 CRVTRY BUY fill_at=2026-08-11T04:19:59+00:00 features={"close": 12.57, "bb_lower": 12.593297444990373, "bb_upper": 13.041940650247717, "rsi": 34.10898178310731, "mfi": 43.518632673453965, "atr": 0.0928571428571429}
[ENTRY] 2026-08-11T04:19:59+00:00 CRVTRY layer=2 value=258.80 entry=12.56942000 cash=2332.66
[SCAN] 2026-08-11T04:19:59+00:00 symbols=20 signals=1 entries=1 exits=0 blocked=0 open=10 cash=2332.66 equity=9760.70
[EXIT] 2026-08-11T04:24:59+00:00 CRVTRY reason=fixed_take_profit pnl=+10.58 cash=2890.41
[SCAN] 2026-08-11T04:24:59+00:00 symbols=20 signals=0 entries=0 exits=1 blocked=0 open=9 cash=2890.41 equity=9757.90
[SCAN] 2026-08-11T04:29:59+00:00 symbols=20 signals=0 entries=0 exits=0 blocked=0 open=9 cash=2890.41 equity=9729.30
[SCAN] 2026-08-11T04:34:59+00:00 symbols=20 signals=0 entries=0 exits=0 blocked=1 open=9 cash=2890.41 equity=9716.70
[SCAN] 2026-08-11T04:39:59+00:00 symbols=20 signals=0 entries=0 exits=0 blocked=3 open=9 cash=2890.41 equity=9728.63
[SCAN] 2026-08-11T04:44:59+00:00 symbols=20 signals=0 entries=0 exits=0 blocked=3 open=9 cash=2890.41 equity=9732.78
[SCAN] 2026-08-11T04:49:59+00:00 symbols=20 signals=0 entries=0 exits=0 blocked=2 open=9 cash=2890.41 equity=9717.44
[SCAN] 2026-08-11T04:54:59+00:00 symbols=20 signals=0 entries=0 exits=0 blocked=2 open=9 cash=2890.41 equity=9712.65
[SCAN] 2026-08-11T04:59:59+00:00 symbols=20 signals=0 entries=0 exits=0 blocked=1 open=9 cash=2890.41 equity=9692.44
[SIGNAL] 2026-08-11T04:59:59+00:00 HEITRY BUY fill_at=2026-08-11T05:04:59+00:00 features={"close": 7.249, "bb_lower": 7.278706016174997, "bb_upper": 7.800532079063098, "rsi": 35.555126718273485, "mfi": 35.188070269468156, "atr": 0.09892857142857135}
[ENTRY] 2026-08-11T05:04:59+00:00 HEITRY layer=1 value=288.61 entry=7.25243525 cash=2601.36
[EXIT] 2026-08-11T05:04:59+00:00 MUBARAKTRY reason=fixed_stop_loss pnl=-77.93 cash=3368.34
[SCAN] 2026-08-11T05:04:59+00:00 symbols=20 signals=1 entries=1 exits=1 blocked=3 open=9 cash=3368.34 equity=9688.05
[SIGNAL] 2026-08-11T05:04:59+00:00 WLDTRY BUY fill_at=2026-08-11T05:09:59+00:00 features={"close": 15.92, "bb_lower": 15.927015883263142, "bb_upper": 16.025365069117814, "rsi": 35.59412759377082, "mfi": 27.116306833610494, "atr": 0.035714285714285844}
[BLOCKED] WLDTRY reason=max_layers
[SCAN] 2026-08-11T05:09:59+00:00 symbols=20 signals=1 entries=0 exits=0 blocked=2 open=9 cash=3368.34 equity=9701.93
[SCAN] 2026-08-11T05:14:59+00:00 symbols=20 signals=0 entries=0 exits=0 blocked=0 open=9 cash=3368.34 equity=9712.93
[SCAN] 2026-08-11T05:19:59+00:00 symbols=20 signals=0 entries=0 exits=0 blocked=0 open=9 cash=3368.34 equity=9712.58
[SIGNAL] 2026-08-11T05:19:59+00:00 WLDTRY BUY fill_at=2026-08-11T05:24:59+00:00 features={"close": 15.9, "bb_lower": 15.906087451833187, "bb_upper": 16.027245881500154, "rsi": 33.81900885952733, "mfi": 24.163803963737934, "atr": 0.03500000000000002}
[BLOCKED] WLDTRY reason=max_layers
[SIGNAL] 2026-08-11T05:19:59+00:00 ACTTRY BUY fill_at=2026-08-11T05:24:59+00:00 features={"close": 0.5255, "bb_lower": 0.5288904339412852, "bb_upper": 0.5455286136777622, "rsi": 35.138517089712266, "mfi": 26.519646187676756, "atr": 0.0038071428571428423}
[ENTRY] 2026-08-11T05:24:59+00:00 ACTTRY layer=1 value=336.33 entry=0.52479330 cash=3031.50
[SCAN] 2026-08-11T05:24:59+00:00 symbols=20 signals=2 entries=1 exits=0 blocked=2 open=10 cash=3031.50 equity=9714.71
[SCAN] 2026-08-11T05:29:59+00:00 symbols=20 signals=0 entries=0 exits=0 blocked=2 open=10 cash=3031.50 equity=9701.12
[SIGNAL] 2026-08-11T05:29:59+00:00 ACTTRY BUY fill_at=2026-08-11T05:34:59+00:00 features={"close": 0.5266, "bb_lower": 0.5266614125964167, "bb_upper": 0.5465195397845356, "rsi": 38.496705966112486, "mfi": 40.6137455198534, "atr": 0.004185714285714269}
[ENTRY] 2026-08-11T05:34:59+00:00 ACTTRY layer=2 value=302.70 entry=0.52749533 cash=2728.35
[SCAN] 2026-08-11T05:34:59+00:00 symbols=20 signals=1 entries=1 exits=0 blocked=2 open=10 cash=2728.35 equity=9677.48
[SIGNAL] 2026-08-11T05:34:59+00:00 ACTTRY BUY fill_at=2026-08-11T05:39:59+00:00 features={"close": 0.5206, "bb_lower": 0.5237691623039684, "bb_upper": 0.5475451234103172, "rsi": 32.0195286637795, "mfi": 36.6466555981904, "atr": 0.00453571428571427}
[BLOCKED] ACTTRY reason=max_layers
[SCAN] 2026-08-11T05:39:59+00:00 symbols=20 signals=1 entries=0 exits=0 blocked=3 open=10 cash=2728.35 equity=9674.67
[SIGNAL] 2026-08-11T05:39:59+00:00 ACTTRY BUY fill_at=2026-08-11T05:44:59+00:00 features={"close": 0.5185, "bb_lower": 0.5209585564645984, "bb_upper": 0.5480985863925443, "rsi": 30.099317413434633, "mfi": 36.24059269282264, "atr": 0.004714285714285703}
[BLOCKED] ACTTRY reason=max_layers
[SCAN] 2026-08-11T05:44:59+00:00 symbols=20 signals=1 entries=0 exits=0 blocked=2 open=10 cash=2728.35 equity=9677.94
[SIGNAL] 2026-08-11T05:44:59+00:00 ACTTRY BUY fill_at=2026-08-11T05:49:59+00:00 features={"close": 0.5176, "bb_lower": 0.5184836937816114, "bb_upper": 0.5481924966945789, "rsi": 29.28395784080243, "mfi": 30.57681878940639, "atr": 0.004564285714285711}
[BLOCKED] ACTTRY reason=max_layers
[SCAN] 2026-08-11T05:49:59+00:00 symbols=20 signals=1 entries=0 exits=0 blocked=1 open=10 cash=2728.35 equity=9664.35
[SIGNAL] 2026-08-11T05:49:59+00:00 ACTTRY BUY fill_at=2026-08-11T05:54:59+00:00 features={"close": 0.514, "bb_lower": 0.5155794572717705, "bb_upper": 0.5484014951091818, "rsi": 26.20756822322761, "mfi": 34.977126674025996, "atr": 0.004935714285714281}
[BLOCKED] ACTTRY reason=max_layers
[SCAN] 2026-08-11T05:54:59+00:00 symbols=20 signals=1 entries=0 exits=0 blocked=1 open=10 cash=2728.35 equity=9662.97
[SCAN] 2026-08-11T05:59:59+00:00 symbols=20 signals=0 entries=0 exits=0 blocked=0 open=10 cash=2728.35 equity=9649.64
[SIGNAL] 2026-08-11T05:59:59+00:00 WLDTRY BUY fill_at=2026-08-11T06:04:59+00:00 features={"close": 15.86, "bb_lower": 15.865147186257614, "bb_upper": 16.034852813742386, "rsi": 33.2661197914133, "mfi": 40.376832912313176, "atr": 0.04071428571428586}
[BLOCKED] WLDTRY reason=max_layers
[SIGNAL] 2026-08-11T05:59:59+00:00 CRVTRY BUY fill_at=2026-08-11T06:04:59+00:00 features={"close": 12.57, "bb_lower": 12.591552978658076, "bb_upper": 12.890351783246686, "rsi": 34.6062646975209, "mfi": 34.08426855393854, "atr": 0.06785714285714269}
[ENTRY] 2026-08-11T06:04:59+00:00 CRVTRY layer=1 value=272.43 entry=12.56942000 cash=2455.52
[SIGNAL] 2026-08-11T05:59:59+00:00 THETRY BUY fill_at=2026-08-11T06:04:59+00:00 features={"close": 3.045, "bb_lower": 3.053020313432897, "bb_upper": 3.1306939722813873, "rsi": 36.958235528800614, "mfi": 34.12884734292582, "atr": 0.0203571428571429}
[BLOCKED] THETRY reason=max_layers
[SCAN] 2026-08-11T06:04:59+00:00 symbols=20 signals=3 entries=1 exits=0 blocked=3 open=11 cash=2455.52 equity=9614.17
[SIGNAL] 2026-08-11T06:04:59+00:00 WLDTRY BUY fill_at=2026-08-11T06:09:59+00:00 features={"close": 15.84, "bb_lower": 15.848010327584582, "bb_upper": 16.0377039581297, "rsi": 31.038971169249535, "mfi": 36.016240059629475, "atr": 0.04142857142857143}
[BLOCKED] WLDTRY reason=max_layers
[SIGNAL] 2026-08-11T06:04:59+00:00 THETRY BUY fill_at=2026-08-11T06:09:59+00:00 features={"close": 3.024, "bb_lower": 3.0411893165702693, "bb_upper": 3.133096397715445, "rsi": 33.318411705996155, "mfi": 34.32117604330931, "atr": 0.02185714285714289}
[BLOCKED] THETRY reason=max_layers
[SIGNAL] 2026-08-11T06:04:59+00:00 TLMTRY BUY fill_at=2026-08-11T06:09:59+00:00 features={"close": 0.0758, "bb_lower": 0.07588288156355057, "bb_upper": 0.07677426129359229, "rsi": 37.1029967412867, "mfi": 34.23410987618392, "atr": 0.0002499999999999982}
[BLOCKED] TLMTRY reason=max_layers
[SIGNAL] 2026-08-11T06:04:59+00:00 BBTRY BUY fill_at=2026-08-11T06:09:59+00:00 features={"close": 0.6286, "bb_lower": 0.6354969863857457, "bb_upper": 0.6488934898047306, "rsi": 22.062661097852626, "mfi": 14.05157493618934, "atr": 0.002514285714285723}
[BLOCKED] BBTRY reason=max_layers
[SCAN] 2026-08-11T06:09:59+00:00 symbols=20 signals=4 entries=0 exits=0 blocked=5 open=11 cash=2455.52 equity=9609.70
[SIGNAL] 2026-08-11T06:09:59+00:00 THETRY BUY fill_at=2026-08-11T06:14:59+00:00 features={"close": 3.019, "bb_lower": 3.030786823642685, "bb_upper": 3.1334988906430286, "rsi": 32.492997913366324, "mfi": 35.48770142496765, "atr": 0.021357142857142884}
[BLOCKED] THETRY reason=max_layers
[SIGNAL] 2026-08-11T06:09:59+00:00 ACTTRY BUY fill_at=2026-08-11T06:14:59+00:00 features={"close": 0.503, "bb_lower": 0.5051089604833426, "bb_upper": 0.5475767538023716, "rsi": 22.80358469845062, "mfi": 18.367907310201616, "atr": 0.005950000000000003}
[BLOCKED] ACTTRY reason=max_layers
[SIGNAL] 2026-08-11T06:09:59+00:00 BBTRY BUY fill_at=2026-08-11T06:14:59+00:00 features={"close": 0.6298, "bb_lower": 0.6331234104300258, "bb_upper": 0.6497146848080695, "rsi": 25.543108504152443, "mfi": 12.422715248197278, "atr": 0.002492857142857146}
[BLOCKED] BBTRY reason=max_layers
[SCAN] 2026-08-11T06:14:59+00:00 symbols=20 signals=3 entries=0 exits=0 blocked=4 open=11 cash=2455.52 equity=9622.94
[SIGNAL] 2026-08-11T06:14:59+00:00 THETRY BUY fill_at=2026-08-11T06:19:59+00:00 features={"close": 3.015, "bb_lower": 3.020133519303332, "bb_upper": 3.1376760045061913, "rsi": 31.810024845010503, "mfi": 30.27131168834775, "atr": 0.02235714285714287}
[BLOCKED] THETRY reason=max_layers
[SIGNAL] 2026-08-11T06:14:59+00:00 TLMTRY BUY fill_at=2026-08-11T06:19:59+00:00 features={"close": 0.0758, "bb_lower": 0.07582327814268, "bb_upper": 0.07680529328589145, "rsi": 38.047463512126996, "mfi": 31.82837604649805, "atr": 0.00024999999999999724}
[BLOCKED] TLMTRY reason=max_layers
[SCAN] 2026-08-11T06:19:59+00:00 symbols=20 signals=2 entries=0 exits=0 blocked=2 open=11 cash=2455.52 equity=9587.89
[SIGNAL] 2026-08-11T06:19:59+00:00 THETRY BUY fill_at=2026-08-11T06:24:59+00:00 features={"close": 2.978, "bb_lower": 3.0011116538544504, "bb_upper": 3.14641215566936, "rsi": 26.275623737159137, "mfi": 24.986381414801684, "atr": 0.023428571428571448}
[BLOCKED] THETRY reason=max_layers
[SIGNAL] 2026-08-11T06:19:59+00:00 TLMTRY BUY fill_at=2026-08-11T06:24:59+00:00 features={"close": 0.0756, "bb_lower": 0.07570907140940114, "bb_upper": 0.07686235716202747, "rsi": 34.66263521269238, "mfi": 28.05265539160264, "atr": 0.00024285714285714088}
[BLOCKED] TLMTRY reason=max_layers
[SCAN] 2026-08-11T06:24:59+00:00 symbols=20 signals=2 entries=0 exits=0 blocked=4 open=11 cash=2455.52 equity=9584.30
[SIGNAL] 2026-08-11T06:24:59+00:00 THETRY BUY fill_at=2026-08-11T06:29:59+00:00 features={"close": 2.962, "bb_lower": 2.9813059599952925, "bb_upper": 3.1542178495285174, "rsi": 24.295413566603045, "mfi": 18.12861870549216, "atr": 0.02385714285714286}
[BLOCKED] THETRY reason=max_layers
[SCAN] 2026-08-11T06:29:59+00:00 symbols=20 signals=1 entries=0 exits=0 blocked=4 open=11 cash=2455.52 equity=9578.46
[SCAN] 2026-08-11T06:34:59+00:00 symbols=20 signals=0 entries=0 exits=0 blocked=2 open=11 cash=2455.52 equity=9589.01
[SCAN] 2026-08-11T06:39:59+00:00 symbols=20 signals=0 entries=0 exits=0 blocked=1 open=11 cash=2455.52 equity=9591.59
[SCAN] 2026-08-11T06:44:59+00:00 symbols=20 signals=0 entries=0 exits=0 blocked=0 open=11 cash=2455.52 equity=9600.74
[SCAN] 2026-08-11T06:49:59+00:00 symbols=20 signals=0 entries=0 exits=0 blocked=0 open=11 cash=2455.52 equity=9579.97
[SCAN] 2026-08-11T06:54:59+00:00 symbols=20 signals=0 entries=0 exits=0 blocked=1 open=11 cash=2455.52 equity=9560.58
[EXIT] 2026-08-11T06:59:59+00:00 PIXELTRY reason=bb_mfi_v3_signal_exit pnl=+0.16 cash=3346.65
[SCAN] 2026-08-11T06:59:59+00:00 symbols=20 signals=0 entries=0 exits=1 blocked=0 open=10 cash=3346.65 equity=9568.62
[SCAN] 2026-08-11T07:04:59+00:00 symbols=20 signals=0 entries=0 exits=0 blocked=1 open=10 cash=3346.65 equity=9547.66
[SCAN] 2026-08-11T07:09:59+00:00 symbols=20 signals=0 entries=0 exits=0 blocked=0 open=10 cash=3346.65 equity=9545.97
[SCAN] 2026-08-11T07:14:59+00:00 symbols=20 signals=0 entries=0 exits=0 blocked=2 open=10 cash=3346.65 equity=9533.38
[SCAN] 2026-08-11T07:19:59+00:00 symbols=20 signals=0 entries=0 exits=0 blocked=2 open=10 cash=3346.65 equity=9516.98
[SIGNAL] 2026-08-11T07:19:59+00:00 CRVTRY BUY fill_at=2026-08-11T07:24:59+00:00 features={"close": 12.41, "bb_lower": 12.415720961427482, "bb_upper": 12.721421895715373, "rsi": 31.987533807554186, "mfi": 36.4558938786679, "atr": 0.06714285714285737}
[ENTRY] 2026-08-11T07:24:59+00:00 CRVTRY layer=2 value=334.16 entry=12.39929250 cash=3011.99
[SCAN] 2026-08-11T07:24:59+00:00 symbols=20 signals=1 entries=1 exits=0 blocked=2 open=10 cash=3011.99 equity=9515.39
[SIGNAL] 2026-08-11T07:24:59+00:00 CRVTRY BUY fill_at=2026-08-11T07:29:59+00:00 features={"close": 12.41, "bb_lower": 12.410265508854854, "bb_upper": 12.693544014954666, "rsi": 31.9875338310883, "mfi": 25.662328188707377, "atr": 0.07000000000000016}
[BLOCKED] CRVTRY reason=max_layers
[EXIT] 2026-08-11T07:29:59+00:00 THETRY reason=fixed_stop_loss pnl=-73.62 cash=3736.57
[SCAN] 2026-08-11T07:29:59+00:00 symbols=20 signals=1 entries=0 exits=1 blocked=2 open=9 cash=3736.57 equity=9501.58
[SCAN] 2026-08-11T07:34:59+00:00 symbols=20 signals=0 entries=0 exits=0 blocked=2 open=9 cash=3736.57 equity=9509.15
[SCAN] 2026-08-11T07:39:59+00:00 symbols=20 signals=0 entries=0 exits=0 blocked=0 open=9 cash=3736.57 equity=9527.66
[SCAN] 2026-08-11T07:44:59+00:00 symbols=20 signals=0 entries=0 exits=0 blocked=2 open=9 cash=3736.57 equity=9533.02
[SIGNAL] 2026-08-11T07:44:59+00:00 AEVOTRY BUY fill_at=2026-08-11T07:49:59+00:00 features={"close": 0.991, "bb_lower": 0.9947757023738999, "bb_upper": 1.0092242976261, "rsi": 32.38800039016628, "mfi": 10.878083850967556, "atr": 0.0024999999999999944}
[ENTRY] 2026-08-11T07:49:59+00:00 AEVOTRY layer=1 value=373.10 entry=0.99174325 cash=3362.91
[EXIT] 2026-08-11T07:49:59+00:00 HEITRY reason=fixed_take_profit pnl=+5.59 cash=3657.55
[SCAN] 2026-08-11T07:49:59+00:00 symbols=20 signals=1 entries=1 exits=1 blocked=1 open=9 cash=3657.55 equity=9537.14
[SIGNAL] 2026-08-11T07:49:59+00:00 AEVOTRY BUY fill_at=2026-08-11T07:54:59+00:00 features={"close": 0.991, "bb_lower": 0.9928630304021487, "bb_upper": 1.0098036362645175, "rsi": 32.38800040036534, "mfi": 0.9953152652642103, "atr": 0.0024285714285714227}
[ENTRY] 2026-08-11T07:54:59+00:00 AEVOTRY layer=2 value=365.21 entry=0.99074250 cash=3291.79
[SCAN] 2026-08-11T07:54:59+00:00 symbols=20 signals=1 entries=1 exits=0 blocked=1 open=9 cash=3291.79 equity=9532.75
[SIGNAL] 2026-08-11T07:54:59+00:00 AEVOTRY BUY fill_at=2026-08-11T07:59:59+00:00 features={"close": 0.991, "bb_lower": 0.9913510547613692, "bb_upper": 1.009887040476726, "rsi": 32.38800039764806, "mfi": 0.9840377849758681, "atr": 0.0025714285714285657}
[BLOCKED] AEVOTRY reason=max_layers
[SCAN] 2026-08-11T07:59:59+00:00 symbols=20 signals=1 entries=0 exits=0 blocked=1 open=9 cash=3291.79 equity=9527.52
[SCAN] 2026-08-11T08:04:59+00:00 symbols=20 signals=0 entries=0 exits=0 blocked=0 open=9 cash=3291.79 equity=9533.73
[SCAN] 2026-08-11T08:09:59+00:00 symbols=20 signals=0 entries=0 exits=0 blocked=0 open=9 cash=3291.79 equity=9538.46
[SCAN] 2026-08-11T08:14:59+00:00 symbols=20 signals=0 entries=0 exits=0 blocked=0 open=9 cash=3291.79 equity=9543.34
[SCAN] 2026-08-11T08:19:59+00:00 symbols=20 signals=0 entries=0 exits=0 blocked=0 open=9 cash=3291.79 equity=9539.70
[SIGNAL] 2026-08-11T08:19:59+00:00 TLMTRY BUY fill_at=2026-08-11T08:24:59+00:00 features={"close": 0.0753, "bb_lower": 0.07548952467375407, "bb_upper": 0.07653904675481736, "rsi": 37.454118340438626, "mfi": 22.40535267509125, "atr": 0.00024285714285714188}
[BLOCKED] TLMTRY reason=max_layers
[SCAN] 2026-08-11T08:24:59+00:00 symbols=20 signals=1 entries=0 exits=0 blocked=1 open=9 cash=3291.79 equity=9543.76
[SIGNAL] 2026-08-11T08:24:59+00:00 TLMTRY BUY fill_at=2026-08-11T08:29:59+00:00 features={"close": 0.0754, "bb_lower": 0.07540190794713424, "bb_upper": 0.0765409491957229, "rsi": 39.517261578299575, "mfi": 23.246423608910746, "atr": 0.00024285714285714188}
[BLOCKED] TLMTRY reason=max_layers
[SCAN] 2026-08-11T08:29:59+00:00 symbols=20 signals=1 entries=0 exits=0 blocked=2 open=9 cash=3291.79 equity=9536.26
[SIGNAL] 2026-08-11T08:29:59+00:00 NILTRY BUY fill_at=2026-08-11T08:34:59+00:00 features={"close": 1.799, "bb_lower": 1.8085837258306996, "bb_upper": 1.86094008369311, "rsi": 37.194956302856994, "mfi": 17.385205462793436, "atr": 0.01857142857142859}
[ENTRY] 2026-08-11T08:34:59+00:00 NILTRY layer=1 value=328.69 entry=1.79934850 cash=2962.61
[SCAN] 2026-08-11T08:34:59+00:00 symbols=20 signals=1 entries=1 exits=0 blocked=0 open=10 cash=2962.61 equity=9542.34
[SIGNAL] 2026-08-11T08:34:59+00:00 NILTRY BUY fill_at=2026-08-11T08:39:59+00:00 features={"close": 1.785, "bb_lower": 1.798740366562963, "bb_upper": 1.864878681056084, "rsi": 33.83231118225754, "mfi": 14.898662937590217, "atr": 0.018928571428571437}
[ENTRY] 2026-08-11T08:39:59+00:00 NILTRY layer=2 value=295.82 entry=1.78934100 cash=2666.35
[SCAN] 2026-08-11T08:39:59+00:00 symbols=20 signals=1 entries=1 exits=0 blocked=0 open=10 cash=2666.35 equity=9544.70
[SIGNAL] 2026-08-11T08:39:59+00:00 NILTRY BUY fill_at=2026-08-11T08:44:59+00:00 features={"close": 1.791, "bb_lower": 1.792374847876491, "bb_upper": 1.8666727711711277, "rsi": 36.497765900957205, "mfi": 21.974062099153002, "atr": 0.018642857142857152}
[BLOCKED] NILTRY reason=max_layers
[SCAN] 2026-08-11T08:44:59+00:00 symbols=20 signals=1 entries=0 exits=0 blocked=1 open=10 cash=2666.35 equity=9553.40
[SCAN] 2026-08-11T08:49:59+00:00 symbols=20 signals=0 entries=0 exits=0 blocked=0 open=10 cash=2666.35 equity=9555.62
[EXIT] 2026-08-11T08:54:59+00:00 TURBOTRY reason=bb_mfi_v3_signal_exit pnl=-18.56 cash=3751.87
[SCAN] 2026-08-11T08:54:59+00:00 symbols=20 signals=0 entries=0 exits=1 blocked=0 open=9 cash=3751.87 equity=9567.04
[EXIT] 2026-08-11T08:59:59+00:00 PHATRY reason=bb_mfi_v3_signal_exit pnl=-47.53 cash=4598.55
[SCAN] 2026-08-11T08:59:59+00:00 symbols=20 signals=0 entries=0 exits=1 blocked=1 open=8 cash=4598.55 equity=9560.19
[SCAN] 2026-08-11T09:04:59+00:00 symbols=20 signals=0 entries=0 exits=0 blocked=1 open=8 cash=4598.55 equity=9567.42
[SCAN] 2026-08-11T09:09:59+00:00 symbols=20 signals=0 entries=0 exits=0 blocked=0 open=8 cash=4598.55 equity=9559.65
[SCAN] 2026-08-11T09:14:59+00:00 symbols=20 signals=0 entries=0 exits=0 blocked=0 open=8 cash=4598.55 equity=9568.76
[SCAN] 2026-08-11T09:19:59+00:00 symbols=20 signals=0 entries=0 exits=0 blocked=0 open=8 cash=4598.55 equity=9569.03
[SCAN] 2026-08-11T09:24:59+00:00 symbols=20 signals=0 entries=0 exits=0 blocked=1 open=8 cash=4598.55 equity=9565.85
[SCAN] 2026-08-11T09:29:59+00:00 symbols=20 signals=0 entries=0 exits=0 blocked=0 open=8 cash=4598.55 equity=9566.03
[SCAN] 2026-08-11T09:34:59+00:00 symbols=20 signals=0 entries=0 exits=0 blocked=0 open=8 cash=4598.55 equity=9573.76
[SCAN] 2026-08-11T09:39:59+00:00 symbols=20 signals=0 entries=0 exits=0 blocked=0 open=8 cash=4598.55 equity=9574.73
[EXIT] 2026-08-11T09:44:59+00:00 CRVTRY reason=bb_mfi_v3_signal_exit pnl=+8.64 cash=5214.69
[SIGNAL] 2026-08-11T09:39:59+00:00 AEVOTRY BUY fill_at=2026-08-11T09:44:59+00:00 features={"close": 0.988, "bb_lower": 0.9888982978287575, "bb_upper": 1.0043397974093375, "rsi": 30.80207385853923, "mfi": 10.543922970239805, "atr": 0.0019285714285714381}
[BLOCKED] AEVOTRY reason=max_layers
[SCAN] 2026-08-11T09:44:59+00:00 symbols=20 signals=1 entries=0 exits=1 blocked=2 open=7 cash=5214.69 equity=9573.53
[SCAN] 2026-08-11T09:49:59+00:00 symbols=20 signals=0 entries=0 exits=0 blocked=2 open=7 cash=5214.69 equity=9572.39
[SIGNAL] 2026-08-11T09:49:59+00:00 RETRY BUY fill_at=2026-08-11T09:54:59+00:00 features={"close": 19.96, "bb_lower": 20.083489654847117, "bb_upper": 20.920319868962405, "rsi": 33.8254138195809, "mfi": 51.1946871831443, "atr": 0.20000000000000032}
[ENTRY] 2026-08-11T09:54:59+00:00 RETRY layer=1 value=520.69 entry=19.99498500 cash=4693.22
[SCAN] 2026-08-11T09:54:59+00:00 symbols=20 signals=1 entries=1 exits=0 blocked=0 open=8 cash=4693.22 equity=9565.17
[SIGNAL] 2026-08-11T09:54:59+00:00 RETRY BUY fill_at=2026-08-11T09:59:59+00:00 features={"close": 19.88, "bb_lower": 19.9903587750342, "bb_upper": 20.971545986870556, "rsi": 32.03562596929679, "mfi": 46.79580592553467, "atr": 0.20714285714285754}
[ENTRY] 2026-08-11T09:59:59+00:00 RETRY layer=2 value=468.62 entry=19.90491750 cash=4223.90
[SCAN] 2026-08-11T09:59:59+00:00 symbols=20 signals=1 entries=1 exits=0 blocked=0 open=8 cash=4223.90 equity=9567.06
[SCAN] 2026-08-11T10:04:59+00:00 symbols=20 signals=0 entries=0 exits=0 blocked=1 open=8 cash=4223.90 equity=9579.98
[EXIT] 2026-08-11T10:09:59+00:00 BOMETRY reason=bb_mfi_v3_signal_exit pnl=-43.36 cash=5142.58
[SIGNAL] 2026-08-11T10:04:59+00:00 HEITRY BUY fill_at=2026-08-11T10:09:59+00:00 features={"close": 7.849, "bb_lower": 7.889491493912286, "bb_upper": 8.827270410849616, "rsi": 40.434451598720955, "mfi": 34.05804500521779, "atr": 0.27207142857142846}
[ENTRY] 2026-08-11T10:09:59+00:00 HEITRY layer=1 value=513.49 entry=7.86789650 cash=4628.33
[SCAN] 2026-08-11T10:09:59+00:00 symbols=20 signals=1 entries=1 exits=1 blocked=2 open=8 cash=4628.33 equity=9576.97
[EXIT] 2026-08-11T10:14:59+00:00 NILTRY reason=fixed_take_profit pnl=+12.10 cash=5265.86
[EXIT] 2026-08-11T10:14:59+00:00 HEITRY reason=fixed_take_profit pnl=+9.95 cash=5790.07
[SCAN] 2026-08-11T10:14:59+00:00 symbols=20 signals=0 entries=0 exits=2 blocked=0 open=6 cash=5790.07 equity=9601.65
[SIGNAL] 2026-08-11T10:14:59+00:00 ACHTRY BUY fill_at=2026-08-11T10:19:59+00:00 features={"close": 0.2032, "bb_lower": 0.20328586311340774, "bb_upper": 0.2045046130770684, "rsi": 37.800591975456726, "mfi": 27.82603170924574, "atr": 0.00032857142857143403}
[ENTRY] 2026-08-11T10:19:59+00:00 ACHTRY layer=1 value=578.14 entry=0.20335240 cash=5211.06
[SCAN] 2026-08-11T10:19:59+00:00 symbols=20 signals=1 entries=1 exits=0 blocked=2 open=7 cash=5211.06 equity=9598.34
[SIGNAL] 2026-08-11T10:19:59+00:00 ACHTRY BUY fill_at=2026-08-11T10:24:59+00:00 features={"close": 0.203, "bb_lower": 0.20313848954362237, "bb_upper": 0.20457579617066338, "rsi": 35.60791546266822, "mfi": 28.56521406098213, "atr": 0.00034285714285714675}
[ENTRY] 2026-08-11T10:24:59+00:00 ACHTRY layer=2 value=520.33 entry=0.20305218 cash=4689.95
[SCAN] 2026-08-11T10:24:59+00:00 symbols=20 signals=1 entries=1 exits=0 blocked=1 open=7 cash=4689.95 equity=9584.50
[SIGNAL] 2026-08-11T10:24:59+00:00 ACHTRY BUY fill_at=2026-08-11T10:29:59+00:00 features={"close": 0.2023, "bb_lower": 0.20280308613466877, "bb_upper": 0.20473977100818838, "rsi": 29.18822837451235, "mfi": 16.506357697358197, "atr": 0.00037142857142857415}
[BLOCKED] ACHTRY reason=max_layers
[SCAN] 2026-08-11T10:29:59+00:00 symbols=20 signals=1 entries=0 exits=0 blocked=4 open=7 cash=4689.95 equity=9591.55
[SIGNAL] 2026-08-11T10:29:59+00:00 TLMTRY BUY fill_at=2026-08-11T10:34:59+00:00 features={"close": 0.0748, "bb_lower": 0.07483996927892175, "bb_upper": 0.07590288786393537, "rsi": 32.34793163210168, "mfi": 56.13474304954331, "atr": 0.0001785714285714297}
[BLOCKED] TLMTRY reason=max_layers
[SCAN] 2026-08-11T10:34:59+00:00 symbols=20 signals=1 entries=0 exits=0 blocked=1 open=7 cash=4689.95 equity=9599.50
[SCAN] 2026-08-11T10:39:59+00:00 symbols=20 signals=0 entries=0 exits=0 blocked=0 open=7 cash=4689.95 equity=9605.17
[SCAN] 2026-08-11T10:44:59+00:00 symbols=20 signals=0 entries=0 exits=0 blocked=0 open=7 cash=4689.95 equity=9599.77
[SCAN] 2026-08-11T10:49:59+00:00 symbols=20 signals=0 entries=0 exits=0 blocked=1 open=7 cash=4689.95 equity=9597.27
[SCAN] 2026-08-11T10:54:59+00:00 symbols=20 signals=0 entries=0 exits=0 blocked=0 open=7 cash=4689.95 equity=9597.40
[SCAN] 2026-08-11T10:59:59+00:00 symbols=20 signals=0 entries=0 exits=0 blocked=0 open=7 cash=4689.95 equity=9587.49
[SCAN] 2026-08-11T11:04:59+00:00 symbols=20 signals=0 entries=0 exits=0 blocked=0 open=7 cash=4689.95 equity=9604.03
[SCAN] 2026-08-11T11:09:59+00:00 symbols=20 signals=0 entries=0 exits=0 blocked=1 open=7 cash=4689.95 equity=9601.56
[SCAN] 2026-08-11T11:14:59+00:00 symbols=20 signals=0 entries=0 exits=0 blocked=0 open=7 cash=4689.95 equity=9605.61
[EXIT] 2026-08-11T11:19:59+00:00 ACTTRY reason=bb_mfi_v3_signal_exit pnl=-13.51 cash=5316.43
[SCAN] 2026-08-11T11:19:59+00:00 symbols=20 signals=0 entries=0 exits=1 blocked=0 open=6 cash=5316.43 equity=9607.18
[SCAN] 2026-08-11T11:24:59+00:00 symbols=20 signals=0 entries=0 exits=0 blocked=0 open=6 cash=5316.43 equity=9620.17
[SCAN] 2026-08-11T11:29:59+00:00 symbols=20 signals=0 entries=0 exits=0 blocked=0 open=6 cash=5316.43 equity=9616.32
[SCAN] 2026-08-11T11:34:59+00:00 symbols=20 signals=0 entries=0 exits=0 blocked=0 open=6 cash=5316.43 equity=9611.50
[SCAN] 2026-08-11T11:39:59+00:00 symbols=20 signals=0 entries=0 exits=0 blocked=0 open=6 cash=5316.43 equity=9611.43
[SCAN] 2026-08-11T11:44:59+00:00 symbols=20 signals=0 entries=0 exits=0 blocked=0 open=6 cash=5316.43 equity=9623.11
[SCAN] 2026-08-11T11:49:59+00:00 symbols=20 signals=0 entries=0 exits=0 blocked=1 open=6 cash=5316.43 equity=9623.24
[SCAN] 2026-08-11T11:54:59+00:00 symbols=20 signals=0 entries=0 exits=0 blocked=2 open=6 cash=5316.43 equity=9623.70
[EXIT] 2026-08-11T11:59:59+00:00 ACHTRY reason=fixed_take_profit pnl=+21.28 cash=6437.82
[SCAN] 2026-08-11T11:59:59+00:00 symbols=20 signals=0 entries=0 exits=1 blocked=2 open=5 cash=6437.82 equity=9639.03
[SCAN] 2026-08-11T12:04:59+00:00 symbols=20 signals=0 entries=0 exits=0 blocked=0 open=5 cash=6437.82 equity=9638.45
[SCAN] 2026-08-11T12:09:59+00:00 symbols=20 signals=0 entries=0 exits=0 blocked=2 open=5 cash=6437.82 equity=9637.29
[SCAN] 2026-08-11T12:14:59+00:00 symbols=20 signals=0 entries=0 exits=0 blocked=0 open=5 cash=6437.82 equity=9641.15
[SCAN] 2026-08-11T12:19:59+00:00 symbols=20 signals=0 entries=0 exits=0 blocked=1 open=5 cash=6437.82 equity=9638.51
[SCAN] 2026-08-11T12:24:59+00:00 symbols=20 signals=0 entries=0 exits=0 blocked=0 open=5 cash=6437.82 equity=9638.73
[SCAN] 2026-08-11T12:29:59+00:00 symbols=20 signals=0 entries=0 exits=0 blocked=0 open=5 cash=6437.82 equity=9646.48
[SCAN] 2026-08-11T12:34:59+00:00 symbols=20 signals=0 entries=0 exits=0 blocked=2 open=5 cash=6437.82 equity=9647.82
[SCAN] 2026-08-11T12:39:59+00:00 symbols=20 signals=0 entries=0 exits=0 blocked=1 open=5 cash=6437.82 equity=9652.81
[SCAN] 2026-08-11T12:44:59+00:00 symbols=20 signals=0 entries=0 exits=0 blocked=0 open=5 cash=6437.82 equity=9652.65
[SCAN] 2026-08-11T12:49:59+00:00 symbols=20 signals=0 entries=0 exits=0 blocked=0 open=5 cash=6437.82 equity=9647.24
[SCAN] 2026-08-11T12:54:59+00:00 symbols=20 signals=0 entries=0 exits=0 blocked=1 open=5 cash=6437.82 equity=9652.64
[SCAN] 2026-08-11T12:59:59+00:00 symbols=20 signals=0 entries=0 exits=0 blocked=0 open=5 cash=6437.82 equity=9645.32
[SCAN] 2026-08-11T13:04:59+00:00 symbols=20 signals=0 entries=0 exits=0 blocked=1 open=5 cash=6437.82 equity=9651.23
[SCAN] 2026-08-11T13:09:59+00:00 symbols=20 signals=0 entries=0 exits=0 blocked=1 open=5 cash=6437.82 equity=9648.08
[SCAN] 2026-08-11T13:14:59+00:00 symbols=20 signals=0 entries=0 exits=0 blocked=0 open=5 cash=6437.82 equity=9646.00
[SCAN] 2026-08-11T13:19:59+00:00 symbols=20 signals=0 entries=0 exits=0 blocked=0 open=5 cash=6437.82 equity=9644.65
[SCAN] 2026-08-11T13:24:59+00:00 symbols=20 signals=0 entries=0 exits=0 blocked=0 open=5 cash=6437.82 equity=9639.90
[SCAN] 2026-08-11T13:29:59+00:00 symbols=20 signals=0 entries=0 exits=0 blocked=0 open=5 cash=6437.82 equity=9635.54
[SCAN] 2026-08-11T13:34:59+00:00 symbols=20 signals=0 entries=0 exits=0 blocked=1 open=5 cash=6437.82 equity=9644.92
[SCAN] 2026-08-11T13:39:59+00:00 symbols=20 signals=0 entries=0 exits=0 blocked=1 open=5 cash=6437.82 equity=9645.68
[SCAN] 2026-08-11T13:44:59+00:00 symbols=20 signals=0 entries=0 exits=0 blocked=2 open=5 cash=6437.82 equity=9651.44
[SCAN] 2026-08-11T13:49:59+00:00 symbols=20 signals=0 entries=0 exits=0 blocked=1 open=5 cash=6437.82 equity=9643.45
[SCAN] 2026-08-11T13:54:59+00:00 symbols=20 signals=0 entries=0 exits=0 blocked=1 open=5 cash=6437.82 equity=9641.29
[SCAN] 2026-08-11T13:59:59+00:00 symbols=20 signals=0 entries=0 exits=0 blocked=1 open=5 cash=6437.82 equity=9645.09
[EXIT] 2026-08-11T14:04:59+00:00 BBTRY reason=bb_mfi_v3_signal_exit pnl=-23.66 cash=7080.60
[SCAN] 2026-08-11T14:04:59+00:00 symbols=20 signals=0 entries=0 exits=1 blocked=1 open=4 cash=7080.60 equity=9644.25
[SCAN] 2026-08-11T14:09:59+00:00 symbols=20 signals=0 entries=0 exits=0 blocked=1 open=4 cash=7080.60 equity=9641.57
[SCAN] 2026-08-11T14:14:59+00:00 symbols=20 signals=0 entries=0 exits=0 blocked=1 open=4 cash=7080.60 equity=9637.52
[SIGNAL] 2026-08-11T14:14:59+00:00 PIXELTRY BUY fill_at=2026-08-11T14:19:59+00:00 features={"close": 0.217, "bb_lower": 0.21723018609775285, "bb_upper": 0.21953171866415183, "rsi": 38.18438734808785, "mfi": 46.93920371466822, "atr": 0.0006428571428571435}
[ENTRY] 2026-08-11T14:19:59+00:00 PIXELTRY layer=1 value=707.00 entry=0.21716275 cash=6372.54
[SCAN] 2026-08-11T14:19:59+00:00 symbols=20 signals=1 entries=1 exits=0 blocked=1 open=5 cash=6372.54 equity=9639.01
[SIGNAL] 2026-08-11T14:19:59+00:00 HOMETRY BUY fill_at=2026-08-11T14:24:59+00:00 features={"close": 0.421, "bb_lower": 0.42113901856067804, "bb_upper": 0.43000383858217905, "rsi": 41.7579815959805, "mfi": 28.184940388368048, "atr": 0.0030714285714285743}
[ENTRY] 2026-08-11T14:24:59+00:00 HOMETRY layer=1 value=636.30 entry=0.42131575 cash=5735.29
[SIGNAL] 2026-08-11T14:19:59+00:00 PIXELTRY BUY fill_at=2026-08-11T14:24:59+00:00 features={"close": 0.217, "bb_lower": 0.21702943752778353, "bb_upper": 0.21954199104364502, "rsi": 38.18438735792549, "mfi": 46.93920371466822, "atr": 0.0005000000000000004}
[ENTRY] 2026-08-11T14:24:59+00:00 PIXELTRY layer=2 value=572.67 entry=0.21716275 cash=5161.76
[SCAN] 2026-08-11T14:24:59+00:00 symbols=20 signals=2 entries=2 exits=0 blocked=2 open=6 cash=5161.76 equity=9635.57
[SCAN] 2026-08-11T14:29:59+00:00 symbols=20 signals=0 entries=0 exits=0 blocked=1 open=6 cash=5161.76 equity=9646.06
[SCAN] 2026-08-11T14:34:59+00:00 symbols=20 signals=0 entries=0 exits=0 blocked=0 open=6 cash=5161.76 equity=9649.17
[SCAN] 2026-08-11T14:39:59+00:00 symbols=20 signals=0 entries=0 exits=0 blocked=1 open=6 cash=5161.76 equity=9647.05
[SCAN] 2026-08-11T14:44:59+00:00 symbols=20 signals=0 entries=0 exits=0 blocked=1 open=6 cash=5161.76 equity=9643.30
[SIGNAL] 2026-08-11T14:44:59+00:00 RETRY BUY fill_at=2026-08-11T14:49:59+00:00 features={"close": 19.7, "bb_lower": 19.70711261631639, "bb_upper": 20.119554050350285, "rsi": 39.195390592033526, "mfi": 29.727854075515083, "atr": 0.09071428571428543}
[BLOCKED] RETRY reason=max_layers
[SCAN] 2026-08-11T14:49:59+00:00 symbols=20 signals=1 entries=0 exits=0 blocked=3 open=6 cash=5161.76 equity=9644.07
[SCAN] 2026-08-11T14:54:59+00:00 symbols=20 signals=0 entries=0 exits=0 blocked=2 open=6 cash=5161.76 equity=9620.22
[SIGNAL] 2026-08-11T14:54:59+00:00 WLDTRY BUY fill_at=2026-08-11T14:59:59+00:00 features={"close": 15.53, "bb_lower": 15.563587314280635, "bb_upper": 15.881174590481265, "rsi": 27.330349145353637, "mfi": 12.300230418254344, "atr": 0.0514285714285716}
[BLOCKED] WLDTRY reason=max_layers
[SCAN] 2026-08-11T14:59:59+00:00 symbols=20 signals=1 entries=0 exits=0 blocked=5 open=6 cash=5161.76 equity=9621.07
[SCAN] 2026-08-11T15:04:59+00:00 symbols=20 signals=0 entries=0 exits=0 blocked=7 open=6 cash=5161.76 equity=9619.49
[SIGNAL] 2026-08-11T15:04:59+00:00 TURBOTRY BUY fill_at=2026-08-11T15:09:59+00:00 features={"close": 0.0396, "bb_lower": 0.03973485162832989, "bb_upper": 0.040465148371670104, "rsi": 31.648520061174267, "mfi": 34.394740039563985, "atr": 0.00010714285714285773}
[ENTRY] 2026-08-11T15:09:59+00:00 TURBOTRY layer=1 value=515.40 entry=0.03962970 cash=4645.58
[SCAN] 2026-08-11T15:09:59+00:00 symbols=20 signals=1 entries=1 exits=0 blocked=2 open=7 cash=4645.58 equity=9624.57
[SIGNAL] 2026-08-11T15:09:59+00:00 TURBOTRY BUY fill_at=2026-08-11T15:14:59+00:00 features={"close": 0.0396, "bb_lower": 0.03966440691895792, "bb_upper": 0.040459402604851605, "rsi": 31.648520075412108, "mfi": 33.70545953153224, "atr": 9.285714285714303e-05}
[ENTRY] 2026-08-11T15:14:59+00:00 TURBOTRY layer=2 value=463.86 entry=0.03942955 cash=4181.03
[SIGNAL] 2026-08-11T15:09:59+00:00 AEVOTRY BUY fill_at=2026-08-11T15:14:59+00:00 features={"close": 0.97, "bb_lower": 0.9728801848755487, "bb_upper": 1.0075960056006414, "rsi": 20.40431283588019, "mfi": 3.9968318794219897, "atr": 0.00335714285714286}
[BLOCKED] AEVOTRY reason=max_layers
[SCAN] 2026-08-11T15:14:59+00:00 symbols=20 signals=2 entries=1 exits=0 blocked=4 open=7 cash=4181.03 equity=9605.79
[SIGNAL] 2026-08-11T15:14:59+00:00 TURBOTRY BUY fill_at=2026-08-11T15:19:59+00:00 features={"close": 0.0394, "bb_lower": 0.039555360617022604, "bb_upper": 0.04047321081154883, "rsi": 27.06296724469398, "mfi": 32.28585117780504, "atr": 0.00010714285714285773}
[BLOCKED] TURBOTRY reason=max_layers
[SIGNAL] 2026-08-11T15:14:59+00:00 AEVOTRY BUY fill_at=2026-08-11T15:19:59+00:00 features={"close": 0.967, "bb_lower": 0.9690874557411389, "bb_upper": 1.0087220680683846, "rsi": 18.57198336354989, "mfi": 5.712598523672142, "atr": 0.0034285714285714314}
[BLOCKED] AEVOTRY reason=max_layers
[SCAN] 2026-08-11T15:19:59+00:00 symbols=20 signals=2 entries=0 exits=0 blocked=6 open=7 cash=4181.03 equity=9623.14
[SIGNAL] 2026-08-11T15:19:59+00:00 TURBOTRY BUY fill_at=2026-08-11T15:24:59+00:00 features={"close": 0.0394, "bb_lower": 0.03945646614668029, "bb_upper": 0.04049591480570065, "rsi": 27.062967260194455, "mfi": 49.55877015371568, "atr": 0.00010714285714285773}
[BLOCKED] TURBOTRY reason=max_layers
[SCAN] 2026-08-11T15:24:59+00:00 symbols=20 signals=1 entries=0 exits=0 blocked=4 open=7 cash=4181.03 equity=9637.98
[SCAN] 2026-08-11T15:29:59+00:00 symbols=20 signals=0 entries=0 exits=0 blocked=0 open=7 cash=4181.03 equity=9624.60
[SCAN] 2026-08-11T15:34:59+00:00 symbols=20 signals=0 entries=0 exits=0 blocked=0 open=7 cash=4181.03 equity=9600.35
[SCAN] 2026-08-11T15:39:59+00:00 symbols=20 signals=0 entries=0 exits=0 blocked=1 open=7 cash=4181.03 equity=9547.46
[SIGNAL] 2026-08-11T15:39:59+00:00 PIXELTRY BUY fill_at=2026-08-11T15:44:59+00:00 features={"close": 0.213, "bb_lower": 0.21475873192044168, "bb_upper": 0.22047936331765358, "rsi": 27.104380639548495, "mfi": 41.30908513005756, "atr": 0.0010714285714285723}
[BLOCKED] PIXELTRY reason=max_layers
[SCAN] 2026-08-11T15:44:59+00:00 symbols=20 signals=1 entries=0 exits=0 blocked=9 open=7 cash=4181.03 equity=9550.07
[SIGNAL] 2026-08-11T15:44:59+00:00 PIXELTRY BUY fill_at=2026-08-11T15:49:59+00:00 features={"close": 0.211, "bb_lower": 0.21327891733943571, "bb_upper": 0.2212925112319929, "rsi": 22.452297334167028, "mfi": 23.592696637057614, "atr": 0.0013571428571428584}
[BLOCKED] PIXELTRY reason=max_layers
[SIGNAL] 2026-08-11T15:44:59+00:00 ACHTRY BUY fill_at=2026-08-11T15:49:59+00:00 features={"close": 0.1998, "bb_lower": 0.20011548107654942, "bb_upper": 0.20504642368535536, "rsi": 15.283240105515901, "mfi": 27.119265794192188, "atr": 0.0005428571428571406}
[ENTRY] 2026-08-11T15:49:59+00:00 ACHTRY layer=1 value=417.48 entry=0.19994985 cash=3762.92
[SCAN] 2026-08-11T15:49:59+00:00 symbols=20 signals=2 entries=1 exits=0 blocked=5 open=8 cash=3762.92 equity=9537.26
[SIGNAL] 2026-08-11T15:49:59+00:00 PIXELTRY BUY fill_at=2026-08-11T15:54:59+00:00 features={"close": 0.21, "bb_lower": 0.2118562444644958, "bb_upper": 0.22195327934502806, "rsi": 20.54247537476256, "mfi": 21.299733699913077, "atr": 0.0014285714285714299}
[BLOCKED] PIXELTRY reason=max_layers
[SIGNAL] 2026-08-11T15:49:59+00:00 ACHTRY BUY fill_at=2026-08-11T15:54:59+00:00 features={"close": 0.1997, "bb_lower": 0.19971006808275465, "bb_upper": 0.20504231286962632, "rsi": 14.892291486877298, "mfi": 30.113775470616034, "atr": 0.000549999999999999}
[ENTRY] 2026-08-11T15:54:59+00:00 ACHTRY layer=2 value=375.73 entry=0.20004992 cash=3386.63
[SCAN] 2026-08-11T15:54:59+00:00 symbols=20 signals=2 entries=1 exits=0 blocked=4 open=8 cash=3386.63 equity=9544.71
[SIGNAL] 2026-08-11T15:54:59+00:00 PIXELTRY BUY fill_at=2026-08-11T15:59:59+00:00 features={"close": 0.21, "bb_lower": 0.21071350512660209, "bb_upper": 0.22233411392101704, "rsi": 20.5424753394191, "mfi": 18.588507950484512, "atr": 0.0013571428571428584}
[BLOCKED] PIXELTRY reason=max_layers
[SCAN] 2026-08-11T15:59:59+00:00 symbols=20 signals=1 entries=0 exits=0 blocked=3 open=8 cash=3386.63 equity=9562.30
[SCAN] 2026-08-11T16:04:59+00:00 symbols=20 signals=0 entries=0 exits=0 blocked=1 open=8 cash=3386.63 equity=9547.60
[SIGNAL] 2026-08-11T16:04:59+00:00 PIXELTRY BUY fill_at=2026-08-11T16:09:59+00:00 features={"close": 0.208, "bb_lower": 0.2084614217536241, "bb_upper": 0.2230623877701855, "rsi": 16.88937231493739, "mfi": 15.825282908724375, "atr": 0.0013571428571428584}
[BLOCKED] PIXELTRY reason=max_layers
[SCAN] 2026-08-11T16:09:59+00:00 symbols=20 signals=1 entries=0 exits=0 blocked=1 open=8 cash=3386.63 equity=9563.96
[SIGNAL] 2026-08-11T16:09:59+00:00 BOMETRY BUY fill_at=2026-08-11T16:14:59+00:00 features={"close": 0.0358, "bb_lower": 0.035903568133354394, "bb_upper": 0.03684976519997894, "rsi": 31.089272829849335, "mfi": 3.9847187902013275, "atr": 0.00017142857142857088}
[ENTRY] 2026-08-11T16:14:59+00:00 BOMETRY layer=1 value=338.16 entry=0.03576680 cash=3047.97
[SCAN] 2026-08-11T16:14:59+00:00 symbols=20 signals=1 entries=1 exits=0 blocked=0 open=9 cash=3047.97 equity=9561.60
[SIGNAL] 2026-08-11T16:14:59+00:00 BOMETRY BUY fill_at=2026-08-11T16:19:59+00:00 features={"close": 0.03565, "bb_lower": 0.035786682034659914, "bb_upper": 0.03686379415581627, "rsi": 28.423030818215764, "mfi": 4.742763624479053, "atr": 0.00015857142857142806}
[ENTRY] 2026-08-11T16:19:59+00:00 BOMETRY layer=2 value=304.34 entry=0.03566673 cash=2743.17
[SCAN] 2026-08-11T16:19:59+00:00 symbols=20 signals=1 entries=1 exits=0 blocked=0 open=9 cash=2743.17 equity=9579.19
[SCAN] 2026-08-11T16:24:59+00:00 symbols=20 signals=0 entries=0 exits=0 blocked=0 open=9 cash=2743.17 equity=9580.09
[SCAN] 2026-08-11T16:29:59+00:00 symbols=20 signals=0 entries=0 exits=0 blocked=0 open=9 cash=2743.17 equity=9565.55
[SCAN] 2026-08-11T16:34:59+00:00 symbols=20 signals=0 entries=0 exits=0 blocked=0 open=9 cash=2743.17 equity=9569.29
[SCAN] 2026-08-11T16:39:59+00:00 symbols=20 signals=0 entries=0 exits=0 blocked=0 open=9 cash=2743.17 equity=9553.81
[SCAN] 2026-08-11T16:44:59+00:00 symbols=20 signals=0 entries=0 exits=0 blocked=1 open=9 cash=2743.17 equity=9559.06
[SCAN] 2026-08-11T16:49:59+00:00 symbols=20 signals=0 entries=0 exits=0 blocked=0 open=9 cash=2743.17 equity=9573.29
[SCAN] 2026-08-11T16:54:59+00:00 symbols=20 signals=0 entries=0 exits=0 blocked=1 open=9 cash=2743.17 equity=9570.97
[SCAN] 2026-08-11T16:59:59+00:00 symbols=20 signals=0 entries=0 exits=0 blocked=0 open=9 cash=2743.17 equity=9558.73
[SIGNAL] 2026-08-11T16:59:59+00:00 RETRY BUY fill_at=2026-08-11T17:04:59+00:00 features={"close": 19.86, "bb_lower": 19.877632669073904, "bb_upper": 20.29379590235466, "rsi": 40.24583354037127, "mfi": 27.743481686058118, "atr": 0.10499999999999966}
[BLOCKED] RETRY reason=max_layers
[SCAN] 2026-08-11T17:04:59+00:00 symbols=20 signals=1 entries=0 exits=0 blocked=1 open=9 cash=2743.17 equity=9555.00
[SIGNAL] 2026-08-11T17:04:59+00:00 HEITRY BUY fill_at=2026-08-11T17:09:59+00:00 features={"close": 7.119, "bb_lower": 7.166930827119, "bb_upper": 7.3823072681190975, "rsi": 32.43977041885802, "mfi": 36.02784440784837, "atr": 0.051214285714285754}
[ENTRY] 2026-08-11T17:09:59+00:00 HEITRY layer=1 value=273.91 entry=7.12433925 cash=2468.85
[SIGNAL] 2026-08-11T17:04:59+00:00 RETRY BUY fill_at=2026-08-11T17:09:59+00:00 features={"close": 19.77, "bb_lower": 19.82228896778259, "bb_upper": 20.312949127455504, "rsi": 36.59541500479926, "mfi": 31.67721137676537, "atr": 0.10928571428571386}
[BLOCKED] RETRY reason=max_layers
[SCAN] 2026-08-11T17:09:59+00:00 symbols=20 signals=2 entries=1 exits=0 blocked=1 open=10 cash=2468.85 equity=9548.80
[SIGNAL] 2026-08-11T17:09:59+00:00 RETRY BUY fill_at=2026-08-11T17:14:59+00:00 features={"close": 19.74, "bb_lower": 19.78261124313794, "bb_upper": 20.298341137814443, "rsi": 35.43478865064067, "mfi": 31.47726345123742, "atr": 0.10357142857142827}
[BLOCKED] RETRY reason=max_layers
[EXIT] 2026-08-11T17:14:59+00:00 BOMETRY reason=fixed_take_profit pnl=+12.44 cash=3124.76
[SCAN] 2026-08-11T17:14:59+00:00 symbols=20 signals=1 entries=0 exits=1 blocked=1 open=9 cash=3124.76 equity=9563.33
[SCAN] 2026-08-11T17:19:59+00:00 symbols=20 signals=0 entries=0 exits=0 blocked=0 open=9 cash=3124.76 equity=9555.11
[SIGNAL] 2026-08-11T17:19:59+00:00 HEITRY BUY fill_at=2026-08-11T17:24:59+00:00 features={"close": 7.108, "bb_lower": 7.1184754086733255, "bb_upper": 7.373715067517151, "rsi": 34.322609621226505, "mfi": 29.876156365501203, "atr": 0.0502142857142858}
[ENTRY] 2026-08-11T17:24:59+00:00 HEITRY layer=2 value=312.01 entry=7.11333100 cash=2812.28
[SCAN] 2026-08-11T17:24:59+00:00 symbols=20 signals=1 entries=1 exits=0 blocked=1 open=9 cash=2812.28 equity=9551.42
[SIGNAL] 2026-08-11T17:24:59+00:00 HEITRY BUY fill_at=2026-08-11T17:29:59+00:00 features={"close": 7.093, "bb_lower": 7.096008277584774, "bb_upper": 7.375420293843796, "rsi": 33.08257850207886, "mfi": 25.03838243076686, "atr": 0.04935714285714291}
[BLOCKED] HEITRY reason=max_layers
[SCAN] 2026-08-11T17:29:59+00:00 symbols=20 signals=1 entries=0 exits=0 blocked=2 open=9 cash=2812.28 equity=9537.16
[SCAN] 2026-08-11T17:34:59+00:00 symbols=20 signals=0 entries=0 exits=0 blocked=2 open=9 cash=2812.28 equity=9528.63
[SCAN] 2026-08-11T17:39:59+00:00 symbols=20 signals=0 entries=0 exits=0 blocked=4 open=9 cash=2812.28 equity=9550.62
[SCAN] 2026-08-11T17:44:59+00:00 symbols=20 signals=0 entries=0 exits=0 blocked=3 open=9 cash=2812.28 equity=9552.98
[SCAN] 2026-08-11T17:49:59+00:00 symbols=20 signals=0 entries=0 exits=0 blocked=1 open=9 cash=2812.28 equity=9541.56
[SCAN] 2026-08-11T17:54:59+00:00 symbols=20 signals=0 entries=0 exits=0 blocked=1 open=9 cash=2812.28 equity=9539.04
[SCAN] 2026-08-11T17:59:59+00:00 symbols=20 signals=0 entries=0 exits=0 blocked=0 open=9 cash=2812.28 equity=9542.51
[SCAN] 2026-08-11T18:04:59+00:00 symbols=20 signals=0 entries=0 exits=0 blocked=0 open=9 cash=2812.28 equity=9545.59
[SCAN] 2026-08-11T18:09:59+00:00 symbols=20 signals=0 entries=0 exits=0 blocked=1 open=9 cash=2812.28 equity=9537.29
[SCAN] 2026-08-11T18:14:59+00:00 symbols=20 signals=0 entries=0 exits=0 blocked=0 open=9 cash=2812.28 equity=9532.44
[SCAN] 2026-08-11T18:19:59+00:00 symbols=20 signals=0 entries=0 exits=0 blocked=1 open=9 cash=2812.28 equity=9527.93
[SCAN] 2026-08-11T18:24:59+00:00 symbols=20 signals=0 entries=0 exits=0 blocked=1 open=9 cash=2812.28 equity=9533.06
[SCAN] 2026-08-11T18:29:59+00:00 symbols=20 signals=0 entries=0 exits=0 blocked=1 open=9 cash=2812.28 equity=9535.39
[SIGNAL] 2026-08-11T18:29:59+00:00 TLMTRY BUY fill_at=2026-08-11T18:34:59+00:00 features={"close": 0.0747, "bb_lower": 0.07474265012797504, "bb_upper": 0.07649544511012016, "rsi": 33.09756262089171, "mfi": 51.40218646934383, "atr": 0.0002642857142857139}
[BLOCKED] TLMTRY reason=max_layers
[SCAN] 2026-08-11T18:34:59+00:00 symbols=20 signals=1 entries=0 exits=0 blocked=1 open=9 cash=2812.28 equity=9538.42
[SCAN] 2026-08-11T18:39:59+00:00 symbols=20 signals=0 entries=0 exits=0 blocked=1 open=9 cash=2812.28 equity=9524.14
[SIGNAL] 2026-08-11T18:39:59+00:00 THETRY BUY fill_at=2026-08-11T18:44:59+00:00 features={"close": 2.855, "bb_lower": 2.857369993394601, "bb_upper": 2.907868101843493, "rsi": 37.47076912709912, "mfi": 41.07335869962948, "atr": 0.013428571428571472}
[ENTRY] 2026-08-11T18:44:59+00:00 THETRY layer=1 value=280.81 entry=2.86014350 cash=2531.05
[SCAN] 2026-08-11T18:44:59+00:00 symbols=20 signals=1 entries=1 exits=0 blocked=1 open=10 cash=2531.05 equity=9519.25
[SCAN] 2026-08-11T18:49:59+00:00 symbols=20 signals=0 entries=0 exits=0 blocked=1 open=10 cash=2531.05 equity=9522.14
[SCAN] 2026-08-11T18:54:59+00:00 symbols=20 signals=0 entries=0 exits=0 blocked=0 open=10 cash=2531.05 equity=9506.50
[SCAN] 2026-08-11T18:59:59+00:00 symbols=20 signals=0 entries=0 exits=0 blocked=3 open=10 cash=2531.05 equity=9514.45
[SCAN] 2026-08-11T19:04:59+00:00 symbols=20 signals=0 entries=0 exits=0 blocked=1 open=10 cash=2531.05 equity=9515.37
[SCAN] 2026-08-11T19:09:59+00:00 symbols=20 signals=0 entries=0 exits=0 blocked=3 open=10 cash=2531.05 equity=9527.15
[SCAN] 2026-08-11T19:14:59+00:00 symbols=20 signals=0 entries=0 exits=0 blocked=0 open=10 cash=2531.05 equity=9542.31
[EXIT] 2026-08-11T19:19:59+00:00 HOMETRY reason=fixed_take_profit pnl=+12.32 cash=3180.63
[SCAN] 2026-08-11T19:19:59+00:00 symbols=20 signals=0 entries=0 exits=1 blocked=2 open=9 cash=3180.63 equity=9587.13
[SCAN] 2026-08-11T19:24:59+00:00 symbols=20 signals=0 entries=0 exits=0 blocked=0 open=9 cash=3180.63 equity=9601.01
[SCAN] 2026-08-11T19:29:59+00:00 symbols=20 signals=0 entries=0 exits=0 blocked=1 open=9 cash=3180.63 equity=9602.77
[SCAN] 2026-08-11T19:34:59+00:00 symbols=20 signals=0 entries=0 exits=0 blocked=2 open=9 cash=3180.63 equity=9597.30
[SCAN] 2026-08-11T19:39:59+00:00 symbols=20 signals=0 entries=0 exits=0 blocked=0 open=9 cash=3180.63 equity=9597.23
[SIGNAL] 2026-08-11T19:39:59+00:00 TLMTRY BUY fill_at=2026-08-11T19:44:59+00:00 features={"close": 0.0741, "bb_lower": 0.07410318198601262, "bb_upper": 0.07546824658541598, "rsi": 31.72189118739611, "mfi": 25.589015225454872, "atr": 0.0002928571428571463}
[BLOCKED] TLMTRY reason=max_layers
[SCAN] 2026-08-11T19:44:59+00:00 symbols=20 signals=1 entries=0 exits=0 blocked=1 open=9 cash=3180.63 equity=9597.37
[SCAN] 2026-08-11T19:49:59+00:00 symbols=20 signals=0 entries=0 exits=0 blocked=0 open=9 cash=3180.63 equity=9604.67
[SCAN] 2026-08-11T19:54:59+00:00 symbols=20 signals=0 entries=0 exits=0 blocked=0 open=9 cash=3180.63 equity=9608.92
[SCAN] 2026-08-11T19:59:59+00:00 symbols=20 signals=0 entries=0 exits=0 blocked=0 open=9 cash=3180.63 equity=9616.43
[SCAN] 2026-08-11T20:04:59+00:00 symbols=20 signals=0 entries=0 exits=0 blocked=0 open=9 cash=3180.63 equity=9614.31
[SCAN] 2026-08-11T20:09:59+00:00 symbols=20 signals=0 entries=0 exits=0 blocked=0 open=9 cash=3180.63 equity=9637.61
[EXIT] 2026-08-11T20:14:59+00:00 WLDTRY reason=bb_mfi_v3_signal_exit pnl=+1.12 cash=3585.86
[EXIT] 2026-08-11T20:14:59+00:00 ACHTRY reason=fixed_take_profit pnl=+15.36 cash=4395.62
[SCAN] 2026-08-11T20:14:59+00:00 symbols=20 signals=0 entries=0 exits=2 blocked=0 open=7 cash=4395.62 equity=9623.47
[SCAN] 2026-08-11T20:19:59+00:00 symbols=20 signals=0 entries=0 exits=0 blocked=0 open=7 cash=4395.62 equity=9619.03
[SCAN] 2026-08-11T20:24:59+00:00 symbols=20 signals=0 entries=0 exits=0 blocked=0 open=7 cash=4395.62 equity=9617.71
[SCAN] 2026-08-11T20:29:59+00:00 symbols=20 signals=0 entries=0 exits=0 blocked=0 open=7 cash=4395.62 equity=9615.80
[SCAN] 2026-08-11T20:34:59+00:00 symbols=20 signals=0 entries=0 exits=0 blocked=0 open=7 cash=4395.62 equity=9606.51
[SCAN] 2026-08-11T20:39:59+00:00 symbols=20 signals=0 entries=0 exits=0 blocked=0 open=7 cash=4395.62 equity=9599.81
[SCAN] 2026-08-11T20:44:59+00:00 symbols=20 signals=0 entries=0 exits=0 blocked=1 open=7 cash=4395.62 equity=9597.92
[SCAN] 2026-08-11T20:49:59+00:00 symbols=20 signals=0 entries=0 exits=0 blocked=1 open=7 cash=4395.62 equity=9587.25
[SCAN] 2026-08-11T20:54:59+00:00 symbols=20 signals=0 entries=0 exits=0 blocked=1 open=7 cash=4395.62 equity=9588.18
[SCAN] 2026-08-11T20:59:59+00:00 symbols=20 signals=0 entries=0 exits=0 blocked=0 open=7 cash=4395.62 equity=9590.07
[SCAN] 2026-08-11T21:04:59+00:00 symbols=20 signals=0 entries=0 exits=0 blocked=0 open=7 cash=4395.62 equity=9588.27
[SCAN] 2026-08-11T21:09:59+00:00 symbols=20 signals=0 entries=0 exits=0 blocked=1 open=7 cash=4395.62 equity=9598.85
[SCAN] 2026-08-11T21:14:59+00:00 symbols=20 signals=0 entries=0 exits=0 blocked=1 open=7 cash=4395.62 equity=9592.91
[SCAN] 2026-08-11T21:19:59+00:00 symbols=20 signals=0 entries=0 exits=0 blocked=0 open=7 cash=4395.62 equity=9600.61
[SIGNAL] 2026-08-11T21:19:59+00:00 PHATRY BUY fill_at=2026-08-11T21:24:59+00:00 features={"close": 1.06, "bb_lower": 1.0607511340944742, "bb_upper": 1.0868679135245733, "rsi": 33.4303678074419, "mfi": 46.61136959083232, "atr": 0.0028571428571428597}
[ENTRY] 2026-08-11T21:24:59+00:00 PHATRY layer=1 value=438.90 entry=1.06079500 cash=3956.06
[SCAN] 2026-08-11T21:24:59+00:00 symbols=20 signals=1 entries=1 exits=0 blocked=0 open=8 cash=3956.06 equity=9610.24
[SCAN] 2026-08-11T21:29:59+00:00 symbols=20 signals=0 entries=0 exits=0 blocked=0 open=8 cash=3956.06 equity=9606.37
[SCAN] 2026-08-11T21:34:59+00:00 symbols=20 signals=0 entries=0 exits=0 blocked=0 open=8 cash=3956.06 equity=9615.97
[SCAN] 2026-08-11T21:39:59+00:00 symbols=20 signals=0 entries=0 exits=0 blocked=0 open=8 cash=3956.06 equity=9613.74
[SCAN] 2026-08-11T21:44:59+00:00 symbols=20 signals=0 entries=0 exits=0 blocked=0 open=8 cash=3956.06 equity=9616.94
[SCAN] 2026-08-11T21:49:59+00:00 symbols=20 signals=0 entries=0 exits=0 blocked=1 open=8 cash=3956.06 equity=9614.30
[SCAN] 2026-08-11T21:54:59+00:00 symbols=20 signals=0 entries=0 exits=0 blocked=2 open=8 cash=3956.06 equity=9615.82
[SCAN] 2026-08-11T21:59:59+00:00 symbols=20 signals=0 entries=0 exits=0 blocked=2 open=8 cash=3956.06 equity=9620.91
[SIGNAL] 2026-08-11T21:59:59+00:00 MUBARAKTRY BUY fill_at=2026-08-11T22:04:59+00:00 features={"close": 0.849, "bb_lower": 0.8500255614215894, "bb_upper": 0.894355390959363, "rsi": 29.898233519225812, "mfi": 30.218614401683155, "atr": 0.005214285714285719}
[ENTRY] 2026-08-11T22:04:59+00:00 MUBARAKTRY layer=1 value=395.01 entry=0.85063750 cash=3560.45
[SCAN] 2026-08-11T22:04:59+00:00 symbols=20 signals=1 entries=1 exits=0 blocked=1 open=9 cash=3560.45 equity=9623.73
[SCAN] 2026-08-11T22:09:59+00:00 symbols=20 signals=0 entries=0 exits=0 blocked=1 open=9 cash=3560.45 equity=9632.50
[EXIT] 2026-08-11T22:14:59+00:00 RETRY reason=bb_mfi_v3_signal_exit pnl=+4.10 cash=4555.34
[SCAN] 2026-08-11T22:14:59+00:00 symbols=20 signals=0 entries=0 exits=1 blocked=2 open=8 cash=4555.34 equity=9624.80
[SCAN] 2026-08-11T22:19:59+00:00 symbols=20 signals=0 entries=0 exits=0 blocked=2 open=8 cash=4555.34 equity=9625.95
[SCAN] 2026-08-11T22:24:59+00:00 symbols=20 signals=0 entries=0 exits=0 blocked=1 open=8 cash=4555.34 equity=9624.19
[SCAN] 2026-08-11T22:29:59+00:00 symbols=20 signals=0 entries=0 exits=0 blocked=0 open=8 cash=4555.34 equity=9628.38
[SCAN] 2026-08-11T22:34:59+00:00 symbols=20 signals=0 entries=0 exits=0 blocked=0 open=8 cash=4555.34 equity=9627.39
[SCAN] 2026-08-11T22:39:59+00:00 symbols=20 signals=0 entries=0 exits=0 blocked=1 open=8 cash=4555.34 equity=9617.65
[SCAN] 2026-08-11T22:44:59+00:00 symbols=20 signals=0 entries=0 exits=0 blocked=1 open=8 cash=4555.34 equity=9605.29
[SCAN] 2026-08-11T22:49:59+00:00 symbols=20 signals=0 entries=0 exits=0 blocked=0 open=8 cash=4555.34 equity=9605.26
[SCAN] 2026-08-11T22:54:59+00:00 symbols=20 signals=0 entries=0 exits=0 blocked=1 open=8 cash=4555.34 equity=9615.92
[SCAN] 2026-08-11T22:59:59+00:00 symbols=20 signals=0 entries=0 exits=0 blocked=0 open=8 cash=4555.34 equity=9616.64
[SCAN] 2026-08-11T23:04:59+00:00 symbols=20 signals=0 entries=0 exits=0 blocked=0 open=8 cash=4555.34 equity=9603.57
[SCAN] 2026-08-11T23:09:59+00:00 symbols=20 signals=0 entries=0 exits=0 blocked=2 open=8 cash=4555.34 equity=9599.39
[SCAN] 2026-08-11T23:14:59+00:00 symbols=20 signals=0 entries=0 exits=0 blocked=1 open=8 cash=4555.34 equity=9583.92
[SIGNAL] 2026-08-11T23:14:59+00:00 TLMTRY BUY fill_at=2026-08-11T23:19:59+00:00 features={"close": 0.0726, "bb_lower": 0.07302619459549756, "bb_upper": 0.07440237683307382, "rsi": 22.329664526856888, "mfi": 8.158810376583787, "atr": 0.00015000000000000132}
[BLOCKED] TLMTRY reason=max_layers
[SCAN] 2026-08-11T23:19:59+00:00 symbols=20 signals=1 entries=0 exits=0 blocked=2 open=8 cash=4555.34 equity=9581.74
[SIGNAL] 2026-08-11T23:19:59+00:00 TLMTRY BUY fill_at=2026-08-11T23:24:59+00:00 features={"close": 0.0725, "bb_lower": 0.07279323194316167, "bb_upper": 0.07450200615207639, "rsi": 21.214501711776776, "mfi": 5.517735943493022, "atr": 0.00015714285714285768}
[BLOCKED] TLMTRY reason=max_layers
[SCAN] 2026-08-11T23:24:59+00:00 symbols=20 signals=1 entries=0 exits=0 blocked=1 open=8 cash=4555.34 equity=9576.42
[SIGNAL] 2026-08-11T23:24:59+00:00 MUBARAKTRY BUY fill_at=2026-08-11T23:29:59+00:00 features={"close": 0.844, "bb_lower": 0.846878547381653, "bb_upper": 0.8655024049992993, "rsi": 30.73528682571734, "mfi": 53.62601872022445, "atr": 0.0053571428571428615}
[ENTRY] 2026-08-11T23:29:59+00:00 MUBARAKTRY layer=2 value=454.85 entry=0.84563375 cash=4099.81
[SIGNAL] 2026-08-11T23:24:59+00:00 TLMTRY BUY fill_at=2026-08-11T23:29:59+00:00 features={"close": 0.0726, "bb_lower": 0.07263095534972555, "bb_upper": 0.07454047322170301, "rsi": 25.258226493762095, "mfi": 4.796380318706923, "atr": 0.00015714285714285768}
[BLOCKED] TLMTRY reason=max_layers
[SCAN] 2026-08-11T23:29:59+00:00 symbols=20 signals=2 entries=1 exits=0 blocked=3 open=8 cash=4099.81 equity=9580.46
[SCAN] 2026-08-11T23:34:59+00:00 symbols=20 signals=0 entries=0 exits=0 blocked=1 open=8 cash=4099.81 equity=9568.26
[SCAN] 2026-08-11T23:39:59+00:00 symbols=20 signals=0 entries=0 exits=0 blocked=1 open=8 cash=4099.81 equity=9562.96
[SCAN] 2026-08-11T23:44:59+00:00 symbols=20 signals=0 entries=0 exits=0 blocked=1 open=8 cash=4099.81 equity=9572.16
[SCAN] 2026-08-11T23:49:59+00:00 symbols=20 signals=0 entries=0 exits=0 blocked=0 open=8 cash=4099.81 equity=9564.76
[SCAN] 2026-08-11T23:54:59+00:00 symbols=20 signals=0 entries=0 exits=0 blocked=1 open=8 cash=4099.81 equity=9566.03
[SCAN] 2026-08-11T23:59:59+00:00 symbols=20 signals=0 entries=0 exits=0 blocked=2 open=8 cash=4099.81 equity=9558.39
[SCAN] 2026-08-12T00:04:59+00:00 symbols=20 signals=0 entries=0 exits=0 blocked=2 open=8 cash=4099.81 equity=9552.75
[SCAN] 2026-08-12T00:09:59+00:00 symbols=20 signals=0 entries=0 exits=0 blocked=1 open=8 cash=4099.81 equity=9559.58
[EXIT] 2026-08-12T00:14:59+00:00 PHATRY reason=fixed_take_profit pnl=+8.50 cash=4547.87
[SCAN] 2026-08-12T00:14:59+00:00 symbols=20 signals=0 entries=0 exits=1 blocked=0 open=7 cash=4547.87 equity=9558.42
[EXIT] 2026-08-12T00:19:59+00:00 HEITRY reason=fixed_stop_loss pnl=-54.12 cash=5080.54
[SCAN] 2026-08-12T00:19:59+00:00 symbols=20 signals=0 entries=0 exits=1 blocked=1 open=6 cash=5080.54 equity=9554.11
[SCAN] 2026-08-12T00:24:59+00:00 symbols=20 signals=0 entries=0 exits=0 blocked=0 open=6 cash=5080.54 equity=9557.46
[SCAN] 2026-08-12T00:29:59+00:00 symbols=20 signals=0 entries=0 exits=0 blocked=0 open=6 cash=5080.54 equity=9556.75
[SCAN] 2026-08-12T00:34:59+00:00 symbols=20 signals=0 entries=0 exits=0 blocked=0 open=6 cash=5080.54 equity=9561.79
[SCAN] 2026-08-12T00:39:59+00:00 symbols=20 signals=0 entries=0 exits=0 blocked=0 open=6 cash=5080.54 equity=9560.54
[SCAN] 2026-08-12T00:44:59+00:00 symbols=20 signals=0 entries=0 exits=0 blocked=1 open=6 cash=5080.54 equity=9567.08
[SCAN] 2026-08-12T00:49:59+00:00 symbols=20 signals=0 entries=0 exits=0 blocked=1 open=6 cash=5080.54 equity=9558.40
[SCAN] 2026-08-12T00:54:59+00:00 symbols=20 signals=0 entries=0 exits=0 blocked=1 open=6 cash=5080.54 equity=9559.26
[SCAN] 2026-08-12T00:59:59+00:00 symbols=20 signals=0 entries=0 exits=0 blocked=0 open=6 cash=5080.54 equity=9559.06
[SCAN] 2026-08-12T01:04:59+00:00 symbols=20 signals=0 entries=0 exits=0 blocked=0 open=6 cash=5080.54 equity=9563.79
[SCAN] 2026-08-12T01:09:59+00:00 symbols=20 signals=0 entries=0 exits=0 blocked=0 open=6 cash=5080.54 equity=9565.25
[SCAN] 2026-08-12T01:14:59+00:00 symbols=20 signals=0 entries=0 exits=0 blocked=0 open=6 cash=5080.54 equity=9561.64
[SCAN] 2026-08-12T01:19:59+00:00 symbols=20 signals=0 entries=0 exits=0 blocked=0 open=6 cash=5080.54 equity=9547.55
[SIGNAL] 2026-08-12T01:19:59+00:00 MUBARAKTRY BUY fill_at=2026-08-12T01:24:59+00:00 features={"close": 0.846, "bb_lower": 0.8460219653252676, "bb_upper": 0.8629304156271131, "rsi": 38.97665782342808, "mfi": 27.11169921942364, "atr": 0.004071428571428575}
[BLOCKED] MUBARAKTRY reason=max_layers
[SCAN] 2026-08-12T01:24:59+00:00 symbols=20 signals=1 entries=0 exits=0 blocked=1 open=6 cash=5080.54 equity=9548.21
[SCAN] 2026-08-12T01:29:59+00:00 symbols=20 signals=0 entries=0 exits=0 blocked=1 open=6 cash=5080.54 equity=9539.89
[SCAN] 2026-08-12T01:34:59+00:00 symbols=20 signals=0 entries=0 exits=0 blocked=3 open=6 cash=5080.54 equity=9538.96
[SCAN] 2026-08-12T01:39:59+00:00 symbols=20 signals=0 entries=0 exits=0 blocked=3 open=6 cash=5080.54 equity=9525.41
[SCAN] 2026-08-12T01:44:59+00:00 symbols=20 signals=0 entries=0 exits=0 blocked=3 open=6 cash=5080.54 equity=9521.40
[SIGNAL] 2026-08-12T01:44:59+00:00 MUBARAKTRY BUY fill_at=2026-08-12T01:49:59+00:00 features={"close": 0.827, "bb_lower": 0.8344328119980593, "bb_upper": 0.8691862356209881, "rsi": 27.780296014556328, "mfi": 9.442289482476184, "atr": 0.005642857142857148}
[BLOCKED] MUBARAKTRY reason=max_layers
[SCAN] 2026-08-12T01:49:59+00:00 symbols=20 signals=1 entries=0 exits=0 blocked=3 open=6 cash=5080.54 equity=9519.51
[SIGNAL] 2026-08-12T01:49:59+00:00 MUBARAKTRY BUY fill_at=2026-08-12T01:54:59+00:00 features={"close": 0.827, "bb_lower": 0.8303729802624964, "bb_upper": 0.8710555911660751, "rsi": 27.780295928151432, "mfi": 8.394102539120354, "atr": 0.005500000000000005}
[BLOCKED] MUBARAKTRY reason=max_layers
[SCAN] 2026-08-12T01:54:59+00:00 symbols=20 signals=1 entries=0 exits=0 blocked=3 open=6 cash=5080.54 equity=9509.31
[SIGNAL] 2026-08-12T01:54:59+00:00 MUBARAKTRY BUY fill_at=2026-08-12T01:59:59+00:00 features={"close": 0.819, "bb_lower": 0.8247728926564647, "bb_upper": 0.8728461549625829, "rsi": 23.764152246489857, "mfi": 6.028105898214662, "atr": 0.0057142857142857195}
[BLOCKED] MUBARAKTRY reason=max_layers
[SCAN] 2026-08-12T01:59:59+00:00 symbols=20 signals=1 entries=0 exits=0 blocked=3 open=6 cash=5080.54 equity=9509.43
[SIGNAL] 2026-08-12T01:59:59+00:00 BOMETRY BUY fill_at=2026-08-12T02:04:59+00:00 features={"close": 0.0377, "bb_lower": 0.03775886481532323, "bb_upper": 0.03906399232753391, "rsi": 35.0777162881088, "mfi": 31.46590647233154, "atr": 0.00020000000000000028}
[ENTRY] 2026-08-12T02:04:59+00:00 BOMETRY layer=1 value=507.29 entry=0.03772827 cash=4572.49
[SCAN] 2026-08-12T02:04:59+00:00 symbols=20 signals=1 entries=1 exits=0 blocked=1 open=7 cash=4572.49 equity=9512.21
[SCAN] 2026-08-12T02:09:59+00:00 symbols=20 signals=0 entries=0 exits=0 blocked=0 open=7 cash=4572.49 equity=9514.75
[SCAN] 2026-08-12T02:14:59+00:00 symbols=20 signals=0 entries=0 exits=0 blocked=0 open=7 cash=4572.49 equity=9520.65
[SCAN] 2026-08-12T02:19:59+00:00 symbols=20 signals=0 entries=0 exits=0 blocked=1 open=7 cash=4572.49 equity=9518.81
[SCAN] 2026-08-12T02:24:59+00:00 symbols=20 signals=0 entries=0 exits=0 blocked=1 open=7 cash=4572.49 equity=9518.40
[SCAN] 2026-08-12T02:29:59+00:00 symbols=20 signals=0 entries=0 exits=0 blocked=1 open=7 cash=4572.49 equity=9508.89
[SCAN] 2026-08-12T02:34:59+00:00 symbols=20 signals=0 entries=0 exits=0 blocked=1 open=7 cash=4572.49 equity=9513.85
[SCAN] 2026-08-12T02:39:59+00:00 symbols=20 signals=0 entries=0 exits=0 blocked=0 open=7 cash=4572.49 equity=9515.29
[SCAN] 2026-08-12T02:44:59+00:00 symbols=20 signals=0 entries=0 exits=0 blocked=0 open=7 cash=4572.49 equity=9512.18
[SCAN] 2026-08-12T02:49:59+00:00 symbols=20 signals=0 entries=0 exits=0 blocked=0 open=7 cash=4572.49 equity=9515.61
[EXIT] 2026-08-12T02:54:59+00:00 PIXELTRY reason=bb_mfi_v3_signal_exit pnl=-58.67 cash=5795.41
[SCAN] 2026-08-12T02:54:59+00:00 symbols=20 signals=0 entries=0 exits=1 blocked=0 open=6 cash=5795.41 equity=9511.85
[SCAN] 2026-08-12T02:59:59+00:00 symbols=20 signals=0 entries=0 exits=0 blocked=0 open=6 cash=5795.41 equity=9514.38
[SCAN] 2026-08-12T03:04:59+00:00 symbols=20 signals=0 entries=0 exits=0 blocked=0 open=6 cash=5795.41 equity=9515.74
[SCAN] 2026-08-12T03:09:59+00:00 symbols=20 signals=0 entries=0 exits=0 blocked=1 open=6 cash=5795.41 equity=9515.74
[SCAN] 2026-08-12T03:14:59+00:00 symbols=20 signals=0 entries=0 exits=0 blocked=0 open=6 cash=5795.41 equity=9516.72
[SCAN] 2026-08-12T03:19:59+00:00 symbols=20 signals=0 entries=0 exits=0 blocked=0 open=6 cash=5795.41 equity=9512.20
[SCAN] 2026-08-12T03:24:59+00:00 symbols=20 signals=0 entries=0 exits=0 blocked=0 open=6 cash=5795.41 equity=9513.27
[SCAN] 2026-08-12T03:29:59+00:00 symbols=20 signals=0 entries=0 exits=0 blocked=0 open=6 cash=5795.41 equity=9515.18
[SCAN] 2026-08-12T03:34:59+00:00 symbols=20 signals=0 entries=0 exits=0 blocked=0 open=6 cash=5795.41 equity=9518.00
[SCAN] 2026-08-12T03:39:59+00:00 symbols=20 signals=0 entries=0 exits=0 blocked=1 open=6 cash=5795.41 equity=9529.90
[SCAN] 2026-08-12T03:44:59+00:00 symbols=20 signals=0 entries=0 exits=0 blocked=1 open=6 cash=5795.41 equity=9533.27
[SCAN] 2026-08-12T03:49:59+00:00 symbols=20 signals=0 entries=0 exits=0 blocked=0 open=6 cash=5795.41 equity=9534.26
[SIGNAL] 2026-08-12T03:49:59+00:00 CRVTRY BUY fill_at=2026-08-12T03:54:59+00:00 features={"close": 12.65, "bb_lower": 12.794737906574388, "bb_upper": 13.512881141044657, "rsi": 18.24099658445921, "mfi": 1.4764516886425838, "atr": 0.07785714285714285}
[ENTRY] 2026-08-12T03:54:59+00:00 CRVTRY layer=1 value=578.67 entry=12.62946500 cash=5215.87
[SCAN] 2026-08-12T03:54:59+00:00 symbols=20 signals=1 entries=1 exits=0 blocked=0 open=7 cash=5215.87 equity=9525.52
[SIGNAL] 2026-08-12T03:54:59+00:00 CRVTRY BUY fill_at=2026-08-12T03:59:59+00:00 features={"close": 12.65, "bb_lower": 12.711658603758218, "bb_upper": 13.548341396241783, "rsi": 18.24099659367475, "mfi": 1.3185312651739736, "atr": 0.07571428571428575}
[ENTRY] 2026-08-12T03:59:59+00:00 CRVTRY layer=2 value=520.81 entry=12.60945000 cash=4694.28
[SCAN] 2026-08-12T03:59:59+00:00 symbols=20 signals=1 entries=1 exits=0 blocked=1 open=7 cash=4694.28 equity=9508.09
[SCAN] 2026-08-12T04:04:59+00:00 symbols=20 signals=0 entries=0 exits=0 blocked=2 open=7 cash=4694.28 equity=9503.94
[SCAN] 2026-08-12T04:09:59+00:00 symbols=20 signals=0 entries=0 exits=0 blocked=2 open=7 cash=4694.28 equity=9513.29
[SCAN] 2026-08-12T04:14:59+00:00 symbols=20 signals=0 entries=0 exits=0 blocked=2 open=7 cash=4694.28 equity=9526.26
[SCAN] 2026-08-12T04:19:59+00:00 symbols=20 signals=0 entries=0 exits=0 blocked=2 open=7 cash=4694.28 equity=9514.74
[SIGNAL] 2026-08-12T04:19:59+00:00 THETRY BUY fill_at=2026-08-12T04:24:59+00:00 features={"close": 2.821, "bb_lower": 2.831614106391849, "bb_upper": 2.8972430364652935, "rsi": 30.640850521650137, "mfi": 50.31818826840514, "atr": 0.010357142857142827}
[ENTRY] 2026-08-12T04:24:59+00:00 THETRY layer=2 value=468.72 entry=2.82111425 cash=4224.85
[SCAN] 2026-08-12T04:24:59+00:00 symbols=20 signals=1 entries=1 exits=0 blocked=0 open=7 cash=4224.85 equity=9519.07
[SIGNAL] 2026-08-12T04:24:59+00:00 THETRY BUY fill_at=2026-08-12T04:29:59+00:00 features={"close": 2.82, "bb_lower": 2.824319434492026, "bb_upper": 2.8998710416984506, "rsi": 30.327311883593268, "mfi": 50.560142912884956, "atr": 0.009857142857142818}
[BLOCKED] THETRY reason=max_layers
[SCAN] 2026-08-12T04:29:59+00:00 symbols=20 signals=1 entries=0 exits=0 blocked=1 open=7 cash=4224.85 equity=9513.35
[SIGNAL] 2026-08-12T04:29:59+00:00 HOMETRY BUY fill_at=2026-08-12T04:34:59+00:00 features={"close": 0.45, "bb_lower": 0.45030406329638517, "bb_upper": 0.46017212717980505, "rsi": 39.99876829050173, "mfi": 33.73923515984586, "atr": 0.004071428571428575}
[ENTRY] 2026-08-12T04:34:59+00:00 HOMETRY layer=1 value=421.85 entry=0.44933675 cash=3802.37
[SCAN] 2026-08-12T04:34:59+00:00 symbols=20 signals=1 entries=1 exits=0 blocked=1 open=8 cash=3802.37 equity=9500.40
[SIGNAL] 2026-08-12T04:34:59+00:00 HOMETRY BUY fill_at=2026-08-12T04:39:59+00:00 features={"close": 0.448, "bb_lower": 0.44930957671983796, "bb_upper": 0.46002375661349526, "rsi": 36.93114866767213, "mfi": 29.057260102002544, "atr": 0.0038571428571428606}
[ENTRY] 2026-08-12T04:39:59+00:00 HOMETRY layer=2 value=379.67 entry=0.44933675 cash=3422.13
[EXIT] 2026-08-12T04:39:59+00:00 HOMETRY reason=fixed_take_profit pnl=+15.52 cash=4240.38
[SCAN] 2026-08-12T04:39:59+00:00 symbols=20 signals=1 entries=1 exits=1 blocked=2 open=7 cash=4240.38 equity=9515.81
[SCAN] 2026-08-12T04:44:59+00:00 symbols=20 signals=0 entries=0 exits=0 blocked=4 open=7 cash=4240.38 equity=9507.92
[SCAN] 2026-08-12T04:49:59+00:00 symbols=20 signals=0 entries=0 exits=0 blocked=4 open=7 cash=4240.38 equity=9511.13
[SCAN] 2026-08-12T04:54:59+00:00 symbols=20 signals=0 entries=0 exits=0 blocked=5 open=7 cash=4240.38 equity=9531.91
[SCAN] 2026-08-12T04:59:59+00:00 symbols=20 signals=0 entries=0 exits=0 blocked=5 open=7 cash=4240.38 equity=9531.85
[SCAN] 2026-08-12T05:04:59+00:00 symbols=20 signals=0 entries=0 exits=0 blocked=2 open=7 cash=4240.38 equity=9530.76
[EXIT] 2026-08-12T05:09:59+00:00 CRVTRY reason=fixed_take_profit pnl=+21.30 cash=5362.80
[SCAN] 2026-08-12T05:09:59+00:00 symbols=20 signals=0 entries=0 exits=1 blocked=1 open=6 cash=5362.80 equity=9537.63
[SCAN] 2026-08-12T05:14:59+00:00 symbols=20 signals=0 entries=0 exits=0 blocked=2 open=6 cash=5362.80 equity=9538.34
[SCAN] 2026-08-12T05:19:59+00:00 symbols=20 signals=0 entries=0 exits=0 blocked=1 open=6 cash=5362.80 equity=9543.56
[SCAN] 2026-08-12T05:24:59+00:00 symbols=20 signals=0 entries=0 exits=0 blocked=0 open=6 cash=5362.80 equity=9562.43
[SCAN] 2026-08-12T05:29:59+00:00 symbols=20 signals=0 entries=0 exits=0 blocked=1 open=6 cash=5362.80 equity=9564.16
[SCAN] 2026-08-12T05:34:59+00:00 symbols=20 signals=0 entries=0 exits=0 blocked=1 open=6 cash=5362.80 equity=9564.97
[SCAN] 2026-08-12T05:39:59+00:00 symbols=20 signals=0 entries=0 exits=0 blocked=0 open=6 cash=5362.80 equity=9565.16
[SIGNAL] 2026-08-12T05:39:59+00:00 HOMETRY BUY fill_at=2026-08-12T05:44:59+00:00 features={"close": 0.447, "bb_lower": 0.4471335711421815, "bb_upper": 0.4627711907625806, "rsi": 37.82258589075623, "mfi": 49.966568318385754, "atr": 0.004285714285714289}
[ENTRY] 2026-08-12T05:44:59+00:00 HOMETRY layer=1 value=535.48 entry=0.44733525 cash=4826.52
[SCAN] 2026-08-12T05:44:59+00:00 symbols=20 signals=1 entries=1 exits=0 blocked=0 open=7 cash=4826.52 equity=9562.54
[SIGNAL] 2026-08-12T05:44:59+00:00 HOMETRY BUY fill_at=2026-08-12T05:49:59+00:00 features={"close": 0.444, "bb_lower": 0.4455303281628147, "bb_upper": 0.46361252898004257, "rsi": 34.69134747338998, "mfi": 50.01319934648903, "atr": 0.004357142857142861}
[ENTRY] 2026-08-12T05:49:59+00:00 HOMETRY layer=2 value=481.93 entry=0.44533375 cash=4343.87
[SCAN] 2026-08-12T05:49:59+00:00 symbols=20 signals=1 entries=1 exits=0 blocked=0 open=7 cash=4343.87 equity=9560.21
[EXIT] 2026-08-12T05:54:59+00:00 MUBARAKTRY reason=bb_mfi_v3_signal_exit pnl=+12.86 cash=5207.87
[SIGNAL] 2026-08-12T05:49:59+00:00 HOMETRY BUY fill_at=2026-08-12T05:54:59+00:00 features={"close": 0.441, "bb_lower": 0.44318042799218343, "bb_upper": 0.4646290958173404, "rsi": 31.836081119851087, "mfi": 47.288948846854176, "atr": 0.0040000000000000036}
[BLOCKED] HOMETRY reason=max_layers
[SCAN] 2026-08-12T05:54:59+00:00 symbols=20 signals=1 entries=0 exits=1 blocked=1 open=6 cash=5207.87 equity=9561.98
[SCAN] 2026-08-12T05:59:59+00:00 symbols=20 signals=0 entries=0 exits=0 blocked=0 open=6 cash=5207.87 equity=9561.35
[SIGNAL] 2026-08-12T05:59:59+00:00 PARTITRY BUY fill_at=2026-08-12T06:04:59+00:00 features={"close": 1.16, "bb_lower": 1.1602417035702521, "bb_upper": 1.175948772620224, "rsi": 37.23874163388266, "mfi": 26.697164569992935, "atr": 0.0021428571428571447}
[ENTRY] 2026-08-12T06:04:59+00:00 PARTITRY layer=1 value=520.01 entry=1.16087000 cash=4687.08
[SCAN] 2026-08-12T06:04:59+00:00 symbols=20 signals=1 entries=1 exits=0 blocked=0 open=7 cash=4687.08 equity=9558.22
[SIGNAL] 2026-08-12T06:04:59+00:00 PARTITRY BUY fill_at=2026-08-12T06:09:59+00:00 features={"close": 1.16, "bb_lower": 1.1602417035702521, "bb_upper": 1.175948772620224, "rsi": 37.23874162624235, "mfi": 26.697164569992935, "atr": 0.0028571428571428597}
[ENTRY] 2026-08-12T06:09:59+00:00 PARTITRY layer=2 value=468.01 entry=1.15086250 cash=4218.37
[SCAN] 2026-08-12T06:09:59+00:00 symbols=20 signals=1 entries=1 exits=0 blocked=0 open=7 cash=4218.37 equity=9565.87
[EXIT] 2026-08-12T06:14:59+00:00 TLMTRY reason=bb_mfi_v3_signal_exit pnl=-19.63 cash=4647.75
[SIGNAL] 2026-08-12T06:09:59+00:00 PARTITRY BUY fill_at=2026-08-12T06:14:59+00:00 features={"close": 1.16, "bb_lower": 1.1602417035702521, "bb_upper": 1.175948772620224, "rsi": 37.23874161796535, "mfi": 12.156669775577768, "atr": 0.003571428571428575}
[BLOCKED] PARTITRY reason=max_layers
[SCAN] 2026-08-12T06:14:59+00:00 symbols=20 signals=1 entries=0 exits=1 blocked=2 open=6 cash=4647.75 equity=9557.53
[SCAN] 2026-08-12T06:19:59+00:00 symbols=20 signals=0 entries=0 exits=0 blocked=2 open=6 cash=4647.75 equity=9558.16
[SIGNAL] 2026-08-12T06:19:59+00:00 RETRY BUY fill_at=2026-08-12T06:24:59+00:00 features={"close": 20.23, "bb_lower": 20.336304028252812, "bb_upper": 21.344648352699572, "rsi": 31.81978583427704, "mfi": 54.65396586091329, "atr": 0.20499999999999957}
[ENTRY] 2026-08-12T06:24:59+00:00 RETRY layer=1 value=464.08 entry=20.26518750 cash=4182.98
[SCAN] 2026-08-12T06:24:59+00:00 symbols=20 signals=1 entries=1 exits=0 blocked=1 open=7 cash=4182.98 equity=9559.00
[SIGNAL] 2026-08-12T06:24:59+00:00 RETRY BUY fill_at=2026-08-12T06:29:59+00:00 features={"close": 20.21, "bb_lower": 20.263623289794403, "bb_upper": 21.383995757824643, "rsi": 31.41719158963933, "mfi": 54.33354913866898, "atr": 0.2014285714285712}
[ENTRY] 2026-08-12T06:29:59+00:00 RETRY layer=2 value=417.67 entry=20.23516500 cash=3764.68
[SCAN] 2026-08-12T06:29:59+00:00 symbols=20 signals=1 entries=1 exits=0 blocked=2 open=7 cash=3764.68 equity=9560.10
[SCAN] 2026-08-12T06:34:59+00:00 symbols=20 signals=0 entries=0 exits=0 blocked=2 open=7 cash=3764.68 equity=9543.09
[SIGNAL] 2026-08-12T06:34:59+00:00 PARTITRY BUY fill_at=2026-08-12T06:39:59+00:00 features={"close": 1.14, "bb_lower": 1.144194363864509, "bb_upper": 1.1815199218497763, "rsi": 19.546068733867557, "mfi": 6.596289962010431, "atr": 0.0057142857142857195}
[BLOCKED] PARTITRY reason=max_layers
[SIGNAL] 2026-08-12T06:34:59+00:00 BBTRY BUY fill_at=2026-08-12T06:39:59+00:00 features={"close": 0.6042, "bb_lower": 0.604703067429033, "bb_upper": 0.6156112182852524, "rsi": 32.215043809912885, "mfi": 42.193863172931955, "atr": 0.001735714285714293}
[ENTRY] 2026-08-12T06:39:59+00:00 BBTRY layer=1 value=375.90 entry=0.60325210 cash=3388.21
[SIGNAL] 2026-08-12T06:34:59+00:00 RETRY BUY fill_at=2026-08-12T06:39:59+00:00 features={"close": 20.04, "bb_lower": 20.067060356982992, "bb_upper": 21.4634158334932, "rsi": 27.9103999409227, "mfi": 48.900208513840454, "atr": 0.20357142857142843}
[BLOCKED] RETRY reason=max_layers
[SCAN] 2026-08-12T06:39:59+00:00 symbols=20 signals=3 entries=1 exits=0 blocked=4 open=8 cash=3388.21 equity=9540.77
[SIGNAL] 2026-08-12T06:39:59+00:00 PARTITRY BUY fill_at=2026-08-12T06:44:59+00:00 features={"close": 1.14, "bb_lower": 1.140693770421831, "bb_upper": 1.1821633724353116, "rsi": 19.546068784990098, "mfi": 6.596289962010431, "atr": 0.0057142857142857195}
[BLOCKED] PARTITRY reason=max_layers
[SIGNAL] 2026-08-12T06:39:59+00:00 BBTRY BUY fill_at=2026-08-12T06:44:59+00:00 features={"close": 0.6027, "bb_lower": 0.603725825906407, "bb_upper": 0.6161503645697833, "rsi": 29.410002440031192, "mfi": 50.72986029450853, "atr": 0.0018500000000000025}
[ENTRY] 2026-08-12T06:44:59+00:00 BBTRY layer=2 value=338.31 entry=0.60325210 cash=3049.39
[SIGNAL] 2026-08-12T06:39:59+00:00 RETRY BUY fill_at=2026-08-12T06:44:59+00:00 features={"close": 19.88, "bb_lower": 19.93108165134041, "bb_upper": 21.518442158183394, "rsi": 25.04688715904001, "mfi": 47.34824825374677, "atr": 0.20928571428571427}
[BLOCKED] RETRY reason=max_layers
[SCAN] 2026-08-12T06:44:59+00:00 symbols=20 signals=3 entries=1 exits=0 blocked=3 open=8 cash=3049.39 equity=9552.32
[SCAN] 2026-08-12T06:49:59+00:00 symbols=20 signals=0 entries=0 exits=0 blocked=0 open=8 cash=3049.39 equity=9574.15
[SCAN] 2026-08-12T06:54:59+00:00 symbols=20 signals=0 entries=0 exits=0 blocked=0 open=8 cash=3049.39 equity=9575.03
[SCAN] 2026-08-12T06:59:59+00:00 symbols=20 signals=0 entries=0 exits=0 blocked=1 open=8 cash=3049.39 equity=9553.62
[SCAN] 2026-08-12T07:04:59+00:00 symbols=20 signals=0 entries=0 exits=0 blocked=1 open=8 cash=3049.39 equity=9566.29
[SCAN] 2026-08-12T07:09:59+00:00 symbols=20 signals=0 entries=0 exits=0 blocked=1 open=8 cash=3049.39 equity=9565.86
[SCAN] 2026-08-12T07:14:59+00:00 symbols=20 signals=0 entries=0 exits=0 blocked=0 open=8 cash=3049.39 equity=9549.08
[SCAN] 2026-08-12T07:19:59+00:00 symbols=20 signals=0 entries=0 exits=0 blocked=0 open=8 cash=3049.39 equity=9557.57
[SCAN] 2026-08-12T07:24:59+00:00 symbols=20 signals=0 entries=0 exits=0 blocked=1 open=8 cash=3049.39 equity=9553.04
[SCAN] 2026-08-12T07:29:59+00:00 symbols=20 signals=0 entries=0 exits=0 blocked=0 open=8 cash=3049.39 equity=9551.44
[SIGNAL] 2026-08-12T07:29:59+00:00 WLDTRY BUY fill_at=2026-08-12T07:34:59+00:00 features={"close": 16.02, "bb_lower": 16.05766450220208, "bb_upper": 16.182335497797915, "rsi": 31.744465729756328, "mfi": 29.760847142738015, "atr": 0.043571428571428025}
[ENTRY] 2026-08-12T07:34:59+00:00 WLDTRY layer=1 value=304.48 entry=16.06203750 cash=2744.45
[SCAN] 2026-08-12T07:34:59+00:00 symbols=20 signals=1 entries=1 exits=0 blocked=0 open=9 cash=2744.45 equity=9559.38
[SCAN] 2026-08-12T07:39:59+00:00 symbols=20 signals=0 entries=0 exits=0 blocked=0 open=9 cash=2744.45 equity=9544.76
[SIGNAL] 2026-08-12T07:39:59+00:00 WLDTRY BUY fill_at=2026-08-12T07:44:59+00:00 features={"close": 16.03, "bb_lower": 16.03614347852703, "bb_upper": 16.185761283377737, "rsi": 36.1158276764347, "mfi": 25.94707247387035, "atr": 0.03928571428571358}
[ENTRY] 2026-08-12T07:44:59+00:00 WLDTRY layer=2 value=274.03 entry=16.05203000 cash=2470.00
[SCAN] 2026-08-12T07:44:59+00:00 symbols=20 signals=1 entries=1 exits=0 blocked=0 open=9 cash=2470.00 equity=9529.81
[SCAN] 2026-08-12T07:49:59+00:00 symbols=20 signals=0 entries=0 exits=0 blocked=1 open=9 cash=2470.00 equity=9561.06
[SCAN] 2026-08-12T07:54:59+00:00 symbols=20 signals=0 entries=0 exits=0 blocked=0 open=9 cash=2470.00 equity=9562.07
[EXIT] 2026-08-12T07:59:59+00:00 HOMETRY reason=fixed_take_profit pnl=+19.71 cash=3508.64
[SCAN] 2026-08-12T07:59:59+00:00 symbols=20 signals=0 entries=0 exits=1 blocked=1 open=8 cash=3508.64 equity=9563.57
[SCAN] 2026-08-12T08:04:59+00:00 symbols=20 signals=0 entries=0 exits=0 blocked=0 open=8 cash=3508.64 equity=9569.15
[SCAN] 2026-08-12T08:09:59+00:00 symbols=20 signals=0 entries=0 exits=0 blocked=0 open=8 cash=3508.64 equity=9572.28
[SCAN] 2026-08-12T08:14:59+00:00 symbols=20 signals=0 entries=0 exits=0 blocked=0 open=8 cash=3508.64 equity=9567.17
[SCAN] 2026-08-12T08:19:59+00:00 symbols=20 signals=0 entries=0 exits=0 blocked=0 open=8 cash=3508.64 equity=9557.72
[SIGNAL] 2026-08-12T08:19:59+00:00 ACTTRY BUY fill_at=2026-08-12T08:24:59+00:00 features={"close": 0.4885, "bb_lower": 0.48877517335476206, "bb_upper": 0.4930343504547616, "rsi": 41.146963975142, "mfi": 8.089303049922464, "atr": 0.0011071428571428582}
[ENTRY] 2026-08-12T08:24:59+00:00 ACTTRY layer=1 value=350.34 entry=0.48876630 cash=3157.78
[SCAN] 2026-08-12T08:24:59+00:00 symbols=20 signals=1 entries=1 exits=0 blocked=1 open=9 cash=3157.78 equity=9551.82
[SIGNAL] 2026-08-12T08:24:59+00:00 ACTTRY BUY fill_at=2026-08-12T08:29:59+00:00 features={"close": 0.4869, "bb_lower": 0.48798575168312835, "bb_upper": 0.4934428197454431, "rsi": 36.39444813786715, "mfi": 4.950977428921632, "atr": 0.0012214285714285717}
[ENTRY] 2026-08-12T08:29:59+00:00 ACTTRY layer=2 value=315.30 entry=0.48786563 cash=2842.00
[SCAN] 2026-08-12T08:29:59+00:00 symbols=20 signals=1 entries=1 exits=0 blocked=3 open=9 cash=2842.00 equity=9551.43
[SCAN] 2026-08-12T08:34:59+00:00 symbols=20 signals=0 entries=0 exits=0 blocked=3 open=9 cash=2842.00 equity=9566.89
[SCAN] 2026-08-12T08:39:59+00:00 symbols=20 signals=0 entries=0 exits=0 blocked=1 open=9 cash=2842.00 equity=9560.70
[SCAN] 2026-08-12T08:44:59+00:00 symbols=20 signals=0 entries=0 exits=0 blocked=1 open=9 cash=2842.00 equity=9551.18
[SCAN] 2026-08-12T08:49:59+00:00 symbols=20 signals=0 entries=0 exits=0 blocked=1 open=9 cash=2842.00 equity=9552.85
[SCAN] 2026-08-12T08:54:59+00:00 symbols=20 signals=0 entries=0 exits=0 blocked=1 open=9 cash=2842.00 equity=9553.03
[SCAN] 2026-08-12T08:59:59+00:00 symbols=20 signals=0 entries=0 exits=0 blocked=2 open=9 cash=2842.00 equity=9557.89
[SCAN] 2026-08-12T09:04:59+00:00 symbols=20 signals=0 entries=0 exits=0 blocked=3 open=9 cash=2842.00 equity=9565.49
[SCAN] 2026-08-12T09:09:59+00:00 symbols=20 signals=0 entries=0 exits=0 blocked=1 open=9 cash=2842.00 equity=9556.45
[SCAN] 2026-08-12T09:14:59+00:00 symbols=20 signals=0 entries=0 exits=0 blocked=0 open=9 cash=2842.00 equity=9536.82
[SCAN] 2026-08-12T09:19:59+00:00 symbols=20 signals=0 entries=0 exits=0 blocked=1 open=9 cash=2842.00 equity=9556.79
[SIGNAL] 2026-08-12T09:19:59+00:00 BOMETRY BUY fill_at=2026-08-12T09:24:59+00:00 features={"close": 0.03682, "bb_lower": 0.03682108643306451, "bb_upper": 0.037539865947887864, "rsi": 36.80711859520491, "mfi": 51.042796727701685, "atr": 0.00018357142857142829}
[ENTRY] 2026-08-12T09:24:59+00:00 BOMETRY layer=2 value=283.77 entry=0.03672753 cash=2557.80
[SCAN] 2026-08-12T09:24:59+00:00 symbols=20 signals=1 entries=1 exits=0 blocked=1 open=9 cash=2557.80 equity=9541.83
[SIGNAL] 2026-08-12T09:24:59+00:00 BOMETRY BUY fill_at=2026-08-12T09:29:59+00:00 features={"close": 0.03676, "bb_lower": 0.03677525649916427, "bb_upper": 0.03756379111988334, "rsi": 35.451137030245434, "mfi": 45.16991214043114, "atr": 0.00017642857142857092}
[BLOCKED] BOMETRY reason=max_layers
[SCAN] 2026-08-12T09:29:59+00:00 symbols=20 signals=1 entries=0 exits=0 blocked=1 open=9 cash=2557.80 equity=9558.42
[SCAN] 2026-08-12T09:34:59+00:00 symbols=20 signals=0 entries=0 exits=0 blocked=1 open=9 cash=2557.80 equity=9563.23
[SCAN] 2026-08-12T09:39:59+00:00 symbols=20 signals=0 entries=0 exits=0 blocked=0 open=9 cash=2557.80 equity=9550.95
[SCAN] 2026-08-12T09:44:59+00:00 symbols=20 signals=0 entries=0 exits=0 blocked=0 open=9 cash=2557.80 equity=9545.96
[SIGNAL] 2026-08-12T09:44:59+00:00 TLMTRY BUY fill_at=2026-08-12T09:49:59+00:00 features={"close": 0.0722, "bb_lower": 0.07239870263757003, "bb_upper": 0.07365844021957282, "rsi": 36.53171352566165, "mfi": 10.043874459439422, "atr": 0.000307142857142857}
[ENTRY] 2026-08-12T09:49:59+00:00 TLMTRY layer=1 value=255.40 entry=0.07215407 cash=2302.02
[SCAN] 2026-08-12T09:49:59+00:00 symbols=20 signals=1 entries=1 exits=0 blocked=0 open=10 cash=2302.02 equity=9543.79
[SIGNAL] 2026-08-12T09:49:59+00:00 TLMTRY BUY fill_at=2026-08-12T09:54:59+00:00 features={"close": 0.0707, "bb_lower": 0.0717540111547946, "bb_upper": 0.07410313170234825, "rsi": 23.59794426179907, "mfi": 2.7796401115009672, "atr": 0.0004357142857142853}
[ENTRY] 2026-08-12T09:54:59+00:00 TLMTRY layer=2 value=229.86 entry=0.07075302 cash=2071.82
[SCAN] 2026-08-12T09:54:59+00:00 symbols=20 signals=1 entries=1 exits=0 blocked=1 open=10 cash=2071.82 equity=9531.35
[EXIT] 2026-08-12T09:59:59+00:00 ACTTRY reason=bb_mfi_v3_signal_exit pnl=+8.88 cash=2747.34
[SIGNAL] 2026-08-12T09:54:59+00:00 TLMTRY BUY fill_at=2026-08-12T09:59:59+00:00 features={"close": 0.0709, "bb_lower": 0.07137650797178914, "bb_upper": 0.07423301583773466, "rsi": 27.315013256200416, "mfi": 2.723031178333457, "atr": 0.00045}
[BLOCKED] TLMTRY reason=max_layers
[SCAN] 2026-08-12T09:59:59+00:00 symbols=20 signals=1 entries=0 exits=1 blocked=3 open=9 cash=2747.34 equity=9521.65
[SIGNAL] 2026-08-12T09:59:59+00:00 TLMTRY BUY fill_at=2026-08-12T10:04:59+00:00 features={"close": 0.0709, "bb_lower": 0.0710658408307401, "bb_upper": 0.0743341591692599, "rsi": 27.315013261030685, "mfi": 2.4117757945810467, "atr": 0.0004428571428571427}
[BLOCKED] TLMTRY reason=max_layers
[SIGNAL] 2026-08-12T09:59:59+00:00 RETRY BUY fill_at=2026-08-12T10:04:59+00:00 features={"close": 20.08, "bb_lower": 20.132642320477395, "bb_upper": 20.4273576795226, "rsi": 40.51719580168633, "mfi": 46.58361081792492, "atr": 0.10071428571428649}
[BLOCKED] RETRY reason=max_layers
[SCAN] 2026-08-12T10:04:59+00:00 symbols=20 signals=2 entries=0 exits=0 blocked=2 open=9 cash=2747.34 equity=9537.66
[SIGNAL] 2026-08-12T10:04:59+00:00 TLMTRY BUY fill_at=2026-08-12T10:09:59+00:00 features={"close": 0.0706, "bb_lower": 0.07073073329727705, "bb_upper": 0.07443117146462772, "rsi": 25.160129150432354, "mfi": 1.7495894386643585, "atr": 0.0004642857142857137}
[BLOCKED] TLMTRY reason=max_layers
[SIGNAL] 2026-08-12T10:04:59+00:00 RETRY BUY fill_at=2026-08-12T10:09:59+00:00 features={"close": 20.08, "bb_lower": 20.107002500933664, "bb_upper": 20.441568927637764, "rsi": 40.51719578826014, "mfi": 44.79017595240255, "atr": 0.09571428571428646}
[BLOCKED] RETRY reason=max_layers
[SCAN] 2026-08-12T10:09:59+00:00 symbols=20 signals=2 entries=0 exits=0 blocked=2 open=9 cash=2747.34 equity=9540.98
[SCAN] 2026-08-12T10:14:59+00:00 symbols=20 signals=0 entries=0 exits=0 blocked=0 open=9 cash=2747.34 equity=9549.84
[SCAN] 2026-08-12T10:19:59+00:00 symbols=20 signals=0 entries=0 exits=0 blocked=0 open=9 cash=2747.34 equity=9546.27
[SIGNAL] 2026-08-12T10:19:59+00:00 WLDTRY BUY fill_at=2026-08-12T10:24:59+00:00 features={"close": 15.93, "bb_lower": 15.950034926327547, "bb_upper": 16.164250787958167, "rsi": 34.65755459122805, "mfi": 11.588478813092209, "atr": 0.042142857142857384}
[BLOCKED] WLDTRY reason=max_layers
[EXIT] 2026-08-12T10:24:59+00:00 TLMTRY reason=fixed_take_profit pnl=+9.40 cash=3242.72
[SCAN] 2026-08-12T10:24:59+00:00 symbols=20 signals=1 entries=0 exits=1 blocked=3 open=8 cash=3242.72 equity=9558.19
[SIGNAL] 2026-08-12T10:24:59+00:00 WLDTRY BUY fill_at=2026-08-12T10:29:59+00:00 features={"close": 15.93, "bb_lower": 15.931416957602424, "bb_upper": 16.165725899540433, "rsi": 34.657554697421176, "mfi": 11.711019757259152, "atr": 0.03928571428571459}
[BLOCKED] WLDTRY reason=max_layers
[SCAN] 2026-08-12T10:29:59+00:00 symbols=20 signals=1 entries=0 exits=0 blocked=2 open=8 cash=3242.72 equity=9553.48
[SCAN] 2026-08-12T10:34:59+00:00 symbols=20 signals=0 entries=0 exits=0 blocked=0 open=8 cash=3242.72 equity=9550.92
[SCAN] 2026-08-12T10:39:59+00:00 symbols=20 signals=0 entries=0 exits=0 blocked=0 open=8 cash=3242.72 equity=9551.39
[SCAN] 2026-08-12T10:44:59+00:00 symbols=20 signals=0 entries=0 exits=0 blocked=1 open=8 cash=3242.72 equity=9553.18
[SCAN] 2026-08-12T10:49:59+00:00 symbols=20 signals=0 entries=0 exits=0 blocked=0 open=8 cash=3242.72 equity=9545.41
[SCAN] 2026-08-12T10:54:59+00:00 symbols=20 signals=0 entries=0 exits=0 blocked=0 open=8 cash=3242.72 equity=9539.92
[SCAN] 2026-08-12T10:59:59+00:00 symbols=20 signals=0 entries=0 exits=0 blocked=0 open=8 cash=3242.72 equity=9535.46
[SCAN] 2026-08-12T11:04:59+00:00 symbols=20 signals=0 entries=0 exits=0 blocked=0 open=8 cash=3242.72 equity=9533.06
[SCAN] 2026-08-12T11:09:59+00:00 symbols=20 signals=0 entries=0 exits=0 blocked=0 open=8 cash=3242.72 equity=9532.26
[SIGNAL] 2026-08-12T11:09:59+00:00 ACTTRY BUY fill_at=2026-08-12T11:14:59+00:00 features={"close": 0.4874, "bb_lower": 0.4893821843924369, "bb_upper": 0.49897019655994396, "rsi": 30.993476428786465, "mfi": 35.568455767920625, "atr": 0.001778571428571423}
[ENTRY] 2026-08-12T11:14:59+00:00 ACTTRY layer=1 value=323.79 entry=0.48756540 cash=2918.45
[SCAN] 2026-08-12T11:14:59+00:00 symbols=20 signals=1 entries=1 exits=0 blocked=0 open=9 cash=2918.45 equity=9531.04
[SIGNAL] 2026-08-12T11:14:59+00:00 ACTTRY BUY fill_at=2026-08-12T11:19:59+00:00 features={"close": 0.486, "bb_lower": 0.48791880435698903, "bb_upper": 0.49975738611920145, "rsi": 28.33544835781953, "mfi": 27.15084351318356, "atr": 0.0017285714285714246}
[ENTRY] 2026-08-12T11:19:59+00:00 ACTTRY layer=2 value=291.41 entry=0.48716510 cash=2626.60
[SCAN] 2026-08-12T11:19:59+00:00 symbols=20 signals=1 entries=1 exits=0 blocked=0 open=9 cash=2626.60 equity=9539.51
[SIGNAL] 2026-08-12T11:19:59+00:00 CRVTRY BUY fill_at=2026-08-12T11:24:59+00:00 features={"close": 13.11, "bb_lower": 13.13865356090787, "bb_upper": 13.35944167718737, "rsi": 36.44033518509477, "mfi": 35.69981107938686, "atr": 0.051428571428571726}
[ENTRY] 2026-08-12T11:24:59+00:00 CRVTRY layer=1 value=262.27 entry=13.16987000 cash=2363.94
[SCAN] 2026-08-12T11:24:59+00:00 symbols=20 signals=1 entries=1 exits=0 blocked=0 open=10 cash=2363.94 equity=9538.96
[SCAN] 2026-08-12T11:29:59+00:00 symbols=20 signals=0 entries=0 exits=0 blocked=0 open=10 cash=2363.94 equity=9533.42
[SIGNAL] 2026-08-12T11:29:59+00:00 MUBARAKTRY BUY fill_at=2026-08-12T11:34:59+00:00 features={"close": 0.848, "bb_lower": 0.8481635238447581, "bb_upper": 0.8710745713933371, "rsi": 38.389653374090436, "mfi": 39.56064931177267, "atr": 0.0050000000000000044}
[ENTRY] 2026-08-12T11:34:59+00:00 MUBARAKTRY layer=1 value=236.04 entry=0.84863600 cash=2127.55
[SCAN] 2026-08-12T11:34:59+00:00 symbols=20 signals=1 entries=1 exits=0 blocked=0 open=11 cash=2127.55 equity=9526.69
[SCAN] 2026-08-12T11:39:59+00:00 symbols=20 signals=0 entries=0 exits=0 blocked=2 open=11 cash=2127.55 equity=9518.84
[SCAN] 2026-08-12T11:44:59+00:00 symbols=20 signals=0 entries=0 exits=0 blocked=2 open=11 cash=2127.55 equity=9528.34
[SCAN] 2026-08-12T11:49:59+00:00 symbols=20 signals=0 entries=0 exits=0 blocked=0 open=11 cash=2127.55 equity=9523.36
[SIGNAL] 2026-08-12T11:49:59+00:00 RETRY BUY fill_at=2026-08-12T11:54:59+00:00 features={"close": 19.85, "bb_lower": 19.86724098126047, "bb_upper": 20.294663780644296, "rsi": 32.787100396637584, "mfi": 25.32707481675922, "atr": 0.072142857142857}
[BLOCKED] RETRY reason=max_layers
[SCAN] 2026-08-12T11:54:59+00:00 symbols=20 signals=1 entries=0 exits=0 blocked=1 open=11 cash=2127.55 equity=9523.48
[SCAN] 2026-08-12T11:59:59+00:00 symbols=20 signals=0 entries=0 exits=0 blocked=1 open=11 cash=2127.55 equity=9513.38
[SIGNAL] 2026-08-12T11:59:59+00:00 MUBARAKTRY BUY fill_at=2026-08-12T12:04:59+00:00 features={"close": 0.841, "bb_lower": 0.8429606290533393, "bb_upper": 0.867420323327613, "rsi": 35.15847697837039, "mfi": 30.571293999842112, "atr": 0.005785714285714291}
[ENTRY] 2026-08-12T12:04:59+00:00 MUBARAKTRY layer=2 value=212.44 entry=0.84163075 cash=1914.79
[SCAN] 2026-08-12T12:04:59+00:00 symbols=20 signals=1 entries=1 exits=0 blocked=1 open=11 cash=1914.79 equity=9524.51
[SCAN] 2026-08-12T12:09:59+00:00 symbols=20 signals=0 entries=0 exits=0 blocked=2 open=11 cash=1914.79 equity=9542.86
[SCAN] 2026-08-12T12:14:59+00:00 symbols=20 signals=0 entries=0 exits=0 blocked=0 open=11 cash=1914.79 equity=9552.68
[SCAN] 2026-08-12T12:19:59+00:00 symbols=20 signals=0 entries=0 exits=0 blocked=1 open=11 cash=1914.79 equity=9537.88
[SCAN] 2026-08-12T12:24:59+00:00 symbols=20 signals=0 entries=0 exits=0 blocked=0 open=11 cash=1914.79 equity=9553.91
[EXIT] 2026-08-12T12:29:59+00:00 MUBARAKTRY reason=fixed_take_profit pnl=+8.69 cash=2372.63
[SCAN] 2026-08-12T12:29:59+00:00 symbols=20 signals=0 entries=0 exits=1 blocked=0 open=10 cash=2372.63 equity=9558.13
[SCAN] 2026-08-12T12:34:59+00:00 symbols=20 signals=0 entries=0 exits=0 blocked=0 open=10 cash=2372.63 equity=9571.62
[SCAN] 2026-08-12T12:39:59+00:00 symbols=20 signals=0 entries=0 exits=0 blocked=0 open=10 cash=2372.63 equity=9555.81
[SCAN] 2026-08-12T12:44:59+00:00 symbols=20 signals=0 entries=0 exits=0 blocked=0 open=10 cash=2372.63 equity=9551.94
[SCAN] 2026-08-12T12:49:59+00:00 symbols=20 signals=0 entries=0 exits=0 blocked=1 open=10 cash=2372.63 equity=9539.77
[SCAN] 2026-08-12T12:54:59+00:00 symbols=20 signals=0 entries=0 exits=0 blocked=3 open=10 cash=2372.63 equity=9554.49
[SCAN] 2026-08-12T12:59:59+00:00 symbols=20 signals=0 entries=0 exits=0 blocked=2 open=10 cash=2372.63 equity=9554.62
[SCAN] 2026-08-12T13:04:59+00:00 symbols=20 signals=0 entries=0 exits=0 blocked=3 open=10 cash=2372.63 equity=9556.80
[SCAN] 2026-08-12T13:09:59+00:00 symbols=20 signals=0 entries=0 exits=0 blocked=0 open=10 cash=2372.63 equity=9549.32
[SCAN] 2026-08-12T13:14:59+00:00 symbols=20 signals=0 entries=0 exits=0 blocked=0 open=10 cash=2372.63 equity=9555.50
[SCAN] 2026-08-12T13:19:59+00:00 symbols=20 signals=0 entries=0 exits=0 blocked=0 open=10 cash=2372.63 equity=9543.09
[SCAN] 2026-08-12T13:24:59+00:00 symbols=20 signals=0 entries=0 exits=0 blocked=1 open=10 cash=2372.63 equity=9551.82
[SCAN] 2026-08-12T13:29:59+00:00 symbols=20 signals=0 entries=0 exits=0 blocked=1 open=10 cash=2372.63 equity=9551.32
[EXIT] 2026-08-12T13:34:59+00:00 ACTTRY reason=bb_mfi_v3_signal_exit pnl=+8.18 cash=2996.92
[SCAN] 2026-08-12T13:34:59+00:00 symbols=20 signals=0 entries=0 exits=1 blocked=1 open=9 cash=2996.92 equity=9548.18
[SCAN] 2026-08-12T13:39:59+00:00 symbols=20 signals=0 entries=0 exits=0 blocked=1 open=9 cash=2996.92 equity=9554.23
[SIGNAL] 2026-08-12T13:39:59+00:00 PIXELTRY BUY fill_at=2026-08-12T13:44:59+00:00 features={"close": 0.208, "bb_lower": 0.20815543216532253, "bb_upper": 0.21174932973943936, "rsi": 35.34427639922248, "mfi": 11.485216862088478, "atr": 0.0007857142857142864}
[ENTRY] 2026-08-12T13:44:59+00:00 PIXELTRY layer=1 value=299.24 entry=0.20815600 cash=2697.23
[SCAN] 2026-08-12T13:44:59+00:00 symbols=20 signals=1 entries=1 exits=0 blocked=1 open=10 cash=2697.23 equity=9546.32
[SCAN] 2026-08-12T13:49:59+00:00 symbols=20 signals=0 entries=0 exits=0 blocked=0 open=10 cash=2697.23 equity=9550.24
[SCAN] 2026-08-12T13:54:59+00:00 symbols=20 signals=0 entries=0 exits=0 blocked=0 open=10 cash=2697.23 equity=9552.41
[SCAN] 2026-08-12T13:59:59+00:00 symbols=20 signals=0 entries=0 exits=0 blocked=1 open=10 cash=2697.23 equity=9552.12
[SCAN] 2026-08-12T14:04:59+00:00 symbols=20 signals=0 entries=0 exits=0 blocked=1 open=10 cash=2697.23 equity=9527.16
[SCAN] 2026-08-12T14:09:59+00:00 symbols=20 signals=0 entries=0 exits=0 blocked=2 open=10 cash=2697.23 equity=9517.80
[SCAN] 2026-08-12T14:14:59+00:00 symbols=20 signals=0 entries=0 exits=0 blocked=5 open=10 cash=2697.23 equity=9531.29
[SIGNAL] 2026-08-12T14:14:59+00:00 TLMTRY BUY fill_at=2026-08-12T14:19:59+00:00 features={"close": 0.0729, "bb_lower": 0.07292039503239237, "bb_upper": 0.07401293830094094, "rsi": 34.98940271492944, "mfi": 38.90187575310974, "atr": 0.00012857142857142828}
[ENTRY] 2026-08-12T14:19:59+00:00 TLMTRY layer=1 value=269.32 entry=0.07295468 cash=2427.51
[SCAN] 2026-08-12T14:19:59+00:00 symbols=20 signals=1 entries=1 exits=0 blocked=1 open=11 cash=2427.51 equity=9524.27
[SCAN] 2026-08-12T14:24:59+00:00 symbols=20 signals=0 entries=0 exits=0 blocked=2 open=11 cash=2427.51 equity=9527.19
[SCAN] 2026-08-12T14:29:59+00:00 symbols=20 signals=0 entries=0 exits=0 blocked=1 open=11 cash=2427.51 equity=9519.12
[SCAN] 2026-08-12T14:34:59+00:00 symbols=20 signals=0 entries=0 exits=0 blocked=2 open=11 cash=2427.51 equity=9527.54
[SCAN] 2026-08-12T14:39:59+00:00 symbols=20 signals=0 entries=0 exits=0 blocked=1 open=11 cash=2427.51 equity=9518.54
[SIGNAL] 2026-08-12T14:39:59+00:00 CRVTRY BUY fill_at=2026-08-12T14:44:59+00:00 features={"close": 12.84, "bb_lower": 12.98325562643526, "bb_upper": 13.260553897374264, "rsi": 22.304303927704467, "mfi": 49.42727704462757, "atr": 0.05785714285714327}
[ENTRY] 2026-08-12T14:44:59+00:00 CRVTRY layer=2 value=242.39 entry=12.84963000 cash=2184.76
[SCAN] 2026-08-12T14:44:59+00:00 symbols=20 signals=1 entries=1 exits=0 blocked=1 open=11 cash=2184.76 equity=9499.18
[SIGNAL] 2026-08-12T14:44:59+00:00 CRVTRY BUY fill_at=2026-08-12T14:49:59+00:00 features={"close": 12.81, "bb_lower": 12.916002101199016, "bb_upper": 13.300188374991457, "rsi": 21.042823437367176, "mfi": 31.553047384985447, "atr": 0.05928571428571467}
[BLOCKED] CRVTRY reason=max_layers
[SCAN] 2026-08-12T14:49:59+00:00 symbols=20 signals=1 entries=0 exits=0 blocked=6 open=11 cash=2184.76 equity=9513.08
[SCAN] 2026-08-12T14:54:59+00:00 symbols=20 signals=0 entries=0 exits=0 blocked=1 open=11 cash=2184.76 equity=9508.18
[SIGNAL] 2026-08-12T14:54:59+00:00 CRVTRY BUY fill_at=2026-08-12T14:59:59+00:00 features={"close": 12.83, "bb_lower": 12.852537132889474, "bb_upper": 13.316986676634333, "rsi": 31.993479388524634, "mfi": 48.44591645613018, "atr": 0.07428571428571436}
[BLOCKED] CRVTRY reason=max_layers
[SCAN] 2026-08-12T14:59:59+00:00 symbols=20 signals=1 entries=0 exits=0 blocked=2 open=11 cash=2184.76 equity=9500.80
[SCAN] 2026-08-12T15:04:59+00:00 symbols=20 signals=0 entries=0 exits=0 blocked=2 open=11 cash=2184.76 equity=9520.61
[SCAN] 2026-08-12T15:09:59+00:00 symbols=20 signals=0 entries=0 exits=0 blocked=0 open=11 cash=2184.76 equity=9500.16
[SCAN] 2026-08-12T15:14:59+00:00 symbols=20 signals=0 entries=0 exits=0 blocked=2 open=11 cash=2184.76 equity=9512.18
[SCAN] 2026-08-12T15:19:59+00:00 symbols=20 signals=0 entries=0 exits=0 blocked=1 open=11 cash=2184.76 equity=9509.43
[SIGNAL] 2026-08-12T15:19:59+00:00 HOMETRY BUY fill_at=2026-08-12T15:24:59+00:00 features={"close": 0.441, "bb_lower": 0.4442092830003833, "bb_upper": 0.45588595509485497, "rsi": 33.84470126939483, "mfi": 50.701119625556316, "atr": 0.00335714285714286}
[ENTRY] 2026-08-12T15:24:59+00:00 HOMETRY layer=1 value=218.15 entry=0.44133075 cash=1966.28
[SCAN] 2026-08-12T15:24:59+00:00 symbols=20 signals=1 entries=1 exits=0 blocked=0 open=12 cash=1966.28 equity=9496.68
[SIGNAL] 2026-08-12T15:24:59+00:00 HOMETRY BUY fill_at=2026-08-12T15:29:59+00:00 features={"close": 0.439, "bb_lower": 0.4421490775043324, "bb_upper": 0.457089017733763, "rsi": 31.3158543620619, "mfi": 46.44288819963071, "atr": 0.0032857142857142885}
[ENTRY] 2026-08-12T15:29:59+00:00 HOMETRY layer=2 value=196.33 entry=0.43832850 cash=1769.65
[SCAN] 2026-08-12T15:29:59+00:00 symbols=20 signals=1 entries=1 exits=0 blocked=1 open=12 cash=1769.65 equity=9476.81
[SCAN] 2026-08-12T15:34:59+00:00 symbols=20 signals=0 entries=0 exits=0 blocked=1 open=12 cash=1769.65 equity=9466.13
[SIGNAL] 2026-08-12T15:34:59+00:00 AEVOTRY BUY fill_at=2026-08-12T15:39:59+00:00 features={"close": 0.923, "bb_lower": 0.9261507163692823, "bb_upper": 0.9448969026783368, "rsi": 23.726857040677558, "mfi": 31.734453580461732, "atr": 0.0023571428571428433}
[BLOCKED] AEVOTRY reason=max_layers
[SCAN] 2026-08-12T15:39:59+00:00 symbols=20 signals=1 entries=0 exits=0 blocked=3 open=12 cash=1769.65 equity=9477.34
[SIGNAL] 2026-08-12T15:39:59+00:00 AEVOTRY BUY fill_at=2026-08-12T15:44:59+00:00 features={"close": 0.924, "bb_lower": 0.9244763012187606, "bb_upper": 0.9449522702098107, "rsi": 27.04266081287436, "mfi": 8.501342040363411, "atr": 0.002428571428571415}
[BLOCKED] AEVOTRY reason=max_layers
[SCAN] 2026-08-12T15:44:59+00:00 symbols=20 signals=1 entries=0 exits=0 blocked=3 open=12 cash=1769.65 equity=9474.03
[SCAN] 2026-08-12T15:49:59+00:00 symbols=20 signals=0 entries=0 exits=0 blocked=0 open=12 cash=1769.65 equity=9482.76
[SCAN] 2026-08-12T15:54:59+00:00 symbols=20 signals=0 entries=0 exits=0 blocked=0 open=12 cash=1769.65 equity=9483.49
[SCAN] 2026-08-12T15:59:59+00:00 symbols=20 signals=0 entries=0 exits=0 blocked=0 open=12 cash=1769.65 equity=9481.49
[SCAN] 2026-08-12T16:04:59+00:00 symbols=20 signals=0 entries=0 exits=0 blocked=0 open=12 cash=1769.65 equity=9494.74
[SCAN] 2026-08-12T16:09:59+00:00 symbols=20 signals=0 entries=0 exits=0 blocked=0 open=12 cash=1769.65 equity=9494.35
[SCAN] 2026-08-12T16:14:59+00:00 symbols=20 signals=0 entries=0 exits=0 blocked=0 open=12 cash=1769.65 equity=9504.97
[SCAN] 2026-08-12T16:19:59+00:00 symbols=20 signals=0 entries=0 exits=0 blocked=0 open=12 cash=1769.65 equity=9508.63
[SCAN] 2026-08-12T16:24:59+00:00 symbols=20 signals=0 entries=0 exits=0 blocked=0 open=12 cash=1769.65 equity=9503.10
[SCAN] 2026-08-12T16:29:59+00:00 symbols=20 signals=0 entries=0 exits=0 blocked=0 open=12 cash=1769.65 equity=9502.17
[SCAN] 2026-08-12T16:34:59+00:00 symbols=20 signals=0 entries=0 exits=0 blocked=0 open=12 cash=1769.65 equity=9505.50
[SCAN] 2026-08-12T16:39:59+00:00 symbols=20 signals=0 entries=0 exits=0 blocked=0 open=12 cash=1769.65 equity=9495.24
[SCAN] 2026-08-12T16:44:59+00:00 symbols=20 signals=0 entries=0 exits=0 blocked=0 open=12 cash=1769.65 equity=9490.68
[SCAN] 2026-08-12T16:49:59+00:00 symbols=20 signals=0 entries=0 exits=0 blocked=1 open=12 cash=1769.65 equity=9474.52
[SCAN] 2026-08-12T16:54:59+00:00 symbols=20 signals=0 entries=0 exits=0 blocked=2 open=12 cash=1769.65 equity=9480.04
[SCAN] 2026-08-12T16:59:59+00:00 symbols=20 signals=0 entries=0 exits=0 blocked=2 open=12 cash=1769.65 equity=9479.85
[SIGNAL] 2026-08-12T16:59:59+00:00 NILTRY BUY fill_at=2026-08-12T17:04:59+00:00 features={"close": 2.046, "bb_lower": 2.0574342087053252, "bb_upper": 2.1382800770089605, "rsi": 39.1371905256579, "mfi": 46.293151094364035, "atr": 0.031142857142857267}
[ENTRY] 2026-08-12T17:04:59+00:00 NILTRY layer=1 value=176.70 entry=2.04953600 cash=1592.69
[SCAN] 2026-08-12T17:04:59+00:00 symbols=20 signals=1 entries=1 exits=0 blocked=1 open=13 cash=1592.69 equity=9472.23
[SIGNAL] 2026-08-12T17:04:59+00:00 MUBARAKTRY BUY fill_at=2026-08-12T17:09:59+00:00 features={"close": 0.873, "bb_lower": 0.8779506431466636, "bb_upper": 0.9040493568533362, "rsi": 38.70307759142107, "mfi": 52.32993411849635, "atr": 0.009285714285714295}
[ENTRY] 2026-08-12T17:09:59+00:00 MUBARAKTRY layer=1 value=159.03 entry=0.87265400 cash=1433.42
[SIGNAL] 2026-08-12T17:04:59+00:00 ACTTRY BUY fill_at=2026-08-12T17:09:59+00:00 features={"close": 0.4844, "bb_lower": 0.4844684122610438, "bb_upper": 0.49823634964371816, "rsi": 30.18968075583456, "mfi": 1.885949687368921, "atr": 0.0014499999999999988}
[ENTRY] 2026-08-12T17:09:59+00:00 ACTTRY layer=1 value=143.13 entry=0.48426293 cash=1290.08
[SCAN] 2026-08-12T17:09:59+00:00 symbols=20 signals=2 entries=2 exits=0 blocked=1 open=15 cash=1290.08 equity=9470.07
[SIGNAL] 2026-08-12T17:09:59+00:00 MUBARAKTRY BUY fill_at=2026-08-12T17:14:59+00:00 features={"close": 0.874, "bb_lower": 0.8754389964954183, "bb_upper": 0.9052276701712483, "rsi": 39.49981095271814, "mfi": 38.25353249061771, "atr": 0.009285714285714295}
[ENTRY] 2026-08-12T17:14:59+00:00 MUBARAKTRY layer=2 value=128.81 entry=0.87465550 cash=1161.07
[SIGNAL] 2026-08-12T17:09:59+00:00 CRVTRY BUY fill_at=2026-08-12T17:14:59+00:00 features={"close": 12.84, "bb_lower": 12.84110557137131, "bb_upper": 13.273180142914404, "rsi": 33.83034874712821, "mfi": 45.642468074967994, "atr": 0.06499999999999963}
[BLOCKED] CRVTRY reason=max_layers
[SIGNAL] 2026-08-12T17:09:59+00:00 ACTTRY BUY fill_at=2026-08-12T17:14:59+00:00 features={"close": 0.4804, "bb_lower": 0.48250569664085446, "bb_upper": 0.4989038271686694, "rsi": 24.28018900748684, "mfi": 1.2099822354583694, "atr": 0.0017071428571428595}
[ENTRY] 2026-08-12T17:14:59+00:00 ACTTRY layer=2 value=115.93 entry=0.48076030 cash=1044.96
[SIGNAL] 2026-08-12T17:09:59+00:00 NILTRY BUY fill_at=2026-08-12T17:14:59+00:00 features={"close": 2.044, "bb_lower": 2.047343482763169, "bb_upper": 2.140275564855879, "rsi": 40.89951410218211, "mfi": 47.53609261511532, "atr": 0.031142857142857267}
[ENTRY] 2026-08-12T17:14:59+00:00 NILTRY layer=2 value=104.34 entry=2.04553300 cash=940.47
[SCAN] 2026-08-12T17:14:59+00:00 symbols=20 signals=4 entries=3 exits=0 blocked=2 open=15 cash=940.47 equity=9471.47
[SIGNAL] 2026-08-12T17:14:59+00:00 NILTRY BUY fill_at=2026-08-12T17:19:59+00:00 features={"close": 2.014, "bb_lower": 2.0326988677149984, "bb_upper": 2.14787256085643, "rsi": 35.94985546368281, "mfi": 39.22235943208158, "atr": 0.031285714285714424}
[BLOCKED] NILTRY reason=max_layers
[SCAN] 2026-08-12T17:19:59+00:00 symbols=20 signals=1 entries=0 exits=0 blocked=1 open=15 cash=940.47 equity=9463.06
[SIGNAL] 2026-08-12T17:19:59+00:00 MUBARAKTRY BUY fill_at=2026-08-12T17:24:59+00:00 features={"close": 0.86, "bb_lower": 0.867897708440275, "bb_upper": 0.909054672512106, "rsi": 32.91331325927408, "mfi": 43.969854107223135, "atr": 0.010285714285714296}
[BLOCKED] MUBARAKTRY reason=max_layers
[SIGNAL] 2026-08-12T17:19:59+00:00 NILTRY BUY fill_at=2026-08-12T17:24:59+00:00 features={"close": 1.938, "bb_lower": 1.9969850565947236, "bb_upper": 2.1704435148338477, "rsi": 26.98669389171728, "mfi": 37.17354879974722, "atr": 0.035571428571428684}
[BLOCKED] NILTRY reason=max_layers
[SCAN] 2026-08-12T17:24:59+00:00 symbols=20 signals=2 entries=0 exits=0 blocked=2 open=15 cash=940.47 equity=9451.43
[SIGNAL] 2026-08-12T17:24:59+00:00 MUBARAKTRY BUY fill_at=2026-08-12T17:29:59+00:00 features={"close": 0.859, "bb_lower": 0.8631437982491335, "bb_upper": 0.9113323922270569, "rsi": 32.48143626633845, "mfi": 40.12803960079421, "atr": 0.009785714285714295}
[BLOCKED] MUBARAKTRY reason=max_layers
[SIGNAL] 2026-08-12T17:24:59+00:00 WLDTRY BUY fill_at=2026-08-12T17:29:59+00:00 features={"close": 15.98, "bb_lower": 16.000770493882886, "bb_upper": 16.17922950611712, "rsi": 35.43410651394187, "mfi": 32.68563862669993, "atr": 0.03857142857142826}
[BLOCKED] WLDTRY reason=max_layers
[SIGNAL] 2026-08-12T17:24:59+00:00 NILTRY BUY fill_at=2026-08-12T17:29:59+00:00 features={"close": 1.969, "bb_lower": 1.9786964700384218, "bb_upper": 2.177779720437769, "rsi": 34.23248361504052, "mfi": 41.15967398185137, "atr": 0.03764285714285726}
[BLOCKED] NILTRY reason=max_layers
[SCAN] 2026-08-12T17:29:59+00:00 symbols=20 signals=3 entries=0 exits=0 blocked=4 open=15 cash=940.47 equity=9455.81
[SIGNAL] 2026-08-12T17:29:59+00:00 WLDTRY BUY fill_at=2026-08-12T17:34:59+00:00 features={"close": 15.95, "bb_lower": 15.975671777177684, "bb_upper": 16.189090127584226, "rsi": 31.92005262500801, "mfi": 30.03061344254168, "atr": 0.03857142857142826}
[BLOCKED] WLDTRY reason=max_layers
[SCAN] 2026-08-12T17:34:59+00:00 symbols=20 signals=1 entries=0 exits=0 blocked=2 open=15 cash=940.47 equity=9465.91
[SCAN] 2026-08-12T17:39:59+00:00 symbols=20 signals=0 entries=0 exits=0 blocked=1 open=15 cash=940.47 equity=9467.12
[SCAN] 2026-08-12T17:44:59+00:00 symbols=20 signals=0 entries=0 exits=0 blocked=1 open=15 cash=940.47 equity=9462.55
[EXIT] 2026-08-12T17:49:59+00:00 TLMTRY reason=bb_mfi_v3_signal_exit pnl=+3.58 cash=1213.77
[SCAN] 2026-08-12T17:49:59+00:00 symbols=20 signals=0 entries=0 exits=1 blocked=0 open=14 cash=1213.77 equity=9470.14
[SCAN] 2026-08-12T17:54:59+00:00 symbols=20 signals=0 entries=0 exits=0 blocked=0 open=14 cash=1213.77 equity=9457.72
[SCAN] 2026-08-12T17:59:59+00:00 symbols=20 signals=0 entries=0 exits=0 blocked=1 open=14 cash=1213.77 equity=9455.51
[SCAN] 2026-08-12T18:04:59+00:00 symbols=20 signals=0 entries=0 exits=0 blocked=0 open=14 cash=1213.77 equity=9462.83
[SCAN] 2026-08-12T18:09:59+00:00 symbols=20 signals=0 entries=0 exits=0 blocked=0 open=14 cash=1213.77 equity=9462.95
[SCAN] 2026-08-12T18:14:59+00:00 symbols=20 signals=0 entries=0 exits=0 blocked=0 open=14 cash=1213.77 equity=9457.80
[SCAN] 2026-08-12T18:19:59+00:00 symbols=20 signals=0 entries=0 exits=0 blocked=0 open=14 cash=1213.77 equity=9440.57
[SIGNAL] 2026-08-12T18:19:59+00:00 RETRY BUY fill_at=2026-08-12T18:24:59+00:00 features={"close": 20.14, "bb_lower": 20.15470505885814, "bb_upper": 20.41005684590376, "rsi": 40.30473036668389, "mfi": 6.536082544209592, "atr": 0.07000000000000053}
[BLOCKED] RETRY reason=max_layers
[SCAN] 2026-08-12T18:24:59+00:00 symbols=20 signals=1 entries=0 exits=0 blocked=1 open=14 cash=1213.77 equity=9452.54
[SCAN] 2026-08-12T18:29:59+00:00 symbols=20 signals=0 entries=0 exits=0 blocked=0 open=14 cash=1213.77 equity=9460.89
[SCAN] 2026-08-12T18:34:59+00:00 symbols=20 signals=0 entries=0 exits=0 blocked=0 open=14 cash=1213.77 equity=9454.86
[SCAN] 2026-08-12T18:39:59+00:00 symbols=20 signals=0 entries=0 exits=0 blocked=0 open=14 cash=1213.77 equity=9464.99
[OPEN-MARKED] AEVOTRY value=689.93 unrealized=-50.51
[OPEN-MARKED] TURBOTRY value=952.92 unrealized=-29.24
[OPEN-MARKED] THETRY value=748.54 unrealized=-3.23
[OPEN-MARKED] BOMETRY value=767.35 unrealized=-26.06
[OPEN-MARKED] PARTITRY value=939.36 unrealized=-51.55
[OPEN-MARKED] RETRY value=880.18 unrealized=-4.22
[OPEN-MARKED] BBTRY value=664.05 unrealized=-52.23
[OPEN-MARKED] WLDTRY value=576.02 unrealized=-4.23
[OPEN-MARKED] CRVTRY value=495.98 unrealized=-10.18
[OPEN-MARKED] PIXELTRY value=298.79 unrealized=-1.35
[OPEN-MARKED] HOMETRY value=405.79 unrealized=-9.92
[OPEN-MARKED] NILTRY value=277.53 unrealized=-4.35
[OPEN-MARKED] MUBARAKTRY value=290.41 unrealized=+1.70
[OPEN-MARKED] ACTTRY value=258.17 unrealized=-1.66
[COMPLETE] result=/mnt/d/scalperagent_v4/backend/portfolio-bb-mfi-v3-quality20-regime-matrix-m30-slope020-48h.json
RESULT_JSON={"initial_balance_try": 10000.0, "final_balance_try": 9446.431021, "net_pnl_try": -553.568979, "net_pnl_pct": -5.53569, "closed_trades": 43, "wins": 29, "losses": 14, "win_rate_pct": 67.4419, "profit_factor": 0.52981, "fees_total_including_open_liquidation_try": 124.229569, "max_drawdown_pct": 5.633151, "active_symbols": ["ACHTRY", "ACTTRY", "AEVOTRY", "ALICETRY", "BBTRY", "BOMETRY", "CRVTRY", "HEITRY", "HOMETRY", "MUBARAKTRY", "NIGHTTRY", "NILTRY", "PARTITRY", "PHATRY", "PIXELTRY", "RETRY", "THETRY", "TLMTRY", "TURBOTRY", "WLDTRY"], "open_positions_excluded": [], "open_positions_marked": [{"symbol": "AEVOTRY", "entry_time": 1786434599, "layers": 2, "mark_price": 0.927, "liquidation_fill": 0.92630475, "marked_value_try": 688.898181, "unrealized_pnl_try": -50.51356}, {"symbol": "TURBOTRY", "entry_time": 1786460999, "layers": 2, "mark_price": 0.0385, "liquidation_fill": 0.03847113, "marked_value_try": 951.493074, "unrealized_pnl_try": -29.241332}, {"symbol": "THETRY", "entry_time": 1786473899, "layers": 2, "mark_price": 2.834, "liquidation_fill": 2.8318745, "marked_value_try": 747.421454, "unrealized_pnl_try": -3.234743}, {"symbol": "BOMETRY", "entry_time": 1786500299, "layers": 2, "mark_price": 0.03627, "liquidation_fill": 0.0362428, "marked_value_try": 766.19762, "unrealized_pnl_try": -26.056542}, {"symbol": "PARTITRY", "entry_time": 1786514699, "layers": 2, "mark_price": 1.1, "liquidation_fill": 1.099175, "marked_value_try": 937.948963, "unrealized_pnl_try": -51.546155}, {"symbol": "RETRY", "entry_time": 1786515899, "layers": 2, "mark_price": 20.23, "liquidation_fill": 20.2148275, "marked_value_try": 878.8566, "unrealized_pnl_try": -4.215933}, {"symbol": "BBTRY", "entry_time": 1786516799, "layers": 2, "mark_price": 0.5613, "liquidation_fill": 0.56087903, "marked_value_try": 663.053951, "unrealized_pnl_try": -52.2348}, {"symbol": "WLDTRY", "entry_time": 1786520099, "layers": 2, "mark_price": 16.0, "liquidation_fill": 15.988, "marked_value_try": 575.155488, "unrealized_pnl_try": -4.2284}, {"symbol": "CRVTRY", "entry_time": 1786533899, "layers": 2, "mark_price": 12.8, "liquidation_fill": 12.7904, "marked_value_try": 495.235651, "unrealized_pnl_try": -10.175046}, {"symbol": "PIXELTRY", "entry_time": 1786542299, "layers": 1, "mark_price": 0.208, "liquidation_fill": 0.207844, "marked_value_try": 298.346524, "unrealized_pnl_try": -1.345585}, {"symbol": "HOMETRY", "entry_time": 1786548299, "layers": 2, "mark_price": 0.431, "liquidation_fill": 0.43067675, "marked_value_try": 405.179572, "unrealized_pnl_try": -9.923968}, {"symbol": "NILTRY", "entry_time": 1786554299, "layers": 2, "mark_price": 2.024, "liquidation_fill": 2.022482, "marked_value_try": 277.115263, "unrealized_pnl_try": -4.346108}, {"symbol": "MUBARAKTRY", "entry_time": 1786554599, "layers": 2, "mark_price": 0.882, "liquidation_fill": 0.8813385, "marked_value_try": 289.975791, "unrealized_pnl_try": 1.699491}, {"symbol": "ACTTRY", "entry_time": 1786554599, "layers": 2, "mark_price": 0.4814, "liquidation_fill": 0.48103895, "marked_value_try": 257.787146, "unrealized_pnl_try": -1.661524}], "reconciliation": {"expected": 9446.431022, "actual": 9446.431021, "difference": -7.1e-07}}
