[START] strategy=BB_MFI_MEAN_REVERSION pine_version=v3 initial=10000.00 TRY window=2026-08-10T00:45:17+00:00..2026-08-10T21:45:17+00:00
[CONFIG] universe=121 source=cli order_pct=0.1000 pyramiding=2 max_positions=36 commission=0.001500 spread=0.001000 slippage=0.000250
[DATA] 1MBABYDOGETRY source=BinanceTR-public interval=5m candles=575
[DATA] ACTTRY source=BinanceTR-public interval=5m candles=575
[DATA] 0GTRY source=BinanceTR-public interval=5m candles=575
[DATA] ADATRY source=BinanceTR-public interval=5m candles=575
[DATA] AEVOTRY source=BinanceTR-public interval=5m candles=575
[DATA] AEROTRY source=BinanceTR-public interval=5m candles=575
[DATA] AITRY source=BinanceTR-public interval=5m candles=575
[DATA] AIXBTTRY source=BinanceTR-public interval=5m candles=575
[DATA] AIGENSYNTRY source=BinanceTR-public interval=5m candles=575
[DATA] ALGOTRY source=BinanceTR-public interval=5m candles=575
[DATA] ALICETRY source=BinanceTR-public interval=5m candles=575
[DATA] ALLOTRY source=BinanceTR-public interval=5m candles=575
[DATA] ALTTRY source=BinanceTR-public interval=5m candles=575
[DATA] ALPINETRY source=BinanceTR-public interval=5m candles=575
[DATA] AMPTRY source=BinanceTR-public interval=5m candles=575
[DATA] API3TRY source=BinanceTR-public interval=5m candles=575
[DATA] ARBTRY source=BinanceTR-public interval=5m candles=575
[DATA] APTTRY source=BinanceTR-public interval=5m candles=575
[DATA] ARKMTRY source=BinanceTR-public interval=5m candles=575
[DATA] ACXTRY source=BinanceTR-public interval=5m candles=575
[DATA] ARPATRY source=BinanceTR-public interval=5m candles=575
[DATA] ARKTRY source=BinanceTR-public interval=5m candles=575
[DATA] ARTRY source=BinanceTR-public interval=5m candles=575
[DATA] ATMTRY source=BinanceTR-public interval=5m candles=575
[DATA] ASTERTRY source=BinanceTR-public interval=5m candles=575
[DATA] AVNTTRY source=BinanceTR-public interval=5m candles=575
[DATA] BABYTRY source=BinanceTR-public interval=5m candles=575
[DATA] ATOMTRY source=BinanceTR-public interval=5m candles=575
[DATA] BANANATRY source=BinanceTR-public interval=5m candles=575
[DATA] BBTRY source=BinanceTR-public interval=5m candles=575
[DATA] BLURTRY source=BinanceTR-public interval=5m candles=575
[DATA] BIOTRY source=BinanceTR-public interval=5m candles=575
[DATA] BOMETRY source=BinanceTR-public interval=5m candles=575
[DATA] BMTTRY source=BinanceTR-public interval=5m candles=575
[DATA] CATITRY source=BinanceTR-public interval=5m candles=575
[DATA] CETUSTRY source=BinanceTR-public interval=5m candles=575
[DATA] CHIPTRY source=BinanceTR-public interval=5m candles=575
[DATA] CELOTRY source=BinanceTR-public interval=5m candles=575
[DATA] CRVTRY source=BinanceTR-public interval=5m candles=575
[DATA] CTRY source=BinanceTR-public interval=5m candles=575
[DATA] DODOTRY source=BinanceTR-public interval=5m candles=575
[DATA] CYBERTRY source=BinanceTR-public interval=5m candles=575
[DATA] EDUTRY source=BinanceTR-public interval=5m candles=575
[DATA] EIGENTRY source=BinanceTR-public interval=5m candles=575
[DATA] EDENTRY source=BinanceTR-public interval=5m candles=575
[DATA] ENATRY source=BinanceTR-public interval=5m candles=575
[DATA] ETHFITRY source=BinanceTR-public interval=5m candles=575
[DATA] FETTRY source=BinanceTR-public interval=5m candles=575
[DATA] FFTRY source=BinanceTR-public interval=5m candles=575
[DATA] FLOKITRY source=BinanceTR-public interval=5m candles=575
[DATA] FOGOTRY source=BinanceTR-public interval=5m candles=575
[DATA] FTRY source=BinanceTR-public interval=5m candles=575
[DATA] GASTRY source=BinanceTR-public interval=5m candles=575
[DATA] HAEDALTRY source=BinanceTR-public interval=5m candles=575
[DATA] GENIUSTRY source=BinanceTR-public interval=5m candles=575
[DATA] GUNTRY source=BinanceTR-public interval=5m candles=575
[DATA] ICPTRY source=BinanceTR-public interval=5m candles=575
[DATA] HOMETRY source=BinanceTR-public interval=5m candles=575
[DATA] IDTRY source=BinanceTR-public interval=5m candles=575
[DATA] HBARTRY source=BinanceTR-public interval=5m candles=575
[DATA] JTOTRY source=BinanceTR-public interval=5m candles=575
[DATA] LATRY source=BinanceTR-public interval=5m candles=575
[DATA] LISTATRY source=BinanceTR-public interval=5m candles=575
[DATA] KITETRY source=BinanceTR-public interval=5m candles=575
[DATA] MAVTRY source=BinanceTR-public interval=5m candles=575
[DATA] LDOTRY source=BinanceTR-public interval=5m candles=575
[DATA] MEMETRY source=BinanceTR-public interval=5m candles=575
[DATA] METRY source=BinanceTR-public interval=5m candles=575
[DATA] NEARTRY source=BinanceTR-public interval=5m candles=575
[DATA] NEIROTRY source=BinanceTR-public interval=5m candles=575
[DATA] NILTRY source=BinanceTR-public interval=5m candles=575
[DATA] MUBARAKTRY source=BinanceTR-public interval=5m candles=575
[DATA] OPTRY source=BinanceTR-public interval=5m candles=575
[DATA] PENGUTRY source=BinanceTR-public interval=5m candles=575
[DATA] PHATRY source=BinanceTR-public interval=5m candles=575
[DATA] PEOPLETRY source=BinanceTR-public interval=5m candles=575
[DATA] ORDITRY source=BinanceTR-public interval=5m candles=575
[DATA] PLUMETRY source=BinanceTR-public interval=5m candles=575
[DATA] PNUTTRY source=BinanceTR-public interval=5m candles=575
[DATA] PUMPTRY source=BinanceTR-public interval=5m candles=575
[DATA] PYTHTRY source=BinanceTR-public interval=5m candles=575
[DATA] PSGTRY source=BinanceTR-public interval=5m candles=575
[DATA] RENDERTRY source=BinanceTR-public interval=5m candles=575
[DATA] RADTRY source=BinanceTR-public interval=5m candles=575
[DATA] RETRY source=BinanceTR-public interval=5m candles=575
[DATA] REDTRY source=BinanceTR-public interval=5m candles=575
[DATA] RVNTRY source=BinanceTR-public interval=5m candles=575
[DATA] SHIBTRY source=BinanceTR-public interval=5m candles=575
[DATA] REZTRY source=BinanceTR-public interval=5m candles=575
[DATA] SPELLTRY source=BinanceTR-public interval=5m candles=575
[DATA] SCRTRY source=BinanceTR-public interval=5m candles=575
[DATA] SPKTRY source=BinanceTR-public interval=5m candles=575
[DATA] SUITRY source=BinanceTR-public interval=5m candles=575
[DATA] SUNTRY source=BinanceTR-public interval=5m candles=575
[DATA] SXTTRY source=BinanceTR-public interval=5m candles=575
[DATA] STXTRY source=BinanceTR-public interval=5m candles=575
[DATA] STOTRY source=BinanceTR-public interval=5m candles=575
[DATA] SYRUPTRY source=BinanceTR-public interval=5m candles=575
[DATA] TAOTRY source=BinanceTR-public interval=5m candles=575
[DATA] THETATRY source=BinanceTR-public interval=5m candles=575
[DATA] THETRY source=BinanceTR-public interval=5m candles=575
[DATA] TLMTRY source=BinanceTR-public interval=5m candles=575
[DATA] TOWNSTRY source=BinanceTR-public interval=5m candles=575
[DATA] TRBTRY source=BinanceTR-public interval=5m candles=575
[DATA] TSTTRY source=BinanceTR-public interval=5m candles=575
[DATA] TRXTRY source=BinanceTR-public interval=5m candles=575
[DATA] TRUMPTRY source=BinanceTR-public interval=5m candles=575
[DATA] TURTLETRY source=BinanceTR-public interval=5m candles=575
[DATA] TWTTRY source=BinanceTR-public interval=5m candles=575
[DATA] USDTTRY source=BinanceTR-public interval=5m candles=575
[DATA] TURBOTRY source=BinanceTR-public interval=5m candles=575
[DATA] VANATRY source=BinanceTR-public interval=5m candles=575
[DATA] USTCTRY source=BinanceTR-public interval=5m candles=575
[DATA] VICTRY source=BinanceTR-public interval=5m candles=575
[DATA] WLDTRY source=BinanceTR-public interval=5m candles=575
[DATA] WTRY source=BinanceTR-public interval=5m candles=575
[DATA] WLFITRY source=BinanceTR-public interval=5m candles=575
[DATA] ZKTRY source=BinanceTR-public interval=5m candles=575
[DATA] ZROTRY source=BinanceTR-public interval=5m candles=575
[DATA] XPLTRY source=BinanceTR-public interval=5m candles=575
[DATA] TREETRY source=BinanceTR-public interval=5m candles=575
[ACTIVITY] 0GTRY status=ACTIVE metrics={"status": "ACTIVE", "quote_volume": 16922430.71, "range_15m_pct": 1.6484, "atr_pct": 0.3571, "volume_ratio": 5.3544, "spread_pct": 0.2703, "checks": {"quote_volume": true, "range_15m": true, "atr": true, "volume_ratio": true, "spread": true}, "reason": "active"}
[ACTIVITY] 1MBABYDOGETRY status=PASSIVE metrics={"status": "PASSIVE", "quote_volume": 5969812.78, "range_15m_pct": 0.0, "atr_pct": 0.0906, "volume_ratio": 0.0, "spread_pct": 0.12, "checks": {"quote_volume": true, "range_15m": false, "atr": false, "volume_ratio": false, "spread": true}, "reason": "movement_or_liquidity_below_threshold"}
[ACTIVITY] ACTTRY status=ACTIVE metrics={"status": "ACTIVE", "quote_volume": 427393372.27, "range_15m_pct": 2.1815, "atr_pct": 0.7901, "volume_ratio": 16.2197, "spread_pct": 0.1149, "checks": {"quote_volume": true, "range_15m": true, "atr": true, "volume_ratio": true, "spread": true}, "reason": "active"}
[ACTIVITY] ACXTRY status=PASSIVE metrics={"status": "PASSIVE", "quote_volume": 7253860.63, "range_15m_pct": 0.0, "atr_pct": 0.2605, "volume_ratio": 0.0, "spread_pct": 0.5672, "checks": {"quote_volume": true, "range_15m": false, "atr": true, "volume_ratio": false, "spread": false}, "reason": "movement_or_liquidity_below_threshold"}
[ACTIVITY] ADATRY status=PASSIVE metrics={"status": "PASSIVE", "quote_volume": 37774116.23, "range_15m_pct": 0.1106, "atr_pct": 0.2052, "volume_ratio": 0.0053, "spread_pct": 0.1104, "checks": {"quote_volume": true, "range_15m": false, "atr": true, "volume_ratio": false, "spread": true}, "reason": "movement_or_liquidity_below_threshold"}
[ACTIVITY] AEROTRY status=PASSIVE metrics={"status": "PASSIVE", "quote_volume": 3204380.06, "range_15m_pct": 0.0, "atr_pct": 0.0216, "volume_ratio": 0.0, "spread_pct": 0.1005, "checks": {"quote_volume": true, "range_15m": false, "atr": false, "volume_ratio": false, "spread": true}, "reason": "movement_or_liquidity_below_threshold"}
[ACTIVITY] AEVOTRY status=PASSIVE metrics={"status": "PASSIVE", "quote_volume": 7191861.09, "range_15m_pct": 0.0, "atr_pct": 0.1164, "volume_ratio": 0.0, "spread_pct": 0.1017, "checks": {"quote_volume": true, "range_15m": false, "atr": false, "volume_ratio": false, "spread": true}, "reason": "movement_or_liquidity_below_threshold"}
[ACTIVITY] AIGENSYNTRY status=ACTIVE metrics={"status": "ACTIVE", "quote_volume": 19893343.25, "range_15m_pct": 0.3902, "atr_pct": 0.2021, "volume_ratio": 3.3511, "spread_pct": 0.1951, "checks": {"quote_volume": true, "range_15m": true, "atr": true, "volume_ratio": true, "spread": true}, "reason": "active"}
[ACTIVITY] AITRY status=PASSIVE metrics={"status": "PASSIVE", "quote_volume": 12183733.6, "range_15m_pct": 0.0, "atr_pct": 0.0, "volume_ratio": 0.0, "spread_pct": 1.1834, "checks": {"quote_volume": true, "range_15m": false, "atr": false, "volume_ratio": false, "spread": false}, "reason": "movement_or_liquidity_below_threshold"}
[ACTIVITY] AIXBTTRY status=PASSIVE metrics={"status": "PASSIVE", "quote_volume": 8868407.33, "range_15m_pct": 0.0, "atr_pct": 0.0962, "volume_ratio": 0.0, "spread_pct": 0.225, "checks": {"quote_volume": true, "range_15m": false, "atr": false, "volume_ratio": false, "spread": true}, "reason": "movement_or_liquidity_below_threshold"}
[ACTIVITY] ALGOTRY status=PASSIVE metrics={"status": "PASSIVE", "quote_volume": 5393926.03, "range_15m_pct": 0.1018, "atr_pct": 0.0382, "volume_ratio": 17.8325, "spread_pct": 0.1015, "checks": {"quote_volume": true, "range_15m": false, "atr": false, "volume_ratio": true, "spread": true}, "reason": "movement_or_liquidity_below_threshold"}
[ACTIVITY] ALICETRY status=PASSIVE metrics={"status": "PASSIVE", "quote_volume": 45538692.77, "range_15m_pct": 0.5172, "atr_pct": 0.1348, "volume_ratio": 4.9759, "spread_pct": 0.1714, "checks": {"quote_volume": true, "range_15m": true, "atr": false, "volume_ratio": true, "spread": true}, "reason": "movement_or_liquidity_below_threshold"}
[ACTIVITY] ALLOTRY status=ACTIVE metrics={"status": "ACTIVE", "quote_volume": 86477889.67, "range_15m_pct": 1.0825, "atr_pct": 0.4051, "volume_ratio": 1.611, "spread_pct": 0.0675, "checks": {"quote_volume": true, "range_15m": true, "atr": true, "volume_ratio": true, "spread": true}, "reason": "active"}
[ACTIVITY] ALPINETRY status=PASSIVE metrics={"status": "PASSIVE", "quote_volume": 6487399.75, "range_15m_pct": 0.1286, "atr_pct": 0.0276, "volume_ratio": 2.6602, "spread_pct": 0.0642, "checks": {"quote_volume": true, "range_15m": false, "atr": false, "volume_ratio": true, "spread": true}, "reason": "movement_or_liquidity_below_threshold"}
[ACTIVITY] ALTTRY status=PASSIVE metrics={"status": "PASSIVE", "quote_volume": 33814551.19, "range_15m_pct": 0.0, "atr_pct": 0.1718, "volume_ratio": 0.0, "spread_pct": 0.3442, "checks": {"quote_volume": true, "range_15m": false, "atr": true, "volume_ratio": false, "spread": false}, "reason": "movement_or_liquidity_below_threshold"}
[ACTIVITY] AMPTRY status=PASSIVE metrics={"status": "PASSIVE", "quote_volume": 8624319.35, "range_15m_pct": 0.0, "atr_pct": 0.1544, "volume_ratio": 0.0, "spread_pct": 0.542, "checks": {"quote_volume": true, "range_15m": false, "atr": true, "volume_ratio": false, "spread": false}, "reason": "movement_or_liquidity_below_threshold"}
[ACTIVITY] API3TRY status=PASSIVE metrics={"status": "PASSIVE", "quote_volume": 7721585.62, "range_15m_pct": 0.2174, "atr_pct": 0.0699, "volume_ratio": 0.0, "spread_pct": 0.1088, "checks": {"quote_volume": true, "range_15m": true, "atr": false, "volume_ratio": false, "spread": true}, "reason": "movement_or_liquidity_below_threshold"}
[ACTIVITY] APTTRY status=PASSIVE metrics={"status": "PASSIVE", "quote_volume": 6417257.25, "range_15m_pct": 0.0, "atr_pct": 0.051, "volume_ratio": 0.0, "spread_pct": 0.3565, "checks": {"quote_volume": true, "range_15m": false, "atr": false, "volume_ratio": false, "spread": false}, "reason": "movement_or_liquidity_below_threshold"}
[ACTIVITY] ARBTRY status=PASSIVE metrics={"status": "PASSIVE", "quote_volume": 26966745.32, "range_15m_pct": 0.5195, "atr_pct": 0.2412, "volume_ratio": 0.2963, "spread_pct": 0.2594, "checks": {"quote_volume": true, "range_15m": true, "atr": true, "volume_ratio": false, "spread": true}, "reason": "movement_or_liquidity_below_threshold"}
[ACTIVITY] ARKMTRY status=PASSIVE metrics={"status": "PASSIVE", "quote_volume": 7102470.88, "range_15m_pct": 0.1956, "atr_pct": 0.1395, "volume_ratio": 0.8714, "spread_pct": 0.1086, "checks": {"quote_volume": true, "range_15m": true, "atr": false, "volume_ratio": true, "spread": true}, "reason": "movement_or_liquidity_below_threshold"}
[ACTIVITY] ARKTRY status=PASSIVE metrics={"status": "PASSIVE", "quote_volume": 1067038.83, "range_15m_pct": 0.0, "atr_pct": 0.0161, "volume_ratio": 0.0, "spread_pct": 0.226, "checks": {"quote_volume": true, "range_15m": false, "atr": false, "volume_ratio": false, "spread": true}, "reason": "movement_or_liquidity_below_threshold"}
[ACTIVITY] ARPATRY status=PASSIVE metrics={"status": "PASSIVE", "quote_volume": 7865622.81, "range_15m_pct": 0.0, "atr_pct": 0.061, "volume_ratio": 0.0, "spread_pct": 0.1421, "checks": {"quote_volume": true, "range_15m": false, "atr": false, "volume_ratio": false, "spread": true}, "reason": "movement_or_liquidity_below_threshold"}
[ACTIVITY] ARTRY status=PASSIVE metrics={"status": "PASSIVE", "quote_volume": 1088047.14, "range_15m_pct": 0.0228, "atr_pct": 0.1636, "volume_ratio": 0.8921, "spread_pct": 0.1595, "checks": {"quote_volume": true, "range_15m": false, "atr": true, "volume_ratio": true, "spread": true}, "reason": "movement_or_liquidity_below_threshold"}
[ACTIVITY] ASTERTRY status=PASSIVE metrics={"status": "PASSIVE", "quote_volume": 8374907.43, "range_15m_pct": 0.1398, "atr_pct": 0.0424, "volume_ratio": 0.4921, "spread_pct": 0.0698, "checks": {"quote_volume": true, "range_15m": false, "atr": false, "volume_ratio": false, "spread": true}, "reason": "movement_or_liquidity_below_threshold"}
[ACTIVITY] ATMTRY status=PASSIVE metrics={"status": "PASSIVE", "quote_volume": 7645259.28, "range_15m_pct": 0.7205, "atr_pct": 0.2831, "volume_ratio": 0.1882, "spread_pct": 0.1656, "checks": {"quote_volume": true, "range_15m": true, "atr": true, "volume_ratio": false, "spread": true}, "reason": "movement_or_liquidity_below_threshold"}
[ACTIVITY] ATOMTRY status=PASSIVE metrics={"status": "PASSIVE", "quote_volume": 1872136.3, "range_15m_pct": 0.1497, "atr_pct": 0.0855, "volume_ratio": 1.9257, "spread_pct": 0.1496, "checks": {"quote_volume": true, "range_15m": false, "atr": false, "volume_ratio": true, "spread": true}, "reason": "movement_or_liquidity_below_threshold"}
[ACTIVITY] AVNTTRY status=PASSIVE metrics={"status": "PASSIVE", "quote_volume": 16429664.9, "range_15m_pct": 0.2283, "atr_pct": 0.212, "volume_ratio": 0.0343, "spread_pct": 0.2281, "checks": {"quote_volume": true, "range_15m": true, "atr": true, "volume_ratio": false, "spread": true}, "reason": "movement_or_liquidity_below_threshold"}
[ACTIVITY] BABYTRY status=PASSIVE metrics={"status": "PASSIVE", "quote_volume": 7861511.59, "range_15m_pct": 0.3205, "atr_pct": 0.2633, "volume_ratio": 0.0979, "spread_pct": 0.1601, "checks": {"quote_volume": true, "range_15m": true, "atr": true, "volume_ratio": false, "spread": true}, "reason": "movement_or_liquidity_below_threshold"}
[ACTIVITY] BANANATRY status=PASSIVE metrics={"status": "PASSIVE", "quote_volume": 7781870.46, "range_15m_pct": 0.0, "atr_pct": 0.0821, "volume_ratio": 0.0, "spread_pct": 0.5764, "checks": {"quote_volume": true, "range_15m": false, "atr": false, "volume_ratio": false, "spread": false}, "reason": "movement_or_liquidity_below_threshold"}
[ACTIVITY] BBTRY status=PASSIVE metrics={"status": "PASSIVE", "quote_volume": 69135770.06, "range_15m_pct": 0.288, "atr_pct": 0.1915, "volume_ratio": 0.0573, "spread_pct": 0.0908, "checks": {"quote_volume": true, "range_15m": true, "atr": true, "volume_ratio": false, "spread": true}, "reason": "movement_or_liquidity_below_threshold"}
[ACTIVITY] BIOTRY status=ACTIVE metrics={"status": "ACTIVE", "quote_volume": 80180774.89, "range_15m_pct": 0.4736, "atr_pct": 0.2873, "volume_ratio": 0.9571, "spread_pct": 0.079, "checks": {"quote_volume": true, "range_15m": true, "atr": true, "volume_ratio": true, "spread": true}, "reason": "active"}
[ACTIVITY] BLURTRY status=PASSIVE metrics={"status": "PASSIVE", "quote_volume": 4128651.11, "range_15m_pct": 0.3086, "atr_pct": 0.0659, "volume_ratio": 0.0, "spread_pct": 0.1537, "checks": {"quote_volume": true, "range_15m": true, "atr": false, "volume_ratio": false, "spread": true}, "reason": "movement_or_liquidity_below_threshold"}
[ACTIVITY] BMTTRY status=ACTIVE metrics={"status": "ACTIVE", "quote_volume": 1400036927.39, "range_15m_pct": 2.754, "atr_pct": 1.4632, "volume_ratio": 0.5889, "spread_pct": 0.0924, "checks": {"quote_volume": true, "range_15m": true, "atr": true, "volume_ratio": true, "spread": true}, "reason": "active"}
[ACTIVITY] BOMETRY status=ACTIVE metrics={"status": "ACTIVE", "quote_volume": 178125703.77, "range_15m_pct": 2.9878, "atr_pct": 0.7548, "volume_ratio": 1.2519, "spread_pct": 0.0263, "checks": {"quote_volume": true, "range_15m": true, "atr": true, "volume_ratio": true, "spread": true}, "reason": "active"}
[ACTIVITY] CATITRY status=ACTIVE metrics={"status": "ACTIVE", "quote_volume": 11852055.41, "range_15m_pct": 0.6049, "atr_pct": 0.228, "volume_ratio": 2.5622, "spread_pct": 0.1388, "checks": {"quote_volume": true, "range_15m": true, "atr": true, "volume_ratio": true, "spread": true}, "reason": "active"}
[ACTIVITY] CELOTRY status=PASSIVE metrics={"status": "PASSIVE", "quote_volume": 2228371.22, "range_15m_pct": 0.0, "atr_pct": 0.0384, "volume_ratio": 0.0, "spread_pct": 0.1342, "checks": {"quote_volume": true, "range_15m": false, "atr": false, "volume_ratio": false, "spread": true}, "reason": "movement_or_liquidity_below_threshold"}
[ACTIVITY] CETUSTRY status=PASSIVE metrics={"status": "PASSIVE", "quote_volume": 9978372.42, "range_15m_pct": 0.224, "atr_pct": 0.1516, "volume_ratio": 0.2626, "spread_pct": 0.2232, "checks": {"quote_volume": true, "range_15m": true, "atr": true, "volume_ratio": false, "spread": true}, "reason": "movement_or_liquidity_below_threshold"}
[ACTIVITY] CHIPTRY status=ACTIVE metrics={"status": "ACTIVE", "quote_volume": 29898006.07, "range_15m_pct": 0.541, "atr_pct": 0.2225, "volume_ratio": 0.964, "spread_pct": 0.0373, "checks": {"quote_volume": true, "range_15m": true, "atr": true, "volume_ratio": true, "spread": true}, "reason": "active"}
[ACTIVITY] CRVTRY status=PASSIVE metrics={"status": "PASSIVE", "quote_volume": 74726871.19, "range_15m_pct": 0.7987, "atr_pct": 0.4649, "volume_ratio": 0.4221, "spread_pct": 0.0793, "checks": {"quote_volume": true, "range_15m": true, "atr": true, "volume_ratio": false, "spread": true}, "reason": "movement_or_liquidity_below_threshold"}
[ACTIVITY] CTRY status=ACTIVE metrics={"status": "ACTIVE", "quote_volume": 21243368.27, "range_15m_pct": 2.0308, "atr_pct": 0.6337, "volume_ratio": 0.969, "spread_pct": 0.1952, "checks": {"quote_volume": true, "range_15m": true, "atr": true, "volume_ratio": true, "spread": true}, "reason": "active"}
[ACTIVITY] CYBERTRY status=PASSIVE metrics={"status": "PASSIVE", "quote_volume": 6746724.4, "range_15m_pct": 0.0, "atr_pct": 0.0476, "volume_ratio": 0.0, "spread_pct": 0.6645, "checks": {"quote_volume": true, "range_15m": false, "atr": false, "volume_ratio": false, "spread": false}, "reason": "movement_or_liquidity_below_threshold"}
[ACTIVITY] DODOTRY status=ACTIVE metrics={"status": "ACTIVE", "quote_volume": 329721633.31, "range_15m_pct": 3.0636, "atr_pct": 1.1636, "volume_ratio": 0.9628, "spread_pct": 0.2781, "checks": {"quote_volume": true, "range_15m": true, "atr": true, "volume_ratio": true, "spread": true}, "reason": "active"}
[ACTIVITY] EDENTRY status=PASSIVE metrics={"status": "PASSIVE", "quote_volume": 69541365.4, "range_15m_pct": 0.6689, "atr_pct": 0.2728, "volume_ratio": 0.0, "spread_pct": 0.0955, "checks": {"quote_volume": true, "range_15m": true, "atr": true, "volume_ratio": false, "spread": true}, "reason": "movement_or_liquidity_below_threshold"}
[ACTIVITY] EDUTRY status=PASSIVE metrics={"status": "PASSIVE", "quote_volume": 29254954.1, "range_15m_pct": 0.0, "atr_pct": 0.1544, "volume_ratio": 0.0007, "spread_pct": 0.542, "checks": {"quote_volume": true, "range_15m": false, "atr": true, "volume_ratio": false, "spread": false}, "reason": "movement_or_liquidity_below_threshold"}
[ACTIVITY] EIGENTRY status=ACTIVE metrics={"status": "ACTIVE", "quote_volume": 48928336.08, "range_15m_pct": 0.4291, "atr_pct": 0.2816, "volume_ratio": 0.9527, "spread_pct": 0.0694, "checks": {"quote_volume": true, "range_15m": true, "atr": true, "volume_ratio": true, "spread": true}, "reason": "active"}
[ACTIVITY] ENATRY status=ACTIVE metrics={"status": "ACTIVE", "quote_volume": 74000692.74, "range_15m_pct": 0.3097, "atr_pct": 0.1561, "volume_ratio": 0.5102, "spread_pct": 0.0237, "checks": {"quote_volume": true, "range_15m": true, "atr": true, "volume_ratio": true, "spread": true}, "reason": "active"}
[ACTIVITY] ETHFITRY status=PASSIVE metrics={"status": "PASSIVE", "quote_volume": 27169276.7, "range_15m_pct": 0.3252, "atr_pct": 0.1737, "volume_ratio": 0.3111, "spread_pct": 0.0541, "checks": {"quote_volume": true, "range_15m": true, "atr": true, "volume_ratio": false, "spread": true}, "reason": "movement_or_liquidity_below_threshold"}
[ACTIVITY] FETTRY status=PASSIVE metrics={"status": "PASSIVE", "quote_volume": 41670563.21, "range_15m_pct": 0.3145, "atr_pct": 0.2018, "volume_ratio": 0.0397, "spread_pct": 0.1569, "checks": {"quote_volume": true, "range_15m": true, "atr": true, "volume_ratio": false, "spread": true}, "reason": "movement_or_liquidity_below_threshold"}
[ACTIVITY] FFTRY status=PASSIVE metrics={"status": "PASSIVE", "quote_volume": 18979684.63, "range_15m_pct": 0.2848, "atr_pct": 0.1107, "volume_ratio": 0.5204, "spread_pct": 0.0633, "checks": {"quote_volume": true, "range_15m": true, "atr": false, "volume_ratio": true, "spread": true}, "reason": "movement_or_liquidity_below_threshold"}
[ACTIVITY] FLOKITRY status=PASSIVE metrics={"status": "PASSIVE", "quote_volume": 18641121.87, "range_15m_pct": 0.3015, "atr_pct": 0.0861, "volume_ratio": 0.0194, "spread_pct": 0.1005, "checks": {"quote_volume": true, "range_15m": true, "atr": false, "volume_ratio": false, "spread": true}, "reason": "movement_or_liquidity_below_threshold"}
[ACTIVITY] FOGOTRY status=PASSIVE metrics={"status": "PASSIVE", "quote_volume": 7426525.64, "range_15m_pct": 0.0, "atr_pct": 0.1166, "volume_ratio": 0.0, "spread_pct": 0.2328, "checks": {"quote_volume": true, "range_15m": false, "atr": false, "volume_ratio": false, "spread": true}, "reason": "movement_or_liquidity_below_threshold"}
[ACTIVITY] FTRY status=PASSIVE metrics={"status": "PASSIVE", "quote_volume": 8049747.16, "range_15m_pct": 0.8333, "atr_pct": 0.8694, "volume_ratio": 0.0491, "spread_pct": 0.1387, "checks": {"quote_volume": true, "range_15m": true, "atr": true, "volume_ratio": false, "spread": true}, "reason": "movement_or_liquidity_below_threshold"}
[ACTIVITY] GASTRY status=PASSIVE metrics={"status": "PASSIVE", "quote_volume": 1108538.9, "range_15m_pct": 0.0, "atr_pct": 0.0321, "volume_ratio": 0.0, "spread_pct": 0.4494, "checks": {"quote_volume": true, "range_15m": false, "atr": false, "volume_ratio": false, "spread": false}, "reason": "movement_or_liquidity_below_threshold"}
[ACTIVITY] GENIUSTRY status=ACTIVE metrics={"status": "ACTIVE", "quote_volume": 25751113.23, "range_15m_pct": 0.6997, "atr_pct": 0.308, "volume_ratio": 2.9975, "spread_pct": 0.1167, "checks": {"quote_volume": true, "range_15m": true, "atr": true, "volume_ratio": true, "spread": true}, "reason": "active"}
[ACTIVITY] GUNTRY status=PASSIVE metrics={"status": "PASSIVE", "quote_volume": 267245555.97, "range_15m_pct": 1.9108, "atr_pct": 0.546, "volume_ratio": 1.4848, "spread_pct": 0.6349, "checks": {"quote_volume": true, "range_15m": true, "atr": true, "volume_ratio": true, "spread": false}, "reason": "movement_or_liquidity_below_threshold"}
[ACTIVITY] HAEDALTRY status=PASSIVE metrics={"status": "PASSIVE", "quote_volume": 8743784.16, "range_15m_pct": 0.0, "atr_pct": 0.1425, "volume_ratio": 0.0, "spread_pct": 0.1243, "checks": {"quote_volume": true, "range_15m": false, "atr": false, "volume_ratio": false, "spread": true}, "reason": "movement_or_liquidity_below_threshold"}
[ACTIVITY] HBARTRY status=PASSIVE metrics={"status": "PASSIVE", "quote_volume": 4442861.26, "range_15m_pct": 0.0, "atr_pct": 0.1044, "volume_ratio": 0.0, "spread_pct": 0.0311, "checks": {"quote_volume": true, "range_15m": false, "atr": false, "volume_ratio": false, "spread": true}, "reason": "movement_or_liquidity_below_threshold"}
[ACTIVITY] HOMETRY status=PASSIVE metrics={"status": "PASSIVE", "quote_volume": 445082759.5, "range_15m_pct": 1.566, "atr_pct": 1.2744, "volume_ratio": 0.3731, "spread_pct": 0.4425, "checks": {"quote_volume": true, "range_15m": true, "atr": true, "volume_ratio": false, "spread": false}, "reason": "movement_or_liquidity_below_threshold"}
[ACTIVITY] ICPTRY status=ACTIVE metrics={"status": "ACTIVE", "quote_volume": 25166607.07, "range_15m_pct": 0.9865, "atr_pct": 0.4123, "volume_ratio": 11.9576, "spread_pct": 0.089, "checks": {"quote_volume": true, "range_15m": true, "atr": true, "volume_ratio": true, "spread": true}, "reason": "active"}
[ACTIVITY] IDTRY status=PASSIVE metrics={"status": "PASSIVE", "quote_volume": 3581545.01, "range_15m_pct": 0.1487, "atr_pct": 0.0903, "volume_ratio": 0.0, "spread_pct": 0.0744, "checks": {"quote_volume": true, "range_15m": false, "atr": false, "volume_ratio": false, "spread": true}, "reason": "movement_or_liquidity_below_threshold"}
[ACTIVITY] JTOTRY status=ACTIVE metrics={"status": "ACTIVE", "quote_volume": 39920205.61, "range_15m_pct": 0.5774, "atr_pct": 0.2693, "volume_ratio": 1.1321, "spread_pct": 0.077, "checks": {"quote_volume": true, "range_15m": true, "atr": true, "volume_ratio": true, "spread": true}, "reason": "active"}
[ACTIVITY] KITETRY status=PASSIVE metrics={"status": "PASSIVE", "quote_volume": 36175480.77, "range_15m_pct": 1.1494, "atr_pct": 0.2536, "volume_ratio": 0.0292, "spread_pct": 0.123, "checks": {"quote_volume": true, "range_15m": true, "atr": true, "volume_ratio": false, "spread": true}, "reason": "movement_or_liquidity_below_threshold"}
[ACTIVITY] LATRY status=PASSIVE metrics={"status": "PASSIVE", "quote_volume": 34790514.52, "range_15m_pct": 1.1765, "atr_pct": 0.3361, "volume_ratio": 1.1967, "spread_pct": 0.3899, "checks": {"quote_volume": true, "range_15m": true, "atr": true, "volume_ratio": true, "spread": false}, "reason": "movement_or_liquidity_below_threshold"}
[ACTIVITY] LDOTRY status=PASSIVE metrics={"status": "PASSIVE", "quote_volume": 18520232.57, "range_15m_pct": 0.2851, "atr_pct": 0.1574, "volume_ratio": 0.2254, "spread_pct": 0.0711, "checks": {"quote_volume": true, "range_15m": true, "atr": true, "volume_ratio": false, "spread": true}, "reason": "movement_or_liquidity_below_threshold"}
[ACTIVITY] LISTATRY status=PASSIVE metrics={"status": "PASSIVE", "quote_volume": 53992570.3, "range_15m_pct": 0.6579, "atr_pct": 0.2115, "volume_ratio": 0.5053, "spread_pct": 0.3284, "checks": {"quote_volume": true, "range_15m": true, "atr": true, "volume_ratio": true, "spread": false}, "reason": "movement_or_liquidity_below_threshold"}
[ACTIVITY] MAVTRY status=PASSIVE metrics={"status": "PASSIVE", "quote_volume": 9955242.16, "range_15m_pct": 2.2222, "atr_pct": 1.087, "volume_ratio": 1.151, "spread_pct": 2.1505, "checks": {"quote_volume": true, "range_15m": true, "atr": true, "volume_ratio": true, "spread": false}, "reason": "movement_or_liquidity_below_threshold"}
[ACTIVITY] MEMETRY status=PASSIVE metrics={"status": "PASSIVE", "quote_volume": 13758497.34, "range_15m_pct": 0.0, "atr_pct": 0.1446, "volume_ratio": 0.0, "spread_pct": 0.404, "checks": {"quote_volume": true, "range_15m": false, "atr": false, "volume_ratio": false, "spread": false}, "reason": "movement_or_liquidity_below_threshold"}
[ACTIVITY] METRY status=PASSIVE metrics={"status": "PASSIVE", "quote_volume": 72888288.85, "range_15m_pct": 1.6987, "atr_pct": 1.0738, "volume_ratio": 0.0, "spread_pct": 0.4093, "checks": {"quote_volume": true, "range_15m": true, "atr": true, "volume_ratio": false, "spread": false}, "reason": "movement_or_liquidity_below_threshold"}
[ACTIVITY] MUBARAKTRY status=PASSIVE metrics={"status": "PASSIVE", "quote_volume": 492471540.3, "range_15m_pct": 2.5355, "atr_pct": 1.7839, "volume_ratio": 0.1202, "spread_pct": 0.0998, "checks": {"quote_volume": true, "range_15m": true, "atr": true, "volume_ratio": false, "spread": true}, "reason": "movement_or_liquidity_below_threshold"}
[ACTIVITY] NEARTRY status=PASSIVE metrics={"status": "PASSIVE", "quote_volume": 14791289.09, "range_15m_pct": 0.5249, "atr_pct": 0.2051, "volume_ratio": 0.2736, "spread_pct": 0.1306, "checks": {"quote_volume": true, "range_15m": true, "atr": true, "volume_ratio": false, "spread": true}, "reason": "movement_or_liquidity_below_threshold"}
[ACTIVITY] NEIROTRY status=ACTIVE metrics={"status": "ACTIVE", "quote_volume": 37494554.27, "range_15m_pct": 0.2849, "atr_pct": 0.2035, "volume_ratio": 0.8825, "spread_pct": 0.2845, "checks": {"quote_volume": true, "range_15m": true, "atr": true, "volume_ratio": true, "spread": true}, "reason": "active"}
[ACTIVITY] NILTRY status=ACTIVE metrics={"status": "ACTIVE", "quote_volume": 345072718.07, "range_15m_pct": 1.5765, "atr_pct": 0.7184, "volume_ratio": 0.6713, "spread_pct": 0.1042, "checks": {"quote_volume": true, "range_15m": true, "atr": true, "volume_ratio": true, "spread": true}, "reason": "active"}
[ACTIVITY] OPTRY status=PASSIVE metrics={"status": "PASSIVE", "quote_volume": 6905831.26, "range_15m_pct": 0.2299, "atr_pct": 0.0493, "volume_ratio": 0.9005, "spread_pct": 0.2296, "checks": {"quote_volume": true, "range_15m": true, "atr": false, "volume_ratio": true, "spread": true}, "reason": "movement_or_liquidity_below_threshold"}
[ACTIVITY] ORDITRY status=PASSIVE metrics={"status": "PASSIVE", "quote_volume": 19179440.53, "range_15m_pct": 0.0, "atr_pct": 0.162, "volume_ratio": 0.0, "spread_pct": 0.0599, "checks": {"quote_volume": true, "range_15m": false, "atr": true, "volume_ratio": false, "spread": true}, "reason": "movement_or_liquidity_below_threshold"}
[ACTIVITY] PENGUTRY status=PASSIVE metrics={"status": "PASSIVE", "quote_volume": 42659421.25, "range_15m_pct": 0.3566, "atr_pct": 0.1965, "volume_ratio": 0.4345, "spread_pct": 0.0323, "checks": {"quote_volume": true, "range_15m": true, "atr": true, "volume_ratio": false, "spread": true}, "reason": "movement_or_liquidity_below_threshold"}
[ACTIVITY] PEOPLETRY status=ACTIVE metrics={"status": "ACTIVE", "quote_volume": 46366274.77, "range_15m_pct": 0.7335, "atr_pct": 0.4007, "volume_ratio": 0.8061, "spread_pct": 0.2442, "checks": {"quote_volume": true, "range_15m": true, "atr": true, "volume_ratio": true, "spread": true}, "reason": "active"}
[ACTIVITY] PHATRY status=PASSIVE metrics={"status": "PASSIVE", "quote_volume": 69731068.41, "range_15m_pct": 0.0, "atr_pct": 0.3793, "volume_ratio": 4.6682, "spread_pct": 0.8811, "checks": {"quote_volume": true, "range_15m": false, "atr": true, "volume_ratio": true, "spread": false}, "reason": "movement_or_liquidity_below_threshold"}
[ACTIVITY] PLUMETRY status=PASSIVE metrics={"status": "PASSIVE", "quote_volume": 17958929.43, "range_15m_pct": 0.0, "atr_pct": 0.2115, "volume_ratio": 0.0, "spread_pct": 0.1741, "checks": {"quote_volume": true, "range_15m": false, "atr": true, "volume_ratio": false, "spread": true}, "reason": "movement_or_liquidity_below_threshold"}
[ACTIVITY] PNUTTRY status=PASSIVE metrics={"status": "PASSIVE", "quote_volume": 23269888.12, "range_15m_pct": 0.4975, "atr_pct": 0.2132, "volume_ratio": 13.7676, "spread_pct": 0.4963, "checks": {"quote_volume": true, "range_15m": true, "atr": true, "volume_ratio": true, "spread": false}, "reason": "movement_or_liquidity_below_threshold"}
[ACTIVITY] PSGTRY status=PASSIVE metrics={"status": "PASSIVE", "quote_volume": 3506623.92, "range_15m_pct": 0.0, "atr_pct": 0.0259, "volume_ratio": 0.0, "spread_pct": 0.3222, "checks": {"quote_volume": true, "range_15m": false, "atr": false, "volume_ratio": false, "spread": false}, "reason": "movement_or_liquidity_below_threshold"}
[ACTIVITY] PUMPTRY status=PASSIVE metrics={"status": "PASSIVE", "quote_volume": 98145209.87, "range_15m_pct": 0.8468, "atr_pct": 0.5149, "volume_ratio": 0.0816, "spread_pct": 0.0767, "checks": {"quote_volume": true, "range_15m": true, "atr": true, "volume_ratio": false, "spread": true}, "reason": "movement_or_liquidity_below_threshold"}
[ACTIVITY] PYTHTRY status=PASSIVE metrics={"status": "PASSIVE", "quote_volume": 9338275.34, "range_15m_pct": 0.345, "atr_pct": 0.3309, "volume_ratio": 0.0478, "spread_pct": 0.0984, "checks": {"quote_volume": true, "range_15m": true, "atr": true, "volume_ratio": false, "spread": true}, "reason": "movement_or_liquidity_below_threshold"}
[ACTIVITY] RADTRY status=PASSIVE metrics={"status": "PASSIVE", "quote_volume": 108899413.72, "range_15m_pct": 6.8644, "atr_pct": 2.6067, "volume_ratio": 1.6562, "spread_pct": 0.3373, "checks": {"quote_volume": true, "range_15m": true, "atr": true, "volume_ratio": true, "spread": false}, "reason": "movement_or_liquidity_below_threshold"}
[ACTIVITY] REDTRY status=PASSIVE metrics={"status": "PASSIVE", "quote_volume": 3388681.0, "range_15m_pct": 0.0, "atr_pct": 0.1196, "volume_ratio": 0.159, "spread_pct": 0.2395, "checks": {"quote_volume": true, "range_15m": false, "atr": false, "volume_ratio": false, "spread": true}, "reason": "movement_or_liquidity_below_threshold"}
[ACTIVITY] RENDERTRY status=ACTIVE metrics={"status": "ACTIVE", "quote_volume": 19514859.72, "range_15m_pct": 0.5034, "atr_pct": 0.2273, "volume_ratio": 2.7699, "spread_pct": 0.1671, "checks": {"quote_volume": true, "range_15m": true, "atr": true, "volume_ratio": true, "spread": true}, "reason": "active"}
[ACTIVITY] RETRY status=ACTIVE metrics={"status": "ACTIVE", "quote_volume": 134862131.93, "range_15m_pct": 0.4592, "atr_pct": 0.4876, "volume_ratio": 0.5166, "spread_pct": 0.0509, "checks": {"quote_volume": true, "range_15m": true, "atr": true, "volume_ratio": true, "spread": true}, "reason": "active"}
[ACTIVITY] REZTRY status=PASSIVE metrics={"status": "PASSIVE", "quote_volume": 19846951.06, "range_15m_pct": 0.7299, "atr_pct": 0.2174, "volume_ratio": 0.0418, "spread_pct": 0.0723, "checks": {"quote_volume": true, "range_15m": true, "atr": true, "volume_ratio": false, "spread": true}, "reason": "movement_or_liquidity_below_threshold"}
[ACTIVITY] RVNTRY status=PASSIVE metrics={"status": "PASSIVE", "quote_volume": 5746528.94, "range_15m_pct": 0.0, "atr_pct": 0.1108, "volume_ratio": 0.0, "spread_pct": 0.2993, "checks": {"quote_volume": true, "range_15m": false, "atr": false, "volume_ratio": false, "spread": true}, "reason": "movement_or_liquidity_below_threshold"}
[ACTIVITY] SCRTRY status=PASSIVE metrics={"status": "PASSIVE", "quote_volume": 15272607.25, "range_15m_pct": 0.2846, "atr_pct": 0.1284, "volume_ratio": 0.5917, "spread_pct": 0.0947, "checks": {"quote_volume": true, "range_15m": true, "atr": false, "volume_ratio": true, "spread": true}, "reason": "movement_or_liquidity_below_threshold"}
[ACTIVITY] SHIBTRY status=ACTIVE metrics={"status": "ACTIVE", "quote_volume": 38216837.91, "range_15m_pct": 0.4673, "atr_pct": 0.1801, "volume_ratio": 1.2505, "spread_pct": 0.0467, "checks": {"quote_volume": true, "range_15m": true, "atr": true, "volume_ratio": true, "spread": true}, "reason": "active"}
[ACTIVITY] SPELLTRY status=PASSIVE metrics={"status": "PASSIVE", "quote_volume": 8859163.33, "range_15m_pct": 0.0, "atr_pct": 0.038, "volume_ratio": 0.0, "spread_pct": 0.2656, "checks": {"quote_volume": true, "range_15m": false, "atr": false, "volume_ratio": false, "spread": true}, "reason": "movement_or_liquidity_below_threshold"}
[ACTIVITY] SPKTRY status=PASSIVE metrics={"status": "PASSIVE", "quote_volume": 3032161.44, "range_15m_pct": 0.0, "atr_pct": 0.0702, "volume_ratio": 0.0, "spread_pct": 0.1009, "checks": {"quote_volume": true, "range_15m": false, "atr": false, "volume_ratio": false, "spread": true}, "reason": "movement_or_liquidity_below_threshold"}
[ACTIVITY] STOTRY status=PASSIVE metrics={"status": "PASSIVE", "quote_volume": 32935941.18, "range_15m_pct": 0.5222, "atr_pct": 0.2088, "volume_ratio": 0.3003, "spread_pct": 0.1043, "checks": {"quote_volume": true, "range_15m": true, "atr": true, "volume_ratio": false, "spread": true}, "reason": "movement_or_liquidity_below_threshold"}
[ACTIVITY] STXTRY status=PASSIVE metrics={"status": "PASSIVE", "quote_volume": 2395743.31, "range_15m_pct": 0.0, "atr_pct": 0.0805, "volume_ratio": 0.0, "spread_pct": 0.1606, "checks": {"quote_volume": true, "range_15m": false, "atr": false, "volume_ratio": false, "spread": true}, "reason": "movement_or_liquidity_below_threshold"}
[ACTIVITY] SUITRY status=PASSIVE metrics={"status": "PASSIVE", "quote_volume": 18106551.56, "range_15m_pct": 0.1225, "atr_pct": 0.0852, "volume_ratio": 0.0007, "spread_pct": 0.0306, "checks": {"quote_volume": true, "range_15m": false, "atr": false, "volume_ratio": false, "spread": true}, "reason": "movement_or_liquidity_below_threshold"}
[ACTIVITY] SUNTRY status=PASSIVE metrics={"status": "PASSIVE", "quote_volume": 232986.23, "range_15m_pct": 0.0, "atr_pct": 0.0116, "volume_ratio": 0.0, "spread_pct": 0.081, "checks": {"quote_volume": false, "range_15m": false, "atr": false, "volume_ratio": false, "spread": true}, "reason": "movement_or_liquidity_below_threshold"}
[ACTIVITY] SXTTRY status=PASSIVE metrics={"status": "PASSIVE", "quote_volume": 7118647.08, "range_15m_pct": 0.7876, "atr_pct": 0.4074, "volume_ratio": 0.0252, "spread_pct": 0.5949, "checks": {"quote_volume": true, "range_15m": true, "atr": true, "volume_ratio": false, "spread": false}, "reason": "movement_or_liquidity_below_threshold"}
[ACTIVITY] SYRUPTRY status=PASSIVE metrics={"status": "PASSIVE", "quote_volume": 2025483.93, "range_15m_pct": 0.1535, "atr_pct": 0.0518, "volume_ratio": 0.0, "spread_pct": 0.1116, "checks": {"quote_volume": true, "range_15m": true, "atr": false, "volume_ratio": false, "spread": true}, "reason": "movement_or_liquidity_below_threshold"}
[ACTIVITY] TAOTRY status=PASSIVE metrics={"status": "PASSIVE", "quote_volume": 14627697.05, "range_15m_pct": 0.0738, "atr_pct": 0.0715, "volume_ratio": 0.0, "spread_pct": 0.0632, "checks": {"quote_volume": true, "range_15m": false, "atr": false, "volume_ratio": false, "spread": true}, "reason": "movement_or_liquidity_below_threshold"}
[ACTIVITY] THETATRY status=PASSIVE metrics={"status": "PASSIVE", "quote_volume": 2733684.74, "range_15m_pct": 0.0, "atr_pct": 0.0705, "volume_ratio": 0.0, "spread_pct": 0.2535, "checks": {"quote_volume": true, "range_15m": false, "atr": false, "volume_ratio": false, "spread": true}, "reason": "movement_or_liquidity_below_threshold"}
[ACTIVITY] THETRY status=ACTIVE metrics={"status": "ACTIVE", "quote_volume": 164388068.92, "range_15m_pct": 2.1019, "atr_pct": 0.7709, "volume_ratio": 0.6274, "spread_pct": 0.1576, "checks": {"quote_volume": true, "range_15m": true, "atr": true, "volume_ratio": true, "spread": true}, "reason": "active"}
[ACTIVITY] TLMTRY status=PASSIVE metrics={"status": "PASSIVE", "quote_volume": 43650365.28, "range_15m_pct": 0.5277, "atr_pct": 0.3576, "volume_ratio": 0.3033, "spread_pct": 0.1317, "checks": {"quote_volume": true, "range_15m": true, "atr": true, "volume_ratio": false, "spread": true}, "reason": "movement_or_liquidity_below_threshold"}
[ACTIVITY] TOWNSTRY status=PASSIVE metrics={"status": "PASSIVE", "quote_volume": 16407251.8, "range_15m_pct": 1.6129, "atr_pct": 0.7429, "volume_ratio": 0.0, "spread_pct": 0.7968, "checks": {"quote_volume": true, "range_15m": true, "atr": true, "volume_ratio": false, "spread": false}, "reason": "movement_or_liquidity_below_threshold"}
[ACTIVITY] TRBTRY status=PASSIVE metrics={"status": "PASSIVE", "quote_volume": 1513925.49, "range_15m_pct": 0.0, "atr_pct": 0.011, "volume_ratio": 0.0, "spread_pct": 0.1535, "checks": {"quote_volume": true, "range_15m": false, "atr": false, "volume_ratio": false, "spread": true}, "reason": "movement_or_liquidity_below_threshold"}
[ACTIVITY] TREETRY status=PASSIVE metrics={"status": "PASSIVE", "quote_volume": 2983185.71, "range_15m_pct": 0.0, "atr_pct": 0.0, "volume_ratio": 0.0, "spread_pct": 0.5731, "checks": {"quote_volume": true, "range_15m": false, "atr": false, "volume_ratio": false, "spread": false}, "reason": "movement_or_liquidity_below_threshold"}
[ACTIVITY] TRUMPTRY status=PASSIVE metrics={"status": "PASSIVE", "quote_volume": 12894525.31, "range_15m_pct": 0.141, "atr_pct": 0.0905, "volume_ratio": 0.0015, "spread_pct": 0.1407, "checks": {"quote_volume": true, "range_15m": false, "atr": false, "volume_ratio": false, "spread": true}, "reason": "movement_or_liquidity_below_threshold"}
[ACTIVITY] TRXTRY status=PASSIVE metrics={"status": "PASSIVE", "quote_volume": 38823233.87, "range_15m_pct": 0.0381, "atr_pct": 0.024, "volume_ratio": 1.1553, "spread_pct": 0.0063, "checks": {"quote_volume": true, "range_15m": false, "atr": false, "volume_ratio": true, "spread": true}, "reason": "movement_or_liquidity_below_threshold"}
[ACTIVITY] TSTTRY status=ACTIVE metrics={"status": "ACTIVE", "quote_volume": 1012885823.16, "range_15m_pct": 4.829, "atr_pct": 1.8953, "volume_ratio": 2.0497, "spread_pct": 0.1951, "checks": {"quote_volume": true, "range_15m": true, "atr": true, "volume_ratio": true, "spread": true}, "reason": "active"}
[ACTIVITY] TURBOTRY status=PASSIVE metrics={"status": "PASSIVE", "quote_volume": 7785121.55, "range_15m_pct": 0.2506, "atr_pct": 0.179, "volume_ratio": 0.0, "spread_pct": 0.2497, "checks": {"quote_volume": true, "range_15m": true, "atr": true, "volume_ratio": false, "spread": true}, "reason": "movement_or_liquidity_below_threshold"}
[ACTIVITY] TURTLETRY status=PASSIVE metrics={"status": "PASSIVE", "quote_volume": 1750411.78, "range_15m_pct": 0.0, "atr_pct": 0.0339, "volume_ratio": 0.0, "spread_pct": 0.4728, "checks": {"quote_volume": true, "range_15m": false, "atr": false, "volume_ratio": false, "spread": false}, "reason": "movement_or_liquidity_below_threshold"}
[ACTIVITY] TWTTRY status=PASSIVE metrics={"status": "PASSIVE", "quote_volume": 1043155.04, "range_15m_pct": 0.0, "atr_pct": 0.0079, "volume_ratio": 0.0, "spread_pct": 0.1106, "checks": {"quote_volume": true, "range_15m": false, "atr": false, "volume_ratio": false, "spread": true}, "reason": "movement_or_liquidity_below_threshold"}
[ACTIVITY] USDTTRY status=PASSIVE metrics={"status": "PASSIVE", "quote_volume": 1417063818.43, "range_15m_pct": 0.021, "atr_pct": 0.0405, "volume_ratio": 1.2918, "spread_pct": 0.021, "checks": {"quote_volume": true, "range_15m": false, "atr": false, "volume_ratio": true, "spread": true}, "reason": "movement_or_liquidity_below_threshold"}
[ACTIVITY] USTCTRY status=PASSIVE metrics={"status": "PASSIVE", "quote_volume": 3214258.04, "range_15m_pct": 0.549, "atr_pct": 0.1056, "volume_ratio": 7.3727, "spread_pct": 0.0841, "checks": {"quote_volume": true, "range_15m": true, "atr": false, "volume_ratio": true, "spread": true}, "reason": "movement_or_liquidity_below_threshold"}
[ACTIVITY] VANATRY status=PASSIVE metrics={"status": "PASSIVE", "quote_volume": 3085883.25, "range_15m_pct": 0.4762, "atr_pct": 0.1185, "volume_ratio": 1.0601, "spread_pct": 0.2378, "checks": {"quote_volume": true, "range_15m": true, "atr": false, "volume_ratio": true, "spread": true}, "reason": "movement_or_liquidity_below_threshold"}
[ACTIVITY] VICTRY status=PASSIVE metrics={"status": "PASSIVE", "quote_volume": 239113628.47, "range_15m_pct": 7.0922, "atr_pct": 1.6779, "volume_ratio": 7.3449, "spread_pct": 0.692, "checks": {"quote_volume": true, "range_15m": true, "atr": true, "volume_ratio": true, "spread": false}, "reason": "movement_or_liquidity_below_threshold"}
[ACTIVITY] WLDTRY status=ACTIVE metrics={"status": "ACTIVE", "quote_volume": 190535182.62, "range_15m_pct": 0.7398, "atr_pct": 0.5086, "volume_ratio": 0.7404, "spread_pct": 0.0616, "checks": {"quote_volume": true, "range_15m": true, "atr": true, "volume_ratio": true, "spread": true}, "reason": "active"}
[ACTIVITY] WLFITRY status=ACTIVE metrics={"status": "ACTIVE", "quote_volume": 10870452.5, "range_15m_pct": 0.8327, "atr_pct": 0.215, "volume_ratio": 0.8275, "spread_pct": 0.0754, "checks": {"quote_volume": true, "range_15m": true, "atr": true, "volume_ratio": true, "spread": true}, "reason": "active"}
[ACTIVITY] WTRY status=PASSIVE metrics={"status": "PASSIVE", "quote_volume": 6397072.65, "range_15m_pct": 0.0, "atr_pct": 0.0573, "volume_ratio": 0.0, "spread_pct": 0.1251, "checks": {"quote_volume": true, "range_15m": false, "atr": false, "volume_ratio": false, "spread": true}, "reason": "movement_or_liquidity_below_threshold"}
[ACTIVITY] XPLTRY status=PASSIVE metrics={"status": "PASSIVE", "quote_volume": 9945997.02, "range_15m_pct": 0.3972, "atr_pct": 0.2657, "volume_ratio": 0.1024, "spread_pct": 0.1316, "checks": {"quote_volume": true, "range_15m": true, "atr": true, "volume_ratio": false, "spread": true}, "reason": "movement_or_liquidity_below_threshold"}
[ACTIVITY] ZKTRY status=PASSIVE metrics={"status": "PASSIVE", "quote_volume": 13166411.32, "range_15m_pct": 0.0, "atr_pct": 0.152, "volume_ratio": 0.2637, "spread_pct": 0.2656, "checks": {"quote_volume": true, "range_15m": false, "atr": true, "volume_ratio": false, "spread": true}, "reason": "movement_or_liquidity_below_threshold"}
[ACTIVITY] ZROTRY status=PASSIVE metrics={"status": "PASSIVE", "quote_volume": 13498539.73, "range_15m_pct": 0.0, "atr_pct": 0.1043, "volume_ratio": 0.0, "spread_pct": 0.2442, "checks": {"quote_volume": true, "range_15m": false, "atr": false, "volume_ratio": false, "spread": true}, "reason": "movement_or_liquidity_below_threshold"}
[SIGNAL] 2026-08-10T00:44:59+00:00 BBTRY BUY fill_at=2026-08-10T00:49:59+00:00 features={"close": 0.7091, "bb_lower": 0.7108708808765806, "bb_upper": 0.7487957857900859, "rsi": 35.339209281466154, "mfi": 31.71981365806991, "atr": 0.007471428571428558}
[ENTRY] 2026-08-10T00:49:59+00:00 BBTRY layer=1 value=1000.00 entry=0.71003213 cash=8998.50
[SIGNAL] 2026-08-10T00:44:59+00:00 FFTRY BUY fill_at=2026-08-10T00:49:59+00:00 features={"close": 2.978, "bb_lower": 2.983286061872318, "bb_upper": 3.035475842889586, "rsi": 23.015471224686678, "mfi": 30.523930494738124, "atr": 0.00578571428571422}
[ENTRY] 2026-08-10T00:49:59+00:00 FFTRY layer=1 value=999.78 entry=2.97823200 cash=7997.23
[SIGNAL] 2026-08-10T00:44:59+00:00 SCRTRY BUY fill_at=2026-08-10T00:49:59+00:00 features={"close": 1.04, "bb_lower": 1.0465621097397353, "bb_upper": 1.1001045569269312, "rsi": 25.26887398224379, "mfi": 14.845632825691041, "atr": 0.006642857142857157}
[ENTRY] 2026-08-10T00:49:59+00:00 SCRTRY layer=1 value=999.45 entry=1.04178075 cash=6996.28
[SIGNAL] 2026-08-10T00:44:59+00:00 TSTTRY BUY fill_at=2026-08-10T00:49:59+00:00 features={"close": 0.907, "bb_lower": 0.9290387960229183, "bb_upper": 1.1097231087389867, "rsi": 31.693159559231688, "mfi": 36.65991292885926, "atr": 0.043214285714285754}
[ENTRY] 2026-08-10T00:49:59+00:00 TSTTRY layer=1 value=999.42 entry=0.91168325 cash=5995.36
[SCAN] 2026-08-10T00:49:59+00:00 symbols=121 signals=4 entries=4 exits=0 blocked=0 open=4 cash=5995.36 equity=9997.40
[SIGNAL] 2026-08-10T00:49:59+00:00 FFTRY BUY fill_at=2026-08-10T00:54:59+00:00 features={"close": 2.973, "bb_lower": 2.977278277057365, "bb_upper": 3.0379598181807297, "rsi": 21.0434339014526, "mfi": 25.336489387518697, "atr": 0.006142857142857101}
[ENTRY] 2026-08-10T00:54:59+00:00 FFTRY layer=2 value=1000.07 entry=2.97522975 cash=4993.79
[SCAN] 2026-08-10T00:54:59+00:00 symbols=121 signals=1 entries=1 exits=0 blocked=0 open=4 cash=4993.79 equity=9998.47
[SCAN] 2026-08-10T00:59:59+00:00 symbols=121 signals=0 entries=0 exits=0 blocked=0 open=4 cash=4993.79 equity=10004.55
[SIGNAL] 2026-08-10T00:59:59+00:00 ACTTRY BUY fill_at=2026-08-10T01:04:59+00:00 features={"close": 0.5254, "bb_lower": 0.5266163795395453, "bb_upper": 0.5389169537937877, "rsi": 43.18884942431206, "mfi": 48.1251808243199, "atr": 0.004921428571428569}
[ENTRY] 2026-08-10T01:04:59+00:00 ACTTRY layer=1 value=1003.27 entry=0.52499345 cash=3989.01
[SIGNAL] 2026-08-10T00:59:59+00:00 CELOTRY BUY fill_at=2026-08-10T01:04:59+00:00 features={"close": 3.008, "bb_lower": 3.016423411878096, "bb_upper": 3.0300527785980953, "rsi": 5.1677403210320705, "mfi": 0.0, "atr": 0.0011428571428571438}
[ENTRY] 2026-08-10T01:04:59+00:00 CELOTRY layer=1 value=1003.68 entry=3.01025600 cash=2983.82
[SIGNAL] 2026-08-10T00:59:59+00:00 GENIUSTRY BUY fill_at=2026-08-10T01:04:59+00:00 features={"close": 16.32, "bb_lower": 16.35796379884699, "bb_upper": 16.439179058295856, "rsi": 22.810593249385477, "mfi": 39.58302009206483, "atr": 0.013571428571428663}
[ENTRY] 2026-08-10T01:04:59+00:00 GENIUSTRY layer=1 value=1003.45 entry=16.33224000 cash=1978.87
[SCAN] 2026-08-10T01:04:59+00:00 symbols=121 signals=3 entries=3 exits=0 blocked=0 open=7 cash=1978.87 equity=10032.28
[SIGNAL] 2026-08-10T01:04:59+00:00 CELOTRY BUY fill_at=2026-08-10T01:09:59+00:00 features={"close": 3.008, "bb_lower": 3.013082797709762, "bb_upper": 3.03186958324262, "rsi": 5.1677403210320705, "mfi": 0.0, "atr": 0.0011428571428571438}
[ENTRY] 2026-08-10T01:09:59+00:00 CELOTRY layer=2 value=1002.98 entry=3.01025600 cash=974.38
[SIGNAL] 2026-08-10T01:04:59+00:00 DODOTRY BUY fill_at=2026-08-10T01:09:59+00:00 features={"close": 0.9458, "bb_lower": 0.9474657420740776, "bb_upper": 0.9603914007830651, "rsi": 34.191476400506005, "mfi": 15.011671491744181, "atr": 0.004578571428571424}
[ENTRY] 2026-08-10T01:09:59+00:00 DODOTRY layer=1 value=972.92 entry=0.94831070 cash=0.00
[SIGNAL] 2026-08-10T01:04:59+00:00 GENIUSTRY BUY fill_at=2026-08-10T01:09:59+00:00 features={"close": 16.32, "bb_lower": 16.3421649475372, "bb_upper": 16.4473588619866, "rsi": 22.810593249385477, "mfi": 39.58302009206483, "atr": 0.013571428571428663}
[BLOCKED] GENIUSTRY reason=insufficient_cash order=0.00 cash=0.00
[SCAN] 2026-08-10T01:09:59+00:00 symbols=121 signals=3 entries=2 exits=0 blocked=1 open=8 cash=0.00 equity=10025.44
[SIGNAL] 2026-08-10T01:09:59+00:00 ALTTRY BUY fill_at=2026-08-10T01:14:59+00:00 features={"close": 0.287, "bb_lower": 0.2871145658532592, "bb_upper": 0.2900282912895979, "rsi": 36.271349396461666, "mfi": 20.607112659145074, "atr": 0.0005714285714285719}
[BLOCKED] ALTTRY reason=insufficient_cash order=0.00 cash=0.00
[SIGNAL] 2026-08-10T01:09:59+00:00 CELOTRY BUY fill_at=2026-08-10T01:14:59+00:00 features={"close": 3.008, "bb_lower": 3.010516618318706, "bb_upper": 3.0329119531098665, "rsi": 5.1677403210320705, "mfi": 0.0, "atr": 0.0011428571428571438}
[BLOCKED] CELOTRY reason=max_layers
[SIGNAL] 2026-08-10T01:09:59+00:00 GENIUSTRY BUY fill_at=2026-08-10T01:14:59+00:00 features={"close": 16.32, "bb_lower": 16.32956996935496, "bb_upper": 16.452334792549795, "rsi": 22.810593249385477, "mfi": 39.58302009206483, "atr": 0.013571428571428663}
[BLOCKED] GENIUSTRY reason=insufficient_cash order=0.00 cash=0.00
[SIGNAL] 2026-08-10T01:09:59+00:00 NEIROTRY BUY fill_at=2026-08-10T01:14:59+00:00 features={"close": 0.00356, "bb_lower": 0.003561622331780051, "bb_upper": 0.003683139572981854, "rsi": 36.19415576763307, "mfi": 34.74189795593466, "atr": 3.2142857142857225e-05}
[BLOCKED] NEIROTRY reason=insufficient_cash order=0.00 cash=0.00
[SCAN] 2026-08-10T01:14:59+00:00 symbols=121 signals=4 entries=0 exits=0 blocked=4 open=8 cash=0.00 equity=10032.44
[SIGNAL] 2026-08-10T01:14:59+00:00 CELOTRY BUY fill_at=2026-08-10T01:19:59+00:00 features={"close": 3.008, "bb_lower": 3.0083867257124037, "bb_upper": 3.0335180361923593, "rsi": 5.1677403210320705, "mfi": 0.0, "atr": 0.0011428571428571438}
[BLOCKED] CELOTRY reason=max_layers
[SIGNAL] 2026-08-10T01:14:59+00:00 NEIROTRY BUY fill_at=2026-08-10T01:19:59+00:00 features={"close": 0.00354, "bb_lower": 0.0035480968578094746, "bb_upper": 0.003688093618381002, "rsi": 33.12226630475054, "mfi": 24.78172806904594, "atr": 3.285714285714291e-05}
[BLOCKED] NEIROTRY reason=insufficient_cash order=0.00 cash=0.00
[SIGNAL] 2026-08-10T01:14:59+00:00 RETRY BUY fill_at=2026-08-10T01:19:59+00:00 features={"close": 19.14, "bb_lower": 19.180054203481095, "bb_upper": 19.552326748899855, "rsi": 35.14694406882741, "mfi": 47.19061201963144, "atr": 0.10071428571428573}
[BLOCKED] RETRY reason=insufficient_cash order=0.00 cash=0.00
[SIGNAL] 2026-08-10T01:14:59+00:00 VICTRY BUY fill_at=2026-08-10T01:19:59+00:00 features={"close": 1.31, "bb_lower": 1.3181000976877792, "bb_upper": 1.3647570451693636, "rsi": 34.55825320951814, "mfi": 37.34341772749985, "atr": 0.008571428571428579}
[BLOCKED] VICTRY reason=insufficient_cash order=0.00 cash=0.00
[EXIT] 2026-08-10T01:19:59+00:00 TSTTRY reason=fixed_take_profit pnl=+19.36 cash=1020.27
[SCAN] 2026-08-10T01:19:59+00:00 symbols=121 signals=4 entries=0 exits=1 blocked=4 open=7 cash=1020.27 equity=10042.43
[SIGNAL] 2026-08-10T01:19:59+00:00 ACXTRY BUY fill_at=2026-08-10T01:24:59+00:00 features={"close": 1.926, "bb_lower": 1.9423818538741326, "bb_upper": 1.9851419556496765, "rsi": 17.639890773348398, "mfi": 1.3773459839136564, "atr": 0.0033571428571428524}
[ENTRY] 2026-08-10T01:24:59+00:00 ACXTRY layer=1 value=1004.39 entry=1.92744450 cash=14.38
[SIGNAL] 2026-08-10T01:19:59+00:00 VICTRY BUY fill_at=2026-08-10T01:24:59+00:00 features={"close": 1.3, "bb_lower": 1.3110501254217701, "bb_upper": 1.36894987457823, "rsi": 31.481392994150823, "mfi": 36.93318482205303, "atr": 0.007857142857142865}
[BLOCKED] VICTRY reason=insufficient_cash order=14.36 cash=14.38
[SCAN] 2026-08-10T01:24:59+00:00 symbols=121 signals=2 entries=1 exits=0 blocked=1 open=8 cash=14.38 equity=10041.61
[SIGNAL] 2026-08-10T01:24:59+00:00 ACXTRY BUY fill_at=2026-08-10T01:29:59+00:00 features={"close": 1.926, "bb_lower": 1.9364003615128793, "bb_upper": 1.988837733725216, "rsi": 17.639890773348398, "mfi": 1.3773459839136564, "atr": 0.0033571428571428524}
[BLOCKED] ACXTRY reason=insufficient_cash order=14.36 cash=14.38
[SIGNAL] 2026-08-10T01:24:59+00:00 VICTRY BUY fill_at=2026-08-10T01:29:59+00:00 features={"close": 1.3, "bb_lower": 1.304435711637744, "bb_upper": 1.3708023836003513, "rsi": 31.481392994150823, "mfi": 39.324481682377424, "atr": 0.00714285714285715}
[BLOCKED] VICTRY reason=insufficient_cash order=14.36 cash=14.38
[SCAN] 2026-08-10T01:29:59+00:00 symbols=121 signals=2 entries=0 exits=0 blocked=2 open=8 cash=14.38 equity=10038.42
[SIGNAL] 2026-08-10T01:29:59+00:00 ACXTRY BUY fill_at=2026-08-10T01:34:59+00:00 features={"close": 1.926, "bb_lower": 1.9313550443042402, "bb_upper": 1.9915973366481419, "rsi": 17.639890773348398, "mfi": 1.3773459839136564, "atr": 0.0033571428571428524}
[BLOCKED] ACXTRY reason=insufficient_cash order=14.36 cash=14.38
[EXIT] 2026-08-10T01:34:59+00:00 ACTTRY reason=fixed_take_profit pnl=+19.43 cash=1038.59
[SCAN] 2026-08-10T01:34:59+00:00 symbols=121 signals=1 entries=0 exits=1 blocked=1 open=7 cash=1038.59 equity=10017.85
[SIGNAL] 2026-08-10T01:34:59+00:00 ATMTRY BUY fill_at=2026-08-10T01:39:59+00:00 features={"close": 70.02, "bb_lower": 70.50278311125899, "bb_upper": 71.58102641255053, "rsi": 16.951420505890596, "mfi": 22.198792700564994, "atr": 0.12857142857142836}
[ENTRY] 2026-08-10T01:39:59+00:00 ATMTRY layer=1 value=1001.85 entry=70.07251500 cash=35.24
[SIGNAL] 2026-08-10T01:34:59+00:00 BBTRY BUY fill_at=2026-08-10T01:39:59+00:00 features={"close": 0.6931, "bb_lower": 0.697990341052707, "bb_upper": 0.7375906113282454, "rsi": 29.275584759938212, "mfi": 32.15938844456154, "atr": 0.006385714285714272}
[BLOCKED] BBTRY reason=insufficient_cash order=35.18 cash=35.24
[SCAN] 2026-08-10T01:39:59+00:00 symbols=121 signals=2 entries=1 exits=0 blocked=1 open=8 cash=35.24 equity=10016.26
[SIGNAL] 2026-08-10T01:39:59+00:00 ALTTRY BUY fill_at=2026-08-10T01:44:59+00:00 features={"close": 0.286, "bb_lower": 0.286480958348261, "bb_upper": 0.2902809464136438, "rsi": 32.72151681930731, "mfi": 40.778804404317206, "atr": 0.0005714285714285719}
[BLOCKED] ALTTRY reason=insufficient_cash order=35.18 cash=35.24
[SIGNAL] 2026-08-10T01:39:59+00:00 ATMTRY BUY fill_at=2026-08-10T01:44:59+00:00 features={"close": 70.02, "bb_lower": 70.31605620028215, "bb_upper": 71.69251522828928, "rsi": 16.951420505890596, "mfi": 22.198792700564994, "atr": 0.12857142857142836}
[BLOCKED] ATMTRY reason=insufficient_cash order=35.18 cash=35.24
[SIGNAL] 2026-08-10T01:39:59+00:00 BBTRY BUY fill_at=2026-08-10T01:44:59+00:00 features={"close": 0.687, "bb_lower": 0.6928436785861891, "bb_upper": 0.7385563214138109, "rsi": 26.55282862378644, "mfi": 30.90698535369937, "atr": 0.0064785714285714125}
[BLOCKED] BBTRY reason=insufficient_cash order=35.18 cash=35.24
[SCAN] 2026-08-10T01:44:59+00:00 symbols=121 signals=3 entries=0 exits=0 blocked=3 open=8 cash=35.24 equity=10017.05
[SIGNAL] 2026-08-10T01:44:59+00:00 AIGENSYNTRY BUY fill_at=2026-08-10T01:49:59+00:00 features={"close": 1.032, "bb_lower": 1.0356757981246405, "bb_upper": 1.045848011399169, "rsi": 25.611393837169388, "mfi": 11.273429148077796, "atr": 0.00250000000000001}
[BLOCKED] AIGENSYNTRY reason=insufficient_cash order=35.18 cash=35.24
[SIGNAL] 2026-08-10T01:44:59+00:00 ALTTRY BUY fill_at=2026-08-10T01:49:59+00:00 features={"close": 0.286, "bb_lower": 0.286134935277974, "bb_upper": 0.2904364932934545, "rsi": 32.72151681930731, "mfi": 43.469710010265494, "atr": 0.0005714285714285719}
[BLOCKED] ALTTRY reason=insufficient_cash order=35.18 cash=35.24
[SIGNAL] 2026-08-10T01:44:59+00:00 ATMTRY BUY fill_at=2026-08-10T01:49:59+00:00 features={"close": 70.02, "bb_lower": 70.16333234538689, "bb_upper": 71.77000098794645, "rsi": 16.951420505890596, "mfi": 22.198792700564994, "atr": 0.12857142857142836}
[BLOCKED] ATMTRY reason=insufficient_cash order=35.18 cash=35.24
[SIGNAL] 2026-08-10T01:44:59+00:00 BBTRY BUY fill_at=2026-08-10T01:49:59+00:00 features={"close": 0.6895, "bb_lower": 0.6901092398087636, "bb_upper": 0.7367383792388553, "rsi": 29.465406939867464, "mfi": 37.40203553212207, "atr": 0.006571428571428554}
[BLOCKED] BBTRY reason=insufficient_cash order=35.18 cash=35.24
[SIGNAL] 2026-08-10T01:44:59+00:00 SXTTRY BUY fill_at=2026-08-10T01:49:59+00:00 features={"close": 0.358, "bb_lower": 0.36109626283931096, "bb_upper": 0.3673132609702129, "rsi": 17.223812514039494, "mfi": 0.0, "atr": 0.0004857142857142877}
[BLOCKED] SXTTRY reason=insufficient_cash order=35.18 cash=35.24
[SCAN] 2026-08-10T01:49:59+00:00 symbols=121 signals=5 entries=0 exits=0 blocked=5 open=8 cash=35.24 equity=10020.17
[SIGNAL] 2026-08-10T01:49:59+00:00 ATMTRY BUY fill_at=2026-08-10T01:54:59+00:00 features={"close": 70.02, "bb_lower": 70.03143375017282, "bb_upper": 71.82666148792242, "rsi": 16.951420505890596, "mfi": 22.198792700564994, "atr": 0.1278571428571433}
[BLOCKED] ATMTRY reason=insufficient_cash order=35.18 cash=35.24
[SIGNAL] 2026-08-10T01:49:59+00:00 SXTTRY BUY fill_at=2026-08-10T01:54:59+00:00 features={"close": 0.358, "bb_lower": 0.3600236845115615, "bb_upper": 0.36800488691700994, "rsi": 17.223812514039494, "mfi": 0.0, "atr": 0.0004857142857142877}
[BLOCKED] SXTTRY reason=insufficient_cash order=35.18 cash=35.24
[SIGNAL] 2026-08-10T01:49:59+00:00 WTRY BUY fill_at=2026-08-10T01:54:59+00:00 features={"close": 0.404, "bb_lower": 0.40460546761422994, "bb_upper": 0.40666119905243675, "rsi": 37.12560125545582, "mfi": 0.0, "atr": 0.0001285714285714263}
[BLOCKED] WTRY reason=insufficient_cash order=35.18 cash=35.24
[SCAN] 2026-08-10T01:54:59+00:00 symbols=121 signals=3 entries=0 exits=0 blocked=3 open=8 cash=35.24 equity=10019.13
[SIGNAL] 2026-08-10T01:54:59+00:00 BOMETRY BUY fill_at=2026-08-10T01:59:59+00:00 features={"close": 0.03891, "bb_lower": 0.03917259344054688, "bb_upper": 0.041632168464215025, "rsi": 35.16322818786644, "mfi": 44.64063047193286, "atr": 0.0007599999999999993}
[BLOCKED] BOMETRY reason=insufficient_cash order=35.18 cash=35.24
[SIGNAL] 2026-08-10T01:54:59+00:00 PUMPTRY BUY fill_at=2026-08-10T01:59:59+00:00 features={"close": 0.1287, "bb_lower": 0.1287255257575074, "bb_upper": 0.13349352186154023, "rsi": 41.95553267266384, "mfi": 28.28320110803361, "atr": 0.001285714285714289}
[BLOCKED] PUMPTRY reason=insufficient_cash order=35.18 cash=35.24
[SIGNAL] 2026-08-10T01:54:59+00:00 SXTTRY BUY fill_at=2026-08-10T01:59:59+00:00 features={"close": 0.3589, "bb_lower": 0.35922838828215103, "bb_upper": 0.3681430402892775, "rsi": 25.623314079130623, "mfi": 1.1649431870462479, "atr": 0.0005500000000000029}
[BLOCKED] SXTTRY reason=insufficient_cash order=35.18 cash=35.24
[SIGNAL] 2026-08-10T01:54:59+00:00 TRXTRY BUY fill_at=2026-08-10T01:59:59+00:00 features={"close": 15.712, "bb_lower": 15.716683602084736, "bb_upper": 15.748935445534308, "rsi": 38.717188384654094, "mfi": 25.733294970788236, "atr": 0.006285714285714101}
[BLOCKED] TRXTRY reason=insufficient_cash order=35.18 cash=35.24
[SIGNAL] 2026-08-10T01:54:59+00:00 USDTTRY BUY fill_at=2026-08-10T01:59:59+00:00 features={"close": 47.55, "bb_lower": 47.57652057746549, "bb_upper": 47.62633656539167, "rsi": 24.25427014776517, "mfi": 17.06538929333429, "atr": 0.016428571428569683}
[BLOCKED] USDTTRY reason=insufficient_cash order=35.18 cash=35.24
[SIGNAL] 2026-08-10T01:54:59+00:00 WTRY BUY fill_at=2026-08-10T01:59:59+00:00 features={"close": 0.404, "bb_lower": 0.4045718147423482, "bb_upper": 0.4066853281147947, "rsi": 37.12560125545581, "mfi": 0.0, "atr": 0.0001285714285714263}
[BLOCKED] WTRY reason=insufficient_cash order=35.18 cash=35.24
[SCAN] 2026-08-10T01:59:59+00:00 symbols=121 signals=6 entries=0 exits=0 blocked=6 open=8 cash=35.24 equity=10016.36
[SIGNAL] 2026-08-10T01:59:59+00:00 BOMETRY BUY fill_at=2026-08-10T02:04:59+00:00 features={"close": 0.03696, "bb_lower": 0.03832871020679632, "bb_upper": 0.04208176598367988, "rsi": 25.531098296572637, "mfi": 32.241977982397756, "atr": 0.000894999999999999}
[BLOCKED] BOMETRY reason=insufficient_cash order=35.18 cash=35.24
[SIGNAL] 2026-08-10T01:59:59+00:00 USDTTRY BUY fill_at=2026-08-10T02:04:59+00:00 features={"close": 47.56, "bb_lower": 47.568988153253564, "bb_upper": 47.63005946579407, "rsi": 31.426810052614144, "mfi": 17.06538929333429, "atr": 0.01642857142857019}
[BLOCKED] USDTTRY reason=insufficient_cash order=35.18 cash=35.24
[SIGNAL] 2026-08-10T01:59:59+00:00 WTRY BUY fill_at=2026-08-10T02:04:59+00:00 features={"close": 0.404, "bb_lower": 0.40428311956085444, "bb_upper": 0.40680259472485997, "rsi": 37.12560125545582, "mfi": 0.0, "atr": 0.0001285714285714263}
[BLOCKED] WTRY reason=insufficient_cash order=35.18 cash=35.24
[SCAN] 2026-08-10T02:04:59+00:00 symbols=121 signals=3 entries=0 exits=0 blocked=3 open=8 cash=35.24 equity=10034.67
[SIGNAL] 2026-08-10T02:04:59+00:00 BOMETRY BUY fill_at=2026-08-10T02:09:59+00:00 features={"close": 0.03667, "bb_lower": 0.03762427204378485, "bb_upper": 0.042401442241929446, "rsi": 24.451970337969527, "mfi": 28.278221420205696, "atr": 0.0008771428571428566}
[BLOCKED] BOMETRY reason=insufficient_cash order=35.18 cash=35.24
[SIGNAL] 2026-08-10T02:04:59+00:00 CATITRY BUY fill_at=2026-08-10T02:09:59+00:00 features={"close": 2.155, "bb_lower": 2.155658136363598, "bb_upper": 2.2191990064935445, "rsi": 39.90168260794064, "mfi": 39.83752278323749, "atr": 0.0176428571428572}
[BLOCKED] CATITRY reason=insufficient_cash order=35.18 cash=35.24
[SIGNAL] 2026-08-10T02:04:59+00:00 FLOKITRY BUY fill_at=2026-08-10T02:09:59+00:00 features={"close": 0.001022, "bb_lower": 0.0010225450412399573, "bb_upper": 0.001032883530188614, "rsi": 40.50055127783134, "mfi": 33.63897623399902, "atr": 2.49999999999996e-06}
[BLOCKED] FLOKITRY reason=insufficient_cash order=35.18 cash=35.24
[SIGNAL] 2026-08-10T02:04:59+00:00 GUNTRY BUY fill_at=2026-08-10T02:09:59+00:00 features={"close": 0.154, "bb_lower": 0.15408049922798306, "bb_upper": 0.1576337864863026, "rsi": 35.69983223061965, "mfi": 8.73802155926738, "atr": 0.0005714285714285719}
[BLOCKED] GUNTRY reason=insufficient_cash order=35.18 cash=35.24
[SIGNAL] 2026-08-10T02:04:59+00:00 MEMETRY BUY fill_at=2026-08-10T02:09:59+00:00 features={"close": 0.0255, "bb_lower": 0.025648856767904193, "bb_upper": 0.026398762279714844, "rsi": 31.2667049633029, "mfi": 43.23420617073446, "atr": 0.00010000000000000014}
[BLOCKED] MEMETRY reason=insufficient_cash order=35.18 cash=35.24
[SIGNAL] 2026-08-10T02:04:59+00:00 USDTTRY BUY fill_at=2026-08-10T02:09:59+00:00 features={"close": 47.55, "bb_lower": 47.56003664811661, "bb_upper": 47.634249066169104, "rsi": 28.502887998294625, "mfi": 15.976641306683632, "atr": 0.0164285714285707}
[BLOCKED] USDTTRY reason=insufficient_cash order=35.18 cash=35.24
[SIGNAL] 2026-08-10T02:04:59+00:00 WLFITRY BUY fill_at=2026-08-10T02:09:59+00:00 features={"close": 2.521, "bb_lower": 2.525523971495233, "bb_upper": 2.5395236475523855, "rsi": 35.149041303649895, "mfi": 1.626646745764532, "atr": 0.003214285714285741}
[BLOCKED] WLFITRY reason=insufficient_cash order=35.18 cash=35.24
[SIGNAL] 2026-08-10T02:04:59+00:00 WTRY BUY fill_at=2026-08-10T02:09:59+00:00 features={"close": 0.404, "bb_lower": 0.4040435066426454, "bb_upper": 0.4068707790716403, "rsi": 37.12560125545582, "mfi": 0.0, "atr": 0.0001285714285714263}
[BLOCKED] WTRY reason=insufficient_cash order=35.18 cash=35.24
[EXIT] 2026-08-10T02:09:59+00:00 ACXTRY reason=fixed_take_profit pnl=+19.45 cash=1060.58
[SCAN] 2026-08-10T02:09:59+00:00 symbols=121 signals=8 entries=0 exits=1 blocked=8 open=7 cash=1060.58 equity=10041.89
[SIGNAL] 2026-08-10T02:09:59+00:00 ALPINETRY BUY fill_at=2026-08-10T02:14:59+00:00 features={"close": 16.02, "bb_lower": 16.047568163248698, "bb_upper": 16.185765170084636, "rsi": 37.274503226044885, "mfi": 36.45729436688241, "atr": 0.02428571428571377}
[ENTRY] 2026-08-10T02:14:59+00:00 ALPINETRY layer=1 value=1004.17 entry=16.05203000 cash=54.91
[SIGNAL] 2026-08-10T02:09:59+00:00 BOMETRY BUY fill_at=2026-08-10T02:14:59+00:00 features={"close": 0.03669, "bb_lower": 0.037142851588541484, "bb_upper": 0.04265429126860139, "rsi": 24.68979199353555, "mfi": 22.40011725985842, "atr": 0.0008157142857142852}
[BLOCKED] BOMETRY reason=insufficient_cash order=54.83 cash=54.91
[SIGNAL] 2026-08-10T02:09:59+00:00 FLOKITRY BUY fill_at=2026-08-10T02:14:59+00:00 features={"close": 0.001021, "bb_lower": 0.0010222741380316602, "bb_upper": 0.0010330591953016733, "rsi": 38.835566517273605, "mfi": 26.749175802471, "atr": 2.3571428571428294e-06}
[BLOCKED] FLOKITRY reason=insufficient_cash order=54.83 cash=54.91
[SIGNAL] 2026-08-10T02:09:59+00:00 FTRY BUY fill_at=2026-08-10T02:14:59+00:00 features={"close": 0.1374, "bb_lower": 0.13761367905742664, "bb_upper": 0.13907203522828768, "rsi": 25.40299182159059, "mfi": 2.8436080059063897, "atr": 0.00010714285714285922}
[BLOCKED] FTRY reason=insufficient_cash order=54.83 cash=54.91
[SIGNAL] 2026-08-10T02:09:59+00:00 MEMETRY BUY fill_at=2026-08-10T02:14:59+00:00 features={"close": 0.0255, "bb_lower": 0.025570618235426987, "bb_upper": 0.026438905574096817, "rsi": 31.2667049633029, "mfi": 43.23420617073446, "atr": 7.857142857142884e-05}
[BLOCKED] MEMETRY reason=insufficient_cash order=54.83 cash=54.91
[SIGNAL] 2026-08-10T02:09:59+00:00 MUBARAKTRY BUY fill_at=2026-08-10T02:14:59+00:00 features={"close": 1.132, "bb_lower": 1.14689588886074, "bb_upper": 1.4648183968535453, "rsi": 29.29171225294992, "mfi": 41.33135868122712, "atr": 0.0682142857142857}
[BLOCKED] MUBARAKTRY reason=insufficient_cash order=54.83 cash=54.91
[SIGNAL] 2026-08-10T02:09:59+00:00 NEIROTRY BUY fill_at=2026-08-10T02:14:59+00:00 features={"close": 0.0035, "bb_lower": 0.0035044158262597797, "bb_upper": 0.003659393697549745, "rsi": 34.371237962248955, "mfi": 49.06055924563346, "atr": 3.285714285714279e-05}
[BLOCKED] NEIROTRY reason=insufficient_cash order=54.83 cash=54.91
[SIGNAL] 2026-08-10T02:09:59+00:00 PNUTTRY BUY fill_at=2026-08-10T02:14:59+00:00 features={"close": 2.02, "bb_lower": 2.023393802862284, "bb_upper": 2.0870823876139055, "rsi": 32.63128314537995, "mfi": 39.99601308627844, "atr": 0.0071428571428571175}
[BLOCKED] PNUTTRY reason=insufficient_cash order=54.83 cash=54.91
[SIGNAL] 2026-08-10T02:09:59+00:00 SCRTRY BUY fill_at=2026-08-10T02:14:59+00:00 features={"close": 1.025, "bb_lower": 1.0288513068371792, "bb_upper": 1.0583867884009157, "rsi": 27.460075333636325, "mfi": 14.658711816483063, "atr": 0.004428571428571448}
[BLOCKED] SCRTRY reason=insufficient_cash order=54.83 cash=54.91
[SIGNAL] 2026-08-10T02:09:59+00:00 TURBOTRY BUY fill_at=2026-08-10T02:14:59+00:00 features={"close": 0.0416, "bb_lower": 0.041729671960090975, "bb_upper": 0.04247032803990902, "rsi": 35.569088846423426, "mfi": 54.22054351552198, "atr": 0.00013571428571428662}
[BLOCKED] TURBOTRY reason=insufficient_cash order=54.83 cash=54.91
[SIGNAL] 2026-08-10T02:09:59+00:00 USDTTRY BUY fill_at=2026-08-10T02:14:59+00:00 features={"close": 47.54, "bb_lower": 47.54996161417821, "bb_upper": 47.63860981439323, "rsi": 25.893064976307144, "mfi": 16.057101406350114, "atr": 0.017142857142856776}
[BLOCKED] USDTTRY reason=insufficient_cash order=54.83 cash=54.91
[SIGNAL] 2026-08-10T02:09:59+00:00 WLFITRY BUY fill_at=2026-08-10T02:14:59+00:00 features={"close": 2.521, "bb_lower": 2.5233991948336123, "bb_upper": 2.5404103289759106, "rsi": 35.149041303649895, "mfi": 1.9339536752302138, "atr": 0.003214285714285741}
[BLOCKED] WLFITRY reason=insufficient_cash order=54.83 cash=54.91
[EXIT] 2026-08-10T02:14:59+00:00 FFTRY reason=fixed_take_profit pnl=+38.74 cash=2096.49
[SCAN] 2026-08-10T02:14:59+00:00 symbols=121 signals=12 entries=1 exits=1 blocked=11 open=7 cash=2096.49 equity=10032.73
[SIGNAL] 2026-08-10T02:14:59+00:00 AIXBTTRY BUY fill_at=2026-08-10T02:19:59+00:00 features={"close": 0.935, "bb_lower": 0.942060694884915, "bb_upper": 0.974129781305561, "rsi": 31.535317411359898, "mfi": 53.18196846873103, "atr": 0.005071428571428568}
[ENTRY] 2026-08-10T02:19:59+00:00 AIXBTTRY layer=1 value=1004.75 entry=0.93169825 cash=1090.24
[SIGNAL] 2026-08-10T02:14:59+00:00 ALPINETRY BUY fill_at=2026-08-10T02:19:59+00:00 features={"close": 16.01, "bb_lower": 16.03051227379776, "bb_upper": 16.187582964297476, "rsi": 36.04639422776166, "mfi": 27.204280990603422, "atr": 0.024999999999999595}
[ENTRY] 2026-08-10T02:19:59+00:00 ALPINETRY layer=2 value=1004.63 entry=16.02200750 cash=84.10
[SIGNAL] 2026-08-10T02:14:59+00:00 FLOKITRY BUY fill_at=2026-08-10T02:19:59+00:00 features={"close": 0.001021, "bb_lower": 0.0010214724123762003, "bb_upper": 0.001033479968576181, "rsi": 38.835566517273605, "mfi": 20.90739427990482, "atr": 2.285714285714264e-06}
[BLOCKED] FLOKITRY reason=insufficient_cash order=83.97 cash=84.10
[SIGNAL] 2026-08-10T02:14:59+00:00 FTRY BUY fill_at=2026-08-10T02:19:59+00:00 features={"close": 0.1374, "bb_lower": 0.13757539729390394, "bb_upper": 0.13891984080133418, "rsi": 25.40299182159059, "mfi": 2.8436080059063897, "atr": 0.00010714285714285922}
[BLOCKED] FTRY reason=insufficient_cash order=83.97 cash=84.10
[SIGNAL] 2026-08-10T02:14:59+00:00 TRXTRY BUY fill_at=2026-08-10T02:19:59+00:00 features={"close": 15.701, "bb_lower": 15.705099848368656, "bb_upper": 15.752804913536105, "rsi": 33.76180154943613, "mfi": 21.38001105835859, "atr": 0.006642857142857268}
[BLOCKED] TRXTRY reason=insufficient_cash order=83.97 cash=84.10
[SIGNAL] 2026-08-10T02:14:59+00:00 TURBOTRY BUY fill_at=2026-08-10T02:19:59+00:00 features={"close": 0.0416, "bb_lower": 0.04166580175838002, "bb_upper": 0.04250562681304854, "rsi": 35.569088846423426, "mfi": 53.67859036780259, "atr": 0.00012142857142857243}
[BLOCKED] TURBOTRY reason=insufficient_cash order=83.97 cash=84.10
[SIGNAL] 2026-08-10T02:14:59+00:00 USDTTRY BUY fill_at=2026-08-10T02:19:59+00:00 features={"close": 47.52, "bb_lower": 47.536192583269234, "bb_upper": 47.64380741673076, "rsi": 21.606588091345117, "mfi": 14.673266877730455, "atr": 0.019285714285714}
[BLOCKED] USDTTRY reason=insufficient_cash order=83.97 cash=84.10
[SIGNAL] 2026-08-10T02:14:59+00:00 WLFITRY BUY fill_at=2026-08-10T02:19:59+00:00 features={"close": 2.521, "bb_lower": 2.5216658456834673, "bb_upper": 2.5410008209831996, "rsi": 35.149041303649895, "mfi": 1.9339536752302138, "atr": 0.0028571428571428914}
[BLOCKED] WLFITRY reason=insufficient_cash order=83.97 cash=84.10
[SCAN] 2026-08-10T02:19:59+00:00 symbols=121 signals=8 entries=2 exits=0 blocked=6 open=8 cash=84.10 equity=10040.29
[SIGNAL] 2026-08-10T02:19:59+00:00 1MBABYDOGETRY BUY fill_at=2026-08-10T02:24:59+00:00 features={"close": 0.0169, "bb_lower": 0.016970416148441362, "bb_upper": 0.017510536232511028, "rsi": 33.84852089874731, "mfi": 35.486318723243926, "atr": 8.214285714285776e-05}
[BLOCKED] 1MBABYDOGETRY reason=insufficient_cash order=83.97 cash=84.10
[SIGNAL] 2026-08-10T02:19:59+00:00 AIXBTTRY BUY fill_at=2026-08-10T02:24:59+00:00 features={"close": 0.932, "bb_lower": 0.9375784397920188, "bb_upper": 0.9750882268746472, "rsi": 29.958993540127736, "mfi": 48.634742222961755, "atr": 0.0052857142857142825}
[BLOCKED] AIXBTTRY reason=insufficient_cash order=83.97 cash=84.10
[SIGNAL] 2026-08-10T02:19:59+00:00 ALGOTRY BUY fill_at=2026-08-10T02:24:59+00:00 features={"close": 3.904, "bb_lower": 3.905002750056015, "bb_upper": 3.938806773753507, "rsi": 29.86010499899011, "mfi": 8.70159490793749, "atr": 0.0034285714285713998}
[BLOCKED] ALGOTRY reason=insufficient_cash order=83.97 cash=84.10
[SIGNAL] 2026-08-10T02:19:59+00:00 ALPINETRY BUY fill_at=2026-08-10T02:24:59+00:00 features={"close": 15.95, "bb_lower": 15.997646736856167, "bb_upper": 16.202353263143827, "rsi": 29.688338875017294, "mfi": 26.37383666721594, "atr": 0.029285714285714044}
[BLOCKED] ALPINETRY reason=max_layers
[SIGNAL] 2026-08-10T02:19:59+00:00 CRVTRY BUY fill_at=2026-08-10T02:24:59+00:00 features={"close": 11.33, "bb_lower": 11.341933453284984, "bb_upper": 11.499971308619777, "rsi": 40.3787788506296, "mfi": 40.45086456715252, "atr": 0.03571428571428571}
[BLOCKED] CRVTRY reason=insufficient_cash order=83.97 cash=84.10
[SIGNAL] 2026-08-10T02:19:59+00:00 FLOKITRY BUY fill_at=2026-08-10T02:24:59+00:00 features={"close": 0.001017, "bb_lower": 0.0010194824108376657, "bb_upper": 0.0010344223510670963, "rsi": 32.55315212130739, "mfi": 20.236384939395407, "atr": 2.42857142857141e-06}
[BLOCKED] FLOKITRY reason=insufficient_cash order=83.97 cash=84.10
[SIGNAL] 2026-08-10T02:19:59+00:00 FTRY BUY fill_at=2026-08-10T02:24:59+00:00 features={"close": 0.1374, "bb_lower": 0.13744749695752984, "bb_upper": 0.1389334554234226, "rsi": 25.40299182159059, "mfi": 2.8436080059063897, "atr": 0.00010714285714285922}
[BLOCKED] FTRY reason=insufficient_cash order=83.97 cash=84.10
[SIGNAL] 2026-08-10T02:19:59+00:00 MEMETRY BUY fill_at=2026-08-10T02:24:59+00:00 features={"close": 0.0254, "bb_lower": 0.0254073579198597, "bb_upper": 0.026487880175378398, "rsi": 28.462893394328617, "mfi": 17.31475061915974, "atr": 7.142857142857175e-05}
[BLOCKED] MEMETRY reason=insufficient_cash order=83.97 cash=84.10
[SIGNAL] 2026-08-10T02:19:59+00:00 METRY BUY fill_at=2026-08-10T02:24:59+00:00 features={"close": 2.964, "bb_lower": 2.965541623369878, "bb_upper": 2.9843631385348846, "rsi": 34.475696606711864, "mfi": 58.503859899105514, "atr": 0.0034999999999999636}
[BLOCKED] METRY reason=insufficient_cash order=83.97 cash=84.10
[SIGNAL] 2026-08-10T02:19:59+00:00 NEIROTRY BUY fill_at=2026-08-10T02:24:59+00:00 features={"close": 0.00347, "bb_lower": 0.0034791328722460603, "bb_upper": 0.00365991474680156, "rsi": 31.88005600973368, "mfi": 43.752614912776615, "atr": 3.285714285714279e-05}
[BLOCKED] NEIROTRY reason=insufficient_cash order=83.97 cash=84.10
[SIGNAL] 2026-08-10T02:19:59+00:00 PNUTTRY BUY fill_at=2026-08-10T02:24:59+00:00 features={"close": 2.01, "bb_lower": 2.0136426089610646, "bb_upper": 2.084452629134174, "rsi": 29.259681624209378, "mfi": 32.02566913293278, "atr": 0.0071428571428571175}
[BLOCKED] PNUTTRY reason=insufficient_cash order=83.97 cash=84.10
[SIGNAL] 2026-08-10T02:19:59+00:00 REDTRY BUY fill_at=2026-08-10T02:24:59+00:00 features={"close": 4.19, "bb_lower": 4.194580089563548, "bb_upper": 4.219705624722163, "rsi": 27.11359046851429, "mfi": 0.0, "atr": 0.0014285714285713982}
[BLOCKED] REDTRY reason=insufficient_cash order=83.97 cash=84.10
[SIGNAL] 2026-08-10T02:19:59+00:00 RENDERTRY BUY fill_at=2026-08-10T02:24:59+00:00 features={"close": 61.4, "bb_lower": 61.46095427813312, "bb_upper": 61.93904572186688, "rsi": 30.119677360077645, "mfi": 43.36559804924458, "atr": 0.0857142857142844}
[BLOCKED] RENDERTRY reason=insufficient_cash order=83.97 cash=84.10
[SIGNAL] 2026-08-10T02:19:59+00:00 REZTRY BUY fill_at=2026-08-10T02:24:59+00:00 features={"close": 0.1443, "bb_lower": 0.14484619593344195, "bb_upper": 0.14854428025703426, "rsi": 33.93851536201879, "mfi": 18.525899007311565, "atr": 0.0006571428571428542}
[BLOCKED] REZTRY reason=insufficient_cash order=83.97 cash=84.10
[SIGNAL] 2026-08-10T02:19:59+00:00 STOTRY BUY fill_at=2026-08-10T02:24:59+00:00 features={"close": 1.953, "bb_lower": 1.9544564168578427, "bb_upper": 1.9714483450469202, "rsi": 39.89523323273866, "mfi": 38.957923621249314, "atr": 0.004499999999999981}
[BLOCKED] STOTRY reason=insufficient_cash order=83.97 cash=84.10
[SIGNAL] 2026-08-10T02:19:59+00:00 TAOTRY BUY fill_at=2026-08-10T02:24:59+00:00 features={"close": 9646.0, "bb_lower": 9651.285080731188, "bb_upper": 9762.238728792621, "rsi": 38.254989969559446, "mfi": 44.22590664939103, "atr": 22.857142857142858}
[BLOCKED] TAOTRY reason=insufficient_cash order=83.97 cash=84.10
[SIGNAL] 2026-08-10T02:19:59+00:00 TRXTRY BUY fill_at=2026-08-10T02:24:59+00:00 features={"close": 15.692, "bb_lower": 15.698556844494739, "bb_upper": 15.755633631695737, "rsi": 29.60977144346748, "mfi": 20.29886259383626, "atr": 0.006642857142857268}
[BLOCKED] TRXTRY reason=insufficient_cash order=83.97 cash=84.10
[SIGNAL] 2026-08-10T02:19:59+00:00 TURBOTRY BUY fill_at=2026-08-10T02:24:59+00:00 features={"close": 0.0414, "bb_lower": 0.04154110226546782, "bb_upper": 0.04256365963929407, "rsi": 31.18799836140022, "mfi": 12.935679586419809, "atr": 0.00012142857142857243}
[BLOCKED] TURBOTRY reason=insufficient_cash order=83.97 cash=84.10
[SIGNAL] 2026-08-10T02:19:59+00:00 USDTTRY BUY fill_at=2026-08-10T02:24:59+00:00 features={"close": 47.51, "bb_lower": 47.52240981903821, "bb_upper": 47.648066371437984, "rsi": 19.828553638477544, "mfi": 10.237546970951541, "atr": 0.01928571428571451}
[BLOCKED] USDTTRY reason=insufficient_cash order=83.97 cash=84.10
[SIGNAL] 2026-08-10T02:19:59+00:00 WLFITRY BUY fill_at=2026-08-10T02:24:59+00:00 features={"close": 2.518, "bb_lower": 2.519449766779749, "bb_upper": 2.5417883284583462, "rsi": 31.895249894302765, "mfi": 1.6537278415948435, "atr": 0.003071428571428614}
[BLOCKED] WLFITRY reason=insufficient_cash order=83.97 cash=84.10
[SCAN] 2026-08-10T02:24:59+00:00 symbols=121 signals=20 entries=0 exits=0 blocked=20 open=8 cash=84.10 equity=10054.98
[EXIT] 2026-08-10T02:29:59+00:00 GENIUSTRY reason=bb_mfi_v3_signal_exit pnl=+5.91 cash=1094.97
[SIGNAL] 2026-08-10T02:24:59+00:00 1MBABYDOGETRY BUY fill_at=2026-08-10T02:29:59+00:00 features={"close": 0.01691, "bb_lower": 0.016920630991695933, "bb_upper": 0.01752984519878026, "rsi": 34.73794047832166, "mfi": 30.99150494302016, "atr": 6.428571428571514e-05}
[ENTRY] 2026-08-10T02:29:59+00:00 1MBABYDOGETRY layer=1 value=1004.20 entry=0.01692268 cash=89.26
[SIGNAL] 2026-08-10T02:24:59+00:00 AIXBTTRY BUY fill_at=2026-08-10T02:29:59+00:00 features={"close": 0.932, "bb_lower": 0.933672619878261, "bb_upper": 0.9763273801217387, "rsi": 29.958993540127736, "mfi": 43.626937496884814, "atr": 0.005571428571428568}
[BLOCKED] AIXBTTRY reason=insufficient_cash order=89.12 cash=89.26
[SIGNAL] 2026-08-10T02:24:59+00:00 ALPINETRY BUY fill_at=2026-08-10T02:29:59+00:00 features={"close": 15.97, "bb_lower": 15.977325773118851, "bb_upper": 16.20648375069067, "rsi": 33.8986451473086, "mfi": 35.94002413010172, "atr": 0.029999999999999995}
[BLOCKED] ALPINETRY reason=max_layers
[SIGNAL] 2026-08-10T02:24:59+00:00 MAVTRY BUY fill_at=2026-08-10T02:29:59+00:00 features={"close": 0.43, "bb_lower": 0.4352646324238099, "bb_upper": 0.44378298662380916, "rsi": 19.645551962169847, "mfi": 0.0, "atr": 0.0007142857142857149}
[BLOCKED] MAVTRY reason=insufficient_cash order=89.12 cash=89.26
[SIGNAL] 2026-08-10T02:24:59+00:00 MEMETRY BUY fill_at=2026-08-10T02:29:59+00:00 features={"close": 0.0253, "bb_lower": 0.025308240224088972, "bb_upper": 0.02651080739495866, "rsi": 25.942646480398906, "mfi": 11.52687032515584, "atr": 7.142857142857149e-05}
[BLOCKED] MEMETRY reason=insufficient_cash order=89.12 cash=89.26
[SIGNAL] 2026-08-10T02:24:59+00:00 REDTRY BUY fill_at=2026-08-10T02:29:59+00:00 features={"close": 4.19, "bb_lower": 4.19241273376467, "bb_upper": 4.220920599568662, "rsi": 27.11359046851429, "mfi": 0.0, "atr": 0.0014285714285713982}
[BLOCKED] REDTRY reason=insufficient_cash order=89.12 cash=89.26
[SIGNAL] 2026-08-10T02:24:59+00:00 RENDERTRY BUY fill_at=2026-08-10T02:29:59+00:00 features={"close": 61.3, "bb_lower": 61.39434174208042, "bb_upper": 61.97708682934816, "rsi": 27.385740052711625, "mfi": 37.228957570702384, "atr": 0.0857142857142844}
[BLOCKED] RENDERTRY reason=insufficient_cash order=89.12 cash=89.26
[SIGNAL] 2026-08-10T02:24:59+00:00 REZTRY BUY fill_at=2026-08-10T02:29:59+00:00 features={"close": 0.1444, "bb_lower": 0.1445546208059509, "bb_upper": 0.14869299824166812, "rsi": 34.93842488686815, "mfi": 7.0250683223055574, "atr": 0.0006714285714285688}
[BLOCKED] REZTRY reason=insufficient_cash order=89.12 cash=89.26
[SIGNAL] 2026-08-10T02:24:59+00:00 TAOTRY BUY fill_at=2026-08-10T02:29:59+00:00 features={"close": 9646.0, "bb_lower": 9646.143772900828, "bb_upper": 9764.99908424203, "rsi": 38.254989969559446, "mfi": 38.23678694763808, "atr": 19.857142857142858}
[BLOCKED] TAOTRY reason=insufficient_cash order=89.12 cash=89.26
[SIGNAL] 2026-08-10T02:24:59+00:00 TURBOTRY BUY fill_at=2026-08-10T02:29:59+00:00 features={"close": 0.0413, "bb_lower": 0.04141179654651676, "bb_upper": 0.04261677488205465, "rsi": 29.237347419752467, "mfi": 9.216778909102302, "atr": 0.00012857142857142928}
[BLOCKED] TURBOTRY reason=insufficient_cash order=89.12 cash=89.26
[SIGNAL] 2026-08-10T02:24:59+00:00 USDTTRY BUY fill_at=2026-08-10T02:29:59+00:00 features={"close": 47.51, "bb_lower": 47.51106336320652, "bb_upper": 47.64988901774586, "rsi": 19.828553638477544, "mfi": 10.237546970951541, "atr": 0.019285714285715017}
[BLOCKED] USDTTRY reason=insufficient_cash order=89.12 cash=89.26
[SCAN] 2026-08-10T02:29:59+00:00 symbols=121 signals=11 entries=1 exits=1 blocked=10 open=8 cash=89.26 equity=10039.77
[SIGNAL] 2026-08-10T02:29:59+00:00 AIXBTTRY BUY fill_at=2026-08-10T02:34:59+00:00 features={"close": 0.928, "bb_lower": 0.9294840970890123, "bb_upper": 0.9779444743395588, "rsi": 27.785634335128208, "mfi": 40.37316072075011, "atr": 0.005857142857142854}
[BLOCKED] AIXBTTRY reason=insufficient_cash order=89.12 cash=89.26
[SIGNAL] 2026-08-10T02:29:59+00:00 API3TRY BUY fill_at=2026-08-10T02:34:59+00:00 features={"close": 9.19, "bb_lower": 9.208344274203057, "bb_upper": 9.296417630558842, "rsi": 31.00350446933608, "mfi": 19.23994721898528, "atr": 0.01642857142857146}
[BLOCKED] API3TRY reason=insufficient_cash order=89.12 cash=89.26
[SIGNAL] 2026-08-10T02:29:59+00:00 BABYTRY BUY fill_at=2026-08-10T02:34:59+00:00 features={"close": 0.618, "bb_lower": 0.6227669720521462, "bb_upper": 0.6406615993764252, "rsi": 27.782380244324372, "mfi": 39.28145307886788, "atr": 0.0022142857142857164}
[BLOCKED] BABYTRY reason=insufficient_cash order=89.12 cash=89.26
[SIGNAL] 2026-08-10T02:29:59+00:00 GUNTRY BUY fill_at=2026-08-10T02:34:59+00:00 features={"close": 0.153, "bb_lower": 0.1530693770421831, "bb_upper": 0.15721633724353112, "rsi": 28.11660730454716, "mfi": 7.563956646230238, "atr": 0.00042857142857142893}
[BLOCKED] GUNTRY reason=insufficient_cash order=89.12 cash=89.26
[SIGNAL] 2026-08-10T02:29:59+00:00 MAVTRY BUY fill_at=2026-08-10T02:34:59+00:00 features={"close": 0.43, "bb_lower": 0.433176748568601, "bb_upper": 0.44491848952663715, "rsi": 19.645551962169847, "mfi": 0.0, "atr": 0.0007142857142857149}
[BLOCKED] MAVTRY reason=insufficient_cash order=89.12 cash=89.26
[SIGNAL] 2026-08-10T02:29:59+00:00 REDTRY BUY fill_at=2026-08-10T02:34:59+00:00 features={"close": 4.19, "bb_lower": 4.1924127337646695, "bb_upper": 4.220920599568661, "rsi": 27.11359046851429, "mfi": 0.0, "atr": 0.0014285714285713982}
[BLOCKED] REDTRY reason=insufficient_cash order=89.12 cash=89.26
[SIGNAL] 2026-08-10T02:29:59+00:00 RENDERTRY BUY fill_at=2026-08-10T02:34:59+00:00 features={"close": 61.3, "bb_lower": 61.33823132029455, "bb_upper": 62.00462582256258, "rsi": 27.385740052711625, "mfi": 34.29830504233682, "atr": 0.09285714285714164}
[BLOCKED] RENDERTRY reason=insufficient_cash order=89.12 cash=89.26
[SIGNAL] 2026-08-10T02:29:59+00:00 REZTRY BUY fill_at=2026-08-10T02:34:59+00:00 features={"close": 0.1443, "bb_lower": 0.14430466144487172, "bb_upper": 0.14881914807893779, "rsi": 34.37476871497961, "mfi": 7.3316381772471, "atr": 0.0006642857142857145}
[BLOCKED] REZTRY reason=insufficient_cash order=89.12 cash=89.26
[SIGNAL] 2026-08-10T02:29:59+00:00 TAOTRY BUY fill_at=2026-08-10T02:34:59+00:00 features={"close": 9629.0, "bb_lower": 9637.202843264477, "bb_upper": 9769.940013878382, "rsi": 35.68344051213947, "mfi": 40.858162374604234, "atr": 21.142857142857142}
[BLOCKED] TAOTRY reason=insufficient_cash order=89.12 cash=89.26
[SCAN] 2026-08-10T02:34:59+00:00 symbols=121 signals=9 entries=0 exits=0 blocked=9 open=8 cash=89.26 equity=10051.72
[SIGNAL] 2026-08-10T02:34:59+00:00 API3TRY BUY fill_at=2026-08-10T02:39:59+00:00 features={"close": 9.2, "bb_lower": 9.201301597548852, "bb_upper": 9.299650783403525, "rsi": 34.75262413701326, "mfi": 20.92032128880176, "atr": 0.017142857142857158}
[BLOCKED] API3TRY reason=insufficient_cash order=89.12 cash=89.26
[SIGNAL] 2026-08-10T02:34:59+00:00 ARPATRY BUY fill_at=2026-08-10T02:39:59+00:00 features={"close": 0.424, "bb_lower": 0.42409110618230556, "bb_upper": 0.42768984619864675, "rsi": 34.584772886691, "mfi": 48.41853817594102, "atr": 0.0004928571428571441}
[BLOCKED] ARPATRY reason=insufficient_cash order=89.12 cash=89.26
[SIGNAL] 2026-08-10T02:34:59+00:00 BABYTRY BUY fill_at=2026-08-10T02:39:59+00:00 features={"close": 0.615, "bb_lower": 0.6194547919836529, "bb_upper": 0.6422594937306328, "rsi": 24.867368079994492, "mfi": 39.27568917497337, "atr": 0.0022142857142857164}
[BLOCKED] BABYTRY reason=insufficient_cash order=89.12 cash=89.26
[SIGNAL] 2026-08-10T02:34:59+00:00 MAVTRY BUY fill_at=2026-08-10T02:39:59+00:00 features={"close": 0.43, "bb_lower": 0.43157288644919095, "bb_upper": 0.4455699706936663, "rsi": 19.645551962169847, "mfi": 0.0, "atr": 0.0007142857142857149}
[BLOCKED] MAVTRY reason=insufficient_cash order=89.12 cash=89.26
[SIGNAL] 2026-08-10T02:34:59+00:00 REDTRY BUY fill_at=2026-08-10T02:39:59+00:00 features={"close": 4.19, "bb_lower": 4.190483407140504, "bb_upper": 4.221897545240448, "rsi": 27.11359046851429, "mfi": 0.0, "atr": 0.0014285714285713982}
[BLOCKED] REDTRY reason=insufficient_cash order=89.12 cash=89.26
[SIGNAL] 2026-08-10T02:34:59+00:00 STOTRY BUY fill_at=2026-08-10T02:39:59+00:00 features={"close": 1.949, "bb_lower": 1.950185755457889, "bb_upper": 1.9727666254944922, "rsi": 36.77823612528801, "mfi": 38.564346611209714, "atr": 0.00421428571428571}
[BLOCKED] STOTRY reason=insufficient_cash order=89.12 cash=89.26
[SIGNAL] 2026-08-10T02:34:59+00:00 USTCTRY BUY fill_at=2026-08-10T02:39:59+00:00 features={"close": 0.2404, "bb_lower": 0.24067493443761256, "bb_upper": 0.24342030365762563, "rsi": 22.217361165071196, "mfi": 0.0, "atr": 0.00014285714285714298}
[BLOCKED] USTCTRY reason=insufficient_cash order=89.12 cash=89.26
[SCAN] 2026-08-10T02:39:59+00:00 symbols=121 signals=7 entries=0 exits=0 blocked=7 open=8 cash=89.26 equity=10040.91
[SIGNAL] 2026-08-10T02:39:59+00:00 ARPATRY BUY fill_at=2026-08-10T02:44:59+00:00 features={"close": 0.4223, "bb_lower": 0.42335187771568045, "bb_upper": 0.4280385984747958, "rsi": 27.35924783218877, "mfi": 40.1095044982582, "atr": 0.0005785714285714283}
[BLOCKED] ARPATRY reason=insufficient_cash order=89.12 cash=89.26
[SIGNAL] 2026-08-10T02:39:59+00:00 BABYTRY BUY fill_at=2026-08-10T02:44:59+00:00 features={"close": 0.616, "bb_lower": 0.6170679431164993, "bb_upper": 0.6429320568835005, "rsi": 27.61013886864245, "mfi": 41.586276898846656, "atr": 0.0021428571428571447}
[BLOCKED] BABYTRY reason=insufficient_cash order=89.12 cash=89.26
[SIGNAL] 2026-08-10T02:39:59+00:00 HAEDALTRY BUY fill_at=2026-08-10T02:44:59+00:00 features={"close": 0.818, "bb_lower": 0.8205175731112058, "bb_upper": 0.8463395697459373, "rsi": 30.10060350347061, "mfi": 4.083373316466393, "atr": 0.0032857142857142885}
[BLOCKED] HAEDALTRY reason=insufficient_cash order=89.12 cash=89.26
[SIGNAL] 2026-08-10T02:39:59+00:00 HBARTRY BUY fill_at=2026-08-10T02:44:59+00:00 features={"close": 3.261, "bb_lower": 3.2612232725305694, "bb_upper": 3.284491013183715, "rsi": 34.05761558507062, "mfi": 55.55883731572718, "atr": 0.004214285714285694}
[BLOCKED] HBARTRY reason=insufficient_cash order=89.12 cash=89.26
[SIGNAL] 2026-08-10T02:39:59+00:00 MAVTRY BUY fill_at=2026-08-10T02:44:59+00:00 features={"close": 0.43, "bb_lower": 0.430241703570252, "bb_upper": 0.4459487726202241, "rsi": 19.645551962169847, "mfi": 0.0, "atr": 0.0007142857142857149}
[BLOCKED] MAVTRY reason=insufficient_cash order=89.12 cash=89.26
[SIGNAL] 2026-08-10T02:39:59+00:00 STOTRY BUY fill_at=2026-08-10T02:44:59+00:00 features={"close": 1.947, "bb_lower": 1.9481845252620327, "bb_upper": 1.972577379499872, "rsi": 35.01201693424366, "mfi": 37.29291877809073, "atr": 0.004714285714285703}
[BLOCKED] STOTRY reason=insufficient_cash order=89.12 cash=89.26
[SIGNAL] 2026-08-10T02:39:59+00:00 TSTTRY BUY fill_at=2026-08-10T02:44:59+00:00 features={"close": 0.876, "bb_lower": 0.8896968463822673, "bb_upper": 0.9474460107605901, "rsi": 32.49052293092814, "mfi": 33.533522420593485, "atr": 0.018428571428571405}
[BLOCKED] TSTTRY reason=insufficient_cash order=89.12 cash=89.26
[SIGNAL] 2026-08-10T02:39:59+00:00 TURBOTRY BUY fill_at=2026-08-10T02:44:59+00:00 features={"close": 0.0411, "bb_lower": 0.041119279941641176, "bb_upper": 0.04268072005835882, "rsi": 27.568359742737186, "mfi": 15.061254464174425, "atr": 0.00015000000000000034}
[BLOCKED] TURBOTRY reason=insufficient_cash order=89.12 cash=89.26
[SIGNAL] 2026-08-10T02:39:59+00:00 USTCTRY BUY fill_at=2026-08-10T02:44:59+00:00 features={"close": 0.2404, "bb_lower": 0.24042945351494105, "bb_upper": 0.24351340362791624, "rsi": 22.217361165071196, "mfi": 0.0, "atr": 0.00014285714285714298}
[BLOCKED] USTCTRY reason=insufficient_cash order=89.12 cash=89.26
[SCAN] 2026-08-10T02:44:59+00:00 symbols=121 signals=9 entries=0 exits=0 blocked=9 open=8 cash=89.26 equity=10037.58
[SIGNAL] 2026-08-10T02:44:59+00:00 ARPATRY BUY fill_at=2026-08-10T02:49:59+00:00 features={"close": 0.4223, "bb_lower": 0.4227837212686207, "bb_upper": 0.42829246920756975, "rsi": 27.35924783218877, "mfi": 44.199713014862695, "atr": 0.0005785714285714283}
[BLOCKED] ARPATRY reason=insufficient_cash order=89.12 cash=89.26
[SIGNAL] 2026-08-10T02:44:59+00:00 CTRY BUY fill_at=2026-08-10T02:49:59+00:00 features={"close": 2.998, "bb_lower": 3.0049813906638985, "bb_upper": 3.0233995617170537, "rsi": 41.8178206966602, "mfi": 16.541752157110523, "atr": 0.0030714285714285505}
[BLOCKED] CTRY reason=insufficient_cash order=89.12 cash=89.26
[SIGNAL] 2026-08-10T02:44:59+00:00 HAEDALTRY BUY fill_at=2026-08-10T02:49:59+00:00 features={"close": 0.816, "bb_lower": 0.8179834152075841, "bb_upper": 0.84630229907813, "rsi": 28.549662441528795, "mfi": 2.7400091986994823, "atr": 0.00335714285714286}
[BLOCKED] HAEDALTRY reason=insufficient_cash order=89.12 cash=89.26
[SIGNAL] 2026-08-10T02:44:59+00:00 TSTTRY BUY fill_at=2026-08-10T02:49:59+00:00 features={"close": 0.881, "bb_lower": 0.8845027753016121, "bb_upper": 0.9500686532698166, "rsi": 34.60670704368454, "mfi": 36.37385955613011, "atr": 0.01849999999999998}
[BLOCKED] TSTTRY reason=insufficient_cash order=89.12 cash=89.26
[SCAN] 2026-08-10T02:49:59+00:00 symbols=121 signals=4 entries=0 exits=0 blocked=4 open=8 cash=89.26 equity=10036.08
[SIGNAL] 2026-08-10T02:49:59+00:00 ARPATRY BUY fill_at=2026-08-10T02:54:59+00:00 features={"close": 0.4223, "bb_lower": 0.4223264344736327, "bb_upper": 0.4284830893358912, "rsi": 27.35924783218877, "mfi": 18.141706850045793, "atr": 0.0005214285714285695}
[BLOCKED] ARPATRY reason=insufficient_cash order=89.12 cash=89.26
[SIGNAL] 2026-08-10T02:49:59+00:00 HAEDALTRY BUY fill_at=2026-08-10T02:54:59+00:00 features={"close": 0.812, "bb_lower": 0.8149630627935688, "bb_upper": 0.8463702705397645, "rsi": 25.682516682577088, "mfi": 2.6128083881499293, "atr": 0.0036428571428571382}
[BLOCKED] HAEDALTRY reason=insufficient_cash order=89.12 cash=89.26
[SIGNAL] 2026-08-10T02:49:59+00:00 REZTRY BUY fill_at=2026-08-10T02:54:59+00:00 features={"close": 0.1412, "bb_lower": 0.1423768139578955, "bb_upper": 0.14921366223258067, "rsi": 21.181229695794144, "mfi": 9.634282954333202, "atr": 0.0008714285714285687}
[BLOCKED] REZTRY reason=insufficient_cash order=89.12 cash=89.26
[SIGNAL] 2026-08-10T02:49:59+00:00 STOTRY BUY fill_at=2026-08-10T02:54:59+00:00 features={"close": 1.94, "bb_lower": 1.9436697464460644, "bb_upper": 1.973854063077745, "rsi": 32.704964956494905, "mfi": 41.259818028181975, "atr": 0.004999999999999989}
[BLOCKED] STOTRY reason=insufficient_cash order=89.12 cash=89.26
[SIGNAL] 2026-08-10T02:49:59+00:00 TSTTRY BUY fill_at=2026-08-10T02:54:59+00:00 features={"close": 0.873, "bb_lower": 0.8772739764834931, "bb_upper": 0.9528212616117453, "rsi": 32.82329003254014, "mfi": 31.787329460940285, "atr": 0.017499999999999984}
[BLOCKED] TSTTRY reason=insufficient_cash order=89.12 cash=89.26
[SCAN] 2026-08-10T02:54:59+00:00 symbols=121 signals=5 entries=0 exits=0 blocked=5 open=8 cash=89.26 equity=10037.09
[SIGNAL] 2026-08-10T02:54:59+00:00 HAEDALTRY BUY fill_at=2026-08-10T02:59:59+00:00 features={"close": 0.812, "bb_lower": 0.812259802102771, "bb_upper": 0.8465021026591338, "rsi": 25.682516682577088, "mfi": 2.609837219932743, "atr": 0.0033571428571428524}
[BLOCKED] HAEDALTRY reason=insufficient_cash order=89.12 cash=89.26
[SIGNAL] 2026-08-10T02:54:59+00:00 STOTRY BUY fill_at=2026-08-10T02:59:59+00:00 features={"close": 1.932, "bb_lower": 1.9385226009574654, "bb_upper": 1.9760488276139632, "rsi": 28.040590882952543, "mfi": 24.41110368921943, "atr": 0.005714285714285704}
[BLOCKED] STOTRY reason=insufficient_cash order=89.12 cash=89.26
[SCAN] 2026-08-10T02:59:59+00:00 symbols=121 signals=2 entries=0 exits=0 blocked=2 open=8 cash=89.26 equity=10045.29
[SCAN] 2026-08-10T03:04:59+00:00 symbols=121 signals=0 entries=0 exits=0 blocked=0 open=8 cash=89.26 equity=10035.11
[SIGNAL] 2026-08-10T03:04:59+00:00 WLFITRY BUY fill_at=2026-08-10T03:09:59+00:00 features={"close": 2.503, "bb_lower": 2.5053142427174575, "bb_upper": 2.5390667096634947, "rsi": 16.94540891882589, "mfi": 0.0, "atr": 0.002142857142857129}
[BLOCKED] WLFITRY reason=insufficient_cash order=89.12 cash=89.26
[SCAN] 2026-08-10T03:09:59+00:00 symbols=121 signals=1 entries=0 exits=0 blocked=1 open=8 cash=89.26 equity=10035.31
[SIGNAL] 2026-08-10T03:09:59+00:00 AITRY BUY fill_at=2026-08-10T03:14:59+00:00 features={"close": 0.85, "bb_lower": 0.8538278660015163, "bb_upper": 0.8661721339984837, "rsi": 22.17716249291597, "mfi": 1.8464476893784365, "atr": 0.0014285714285714299}
[BLOCKED] AITRY reason=insufficient_cash order=89.12 cash=89.26
[SIGNAL] 2026-08-10T03:09:59+00:00 IDTRY BUY fill_at=2026-08-10T03:14:59+00:00 features={"close": 1.374, "bb_lower": 1.3745682612327945, "bb_upper": 1.3967650721005387, "rsi": 38.09065663315427, "mfi": 47.85365765883379, "atr": 0.002714285714285717}
[BLOCKED] IDTRY reason=insufficient_cash order=89.12 cash=89.26
[SIGNAL] 2026-08-10T03:09:59+00:00 REDTRY BUY fill_at=2026-08-10T03:14:59+00:00 features={"close": 4.18, "bb_lower": 4.1804988790824735, "bb_upper": 4.220453501869907, "rsi": 27.28395938641546, "mfi": 9.58513279812685, "atr": 0.0035714285714285587}
[BLOCKED] REDTRY reason=insufficient_cash order=89.12 cash=89.26
[SCAN] 2026-08-10T03:14:59+00:00 symbols=121 signals=3 entries=0 exits=0 blocked=3 open=8 cash=89.26 equity=10032.27
[SIGNAL] 2026-08-10T03:14:59+00:00 AITRY BUY fill_at=2026-08-10T03:19:59+00:00 features={"close": 0.85, "bb_lower": 0.8520247544057031, "bb_upper": 0.867022864641916, "rsi": 22.17716249291597, "mfi": 1.8464476893784365, "atr": 0.0007142857142857149}
[BLOCKED] AITRY reason=insufficient_cash order=89.12 cash=89.26
[SIGNAL] 2026-08-10T03:14:59+00:00 CYBERTRY BUY fill_at=2026-08-10T03:19:59+00:00 features={"close": 15.0, "bb_lower": 15.052646324238102, "bb_upper": 15.137829866238095, "rsi": 18.30483884764317, "mfi": 0.0, "atr": 0.0071428571428571175}
[BLOCKED] CYBERTRY reason=insufficient_cash order=89.12 cash=89.26
[SIGNAL] 2026-08-10T03:14:59+00:00 LATRY BUY fill_at=2026-08-10T03:19:59+00:00 features={"close": 2.55, "bb_lower": 2.561594517526447, "bb_upper": 2.6174531015211713, "rsi": 38.71648864702675, "mfi": 35.70193040988842, "atr": 0.014999999999999934}
[BLOCKED] LATRY reason=insufficient_cash order=89.12 cash=89.26
[SIGNAL] 2026-08-10T03:14:59+00:00 WTRY BUY fill_at=2026-08-10T03:19:59+00:00 features={"close": 0.4009, "bb_lower": 0.40220323870427477, "bb_upper": 0.40601580891477285, "rsi": 11.085882779682592, "mfi": 0.0, "atr": 0.0002214285714285748}
[BLOCKED] WTRY reason=insufficient_cash order=89.12 cash=89.26
[SCAN] 2026-08-10T03:19:59+00:00 symbols=121 signals=4 entries=0 exits=0 blocked=4 open=8 cash=89.26 equity=10035.25
[SIGNAL] 2026-08-10T03:19:59+00:00 AITRY BUY fill_at=2026-08-10T03:24:59+00:00 features={"close": 0.85, "bb_lower": 0.8505292648476199, "bb_upper": 0.8675659732476184, "rsi": 22.17716249291597, "mfi": 0.0, "atr": 0.0007142857142857149}
[BLOCKED] AITRY reason=insufficient_cash order=89.12 cash=89.26
[SIGNAL] 2026-08-10T03:19:59+00:00 CYBERTRY BUY fill_at=2026-08-10T03:24:59+00:00 features={"close": 15.0, "bb_lower": 15.03176748568601, "bb_upper": 15.149184895266373, "rsi": 18.30483884764317, "mfi": 0.0, "atr": 0.0071428571428571175}
[BLOCKED] CYBERTRY reason=insufficient_cash order=89.12 cash=89.26
[SIGNAL] 2026-08-10T03:19:59+00:00 LATRY BUY fill_at=2026-08-10T03:24:59+00:00 features={"close": 2.55, "bb_lower": 2.5550147756788113, "bb_upper": 2.620223319559283, "rsi": 38.716488647026765, "mfi": 41.846426098471625, "atr": 0.014285714285714235}
[BLOCKED] LATRY reason=insufficient_cash order=89.12 cash=89.26
[SIGNAL] 2026-08-10T03:19:59+00:00 WTRY BUY fill_at=2026-08-10T03:24:59+00:00 features={"close": 0.4009, "bb_lower": 0.4016775720685321, "bb_upper": 0.4060748088838489, "rsi": 11.085882779682592, "mfi": 0.0, "atr": 0.0002214285714285748}
[BLOCKED] WTRY reason=insufficient_cash order=89.12 cash=89.26
[EXIT] 2026-08-10T03:24:59+00:00 DODOTRY reason=fixed_take_profit pnl=+18.84 cash=1082.49
[SCAN] 2026-08-10T03:24:59+00:00 symbols=121 signals=4 entries=0 exits=1 blocked=4 open=7 cash=1082.49 equity=10045.38
[SIGNAL] 2026-08-10T03:24:59+00:00 CYBERTRY BUY fill_at=2026-08-10T03:29:59+00:00 features={"close": 15.0, "bb_lower": 15.015728864491908, "bb_upper": 15.155699706936662, "rsi": 18.30483884764317, "mfi": 0.0, "atr": 0.0071428571428571175}
[ENTRY] 2026-08-10T03:29:59+00:00 CYBERTRY layer=1 value=1006.53 entry=15.01125000 cash=74.44
[SIGNAL] 2026-08-10T03:24:59+00:00 RENDERTRY BUY fill_at=2026-08-10T03:29:59+00:00 features={"close": 60.7, "bb_lower": 61.01690482000511, "bb_upper": 61.99261898951869, "rsi": 21.318463634557318, "mfi": 3.6750082067634793, "atr": 0.17142857142857235}
[BLOCKED] RENDERTRY reason=insufficient_cash order=74.33 cash=74.44
[SIGNAL] 2026-08-10T03:24:59+00:00 WTRY BUY fill_at=2026-08-10T03:29:59+00:00 features={"close": 0.4009, "bb_lower": 0.40127677021568414, "bb_upper": 0.40600894407003013, "rsi": 11.085882779682592, "mfi": 0.0, "atr": 0.0002214285714285748}
[BLOCKED] WTRY reason=insufficient_cash order=74.33 cash=74.44
[SCAN] 2026-08-10T03:29:59+00:00 symbols=121 signals=3 entries=1 exits=0 blocked=2 open=8 cash=74.44 equity=10063.07
[SIGNAL] 2026-08-10T03:29:59+00:00 BIOTRY BUY fill_at=2026-08-10T03:34:59+00:00 features={"close": 1.223, "bb_lower": 1.223332779634172, "bb_upper": 1.2520005536991614, "rsi": 33.43590139224386, "mfi": 50.735632848876875, "atr": 0.004285714285714289}
[BLOCKED] BIOTRY reason=insufficient_cash order=74.33 cash=74.44
[SIGNAL] 2026-08-10T03:29:59+00:00 CYBERTRY BUY fill_at=2026-08-10T03:34:59+00:00 features={"close": 15.0, "bb_lower": 15.002417035702521, "bb_upper": 15.15948772620224, "rsi": 18.30483884764317, "mfi": 0.0, "atr": 0.0071428571428571175}
[BLOCKED] CYBERTRY reason=insufficient_cash order=74.33 cash=74.44
[SIGNAL] 2026-08-10T03:29:59+00:00 WTRY BUY fill_at=2026-08-10T03:34:59+00:00 features={"close": 0.4009, "bb_lower": 0.40097492810677815, "bb_upper": 0.4058441195122695, "rsi": 11.085882779682592, "mfi": 0.0, "atr": 0.0002214285714285748}
[BLOCKED] WTRY reason=insufficient_cash order=74.33 cash=74.44
[SCAN] 2026-08-10T03:34:59+00:00 symbols=121 signals=3 entries=0 exits=0 blocked=3 open=8 cash=74.44 equity=10054.02
[SIGNAL] 2026-08-10T03:34:59+00:00 RENDERTRY BUY fill_at=2026-08-10T03:39:59+00:00 features={"close": 60.9, "bb_lower": 60.90276392842828, "bb_upper": 61.98295035728602, "rsi": 35.652638302870045, "mfi": 20.998556903064923, "atr": 0.20714285714285804}
[BLOCKED] RENDERTRY reason=insufficient_cash order=74.33 cash=74.44
[SCAN] 2026-08-10T03:39:59+00:00 symbols=121 signals=1 entries=0 exits=0 blocked=1 open=8 cash=74.44 equity=10059.06
[SCAN] 2026-08-10T03:44:59+00:00 symbols=121 signals=0 entries=0 exits=0 blocked=0 open=8 cash=74.44 equity=10071.07
[SIGNAL] 2026-08-10T03:44:59+00:00 THETATRY BUY fill_at=2026-08-10T03:49:59+00:00 features={"close": 6.666, "bb_lower": 6.689164382664764, "bb_upper": 6.726645141144759, "rsi": 14.198935411624674, "mfi": 0.0, "atr": 0.003142857142857114}
[BLOCKED] THETATRY reason=insufficient_cash order=74.33 cash=74.44
[SCAN] 2026-08-10T03:49:59+00:00 symbols=121 signals=1 entries=0 exits=0 blocked=1 open=8 cash=74.44 equity=10067.42
[SIGNAL] 2026-08-10T03:49:59+00:00 THETATRY BUY fill_at=2026-08-10T03:54:59+00:00 features={"close": 6.666, "bb_lower": 6.679977693701843, "bb_upper": 6.731641353917202, "rsi": 14.198935411624674, "mfi": 0.0, "atr": 0.003142857142857114}
[BLOCKED] THETATRY reason=insufficient_cash order=74.33 cash=74.44
[SCAN] 2026-08-10T03:54:59+00:00 symbols=121 signals=1 entries=0 exits=0 blocked=1 open=8 cash=74.44 equity=10063.98
[SCAN] 2026-08-10T03:59:59+00:00 symbols=121 signals=0 entries=0 exits=0 blocked=0 open=8 cash=74.44 equity=10055.61
[SIGNAL] 2026-08-10T03:59:59+00:00 ALGOTRY BUY fill_at=2026-08-10T04:04:59+00:00 features={"close": 3.89, "bb_lower": 3.890643195011554, "bb_upper": 3.9191663287979686, "rsi": 26.92586212045893, "mfi": 15.642123106430972, "atr": 0.0033571428571428047}
[BLOCKED] ALGOTRY reason=insufficient_cash order=74.33 cash=74.44
[SIGNAL] 2026-08-10T03:59:59+00:00 AVNTTRY BUY fill_at=2026-08-10T04:04:59+00:00 features={"close": 4.51, "bb_lower": 4.515954212562599, "bb_upper": 4.5469029302945465, "rsi": 39.026010589921086, "mfi": 24.84716564949575, "atr": 0.005000000000000083}
[BLOCKED] AVNTTRY reason=insufficient_cash order=74.33 cash=74.44
[SIGNAL] 2026-08-10T03:59:59+00:00 CHIPTRY BUY fill_at=2026-08-10T04:04:59+00:00 features={"close": 1.0503, "bb_lower": 1.0508568745437636, "bb_upper": 1.0575336016467127, "rsi": 36.964266549847935, "mfi": 29.124451308955415, "atr": 0.002250000000000006}
[BLOCKED] CHIPTRY reason=insufficient_cash order=74.33 cash=74.44
[SIGNAL] 2026-08-10T03:59:59+00:00 HBARTRY BUY fill_at=2026-08-10T04:04:59+00:00 features={"close": 3.259, "bb_lower": 3.2605222736252526, "bb_upper": 3.272334869231891, "rsi": 29.97103869046778, "mfi": 2.2811145736414176, "atr": 0.0011428571428571122}
[BLOCKED] HBARTRY reason=insufficient_cash order=74.33 cash=74.44
[SCAN] 2026-08-10T04:04:59+00:00 symbols=121 signals=4 entries=0 exits=0 blocked=4 open=8 cash=74.44 equity=10065.08
[SIGNAL] 2026-08-10T04:04:59+00:00 ALGOTRY BUY fill_at=2026-08-10T04:09:59+00:00 features={"close": 3.888, "bb_lower": 3.88816327833816, "bb_upper": 3.9201224359475537, "rsi": 25.59758976806654, "mfi": 1.7402371632104945, "atr": 0.0034999999999999636}
[BLOCKED] ALGOTRY reason=insufficient_cash order=74.33 cash=74.44
[SIGNAL] 2026-08-10T04:04:59+00:00 CHIPTRY BUY fill_at=2026-08-10T04:09:59+00:00 features={"close": 1.0466, "bb_lower": 1.0491725456962457, "bb_upper": 1.0584274543037544, "rsi": 30.59855402400025, "mfi": 28.971818528919712, "atr": 0.0022571428571428625}
[BLOCKED] CHIPTRY reason=insufficient_cash order=74.33 cash=74.44
[SIGNAL] 2026-08-10T04:04:59+00:00 FTRY BUY fill_at=2026-08-10T04:09:59+00:00 features={"close": 0.1369, "bb_lower": 0.13716323162119048, "bb_upper": 0.13758914933119043, "rsi": 10.152491834882781, "mfi": 0.0, "atr": 3.5714285714285744e-05}
[BLOCKED] FTRY reason=insufficient_cash order=74.33 cash=74.44
[SIGNAL] 2026-08-10T04:04:59+00:00 HBARTRY BUY fill_at=2026-08-10T04:09:59+00:00 features={"close": 3.259, "bb_lower": 3.2593524082412895, "bb_upper": 3.2726475917587106, "rsi": 29.97103869046778, "mfi": 0.0, "atr": 0.0011428571428571122}
[BLOCKED] HBARTRY reason=insufficient_cash order=74.33 cash=74.44
[SIGNAL] 2026-08-10T04:04:59+00:00 RETRY BUY fill_at=2026-08-10T04:09:59+00:00 features={"close": 19.2, "bb_lower": 19.236975613122148, "bb_upper": 19.660167244020712, "rsi": 38.41645989662057, "mfi": 17.348408492529288, "atr": 0.08785714285714263}
[BLOCKED] RETRY reason=insufficient_cash order=74.33 cash=74.44
[SCAN] 2026-08-10T04:09:59+00:00 symbols=121 signals=5 entries=0 exits=0 blocked=5 open=8 cash=74.44 equity=10069.91
[SIGNAL] 2026-08-10T04:09:59+00:00 CHIPTRY BUY fill_at=2026-08-10T04:14:59+00:00 features={"close": 1.0459, "bb_lower": 1.0476849725298396, "bb_upper": 1.0590578846130176, "rsi": 29.55537272792766, "mfi": 19.85355933234098, "atr": 0.0024285714285714305}
[BLOCKED] CHIPTRY reason=insufficient_cash order=74.33 cash=74.44
[SIGNAL] 2026-08-10T04:09:59+00:00 FTRY BUY fill_at=2026-08-10T04:14:59+00:00 features={"close": 0.1369, "bb_lower": 0.13705883742843, "bb_upper": 0.13764592447633184, "rsi": 10.152491834882781, "mfi": 0.0, "atr": 3.5714285714285744e-05}
[BLOCKED] FTRY reason=insufficient_cash order=74.33 cash=74.44
[SCAN] 2026-08-10T04:14:59+00:00 symbols=121 signals=2 entries=0 exits=0 blocked=2 open=8 cash=74.44 equity=10088.74
[SIGNAL] 2026-08-10T04:14:59+00:00 LDOTRY BUY fill_at=2026-08-10T04:19:59+00:00 features={"close": 13.99, "bb_lower": 13.993137424227157, "bb_upper": 14.220195909106177, "rsi": 40.66085292952291, "mfi": 17.691467166720855, "atr": 0.0464285714285712}
[BLOCKED] LDOTRY reason=insufficient_cash order=74.33 cash=74.44
[SCAN] 2026-08-10T04:19:59+00:00 symbols=121 signals=1 entries=0 exits=0 blocked=1 open=8 cash=74.44 equity=10085.73
[SCAN] 2026-08-10T04:24:59+00:00 symbols=121 signals=0 entries=0 exits=0 blocked=0 open=8 cash=74.44 equity=10087.73
[SCAN] 2026-08-10T04:29:59+00:00 symbols=121 signals=0 entries=0 exits=0 blocked=0 open=8 cash=74.44 equity=10087.17
[SCAN] 2026-08-10T04:34:59+00:00 symbols=121 signals=0 entries=0 exits=0 blocked=0 open=8 cash=74.44 equity=10074.12
[SIGNAL] 2026-08-10T04:34:59+00:00 AIGENSYNTRY BUY fill_at=2026-08-10T04:39:59+00:00 features={"close": 1.039, "bb_lower": 1.0393501042591389, "bb_upper": 1.046364181455147, "rsi": 40.04333027872877, "mfi": 24.1618038253728, "atr": 0.0012142857142857233}
[BLOCKED] AIGENSYNTRY reason=insufficient_cash order=74.33 cash=74.44
[SIGNAL] 2026-08-10T04:34:59+00:00 ATMTRY BUY fill_at=2026-08-10T04:39:59+00:00 features={"close": 71.0, "bb_lower": 71.0080437618036, "bb_upper": 71.71290861914875, "rsi": 35.101478506493336, "mfi": 14.0040968953288, "atr": 0.06357142857142861}
[BLOCKED] ATMTRY reason=insufficient_cash order=74.33 cash=74.44
[SIGNAL] 2026-08-10T04:34:59+00:00 AVNTTRY BUY fill_at=2026-08-10T04:39:59+00:00 features={"close": 4.51, "bb_lower": 4.51026584080163, "bb_upper": 4.544972254436466, "rsi": 39.94685853205018, "mfi": 27.207219929915084, "atr": 0.005714285714285783}
[BLOCKED] AVNTTRY reason=insufficient_cash order=74.33 cash=74.44
[SIGNAL] 2026-08-10T04:34:59+00:00 ENATRY BUY fill_at=2026-08-10T04:39:59+00:00 features={"close": 4.141, "bb_lower": 4.143356195327402, "bb_upper": 4.176262852291646, "rsi": 40.870154214475065, "mfi": 46.349679271138655, "atr": 0.007000000000000054}
[BLOCKED] ENATRY reason=insufficient_cash order=74.33 cash=74.44
[SCAN] 2026-08-10T04:39:59+00:00 symbols=121 signals=4 entries=0 exits=0 blocked=4 open=8 cash=74.44 equity=10054.31
[SIGNAL] 2026-08-10T04:39:59+00:00 ATMTRY BUY fill_at=2026-08-10T04:44:59+00:00 features={"close": 71.0, "bb_lower": 71.07207063796614, "bb_upper": 71.66792936203385, "rsi": 35.101478506493336, "mfi": 32.26095753807637, "atr": 0.06357142857142861}
[BLOCKED] ATMTRY reason=insufficient_cash order=74.33 cash=74.44
[SIGNAL] 2026-08-10T04:39:59+00:00 BBTRY BUY fill_at=2026-08-10T04:44:59+00:00 features={"close": 0.6713, "bb_lower": 0.6722635999971839, "bb_upper": 0.6824411619075782, "rsi": 33.88477059275853, "mfi": 46.45599543346375, "atr": 0.00293571428571428}
[BLOCKED] BBTRY reason=insufficient_cash order=74.33 cash=74.44
[SIGNAL] 2026-08-10T04:39:59+00:00 CATITRY BUY fill_at=2026-08-10T04:44:59+00:00 features={"close": 2.148, "bb_lower": 2.1491388773328235, "bb_upper": 2.180480170286225, "rsi": 38.24366539146789, "mfi": 18.02581727293125, "atr": 0.00750000000000003}
[BLOCKED] CATITRY reason=insufficient_cash order=74.33 cash=74.44
[SCAN] 2026-08-10T04:44:59+00:00 symbols=121 signals=3 entries=0 exits=0 blocked=3 open=8 cash=74.44 equity=10037.24
[SIGNAL] 2026-08-10T04:44:59+00:00 AIGENSYNTRY BUY fill_at=2026-08-10T04:49:59+00:00 features={"close": 1.038, "bb_lower": 1.0384764997038247, "bb_upper": 1.0458092145818898, "rsi": 37.4226212978226, "mfi": 47.98970269477311, "atr": 0.0012142857142857233}
[BLOCKED] AIGENSYNTRY reason=insufficient_cash order=74.33 cash=74.44
[SIGNAL] 2026-08-10T04:44:59+00:00 ASTERTRY BUY fill_at=2026-08-10T04:49:59+00:00 features={"close": 29.0, "bb_lower": 29.00967383074634, "bb_upper": 29.215088074015565, "rsi": 30.778542079452166, "mfi": 56.62299308366407, "atr": 0.022142857142856798}
[BLOCKED] ASTERTRY reason=insufficient_cash order=74.33 cash=74.44
[SIGNAL] 2026-08-10T04:44:59+00:00 ATMTRY BUY fill_at=2026-08-10T04:49:59+00:00 features={"close": 71.0, "bb_lower": 71.01835153497788, "bb_upper": 71.66926751264114, "rsi": 35.101478506493336, "mfi": 32.26095753807637, "atr": 0.05428571428571465}
[BLOCKED] ATMTRY reason=insufficient_cash order=74.33 cash=74.44
[SIGNAL] 2026-08-10T04:44:59+00:00 BBTRY BUY fill_at=2026-08-10T04:49:59+00:00 features={"close": 0.6692, "bb_lower": 0.670828254957711, "bb_upper": 0.6831526974232415, "rsi": 31.264653642546776, "mfi": 40.42004751254807, "atr": 0.0032357142857142784}
[BLOCKED] BBTRY reason=insufficient_cash order=74.33 cash=74.44
[SIGNAL] 2026-08-10T04:44:59+00:00 PENGUTRY BUY fill_at=2026-08-10T04:49:59+00:00 features={"close": 0.3104, "bb_lower": 0.3104156822295771, "bb_upper": 0.3128986034847086, "rsi": 40.44230598312021, "mfi": 8.681661900345418, "atr": 0.0007500000000000086}
[BLOCKED] PENGUTRY reason=insufficient_cash order=74.33 cash=74.44
[SCAN] 2026-08-10T04:49:59+00:00 symbols=121 signals=5 entries=0 exits=0 blocked=5 open=8 cash=74.44 equity=10035.69
[EXIT] 2026-08-10T04:54:59+00:00 CYBERTRY reason=bb_mfi_v3_signal_exit pnl=+2.16 cash=1084.65
[SIGNAL] 2026-08-10T04:49:59+00:00 AIGENSYNTRY BUY fill_at=2026-08-10T04:54:59+00:00 features={"close": 1.037, "bb_lower": 1.0376407488327162, "bb_upper": 1.0459782987863313, "rsi": 34.9449955611594, "mfi": 40.91440144695068, "atr": 0.0013571428571428662}
[ENTRY] 2026-08-10T04:54:59+00:00 AIGENSYNTRY layer=1 value=1001.54 entry=1.03677700 cash=81.61
[SIGNAL] 2026-08-10T04:49:59+00:00 ASTERTRY BUY fill_at=2026-08-10T04:54:59+00:00 features={"close": 28.99, "bb_lower": 28.997912165682894, "bb_upper": 29.204944977174247, "rsi": 29.74608732110893, "mfi": 58.04828404468583, "atr": 0.022857142857142625}
[BLOCKED] ASTERTRY reason=insufficient_cash order=81.49 cash=81.61
[SIGNAL] 2026-08-10T04:49:59+00:00 ATMTRY BUY fill_at=2026-08-10T04:54:59+00:00 features={"close": 70.41, "bb_lower": 70.78739591117134, "bb_upper": 71.79165170787626, "rsi": 18.94580558147034, "mfi": 15.03714198503576, "atr": 0.09642857142857204}
[BLOCKED] ATMTRY reason=insufficient_cash order=81.49 cash=81.61
[SIGNAL] 2026-08-10T04:49:59+00:00 ZKTRY BUY fill_at=2026-08-10T04:54:59+00:00 features={"close": 0.38, "bb_lower": 0.38001630209467263, "bb_upper": 0.38236465028627986, "rsi": 30.03306561136722, "mfi": 0.5731808505970264, "atr": 0.00021428571428571446}
[BLOCKED] ZKTRY reason=insufficient_cash order=81.49 cash=81.61
[SCAN] 2026-08-10T04:54:59+00:00 symbols=121 signals=4 entries=1 exits=1 blocked=3 open=8 cash=81.61 equity=10013.13
[SIGNAL] 2026-08-10T04:54:59+00:00 1MBABYDOGETRY BUY fill_at=2026-08-10T04:59:59+00:00 features={"close": 0.01674, "bb_lower": 0.016803633280264595, "bb_upper": 0.016987795291163975, "rsi": 21.635565518669694, "mfi": 26.284605065151723, "atr": 1.6428571428572245e-05}
[BLOCKED] 1MBABYDOGETRY reason=insufficient_cash order=81.49 cash=81.61
[SIGNAL] 2026-08-10T04:54:59+00:00 AIGENSYNTRY BUY fill_at=2026-08-10T04:59:59+00:00 features={"close": 1.036, "bb_lower": 1.0367049155170904, "bb_upper": 1.0461522273400523, "rsi": 32.6063430415208, "mfi": 37.24607853457471, "atr": 0.0013571428571428662}
[BLOCKED] AIGENSYNTRY reason=insufficient_cash order=81.49 cash=81.61
[SIGNAL] 2026-08-10T04:54:59+00:00 ASTERTRY BUY fill_at=2026-08-10T04:59:59+00:00 features={"close": 28.94, "bb_lower": 28.977233840696925, "bb_upper": 29.198956635493552, "rsi": 25.172281915377383, "mfi": 56.66088502261373, "atr": 0.024999999999999595}
[BLOCKED] ASTERTRY reason=insufficient_cash order=81.49 cash=81.61
[SIGNAL] 2026-08-10T04:54:59+00:00 ATMTRY BUY fill_at=2026-08-10T04:59:59+00:00 features={"close": 70.41, "bb_lower": 70.62305639026049, "bb_upper": 71.84741980021572, "rsi": 18.94580558147034, "mfi": 0.0, "atr": 0.09571428571428596}
[BLOCKED] ATMTRY reason=insufficient_cash order=81.49 cash=81.61
[SIGNAL] 2026-08-10T04:54:59+00:00 AVNTTRY BUY fill_at=2026-08-10T04:59:59+00:00 features={"close": 4.49, "bb_lower": 4.497302080257145, "bb_upper": 4.548412205457141, "rsi": 30.402368885076356, "mfi": 8.43962082579148, "atr": 0.006428571428571482}
[BLOCKED] AVNTTRY reason=insufficient_cash order=81.49 cash=81.61
[SIGNAL] 2026-08-10T04:54:59+00:00 BABYTRY BUY fill_at=2026-08-10T04:59:59+00:00 features={"close": 0.609, "bb_lower": 0.6099242399922181, "bb_upper": 0.6234090933411155, "rsi": 34.300777942004885, "mfi": 43.19483601830116, "atr": 0.0023571428571428593}
[BLOCKED] BABYTRY reason=insufficient_cash order=81.49 cash=81.61
[SIGNAL] 2026-08-10T04:54:59+00:00 CATITRY BUY fill_at=2026-08-10T04:59:59+00:00 features={"close": 2.12, "bb_lower": 2.135239516741787, "bb_upper": 2.186284292782022, "rsi": 27.56506281657323, "mfi": 16.541163571847406, "atr": 0.008785714285714301}
[BLOCKED] CATITRY reason=insufficient_cash order=81.49 cash=81.61
[SIGNAL] 2026-08-10T04:54:59+00:00 MEMETRY BUY fill_at=2026-08-10T04:59:59+00:00 features={"close": 0.025, "bb_lower": 0.025024016661084267, "bb_upper": 0.02546169762463002, "rsi": 29.420140196292863, "mfi": 18.19056488402751, "atr": 6.42857142857139e-05}
[BLOCKED] MEMETRY reason=insufficient_cash order=81.49 cash=81.61
[SIGNAL] 2026-08-10T04:54:59+00:00 PNUTTRY BUY fill_at=2026-08-10T04:59:59+00:00 features={"close": 1.98, "bb_lower": 1.9873828421447395, "bb_upper": 2.0173790626171653, "rsi": 18.64517813124843, "mfi": 48.07004247318608, "atr": 0.003571428571428527}
[BLOCKED] PNUTTRY reason=insufficient_cash order=81.49 cash=81.61
[SIGNAL] 2026-08-10T04:54:59+00:00 SXTTRY BUY fill_at=2026-08-10T04:59:59+00:00 features={"close": 0.3662, "bb_lower": 0.36623414047528696, "bb_upper": 0.3730039547628083, "rsi": 38.76500614920866, "mfi": 47.24088058480926, "atr": 0.0011571428571428447}
[BLOCKED] SXTTRY reason=insufficient_cash order=81.49 cash=81.61
[SIGNAL] 2026-08-10T04:54:59+00:00 THETRY BUY fill_at=2026-08-10T04:59:59+00:00 features={"close": 3.304, "bb_lower": 3.321542446413025, "bb_upper": 3.66074326787269, "rsi": 35.175760087586596, "mfi": 33.479949856511865, "atr": 0.07300000000000005}
[BLOCKED] THETRY reason=insufficient_cash order=81.49 cash=81.61
[SIGNAL] 2026-08-10T04:54:59+00:00 TOWNSTRY BUY fill_at=2026-08-10T04:59:59+00:00 features={"close": 0.117, "bb_lower": 0.11723018609775288, "bb_upper": 0.11953171866415183, "rsi": 25.09095167988579, "mfi": 0.0, "atr": 0.0002142857142857135}
[BLOCKED] TOWNSTRY reason=insufficient_cash order=81.49 cash=81.61
[SIGNAL] 2026-08-10T04:54:59+00:00 TSTTRY BUY fill_at=2026-08-10T04:59:59+00:00 features={"close": 0.875, "bb_lower": 0.8764089685278614, "bb_upper": 0.927210079091186, "rsi": 37.11796477209767, "mfi": 33.655790289437675, "atr": 0.013071428571428583}
[BLOCKED] TSTTRY reason=insufficient_cash order=81.49 cash=81.61
[SIGNAL] 2026-08-10T04:54:59+00:00 TURBOTRY BUY fill_at=2026-08-10T04:59:59+00:00 features={"close": 0.0406, "bb_lower": 0.040662641729508536, "bb_upper": 0.04118497731811052, "rsi": 26.4971599095218, "mfi": 6.1095942851940634, "atr": 6.428571428571365e-05}
[BLOCKED] TURBOTRY reason=insufficient_cash order=81.49 cash=81.61
[SCAN] 2026-08-10T04:59:59+00:00 symbols=121 signals=14 entries=0 exits=0 blocked=14 open=8 cash=81.61 equity=9994.44
[SIGNAL] 2026-08-10T04:59:59+00:00 1MBABYDOGETRY BUY fill_at=2026-08-10T05:04:59+00:00 features={"close": 0.01674, "bb_lower": 0.016788710048420113, "bb_upper": 0.016997956618246546, "rsi": 21.63556551866968, "mfi": 46.03917701034756, "atr": 1.6428571428572245e-05}
[BLOCKED] 1MBABYDOGETRY reason=insufficient_cash order=81.49 cash=81.61
[SIGNAL] 2026-08-10T04:59:59+00:00 ASTERTRY BUY fill_at=2026-08-10T05:04:59+00:00 features={"close": 28.95, "bb_lower": 28.958611420440867, "bb_upper": 29.208055246225797, "rsi": 27.584795128188986, "mfi": 56.43613001572426, "atr": 0.02499999999999934}
[BLOCKED] ASTERTRY reason=insufficient_cash order=81.49 cash=81.61
[SIGNAL] 2026-08-10T04:59:59+00:00 ATMTRY BUY fill_at=2026-08-10T05:04:59+00:00 features={"close": 70.41, "bb_lower": 70.49260294693602, "bb_upper": 71.86930181496876, "rsi": 18.94580558147034, "mfi": 0.0, "atr": 0.06571428571428584}
[BLOCKED] ATMTRY reason=insufficient_cash order=81.49 cash=81.61
[SIGNAL] 2026-08-10T04:59:59+00:00 AVNTTRY BUY fill_at=2026-08-10T05:04:59+00:00 features={"close": 4.47, "bb_lower": 4.486193829810859, "bb_upper": 4.553806170189142, "rsi": 24.151089451665356, "mfi": 5.679399940286913, "atr": 0.008571428571428643}
[BLOCKED] AVNTTRY reason=insufficient_cash order=81.49 cash=81.61
[SIGNAL] 2026-08-10T04:59:59+00:00 BBTRY BUY fill_at=2026-08-10T05:04:59+00:00 features={"close": 0.6591, "bb_lower": 0.6649588023769767, "bb_upper": 0.6851935785754043, "rsi": 22.542439604521633, "mfi": 29.545496451137026, "atr": 0.004035714285714286}
[BLOCKED] BBTRY reason=insufficient_cash order=81.49 cash=81.61
[SIGNAL] 2026-08-10T04:59:59+00:00 CATITRY BUY fill_at=2026-08-10T05:04:59+00:00 features={"close": 2.125, "bb_lower": 2.129316741174468, "bb_upper": 2.187826115968389, "rsi": 31.424921952310385, "mfi": 8.952646416719077, "atr": 0.008857142857142866}
[BLOCKED] CATITRY reason=insufficient_cash order=81.49 cash=81.61
[SIGNAL] 2026-08-10T04:59:59+00:00 FOGOTRY BUY fill_at=2026-08-10T05:04:59+00:00 features={"close": 0.425, "bb_lower": 0.42733150221838434, "bb_upper": 0.43600183111494895, "rsi": 25.93646305350677, "mfi": 32.61244236204625, "atr": 0.0009285714285714294}
[BLOCKED] FOGOTRY reason=insufficient_cash order=81.49 cash=81.61
[SIGNAL] 2026-08-10T04:59:59+00:00 PNUTTRY BUY fill_at=2026-08-10T05:04:59+00:00 features={"close": 1.98, "bb_lower": 1.9836621351369736, "bb_upper": 2.019195007720169, "rsi": 18.64517813124843, "mfi": 48.07004247318608, "atr": 0.0035714285714285427}
[BLOCKED] PNUTTRY reason=insufficient_cash order=81.49 cash=81.61
[SIGNAL] 2026-08-10T04:59:59+00:00 THETRY BUY fill_at=2026-08-10T05:04:59+00:00 features={"close": 3.268, "bb_lower": 3.286035183897909, "bb_upper": 3.674821958959234, "rsi": 33.07074707980915, "mfi": 32.096022198666205, "atr": 0.0733571428571429}
[BLOCKED] THETRY reason=insufficient_cash order=81.49 cash=81.61
[SIGNAL] 2026-08-10T04:59:59+00:00 TOWNSTRY BUY fill_at=2026-08-10T05:04:59+00:00 features={"close": 0.117, "bb_lower": 0.11704850118445406, "bb_upper": 0.11961816548221255, "rsi": 25.09095167988579, "mfi": 0.0, "atr": 0.0002142857142857135}
[BLOCKED] TOWNSTRY reason=insufficient_cash order=81.49 cash=81.61
[SIGNAL] 2026-08-10T04:59:59+00:00 TSTTRY BUY fill_at=2026-08-10T05:04:59+00:00 features={"close": 0.872, "bb_lower": 0.8754003615128793, "bb_upper": 0.927837733725216, "rsi": 36.112891157619494, "mfi": 34.607328456067066, "atr": 0.013642857142857154}
[BLOCKED] TSTTRY reason=insufficient_cash order=81.49 cash=81.61
[SIGNAL] 2026-08-10T04:59:59+00:00 TURBOTRY BUY fill_at=2026-08-10T05:04:59+00:00 features={"close": 0.0406, "bb_lower": 0.04062291317065184, "bb_upper": 0.04120565825791959, "rsi": 26.4971599095218, "mfi": 5.269220456371954, "atr": 5.7142857142856796e-05}
[BLOCKED] TURBOTRY reason=insufficient_cash order=81.49 cash=81.61
[SIGNAL] 2026-08-10T04:59:59+00:00 USTCTRY BUY fill_at=2026-08-10T05:04:59+00:00 features={"close": 0.24, "bb_lower": 0.24010159099300638, "bb_upper": 0.24078412329270804, "rsi": 26.277429163106092, "mfi": 21.52441735100099, "atr": 0.00010714285714285327}
[BLOCKED] USTCTRY reason=insufficient_cash order=81.49 cash=81.61
[SCAN] 2026-08-10T05:04:59+00:00 symbols=121 signals=13 entries=0 exits=0 blocked=13 open=8 cash=81.61 equity=9992.74
[SIGNAL] 2026-08-10T05:04:59+00:00 1MBABYDOGETRY BUY fill_at=2026-08-10T05:09:59+00:00 features={"close": 0.01674, "bb_lower": 0.01676398707392998, "bb_upper": 0.01701029864035572, "rsi": 21.63556551866968, "mfi": 46.03917701034756, "atr": 1.6428571428572245e-05}
[BLOCKED] 1MBABYDOGETRY reason=insufficient_cash order=81.49 cash=81.61
[SIGNAL] 2026-08-10T05:04:59+00:00 AVNTTRY BUY fill_at=2026-08-10T05:09:59+00:00 features={"close": 4.47, "bb_lower": 4.477664424831612, "bb_upper": 4.557573670406482, "rsi": 24.151089451665356, "mfi": 5.478065113113814, "atr": 0.008571428571428643}
[BLOCKED] AVNTTRY reason=insufficient_cash order=81.49 cash=81.61
[SIGNAL] 2026-08-10T05:04:59+00:00 BABYTRY BUY fill_at=2026-08-10T05:09:59+00:00 features={"close": 0.608, "bb_lower": 0.6081595864274196, "bb_upper": 0.6234594611916278, "rsi": 33.99186527637126, "mfi": 43.75431721268506, "atr": 0.0024285714285714305}
[BLOCKED] BABYTRY reason=insufficient_cash order=81.49 cash=81.61
[SIGNAL] 2026-08-10T05:04:59+00:00 BBTRY BUY fill_at=2026-08-10T05:09:59+00:00 features={"close": 0.6573, "bb_lower": 0.6616296772073563, "bb_upper": 0.6869131799355007, "rsi": 21.28570049123401, "mfi": 27.550618053624476, "atr": 0.00408571428571428}
[BLOCKED] BBTRY reason=insufficient_cash order=81.49 cash=81.61
[SIGNAL] 2026-08-10T05:04:59+00:00 CATITRY BUY fill_at=2026-08-10T05:09:59+00:00 features={"close": 2.117, "bb_lower": 2.122596680352187, "bb_upper": 2.1890223672668605, "rsi": 28.767796527698138, "mfi": 7.694255834692896, "atr": 0.008928571428571461}
[BLOCKED] CATITRY reason=insufficient_cash order=81.49 cash=81.61
[SIGNAL] 2026-08-10T05:04:59+00:00 PNUTTRY BUY fill_at=2026-08-10T05:09:59+00:00 features={"close": 1.97, "bb_lower": 1.9786751940147431, "bb_upper": 2.0222771869376364, "rsi": 14.743358616386175, "mfi": 5.15495185256772, "atr": 0.004285714285714258}
[BLOCKED] PNUTTRY reason=insufficient_cash order=81.49 cash=81.61
[SCAN] 2026-08-10T05:09:59+00:00 symbols=121 signals=6 entries=0 exits=0 blocked=6 open=8 cash=81.61 equity=9992.19
[SIGNAL] 2026-08-10T05:09:59+00:00 1MBABYDOGETRY BUY fill_at=2026-08-10T05:14:59+00:00 features={"close": 0.01674, "bb_lower": 0.01674184894395729, "bb_upper": 0.0170181510560427, "rsi": 21.63556551866968, "mfi": 46.03917701034756, "atr": 1.6428571428572245e-05}
[BLOCKED] 1MBABYDOGETRY reason=insufficient_cash order=81.49 cash=81.61
[SIGNAL] 2026-08-10T05:09:59+00:00 BBTRY BUY fill_at=2026-08-10T05:14:59+00:00 features={"close": 0.6558, "bb_lower": 0.6584716550037821, "bb_upper": 0.6882140592819319, "rsi": 20.265730621451524, "mfi": 25.021554988954122, "atr": 0.004085714285714288}
[BLOCKED] BBTRY reason=insufficient_cash order=81.49 cash=81.61
[SIGNAL] 2026-08-10T05:09:59+00:00 PEOPLETRY BUY fill_at=2026-08-10T05:14:59+00:00 features={"close": 0.426, "bb_lower": 0.42669768217636495, "bb_upper": 0.4418737463950637, "rsi": 37.829914950501184, "mfi": 36.3971386138981, "atr": 0.0032857142857142885}
[BLOCKED] PEOPLETRY reason=insufficient_cash order=81.49 cash=81.61
[SCAN] 2026-08-10T05:14:59+00:00 symbols=121 signals=3 entries=0 exits=0 blocked=3 open=8 cash=81.61 equity=9990.26
[SIGNAL] 2026-08-10T05:14:59+00:00 BABYTRY BUY fill_at=2026-08-10T05:19:59+00:00 features={"close": 0.603, "bb_lower": 0.6049096686548938, "bb_upper": 0.6238522361070109, "rsi": 27.763554391555445, "mfi": 33.659696771672444, "atr": 0.002714285714285717}
[BLOCKED] BABYTRY reason=insufficient_cash order=81.49 cash=81.61
[SIGNAL] 2026-08-10T05:14:59+00:00 BBTRY BUY fill_at=2026-08-10T05:19:59+00:00 features={"close": 0.6552, "bb_lower": 0.6556822185728685, "bb_upper": 0.6887939719033217, "rsi": 19.85348295986701, "mfi": 19.9540184275225, "atr": 0.004371428571428566}
[BLOCKED] BBTRY reason=insufficient_cash order=81.49 cash=81.61
[SIGNAL] 2026-08-10T05:14:59+00:00 TURBOTRY BUY fill_at=2026-08-10T05:19:59+00:00 features={"close": 0.0405, "bb_lower": 0.040535010425913856, "bb_upper": 0.041236418145514694, "rsi": 27.50208603972962, "mfi": 6.953462341060444, "atr": 7.142857142857149e-05}
[BLOCKED] TURBOTRY reason=insufficient_cash order=81.49 cash=81.61
[SCAN] 2026-08-10T05:19:59+00:00 symbols=121 signals=3 entries=0 exits=0 blocked=3 open=8 cash=81.61 equity=10010.53
[EXIT] 2026-08-10T05:24:59+00:00 CELOTRY reason=bb_mfi_v3_signal_exit pnl=+29.55 cash=2120.83
[SIGNAL] 2026-08-10T05:19:59+00:00 AIXBTTRY BUY fill_at=2026-08-10T05:24:59+00:00 features={"close": 0.908, "bb_lower": 0.9081149950974037, "bb_upper": 0.9348373858549772, "rsi": 32.13879215814133, "mfi": 42.303565301249, "atr": 0.004214285714285718}
[ENTRY] 2026-08-10T05:24:59+00:00 AIXBTTRY layer=2 value=1001.10 entry=0.90968175 cash=1118.22
[SIGNAL] 2026-08-10T05:19:59+00:00 ALPINETRY BUY fill_at=2026-08-10T05:24:59+00:00 features={"close": 15.91, "bb_lower": 15.914195757219103, "bb_upper": 16.113423290399947, "rsi": 27.37721142577378, "mfi": 9.199513130809748, "atr": 0.019285714285713875}
[BLOCKED] ALPINETRY reason=max_layers
[SCAN] 2026-08-10T05:24:59+00:00 symbols=121 signals=2 entries=1 exits=1 blocked=1 open=7 cash=1118.22 equity=10008.77
[SIGNAL] 2026-08-10T05:24:59+00:00 AEROTRY BUY fill_at=2026-08-10T05:29:59+00:00 features={"close": 19.95, "bb_lower": 19.96650377855266, "bb_upper": 20.105877173828294, "rsi": 23.649057275642008, "mfi": 4.107337677250186, "atr": 0.013571428571428663}
[ENTRY] 2026-08-10T05:29:59+00:00 AEROTRY layer=1 value=1003.00 entry=19.96496250 cash=113.72
[SIGNAL] 2026-08-10T05:24:59+00:00 ETHFITRY BUY fill_at=2026-08-10T05:29:59+00:00 features={"close": 18.62, "bb_lower": 18.66189577797829, "bb_upper": 18.76286612678361, "rsi": 38.99923476999967, "mfi": 16.15616576725931, "atr": 0.02357142857142794}
[ENTRY] 2026-08-10T05:29:59+00:00 ETHFITRY layer=1 value=113.55 entry=18.67399500 cash=0.00
[SIGNAL] 2026-08-10T05:24:59+00:00 IDTRY BUY fill_at=2026-08-10T05:29:59+00:00 features={"close": 1.362, "bb_lower": 1.3629299464565796, "bb_upper": 1.3798319583053256, "rsi": 30.237143051034494, "mfi": 48.172521653274714, "atr": 0.0020000000000000018}
[BLOCKED] IDTRY reason=insufficient_cash order=0.00 cash=0.00
[SCAN] 2026-08-10T05:29:59+00:00 symbols=121 signals=3 entries=2 exits=0 blocked=1 open=9 cash=0.00 equity=10027.78
[SIGNAL] 2026-08-10T05:29:59+00:00 AEROTRY BUY fill_at=2026-08-10T05:34:59+00:00 features={"close": 19.95, "bb_lower": 19.953196367575636, "bb_upper": 20.11061315623388, "rsi": 23.649057275642008, "mfi": 4.107337677250186, "atr": 0.013571428571428663}
[BLOCKED] AEROTRY reason=insufficient_cash order=0.00 cash=0.00
[SCAN] 2026-08-10T05:34:59+00:00 symbols=121 signals=1 entries=0 exits=0 blocked=1 open=9 cash=0.00 equity=10015.95
[SIGNAL] 2026-08-10T05:34:59+00:00 ACTTRY BUY fill_at=2026-08-10T05:39:59+00:00 features={"close": 0.543, "bb_lower": 0.5442653928878698, "bb_upper": 0.5933822261597492, "rsi": 35.758436265745274, "mfi": 52.7256205866706, "atr": 0.01097857142857144}
[BLOCKED] ACTTRY reason=insufficient_cash order=0.00 cash=0.00
[SIGNAL] 2026-08-10T05:34:59+00:00 AEVOTRY BUY fill_at=2026-08-10T05:39:59+00:00 features={"close": 0.989, "bb_lower": 0.9893627201588759, "bb_upper": 1.0081610893649335, "rsi": 33.640428262845916, "mfi": 1.2740573894583491, "atr": 0.0016428571428571364}
[BLOCKED] AEVOTRY reason=insufficient_cash order=0.00 cash=0.00
[SIGNAL] 2026-08-10T05:34:59+00:00 ALTTRY BUY fill_at=2026-08-10T05:39:59+00:00 features={"close": 0.287, "bb_lower": 0.2870163020946725, "bb_upper": 0.2893646502862797, "rsi": 40.24053019418695, "mfi": 52.96743011196273, "atr": 0.0006428571428571435}
[BLOCKED] ALTTRY reason=insufficient_cash order=0.00 cash=0.00
[SIGNAL] 2026-08-10T05:34:59+00:00 ARPATRY BUY fill_at=2026-08-10T05:39:59+00:00 features={"close": 0.4198, "bb_lower": 0.4217829884943031, "bb_upper": 0.4284741543628399, "rsi": 30.62422817921599, "mfi": 31.49554167028822, "atr": 0.0014000000000000084}
[BLOCKED] ARPATRY reason=insufficient_cash order=0.00 cash=0.00
[SIGNAL] 2026-08-10T05:34:59+00:00 GASTRY BUY fill_at=2026-08-10T05:39:59+00:00 features={"close": 44.9, "bb_lower": 44.92301860977529, "bb_upper": 45.153171866415185, "rsi": 23.480424320691455, "mfi": 0.0, "atr": 0.021428571428571734}
[BLOCKED] GASTRY reason=insufficient_cash order=0.00 cash=0.00
[SIGNAL] 2026-08-10T05:34:59+00:00 LISTATRY BUY fill_at=2026-08-10T05:39:59+00:00 features={"close": 3.19, "bb_lower": 3.2114118055439618, "bb_upper": 3.4143024801703237, "rsi": 33.927774628209136, "mfi": 36.6722564074322, "atr": 0.040714285714285765}
[BLOCKED] LISTATRY reason=insufficient_cash order=0.00 cash=0.00
[SIGNAL] 2026-08-10T05:34:59+00:00 ORDITRY BUY fill_at=2026-08-10T05:39:59+00:00 features={"close": 167.3, "bb_lower": 167.32455028707, "bb_upper": 169.31354495102528, "rsi": 33.91585864742085, "mfi": 42.99574371459541, "atr": 0.3571428571428551}
[BLOCKED] ORDITRY reason=insufficient_cash order=0.00 cash=0.00
[SIGNAL] 2026-08-10T05:34:59+00:00 PEOPLETRY BUY fill_at=2026-08-10T05:39:59+00:00 features={"close": 0.421, "bb_lower": 0.42431213399178536, "bb_upper": 0.44016405648440493, "rsi": 35.57004444709776, "mfi": 30.17982055843339, "atr": 0.004142857142857147}
[BLOCKED] PEOPLETRY reason=insufficient_cash order=0.00 cash=0.00
[SCAN] 2026-08-10T05:39:59+00:00 symbols=121 signals=8 entries=0 exits=0 blocked=8 open=9 cash=0.00 equity=10021.99
[SIGNAL] 2026-08-10T05:39:59+00:00 AEVOTRY BUY fill_at=2026-08-10T05:44:59+00:00 features={"close": 0.985, "bb_lower": 0.9869935084089952, "bb_upper": 1.0090064915910046, "rsi": 28.543143812550582, "mfi": 1.2817303460330436, "atr": 0.0017857142857142794}
[BLOCKED] AEVOTRY reason=insufficient_cash order=0.00 cash=0.00
[SIGNAL] 2026-08-10T05:39:59+00:00 ARPATRY BUY fill_at=2026-08-10T05:44:59+00:00 features={"close": 0.4204, "bb_lower": 0.4211143356235978, "bb_upper": 0.42883804532878333, "rsi": 33.71303311184326, "mfi": 27.378750154290458, "atr": 0.0013928571428571482}
[BLOCKED] ARPATRY reason=insufficient_cash order=0.00 cash=0.00
[SIGNAL] 2026-08-10T05:39:59+00:00 EDUTRY BUY fill_at=2026-08-10T05:44:59+00:00 features={"close": 1.87, "bb_lower": 1.8721174149576814, "bb_upper": 1.9412159183756512, "rsi": 42.04103993509282, "mfi": 17.748507901902926, "atr": 0.02285714285714286}
[BLOCKED] EDUTRY reason=insufficient_cash order=0.00 cash=0.00
[SIGNAL] 2026-08-10T05:39:59+00:00 GASTRY BUY fill_at=2026-08-10T05:44:59+00:00 features={"close": 44.9, "bb_lower": 44.90294375277835, "bb_upper": 45.1541991043645, "rsi": 23.480424320691455, "mfi": 3.514625935923675, "atr": 0.021428571428571734}
[BLOCKED] GASTRY reason=insufficient_cash order=0.00 cash=0.00
[SIGNAL] 2026-08-10T05:39:59+00:00 IDTRY BUY fill_at=2026-08-10T05:44:59+00:00 features={"close": 1.359, "bb_lower": 1.3594901179598449, "bb_upper": 1.3791765487068226, "rsi": 28.0882383981546, "mfi": 49.16976698515247, "atr": 0.0020714285714285813}
[BLOCKED] IDTRY reason=insufficient_cash order=0.00 cash=0.00
[SIGNAL] 2026-08-10T05:39:59+00:00 PEOPLETRY BUY fill_at=2026-08-10T05:44:59+00:00 features={"close": 0.421, "bb_lower": 0.4227074856609314, "bb_upper": 0.4400544191009733, "rsi": 35.57004444709776, "mfi": 28.583812960808515, "atr": 0.004285714285714289}
[BLOCKED] PEOPLETRY reason=insufficient_cash order=0.00 cash=0.00
[SCAN] 2026-08-10T05:44:59+00:00 symbols=121 signals=6 entries=0 exits=0 blocked=6 open=9 cash=0.00 equity=10022.00
[SIGNAL] 2026-08-10T05:44:59+00:00 ARPATRY BUY fill_at=2026-08-10T05:49:59+00:00 features={"close": 0.4202, "bb_lower": 0.4204791421886622, "bb_upper": 0.4291494292399092, "rsi": 33.179582251799374, "mfi": 27.374305882691175, "atr": 0.0014071428571428607}
[BLOCKED] ARPATRY reason=insufficient_cash order=0.00 cash=0.00
[SIGNAL] 2026-08-10T05:44:59+00:00 BANANATRY BUY fill_at=2026-08-10T05:49:59+00:00 features={"close": 180.0, "bb_lower": 180.29771353580838, "bb_upper": 181.7975245594297, "rsi": 29.552625305165293, "mfi": 0.0, "atr": 0.07142857142857142}
[BLOCKED] BANANATRY reason=insufficient_cash order=0.00 cash=0.00
[SIGNAL] 2026-08-10T05:44:59+00:00 PEOPLETRY BUY fill_at=2026-08-10T05:49:59+00:00 features={"close": 0.413, "bb_lower": 0.4190796497497396, "bb_upper": 0.4412060645359746, "rsi": 29.15541873952388, "mfi": 24.648224836639315, "atr": 0.00478571428571429}
[BLOCKED] PEOPLETRY reason=insufficient_cash order=0.00 cash=0.00
[SCAN] 2026-08-10T05:49:59+00:00 symbols=121 signals=3 entries=0 exits=0 blocked=3 open=9 cash=0.00 equity=10030.90
[SIGNAL] 2026-08-10T05:49:59+00:00 0GTRY BUY fill_at=2026-08-10T05:54:59+00:00 features={"close": 7.29, "bb_lower": 7.298724903052752, "bb_upper": 7.394608430280585, "rsi": 40.88716316106366, "mfi": 27.57309117455975, "atr": 0.018571428571428555}
[BLOCKED] 0GTRY reason=insufficient_cash order=0.00 cash=0.00
[SIGNAL] 2026-08-10T05:49:59+00:00 ARPATRY BUY fill_at=2026-08-10T05:54:59+00:00 features={"close": 0.4196, "bb_lower": 0.41977135613867794, "bb_upper": 0.4294762629089412, "rsi": 31.55675500186578, "mfi": 26.93945486541213, "atr": 0.0013785714285714354}
[BLOCKED] ARPATRY reason=insufficient_cash order=0.00 cash=0.00
[SIGNAL] 2026-08-10T05:49:59+00:00 BANANATRY BUY fill_at=2026-08-10T05:54:59+00:00 features={"close": 179.0, "bb_lower": 179.80161466918148, "bb_upper": 182.10314723558045, "rsi": 19.81813605224481, "mfi": 0.0, "atr": 0.14285714285714285}
[BLOCKED] BANANATRY reason=insufficient_cash order=0.00 cash=0.00
[SIGNAL] 2026-08-10T05:49:59+00:00 PEOPLETRY BUY fill_at=2026-08-10T05:54:59+00:00 features={"close": 0.414, "bb_lower": 0.4163074411920325, "bb_upper": 0.4421687492841579, "rsi": 30.84425405510234, "mfi": 20.223912107806925, "atr": 0.00478571428571429}
[BLOCKED] PEOPLETRY reason=insufficient_cash order=0.00 cash=0.00
[SIGNAL] 2026-08-10T05:49:59+00:00 USTCTRY BUY fill_at=2026-08-10T05:54:59+00:00 features={"close": 0.2401, "bb_lower": 0.24013415557533713, "bb_upper": 0.24068489204371046, "rsi": 33.46392079540102, "mfi": 14.510262458804874, "atr": 9.99999999999989e-05}
[BLOCKED] USTCTRY reason=insufficient_cash order=0.00 cash=0.00
[SCAN] 2026-08-10T05:54:59+00:00 symbols=121 signals=5 entries=0 exits=0 blocked=5 open=9 cash=0.00 equity=10055.87
[SIGNAL] 2026-08-10T05:54:59+00:00 0GTRY BUY fill_at=2026-08-10T05:59:59+00:00 features={"close": 7.28, "bb_lower": 7.291565703605312, "bb_upper": 7.398910486870878, "rsi": 38.67793872763895, "mfi": 26.159441048386412, "atr": 0.017142857142857095}
[BLOCKED] 0GTRY reason=insufficient_cash order=0.00 cash=0.00
[SIGNAL] 2026-08-10T05:54:59+00:00 BANANATRY BUY fill_at=2026-08-10T05:59:59+00:00 features={"close": 179.0, "bb_lower": 179.4381271975475, "bb_upper": 182.27615851673823, "rsi": 19.81813605224481, "mfi": 0.0, "atr": 0.14285714285714285}
[BLOCKED] BANANATRY reason=insufficient_cash order=0.00 cash=0.00
[SIGNAL] 2026-08-10T05:54:59+00:00 MAVTRY BUY fill_at=2026-08-10T05:59:59+00:00 features={"close": 0.42, "bb_lower": 0.4220971819322545, "bb_upper": 0.4407599609248883, "rsi": 20.06178620808717, "mfi": 23.044331520654666, "atr": 0.0014285714285714299}
[BLOCKED] MAVTRY reason=insufficient_cash order=0.00 cash=0.00
[SIGNAL] 2026-08-10T05:54:59+00:00 PEOPLETRY BUY fill_at=2026-08-10T05:59:59+00:00 features={"close": 0.408, "bb_lower": 0.41249973066379303, "bb_upper": 0.4440716979076355, "rsi": 26.706117842218077, "mfi": 21.336001372826857, "atr": 0.005071428571428576}
[BLOCKED] PEOPLETRY reason=insufficient_cash order=0.00 cash=0.00
[SIGNAL] 2026-08-10T05:54:59+00:00 TLMTRY BUY fill_at=2026-08-10T05:59:59+00:00 features={"close": 0.0759, "bb_lower": 0.07595619205822303, "bb_upper": 0.0765295222274913, "rsi": 33.19414243825646, "mfi": 24.017526899452804, "atr": 0.0001571428571428567}
[BLOCKED] TLMTRY reason=insufficient_cash order=0.00 cash=0.00
[SCAN] 2026-08-10T05:59:59+00:00 symbols=121 signals=5 entries=0 exits=0 blocked=5 open=9 cash=0.00 equity=10064.49
[SIGNAL] 2026-08-10T05:59:59+00:00 BANANATRY BUY fill_at=2026-08-10T06:04:59+00:00 features={"close": 179.0, "bb_lower": 179.14005844134033, "bb_upper": 182.3837510824692, "rsi": 19.81813605224481, "mfi": 0.0, "atr": 0.14285714285714285}
[BLOCKED] BANANATRY reason=insufficient_cash order=0.00 cash=0.00
[SIGNAL] 2026-08-10T05:59:59+00:00 EDUTRY BUY fill_at=2026-08-10T06:04:59+00:00 features={"close": 1.85, "bb_lower": 1.8608361364850348, "bb_upper": 1.9467829111340134, "rsi": 38.8776318620055, "mfi": 24.358501351649082, "atr": 0.02285714285714283}
[BLOCKED] EDUTRY reason=insufficient_cash order=0.00 cash=0.00
[SIGNAL] 2026-08-10T05:59:59+00:00 GUNTRY BUY fill_at=2026-08-10T06:04:59+00:00 features={"close": 0.155, "bb_lower": 0.15508452410002554, "bb_upper": 0.15996309494759342, "rsi": 40.48561106277756, "mfi": 43.210715680450605, "atr": 0.0012142857142857153}
[BLOCKED] GUNTRY reason=insufficient_cash order=0.00 cash=0.00
[SIGNAL] 2026-08-10T05:59:59+00:00 PEOPLETRY BUY fill_at=2026-08-10T06:04:59+00:00 features={"close": 0.409, "bb_lower": 0.40952387335642776, "bb_upper": 0.4450475552150009, "rsi": 28.43957953956351, "mfi": 21.269193302944714, "atr": 0.005142857142857148}
[BLOCKED] PEOPLETRY reason=insufficient_cash order=0.00 cash=0.00
[SCAN] 2026-08-10T06:04:59+00:00 symbols=121 signals=4 entries=0 exits=0 blocked=4 open=9 cash=0.00 equity=10044.53
[SIGNAL] 2026-08-10T06:04:59+00:00 EDUTRY BUY fill_at=2026-08-10T06:09:59+00:00 features={"close": 1.84, "bb_lower": 1.8503492165964743, "bb_upper": 1.9486984024511453, "rsi": 36.90145312405831, "mfi": 19.0051084465414, "atr": 0.023571428571428545}
[BLOCKED] EDUTRY reason=insufficient_cash order=0.00 cash=0.00
[SIGNAL] 2026-08-10T06:04:59+00:00 GUNTRY BUY fill_at=2026-08-10T06:09:59+00:00 features={"close": 0.155, "bb_lower": 0.15538302375369975, "bb_upper": 0.1597598333891573, "rsi": 40.48561106277756, "mfi": 41.08319420967625, "atr": 0.0012142857142857153}
[BLOCKED] GUNTRY reason=insufficient_cash order=0.00 cash=0.00
[SIGNAL] 2026-08-10T06:04:59+00:00 TLMTRY BUY fill_at=2026-08-10T06:09:59+00:00 features={"close": 0.0755, "bb_lower": 0.07576356421952804, "bb_upper": 0.076636435780472, "rsi": 27.10234701006381, "mfi": 10.965348927631055, "atr": 0.00016428571428571504}
[BLOCKED] TLMTRY reason=insufficient_cash order=0.00 cash=0.00
[SCAN] 2026-08-10T06:09:59+00:00 symbols=121 signals=3 entries=0 exits=0 blocked=3 open=9 cash=0.00 equity=10055.93
[SIGNAL] 2026-08-10T06:09:59+00:00 EDUTRY BUY fill_at=2026-08-10T06:14:59+00:00 features={"close": 1.84, "bb_lower": 1.841353435455885, "bb_upper": 1.9500751359726873, "rsi": 36.90145312405831, "mfi": 14.970632518837775, "atr": 0.01999999999999997}
[BLOCKED] EDUTRY reason=insufficient_cash order=0.00 cash=0.00
[EXIT] 2026-08-10T06:14:59+00:00 SCRTRY reason=fixed_take_profit pnl=+19.36 cash=1020.31
[SCAN] 2026-08-10T06:14:59+00:00 symbols=121 signals=1 entries=0 exits=1 blocked=1 open=8 cash=1020.31 equity=10088.17
[SIGNAL] 2026-08-10T06:14:59+00:00 BANANATRY BUY fill_at=2026-08-10T06:19:59+00:00 features={"close": 178.0, "bb_lower": 178.34926984228576, "bb_upper": 182.31739682438092, "rsi": 13.287344433480413, "mfi": 0.0, "atr": 0.21428571428571427}
[ENTRY] 2026-08-10T06:19:59+00:00 BANANATRY layer=1 value=1008.98 entry=178.13350000 cash=9.81
[SIGNAL] 2026-08-10T06:14:59+00:00 CRVTRY BUY fill_at=2026-08-10T06:19:59+00:00 features={"close": 11.41, "bb_lower": 11.414399783928245, "bb_upper": 11.47988593035747, "rsi": 38.62928140417845, "mfi": 46.5256889437295, "atr": 0.010000000000000422}
[BLOCKED] CRVTRY reason=insufficient_cash order=9.80 cash=9.81
[SCAN] 2026-08-10T06:19:59+00:00 symbols=121 signals=2 entries=1 exits=0 blocked=1 open=9 cash=9.81 equity=10087.52
[SIGNAL] 2026-08-10T06:19:59+00:00 CETUSTRY BUY fill_at=2026-08-10T06:24:59+00:00 features={"close": 0.934, "bb_lower": 0.9359152438634897, "bb_upper": 0.9549418989936531, "rsi": 36.6339162982778, "mfi": 45.38443473431559, "atr": 0.004499999999999996}
[BLOCKED] CETUSTRY reason=insufficient_cash order=9.80 cash=9.81
[SIGNAL] 2026-08-10T06:19:59+00:00 MUBARAKTRY BUY fill_at=2026-08-10T06:24:59+00:00 features={"close": 1.015, "bb_lower": 1.0486603710534474, "bb_upper": 1.1509586765655997, "rsi": 30.226957929847487, "mfi": 25.614400646075595, "atr": 0.0332857142857143}
[BLOCKED] MUBARAKTRY reason=insufficient_cash order=9.80 cash=9.81
[SIGNAL] 2026-08-10T06:19:59+00:00 TSTTRY BUY fill_at=2026-08-10T06:24:59+00:00 features={"close": 0.867, "bb_lower": 0.8680971240905605, "bb_upper": 0.9065695425761066, "rsi": 38.8413291744211, "mfi": 50.689075169197906, "atr": 0.01592857142857144}
[BLOCKED] TSTTRY reason=insufficient_cash order=9.80 cash=9.81
[SCAN] 2026-08-10T06:24:59+00:00 symbols=121 signals=3 entries=0 exits=0 blocked=3 open=9 cash=9.81 equity=10094.39
[SIGNAL] 2026-08-10T06:24:59+00:00 CETUSTRY BUY fill_at=2026-08-10T06:29:59+00:00 features={"close": 0.93, "bb_lower": 0.9331158916783322, "bb_upper": 0.9559317273692869, "rsi": 33.5805532889588, "mfi": 47.79687806916215, "atr": 0.004071428571428567}
[BLOCKED] CETUSTRY reason=insufficient_cash order=9.80 cash=9.81
[SIGNAL] 2026-08-10T06:24:59+00:00 MUBARAKTRY BUY fill_at=2026-08-10T06:29:59+00:00 features={"close": 1.02, "bb_lower": 1.0344032095323872, "bb_upper": 1.15673964761047, "rsi": 31.727775146238017, "mfi": 20.47207226102094, "atr": 0.032142857142857154}
[BLOCKED] MUBARAKTRY reason=insufficient_cash order=9.80 cash=9.81
[SIGNAL] 2026-08-10T06:24:59+00:00 TSTTRY BUY fill_at=2026-08-10T06:29:59+00:00 features={"close": 0.854, "bb_lower": 0.8617747213827313, "bb_upper": 0.90917765956965, "rsi": 34.622210531024365, "mfi": 44.71843791006038, "atr": 0.016642857142857157}
[BLOCKED] TSTTRY reason=insufficient_cash order=9.80 cash=9.81
[SCAN] 2026-08-10T06:29:59+00:00 symbols=121 signals=3 entries=0 exits=0 blocked=3 open=9 cash=9.81 equity=10080.49
[SIGNAL] 2026-08-10T06:29:59+00:00 ACXTRY BUY fill_at=2026-08-10T06:34:59+00:00 features={"close": 1.932, "bb_lower": 1.9322148610425203, "bb_upper": 1.9962613294336713, "rsi": 25.20827785024572, "mfi": 0.0, "atr": 0.0057142857142857195}
[BLOCKED] ACXTRY reason=insufficient_cash order=9.80 cash=9.81
[SIGNAL] 2026-08-10T06:29:59+00:00 CETUSTRY BUY fill_at=2026-08-10T06:34:59+00:00 features={"close": 0.927, "bb_lower": 0.9303695554394377, "bb_upper": 0.9574399683700862, "rsi": 31.450704189404576, "mfi": 36.16160543056932, "atr": 0.0039285714285714245}
[BLOCKED] CETUSTRY reason=insufficient_cash order=9.80 cash=9.81
[SIGNAL] 2026-08-10T06:29:59+00:00 CRVTRY BUY fill_at=2026-08-10T06:34:59+00:00 features={"close": 11.37, "bb_lower": 11.393818861775307, "bb_upper": 11.490943042986599, "rsi": 34.27317132312358, "mfi": 56.35686130833905, "atr": 0.015000000000000189}
[BLOCKED] CRVTRY reason=insufficient_cash order=9.80 cash=9.81
[SIGNAL] 2026-08-10T06:29:59+00:00 MUBARAKTRY BUY fill_at=2026-08-10T06:34:59+00:00 features={"close": 0.988, "bb_lower": 1.0138034637153521, "bb_upper": 1.1661012981894099, "rsi": 27.61011548359022, "mfi": 18.759302143130512, "atr": 0.03342857142857144}
[BLOCKED] MUBARAKTRY reason=insufficient_cash order=9.80 cash=9.81
[SIGNAL] 2026-08-10T06:29:59+00:00 TSTTRY BUY fill_at=2026-08-10T06:34:59+00:00 features={"close": 0.847, "bb_lower": 0.854745401591603, "bb_upper": 0.9119212650750639, "rsi": 32.55912526553034, "mfi": 37.795242209055026, "atr": 0.01721428571428573}
[BLOCKED] TSTTRY reason=insufficient_cash order=9.80 cash=9.81
[SCAN] 2026-08-10T06:34:59+00:00 symbols=121 signals=5 entries=0 exits=0 blocked=5 open=9 cash=9.81 equity=10079.26
[SIGNAL] 2026-08-10T06:34:59+00:00 ACXTRY BUY fill_at=2026-08-10T06:39:59+00:00 features={"close": 1.932, "bb_lower": 1.9329668142810086, "bb_upper": 1.995795090480897, "rsi": 25.208277850245736, "mfi": 0.0, "atr": 0.0028571428571428597}
[BLOCKED] ACXTRY reason=insufficient_cash order=9.80 cash=9.81
[SIGNAL] 2026-08-10T06:34:59+00:00 CETUSTRY BUY fill_at=2026-08-10T06:39:59+00:00 features={"close": 0.922, "bb_lower": 0.9266539362866554, "bb_upper": 0.9594413018085827, "rsi": 28.219121103610178, "mfi": 22.0258627531352, "atr": 0.003999999999999996}
[BLOCKED] CETUSTRY reason=insufficient_cash order=9.80 cash=9.81
[SIGNAL] 2026-08-10T06:34:59+00:00 FFTRY BUY fill_at=2026-08-10T06:39:59+00:00 features={"close": 3.023, "bb_lower": 3.0234241647747218, "bb_upper": 3.0311472637967074, "rsi": 37.69494622438593, "mfi": 37.52676489622552, "atr": 0.0012142857142857075}
[BLOCKED] FFTRY reason=insufficient_cash order=9.80 cash=9.81
[SIGNAL] 2026-08-10T06:34:59+00:00 MUBARAKTRY BUY fill_at=2026-08-10T06:39:59+00:00 features={"close": 0.997, "bb_lower": 0.9993945645992879, "bb_upper": 1.1701292449245213, "rsi": 30.363716730070934, "mfi": 17.82448435048353, "atr": 0.03185714285714288}
[BLOCKED] MUBARAKTRY reason=insufficient_cash order=9.80 cash=9.81
[SIGNAL] 2026-08-10T06:34:59+00:00 RETRY BUY fill_at=2026-08-10T06:39:59+00:00 features={"close": 19.38, "bb_lower": 19.399841356201556, "bb_upper": 19.691587215227017, "rsi": 39.87797807934994, "mfi": 54.752424985451235, "atr": 0.09785714285714267}
[BLOCKED] RETRY reason=insufficient_cash order=9.80 cash=9.81
[SCAN] 2026-08-10T06:39:59+00:00 symbols=121 signals=5 entries=0 exits=0 blocked=5 open=9 cash=9.81 equity=10066.38
[SIGNAL] 2026-08-10T06:39:59+00:00 ALPINETRY BUY fill_at=2026-08-10T06:44:59+00:00 features={"close": 15.84, "bb_lower": 15.851744534308358, "bb_upper": 15.98635070378687, "rsi": 35.93973313172998, "mfi": 12.227409098613677, "atr": 0.037142857142857366}
[BLOCKED] ALPINETRY reason=max_layers
[SIGNAL] 2026-08-10T06:39:59+00:00 CETUSTRY BUY fill_at=2026-08-10T06:44:59+00:00 features={"close": 0.917, "bb_lower": 0.9220554044602896, "bb_upper": 0.9616588812539961, "rsi": 25.392588299864656, "mfi": 19.120555268687696, "atr": 0.004285714285714282}
[BLOCKED] CETUSTRY reason=insufficient_cash order=9.80 cash=9.81
[SIGNAL] 2026-08-10T06:39:59+00:00 EDUTRY BUY fill_at=2026-08-10T06:44:59+00:00 features={"close": 1.79, "bb_lower": 1.7947496957529827, "bb_upper": 1.9433455423422554, "rsi": 26.019728672606092, "mfi": 11.10460772766018, "atr": 0.01428571428571425}
[BLOCKED] EDUTRY reason=insufficient_cash order=9.80 cash=9.81
[SIGNAL] 2026-08-10T06:39:59+00:00 ETHFITRY BUY fill_at=2026-08-10T06:44:59+00:00 features={"close": 18.55, "bb_lower": 18.568864267157373, "bb_upper": 18.834945256652155, "rsi": 33.411470909289534, "mfi": 53.63292414641575, "atr": 0.04928571428571438}
[BLOCKED] ETHFITRY reason=insufficient_cash order=9.80 cash=9.81
[SCAN] 2026-08-10T06:44:59+00:00 symbols=121 signals=4 entries=0 exits=0 blocked=4 open=9 cash=9.81 equity=10060.17
[SIGNAL] 2026-08-10T06:44:59+00:00 ALPINETRY BUY fill_at=2026-08-10T06:49:59+00:00 features={"close": 15.8, "bb_lower": 15.832910071067245, "bb_upper": 15.987089928932752, "rsi": 31.890453307072846, "mfi": 12.153282844195601, "atr": 0.04000000000000016}
[BLOCKED] ALPINETRY reason=max_layers
[SIGNAL] 2026-08-10T06:44:59+00:00 CETUSTRY BUY fill_at=2026-08-10T06:49:59+00:00 features={"close": 0.91, "bb_lower": 0.9163692394417088, "bb_upper": 0.9643926653201961, "rsi": 22.043803633944464, "mfi": 16.978726072440622, "atr": 0.004357142857142853}
[BLOCKED] CETUSTRY reason=insufficient_cash order=9.80 cash=9.81
[SIGNAL] 2026-08-10T06:44:59+00:00 EDUTRY BUY fill_at=2026-08-10T06:49:59+00:00 features={"close": 1.78, "bb_lower": 1.7811222321099116, "bb_upper": 1.946496815509136, "rsi": 24.36313593572889, "mfi": 13.259625298531319, "atr": 0.01285714285714282}
[BLOCKED] EDUTRY reason=insufficient_cash order=9.80 cash=9.81
[SIGNAL] 2026-08-10T06:44:59+00:00 ETHFITRY BUY fill_at=2026-08-10T06:49:59+00:00 features={"close": 18.53, "bb_lower": 18.541333213234903, "bb_upper": 18.843428691527006, "rsi": 31.855626973670255, "mfi": 51.09912971499076, "atr": 0.050714285714285774}
[BLOCKED] ETHFITRY reason=insufficient_cash order=9.80 cash=9.81
[SIGNAL] 2026-08-10T06:44:59+00:00 FTRY BUY fill_at=2026-08-10T06:49:59+00:00 features={"close": 0.1384, "bb_lower": 0.13840485011844542, "bb_upper": 0.13866181654822127, "rsi": 49.63477390903854, "mfi": 0.0, "atr": 2.1428571428571052e-05}
[BLOCKED] FTRY reason=insufficient_cash order=9.80 cash=9.81
[SIGNAL] 2026-08-10T06:44:59+00:00 THETATRY BUY fill_at=2026-08-10T06:49:59+00:00 features={"close": 6.661, "bb_lower": 6.668696901431142, "bb_upper": 6.700541193806952, "rsi": 24.615982996512173, "mfi": 6.633745963764184, "atr": 0.005571428571428593}
[BLOCKED] THETATRY reason=insufficient_cash order=9.80 cash=9.81
[SCAN] 2026-08-10T06:49:59+00:00 symbols=121 signals=6 entries=0 exits=0 blocked=6 open=9 cash=9.81 equity=10044.95
[SIGNAL] 2026-08-10T06:49:59+00:00 ALPINETRY BUY fill_at=2026-08-10T06:54:59+00:00 features={"close": 15.73, "bb_lower": 15.792562310417352, "bb_upper": 16.007437689582645, "rsi": 26.277545665575474, "mfi": 9.105566952048989, "atr": 0.0521428571428573}
[BLOCKED] ALPINETRY reason=max_layers
[SIGNAL] 2026-08-10T06:49:59+00:00 CETUSTRY BUY fill_at=2026-08-10T06:54:59+00:00 features={"close": 0.912, "bb_lower": 0.9121617849976523, "bb_upper": 0.9659334530975859, "rsi": 25.10118260042232, "mfi": 13.385188918197656, "atr": 0.004357142857142853}
[BLOCKED] CETUSTRY reason=insufficient_cash order=9.80 cash=9.81
[SIGNAL] 2026-08-10T06:49:59+00:00 ETHFITRY BUY fill_at=2026-08-10T06:54:59+00:00 features={"close": 18.51, "bb_lower": 18.51359029691446, "bb_upper": 18.853076369752205, "rsi": 30.325791634671447, "mfi": 51.70266144511342, "atr": 0.051428571428571344}
[BLOCKED] ETHFITRY reason=insufficient_cash order=9.80 cash=9.81
[SIGNAL] 2026-08-10T06:49:59+00:00 MEMETRY BUY fill_at=2026-08-10T06:54:59+00:00 features={"close": 0.0249, "bb_lower": 0.024920646099369538, "bb_upper": 0.025146020567297145, "rsi": 31.338711920766514, "mfi": 18.96451084974977, "atr": 6.428571428571488e-05}
[BLOCKED] MEMETRY reason=insufficient_cash order=9.80 cash=9.81
[SIGNAL] 2026-08-10T06:49:59+00:00 THETATRY BUY fill_at=2026-08-10T06:54:59+00:00 features={"close": 6.661, "bb_lower": 6.666303668632882, "bb_upper": 6.6987439504147375, "rsi": 24.61598299651216, "mfi": 6.633745963764184, "atr": 0.005571428571428593}
[BLOCKED] THETATRY reason=insufficient_cash order=9.80 cash=9.81
[SCAN] 2026-08-10T06:54:59+00:00 symbols=121 signals=5 entries=0 exits=0 blocked=5 open=9 cash=9.81 equity=10039.22
[SIGNAL] 2026-08-10T06:54:59+00:00 ALPINETRY BUY fill_at=2026-08-10T06:59:59+00:00 features={"close": 15.71, "bb_lower": 15.756252788123437, "bb_upper": 16.021842449971796, "rsi": 24.91995596058537, "mfi": 8.964395298839264, "atr": 0.048571428571428675}
[BLOCKED] ALPINETRY reason=max_layers
[SIGNAL] 2026-08-10T06:54:59+00:00 CHIPTRY BUY fill_at=2026-08-10T06:59:59+00:00 features={"close": 1.0505, "bb_lower": 1.0511430637735484, "bb_upper": 1.058275983845499, "rsi": 38.84368556169237, "mfi": 30.019142848943545, "atr": 0.0013357142857142814}
[BLOCKED] CHIPTRY reason=insufficient_cash order=9.80 cash=9.81
[SIGNAL] 2026-08-10T06:54:59+00:00 FTRY BUY fill_at=2026-08-10T06:59:59+00:00 features={"close": 0.1382, "bb_lower": 0.13831476250149277, "bb_upper": 0.13869476130803104, "rsi": 32.707211355691285, "mfi": 0.0, "atr": 2.1428571428573034e-05}
[BLOCKED] FTRY reason=insufficient_cash order=9.80 cash=9.81
[SIGNAL] 2026-08-10T06:54:59+00:00 MEMETRY BUY fill_at=2026-08-10T06:59:59+00:00 features={"close": 0.0249, "bb_lower": 0.024901845252620333, "bb_upper": 0.02514577379499873, "rsi": 31.338711920766528, "mfi": 19.42199537375417, "atr": 5.7142857142857785e-05}
[BLOCKED] MEMETRY reason=insufficient_cash order=9.80 cash=9.81
[SIGNAL] 2026-08-10T06:54:59+00:00 SPKTRY BUY fill_at=2026-08-10T06:59:59+00:00 features={"close": 0.6978, "bb_lower": 0.6986802060782643, "bb_upper": 0.70220550820745, "rsi": 33.346585349607224, "mfi": 27.239313631277383, "atr": 0.0005428571428571545}
[BLOCKED] SPKTRY reason=insufficient_cash order=9.80 cash=9.81
[SCAN] 2026-08-10T06:59:59+00:00 symbols=121 signals=5 entries=0 exits=0 blocked=5 open=9 cash=9.81 equity=10041.44
[SIGNAL] 2026-08-10T06:59:59+00:00 ALGOTRY BUY fill_at=2026-08-10T07:04:59+00:00 features={"close": 3.911, "bb_lower": 3.9115990251873316, "bb_upper": 3.9261152605269563, "rsi": 42.391659051218745, "mfi": 26.23017166667823, "atr": 0.00257142857142851}
[BLOCKED] ALGOTRY reason=insufficient_cash order=9.80 cash=9.81
[SIGNAL] 2026-08-10T06:59:59+00:00 ALPINETRY BUY fill_at=2026-08-10T07:04:59+00:00 features={"close": 15.71, "bb_lower": 15.727209718878525, "bb_upper": 16.02898075731195, "rsi": 24.919955960585384, "mfi": 8.681015929867783, "atr": 0.0492857142857145}
[BLOCKED] ALPINETRY reason=max_layers
[SIGNAL] 2026-08-10T06:59:59+00:00 FTRY BUY fill_at=2026-08-10T07:04:59+00:00 features={"close": 0.1382, "bb_lower": 0.13826074263217106, "bb_upper": 0.13871068593925748, "rsi": 32.707211355691285, "mfi": 0.0, "atr": 2.1428571428573034e-05}
[BLOCKED] FTRY reason=insufficient_cash order=9.80 cash=9.81
[SIGNAL] 2026-08-10T06:59:59+00:00 NILTRY BUY fill_at=2026-08-10T07:04:59+00:00 features={"close": 1.958, "bb_lower": 1.985696940285873, "bb_upper": 2.227826869237936, "rsi": 30.556297672246004, "mfi": 41.86078361969683, "atr": 0.05371428571428573}
[BLOCKED] NILTRY reason=insufficient_cash order=9.80 cash=9.81
[SCAN] 2026-08-10T07:04:59+00:00 symbols=121 signals=4 entries=0 exits=0 blocked=4 open=9 cash=9.81 equity=10047.40
[SIGNAL] 2026-08-10T07:04:59+00:00 FTRY BUY fill_at=2026-08-10T07:09:59+00:00 features={"close": 0.1382, "bb_lower": 0.13821722284088173, "bb_upper": 0.13871611049245158, "rsi": 32.707211355691285, "mfi": 0.0, "atr": 2.1428571428573034e-05}
[BLOCKED] FTRY reason=insufficient_cash order=9.80 cash=9.81
[SIGNAL] 2026-08-10T07:04:59+00:00 MAVTRY BUY fill_at=2026-08-10T07:09:59+00:00 features={"close": 0.42, "bb_lower": 0.42018452526203265, "bb_upper": 0.4445773794998721, "rsi": 34.15380795465066, "mfi": 15.210314641463512, "atr": 0.0064285714285714345}
[BLOCKED] MAVTRY reason=insufficient_cash order=9.80 cash=9.81
[SIGNAL] 2026-08-10T07:04:59+00:00 NILTRY BUY fill_at=2026-08-10T07:09:59+00:00 features={"close": 1.939, "bb_lower": 1.9685336570653802, "bb_upper": 2.2153711048393814, "rsi": 29.142655210091817, "mfi": 40.45640260936212, "atr": 0.05757142857142857}
[BLOCKED] NILTRY reason=insufficient_cash order=9.80 cash=9.81
[SIGNAL] 2026-08-10T07:04:59+00:00 TURTLETRY BUY fill_at=2026-08-10T07:09:59+00:00 features={"close": 2.17, "bb_lower": 2.1729771353580847, "bb_upper": 2.187975245594297, "rsi": 25.248654424218756, "mfi": 13.218657954738049, "atr": 0.002142857142857129}
[BLOCKED] TURTLETRY reason=insufficient_cash order=9.80 cash=9.81
[SIGNAL] 2026-08-10T07:04:59+00:00 ZROTRY BUY fill_at=2026-08-10T07:09:59+00:00 features={"close": 41.0, "bb_lower": 41.097634117541595, "bb_upper": 41.47379445388696, "rsi": 35.722261972728134, "mfi": 22.419801402502145, "atr": 0.0714285714285694}
[BLOCKED] ZROTRY reason=insufficient_cash order=9.80 cash=9.81
[SCAN] 2026-08-10T07:09:59+00:00 symbols=121 signals=5 entries=0 exits=0 blocked=5 open=9 cash=9.81 equity=10036.27
[SIGNAL] 2026-08-10T07:09:59+00:00 0GTRY BUY fill_at=2026-08-10T07:14:59+00:00 features={"close": 7.27, "bb_lower": 7.271725243704019, "bb_upper": 7.35779856581979, "rsi": 36.34136581249475, "mfi": 32.93175305575686, "atr": 0.018571428571428492}
[BLOCKED] 0GTRY reason=insufficient_cash order=9.80 cash=9.81
[SIGNAL] 2026-08-10T07:09:59+00:00 FTRY BUY fill_at=2026-08-10T07:14:59+00:00 features={"close": 0.1378, "bb_lower": 0.13805750933830896, "bb_upper": 0.13879963351883384, "rsi": 17.51661397619155, "mfi": 0.0, "atr": 5.000000000000044e-05}
[BLOCKED] FTRY reason=insufficient_cash order=9.80 cash=9.81
[SIGNAL] 2026-08-10T07:09:59+00:00 NILTRY BUY fill_at=2026-08-10T07:14:59+00:00 features={"close": 1.93, "bb_lower": 1.94397440218335, "bb_upper": 2.2175494073404587, "rsi": 28.466838232467396, "mfi": 49.108985992320875, "atr": 0.059142857142857164}
[BLOCKED] NILTRY reason=insufficient_cash order=9.80 cash=9.81
[SIGNAL] 2026-08-10T07:09:59+00:00 ORDITRY BUY fill_at=2026-08-10T07:14:59+00:00 features={"close": 166.9, "bb_lower": 167.11545843085304, "bb_upper": 169.5893034739089, "rsi": 32.3550936663393, "mfi": 27.175546513714806, "atr": 0.5428571428571445}
[BLOCKED] ORDITRY reason=insufficient_cash order=9.80 cash=9.81
[SIGNAL] 2026-08-10T07:09:59+00:00 PUMPTRY BUY fill_at=2026-08-10T07:14:59+00:00 features={"close": 0.1339, "bb_lower": 0.1340544929902136, "bb_upper": 0.13706931653359594, "rsi": 44.973483237520554, "mfi": 52.868476389753575, "atr": 0.0010142857142857156}
[BLOCKED] PUMPTRY reason=insufficient_cash order=9.80 cash=9.81
[SIGNAL] 2026-08-10T07:09:59+00:00 TOWNSTRY BUY fill_at=2026-08-10T07:14:59+00:00 features={"close": 0.116, "bb_lower": 0.11652646324238101, "bb_upper": 0.11737829866238093, "rsi": 5.691198033336846, "mfi": 0.0, "atr": 7.142857142857149e-05}
[BLOCKED] TOWNSTRY reason=insufficient_cash order=9.80 cash=9.81
[SIGNAL] 2026-08-10T07:09:59+00:00 ZROTRY BUY fill_at=2026-08-10T07:14:59+00:00 features={"close": 40.9, "bb_lower": 41.023443493975385, "bb_upper": 41.51941364888173, "rsi": 31.441675139409128, "mfi": 22.40408979890924, "atr": 0.06428571428571266}
[BLOCKED] ZROTRY reason=insufficient_cash order=9.80 cash=9.81
[SCAN] 2026-08-10T07:14:59+00:00 symbols=121 signals=7 entries=0 exits=0 blocked=7 open=9 cash=9.81 equity=10018.78
[SIGNAL] 2026-08-10T07:14:59+00:00 1MBABYDOGETRY BUY fill_at=2026-08-10T07:19:59+00:00 features={"close": 0.01676, "bb_lower": 0.016760437955153164, "bb_upper": 0.01694432394960874, "rsi": 33.268777300642256, "mfi": 8.809381753706234, "atr": 2.0714285714285366e-05}
[BLOCKED] 1MBABYDOGETRY reason=insufficient_cash order=9.80 cash=9.81
[SIGNAL] 2026-08-10T07:14:59+00:00 ALPINETRY BUY fill_at=2026-08-10T07:19:59+00:00 features={"close": 15.63, "bb_lower": 15.645377127617511, "bb_upper": 16.043194300953907, "rsi": 19.398433796592187, "mfi": 7.871788409406847, "atr": 0.04285714285714296}
[BLOCKED] ALPINETRY reason=max_layers
[SIGNAL] 2026-08-10T07:14:59+00:00 FTRY BUY fill_at=2026-08-10T07:19:59+00:00 features={"close": 0.1378, "bb_lower": 0.13794154195240407, "bb_upper": 0.13883941042854828, "rsi": 17.51661397619155, "mfi": 0.0, "atr": 5.000000000000044e-05}
[BLOCKED] FTRY reason=insufficient_cash order=9.80 cash=9.81
[SIGNAL] 2026-08-10T07:14:59+00:00 ORDITRY BUY fill_at=2026-08-10T07:19:59+00:00 features={"close": 166.9, "bb_lower": 166.94339648936833, "bb_upper": 169.67565112967932, "rsi": 32.3550936663393, "mfi": 24.46468146851491, "atr": 0.5214285714285742}
[BLOCKED] ORDITRY reason=insufficient_cash order=9.80 cash=9.81
[SIGNAL] 2026-08-10T07:14:59+00:00 PUMPTRY BUY fill_at=2026-08-10T07:19:59+00:00 features={"close": 0.1322, "bb_lower": 0.13334818705891374, "bb_upper": 0.13749943198870532, "rsi": 36.168031049551885, "mfi": 43.01084242453804, "atr": 0.0010285714285714284}
[BLOCKED] PUMPTRY reason=insufficient_cash order=9.80 cash=9.81
[SIGNAL] 2026-08-10T07:14:59+00:00 THETRY BUY fill_at=2026-08-10T07:19:59+00:00 features={"close": 3.029, "bb_lower": 3.072947769634567, "bb_upper": 3.3320998494130523, "rsi": 26.23855374902628, "mfi": 49.77840281628268, "atr": 0.05550000000000001}
[BLOCKED] THETRY reason=insufficient_cash order=9.80 cash=9.81
[SIGNAL] 2026-08-10T07:14:59+00:00 TOWNSTRY BUY fill_at=2026-08-10T07:19:59+00:00 features={"close": 0.116, "bb_lower": 0.11631767485686012, "bb_upper": 0.11749184895266374, "rsi": 5.691198033336846, "mfi": 0.0, "atr": 7.142857142857149e-05}
[BLOCKED] TOWNSTRY reason=insufficient_cash order=9.80 cash=9.81
[SIGNAL] 2026-08-10T07:14:59+00:00 ZROTRY BUY fill_at=2026-08-10T07:19:59+00:00 features={"close": 40.9, "bb_lower": 40.96980435834606, "bb_upper": 41.515909927368206, "rsi": 31.441675139409128, "mfi": 23.36803865458687, "atr": 0.04999999999999868}
[BLOCKED] ZROTRY reason=insufficient_cash order=9.80 cash=9.81
[SCAN] 2026-08-10T07:19:59+00:00 symbols=121 signals=8 entries=0 exits=0 blocked=8 open=9 cash=9.81 equity=10025.12
[SIGNAL] 2026-08-10T07:19:59+00:00 CRVTRY BUY fill_at=2026-08-10T07:24:59+00:00 features={"close": 11.34, "bb_lower": 11.348586311340775, "bb_upper": 11.470461307706842, "rsi": 31.454279328348093, "mfi": 40.31591954378809, "atr": 0.02071428571428578}
[BLOCKED] CRVTRY reason=insufficient_cash order=9.80 cash=9.81
[SIGNAL] 2026-08-10T07:19:59+00:00 FTRY BUY fill_at=2026-08-10T07:24:59+00:00 features={"close": 0.1378, "bb_lower": 0.1378553200768259, "bb_upper": 0.1388399180184122, "rsi": 17.51661397619155, "mfi": 0.0, "atr": 5.000000000000044e-05}
[BLOCKED] FTRY reason=insufficient_cash order=9.80 cash=9.81
[SIGNAL] 2026-08-10T07:19:59+00:00 PUMPTRY BUY fill_at=2026-08-10T07:24:59+00:00 features={"close": 0.1324, "bb_lower": 0.1328531654466747, "bb_upper": 0.13773731074380158, "rsi": 37.72210696409424, "mfi": 43.44224259897625, "atr": 0.0009642857142857132}
[BLOCKED] PUMPTRY reason=insufficient_cash order=9.80 cash=9.81
[SIGNAL] 2026-08-10T07:19:59+00:00 REZTRY BUY fill_at=2026-08-10T07:24:59+00:00 features={"close": 0.1378, "bb_lower": 0.13788358591658434, "bb_upper": 0.13898308075008237, "rsi": 41.00147650193188, "mfi": 39.40571834645008, "atr": 0.00040000000000000154}
[BLOCKED] REZTRY reason=insufficient_cash order=9.80 cash=9.81
[SIGNAL] 2026-08-10T07:19:59+00:00 STOTRY BUY fill_at=2026-08-10T07:24:59+00:00 features={"close": 1.933, "bb_lower": 1.934563561197046, "bb_upper": 1.9573412007077153, "rsi": 39.69500285949241, "mfi": 21.167356770262757, "atr": 0.006714285714285736}
[BLOCKED] STOTRY reason=insufficient_cash order=9.80 cash=9.81
[SIGNAL] 2026-08-10T07:19:59+00:00 THETRY BUY fill_at=2026-08-10T07:24:59+00:00 features={"close": 2.978, "bb_lower": 3.035293854805445, "bb_upper": 3.3542299547183654, "rsi": 23.35397694466856, "mfi": 44.40999471948786, "atr": 0.05685714285714284}
[BLOCKED] THETRY reason=insufficient_cash order=9.80 cash=9.81
[SIGNAL] 2026-08-10T07:19:59+00:00 TOWNSTRY BUY fill_at=2026-08-10T07:24:59+00:00 features={"close": 0.116, "bb_lower": 0.11615728864491912, "bb_upper": 0.11755699706936665, "rsi": 5.691198033336846, "mfi": 0.0, "atr": 7.142857142857149e-05}
[BLOCKED] TOWNSTRY reason=insufficient_cash order=9.80 cash=9.81
[SCAN] 2026-08-10T07:24:59+00:00 symbols=121 signals=7 entries=0 exits=0 blocked=7 open=9 cash=9.81 equity=10039.68
[SIGNAL] 2026-08-10T07:24:59+00:00 PSGTRY BUY fill_at=2026-08-10T07:29:59+00:00 features={"close": 24.9, "bb_lower": 24.93914649945873, "bb_upper": 25.140853500541276, "rsi": 19.722154629423514, "mfi": 0.0, "atr": 0.02214285714285705}
[BLOCKED] PSGTRY reason=insufficient_cash order=9.80 cash=9.81
[SIGNAL] 2026-08-10T07:24:59+00:00 PUMPTRY BUY fill_at=2026-08-10T07:29:59+00:00 features={"close": 0.1324, "bb_lower": 0.13241305158242486, "bb_upper": 0.1378345674651942, "rsi": 37.72210696409424, "mfi": 37.35714047800912, "atr": 0.000942857142857144}
[BLOCKED] PUMPTRY reason=insufficient_cash order=9.80 cash=9.81
[SIGNAL] 2026-08-10T07:24:59+00:00 SPELLTRY BUY fill_at=2026-08-10T07:29:59+00:00 features={"close": 0.00382, "bb_lower": 0.0038202943752778354, "bb_upper": 0.0038454199104364507, "rsi": 32.53051072234949, "mfi": 7.195947894615131, "atr": 4.285714285714297e-06}
[BLOCKED] SPELLTRY reason=insufficient_cash order=9.80 cash=9.81
[SIGNAL] 2026-08-10T07:24:59+00:00 THETRY BUY fill_at=2026-08-10T07:29:59+00:00 features={"close": 2.985, "bb_lower": 3.002991786581243, "bb_upper": 3.3685320229425675, "rsi": 24.586740805143876, "mfi": 35.966069021119665, "atr": 0.0557142857142857}
[BLOCKED] THETRY reason=insufficient_cash order=9.80 cash=9.81
[SCAN] 2026-08-10T07:29:59+00:00 symbols=121 signals=4 entries=0 exits=0 blocked=4 open=9 cash=9.81 equity=10042.16
[SIGNAL] 2026-08-10T07:29:59+00:00 BLURTRY BUY fill_at=2026-08-10T07:34:59+00:00 features={"close": 0.661, "bb_lower": 0.6611911566014729, "bb_upper": 0.664523129112813, "rsi": 37.02251740215749, "mfi": 5.2892747119976065, "atr": 0.00028571428571428595}
[BLOCKED] BLURTRY reason=insufficient_cash order=9.80 cash=9.81
[SIGNAL] 2026-08-10T07:29:59+00:00 PSGTRY BUY fill_at=2026-08-10T07:34:59+00:00 features={"close": 24.9, "bb_lower": 24.91900859359521, "bb_upper": 25.151467596880984, "rsi": 19.722154629423528, "mfi": 20.202057880458597, "atr": 0.022857142857142878}
[BLOCKED] PSGTRY reason=insufficient_cash order=9.80 cash=9.81
[SIGNAL] 2026-08-10T07:29:59+00:00 REDTRY BUY fill_at=2026-08-10T07:34:59+00:00 features={"close": 4.18, "bb_lower": 4.180804992279832, "bb_upper": 4.216337864863027, "rsi": 39.17009826820281, "mfi": 7.318240578796917, "atr": 0.008571428571428579}
[BLOCKED] REDTRY reason=insufficient_cash order=9.80 cash=9.81
[SCAN] 2026-08-10T07:34:59+00:00 symbols=121 signals=3 entries=0 exits=0 blocked=3 open=9 cash=9.81 equity=10045.61
[EXIT] 2026-08-10T07:39:59+00:00 AEROTRY reason=bb_mfi_v3_signal_exit pnl=+0.50 cash=1014.83
[SIGNAL] 2026-08-10T07:34:59+00:00 BMTTRY BUY fill_at=2026-08-10T07:39:59+00:00 features={"close": 1.631, "bb_lower": 1.664726321123932, "bb_upper": 1.978226059828449, "rsi": 33.98758191746015, "mfi": 29.186761693933022, "atr": 0.0753571428571429}
[ENTRY] 2026-08-10T07:39:59+00:00 BMTTRY layer=1 value=1004.67 entry=1.63222325 cash=8.65
[SIGNAL] 2026-08-10T07:34:59+00:00 PUMPTRY BUY fill_at=2026-08-10T07:39:59+00:00 features={"close": 0.1314, "bb_lower": 0.13142498295625682, "bb_upper": 0.13799406466279085, "rsi": 32.80157357405237, "mfi": 39.7967325212263, "atr": 0.0009357142857142878}
[BLOCKED] PUMPTRY reason=insufficient_cash order=8.63 cash=8.65
[SCAN] 2026-08-10T07:39:59+00:00 symbols=121 signals=2 entries=1 exits=1 blocked=1 open=9 cash=8.65 equity=10040.77
[SIGNAL] 2026-08-10T07:39:59+00:00 BMTTRY BUY fill_at=2026-08-10T07:44:59+00:00 features={"close": 1.625, "bb_lower": 1.633827422024758, "bb_upper": 1.986648768451432, "rsi": 33.60100718326362, "mfi": 30.350127449285836, "atr": 0.07414285714285718}
[BLOCKED] BMTTRY reason=insufficient_cash order=8.63 cash=8.65
[SIGNAL] 2026-08-10T07:39:59+00:00 SPELLTRY BUY fill_at=2026-08-10T07:44:59+00:00 features={"close": 0.00381, "bb_lower": 0.003813599174134964, "bb_upper": 0.003848305587769799, "rsi": 24.938905177783155, "mfi": 5.46196089894903, "atr": 5.000000000000013e-06}
[BLOCKED] SPELLTRY reason=insufficient_cash order=8.63 cash=8.65
[SCAN] 2026-08-10T07:44:59+00:00 symbols=121 signals=2 entries=0 exits=0 blocked=2 open=9 cash=8.65 equity=10013.98
[SIGNAL] 2026-08-10T07:44:59+00:00 BMTTRY BUY fill_at=2026-08-10T07:49:59+00:00 features={"close": 1.59, "bb_lower": 1.5996282770464536, "bb_upper": 1.99370505628688, "rsi": 31.34780949171933, "mfi": 29.828026364253517, "atr": 0.07485714285714289}
[BLOCKED] BMTTRY reason=insufficient_cash order=8.63 cash=8.65
[SIGNAL] 2026-08-10T07:44:59+00:00 SPELLTRY BUY fill_at=2026-08-10T07:49:59+00:00 features={"close": 0.00381, "bb_lower": 0.0038104819985410295, "bb_upper": 0.0038495180014589707, "rsi": 24.938905177783155, "mfi": 5.46196089894903, "atr": 5.000000000000013e-06}
[BLOCKED] SPELLTRY reason=insufficient_cash order=8.63 cash=8.65
[SIGNAL] 2026-08-10T07:44:59+00:00 SPKTRY BUY fill_at=2026-08-10T07:49:59+00:00 features={"close": 0.696, "bb_lower": 0.6977832149843564, "bb_upper": 0.7034834516823101, "rsi": 29.6413814353253, "mfi": 42.59671778069553, "atr": 0.0013642857142857226}
[BLOCKED] SPKTRY reason=insufficient_cash order=8.63 cash=8.65
[SIGNAL] 2026-08-10T07:44:59+00:00 TURTLETRY BUY fill_at=2026-08-10T07:49:59+00:00 features={"close": 2.17, "bb_lower": 2.1712712843905604, "bb_upper": 2.18872871560944, "rsi": 31.803507637121584, "mfi": 4.637260057618718, "atr": 0.0021428571428571924}
[BLOCKED] TURTLETRY reason=insufficient_cash order=8.63 cash=8.65
[SIGNAL] 2026-08-10T07:44:59+00:00 USTCTRY BUY fill_at=2026-08-10T07:49:59+00:00 features={"close": 0.2402, "bb_lower": 0.240225283459017, "bb_upper": 0.24126995463622097, "rsi": 34.81426819271137, "mfi": 36.80980033553444, "atr": 7.857142857142983e-05}
[BLOCKED] USTCTRY reason=insufficient_cash order=8.63 cash=8.65
[SCAN] 2026-08-10T07:49:59+00:00 symbols=121 signals=5 entries=0 exits=0 blocked=5 open=9 cash=8.65 equity=10021.41
[SIGNAL] 2026-08-10T07:49:59+00:00 ALGOTRY BUY fill_at=2026-08-10T07:54:59+00:00 features={"close": 3.911, "bb_lower": 3.911328489327391, "bb_upper": 3.9221000821011804, "rsi": 42.50421901878131, "mfi": 38.20552928188266, "atr": 0.0028571428571427643}
[BLOCKED] ALGOTRY reason=insufficient_cash order=8.63 cash=8.65
[SIGNAL] 2026-08-10T07:49:59+00:00 GENIUSTRY BUY fill_at=2026-08-10T07:54:59+00:00 features={"close": 16.4, "bb_lower": 16.41873872141705, "bb_upper": 16.57173746905913, "rsi": 27.164434468180858, "mfi": 30.8939858894351, "atr": 0.020714285714285654}
[BLOCKED] GENIUSTRY reason=insufficient_cash order=8.63 cash=8.65
[SIGNAL] 2026-08-10T07:49:59+00:00 SPELLTRY BUY fill_at=2026-08-10T07:54:59+00:00 features={"close": 0.0038, "bb_lower": 0.0038052429548306355, "bb_upper": 0.00385189990231222, "rsi": 19.577058377994177, "mfi": 4.892573406459135, "atr": 5.714285714285729e-06}
[BLOCKED] SPELLTRY reason=insufficient_cash order=8.63 cash=8.65
[SIGNAL] 2026-08-10T07:49:59+00:00 SPKTRY BUY fill_at=2026-08-10T07:54:59+00:00 features={"close": 0.696, "bb_lower": 0.696935866702997, "bb_upper": 0.7038165142493837, "rsi": 29.6413814353253, "mfi": 41.81253400832801, "atr": 0.0012928571428571511}
[BLOCKED] SPKTRY reason=insufficient_cash order=8.63 cash=8.65
[SCAN] 2026-08-10T07:54:59+00:00 symbols=121 signals=4 entries=0 exits=0 blocked=4 open=9 cash=8.65 equity=10051.27
[SIGNAL] 2026-08-10T07:54:59+00:00 GENIUSTRY BUY fill_at=2026-08-10T07:59:59+00:00 features={"close": 16.4, "bb_lower": 16.406878568809656, "bb_upper": 16.577883335952233, "rsi": 27.164434468180872, "mfi": 30.8939858894351, "atr": 0.020714285714285654}
[BLOCKED] GENIUSTRY reason=insufficient_cash order=8.63 cash=8.65
[SIGNAL] 2026-08-10T07:54:59+00:00 KITETRY BUY fill_at=2026-08-10T07:59:59+00:00 features={"close": 4.826, "bb_lower": 4.83074107441495, "bb_upper": 4.88116368748981, "rsi": 38.502093762922634, "mfi": 29.854661014523614, "atr": 0.010928571428571463}
[BLOCKED] KITETRY reason=insufficient_cash order=8.63 cash=8.65
[SIGNAL] 2026-08-10T07:54:59+00:00 MAVTRY BUY fill_at=2026-08-10T07:59:59+00:00 features={"close": 0.42, "bb_lower": 0.42048501184454085, "bb_upper": 0.44618165482212574, "rsi": 36.561121082777724, "mfi": 39.89684101092313, "atr": 0.00714285714285715}
[BLOCKED] MAVTRY reason=insufficient_cash order=8.63 cash=8.65
[SIGNAL] 2026-08-10T07:54:59+00:00 SPELLTRY BUY fill_at=2026-08-10T07:59:59+00:00 features={"close": 0.0038, "bb_lower": 0.0038009700236890814, "bb_upper": 0.003852363309644251, "rsi": 19.577058377994177, "mfi": 4.892573406459135, "atr": 5.714285714285729e-06}
[BLOCKED] SPELLTRY reason=insufficient_cash order=8.63 cash=8.65
[EXIT] 2026-08-10T07:59:59+00:00 BMTTRY reason=fixed_take_profit pnl=+19.46 cash=1034.29
[SCAN] 2026-08-10T07:59:59+00:00 symbols=121 signals=4 entries=0 exits=1 blocked=4 open=8 cash=1034.29 equity=10070.94
[SIGNAL] 2026-08-10T07:59:59+00:00 API3TRY BUY fill_at=2026-08-10T08:04:59+00:00 features={"close": 9.24, "bb_lower": 9.24290047771419, "bb_upper": 9.284718569904857, "rsi": 31.993932014585525, "mfi": 25.46587546873515, "atr": 0.005714285714285593}
[ENTRY] 2026-08-10T08:04:59+00:00 API3TRY layer=1 value=1008.38 entry=9.27695250 cash=24.40
[SIGNAL] 2026-08-10T07:59:59+00:00 FLOKITRY BUY fill_at=2026-08-10T08:04:59+00:00 features={"close": 0.001025, "bb_lower": 0.001025086597901488, "bb_upper": 0.001029294354479464, "rsi": 43.13983740696388, "mfi": 49.90263623941935, "atr": 1.3571428571428979e-06}
[BLOCKED] FLOKITRY reason=insufficient_cash order=24.36 cash=24.40
[SIGNAL] 2026-08-10T07:59:59+00:00 KITETRY BUY fill_at=2026-08-10T08:04:59+00:00 features={"close": 4.815, "bb_lower": 4.823250300062885, "bb_upper": 4.884178271365684, "rsi": 34.661426307809876, "mfi": 26.75896889846193, "atr": 0.01200000000000001}
[BLOCKED] KITETRY reason=insufficient_cash order=24.36 cash=24.40
[SIGNAL] 2026-08-10T07:59:59+00:00 LDOTRY BUY fill_at=2026-08-10T08:04:59+00:00 features={"close": 13.97, "bb_lower": 13.97736720584222, "bb_upper": 14.171204222729209, "rsi": 34.293991013460044, "mfi": 7.8946019384823245, "atr": 0.030714285714285694}
[BLOCKED] LDOTRY reason=insufficient_cash order=24.36 cash=24.40
[SIGNAL] 2026-08-10T07:59:59+00:00 SCRTRY BUY fill_at=2026-08-10T08:04:59+00:00 features={"close": 1.024, "bb_lower": 1.0243386255953952, "bb_upper": 1.0466137553569856, "rsi": 40.85582718076322, "mfi": 21.281320597040363, "atr": 0.004500000000000027}
[BLOCKED] SCRTRY reason=insufficient_cash order=24.36 cash=24.40
[SCAN] 2026-08-10T08:04:59+00:00 symbols=121 signals=5 entries=1 exits=0 blocked=4 open=9 cash=24.40 equity=10081.49
[SIGNAL] 2026-08-10T08:04:59+00:00 KITETRY BUY fill_at=2026-08-10T08:09:59+00:00 features={"close": 4.81, "bb_lower": 4.815810928152359, "bb_upper": 4.886855738514306, "rsi": 33.038559467097315, "mfi": 26.457264112250073, "atr": 0.011357142857142843}
[BLOCKED] KITETRY reason=insufficient_cash order=24.36 cash=24.40
[SIGNAL] 2026-08-10T08:04:59+00:00 TREETRY BUY fill_at=2026-08-10T08:09:59+00:00 features={"close": 1.78, "bb_lower": 1.78526463242381, "bb_upper": 1.793782986623809, "rsi": 10.755571425778868, "mfi": 0.0, "atr": 0.0007142857142857149}
[BLOCKED] TREETRY reason=insufficient_cash order=24.36 cash=24.40
[SCAN] 2026-08-10T08:09:59+00:00 symbols=121 signals=2 entries=0 exits=0 blocked=2 open=9 cash=24.40 equity=10080.85
[SIGNAL] 2026-08-10T08:09:59+00:00 TREETRY BUY fill_at=2026-08-10T08:14:59+00:00 features={"close": 1.78, "bb_lower": 1.783176748568601, "bb_upper": 1.794918489526637, "rsi": 10.755571425778868, "mfi": 0.0, "atr": 0.0007142857142857149}
[BLOCKED] TREETRY reason=insufficient_cash order=24.36 cash=24.40
[SCAN] 2026-08-10T08:14:59+00:00 symbols=121 signals=1 entries=0 exits=0 blocked=1 open=9 cash=24.40 equity=10088.00
[SIGNAL] 2026-08-10T08:14:59+00:00 ALLOTRY BUY fill_at=2026-08-10T08:19:59+00:00 features={"close": 14.54, "bb_lower": 14.540242452822799, "bb_upper": 14.865471832891487, "rsi": 38.42313978727305, "mfi": 16.65414125378831, "atr": 0.06214285714285734}
[BLOCKED] ALLOTRY reason=insufficient_cash order=24.36 cash=24.40
[SIGNAL] 2026-08-10T08:14:59+00:00 SUNTRY BUY fill_at=2026-08-10T08:19:59+00:00 features={"close": 0.8622, "bb_lower": 0.8626508323669061, "bb_upper": 0.8636920247759511, "rsi": 24.32649618441289, "mfi": 24.39643977821521, "atr": 0.00010714285714285327}
[BLOCKED] SUNTRY reason=insufficient_cash order=24.36 cash=24.40
[SIGNAL] 2026-08-10T08:14:59+00:00 TREETRY BUY fill_at=2026-08-10T08:19:59+00:00 features={"close": 1.78, "bb_lower": 1.781572886449191, "bb_upper": 1.7955699706936663, "rsi": 10.755571425778868, "mfi": 0.0, "atr": 0.0007142857142857149}
[BLOCKED] TREETRY reason=insufficient_cash order=24.36 cash=24.40
[SCAN] 2026-08-10T08:19:59+00:00 symbols=121 signals=3 entries=0 exits=0 blocked=3 open=9 cash=24.40 equity=10081.74
[SIGNAL] 2026-08-10T08:19:59+00:00 ALLOTRY BUY fill_at=2026-08-10T08:24:59+00:00 features={"close": 14.51, "bb_lower": 14.513070914755504, "bb_upper": 14.865024323339737, "rsi": 36.66973533907144, "mfi": 15.861278542389272, "atr": 0.06285714285714304}
[BLOCKED] ALLOTRY reason=insufficient_cash order=24.36 cash=24.40
[SIGNAL] 2026-08-10T08:19:59+00:00 FLOKITRY BUY fill_at=2026-08-10T08:24:59+00:00 features={"close": 0.001024, "bb_lower": 0.0010241587794542861, "bb_upper": 0.0010292697919742858, "rsi": 40.83979156614916, "mfi": 42.78675017999876, "atr": 1.214285714285705e-06}
[BLOCKED] FLOKITRY reason=insufficient_cash order=24.36 cash=24.40
[SIGNAL] 2026-08-10T08:19:59+00:00 RETRY BUY fill_at=2026-08-10T08:24:59+00:00 features={"close": 19.21, "bb_lower": 19.255913406637482, "bb_upper": 19.6850389743149, "rsi": 32.82782095147485, "mfi": 22.324275988282423, "atr": 0.09857142857142824}
[BLOCKED] RETRY reason=insufficient_cash order=24.36 cash=24.40
[SIGNAL] 2026-08-10T08:19:59+00:00 RVNTRY BUY fill_at=2026-08-10T08:24:59+00:00 features={"close": 0.17, "bb_lower": 0.17000241703570257, "bb_upper": 0.17015948772620226, "rsi": 52.07033262997347, "mfi": 0.0, "atr": 7.142857142856356e-06}
[BLOCKED] RVNTRY reason=insufficient_cash order=24.36 cash=24.40
[SIGNAL] 2026-08-10T08:19:59+00:00 SUNTRY BUY fill_at=2026-08-10T08:24:59+00:00 features={"close": 0.8622, "bb_lower": 0.8624634030441816, "bb_upper": 0.8637937398129614, "rsi": 24.32649618441289, "mfi": 24.39643977821521, "atr": 0.00010714285714285327}
[BLOCKED] SUNTRY reason=insufficient_cash order=24.36 cash=24.40
[SIGNAL] 2026-08-10T08:19:59+00:00 TREETRY BUY fill_at=2026-08-10T08:24:59+00:00 features={"close": 1.78, "bb_lower": 1.7802417035702525, "bb_upper": 1.7959487726202243, "rsi": 10.755571425778868, "mfi": 0.0, "atr": 0.0007142857142857149}
[BLOCKED] TREETRY reason=insufficient_cash order=24.36 cash=24.40
[SCAN] 2026-08-10T08:24:59+00:00 symbols=121 signals=6 entries=0 exits=0 blocked=6 open=9 cash=24.40 equity=10086.56
[SIGNAL] 2026-08-10T08:24:59+00:00 ADATRY BUY fill_at=2026-08-10T08:29:59+00:00 features={"close": 9.4, "bb_lower": 9.403998219887555, "bb_upper": 9.485525589636254, "rsi": 40.55258288756878, "mfi": 50.43328704668536, "atr": 0.021428571428571224}
[BLOCKED] ADATRY reason=insufficient_cash order=24.36 cash=24.40
[SIGNAL] 2026-08-10T08:24:59+00:00 ALICETRY BUY fill_at=2026-08-10T08:29:59+00:00 features={"close": 5.68, "bb_lower": 5.6862008330542135, "bb_upper": 5.7080848812315015, "rsi": 26.744517620187324, "mfi": 33.704209455225154, "atr": 0.004999999999999957}
[BLOCKED] ALICETRY reason=insufficient_cash order=24.36 cash=24.40
[SIGNAL] 2026-08-10T08:24:59+00:00 RETRY BUY fill_at=2026-08-10T08:29:59+00:00 features={"close": 19.18, "bb_lower": 19.21799853108417, "bb_upper": 19.705810992725347, "rsi": 31.539248723120366, "mfi": 19.723926021829158, "atr": 0.0985714285714285}
[BLOCKED] RETRY reason=insufficient_cash order=24.36 cash=24.40
[SIGNAL] 2026-08-10T08:24:59+00:00 RVNTRY BUY fill_at=2026-08-10T08:29:59+00:00 features={"close": 0.17, "bb_lower": 0.17000241703570254, "bb_upper": 0.17015948772620224, "rsi": 52.07033262997347, "mfi": 0.0, "atr": 7.142857142856356e-06}
[BLOCKED] RVNTRY reason=insufficient_cash order=24.36 cash=24.40
[SIGNAL] 2026-08-10T08:24:59+00:00 SUNTRY BUY fill_at=2026-08-10T08:29:59+00:00 features={"close": 0.8617, "bb_lower": 0.8621601050999036, "bb_upper": 0.863963704423906, "rsi": 17.76056729960989, "mfi": 4.964644815469498, "atr": 0.00014285714285713506}
[BLOCKED] SUNTRY reason=insufficient_cash order=24.36 cash=24.40
[SIGNAL] 2026-08-10T08:24:59+00:00 USDTTRY BUY fill_at=2026-08-10T08:29:59+00:00 features={"close": 47.62, "bb_lower": 47.62396278132779, "bb_upper": 47.6607991234341, "rsi": 40.85511402989945, "mfi": 22.188125536914228, "atr": 0.012142857142855235}
[BLOCKED] USDTTRY reason=insufficient_cash order=24.36 cash=24.40
[SCAN] 2026-08-10T08:29:59+00:00 symbols=121 signals=6 entries=0 exits=0 blocked=6 open=9 cash=24.40 equity=10085.54
[EXIT] 2026-08-10T08:34:59+00:00 ETHFITRY reason=bb_mfi_v3_signal_exit pnl=+0.34 cash=138.45
[SIGNAL] 2026-08-10T08:29:59+00:00 ADATRY BUY fill_at=2026-08-10T08:34:59+00:00 features={"close": 9.38, "bb_lower": 9.392327814268, "bb_upper": 9.490529328589144, "rsi": 36.500953177085385, "mfi": 49.24090094008369, "atr": 0.020714285714285526}
[ENTRY] 2026-08-10T08:34:59+00:00 ADATRY layer=1 value=138.24 entry=9.38703500 cash=0.00
[SIGNAL] 2026-08-10T08:29:59+00:00 ALICETRY BUY fill_at=2026-08-10T08:34:59+00:00 features={"close": 5.68, "bb_lower": 5.6831320864754264, "bb_upper": 5.709248865905526, "rsi": 26.74451762018731, "mfi": 30.274770878217268, "atr": 0.004999999999999957}
[BLOCKED] ALICETRY reason=insufficient_cash order=0.00 cash=0.00
[SIGNAL] 2026-08-10T08:29:59+00:00 PYTHTRY BUY fill_at=2026-08-10T08:34:59+00:00 features={"close": 2.007, "bb_lower": 2.0108362943568006, "bb_upper": 2.0569732294527228, "rsi": 25.56157975453101, "mfi": 2.7659425378107017, "atr": 0.0035714285714285587}
[BLOCKED] PYTHTRY reason=insufficient_cash order=0.00 cash=0.00
[SIGNAL] 2026-08-10T08:29:59+00:00 RETRY BUY fill_at=2026-08-10T08:34:59+00:00 features={"close": 19.05, "bb_lower": 19.14888487631208, "bb_upper": 19.745400837973634, "rsi": 26.631841361401086, "mfi": 13.461409923211306, "atr": 0.10785714285714297}
[BLOCKED] RETRY reason=insufficient_cash order=0.00 cash=0.00
[SIGNAL] 2026-08-10T08:29:59+00:00 RVNTRY BUY fill_at=2026-08-10T08:34:59+00:00 features={"close": 0.17, "bb_lower": 0.17000241703570254, "bb_upper": 0.17015948772620224, "rsi": 52.07033262997347, "mfi": 0.0, "atr": 7.142857142856356e-06}
[BLOCKED] RVNTRY reason=insufficient_cash order=0.00 cash=0.00
[SIGNAL] 2026-08-10T08:29:59+00:00 SUNTRY BUY fill_at=2026-08-10T08:34:59+00:00 features={"close": 0.8617, "bb_lower": 0.8619235661652037, "bb_upper": 0.8640669100252724, "rsi": 17.76056729960989, "mfi": 4.964644815469498, "atr": 0.00014285714285713506}
[BLOCKED] SUNTRY reason=insufficient_cash order=0.00 cash=0.00
[SIGNAL] 2026-08-10T08:29:59+00:00 TLMTRY BUY fill_at=2026-08-10T08:34:59+00:00 features={"close": 0.0752, "bb_lower": 0.07538463304911654, "bb_upper": 0.07653917647469304, "rsi": 31.915745768058798, "mfi": 12.332627721543119, "atr": 0.0002357142857142875}
[BLOCKED] TLMTRY reason=insufficient_cash order=0.00 cash=0.00
[SIGNAL] 2026-08-10T08:29:59+00:00 USDTTRY BUY fill_at=2026-08-10T08:34:59+00:00 features={"close": 47.62, "bb_lower": 47.62396278132779, "bb_upper": 47.6607991234341, "rsi": 40.85511402989945, "mfi": 22.204025698060732, "atr": 0.012142857142855743}
[BLOCKED] USDTTRY reason=insufficient_cash order=0.00 cash=0.00
[SCAN] 2026-08-10T08:34:59+00:00 symbols=121 signals=8 entries=1 exits=1 blocked=7 open=9 cash=0.00 equity=10086.15
[SIGNAL] 2026-08-10T08:34:59+00:00 ADATRY BUY fill_at=2026-08-10T08:39:59+00:00 features={"close": 9.38, "bb_lower": 9.383531079459848, "bb_upper": 9.49456415863539, "rsi": 36.500953177085385, "mfi": 31.566905879851603, "atr": 0.01928571428571413}
[BLOCKED] ADATRY reason=insufficient_cash order=0.00 cash=0.00
[SIGNAL] 2026-08-10T08:34:59+00:00 PSGTRY BUY fill_at=2026-08-10T08:39:59+00:00 features={"close": 24.84, "bb_lower": 24.857137844750376, "bb_upper": 25.03810025048773, "rsi": 30.410423771128237, "mfi": 13.030864017559665, "atr": 0.030714285714285947}
[BLOCKED] PSGTRY reason=insufficient_cash order=0.00 cash=0.00
[SIGNAL] 2026-08-10T08:34:59+00:00 PYTHTRY BUY fill_at=2026-08-10T08:39:59+00:00 features={"close": 2.005, "bb_lower": 2.0063437873273973, "bb_upper": 2.0586085936249843, "rsi": 24.419880155944753, "mfi": 1.9702628056206635, "atr": 0.004071428571428567}
[BLOCKED] PYTHTRY reason=insufficient_cash order=0.00 cash=0.00
[SIGNAL] 2026-08-10T08:34:59+00:00 SUNTRY BUY fill_at=2026-08-10T08:39:59+00:00 features={"close": 0.8617, "bb_lower": 0.861725174874934, "bb_upper": 0.8641319679822085, "rsi": 17.76056729960989, "mfi": 4.964644815469498, "atr": 0.00014285714285713506}
[BLOCKED] SUNTRY reason=insufficient_cash order=0.00 cash=0.00
[SIGNAL] 2026-08-10T08:34:59+00:00 TLMTRY BUY fill_at=2026-08-10T08:39:59+00:00 features={"close": 0.0751, "bb_lower": 0.07523558570979015, "bb_upper": 0.07660250952830512, "rsi": 30.307909425971175, "mfi": 11.980376466592205, "atr": 0.00025000000000000223}
[BLOCKED] TLMTRY reason=insufficient_cash order=0.00 cash=0.00
[SIGNAL] 2026-08-10T08:34:59+00:00 TREETRY BUY fill_at=2026-08-10T08:39:59+00:00 features={"close": 1.77, "bb_lower": 1.7746828133584815, "bb_upper": 1.797698139022471, "rsi": 4.838532403795384, "mfi": 0.0, "atr": 0.0014285714285714299}
[BLOCKED] TREETRY reason=insufficient_cash order=0.00 cash=0.00
[SIGNAL] 2026-08-10T08:34:59+00:00 TWTTRY BUY fill_at=2026-08-10T08:39:59+00:00 features={"close": 18.32, "bb_lower": 18.363313496367457, "bb_upper": 18.454781741727782, "rsi": 19.965176537855058, "mfi": 22.908420484662756, "atr": 0.01000000000000004}
[BLOCKED] TWTTRY reason=insufficient_cash order=0.00 cash=0.00
[SIGNAL] 2026-08-10T08:34:59+00:00 USDTTRY BUY fill_at=2026-08-10T08:39:59+00:00 features={"close": 47.62, "bb_lower": 47.62179170277909, "bb_upper": 47.66201782103042, "rsi": 40.85511402989945, "mfi": 22.204025698060732, "atr": 0.01214285714285625}
[BLOCKED] USDTTRY reason=insufficient_cash order=0.00 cash=0.00
[SCAN] 2026-08-10T08:39:59+00:00 symbols=121 signals=8 entries=0 exits=0 blocked=8 open=9 cash=0.00 equity=10075.52
[SIGNAL] 2026-08-10T08:39:59+00:00 APTTRY BUY fill_at=2026-08-10T08:44:59+00:00 features={"close": 28.4, "bb_lower": 28.424340267523814, "bb_upper": 28.594707351523798, "rsi": 36.19996575821925, "mfi": 50.56657740063827, "atr": 0.05000000000000071}
[BLOCKED] APTTRY reason=insufficient_cash order=0.00 cash=0.00
[SIGNAL] 2026-08-10T08:39:59+00:00 BANANATRY BUY fill_at=2026-08-10T08:44:59+00:00 features={"close": 177.0, "bb_lower": 177.3176748568601, "bb_upper": 178.4918489526637, "rsi": 15.288502707205524, "mfi": 0.0, "atr": 0.07142857142857142}
[BLOCKED] BANANATRY reason=insufficient_cash order=0.00 cash=0.00
[SIGNAL] 2026-08-10T08:39:59+00:00 PSGTRY BUY fill_at=2026-08-10T08:44:59+00:00 features={"close": 24.84, "bb_lower": 24.84182619882018, "bb_upper": 25.038173801179823, "rsi": 30.410423771128237, "mfi": 13.030864017559665, "atr": 0.03000000000000012}
[BLOCKED] PSGTRY reason=insufficient_cash order=0.00 cash=0.00
[SIGNAL] 2026-08-10T08:39:59+00:00 TLMTRY BUY fill_at=2026-08-10T08:44:59+00:00 features={"close": 0.0751, "bb_lower": 0.07511241943340102, "bb_upper": 0.07662091389993234, "rsi": 30.307909425971175, "mfi": 11.689452043915836, "atr": 0.00025714285714285954}
[BLOCKED] TLMTRY reason=insufficient_cash order=0.00 cash=0.00
[SIGNAL] 2026-08-10T08:39:59+00:00 TREETRY BUY fill_at=2026-08-10T08:44:59+00:00 features={"close": 1.77, "bb_lower": 1.7719729635455395, "bb_upper": 1.798503226930652, "rsi": 4.838532403795384, "mfi": 0.0, "atr": 0.0014285714285714299}
[BLOCKED] TREETRY reason=insufficient_cash order=0.00 cash=0.00
[SIGNAL] 2026-08-10T08:39:59+00:00 TWTTRY BUY fill_at=2026-08-10T08:44:59+00:00 features={"close": 18.32, "bb_lower": 18.345362033792334, "bb_upper": 18.464161775731476, "rsi": 19.965176537855058, "mfi": 15.528478997432131, "atr": 0.01000000000000004}
[BLOCKED] TWTTRY reason=insufficient_cash order=0.00 cash=0.00
[SCAN] 2026-08-10T08:44:59+00:00 symbols=121 signals=6 entries=0 exits=0 blocked=6 open=9 cash=0.00 equity=10063.68
[SIGNAL] 2026-08-10T08:44:59+00:00 ADATRY BUY fill_at=2026-08-10T08:49:59+00:00 features={"close": 9.36, "bb_lower": 9.363811165865172, "bb_upper": 9.50190311984911, "rsi": 32.3869250086164, "mfi": 28.997986622506218, "atr": 0.019999999999999955}
[BLOCKED] ADATRY reason=insufficient_cash order=0.00 cash=0.00
[SIGNAL] 2026-08-10T08:44:59+00:00 ALICETRY BUY fill_at=2026-08-10T08:49:59+00:00 features={"close": 5.68, "bb_lower": 5.6801311509564405, "bb_upper": 5.70939265856737, "rsi": 33.43840473429586, "mfi": 45.9676959336413, "atr": 0.005714285714285783}
[BLOCKED] ALICETRY reason=insufficient_cash order=0.00 cash=0.00
[SIGNAL] 2026-08-10T08:44:59+00:00 APTTRY BUY fill_at=2026-08-10T08:49:59+00:00 features={"close": 28.4, "bb_lower": 28.407637723550607, "bb_upper": 28.60188608597319, "rsi": 36.19996575821925, "mfi": 50.535020629966624, "atr": 0.04285714285714347}
[BLOCKED] APTTRY reason=insufficient_cash order=0.00 cash=0.00
[SIGNAL] 2026-08-10T08:44:59+00:00 ARBTRY BUY fill_at=2026-08-10T08:49:59+00:00 features={"close": 3.8, "bb_lower": 3.8022158742852064, "bb_upper": 3.833974601905269, "rsi": 39.75882814951897, "mfi": 16.697886463670983, "atr": 0.0057142857142857195}
[BLOCKED] ARBTRY reason=insufficient_cash order=0.00 cash=0.00
[SIGNAL] 2026-08-10T08:44:59+00:00 BANANATRY BUY fill_at=2026-08-10T08:49:59+00:00 features={"close": 176.0, "bb_lower": 176.92400390751118, "bb_upper": 178.79028180677454, "rsi": 9.312696329742735, "mfi": 0.0, "atr": 0.14285714285714285}
[BLOCKED] BANANATRY reason=insufficient_cash order=0.00 cash=0.00
[SIGNAL] 2026-08-10T08:44:59+00:00 FETTRY BUY fill_at=2026-08-10T08:49:59+00:00 features={"close": 6.57, "bb_lower": 6.5743997839282455, "bb_upper": 6.639885930357468, "rsi": 44.730365356707544, "mfi": 53.57215432818872, "atr": 0.022142857142857242}
[BLOCKED] FETTRY reason=insufficient_cash order=0.00 cash=0.00
[SIGNAL] 2026-08-10T08:44:59+00:00 SUITRY BUY fill_at=2026-08-10T08:49:59+00:00 features={"close": 33.01, "bb_lower": 33.03596449326123, "bb_upper": 33.227845030548295, "rsi": 34.841008148729614, "mfi": 3.402746758526831, "atr": 0.03500000000000166}
[BLOCKED] SUITRY reason=insufficient_cash order=0.00 cash=0.00
[SIGNAL] 2026-08-10T08:44:59+00:00 TAOTRY BUY fill_at=2026-08-10T08:49:59+00:00 features={"close": 9664.0, "bb_lower": 9674.159079929346, "bb_upper": 9744.03139626113, "rsi": 37.33497061042665, "mfi": 50.90074998008394, "atr": 15.071428571428571}
[BLOCKED] TAOTRY reason=insufficient_cash order=0.00 cash=0.00
[SIGNAL] 2026-08-10T08:44:59+00:00 TLMTRY BUY fill_at=2026-08-10T08:49:59+00:00 features={"close": 0.0748, "bb_lower": 0.0749359012402123, "bb_upper": 0.07666409875978772, "rsi": 25.74202406532042, "mfi": 9.987028674568563, "atr": 0.0002785714285714306}
[BLOCKED] TLMTRY reason=insufficient_cash order=0.00 cash=0.00
[SIGNAL] 2026-08-10T08:44:59+00:00 TRBTRY BUY fill_at=2026-08-10T08:49:59+00:00 features={"close": 655.0, "bb_lower": 655.3830237536998, "bb_upper": 659.7598333891573, "rsi": 30.900207507387435, "mfi": 39.30917955938755, "atr": 0.35714285714285715}
[BLOCKED] TRBTRY reason=insufficient_cash order=0.00 cash=0.00
[SIGNAL] 2026-08-10T08:44:59+00:00 TWTTRY BUY fill_at=2026-08-10T08:49:59+00:00 features={"close": 18.26, "bb_lower": 18.312116664047757, "bb_upper": 18.483121431190334, "rsi": 13.698298991783872, "mfi": 4.2753875913715405, "atr": 0.014285714285714235}
[BLOCKED] TWTTRY reason=insufficient_cash order=0.00 cash=0.00
[SIGNAL] 2026-08-10T08:44:59+00:00 USTCTRY BUY fill_at=2026-08-10T08:49:59+00:00 features={"close": 0.2394, "bb_lower": 0.23972155096663172, "bb_upper": 0.24124987760479688, "rsi": 26.581666019046196, "mfi": 18.438915488270936, "atr": 0.0002071428571428601}
[BLOCKED] USTCTRY reason=insufficient_cash order=0.00 cash=0.00
[SCAN] 2026-08-10T08:49:59+00:00 symbols=121 signals=12 entries=0 exits=0 blocked=12 open=9 cash=0.00 equity=10046.98
[SIGNAL] 2026-08-10T08:49:59+00:00 ALICETRY BUY fill_at=2026-08-10T08:54:59+00:00 features={"close": 5.67, "bb_lower": 5.675515917205839, "bb_upper": 5.711150749460829, "rsi": 27.7894908810714, "mfi": 44.16010151933936, "atr": 0.006428571428571482}
[BLOCKED] ALICETRY reason=insufficient_cash order=0.00 cash=0.00
[SIGNAL] 2026-08-10T08:49:59+00:00 API3TRY BUY fill_at=2026-08-10T08:54:59+00:00 features={"close": 9.24, "bb_lower": 9.244766971191487, "bb_upper": 9.289518743094233, "rsi": 33.142381097633915, "mfi": 2.6775532063095824, "atr": 0.00785714285714269}
[BLOCKED] API3TRY reason=insufficient_cash order=0.00 cash=0.00
[SIGNAL] 2026-08-10T08:49:59+00:00 ARBTRY BUY fill_at=2026-08-10T08:54:59+00:00 features={"close": 3.8, "bb_lower": 3.8022158742852064, "bb_upper": 3.833974601905269, "rsi": 39.75882814951897, "mfi": 18.881527276336215, "atr": 0.0057142857142857195}
[BLOCKED] ARBTRY reason=insufficient_cash order=0.00 cash=0.00
[SIGNAL] 2026-08-10T08:49:59+00:00 BANANATRY BUY fill_at=2026-08-10T08:54:59+00:00 features={"close": 175.0, "bb_lower": 176.18453539007535, "bb_upper": 179.2440360384961, "rsi": 6.542379673838909, "mfi": 0.0, "atr": 0.21428571428571427}
[BLOCKED] BANANATRY reason=insufficient_cash order=0.00 cash=0.00
[SIGNAL] 2026-08-10T08:49:59+00:00 HBARTRY BUY fill_at=2026-08-10T08:54:59+00:00 features={"close": 3.267, "bb_lower": 3.2676001561297725, "bb_upper": 3.2815427010130835, "rsi": 31.762298757754422, "mfi": 55.49064666171751, "atr": 0.0014999999999999933}
[BLOCKED] HBARTRY reason=insufficient_cash order=0.00 cash=0.00
[SIGNAL] 2026-08-10T08:49:59+00:00 MUBARAKTRY BUY fill_at=2026-08-10T08:54:59+00:00 features={"close": 0.928, "bb_lower": 0.9359349345748595, "bb_upper": 0.9794936368537117, "rsi": 31.34741824067636, "mfi": 44.43898680487238, "atr": 0.016428571428571435}
[BLOCKED] MUBARAKTRY reason=insufficient_cash order=0.00 cash=0.00
[SIGNAL] 2026-08-10T08:49:59+00:00 TRBTRY BUY fill_at=2026-08-10T08:54:59+00:00 features={"close": 655.0, "bb_lower": 655.0369050524065, "bb_upper": 659.9154758999745, "rsi": 30.900207507387435, "mfi": 39.30917955938755, "atr": 0.35714285714285715}
[BLOCKED] TRBTRY reason=insufficient_cash order=0.00 cash=0.00
[SIGNAL] 2026-08-10T08:49:59+00:00 TREETRY BUY fill_at=2026-08-10T08:54:59+00:00 features={"close": 1.76, "bb_lower": 1.765244531420089, "bb_upper": 1.8004697542941976, "rsi": 2.847115068468611, "mfi": 0.0, "atr": 0.0021428571428571447}
[BLOCKED] TREETRY reason=insufficient_cash order=0.00 cash=0.00
[SIGNAL] 2026-08-10T08:49:59+00:00 TWTTRY BUY fill_at=2026-08-10T08:54:59+00:00 features={"close": 18.26, "bb_lower": 18.2871088491336, "bb_upper": 18.49384353181878, "rsi": 13.698298991783872, "mfi": 4.2753875913715405, "atr": 0.013571428571428663}
[BLOCKED] TWTTRY reason=insufficient_cash order=0.00 cash=0.00
[SIGNAL] 2026-08-10T08:49:59+00:00 USTCTRY BUY fill_at=2026-08-10T08:54:59+00:00 features={"close": 0.2394, "bb_lower": 0.23954516308216764, "bb_upper": 0.2412834083464038, "rsi": 26.581666019046196, "mfi": 17.149054011318, "atr": 0.00018571428571428905}
[BLOCKED] USTCTRY reason=insufficient_cash order=0.00 cash=0.00
[SCAN] 2026-08-10T08:54:59+00:00 symbols=121 signals=10 entries=0 exits=0 blocked=10 open=9 cash=0.00 equity=10041.01
[SIGNAL] 2026-08-10T08:54:59+00:00 AEVOTRY BUY fill_at=2026-08-10T08:59:59+00:00 features={"close": 0.993, "bb_lower": 0.9930622928012129, "bb_upper": 1.0029377071987866, "rsi": 40.319658622470065, "mfi": 53.31322482832263, "atr": 0.0014999999999999697}
[BLOCKED] AEVOTRY reason=insufficient_cash order=0.00 cash=0.00
[SIGNAL] 2026-08-10T08:54:59+00:00 ALICETRY BUY fill_at=2026-08-10T08:59:59+00:00 features={"close": 5.67, "bb_lower": 5.671791702779101, "bb_upper": 5.712017821030422, "rsi": 27.7894908810714, "mfi": 32.38138410419171, "atr": 0.006428571428571482}
[BLOCKED] ALICETRY reason=insufficient_cash order=0.00 cash=0.00
[SIGNAL] 2026-08-10T08:54:59+00:00 ARBTRY BUY fill_at=2026-08-10T08:59:59+00:00 features={"close": 3.8, "bb_lower": 3.800265840801629, "bb_upper": 3.834972254436465, "rsi": 39.75882814951897, "mfi": 0.573640289653838, "atr": 0.0057142857142857195}
[BLOCKED] ARBTRY reason=insufficient_cash order=0.00 cash=0.00
[SIGNAL] 2026-08-10T08:54:59+00:00 BANANATRY BUY fill_at=2026-08-10T08:59:59+00:00 features={"close": 174.0, "bb_lower": 175.33126391748164, "bb_upper": 179.7163551301374, "rsi": 4.947850008376918, "mfi": 0.0, "atr": 0.2857142857142857}
[BLOCKED] BANANATRY reason=insufficient_cash order=0.00 cash=0.00
[SIGNAL] 2026-08-10T08:54:59+00:00 MEMETRY BUY fill_at=2026-08-10T08:59:59+00:00 features={"close": 0.0248, "bb_lower": 0.024824016661084275, "bb_upper": 0.025261697624630028, "rsi": 37.1476314042584, "mfi": 28.722152570152232, "atr": 0.00010714285714285749}
[BLOCKED] MEMETRY reason=insufficient_cash order=0.00 cash=0.00
[SIGNAL] 2026-08-10T08:54:59+00:00 MUBARAKTRY BUY fill_at=2026-08-10T08:59:59+00:00 features={"close": 0.93, "bb_lower": 0.9320157664858051, "bb_upper": 0.9793175668475282, "rsi": 32.46335810837415, "mfi": 35.13086448332896, "atr": 0.016500000000000008}
[BLOCKED] MUBARAKTRY reason=insufficient_cash order=0.00 cash=0.00
[SIGNAL] 2026-08-10T08:54:59+00:00 TREETRY BUY fill_at=2026-08-10T08:59:59+00:00 features={"close": 1.76, "bb_lower": 1.7616337050563557, "bb_upper": 1.8012234378007874, "rsi": 2.847115068468611, "mfi": 0.0, "atr": 0.0021428571428571447}
[BLOCKED] TREETRY reason=insufficient_cash order=0.00 cash=0.00
[SIGNAL] 2026-08-10T08:54:59+00:00 USTCTRY BUY fill_at=2026-08-10T08:59:59+00:00 features={"close": 0.2394, "bb_lower": 0.23940158863995384, "bb_upper": 0.24128412564576043, "rsi": 26.581666019046196, "mfi": 20.683812252707767, "atr": 0.00017142857142857435}
[BLOCKED] USTCTRY reason=insufficient_cash order=0.00 cash=0.00
[SCAN] 2026-08-10T08:59:59+00:00 symbols=121 signals=8 entries=0 exits=0 blocked=8 open=9 cash=0.00 equity=10055.08
[SIGNAL] 2026-08-10T08:59:59+00:00 AEVOTRY BUY fill_at=2026-08-10T09:04:59+00:00 features={"close": 0.991, "bb_lower": 0.9923267690891586, "bb_upper": 1.0033875166251265, "rsi": 36.404585251837226, "mfi": 47.413658603167825, "atr": 0.0014285714285713982}
[BLOCKED] AEVOTRY reason=insufficient_cash order=0.00 cash=0.00
[SIGNAL] 2026-08-10T08:59:59+00:00 ARKTRY BUY fill_at=2026-08-10T09:04:59+00:00 features={"close": 4.49, "bb_lower": 4.492064609936953, "bb_upper": 4.514602056729713, "rsi": 23.905694849618897, "mfi": 0.0, "atr": 0.0014285714285713982}
[BLOCKED] ARKTRY reason=insufficient_cash order=0.00 cash=0.00
[SCAN] 2026-08-10T09:04:59+00:00 symbols=121 signals=2 entries=0 exits=0 blocked=2 open=9 cash=0.00 equity=10057.51
[SIGNAL] 2026-08-10T09:04:59+00:00 AEVOTRY BUY fill_at=2026-08-10T09:09:59+00:00 features={"close": 0.991, "bb_lower": 0.9912542922015004, "bb_upper": 1.0036980887508802, "rsi": 36.404585251837226, "mfi": 40.03948961422888, "atr": 0.0013571428571428346}
[BLOCKED] AEVOTRY reason=insufficient_cash order=0.00 cash=0.00
[SIGNAL] 2026-08-10T09:04:59+00:00 ARKTRY BUY fill_at=2026-08-10T09:09:59+00:00 features={"close": 4.49, "bb_lower": 4.490294375277835, "bb_upper": 4.51541991043645, "rsi": 23.905694849618897, "mfi": 0.0, "atr": 0.0014285714285713982}
[BLOCKED] ARKTRY reason=insufficient_cash order=0.00 cash=0.00
[SIGNAL] 2026-08-10T09:04:59+00:00 CATITRY BUY fill_at=2026-08-10T09:09:59+00:00 features={"close": 2.115, "bb_lower": 2.1181617491733324, "bb_upper": 2.159552536540953, "rsi": 34.48641063352335, "mfi": 33.56495505453756, "atr": 0.01042857142857139}
[BLOCKED] CATITRY reason=insufficient_cash order=0.00 cash=0.00
[SIGNAL] 2026-08-10T09:04:59+00:00 HOMETRY BUY fill_at=2026-08-10T09:09:59+00:00 features={"close": 0.448, "bb_lower": 0.450184526132858, "bb_upper": 0.4654345214861899, "rsi": 35.722485947457784, "mfi": 45.37019087966277, "atr": 0.004071428571428571}
[BLOCKED] HOMETRY reason=insufficient_cash order=0.00 cash=0.00
[SCAN] 2026-08-10T09:09:59+00:00 symbols=121 signals=4 entries=0 exits=0 blocked=4 open=9 cash=0.00 equity=10070.78
[SIGNAL] 2026-08-10T09:09:59+00:00 MEMETRY BUY fill_at=2026-08-10T09:14:59+00:00 features={"close": 0.0247, "bb_lower": 0.02472397377626305, "bb_upper": 0.02527602622373694, "rsi": 35.30998568437309, "mfi": 23.098506299841134, "atr": 0.00010714285714285749}
[BLOCKED] MEMETRY reason=insufficient_cash order=0.00 cash=0.00
[SIGNAL] 2026-08-10T09:09:59+00:00 THETATRY BUY fill_at=2026-08-10T09:14:59+00:00 features={"close": 6.684, "bb_lower": 6.686859983998587, "bb_upper": 6.777044777906176, "rsi": 30.24059032142104, "mfi": 0.0, "atr": 0.004714285714285639}
[BLOCKED] THETATRY reason=insufficient_cash order=0.00 cash=0.00
[SCAN] 2026-08-10T09:14:59+00:00 symbols=121 signals=2 entries=0 exits=0 blocked=2 open=9 cash=0.00 equity=10065.34
[SIGNAL] 2026-08-10T09:14:59+00:00 APTTRY BUY fill_at=2026-08-10T09:19:59+00:00 features={"close": 28.3, "bb_lower": 28.33132086475426, "bb_upper": 28.592488659055256, "rsi": 23.77578504526322, "mfi": 45.04131320160035, "atr": 0.04285714285714321}
[BLOCKED] APTTRY reason=insufficient_cash order=0.00 cash=0.00
[SCAN] 2026-08-10T09:19:59+00:00 symbols=121 signals=1 entries=0 exits=0 blocked=1 open=9 cash=0.00 equity=10066.62
[SIGNAL] 2026-08-10T09:19:59+00:00 APTTRY BUY fill_at=2026-08-10T09:24:59+00:00 features={"close": 28.3, "bb_lower": 28.306073414326306, "bb_upper": 28.598688490435585, "rsi": 23.77578504526322, "mfi": 37.53661361874443, "atr": 0.028571428571428723}
[BLOCKED] APTTRY reason=insufficient_cash order=0.00 cash=0.00
[SIGNAL] 2026-08-10T09:19:59+00:00 HAEDALTRY BUY fill_at=2026-08-10T09:24:59+00:00 features={"close": 0.795, "bb_lower": 0.7962303324749067, "bb_upper": 0.8052934770489031, "rsi": 27.333395147198345, "mfi": 18.955124613906975, "atr": 0.0017857142857142874}
[BLOCKED] HAEDALTRY reason=insufficient_cash order=0.00 cash=0.00
[SCAN] 2026-08-10T09:24:59+00:00 symbols=121 signals=2 entries=0 exits=0 blocked=2 open=9 cash=0.00 equity=10061.77
[SIGNAL] 2026-08-10T09:24:59+00:00 HAEDALTRY BUY fill_at=2026-08-10T09:29:59+00:00 features={"close": 0.791, "bb_lower": 0.7944423089639766, "bb_upper": 0.8056529291312621, "rsi": 21.9627035496637, "mfi": 18.952746486168124, "atr": 0.0020714285714285735}
[BLOCKED] HAEDALTRY reason=insufficient_cash order=0.00 cash=0.00
[SIGNAL] 2026-08-10T09:24:59+00:00 ZROTRY BUY fill_at=2026-08-10T09:29:59+00:00 features={"close": 41.0, "bb_lower": 41.07297410553676, "bb_upper": 41.55559732303466, "rsi": 36.19590804693306, "mfi": 24.926493946109773, "atr": 0.0999999999999999}
[BLOCKED] ZROTRY reason=insufficient_cash order=0.00 cash=0.00
[SCAN] 2026-08-10T09:29:59+00:00 symbols=121 signals=2 entries=0 exits=0 blocked=2 open=9 cash=0.00 equity=10055.31
[SIGNAL] 2026-08-10T09:29:59+00:00 ARKMTRY BUY fill_at=2026-08-10T09:34:59+00:00 features={"close": 4.713, "bb_lower": 4.715840798690846, "bb_upper": 4.777873487023439, "rsi": 41.546466034346906, "mfi": 51.077795112471094, "atr": 0.008714285714285706}
[BLOCKED] ARKMTRY reason=insufficient_cash order=0.00 cash=0.00
[SIGNAL] 2026-08-10T09:29:59+00:00 ARKTRY BUY fill_at=2026-08-10T09:34:59+00:00 features={"close": 4.48, "bb_lower": 4.4816944122302, "bb_upper": 4.516400825865035, "rsi": 13.321365337371205, "mfi": 0.0, "atr": 0.0014285714285713982}
[BLOCKED] ARKTRY reason=insufficient_cash order=0.00 cash=0.00
[SIGNAL] 2026-08-10T09:29:59+00:00 BLURTRY BUY fill_at=2026-08-10T09:34:59+00:00 features={"close": 0.659, "bb_lower": 0.6592064609936954, "bb_upper": 0.6614602056729715, "rsi": 28.788891039890416, "mfi": 10.625383439805276, "atr": 0.00028571428571428595}
[BLOCKED] BLURTRY reason=insufficient_cash order=0.00 cash=0.00
[SIGNAL] 2026-08-10T09:29:59+00:00 BMTTRY BUY fill_at=2026-08-10T09:34:59+00:00 features={"close": 1.391, "bb_lower": 1.4635343713894413, "bb_upper": 1.695608485753416, "rsi": 27.96124674865412, "mfi": 35.492371376886155, "atr": 0.0687142857142857}
[BLOCKED] BMTTRY reason=insufficient_cash order=0.00 cash=0.00
[SIGNAL] 2026-08-10T09:29:59+00:00 CETUSTRY BUY fill_at=2026-08-10T09:34:59+00:00 features={"close": 0.887, "bb_lower": 0.8889184568569111, "bb_upper": 0.9054624955240413, "rsi": 26.096240969874117, "mfi": 9.149022342404876, "atr": 0.0028571428571428597}
[BLOCKED] CETUSTRY reason=insufficient_cash order=0.00 cash=0.00
[SIGNAL] 2026-08-10T09:29:59+00:00 HAEDALTRY BUY fill_at=2026-08-10T09:34:59+00:00 features={"close": 0.788, "bb_lower": 0.7921634793349727, "bb_upper": 0.8062174730459798, "rsi": 18.939133049985386, "mfi": 18.116751086376027, "atr": 0.0022857142857142876}
[BLOCKED] HAEDALTRY reason=insufficient_cash order=0.00 cash=0.00
[SIGNAL] 2026-08-10T09:29:59+00:00 OPTRY BUY fill_at=2026-08-10T09:34:59+00:00 features={"close": 4.32, "bb_lower": 4.321554321653226, "bb_upper": 4.357493297394393, "rsi": 36.25104910996316, "mfi": 50.63633695182867, "atr": 0.004999999999999893}
[BLOCKED] OPTRY reason=insufficient_cash order=0.00 cash=0.00
[SIGNAL] 2026-08-10T09:29:59+00:00 SUITRY BUY fill_at=2026-08-10T09:34:59+00:00 features={"close": 33.02, "bb_lower": 33.022016982391804, "bb_upper": 33.169411589036784, "rsi": 39.138469670811226, "mfi": 13.852843825509098, "atr": 0.037857142857143956}
[BLOCKED] SUITRY reason=insufficient_cash order=0.00 cash=0.00
[SIGNAL] 2026-08-10T09:29:59+00:00 WLDTRY BUY fill_at=2026-08-10T09:34:59+00:00 features={"close": 16.41, "bb_lower": 16.436717209161998, "bb_upper": 16.87185421940943, "rsi": 40.03384955624065, "mfi": 32.734360994925495, "atr": 0.10857142857142854}
[BLOCKED] WLDTRY reason=insufficient_cash order=0.00 cash=0.00
[SIGNAL] 2026-08-10T09:29:59+00:00 ZROTRY BUY fill_at=2026-08-10T09:34:59+00:00 features={"close": 41.0, "bb_lower": 41.0293083961752, "bb_upper": 41.55164398477718, "rsi": 36.19590804693308, "mfi": 21.466393773036074, "atr": 0.08571428571428592}
[BLOCKED] ZROTRY reason=insufficient_cash order=0.00 cash=0.00
[SCAN] 2026-08-10T09:34:59+00:00 symbols=121 signals=10 entries=0 exits=0 blocked=10 open=9 cash=0.00 equity=10037.28
[SIGNAL] 2026-08-10T09:34:59+00:00 ALPINETRY BUY fill_at=2026-08-10T09:39:59+00:00 features={"close": 15.63, "bb_lower": 15.664682586533257, "bb_upper": 15.799126937276274, "rsi": 29.195821629430185, "mfi": 6.0212407600297695, "atr": 0.0207142857142854}
[BLOCKED] ALPINETRY reason=max_layers
[SIGNAL] 2026-08-10T09:34:59+00:00 ARBTRY BUY fill_at=2026-08-10T09:39:59+00:00 features={"close": 3.79, "bb_lower": 3.7915275447101227, "bb_upper": 3.8303772171946395, "rsi": 35.773524055201264, "mfi": 22.903283124658998, "atr": 0.00785714285714288}
[BLOCKED] ARBTRY reason=insufficient_cash order=0.00 cash=0.00
[SIGNAL] 2026-08-10T09:34:59+00:00 ARPATRY BUY fill_at=2026-08-10T09:39:59+00:00 features={"close": 0.42, "bb_lower": 0.42052110509629925, "bb_upper": 0.4223265139513198, "rsi": 36.758467368033415, "mfi": 7.056356932786656, "atr": 0.000450000000000002}
[BLOCKED] ARPATRY reason=insufficient_cash order=0.00 cash=0.00
[SIGNAL] 2026-08-10T09:34:59+00:00 AVNTTRY BUY fill_at=2026-08-10T09:39:59+00:00 features={"close": 4.51, "bb_lower": 4.5275349128822855, "bb_upper": 4.589607944260572, "rsi": 36.47139148896313, "mfi": 31.028349782472006, "atr": 0.009285714285714342}
[BLOCKED] AVNTTRY reason=insufficient_cash order=0.00 cash=0.00
[SIGNAL] 2026-08-10T09:34:59+00:00 BLURTRY BUY fill_at=2026-08-10T09:39:59+00:00 features={"close": 0.657, "bb_lower": 0.6583662135136975, "bb_upper": 0.661919500772017, "rsi": 18.531257267401685, "mfi": 1.8404726353610386, "atr": 0.00042857142857142893}
[BLOCKED] BLURTRY reason=insufficient_cash order=0.00 cash=0.00
[SIGNAL] 2026-08-10T09:34:59+00:00 BMTTRY BUY fill_at=2026-08-10T09:39:59+00:00 features={"close": 1.38, "bb_lower": 1.4258293822638965, "bb_upper": 1.712646808212294, "rsi": 27.32235791155682, "mfi": 34.29023885373975, "atr": 0.06749999999999999}
[BLOCKED] BMTTRY reason=insufficient_cash order=0.00 cash=0.00
[SIGNAL] 2026-08-10T09:34:59+00:00 CETUSTRY BUY fill_at=2026-08-10T09:39:59+00:00 features={"close": 0.886, "bb_lower": 0.8874886832466624, "bb_upper": 0.9050827453247661, "rsi": 25.164597438981843, "mfi": 6.1197160420574335, "atr": 0.0030714285714285743}
[BLOCKED] CETUSTRY reason=insufficient_cash order=0.00 cash=0.00
[SIGNAL] 2026-08-10T09:34:59+00:00 LDOTRY BUY fill_at=2026-08-10T09:39:59+00:00 features={"close": 13.94, "bb_lower": 13.954249097785688, "bb_upper": 14.053369949833364, "rsi": 33.74901639861325, "mfi": 41.61873252487365, "atr": 0.025000000000000102}
[BLOCKED] LDOTRY reason=insufficient_cash order=0.00 cash=0.00
[SIGNAL] 2026-08-10T09:34:59+00:00 OPTRY BUY fill_at=2026-08-10T09:39:59+00:00 features={"close": 4.31, "bb_lower": 4.316323162119049, "bb_upper": 4.3589149331190455, "rsi": 30.94138928929509, "mfi": 43.33028174361916, "atr": 0.005714285714285656}
[BLOCKED] OPTRY reason=insufficient_cash order=0.00 cash=0.00
[SIGNAL] 2026-08-10T09:34:59+00:00 REDTRY BUY fill_at=2026-08-10T09:39:59+00:00 features={"close": 4.17, "bb_lower": 4.175793897271429, "bb_upper": 4.201348959871428, "rsi": 33.117117390274686, "mfi": 4.19948803042783, "atr": 0.0028571428571429864}
[BLOCKED] REDTRY reason=insufficient_cash order=0.00 cash=0.00
[SIGNAL] 2026-08-10T09:34:59+00:00 REZTRY BUY fill_at=2026-08-10T09:39:59+00:00 features={"close": 0.138, "bb_lower": 0.13805229741340605, "bb_upper": 0.1402238930627844, "rsi": 39.42384446293632, "mfi": 28.097464451868447, "atr": 0.0005571428571428592}
[BLOCKED] REZTRY reason=insufficient_cash order=0.00 cash=0.00
[SIGNAL] 2026-08-10T09:34:59+00:00 SCRTRY BUY fill_at=2026-08-10T09:39:59+00:00 features={"close": 1.02, "bb_lower": 1.0211227514353498, "bb_upper": 1.031067724755126, "rsi": 34.131912531141154, "mfi": 25.72079916735008, "atr": 0.0014285714285714299}
[BLOCKED] SCRTRY reason=insufficient_cash order=0.00 cash=0.00
[SIGNAL] 2026-08-10T09:34:59+00:00 SPELLTRY BUY fill_at=2026-08-10T09:39:59+00:00 features={"close": 0.00379, "bb_lower": 0.0037934963542800588, "bb_upper": 0.0038169798361961313, "rsi": 28.913363015192402, "mfi": 10.866707974899583, "atr": 4.285714285714297e-06}
[BLOCKED] SPELLTRY reason=insufficient_cash order=0.00 cash=0.00
[SIGNAL] 2026-08-10T09:34:59+00:00 SUITRY BUY fill_at=2026-08-10T09:39:59+00:00 features={"close": 32.98, "bb_lower": 33.00134579479452, "bb_upper": 33.17674944330075, "rsi": 34.849541181225135, "mfi": 13.556198276497895, "atr": 0.042857142857143975}
[BLOCKED] SUITRY reason=insufficient_cash order=0.00 cash=0.00
[SIGNAL] 2026-08-10T09:34:59+00:00 TRBTRY BUY fill_at=2026-08-10T09:39:59+00:00 features={"close": 655.0, "bb_lower": 655.2253992711635, "bb_upper": 659.3460293002652, "rsi": 35.495960377955925, "mfi": 33.0383425679408, "atr": 0.7142857142857143}
[BLOCKED] TRBTRY reason=insufficient_cash order=0.00 cash=0.00
[SIGNAL] 2026-08-10T09:34:59+00:00 TRUMPTRY BUY fill_at=2026-08-10T09:39:59+00:00 features={"close": 71.3, "bb_lower": 71.32900477714192, "bb_upper": 71.74718569904859, "rsi": 36.01803616727896, "mfi": 46.59898174091291, "atr": 0.042857142857141435}
[BLOCKED] TRUMPTRY reason=insufficient_cash order=0.00 cash=0.00
[SIGNAL] 2026-08-10T09:34:59+00:00 ZROTRY BUY fill_at=2026-08-10T09:39:59+00:00 features={"close": 40.8, "bb_lower": 40.93898489355257, "bb_upper": 41.57530082073315, "rsi": 29.675736843325893, "mfi": 28.400797250658684, "atr": 0.09285714285714317}
[BLOCKED] ZROTRY reason=insufficient_cash order=0.00 cash=0.00
[SCAN] 2026-08-10T09:39:59+00:00 symbols=121 signals=17 entries=0 exits=0 blocked=17 open=9 cash=0.00 equity=10028.81
[SIGNAL] 2026-08-10T09:39:59+00:00 1MBABYDOGETRY BUY fill_at=2026-08-10T09:44:59+00:00 features={"close": 0.01679, "bb_lower": 0.016795820214913115, "bb_upper": 0.016898465499372597, "rsi": 36.70229647092065, "mfi": 29.567666073742387, "atr": 1.2142857142856897e-05}
[BLOCKED] 1MBABYDOGETRY reason=insufficient_cash order=0.00 cash=0.00
[SIGNAL] 2026-08-10T09:39:59+00:00 ALPINETRY BUY fill_at=2026-08-10T09:44:59+00:00 features={"close": 15.62, "bb_lower": 15.646534498796168, "bb_upper": 15.809655977394314, "rsi": 28.079543849253383, "mfi": 2.7897408046915046, "atr": 0.022857142857142625}
[BLOCKED] ALPINETRY reason=max_layers
[SIGNAL] 2026-08-10T09:39:59+00:00 API3TRY BUY fill_at=2026-08-10T09:44:59+00:00 features={"close": 9.23, "bb_lower": 9.231137244880065, "bb_upper": 9.281243707500886, "rsi": 30.5066797582774, "mfi": 10.16775063537824, "atr": 0.005714285714285593}
[BLOCKED] API3TRY reason=insufficient_cash order=0.00 cash=0.00
[SIGNAL] 2026-08-10T09:39:59+00:00 APTTRY BUY fill_at=2026-08-10T09:44:59+00:00 features={"close": 28.2, "bb_lower": 28.21527544710123, "bb_upper": 28.603772171946392, "rsi": 15.723497350835316, "mfi": 49.83452882095441, "atr": 0.02857142857142847}
[BLOCKED] APTTRY reason=insufficient_cash order=0.00 cash=0.00
[SIGNAL] 2026-08-10T09:39:59+00:00 ARPATRY BUY fill_at=2026-08-10T09:44:59+00:00 features={"close": 0.42, "bb_lower": 0.42027435410105746, "bb_upper": 0.422449455422752, "rsi": 36.75846736803341, "mfi": 7.163481901028447, "atr": 0.0004428571428571456}
[BLOCKED] ARPATRY reason=insufficient_cash order=0.00 cash=0.00
[SIGNAL] 2026-08-10T09:39:59+00:00 AVNTTRY BUY fill_at=2026-08-10T09:44:59+00:00 features={"close": 4.51, "bb_lower": 4.5189025750665, "bb_upper": 4.592525996362072, "rsi": 36.47139148896313, "mfi": 31.296135766892306, "atr": 0.008571428571428643}
[BLOCKED] AVNTTRY reason=insufficient_cash order=0.00 cash=0.00
[SIGNAL] 2026-08-10T09:39:59+00:00 BLURTRY BUY fill_at=2026-08-10T09:44:59+00:00 features={"close": 0.657, "bb_lower": 0.6577722813062363, "bb_upper": 0.6621324805985258, "rsi": 18.531257267401685, "mfi": 1.8404726353610386, "atr": 0.00035714285714285747}
[BLOCKED] BLURTRY reason=insufficient_cash order=0.00 cash=0.00
[SIGNAL] 2026-08-10T09:39:59+00:00 CYBERTRY BUY fill_at=2026-08-10T09:44:59+00:00 features={"close": 14.8, "bb_lower": 14.838278660015161, "bb_upper": 14.961721339984836, "rsi": 29.64957273955956, "mfi": 9.231471681777393, "atr": 0.021428571428571352}
[BLOCKED] CYBERTRY reason=insufficient_cash order=0.00 cash=0.00
[SIGNAL] 2026-08-10T09:39:59+00:00 HAEDALTRY BUY fill_at=2026-08-10T09:44:59+00:00 features={"close": 0.789, "bb_lower": 0.7894239643318454, "bb_upper": 0.8071474642395834, "rsi": 26.93488876009748, "mfi": 22.626893153782078, "atr": 0.002571428571428574}
[BLOCKED] HAEDALTRY reason=insufficient_cash order=0.00 cash=0.00
[SIGNAL] 2026-08-10T09:39:59+00:00 LDOTRY BUY fill_at=2026-08-10T09:44:59+00:00 features={"close": 13.94, "bb_lower": 13.944415915887026, "bb_upper": 14.057488846017739, "rsi": 33.74901639861325, "mfi": 23.87668821908113, "atr": 0.0264285714285715}
[BLOCKED] LDOTRY reason=insufficient_cash order=0.00 cash=0.00
[SIGNAL] 2026-08-10T09:39:59+00:00 OPTRY BUY fill_at=2026-08-10T09:44:59+00:00 features={"close": 4.31, "bb_lower": 4.3121536821393285, "bb_upper": 4.359274889289244, "rsi": 30.941389289295103, "mfi": 40.41804832451926, "atr": 0.005714285714285656}
[BLOCKED] OPTRY reason=insufficient_cash order=0.00 cash=0.00
[SIGNAL] 2026-08-10T09:39:59+00:00 REDTRY BUY fill_at=2026-08-10T09:44:59+00:00 features={"close": 4.17, "bb_lower": 4.173145772898382, "bb_upper": 4.201139941387334, "rsi": 33.1171173902747, "mfi": 4.19948803042783, "atr": 0.0028571428571429864}
[BLOCKED] REDTRY reason=insufficient_cash order=0.00 cash=0.00
[SIGNAL] 2026-08-10T09:39:59+00:00 SCRTRY BUY fill_at=2026-08-10T09:44:59+00:00 features={"close": 1.016, "bb_lower": 1.0190322311664943, "bb_upper": 1.0320153878811242, "rsi": 28.780072989907467, "mfi": 14.744170090190408, "atr": 0.0016428571428571523}
[BLOCKED] SCRTRY reason=insufficient_cash order=0.00 cash=0.00
[SIGNAL] 2026-08-10T09:39:59+00:00 SPELLTRY BUY fill_at=2026-08-10T09:44:59+00:00 features={"close": 0.00379, "bb_lower": 0.0037914967730693482, "bb_upper": 0.003818027036454461, "rsi": 28.913363015192402, "mfi": 10.866707974899583, "atr": 3.5714285714285807e-06}
[BLOCKED] SPELLTRY reason=insufficient_cash order=0.00 cash=0.00
[SCAN] 2026-08-10T09:44:59+00:00 symbols=121 signals=14 entries=0 exits=0 blocked=14 open=9 cash=0.00 equity=10041.86
[SIGNAL] 2026-08-10T09:44:59+00:00 1MBABYDOGETRY BUY fill_at=2026-08-10T09:49:59+00:00 features={"close": 0.01679, "bb_lower": 0.016790776893213444, "bb_upper": 0.016893032630596067, "rsi": 36.70229647092064, "mfi": 29.446210233979343, "atr": 9.285714285714155e-06}
[BLOCKED] 1MBABYDOGETRY reason=insufficient_cash order=0.00 cash=0.00
[SIGNAL] 2026-08-10T09:44:59+00:00 ARPATRY BUY fill_at=2026-08-10T09:49:59+00:00 features={"close": 0.42, "bb_lower": 0.4200740970786668, "bb_upper": 0.4224592362546666, "rsi": 36.75846736803341, "mfi": 7.163481901028447, "atr": 0.0004428571428571456}
[BLOCKED] ARPATRY reason=insufficient_cash order=0.00 cash=0.00
[SIGNAL] 2026-08-10T09:44:59+00:00 BLURTRY BUY fill_at=2026-08-10T09:49:59+00:00 features={"close": 0.657, "bb_lower": 0.6573004099079391, "bb_upper": 0.6622233996158706, "rsi": 18.531257267401685, "mfi": 1.8404726353610386, "atr": 0.00035714285714285747}
[BLOCKED] BLURTRY reason=insufficient_cash order=0.00 cash=0.00
[SIGNAL] 2026-08-10T09:44:59+00:00 HAEDALTRY BUY fill_at=2026-08-10T09:49:59+00:00 features={"close": 0.786, "bb_lower": 0.787381397428499, "bb_upper": 0.8077614597143584, "rsi": 23.64237872120796, "mfi": 21.92626226227806, "atr": 0.002642857142857145}
[BLOCKED] HAEDALTRY reason=insufficient_cash order=0.00 cash=0.00
[SIGNAL] 2026-08-10T09:44:59+00:00 TURTLETRY BUY fill_at=2026-08-10T09:49:59+00:00 features={"close": 2.16, "bb_lower": 2.1619151187684995, "bb_upper": 2.1837991669457875, "rsi": 19.159748665486717, "mfi": 54.00413476364234, "atr": 0.0014285714285714299}
[BLOCKED] TURTLETRY reason=insufficient_cash order=0.00 cash=0.00
[SCAN] 2026-08-10T09:49:59+00:00 symbols=121 signals=5 entries=0 exits=0 blocked=5 open=9 cash=0.00 equity=10029.83
[SIGNAL] 2026-08-10T09:49:59+00:00 1MBABYDOGETRY BUY fill_at=2026-08-10T09:54:59+00:00 features={"close": 0.01677, "bb_lower": 0.01677869536712566, "bb_upper": 0.016897495109064804, "rsi": 32.967769205338755, "mfi": 21.637596795287095, "atr": 9.99999999999984e-06}
[BLOCKED] 1MBABYDOGETRY reason=insufficient_cash order=0.00 cash=0.00
[SIGNAL] 2026-08-10T09:49:59+00:00 AEROTRY BUY fill_at=2026-08-10T09:54:59+00:00 features={"close": 19.91, "bb_lower": 19.930330405111174, "bb_upper": 20.078241023460254, "rsi": 19.286702923394188, "mfi": 0.5007791507582766, "atr": 0.012857142857143091}
[BLOCKED] AEROTRY reason=insufficient_cash order=0.00 cash=0.00
[SIGNAL] 2026-08-10T09:49:59+00:00 ALPINETRY BUY fill_at=2026-08-10T09:54:59+00:00 features={"close": 15.62, "bb_lower": 15.625766162032042, "bb_upper": 15.818043361777486, "rsi": 34.08383768312366, "mfi": 2.938913895456679, "atr": 0.024285714285714275}
[BLOCKED] ALPINETRY reason=max_layers
[SIGNAL] 2026-08-10T09:49:59+00:00 ARTRY BUY fill_at=2026-08-10T09:54:59+00:00 features={"close": 86.45, "bb_lower": 86.45317674856861, "bb_upper": 86.46491848952664, "rsi": 70.17146214235693, "mfi": 0.0, "atr": 0.01285714285714233}
[BLOCKED] ARTRY reason=insufficient_cash order=0.00 cash=0.00
[SIGNAL] 2026-08-10T09:49:59+00:00 IDTRY BUY fill_at=2026-08-10T09:54:59+00:00 features={"close": 1.357, "bb_lower": 1.3584554911331188, "bb_upper": 1.365925461247834, "rsi": 37.77051495892517, "mfi": 49.45723588898431, "atr": 0.0021428571428571607}
[BLOCKED] IDTRY reason=insufficient_cash order=0.00 cash=0.00
[SIGNAL] 2026-08-10T09:49:59+00:00 KITETRY BUY fill_at=2026-08-10T09:54:59+00:00 features={"close": 4.774, "bb_lower": 4.781267500511937, "bb_upper": 4.853494404249968, "rsi": 28.61172544981187, "mfi": 9.47775451257651, "atr": 0.01085714285714293}
[BLOCKED] KITETRY reason=insufficient_cash order=0.00 cash=0.00
[SIGNAL] 2026-08-10T09:49:59+00:00 LDOTRY BUY fill_at=2026-08-10T09:54:59+00:00 features={"close": 13.92, "bb_lower": 13.926001561297735, "bb_upper": 14.06542701013084, "rsi": 30.512211971240717, "mfi": 23.504326888361533, "atr": 0.02214285714285705}
[BLOCKED] LDOTRY reason=insufficient_cash order=0.00 cash=0.00
[SIGNAL] 2026-08-10T09:49:59+00:00 STXTRY BUY fill_at=2026-08-10T09:54:59+00:00 features={"close": 6.27, "bb_lower": 6.274971871541809, "bb_upper": 6.353599557029621, "rsi": 22.499329149026366, "mfi": 46.459090218925034, "atr": 0.007142857142857244}
[BLOCKED] STXTRY reason=insufficient_cash order=0.00 cash=0.00
[SIGNAL] 2026-08-10T09:49:59+00:00 TURTLETRY BUY fill_at=2026-08-10T09:54:59+00:00 features={"close": 2.16, "bb_lower": 2.160184525262033, "bb_upper": 2.1845773794998724, "rsi": 19.159748665486703, "mfi": 0.0, "atr": 0.0014285714285714299}
[BLOCKED] TURTLETRY reason=insufficient_cash order=0.00 cash=0.00
[SCAN] 2026-08-10T09:54:59+00:00 symbols=121 signals=9 entries=0 exits=0 blocked=9 open=9 cash=0.00 equity=10052.13
[SIGNAL] 2026-08-10T09:54:59+00:00 1MBABYDOGETRY BUY fill_at=2026-08-10T09:59:59+00:00 features={"close": 0.01677, "bb_lower": 0.016770998540783535, "bb_upper": 0.01689376336397837, "rsi": 32.967769205338755, "mfi": 27.313757568390926, "atr": 9.99999999999984e-06}
[BLOCKED] 1MBABYDOGETRY reason=insufficient_cash order=0.00 cash=0.00
[SIGNAL] 2026-08-10T09:54:59+00:00 AEROTRY BUY fill_at=2026-08-10T09:59:59+00:00 features={"close": 19.91, "bb_lower": 19.91645964845566, "bb_upper": 20.07877844678244, "rsi": 19.286702923394188, "mfi": 0.5007791507582766, "atr": 0.012857142857143091}
[BLOCKED] AEROTRY reason=insufficient_cash order=0.00 cash=0.00
[SIGNAL] 2026-08-10T09:54:59+00:00 ARTRY BUY fill_at=2026-08-10T09:59:59+00:00 features={"close": 86.45, "bb_lower": 86.4515728864492, "bb_upper": 86.46556997069366, "rsi": 70.17146214235693, "mfi": 0.0, "atr": 0.01285714285714233}
[BLOCKED] ARTRY reason=insufficient_cash order=0.00 cash=0.00
[SIGNAL] 2026-08-10T09:54:59+00:00 FFTRY BUY fill_at=2026-08-10T09:59:59+00:00 features={"close": 2.979, "bb_lower": 2.996184504143993, "bb_upper": 3.0808631149036256, "rsi": 20.940766997934247, "mfi": 57.11421565014088, "atr": 0.00828571428571426}
[BLOCKED] FFTRY reason=insufficient_cash order=0.00 cash=0.00
[SIGNAL] 2026-08-10T09:54:59+00:00 TAOTRY BUY fill_at=2026-08-10T09:59:59+00:00 features={"close": 9660.0, "bb_lower": 9660.22903428104, "bb_upper": 9715.29477524277, "rsi": 35.910089259373734, "mfi": 23.16473343418764, "atr": 11.428571428571429}
[BLOCKED] TAOTRY reason=insufficient_cash order=0.00 cash=0.00
[SIGNAL] 2026-08-10T09:54:59+00:00 TRUMPTRY BUY fill_at=2026-08-10T09:59:59+00:00 features={"close": 71.2, "bb_lower": 71.23004099079391, "bb_upper": 71.72233996158705, "rsi": 34.10306713878457, "mfi": 32.802227749421604, "atr": 0.0642857142857147}
[BLOCKED] TRUMPTRY reason=insufficient_cash order=0.00 cash=0.00
[SIGNAL] 2026-08-10T09:54:59+00:00 TURTLETRY BUY fill_at=2026-08-10T09:59:59+00:00 features={"close": 2.14, "bb_lower": 2.152534209899225, "bb_upper": 2.189370552005537, "rsi": 9.308100094558625, "mfi": 0.0, "atr": 0.0028571428571428597}
[BLOCKED] TURTLETRY reason=insufficient_cash order=0.00 cash=0.00
[SCAN] 2026-08-10T09:59:59+00:00 symbols=121 signals=7 entries=0 exits=0 blocked=7 open=9 cash=0.00 equity=10050.59
[SIGNAL] 2026-08-10T09:59:59+00:00 AEROTRY BUY fill_at=2026-08-10T10:04:59+00:00 features={"close": 19.89, "bb_lower": 19.900344574965622, "bb_upper": 20.07965542503438, "rsi": 16.63352227065316, "mfi": 0.480198128075898, "atr": 0.010714285714285867}
[BLOCKED] AEROTRY reason=insufficient_cash order=0.00 cash=0.00
[SIGNAL] 2026-08-10T09:59:59+00:00 AIGENSYNTRY BUY fill_at=2026-08-10T10:04:59+00:00 features={"close": 1.045, "bb_lower": 1.0453996927892175, "bb_upper": 1.056028878639354, "rsi": 40.96844402774148, "mfi": 32.48917918083002, "atr": 0.003357142857142868}
[BLOCKED] AIGENSYNTRY reason=insufficient_cash order=0.00 cash=0.00
[SIGNAL] 2026-08-10T09:59:59+00:00 APTTRY BUY fill_at=2026-08-10T10:04:59+00:00 features={"close": 28.1, "bb_lower": 28.11547930692737, "bb_upper": 28.57023497878692, "rsi": 10.721932445393989, "mfi": 50.539621554395886, "atr": 0.028571428571428217}
[BLOCKED] APTTRY reason=insufficient_cash order=0.00 cash=0.00
[SIGNAL] 2026-08-10T09:59:59+00:00 ARTRY BUY fill_at=2026-08-10T10:04:59+00:00 features={"close": 86.45, "bb_lower": 86.45024170357026, "bb_upper": 86.46594877262022, "rsi": 70.17146214235693, "mfi": 0.0, "atr": 0.01285714285714233}
[BLOCKED] ARTRY reason=insufficient_cash order=0.00 cash=0.00
[SIGNAL] 2026-08-10T09:59:59+00:00 BLURTRY BUY fill_at=2026-08-10T10:04:59+00:00 features={"close": 0.656, "bb_lower": 0.6560366216544816, "bb_upper": 0.662439568821709, "rsi": 14.639618305988236, "mfi": 1.950469418521152, "atr": 0.00035714285714285747}
[BLOCKED] BLURTRY reason=insufficient_cash order=0.00 cash=0.00
[SIGNAL] 2026-08-10T09:59:59+00:00 FFTRY BUY fill_at=2026-08-10T10:04:59+00:00 features={"close": 2.982, "bb_lower": 2.9870477122356682, "bb_upper": 3.084380859192903, "rsi": 23.425847355908928, "mfi": 57.957346690585354, "atr": 0.008571428571428548}
[BLOCKED] FFTRY reason=insufficient_cash order=0.00 cash=0.00
[SIGNAL] 2026-08-10T09:59:59+00:00 NEARTRY BUY fill_at=2026-08-10T10:04:59+00:00 features={"close": 78.5, "bb_lower": 78.50782851802656, "bb_upper": 79.0445524343544, "rsi": 42.18552662781037, "mfi": 38.8087915441407, "atr": 0.17857142857142957}
[BLOCKED] NEARTRY reason=insufficient_cash order=0.00 cash=0.00
[SIGNAL] 2026-08-10T09:59:59+00:00 TAOTRY BUY fill_at=2026-08-10T10:04:59+00:00 features={"close": 9650.0, "bb_lower": 9653.975339507662, "bb_upper": 9717.262755730433, "rsi": 32.60486377801911, "mfi": 22.745482285503385, "atr": 10.5}
[BLOCKED] TAOTRY reason=insufficient_cash order=0.00 cash=0.00
[SIGNAL] 2026-08-10T09:59:59+00:00 TURTLETRY BUY fill_at=2026-08-10T10:04:59+00:00 features={"close": 2.14, "bb_lower": 2.1468659480888186, "bb_upper": 2.1921816709588007, "rsi": 9.308100094558625, "mfi": 0.0, "atr": 0.0028571428571428597}
[BLOCKED] TURTLETRY reason=insufficient_cash order=0.00 cash=0.00
[EXIT] 2026-08-10T10:04:59+00:00 ATMTRY reason=fixed_take_profit pnl=+19.40 cash=1022.76
[SCAN] 2026-08-10T10:04:59+00:00 symbols=121 signals=9 entries=0 exits=1 blocked=9 open=8 cash=1022.76 equity=10053.69
[SIGNAL] 2026-08-10T10:04:59+00:00 ASTERTRY BUY fill_at=2026-08-10T10:09:59+00:00 features={"close": 28.91, "bb_lower": 28.944682570708764, "bb_upper": 29.14769838167218, "rsi": 24.20465188835975, "mfi": 50.64957492175244, "atr": 0.03071428571428544}
[ENTRY] 2026-08-10T10:09:59+00:00 ASTERTRY layer=1 value=1006.19 entry=28.92167500 cash=15.06
[SIGNAL] 2026-08-10T10:04:59+00:00 PUMPTRY BUY fill_at=2026-08-10T10:09:59+00:00 features={"close": 0.1301, "bb_lower": 0.13031857331638974, "bb_upper": 0.13524333144551504, "rsi": 30.56545807716239, "mfi": 45.00012882724385, "atr": 0.0010071428571428573}
[BLOCKED] PUMPTRY reason=insufficient_cash order=15.04 cash=15.06
[SIGNAL] 2026-08-10T10:04:59+00:00 TURTLETRY BUY fill_at=2026-08-10T10:09:59+00:00 features={"close": 2.14, "bb_lower": 2.1421876752214564, "bb_upper": 2.1940028009690202, "rsi": 9.308100094558625, "mfi": 0.0, "atr": 0.0028571428571428597}
[BLOCKED] TURTLETRY reason=insufficient_cash order=15.04 cash=15.06
[SIGNAL] 2026-08-10T10:04:59+00:00 USDTTRY BUY fill_at=2026-08-10T10:09:59+00:00 features={"close": 47.61, "bb_lower": 47.61262147741531, "bb_upper": 47.635949951156114, "rsi": 41.36654348994417, "mfi": 44.92396406027821, "atr": 0.01142857142857626}
[BLOCKED] USDTTRY reason=insufficient_cash order=15.04 cash=15.06
[SCAN] 2026-08-10T10:09:59+00:00 symbols=121 signals=4 entries=1 exits=0 blocked=3 open=9 cash=15.06 equity=10056.13
[SIGNAL] 2026-08-10T10:09:59+00:00 ASTERTRY BUY fill_at=2026-08-10T10:14:59+00:00 features={"close": 28.8, "bb_lower": 28.89171113738334, "bb_upper": 29.168288862616663, "rsi": 16.990923119090724, "mfi": 49.40049880441121, "atr": 0.03642857142857129}
[BLOCKED] ASTERTRY reason=insufficient_cash order=15.04 cash=15.06
[SIGNAL] 2026-08-10T10:09:59+00:00 NEARTRY BUY fill_at=2026-08-10T10:14:59+00:00 features={"close": 78.3, "bb_lower": 78.40299786503316, "bb_upper": 79.07319261115732, "rsi": 38.44299668883353, "mfi": 36.87499971705911, "atr": 0.1857142857142853}
[BLOCKED] NEARTRY reason=insufficient_cash order=15.04 cash=15.06
[SIGNAL] 2026-08-10T10:09:59+00:00 PUMPTRY BUY fill_at=2026-08-10T10:14:59+00:00 features={"close": 0.1296, "bb_lower": 0.12990101127323836, "bb_upper": 0.13546089348866638, "rsi": 28.494371350815285, "mfi": 40.74749954820399, "atr": 0.0009785714285714298}
[BLOCKED] PUMPTRY reason=insufficient_cash order=15.04 cash=15.06
[SIGNAL] 2026-08-10T10:09:59+00:00 TRUMPTRY BUY fill_at=2026-08-10T10:14:59+00:00 features={"close": 71.1, "bb_lower": 71.10664343872654, "bb_upper": 71.7314517993687, "rsi": 29.27089150399982, "mfi": 32.285820179965086, "atr": 0.07142857142857244}
[BLOCKED] TRUMPTRY reason=insufficient_cash order=15.04 cash=15.06
[SIGNAL] 2026-08-10T10:09:59+00:00 USDTTRY BUY fill_at=2026-08-10T10:14:59+00:00 features={"close": 47.61, "bb_lower": 47.61075113409447, "bb_upper": 47.63686791352458, "rsi": 41.36654348994417, "mfi": 44.533289192873994, "atr": 0.011428571428575753}
[BLOCKED] USDTTRY reason=insufficient_cash order=15.04 cash=15.06
[SIGNAL] 2026-08-10T10:09:59+00:00 WLDTRY BUY fill_at=2026-08-10T10:14:59+00:00 features={"close": 16.18, "bb_lower": 16.209141917680952, "bb_upper": 16.827048558509517, "rsi": 29.355338124074407, "mfi": 42.25465839626295, "atr": 0.08285714285714262}
[BLOCKED] WLDTRY reason=insufficient_cash order=15.04 cash=15.06
[SCAN] 2026-08-10T10:14:59+00:00 symbols=121 signals=6 entries=0 exits=0 blocked=6 open=9 cash=15.06 equity=10042.26
[SIGNAL] 2026-08-10T10:14:59+00:00 ARBTRY BUY fill_at=2026-08-10T10:19:59+00:00 features={"close": 3.78, "bb_lower": 3.784733917746737, "bb_upper": 3.8171708441580257, "rsi": 30.607274109206273, "mfi": 42.3428656698628, "atr": 0.006428571428571418}
[BLOCKED] ARBTRY reason=insufficient_cash order=15.04 cash=15.06
[SIGNAL] 2026-08-10T10:14:59+00:00 ASTERTRY BUY fill_at=2026-08-10T10:19:59+00:00 features={"close": 28.8, "bb_lower": 28.85304039736373, "bb_upper": 29.174578650255302, "rsi": 16.990923119090724, "mfi": 51.868796672824104, "atr": 0.034999999999999885}
[BLOCKED] ASTERTRY reason=insufficient_cash order=15.04 cash=15.06
[SIGNAL] 2026-08-10T10:14:59+00:00 BOMETRY BUY fill_at=2026-08-10T10:19:59+00:00 features={"close": 0.03792, "bb_lower": 0.03799946259849493, "bb_upper": 0.03924053740150507, "rsi": 42.43441613867749, "mfi": 57.841598272747156, "atr": 0.0005464285714285722}
[BLOCKED] BOMETRY reason=insufficient_cash order=15.04 cash=15.06
[SIGNAL] 2026-08-10T10:14:59+00:00 CTRY BUY fill_at=2026-08-10T10:19:59+00:00 features={"close": 3.221, "bb_lower": 3.2237125828620585, "bb_upper": 3.2969540838046076, "rsi": 40.8836563698886, "mfi": 58.465470122859244, "atr": 0.020714285714285748}
[BLOCKED] CTRY reason=insufficient_cash order=15.04 cash=15.06
[SIGNAL] 2026-08-10T10:14:59+00:00 NEARTRY BUY fill_at=2026-08-10T10:19:59+00:00 features={"close": 78.3, "bb_lower": 78.33548513208376, "bb_upper": 79.10261010601147, "rsi": 38.44299668883353, "mfi": 35.673013437381485, "atr": 0.17857142857142858}
[BLOCKED] NEARTRY reason=insufficient_cash order=15.04 cash=15.06
[SIGNAL] 2026-08-10T10:14:59+00:00 USDTTRY BUY fill_at=2026-08-10T10:19:59+00:00 features={"close": 47.6, "bb_lower": 47.60636142088029, "bb_upper": 47.639352864833995, "rsi": 37.15382001627691, "mfi": 39.69559951470195, "atr": 0.011428571428575245}
[BLOCKED] USDTTRY reason=insufficient_cash order=15.04 cash=15.06
[SCAN] 2026-08-10T10:19:59+00:00 symbols=121 signals=6 entries=0 exits=0 blocked=6 open=9 cash=15.06 equity=10052.16
[SIGNAL] 2026-08-10T10:19:59+00:00 1MBABYDOGETRY BUY fill_at=2026-08-10T10:24:59+00:00 features={"close": 0.0167, "bb_lower": 0.016739109822662374, "bb_upper": 0.016888509224956678, "rsi": 28.012995248506456, "mfi": 37.54821414020496, "atr": 2.2142857142857233e-05}
[BLOCKED] 1MBABYDOGETRY reason=insufficient_cash order=15.04 cash=15.06
[SIGNAL] 2026-08-10T10:19:59+00:00 AMPTRY BUY fill_at=2026-08-10T10:24:59+00:00 features={"close": 0.0184, "bb_lower": 0.018419161062079033, "bb_upper": 0.018618934176016205, "rsi": 31.31116407970451, "mfi": 32.48697247447838, "atr": 2.14285714285713e-05}
[BLOCKED] AMPTRY reason=insufficient_cash order=15.04 cash=15.06
[SIGNAL] 2026-08-10T10:19:59+00:00 ARBTRY BUY fill_at=2026-08-10T10:24:59+00:00 features={"close": 3.78, "bb_lower": 3.781554321653226, "bb_upper": 3.8174932973943947, "rsi": 30.607274109206273, "mfi": 36.84505094762772, "atr": 0.005714285714285687}
[BLOCKED] ARBTRY reason=insufficient_cash order=15.04 cash=15.06
[SIGNAL] 2026-08-10T10:19:59+00:00 BOMETRY BUY fill_at=2026-08-10T10:24:59+00:00 features={"close": 0.03754, "bb_lower": 0.03779405831379493, "bb_upper": 0.039325941686205075, "rsi": 38.07308910303711, "mfi": 52.39642318732171, "atr": 0.000537857142857144}
[BLOCKED] BOMETRY reason=insufficient_cash order=15.04 cash=15.06
[SIGNAL] 2026-08-10T10:19:59+00:00 CATITRY BUY fill_at=2026-08-10T10:24:59+00:00 features={"close": 2.095, "bb_lower": 2.1013729210411536, "bb_upper": 2.1485318408636096, "rsi": 29.908462567130357, "mfi": 45.56260514004924, "atr": 0.007928571428571443}
[BLOCKED] CATITRY reason=insufficient_cash order=15.04 cash=15.06
[SIGNAL] 2026-08-10T10:19:59+00:00 DODOTRY BUY fill_at=2026-08-10T10:24:59+00:00 features={"close": 1.0271, "bb_lower": 1.029621097878354, "bb_upper": 1.0688265211692651, "rsi": 43.501901909711584, "mfi": 52.78680558542194, "atr": 0.015899999999999994}
[BLOCKED] DODOTRY reason=insufficient_cash order=15.04 cash=15.06
[SIGNAL] 2026-08-10T10:19:59+00:00 USDTTRY BUY fill_at=2026-08-10T10:24:59+00:00 features={"close": 47.6, "bb_lower": 47.602762141674056, "bb_upper": 47.641047382135476, "rsi": 37.15382001627691, "mfi": 41.68529913215501, "atr": 0.011428571428574738}
[BLOCKED] USDTTRY reason=insufficient_cash order=15.04 cash=15.06
[SCAN] 2026-08-10T10:24:59+00:00 symbols=121 signals=7 entries=0 exits=0 blocked=7 open=9 cash=15.06 equity=10045.34
[SIGNAL] 2026-08-10T10:24:59+00:00 1MBABYDOGETRY BUY fill_at=2026-08-10T10:29:59+00:00 features={"close": 0.01666, "bb_lower": 0.01670724628010537, "bb_upper": 0.01690227752941844, "rsi": 24.171821475550516, "mfi": 37.5345520370242, "atr": 2.3571428571428602e-05}
[BLOCKED] 1MBABYDOGETRY reason=insufficient_cash order=15.04 cash=15.06
[SIGNAL] 2026-08-10T10:24:59+00:00 AMPTRY BUY fill_at=2026-08-10T10:29:59+00:00 features={"close": 0.0184, "bb_lower": 0.01840432989507441, "bb_upper": 0.018614717723973214, "rsi": 31.31116407970451, "mfi": 48.232264765936975, "atr": 2.14285714285713e-05}
[BLOCKED] AMPTRY reason=insufficient_cash order=15.04 cash=15.06
[SIGNAL] 2026-08-10T10:24:59+00:00 CATITRY BUY fill_at=2026-08-10T10:29:59+00:00 features={"close": 2.099, "bb_lower": 2.099260357316178, "bb_upper": 2.1457872617314417, "rsi": 33.48401874629613, "mfi": 50.464803409649235, "atr": 0.007714285714285721}
[BLOCKED] CATITRY reason=insufficient_cash order=15.04 cash=15.06
[SIGNAL] 2026-08-10T10:24:59+00:00 CTRY BUY fill_at=2026-08-10T10:29:59+00:00 features={"close": 3.211, "bb_lower": 3.2130831455962925, "bb_upper": 3.3029168544037066, "rsi": 38.82538261699969, "mfi": 54.778442337562716, "atr": 0.02007142857142858}
[BLOCKED] CTRY reason=insufficient_cash order=15.04 cash=15.06
[SIGNAL] 2026-08-10T10:24:59+00:00 DODOTRY BUY fill_at=2026-08-10T10:29:59+00:00 features={"close": 1.0255, "bb_lower": 1.026419716800365, "bb_upper": 1.0684374260567782, "rsi": 42.90846474460214, "mfi": 52.585000338468426, "atr": 0.014499999999999989}
[BLOCKED] DODOTRY reason=insufficient_cash order=15.04 cash=15.06
[SCAN] 2026-08-10T10:29:59+00:00 symbols=121 signals=5 entries=0 exits=0 blocked=5 open=9 cash=15.06 equity=10059.35
[SIGNAL] 2026-08-10T10:29:59+00:00 DODOTRY BUY fill_at=2026-08-10T10:34:59+00:00 features={"close": 1.0195, "bb_lower": 1.022222884782065, "bb_upper": 1.0686914009322208, "rsi": 40.65537819001215, "mfi": 46.78644947243533, "atr": 0.013707142857142838}
[BLOCKED] DODOTRY reason=insufficient_cash order=15.04 cash=15.06
[SCAN] 2026-08-10T10:34:59+00:00 symbols=121 signals=1 entries=0 exits=0 blocked=1 open=9 cash=15.06 equity=10037.25
[SIGNAL] 2026-08-10T10:34:59+00:00 1MBABYDOGETRY BUY fill_at=2026-08-10T10:39:59+00:00 features={"close": 0.01665, "bb_lower": 0.016667872286843157, "bb_upper": 0.016911175332204462, "rsi": 28.914887066368138, "mfi": 4.121329332258412, "atr": 2.999999999999977e-05}
[BLOCKED] 1MBABYDOGETRY reason=insufficient_cash order=15.04 cash=15.06
[SIGNAL] 2026-08-10T10:34:59+00:00 AITRY BUY fill_at=2026-08-10T10:39:59+00:00 features={"close": 0.85, "bb_lower": 0.8526214774153181, "bb_upper": 0.8759499511561103, "rsi": 37.83882542797293, "mfi": 28.00074258337949, "atr": 0.0057142857142857195}
[BLOCKED] AITRY reason=insufficient_cash order=15.04 cash=15.06
[SIGNAL] 2026-08-10T10:34:59+00:00 ARTRY BUY fill_at=2026-08-10T10:39:59+00:00 features={"close": 86.23, "bb_lower": 86.34795860717342, "bb_upper": 86.54061282139803, "rsi": 14.524379566878366, "mfi": 0.0, "atr": 0.037857142857142936}
[BLOCKED] ARTRY reason=insufficient_cash order=15.04 cash=15.06
[SIGNAL] 2026-08-10T10:34:59+00:00 ATOMTRY BUY fill_at=2026-08-10T10:39:59+00:00 features={"close": 65.5, "bb_lower": 65.59763411754162, "bb_upper": 65.97379445388697, "rsi": 25.20769833039114, "mfi": 42.3227285314857, "atr": 0.050000000000000204}
[BLOCKED] ATOMTRY reason=insufficient_cash order=15.04 cash=15.06
[SIGNAL] 2026-08-10T10:34:59+00:00 NEIROTRY BUY fill_at=2026-08-10T10:39:59+00:00 features={"close": 0.00342, "bb_lower": 0.003420538890569023, "bb_upper": 0.003510889680859548, "rsi": 38.58561218349387, "mfi": 47.73681776965663, "atr": 2.1428571428571486e-05}
[BLOCKED] NEIROTRY reason=insufficient_cash order=15.04 cash=15.06
[SCAN] 2026-08-10T10:39:59+00:00 symbols=121 signals=5 entries=0 exits=0 blocked=5 open=9 cash=15.06 equity=10049.52
[SIGNAL] 2026-08-10T10:39:59+00:00 AITRY BUY fill_at=2026-08-10T10:44:59+00:00 features={"close": 0.85, "bb_lower": 0.8507511340944742, "bb_upper": 0.8768679135245734, "rsi": 37.83882542797293, "mfi": 28.00074258337949, "atr": 0.0057142857142857195}
[BLOCKED] AITRY reason=insufficient_cash order=15.04 cash=15.06
[SIGNAL] 2026-08-10T10:39:59+00:00 ARTRY BUY fill_at=2026-08-10T10:44:59+00:00 features={"close": 86.23, "bb_lower": 86.30105176735223, "bb_upper": 86.56561489931444, "rsi": 14.524379566878366, "mfi": 0.0, "atr": 0.037857142857142936}
[BLOCKED] ARTRY reason=insufficient_cash order=15.04 cash=15.06
[SIGNAL] 2026-08-10T10:39:59+00:00 ATOMTRY BUY fill_at=2026-08-10T10:44:59+00:00 features={"close": 65.5, "bb_lower": 65.55446768139386, "bb_upper": 65.9979132709871, "rsi": 25.20769833039114, "mfi": 42.3227285314857, "atr": 0.050000000000000204}
[BLOCKED] ATOMTRY reason=insufficient_cash order=15.04 cash=15.06
[SIGNAL] 2026-08-10T10:39:59+00:00 CTRY BUY fill_at=2026-08-10T10:44:59+00:00 features={"close": 3.175, "bb_lower": 3.1881265977834343, "bb_upper": 3.310730545073709, "rsi": 31.788395438257254, "mfi": 29.811102555096383, "atr": 0.02378571428571433}
[BLOCKED] CTRY reason=insufficient_cash order=15.04 cash=15.06
[SIGNAL] 2026-08-10T10:39:59+00:00 REZTRY BUY fill_at=2026-08-10T10:44:59+00:00 features={"close": 0.1378, "bb_lower": 0.13780826805080487, "bb_upper": 0.14039173194919513, "rsi": 36.30934445375486, "mfi": 30.119902105120417, "atr": 0.0004928571428571421}
[BLOCKED] REZTRY reason=insufficient_cash order=15.04 cash=15.06
[SIGNAL] 2026-08-10T10:39:59+00:00 VICTRY BUY fill_at=2026-08-10T10:44:59+00:00 features={"close": 1.34, "bb_lower": 1.3426475760507912, "bb_upper": 1.376400042996828, "rsi": 40.055900248529554, "mfi": 33.87788522121444, "atr": 0.019285714285714302}
[BLOCKED] VICTRY reason=insufficient_cash order=15.04 cash=15.06
[SCAN] 2026-08-10T10:44:59+00:00 symbols=121 signals=6 entries=0 exits=0 blocked=6 open=9 cash=15.06 equity=10052.46
[SIGNAL] 2026-08-10T10:44:59+00:00 ARTRY BUY fill_at=2026-08-10T10:49:59+00:00 features={"close": 86.23, "bb_lower": 86.26503332245287, "bb_upper": 86.57972858230906, "rsi": 14.524379566878366, "mfi": 0.0, "atr": 0.037857142857142936}
[BLOCKED] ARTRY reason=insufficient_cash order=15.04 cash=15.06
[SIGNAL] 2026-08-10T10:44:59+00:00 ATOMTRY BUY fill_at=2026-08-10T10:49:59+00:00 features={"close": 65.5, "bb_lower": 65.51137244880064, "bb_upper": 66.01243707500888, "rsi": 25.20769833039114, "mfi": 42.3227285314857, "atr": 0.050000000000000204}
[BLOCKED] ATOMTRY reason=insufficient_cash order=15.04 cash=15.06
[SIGNAL] 2026-08-10T10:44:59+00:00 CTRY BUY fill_at=2026-08-10T10:49:59+00:00 features={"close": 3.16, "bb_lower": 3.173053398899553, "bb_upper": 3.3174227915766368, "rsi": 29.20339601511546, "mfi": 28.891757030517027, "atr": 0.02357142857142864}
[BLOCKED] CTRY reason=insufficient_cash order=15.04 cash=15.06
[SIGNAL] 2026-08-10T10:44:59+00:00 PHATRY BUY fill_at=2026-08-10T10:49:59+00:00 features={"close": 1.17, "bb_lower": 1.1732900879190011, "bb_upper": 1.2152813406524272, "rsi": 34.74955672884131, "mfi": 44.86753988407285, "atr": 0.007857142857142865}
[BLOCKED] PHATRY reason=insufficient_cash order=15.04 cash=15.06
[SIGNAL] 2026-08-10T10:44:59+00:00 RENDERTRY BUY fill_at=2026-08-10T10:49:59+00:00 features={"close": 61.6, "bb_lower": 61.633938028622836, "bb_upper": 62.27082387613905, "rsi": 20.42803304861303, "mfi": 0.0, "atr": 0.0499999999999997}
[BLOCKED] RENDERTRY reason=insufficient_cash order=15.04 cash=15.06
[SCAN] 2026-08-10T10:49:59+00:00 symbols=121 signals=5 entries=0 exits=0 blocked=5 open=9 cash=15.06 equity=10057.28
[SIGNAL] 2026-08-10T10:49:59+00:00 ARTRY BUY fill_at=2026-08-10T10:54:59+00:00 features={"close": 86.23, "bb_lower": 86.23519434262678, "bb_upper": 86.58766280023036, "rsi": 14.524379566878366, "mfi": 0.0, "atr": 0.037857142857142936}
[BLOCKED] ARTRY reason=insufficient_cash order=15.04 cash=15.06
[SIGNAL] 2026-08-10T10:49:59+00:00 CTRY BUY fill_at=2026-08-10T10:54:59+00:00 features={"close": 3.16, "bb_lower": 3.160776399425484, "bb_upper": 3.3223664577173713, "rsi": 29.20339601511546, "mfi": 26.349619268387002, "atr": 0.021142857142857192}
[BLOCKED] CTRY reason=insufficient_cash order=15.04 cash=15.06
[SCAN] 2026-08-10T10:54:59+00:00 symbols=121 signals=2 entries=0 exits=0 blocked=2 open=9 cash=15.06 equity=10069.08
[SIGNAL] 2026-08-10T10:54:59+00:00 CTRY BUY fill_at=2026-08-10T10:59:59+00:00 features={"close": 3.136, "bb_lower": 3.143760031567921, "bb_upper": 3.327763777955888, "rsi": 25.33479892674785, "mfi": 4.075220392587269, "atr": 0.022928571428571503}
[BLOCKED] CTRY reason=insufficient_cash order=15.04 cash=15.06
[SIGNAL] 2026-08-10T10:54:59+00:00 THETATRY BUY fill_at=2026-08-10T10:59:59+00:00 features={"close": 6.677, "bb_lower": 6.683510957733157, "bb_upper": 6.722869994647798, "rsi": 29.89467807463977, "mfi": 4.75451182352603, "atr": 0.007499999999999967}
[BLOCKED] THETATRY reason=insufficient_cash order=15.04 cash=15.06
[SCAN] 2026-08-10T10:59:59+00:00 symbols=121 signals=2 entries=0 exits=0 blocked=2 open=9 cash=15.06 equity=10078.97
[SCAN] 2026-08-10T11:04:59+00:00 symbols=121 signals=0 entries=0 exits=0 blocked=0 open=9 cash=15.06 equity=10063.57
[SIGNAL] 2026-08-10T11:04:59+00:00 RENDERTRY BUY fill_at=2026-08-10T11:09:59+00:00 features={"close": 61.5, "bb_lower": 61.521504567872256, "bb_upper": 62.19278114641344, "rsi": 28.484362734185027, "mfi": 0.002303179309137704, "atr": 0.0857142857142849}
[BLOCKED] RENDERTRY reason=insufficient_cash order=15.04 cash=15.06
[EXIT] 2026-08-10T11:09:59+00:00 AIGENSYNTRY reason=fixed_take_profit pnl=+19.40 cash=1037.50
[SCAN] 2026-08-10T11:09:59+00:00 symbols=121 signals=1 entries=0 exits=1 blocked=1 open=8 cash=1037.50 equity=10054.64
[SIGNAL] 2026-08-10T11:09:59+00:00 1MBABYDOGETRY BUY fill_at=2026-08-10T11:14:59+00:00 features={"close": 0.01658, "bb_lower": 0.01658979963740617, "bb_upper": 0.016879724172117642, "rsi": 26.26895097734655, "mfi": 20.554022235045096, "atr": 3.499999999999932e-05}
[ENTRY] 2026-08-10T11:14:59+00:00 1MBABYDOGETRY layer=2 value=1005.98 entry=0.01661245 cash=30.02
[SIGNAL] 2026-08-10T11:09:59+00:00 SHIBTRY BUY fill_at=2026-08-10T11:14:59+00:00 features={"close": 0.0002228, "bb_lower": 0.00022300538890569023, "bb_upper": 0.00022390889680859547, "rsi": 33.44063265605293, "mfi": 12.684521929991163, "atr": 2.714285714285664e-07}
[BLOCKED] SHIBTRY reason=insufficient_cash order=29.97 cash=30.02
[SCAN] 2026-08-10T11:14:59+00:00 symbols=121 signals=2 entries=1 exits=0 blocked=1 open=8 cash=30.02 equity=10053.89
[SIGNAL] 2026-08-10T11:14:59+00:00 1MBABYDOGETRY BUY fill_at=2026-08-10T11:19:59+00:00 features={"close": 0.01654, "bb_lower": 0.01656239893643095, "bb_upper": 0.01687760106356905, "rsi": 23.35604836703955, "mfi": 17.03274257662892, "atr": 3.999999999999936e-05}
[BLOCKED] 1MBABYDOGETRY reason=max_layers
[SIGNAL] 2026-08-10T11:14:59+00:00 ADATRY BUY fill_at=2026-08-10T11:19:59+00:00 features={"close": 9.27, "bb_lower": 9.273299344483076, "bb_upper": 9.32003398885026, "rsi": 28.33514452331518, "mfi": 46.006995301039254, "atr": 0.01357142857142917}
[BLOCKED] ADATRY reason=insufficient_cash order=29.97 cash=30.02
[SIGNAL] 2026-08-10T11:14:59+00:00 SCRTRY BUY fill_at=2026-08-10T11:19:59+00:00 features={"close": 1.012, "bb_lower": 1.0120962513811542, "bb_upper": 1.0210466057617031, "rsi": 35.33775947810497, "mfi": 3.369426801170434, "atr": 0.002285714285714272}
[BLOCKED] SCRTRY reason=insufficient_cash order=29.97 cash=30.02
[SCAN] 2026-08-10T11:19:59+00:00 symbols=121 signals=3 entries=0 exits=0 blocked=3 open=8 cash=30.02 equity=10068.42
[EXIT] 2026-08-10T11:24:59+00:00 API3TRY reason=bb_mfi_v3_signal_exit pnl=-0.20 cash=1039.71
[SIGNAL] 2026-08-10T11:19:59+00:00 ICPTRY BUY fill_at=2026-08-10T11:24:59+00:00 features={"close": 105.3, "bb_lower": 105.3120406787275, "bb_upper": 106.35462598793922, "rsi": 35.62724698140683, "mfi": 1.7352048173611365, "atr": 0.07142857142857244}
[ENTRY] 2026-08-10T11:24:59+00:00 ICPTRY layer=1 value=1007.38 entry=105.57912500 cash=30.81
[SIGNAL] 2026-08-10T11:19:59+00:00 PYTHTRY BUY fill_at=2026-08-10T11:24:59+00:00 features={"close": 2.017, "bb_lower": 2.0199781435722026, "bb_upper": 2.0411647135706548, "rsi": 31.419207619084688, "mfi": 26.649229498668078, "atr": 0.0022857142857143193}
[BLOCKED] PYTHTRY reason=insufficient_cash order=30.77 cash=30.81
[SCAN] 2026-08-10T11:24:59+00:00 symbols=121 signals=2 entries=1 exits=1 blocked=1 open=8 cash=30.81 equity=10070.60
[SIGNAL] 2026-08-10T11:24:59+00:00 PYTHTRY BUY fill_at=2026-08-10T11:29:59+00:00 features={"close": 2.017, "bb_lower": 2.017936675022043, "bb_upper": 2.0420633249779576, "rsi": 31.419207619084688, "mfi": 25.80921838932531, "atr": 0.0024285714285714466}
[BLOCKED] PYTHTRY reason=insufficient_cash order=30.77 cash=30.81
[SCAN] 2026-08-10T11:29:59+00:00 symbols=121 signals=1 entries=0 exits=0 blocked=1 open=8 cash=30.81 equity=10043.32
[SIGNAL] 2026-08-10T11:29:59+00:00 BANANATRY BUY fill_at=2026-08-10T11:34:59+00:00 features={"close": 172.0, "bb_lower": 174.2976502121308, "bb_upper": 178.84520693072636, "rsi": 21.17657157520523, "mfi": 10.414387782978608, "atr": 0.6428571428571429}
[BLOCKED] BANANATRY reason=insufficient_cash order=30.77 cash=30.81
[SCAN] 2026-08-10T11:34:59+00:00 symbols=121 signals=1 entries=0 exits=0 blocked=1 open=8 cash=30.81 equity=10050.22
[SIGNAL] 2026-08-10T11:34:59+00:00 BANANATRY BUY fill_at=2026-08-10T11:39:59+00:00 features={"close": 172.0, "bb_lower": 173.39041552988428, "bb_upper": 179.37148923202048, "rsi": 21.17657157520523, "mfi": 10.414387782978608, "atr": 0.6428571428571429}
[BLOCKED] BANANATRY reason=insufficient_cash order=30.77 cash=30.81
[SCAN] 2026-08-10T11:39:59+00:00 symbols=121 signals=1 entries=0 exits=0 blocked=1 open=8 cash=30.81 equity=10055.43
[SIGNAL] 2026-08-10T11:39:59+00:00 BANANATRY BUY fill_at=2026-08-10T11:44:59+00:00 features={"close": 172.0, "bb_lower": 172.6653799003197, "bb_upper": 179.71557248063272, "rsi": 21.17657157520523, "mfi": 10.414387782978608, "atr": 0.6428571428571429}
[BLOCKED] BANANATRY reason=insufficient_cash order=30.77 cash=30.81
[SIGNAL] 2026-08-10T11:39:59+00:00 TLMTRY BUY fill_at=2026-08-10T11:44:59+00:00 features={"close": 0.0747, "bb_lower": 0.07475190535565938, "bb_upper": 0.07513380893005488, "rsi": 33.74690736643596, "mfi": 47.09173442526608, "atr": 0.00018571428571428805}
[BLOCKED] TLMTRY reason=insufficient_cash order=30.77 cash=30.81
[SIGNAL] 2026-08-10T11:39:59+00:00 TRUMPTRY BUY fill_at=2026-08-10T11:44:59+00:00 features={"close": 71.0, "bb_lower": 71.06353497137202, "bb_upper": 71.29836979053276, "rsi": 30.895957545899094, "mfi": 8.252869938305778, "atr": 0.028571428571429993}
[BLOCKED] TRUMPTRY reason=insufficient_cash order=30.77 cash=30.81
[SCAN] 2026-08-10T11:44:59+00:00 symbols=121 signals=3 entries=0 exits=0 blocked=3 open=8 cash=30.81 equity=10053.33
[SIGNAL] 2026-08-10T11:44:59+00:00 BANANATRY BUY fill_at=2026-08-10T11:49:59+00:00 features={"close": 172.0, "bb_lower": 172.0479059197626, "bb_upper": 179.9520940802374, "rsi": 21.17657157520523, "mfi": 10.414387782978608, "atr": 0.5714285714285714}
[BLOCKED] BANANATRY reason=insufficient_cash order=30.77 cash=30.81
[SIGNAL] 2026-08-10T11:44:59+00:00 FTRY BUY fill_at=2026-08-10T11:49:59+00:00 features={"close": 0.1375, "bb_lower": 0.13752203848537609, "bb_upper": 0.13812558056224294, "rsi": 34.10584536288336, "mfi": 11.86054454345198, "atr": 0.00010714285714285922}
[BLOCKED] FTRY reason=insufficient_cash order=30.77 cash=30.81
[SIGNAL] 2026-08-10T11:44:59+00:00 PEOPLETRY BUY fill_at=2026-08-10T11:49:59+00:00 features={"close": 0.418, "bb_lower": 0.41956825514316276, "bb_upper": 0.4281460305711229, "rsi": 35.385141559639266, "mfi": 34.258421513570326, "atr": 0.0020000000000000018}
[BLOCKED] PEOPLETRY reason=insufficient_cash order=30.77 cash=30.81
[SCAN] 2026-08-10T11:49:59+00:00 symbols=121 signals=3 entries=0 exits=0 blocked=3 open=8 cash=30.81 equity=10053.49
[SIGNAL] 2026-08-10T11:49:59+00:00 BOMETRY BUY fill_at=2026-08-10T11:54:59+00:00 features={"close": 0.03715, "bb_lower": 0.03718958359987431, "bb_upper": 0.03847898782869711, "rsi": 32.80989549450901, "mfi": 33.49710590206345, "atr": 0.0002942857142857142}
[BLOCKED] BOMETRY reason=insufficient_cash order=30.77 cash=30.81
[SIGNAL] 2026-08-10T11:49:59+00:00 PEOPLETRY BUY fill_at=2026-08-10T11:54:59+00:00 features={"close": 0.416, "bb_lower": 0.41805442611272015, "bb_upper": 0.42870747864918457, "rsi": 31.800735826738375, "mfi": 33.083154569134734, "atr": 0.0020714285714285735}
[BLOCKED] PEOPLETRY reason=insufficient_cash order=30.77 cash=30.81
[SCAN] 2026-08-10T11:54:59+00:00 symbols=121 signals=2 entries=0 exits=0 blocked=2 open=8 cash=30.81 equity=10048.30
[SIGNAL] 2026-08-10T11:54:59+00:00 BOMETRY BUY fill_at=2026-08-10T11:59:59+00:00 features={"close": 0.03656, "bb_lower": 0.03703179618851156, "bb_upper": 0.038418680001964634, "rsi": 25.774778820975868, "mfi": 28.209602812323723, "atr": 0.00033428571428571405}
[BLOCKED] BOMETRY reason=insufficient_cash order=30.77 cash=30.81
[SIGNAL] 2026-08-10T11:54:59+00:00 PEOPLETRY BUY fill_at=2026-08-10T11:59:59+00:00 features={"close": 0.417, "bb_lower": 0.4170798970407923, "bb_upper": 0.42892010295920757, "rsi": 35.34812983857741, "mfi": 39.46896402893831, "atr": 0.0019285714285714303}
[BLOCKED] PEOPLETRY reason=insufficient_cash order=30.77 cash=30.81
[SCAN] 2026-08-10T11:59:59+00:00 symbols=121 signals=2 entries=0 exits=0 blocked=2 open=8 cash=30.81 equity=10068.15
[SIGNAL] 2026-08-10T11:59:59+00:00 BOMETRY BUY fill_at=2026-08-10T12:04:59+00:00 features={"close": 0.03643, "bb_lower": 0.03677505290089892, "bb_upper": 0.03853351852767251, "rsi": 24.51979881533157, "mfi": 23.0361812911664, "atr": 0.0003457142857142855}
[BLOCKED] BOMETRY reason=insufficient_cash order=30.77 cash=30.81
[SIGNAL] 2026-08-10T11:59:59+00:00 FFTRY BUY fill_at=2026-08-10T12:04:59+00:00 features={"close": 2.97, "bb_lower": 2.970450896927021, "bb_upper": 2.988406245930121, "rsi": 31.49169488049111, "mfi": 37.61034483323846, "atr": 0.003000000000000082}
[BLOCKED] FFTRY reason=insufficient_cash order=30.77 cash=30.81
[SIGNAL] 2026-08-10T11:59:59+00:00 GENIUSTRY BUY fill_at=2026-08-10T12:04:59+00:00 features={"close": 16.32, "bb_lower": 16.362171829232576, "bb_upper": 16.63020912314838, "rsi": 22.489796090953405, "mfi": 12.721214410084954, "atr": 0.02499999999999985}
[BLOCKED] GENIUSTRY reason=insufficient_cash order=30.77 cash=30.81
[SIGNAL] 2026-08-10T11:59:59+00:00 PEOPLETRY BUY fill_at=2026-08-10T12:04:59+00:00 features={"close": 0.415, "bb_lower": 0.4157733161346021, "bb_upper": 0.4292743029130168, "rsi": 31.76790414309508, "mfi": 39.051321487874205, "atr": 0.0020000000000000018}
[BLOCKED] PEOPLETRY reason=insufficient_cash order=30.77 cash=30.81
[SCAN] 2026-08-10T12:04:59+00:00 symbols=121 signals=4 entries=0 exits=0 blocked=4 open=8 cash=30.81 equity=10064.27
[SIGNAL] 2026-08-10T12:04:59+00:00 BOMETRY BUY fill_at=2026-08-10T12:09:59+00:00 features={"close": 0.0365, "bb_lower": 0.03659751919891553, "bb_upper": 0.03861200461060828, "rsi": 26.604426596704926, "mfi": 28.06261576774135, "atr": 0.0003435714285714287}
[BLOCKED] BOMETRY reason=insufficient_cash order=30.77 cash=30.81
[SIGNAL] 2026-08-10T12:04:59+00:00 GENIUSTRY BUY fill_at=2026-08-10T12:09:59+00:00 features={"close": 16.32, "bb_lower": 16.337309837532718, "bb_upper": 16.642690162467286, "rsi": 22.489796090953405, "mfi": 12.038835852295676, "atr": 0.02499999999999985}
[BLOCKED] GENIUSTRY reason=insufficient_cash order=30.77 cash=30.81
[SCAN] 2026-08-10T12:09:59+00:00 symbols=121 signals=2 entries=0 exits=0 blocked=2 open=8 cash=30.81 equity=10058.89
[SCAN] 2026-08-10T12:14:59+00:00 symbols=121 signals=0 entries=0 exits=0 blocked=0 open=8 cash=30.81 equity=10066.12
[SIGNAL] 2026-08-10T12:14:59+00:00 AVNTTRY BUY fill_at=2026-08-10T12:19:59+00:00 features={"close": 4.51, "bb_lower": 4.5104796413130295, "bb_upper": 4.57618702535364, "rsi": 32.1891284617178, "mfi": 17.983951531439615, "atr": 0.006428571428571355}
[BLOCKED] AVNTTRY reason=insufficient_cash order=30.77 cash=30.81
[SIGNAL] 2026-08-10T12:14:59+00:00 FLOKITRY BUY fill_at=2026-08-10T12:19:59+00:00 features={"close": 0.001021, "bb_lower": 0.001021115166237453, "bb_upper": 0.0010256467385244515, "rsi": 37.20290211216324, "mfi": 19.79640582091828, "atr": 1.0000000000000398e-06}
[BLOCKED] FLOKITRY reason=insufficient_cash order=30.77 cash=30.81
[SCAN] 2026-08-10T12:19:59+00:00 symbols=121 signals=2 entries=0 exits=0 blocked=2 open=8 cash=30.81 equity=10070.08
[SIGNAL] 2026-08-10T12:19:59+00:00 FLOKITRY BUY fill_at=2026-08-10T12:24:59+00:00 features={"close": 0.00102, "bb_lower": 0.00102057672503137, "bb_upper": 0.0010257089892543444, "rsi": 33.652213104590786, "mfi": 21.947854159508054, "atr": 1.1428571428571707e-06}
[BLOCKED] FLOKITRY reason=insufficient_cash order=30.77 cash=30.81
[SIGNAL] 2026-08-10T12:19:59+00:00 HBARTRY BUY fill_at=2026-08-10T12:24:59+00:00 features={"close": 3.261, "bb_lower": 3.2624135427817826, "bb_upper": 3.274348361980122, "rsi": 36.213889163432555, "mfi": 17.26916497500828, "atr": 0.0024285714285713516}
[BLOCKED] HBARTRY reason=insufficient_cash order=30.77 cash=30.81
[SCAN] 2026-08-10T12:24:59+00:00 symbols=121 signals=2 entries=0 exits=0 blocked=2 open=8 cash=30.81 equity=10061.03
[SIGNAL] 2026-08-10T12:24:59+00:00 AIGENSYNTRY BUY fill_at=2026-08-10T12:29:59+00:00 features={"close": 1.051, "bb_lower": 1.0510896063226347, "bb_upper": 1.0635770603440318, "rsi": 41.09300801578718, "mfi": 42.09028189097483, "atr": 0.0024285714285714305}
[BLOCKED] AIGENSYNTRY reason=insufficient_cash order=30.77 cash=30.81
[SIGNAL] 2026-08-10T12:24:59+00:00 AVNTTRY BUY fill_at=2026-08-10T12:29:59+00:00 features={"close": 4.5, "bb_lower": 4.501153924344616, "bb_upper": 4.574084170893479, "rsi": 28.456571302157812, "mfi": 12.64826424658429, "atr": 0.004999999999999957}
[BLOCKED] AVNTTRY reason=insufficient_cash order=30.77 cash=30.81
[SIGNAL] 2026-08-10T12:24:59+00:00 HBARTRY BUY fill_at=2026-08-10T12:29:59+00:00 features={"close": 3.261, "bb_lower": 3.2613460325199477, "bb_upper": 3.274368253194338, "rsi": 36.213889163432555, "mfi": 16.240698211084947, "atr": 0.0023571428571428194}
[BLOCKED] HBARTRY reason=insufficient_cash order=30.77 cash=30.81
[SIGNAL] 2026-08-10T12:24:59+00:00 ORDITRY BUY fill_at=2026-08-10T12:29:59+00:00 features={"close": 166.8, "bb_lower": 166.91849428301694, "bb_upper": 167.7386485741259, "rsi": 33.68201178549354, "mfi": 35.710149539131564, "atr": 0.17857142857142452}
[BLOCKED] ORDITRY reason=insufficient_cash order=30.77 cash=30.81
[SIGNAL] 2026-08-10T12:24:59+00:00 TRUMPTRY BUY fill_at=2026-08-10T12:29:59+00:00 features={"close": 71.0, "bb_lower": 71.01496773069347, "bb_upper": 71.28027036454462, "rsi": 35.28033033798381, "mfi": 16.084841837657933, "atr": 0.05714285714285897}
[BLOCKED] TRUMPTRY reason=insufficient_cash order=30.77 cash=30.81
[SIGNAL] 2026-08-10T12:24:59+00:00 ZKTRY BUY fill_at=2026-08-10T12:29:59+00:00 features={"close": 0.385, "bb_lower": 0.385411618513599, "bb_upper": 0.3907788576768772, "rsi": 32.38147836790655, "mfi": 7.653963986476484, "atr": 0.0007857142857142864}
[BLOCKED] ZKTRY reason=insufficient_cash order=30.77 cash=30.81
[SCAN] 2026-08-10T12:29:59+00:00 symbols=121 signals=6 entries=0 exits=0 blocked=6 open=8 cash=30.81 equity=10051.97
[SIGNAL] 2026-08-10T12:29:59+00:00 AIGENSYNTRY BUY fill_at=2026-08-10T12:34:59+00:00 features={"close": 1.05, "bb_lower": 1.050289683688569, "bb_upper": 1.063996030597145, "rsi": 39.4506551473256, "mfi": 27.79649687173422, "atr": 0.002285714285714272}
[BLOCKED] AIGENSYNTRY reason=insufficient_cash order=30.77 cash=30.81
[SIGNAL] 2026-08-10T12:29:59+00:00 AVNTTRY BUY fill_at=2026-08-10T12:34:59+00:00 features={"close": 4.48, "bb_lower": 4.4922372399802075, "bb_upper": 4.574429426686461, "rsi": 22.742690332982946, "mfi": 5.9824116060710395, "atr": 0.006428571428571355}
[BLOCKED] AVNTTRY reason=insufficient_cash order=30.77 cash=30.81
[SIGNAL] 2026-08-10T12:29:59+00:00 FLOKITRY BUY fill_at=2026-08-10T12:34:59+00:00 features={"close": 0.001019, "bb_lower": 0.0010198099017622812, "bb_upper": 0.0010258091458567663, "rsi": 35.21543357811933, "mfi": 21.711246927950953, "atr": 1.3571428571428515e-06}
[BLOCKED] FLOKITRY reason=insufficient_cash order=30.77 cash=30.81
[SIGNAL] 2026-08-10T12:29:59+00:00 HBARTRY BUY fill_at=2026-08-10T12:34:59+00:00 features={"close": 3.259, "bb_lower": 3.260082625463983, "bb_upper": 3.2742983269169694, "rsi": 33.360432560629505, "mfi": 15.972083428834608, "atr": 0.0024999999999999784}
[BLOCKED] HBARTRY reason=insufficient_cash order=30.77 cash=30.81
[SIGNAL] 2026-08-10T12:29:59+00:00 ORDITRY BUY fill_at=2026-08-10T12:34:59+00:00 features={"close": 165.9, "bb_lower": 166.53290056059967, "bb_upper": 168.00043277273363, "rsi": 22.87536885715427, "mfi": 27.04773419911848, "atr": 0.22142857142856695}
[BLOCKED] ORDITRY reason=insufficient_cash order=30.77 cash=30.81
[SIGNAL] 2026-08-10T12:29:59+00:00 TRUMPTRY BUY fill_at=2026-08-10T12:34:59+00:00 features={"close": 70.9, "bb_lower": 70.96619115452586, "bb_upper": 71.30047551214079, "rsi": 29.80368386897092, "mfi": 10.083295708694465, "atr": 0.06428571428571571}
[BLOCKED] TRUMPTRY reason=insufficient_cash order=30.77 cash=30.81
[SIGNAL] 2026-08-10T12:29:59+00:00 WLDTRY BUY fill_at=2026-08-10T12:34:59+00:00 features={"close": 16.15, "bb_lower": 16.15230508175554, "bb_upper": 16.283885394434936, "rsi": 40.69461555371234, "mfi": 57.62501109845664, "atr": 0.05999999999999999}
[BLOCKED] WLDTRY reason=insufficient_cash order=30.77 cash=30.81
[SIGNAL] 2026-08-10T12:29:59+00:00 ZKTRY BUY fill_at=2026-08-10T12:34:59+00:00 features={"close": 0.385, "bb_lower": 0.3850095397356712, "bb_upper": 0.3907047459786145, "rsi": 32.38147836790654, "mfi": 8.532501010408751, "atr": 0.0006428571428571435}
[BLOCKED] ZKTRY reason=insufficient_cash order=30.77 cash=30.81
[SCAN] 2026-08-10T12:34:59+00:00 symbols=121 signals=8 entries=0 exits=0 blocked=8 open=8 cash=30.81 equity=10054.01
[SIGNAL] 2026-08-10T12:34:59+00:00 AIGENSYNTRY BUY fill_at=2026-08-10T12:39:59+00:00 features={"close": 1.048, "bb_lower": 1.048830780157495, "bb_upper": 1.064597791271076, "rsi": 36.306692821657315, "mfi": 14.207869357843549, "atr": 0.0023571428571428515}
[BLOCKED] AIGENSYNTRY reason=insufficient_cash order=30.77 cash=30.81
[SIGNAL] 2026-08-10T12:34:59+00:00 EIGENTRY BUY fill_at=2026-08-10T12:39:59+00:00 features={"close": 8.796, "bb_lower": 8.806959450850485, "bb_upper": 8.915040549149513, "rsi": 39.47286246328008, "mfi": 25.315139123068917, "atr": 0.025785714285714585}
[BLOCKED] EIGENTRY reason=insufficient_cash order=30.77 cash=30.81
[SIGNAL] 2026-08-10T12:34:59+00:00 FLOKITRY BUY fill_at=2026-08-10T12:39:59+00:00 features={"close": 0.001019, "bb_lower": 0.0010192150456787227, "bb_upper": 0.0010259278114641346, "rsi": 35.21543357811932, "mfi": 10.67093520642706, "atr": 1.2857142857142706e-06}
[BLOCKED] FLOKITRY reason=insufficient_cash order=30.77 cash=30.81
[SIGNAL] 2026-08-10T12:34:59+00:00 HBARTRY BUY fill_at=2026-08-10T12:39:59+00:00 features={"close": 3.256, "bb_lower": 3.258421116538833, "bb_upper": 3.2742455501278336, "rsi": 29.573773444147108, "mfi": 15.526275136927481, "atr": 0.0026428571428571373}
[BLOCKED] HBARTRY reason=insufficient_cash order=30.77 cash=30.81
[SIGNAL] 2026-08-10T12:34:59+00:00 NEIROTRY BUY fill_at=2026-08-10T12:39:59+00:00 features={"close": 0.00345, "bb_lower": 0.0034524563745820433, "bb_upper": 0.003527543625417956, "rsi": 39.42643103862803, "mfi": 41.13087892817305, "atr": 2.0000000000000052e-05}
[BLOCKED] NEIROTRY reason=insufficient_cash order=30.77 cash=30.81
[SIGNAL] 2026-08-10T12:34:59+00:00 OPTRY BUY fill_at=2026-08-10T12:39:59+00:00 features={"close": 4.31, "bb_lower": 4.31197296354554, "bb_upper": 4.338503226930652, "rsi": 30.94986653873559, "mfi": 51.96682118345943, "atr": 0.0028571428571428597}
[BLOCKED] OPTRY reason=insufficient_cash order=30.77 cash=30.81
[SIGNAL] 2026-08-10T12:34:59+00:00 TRBTRY BUY fill_at=2026-08-10T12:39:59+00:00 features={"close": 658.0, "bb_lower": 658.064713516601, "bb_upper": 661.3638579119703, "rsi": 39.44148696940163, "mfi": 11.010482395201876, "atr": 0.5}
[BLOCKED] TRBTRY reason=insufficient_cash order=30.77 cash=30.81
[SIGNAL] 2026-08-10T12:34:59+00:00 TRUMPTRY BUY fill_at=2026-08-10T12:39:59+00:00 features={"close": 70.9, "bb_lower": 70.92762141674055, "bb_upper": 71.31047382135469, "rsi": 29.80368386897092, "mfi": 10.083295708694465, "atr": 0.05714285714285795}
[BLOCKED] TRUMPTRY reason=insufficient_cash order=30.77 cash=30.81
[SIGNAL] 2026-08-10T12:34:59+00:00 ZKTRY BUY fill_at=2026-08-10T12:39:59+00:00 features={"close": 0.384, "bb_lower": 0.384450291503205, "bb_upper": 0.39069256563965216, "rsi": 29.05279996427838, "mfi": 7.296509673543184, "atr": 0.0007142857142857149}
[BLOCKED] ZKTRY reason=insufficient_cash order=30.77 cash=30.81
[SCAN] 2026-08-10T12:39:59+00:00 symbols=121 signals=9 entries=0 exits=0 blocked=9 open=8 cash=30.81 equity=10057.14
[SIGNAL] 2026-08-10T12:39:59+00:00 CELOTRY BUY fill_at=2026-08-10T12:44:59+00:00 features={"close": 3.088, "bb_lower": 3.088185619631074, "bb_upper": 3.0975286660832118, "rsi": 34.204694920158516, "mfi": 0.9684917215451776, "atr": 0.0012142857142856758}
[BLOCKED] CELOTRY reason=insufficient_cash order=30.77 cash=30.81
[SIGNAL] 2026-08-10T12:39:59+00:00 EIGENTRY BUY fill_at=2026-08-10T12:44:59+00:00 features={"close": 8.795, "bb_lower": 8.796906418727625, "bb_upper": 8.918712628891422, "rsi": 39.31194134236722, "mfi": 24.90633214645733, "atr": 0.025857142857143117}
[BLOCKED] EIGENTRY reason=insufficient_cash order=30.77 cash=30.81
[SIGNAL] 2026-08-10T12:39:59+00:00 FLOKITRY BUY fill_at=2026-08-10T12:44:59+00:00 features={"close": 0.001017, "bb_lower": 0.0010181952408996587, "bb_upper": 0.0010262809495765316, "rsi": 30.08808305169302, "mfi": 10.899870245263884, "atr": 1.285714285714286e-06}
[BLOCKED] FLOKITRY reason=insufficient_cash order=30.77 cash=30.81
[SIGNAL] 2026-08-10T12:39:59+00:00 HBARTRY BUY fill_at=2026-08-10T12:44:59+00:00 features={"close": 3.25, "bb_lower": 3.255230388457252, "bb_upper": 3.2752458020189392, "rsi": 23.73624882184373, "mfi": 14.18987879185157, "atr": 0.003071428571428582}
[BLOCKED] HBARTRY reason=insufficient_cash order=30.77 cash=30.81
[SIGNAL] 2026-08-10T12:39:59+00:00 NEIROTRY BUY fill_at=2026-08-10T12:44:59+00:00 features={"close": 0.00344, "bb_lower": 0.0034476875223797927, "bb_upper": 0.0035304077157154445, "rsi": 36.99234162608567, "mfi": 42.94800030803537, "atr": 1.857142857142862e-05}
[BLOCKED] NEIROTRY reason=insufficient_cash order=30.77 cash=30.81
[SIGNAL] 2026-08-10T12:39:59+00:00 SHIBTRY BUY fill_at=2026-08-10T12:44:59+00:00 features={"close": 0.0002228, "bb_lower": 0.0002228232566973957, "bb_upper": 0.00022376721949308057, "rsi": 36.25590822929962, "mfi": 46.025876702654514, "atr": 2.0714285714285637e-07}
[BLOCKED] SHIBTRY reason=insufficient_cash order=30.77 cash=30.81
[SCAN] 2026-08-10T12:44:59+00:00 symbols=121 signals=6 entries=0 exits=0 blocked=6 open=8 cash=30.81 equity=10068.33
[SIGNAL] 2026-08-10T12:44:59+00:00 HBARTRY BUY fill_at=2026-08-10T12:49:59+00:00 features={"close": 3.251, "bb_lower": 3.252880185155885, "bb_upper": 3.275786481510783, "rsi": 26.360723300282572, "mfi": 13.095401776885467, "atr": 0.002928571428571423}
[BLOCKED] HBARTRY reason=insufficient_cash order=30.77 cash=30.81
[SIGNAL] 2026-08-10T12:44:59+00:00 TURTLETRY BUY fill_at=2026-08-10T12:49:59+00:00 features={"close": 2.14, "bb_lower": 2.146353497137202, "bb_upper": 2.169836979053274, "rsi": 29.92238042323133, "mfi": 15.167187091664971, "atr": 0.002857142857142828}
[BLOCKED] TURTLETRY reason=insufficient_cash order=30.77 cash=30.81
[SCAN] 2026-08-10T12:49:59+00:00 symbols=121 signals=2 entries=0 exits=0 blocked=2 open=8 cash=30.81 equity=10068.34
[SIGNAL] 2026-08-10T12:49:59+00:00 ATMTRY BUY fill_at=2026-08-10T12:54:59+00:00 features={"close": 71.74, "bb_lower": 71.80218323179815, "bb_upper": 72.62353105391614, "rsi": 34.46456425186342, "mfi": 23.837245972738728, "atr": 0.12285714285714278}
[BLOCKED] ATMTRY reason=insufficient_cash order=30.77 cash=30.81
[SIGNAL] 2026-08-10T12:49:59+00:00 CATITRY BUY fill_at=2026-08-10T12:54:59+00:00 features={"close": 2.083, "bb_lower": 2.0892063588030974, "bb_upper": 2.115460307863569, "rsi": 34.72858026269191, "mfi": 40.24365302536489, "atr": 0.008357142857142825}
[BLOCKED] CATITRY reason=insufficient_cash order=30.77 cash=30.81
[SIGNAL] 2026-08-10T12:49:59+00:00 SPELLTRY BUY fill_at=2026-08-10T12:54:59+00:00 features={"close": 0.0038, "bb_lower": 0.00380157288644919, "bb_upper": 0.003815569970693665, "rsi": 25.64063260313091, "mfi": 58.28385723000578, "atr": 2.1428571428571487e-06}
[BLOCKED] SPELLTRY reason=insufficient_cash order=30.77 cash=30.81
[SIGNAL] 2026-08-10T12:49:59+00:00 TURTLETRY BUY fill_at=2026-08-10T12:54:59+00:00 features={"close": 2.14, "bb_lower": 2.1439498094338982, "bb_upper": 2.171288285804198, "rsi": 29.922380423231317, "mfi": 15.167187091664971, "atr": 0.003571428571428527}
[BLOCKED] TURTLETRY reason=insufficient_cash order=30.77 cash=30.81
[SCAN] 2026-08-10T12:54:59+00:00 symbols=121 signals=4 entries=0 exits=0 blocked=4 open=8 cash=30.81 equity=10061.35
[SIGNAL] 2026-08-10T12:54:59+00:00 ATMTRY BUY fill_at=2026-08-10T12:59:59+00:00 features={"close": 71.69, "bb_lower": 71.72465501710015, "bb_upper": 72.65820212575703, "rsi": 33.03392557956569, "mfi": 24.172914508602034, "atr": 0.10714285714285714}
[BLOCKED] ATMTRY reason=insufficient_cash order=30.77 cash=30.81
[SIGNAL] 2026-08-10T12:54:59+00:00 EDENTRY BUY fill_at=2026-08-10T12:59:59+00:00 features={"close": 2.147, "bb_lower": 2.1666524228103996, "bb_upper": 2.2582047200467428, "rsi": 31.912136810657813, "mfi": 55.9324304907128, "atr": 0.02535714285714292}
[BLOCKED] EDENTRY reason=insufficient_cash order=30.77 cash=30.81
[SIGNAL] 2026-08-10T12:54:59+00:00 EIGENTRY BUY fill_at=2026-08-10T12:59:59+00:00 features={"close": 8.762, "bb_lower": 8.771878833797281, "bb_upper": 8.925740213821765, "rsi": 34.94990374585207, "mfi": 31.753527831220353, "atr": 0.02842857142857166}
[BLOCKED] EIGENTRY reason=insufficient_cash order=30.77 cash=30.81
[SIGNAL] 2026-08-10T12:54:59+00:00 RADTRY BUY fill_at=2026-08-10T12:59:59+00:00 features={"close": 9.92, "bb_lower": 9.949268327685242, "bb_upper": 10.07644595802904, "rsi": 27.919242012186032, "mfi": 16.697958145427904, "atr": 0.01642857142857146}
[BLOCKED] RADTRY reason=insufficient_cash order=30.77 cash=30.81
[SIGNAL] 2026-08-10T12:54:59+00:00 REDTRY BUY fill_at=2026-08-10T12:59:59+00:00 features={"close": 4.21, "bb_lower": 4.213020163803867, "bb_upper": 4.2365036457199405, "rsi": 34.24889512338473, "mfi": 1.4718743308785918, "atr": 0.0028571428571429864}
[BLOCKED] REDTRY reason=insufficient_cash order=30.77 cash=30.81
[SIGNAL] 2026-08-10T12:54:59+00:00 TAOTRY BUY fill_at=2026-08-10T12:59:59+00:00 features={"close": 9664.0, "bb_lower": 9670.836504323242, "bb_upper": 9804.020638533899, "rsi": 32.44258321501525, "mfi": 45.282587536317536, "atr": 22.714285714285715}
[BLOCKED] TAOTRY reason=insufficient_cash order=30.77 cash=30.81
[SIGNAL] 2026-08-10T12:54:59+00:00 TURTLETRY BUY fill_at=2026-08-10T12:59:59+00:00 features={"close": 2.14, "bb_lower": 2.1418453539007536, "bb_upper": 2.1724403603849614, "rsi": 29.92238042323133, "mfi": 15.167187091664971, "atr": 0.003571428571428527}
[BLOCKED] TURTLETRY reason=insufficient_cash order=30.77 cash=30.81
[SIGNAL] 2026-08-10T12:54:59+00:00 XPLTRY BUY fill_at=2026-08-10T12:59:59+00:00 features={"close": 3.758, "bb_lower": 3.76185465811524, "bb_upper": 3.812050103789523, "rsi": 35.02413261484159, "mfi": 26.88886114350946, "atr": 0.00964285714285716}
[BLOCKED] XPLTRY reason=insufficient_cash order=30.77 cash=30.81
[SCAN] 2026-08-10T12:59:59+00:00 symbols=121 signals=8 entries=0 exits=0 blocked=8 open=8 cash=30.81 equity=10059.66
[SIGNAL] 2026-08-10T12:59:59+00:00 ARKTRY BUY fill_at=2026-08-10T13:04:59+00:00 features={"close": 4.49, "bb_lower": 4.5005292648476205, "bb_upper": 4.517565973247618, "rsi": 14.080154406843675, "mfi": 0.0, "atr": 0.0014285714285713982}
[BLOCKED] ARKTRY reason=insufficient_cash order=30.77 cash=30.81
[SIGNAL] 2026-08-10T12:59:59+00:00 CATITRY BUY fill_at=2026-08-10T13:04:59+00:00 features={"close": 2.076, "bb_lower": 2.0820828712822137, "bb_upper": 2.118583795384453, "rsi": 32.873849681087805, "mfi": 39.81453087671467, "atr": 0.008357142857142825}
[BLOCKED] CATITRY reason=insufficient_cash order=30.77 cash=30.81
[SIGNAL] 2026-08-10T12:59:59+00:00 CELOTRY BUY fill_at=2026-08-10T13:04:59+00:00 features={"close": 3.077, "bb_lower": 3.0825005606303413, "bb_upper": 3.0996899155601363, "rsi": 20.801908130043643, "mfi": 0.9958070761877167, "atr": 0.00199999999999997}
[BLOCKED] CELOTRY reason=insufficient_cash order=30.77 cash=30.81
[SIGNAL] 2026-08-10T12:59:59+00:00 ENATRY BUY fill_at=2026-08-10T13:04:59+00:00 features={"close": 4.288, "bb_lower": 4.303024134083525, "bb_upper": 4.34669015163076, "rsi": 33.81601576498157, "mfi": 54.07443487122485, "atr": 0.011428571428571375}
[BLOCKED] ENATRY reason=insufficient_cash order=30.77 cash=30.81
[SIGNAL] 2026-08-10T12:59:59+00:00 MAVTRY BUY fill_at=2026-08-10T13:04:59+00:00 features={"close": 0.43, "bb_lower": 0.43317674856860094, "bb_upper": 0.4449184895266371, "rsi": 37.22682610634994, "mfi": 47.91736805820348, "atr": 0.0050000000000000044}
[BLOCKED] MAVTRY reason=insufficient_cash order=30.77 cash=30.81
[SIGNAL] 2026-08-10T12:59:59+00:00 RADTRY BUY fill_at=2026-08-10T13:04:59+00:00 features={"close": 9.92, "bb_lower": 9.935079534301472, "bb_upper": 10.083968084746143, "rsi": 27.919242012186032, "mfi": 16.697958145427904, "atr": 0.01642857142857146}
[BLOCKED] RADTRY reason=insufficient_cash order=30.77 cash=30.81
[SIGNAL] 2026-08-10T12:59:59+00:00 REDTRY BUY fill_at=2026-08-10T13:04:59+00:00 features={"close": 4.2, "bb_lower": 4.207800470066381, "bb_upper": 4.238866196600286, "rsi": 25.772782296376846, "mfi": 1.426637779719428, "atr": 0.003571428571428686}
[BLOCKED] REDTRY reason=insufficient_cash order=30.77 cash=30.81
[SIGNAL] 2026-08-10T12:59:59+00:00 SHIBTRY BUY fill_at=2026-08-10T13:04:59+00:00 features={"close": 0.0002222, "bb_lower": 0.00022255932329361854, "bb_upper": 0.00022388829575400044, "rsi": 28.789422233678607, "mfi": 36.26285950593336, "atr": 2.7857142857142953e-07}
[BLOCKED] SHIBTRY reason=insufficient_cash order=30.77 cash=30.81
[SIGNAL] 2026-08-10T12:59:59+00:00 SUITRY BUY fill_at=2026-08-10T13:04:59+00:00 features={"close": 32.95, "bb_lower": 32.979685276441955, "bb_upper": 33.20983853308185, "rsi": 35.31596518458423, "mfi": 39.57380330048754, "atr": 0.04500000000000069}
[BLOCKED] SUITRY reason=insufficient_cash order=30.77 cash=30.81
[SIGNAL] 2026-08-10T12:59:59+00:00 XPLTRY BUY fill_at=2026-08-10T13:04:59+00:00 features={"close": 3.747, "bb_lower": 3.754640453664651, "bb_upper": 3.8147881177639213, "rsi": 31.021196098537203, "mfi": 27.66472937276434, "atr": 0.009714285714285755}
[BLOCKED] XPLTRY reason=insufficient_cash order=30.77 cash=30.81
[SCAN] 2026-08-10T13:04:59+00:00 symbols=121 signals=10 entries=0 exits=0 blocked=10 open=8 cash=30.81 equity=10063.97
[SIGNAL] 2026-08-10T13:04:59+00:00 ARKTRY BUY fill_at=2026-08-10T13:09:59+00:00 features={"close": 4.49, "bb_lower": 4.496353497137203, "bb_upper": 4.519836979053275, "rsi": 14.080154406843675, "mfi": 0.0, "atr": 0.0014285714285713982}
[BLOCKED] ARKTRY reason=insufficient_cash order=30.77 cash=30.81
[SIGNAL] 2026-08-10T13:04:59+00:00 CATITRY BUY fill_at=2026-08-10T13:09:59+00:00 features={"close": 2.074, "bb_lower": 2.077589812988824, "bb_upper": 2.1201244727254616, "rsi": 31.962965300040693, "mfi": 36.186042919929484, "atr": 0.009571428571428564}
[BLOCKED] CATITRY reason=insufficient_cash order=30.77 cash=30.81
[SIGNAL] 2026-08-10T13:04:59+00:00 CELOTRY BUY fill_at=2026-08-10T13:09:59+00:00 features={"close": 3.077, "bb_lower": 3.079918313782345, "bb_upper": 3.1006531147890852, "rsi": 20.801908130043643, "mfi": 0.9958070761877167, "atr": 0.00199999999999997}
[BLOCKED] CELOTRY reason=insufficient_cash order=30.77 cash=30.81
[SIGNAL] 2026-08-10T13:04:59+00:00 ENATRY BUY fill_at=2026-08-10T13:09:59+00:00 features={"close": 4.282, "bb_lower": 4.29484150091635, "bb_upper": 4.3515394514646015, "rsi": 31.81295057412227, "mfi": 44.8189430019219, "atr": 0.011142857142857057}
[BLOCKED] ENATRY reason=insufficient_cash order=30.77 cash=30.81
[SIGNAL] 2026-08-10T13:04:59+00:00 RADTRY BUY fill_at=2026-08-10T13:09:59+00:00 features={"close": 9.92, "bb_lower": 9.922814976654324, "bb_upper": 10.089565975726623, "rsi": 27.919242012186018, "mfi": 11.808246154886561, "atr": 0.01642857142857146}
[BLOCKED] RADTRY reason=insufficient_cash order=30.77 cash=30.81
[SIGNAL] 2026-08-10T13:04:59+00:00 REDTRY BUY fill_at=2026-08-10T13:09:59+00:00 features={"close": 4.2, "bb_lower": 4.203784478485295, "bb_upper": 4.240025045324229, "rsi": 25.772782296376846, "mfi": 1.4001708375563595, "atr": 0.002857142857142923}
[BLOCKED] REDTRY reason=insufficient_cash order=30.77 cash=30.81
[SIGNAL] 2026-08-10T13:04:59+00:00 SHIBTRY BUY fill_at=2026-08-10T13:09:59+00:00 features={"close": 0.0002222, "bb_lower": 0.00022237826046424158, "bb_upper": 0.00022396459667861545, "rsi": 28.789422233678607, "mfi": 28.355419737184818, "atr": 2.9999999999999956e-07}
[BLOCKED] SHIBTRY reason=insufficient_cash order=30.77 cash=30.81
[SIGNAL] 2026-08-10T13:04:59+00:00 SUITRY BUY fill_at=2026-08-10T13:09:59+00:00 features={"close": 32.94, "bb_lower": 32.96339796284338, "bb_upper": 33.219459180013764, "rsi": 34.45377966734104, "mfi": 16.234718500980733, "atr": 0.04642857142857234}
[BLOCKED] SUITRY reason=insufficient_cash order=30.77 cash=30.81
[SIGNAL] 2026-08-10T13:04:59+00:00 TSTTRY BUY fill_at=2026-08-10T13:09:59+00:00 features={"close": 1.057, "bb_lower": 1.072288566202123, "bb_upper": 1.1748542909407338, "rsi": 37.317014257188916, "mfi": 48.821276441114996, "atr": 0.03778571428571425}
[BLOCKED] TSTTRY reason=insufficient_cash order=30.77 cash=30.81
[SCAN] 2026-08-10T13:09:59+00:00 symbols=121 signals=9 entries=0 exits=0 blocked=9 open=8 cash=30.81 equity=10069.39
[SIGNAL] 2026-08-10T13:09:59+00:00 ARKTRY BUY fill_at=2026-08-10T13:14:59+00:00 features={"close": 4.49, "bb_lower": 4.493145772898382, "bb_upper": 4.521139941387332, "rsi": 14.080154406843675, "mfi": 0.0, "atr": 0.0014285714285713982}
[BLOCKED] ARKTRY reason=insufficient_cash order=30.77 cash=30.81
[SIGNAL] 2026-08-10T13:09:59+00:00 CATITRY BUY fill_at=2026-08-10T13:14:59+00:00 features={"close": 2.066, "bb_lower": 2.0717620844570637, "bb_upper": 2.1222379155429363, "rsi": 28.536576385873715, "mfi": 34.581321224390194, "atr": 0.009714285714285722}
[BLOCKED] CATITRY reason=insufficient_cash order=30.77 cash=30.81
[SIGNAL] 2026-08-10T13:09:59+00:00 CELOTRY BUY fill_at=2026-08-10T13:14:59+00:00 features={"close": 3.077, "bb_lower": 3.0778205105181855, "bb_upper": 3.101131870434196, "rsi": 20.801908130043643, "mfi": 0.9958070761877167, "atr": 0.00199999999999997}
[BLOCKED] CELOTRY reason=insufficient_cash order=30.77 cash=30.81
[SIGNAL] 2026-08-10T13:09:59+00:00 CHIPTRY BUY fill_at=2026-08-10T13:14:59+00:00 features={"close": 1.0995, "bb_lower": 1.1009254896307779, "bb_upper": 1.1218840341787457, "rsi": 33.645725631452606, "mfi": 29.758768998395254, "atr": 0.004357142857142837}
[BLOCKED] CHIPTRY reason=insufficient_cash order=30.77 cash=30.81
[SIGNAL] 2026-08-10T13:09:59+00:00 TSTTRY BUY fill_at=2026-08-10T13:14:59+00:00 features={"close": 1.016, "bb_lower": 1.0519432317657627, "bb_upper": 1.1877710539485227, "rsi": 32.0261321533132, "mfi": 45.59337164440888, "atr": 0.03971428571428569}
[BLOCKED] TSTTRY reason=insufficient_cash order=30.77 cash=30.81
[SCAN] 2026-08-10T13:14:59+00:00 symbols=121 signals=5 entries=0 exits=0 blocked=5 open=8 cash=30.81 equity=10050.65
[SIGNAL] 2026-08-10T13:14:59+00:00 ALLOTRY BUY fill_at=2026-08-10T13:19:59+00:00 features={"close": 14.56, "bb_lower": 14.638138536272699, "bb_upper": 14.868528130393972, "rsi": 32.04825237601375, "mfi": 16.222802225769698, "atr": 0.0842857142857144}
[BLOCKED] ALLOTRY reason=insufficient_cash order=30.77 cash=30.81
[SIGNAL] 2026-08-10T13:14:59+00:00 ARKTRY BUY fill_at=2026-08-10T13:19:59+00:00 features={"close": 4.49, "bb_lower": 4.490483407140504, "bb_upper": 4.5218975452404475, "rsi": 14.080154406843675, "mfi": 0.0, "atr": 0.0014285714285713982}
[BLOCKED] ARKTRY reason=insufficient_cash order=30.77 cash=30.81
[SIGNAL] 2026-08-10T13:14:59+00:00 CHIPTRY BUY fill_at=2026-08-10T13:19:59+00:00 features={"close": 1.0986, "bb_lower": 1.1003439154012207, "bb_upper": 1.1198846560273505, "rsi": 32.90223673294557, "mfi": 29.691723729371063, "atr": 0.004235714285714264}
[BLOCKED] CHIPTRY reason=insufficient_cash order=30.77 cash=30.81
[SIGNAL] 2026-08-10T13:14:59+00:00 THETRY BUY fill_at=2026-08-10T13:19:59+00:00 features={"close": 3.088, "bb_lower": 3.096016907065154, "bb_upper": 3.1905545215062734, "rsi": 39.86982472516012, "mfi": 46.47869531148137, "atr": 0.03035714285714291}
[BLOCKED] THETRY reason=insufficient_cash order=30.77 cash=30.81
[SIGNAL] 2026-08-10T13:14:59+00:00 TSTTRY BUY fill_at=2026-08-10T13:19:59+00:00 features={"close": 1.019, "bb_lower": 1.0351731043143066, "bb_upper": 1.195874514733312, "rsi": 32.781587762097956, "mfi": 40.67169520079997, "atr": 0.038428571428571416}
[BLOCKED] TSTTRY reason=insufficient_cash order=30.77 cash=30.81
[SCAN] 2026-08-10T13:19:59+00:00 symbols=121 signals=5 entries=0 exits=0 blocked=5 open=8 cash=30.81 equity=10065.25
[EXIT] 2026-08-10T13:24:59+00:00 AIXBTTRY reason=bb_mfi_v3_signal_exit pnl=-17.47 cash=2022.20
[SIGNAL] 2026-08-10T13:19:59+00:00 ALLOTRY BUY fill_at=2026-08-10T13:24:59+00:00 features={"close": 14.54, "bb_lower": 14.599228435072483, "bb_upper": 14.891247755403711, "rsi": 30.822023990925118, "mfi": 14.456051294825826, "atr": 0.08500000000000009}
[ENTRY] 2026-08-10T13:24:59+00:00 ALLOTRY layer=1 value=1006.08 entry=14.55090500 cash=1014.61
[SIGNAL] 2026-08-10T13:19:59+00:00 ALPINETRY BUY fill_at=2026-08-10T13:24:59+00:00 features={"close": 15.77, "bb_lower": 15.77619413941091, "bb_upper": 15.838091574874804, "rsi": 39.39732421317643, "mfi": 35.38474148619538, "atr": 0.0057142857142857195}
[BLOCKED] ALPINETRY reason=max_layers
[SIGNAL] 2026-08-10T13:19:59+00:00 CHIPTRY BUY fill_at=2026-08-10T13:24:59+00:00 features={"close": 1.098, "bb_lower": 1.0984496057634991, "bb_upper": 1.1204075370936433, "rsi": 32.38538672910943, "mfi": 26.789237712689626, "atr": 0.00404285714285711}
[ENTRY] 2026-08-10T13:24:59+00:00 CHIPTRY layer=1 value=1005.37 entry=1.09892358 cash=7.74
[SIGNAL] 2026-08-10T13:19:59+00:00 STOTRY BUY fill_at=2026-08-10T13:24:59+00:00 features={"close": 1.959, "bb_lower": 1.963069234371636, "bb_upper": 1.9958831465807452, "rsi": 32.45447698062837, "mfi": 28.644473874578765, "atr": 0.004285714285714258}
[BLOCKED] STOTRY reason=insufficient_cash order=7.72 cash=7.74
[SIGNAL] 2026-08-10T13:19:59+00:00 TSTTRY BUY fill_at=2026-08-10T13:24:59+00:00 features={"close": 1.004, "bb_lower": 1.0167292726980828, "bb_upper": 1.203270727301917, "rsi": 30.92018173612979, "mfi": 36.52445218657627, "atr": 0.037857142857142846}
[BLOCKED] TSTTRY reason=insufficient_cash order=7.72 cash=7.74
[SCAN] 2026-08-10T13:24:59+00:00 symbols=121 signals=5 entries=2 exits=1 blocked=3 open=9 cash=7.74 equity=10054.82
[SIGNAL] 2026-08-10T13:24:59+00:00 AIGENSYNTRY BUY fill_at=2026-08-10T13:29:59+00:00 features={"close": 1.038, "bb_lower": 1.039021751783612, "bb_upper": 1.0607877720259118, "rsi": 30.618759502001524, "mfi": 6.931537137135209, "atr": 0.0026428571428571373}
[BLOCKED] AIGENSYNTRY reason=insufficient_cash order=7.72 cash=7.74
[SIGNAL] 2026-08-10T13:24:59+00:00 ALLOTRY BUY fill_at=2026-08-10T13:29:59+00:00 features={"close": 14.47, "bb_lower": 14.546089328194808, "bb_upper": 14.920577338471867, "rsi": 26.91699912156561, "mfi": 13.15641269299968, "atr": 0.0942857142857143}
[BLOCKED] ALLOTRY reason=insufficient_cash order=7.72 cash=7.74
[SIGNAL] 2026-08-10T13:24:59+00:00 BMTTRY BUY fill_at=2026-08-10T13:29:59+00:00 features={"close": 1.325, "bb_lower": 1.3460390867070113, "bb_upper": 1.4778656751977504, "rsi": 36.981656963794926, "mfi": 45.18684300932333, "atr": 0.04835714285714286}
[BLOCKED] BMTTRY reason=insufficient_cash order=7.72 cash=7.74
[SIGNAL] 2026-08-10T13:24:59+00:00 RVNTRY BUY fill_at=2026-08-10T13:29:59+00:00 features={"close": 0.1701, "bb_lower": 0.17012900477714193, "bb_upper": 0.1705471856990486, "rsi": 40.561001426638015, "mfi": 45.458107302578625, "atr": 5.000000000000044e-05}
[BLOCKED] RVNTRY reason=insufficient_cash order=7.72 cash=7.74
[SIGNAL] 2026-08-10T13:24:59+00:00 TSTTRY BUY fill_at=2026-08-10T13:29:59+00:00 features={"close": 0.998, "bb_lower": 0.9995366007275885, "bb_upper": 1.2081776849866968, "rsi": 30.177643950204384, "mfi": 32.37756463766145, "atr": 0.03628571428571426}
[BLOCKED] TSTTRY reason=insufficient_cash order=7.72 cash=7.74
[SCAN] 2026-08-10T13:29:59+00:00 symbols=121 signals=5 entries=0 exits=0 blocked=5 open=9 cash=7.74 equity=10062.49
[SIGNAL] 2026-08-10T13:29:59+00:00 0GTRY BUY fill_at=2026-08-10T13:34:59+00:00 features={"close": 7.36, "bb_lower": 7.363813427272423, "bb_upper": 7.42190085844186, "rsi": 43.57210107842567, "mfi": 27.504742249896154, "atr": 0.020714285714285845}
[BLOCKED] 0GTRY reason=insufficient_cash order=7.72 cash=7.74
[SIGNAL] 2026-08-10T13:29:59+00:00 ALLOTRY BUY fill_at=2026-08-10T13:34:59+00:00 features={"close": 14.5, "bb_lower": 14.51036974316204, "bb_upper": 14.934392161599872, "rsi": 30.977138397189066, "mfi": 11.656075296756185, "atr": 0.09071428571428568}
[BLOCKED] ALLOTRY reason=insufficient_cash order=7.72 cash=7.74
[SIGNAL] 2026-08-10T13:29:59+00:00 BMTTRY BUY fill_at=2026-08-10T13:34:59+00:00 features={"close": 1.286, "bb_lower": 1.3223735072104141, "bb_upper": 1.491721730884824, "rsi": 33.14231636611518, "mfi": 34.64491272761471, "atr": 0.046785714285714285}
[BLOCKED] BMTTRY reason=insufficient_cash order=7.72 cash=7.74
[SIGNAL] 2026-08-10T13:29:59+00:00 ENATRY BUY fill_at=2026-08-10T13:34:59+00:00 features={"close": 4.272, "bb_lower": 4.276164081264879, "bb_upper": 4.354883537782738, "rsi": 34.039751485461565, "mfi": 31.18258269784026, "atr": 0.01342857142857141}
[BLOCKED] ENATRY reason=insufficient_cash order=7.72 cash=7.74
[SIGNAL] 2026-08-10T13:29:59+00:00 ETHFITRY BUY fill_at=2026-08-10T13:34:59+00:00 features={"close": 18.78, "bb_lower": 18.78627710104443, "bb_upper": 18.953722898955565, "rsi": 38.53911070752251, "mfi": 30.132254790496262, "atr": 0.0392857142857151}
[BLOCKED] ETHFITRY reason=insufficient_cash order=7.72 cash=7.74
[SIGNAL] 2026-08-10T13:29:59+00:00 HOMETRY BUY fill_at=2026-08-10T13:34:59+00:00 features={"close": 0.453, "bb_lower": 0.45300529372980536, "bb_upper": 0.4632804205559091, "rsi": 39.87327565447625, "mfi": 54.05809223366883, "atr": 0.002571428571428574}
[BLOCKED] HOMETRY reason=insufficient_cash order=7.72 cash=7.74
[SIGNAL] 2026-08-10T13:29:59+00:00 MEMETRY BUY fill_at=2026-08-10T13:34:59+00:00 features={"close": 0.0246, "bb_lower": 0.02462517708132808, "bb_upper": 0.024889108632957624, "rsi": 39.804326572600694, "mfi": 31.68515088037111, "atr": 7.1428571428571e-05}
[BLOCKED] MEMETRY reason=insufficient_cash order=7.72 cash=7.74
[SIGNAL] 2026-08-10T13:29:59+00:00 RVNTRY BUY fill_at=2026-08-10T13:34:59+00:00 features={"close": 0.1699, "bb_lower": 0.1700387821148655, "bb_upper": 0.1705993131232298, "rsi": 33.31493699790886, "mfi": 36.44852372908895, "atr": 6.428571428571514e-05}
[BLOCKED] RVNTRY reason=insufficient_cash order=7.72 cash=7.74
[SCAN] 2026-08-10T13:34:59+00:00 symbols=121 signals=8 entries=0 exits=0 blocked=8 open=9 cash=7.74 equity=10054.18
[SIGNAL] 2026-08-10T13:34:59+00:00 AITRY BUY fill_at=2026-08-10T13:39:59+00:00 features={"close": 0.85, "bb_lower": 0.8504329895074407, "bb_upper": 0.8714717723973213, "rsi": 37.46702688556182, "mfi": 4.591239770564883, "atr": 0.0021428571428571447}
[BLOCKED] AITRY reason=insufficient_cash order=7.72 cash=7.74
[SIGNAL] 2026-08-10T13:34:59+00:00 ALICETRY BUY fill_at=2026-08-10T13:39:59+00:00 features={"close": 5.83, "bb_lower": 5.837547440159133, "bb_upper": 5.9357858931742005, "rsi": 40.259125641864316, "mfi": 54.355670948597655, "atr": 0.019999999999999827}
[BLOCKED] ALICETRY reason=insufficient_cash order=7.72 cash=7.74
[SIGNAL] 2026-08-10T13:34:59+00:00 ALPINETRY BUY fill_at=2026-08-10T13:39:59+00:00 features={"close": 15.72, "bb_lower": 15.747992674508659, "bb_upper": 15.852007325491336, "rsi": 26.042266479939727, "mfi": 24.894114851025293, "atr": 0.007857142857142816}
[BLOCKED] ALPINETRY reason=max_layers
[SIGNAL] 2026-08-10T13:34:59+00:00 APTTRY BUY fill_at=2026-08-10T13:39:59+00:00 features={"close": 28.2, "bb_lower": 28.224340267523818, "bb_upper": 28.394707351523802, "rsi": 36.607480716979644, "mfi": 53.93820747201088, "atr": 0.04999999999999995}
[BLOCKED] APTTRY reason=insufficient_cash order=7.72 cash=7.74
[SIGNAL] 2026-08-10T13:34:59+00:00 BLURTRY BUY fill_at=2026-08-10T13:39:59+00:00 features={"close": 0.659, "bb_lower": 0.6591984265251237, "bb_upper": 0.6637539544272576, "rsi": 35.36915206933109, "mfi": 53.53101008659024, "atr": 0.0007142857142857149}
[BLOCKED] BLURTRY reason=insufficient_cash order=7.72 cash=7.74
[SIGNAL] 2026-08-10T13:34:59+00:00 BMTTRY BUY fill_at=2026-08-10T13:39:59+00:00 features={"close": 1.251, "bb_lower": 1.2934186151801812, "bb_upper": 1.5082004324388667, "rsi": 30.103828222062447, "mfi": 32.194038136165645, "atr": 0.04907142857142856}
[BLOCKED] BMTTRY reason=insufficient_cash order=7.72 cash=7.74
[SIGNAL] 2026-08-10T13:34:59+00:00 ENATRY BUY fill_at=2026-08-10T13:39:59+00:00 features={"close": 4.268, "bb_lower": 4.26918608283378, "bb_upper": 4.355385345737648, "rsi": 32.86660023507757, "mfi": 37.66106954977126, "atr": 0.014071428571428513}
[BLOCKED] ENATRY reason=insufficient_cash order=7.72 cash=7.74
[SIGNAL] 2026-08-10T13:34:59+00:00 ETHFITRY BUY fill_at=2026-08-10T13:39:59+00:00 features={"close": 18.7, "bb_lower": 18.751824724242073, "bb_upper": 18.967222894805534, "rsi": 31.09619033638802, "mfi": 19.64553257389062, "atr": 0.04285714285714372}
[BLOCKED] ETHFITRY reason=insufficient_cash order=7.72 cash=7.74
[SIGNAL] 2026-08-10T13:34:59+00:00 FETTRY BUY fill_at=2026-08-10T13:39:59+00:00 features={"close": 6.55, "bb_lower": 6.55810009768778, "bb_upper": 6.604757045169364, "rsi": 35.876744757124484, "mfi": 53.72562624039978, "atr": 0.01285714285714271}
[BLOCKED] FETTRY reason=insufficient_cash order=7.72 cash=7.74
[SIGNAL] 2026-08-10T13:34:59+00:00 FLOKITRY BUY fill_at=2026-08-10T13:39:59+00:00 features={"close": 0.001014, "bb_lower": 0.001014077689321345, "bb_upper": 0.0010243032630596076, "rsi": 33.049933569371916, "mfi": 45.905556442367995, "atr": 2.142857142857164e-06}
[BLOCKED] FLOKITRY reason=insufficient_cash order=7.72 cash=7.74
[SIGNAL] 2026-08-10T13:34:59+00:00 IDTRY BUY fill_at=2026-08-10T13:39:59+00:00 features={"close": 1.354, "bb_lower": 1.354062292801213, "bb_upper": 1.363937707198787, "rsi": 39.57826941048273, "mfi": 17.26506723004607, "atr": 0.0022857142857142876}
[BLOCKED] IDTRY reason=insufficient_cash order=7.72 cash=7.74
[SIGNAL] 2026-08-10T13:34:59+00:00 MEMETRY BUY fill_at=2026-08-10T13:39:59+00:00 features={"close": 0.0246, "bb_lower": 0.024601311509564405, "bb_upper": 0.024893926585673687, "rsi": 39.804326572600694, "mfi": 22.12902725032923, "atr": 7.1428571428571e-05}
[BLOCKED] MEMETRY reason=insufficient_cash order=7.72 cash=7.74
[SIGNAL] 2026-08-10T13:34:59+00:00 RVNTRY BUY fill_at=2026-08-10T13:39:59+00:00 features={"close": 0.1699, "bb_lower": 0.16996587397208018, "bb_upper": 0.17062460221839604, "rsi": 33.31493699790886, "mfi": 36.44852372908895, "atr": 7.142857142857348e-05}
[BLOCKED] RVNTRY reason=insufficient_cash order=7.72 cash=7.74
[SIGNAL] 2026-08-10T13:34:59+00:00 SHIBTRY BUY fill_at=2026-08-10T13:39:59+00:00 features={"close": 0.0002215, "bb_lower": 0.0002217061508112624, "bb_upper": 0.0002239414682363566, "rsi": 23.97356213420079, "mfi": 26.869549314532307, "atr": 3.642857142857135e-07}
[BLOCKED] SHIBTRY reason=insufficient_cash order=7.72 cash=7.74
[SCAN] 2026-08-10T13:39:59+00:00 symbols=121 signals=14 entries=0 exits=0 blocked=14 open=9 cash=7.74 equity=10057.42
[SIGNAL] 2026-08-10T13:39:59+00:00 1MBABYDOGETRY BUY fill_at=2026-08-10T13:44:59+00:00 features={"close": 0.0165, "bb_lower": 0.016508681255197763, "bb_upper": 0.016593223506706993, "rsi": 32.35325073680342, "mfi": 26.02480143612678, "atr": 1.4285714285714695e-05}
[BLOCKED] 1MBABYDOGETRY reason=max_layers
[SIGNAL] 2026-08-10T13:39:59+00:00 AEROTRY BUY fill_at=2026-08-10T13:44:59+00:00 features={"close": 19.96, "bb_lower": 20.035912543170575, "bb_upper": 20.51265888540084, "rsi": 28.895645656194006, "mfi": 36.30366189631776, "atr": 0.0542857142857149}
[BLOCKED] AEROTRY reason=insufficient_cash order=7.72 cash=7.74
[SIGNAL] 2026-08-10T13:39:59+00:00 BMTTRY BUY fill_at=2026-08-10T13:44:59+00:00 features={"close": 1.247, "bb_lower": 1.2674378766482843, "bb_upper": 1.5159906947802875, "rsi": 29.765959009178843, "mfi": 33.12245921781255, "atr": 0.050214285714285704}
[BLOCKED] BMTTRY reason=insufficient_cash order=7.72 cash=7.74
[SIGNAL] 2026-08-10T13:39:59+00:00 ETHFITRY BUY fill_at=2026-08-10T13:44:59+00:00 features={"close": 18.69, "bb_lower": 18.724036838712273, "bb_upper": 18.971201256525816, "rsi": 30.303672461826125, "mfi": 18.58629829806104, "atr": 0.043571428571429295}
[BLOCKED] ETHFITRY reason=insufficient_cash order=7.72 cash=7.74
[SIGNAL] 2026-08-10T13:39:59+00:00 FETTRY BUY fill_at=2026-08-10T13:44:59+00:00 features={"close": 6.55, "bb_lower": 6.5529935461386986, "bb_upper": 6.606054072908923, "rsi": 35.876744757124484, "mfi": 43.80669686058959, "atr": 0.01357142857142841}
[BLOCKED] FETTRY reason=insufficient_cash order=7.72 cash=7.74
[SIGNAL] 2026-08-10T13:39:59+00:00 PLUMETRY BUY fill_at=2026-08-10T13:44:59+00:00 features={"close": 0.582, "bb_lower": 0.5840483749531338, "bb_upper": 0.5960468631421041, "rsi": 30.485880999125115, "mfi": 14.741831184505571, "atr": 0.0030000000000000027}
[BLOCKED] PLUMETRY reason=insufficient_cash order=7.72 cash=7.74
[SIGNAL] 2026-08-10T13:39:59+00:00 USTCTRY BUY fill_at=2026-08-10T13:44:59+00:00 features={"close": 0.2405, "bb_lower": 0.24068823498460165, "bb_upper": 0.2417022412058745, "rsi": 37.64811123011765, "mfi": 19.046503978008147, "atr": 0.00020714285714285813}
[BLOCKED] USTCTRY reason=insufficient_cash order=7.72 cash=7.74
[SCAN] 2026-08-10T13:44:59+00:00 symbols=121 signals=7 entries=0 exits=0 blocked=7 open=9 cash=7.74 equity=10052.84
[SIGNAL] 2026-08-10T13:44:59+00:00 1MBABYDOGETRY BUY fill_at=2026-08-10T13:49:59+00:00 features={"close": 0.0165, "bb_lower": 0.01650104771447667, "bb_upper": 0.01659609514266619, "rsi": 32.35325073680342, "mfi": 26.909515466018618, "atr": 1.4285714285714695e-05}
[BLOCKED] 1MBABYDOGETRY reason=max_layers
[SIGNAL] 2026-08-10T13:44:59+00:00 ACTTRY BUY fill_at=2026-08-10T13:49:59+00:00 features={"close": 0.53, "bb_lower": 0.5359391930966123, "bb_upper": 0.5632227116652927, "rsi": 28.19419040606681, "mfi": 42.86730433345801, "atr": 0.006914285714285738}
[BLOCKED] ACTTRY reason=insufficient_cash order=7.72 cash=7.74
[SIGNAL] 2026-08-10T13:44:59+00:00 AEROTRY BUY fill_at=2026-08-10T13:49:59+00:00 features={"close": 19.98, "bb_lower": 19.992088233404214, "bb_upper": 20.530768909452927, "rsi": 31.571401854157116, "mfi": 23.804692632083018, "atr": 0.05500000000000048}
[BLOCKED] AEROTRY reason=insufficient_cash order=7.72 cash=7.74
[SIGNAL] 2026-08-10T13:44:59+00:00 ALICETRY BUY fill_at=2026-08-10T13:49:59+00:00 features={"close": 5.83, "bb_lower": 5.830485909661273, "bb_upper": 5.923799804624442, "rsi": 40.97389661393774, "mfi": 51.86248709949293, "atr": 0.01785714285714273}
[BLOCKED] ALICETRY reason=insufficient_cash order=7.72 cash=7.74
[SIGNAL] 2026-08-10T13:44:59+00:00 FETTRY BUY fill_at=2026-08-10T13:49:59+00:00 features={"close": 6.52, "bb_lower": 6.5404890628401775, "bb_upper": 6.610939508588394, "rsi": 26.44510695275892, "mfi": 17.692859262235274, "atr": 0.01428571428571417}
[BLOCKED] FETTRY reason=insufficient_cash order=7.72 cash=7.74
[SIGNAL] 2026-08-10T13:44:59+00:00 PENGUTRY BUY fill_at=2026-08-10T13:49:59+00:00 features={"close": 0.3162, "bb_lower": 0.31645982821650187, "bb_upper": 0.32169255273587916, "rsi": 35.17936550419732, "mfi": 34.63874065187068, "atr": 0.0012214285714285639}
[BLOCKED] PENGUTRY reason=insufficient_cash order=7.72 cash=7.74
[SIGNAL] 2026-08-10T13:44:59+00:00 PLUMETRY BUY fill_at=2026-08-10T13:49:59+00:00 features={"close": 0.582, "bb_lower": 0.5827381367182278, "bb_upper": 0.5964047204246294, "rsi": 30.485880999125115, "mfi": 21.852858435001153, "atr": 0.0028571428571428597}
[BLOCKED] PLUMETRY reason=insufficient_cash order=7.72 cash=7.74
[SIGNAL] 2026-08-10T13:44:59+00:00 TRBTRY BUY fill_at=2026-08-10T13:49:59+00:00 features={"close": 655.0, "bb_lower": 656.7687161821393, "bb_upper": 662.0884266750036, "rsi": 20.5300126998644, "mfi": 12.266899655117612, "atr": 0.5}
[BLOCKED] TRBTRY reason=insufficient_cash order=7.72 cash=7.74
[SIGNAL] 2026-08-10T13:44:59+00:00 TRXTRY BUY fill_at=2026-08-10T13:49:59+00:00 features={"close": 15.773, "bb_lower": 15.774859944197914, "bb_upper": 15.810473389135428, "rsi": 35.73291313875906, "mfi": 54.472354889689356, "atr": 0.006499999999999696}
[BLOCKED] TRXTRY reason=insufficient_cash order=7.72 cash=7.74
[SIGNAL] 2026-08-10T13:44:59+00:00 USTCTRY BUY fill_at=2026-08-10T13:49:59+00:00 features={"close": 0.2405, "bb_lower": 0.24058868348416076, "bb_upper": 0.24175417365869625, "rsi": 37.64811123011765, "mfi": 22.243325123752072, "atr": 0.00020714285714285813}
[BLOCKED] USTCTRY reason=insufficient_cash order=7.72 cash=7.74
[SCAN] 2026-08-10T13:49:59+00:00 symbols=121 signals=10 entries=0 exits=0 blocked=10 open=9 cash=7.74 equity=10047.54
[SIGNAL] 2026-08-10T13:49:59+00:00 ACTTRY BUY fill_at=2026-08-10T13:54:59+00:00 features={"close": 0.5124, "bb_lower": 0.5273045847157469, "bb_upper": 0.567104939093777, "rsi": 20.428352347745516, "mfi": 30.209922486265583, "atr": 0.008378571428571457}
[BLOCKED] ACTTRY reason=insufficient_cash order=7.72 cash=7.74
[SIGNAL] 2026-08-10T13:49:59+00:00 AIGENSYNTRY BUY fill_at=2026-08-10T13:54:59+00:00 features={"close": 1.031, "bb_lower": 1.0328609418533143, "bb_upper": 1.0573295343371618, "rsi": 26.55294512217371, "mfi": 6.844013576472776, "atr": 0.003571428571428575}
[BLOCKED] AIGENSYNTRY reason=insufficient_cash order=7.72 cash=7.74
[SIGNAL] 2026-08-10T13:49:59+00:00 ALICETRY BUY fill_at=2026-08-10T13:54:59+00:00 features={"close": 5.8, "bb_lower": 5.8182314664999275, "bb_upper": 5.9246256763572145, "rsi": 35.44301622495959, "mfi": 42.99715813007831, "atr": 0.01928571428571419}
[BLOCKED] ALICETRY reason=insufficient_cash order=7.72 cash=7.74
[SIGNAL] 2026-08-10T13:49:59+00:00 ALPINETRY BUY fill_at=2026-08-10T13:54:59+00:00 features={"close": 15.72, "bb_lower": 15.72624652285157, "bb_upper": 15.855658239053193, "rsi": 33.959989909768154, "mfi": 12.870698246563549, "atr": 0.01285714285714271}
[BLOCKED] ALPINETRY reason=max_layers
[SIGNAL] 2026-08-10T13:49:59+00:00 ARKMTRY BUY fill_at=2026-08-10T13:54:59+00:00 features={"close": 4.69, "bb_lower": 4.706259430732672, "bb_upper": 4.757359616886376, "rsi": 34.86316839340476, "mfi": 21.015109979110903, "atr": 0.013857142857142917}
[BLOCKED] ARKMTRY reason=insufficient_cash order=7.72 cash=7.74
[SIGNAL] 2026-08-10T13:49:59+00:00 FETTRY BUY fill_at=2026-08-10T13:54:59+00:00 features={"close": 6.51, "bb_lower": 6.528097854605418, "bb_upper": 6.614759288251722, "rsi": 24.152271360614634, "mfi": 14.455355569069269, "atr": 0.015714285714285632}
[BLOCKED] FETTRY reason=insufficient_cash order=7.72 cash=7.74
[SIGNAL] 2026-08-10T13:49:59+00:00 GUNTRY BUY fill_at=2026-08-10T13:54:59+00:00 features={"close": 0.159, "bb_lower": 0.15911066262622983, "bb_upper": 0.1720321945166273, "rsi": 31.632229884140955, "mfi": 34.15790974904451, "atr": 0.0030000000000000005}
[BLOCKED] GUNTRY reason=insufficient_cash order=7.72 cash=7.74
[SIGNAL] 2026-08-10T13:49:59+00:00 PEOPLETRY BUY fill_at=2026-08-10T13:54:59+00:00 features={"close": 0.411, "bb_lower": 0.41159643579391564, "bb_upper": 0.4196416594441796, "rsi": 36.21728160275502, "mfi": 44.995834981043764, "atr": 0.0020000000000000018}
[BLOCKED] PEOPLETRY reason=insufficient_cash order=7.72 cash=7.74
[SIGNAL] 2026-08-10T13:49:59+00:00 PLUMETRY BUY fill_at=2026-08-10T13:54:59+00:00 features={"close": 0.58, "bb_lower": 0.5813411734640196, "bb_upper": 0.5963731122502663, "rsi": 27.48045576249642, "mfi": 20.511839732515483, "atr": 0.002928571428571431}
[BLOCKED] PLUMETRY reason=insufficient_cash order=7.72 cash=7.74
[SIGNAL] 2026-08-10T13:49:59+00:00 SPELLTRY BUY fill_at=2026-08-10T13:54:59+00:00 features={"close": 0.00379, "bb_lower": 0.0037930201638038683, "bb_upper": 0.003816503645719941, "rsi": 31.20759240084986, "mfi": 39.53292788242722, "atr": 4.285714285714297e-06}
[BLOCKED] SPELLTRY reason=insufficient_cash order=7.72 cash=7.74
[SIGNAL] 2026-08-10T13:49:59+00:00 TRBTRY BUY fill_at=2026-08-10T13:54:59+00:00 features={"close": 655.0, "bb_lower": 655.9784290046026, "bb_upper": 662.3072852811116, "rsi": 20.5300126998644, "mfi": 12.695547956945902, "atr": 0.5}
[BLOCKED] TRBTRY reason=insufficient_cash order=7.72 cash=7.74
[SIGNAL] 2026-08-10T13:49:59+00:00 TRXTRY BUY fill_at=2026-08-10T13:54:59+00:00 features={"close": 15.748, "bb_lower": 15.765047969190045, "bb_upper": 15.816856792714725, "rsi": 24.780721442820138, "mfi": 48.6484297472012, "atr": 0.008214285714285476}
[BLOCKED] TRXTRY reason=insufficient_cash order=7.72 cash=7.74
[SIGNAL] 2026-08-10T13:49:59+00:00 USTCTRY BUY fill_at=2026-08-10T13:54:59+00:00 features={"close": 0.2398, "bb_lower": 0.24027996439775107, "bb_upper": 0.241910511792725, "rsi": 27.394981745821042, "mfi": 19.761696730393638, "atr": 0.00024285714285714188}
[BLOCKED] USTCTRY reason=insufficient_cash order=7.72 cash=7.74
[SCAN] 2026-08-10T13:54:59+00:00 symbols=121 signals=13 entries=0 exits=0 blocked=13 open=9 cash=7.74 equity=10035.61
[SIGNAL] 2026-08-10T13:54:59+00:00 1MBABYDOGETRY BUY fill_at=2026-08-10T13:59:59+00:00 features={"close": 0.01644, "bb_lower": 0.01647224880458335, "bb_upper": 0.01660965595732142, "rsi": 23.601323917897517, "mfi": 28.10165739935178, "atr": 1.500000000000038e-05}
[BLOCKED] 1MBABYDOGETRY reason=max_layers
[SIGNAL] 2026-08-10T13:54:59+00:00 ACTTRY BUY fill_at=2026-08-10T13:59:59+00:00 features={"close": 0.5182, "bb_lower": 0.5223383147110324, "bb_upper": 0.5687283519556344, "rsi": 27.55244959659197, "mfi": 28.986912825693082, "atr": 0.008742857142857172}
[BLOCKED] ACTTRY reason=insufficient_cash order=7.72 cash=7.74
[SIGNAL] 2026-08-10T13:54:59+00:00 AIGENSYNTRY BUY fill_at=2026-08-10T13:59:59+00:00 features={"close": 1.029, "bb_lower": 1.0306585034714844, "bb_upper": 1.0570557822428013, "rsi": 24.874866075418296, "mfi": 5.405595207630853, "atr": 0.00392857142857144}
[BLOCKED] AIGENSYNTRY reason=insufficient_cash order=7.72 cash=7.74
[SIGNAL] 2026-08-10T13:54:59+00:00 ALPINETRY BUY fill_at=2026-08-10T13:59:59+00:00 features={"close": 15.69, "bb_lower": 15.708242350737494, "bb_upper": 15.862233839738698, "rsi": 28.984471629093136, "mfi": 11.586237402052745, "atr": 0.015714285714285632}
[BLOCKED] ALPINETRY reason=max_layers
[SIGNAL] 2026-08-10T13:54:59+00:00 ARKMTRY BUY fill_at=2026-08-10T13:59:59+00:00 features={"close": 4.679, "bb_lower": 4.695177688910369, "bb_upper": 4.763108025375344, "rsi": 31.91784991211263, "mfi": 16.797121396198037, "atr": 0.013285714285714345}
[BLOCKED] ARKMTRY reason=insufficient_cash order=7.72 cash=7.74
[SIGNAL] 2026-08-10T13:54:59+00:00 BLURTRY BUY fill_at=2026-08-10T13:59:59+00:00 features={"close": 0.658, "bb_lower": 0.658128012344607, "bb_upper": 0.6642529400363456, "rsi": 29.605590566298176, "mfi": 53.42409750703576, "atr": 0.00035714285714285747}
[BLOCKED] BLURTRY reason=insufficient_cash order=7.72 cash=7.74
[SIGNAL] 2026-08-10T13:54:59+00:00 ETHFITRY BUY fill_at=2026-08-10T13:59:59+00:00 features={"close": 18.65, "bb_lower": 18.658061636621724, "bb_upper": 18.9752716967116, "rsi": 28.78361709632641, "mfi": 25.46033632348727, "atr": 0.040714285714286244}
[BLOCKED] ETHFITRY reason=insufficient_cash order=7.72 cash=7.74
[SIGNAL] 2026-08-10T13:54:59+00:00 FETTRY BUY fill_at=2026-08-10T13:59:59+00:00 features={"close": 6.51, "bb_lower": 6.517717976550711, "bb_upper": 6.618472499639764, "rsi": 24.152271360614634, "mfi": 9.224864487059435, "atr": 0.014999999999999934}
[BLOCKED] FETTRY reason=insufficient_cash order=7.72 cash=7.74
[SIGNAL] 2026-08-10T13:54:59+00:00 SPELLTRY BUY fill_at=2026-08-10T13:59:59+00:00 features={"close": 0.00379, "bb_lower": 0.0037907511340944744, "bb_upper": 0.0038168679135245735, "rsi": 31.20759240084986, "mfi": 39.53292788242722, "atr": 4.285714285714297e-06}
[BLOCKED] SPELLTRY reason=insufficient_cash order=7.72 cash=7.74
[SIGNAL] 2026-08-10T13:54:59+00:00 SPKTRY BUY fill_at=2026-08-10T13:59:59+00:00 features={"close": 0.6972, "bb_lower": 0.6976323252862283, "bb_upper": 0.703481960428057, "rsi": 30.9041762797021, "mfi": 51.024077342022466, "atr": 0.0010428571428571548}
[BLOCKED] SPKTRY reason=insufficient_cash order=7.72 cash=7.74
[SIGNAL] 2026-08-10T13:54:59+00:00 TRXTRY BUY fill_at=2026-08-10T13:59:59+00:00 features={"close": 15.751, "bb_lower": 15.758093519175738, "bb_upper": 15.82009695701474, "rsi": 27.663003242128084, "mfi": 44.471426338019924, "atr": 0.008214285714285603}
[BLOCKED] TRXTRY reason=insufficient_cash order=7.72 cash=7.74
[SIGNAL] 2026-08-10T13:54:59+00:00 USTCTRY BUY fill_at=2026-08-10T13:59:59+00:00 features={"close": 0.24, "bb_lower": 0.24010645356775243, "bb_upper": 0.24194116547986658, "rsi": 33.03948941607101, "mfi": 17.63056598434771, "atr": 0.00023571428571428354}
[BLOCKED] USTCTRY reason=insufficient_cash order=7.72 cash=7.74
[SCAN] 2026-08-10T13:59:59+00:00 symbols=121 signals=12 entries=0 exits=0 blocked=12 open=9 cash=7.74 equity=10042.87
[SIGNAL] 2026-08-10T13:59:59+00:00 1MBABYDOGETRY BUY fill_at=2026-08-10T14:04:59+00:00 features={"close": 0.01645, "bb_lower": 0.016457502989837534, "bb_upper": 0.016613925581591044, "rsi": 27.159047684431087, "mfi": 25.00568003513733, "atr": 1.5714285714286064e-05}
[BLOCKED] 1MBABYDOGETRY reason=max_layers
[SIGNAL] 2026-08-10T13:59:59+00:00 ACTTRY BUY fill_at=2026-08-10T14:04:59+00:00 features={"close": 0.518, "bb_lower": 0.518192869646235, "bb_upper": 0.5694261779728127, "rsi": 27.460606667853938, "mfi": 30.906980233717505, "atr": 0.00844285714285718}
[BLOCKED] ACTTRY reason=insufficient_cash order=7.72 cash=7.74
[SIGNAL] 2026-08-10T13:59:59+00:00 HBARTRY BUY fill_at=2026-08-10T14:04:59+00:00 features={"close": 3.244, "bb_lower": 3.2472033883380003, "bb_upper": 3.2642251830905704, "rsi": 27.727621694540176, "mfi": 6.243796808019184, "atr": 0.002999999999999955}
[BLOCKED] HBARTRY reason=insufficient_cash order=7.72 cash=7.74
[SIGNAL] 2026-08-10T13:59:59+00:00 ICPTRY BUY fill_at=2026-08-10T14:04:59+00:00 features={"close": 105.0, "bb_lower": 105.18129273420745, "bb_upper": 105.71394536103067, "rsi": 29.2469489837777, "mfi": 33.50706382493925, "atr": 0.1285714285714243}
[BLOCKED] ICPTRY reason=insufficient_cash order=7.72 cash=7.74
[SIGNAL] 2026-08-10T13:59:59+00:00 NEIROTRY BUY fill_at=2026-08-10T14:04:59+00:00 features={"close": 0.00343, "bb_lower": 0.0034312146828652623, "bb_upper": 0.0034897376980871186, "rsi": 37.63226289394683, "mfi": 28.446526400608832, "atr": 1.500000000000004e-05}
[BLOCKED] NEIROTRY reason=insufficient_cash order=7.72 cash=7.74
[SCAN] 2026-08-10T14:04:59+00:00 symbols=121 signals=5 entries=0 exits=0 blocked=5 open=9 cash=7.74 equity=10048.56
[SIGNAL] 2026-08-10T14:04:59+00:00 1MBABYDOGETRY BUY fill_at=2026-08-10T14:09:59+00:00 features={"close": 0.01644, "bb_lower": 0.016442712843905607, "bb_upper": 0.016617287156094406, "rsi": 25.854715353789942, "mfi": 22.704141506585287, "atr": 1.642857142857175e-05}
[BLOCKED] 1MBABYDOGETRY reason=max_layers
[SIGNAL] 2026-08-10T14:04:59+00:00 ACTTRY BUY fill_at=2026-08-10T14:09:59+00:00 features={"close": 0.5136, "bb_lower": 0.5136960752241317, "bb_upper": 0.5700372581092017, "rsi": 25.43954470219002, "mfi": 27.684513662366356, "atr": 0.008357142857142896}
[BLOCKED] ACTTRY reason=insufficient_cash order=7.72 cash=7.74
[SIGNAL] 2026-08-10T14:04:59+00:00 BIOTRY BUY fill_at=2026-08-10T14:09:59+00:00 features={"close": 1.296, "bb_lower": 1.3008143126140166, "bb_upper": 1.3353761635764594, "rsi": 36.588901954751776, "mfi": 41.94506418863069, "atr": 0.010714285714285676}
[BLOCKED] BIOTRY reason=insufficient_cash order=7.72 cash=7.74
[SIGNAL] 2026-08-10T14:04:59+00:00 ICPTRY BUY fill_at=2026-08-10T14:09:59+00:00 features={"close": 105.0, "bb_lower": 105.1106462029315, "bb_upper": 105.7560204637352, "rsi": 29.2469489837777, "mfi": 33.3175676772145, "atr": 0.11428571428570981}
[BLOCKED] ICPTRY reason=insufficient_cash order=7.72 cash=7.74
[SIGNAL] 2026-08-10T14:04:59+00:00 TWTTRY BUY fill_at=2026-08-10T14:09:59+00:00 features={"close": 18.4, "bb_lower": 18.425503467095247, "bb_upper": 18.510687009095236, "rsi": 33.40349692052314, "mfi": 9.04701973076125, "atr": 0.01357142857142841}
[BLOCKED] TWTTRY reason=insufficient_cash order=7.72 cash=7.74
[SCAN] 2026-08-10T14:09:59+00:00 symbols=121 signals=5 entries=0 exits=0 blocked=5 open=9 cash=7.74 equity=10061.23
[SIGNAL] 2026-08-10T14:09:59+00:00 TWTTRY BUY fill_at=2026-08-10T14:14:59+00:00 features={"close": 18.41, "bb_lower": 18.418724903052752, "bb_upper": 18.514608430280585, "rsi": 37.816196164704145, "mfi": 6.864202035474051, "atr": 0.014285714285714235}
[BLOCKED] TWTTRY reason=insufficient_cash order=7.72 cash=7.74
[SCAN] 2026-08-10T14:14:59+00:00 symbols=121 signals=1 entries=0 exits=0 blocked=1 open=9 cash=7.74 equity=10058.15
[SIGNAL] 2026-08-10T14:14:59+00:00 1MBABYDOGETRY BUY fill_at=2026-08-10T14:19:59+00:00 features={"close": 0.01641, "bb_lower": 0.01641291747730527, "bb_upper": 0.01662708252269473, "rsi": 22.115238743907113, "mfi": 18.831703224604283, "atr": 1.8571428571428806e-05}
[BLOCKED] 1MBABYDOGETRY reason=max_layers
[SCAN] 2026-08-10T14:19:59+00:00 symbols=121 signals=1 entries=0 exits=0 blocked=1 open=9 cash=7.74 equity=10055.76
[SIGNAL] 2026-08-10T14:19:59+00:00 BBTRY BUY fill_at=2026-08-10T14:24:59+00:00 features={"close": 0.6601, "bb_lower": 0.661676421064161, "bb_upper": 0.6704283408406011, "rsi": 34.223620251723034, "mfi": 29.42480100715936, "atr": 0.003071428571428566}
[BLOCKED] BBTRY reason=insufficient_cash order=7.72 cash=7.74
[SIGNAL] 2026-08-10T14:19:59+00:00 DODOTRY BUY fill_at=2026-08-10T14:24:59+00:00 features={"close": 1.0219, "bb_lower": 1.0246416134834804, "bb_upper": 1.0540345769927097, "rsi": 36.18558991247981, "mfi": 37.87747818404121, "atr": 0.008957142857142839}
[BLOCKED] DODOTRY reason=insufficient_cash order=7.72 cash=7.74
[SCAN] 2026-08-10T14:24:59+00:00 symbols=121 signals=2 entries=0 exits=0 blocked=2 open=9 cash=7.74 equity=10063.30
[SIGNAL] 2026-08-10T14:24:59+00:00 BBTRY BUY fill_at=2026-08-10T14:29:59+00:00 features={"close": 0.6596, "bb_lower": 0.6606007411457044, "bb_upper": 0.6706659255209624, "rsi": 33.357803434199724, "mfi": 25.95343322546543, "atr": 0.002842857142857139}
[BLOCKED] BBTRY reason=insufficient_cash order=7.72 cash=7.74
[SCAN] 2026-08-10T14:29:59+00:00 symbols=121 signals=1 entries=0 exits=0 blocked=1 open=9 cash=7.74 equity=10072.65
[SIGNAL] 2026-08-10T14:29:59+00:00 AIXBTTRY BUY fill_at=2026-08-10T14:34:59+00:00 features={"close": 0.907, "bb_lower": 0.9087132726576979, "bb_upper": 0.9176676797232546, "rsi": 30.557549160107968, "mfi": 8.441515960295732, "atr": 0.0013571428571428584}
[BLOCKED] AIXBTTRY reason=insufficient_cash order=7.72 cash=7.74
[SCAN] 2026-08-10T14:34:59+00:00 symbols=121 signals=1 entries=0 exits=0 blocked=1 open=9 cash=7.74 equity=10074.47
[SIGNAL] 2026-08-10T14:34:59+00:00 AEVOTRY BUY fill_at=2026-08-10T14:39:59+00:00 features={"close": 1.008, "bb_lower": 1.0096787605724566, "bb_upper": 1.022416477522781, "rsi": 40.748864894288594, "mfi": 34.5225030473179, "atr": 0.003785714285714297}
[BLOCKED] AEVOTRY reason=insufficient_cash order=7.72 cash=7.74
[SIGNAL] 2026-08-10T14:34:59+00:00 CRVTRY BUY fill_at=2026-08-10T14:39:59+00:00 features={"close": 11.54, "bb_lower": 11.551184181909923, "bb_upper": 11.758339627613887, "rsi": 39.23305475424363, "mfi": 28.259931440167207, "atr": 0.055714285714285924}
[BLOCKED] CRVTRY reason=insufficient_cash order=7.72 cash=7.74
[SIGNAL] 2026-08-10T14:34:59+00:00 EIGENTRY BUY fill_at=2026-08-10T14:39:59+00:00 features={"close": 8.73, "bb_lower": 8.739984010270973, "bb_upper": 8.809063608776647, "rsi": 37.00458589548209, "mfi": 26.8477830396795, "atr": 0.02849999999999981}
[BLOCKED] EIGENTRY reason=insufficient_cash order=7.72 cash=7.74
[SIGNAL] 2026-08-10T14:34:59+00:00 PLUMETRY BUY fill_at=2026-08-10T14:39:59+00:00 features={"close": 0.576, "bb_lower": 0.5760403871434483, "bb_upper": 0.5932929461898853, "rsi": 30.32382990040169, "mfi": 15.137182870483585, "atr": 0.0034285714285714314}
[BLOCKED] PLUMETRY reason=insufficient_cash order=7.72 cash=7.74
[SIGNAL] 2026-08-10T14:34:59+00:00 TURTLETRY BUY fill_at=2026-08-10T14:39:59+00:00 features={"close": 2.13, "bb_lower": 2.13526463242381, "bb_upper": 2.1437829866238096, "rsi": 12.87265360291903, "mfi": 0.0, "atr": 0.0007142857142857308}
[BLOCKED] TURTLETRY reason=insufficient_cash order=7.72 cash=7.74
[SCAN] 2026-08-10T14:39:59+00:00 symbols=121 signals=5 entries=0 exits=0 blocked=5 open=9 cash=7.74 equity=10064.56
[SIGNAL] 2026-08-10T14:39:59+00:00 EIGENTRY BUY fill_at=2026-08-10T14:44:59+00:00 features={"close": 8.709, "bb_lower": 8.727779771920211, "bb_upper": 8.81622022807979, "rsi": 33.69472464005568, "mfi": 20.40669761175036, "atr": 0.02921428571428551}
[BLOCKED] EIGENTRY reason=insufficient_cash order=7.72 cash=7.74
[SIGNAL] 2026-08-10T14:39:59+00:00 TURTLETRY BUY fill_at=2026-08-10T14:44:59+00:00 features={"close": 2.13, "bb_lower": 2.1331767485686015, "bb_upper": 2.1449184895266376, "rsi": 12.87265360291903, "mfi": 0.0, "atr": 0.0007142857142857308}
[BLOCKED] TURTLETRY reason=insufficient_cash order=7.72 cash=7.74
[SCAN] 2026-08-10T14:44:59+00:00 symbols=121 signals=2 entries=0 exits=0 blocked=2 open=9 cash=7.74 equity=10060.75
[SIGNAL] 2026-08-10T14:44:59+00:00 CRVTRY BUY fill_at=2026-08-10T14:49:59+00:00 features={"close": 11.51, "bb_lower": 11.514713591893802, "bb_upper": 11.772905455725244, "rsi": 36.224741043035095, "mfi": 19.78234947797735, "atr": 0.04428571428571436}
[BLOCKED] CRVTRY reason=insufficient_cash order=7.72 cash=7.74
[SIGNAL] 2026-08-10T14:44:59+00:00 EDENTRY BUY fill_at=2026-08-10T14:49:59+00:00 features={"close": 2.144, "bb_lower": 2.1524802929638085, "bb_upper": 2.206091135607621, "rsi": 34.55438415157846, "mfi": 32.374540854775034, "atr": 0.016214285714285768}
[BLOCKED] EDENTRY reason=insufficient_cash order=7.72 cash=7.74
[SIGNAL] 2026-08-10T14:44:59+00:00 TURTLETRY BUY fill_at=2026-08-10T14:49:59+00:00 features={"close": 2.13, "bb_lower": 2.1315728864491916, "bb_upper": 2.145569970693667, "rsi": 12.87265360291903, "mfi": 0.0, "atr": 0.0007142857142857308}
[BLOCKED] TURTLETRY reason=insufficient_cash order=7.72 cash=7.74
[SCAN] 2026-08-10T14:49:59+00:00 symbols=121 signals=3 entries=0 exits=0 blocked=3 open=9 cash=7.74 equity=10052.49
[SIGNAL] 2026-08-10T14:49:59+00:00 AEVOTRY BUY fill_at=2026-08-10T14:54:59+00:00 features={"close": 1.003, "bb_lower": 1.0059455808990265, "bb_upper": 1.0232925143390685, "rsi": 36.3598093733689, "mfi": 17.657681634219983, "atr": 0.004428571428571416}
[BLOCKED] AEVOTRY reason=insufficient_cash order=7.72 cash=7.74
[SIGNAL] 2026-08-10T14:49:59+00:00 AIXBTTRY BUY fill_at=2026-08-10T14:54:59+00:00 features={"close": 0.901, "bb_lower": 0.9043478726000468, "bb_upper": 0.9194616512094772, "rsi": 21.40689991208221, "mfi": 1.3508467135524143, "atr": 0.0017142857142857157}
[BLOCKED] AIXBTTRY reason=insufficient_cash order=7.72 cash=7.74
[SIGNAL] 2026-08-10T14:49:59+00:00 EDENTRY BUY fill_at=2026-08-10T14:54:59+00:00 features={"close": 2.144, "bb_lower": 2.1480728639314264, "bb_upper": 2.2084985646400024, "rsi": 34.55438415157846, "mfi": 35.19819287087792, "atr": 0.014928571428571466}
[BLOCKED] EDENTRY reason=insufficient_cash order=7.72 cash=7.74
[SIGNAL] 2026-08-10T14:49:59+00:00 TURTLETRY BUY fill_at=2026-08-10T14:54:59+00:00 features={"close": 2.13, "bb_lower": 2.130241703570252, "bb_upper": 2.145948772620225, "rsi": 12.87265360291903, "mfi": 0.0, "atr": 0.0007142857142857308}
[BLOCKED] TURTLETRY reason=insufficient_cash order=7.72 cash=7.74
[SCAN] 2026-08-10T14:54:59+00:00 symbols=121 signals=4 entries=0 exits=0 blocked=4 open=9 cash=7.74 equity=10053.10
[SIGNAL] 2026-08-10T14:54:59+00:00 AEVOTRY BUY fill_at=2026-08-10T14:59:59+00:00 features={"close": 1.002, "bb_lower": 1.0038454158859802, "bb_upper": 1.0237736317330668, "rsi": 35.36058478169936, "mfi": 14.691885674052841, "atr": 0.004642857142857115}
[BLOCKED] AEVOTRY reason=insufficient_cash order=7.72 cash=7.74
[SIGNAL] 2026-08-10T14:54:59+00:00 ARBTRY BUY fill_at=2026-08-10T14:59:59+00:00 features={"close": 3.81, "bb_lower": 3.8188492505391713, "bb_upper": 3.8544840827941615, "rsi": 39.08533707412985, "mfi": 47.14230092430507, "atr": 0.010714285714285707}
[BLOCKED] ARBTRY reason=insufficient_cash order=7.72 cash=7.74
[SIGNAL] 2026-08-10T14:54:59+00:00 ETHFITRY BUY fill_at=2026-08-10T14:59:59+00:00 features={"close": 18.52, "bb_lower": 18.55470571866447, "bb_upper": 18.861484757526004, "rsi": 25.71037651272549, "mfi": 21.99813539748351, "atr": 0.041428571428571814}
[BLOCKED] ETHFITRY reason=insufficient_cash order=7.72 cash=7.74
[SIGNAL] 2026-08-10T14:54:59+00:00 FTRY BUY fill_at=2026-08-10T14:59:59+00:00 features={"close": 0.1374, "bb_lower": 0.13740055408469365, "bb_upper": 0.138218493534354, "rsi": 30.774892243851085, "mfi": 15.992872485152546, "atr": 5.000000000000441e-05}
[BLOCKED] FTRY reason=insufficient_cash order=7.72 cash=7.74
[SIGNAL] 2026-08-10T14:54:59+00:00 GASTRY BUY fill_at=2026-08-10T14:59:59+00:00 features={"close": 44.8, "bb_lower": 44.85264632423809, "bb_upper": 44.93782986623808, "rsi": 15.926781764170173, "mfi": 0.0, "atr": 0.007142857142857244}
[BLOCKED] GASTRY reason=insufficient_cash order=7.72 cash=7.74
[SIGNAL] 2026-08-10T14:54:59+00:00 STXTRY BUY fill_at=2026-08-10T14:59:59+00:00 features={"close": 6.26, "bb_lower": 6.267746054389432, "bb_upper": 6.312253945610568, "rsi": 31.80207571197927, "mfi": 40.594832834864825, "atr": 0.007857142857142754}
[BLOCKED] STXTRY reason=insufficient_cash order=7.72 cash=7.74
[SIGNAL] 2026-08-10T14:54:59+00:00 TRBTRY BUY fill_at=2026-08-10T14:59:59+00:00 features={"close": 653.0, "bb_lower": 653.4135017852844, "bb_upper": 661.2531648813823, "rsi": 21.872960700955716, "mfi": 11.72233468941991, "atr": 0.5714285714285714}
[BLOCKED] TRBTRY reason=insufficient_cash order=7.72 cash=7.74
[SCAN] 2026-08-10T14:59:59+00:00 symbols=121 signals=7 entries=0 exits=0 blocked=7 open=9 cash=7.74 equity=10051.46
[SIGNAL] 2026-08-10T14:59:59+00:00 AEROTRY BUY fill_at=2026-08-10T15:04:59+00:00 features={"close": 19.84, "bb_lower": 19.848883402203583, "bb_upper": 20.174926121605935, "rsi": 23.605155388490758, "mfi": 0.03927270932530291, "atr": 0.025000000000000355}
[BLOCKED] AEROTRY reason=insufficient_cash order=7.72 cash=7.74
[SIGNAL] 2026-08-10T14:59:59+00:00 AEVOTRY BUY fill_at=2026-08-10T15:04:59+00:00 features={"close": 1.002, "bb_lower": 1.0020529113096808, "bb_upper": 1.0243280410712712, "rsi": 35.36058478169936, "mfi": 13.011579010529601, "atr": 0.004214285714285686}
[BLOCKED] AEVOTRY reason=insufficient_cash order=7.72 cash=7.74
[SIGNAL] 2026-08-10T14:59:59+00:00 ALGOTRY BUY fill_at=2026-08-10T15:04:59+00:00 features={"close": 3.957, "bb_lower": 3.957419859576662, "bb_upper": 3.990484902328097, "rsi": 39.91696682061279, "mfi": 20.282668238638323, "atr": 0.00535714285714287}
[BLOCKED] ALGOTRY reason=insufficient_cash order=7.72 cash=7.74
[SIGNAL] 2026-08-10T14:59:59+00:00 AMPTRY BUY fill_at=2026-08-10T15:04:59+00:00 features={"close": 0.0184, "bb_lower": 0.018438278660015166, "bb_upper": 0.01856172133998484, "rsi": 23.737554186631556, "mfi": 9.024970316933874, "atr": 7.1428571428570995e-06}
[BLOCKED] AMPTRY reason=insufficient_cash order=7.72 cash=7.74
[SIGNAL] 2026-08-10T14:59:59+00:00 API3TRY BUY fill_at=2026-08-10T15:04:59+00:00 features={"close": 9.29, "bb_lower": 9.297283115675842, "bb_upper": 9.394145455752728, "rsi": 34.90982518590789, "mfi": 50.358121109976146, "atr": 0.016428571428571712}
[BLOCKED] API3TRY reason=insufficient_cash order=7.72 cash=7.74
[SIGNAL] 2026-08-10T14:59:59+00:00 ARBTRY BUY fill_at=2026-08-10T15:04:59+00:00 features={"close": 3.81, "bb_lower": 3.8141993123482143, "bb_upper": 3.856276878127975, "rsi": 39.08533707412985, "mfi": 41.23181941503072, "atr": 0.010000000000000009}
[BLOCKED] ARBTRY reason=insufficient_cash order=7.72 cash=7.74
[SIGNAL] 2026-08-10T14:59:59+00:00 ARKTRY BUY fill_at=2026-08-10T15:04:59+00:00 features={"close": 4.48, "bb_lower": 4.481572886449191, "bb_upper": 4.495569970693666, "rsi": 21.893674116008654, "mfi": 10.970864055096882, "atr": 0.0028571428571428597}
[BLOCKED] ARKTRY reason=insufficient_cash order=7.72 cash=7.74
[SIGNAL] 2026-08-10T14:59:59+00:00 CTRY BUY fill_at=2026-08-10T15:04:59+00:00 features={"close": 3.176, "bb_lower": 3.1834590873313786, "bb_upper": 3.2342551983829066, "rsi": 40.08526383247552, "mfi": 37.18068060507244, "atr": 0.014999999999999934}
[BLOCKED] CTRY reason=insufficient_cash order=7.72 cash=7.74
[SIGNAL] 2026-08-10T14:59:59+00:00 EIGENTRY BUY fill_at=2026-08-10T15:04:59+00:00 features={"close": 8.694, "bb_lower": 8.699829893041795, "bb_upper": 8.822265345053445, "rsi": 35.31463282330152, "mfi": 28.59565398868635, "atr": 0.02771428571428571}
[BLOCKED] EIGENTRY reason=insufficient_cash order=7.72 cash=7.74
[SIGNAL] 2026-08-10T14:59:59+00:00 ENATRY BUY fill_at=2026-08-10T15:04:59+00:00 features={"close": 4.214, "bb_lower": 4.2224660825957105, "bb_upper": 4.2976291554995285, "rsi": 24.28832441668949, "mfi": 20.076295286510685, "atr": 0.016928571428571498}
[BLOCKED] ENATRY reason=insufficient_cash order=7.72 cash=7.74
[SIGNAL] 2026-08-10T14:59:59+00:00 GASTRY BUY fill_at=2026-08-10T15:04:59+00:00 features={"close": 44.8, "bb_lower": 44.831767485685994, "bb_upper": 44.94918489526636, "rsi": 15.926781764170173, "mfi": 0.0, "atr": 0.007142857142857244}
[BLOCKED] GASTRY reason=insufficient_cash order=7.72 cash=7.74
[SIGNAL] 2026-08-10T14:59:59+00:00 HAEDALTRY BUY fill_at=2026-08-10T15:04:59+00:00 features={"close": 0.791, "bb_lower": 0.7970322311664946, "bb_upper": 0.8100153878811247, "rsi": 22.871269164546362, "mfi": 24.538561267004255, "atr": 0.0020000000000000018}
[BLOCKED] HAEDALTRY reason=insufficient_cash order=7.72 cash=7.74
[SIGNAL] 2026-08-10T14:59:59+00:00 STXTRY BUY fill_at=2026-08-10T15:04:59+00:00 features={"close": 6.26, "bb_lower": 6.262910107456557, "bb_upper": 6.314232749686299, "rsi": 31.80207571197927, "mfi": 38.95696423154653, "atr": 0.007857142857142754}
[BLOCKED] STXTRY reason=insufficient_cash order=7.72 cash=7.74
[SIGNAL] 2026-08-10T14:59:59+00:00 SUITRY BUY fill_at=2026-08-10T15:04:59+00:00 features={"close": 32.9, "bb_lower": 32.92635068291681, "bb_upper": 33.19936360279748, "rsi": 34.34661351813067, "mfi": 49.40482970690306, "atr": 0.06214285714285645}
[BLOCKED] SUITRY reason=insufficient_cash order=7.72 cash=7.74
[SIGNAL] 2026-08-10T14:59:59+00:00 WTRY BUY fill_at=2026-08-10T15:04:59+00:00 features={"close": 0.405, "bb_lower": 0.40583593784018834, "bb_upper": 0.40910691930266885, "rsi": 28.612825425922097, "mfi": 0.7271516655659127, "atr": 0.0005357142857142902}
[BLOCKED] WTRY reason=insufficient_cash order=7.72 cash=7.74
[SCAN] 2026-08-10T15:04:59+00:00 symbols=121 signals=15 entries=0 exits=0 blocked=15 open=9 cash=7.74 equity=10046.72
[SIGNAL] 2026-08-10T15:04:59+00:00 API3TRY BUY fill_at=2026-08-10T15:09:59+00:00 features={"close": 9.28, "bb_lower": 9.28691742797871, "bb_upper": 9.398796857735574, "rsi": 32.716571364111516, "mfi": 44.74368108638339, "atr": 0.015714285714286014}
[BLOCKED] API3TRY reason=insufficient_cash order=7.72 cash=7.74
[SIGNAL] 2026-08-10T15:04:59+00:00 APTTRY BUY fill_at=2026-08-10T15:09:59+00:00 features={"close": 28.1, "bb_lower": 28.15954270716168, "bb_upper": 28.45950491188594, "rsi": 31.751961310505095, "mfi": 4.132690344401013, "atr": 0.06428571428571393}
[BLOCKED] APTTRY reason=insufficient_cash order=7.72 cash=7.74
[SIGNAL] 2026-08-10T15:04:59+00:00 ARKTRY BUY fill_at=2026-08-10T15:09:59+00:00 features={"close": 4.48, "bb_lower": 4.480241703570252, "bb_upper": 4.495948772620224, "rsi": 21.893674116008654, "mfi": 10.970864055096882, "atr": 0.0014285714285713982}
[BLOCKED] ARKTRY reason=insufficient_cash order=7.72 cash=7.74
[SIGNAL] 2026-08-10T15:04:59+00:00 EIGENTRY BUY fill_at=2026-08-10T15:09:59+00:00 features={"close": 8.681, "bb_lower": 8.686923373196061, "bb_upper": 8.826409960137271, "rsi": 33.459114977120024, "mfi": 23.076517559522543, "atr": 0.02735714285714292}
[BLOCKED] EIGENTRY reason=insufficient_cash order=7.72 cash=7.74
[SIGNAL] 2026-08-10T15:04:59+00:00 ETHFITRY BUY fill_at=2026-08-10T15:09:59+00:00 features={"close": 18.47, "bb_lower": 18.51256763693501, "bb_upper": 18.837908553541176, "rsi": 25.711247894914408, "mfi": 5.187485402572122, "atr": 0.04428571428571461}
[BLOCKED] ETHFITRY reason=insufficient_cash order=7.72 cash=7.74
[SIGNAL] 2026-08-10T15:04:59+00:00 FTRY BUY fill_at=2026-08-10T15:09:59+00:00 features={"close": 0.1372, "bb_lower": 0.1372750614769503, "bb_upper": 0.13822017661828784, "rsi": 25.388573216603433, "mfi": 2.7470316924079725, "atr": 7.142857142857546e-05}
[BLOCKED] FTRY reason=insufficient_cash order=7.72 cash=7.74
[SIGNAL] 2026-08-10T15:04:59+00:00 GASTRY BUY fill_at=2026-08-10T15:09:59+00:00 features={"close": 44.8, "bb_lower": 44.8157288644919, "bb_upper": 44.955699706936656, "rsi": 15.926781764170173, "mfi": 0.0, "atr": 0.007142857142857244}
[BLOCKED] GASTRY reason=insufficient_cash order=7.72 cash=7.74
[SIGNAL] 2026-08-10T15:04:59+00:00 HAEDALTRY BUY fill_at=2026-08-10T15:09:59+00:00 features={"close": 0.791, "bb_lower": 0.7946162469830549, "bb_upper": 0.8108123244455168, "rsi": 22.871269164546362, "mfi": 20.122529915883675, "atr": 0.0020714285714285735}
[BLOCKED] HAEDALTRY reason=insufficient_cash order=7.72 cash=7.74
[SIGNAL] 2026-08-10T15:04:59+00:00 JTOTRY BUY fill_at=2026-08-10T15:09:59+00:00 features={"close": 26.41, "bb_lower": 26.442521709696006, "bb_upper": 26.90795448078018, "rsi": 34.61000451770708, "mfi": 14.598898766808432, "atr": 0.09928571428571382}
[BLOCKED] JTOTRY reason=insufficient_cash order=7.72 cash=7.74
[SIGNAL] 2026-08-10T15:04:59+00:00 LDOTRY BUY fill_at=2026-08-10T15:09:59+00:00 features={"close": 13.94, "bb_lower": 13.941496637247422, "bb_upper": 14.061360505609724, "rsi": 37.217398157667766, "mfi": 32.04005299575569, "atr": 0.025714285714285547}
[BLOCKED] LDOTRY reason=insufficient_cash order=7.72 cash=7.74
[SIGNAL] 2026-08-10T15:04:59+00:00 RVNTRY BUY fill_at=2026-08-10T15:09:59+00:00 features={"close": 0.1697, "bb_lower": 0.16976611384025284, "bb_upper": 0.1707100766359377, "rsi": 31.040661997873656, "mfi": 3.0441449698200387, "atr": 0.00010714285714285922}
[BLOCKED] RVNTRY reason=insufficient_cash order=7.72 cash=7.74
[SIGNAL] 2026-08-10T15:04:59+00:00 TURBOTRY BUY fill_at=2026-08-10T15:09:59+00:00 features={"close": 0.0407, "bb_lower": 0.040704796413130274, "bb_upper": 0.04136187025353639, "rsi": 31.53181193198961, "mfi": 28.714145567172636, "atr": 6.428571428571414e-05}
[BLOCKED] TURBOTRY reason=insufficient_cash order=7.72 cash=7.74
[SIGNAL] 2026-08-10T15:04:59+00:00 WTRY BUY fill_at=2026-08-10T15:09:59+00:00 features={"close": 0.4051, "bb_lower": 0.40544997787231724, "bb_upper": 0.40929287927054, "rsi": 29.79753262549478, "mfi": 1.7915247229713174, "atr": 0.0004071428571428599}
[BLOCKED] WTRY reason=insufficient_cash order=7.72 cash=7.74
[SCAN] 2026-08-10T15:09:59+00:00 symbols=121 signals=13 entries=0 exits=0 blocked=13 open=9 cash=7.74 equity=10053.73
[SIGNAL] 2026-08-10T15:09:59+00:00 ALTTRY BUY fill_at=2026-08-10T15:14:59+00:00 features={"close": 0.294, "bb_lower": 0.2940262301912881, "bb_upper": 0.29987853171347373, "rsi": 40.0277374733005, "mfi": 20.38497781526729, "atr": 0.0014285714285714299}
[BLOCKED] ALTTRY reason=insufficient_cash order=7.72 cash=7.74
[SIGNAL] 2026-08-10T15:09:59+00:00 BIOTRY BUY fill_at=2026-08-10T15:14:59+00:00 features={"close": 1.283, "bb_lower": 1.2861606697683605, "bb_upper": 1.3299345683268777, "rsi": 33.598815613505025, "mfi": 16.75681992153349, "atr": 0.010142857142857136}
[BLOCKED] BIOTRY reason=insufficient_cash order=7.72 cash=7.74
[SIGNAL] 2026-08-10T15:09:59+00:00 BMTTRY BUY fill_at=2026-08-10T15:14:59+00:00 features={"close": 1.209, "bb_lower": 1.2182022664526526, "bb_upper": 1.3060834478330614, "rsi": 33.06370369336315, "mfi": 47.410986969238785, "atr": 0.0322142857142857}
[BLOCKED] BMTTRY reason=insufficient_cash order=7.72 cash=7.74
[SIGNAL] 2026-08-10T15:09:59+00:00 EIGENTRY BUY fill_at=2026-08-10T15:14:59+00:00 features={"close": 8.665, "bb_lower": 8.672113476057378, "bb_upper": 8.830743666799764, "rsi": 31.268546324566245, "mfi": 20.59020501574261, "atr": 0.027785714285714365}
[BLOCKED] EIGENTRY reason=insufficient_cash order=7.72 cash=7.74
[SIGNAL] 2026-08-10T15:09:59+00:00 ENATRY BUY fill_at=2026-08-10T15:14:59+00:00 features={"close": 4.213, "bb_lower": 4.214010988321029, "bb_upper": 4.291798535488496, "rsi": 27.14411261578863, "mfi": 17.811836538739485, "atr": 0.013071428571428623}
[BLOCKED] ENATRY reason=insufficient_cash order=7.72 cash=7.74
[SIGNAL] 2026-08-10T15:09:59+00:00 ETHFITRY BUY fill_at=2026-08-10T15:14:59+00:00 features={"close": 18.43, "bb_lower": 18.475076113008384, "bb_upper": 18.839209601277332, "rsi": 23.594948699292416, "mfi": 5.129370225931382, "atr": 0.045000000000000186}
[BLOCKED] ETHFITRY reason=insufficient_cash order=7.72 cash=7.74
[SIGNAL] 2026-08-10T15:09:59+00:00 FTRY BUY fill_at=2026-08-10T15:14:59+00:00 features={"close": 0.1372, "bb_lower": 0.13721794092438688, "bb_upper": 0.1381820590756131, "rsi": 25.388573216603433, "mfi": 2.7470316924079725, "atr": 7.142857142857546e-05}
[BLOCKED] FTRY reason=insufficient_cash order=7.72 cash=7.74
[SIGNAL] 2026-08-10T15:09:59+00:00 GASTRY BUY fill_at=2026-08-10T15:14:59+00:00 features={"close": 44.8, "bb_lower": 44.80241703570251, "bb_upper": 44.959487726202234, "rsi": 15.926781764170173, "mfi": 0.0, "atr": 0.007142857142857244}
[BLOCKED] GASTRY reason=insufficient_cash order=7.72 cash=7.74
[SIGNAL] 2026-08-10T15:09:59+00:00 HAEDALTRY BUY fill_at=2026-08-10T15:14:59+00:00 features={"close": 0.791, "bb_lower": 0.792635251880588, "bb_upper": 0.8116504624051265, "rsi": 22.871269164546348, "mfi": 18.006001423952384, "atr": 0.0020714285714285735}
[BLOCKED] HAEDALTRY reason=insufficient_cash order=7.72 cash=7.74
[SIGNAL] 2026-08-10T15:09:59+00:00 JTOTRY BUY fill_at=2026-08-10T15:14:59+00:00 features={"close": 26.35, "bb_lower": 26.393144416991227, "bb_upper": 26.9106651068183, "rsi": 32.16260858193458, "mfi": 20.619322063859627, "atr": 0.09999999999999964}
[BLOCKED] JTOTRY reason=insufficient_cash order=7.72 cash=7.74
[SIGNAL] 2026-08-10T15:09:59+00:00 LDOTRY BUY fill_at=2026-08-10T15:14:59+00:00 features={"close": 13.93, "bb_lower": 13.932597937044646, "bb_upper": 14.058830634383929, "rsi": 35.494596670982276, "mfi": 22.90569613600975, "atr": 0.02285714285714275}
[BLOCKED] LDOTRY reason=insufficient_cash order=7.72 cash=7.74
[SIGNAL] 2026-08-10T15:09:59+00:00 NEARTRY BUY fill_at=2026-08-10T15:14:59+00:00 features={"close": 78.3, "bb_lower": 78.34735459933997, "bb_upper": 79.03359778161241, "rsi": 36.07057233273886, "mfi": 49.29314733817673, "atr": 0.10714285714285918}
[BLOCKED] NEARTRY reason=insufficient_cash order=7.72 cash=7.74
[SIGNAL] 2026-08-10T15:09:59+00:00 RENDERTRY BUY fill_at=2026-08-10T15:14:59+00:00 features={"close": 61.5, "bb_lower": 61.52706994274404, "bb_upper": 61.996739581065476, "rsi": 32.5593852192827, "mfi": 54.39786439607569, "atr": 0.0499999999999997}
[BLOCKED] RENDERTRY reason=insufficient_cash order=7.72 cash=7.74
[SIGNAL] 2026-08-10T15:09:59+00:00 USDTTRY BUY fill_at=2026-08-10T15:14:59+00:00 features={"close": 47.63, "bb_lower": 47.63075113409447, "bb_upper": 47.656867913524565, "rsi": 44.17581876404009, "mfi": 50.44975849318241, "atr": 0.011428571428569663}
[BLOCKED] USDTTRY reason=insufficient_cash order=7.72 cash=7.74
[SCAN] 2026-08-10T15:14:59+00:00 symbols=121 signals=14 entries=0 exits=0 blocked=14 open=9 cash=7.74 equity=10003.56
[SIGNAL] 2026-08-10T15:14:59+00:00 1MBABYDOGETRY BUY fill_at=2026-08-10T15:19:59+00:00 features={"close": 0.0163, "bb_lower": 0.01633765568443149, "bb_upper": 0.016535677648901848, "rsi": 20.995259006997145, "mfi": 45.21232741533017, "atr": 2.4285714285714288e-05}
[BLOCKED] 1MBABYDOGETRY reason=max_layers
[SIGNAL] 2026-08-10T15:14:59+00:00 ACXTRY BUY fill_at=2026-08-10T15:19:59+00:00 features={"close": 1.903, "bb_lower": 1.9131084209074347, "bb_upper": 1.965558245759231, "rsi": 23.88676573894739, "mfi": 14.968193976519373, "atr": 0.006857142857142863}
[BLOCKED] ACXTRY reason=insufficient_cash order=7.72 cash=7.74
[SIGNAL] 2026-08-10T15:14:59+00:00 ADATRY BUY fill_at=2026-08-10T15:19:59+00:00 features={"close": 9.3, "bb_lower": 9.312214037532495, "bb_upper": 9.383024057705605, "rsi": 36.54398685125305, "mfi": 10.10372964404199, "atr": 0.018571428571428683}
[BLOCKED] ADATRY reason=insufficient_cash order=7.72 cash=7.74
[SIGNAL] 2026-08-10T15:14:59+00:00 AEROTRY BUY fill_at=2026-08-10T15:19:59+00:00 features={"close": 19.81, "bb_lower": 19.816276273634205, "bb_upper": 20.122771345413415, "rsi": 27.151423473731796, "mfi": 22.197157550334396, "atr": 0.025000000000000355}
[BLOCKED] AEROTRY reason=insufficient_cash order=7.72 cash=7.74
[SIGNAL] 2026-08-10T15:14:59+00:00 AIXBTTRY BUY fill_at=2026-08-10T15:19:59+00:00 features={"close": 0.893, "bb_lower": 0.8977435410105752, "bb_upper": 0.9194945542275204, "rsi": 25.89809842355875, "mfi": 19.399655003706826, "atr": 0.0030714285714285743}
[BLOCKED] AIXBTTRY reason=insufficient_cash order=7.72 cash=7.74
[SIGNAL] 2026-08-10T15:14:59+00:00 ALGOTRY BUY fill_at=2026-08-10T15:19:59+00:00 features={"close": 3.936, "bb_lower": 3.948319369188656, "bb_upper": 3.9884425355732476, "rsi": 26.14705767493112, "mfi": 36.19057514507688, "atr": 0.006285714285714291}
[BLOCKED] ALGOTRY reason=insufficient_cash order=7.72 cash=7.74
[SIGNAL] 2026-08-10T15:14:59+00:00 ALPINETRY BUY fill_at=2026-08-10T15:19:59+00:00 features={"close": 15.6, "bb_lower": 15.652953463212201, "bb_upper": 15.787046536787804, "rsi": 26.717502404000356, "mfi": 39.72335080570519, "atr": 0.023571428571428577}
[BLOCKED] ALPINETRY reason=max_layers
[SIGNAL] 2026-08-10T15:14:59+00:00 API3TRY BUY fill_at=2026-08-10T15:19:59+00:00 features={"close": 9.24, "bb_lower": 9.263058167151387, "bb_upper": 9.408370404277184, "rsi": 29.349502454291382, "mfi": 35.58751078807475, "atr": 0.017857142857143238}
[BLOCKED] API3TRY reason=insufficient_cash order=7.72 cash=7.74
[SIGNAL] 2026-08-10T15:14:59+00:00 APTTRY BUY fill_at=2026-08-10T15:19:59+00:00 features={"close": 28.1, "bb_lower": 28.116944122302023, "bb_upper": 28.464008258650374, "rsi": 36.263683079005844, "mfi": 10.440568493238686, "atr": 0.05714285714285643}
[BLOCKED] APTTRY reason=insufficient_cash order=7.72 cash=7.74
[SIGNAL] 2026-08-10T15:14:59+00:00 ARBTRY BUY fill_at=2026-08-10T15:19:59+00:00 features={"close": 3.8, "bb_lower": 3.805575404581953, "bb_upper": 3.8563293573228075, "rsi": 36.44229411203985, "mfi": 44.034389340183, "atr": 0.009285714285714277}
[BLOCKED] ARBTRY reason=insufficient_cash order=7.72 cash=7.74
[SIGNAL] 2026-08-10T15:14:59+00:00 ARTRY BUY fill_at=2026-08-10T15:19:59+00:00 features={"close": 86.62, "bb_lower": 87.04973836369945, "bb_upper": 88.31883306487197, "rsi": 24.845667807592804, "mfi": 37.03282439099851, "atr": 0.16785714285714246}
[BLOCKED] ARTRY reason=insufficient_cash order=7.72 cash=7.74
[SIGNAL] 2026-08-10T15:14:59+00:00 BANANATRY BUY fill_at=2026-08-10T15:19:59+00:00 features={"close": 173.0, "bb_lower": 173.30201638038687, "bb_upper": 175.6503645719941, "rsi": 20.45616215875232, "mfi": 53.536984369598365, "atr": 0.21428571428571427}
[BLOCKED] BANANATRY reason=insufficient_cash order=7.72 cash=7.74
[SIGNAL] 2026-08-10T15:14:59+00:00 BBTRY BUY fill_at=2026-08-10T15:19:59+00:00 features={"close": 0.6564, "bb_lower": 0.6576735131234788, "bb_upper": 0.6682122011622353, "rsi": 31.173451713050554, "mfi": 54.98905203996581, "atr": 0.0026714285714285785}
[BLOCKED] BBTRY reason=insufficient_cash order=7.72 cash=7.74
[SIGNAL] 2026-08-10T15:14:59+00:00 BIOTRY BUY fill_at=2026-08-10T15:19:59+00:00 features={"close": 1.268, "bb_lower": 1.278346894887022, "bb_upper": 1.3331769146367873, "rsi": 27.826202863006614, "mfi": 14.028730452982629, "atr": 0.010285714285714278}
[BLOCKED] BIOTRY reason=insufficient_cash order=7.72 cash=7.74
[SIGNAL] 2026-08-10T15:14:59+00:00 BMTTRY BUY fill_at=2026-08-10T15:19:59+00:00 features={"close": 1.208, "bb_lower": 1.2102046041466463, "bb_upper": 1.3066525387104961, "rsi": 32.92546911072817, "mfi": 38.079053046769744, "atr": 0.031428571428571424}
[BLOCKED] BMTTRY reason=insufficient_cash order=7.72 cash=7.74
[SIGNAL] 2026-08-10T15:14:59+00:00 CELOTRY BUY fill_at=2026-08-10T15:19:59+00:00 features={"close": 3.057, "bb_lower": 3.058570649174533, "bb_upper": 3.1487626841588, "rsi": 26.76529980477612, "mfi": 47.549745727738994, "atr": 0.00828571428571426}
[BLOCKED] CELOTRY reason=insufficient_cash order=7.72 cash=7.74
[SIGNAL] 2026-08-10T15:14:59+00:00 CETUSTRY BUY fill_at=2026-08-10T15:19:59+00:00 features={"close": 0.889, "bb_lower": 0.8902069523192867, "bb_upper": 0.9006501905378564, "rsi": 32.09878268225465, "mfi": 29.221420515564063, "atr": 0.0018571428571428589}
[BLOCKED] CETUSTRY reason=insufficient_cash order=7.72 cash=7.74
[SIGNAL] 2026-08-10T15:14:59+00:00 CYBERTRY BUY fill_at=2026-08-10T15:19:59+00:00 features={"close": 15.0, "bb_lower": 15.029771353580845, "bb_upper": 15.179752455942975, "rsi": 20.846742888342078, "mfi": 0.0, "atr": 0.0071428571428571175}
[BLOCKED] CYBERTRY reason=insufficient_cash order=7.72 cash=7.74
[SIGNAL] 2026-08-10T15:14:59+00:00 EDUTRY BUY fill_at=2026-08-10T15:19:59+00:00 features={"close": 1.78, "bb_lower": 1.7872831427672309, "bb_upper": 1.8146216191375304, "rsi": 34.861154285575, "mfi": 41.32979311839327, "atr": 0.0064285714285714345}
[BLOCKED] EDUTRY reason=insufficient_cash order=7.72 cash=7.74
[SIGNAL] 2026-08-10T15:14:59+00:00 EIGENTRY BUY fill_at=2026-08-10T15:19:59+00:00 features={"close": 8.612, "bb_lower": 8.64565022565253, "bb_upper": 8.84082596482366, "rsi": 25.31985286404243, "mfi": 10.84750579984754, "atr": 0.031285714285714326}
[BLOCKED] EIGENTRY reason=insufficient_cash order=7.72 cash=7.74
[SIGNAL] 2026-08-10T15:14:59+00:00 ENATRY BUY fill_at=2026-08-10T15:19:59+00:00 features={"close": 4.189, "bb_lower": 4.202491025006048, "bb_upper": 4.295413736898715, "rsi": 21.68448602856421, "mfi": 24.670647260580523, "atr": 0.014357142857142893}
[BLOCKED] ENATRY reason=insufficient_cash order=7.72 cash=7.74
[SIGNAL] 2026-08-10T15:14:59+00:00 ETHFITRY BUY fill_at=2026-08-10T15:19:59+00:00 features={"close": 18.33, "bb_lower": 18.414757799709722, "bb_upper": 18.856670771718843, "rsi": 19.293886318181777, "mfi": 5.016718025579479, "atr": 0.051428571428571344}
[BLOCKED] ETHFITRY reason=insufficient_cash order=7.72 cash=7.74
[SIGNAL] 2026-08-10T15:14:59+00:00 FETTRY BUY fill_at=2026-08-10T15:19:59+00:00 features={"close": 6.46, "bb_lower": 6.475028223266715, "bb_upper": 6.557352729114237, "rsi": 29.692043667264855, "mfi": 22.89345195228161, "atr": 0.016428571428571587}
[BLOCKED] FETTRY reason=insufficient_cash order=7.72 cash=7.74
[SIGNAL] 2026-08-10T15:14:59+00:00 FLOKITRY BUY fill_at=2026-08-10T15:19:59+00:00 features={"close": 0.001009, "bb_lower": 0.0010111353435455887, "bb_upper": 0.0010220075135972688, "rsi": 26.465047454530705, "mfi": 55.33488968359301, "atr": 1.6428571428571905e-06}
[BLOCKED] FLOKITRY reason=insufficient_cash order=7.72 cash=7.74
[SIGNAL] 2026-08-10T15:14:59+00:00 FTRY BUY fill_at=2026-08-10T15:19:59+00:00 features={"close": 0.1365, "bb_lower": 0.13696114605565063, "bb_upper": 0.1382769491824446, "rsi": 14.769969872675148, "mfi": 2.6400977672030166, "atr": 0.00012142857142857391}
[BLOCKED] FTRY reason=insufficient_cash order=7.72 cash=7.74
[SIGNAL] 2026-08-10T15:14:59+00:00 GASTRY BUY fill_at=2026-08-10T15:19:59+00:00 features={"close": 44.6, "bb_lower": 44.7241273376467, "bb_upper": 45.00920599568662, "rsi": 6.043397727263681, "mfi": 0.0, "atr": 0.021428571428571224}
[BLOCKED] GASTRY reason=insufficient_cash order=7.72 cash=7.74
[SIGNAL] 2026-08-10T15:14:59+00:00 HAEDALTRY BUY fill_at=2026-08-10T15:19:59+00:00 features={"close": 0.786, "bb_lower": 0.7896171120453139, "bb_upper": 0.813049554621353, "rsi": 18.184625932265348, "mfi": 10.658634570825086, "atr": 0.0023571428571428593}
[BLOCKED] HAEDALTRY reason=insufficient_cash order=7.72 cash=7.74
[SIGNAL] 2026-08-10T15:14:59+00:00 HBARTRY BUY fill_at=2026-08-10T15:19:59+00:00 features={"close": 3.24, "bb_lower": 3.2432249667497457, "bb_upper": 3.2653464618216814, "rsi": 30.043342770768078, "mfi": 19.129711384829164, "atr": 0.004214285714285694}
[BLOCKED] HBARTRY reason=insufficient_cash order=7.72 cash=7.74
[SIGNAL] 2026-08-10T15:14:59+00:00 JTOTRY BUY fill_at=2026-08-10T15:19:59+00:00 features={"close": 26.35, "bb_lower": 26.353027967441868, "bb_upper": 26.905067270653376, "rsi": 32.16260858193458, "mfi": 23.873876217898513, "atr": 0.10499999999999941}
[BLOCKED] JTOTRY reason=insufficient_cash order=7.72 cash=7.74
[SIGNAL] 2026-08-10T15:14:59+00:00 LATRY BUY fill_at=2026-08-10T15:19:59+00:00 features={"close": 2.61, "bb_lower": 2.6184131853196075, "bb_upper": 2.6701582432518216, "rsi": 30.33101698691702, "mfi": 11.789937210564716, "atr": 0.009285714285714373}
[BLOCKED] LATRY reason=insufficient_cash order=7.72 cash=7.74
[SIGNAL] 2026-08-10T15:14:59+00:00 LDOTRY BUY fill_at=2026-08-10T15:19:59+00:00 features={"close": 13.86, "bb_lower": 13.905406746637329, "bb_upper": 14.067926586696007, "rsi": 26.27216826493607, "mfi": 18.682960429781403, "atr": 0.02499999999999985}
[BLOCKED] LDOTRY reason=insufficient_cash order=7.72 cash=7.74
[SIGNAL] 2026-08-10T15:14:59+00:00 MAVTRY BUY fill_at=2026-08-10T15:19:59+00:00 features={"close": 0.43, "bb_lower": 0.43405004884388954, "bb_upper": 0.4573785225846817, "rsi": 36.06274961738702, "mfi": 8.660180258704969, "atr": 0.0050000000000000044}
[BLOCKED] MAVTRY reason=insufficient_cash order=7.72 cash=7.74
[SIGNAL] 2026-08-10T15:14:59+00:00 NEARTRY BUY fill_at=2026-08-10T15:19:59+00:00 features={"close": 77.8, "bb_lower": 78.14603433122035, "bb_upper": 79.12063233544633, "rsi": 26.32078928460281, "mfi": 57.490574355097195, "atr": 0.13571428571428715}
[BLOCKED] NEARTRY reason=insufficient_cash order=7.72 cash=7.74
[SIGNAL] 2026-08-10T15:14:59+00:00 OPTRY BUY fill_at=2026-08-10T15:19:59+00:00 features={"close": 4.31, "bb_lower": 4.311984265251236, "bb_upper": 4.357539544272574, "rsi": 30.582796811363963, "mfi": 31.85949577212989, "atr": 0.006428571428571418}
[BLOCKED] OPTRY reason=insufficient_cash order=7.72 cash=7.74
[SIGNAL] 2026-08-10T15:14:59+00:00 ORDITRY BUY fill_at=2026-08-10T15:19:59+00:00 features={"close": 165.8, "bb_lower": 165.81887876779234, "bb_upper": 168.5049307560172, "rsi": 30.46625095995317, "mfi": 21.316613422415003, "atr": 0.3571428571428551}
[BLOCKED] ORDITRY reason=insufficient_cash order=7.72 cash=7.74
[SIGNAL] 2026-08-10T15:14:59+00:00 PNUTTRY BUY fill_at=2026-08-10T15:19:59+00:00 features={"close": 1.99, "bb_lower": 1.9912712843905604, "bb_upper": 2.0087287156094398, "rsi": 33.34345508222839, "mfi": 54.94772172273285, "atr": 0.002142857142857113}
[BLOCKED] PNUTTRY reason=insufficient_cash order=7.72 cash=7.74
[SIGNAL] 2026-08-10T15:14:59+00:00 PYTHTRY BUY fill_at=2026-08-10T15:19:59+00:00 features={"close": 2.01, "bb_lower": 2.0183088016242663, "bb_upper": 2.042643579328114, "rsi": 24.649291383381822, "mfi": 11.507188076085058, "atr": 0.0028571428571428597}
[BLOCKED] PYTHTRY reason=insufficient_cash order=7.72 cash=7.74
[SIGNAL] 2026-08-10T15:14:59+00:00 REDTRY BUY fill_at=2026-08-10T15:19:59+00:00 features={"close": 4.18, "bb_lower": 4.1898921450230135, "bb_upper": 4.221536426405559, "rsi": 11.660364165034409, "mfi": 0.0, "atr": 0.0021428571428571607}
[BLOCKED] REDTRY reason=insufficient_cash order=7.72 cash=7.74
[SIGNAL] 2026-08-10T15:14:59+00:00 RENDERTRY BUY fill_at=2026-08-10T15:19:59+00:00 features={"close": 61.3, "bb_lower": 61.43273867539273, "bb_upper": 62.043451800797726, "rsi": 25.560478094620308, "mfi": 26.000677755254557, "atr": 0.07142857142857093}
[BLOCKED] RENDERTRY reason=insufficient_cash order=7.72 cash=7.74
[SIGNAL] 2026-08-10T15:14:59+00:00 RVNTRY BUY fill_at=2026-08-10T15:19:59+00:00 features={"close": 0.1696, "bb_lower": 0.1696341275360402, "bb_upper": 0.17077539627348368, "rsi": 28.84264744893646, "mfi": 10.36014882474376, "atr": 7.142857142857348e-05}
[BLOCKED] RVNTRY reason=insufficient_cash order=7.72 cash=7.74
[SIGNAL] 2026-08-10T15:14:59+00:00 SCRTRY BUY fill_at=2026-08-10T15:19:59+00:00 features={"close": 1.046, "bb_lower": 1.047130958574899, "bb_upper": 1.070011898567958, "rsi": 38.087817469838626, "mfi": 29.812718657983055, "atr": 0.0035714285714285427}
[BLOCKED] SCRTRY reason=insufficient_cash order=7.72 cash=7.74
[SIGNAL] 2026-08-10T15:14:59+00:00 SPELLTRY BUY fill_at=2026-08-10T15:19:59+00:00 features={"close": 0.00376, "bb_lower": 0.0037788492505391714, "bb_upper": 0.0038144840827941616, "rsi": 17.738875828925785, "mfi": 11.780868141877605, "atr": 6.4285714285714456e-06}
[BLOCKED] SPELLTRY reason=insufficient_cash order=7.72 cash=7.74
[SIGNAL] 2026-08-10T15:14:59+00:00 STOTRY BUY fill_at=2026-08-10T15:19:59+00:00 features={"close": 1.954, "bb_lower": 1.9607580061973346, "bb_upper": 1.9880991366598082, "rsi": 33.85025332062918, "mfi": 40.150131918239936, "atr": 0.006428571428571482}
[BLOCKED] STOTRY reason=insufficient_cash order=7.72 cash=7.74
[SIGNAL] 2026-08-10T15:14:59+00:00 STXTRY BUY fill_at=2026-08-10T15:19:59+00:00 features={"close": 6.25, "bb_lower": 6.250159099300632, "bb_upper": 6.318412329270799, "rsi": 27.91810007243477, "mfi": 19.044003831564183, "atr": 0.007142857142857054}
[BLOCKED] STXTRY reason=insufficient_cash order=7.72 cash=7.74
[SIGNAL] 2026-08-10T15:14:59+00:00 SXTTRY BUY fill_at=2026-08-10T15:19:59+00:00 features={"close": 0.37, "bb_lower": 0.37174693561145483, "bb_upper": 0.382862588198069, "rsi": 27.86098324045915, "mfi": 20.6482199140044, "atr": 0.001371428571428571}
[BLOCKED] SXTTRY reason=insufficient_cash order=7.72 cash=7.74
[SIGNAL] 2026-08-10T15:14:59+00:00 SYRUPTRY BUY fill_at=2026-08-10T15:19:59+00:00 features={"close": 7.236, "bb_lower": 7.256932327404715, "bb_upper": 7.313829577357189, "rsi": 9.927533007042243, "mfi": 43.05616894275337, "atr": 0.006142857142857101}
[BLOCKED] SYRUPTRY reason=insufficient_cash order=7.72 cash=7.74
[SIGNAL] 2026-08-10T15:14:59+00:00 TAOTRY BUY fill_at=2026-08-10T15:19:59+00:00 features={"close": 9622.0, "bb_lower": 9638.997198960318, "bb_upper": 9736.14565818254, "rsi": 33.58000713208331, "mfi": 33.9131695376912, "atr": 22.357142857142858}
[BLOCKED] TAOTRY reason=insufficient_cash order=7.72 cash=7.74
[SIGNAL] 2026-08-10T15:14:59+00:00 TRBTRY BUY fill_at=2026-08-10T15:19:59+00:00 features={"close": 646.0, "bb_lower": 649.952577728665, "bb_upper": 661.4759936999063, "rsi": 14.296885875959347, "mfi": 35.64538824963546, "atr": 1.0}
[BLOCKED] TRBTRY reason=insufficient_cash order=7.72 cash=7.74
[SIGNAL] 2026-08-10T15:14:59+00:00 TREETRY BUY fill_at=2026-08-10T15:19:59+00:00 features={"close": 1.76, "bb_lower": 1.762977135358084, "bb_upper": 1.777975245594297, "rsi": 30.20480854834119, "mfi": 14.102037476726025, "atr": 0.0028571428571428597}
[BLOCKED] TREETRY reason=insufficient_cash order=7.72 cash=7.74
[SIGNAL] 2026-08-10T15:14:59+00:00 TURBOTRY BUY fill_at=2026-08-10T15:19:59+00:00 features={"close": 0.0404, "bb_lower": 0.04057957330603996, "bb_upper": 0.04135376002729336, "rsi": 26.64095321560461, "mfi": 28.43480921053927, "atr": 9.285714285714303e-05}
[BLOCKED] TURBOTRY reason=insufficient_cash order=7.72 cash=7.74
[SIGNAL] 2026-08-10T15:14:59+00:00 TURTLETRY BUY fill_at=2026-08-10T15:19:59+00:00 features={"close": 2.11, "bb_lower": 2.1201311509564413, "bb_upper": 2.1493926585673697, "rsi": 4.071096394549329, "mfi": 0.0, "atr": 0.0021428571428571607}
[BLOCKED] TURTLETRY reason=insufficient_cash order=7.72 cash=7.74
[SIGNAL] 2026-08-10T15:14:59+00:00 USDTTRY BUY fill_at=2026-08-10T15:19:59+00:00 features={"close": 47.62, "bb_lower": 47.62616248917531, "bb_upper": 47.658599415586586, "rsi": 38.91277063361273, "mfi": 32.55521588928238, "atr": 0.013571428571426887}
[BLOCKED] USDTTRY reason=insufficient_cash order=7.72 cash=7.74
[SIGNAL] 2026-08-10T15:14:59+00:00 USTCTRY BUY fill_at=2026-08-10T15:19:59+00:00 features={"close": 0.2394, "bb_lower": 0.23953703386629882, "bb_upper": 0.241567728038463, "rsi": 34.5814140406475, "mfi": 30.551427332498946, "atr": 0.00034285714285714475}
[BLOCKED] USTCTRY reason=insufficient_cash order=7.72 cash=7.74
[SIGNAL] 2026-08-10T15:14:59+00:00 WTRY BUY fill_at=2026-08-10T15:19:59+00:00 features={"close": 0.4039, "bb_lower": 0.40478354947455597, "bb_upper": 0.40963549814449174, "rsi": 33.16204894463914, "mfi": 11.228345366530093, "atr": 0.0006428571428571474}
[BLOCKED] WTRY reason=insufficient_cash order=7.72 cash=7.74
[SIGNAL] 2026-08-10T15:14:59+00:00 XPLTRY BUY fill_at=2026-08-10T15:19:59+00:00 features={"close": 3.723, "bb_lower": 3.747552360753427, "bb_upper": 3.8194000201989544, "rsi": 26.864641292341517, "mfi": 25.461617919112314, "atr": 0.012000000000000075}
[BLOCKED] XPLTRY reason=insufficient_cash order=7.72 cash=7.74
[SIGNAL] 2026-08-10T15:14:59+00:00 ZKTRY BUY fill_at=2026-08-10T15:19:59+00:00 features={"close": 0.379, "bb_lower": 0.38044402676965333, "bb_upper": 0.38527025894463235, "rsi": 19.797214737315315, "mfi": 31.181455307106432, "atr": 0.00042857142857142893}
[BLOCKED] ZKTRY reason=insufficient_cash order=7.72 cash=7.74
[SIGNAL] 2026-08-10T15:14:59+00:00 ZROTRY BUY fill_at=2026-08-10T15:19:59+00:00 features={"close": 40.9, "bb_lower": 40.92253992711635, "bb_upper": 41.33460293002652, "rsi": 37.98287275918545, "mfi": 22.221325188952306, "atr": 0.07142857142857142}
[BLOCKED] ZROTRY reason=insufficient_cash order=7.72 cash=7.74
[EXIT] 2026-08-10T15:19:59+00:00 ALLOTRY reason=fixed_take_profit pnl=+19.49 cash=1034.81
[SCAN] 2026-08-10T15:19:59+00:00 symbols=121 signals=57 entries=0 exits=1 blocked=57 open=8 cash=1034.81 equity=10018.67
[SIGNAL] 2026-08-10T15:19:59+00:00 ADATRY BUY fill_at=2026-08-10T15:24:59+00:00 features={"close": 9.3, "bb_lower": 9.305964357939159, "bb_upper": 9.386416594441796, "rsi": 36.54398685125305, "mfi": 7.5434352713933635, "atr": 0.01928571428571438}
[ENTRY] 2026-08-10T15:24:59+00:00 ADATRY layer=2 value=1001.25 entry=9.29696750 cash=32.06
[SIGNAL] 2026-08-10T15:19:59+00:00 AIXBTTRY BUY fill_at=2026-08-10T15:24:59+00:00 features={"close": 0.895, "bb_lower": 0.895819512672987, "bb_upper": 0.9194185825651086, "rsi": 30.59500902266896, "mfi": 19.144515847808805, "atr": 0.0032142857142857173}
[BLOCKED] AIXBTTRY reason=insufficient_cash order=32.01 cash=32.06
[SIGNAL] 2026-08-10T15:19:59+00:00 ALGOTRY BUY fill_at=2026-08-10T15:24:59+00:00 features={"close": 3.944, "bb_lower": 3.945152212935857, "bb_upper": 3.987800168016522, "rsi": 35.35089357357444, "mfi": 38.34706436099259, "atr": 0.006142857142857132}
[BLOCKED] ALGOTRY reason=insufficient_cash order=32.01 cash=32.06
[SIGNAL] 2026-08-10T15:19:59+00:00 ALPINETRY BUY fill_at=2026-08-10T15:24:59+00:00 features={"close": 15.64, "bb_lower": 15.640982525628955, "bb_upper": 15.791398426751998, "rsi": 36.04723196890413, "mfi": 33.79426073363396, "atr": 0.0257142857142858}
[BLOCKED] ALPINETRY reason=max_layers
[SIGNAL] 2026-08-10T15:19:59+00:00 API3TRY BUY fill_at=2026-08-10T15:24:59+00:00 features={"close": 9.24, "bb_lower": 9.248096598650564, "bb_upper": 9.414760544206581, "rsi": 29.349502454291397, "mfi": 30.659082006209047, "atr": 0.016428571428571712}
[BLOCKED] API3TRY reason=insufficient_cash order=32.01 cash=32.06
[SIGNAL] 2026-08-10T15:19:59+00:00 ARTRY BUY fill_at=2026-08-10T15:24:59+00:00 features={"close": 86.62, "bb_lower": 86.85142054250743, "bb_upper": 88.40476993368306, "rsi": 24.845667807592804, "mfi": 37.038224616221235, "atr": 0.15785714285714242}
[BLOCKED] ARTRY reason=insufficient_cash order=32.01 cash=32.06
[SIGNAL] 2026-08-10T15:19:59+00:00 BANANATRY BUY fill_at=2026-08-10T15:24:59+00:00 features={"close": 173.0, "bb_lower": 173.1089136704237, "bb_upper": 175.74822918671913, "rsi": 20.456162158752335, "mfi": 53.536984369598365, "atr": 0.14285714285714285}
[BLOCKED] BANANATRY reason=insufficient_cash order=32.01 cash=32.06
[SIGNAL] 2026-08-10T15:19:59+00:00 BIOTRY BUY fill_at=2026-08-10T15:24:59+00:00 features={"close": 1.269, "bb_lower": 1.2726223012669524, "bb_upper": 1.3339491273044763, "rsi": 28.7107950000174, "mfi": 14.193783176344553, "atr": 0.010071428571428573}
[BLOCKED] BIOTRY reason=insufficient_cash order=32.01 cash=32.06
[SIGNAL] 2026-08-10T15:19:59+00:00 BLURTRY BUY fill_at=2026-08-10T15:24:59+00:00 features={"close": 0.658, "bb_lower": 0.6582401666108426, "bb_upper": 0.6626169762463001, "rsi": 30.27971211179495, "mfi": 9.898944525155542, "atr": 0.0005000000000000004}
[BLOCKED] BLURTRY reason=insufficient_cash order=32.01 cash=32.06
[SIGNAL] 2026-08-10T15:19:59+00:00 CYBERTRY BUY fill_at=2026-08-10T15:24:59+00:00 features={"close": 15.0, "bb_lower": 15.020247544057034, "bb_upper": 15.170228646419163, "rsi": 20.846742888342078, "mfi": 0.0, "atr": 0.0071428571428571175}
[BLOCKED] CYBERTRY reason=insufficient_cash order=32.01 cash=32.06
[SIGNAL] 2026-08-10T15:19:59+00:00 ETHFITRY BUY fill_at=2026-08-10T15:24:59+00:00 features={"close": 18.37, "bb_lower": 18.374042202613456, "bb_upper": 18.86595779738654, "rsi": 25.202251458882827, "mfi": 13.005582337378812, "atr": 0.05214285714285743}
[BLOCKED] ETHFITRY reason=insufficient_cash order=32.01 cash=32.06
[SIGNAL] 2026-08-10T15:19:59+00:00 FETTRY BUY fill_at=2026-08-10T15:24:59+00:00 features={"close": 6.46, "bb_lower": 6.4671327265769785, "bb_upper": 6.556676797232545, "rsi": 29.692043667264855, "mfi": 21.517109747136743, "atr": 0.015714285714285885}
[BLOCKED] FETTRY reason=insufficient_cash order=32.01 cash=32.06
[SIGNAL] 2026-08-10T15:19:59+00:00 FLOKITRY BUY fill_at=2026-08-10T15:24:59+00:00 features={"close": 0.00101, "bb_lower": 0.001010350041828957, "bb_upper": 0.0010224118629329477, "rsi": 30.428943056382863, "mfi": 49.82081272476899, "atr": 1.785714285714337e-06}
[BLOCKED] FLOKITRY reason=insufficient_cash order=32.01 cash=32.06
[SIGNAL] 2026-08-10T15:19:59+00:00 FTRY BUY fill_at=2026-08-10T15:24:59+00:00 features={"close": 0.1365, "bb_lower": 0.1367581187894833, "bb_upper": 0.13833711930575476, "rsi": 14.769969872675148, "mfi": 2.6400977672030166, "atr": 0.00011428571428571557}
[BLOCKED] FTRY reason=insufficient_cash order=32.01 cash=32.06
[SIGNAL] 2026-08-10T15:19:59+00:00 GASTRY BUY fill_at=2026-08-10T15:24:59+00:00 features={"close": 44.6, "bb_lower": 44.671178118186276, "bb_upper": 45.03358378657562, "rsi": 6.043397727263681, "mfi": 0.0, "atr": 0.021428571428571224}
[BLOCKED] GASTRY reason=insufficient_cash order=32.01 cash=32.06
[SIGNAL] 2026-08-10T15:19:59+00:00 HAEDALTRY BUY fill_at=2026-08-10T15:24:59+00:00 features={"close": 0.787, "bb_lower": 0.7873975521332589, "bb_upper": 0.8137453050095983, "rsi": 21.66265018763886, "mfi": 9.510782890416792, "atr": 0.0025000000000000022}
[BLOCKED] HAEDALTRY reason=insufficient_cash order=32.01 cash=32.06
[SIGNAL] 2026-08-10T15:19:59+00:00 JTOTRY BUY fill_at=2026-08-10T15:24:59+00:00 features={"close": 26.25, "bb_lower": 26.295017059969574, "bb_upper": 26.909744844792343, "rsi": 28.25452730958102, "mfi": 27.110493705717502, "atr": 0.10285714285714244}
[BLOCKED] JTOTRY reason=insufficient_cash order=32.01 cash=32.06
[SIGNAL] 2026-08-10T15:19:59+00:00 LATRY BUY fill_at=2026-08-10T15:24:59+00:00 features={"close": 2.61, "bb_lower": 2.612841785868056, "bb_upper": 2.67192011889385, "rsi": 30.331016986917035, "mfi": 11.674989612012851, "atr": 0.008571428571428674}
[BLOCKED] LATRY reason=insufficient_cash order=32.01 cash=32.06
[SIGNAL] 2026-08-10T15:19:59+00:00 LDOTRY BUY fill_at=2026-08-10T15:24:59+00:00 features={"close": 13.89, "bb_lower": 13.890853955026916, "bb_upper": 14.072955568782607, "rsi": 34.208799125990666, "mfi": 18.5764004982926, "atr": 0.02285714285714275}
[BLOCKED] LDOTRY reason=insufficient_cash order=32.01 cash=32.06
[SIGNAL] 2026-08-10T15:19:59+00:00 MAVTRY BUY fill_at=2026-08-10T15:24:59+00:00 features={"close": 0.43, "bb_lower": 0.4319729635455389, "bb_upper": 0.45850322693065154, "rsi": 36.06274961738702, "mfi": 8.82627550833324, "atr": 0.0050000000000000044}
[BLOCKED] MAVTRY reason=insufficient_cash order=32.01 cash=32.06
[SIGNAL] 2026-08-10T15:19:59+00:00 NEARTRY BUY fill_at=2026-08-10T15:24:59+00:00 features={"close": 77.8, "bb_lower": 77.98958162458938, "bb_upper": 79.1818469468392, "rsi": 26.32078928460281, "mfi": 56.51867194744093, "atr": 0.13571428571428715}
[BLOCKED] NEARTRY reason=insufficient_cash order=32.01 cash=32.06
[SIGNAL] 2026-08-10T15:19:59+00:00 PYTHTRY BUY fill_at=2026-08-10T15:24:59+00:00 features={"close": 2.01, "bb_lower": 2.0145093772546896, "bb_upper": 2.0440620513167382, "rsi": 24.649291383381822, "mfi": 12.789737744297184, "atr": 0.0029999999999999866}
[BLOCKED] PYTHTRY reason=insufficient_cash order=32.01 cash=32.06
[SIGNAL] 2026-08-10T15:19:59+00:00 REDTRY BUY fill_at=2026-08-10T15:24:59+00:00 features={"close": 4.18, "bb_lower": 4.18584003593894, "bb_upper": 4.221779011680107, "rsi": 11.660364165034395, "mfi": 0.0, "atr": 0.0021428571428571607}
[BLOCKED] REDTRY reason=insufficient_cash order=32.01 cash=32.06
[SIGNAL] 2026-08-10T15:19:59+00:00 SHIBTRY BUY fill_at=2026-08-10T15:24:59+00:00 features={"close": 0.0002204, "bb_lower": 0.0002206993874402638, "bb_upper": 0.00022362442208354567, "rsi": 28.516451668525093, "mfi": 56.604554671060306, "atr": 5.071428571428559e-07}
[BLOCKED] SHIBTRY reason=insufficient_cash order=32.01 cash=32.06
[SIGNAL] 2026-08-10T15:19:59+00:00 SPELLTRY BUY fill_at=2026-08-10T15:24:59+00:00 features={"close": 0.00377, "bb_lower": 0.0037741993123482144, "bb_upper": 0.0038162768781279757, "rsi": 29.83124639193666, "mfi": 10.459253123431495, "atr": 7.142857142857161e-06}
[BLOCKED] SPELLTRY reason=insufficient_cash order=32.01 cash=32.06
[SIGNAL] 2026-08-10T15:19:59+00:00 SXTTRY BUY fill_at=2026-08-10T15:24:59+00:00 features={"close": 0.3688, "bb_lower": 0.37026679362884085, "bb_upper": 0.3833046349425878, "rsi": 25.578741905859545, "mfi": 10.609410988874941, "atr": 0.0013785714285714274}
[BLOCKED] SXTTRY reason=insufficient_cash order=32.01 cash=32.06
[SIGNAL] 2026-08-10T15:19:59+00:00 SYRUPTRY BUY fill_at=2026-08-10T15:24:59+00:00 features={"close": 7.236, "bb_lower": 7.248800716838878, "bb_upper": 7.314723092684932, "rsi": 9.927533007042243, "mfi": 43.05616894275337, "atr": 0.006142857142857101}
[BLOCKED] SYRUPTRY reason=insufficient_cash order=32.01 cash=32.06
[SIGNAL] 2026-08-10T15:19:59+00:00 THETATRY BUY fill_at=2026-08-10T15:24:59+00:00 features={"close": 6.693, "bb_lower": 6.696503688675936, "bb_upper": 6.780258216085969, "rsi": 32.94938988274612, "mfi": 12.93922542090965, "atr": 0.013214285714285623}
[BLOCKED] THETATRY reason=insufficient_cash order=32.01 cash=32.06
[SIGNAL] 2026-08-10T15:19:59+00:00 TRBTRY BUY fill_at=2026-08-10T15:24:59+00:00 features={"close": 649.0, "bb_lower": 649.0074562918871, "bb_upper": 661.4687341843032, "rsi": 29.937141912996694, "mfi": 35.64820464188095, "atr": 1.2142857142857142}
[BLOCKED] TRBTRY reason=insufficient_cash order=32.01 cash=32.06
[SIGNAL] 2026-08-10T15:19:59+00:00 TREETRY BUY fill_at=2026-08-10T15:24:59+00:00 features={"close": 1.76, "bb_lower": 1.76127128439056, "bb_upper": 1.7787287156094396, "rsi": 30.204808548341177, "mfi": 14.102037476726025, "atr": 0.0028571428571428597}
[BLOCKED] TREETRY reason=insufficient_cash order=32.01 cash=32.06
[SIGNAL] 2026-08-10T15:19:59+00:00 TRUMPTRY BUY fill_at=2026-08-10T15:24:59+00:00 features={"close": 70.9, "bb_lower": 70.91849428301694, "bb_upper": 71.73864857412593, "rsi": 30.057264017645508, "mfi": 58.74157390995873, "atr": 0.1285714285714253}
[BLOCKED] TRUMPTRY reason=insufficient_cash order=32.01 cash=32.06
[SIGNAL] 2026-08-10T15:19:59+00:00 TURTLETRY BUY fill_at=2026-08-10T15:24:59+00:00 features={"close": 2.11, "bb_lower": 2.1155159172058386, "bb_upper": 2.151150749460829, "rsi": 4.071096394549329, "mfi": 0.0, "atr": 0.0021428571428571607}
[BLOCKED] TURTLETRY reason=insufficient_cash order=32.01 cash=32.06
[SIGNAL] 2026-08-10T15:19:59+00:00 USDTTRY BUY fill_at=2026-08-10T15:24:59+00:00 features={"close": 47.62, "bb_lower": 47.62253420989922, "bb_upper": 47.659370552005534, "rsi": 38.91277063361273, "mfi": 22.092169591874338, "atr": 0.013571428571426887}
[BLOCKED] USDTTRY reason=insufficient_cash order=32.01 cash=32.06
[SIGNAL] 2026-08-10T15:19:59+00:00 USTCTRY BUY fill_at=2026-08-10T15:24:59+00:00 features={"close": 0.2394, "bb_lower": 0.23940322241454778, "bb_upper": 0.24151106329973784, "rsi": 34.5814140406475, "mfi": 26.882656855966857, "atr": 0.00031428571428571535}
[BLOCKED] USTCTRY reason=insufficient_cash order=32.01 cash=32.06
[SIGNAL] 2026-08-10T15:19:59+00:00 VANATRY BUY fill_at=2026-08-10T15:24:59+00:00 features={"close": 42.2, "bb_lower": 42.28348109012146, "bb_upper": 42.93556652892617, "rsi": 31.401360265611217, "mfi": 25.48360289760069, "atr": 0.0999999999999999}
[BLOCKED] VANATRY reason=insufficient_cash order=32.01 cash=32.06
[SIGNAL] 2026-08-10T15:19:59+00:00 WTRY BUY fill_at=2026-08-10T15:24:59+00:00 features={"close": 0.4039, "bb_lower": 0.4042465237808342, "bb_upper": 0.4098582381239277, "rsi": 33.16204894463915, "mfi": 10.849707566298989, "atr": 0.0006214285714285743}
[BLOCKED] WTRY reason=insufficient_cash order=32.01 cash=32.06
[SIGNAL] 2026-08-10T15:19:59+00:00 XPLTRY BUY fill_at=2026-08-10T15:24:59+00:00 features={"close": 3.726, "bb_lower": 3.7376620720893268, "bb_upper": 3.82452840410115, "rsi": 28.619100977165274, "mfi": 24.996482384508468, "atr": 0.012142857142857233}
[BLOCKED] XPLTRY reason=insufficient_cash order=32.01 cash=32.06
[SIGNAL] 2026-08-10T15:19:59+00:00 ZKTRY BUY fill_at=2026-08-10T15:24:59+00:00 features={"close": 0.38, "bb_lower": 0.38007828518026565, "bb_upper": 0.38544552434354384, "rsi": 29.945196430713565, "mfi": 42.44711823748738, "atr": 0.0005000000000000004}
[BLOCKED] ZKTRY reason=insufficient_cash order=32.01 cash=32.06
[SCAN] 2026-08-10T15:24:59+00:00 symbols=121 signals=38 entries=1 exits=0 blocked=37 open=8 cash=32.06 equity=10009.18
[SIGNAL] 2026-08-10T15:24:59+00:00 ADATRY BUY fill_at=2026-08-10T15:29:59+00:00 features={"close": 9.28, "bb_lower": 9.295023815333847, "bb_upper": 9.392595232285204, "rsi": 32.27706934714037, "mfi": 2.3240450993011024, "atr": 0.01928571428571438}
[BLOCKED] ADATRY reason=max_layers
[SIGNAL] 2026-08-10T15:24:59+00:00 AIXBTTRY BUY fill_at=2026-08-10T15:29:59+00:00 features={"close": 0.889, "bb_lower": 0.8925290925002631, "bb_upper": 0.9204232884521175, "rsi": 25.369005035666646, "mfi": 17.756723267243075, "atr": 0.003571428571428575}
[BLOCKED] AIXBTTRY reason=insufficient_cash order=32.01 cash=32.06
[SIGNAL] 2026-08-10T15:24:59+00:00 ALPINETRY BUY fill_at=2026-08-10T15:29:59+00:00 features={"close": 15.61, "bb_lower": 15.62399194833613, "bb_upper": 15.79410328975911, "rsi": 32.668023239688694, "mfi": 29.678851675050666, "atr": 0.027142857142857326}
[BLOCKED] ALPINETRY reason=max_layers
[SIGNAL] 2026-08-10T15:24:59+00:00 AMPTRY BUY fill_at=2026-08-10T15:29:59+00:00 features={"close": 0.0184, "bb_lower": 0.018420247544057036, "bb_upper": 0.018570228646419162, "rsi": 33.69466406779033, "mfi": 0.31551670769913187, "atr": 2.14285714285713e-05}
[BLOCKED] AMPTRY reason=insufficient_cash order=32.01 cash=32.06
[SIGNAL] 2026-08-10T15:24:59+00:00 API3TRY BUY fill_at=2026-08-10T15:29:59+00:00 features={"close": 9.23, "bb_lower": 9.232488579990486, "bb_upper": 9.41989237239047, "rsi": 27.824183837863345, "mfi": 18.52235036984763, "atr": 0.016428571428571712}
[BLOCKED] API3TRY reason=insufficient_cash order=32.01 cash=32.06
[SIGNAL] 2026-08-10T15:24:59+00:00 BLURTRY BUY fill_at=2026-08-10T15:29:59+00:00 features={"close": 0.658, "bb_lower": 0.6580326041893452, "bb_upper": 0.6627293005725596, "rsi": 30.27971211179495, "mfi": 9.747275728365196, "atr": 0.0005000000000000004}
[BLOCKED] BLURTRY reason=insufficient_cash order=32.01 cash=32.06
[SIGNAL] 2026-08-10T15:24:59+00:00 CYBERTRY BUY fill_at=2026-08-10T15:29:59+00:00 features={"close": 14.9, "bb_lower": 14.981065823983796, "bb_upper": 15.180838937920965, "rsi": 13.719558410752967, "mfi": 0.0, "atr": 0.014285714285714235}
[BLOCKED] CYBERTRY reason=insufficient_cash order=32.01 cash=32.06
[SIGNAL] 2026-08-10T15:24:59+00:00 FETTRY BUY fill_at=2026-08-10T15:29:59+00:00 features={"close": 6.46, "bb_lower": 6.461059403574932, "bb_upper": 6.554178691663163, "rsi": 29.692043667264855, "mfi": 18.414195994470404, "atr": 0.014285714285714488}
[BLOCKED] FETTRY reason=insufficient_cash order=32.01 cash=32.06
[SIGNAL] 2026-08-10T15:24:59+00:00 FLOKITRY BUY fill_at=2026-08-10T15:29:59+00:00 features={"close": 0.001009, "bb_lower": 0.0010093085631423544, "bb_upper": 0.0010228819130481217, "rsi": 28.750027832900713, "mfi": 36.695975302706984, "atr": 1.8571428571429022e-06}
[BLOCKED] FLOKITRY reason=insufficient_cash order=32.01 cash=32.06
[SIGNAL] 2026-08-10T15:24:59+00:00 FTRY BUY fill_at=2026-08-10T15:29:59+00:00 features={"close": 0.1365, "bb_lower": 0.13659700305502137, "bb_upper": 0.13835537789735952, "rsi": 14.769969872675148, "mfi": 2.6400977672030166, "atr": 0.00011428571428571557}
[BLOCKED] FTRY reason=insufficient_cash order=32.01 cash=32.06
[SIGNAL] 2026-08-10T15:24:59+00:00 GASTRY BUY fill_at=2026-08-10T15:29:59+00:00 features={"close": 44.6, "bb_lower": 44.62900477714191, "bb_upper": 45.047185699048576, "rsi": 6.043397727263681, "mfi": 0.0, "atr": 0.021428571428571224}
[BLOCKED] GASTRY reason=insufficient_cash order=32.01 cash=32.06
[SIGNAL] 2026-08-10T15:24:59+00:00 JTOTRY BUY fill_at=2026-08-10T15:29:59+00:00 features={"close": 26.23, "bb_lower": 26.25014655350721, "bb_upper": 26.893662970302312, "rsi": 27.529746581640694, "mfi": 10.417624860623448, "atr": 0.08785714285714238}
[BLOCKED] JTOTRY reason=insufficient_cash order=32.01 cash=32.06
[SIGNAL] 2026-08-10T15:24:59+00:00 LATRY BUY fill_at=2026-08-10T15:29:59+00:00 features={"close": 2.6, "bb_lower": 2.605635012280631, "bb_upper": 2.674364987719369, "rsi": 26.448530021243457, "mfi": 10.872027007880234, "atr": 0.008571428571428643}
[BLOCKED] LATRY reason=insufficient_cash order=32.01 cash=32.06
[SIGNAL] 2026-08-10T15:24:59+00:00 OPTRY BUY fill_at=2026-08-10T15:29:59+00:00 features={"close": 4.3, "bb_lower": 4.303206630146058, "bb_upper": 4.360602893663464, "rsi": 25.674983232464754, "mfi": 28.221193350632632, "atr": 0.006428571428571418}
[BLOCKED] OPTRY reason=insufficient_cash order=32.01 cash=32.06
[SIGNAL] 2026-08-10T15:24:59+00:00 REDTRY BUY fill_at=2026-08-10T15:29:59+00:00 features={"close": 4.18, "bb_lower": 4.18199910994378, "bb_upper": 4.222762794818127, "rsi": 11.660364165034395, "mfi": 0.0, "atr": 0.0021428571428571607}
[BLOCKED] REDTRY reason=insufficient_cash order=32.01 cash=32.06
[SIGNAL] 2026-08-10T15:24:59+00:00 RVNTRY BUY fill_at=2026-08-10T15:29:59+00:00 features={"close": 0.1692, "bb_lower": 0.16941634793349727, "bb_upper": 0.170821747304598, "rsi": 21.646855353984265, "mfi": 0.0, "atr": 7.857142857142983e-05}
[BLOCKED] RVNTRY reason=insufficient_cash order=32.01 cash=32.06
[SIGNAL] 2026-08-10T15:24:59+00:00 SHIBTRY BUY fill_at=2026-08-10T15:29:59+00:00 features={"close": 0.0002198, "bb_lower": 0.00022030276713822373, "bb_upper": 0.00022384009000463336, "rsi": 24.940858374723376, "mfi": 22.345035539353077, "atr": 5.428571428571425e-07}
[BLOCKED] SHIBTRY reason=insufficient_cash order=32.01 cash=32.06
[SIGNAL] 2026-08-10T15:24:59+00:00 SPELLTRY BUY fill_at=2026-08-10T15:29:59+00:00 features={"close": 0.00377, "bb_lower": 0.003770326041893451, "bb_upper": 0.003817293005725596, "rsi": 29.83124639193666, "mfi": 10.461366724951446, "atr": 7.142857142857161e-06}
[BLOCKED] SPELLTRY reason=insufficient_cash order=32.01 cash=32.06
[SIGNAL] 2026-08-10T15:24:59+00:00 SXTTRY BUY fill_at=2026-08-10T15:29:59+00:00 features={"close": 0.3688, "bb_lower": 0.3690273764056263, "bb_upper": 0.3836773854991357, "rsi": 25.578741905859545, "mfi": 10.611481301386377, "atr": 0.001307142857142856}
[BLOCKED] SXTTRY reason=insufficient_cash order=32.01 cash=32.06
[SIGNAL] 2026-08-10T15:24:59+00:00 SYRUPTRY BUY fill_at=2026-08-10T15:29:59+00:00 features={"close": 7.236, "bb_lower": 7.241174019221986, "bb_upper": 7.317111695063725, "rsi": 9.927533007042243, "mfi": 43.05616894275337, "atr": 0.006142857142857101}
[BLOCKED] SYRUPTRY reason=insufficient_cash order=32.01 cash=32.06
[SIGNAL] 2026-08-10T15:24:59+00:00 THETRY BUY fill_at=2026-08-10T15:29:59+00:00 features={"close": 3.047, "bb_lower": 3.0553599209106457, "bb_upper": 3.1518781743274493, "rsi": 36.1910236090816, "mfi": 51.16816219075012, "atr": 0.025357142857142856}
[BLOCKED] THETRY reason=insufficient_cash order=32.01 cash=32.06
[SIGNAL] 2026-08-10T15:24:59+00:00 TRUMPTRY BUY fill_at=2026-08-10T15:29:59+00:00 features={"close": 70.8, "bb_lower": 70.83683358108426, "bb_upper": 71.77269022843954, "rsi": 27.259085877313012, "mfi": 54.79398940028227, "atr": 0.12142857142856858}
[BLOCKED] TRUMPTRY reason=insufficient_cash order=32.01 cash=32.06
[SIGNAL] 2026-08-10T15:24:59+00:00 USDTTRY BUY fill_at=2026-08-10T15:29:59+00:00 features={"close": 47.61, "bb_lower": 47.616865948088815, "bb_upper": 47.6621816709588, "rsi": 34.139326002577775, "mfi": 15.77434964896635, "atr": 0.013571428571426887}
[BLOCKED] USDTTRY reason=insufficient_cash order=32.01 cash=32.06
[SIGNAL] 2026-08-10T15:24:59+00:00 ZKTRY BUY fill_at=2026-08-10T15:29:59+00:00 features={"close": 0.379, "bb_lower": 0.3794502915032049, "bb_upper": 0.3856925656396521, "rsi": 26.335330272807738, "mfi": 24.022778844902405, "atr": 0.0005714285714285719}
[BLOCKED] ZKTRY reason=insufficient_cash order=32.01 cash=32.06
[SCAN] 2026-08-10T15:29:59+00:00 symbols=121 signals=24 entries=0 exits=0 blocked=24 open=8 cash=32.06 equity=10010.31
[SIGNAL] 2026-08-10T15:29:59+00:00 ADATRY BUY fill_at=2026-08-10T15:34:59+00:00 features={"close": 9.27, "bb_lower": 9.282100250843541, "bb_upper": 9.397899749156458, "rsi": 30.35711489729357, "mfi": 2.183179574376865, "atr": 0.020714285714285654}
[BLOCKED] ADATRY reason=max_layers
[SIGNAL] 2026-08-10T15:29:59+00:00 AEROTRY BUY fill_at=2026-08-10T15:34:59+00:00 features={"close": 19.74, "bb_lower": 19.755491526615582, "bb_upper": 20.11403228290823, "rsi": 22.50584452772955, "mfi": 21.840974661345626, "atr": 0.028571428571428976}
[BLOCKED] AEROTRY reason=insufficient_cash order=32.01 cash=32.06
[SIGNAL] 2026-08-10T15:29:59+00:00 AITRY BUY fill_at=2026-08-10T15:34:59+00:00 features={"close": 0.84, "bb_lower": 0.8430201638038686, "bb_upper": 0.8665036457199409, "rsi": 37.488210491573994, "mfi": 7.451705771785882, "atr": 0.0050000000000000044}
[BLOCKED] AITRY reason=insufficient_cash order=32.01 cash=32.06
[SIGNAL] 2026-08-10T15:29:59+00:00 ALGOTRY BUY fill_at=2026-08-10T15:34:59+00:00 features={"close": 3.93, "bb_lower": 3.9357913517858427, "bb_upper": 3.99058960059511, "rsi": 28.14662820057545, "mfi": 37.91896663969265, "atr": 0.006714285714285705}
[BLOCKED] ALGOTRY reason=insufficient_cash order=32.01 cash=32.06
[SIGNAL] 2026-08-10T15:29:59+00:00 AMPTRY BUY fill_at=2026-08-10T15:34:59+00:00 features={"close": 0.0184, "bb_lower": 0.01841572886449191, "bb_upper": 0.01855569970693666, "rsi": 33.69466406779033, "mfi": 0.31551670769913187, "atr": 3.57142857142855e-05}
[BLOCKED] AMPTRY reason=insufficient_cash order=32.01 cash=32.06
[SIGNAL] 2026-08-10T15:29:59+00:00 GASTRY BUY fill_at=2026-08-10T15:34:59+00:00 features={"close": 44.5, "bb_lower": 44.56743152735956, "bb_upper": 45.07066371073567, "rsi": 4.333774880652726, "mfi": 0.0, "atr": 0.03571428571428571}
[BLOCKED] GASTRY reason=insufficient_cash order=32.01 cash=32.06
[SIGNAL] 2026-08-10T15:29:59+00:00 JTOTRY BUY fill_at=2026-08-10T15:34:59+00:00 features={"close": 26.18, "bb_lower": 26.195095137166053, "bb_upper": 26.891571529500613, "rsi": 25.741395456486472, "mfi": 7.294300930457524, "atr": 0.08785714285714238}
[BLOCKED] JTOTRY reason=insufficient_cash order=32.01 cash=32.06
[SIGNAL] 2026-08-10T15:29:59+00:00 LDOTRY BUY fill_at=2026-08-10T15:34:59+00:00 features={"close": 13.86, "bb_lower": 13.86212227974088, "bb_upper": 14.079782482163878, "rsi": 31.554211132847684, "mfi": 18.208515864837295, "atr": 0.02857142857142847}
[BLOCKED] LDOTRY reason=insufficient_cash order=32.01 cash=32.06
[SIGNAL] 2026-08-10T15:29:59+00:00 RVNTRY BUY fill_at=2026-08-10T15:34:59+00:00 features={"close": 0.1692, "bb_lower": 0.169292650621615, "bb_upper": 0.17080258747362312, "rsi": 21.646855353984265, "mfi": 0.0, "atr": 7.857142857142983e-05}
[BLOCKED] RVNTRY reason=insufficient_cash order=32.01 cash=32.06
[SIGNAL] 2026-08-10T15:29:59+00:00 STXTRY BUY fill_at=2026-08-10T15:34:59+00:00 features={"close": 6.23, "bb_lower": 6.234812592021694, "bb_upper": 6.324235027025926, "rsi": 21.302515397509424, "mfi": 10.97812739914528, "atr": 0.006428571428571355}
[BLOCKED] STXTRY reason=insufficient_cash order=32.01 cash=32.06
[SIGNAL] 2026-08-10T15:29:59+00:00 SYRUPTRY BUY fill_at=2026-08-10T15:34:59+00:00 features={"close": 7.228, "bb_lower": 7.23282519214296, "bb_upper": 7.320222426904658, "rsi": 8.654851346521141, "mfi": 25.65026279796041, "atr": 0.008571428571428516}
[BLOCKED] SYRUPTRY reason=insufficient_cash order=32.01 cash=32.06
[SIGNAL] 2026-08-10T15:29:59+00:00 USDTTRY BUY fill_at=2026-08-10T15:34:59+00:00 features={"close": 47.59, "bb_lower": 47.606220252641634, "bb_upper": 47.667113080691706, "rsi": 26.97085475832631, "mfi": 15.226432089078457, "atr": 0.01499999999999803}
[BLOCKED] USDTTRY reason=insufficient_cash order=32.01 cash=32.06
[SIGNAL] 2026-08-10T15:29:59+00:00 USTCTRY BUY fill_at=2026-08-10T15:34:59+00:00 features={"close": 0.2391, "bb_lower": 0.23915508236999697, "bb_upper": 0.24157825096333627, "rsi": 35.6741282818478, "mfi": 16.77646557917521, "atr": 0.0003999999999999996}
[BLOCKED] USTCTRY reason=insufficient_cash order=32.01 cash=32.06
[SIGNAL] 2026-08-10T15:29:59+00:00 ZKTRY BUY fill_at=2026-08-10T15:34:59+00:00 features={"close": 0.377, "bb_lower": 0.37841350178528443, "bb_upper": 0.38625316488138217, "rsi": 20.881339587519477, "mfi": 0.0, "atr": 0.0007857142857142864}
[BLOCKED] ZKTRY reason=insufficient_cash order=32.01 cash=32.06
[SCAN] 2026-08-10T15:34:59+00:00 symbols=121 signals=14 entries=0 exits=0 blocked=14 open=8 cash=32.06 equity=10006.08
[SIGNAL] 2026-08-10T15:34:59+00:00 ADATRY BUY fill_at=2026-08-10T15:39:59+00:00 features={"close": 9.26, "bb_lower": 9.269008792043625, "bb_upper": 9.403372160337327, "rsi": 28.519315781360277, "mfi": 6.565444370064, "atr": 0.019999999999999955}
[BLOCKED] ADATRY reason=max_layers
[SIGNAL] 2026-08-10T15:34:59+00:00 ALGOTRY BUY fill_at=2026-08-10T15:39:59+00:00 features={"close": 3.901, "bb_lower": 3.9220181905337674, "bb_upper": 3.997791333275756, "rsi": 19.31394903751095, "mfi": 36.71722978223356, "atr": 0.008571428571428579}
[BLOCKED] ALGOTRY reason=insufficient_cash order=32.01 cash=32.06
[SIGNAL] 2026-08-10T15:34:59+00:00 AMPTRY BUY fill_at=2026-08-10T15:39:59+00:00 features={"close": 0.0184, "bb_lower": 0.018402417035702515, "bb_upper": 0.018559487726202237, "rsi": 33.69466406779033, "mfi": 0.31551670769913187, "atr": 3.57142857142855e-05}
[BLOCKED] AMPTRY reason=insufficient_cash order=32.01 cash=32.06
[SIGNAL] 2026-08-10T15:34:59+00:00 APTTRY BUY fill_at=2026-08-10T15:39:59+00:00 features={"close": 27.9, "bb_lower": 27.98129273420744, "bb_upper": 28.51394536103066, "rsi": 25.944107017947218, "mfi": 44.704653817917624, "atr": 0.0499999999999997}
[BLOCKED] APTTRY reason=insufficient_cash order=32.01 cash=32.06
[SIGNAL] 2026-08-10T15:34:59+00:00 ASTERTRY BUY fill_at=2026-08-10T15:39:59+00:00 features={"close": 28.75, "bb_lower": 28.780338734554388, "bb_upper": 28.95204221782657, "rsi": 23.039043454520836, "mfi": 30.99140013371526, "atr": 0.022857142857142878}
[BLOCKED] ASTERTRY reason=insufficient_cash order=32.01 cash=32.06
[SIGNAL] 2026-08-10T15:34:59+00:00 ATMTRY BUY fill_at=2026-08-10T15:39:59+00:00 features={"close": 71.83, "bb_lower": 71.9155453551749, "bb_upper": 72.62445464482512, "rsi": 33.90686814096168, "mfi": 19.54907778830129, "atr": 0.10214285714285865}
[BLOCKED] ATMTRY reason=insufficient_cash order=32.01 cash=32.06
[SIGNAL] 2026-08-10T15:34:59+00:00 BMTTRY BUY fill_at=2026-08-10T15:39:59+00:00 features={"close": 1.14, "bb_lower": 1.17199977748141, "bb_upper": 1.324857365375733, "rsi": 26.88348414511158, "mfi": 38.824401003512385, "atr": 0.03378571428571431}
[BLOCKED] BMTTRY reason=insufficient_cash order=32.01 cash=32.06
[SIGNAL] 2026-08-10T15:34:59+00:00 GASTRY BUY fill_at=2026-08-10T15:39:59+00:00 features={"close": 44.5, "bb_lower": 44.517157287525386, "bb_upper": 45.08284271247462, "rsi": 4.333774880652726, "mfi": 0.0, "atr": 0.03571428571428571}
[BLOCKED] GASTRY reason=insufficient_cash order=32.01 cash=32.06
[SIGNAL] 2026-08-10T15:34:59+00:00 JTOTRY BUY fill_at=2026-08-10T15:39:59+00:00 features={"close": 25.96, "bb_lower": 26.08872215164573, "bb_upper": 26.94461118168761, "rsi": 19.655232816203153, "mfi": 6.076217516079268, "atr": 0.10285714285714244}
[BLOCKED] JTOTRY reason=insufficient_cash order=32.01 cash=32.06
[SIGNAL] 2026-08-10T15:34:59+00:00 METRY BUY fill_at=2026-08-10T15:39:59+00:00 features={"close": 3.175, "bb_lower": 3.1860619619427055, "bb_upper": 3.253080895200152, "rsi": 41.43722965365116, "mfi": 56.33420754465138, "atr": 0.022571428571428624}
[BLOCKED] METRY reason=insufficient_cash order=32.01 cash=32.06
[SIGNAL] 2026-08-10T15:34:59+00:00 PHATRY BUY fill_at=2026-08-10T15:39:59+00:00 features={"close": 1.18, "bb_lower": 1.182301860977529, "bb_upper": 1.2053171866415187, "rsi": 37.30910214557662, "mfi": 35.71101709157554, "atr": 0.007857142857142865}
[BLOCKED] PHATRY reason=insufficient_cash order=32.01 cash=32.06
[SIGNAL] 2026-08-10T15:34:59+00:00 USDTTRY BUY fill_at=2026-08-10T15:39:59+00:00 features={"close": 47.59, "bb_lower": 47.59844633149536, "bb_upper": 47.67107747802846, "rsi": 26.97085475832631, "mfi": 9.94682390204727, "atr": 0.01499999999999803}
[BLOCKED] USDTTRY reason=insufficient_cash order=32.01 cash=32.06
[SIGNAL] 2026-08-10T15:34:59+00:00 ZKTRY BUY fill_at=2026-08-10T15:39:59+00:00 features={"close": 0.377, "bb_lower": 0.3775340969100675, "bb_upper": 0.38656114118517054, "rsi": 20.881339587519477, "mfi": 0.0, "atr": 0.0007857142857142864}
[BLOCKED] ZKTRY reason=insufficient_cash order=32.01 cash=32.06
[SCAN] 2026-08-10T15:39:59+00:00 symbols=121 signals=13 entries=0 exits=0 blocked=13 open=8 cash=32.06 equity=10005.24
[SIGNAL] 2026-08-10T15:39:59+00:00 ADATRY BUY fill_at=2026-08-10T15:44:59+00:00 features={"close": 9.25, "bb_lower": 9.255405388083721, "bb_upper": 9.408404135725801, "rsi": 26.764017394818808, "mfi": 6.324955031625606, "atr": 0.019999999999999955}
[BLOCKED] ADATRY reason=max_layers
[SIGNAL] 2026-08-10T15:39:59+00:00 AMPTRY BUY fill_at=2026-08-10T15:44:59+00:00 features={"close": 0.0183, "bb_lower": 0.018362008330542127, "bb_upper": 0.018580848812315004, "rsi": 24.063686115401083, "mfi": 0.2653704103665575, "atr": 4.28571428571426e-05}
[BLOCKED] AMPTRY reason=insufficient_cash order=32.01 cash=32.06
[SIGNAL] 2026-08-10T15:39:59+00:00 ASTERTRY BUY fill_at=2026-08-10T15:44:59+00:00 features={"close": 28.69, "bb_lower": 28.74401605964047, "bb_upper": 28.972174416550015, "rsi": 18.380971214717277, "mfi": 22.77219031633163, "atr": 0.03000000000000012}
[BLOCKED] ASTERTRY reason=insufficient_cash order=32.01 cash=32.06
[SIGNAL] 2026-08-10T15:39:59+00:00 BMTTRY BUY fill_at=2026-08-10T15:44:59+00:00 features={"close": 1.116, "bb_lower": 1.1469119492810667, "bb_upper": 1.3365166221475049, "rsi": 24.569570777475533, "mfi": 29.097001562831963, "atr": 0.03371428571428573}
[BLOCKED] BMTTRY reason=insufficient_cash order=32.01 cash=32.06
[SIGNAL] 2026-08-10T15:39:59+00:00 JTOTRY BUY fill_at=2026-08-10T15:44:59+00:00 features={"close": 26.01, "bb_lower": 26.013526543865957, "bb_upper": 26.97218774184833, "rsi": 24.07506063212368, "mfi": 7.146567227155188, "atr": 0.10357142857142801}
[BLOCKED] JTOTRY reason=insufficient_cash order=32.01 cash=32.06
[SIGNAL] 2026-08-10T15:39:59+00:00 METRY BUY fill_at=2026-08-10T15:44:59+00:00 features={"close": 3.163, "bb_lower": 3.176163148405595, "bb_upper": 3.2585035182610707, "rsi": 39.05121122835615, "mfi": 55.03930396735387, "atr": 0.02214285714285721}
[BLOCKED] METRY reason=insufficient_cash order=32.01 cash=32.06
[SIGNAL] 2026-08-10T15:39:59+00:00 PENGUTRY BUY fill_at=2026-08-10T15:44:59+00:00 features={"close": 0.3134, "bb_lower": 0.31345702771185163, "bb_upper": 0.31956201990719596, "rsi": 35.96811165043549, "mfi": 58.71938961577156, "atr": 0.0017071428571428515}
[BLOCKED] PENGUTRY reason=insufficient_cash order=32.01 cash=32.06
[SIGNAL] 2026-08-10T15:39:59+00:00 RVNTRY BUY fill_at=2026-08-10T15:44:59+00:00 features={"close": 0.169, "bb_lower": 0.16905169559604036, "bb_upper": 0.17087211392776921, "rsi": 24.792860692731168, "mfi": 9.797379134898065, "atr": 0.00012857142857143028}
[BLOCKED] RVNTRY reason=insufficient_cash order=32.01 cash=32.06
[SIGNAL] 2026-08-10T15:39:59+00:00 TRUMPTRY BUY fill_at=2026-08-10T15:44:59+00:00 features={"close": 70.6, "bb_lower": 70.62696776326761, "bb_upper": 71.85874652244665, "rsi": 22.041366247882024, "mfi": 29.788856666553087, "atr": 0.1357142857142841}
[BLOCKED] TRUMPTRY reason=insufficient_cash order=32.01 cash=32.06
[SIGNAL] 2026-08-10T15:39:59+00:00 USDTTRY BUY fill_at=2026-08-10T15:44:59+00:00 features={"close": 47.59, "bb_lower": 47.591483979897944, "bb_upper": 47.67327792486397, "rsi": 26.97085475832631, "mfi": 10.550078644084238, "atr": 0.01499999999999803}
[BLOCKED] USDTTRY reason=insufficient_cash order=32.01 cash=32.06
[SIGNAL] 2026-08-10T15:39:59+00:00 WLDTRY BUY fill_at=2026-08-10T15:44:59+00:00 features={"close": 16.15, "bb_lower": 16.23704140345529, "bb_upper": 16.585815739401855, "rsi": 38.05710347870022, "mfi": 51.199049976970144, "atr": 0.11571428571428578}
[BLOCKED] WLDTRY reason=insufficient_cash order=32.01 cash=32.06
[SCAN] 2026-08-10T15:44:59+00:00 symbols=121 signals=11 entries=0 exits=0 blocked=11 open=8 cash=32.06 equity=10027.38
[SIGNAL] 2026-08-10T15:44:59+00:00 AMPTRY BUY fill_at=2026-08-10T15:49:59+00:00 features={"close": 0.0183, "bb_lower": 0.018331320864754256, "bb_upper": 0.01859248865905525, "rsi": 24.063686115401083, "mfi": 0.2653704103665575, "atr": 4.28571428571426e-05}
[BLOCKED] AMPTRY reason=insufficient_cash order=32.01 cash=32.06
[SIGNAL] 2026-08-10T15:44:59+00:00 BMTTRY BUY fill_at=2026-08-10T15:49:59+00:00 features={"close": 1.125, "bb_lower": 1.1288046091613253, "bb_upper": 1.34243348607677, "rsi": 27.118014861108406, "mfi": 34.392779704196414, "atr": 0.0332857142857143}
[BLOCKED] BMTTRY reason=insufficient_cash order=32.01 cash=32.06
[SIGNAL] 2026-08-10T15:44:59+00:00 GASTRY BUY fill_at=2026-08-10T15:49:59+00:00 features={"close": 44.4, "bb_lower": 44.415876707292014, "bb_upper": 45.09840900699369, "rsi": 3.187370176465734, "mfi": 0.0, "atr": 0.04285714285714296}
[BLOCKED] GASTRY reason=insufficient_cash order=32.01 cash=32.06
[SIGNAL] 2026-08-10T15:44:59+00:00 NEIROTRY BUY fill_at=2026-08-10T15:49:59+00:00 features={"close": 0.00341, "bb_lower": 0.0034188349729596143, "bb_upper": 0.0034744983603737186, "rsi": 37.62989313350482, "mfi": 29.59861155939909, "atr": 1.5714285714285756e-05}
[BLOCKED] NEIROTRY reason=insufficient_cash order=32.01 cash=32.06
[SIGNAL] 2026-08-10T15:44:59+00:00 TRXTRY BUY fill_at=2026-08-10T15:49:59+00:00 features={"close": 15.748, "bb_lower": 15.748627561074485, "bb_upper": 15.788039105592176, "rsi": 33.14380023170892, "mfi": 34.31599332083435, "atr": 0.0074285714285718795}
[BLOCKED] TRXTRY reason=insufficient_cash order=32.01 cash=32.06
[SCAN] 2026-08-10T15:49:59+00:00 symbols=121 signals=5 entries=0 exits=0 blocked=5 open=8 cash=32.06 equity=10026.74
[SIGNAL] 2026-08-10T15:49:59+00:00 ARPATRY BUY fill_at=2026-08-10T15:54:59+00:00 features={"close": 0.4229, "bb_lower": 0.42305408489337193, "bb_upper": 0.4318887722494854, "rsi": 37.689172981199285, "mfi": 37.04742433317028, "atr": 0.0015428571428571394}
[BLOCKED] ARPATRY reason=insufficient_cash order=32.01 cash=32.06
[SIGNAL] 2026-08-10T15:49:59+00:00 CTRY BUY fill_at=2026-08-10T15:54:59+00:00 features={"close": 3.169, "bb_lower": 3.1776341638426215, "bb_upper": 3.2412229790145206, "rsi": 38.99525069869837, "mfi": 30.6630134424899, "atr": 0.02007142857142858}
[BLOCKED] CTRY reason=insufficient_cash order=32.01 cash=32.06
[SIGNAL] 2026-08-10T15:49:59+00:00 NEARTRY BUY fill_at=2026-08-10T15:54:59+00:00 features={"close": 77.4, "bb_lower": 77.41049720666715, "bb_upper": 79.17997898380904, "rsi": 23.949722387547993, "mfi": 31.94019145438017, "atr": 0.17857142857142957}
[BLOCKED] NEARTRY reason=insufficient_cash order=32.01 cash=32.06
[SIGNAL] 2026-08-10T15:49:59+00:00 PHATRY BUY fill_at=2026-08-10T15:54:59+00:00 features={"close": 1.18, "bb_lower": 1.180485011844541, "bb_upper": 1.2061816548221258, "rsi": 39.7839555388523, "mfi": 29.430155254442198, "atr": 0.008571428571428579}
[BLOCKED] PHATRY reason=insufficient_cash order=32.01 cash=32.06
[SIGNAL] 2026-08-10T15:49:59+00:00 TREETRY BUY fill_at=2026-08-10T15:54:59+00:00 features={"close": 1.75, "bb_lower": 1.7531320864754267, "bb_upper": 1.779248865905526, "rsi": 18.73426351496778, "mfi": 0.0, "atr": 0.0021428571428571447}
[BLOCKED] TREETRY reason=insufficient_cash order=32.01 cash=32.06
[SIGNAL] 2026-08-10T15:49:59+00:00 TRXTRY BUY fill_at=2026-08-10T15:54:59+00:00 features={"close": 15.74, "bb_lower": 15.7438010290369, "bb_upper": 15.789722780486903, "rsi": 29.072777973719738, "mfi": 25.343232447171744, "atr": 0.00800000000000026}
[BLOCKED] TRXTRY reason=insufficient_cash order=32.01 cash=32.06
[SIGNAL] 2026-08-10T15:49:59+00:00 USDTTRY BUY fill_at=2026-08-10T15:54:59+00:00 features={"close": 47.57, "bb_lower": 47.576117270223655, "bb_upper": 47.67531130120492, "rsi": 20.920378432343526, "mfi": 4.2406085958620565, "atr": 0.016428571428569683}
[BLOCKED] USDTTRY reason=insufficient_cash order=32.01 cash=32.06
[SIGNAL] 2026-08-10T15:49:59+00:00 WLDTRY BUY fill_at=2026-08-10T15:54:59+00:00 features={"close": 16.18, "bb_lower": 16.1922490927099, "bb_upper": 16.598227097766298, "rsi": 41.652958357267174, "mfi": 51.744268790007325, "atr": 0.12499999999999975}
[BLOCKED] WLDTRY reason=insufficient_cash order=32.01 cash=32.06
[SIGNAL] 2026-08-10T15:49:59+00:00 ZROTRY BUY fill_at=2026-08-10T15:54:59+00:00 features={"close": 40.8, "bb_lower": 40.829101074565564, "bb_upper": 41.342327496863, "rsi": 35.41495335192114, "mfi": 24.139897942865474, "atr": 0.10000000000000091}
[BLOCKED] ZROTRY reason=insufficient_cash order=32.01 cash=32.06
[SCAN] 2026-08-10T15:54:59+00:00 symbols=121 signals=9 entries=0 exits=0 blocked=9 open=8 cash=32.06 equity=10029.55
[SIGNAL] 2026-08-10T15:54:59+00:00 BOMETRY BUY fill_at=2026-08-10T15:59:59+00:00 features={"close": 0.03822, "bb_lower": 0.038306112379345274, "bb_upper": 0.039026268573035684, "rsi": 42.43501720358123, "mfi": 37.566660969644936, "atr": 0.00035285714285714434}
[BLOCKED] BOMETRY reason=insufficient_cash order=32.01 cash=32.06
[SIGNAL] 2026-08-10T15:54:59+00:00 CTRY BUY fill_at=2026-08-10T15:59:59+00:00 features={"close": 3.166, "bb_lower": 3.1704651840885276, "bb_upper": 3.243820530197186, "rsi": 38.233586891631695, "mfi": 28.432962131608022, "atr": 0.020142857142857178}
[BLOCKED] CTRY reason=insufficient_cash order=32.01 cash=32.06
[SIGNAL] 2026-08-10T15:54:59+00:00 NEARTRY BUY fill_at=2026-08-10T15:59:59+00:00 features={"close": 77.2, "bb_lower": 77.25753383962862, "bb_upper": 79.1710375889428, "rsi": 21.30293558204663, "mfi": 31.466391082817935, "atr": 0.18571428571428633}
[BLOCKED] NEARTRY reason=insufficient_cash order=32.01 cash=32.06
[SIGNAL] 2026-08-10T15:54:59+00:00 SCRTRY BUY fill_at=2026-08-10T15:59:59+00:00 features={"close": 1.043, "bb_lower": 1.0433579086845486, "bb_upper": 1.0677849484583082, "rsi": 36.8309474396294, "mfi": 12.032670795768524, "atr": 0.0034285714285713998}
[BLOCKED] SCRTRY reason=insufficient_cash order=32.01 cash=32.06
[SIGNAL] 2026-08-10T15:54:59+00:00 TREETRY BUY fill_at=2026-08-10T15:59:59+00:00 features={"close": 1.75, "bb_lower": 1.7506073414326313, "bb_upper": 1.7798688490435592, "rsi": 18.73426351496778, "mfi": 0.0, "atr": 0.0021428571428571447}
[BLOCKED] TREETRY reason=insufficient_cash order=32.01 cash=32.06
[SIGNAL] 2026-08-10T15:54:59+00:00 TRXTRY BUY fill_at=2026-08-10T15:59:59+00:00 features={"close": 15.737, "bb_lower": 15.73903314549025, "bb_upper": 15.791062092604992, "rsi": 27.69101538763927, "mfi": 25.38720265353281, "atr": 0.008071428571428793}
[BLOCKED] TRXTRY reason=insufficient_cash order=32.01 cash=32.06
[SCAN] 2026-08-10T15:59:59+00:00 symbols=121 signals=6 entries=0 exits=0 blocked=6 open=8 cash=32.06 equity=10029.38
[SIGNAL] 2026-08-10T15:59:59+00:00 AEVOTRY BUY fill_at=2026-08-10T16:04:59+00:00 features={"close": 0.99, "bb_lower": 0.9937724508404142, "bb_upper": 1.018703739635776, "rsi": 30.628896287552905, "mfi": 7.381714871369553, "atr": 0.0050714285714285835}
[BLOCKED] AEVOTRY reason=insufficient_cash order=32.01 cash=32.06
[SIGNAL] 2026-08-10T15:59:59+00:00 BOMETRY BUY fill_at=2026-08-10T16:04:59+00:00 features={"close": 0.03811, "bb_lower": 0.03821428808733451, "bb_upper": 0.039074283341236936, "rsi": 40.56649401619822, "mfi": 33.57314416726469, "atr": 0.0003435714285714292}
[BLOCKED] BOMETRY reason=insufficient_cash order=32.01 cash=32.06
[SIGNAL] 2026-08-10T15:59:59+00:00 NEARTRY BUY fill_at=2026-08-10T16:04:59+00:00 features={"close": 77.0, "bb_lower": 77.07904934750813, "bb_upper": 79.17809350963473, "rsi": 19.02516951578636, "mfi": 29.809752179596998, "atr": 0.18571428571428633}
[BLOCKED] NEARTRY reason=insufficient_cash order=32.01 cash=32.06
[SCAN] 2026-08-10T16:04:59+00:00 symbols=121 signals=3 entries=0 exits=0 blocked=3 open=8 cash=32.06 equity=10041.36
[EXIT] 2026-08-10T16:09:59+00:00 ICPTRY reason=bb_mfi_v3_signal_exit pnl=+10.70 cash=1051.65
[SIGNAL] 2026-08-10T16:04:59+00:00 KITETRY BUY fill_at=2026-08-10T16:09:59+00:00 features={"close": 4.924, "bb_lower": 4.92415998292342, "bb_upper": 4.9919352551718195, "rsi": 41.98592031758335, "mfi": 28.094897447117447, "atr": 0.015357142857142783}
[ENTRY] 2026-08-10T16:09:59+00:00 KITETRY layer=1 value=1003.78 entry=4.95271175 cash=46.37
[SCAN] 2026-08-10T16:09:59+00:00 symbols=121 signals=1 entries=1 exits=1 blocked=0 open=8 cash=46.37 equity=10035.51
[SIGNAL] 2026-08-10T16:09:59+00:00 AEVOTRY BUY fill_at=2026-08-10T16:14:59+00:00 features={"close": 0.99, "bb_lower": 0.9907365557329517, "bb_upper": 1.0168824918860953, "rsi": 32.90274603481288, "mfi": 9.9947452400841, "atr": 0.005357142857142878}
[BLOCKED] AEVOTRY reason=insufficient_cash order=46.30 cash=46.37
[SIGNAL] 2026-08-10T16:09:59+00:00 PEOPLETRY BUY fill_at=2026-08-10T16:14:59+00:00 features={"close": 0.41, "bb_lower": 0.41085960664394583, "bb_upper": 0.41914039335605413, "rsi": 35.68031646742412, "mfi": 52.46157645268869, "atr": 0.0015000000000000013}
[BLOCKED] PEOPLETRY reason=insufficient_cash order=46.30 cash=46.37
[SCAN] 2026-08-10T16:14:59+00:00 symbols=121 signals=2 entries=0 exits=0 blocked=2 open=8 cash=46.37 equity=10041.40
[SIGNAL] 2026-08-10T16:14:59+00:00 AEVOTRY BUY fill_at=2026-08-10T16:19:59+00:00 features={"close": 0.985, "bb_lower": 0.9882905742157386, "bb_upper": 1.0162808543556894, "rsi": 29.30160626112709, "mfi": 11.923618324863938, "atr": 0.005357142857142886}
[BLOCKED] AEVOTRY reason=insufficient_cash order=46.30 cash=46.37
[SCAN] 2026-08-10T16:19:59+00:00 symbols=121 signals=1 entries=0 exits=0 blocked=1 open=8 cash=46.37 equity=10037.67
[SIGNAL] 2026-08-10T16:19:59+00:00 AMPTRY BUY fill_at=2026-08-10T16:24:59+00:00 features={"close": 0.0182, "bb_lower": 0.01823599174134963, "bb_upper": 0.01858305587769798, "rsi": 24.621861584168286, "mfi": 15.902450975445106, "atr": 5.7142857142856796e-05}
[BLOCKED] AMPTRY reason=insufficient_cash order=46.30 cash=46.37
[SIGNAL] 2026-08-10T16:19:59+00:00 SUNTRY BUY fill_at=2026-08-10T16:24:59+00:00 features={"close": 0.8649, "bb_lower": 0.8657949875120476, "bb_upper": 0.8672431077260476, "rsi": 14.483629716126131, "mfi": 0.0, "atr": 0.00012142857142857391}
[BLOCKED] SUNTRY reason=insufficient_cash order=46.30 cash=46.37
[SIGNAL] 2026-08-10T16:19:59+00:00 TWTTRY BUY fill_at=2026-08-10T16:24:59+00:00 features={"close": 18.37, "bb_lower": 18.425140873051756, "bb_upper": 18.534859126948245, "rsi": 20.30967074739317, "mfi": 41.37890000809539, "atr": 0.013571428571428155}
[BLOCKED] TWTTRY reason=insufficient_cash order=46.30 cash=46.37
[SCAN] 2026-08-10T16:24:59+00:00 symbols=121 signals=3 entries=0 exits=0 blocked=3 open=8 cash=46.37 equity=10045.98
[SIGNAL] 2026-08-10T16:24:59+00:00 BABYTRY BUY fill_at=2026-08-10T16:29:59+00:00 features={"close": 0.626, "bb_lower": 0.6264017758593576, "bb_upper": 0.6398839384263568, "rsi": 34.391174377858036, "mfi": 44.6934729770854, "atr": 0.0017142857142857157}
[BLOCKED] BABYTRY reason=insufficient_cash order=46.30 cash=46.37
[SIGNAL] 2026-08-10T16:24:59+00:00 FOGOTRY BUY fill_at=2026-08-10T16:29:59+00:00 features={"close": 0.431, "bb_lower": 0.43181480209606116, "bb_upper": 0.4494232931420339, "rsi": 31.572377056839628, "mfi": 44.54199029457236, "atr": 0.0022142857142857164}
[BLOCKED] FOGOTRY reason=insufficient_cash order=46.30 cash=46.37
[SIGNAL] 2026-08-10T16:24:59+00:00 STOTRY BUY fill_at=2026-08-10T16:29:59+00:00 features={"close": 1.937, "bb_lower": 1.940648155287131, "bb_upper": 1.9886851780462025, "rsi": 28.05017835010878, "mfi": 26.756203727030297, "atr": 0.007642857142857141}
[BLOCKED] STOTRY reason=insufficient_cash order=46.30 cash=46.37
[SIGNAL] 2026-08-10T16:24:59+00:00 SUNTRY BUY fill_at=2026-08-10T16:29:59+00:00 features={"close": 0.8649, "bb_lower": 0.8654400472566621, "bb_upper": 0.8674361432195283, "rsi": 14.483629716126131, "mfi": 0.0, "atr": 0.00012142857142857391}
[BLOCKED] SUNTRY reason=insufficient_cash order=46.30 cash=46.37
[SIGNAL] 2026-08-10T16:24:59+00:00 TWTTRY BUY fill_at=2026-08-10T16:29:59+00:00 features={"close": 18.37, "bb_lower": 18.403095630992745, "bb_upper": 18.54738055948345, "rsi": 20.30967074739317, "mfi": 41.37890000809539, "atr": 0.012142857142856503}
[BLOCKED] TWTTRY reason=insufficient_cash order=46.30 cash=46.37
[SIGNAL] 2026-08-10T16:24:59+00:00 WTRY BUY fill_at=2026-08-10T16:29:59+00:00 features={"close": 0.4019, "bb_lower": 0.4021781361793764, "bb_upper": 0.40758376858252826, "rsi": 32.94647044651859, "mfi": 11.454216219416935, "atr": 0.0007928571428571428}
[BLOCKED] WTRY reason=insufficient_cash order=46.30 cash=46.37
[SCAN] 2026-08-10T16:29:59+00:00 symbols=121 signals=6 entries=0 exits=0 blocked=6 open=8 cash=46.37 equity=10046.44
[EXIT] 2026-08-10T16:34:59+00:00 KITETRY reason=bb_mfi_v3_signal_exit pnl=+13.69 cash=1065.34
[SIGNAL] 2026-08-10T16:29:59+00:00 FOGOTRY BUY fill_at=2026-08-10T16:34:59+00:00 features={"close": 0.427, "bb_lower": 0.429395722495898, "bb_upper": 0.4504138013136256, "rsi": 26.650721122995364, "mfi": 33.94771048307274, "atr": 0.0024285714285714305}
[ENTRY] 2026-08-10T16:34:59+00:00 FOGOTRY layer=1 value=1003.43 entry=0.42732025 cash=60.40
[SIGNAL] 2026-08-10T16:29:59+00:00 PEOPLETRY BUY fill_at=2026-08-10T16:34:59+00:00 features={"close": 0.408, "bb_lower": 0.4088097549753966, "bb_upper": 0.41861881645317467, "rsi": 35.25502278704171, "mfi": 44.40503357484607, "atr": 0.0017857142857142874}
[BLOCKED] PEOPLETRY reason=insufficient_cash order=60.31 cash=60.40
[SIGNAL] 2026-08-10T16:29:59+00:00 STOTRY BUY fill_at=2026-08-10T16:34:59+00:00 features={"close": 1.931, "bb_lower": 1.9361285227840903, "bb_upper": 1.9878714772159096, "rsi": 25.40638162656566, "mfi": 26.12659412872486, "atr": 0.0072857142857142764}
[BLOCKED] STOTRY reason=insufficient_cash order=60.31 cash=60.40
[SIGNAL] 2026-08-10T16:29:59+00:00 SUNTRY BUY fill_at=2026-08-10T16:34:59+00:00 features={"close": 0.8649, "bb_lower": 0.8651673906963623, "bb_upper": 0.8675468950179231, "rsi": 14.483629716126131, "mfi": 0.0, "atr": 0.00012142857142857391}
[BLOCKED] SUNTRY reason=insufficient_cash order=60.31 cash=60.40
[SIGNAL] 2026-08-10T16:29:59+00:00 TWTTRY BUY fill_at=2026-08-10T16:34:59+00:00 features={"close": 18.22, "bb_lower": 18.333246466177822, "bb_upper": 18.594372581441238, "rsi": 10.21034458924342, "mfi": 4.037327686296706, "atr": 0.022142857142856798}
[BLOCKED] TWTTRY reason=insufficient_cash order=60.31 cash=60.40
[SCAN] 2026-08-10T16:34:59+00:00 symbols=121 signals=5 entries=1 exits=1 blocked=4 open=8 cash=60.40 equity=10036.75
[SIGNAL] 2026-08-10T16:34:59+00:00 EDENTRY BUY fill_at=2026-08-10T16:39:59+00:00 features={"close": 2.128, "bb_lower": 2.132465418194254, "bb_upper": 2.1676298199009842, "rsi": 33.74564473750914, "mfi": 23.87481180805493, "atr": 0.014928571428571498}
[BLOCKED] EDENTRY reason=insufficient_cash order=60.31 cash=60.40
[SIGNAL] 2026-08-10T16:34:59+00:00 STOTRY BUY fill_at=2026-08-10T16:39:59+00:00 features={"close": 1.93, "bb_lower": 1.9317860509262648, "bb_upper": 1.9873568062165918, "rsi": 24.98125573642524, "mfi": 27.086458479944824, "atr": 0.00735714285714284}
[BLOCKED] STOTRY reason=insufficient_cash order=60.31 cash=60.40
[SIGNAL] 2026-08-10T16:34:59+00:00 SUNTRY BUY fill_at=2026-08-10T16:39:59+00:00 features={"close": 0.864, "bb_lower": 0.86468373020954, "bb_upper": 0.8677829364571266, "rsi": 9.39879098897839, "mfi": 0.0, "atr": 0.0001928571428571454}
[BLOCKED] SUNTRY reason=insufficient_cash order=60.31 cash=60.40
[SIGNAL] 2026-08-10T16:34:59+00:00 TWTTRY BUY fill_at=2026-08-10T16:39:59+00:00 features={"close": 18.27, "bb_lower": 18.29965104361975, "bb_upper": 18.60606324209453, "rsi": 23.879241651794217, "mfi": 7.155550624029118, "atr": 0.02571428571428542}
[BLOCKED] TWTTRY reason=insufficient_cash order=60.31 cash=60.40
[SCAN] 2026-08-10T16:39:59+00:00 symbols=121 signals=4 entries=0 exits=0 blocked=4 open=8 cash=60.40 equity=10047.26
[SIGNAL] 2026-08-10T16:39:59+00:00 EDENTRY BUY fill_at=2026-08-10T16:44:59+00:00 features={"close": 2.109, "bb_lower": 2.1237279145753702, "bb_upper": 2.173129228281773, "rsi": 27.33474548312914, "mfi": 21.52321459024293, "atr": 0.01678571428571434}
[BLOCKED] EDENTRY reason=insufficient_cash order=60.31 cash=60.40
[SIGNAL] 2026-08-10T16:39:59+00:00 STOTRY BUY fill_at=2026-08-10T16:44:59+00:00 features={"close": 1.926, "bb_lower": 1.9275374346634713, "bb_upper": 1.9862720891460526, "rsi": 23.29233284509644, "mfi": 13.932902354250174, "atr": 0.008214285714285698}
[BLOCKED] STOTRY reason=insufficient_cash order=60.31 cash=60.40
[SIGNAL] 2026-08-10T16:39:59+00:00 SUNTRY BUY fill_at=2026-08-10T16:44:59+00:00 features={"close": 0.864, "bb_lower": 0.864302758995562, "bb_upper": 0.8679162886234858, "rsi": 9.39879098897839, "mfi": 0.0, "atr": 0.0001928571428571454}
[BLOCKED] SUNTRY reason=insufficient_cash order=60.31 cash=60.40
[SIGNAL] 2026-08-10T16:39:59+00:00 TWTTRY BUY fill_at=2026-08-10T16:44:59+00:00 features={"close": 18.27, "bb_lower": 18.271793420481778, "bb_upper": 18.61201610332774, "rsi": 23.879241651794217, "mfi": 6.672556483554786, "atr": 0.026428571428571246}
[BLOCKED] TWTTRY reason=insufficient_cash order=60.31 cash=60.40
[SCAN] 2026-08-10T16:44:59+00:00 symbols=121 signals=4 entries=0 exits=0 blocked=4 open=8 cash=60.40 equity=10049.22
[SIGNAL] 2026-08-10T16:44:59+00:00 EDENTRY BUY fill_at=2026-08-10T16:49:59+00:00 features={"close": 2.096, "bb_lower": 2.1128402863038094, "bb_upper": 2.1794454279819053, "rsi": 23.960688773485316, "mfi": 19.349506499634458, "atr": 0.01342857142857144}
[BLOCKED] EDENTRY reason=insufficient_cash order=60.31 cash=60.40
[SIGNAL] 2026-08-10T16:44:59+00:00 STOTRY BUY fill_at=2026-08-10T16:49:59+00:00 features={"close": 1.92, "bb_lower": 1.9224161328553797, "bb_upper": 1.9858695814303347, "rsi": 20.98668600279977, "mfi": 10.37776398745909, "atr": 0.008285714285714276}
[BLOCKED] STOTRY reason=insufficient_cash order=60.31 cash=60.40
[SIGNAL] 2026-08-10T16:44:59+00:00 SXTTRY BUY fill_at=2026-08-10T16:49:59+00:00 features={"close": 0.3654, "bb_lower": 0.3658198832950706, "bb_upper": 0.3748277357525485, "rsi": 29.386311266684885, "mfi": 32.27670892813762, "atr": 0.0012785714285714186}
[BLOCKED] SXTTRY reason=insufficient_cash order=60.31 cash=60.40
[SCAN] 2026-08-10T16:49:59+00:00 symbols=121 signals=3 entries=0 exits=0 blocked=3 open=8 cash=60.40 equity=10050.15
[SIGNAL] 2026-08-10T16:49:59+00:00 CETUSTRY BUY fill_at=2026-08-10T16:54:59+00:00 features={"close": 0.888, "bb_lower": 0.8882187675221459, "bb_upper": 0.8934002800969022, "rsi": 38.508237796643414, "mfi": 48.0601434616788, "atr": 0.0019285714285714303}
[BLOCKED] CETUSTRY reason=insufficient_cash order=60.31 cash=60.40
[SIGNAL] 2026-08-10T16:49:59+00:00 CTRY BUY fill_at=2026-08-10T16:54:59+00:00 features={"close": 3.112, "bb_lower": 3.1462757839633215, "bb_upper": 3.253152787465249, "rsi": 28.981856501047815, "mfi": 40.85861266980015, "atr": 0.026642857142857128}
[BLOCKED] CTRY reason=insufficient_cash order=60.31 cash=60.40
[SIGNAL] 2026-08-10T16:49:59+00:00 EDENTRY BUY fill_at=2026-08-10T16:54:59+00:00 features={"close": 2.073, "bb_lower": 2.0969456646589695, "bb_upper": 2.187435287721983, "rsi": 19.376527548542086, "mfi": 18.360106691707117, "atr": 0.014785714285714275}
[BLOCKED] EDENTRY reason=insufficient_cash order=60.31 cash=60.40
[SIGNAL] 2026-08-10T16:49:59+00:00 EIGENTRY BUY fill_at=2026-08-10T16:54:59+00:00 features={"close": 8.595, "bb_lower": 8.596963420845306, "bb_upper": 8.705608007726124, "rsi": 36.16026515080309, "mfi": 38.911193818201106, "atr": 0.029714285714285867}
[BLOCKED] EIGENTRY reason=insufficient_cash order=60.31 cash=60.40
[SIGNAL] 2026-08-10T16:49:59+00:00 ENATRY BUY fill_at=2026-08-10T16:54:59+00:00 features={"close": 4.178, "bb_lower": 4.178256585713028, "bb_upper": 4.2199338904774475, "rsi": 35.54127447079337, "mfi": 31.91421661878202, "atr": 0.012500000000000051}
[BLOCKED] ENATRY reason=insufficient_cash order=60.31 cash=60.40
[SIGNAL] 2026-08-10T16:49:59+00:00 LISTATRY BUY fill_at=2026-08-10T16:54:59+00:00 features={"close": 3.14, "bb_lower": 3.1539685945924805, "bb_upper": 3.2279361673122806, "rsi": 37.68917653948714, "mfi": 42.24746750506988, "atr": 0.02142857142857148}
[BLOCKED] LISTATRY reason=insufficient_cash order=60.31 cash=60.40
[SIGNAL] 2026-08-10T16:49:59+00:00 NEARTRY BUY fill_at=2026-08-10T16:54:59+00:00 features={"close": 76.4, "bb_lower": 76.41587435423956, "bb_upper": 78.29841136004616, "rsi": 26.447867369205923, "mfi": 19.622165349634443, "atr": 0.22857142857142573}
[BLOCKED] NEARTRY reason=insufficient_cash order=60.31 cash=60.40
[SIGNAL] 2026-08-10T16:49:59+00:00 RENDERTRY BUY fill_at=2026-08-10T16:54:59+00:00 features={"close": 61.2, "bb_lower": 61.219842652512355, "bb_upper": 61.675395442725744, "rsi": 33.090485206982876, "mfi": 3.6207858905640506, "atr": 0.07857142857142918}
[BLOCKED] RENDERTRY reason=insufficient_cash order=60.31 cash=60.40
[SIGNAL] 2026-08-10T16:49:59+00:00 SPKTRY BUY fill_at=2026-08-10T16:54:59+00:00 features={"close": 0.6942, "bb_lower": 0.6952662977006276, "bb_upper": 0.701105130870801, "rsi": 30.0192578203917, "mfi": 41.975784332537025, "atr": 0.0010928571428571415}
[BLOCKED] SPKTRY reason=insufficient_cash order=60.31 cash=60.40
[SIGNAL] 2026-08-10T16:49:59+00:00 STOTRY BUY fill_at=2026-08-10T16:54:59+00:00 features={"close": 1.911, "bb_lower": 1.9161387208502716, "bb_upper": 1.9857660410544908, "rsi": 18.07865356110763, "mfi": 9.794146595537882, "atr": 0.008571428571428563}
[BLOCKED] STOTRY reason=insufficient_cash order=60.31 cash=60.40
[SIGNAL] 2026-08-10T16:49:59+00:00 SXTTRY BUY fill_at=2026-08-10T16:54:59+00:00 features={"close": 0.3654, "bb_lower": 0.36547862916867013, "bb_upper": 0.37421660892656805, "rsi": 29.386311266684885, "mfi": 29.109033509902645, "atr": 0.0012142857142857036}
[BLOCKED] SXTTRY reason=insufficient_cash order=60.31 cash=60.40
[SCAN] 2026-08-10T16:54:59+00:00 symbols=121 signals=11 entries=0 exits=0 blocked=11 open=8 cash=60.40 equity=10049.49
[SIGNAL] 2026-08-10T16:54:59+00:00 CELOTRY BUY fill_at=2026-08-10T16:59:59+00:00 features={"close": 3.047, "bb_lower": 3.0479036005509283, "bb_upper": 3.063524970877643, "rsi": 22.163538064330453, "mfi": 0.03335813740937965, "atr": 0.0011428571428571438}
[BLOCKED] CELOTRY reason=insufficient_cash order=60.31 cash=60.40
[SIGNAL] 2026-08-10T16:54:59+00:00 CTRY BUY fill_at=2026-08-10T16:59:59+00:00 features={"close": 3.094, "bb_lower": 3.124602089478508, "bb_upper": 3.263683624807206, "rsi": 26.533800362215246, "mfi": 35.64153376034457, "atr": 0.027142857142857135}
[BLOCKED] CTRY reason=insufficient_cash order=60.31 cash=60.40
[SIGNAL] 2026-08-10T16:54:59+00:00 EDENTRY BUY fill_at=2026-08-10T16:59:59+00:00 features={"close": 2.069, "bb_lower": 2.0836361464626676, "bb_upper": 2.192363853537333, "rsi": 18.702384848281184, "mfi": 7.322585379253212, "atr": 0.01521428571428572}
[BLOCKED] EDENTRY reason=insufficient_cash order=60.31 cash=60.40
[SIGNAL] 2026-08-10T16:54:59+00:00 ENATRY BUY fill_at=2026-08-10T16:59:59+00:00 features={"close": 4.175, "bb_lower": 4.175039106350439, "bb_upper": 4.2195323222209895, "rsi": 34.533724038303106, "mfi": 31.764775393408854, "atr": 0.012357142857142924}
[BLOCKED] ENATRY reason=insufficient_cash order=60.31 cash=60.40
[SIGNAL] 2026-08-10T16:54:59+00:00 GUNTRY BUY fill_at=2026-08-10T16:59:59+00:00 features={"close": 0.164, "bb_lower": 0.16479483551204457, "bb_upper": 0.17330040258319354, "rsi": 37.9344651925199, "mfi": 50.296029523145975, "atr": 0.0026428571428571274}
[BLOCKED] GUNTRY reason=insufficient_cash order=60.31 cash=60.40
[SIGNAL] 2026-08-10T16:54:59+00:00 LISTATRY BUY fill_at=2026-08-10T16:59:59+00:00 features={"close": 3.14, "bb_lower": 3.145800955428381, "bb_upper": 3.2294371398097144, "rsi": 37.689176539487136, "mfi": 40.875177166863764, "atr": 0.020714285714285748}
[BLOCKED] LISTATRY reason=insufficient_cash order=60.31 cash=60.40
[SIGNAL] 2026-08-10T16:54:59+00:00 RENDERTRY BUY fill_at=2026-08-10T16:59:59+00:00 features={"close": 61.1, "bb_lower": 61.158524821357, "bb_upper": 61.69861803578586, "rsi": 29.574341982693795, "mfi": 3.6196807287579986, "atr": 0.07857142857142918}
[BLOCKED] RENDERTRY reason=insufficient_cash order=60.31 cash=60.40
[SIGNAL] 2026-08-10T16:54:59+00:00 SPKTRY BUY fill_at=2026-08-10T16:59:59+00:00 features={"close": 0.6939, "bb_lower": 0.6946765479966999, "bb_upper": 0.701018690098538, "rsi": 29.19892864759379, "mfi": 39.409035625008634, "atr": 0.0010928571428571415}
[BLOCKED] SPKTRY reason=insufficient_cash order=60.31 cash=60.40
[SIGNAL] 2026-08-10T16:54:59+00:00 STOTRY BUY fill_at=2026-08-10T16:59:59+00:00 features={"close": 1.908, "bb_lower": 1.9100088959239183, "bb_upper": 1.985705389790368, "rsi": 17.217149206360773, "mfi": 10.152747809767078, "atr": 0.008785714285714286}
[BLOCKED] STOTRY reason=insufficient_cash order=60.31 cash=60.40
[SIGNAL] 2026-08-10T16:54:59+00:00 SXTTRY BUY fill_at=2026-08-10T16:59:59+00:00 features={"close": 0.3647, "bb_lower": 0.3650610409631931, "bb_upper": 0.37367229237014027, "rsi": 27.80866879499547, "mfi": 28.280270230780246, "atr": 0.0010785714285714207}
[BLOCKED] SXTTRY reason=insufficient_cash order=60.31 cash=60.40
[SIGNAL] 2026-08-10T16:54:59+00:00 WTRY BUY fill_at=2026-08-10T16:59:59+00:00 features={"close": 0.4017, "bb_lower": 0.4020815275741337, "bb_upper": 0.4060232343306283, "rsi": 37.05315408957374, "mfi": 8.444422533248229, "atr": 0.0010285714285714184}
[BLOCKED] WTRY reason=insufficient_cash order=60.31 cash=60.40
[SCAN] 2026-08-10T16:59:59+00:00 symbols=121 signals=11 entries=0 exits=0 blocked=11 open=8 cash=60.40 equity=10046.70
[SIGNAL] 2026-08-10T16:59:59+00:00 ATMTRY BUY fill_at=2026-08-10T17:04:59+00:00 features={"close": 71.13, "bb_lower": 71.3802389297993, "bb_upper": 72.53499916543876, "rsi": 17.290375927246387, "mfi": 8.13870203231393, "atr": 0.10357142857142877}
[BLOCKED] ATMTRY reason=insufficient_cash order=60.31 cash=60.40
[SIGNAL] 2026-08-10T16:59:59+00:00 CELOTRY BUY fill_at=2026-08-10T17:04:59+00:00 features={"close": 3.027, "bb_lower": 3.0398088972566666, "bb_upper": 3.068762531314761, "rsi": 13.135468012748078, "mfi": 0.03335080377576105, "atr": 0.002571428571428574}
[BLOCKED] CELOTRY reason=insufficient_cash order=60.31 cash=60.40
[SIGNAL] 2026-08-10T16:59:59+00:00 CETUSTRY BUY fill_at=2026-08-10T17:04:59+00:00 features={"close": 0.885, "bb_lower": 0.8868635837499775, "bb_upper": 0.8938983210119277, "rsi": 31.779441303773723, "mfi": 34.49736603139776, "atr": 0.0019285714285714303}
[BLOCKED] CETUSTRY reason=insufficient_cash order=60.31 cash=60.40
[SIGNAL] 2026-08-10T16:59:59+00:00 CTRY BUY fill_at=2026-08-10T17:04:59+00:00 features={"close": 3.104, "bb_lower": 3.110395355567454, "bb_upper": 3.2665570253849268, "rsi": 30.087958570542014, "mfi": 37.975260339658085, "atr": 0.02614285714285715}
[BLOCKED] CTRY reason=insufficient_cash order=60.31 cash=60.40
[SIGNAL] 2026-08-10T16:59:59+00:00 EDENTRY BUY fill_at=2026-08-10T17:04:59+00:00 features={"close": 2.072, "bb_lower": 2.0734569814368573, "bb_upper": 2.1948287328488574, "rsi": 20.93734933301573, "mfi": 6.427791279316708, "atr": 0.016428571428571428}
[BLOCKED] EDENTRY reason=insufficient_cash order=60.31 cash=60.40
[SIGNAL] 2026-08-10T16:59:59+00:00 FLOKITRY BUY fill_at=2026-08-10T17:04:59+00:00 features={"close": 0.001006, "bb_lower": 0.0010061647253164672, "bb_upper": 0.0010128828937311523, "rsi": 34.33421433250268, "mfi": 45.18637175331427, "atr": 1.8571428571428713e-06}
[BLOCKED] FLOKITRY reason=insufficient_cash order=60.31 cash=60.40
[SIGNAL] 2026-08-10T16:59:59+00:00 GUNTRY BUY fill_at=2026-08-10T17:04:59+00:00 features={"close": 0.162, "bb_lower": 0.16356466146680296, "bb_upper": 0.17395914805700655, "rsi": 33.88088834472032, "mfi": 41.2465713254505, "atr": 0.002714285714285699}
[BLOCKED] GUNTRY reason=insufficient_cash order=60.31 cash=60.40
[SIGNAL] 2026-08-10T16:59:59+00:00 LISTATRY BUY fill_at=2026-08-10T17:04:59+00:00 features={"close": 3.13, "bb_lower": 3.137678018236501, "bb_upper": 3.23375055319207, "rsi": 35.67502845162464, "mfi": 39.23979596805112, "atr": 0.020714285714285748}
[BLOCKED] LISTATRY reason=insufficient_cash order=60.31 cash=60.40
[SIGNAL] 2026-08-10T16:59:59+00:00 RENDERTRY BUY fill_at=2026-08-10T17:04:59+00:00 features={"close": 61.1, "bb_lower": 61.119085414323344, "bb_upper": 61.71900982377186, "rsi": 29.574341982693795, "mfi": 3.6196807287579986, "atr": 0.07857142857142918}
[BLOCKED] RENDERTRY reason=insufficient_cash order=60.31 cash=60.40
[SIGNAL] 2026-08-10T16:59:59+00:00 SPKTRY BUY fill_at=2026-08-10T17:04:59+00:00 features={"close": 0.6939, "bb_lower": 0.6940578836041639, "bb_upper": 0.7011897354434548, "rsi": 29.19892864759379, "mfi": 45.66320448507021, "atr": 0.0010928571428571415}
[BLOCKED] SPKTRY reason=insufficient_cash order=60.31 cash=60.40
[SIGNAL] 2026-08-10T16:59:59+00:00 WTRY BUY fill_at=2026-08-10T17:04:59+00:00 features={"close": 0.4016, "bb_lower": 0.40171184504831664, "bb_upper": 0.4061738692373978, "rsi": 36.70853230873367, "mfi": 8.553518729179913, "atr": 0.0010357142857142748}
[BLOCKED] WTRY reason=insufficient_cash order=60.31 cash=60.40
[SCAN] 2026-08-10T17:04:59+00:00 symbols=121 signals=11 entries=0 exits=0 blocked=11 open=8 cash=60.40 equity=10042.52
[SIGNAL] 2026-08-10T17:04:59+00:00 ATMTRY BUY fill_at=2026-08-10T17:09:59+00:00 features={"close": 71.23, "bb_lower": 71.28513343069254, "bb_upper": 72.51581895025983, "rsi": 23.53483384104345, "mfi": 12.506550330072557, "atr": 0.11000000000000044}
[BLOCKED] ATMTRY reason=insufficient_cash order=60.31 cash=60.40
[SIGNAL] 2026-08-10T17:04:59+00:00 CELOTRY BUY fill_at=2026-08-10T17:09:59+00:00 features={"close": 3.027, "bb_lower": 3.0343686835040296, "bb_upper": 3.0713456022102545, "rsi": 13.135468012748078, "mfi": 0.03335080377576105, "atr": 0.002571428571428574}
[BLOCKED] CELOTRY reason=insufficient_cash order=60.31 cash=60.40
[SIGNAL] 2026-08-10T17:04:59+00:00 CETUSTRY BUY fill_at=2026-08-10T17:09:59+00:00 features={"close": 0.881, "bb_lower": 0.8846095324518266, "bb_upper": 0.8951047532624596, "rsi": 25.374889401846303, "mfi": 22.13210294992912, "atr": 0.0022142857142857164}
[BLOCKED] CETUSTRY reason=insufficient_cash order=60.31 cash=60.40
[SIGNAL] 2026-08-10T17:04:59+00:00 GUNTRY BUY fill_at=2026-08-10T17:09:59+00:00 features={"close": 0.162, "bb_lower": 0.1624901115169067, "bb_upper": 0.17436703134023615, "rsi": 33.88088834472032, "mfi": 34.18046736310062, "atr": 0.002571428571428558}
[BLOCKED] GUNTRY reason=insufficient_cash order=60.31 cash=60.40
[SIGNAL] 2026-08-10T17:04:59+00:00 LISTATRY BUY fill_at=2026-08-10T17:09:59+00:00 features={"close": 3.09, "bb_lower": 3.118398506256098, "bb_upper": 3.244458636601045, "rsi": 28.966931390599015, "mfi": 28.396407882203192, "atr": 0.02214285714285718}
[BLOCKED] LISTATRY reason=insufficient_cash order=60.31 cash=60.40
[SIGNAL] 2026-08-10T17:04:59+00:00 NEARTRY BUY fill_at=2026-08-10T17:09:59+00:00 features={"close": 76.0, "bb_lower": 76.07594045180244, "bb_upper": 78.1621547862928, "rsi": 25.42225522331566, "mfi": 20.9078349261176, "atr": 0.2642857142857104}
[BLOCKED] NEARTRY reason=insufficient_cash order=60.31 cash=60.40
[SIGNAL] 2026-08-10T17:04:59+00:00 SUITRY BUY fill_at=2026-08-10T17:09:59+00:00 features={"close": 32.62, "bb_lower": 32.64966526611279, "bb_upper": 32.958906162458646, "rsi": 32.90017654623085, "mfi": 41.89388954732871, "atr": 0.08428571428571477}
[BLOCKED] SUITRY reason=insufficient_cash order=60.31 cash=60.40
[SCAN] 2026-08-10T17:09:59+00:00 symbols=121 signals=7 entries=0 exits=0 blocked=7 open=8 cash=60.40 equity=10060.69
[SIGNAL] 2026-08-10T17:09:59+00:00 CETUSTRY BUY fill_at=2026-08-10T17:14:59+00:00 features={"close": 0.883, "bb_lower": 0.8835200314238192, "bb_upper": 0.8955275876237998, "rsi": 32.71942433667199, "mfi": 28.353830149530467, "atr": 0.0024285714285714305}
[BLOCKED] CETUSTRY reason=insufficient_cash order=60.31 cash=60.40
[SIGNAL] 2026-08-10T17:09:59+00:00 FLOKITRY BUY fill_at=2026-08-10T17:14:59+00:00 features={"close": 0.000999, "bb_lower": 0.0010031238411644602, "bb_upper": 0.0010145904445498257, "rsi": 22.919098801548472, "mfi": 35.434924250954595, "atr": 2.5000000000000222e-06}
[BLOCKED] FLOKITRY reason=insufficient_cash order=60.31 cash=60.40
[SIGNAL] 2026-08-10T17:09:59+00:00 LISTATRY BUY fill_at=2026-08-10T17:14:59+00:00 features={"close": 3.1, "bb_lower": 3.1062172866129014, "bb_upper": 3.249973189577574, "rsi": 32.4090488231019, "mfi": 25.36087097226732, "atr": 0.02214285714285718}
[BLOCKED] LISTATRY reason=insufficient_cash order=60.31 cash=60.40
[SIGNAL] 2026-08-10T17:09:59+00:00 NILTRY BUY fill_at=2026-08-10T17:14:59+00:00 features={"close": 1.895, "bb_lower": 1.90532850783857, "bb_upper": 1.9762905397804775, "rsi": 28.4994451929074, "mfi": 34.808823482860845, "atr": 0.024500000000000015}
[BLOCKED] NILTRY reason=insufficient_cash order=60.31 cash=60.40
[SCAN] 2026-08-10T17:14:59+00:00 symbols=121 signals=4 entries=0 exits=0 blocked=4 open=8 cash=60.40 equity=10077.40
[SIGNAL] 2026-08-10T17:14:59+00:00 FLOKITRY BUY fill_at=2026-08-10T17:19:59+00:00 features={"close": 0.001001, "bb_lower": 0.0010018395232799298, "bb_upper": 0.0010151128576724512, "rsi": 30.11118578507775, "mfi": 37.72576988257767, "atr": 2.5714285714285873e-06}
[BLOCKED] FLOKITRY reason=insufficient_cash order=60.31 cash=60.40
[SIGNAL] 2026-08-10T17:14:59+00:00 HOMETRY BUY fill_at=2026-08-10T17:19:59+00:00 features={"close": 0.522, "bb_lower": 0.5228869749469489, "bb_upper": 0.5839701679101938, "rsi": 42.47140007272991, "mfi": 34.448416207693, "atr": 0.02271428571428567}
[BLOCKED] HOMETRY reason=insufficient_cash order=60.31 cash=60.40
[SIGNAL] 2026-08-10T17:14:59+00:00 NILTRY BUY fill_at=2026-08-10T17:19:59+00:00 features={"close": 1.883, "bb_lower": 1.895979042976771, "bb_upper": 1.977259052261324, "rsi": 26.514490344074915, "mfi": 30.287506770428806, "atr": 0.0247857142857143}
[BLOCKED] NILTRY reason=insufficient_cash order=60.31 cash=60.40
[SIGNAL] 2026-08-10T17:14:59+00:00 RETRY BUY fill_at=2026-08-10T17:19:59+00:00 features={"close": 20.88, "bb_lower": 20.980137140892417, "bb_upper": 21.563672382917105, "rsi": 41.06037481134782, "mfi": 39.63096928703078, "atr": 0.21428571428571427}
[BLOCKED] RETRY reason=insufficient_cash order=60.31 cash=60.40
[SCAN] 2026-08-10T17:19:59+00:00 symbols=121 signals=4 entries=0 exits=0 blocked=4 open=8 cash=60.40 equity=10064.52
[SIGNAL] 2026-08-10T17:19:59+00:00 FLOKITRY BUY fill_at=2026-08-10T17:24:59+00:00 features={"close": 0.001, "bb_lower": 0.0010004912749164087, "bb_upper": 0.0010155087250835913, "rsi": 28.662563099318874, "mfi": 37.49912774864742, "atr": 2.3571428571428603e-06}
[BLOCKED] FLOKITRY reason=insufficient_cash order=60.31 cash=60.40
[SIGNAL] 2026-08-10T17:19:59+00:00 LATRY BUY fill_at=2026-08-10T17:24:59+00:00 features={"close": 2.6, "bb_lower": 2.6010891367042372, "bb_upper": 2.6274822918671914, "rsi": 30.719178439946475, "mfi": 22.86716665091312, "atr": 0.0028571428571428597}
[BLOCKED] LATRY reason=insufficient_cash order=60.31 cash=60.40
[SIGNAL] 2026-08-10T17:19:59+00:00 RADTRY BUY fill_at=2026-08-10T17:24:59+00:00 features={"close": 9.96, "bb_lower": 9.981058529695241, "bb_upper": 10.015131946495236, "rsi": 11.9615937014226, "mfi": 0.0, "atr": 0.0028571428571427964}
[BLOCKED] RADTRY reason=insufficient_cash order=60.31 cash=60.40
[SCAN] 2026-08-10T17:24:59+00:00 symbols=121 signals=3 entries=0 exits=0 blocked=3 open=8 cash=60.40 equity=10050.65
[SIGNAL] 2026-08-10T17:24:59+00:00 ATMTRY BUY fill_at=2026-08-10T17:29:59+00:00 features={"close": 71.0, "bb_lower": 71.00313586566601, "bb_upper": 72.44448318195303, "rsi": 25.237242058406736, "mfi": 14.54416068735415, "atr": 0.12000000000000048}
[BLOCKED] ATMTRY reason=insufficient_cash order=60.31 cash=60.40
[SIGNAL] 2026-08-10T17:24:59+00:00 DODOTRY BUY fill_at=2026-08-10T17:29:59+00:00 features={"close": 1.021, "bb_lower": 1.0214246329014356, "bb_upper": 1.0478896528128503, "rsi": 39.58326132282053, "mfi": 30.195699368434504, "atr": 0.007949999999999966}
[BLOCKED] DODOTRY reason=insufficient_cash order=60.31 cash=60.40
[SIGNAL] 2026-08-10T17:24:59+00:00 LATRY BUY fill_at=2026-08-10T17:29:59+00:00 features={"close": 2.59, "bb_lower": 2.597382842144739, "bb_upper": 2.6273790626171656, "rsi": 24.652402039784818, "mfi": 41.609787737054326, "atr": 0.0035714285714285904}
[BLOCKED] LATRY reason=insufficient_cash order=60.31 cash=60.40
[SIGNAL] 2026-08-10T17:24:59+00:00 LISTATRY BUY fill_at=2026-08-10T17:29:59+00:00 features={"close": 3.06, "bb_lower": 3.0659879548275817, "bb_upper": 3.2587739499343242, "rsi": 26.100527988998365, "mfi": 25.765054956561244, "atr": 0.021428571428571446}
[BLOCKED] LISTATRY reason=insufficient_cash order=60.31 cash=60.40
[SIGNAL] 2026-08-10T17:24:59+00:00 NILTRY BUY fill_at=2026-08-10T17:29:59+00:00 features={"close": 1.869, "bb_lower": 1.8779354810371676, "bb_upper": 1.9836835665818804, "rsi": 26.044092874766605, "mfi": 32.106581720547425, "atr": 0.022500000000000013}
[BLOCKED] NILTRY reason=insufficient_cash order=60.31 cash=60.40
[SIGNAL] 2026-08-10T17:24:59+00:00 RADTRY BUY fill_at=2026-08-10T17:29:59+00:00 features={"close": 9.96, "bb_lower": 9.972706994274406, "bb_upper": 10.01967395810655, "rsi": 11.9615937014226, "mfi": 0.0, "atr": 0.0028571428571427964}
[BLOCKED] RADTRY reason=insufficient_cash order=60.31 cash=60.40
[SIGNAL] 2026-08-10T17:24:59+00:00 RETRY BUY fill_at=2026-08-10T17:29:59+00:00 features={"close": 20.83, "bb_lower": 20.877272523730742, "bb_upper": 21.604632238174023, "rsi": 40.584089689760695, "mfi": 35.627460068886876, "atr": 0.21357142857142872}
[BLOCKED] RETRY reason=insufficient_cash order=60.31 cash=60.40
[SCAN] 2026-08-10T17:29:59+00:00 symbols=121 signals=7 entries=0 exits=0 blocked=7 open=8 cash=60.40 equity=10048.13
[SIGNAL] 2026-08-10T17:29:59+00:00 ATMTRY BUY fill_at=2026-08-10T17:34:59+00:00 features={"close": 70.5, "bb_lower": 70.77337587882293, "bb_upper": 72.54281459736755, "rsi": 18.601978419931484, "mfi": 14.198403866904755, "atr": 0.14928571428571452}
[BLOCKED] ATMTRY reason=insufficient_cash order=60.31 cash=60.40
[SIGNAL] 2026-08-10T17:29:59+00:00 CATITRY BUY fill_at=2026-08-10T17:34:59+00:00 features={"close": 2.089, "bb_lower": 2.089209850552321, "bb_upper": 2.1361234827810125, "rsi": 38.4673737128437, "mfi": 23.97738862926093, "atr": 0.01099999999999993}
[BLOCKED] CATITRY reason=insufficient_cash order=60.31 cash=60.40
[SIGNAL] 2026-08-10T17:29:59+00:00 DODOTRY BUY fill_at=2026-08-10T17:34:59+00:00 features={"close": 1.0119, "bb_lower": 1.0171964624727845, "bb_upper": 1.0500130613367393, "rsi": 34.93748140041005, "mfi": 32.123437155693836, "atr": 0.008335714285714255}
[BLOCKED] DODOTRY reason=insufficient_cash order=60.31 cash=60.40
[SIGNAL] 2026-08-10T17:29:59+00:00 PSGTRY BUY fill_at=2026-08-10T17:34:59+00:00 features={"close": 24.9, "bb_lower": 24.911143331752612, "bb_upper": 25.083142382533097, "rsi": 25.002484191421516, "mfi": 41.942278949495005, "atr": 0.022142857142857304}
[BLOCKED] PSGTRY reason=insufficient_cash order=60.31 cash=60.40
[SIGNAL] 2026-08-10T17:29:59+00:00 RADTRY BUY fill_at=2026-08-10T17:34:59+00:00 features={"close": 9.96, "bb_lower": 9.966291545796764, "bb_upper": 10.022279882774665, "rsi": 11.9615937014226, "mfi": 0.0, "atr": 0.0028571428571427964}
[BLOCKED] RADTRY reason=insufficient_cash order=60.31 cash=60.40
[SIGNAL] 2026-08-10T17:29:59+00:00 RETRY BUY fill_at=2026-08-10T17:34:59+00:00 features={"close": 20.74, "bb_lower": 20.795271172933447, "bb_upper": 21.624728827066555, "rsi": 38.486244790289724, "mfi": 35.54812884450989, "atr": 0.2164285714285715}
[BLOCKED] RETRY reason=insufficient_cash order=60.31 cash=60.40
[SCAN] 2026-08-10T17:34:59+00:00 symbols=121 signals=6 entries=0 exits=0 blocked=6 open=8 cash=60.40 equity=10047.02
[SIGNAL] 2026-08-10T17:34:59+00:00 ATMTRY BUY fill_at=2026-08-10T17:39:59+00:00 features={"close": 70.5, "bb_lower": 70.58662788675055, "bb_upper": 72.59813401801135, "rsi": 18.601978419931484, "mfi": 14.198403866904755, "atr": 0.14928571428571452}
[BLOCKED] ATMTRY reason=insufficient_cash order=60.31 cash=60.40
[SIGNAL] 2026-08-10T17:34:59+00:00 DODOTRY BUY fill_at=2026-08-10T17:39:59+00:00 features={"close": 1.0138, "bb_lower": 1.014208597019126, "bb_upper": 1.05110568869516, "rsi": 36.620051836570184, "mfi": 33.76027457535467, "atr": 0.008007142857142832}
[BLOCKED] DODOTRY reason=insufficient_cash order=60.31 cash=60.40
[SIGNAL] 2026-08-10T17:34:59+00:00 GENIUSTRY BUY fill_at=2026-08-10T17:39:59+00:00 features={"close": 16.92, "bb_lower": 16.96098352748473, "bb_upper": 17.841873615372414, "rsi": 40.17643998495149, "mfi": 27.234056214369872, "atr": 0.1907142857142856}
[BLOCKED] GENIUSTRY reason=insufficient_cash order=60.31 cash=60.40
[SIGNAL] 2026-08-10T17:34:59+00:00 HOMETRY BUY fill_at=2026-08-10T17:39:59+00:00 features={"close": 0.498, "bb_lower": 0.5023173958841558, "bb_upper": 0.5922540326872727, "rsi": 33.176462724837705, "mfi": 33.334185530491595, "atr": 0.019285714285714264}
[BLOCKED] HOMETRY reason=insufficient_cash order=60.31 cash=60.40
[SIGNAL] 2026-08-10T17:34:59+00:00 RADTRY BUY fill_at=2026-08-10T17:39:59+00:00 features={"close": 9.96, "bb_lower": 9.96096681428101, "bb_upper": 10.023795090480897, "rsi": 11.9615937014226, "mfi": 0.0, "atr": 0.0028571428571427964}
[BLOCKED] RADTRY reason=insufficient_cash order=60.31 cash=60.40
[SIGNAL] 2026-08-10T17:34:59+00:00 RETRY BUY fill_at=2026-08-10T17:39:59+00:00 features={"close": 20.49, "bb_lower": 20.658659758250167, "bb_upper": 21.688006908416504, "rsi": 33.30549038288147, "mfi": 25.54186369118098, "atr": 0.22571428571428598}
[BLOCKED] RETRY reason=insufficient_cash order=60.31 cash=60.40
[SCAN] 2026-08-10T17:39:59+00:00 symbols=121 signals=6 entries=0 exits=0 blocked=6 open=8 cash=60.40 equity=10045.35
[SIGNAL] 2026-08-10T17:39:59+00:00 ACTTRY BUY fill_at=2026-08-10T17:44:59+00:00 features={"close": 0.5114, "bb_lower": 0.5115125163502393, "bb_upper": 0.5304303407926177, "rsi": 37.28680215632894, "mfi": 55.20878148965327, "atr": 0.0048499999999999975}
[BLOCKED] ACTTRY reason=insufficient_cash order=60.31 cash=60.40
[SIGNAL] 2026-08-10T17:39:59+00:00 GENIUSTRY BUY fill_at=2026-08-10T17:44:59+00:00 features={"close": 16.84, "bb_lower": 16.911734791555432, "bb_upper": 17.871122351301707, "rsi": 37.930775333224396, "mfi": 33.467780912973666, "atr": 0.17000000000000018}
[BLOCKED] GENIUSTRY reason=insufficient_cash order=60.31 cash=60.40
[SIGNAL] 2026-08-10T17:39:59+00:00 RETRY BUY fill_at=2026-08-10T17:44:59+00:00 features={"close": 20.36, "bb_lower": 20.512322990464412, "bb_upper": 21.748629390487977, "rsi": 30.957889506192004, "mfi": 21.12740738245722, "atr": 0.21928571428571456}
[BLOCKED] RETRY reason=insufficient_cash order=60.31 cash=60.40
[SCAN] 2026-08-10T17:44:59+00:00 symbols=121 signals=3 entries=0 exits=0 blocked=3 open=8 cash=60.40 equity=10055.01
[SIGNAL] 2026-08-10T17:44:59+00:00 AIGENSYNTRY BUY fill_at=2026-08-10T17:49:59+00:00 features={"close": 1.019, "bb_lower": 1.020309576719838, "bb_upper": 1.0310237566134954, "rsi": 31.2304576775347, "mfi": 13.711214683650269, "atr": 0.0022857142857143037}
[BLOCKED] AIGENSYNTRY reason=insufficient_cash order=60.31 cash=60.40
[SIGNAL] 2026-08-10T17:44:59+00:00 RETRY BUY fill_at=2026-08-10T17:49:59+00:00 features={"close": 20.39, "bb_lower": 20.403494761724055, "bb_upper": 21.757457619228326, "rsi": 32.153462585020065, "mfi": 18.08278066606357, "atr": 0.1985714285714289}
[BLOCKED] RETRY reason=insufficient_cash order=60.31 cash=60.40
[SCAN] 2026-08-10T17:49:59+00:00 symbols=121 signals=2 entries=0 exits=0 blocked=2 open=8 cash=60.40 equity=10044.96
[SIGNAL] 2026-08-10T17:49:59+00:00 AIGENSYNTRY BUY fill_at=2026-08-10T17:54:59+00:00 features={"close": 1.017, "bb_lower": 1.0191796638244983, "bb_upper": 1.0307250980802634, "rsi": 28.30948010410262, "mfi": 11.797221713265031, "atr": 0.002214285714285724}
[BLOCKED] AIGENSYNTRY reason=insufficient_cash order=60.31 cash=60.40
[SIGNAL] 2026-08-10T17:49:59+00:00 IDTRY BUY fill_at=2026-08-10T17:54:59+00:00 features={"close": 1.358, "bb_lower": 1.3594255957223436, "bb_upper": 1.3777172614205135, "rsi": 35.27949647907373, "mfi": 4.989921933850553, "atr": 0.0019999999999999857}
[BLOCKED] IDTRY reason=insufficient_cash order=60.31 cash=60.40
[SCAN] 2026-08-10T17:54:59+00:00 symbols=121 signals=2 entries=0 exits=0 blocked=2 open=8 cash=60.40 equity=10047.06
[SIGNAL] 2026-08-10T17:54:59+00:00 AIGENSYNTRY BUY fill_at=2026-08-10T17:59:59+00:00 features={"close": 1.016, "bb_lower": 1.017704871374741, "bb_upper": 1.030961795291926, "rsi": 26.944422842227425, "mfi": 12.438441986181658, "atr": 0.0021428571428571447}
[BLOCKED] AIGENSYNTRY reason=insufficient_cash order=60.31 cash=60.40
[SIGNAL] 2026-08-10T17:54:59+00:00 IDTRY BUY fill_at=2026-08-10T17:59:59+00:00 features={"close": 1.356, "bb_lower": 1.3573412009585966, "bb_upper": 1.3783730847556896, "rsi": 32.77703274412721, "mfi": 11.06707560694555, "atr": 0.002142857142857129}
[BLOCKED] IDTRY reason=insufficient_cash order=60.31 cash=60.40
[SIGNAL] 2026-08-10T17:54:59+00:00 THETRY BUY fill_at=2026-08-10T17:59:59+00:00 features={"close": 3.025, "bb_lower": 3.026816053129836, "bb_upper": 3.0740410897273085, "rsi": 39.15768985241189, "mfi": 36.12799293705211, "atr": 0.017000000000000126}
[BLOCKED] THETRY reason=insufficient_cash order=60.31 cash=60.40
[SIGNAL] 2026-08-10T17:54:59+00:00 TURTLETRY BUY fill_at=2026-08-10T17:59:59+00:00 features={"close": 2.12, "bb_lower": 2.1252646324238103, "bb_upper": 2.133782986623809, "rsi": 16.18797669005761, "mfi": 0.0, "atr": 0.0007142857142856991}
[BLOCKED] TURTLETRY reason=insufficient_cash order=60.31 cash=60.40
[SCAN] 2026-08-10T17:59:59+00:00 symbols=121 signals=4 entries=0 exits=0 blocked=4 open=8 cash=60.40 equity=10058.54
[SIGNAL] 2026-08-10T17:59:59+00:00 TURTLETRY BUY fill_at=2026-08-10T18:04:59+00:00 features={"close": 2.12, "bb_lower": 2.1231767485686013, "bb_upper": 2.1349184895266373, "rsi": 16.18797669005761, "mfi": 0.0, "atr": 0.0007142857142856991}
[BLOCKED] TURTLETRY reason=insufficient_cash order=60.31 cash=60.40
[SCAN] 2026-08-10T18:04:59+00:00 symbols=121 signals=1 entries=0 exits=0 blocked=1 open=8 cash=60.40 equity=10055.30
[SIGNAL] 2026-08-10T18:04:59+00:00 ALLOTRY BUY fill_at=2026-08-10T18:09:59+00:00 features={"close": 15.2, "bb_lower": 15.232842699151991, "bb_upper": 15.71953825322895, "rsi": 38.43332691582591, "mfi": 36.66293317336289, "atr": 0.13071428571428534}
[BLOCKED] ALLOTRY reason=insufficient_cash order=60.31 cash=60.40
[SIGNAL] 2026-08-10T18:04:59+00:00 THETATRY BUY fill_at=2026-08-10T18:09:59+00:00 features={"close": 6.67, "bb_lower": 6.675266802274294, "bb_upper": 6.744828435820942, "rsi": 30.933255349603073, "mfi": 46.406912001599174, "atr": 0.009785714285714318}
[BLOCKED] THETATRY reason=insufficient_cash order=60.31 cash=60.40
[SCAN] 2026-08-10T18:09:59+00:00 symbols=121 signals=2 entries=0 exits=0 blocked=2 open=8 cash=60.40 equity=10061.88
[EXIT] 2026-08-10T18:14:59+00:00 BANANATRY reason=bb_mfi_v3_signal_exit pnl=-21.49 cash=1049.40
[SIGNAL] 2026-08-10T18:09:59+00:00 ARTRY BUY fill_at=2026-08-10T18:14:59+00:00 features={"close": 86.13, "bb_lower": 86.26565112293302, "bb_upper": 87.01244411516221, "rsi": 20.77755230379651, "mfi": 8.120388778280557, "atr": 0.07071428571428637}
[ENTRY] 2026-08-10T18:14:59+00:00 ARTRY layer=1 value=1006.22 entry=86.38474000 cash=41.67
[SIGNAL] 2026-08-10T18:09:59+00:00 BABYTRY BUY fill_at=2026-08-10T18:14:59+00:00 features={"close": 0.613, "bb_lower": 0.6140852504396221, "bb_upper": 0.6295337971794253, "rsi": 20.1223935169629, "mfi": 20.932578409059175, "atr": 0.0014285714285714299}
[BLOCKED] BABYTRY reason=insufficient_cash order=41.61 cash=41.67
[SIGNAL] 2026-08-10T18:09:59+00:00 REZTRY BUY fill_at=2026-08-10T18:14:59+00:00 features={"close": 0.1375, "bb_lower": 0.1375049799589818, "bb_upper": 0.14010454385054205, "rsi": 27.88857608598407, "mfi": 7.696830002746879, "atr": 0.00027857142857142566}
[BLOCKED] REZTRY reason=insufficient_cash order=41.61 cash=41.67
[SCAN] 2026-08-10T18:14:59+00:00 symbols=121 signals=3 entries=1 exits=1 blocked=2 open=8 cash=41.67 equity=10059.85
[SIGNAL] 2026-08-10T18:14:59+00:00 AIXBTTRY BUY fill_at=2026-08-10T18:19:59+00:00 features={"close": 0.886, "bb_lower": 0.8866818014526354, "bb_upper": 0.8976039128330784, "rsi": 32.30723448975746, "mfi": 44.12762098983101, "atr": 0.0015714285714285728}
[BLOCKED] AIXBTTRY reason=insufficient_cash order=41.61 cash=41.67
[SCAN] 2026-08-10T18:19:59+00:00 symbols=121 signals=1 entries=0 exits=0 blocked=1 open=8 cash=41.67 equity=10059.44
[SIGNAL] 2026-08-10T18:19:59+00:00 ADATRY BUY fill_at=2026-08-10T18:24:59+00:00 features={"close": 9.26, "bb_lower": 9.265028223266718, "bb_upper": 9.347352729114238, "rsi": 39.10809841220606, "mfi": 45.80285171862028, "atr": 0.018571428571428683}
[BLOCKED] ADATRY reason=max_layers
[SIGNAL] 2026-08-10T18:19:59+00:00 ALTTRY BUY fill_at=2026-08-10T18:24:59+00:00 features={"close": 0.295, "bb_lower": 0.295052926484762, "bb_upper": 0.2967565973247619, "rsi": 40.02528710003074, "mfi": 49.53357995191358, "atr": 0.0006428571428571435}
[BLOCKED] ALTTRY reason=insufficient_cash order=41.61 cash=41.67
[SCAN] 2026-08-10T18:24:59+00:00 symbols=121 signals=2 entries=0 exits=0 blocked=2 open=8 cash=41.67 equity=10056.18
[SIGNAL] 2026-08-10T18:24:59+00:00 ADATRY BUY fill_at=2026-08-10T18:29:59+00:00 features={"close": 9.2, "bb_lower": 9.23985207442728, "bb_upper": 9.361100306525106, "rsi": 29.35814469778265, "mfi": 42.21518104294939, "atr": 0.021428571428571606}
[BLOCKED] ADATRY reason=max_layers
[SIGNAL] 2026-08-10T18:24:59+00:00 PSGTRY BUY fill_at=2026-08-10T18:29:59+00:00 features={"close": 24.77, "bb_lower": 24.80756398879883, "bb_upper": 25.087674106439263, "rsi": 20.418667262827256, "mfi": 11.611764571773264, "atr": 0.023571428571428958}
[BLOCKED] PSGTRY reason=insufficient_cash order=41.61 cash=41.67
[SCAN] 2026-08-10T18:29:59+00:00 symbols=121 signals=2 entries=0 exits=0 blocked=2 open=8 cash=41.67 equity=10039.02
[SIGNAL] 2026-08-10T18:29:59+00:00 ADATRY BUY fill_at=2026-08-10T18:34:59+00:00 features={"close": 9.21, "bb_lower": 9.224491936206869, "bb_upper": 9.365031873316939, "rsi": 32.40103809055198, "mfi": 44.61082363965284, "atr": 0.020714285714286036}
[BLOCKED] ADATRY reason=max_layers
[SIGNAL] 2026-08-10T18:29:59+00:00 PSGTRY BUY fill_at=2026-08-10T18:34:59+00:00 features={"close": 24.69, "bb_lower": 24.757918550341717, "bb_upper": 25.105890973467798, "rsi": 15.95582426246844, "mfi": 7.708211600035838, "atr": 0.02928571428571455}
[BLOCKED] PSGTRY reason=insufficient_cash order=41.61 cash=41.67
[SCAN] 2026-08-10T18:34:59+00:00 symbols=121 signals=2 entries=0 exits=0 blocked=2 open=8 cash=41.67 equity=10035.14
[SIGNAL] 2026-08-10T18:34:59+00:00 ADATRY BUY fill_at=2026-08-10T18:39:59+00:00 features={"close": 9.21, "bb_lower": 9.211579704892914, "bb_upper": 9.367467914154707, "rsi": 32.40103809055198, "mfi": 40.052883852199436, "atr": 0.020714285714285907}
[BLOCKED] ADATRY reason=max_layers
[SIGNAL] 2026-08-10T18:34:59+00:00 EIGENTRY BUY fill_at=2026-08-10T18:39:59+00:00 features={"close": 8.552, "bb_lower": 8.568217082645686, "bb_upper": 8.71759244116384, "rsi": 27.542826905104036, "mfi": 23.602188388344345, "atr": 0.019999999999999702}
[BLOCKED] EIGENTRY reason=insufficient_cash order=41.61 cash=41.67
[SIGNAL] 2026-08-10T18:34:59+00:00 ENATRY BUY fill_at=2026-08-10T18:39:59+00:00 features={"close": 4.157, "bb_lower": 4.160368645010375, "bb_upper": 4.219155164513434, "rsi": 31.962407224835985, "mfi": 7.741328153797326, "atr": 0.009928571428571318}
[BLOCKED] ENATRY reason=insufficient_cash order=41.61 cash=41.67
[SIGNAL] 2026-08-10T18:34:59+00:00 TOWNSTRY BUY fill_at=2026-08-10T18:39:59+00:00 features={"close": 0.121, "bb_lower": 0.12120247544057028, "bb_upper": 0.12270228646419157, "rsi": 35.531449858085864, "mfi": 50.294912074378026, "atr": 0.00035714285714285747}
[BLOCKED] TOWNSTRY reason=insufficient_cash order=41.61 cash=41.67
[SIGNAL] 2026-08-10T18:34:59+00:00 VANATRY BUY fill_at=2026-08-10T18:39:59+00:00 features={"close": 42.2, "bb_lower": 42.227621416740554, "bb_upper": 42.61047382135468, "rsi": 27.5912889902297, "mfi": 4.587878700464813, "atr": 0.03571428571428571}
[BLOCKED] VANATRY reason=insufficient_cash order=41.61 cash=41.67
[SIGNAL] 2026-08-10T18:34:59+00:00 WLDTRY BUY fill_at=2026-08-10T18:39:59+00:00 features={"close": 15.9, "bb_lower": 16.02705454217617, "bb_upper": 16.414850219728596, "rsi": 28.00646460909128, "mfi": 31.77914882740889, "atr": 0.07357142857142904}
[BLOCKED] WLDTRY reason=insufficient_cash order=41.61 cash=41.67
[SCAN] 2026-08-10T18:39:59+00:00 symbols=121 signals=6 entries=0 exits=0 blocked=6 open=8 cash=41.67 equity=10018.20
[SIGNAL] 2026-08-10T18:39:59+00:00 ALTTRY BUY fill_at=2026-08-10T18:44:59+00:00 features={"close": 0.293, "bb_lower": 0.29430970697054554, "bb_upper": 0.2974045787437402, "rsi": 33.82471700305834, "mfi": 29.879241731872625, "atr": 0.0007857142857142864}
[BLOCKED] ALTTRY reason=insufficient_cash order=41.61 cash=41.67
[SIGNAL] 2026-08-10T18:39:59+00:00 ARKTRY BUY fill_at=2026-08-10T18:44:59+00:00 features={"close": 4.47, "bb_lower": 4.470241703570252, "bb_upper": 4.485948772620226, "rsi": 29.856994360429994, "mfi": 0.0, "atr": 0.0007142857142857625}
[BLOCKED] ARKTRY reason=insufficient_cash order=41.61 cash=41.67
[SIGNAL] 2026-08-10T18:39:59+00:00 ASTERTRY BUY fill_at=2026-08-10T18:44:59+00:00 features={"close": 28.72, "bb_lower": 28.722282216962473, "bb_upper": 28.823432068751817, "rsi": 38.05228427057977, "mfi": 5.14639134247777, "atr": 0.021428571428571734}
[BLOCKED] ASTERTRY reason=insufficient_cash order=41.61 cash=41.67
[SIGNAL] 2026-08-10T18:39:59+00:00 ATOMTRY BUY fill_at=2026-08-10T18:44:59+00:00 features={"close": 66.9, "bb_lower": 66.91993613428484, "bb_upper": 68.04196862761994, "rsi": 39.58402267167516, "mfi": 52.91883490647308, "atr": 0.17142857142857185}
[BLOCKED] ATOMTRY reason=insufficient_cash order=41.61 cash=41.67
[SIGNAL] 2026-08-10T18:39:59+00:00 BBTRY BUY fill_at=2026-08-10T18:44:59+00:00 features={"close": 0.6507, "bb_lower": 0.6537180057646041, "bb_upper": 0.6630343751877767, "rsi": 26.488363189315123, "mfi": 41.160750637353736, "atr": 0.0019142857142857175}
[BLOCKED] BBTRY reason=insufficient_cash order=41.61 cash=41.67
[SIGNAL] 2026-08-10T18:39:59+00:00 EIGENTRY BUY fill_at=2026-08-10T18:44:59+00:00 features={"close": 8.534, "bb_lower": 8.554025554517711, "bb_upper": 8.725879207387049, "rsi": 25.18908226481203, "mfi": 23.454110125444075, "atr": 0.02185714285714267}
[BLOCKED] EIGENTRY reason=insufficient_cash order=41.61 cash=41.67
[SIGNAL] 2026-08-10T18:39:59+00:00 ENATRY BUY fill_at=2026-08-10T18:44:59+00:00 features={"close": 4.153, "bb_lower": 4.155919728342715, "bb_upper": 4.221508843085857, "rsi": 30.65113922164791, "mfi": 4.898261463788202, "atr": 0.009928571428571318}
[BLOCKED] ENATRY reason=insufficient_cash order=41.61 cash=41.67
[SIGNAL] 2026-08-10T18:39:59+00:00 ETHFITRY BUY fill_at=2026-08-10T18:44:59+00:00 features={"close": 18.44, "bb_lower": 18.441989588823077, "bb_upper": 18.71991517308168, "rsi": 34.47391127633057, "mfi": 28.59993091863018, "atr": 0.043571428571428275}
[BLOCKED] ETHFITRY reason=insufficient_cash order=41.61 cash=41.67
[SIGNAL] 2026-08-10T18:39:59+00:00 JTOTRY BUY fill_at=2026-08-10T18:44:59+00:00 features={"close": 26.05, "bb_lower": 26.057017416151943, "bb_upper": 26.214411155276622, "rsi": 40.890363087073275, "mfi": 20.348887555163415, "atr": 0.06071428571428582}
[BLOCKED] JTOTRY reason=insufficient_cash order=41.61 cash=41.67
[SIGNAL] 2026-08-10T18:39:59+00:00 ORDITRY BUY fill_at=2026-08-10T18:44:59+00:00 features={"close": 166.0, "bb_lower": 166.25964493261236, "bb_upper": 168.17845030548293, "rsi": 30.524648629667965, "mfi": 15.778426174157758, "atr": 0.2071428571428535}
[BLOCKED] ORDITRY reason=insufficient_cash order=41.61 cash=41.67
[SIGNAL] 2026-08-10T18:39:59+00:00 REZTRY BUY fill_at=2026-08-10T18:44:59+00:00 features={"close": 0.1364, "bb_lower": 0.13657208453789477, "bb_upper": 0.13975172498591476, "rsi": 24.33041860663647, "mfi": 1.0287554453701375, "atr": 0.0004214285714285746}
[BLOCKED] REZTRY reason=insufficient_cash order=41.61 cash=41.67
[SIGNAL] 2026-08-10T18:39:59+00:00 SHIBTRY BUY fill_at=2026-08-10T18:44:59+00:00 features={"close": 0.0002197, "bb_lower": 0.00021998608069451767, "bb_upper": 0.00022122344311500616, "rsi": 37.58521553818911, "mfi": 52.322943846905254, "atr": 3.428571428571473e-07}
[BLOCKED] SHIBTRY reason=insufficient_cash order=41.61 cash=41.67
[SIGNAL] 2026-08-10T18:39:59+00:00 TOWNSTRY BUY fill_at=2026-08-10T18:44:59+00:00 features={"close": 0.121, "bb_lower": 0.12105292648476197, "bb_upper": 0.12275659732476181, "rsi": 35.531449858085864, "mfi": 50.294912074378026, "atr": 0.00035714285714285747}
[BLOCKED] TOWNSTRY reason=insufficient_cash order=41.61 cash=41.67
[SIGNAL] 2026-08-10T18:39:59+00:00 TRUMPTRY BUY fill_at=2026-08-10T18:44:59+00:00 features={"close": 70.6, "bb_lower": 70.65600940132762, "bb_upper": 71.27732393200571, "rsi": 33.315501720470664, "mfi": 30.637664633639517, "atr": 0.07857142857142715}
[BLOCKED] TRUMPTRY reason=insufficient_cash order=41.61 cash=41.67
[SIGNAL] 2026-08-10T18:39:59+00:00 VANATRY BUY fill_at=2026-08-10T18:44:59+00:00 features={"close": 42.1, "bb_lower": 42.177228130623625, "bb_upper": 42.61324805985256, "rsi": 23.056215726691306, "mfi": 3.68828580090981, "atr": 0.03571428571428571}
[BLOCKED] VANATRY reason=insufficient_cash order=41.61 cash=41.67
[SIGNAL] 2026-08-10T18:39:59+00:00 WLDTRY BUY fill_at=2026-08-10T18:44:59+00:00 features={"close": 15.91, "bb_lower": 15.974250873670712, "bb_upper": 16.442891983472144, "rsi": 28.9820052059289, "mfi": 18.931821794748217, "atr": 0.07214285714285738}
[BLOCKED] WLDTRY reason=insufficient_cash order=41.61 cash=41.67
[SIGNAL] 2026-08-10T18:39:59+00:00 WTRY BUY fill_at=2026-08-10T18:44:59+00:00 features={"close": 0.3984, "bb_lower": 0.3990818270723083, "bb_upper": 0.40449912530864407, "rsi": 25.578123298839657, "mfi": 13.033103445432502, "atr": 0.0006071428571428576}
[BLOCKED] WTRY reason=insufficient_cash order=41.61 cash=41.67
[SCAN] 2026-08-10T18:44:59+00:00 symbols=121 signals=17 entries=0 exits=0 blocked=17 open=8 cash=41.67 equity=10021.08
[SIGNAL] 2026-08-10T18:44:59+00:00 ARKTRY BUY fill_at=2026-08-10T18:49:59+00:00 features={"close": 4.47, "bb_lower": 4.4702417035702515, "bb_upper": 4.485948772620225, "rsi": 29.856994360429994, "mfi": 0.0, "atr": 0.0007142857142857625}
[BLOCKED] ARKTRY reason=insufficient_cash order=41.61 cash=41.67
[SIGNAL] 2026-08-10T18:44:59+00:00 BBTRY BUY fill_at=2026-08-10T18:49:59+00:00 features={"close": 0.6502, "bb_lower": 0.6522684844577268, "bb_upper": 0.6638553250660827, "rsi": 25.71031967938366, "mfi": 37.86378777496153, "atr": 0.0018642857142857152}
[BLOCKED] BBTRY reason=insufficient_cash order=41.61 cash=41.67
[SIGNAL] 2026-08-10T18:44:59+00:00 ORDITRY BUY fill_at=2026-08-10T18:49:59+00:00 features={"close": 166.0, "bb_lower": 166.06633254932203, "bb_upper": 168.23842935543988, "rsi": 30.524648629667965, "mfi": 18.70341888207068, "atr": 0.19285714285713798}
[BLOCKED] ORDITRY reason=insufficient_cash order=41.61 cash=41.67
[SIGNAL] 2026-08-10T18:44:59+00:00 SHIBTRY BUY fill_at=2026-08-10T18:49:59+00:00 features={"close": 0.0002197, "bb_lower": 0.0002198341592076065, "bb_upper": 0.00022126107888763153, "rsi": 37.58521553818911, "mfi": 53.60173168920222, "atr": 3.0714285714286266e-07}
[BLOCKED] SHIBTRY reason=insufficient_cash order=41.61 cash=41.67
[SIGNAL] 2026-08-10T18:44:59+00:00 VANATRY BUY fill_at=2026-08-10T18:49:59+00:00 features={"close": 42.1, "bb_lower": 42.1300409907939, "bb_upper": 42.622339961587045, "rsi": 23.056215726691306, "mfi": 3.68828580090981, "atr": 0.03571428571428571}
[BLOCKED] VANATRY reason=insufficient_cash order=41.61 cash=41.67
[SIGNAL] 2026-08-10T18:44:59+00:00 WLDTRY BUY fill_at=2026-08-10T18:49:59+00:00 features={"close": 15.92, "bb_lower": 15.93224756690748, "bb_upper": 16.46108576642586, "rsi": 30.009438022225964, "mfi": 10.036800970374642, "atr": 0.06285714285714304}
[BLOCKED] WLDTRY reason=insufficient_cash order=41.61 cash=41.67
[EXIT] 2026-08-10T18:49:59+00:00 BBTRY reason=fixed_stop_loss pnl=-92.37 cash=950.80
[SCAN] 2026-08-10T18:49:59+00:00 symbols=121 signals=6 entries=0 exits=1 blocked=6 open=7 cash=950.80 equity=10010.73
[SIGNAL] 2026-08-10T18:49:59+00:00 0GTRY BUY fill_at=2026-08-10T18:54:59+00:00 features={"close": 7.36, "bb_lower": 7.3604782255153935, "bb_upper": 7.471902726865562, "rsi": 37.7000160948706, "mfi": 23.5472282567643, "atr": 0.015714285714285698}
[ENTRY] 2026-08-10T18:54:59+00:00 0GTRY layer=1 value=949.38 entry=7.36552000 cash=0.00
[SIGNAL] 2026-08-10T18:49:59+00:00 1MBABYDOGETRY BUY fill_at=2026-08-10T18:54:59+00:00 features={"close": 0.01629, "bb_lower": 0.016293016500410255, "bb_upper": 0.01645365016625641, "rsi": 24.00616171475805, "mfi": 48.51796100764602, "atr": 1.0000000000000089e-05}
[BLOCKED] 1MBABYDOGETRY reason=max_layers
[SIGNAL] 2026-08-10T18:49:59+00:00 ARKTRY BUY fill_at=2026-08-10T18:54:59+00:00 features={"close": 4.47, "bb_lower": 4.4702417035702515, "bb_upper": 4.485948772620225, "rsi": 29.856994360429994, "mfi": 0.0, "atr": 0.0007142857142857625}
[BLOCKED] ARKTRY reason=insufficient_cash order=0.00 cash=0.00
[SIGNAL] 2026-08-10T18:49:59+00:00 BBTRY BUY fill_at=2026-08-10T18:54:59+00:00 features={"close": 0.6486, "bb_lower": 0.6506076993453496, "bb_upper": 0.66471611017846, "rsi": 23.33427224234248, "mfi": 25.488646894940757, "atr": 0.0020785714285714296}
[BLOCKED] BBTRY reason=insufficient_cash order=0.00 cash=0.00
[SIGNAL] 2026-08-10T18:49:59+00:00 BIOTRY BUY fill_at=2026-08-10T18:54:59+00:00 features={"close": 1.257, "bb_lower": 1.2585728864491912, "bb_upper": 1.2725699706936664, "rsi": 33.06971662512639, "mfi": 50.01459853910413, "atr": 0.0030000000000000027}
[BLOCKED] BIOTRY reason=insufficient_cash order=0.00 cash=0.00
[SIGNAL] 2026-08-10T18:49:59+00:00 ETHFITRY BUY fill_at=2026-08-10T18:54:59+00:00 features={"close": 18.42, "bb_lower": 18.425187190347163, "bb_upper": 18.728146142986173, "rsi": 33.387511186409924, "mfi": 31.645027537216023, "atr": 0.040714285714285224}
[BLOCKED] ETHFITRY reason=insufficient_cash order=0.00 cash=0.00
[SIGNAL] 2026-08-10T18:49:59+00:00 ORDITRY BUY fill_at=2026-08-10T18:54:59+00:00 features={"close": 165.7, "bb_lower": 165.83292734651894, "bb_upper": 168.29088217729054, "rsi": 27.316617784018504, "mfi": 18.29235119774306, "atr": 0.21428571428571022}
[BLOCKED] ORDITRY reason=insufficient_cash order=0.00 cash=0.00
[SIGNAL] 2026-08-10T18:49:59+00:00 SHIBTRY BUY fill_at=2026-08-10T18:54:59+00:00 features={"close": 0.0002197, "bb_lower": 0.00021971598820610678, "bb_upper": 0.00022131258322246456, "rsi": 37.58521553818911, "mfi": 45.43295682054944, "atr": 3.1428571428572e-07}
[BLOCKED] SHIBTRY reason=insufficient_cash order=0.00 cash=0.00
[SIGNAL] 2026-08-10T18:49:59+00:00 TRUMPTRY BUY fill_at=2026-08-10T18:54:59+00:00 features={"close": 70.6, "bb_lower": 70.63254063874685, "bb_upper": 71.29126888506268, "rsi": 35.79472070681314, "mfi": 42.161590984999975, "atr": 0.09285714285714164}
[BLOCKED] TRUMPTRY reason=insufficient_cash order=0.00 cash=0.00
[SIGNAL] 2026-08-10T18:49:59+00:00 TURTLETRY BUY fill_at=2026-08-10T18:54:59+00:00 features={"close": 2.12, "bb_lower": 2.1215728864491914, "bb_upper": 2.1355699706936666, "rsi": 27.963606005753704, "mfi": 37.042572490902586, "atr": 0.002142857142857097}
[BLOCKED] TURTLETRY reason=insufficient_cash order=0.00 cash=0.00
[SIGNAL] 2026-08-10T18:49:59+00:00 VANATRY BUY fill_at=2026-08-10T18:54:59+00:00 features={"close": 42.0, "bb_lower": 42.074234283916056, "bb_upper": 42.62100381132204, "rsi": 19.327838705806116, "mfi": 5.707685707047759, "atr": 0.04285714285714296}
[BLOCKED] VANATRY reason=insufficient_cash order=0.00 cash=0.00
[SIGNAL] 2026-08-10T18:49:59+00:00 WTRY BUY fill_at=2026-08-10T18:54:59+00:00 features={"close": 0.3979, "bb_lower": 0.3981333909102019, "bb_upper": 0.404828513851703, "rsi": 27.660021824080303, "mfi": 13.290207234862237, "atr": 0.0007142857142857229}
[BLOCKED] WTRY reason=insufficient_cash order=0.00 cash=0.00
[SCAN] 2026-08-10T18:54:59+00:00 symbols=121 signals=12 entries=1 exits=0 blocked=11 open=8 cash=0.00 equity=10009.10
[SIGNAL] 2026-08-10T18:54:59+00:00 ARKTRY BUY fill_at=2026-08-10T18:59:59+00:00 features={"close": 4.47, "bb_lower": 4.4702417035702515, "bb_upper": 4.485948772620225, "rsi": 29.856994360429994, "mfi": 0.0, "atr": 0.0007142857142857625}
[BLOCKED] ARKTRY reason=insufficient_cash order=0.00 cash=0.00
[SIGNAL] 2026-08-10T18:54:59+00:00 ASTERTRY BUY fill_at=2026-08-10T18:59:59+00:00 features={"close": 28.71, "bb_lower": 28.714415915887027, "bb_upper": 28.82748884601774, "rsi": 38.87034464503752, "mfi": 21.35580280064096, "atr": 0.026428571428572006}
[BLOCKED] ASTERTRY reason=insufficient_cash order=0.00 cash=0.00
[SIGNAL] 2026-08-10T18:54:59+00:00 BIOTRY BUY fill_at=2026-08-10T18:59:59+00:00 features={"close": 1.257, "bb_lower": 1.2572532085845298, "bb_upper": 1.272842029510709, "rsi": 33.06971662512639, "mfi": 48.82138489300832, "atr": 0.0027857142857142963}
[BLOCKED] BIOTRY reason=insufficient_cash order=0.00 cash=0.00
[SIGNAL] 2026-08-10T18:54:59+00:00 ETHFITRY BUY fill_at=2026-08-10T18:59:59+00:00 features={"close": 18.4, "bb_lower": 18.400551995534308, "bb_upper": 18.73849562351331, "rsi": 31.65225416937129, "mfi": 30.55330810327635, "atr": 0.03857142857142826}
[BLOCKED] ETHFITRY reason=insufficient_cash order=0.00 cash=0.00
[SIGNAL] 2026-08-10T18:54:59+00:00 PEOPLETRY BUY fill_at=2026-08-10T18:59:59+00:00 features={"close": 0.402, "bb_lower": 0.40560081981587803, "bb_upper": 0.4154467992317409, "rsi": 22.50375444085759, "mfi": 26.962525807050127, "atr": 0.0012142857142857114}
[BLOCKED] PEOPLETRY reason=insufficient_cash order=0.00 cash=0.00
[SIGNAL] 2026-08-10T18:54:59+00:00 TAOTRY BUY fill_at=2026-08-10T18:59:59+00:00 features={"close": 9544.0, "bb_lower": 9548.3636137405, "bb_upper": 9717.350671973787, "rsi": 28.25759727279201, "mfi": 19.921740187577214, "atr": 18.5}
[BLOCKED] TAOTRY reason=insufficient_cash order=0.00 cash=0.00
[SIGNAL] 2026-08-10T18:54:59+00:00 TURTLETRY BUY fill_at=2026-08-10T18:59:59+00:00 features={"close": 2.12, "bb_lower": 2.1202417035702523, "bb_upper": 2.135948772620224, "rsi": 27.963606005753704, "mfi": 37.042572490902586, "atr": 0.002142857142857097}
[BLOCKED] TURTLETRY reason=insufficient_cash order=0.00 cash=0.00
[SCAN] 2026-08-10T18:59:59+00:00 symbols=121 signals=7 entries=0 exits=0 blocked=7 open=8 cash=0.00 equity=10012.14
[SIGNAL] 2026-08-10T18:59:59+00:00 BLURTRY BUY fill_at=2026-08-10T19:04:59+00:00 features={"close": 0.661, "bb_lower": 0.6616974689732917, "bb_upper": 0.6734453881695655, "rsi": 36.796674546685466, "mfi": 45.94489975178243, "atr": 0.0018571428571428589}
[BLOCKED] BLURTRY reason=insufficient_cash order=0.00 cash=0.00
[SIGNAL] 2026-08-10T18:59:59+00:00 ETHFITRY BUY fill_at=2026-08-10T19:04:59+00:00 features={"close": 18.36, "bb_lower": 18.368424036623484, "bb_upper": 18.74395691575747, "rsi": 28.448685293157823, "mfi": 9.620549245064282, "atr": 0.040714285714285224}
[BLOCKED] ETHFITRY reason=insufficient_cash order=0.00 cash=0.00
[SIGNAL] 2026-08-10T18:59:59+00:00 PEOPLETRY BUY fill_at=2026-08-10T19:04:59+00:00 features={"close": 0.402, "bb_lower": 0.40402385584601563, "bb_upper": 0.41626185843969865, "rsi": 22.50375444085759, "mfi": 24.509314916816436, "atr": 0.0012142857142857114}
[BLOCKED] PEOPLETRY reason=insufficient_cash order=0.00 cash=0.00
[SIGNAL] 2026-08-10T18:59:59+00:00 TAOTRY BUY fill_at=2026-08-10T19:04:59+00:00 features={"close": 9525.0, "bb_lower": 9532.066166359862, "bb_upper": 9718.981452687756, "rsi": 25.4519510334614, "mfi": 15.61564902888118, "atr": 19.571428571428573}
[BLOCKED] TAOTRY reason=insufficient_cash order=0.00 cash=0.00
[SCAN] 2026-08-10T19:04:59+00:00 symbols=121 signals=4 entries=0 exits=0 blocked=4 open=8 cash=0.00 equity=10010.90
[SIGNAL] 2026-08-10T19:04:59+00:00 ASTERTRY BUY fill_at=2026-08-10T19:09:59+00:00 features={"close": 28.69, "bb_lower": 28.694585268017658, "bb_upper": 28.828271874839498, "rsi": 36.12558809157009, "mfi": 18.84539519622402, "atr": 0.025714285714286435}
[BLOCKED] ASTERTRY reason=insufficient_cash order=0.00 cash=0.00
[SIGNAL] 2026-08-10T19:04:59+00:00 BLURTRY BUY fill_at=2026-08-10T19:09:59+00:00 features={"close": 0.66, "bb_lower": 0.6607048713747409, "bb_upper": 0.6739617952919258, "rsi": 34.90504600734283, "mfi": 42.62537382077638, "atr": 0.0018571428571428589}
[BLOCKED] BLURTRY reason=insufficient_cash order=0.00 cash=0.00
[SIGNAL] 2026-08-10T19:04:59+00:00 CELOTRY BUY fill_at=2026-08-10T19:09:59+00:00 features={"close": 3.0, "bb_lower": 3.0217995610318833, "bb_upper": 3.059819486587163, "rsi": 9.66116904137725, "mfi": 0.0, "atr": 0.0038571428571428762}
[BLOCKED] CELOTRY reason=insufficient_cash order=0.00 cash=0.00
[SIGNAL] 2026-08-10T19:04:59+00:00 LATRY BUY fill_at=2026-08-10T19:09:59+00:00 features={"close": 2.59, "bb_lower": 2.5904834071405043, "bb_upper": 2.621897545240448, "rsi": 38.24137290272837, "mfi": 56.24231749834985, "atr": 0.007142857142857181}
[BLOCKED] LATRY reason=insufficient_cash order=0.00 cash=0.00
[SIGNAL] 2026-08-10T19:04:59+00:00 TWTTRY BUY fill_at=2026-08-10T19:09:59+00:00 features={"close": 18.2, "bb_lower": 18.202170133761907, "bb_upper": 18.287353675761903, "rsi": 26.58240222225318, "mfi": 8.405125510690752, "atr": 0.009285714285714215}
[BLOCKED] TWTTRY reason=insufficient_cash order=0.00 cash=0.00
[SCAN] 2026-08-10T19:09:59+00:00 symbols=121 signals=5 entries=0 exits=0 blocked=5 open=8 cash=0.00 equity=10009.69
[SIGNAL] 2026-08-10T19:09:59+00:00 AVNTTRY BUY fill_at=2026-08-10T19:14:59+00:00 features={"close": 4.46, "bb_lower": 4.468278660015162, "bb_upper": 4.5917213399848364, "rsi": 27.22941913340182, "mfi": 38.28988541204483, "atr": 0.01071428571428574}
[BLOCKED] AVNTTRY reason=insufficient_cash order=0.00 cash=0.00
[SIGNAL] 2026-08-10T19:09:59+00:00 BLURTRY BUY fill_at=2026-08-10T19:14:59+00:00 features={"close": 0.659, "bb_lower": 0.6593920312600894, "bb_upper": 0.6743222544541965, "rsi": 33.06367815333397, "mfi": 39.08600355213828, "atr": 0.0019285714285714303}
[BLOCKED] BLURTRY reason=insufficient_cash order=0.00 cash=0.00
[SIGNAL] 2026-08-10T19:09:59+00:00 CELOTRY BUY fill_at=2026-08-10T19:14:59+00:00 features={"close": 3.0, "bb_lower": 3.013358156776184, "bb_upper": 3.063118033700006, "rsi": 9.66116904137725, "mfi": 0.0, "atr": 0.0038571428571428762}
[BLOCKED] CELOTRY reason=insufficient_cash order=0.00 cash=0.00
[SIGNAL] 2026-08-10T19:09:59+00:00 CYBERTRY BUY fill_at=2026-08-10T19:14:59+00:00 features={"close": 15.0, "bb_lower": 15.020646099369534, "bb_upper": 15.246020567297139, "rsi": 33.55080847809455, "mfi": 27.32281720621809, "atr": 0.02857142857142847}
[BLOCKED] CYBERTRY reason=insufficient_cash order=0.00 cash=0.00
[SIGNAL] 2026-08-10T19:09:59+00:00 EDENTRY BUY fill_at=2026-08-10T19:14:59+00:00 features={"close": 2.057, "bb_lower": 2.0602244293707566, "bb_upper": 2.0839660468197208, "rsi": 36.095293277601066, "mfi": 26.48898507008238, "atr": 0.007285714285714244}
[BLOCKED] EDENTRY reason=insufficient_cash order=0.00 cash=0.00
[SIGNAL] 2026-08-10T19:09:59+00:00 IDTRY BUY fill_at=2026-08-10T19:14:59+00:00 features={"close": 1.344, "bb_lower": 1.3445150508410575, "bb_upper": 1.3683420920160851, "rsi": 21.846218629989934, "mfi": 3.9749403747749454, "atr": 0.0016428571428571523}
[BLOCKED] IDTRY reason=insufficient_cash order=0.00 cash=0.00
[SIGNAL] 2026-08-10T19:09:59+00:00 LATRY BUY fill_at=2026-08-10T19:14:59+00:00 features={"close": 2.59, "bb_lower": 2.5904834071405043, "bb_upper": 2.621897545240448, "rsi": 38.24137290272837, "mfi": 57.4161849809981, "atr": 0.006428571428571482}
[BLOCKED] LATRY reason=insufficient_cash order=0.00 cash=0.00
[SIGNAL] 2026-08-10T19:09:59+00:00 MEMETRY BUY fill_at=2026-08-10T19:14:59+00:00 features={"close": 0.0245, "bb_lower": 0.02452517708132809, "bb_upper": 0.02478910863295763, "rsi": 36.07393431162285, "mfi": 27.255614416934094, "atr": 3.57142857142855e-05}
[BLOCKED] MEMETRY reason=insufficient_cash order=0.00 cash=0.00
[SIGNAL] 2026-08-10T19:09:59+00:00 PEOPLETRY BUY fill_at=2026-08-10T19:14:59+00:00 features={"close": 0.399, "bb_lower": 0.40109097275298333, "bb_upper": 0.4175756939136833, "rsi": 21.464655681900368, "mfi": 19.078282155975828, "atr": 0.0016428571428571404}
[BLOCKED] PEOPLETRY reason=insufficient_cash order=0.00 cash=0.00
[SIGNAL] 2026-08-10T19:09:59+00:00 TWTTRY BUY fill_at=2026-08-10T19:14:59+00:00 features={"close": 18.17, "bb_lower": 18.19004330794654, "bb_upper": 18.294718596815372, "rsi": 21.157452314349783, "mfi": 5.8695852342302715, "atr": 0.012142857142857011}
[BLOCKED] TWTTRY reason=insufficient_cash order=0.00 cash=0.00
[SCAN] 2026-08-10T19:14:59+00:00 symbols=121 signals=10 entries=0 exits=0 blocked=10 open=8 cash=0.00 equity=10016.80
[SIGNAL] 2026-08-10T19:14:59+00:00 AVNTTRY BUY fill_at=2026-08-10T19:19:59+00:00 features={"close": 4.43, "bb_lower": 4.451906359877373, "bb_upper": 4.593807925836911, "rsi": 22.479454719193484, "mfi": 15.544179222995709, "atr": 0.0128571428571429}
[BLOCKED] AVNTTRY reason=insufficient_cash order=0.00 cash=0.00
[SIGNAL] 2026-08-10T19:14:59+00:00 CELOTRY BUY fill_at=2026-08-10T19:19:59+00:00 features={"close": 3.0, "bb_lower": 3.006585978156311, "bb_upper": 3.065794974224641, "rsi": 9.66116904137725, "mfi": 0.0, "atr": 0.0038571428571428762}
[BLOCKED] CELOTRY reason=insufficient_cash order=0.00 cash=0.00
[SIGNAL] 2026-08-10T19:14:59+00:00 CYBERTRY BUY fill_at=2026-08-10T19:19:59+00:00 features={"close": 15.0, "bb_lower": 15.002943752778355, "bb_upper": 15.254199104364504, "rsi": 33.55080847809455, "mfi": 29.576953157863286, "atr": 0.02857142857142847}
[BLOCKED] CYBERTRY reason=insufficient_cash order=0.00 cash=0.00
[SIGNAL] 2026-08-10T19:14:59+00:00 EDENTRY BUY fill_at=2026-08-10T19:19:59+00:00 features={"close": 2.055, "bb_lower": 2.0574038054866417, "bb_upper": 2.0852628611800244, "rsi": 35.16627143702249, "mfi": 9.906012338371383, "atr": 0.006357142857142823}
[BLOCKED] EDENTRY reason=insufficient_cash order=0.00 cash=0.00
[SIGNAL] 2026-08-10T19:14:59+00:00 FTRY BUY fill_at=2026-08-10T19:19:59+00:00 features={"close": 0.1376, "bb_lower": 0.137627069942744, "bb_upper": 0.13809673958106547, "rsi": 34.78937198174259, "mfi": 20.21732888730871, "atr": 6.428571428571712e-05}
[BLOCKED] FTRY reason=insufficient_cash order=0.00 cash=0.00
[SIGNAL] 2026-08-10T19:14:59+00:00 GENIUSTRY BUY fill_at=2026-08-10T19:19:59+00:00 features={"close": 16.62, "bb_lower": 16.62364892910956, "bb_upper": 16.934446308985688, "rsi": 33.74386423252503, "mfi": 25.831719777154404, "atr": 0.04928571428571387}
[BLOCKED] GENIUSTRY reason=insufficient_cash order=0.00 cash=0.00
[SIGNAL] 2026-08-10T19:14:59+00:00 MEMETRY BUY fill_at=2026-08-10T19:19:59+00:00 features={"close": 0.0245, "bb_lower": 0.02450131150956441, "bb_upper": 0.02479392658567369, "rsi": 36.07393431162285, "mfi": 29.497447414146777, "atr": 3.57142857142855e-05}
[BLOCKED] MEMETRY reason=insufficient_cash order=0.00 cash=0.00
[SIGNAL] 2026-08-10T19:14:59+00:00 NEIROTRY BUY fill_at=2026-08-10T19:19:59+00:00 features={"close": 0.00345, "bb_lower": 0.003455575404581953, "bb_upper": 0.0035063293573228075, "rsi": 37.7107526280272, "mfi": 42.06614297325849, "atr": 1.0000000000000026e-05}
[BLOCKED] NEIROTRY reason=insufficient_cash order=0.00 cash=0.00
[SIGNAL] 2026-08-10T19:14:59+00:00 NILTRY BUY fill_at=2026-08-10T19:19:59+00:00 features={"close": 1.821, "bb_lower": 1.8221772021650955, "bb_upper": 1.8725847025968096, "rsi": 28.858652574663893, "mfi": 18.41435549254612, "atr": 0.01578571428571431}
[BLOCKED] NILTRY reason=insufficient_cash order=0.00 cash=0.00
[SIGNAL] 2026-08-10T19:14:59+00:00 PEOPLETRY BUY fill_at=2026-08-10T19:19:59+00:00 features={"close": 0.398, "bb_lower": 0.3993095534972555, "bb_upper": 0.4184047322170301, "rsi": 20.23223143009612, "mfi": 14.071271484822006, "atr": 0.0017142857142857118}
[BLOCKED] PEOPLETRY reason=insufficient_cash order=0.00 cash=0.00
[SIGNAL] 2026-08-10T19:14:59+00:00 TWTTRY BUY fill_at=2026-08-10T19:19:59+00:00 features={"close": 18.12, "bb_lower": 18.16251779197785, "bb_upper": 18.3098631604031, "rsi": 15.460564088597721, "mfi": 3.4366622600809933, "atr": 0.014285714285714235}
[BLOCKED] TWTTRY reason=insufficient_cash order=0.00 cash=0.00
[SCAN] 2026-08-10T19:19:59+00:00 symbols=121 signals=11 entries=0 exits=0 blocked=11 open=8 cash=0.00 equity=10023.65
[SIGNAL] 2026-08-10T19:19:59+00:00 AVNTTRY BUY fill_at=2026-08-10T19:24:59+00:00 features={"close": 4.44, "bb_lower": 4.440738546940972, "bb_upper": 4.592594786392361, "rsi": 27.073330133081413, "mfi": 11.54494104778469, "atr": 0.012142857142857264}
[BLOCKED] AVNTTRY reason=insufficient_cash order=0.00 cash=0.00
[SIGNAL] 2026-08-10T19:19:59+00:00 EDENTRY BUY fill_at=2026-08-10T19:24:59+00:00 features={"close": 2.046, "bb_lower": 2.0525804666946486, "bb_upper": 2.086943342829161, "rsi": 31.24577334111936, "mfi": 6.191712470387927, "atr": 0.007785714285714285}
[BLOCKED] EDENTRY reason=insufficient_cash order=0.00 cash=0.00
[SIGNAL] 2026-08-10T19:19:59+00:00 NILTRY BUY fill_at=2026-08-10T19:24:59+00:00 features={"close": 1.815, "bb_lower": 1.817149021704891, "bb_upper": 1.8734224068665375, "rsi": 27.134765121973714, "mfi": 25.802550787741083, "atr": 0.014928571428571449}
[BLOCKED] NILTRY reason=insufficient_cash order=0.00 cash=0.00
[SIGNAL] 2026-08-10T19:19:59+00:00 TWTTRY BUY fill_at=2026-08-10T19:24:59+00:00 features={"close": 18.09, "bb_lower": 18.132498893615857, "bb_upper": 18.324643963527, "rsi": 13.157702900422436, "mfi": 2.958731320335687, "atr": 0.014285714285714235}
[BLOCKED] TWTTRY reason=insufficient_cash order=0.00 cash=0.00
[SCAN] 2026-08-10T19:24:59+00:00 symbols=121 signals=4 entries=0 exits=0 blocked=4 open=8 cash=0.00 equity=10027.83
[SIGNAL] 2026-08-10T19:24:59+00:00 MAVTRY BUY fill_at=2026-08-10T19:29:59+00:00 features={"close": 0.44, "bb_lower": 0.4412712843905602, "bb_upper": 0.4587287156094396, "rsi": 34.68437479906797, "mfi": 1.2132612294873013, "atr": 0.0028571428571428597}
[BLOCKED] MAVTRY reason=insufficient_cash order=0.00 cash=0.00
[SIGNAL] 2026-08-10T19:24:59+00:00 TWTTRY BUY fill_at=2026-08-10T19:29:59+00:00 features={"close": 18.11, "bb_lower": 18.11411759222093, "bb_upper": 18.328739550636215, "rsi": 21.59243404729277, "mfi": 3.928980315574279, "atr": 0.015714285714285632}
[BLOCKED] TWTTRY reason=insufficient_cash order=0.00 cash=0.00
[SCAN] 2026-08-10T19:29:59+00:00 symbols=121 signals=2 entries=0 exits=0 blocked=2 open=8 cash=0.00 equity=10033.49
[SIGNAL] 2026-08-10T19:29:59+00:00 AEVOTRY BUY fill_at=2026-08-10T19:34:59+00:00 features={"close": 0.987, "bb_lower": 0.9877008051401845, "bb_upper": 0.996965861526482, "rsi": 36.2838898342658, "mfi": 40.80385124726966, "atr": 0.0018571428571428589}
[BLOCKED] AEVOTRY reason=insufficient_cash order=0.00 cash=0.00
[SIGNAL] 2026-08-10T19:29:59+00:00 ALLOTRY BUY fill_at=2026-08-10T19:34:59+00:00 features={"close": 14.97, "bb_lower": 14.976125653102486, "bb_upper": 15.381969584992756, "rsi": 35.915251682168034, "mfi": 33.867745466225784, "atr": 0.09428571428571379}
[BLOCKED] ALLOTRY reason=insufficient_cash order=0.00 cash=0.00
[SIGNAL] 2026-08-10T19:29:59+00:00 ORDITRY BUY fill_at=2026-08-10T19:34:59+00:00 features={"close": 165.1, "bb_lower": 165.10149125837745, "bb_upper": 167.59374683686065, "rsi": 25.47106495740249, "mfi": 1.8331930374686323, "atr": 0.21428571428571427}
[BLOCKED] ORDITRY reason=insufficient_cash order=0.00 cash=0.00
[SCAN] 2026-08-10T19:34:59+00:00 symbols=121 signals=3 entries=0 exits=0 blocked=3 open=8 cash=0.00 equity=10041.31
[SIGNAL] 2026-08-10T19:34:59+00:00 ALLOTRY BUY fill_at=2026-08-10T19:39:59+00:00 features={"close": 14.95, "bb_lower": 14.957532898372826, "bb_upper": 15.357705196865268, "rsi": 35.00385368868034, "mfi": 27.579222120036263, "atr": 0.09428571428571393}
[BLOCKED] ALLOTRY reason=insufficient_cash order=0.00 cash=0.00
[SIGNAL] 2026-08-10T19:34:59+00:00 HOMETRY BUY fill_at=2026-08-10T19:39:59+00:00 features={"close": 0.472, "bb_lower": 0.47619055129957094, "bb_upper": 0.5063808772718577, "rsi": 28.909309762948823, "mfi": 36.7889070427775, "atr": 0.007000000000000006}
[BLOCKED] HOMETRY reason=insufficient_cash order=0.00 cash=0.00
[SIGNAL] 2026-08-10T19:34:59+00:00 KITETRY BUY fill_at=2026-08-10T19:39:59+00:00 features={"close": 4.984, "bb_lower": 4.988612956163957, "bb_upper": 5.094339424788425, "rsi": 37.96014258438026, "mfi": 40.52586432537364, "atr": 0.025142857142857165}
[BLOCKED] KITETRY reason=insufficient_cash order=0.00 cash=0.00
[SIGNAL] 2026-08-10T19:34:59+00:00 LATRY BUY fill_at=2026-08-10T19:39:59+00:00 features={"close": 2.58, "bb_lower": 2.5813493527797404, "bb_upper": 2.624364932934545, "rsi": 35.378450894068806, "mfi": 41.95018495808778, "atr": 0.008571428571428643}
[BLOCKED] LATRY reason=insufficient_cash order=0.00 cash=0.00
[SIGNAL] 2026-08-10T19:34:59+00:00 VICTRY BUY fill_at=2026-08-10T19:39:59+00:00 features={"close": 1.39, "bb_lower": 1.3908831258335062, "bb_upper": 1.4662597313093515, "rsi": 39.44132740180555, "mfi": 28.61895784670031, "atr": 0.024285714285714306}
[BLOCKED] VICTRY reason=insufficient_cash order=0.00 cash=0.00
[SCAN] 2026-08-10T19:39:59+00:00 symbols=121 signals=5 entries=0 exits=0 blocked=5 open=8 cash=0.00 equity=10042.36
[SIGNAL] 2026-08-10T19:39:59+00:00 KITETRY BUY fill_at=2026-08-10T19:44:59+00:00 features={"close": 4.979, "bb_lower": 4.979336877093403, "bb_upper": 5.097710741954217, "rsi": 37.163695549924306, "mfi": 47.165756392648255, "atr": 0.024785714285714317}
[BLOCKED] KITETRY reason=insufficient_cash order=0.00 cash=0.00
[SIGNAL] 2026-08-10T19:39:59+00:00 VICTRY BUY fill_at=2026-08-10T19:44:59+00:00 features={"close": 1.38, "bb_lower": 1.3844681984737026, "bb_upper": 1.4650556110501072, "rsi": 37.56089777769781, "mfi": 28.310137995614525, "atr": 0.023571428571428594}
[BLOCKED] VICTRY reason=insufficient_cash order=0.00 cash=0.00
[SCAN] 2026-08-10T19:44:59+00:00 symbols=121 signals=2 entries=0 exits=0 blocked=2 open=8 cash=0.00 equity=10042.31
[SIGNAL] 2026-08-10T19:44:59+00:00 AEVOTRY BUY fill_at=2026-08-10T19:49:59+00:00 features={"close": 0.985, "bb_lower": 0.9853932539816158, "bb_upper": 0.9971781745898124, "rsi": 34.035700647196705, "mfi": 46.69546402631817, "atr": 0.0018571428571428589}
[BLOCKED] AEVOTRY reason=insufficient_cash order=0.00 cash=0.00
[SIGNAL] 2026-08-10T19:44:59+00:00 AITRY BUY fill_at=2026-08-10T19:49:59+00:00 features={"close": 0.84, "bb_lower": 0.84526463242381, "bb_upper": 0.8537829866238091, "rsi": 20.1567879113031, "mfi": 0.0, "atr": 0.0007142857142857149}
[BLOCKED] AITRY reason=insufficient_cash order=0.00 cash=0.00
[SIGNAL] 2026-08-10T19:44:59+00:00 ALLOTRY BUY fill_at=2026-08-10T19:49:59+00:00 features={"close": 14.92, "bb_lower": 14.925885419067278, "bb_upper": 15.31792410474225, "rsi": 35.25396469184908, "mfi": 38.989019620452936, "atr": 0.09142857142857112}
[BLOCKED] ALLOTRY reason=insufficient_cash order=0.00 cash=0.00
[SIGNAL] 2026-08-10T19:44:59+00:00 API3TRY BUY fill_at=2026-08-10T19:49:59+00:00 features={"close": 9.27, "bb_lower": 9.27366343460834, "bb_upper": 9.32347942253452, "rsi": 32.95758459444674, "mfi": 11.62661690685745, "atr": 0.006428571428571672}
[BLOCKED] API3TRY reason=insufficient_cash order=0.00 cash=0.00
[SIGNAL] 2026-08-10T19:44:59+00:00 BANANATRY BUY fill_at=2026-08-10T19:49:59+00:00 features={"close": 174.0, "bb_lower": 174.3176748568601, "bb_upper": 175.4918489526637, "rsi": 28.942122485319047, "mfi": 0.0, "atr": 0.07142857142857142}
[BLOCKED] BANANATRY reason=insufficient_cash order=0.00 cash=0.00
[SIGNAL] 2026-08-10T19:44:59+00:00 HOMETRY BUY fill_at=2026-08-10T19:49:59+00:00 features={"close": 0.473, "bb_lower": 0.47313526650519244, "bb_upper": 0.5039123525424266, "rsi": 32.51833532084643, "mfi": 40.41884386686192, "atr": 0.006285714285714291}
[BLOCKED] HOMETRY reason=insufficient_cash order=0.00 cash=0.00
[SCAN] 2026-08-10T19:49:59+00:00 symbols=121 signals=6 entries=0 exits=0 blocked=6 open=8 cash=0.00 equity=10035.54
[SIGNAL] 2026-08-10T19:49:59+00:00 AITRY BUY fill_at=2026-08-10T19:54:59+00:00 features={"close": 0.84, "bb_lower": 0.8431767485686008, "bb_upper": 0.8549184895266371, "rsi": 20.1567879113031, "mfi": 0.0, "atr": 0.0007142857142857149}
[BLOCKED] AITRY reason=insufficient_cash order=0.00 cash=0.00
[SIGNAL] 2026-08-10T19:49:59+00:00 ALLOTRY BUY fill_at=2026-08-10T19:54:59+00:00 features={"close": 14.88, "bb_lower": 14.888769064386686, "bb_upper": 15.324564268946649, "rsi": 33.43754481947846, "mfi": 40.501975665274884, "atr": 0.09357142857142835}
[BLOCKED] ALLOTRY reason=insufficient_cash order=0.00 cash=0.00
[SIGNAL] 2026-08-10T19:49:59+00:00 API3TRY BUY fill_at=2026-08-10T19:54:59+00:00 features={"close": 9.25, "bb_lower": 9.265584682808038, "bb_upper": 9.32870103147768, "rsi": 26.40282813193042, "mfi": 10.870173317704172, "atr": 0.007857142857143071}
[BLOCKED] API3TRY reason=insufficient_cash order=0.00 cash=0.00
[SIGNAL] 2026-08-10T19:49:59+00:00 ARKTRY BUY fill_at=2026-08-10T19:54:59+00:00 features={"close": 4.46, "bb_lower": 4.461861560936011, "bb_upper": 4.482900343825893, "rsi": 11.121071818477375, "mfi": 0.0, "atr": 0.0007142857142856991}
[BLOCKED] ARKTRY reason=insufficient_cash order=0.00 cash=0.00
[SIGNAL] 2026-08-10T19:49:59+00:00 BANANATRY BUY fill_at=2026-08-10T19:54:59+00:00 features={"close": 174.0, "bb_lower": 174.3176748568601, "bb_upper": 175.4918489526637, "rsi": 28.942122485319047, "mfi": 0.0, "atr": 0.07142857142857142}
[BLOCKED] BANANATRY reason=insufficient_cash order=0.00 cash=0.00
[SIGNAL] 2026-08-10T19:49:59+00:00 FLOKITRY BUY fill_at=2026-08-10T19:54:59+00:00 features={"close": 0.000997, "bb_lower": 0.0009976285107679795, "bb_upper": 0.001003609584470116, "rsi": 30.272202417747806, "mfi": 15.248517579322936, "atr": 1.0000000000000243e-06}
[BLOCKED] FLOKITRY reason=insufficient_cash order=0.00 cash=0.00
[SIGNAL] 2026-08-10T19:49:59+00:00 METRY BUY fill_at=2026-08-10T19:54:59+00:00 features={"close": 3.136, "bb_lower": 3.1369712581667453, "bb_upper": 3.2812192180237303, "rsi": 35.64566583022959, "mfi": 22.940443599146434, "atr": 0.031428571428571424}
[BLOCKED] METRY reason=insufficient_cash order=0.00 cash=0.00
[SIGNAL] 2026-08-10T19:49:59+00:00 PHATRY BUY fill_at=2026-08-10T19:54:59+00:00 features={"close": 1.18, "bb_lower": 1.1800948675203946, "bb_upper": 1.2780003705748433, "rsi": 30.909740137107704, "mfi": 33.748692278550934, "atr": 0.01857142857142859}
[BLOCKED] PHATRY reason=insufficient_cash order=0.00 cash=0.00
[SIGNAL] 2026-08-10T19:49:59+00:00 SXTTRY BUY fill_at=2026-08-10T19:54:59+00:00 features={"close": 0.3643, "bb_lower": 0.36468280833778577, "bb_upper": 0.36674576309078577, "rsi": 30.325829698727205, "mfi": 12.111510331703002, "atr": 0.00017142857142858032}
[BLOCKED] SXTTRY reason=insufficient_cash order=0.00 cash=0.00
[SCAN] 2026-08-10T19:54:59+00:00 symbols=121 signals=9 entries=0 exits=0 blocked=9 open=8 cash=0.00 equity=10025.05
[SIGNAL] 2026-08-10T19:54:59+00:00 AITRY BUY fill_at=2026-08-10T19:59:59+00:00 features={"close": 0.84, "bb_lower": 0.8415728864491909, "bb_upper": 0.8555699706936661, "rsi": 20.1567879113031, "mfi": 0.0, "atr": 0.0007142857142857149}
[BLOCKED] AITRY reason=insufficient_cash order=0.00 cash=0.00
[SIGNAL] 2026-08-10T19:54:59+00:00 API3TRY BUY fill_at=2026-08-10T19:59:59+00:00 features={"close": 9.25, "bb_lower": 9.2589025750665, "bb_upper": 9.332525996362072, "rsi": 26.402828131930406, "mfi": 10.870173317704172, "atr": 0.0064285714285715456}
[BLOCKED] API3TRY reason=insufficient_cash order=0.00 cash=0.00
[SIGNAL] 2026-08-10T19:54:59+00:00 ARKTRY BUY fill_at=2026-08-10T19:59:59+00:00 features={"close": 4.46, "bb_lower": 4.460240628452884, "bb_upper": 4.482616514404257, "rsi": 11.121071818477375, "mfi": 0.0, "atr": 0.0007142857142856991}
[BLOCKED] ARKTRY reason=insufficient_cash order=0.00 cash=0.00
[SIGNAL] 2026-08-10T19:54:59+00:00 BANANATRY BUY fill_at=2026-08-10T19:59:59+00:00 features={"close": 174.0, "bb_lower": 174.1572886449191, "bb_upper": 175.55699706936662, "rsi": 28.942122485319047, "mfi": 0.0, "atr": 0.07142857142857142}
[BLOCKED] BANANATRY reason=insufficient_cash order=0.00 cash=0.00
[SIGNAL] 2026-08-10T19:54:59+00:00 TRXTRY BUY fill_at=2026-08-10T19:59:59+00:00 features={"close": 15.753, "bb_lower": 15.753602558204424, "bb_upper": 15.766683156081292, "rsi": 39.86703148727481, "mfi": 23.767317048919082, "atr": 0.005857142857143164}
[BLOCKED] TRXTRY reason=insufficient_cash order=0.00 cash=0.00
[SIGNAL] 2026-08-10T19:54:59+00:00 XPLTRY BUY fill_at=2026-08-10T19:59:59+00:00 features={"close": 3.735, "bb_lower": 3.73759293001449, "bb_upper": 3.768788022366462, "rsi": 33.194338876548954, "mfi": 22.887575885976503, "atr": 0.00414285714285713}
[BLOCKED] XPLTRY reason=insufficient_cash order=0.00 cash=0.00
[SCAN] 2026-08-10T19:59:59+00:00 symbols=121 signals=6 entries=0 exits=0 blocked=6 open=8 cash=0.00 equity=10023.45
[SIGNAL] 2026-08-10T19:59:59+00:00 AITRY BUY fill_at=2026-08-10T20:04:59+00:00 features={"close": 0.84, "bb_lower": 0.840241703570252, "bb_upper": 0.8559487726202241, "rsi": 20.1567879113031, "mfi": 0.0, "atr": 0.0007142857142857149}
[BLOCKED] AITRY reason=insufficient_cash order=0.00 cash=0.00
[SIGNAL] 2026-08-10T19:59:59+00:00 API3TRY BUY fill_at=2026-08-10T20:04:59+00:00 features={"close": 9.23, "bb_lower": 9.247421063644977, "bb_upper": 9.339245603021693, "rsi": 21.40631242386918, "mfi": 10.199288748792966, "atr": 0.0071428571428571175}
[BLOCKED] API3TRY reason=insufficient_cash order=0.00 cash=0.00
[SIGNAL] 2026-08-10T19:59:59+00:00 BANANATRY BUY fill_at=2026-08-10T20:04:59+00:00 features={"close": 174.0, "bb_lower": 174.02417035702518, "bb_upper": 175.5948772620224, "rsi": 28.942122485319047, "mfi": 0.0, "atr": 0.07142857142857142}
[BLOCKED] BANANATRY reason=insufficient_cash order=0.00 cash=0.00
[SIGNAL] 2026-08-10T19:59:59+00:00 GUNTRY BUY fill_at=2026-08-10T20:04:59+00:00 features={"close": 0.156, "bb_lower": 0.15663231621190493, "bb_upper": 0.16089149331190455, "rsi": 33.36689674459616, "mfi": 38.53594188658753, "atr": 0.0012142857142857153}
[BLOCKED] GUNTRY reason=insufficient_cash order=0.00 cash=0.00
[SIGNAL] 2026-08-10T19:59:59+00:00 LATRY BUY fill_at=2026-08-10T20:04:59+00:00 features={"close": 2.57, "bb_lower": 2.572933628926432, "bb_upper": 2.623256847264044, "rsi": 35.422291201105196, "mfi": 1.3271861805606733, "atr": 0.01142857142857147}
[BLOCKED] LATRY reason=insufficient_cash order=0.00 cash=0.00
[SIGNAL] 2026-08-10T19:59:59+00:00 ORDITRY BUY fill_at=2026-08-10T20:04:59+00:00 features={"close": 164.5, "bb_lower": 164.54063986352244, "bb_upper": 167.06888394600136, "rsi": 25.614118492419863, "mfi": 12.751501239612907, "atr": 0.2571428571428608}
[BLOCKED] ORDITRY reason=insufficient_cash order=0.00 cash=0.00
[SIGNAL] 2026-08-10T19:59:59+00:00 SPKTRY BUY fill_at=2026-08-10T20:04:59+00:00 features={"close": 0.6939, "bb_lower": 0.6940901774044431, "bb_upper": 0.6964431559288901, "rsi": 32.027207446967836, "mfi": 6.980957444791429, "atr": 0.0002428571428571399}
[BLOCKED] SPKTRY reason=insufficient_cash order=0.00 cash=0.00
[SIGNAL] 2026-08-10T19:59:59+00:00 SXTTRY BUY fill_at=2026-08-10T20:04:59+00:00 features={"close": 0.3639, "bb_lower": 0.364311854706281, "bb_upper": 0.36691671672229054, "rsi": 27.133376975186664, "mfi": 55.68985423512039, "atr": 0.00019285714285714937}
[BLOCKED] SXTTRY reason=insufficient_cash order=0.00 cash=0.00
[SIGNAL] 2026-08-10T19:59:59+00:00 XPLTRY BUY fill_at=2026-08-10T20:04:59+00:00 features={"close": 3.724, "bb_lower": 3.732008211924651, "bb_upper": 3.770658454742016, "rsi": 27.87172722303187, "mfi": 15.140617849906263, "atr": 0.005071428571428552}
[BLOCKED] XPLTRY reason=insufficient_cash order=0.00 cash=0.00
[SCAN] 2026-08-10T20:04:59+00:00 symbols=121 signals=9 entries=0 exits=0 blocked=9 open=8 cash=0.00 equity=10012.93
[SIGNAL] 2026-08-10T20:04:59+00:00 API3TRY BUY fill_at=2026-08-10T20:09:59+00:00 features={"close": 9.23, "bb_lower": 9.237210927793868, "bb_upper": 9.343741453158511, "rsi": 21.40631242386918, "mfi": 15.328433094238747, "atr": 0.0071428571428571175}
[BLOCKED] API3TRY reason=insufficient_cash order=0.00 cash=0.00
[SIGNAL] 2026-08-10T20:04:59+00:00 OPTRY BUY fill_at=2026-08-10T20:09:59+00:00 features={"close": 4.37, "bb_lower": 4.371466191484271, "bb_upper": 4.425676665658586, "rsi": 39.75531035393218, "mfi": 29.217530834455175, "atr": 0.006428571428571482}
[BLOCKED] OPTRY reason=insufficient_cash order=0.00 cash=0.00
[SIGNAL] 2026-08-10T20:04:59+00:00 SXTTRY BUY fill_at=2026-08-10T20:09:59+00:00 features={"close": 0.3639, "bb_lower": 0.3640343715471219, "bb_upper": 0.36700372369097334, "rsi": 27.133376975186664, "mfi": 55.68985423512039, "atr": 0.00019285714285714937}
[BLOCKED] SXTTRY reason=insufficient_cash order=0.00 cash=0.00
[SIGNAL] 2026-08-10T20:04:59+00:00 XPLTRY BUY fill_at=2026-08-10T20:09:59+00:00 features={"close": 3.727, "bb_lower": 3.72843975683119, "bb_upper": 3.7707983384069057, "rsi": 31.134258336400606, "mfi": 14.874032337987757, "atr": 0.005785714285714251}
[BLOCKED] XPLTRY reason=insufficient_cash order=0.00 cash=0.00
[SCAN] 2026-08-10T20:09:59+00:00 symbols=121 signals=4 entries=0 exits=0 blocked=4 open=8 cash=0.00 equity=10015.55
[SIGNAL] 2026-08-10T20:09:59+00:00 API3TRY BUY fill_at=2026-08-10T20:14:59+00:00 features={"close": 9.22, "bb_lower": 9.225997329831335, "bb_upper": 9.34828838445438, "rsi": 19.266774274929375, "mfi": 15.101488964336895, "atr": 0.0071428571428571175}
[BLOCKED] API3TRY reason=insufficient_cash order=0.00 cash=0.00
[SIGNAL] 2026-08-10T20:09:59+00:00 GUNTRY BUY fill_at=2026-08-10T20:14:59+00:00 features={"close": 0.156, "bb_lower": 0.15605887505556706, "bb_upper": 0.1610839820872901, "rsi": 35.88830663585587, "mfi": 34.99054525857757, "atr": 0.001285714285714287}
[BLOCKED] GUNTRY reason=insufficient_cash order=0.00 cash=0.00
[SCAN] 2026-08-10T20:14:59+00:00 symbols=121 signals=2 entries=0 exits=0 blocked=2 open=8 cash=0.00 equity=10016.80
[SIGNAL] 2026-08-10T20:14:59+00:00 BBTRY BUY fill_at=2026-08-10T20:19:59+00:00 features={"close": 0.6455, "bb_lower": 0.6458403655577808, "bb_upper": 0.6543977296803142, "rsi": 31.873072875503183, "mfi": 40.35196457774447, "atr": 0.0020142857142857146}
[BLOCKED] BBTRY reason=insufficient_cash order=0.00 cash=0.00
[SIGNAL] 2026-08-10T20:14:59+00:00 NEIROTRY BUY fill_at=2026-08-10T20:19:59+00:00 features={"close": 0.00344, "bb_lower": 0.0034407958865405727, "bb_upper": 0.0034858707801260934, "rsi": 35.987951855799395, "mfi": 39.46349691793232, "atr": 9.28571428571431e-06}
[BLOCKED] NEIROTRY reason=insufficient_cash order=0.00 cash=0.00
[SIGNAL] 2026-08-10T20:14:59+00:00 RETRY BUY fill_at=2026-08-10T20:19:59+00:00 features={"close": 19.33, "bb_lower": 19.35447211578146, "bb_upper": 19.87981359850426, "rsi": 25.020592755056413, "mfi": 32.13789886231872, "atr": 0.11285714285714274}
[BLOCKED] RETRY reason=insufficient_cash order=0.00 cash=0.00
[SIGNAL] 2026-08-10T20:14:59+00:00 THETATRY BUY fill_at=2026-08-10T20:19:59+00:00 features={"close": 6.631, "bb_lower": 6.657276858252249, "bb_upper": 6.744342189366799, "rsi": 20.173342035596903, "mfi": 12.614769487393232, "atr": 0.008142857142857072}
[BLOCKED] THETATRY reason=insufficient_cash order=0.00 cash=0.00
[SCAN] 2026-08-10T20:19:59+00:00 symbols=121 signals=4 entries=0 exits=0 blocked=4 open=8 cash=0.00 equity=10021.35
[SIGNAL] 2026-08-10T20:19:59+00:00 RETRY BUY fill_at=2026-08-10T20:24:59+00:00 features={"close": 19.32, "bb_lower": 19.327920404675005, "bb_upper": 19.852079595325, "rsi": 24.728717260085403, "mfi": 32.1070255560345, "atr": 0.11214285714285717}
[BLOCKED] RETRY reason=insufficient_cash order=0.00 cash=0.00
[SCAN] 2026-08-10T20:24:59+00:00 symbols=121 signals=1 entries=0 exits=0 blocked=1 open=8 cash=0.00 equity=10018.29
[SIGNAL] 2026-08-10T20:24:59+00:00 ALTTRY BUY fill_at=2026-08-10T20:29:59+00:00 features={"close": 0.293, "bb_lower": 0.2931861560936011, "bb_upper": 0.29529003438258916, "rsi": 35.05259487133006, "mfi": 12.96217420890828, "atr": 0.0007142857142857149}
[BLOCKED] ALTTRY reason=insufficient_cash order=0.00 cash=0.00
[SCAN] 2026-08-10T20:29:59+00:00 symbols=121 signals=1 entries=0 exits=0 blocked=1 open=8 cash=0.00 equity=10018.53
[SIGNAL] 2026-08-10T20:29:59+00:00 ALTTRY BUY fill_at=2026-08-10T20:34:59+00:00 features={"close": 0.291, "bb_lower": 0.2923599957003172, "bb_upper": 0.2957352423949208, "rsi": 24.46974415047663, "mfi": 12.450797285428806, "atr": 0.0007857142857142864}
[BLOCKED] ALTTRY reason=insufficient_cash order=0.00 cash=0.00
[SIGNAL] 2026-08-10T20:29:59+00:00 VANATRY BUY fill_at=2026-08-10T20:34:59+00:00 features={"close": 42.0, "bb_lower": 42.01972963545539, "bb_upper": 42.28503226930653, "rsi": 30.836693339422823, "mfi": 41.534605718564485, "atr": 0.028571428571428976}
[BLOCKED] VANATRY reason=insufficient_cash order=0.00 cash=0.00
[SCAN] 2026-08-10T20:34:59+00:00 symbols=121 signals=2 entries=0 exits=0 blocked=2 open=8 cash=0.00 equity=10021.79
[SIGNAL] 2026-08-10T20:34:59+00:00 ALICETRY BUY fill_at=2026-08-10T20:39:59+00:00 features={"close": 5.83, "bb_lower": 5.845483432083495, "bb_upper": 6.041183234583172, "rsi": 30.456110093734154, "mfi": 10.248521378352578, "atr": 0.025714285714285672}
[BLOCKED] ALICETRY reason=insufficient_cash order=0.00 cash=0.00
[SIGNAL] 2026-08-10T20:34:59+00:00 ALTTRY BUY fill_at=2026-08-10T20:39:59+00:00 features={"close": 0.291, "bb_lower": 0.29178366275646883, "bb_upper": 0.2959306229578169, "rsi": 24.46974415047663, "mfi": 12.405733819745294, "atr": 0.0007142857142857149}
[BLOCKED] ALTTRY reason=insufficient_cash order=0.00 cash=0.00
[SIGNAL] 2026-08-10T20:34:59+00:00 VANATRY BUY fill_at=2026-08-10T20:39:59+00:00 features={"close": 42.0, "bb_lower": 42.01972963545539, "bb_upper": 42.28503226930653, "rsi": 30.836693339422823, "mfi": 41.534605718564485, "atr": 0.028571428571428976}
[BLOCKED] VANATRY reason=insufficient_cash order=0.00 cash=0.00
[SCAN] 2026-08-10T20:39:59+00:00 symbols=121 signals=3 entries=0 exits=0 blocked=3 open=8 cash=0.00 equity=10018.25
[SIGNAL] 2026-08-10T20:39:59+00:00 ARKMTRY BUY fill_at=2026-08-10T20:44:59+00:00 features={"close": 4.662, "bb_lower": 4.664910453300755, "bb_upper": 4.695184784794486, "rsi": 31.440376232828314, "mfi": 13.409868278686943, "atr": 0.004142857142857067}
[BLOCKED] ARKMTRY reason=insufficient_cash order=0.00 cash=0.00
[SIGNAL] 2026-08-10T20:39:59+00:00 VANATRY BUY fill_at=2026-08-10T20:44:59+00:00 features={"close": 42.0, "bb_lower": 42.00131150956441, "bb_upper": 42.293926585673695, "rsi": 30.836693339422823, "mfi": 41.534605718564485, "atr": 0.028571428571428976}
[BLOCKED] VANATRY reason=insufficient_cash order=0.00 cash=0.00
[SCAN] 2026-08-10T20:44:59+00:00 symbols=121 signals=2 entries=0 exits=0 blocked=2 open=8 cash=0.00 equity=10018.44
[SIGNAL] 2026-08-10T20:44:59+00:00 ARKMTRY BUY fill_at=2026-08-10T20:49:59+00:00 features={"close": 4.662, "bb_lower": 4.662195428762505, "bb_upper": 4.69561409504702, "rsi": 31.440376232828314, "mfi": 13.232197475095873, "atr": 0.003785714285714218}
[BLOCKED] ARKMTRY reason=insufficient_cash order=0.00 cash=0.00
[SIGNAL] 2026-08-10T20:44:59+00:00 VANATRY BUY fill_at=2026-08-10T20:49:59+00:00 features={"close": 41.9, "bb_lower": 41.958400359389394, "bb_upper": 42.317790116801085, "rsi": 24.884765336258752, "mfi": 36.693672518932644, "atr": 0.03571428571428622}
[BLOCKED] VANATRY reason=insufficient_cash order=0.00 cash=0.00
[SCAN] 2026-08-10T20:49:59+00:00 symbols=121 signals=2 entries=0 exits=0 blocked=2 open=8 cash=0.00 equity=10017.11
[SIGNAL] 2026-08-10T20:49:59+00:00 APTTRY BUY fill_at=2026-08-10T20:54:59+00:00 features={"close": 28.1, "bb_lower": 28.12097181932255, "bb_upper": 28.30759960924889, "rsi": 30.568717933707674, "mfi": 0.0, "atr": 0.014285714285713982}
[BLOCKED] APTTRY reason=insufficient_cash order=0.00 cash=0.00
[SIGNAL] 2026-08-10T20:49:59+00:00 ARKMTRY BUY fill_at=2026-08-10T20:54:59+00:00 features={"close": 4.652, "bb_lower": 4.657299734700454, "bb_upper": 4.6975574081566895, "rsi": 25.59631776788848, "mfi": 13.944253047927589, "atr": 0.00399999999999994}
[BLOCKED] ARKMTRY reason=insufficient_cash order=0.00 cash=0.00
[SIGNAL] 2026-08-10T20:49:59+00:00 ATOMTRY BUY fill_at=2026-08-10T20:54:59+00:00 features={"close": 66.7, "bb_lower": 66.84350123214058, "bb_upper": 67.54697495833561, "rsi": 27.454479684068133, "mfi": 14.532897714490389, "atr": 0.0642857142857147}
[BLOCKED] ATOMTRY reason=insufficient_cash order=0.00 cash=0.00
[SIGNAL] 2026-08-10T20:49:59+00:00 AVNTTRY BUY fill_at=2026-08-10T20:54:59+00:00 features={"close": 4.39, "bb_lower": 4.390299786503317, "bb_upper": 4.457319261115733, "rsi": 31.933376416611537, "mfi": 18.152884967189763, "atr": 0.01285714285714271}
[BLOCKED] AVNTTRY reason=insufficient_cash order=0.00 cash=0.00
[SIGNAL] 2026-08-10T20:49:59+00:00 HOMETRY BUY fill_at=2026-08-10T20:54:59+00:00 features={"close": 0.456, "bb_lower": 0.4565742602018015, "bb_upper": 0.49180669217915074, "rsi": 25.200834892443552, "mfi": 32.093656168177034, "atr": 0.005071428571428564}
[BLOCKED] HOMETRY reason=insufficient_cash order=0.00 cash=0.00
[SIGNAL] 2026-08-10T20:49:59+00:00 VANATRY BUY fill_at=2026-08-10T20:54:59+00:00 features={"close": 41.9, "bb_lower": 41.91999109943779, "bb_upper": 42.32762794818127, "rsi": 24.884765336258752, "mfi": 36.693672518932644, "atr": 0.03571428571428622}
[BLOCKED] VANATRY reason=insufficient_cash order=0.00 cash=0.00
[SCAN] 2026-08-10T20:54:59+00:00 symbols=121 signals=6 entries=0 exits=0 blocked=6 open=8 cash=0.00 equity=10015.16
[SIGNAL] 2026-08-10T20:54:59+00:00 APTTRY BUY fill_at=2026-08-10T20:59:59+00:00 features={"close": 28.1, "bb_lower": 28.10432989507441, "bb_upper": 28.314717723973214, "rsi": 30.568717933707674, "mfi": 0.0, "atr": 0.014285714285713982}
[BLOCKED] APTTRY reason=insufficient_cash order=0.00 cash=0.00
[SIGNAL] 2026-08-10T20:54:59+00:00 ARKMTRY BUY fill_at=2026-08-10T20:59:59+00:00 features={"close": 4.652, "bb_lower": 4.653311919784083, "bb_upper": 4.698973794501632, "rsi": 25.59631776788848, "mfi": 12.679983072640567, "atr": 0.003928571428571408}
[BLOCKED] ARKMTRY reason=insufficient_cash order=0.00 cash=0.00
[SIGNAL] 2026-08-10T20:54:59+00:00 ATOMTRY BUY fill_at=2026-08-10T20:59:59+00:00 features={"close": 66.7, "bb_lower": 66.76036706651998, "bb_upper": 67.57296626681337, "rsi": 27.454479684068133, "mfi": 16.915539408023207, "atr": 0.0642857142857147}
[BLOCKED] ATOMTRY reason=insufficient_cash order=0.00 cash=0.00
[SCAN] 2026-08-10T20:59:59+00:00 symbols=121 signals=3 entries=0 exits=0 blocked=3 open=8 cash=0.00 equity=10017.55
[SIGNAL] 2026-08-10T20:59:59+00:00 APTTRY BUY fill_at=2026-08-10T21:04:59+00:00 features={"close": 28.0, "bb_lower": 28.061986888131532, "bb_upper": 28.338013111868474, "rsi": 21.649048883331915, "mfi": 0.0, "atr": 0.021428571428571224}
[BLOCKED] APTTRY reason=insufficient_cash order=0.00 cash=0.00
[SIGNAL] 2026-08-10T20:59:59+00:00 ARKMTRY BUY fill_at=2026-08-10T21:04:59+00:00 features={"close": 4.644, "bb_lower": 4.647917224291356, "bb_upper": 4.701035156661027, "rsi": 21.793034121792516, "mfi": 19.24632250652978, "atr": 0.004499999999999981}
[BLOCKED] ARKMTRY reason=insufficient_cash order=0.00 cash=0.00
[SIGNAL] 2026-08-10T20:59:59+00:00 ATOMTRY BUY fill_at=2026-08-10T21:04:59+00:00 features={"close": 66.7, "bb_lower": 66.70478865788026, "bb_upper": 67.55235419926261, "rsi": 27.454479684068133, "mfi": 16.915539408023207, "atr": 0.0642857142857147}
[BLOCKED] ATOMTRY reason=insufficient_cash order=0.00 cash=0.00
[SIGNAL] 2026-08-10T20:59:59+00:00 EIGENTRY BUY fill_at=2026-08-10T21:04:59+00:00 features={"close": 8.525, "bb_lower": 8.529383867403068, "bb_upper": 8.617282799263597, "rsi": 31.87736521802188, "mfi": 19.315202072458575, "atr": 0.016000000000000014}
[BLOCKED] EIGENTRY reason=insufficient_cash order=0.00 cash=0.00
[SIGNAL] 2026-08-10T20:59:59+00:00 FETTRY BUY fill_at=2026-08-10T21:04:59+00:00 features={"close": 6.46, "bb_lower": 6.466619115452587, "bb_upper": 6.50004755121408, "rsi": 40.488382854233464, "mfi": 48.276551999770106, "atr": 0.010714285714285867}
[BLOCKED] FETTRY reason=insufficient_cash order=0.00 cash=0.00
[SIGNAL] 2026-08-10T20:59:59+00:00 PENGUTRY BUY fill_at=2026-08-10T21:04:59+00:00 features={"close": 0.3173, "bb_lower": 0.31730434649736367, "bb_upper": 0.32014327255025526, "rsi": 41.941325602465696, "mfi": 47.234833300944636, "atr": 0.0007928571428571388}
[BLOCKED] PENGUTRY reason=insufficient_cash order=0.00 cash=0.00
[SIGNAL] 2026-08-10T20:59:59+00:00 ZKTRY BUY fill_at=2026-08-10T21:04:59+00:00 features={"close": 0.376, "bb_lower": 0.37601845252620325, "bb_upper": 0.37845773794998716, "rsi": 35.99879712085597, "mfi": 39.88906428592343, "atr": 0.00035714285714285747}
[BLOCKED] ZKTRY reason=insufficient_cash order=0.00 cash=0.00
[SCAN] 2026-08-10T21:04:59+00:00 symbols=121 signals=7 entries=0 exits=0 blocked=7 open=8 cash=0.00 equity=10012.11
[SIGNAL] 2026-08-10T21:04:59+00:00 AEVOTRY BUY fill_at=2026-08-10T21:09:59+00:00 features={"close": 0.981, "bb_lower": 0.9816960156300452, "bb_upper": 0.9891611272270986, "rsi": 28.991045041607848, "mfi": 2.925391560137953, "atr": 0.0010000000000000009}
[BLOCKED] AEVOTRY reason=insufficient_cash order=0.00 cash=0.00
[SIGNAL] 2026-08-10T21:04:59+00:00 ALPINETRY BUY fill_at=2026-08-10T21:09:59+00:00 features={"close": 15.67, "bb_lower": 15.68290593947417, "bb_upper": 15.761855965287742, "rsi": 29.153893515134513, "mfi": 15.010630809420405, "atr": 0.009285714285714215}
[BLOCKED] ALPINETRY reason=max_layers
[SIGNAL] 2026-08-10T21:04:59+00:00 APTTRY BUY fill_at=2026-08-10T21:09:59+00:00 features={"close": 28.0, "bb_lower": 28.03097069705455, "bb_upper": 28.340457874374017, "rsi": 21.649048883331915, "mfi": 0.0, "atr": 0.021428571428571224}
[BLOCKED] APTTRY reason=insufficient_cash order=0.00 cash=0.00
[SIGNAL] 2026-08-10T21:04:59+00:00 CYBERTRY BUY fill_at=2026-08-10T21:09:59+00:00 features={"close": 14.9, "bb_lower": 14.92621477415318, "bb_upper": 15.159499511561101, "rsi": 33.569104296706186, "mfi": 7.052831542778122, "atr": 0.03571428571428559}
[BLOCKED] CYBERTRY reason=insufficient_cash order=0.00 cash=0.00
[SIGNAL] 2026-08-10T21:04:59+00:00 FETTRY BUY fill_at=2026-08-10T21:09:59+00:00 features={"close": 6.46, "bb_lower": 6.462956116138695, "bb_upper": 6.501805788623212, "rsi": 40.488382854233464, "mfi": 37.08297457462923, "atr": 0.010714285714285867}
[BLOCKED] FETTRY reason=insufficient_cash order=0.00 cash=0.00
[SIGNAL] 2026-08-10T21:04:59+00:00 GASTRY BUY fill_at=2026-08-10T21:09:59+00:00 features={"close": 44.7, "bb_lower": 44.75264632423809, "bb_upper": 44.837829866238074, "rsi": 14.354053494979908, "mfi": 0.0, "atr": 0.007142857142856737}
[BLOCKED] GASTRY reason=insufficient_cash order=0.00 cash=0.00
[SIGNAL] 2026-08-10T21:04:59+00:00 HBARTRY BUY fill_at=2026-08-10T21:09:59+00:00 features={"close": 3.231, "bb_lower": 3.233094130750382, "bb_upper": 3.249477297821046, "rsi": 30.823787960576695, "mfi": 25.257932128505573, "atr": 0.002285714285714256}
[BLOCKED] HBARTRY reason=insufficient_cash order=0.00 cash=0.00
[SIGNAL] 2026-08-10T21:04:59+00:00 REDTRY BUY fill_at=2026-08-10T21:09:59+00:00 features={"close": 4.2, "bb_lower": 4.207274008099297, "bb_upper": 4.2365355157102265, "rsi": 23.289547076570685, "mfi": 0.0, "atr": 0.0021428571428571607}
[BLOCKED] REDTRY reason=insufficient_cash order=0.00 cash=0.00
[SIGNAL] 2026-08-10T21:04:59+00:00 VANATRY BUY fill_at=2026-08-10T21:09:59+00:00 features={"close": 41.7, "bb_lower": 41.81462606754077, "bb_upper": 42.34727869436399, "rsi": 23.485845608839995, "mfi": 36.90133116671942, "atr": 0.0642857142857147}
[BLOCKED] VANATRY reason=insufficient_cash order=0.00 cash=0.00
[SCAN] 2026-08-10T21:09:59+00:00 symbols=121 signals=9 entries=0 exits=0 blocked=9 open=8 cash=0.00 equity=10020.76
[SIGNAL] 2026-08-10T21:09:59+00:00 AEROTRY BUY fill_at=2026-08-10T21:14:59+00:00 features={"close": 19.8, "bb_lower": 19.80517463840883, "bb_upper": 19.91958726635307, "rsi": 28.982245136924604, "mfi": 12.793324319690399, "atr": 0.010714285714285867}
[BLOCKED] AEROTRY reason=insufficient_cash order=0.00 cash=0.00
[SIGNAL] 2026-08-10T21:09:59+00:00 ALPINETRY BUY fill_at=2026-08-10T21:14:59+00:00 features={"close": 15.67, "bb_lower": 15.674644263238893, "bb_upper": 15.765355736761109, "rsi": 29.153893515134513, "mfi": 0.804157972015318, "atr": 0.009285714285714215}
[BLOCKED] ALPINETRY reason=max_layers
[SIGNAL] 2026-08-10T21:09:59+00:00 APTTRY BUY fill_at=2026-08-10T21:14:59+00:00 features={"close": 28.0, "bb_lower": 28.006471351660107, "bb_upper": 28.336385791197035, "rsi": 21.649048883331915, "mfi": 0.0, "atr": 0.021428571428571224}
[BLOCKED] APTTRY reason=insufficient_cash order=0.00 cash=0.00
[SIGNAL] 2026-08-10T21:09:59+00:00 ARBTRY BUY fill_at=2026-08-10T21:14:59+00:00 features={"close": 3.82, "bb_lower": 3.8222158742852064, "bb_upper": 3.853974601905269, "rsi": 41.93582298999722, "mfi": 21.87183278873455, "atr": 0.007142857142857085}
[BLOCKED] ARBTRY reason=insufficient_cash order=0.00 cash=0.00
[SIGNAL] 2026-08-10T21:09:59+00:00 CELOTRY BUY fill_at=2026-08-10T21:14:59+00:00 features={"close": 2.99, "bb_lower": 2.993225259383747, "bb_upper": 3.0052509310924433, "rsi": 10.27905422328125, "mfi": 57.84059201612431, "atr": 0.0007142857142856991}
[BLOCKED] CELOTRY reason=insufficient_cash order=0.00 cash=0.00
[SIGNAL] 2026-08-10T21:09:59+00:00 CYBERTRY BUY fill_at=2026-08-10T21:14:59+00:00 features={"close": 14.9, "bb_lower": 14.90751134094474, "bb_upper": 15.168679135245732, "rsi": 33.569104296706186, "mfi": 7.113980974910433, "atr": 0.03571428571428559}
[BLOCKED] CYBERTRY reason=insufficient_cash order=0.00 cash=0.00
[SIGNAL] 2026-08-10T21:09:59+00:00 GASTRY BUY fill_at=2026-08-10T21:14:59+00:00 features={"close": 44.7, "bb_lower": 44.73176748568601, "bb_upper": 44.84918489526636, "rsi": 14.354053494979908, "mfi": 0.0, "atr": 0.007142857142856737}
[BLOCKED] GASTRY reason=insufficient_cash order=0.00 cash=0.00
[SIGNAL] 2026-08-10T21:09:59+00:00 LDOTRY BUY fill_at=2026-08-10T21:14:59+00:00 features={"close": 14.06, "bb_lower": 14.073739025392015, "bb_upper": 14.176737165084173, "rsi": 43.19063292374791, "mfi": 48.612039902375464, "atr": 0.03500000000000027}
[BLOCKED] LDOTRY reason=insufficient_cash order=0.00 cash=0.00
[SIGNAL] 2026-08-10T21:09:59+00:00 REDTRY BUY fill_at=2026-08-10T21:14:59+00:00 features={"close": 4.2, "bb_lower": 4.20476870887187, "bb_upper": 4.238088433985273, "rsi": 23.289547076570685, "mfi": 0.0, "atr": 0.0021428571428571607}
[BLOCKED] REDTRY reason=insufficient_cash order=0.00 cash=0.00
[SIGNAL] 2026-08-10T21:09:59+00:00 SUNTRY BUY fill_at=2026-08-10T21:14:59+00:00 features={"close": 0.8662, "bb_lower": 0.8664632316211905, "bb_upper": 0.8668891493311907, "rsi": 44.94098879905496, "mfi": 0.0, "atr": 3.571428571428971e-05}
[BLOCKED] SUNTRY reason=insufficient_cash order=0.00 cash=0.00
[SIGNAL] 2026-08-10T21:09:59+00:00 USTCTRY BUY fill_at=2026-08-10T21:14:59+00:00 features={"close": 0.2396, "bb_lower": 0.23960513170705172, "bb_upper": 0.24113772543580536, "rsi": 32.01575137615545, "mfi": 0.0, "atr": 0.00012142857142857193}
[BLOCKED] USTCTRY reason=insufficient_cash order=0.00 cash=0.00
[SIGNAL] 2026-08-10T21:09:59+00:00 VANATRY BUY fill_at=2026-08-10T21:14:59+00:00 features={"close": 41.7, "bb_lower": 41.751192792300785, "bb_upper": 42.36309292198494, "rsi": 23.485845608839995, "mfi": 36.90133116671942, "atr": 0.0642857142857147}
[BLOCKED] VANATRY reason=insufficient_cash order=0.00 cash=0.00
[SCAN] 2026-08-10T21:14:59+00:00 symbols=121 signals=12 entries=0 exits=0 blocked=12 open=8 cash=0.00 equity=10000.44
[SIGNAL] 2026-08-10T21:14:59+00:00 AEROTRY BUY fill_at=2026-08-10T21:19:59+00:00 features={"close": 19.77, "bb_lower": 19.78867973981876, "bb_upper": 19.92465359351457, "rsi": 22.444959831738146, "mfi": 12.869163087348952, "atr": 0.011428571428571692}
[BLOCKED] AEROTRY reason=insufficient_cash order=0.00 cash=0.00
[SIGNAL] 2026-08-10T21:14:59+00:00 AEVOTRY BUY fill_at=2026-08-10T21:19:59+00:00 features={"close": 0.979, "bb_lower": 0.9806602292088017, "bb_upper": 0.9887683422197703, "rsi": 29.846252414691293, "mfi": 5.144544603736094, "atr": 0.001285714285714287}
[BLOCKED] AEVOTRY reason=insufficient_cash order=0.00 cash=0.00
[SIGNAL] 2026-08-10T21:14:59+00:00 ALLOTRY BUY fill_at=2026-08-10T21:19:59+00:00 features={"close": 14.78, "bb_lower": 14.792980557630157, "bb_upper": 15.029876585226985, "rsi": 35.59402360263718, "mfi": 55.348786212460915, "atr": 0.08142857142857148}
[BLOCKED] ALLOTRY reason=insufficient_cash order=0.00 cash=0.00
[SIGNAL] 2026-08-10T21:14:59+00:00 API3TRY BUY fill_at=2026-08-10T21:19:59+00:00 features={"close": 9.14, "bb_lower": 9.15024754405703, "bb_upper": 9.30022864641916, "rsi": 12.745933748818445, "mfi": 52.18293199055771, "atr": 0.011428571428571439}
[BLOCKED] API3TRY reason=insufficient_cash order=0.00 cash=0.00
[SIGNAL] 2026-08-10T21:14:59+00:00 ARBTRY BUY fill_at=2026-08-10T21:19:59+00:00 features={"close": 3.81, "bb_lower": 3.8168260317561904, "bb_upper": 3.8565073015771425, "rsi": 37.43144863117201, "mfi": 19.333890818713044, "atr": 0.007857142857142785}
[BLOCKED] ARBTRY reason=insufficient_cash order=0.00 cash=0.00
[SIGNAL] 2026-08-10T21:14:59+00:00 ARKMTRY BUY fill_at=2026-08-10T21:19:59+00:00 features={"close": 4.635, "bb_lower": 4.637558655340866, "bb_upper": 4.700060392278182, "rsi": 24.921688766344957, "mfi": 36.090754679458826, "atr": 0.005214285714285679}
[BLOCKED] ARKMTRY reason=insufficient_cash order=0.00 cash=0.00
[SIGNAL] 2026-08-10T21:14:59+00:00 CELOTRY BUY fill_at=2026-08-10T21:19:59+00:00 features={"close": 2.977, "bb_lower": 2.9869467621012697, "bb_upper": 3.0091484759939684, "rsi": 5.930380737173294, "mfi": 22.164980079072294, "atr": 0.0016428571428571523}
[BLOCKED] CELOTRY reason=insufficient_cash order=0.00 cash=0.00
[SIGNAL] 2026-08-10T21:14:59+00:00 CETUSTRY BUY fill_at=2026-08-10T21:19:59+00:00 features={"close": 0.886, "bb_lower": 0.886607426321711, "bb_upper": 0.8911068593925748, "rsi": 38.4382401891117, "mfi": 34.92856558444389, "atr": 0.0008571428571428579}
[BLOCKED] CETUSTRY reason=insufficient_cash order=0.00 cash=0.00
[SIGNAL] 2026-08-10T21:14:59+00:00 EIGENTRY BUY fill_at=2026-08-10T21:19:59+00:00 features={"close": 8.5, "bb_lower": 8.513628862008366, "bb_upper": 8.624752090372583, "rsi": 28.56254486001376, "mfi": 26.214998634364804, "atr": 0.01657142857142852}
[BLOCKED] EIGENTRY reason=insufficient_cash order=0.00 cash=0.00
[SIGNAL] 2026-08-10T21:14:59+00:00 ENATRY BUY fill_at=2026-08-10T21:19:59+00:00 features={"close": 4.164, "bb_lower": 4.17108173642368, "bb_upper": 4.207203977862033, "rsi": 35.65678849760498, "mfi": 31.817029812937378, "atr": 0.007785714285714411}
[BLOCKED] ENATRY reason=insufficient_cash order=0.00 cash=0.00
[SIGNAL] 2026-08-10T21:14:59+00:00 FETTRY BUY fill_at=2026-08-10T21:19:59+00:00 features={"close": 6.45, "bb_lower": 6.454470578213398, "bb_upper": 6.504577040834221, "rsi": 36.37627513528514, "mfi": 31.363353987216513, "atr": 0.010000000000000104}
[BLOCKED] FETTRY reason=insufficient_cash order=0.00 cash=0.00
[SIGNAL] 2026-08-10T21:14:59+00:00 FLOKITRY BUY fill_at=2026-08-10T21:19:59+00:00 features={"close": 0.000996, "bb_lower": 0.0009965027745563533, "bb_upper": 0.0009999734159198371, "rsi": 35.12588209227762, "mfi": 53.30467495024978, "atr": 1.0714285714286207e-06}
[BLOCKED] FLOKITRY reason=insufficient_cash order=0.00 cash=0.00
[SIGNAL] 2026-08-10T21:14:59+00:00 GASTRY BUY fill_at=2026-08-10T21:19:59+00:00 features={"close": 44.7, "bb_lower": 44.715728864491915, "bb_upper": 44.855699706936655, "rsi": 14.354053494979922, "mfi": 0.0, "atr": 0.007142857142856737}
[BLOCKED] GASTRY reason=insufficient_cash order=0.00 cash=0.00
[SIGNAL] 2026-08-10T21:14:59+00:00 JTOTRY BUY fill_at=2026-08-10T21:19:59+00:00 features={"close": 25.86, "bb_lower": 25.96216470506139, "bb_upper": 26.193073390176693, "rsi": 29.161072182840428, "mfi": 38.591664412226784, "atr": 0.04857142857142855}
[BLOCKED] JTOTRY reason=insufficient_cash order=0.00 cash=0.00
[SIGNAL] 2026-08-10T21:14:59+00:00 LDOTRY BUY fill_at=2026-08-10T21:19:59+00:00 features={"close": 14.03, "bb_lower": 14.055239858930717, "bb_upper": 14.183807760116897, "rsi": 39.42817766025842, "mfi": 45.833899349327694, "atr": 0.03428571428571457}
[BLOCKED] LDOTRY reason=insufficient_cash order=0.00 cash=0.00
[SIGNAL] 2026-08-10T21:14:59+00:00 OPTRY BUY fill_at=2026-08-10T21:19:59+00:00 features={"close": 4.34, "bb_lower": 4.345852482135699, "bb_upper": 4.399861803578586, "rsi": 27.75426165713324, "mfi": 2.510793420421109, "atr": 0.004999999999999957}
[BLOCKED] OPTRY reason=insufficient_cash order=0.00 cash=0.00
[SIGNAL] 2026-08-10T21:14:59+00:00 PENGUTRY BUY fill_at=2026-08-10T21:19:59+00:00 features={"close": 0.3154, "bb_lower": 0.3163060409620097, "bb_upper": 0.32041776856179977, "rsi": 31.99327397167052, "mfi": 45.020799949788874, "atr": 0.0008499999999999976}
[BLOCKED] PENGUTRY reason=insufficient_cash order=0.00 cash=0.00
[SIGNAL] 2026-08-10T21:14:59+00:00 REDTRY BUY fill_at=2026-08-10T21:19:59+00:00 features={"close": 4.19, "bb_lower": 4.198614763428476, "bb_upper": 4.240432855619143, "rsi": 17.7172863153108, "mfi": 0.0, "atr": 0.002142857142857097}
[BLOCKED] REDTRY reason=insufficient_cash order=0.00 cash=0.00
[SIGNAL] 2026-08-10T21:14:59+00:00 REZTRY BUY fill_at=2026-08-10T21:19:59+00:00 features={"close": 0.1371, "bb_lower": 0.1371734857621353, "bb_upper": 0.13841699042834096, "rsi": 37.86533401133829, "mfi": 56.90845774893883, "atr": 0.00022142857142857082}
[BLOCKED] REZTRY reason=insufficient_cash order=0.00 cash=0.00
[SIGNAL] 2026-08-10T21:14:59+00:00 RVNTRY BUY fill_at=2026-08-10T21:19:59+00:00 features={"close": 0.1714, "bb_lower": 0.17165103622858743, "bb_upper": 0.17340610662855535, "rsi": 33.11677176852065, "mfi": 41.54652805651048, "atr": 0.00028571428571428796}
[BLOCKED] RVNTRY reason=insufficient_cash order=0.00 cash=0.00
[SIGNAL] 2026-08-10T21:14:59+00:00 SHIBTRY BUY fill_at=2026-08-10T21:19:59+00:00 features={"close": 0.0002157, "bb_lower": 0.0002178877863306354, "bb_upper": 0.00022227411843126938, "rsi": 10.4233156117144, "mfi": 2.761849756016062, "atr": 4.85714285714282e-07}
[BLOCKED] SHIBTRY reason=insufficient_cash order=0.00 cash=0.00
[SIGNAL] 2026-08-10T21:14:59+00:00 STOTRY BUY fill_at=2026-08-10T21:19:59+00:00 features={"close": 1.896, "bb_lower": 1.8991150809163904, "bb_upper": 1.9092658714645612, "rsi": 32.96621334911474, "mfi": 25.37514205460087, "atr": 0.0032142857142856774}
[BLOCKED] STOTRY reason=insufficient_cash order=0.00 cash=0.00
[SIGNAL] 2026-08-10T21:14:59+00:00 SUNTRY BUY fill_at=2026-08-10T21:19:59+00:00 features={"close": 0.8662, "bb_lower": 0.86635883742843, "bb_upper": 0.8669459244763319, "rsi": 44.94098879905497, "mfi": 0.0, "atr": 3.571428571428971e-05}
[BLOCKED] SUNTRY reason=insufficient_cash order=0.00 cash=0.00
[SIGNAL] 2026-08-10T21:14:59+00:00 SYRUPTRY BUY fill_at=2026-08-10T21:19:59+00:00 features={"close": 7.208, "bb_lower": 7.213693040160011, "bb_upper": 7.2298307693638, "rsi": 27.121195400624387, "mfi": 12.858004787936977, "atr": 0.0011428571428571438}
[BLOCKED] SYRUPTRY reason=insufficient_cash order=0.00 cash=0.00
[SIGNAL] 2026-08-10T21:14:59+00:00 TREETRY BUY fill_at=2026-08-10T21:19:59+00:00 features={"close": 1.75, "bb_lower": 1.7540500488438895, "bb_upper": 1.7773785225846817, "rsi": 14.519211114065854, "mfi": 0.0, "atr": 0.0014285714285714299}
[BLOCKED] TREETRY reason=insufficient_cash order=0.00 cash=0.00
[SIGNAL] 2026-08-10T21:14:59+00:00 TURTLETRY BUY fill_at=2026-08-10T21:19:59+00:00 features={"close": 2.11, "bb_lower": 2.112097181932254, "bb_upper": 2.130759960924888, "rsi": 14.590866365878597, "mfi": 0.0, "atr": 0.0007142857142857308}
[BLOCKED] TURTLETRY reason=insufficient_cash order=0.00 cash=0.00
[SIGNAL] 2026-08-10T21:14:59+00:00 USTCTRY BUY fill_at=2026-08-10T21:19:59+00:00 features={"close": 0.2394, "bb_lower": 0.23945333124935125, "bb_upper": 0.2411942877982678, "rsi": 27.987952069428417, "mfi": 0.0, "atr": 0.00013571428571428662}
[BLOCKED] USTCTRY reason=insufficient_cash order=0.00 cash=0.00
[SIGNAL] 2026-08-10T21:14:59+00:00 ZKTRY BUY fill_at=2026-08-10T21:19:59+00:00 features={"close": 0.374, "bb_lower": 0.3750629447994463, "bb_upper": 0.3787465790100775, "rsi": 24.63960155675771, "mfi": 17.96979319561278, "atr": 0.00035714285714285747}
[BLOCKED] ZKTRY reason=insufficient_cash order=0.00 cash=0.00
[SCAN] 2026-08-10T21:19:59+00:00 symbols=121 signals=28 entries=0 exits=0 blocked=28 open=8 cash=0.00 equity=9976.40
[SIGNAL] 2026-08-10T21:19:59+00:00 0GTRY BUY fill_at=2026-08-10T21:24:59+00:00 features={"close": 7.32, "bb_lower": 7.328870515204276, "bb_upper": 7.389224722890962, "rsi": 32.272353928065854, "mfi": 46.76985679755795, "atr": 0.010000000000000167}
[BLOCKED] 0GTRY reason=insufficient_cash order=0.00 cash=0.00
[SIGNAL] 2026-08-10T21:19:59+00:00 AEROTRY BUY fill_at=2026-08-10T21:24:59+00:00 features={"close": 19.71, "bb_lower": 19.75746379235527, "bb_upper": 19.938726683835203, "rsi": 15.07671280280502, "mfi": 9.901065148316675, "atr": 0.015714285714285885}
[BLOCKED] AEROTRY reason=insufficient_cash order=0.00 cash=0.00
[SIGNAL] 2026-08-10T21:19:59+00:00 AEVOTRY BUY fill_at=2026-08-10T21:24:59+00:00 features={"close": 0.977, "bb_lower": 0.9791519886008312, "bb_upper": 0.9893242018753597, "rsi": 26.589694775124357, "mfi": 5.318967176032544, "atr": 0.0015000000000000013}
[BLOCKED] AEVOTRY reason=insufficient_cash order=0.00 cash=0.00
[SIGNAL] 2026-08-10T21:19:59+00:00 ALPINETRY BUY fill_at=2026-08-10T21:24:59+00:00 features={"close": 15.66, "bb_lower": 15.660860562195737, "bb_upper": 15.769615628280462, "rsi": 29.711522991774416, "mfi": 12.287835338692133, "atr": 0.008571428571428516}
[BLOCKED] ALPINETRY reason=max_layers
[SIGNAL] 2026-08-10T21:19:59+00:00 API3TRY BUY fill_at=2026-08-10T21:24:59+00:00 features={"close": 9.11, "bb_lower": 9.135578346788716, "bb_upper": 9.29585022463986, "rsi": 10.1298919257395, "mfi": 48.21511946909046, "atr": 0.013571428571428663}
[BLOCKED] API3TRY reason=insufficient_cash order=0.00 cash=0.00
[SIGNAL] 2026-08-10T21:19:59+00:00 ARBTRY BUY fill_at=2026-08-10T21:24:59+00:00 features={"close": 3.81, "bb_lower": 3.812836448698626, "bb_upper": 3.8566873608251835, "rsi": 37.43144863117201, "mfi": 21.241871523783757, "atr": 0.007142857142857085}
[BLOCKED] ARBTRY reason=insufficient_cash order=0.00 cash=0.00
[SIGNAL] 2026-08-10T21:19:59+00:00 ARPATRY BUY fill_at=2026-08-10T21:24:59+00:00 features={"close": 0.4201, "bb_lower": 0.42042619169719203, "bb_upper": 0.42506904639804616, "rsi": 23.894599999452197, "mfi": 22.473180104026426, "atr": 0.00038571428571428687}
[BLOCKED] ARPATRY reason=insufficient_cash order=0.00 cash=0.00
[SIGNAL] 2026-08-10T21:19:59+00:00 AVNTTRY BUY fill_at=2026-08-10T21:24:59+00:00 features={"close": 4.38, "bb_lower": 4.382065236403612, "bb_upper": 4.439839525501148, "rsi": 32.52733115156924, "mfi": 26.297537085378238, "atr": 0.010714285714285676}
[BLOCKED] AVNTTRY reason=insufficient_cash order=0.00 cash=0.00
[SIGNAL] 2026-08-10T21:19:59+00:00 CELOTRY BUY fill_at=2026-08-10T21:24:59+00:00 features={"close": 2.977, "bb_lower": 2.982751612509277, "bb_upper": 3.010962673205008, "rsi": 5.930380737173294, "mfi": 24.20463609328243, "atr": 0.0016428571428571523}
[BLOCKED] CELOTRY reason=insufficient_cash order=0.00 cash=0.00
[SIGNAL] 2026-08-10T21:19:59+00:00 CETUSTRY BUY fill_at=2026-08-10T21:24:59+00:00 features={"close": 0.886, "bb_lower": 0.8861722284088173, "bb_upper": 0.891161104924516, "rsi": 38.438240189111696, "mfi": 32.59323637301395, "atr": 0.0008571428571428579}
[BLOCKED] CETUSTRY reason=insufficient_cash order=0.00 cash=0.00
[SIGNAL] 2026-08-10T21:19:59+00:00 EIGENTRY BUY fill_at=2026-08-10T21:24:59+00:00 features={"close": 8.481, "bb_lower": 8.498149228056027, "bb_upper": 8.632326962420164, "rsi": 25.320084764397336, "mfi": 26.336576868834214, "atr": 0.016642857142857053}
[BLOCKED] EIGENTRY reason=insufficient_cash order=0.00 cash=0.00
[SIGNAL] 2026-08-10T21:19:59+00:00 FETTRY BUY fill_at=2026-08-10T21:24:59+00:00 features={"close": 6.44, "bb_lower": 6.447450557584532, "bb_upper": 6.50683515670118, "rsi": 32.77064520545548, "mfi": 18.446306429482476, "atr": 0.011428571428571501}
[BLOCKED] FETTRY reason=insufficient_cash order=0.00 cash=0.00
[SIGNAL] 2026-08-10T21:19:59+00:00 FLOKITRY BUY fill_at=2026-08-10T21:24:59+00:00 features={"close": 0.000995, "bb_lower": 0.0009958675194014742, "bb_upper": 0.0010002277186937636, "rsi": 31.766412268343856, "mfi": 45.98812231929638, "atr": 1.2857142857143324e-06}
[BLOCKED] FLOKITRY reason=insufficient_cash order=0.00 cash=0.00
[SIGNAL] 2026-08-10T21:19:59+00:00 FOGOTRY BUY fill_at=2026-08-10T21:24:59+00:00 features={"close": 0.428, "bb_lower": 0.42881588008626753, "bb_upper": 0.434517453247066, "rsi": 36.248567346155234, "mfi": 53.80946906636733, "atr": 0.0011428571428571438}
[BLOCKED] FOGOTRY reason=insufficient_cash order=0.00 cash=0.00
[SIGNAL] 2026-08-10T21:19:59+00:00 GASTRY BUY fill_at=2026-08-10T21:24:59+00:00 features={"close": 44.7, "bb_lower": 44.70241703570253, "bb_upper": 44.85948772620224, "rsi": 14.354053494979922, "mfi": 0.0, "atr": 0.007142857142856737}
[BLOCKED] GASTRY reason=insufficient_cash order=0.00 cash=0.00
[SIGNAL] 2026-08-10T21:19:59+00:00 JTOTRY BUY fill_at=2026-08-10T21:24:59+00:00 features={"close": 25.83, "bb_lower": 25.909744691821857, "bb_upper": 26.222636260559092, "rsi": 27.592370270172566, "mfi": 37.24094559127078, "atr": 0.04642857142857158}
[BLOCKED] JTOTRY reason=insufficient_cash order=0.00 cash=0.00
[SIGNAL] 2026-08-10T21:19:59+00:00 LDOTRY BUY fill_at=2026-08-10T21:24:59+00:00 features={"close": 13.99, "bb_lower": 14.028452465383358, "bb_upper": 14.196309439378544, "rsi": 35.021445213703515, "mfi": 45.34700013874611, "atr": 0.03571428571428597}
[BLOCKED] LDOTRY reason=insufficient_cash order=0.00 cash=0.00
[SIGNAL] 2026-08-10T21:19:59+00:00 OPTRY BUY fill_at=2026-08-10T21:24:59+00:00 features={"close": 4.33, "bb_lower": 4.339618441013129, "bb_upper": 4.399429178034491, "rsi": 24.300210903019916, "mfi": 2.410108736740284, "atr": 0.005714285714285656}
[BLOCKED] OPTRY reason=insufficient_cash order=0.00 cash=0.00
[SIGNAL] 2026-08-10T21:19:59+00:00 PENGUTRY BUY fill_at=2026-08-10T21:24:59+00:00 features={"close": 0.3149, "bb_lower": 0.3156736640127126, "bb_upper": 0.32062157408252556, "rsi": 29.86183247104391, "mfi": 42.22844204317451, "atr": 0.0008214285714285682}
[BLOCKED] PENGUTRY reason=insufficient_cash order=0.00 cash=0.00
[SIGNAL] 2026-08-10T21:19:59+00:00 REDTRY BUY fill_at=2026-08-10T21:24:59+00:00 features={"close": 4.19, "bb_lower": 4.1937904838034346, "bb_upper": 4.24144761143466, "rsi": 17.717286315310787, "mfi": 0.0, "atr": 0.002142857142857097}
[BLOCKED] REDTRY reason=insufficient_cash order=0.00 cash=0.00
[SIGNAL] 2026-08-10T21:19:59+00:00 RVNTRY BUY fill_at=2026-08-10T21:24:59+00:00 features={"close": 0.1713, "bb_lower": 0.17145469808169203, "bb_upper": 0.17349768287068887, "rsi": 32.1450445609496, "mfi": 37.31931151236693, "atr": 0.0003285714285714301}
[BLOCKED] RVNTRY reason=insufficient_cash order=0.00 cash=0.00
[SIGNAL] 2026-08-10T21:19:59+00:00 SHIBTRY BUY fill_at=2026-08-10T21:24:59+00:00 features={"close": 0.0002146, "bb_lower": 0.00021662473819652174, "bb_upper": 0.00022289907132728773, "rsi": 8.602420724311543, "mfi": 2.135200627587338, "atr": 6.714285714285684e-07}
[BLOCKED] SHIBTRY reason=insufficient_cash order=0.00 cash=0.00
[SIGNAL] 2026-08-10T21:19:59+00:00 STOTRY BUY fill_at=2026-08-10T21:24:59+00:00 features={"close": 1.896, "bb_lower": 1.897649157474744, "bb_upper": 1.9099698901443032, "rsi": 32.96621334911475, "mfi": 22.50990645947185, "atr": 0.002857142857142812}
[BLOCKED] STOTRY reason=insufficient_cash order=0.00 cash=0.00
[SIGNAL] 2026-08-10T21:19:59+00:00 SUITRY BUY fill_at=2026-08-10T21:24:59+00:00 features={"close": 32.79, "bb_lower": 32.816541096652145, "bb_upper": 33.12726842715736, "rsi": 32.501211986266895, "mfi": 46.78438089376632, "atr": 0.041428571428571814}
[BLOCKED] SUITRY reason=insufficient_cash order=0.00 cash=0.00
[SIGNAL] 2026-08-10T21:19:59+00:00 SUNTRY BUY fill_at=2026-08-10T21:24:59+00:00 features={"close": 0.8662, "bb_lower": 0.8662786443224594, "bb_upper": 0.8669784985346832, "rsi": 44.94098879905497, "mfi": 0.0, "atr": 3.571428571428971e-05}
[BLOCKED] SUNTRY reason=insufficient_cash order=0.00 cash=0.00
[SIGNAL] 2026-08-10T21:19:59+00:00 SYRUPTRY BUY fill_at=2026-08-10T21:24:59+00:00 features={"close": 7.212, "bb_lower": 7.213332112432441, "bb_upper": 7.228191697091368, "rsi": 35.906645546977344, "mfi": 54.63136907488045, "atr": 0.0015714285714285253}
[BLOCKED] SYRUPTRY reason=insufficient_cash order=0.00 cash=0.00
[SIGNAL] 2026-08-10T21:19:59+00:00 TREETRY BUY fill_at=2026-08-10T21:24:59+00:00 features={"close": 1.75, "bb_lower": 1.751972963545539, "bb_upper": 1.7785032269306515, "rsi": 14.519211114065854, "mfi": 0.0, "atr": 0.0014285714285714299}
[BLOCKED] TREETRY reason=insufficient_cash order=0.00 cash=0.00
[SIGNAL] 2026-08-10T21:19:59+00:00 TURTLETRY BUY fill_at=2026-08-10T21:24:59+00:00 features={"close": 2.1, "bb_lower": 2.1076557320030322, "bb_upper": 2.132344267996967, "rsi": 8.847891560330524, "mfi": 0.0, "atr": 0.0014285714285714299}
[BLOCKED] TURTLETRY reason=insufficient_cash order=0.00 cash=0.00
[SIGNAL] 2026-08-10T21:19:59+00:00 USTCTRY BUY fill_at=2026-08-10T21:24:59+00:00 features={"close": 0.2389, "bb_lower": 0.23919255754193333, "bb_upper": 0.2412931567437809, "rsi": 20.87520960877451, "mfi": 0.0, "atr": 0.00013571428571428662}
[BLOCKED] USTCTRY reason=insufficient_cash order=0.00 cash=0.00
[SIGNAL] 2026-08-10T21:19:59+00:00 VANATRY BUY fill_at=2026-08-10T21:24:59+00:00 features={"close": 41.6, "bb_lower": 41.63199265160418, "bb_upper": 42.37753115791965, "rsi": 20.125099956393456, "mfi": 35.4380833666459, "atr": 0.0642857142857147}
[BLOCKED] VANATRY reason=insufficient_cash order=0.00 cash=0.00
[SIGNAL] 2026-08-10T21:19:59+00:00 ZKTRY BUY fill_at=2026-08-10T21:24:59+00:00 features={"close": 0.374, "bb_lower": 0.3745446768139385, "bb_upper": 0.378979132709871, "rsi": 24.63960155675771, "mfi": 16.539460164252134, "atr": 0.00035714285714285747}
[BLOCKED] ZKTRY reason=insufficient_cash order=0.00 cash=0.00
[SCAN] 2026-08-10T21:24:59+00:00 symbols=121 signals=31 entries=0 exits=0 blocked=31 open=8 cash=0.00 equity=9967.64
[SIGNAL] 2026-08-10T21:24:59+00:00 0GTRY BUY fill_at=2026-08-10T21:29:59+00:00 features={"close": 7.32, "bb_lower": 7.323254063874684, "bb_upper": 7.389126888506267, "rsi": 32.272353928065854, "mfi": 50.50739803859913, "atr": 0.008571428571428705}
[BLOCKED] 0GTRY reason=insufficient_cash order=0.00 cash=0.00
[SIGNAL] 2026-08-10T21:24:59+00:00 AEROTRY BUY fill_at=2026-08-10T21:29:59+00:00 features={"close": 19.72, "bb_lower": 19.736352244873046, "bb_upper": 19.943647755126953, "rsi": 19.828698605309924, "mfi": 0.06362081396746078, "atr": 0.01642857142857146}
[BLOCKED] AEROTRY reason=insufficient_cash order=0.00 cash=0.00
[SIGNAL] 2026-08-10T21:24:59+00:00 AEVOTRY BUY fill_at=2026-08-10T21:29:59+00:00 features={"close": 0.975, "bb_lower": 0.9774630999576411, "bb_upper": 0.9897749952804543, "rsi": 23.778936515766787, "mfi": 4.822698231441265, "atr": 0.0015000000000000013}
[BLOCKED] AEVOTRY reason=insufficient_cash order=0.00 cash=0.00
[SIGNAL] 2026-08-10T21:24:59+00:00 AIXBTTRY BUY fill_at=2026-08-10T21:29:59+00:00 features={"close": 0.883, "bb_lower": 0.885025007222487, "bb_upper": 0.893070230872751, "rsi": 28.160911656691113, "mfi": 28.108000201733503, "atr": 0.0010000000000000009}
[BLOCKED] AIXBTTRY reason=insufficient_cash order=0.00 cash=0.00
[SIGNAL] 2026-08-10T21:24:59+00:00 ALTTRY BUY fill_at=2026-08-10T21:29:59+00:00 features={"close": 0.291, "bb_lower": 0.29105705385152075, "bb_upper": 0.2951334223389555, "rsi": 32.43732087795658, "mfi": 54.80942032937573, "atr": 0.0007857142857142864}
[BLOCKED] ALTTRY reason=insufficient_cash order=0.00 cash=0.00
[SIGNAL] 2026-08-10T21:24:59+00:00 API3TRY BUY fill_at=2026-08-10T21:29:59+00:00 features={"close": 9.11, "bb_lower": 9.125603063614074, "bb_upper": 9.286777888766883, "rsi": 10.1298919257395, "mfi": 48.21511946909046, "atr": 0.012857142857142964}
[BLOCKED] API3TRY reason=insufficient_cash order=0.00 cash=0.00
[SIGNAL] 2026-08-10T21:24:59+00:00 ARBTRY BUY fill_at=2026-08-10T21:29:59+00:00 features={"close": 3.79, "bb_lower": 3.8034938078321847, "bb_upper": 3.86126809692972, "rsi": 29.89451033916974, "mfi": 20.210593679741564, "atr": 0.008571428571428516}
[BLOCKED] ARBTRY reason=insufficient_cash order=0.00 cash=0.00
[SIGNAL] 2026-08-10T21:24:59+00:00 ARKMTRY BUY fill_at=2026-08-10T21:29:59+00:00 features={"close": 4.627, "bb_lower": 4.62834494649301, "bb_upper": 4.697845529697467, "rsi": 21.901547890361, "mfi": 46.11229650136512, "atr": 0.005571428571428528}
[BLOCKED] ARKMTRY reason=insufficient_cash order=0.00 cash=0.00
[SIGNAL] 2026-08-10T21:24:59+00:00 ARPATRY BUY fill_at=2026-08-10T21:29:59+00:00 features={"close": 0.4195, "bb_lower": 0.42012409666770967, "bb_upper": 0.4252568557132427, "rsi": 21.629404798380193, "mfi": 14.843214895536619, "atr": 0.0004642857142857147}
[BLOCKED] ARPATRY reason=insufficient_cash order=0.00 cash=0.00
[SIGNAL] 2026-08-10T21:24:59+00:00 ARTRY BUY fill_at=2026-08-10T21:29:59+00:00 features={"close": 85.5, "bb_lower": 85.82448434803561, "bb_upper": 86.85742041386919, "rsi": 15.887412773130379, "mfi": 27.914278527522455, "atr": 0.12571428571428708}
[BLOCKED] ARTRY reason=insufficient_cash order=0.00 cash=0.00
[SIGNAL] 2026-08-10T21:24:59+00:00 ASTERTRY BUY fill_at=2026-08-10T21:29:59+00:00 features={"close": 28.68, "bb_lower": 28.692598395494834, "bb_upper": 28.843592080695643, "rsi": 28.551399527949727, "mfi": 11.02007625015922, "atr": 0.015714285714285632}
[BLOCKED] ASTERTRY reason=insufficient_cash order=0.00 cash=0.00
[SIGNAL] 2026-08-10T21:24:59+00:00 AVNTTRY BUY fill_at=2026-08-10T21:29:59+00:00 features={"close": 4.37, "bb_lower": 4.3752951521015815, "bb_upper": 4.442800085993656, "rsi": 30.09145622826766, "mfi": 37.69378610492091, "atr": 0.009999999999999978}
[BLOCKED] AVNTTRY reason=insufficient_cash order=0.00 cash=0.00
[SIGNAL] 2026-08-10T21:24:59+00:00 BMTTRY BUY fill_at=2026-08-10T21:29:59+00:00 features={"close": 1.155, "bb_lower": 1.1589230418810625, "bb_upper": 1.1891721962141755, "rsi": 39.04262243859353, "mfi": 54.20764182101777, "atr": 0.012642857142857147}
[BLOCKED] BMTTRY reason=insufficient_cash order=0.00 cash=0.00
[SIGNAL] 2026-08-10T21:24:59+00:00 CELOTRY BUY fill_at=2026-08-10T21:29:59+00:00 features={"close": 2.977, "bb_lower": 2.979438139950877, "bb_upper": 3.0118951933824554, "rsi": 5.930380737173294, "mfi": 24.20463609328243, "atr": 0.0016428571428571523}
[BLOCKED] CELOTRY reason=insufficient_cash order=0.00 cash=0.00
[SIGNAL] 2026-08-10T21:24:59+00:00 CETUSTRY BUY fill_at=2026-08-10T21:29:59+00:00 features={"close": 0.883, "bb_lower": 0.8849181601975813, "bb_upper": 0.8918437445643232, "rsi": 29.461763612961477, "mfi": 40.10489497592376, "atr": 0.0010714285714285723}
[BLOCKED] CETUSTRY reason=insufficient_cash order=0.00 cash=0.00
[SIGNAL] 2026-08-10T21:24:59+00:00 EIGENTRY BUY fill_at=2026-08-10T21:29:59+00:00 features={"close": 8.471, "bb_lower": 8.482618989617793, "bb_upper": 8.639000058001253, "rsi": 23.780820853768077, "mfi": 22.464283670364097, "atr": 0.016785714285714244}
[BLOCKED] EIGENTRY reason=insufficient_cash order=0.00 cash=0.00
[SIGNAL] 2026-08-10T21:24:59+00:00 ENATRY BUY fill_at=2026-08-10T21:29:59+00:00 features={"close": 4.165, "bb_lower": 4.167074980523372, "bb_upper": 4.204258352809962, "rsi": 38.49462419544162, "mfi": 30.09046964703674, "atr": 0.008428571428571452}
[BLOCKED] ENATRY reason=insufficient_cash order=0.00 cash=0.00
[SIGNAL] 2026-08-10T21:24:59+00:00 FLOKITRY BUY fill_at=2026-08-10T21:29:59+00:00 features={"close": 0.000995, "bb_lower": 0.0009953663434608337, "bb_upper": 0.0010003479422534519, "rsi": 31.766412268343856, "mfi": 48.640939602097276, "atr": 1.285714285714317e-06}
[BLOCKED] FLOKITRY reason=insufficient_cash order=0.00 cash=0.00
[SIGNAL] 2026-08-10T21:24:59+00:00 FOGOTRY BUY fill_at=2026-08-10T21:29:59+00:00 features={"close": 0.428, "bb_lower": 0.42823249783506173, "bb_upper": 0.4347198831173194, "rsi": 36.248567346155234, "mfi": 53.28011050011927, "atr": 0.0010714285714285723}
[BLOCKED] FOGOTRY reason=insufficient_cash order=0.00 cash=0.00
[SIGNAL] 2026-08-10T21:24:59+00:00 HAEDALTRY BUY fill_at=2026-08-10T21:29:59+00:00 features={"close": 0.791, "bb_lower": 0.7926063773003202, "bb_upper": 0.7983460036520609, "rsi": 24.466777387980457, "mfi": 9.605286282193248, "atr": 0.0007142857142857149}
[BLOCKED] HAEDALTRY reason=insufficient_cash order=0.00 cash=0.00
[SIGNAL] 2026-08-10T21:24:59+00:00 ICPTRY BUY fill_at=2026-08-10T21:29:59+00:00 features={"close": 109.2, "bb_lower": 109.31918768264308, "bb_upper": 111.90938374592835, "rsi": 36.747239623447406, "mfi": 43.185514183598244, "atr": 0.3999999999999976}
[BLOCKED] ICPTRY reason=insufficient_cash order=0.00 cash=0.00
[SIGNAL] 2026-08-10T21:24:59+00:00 KITETRY BUY fill_at=2026-08-10T21:29:59+00:00 features={"close": 4.875, "bb_lower": 4.877941726006671, "bb_upper": 4.9696773216123775, "rsi": 26.45298938875017, "mfi": 10.614899558241106, "atr": 0.014714285714285744}
[BLOCKED] KITETRY reason=insufficient_cash order=0.00 cash=0.00
[SIGNAL] 2026-08-10T21:24:59+00:00 LATRY BUY fill_at=2026-08-10T21:29:59+00:00 features={"close": 2.55, "bb_lower": 2.5608659790148813, "bb_upper": 2.602943544794642, "rsi": 30.18372044873219, "mfi": 27.500768593076728, "atr": 0.006428571428571355}
[BLOCKED] LATRY reason=insufficient_cash order=0.00 cash=0.00
[SIGNAL] 2026-08-10T21:24:59+00:00 LDOTRY BUY fill_at=2026-08-10T21:29:59+00:00 features={"close": 14.0, "bb_lower": 14.01269736151107, "bb_upper": 14.204445495631784, "rsi": 36.93055584826574, "mfi": 40.18756074039406, "atr": 0.03428571428571444}
[BLOCKED] LDOTRY reason=insufficient_cash order=0.00 cash=0.00
[SIGNAL] 2026-08-10T21:24:59+00:00 OPTRY BUY fill_at=2026-08-10T21:29:59+00:00 features={"close": 4.33, "bb_lower": 4.333812974646361, "bb_upper": 4.3995203586869716, "rsi": 24.300210903019916, "mfi": 2.0407777009913985, "atr": 0.0071428571428571175}
[BLOCKED] OPTRY reason=insufficient_cash order=0.00 cash=0.00
[SIGNAL] 2026-08-10T21:24:59+00:00 PENGUTRY BUY fill_at=2026-08-10T21:29:59+00:00 features={"close": 0.3126, "bb_lower": 0.31445777336529684, "bb_upper": 0.32121841711089355, "rsi": 22.4188370636721, "mfi": 30.040319698178493, "atr": 0.0010071428571428573}
[BLOCKED] PENGUTRY reason=insufficient_cash order=0.00 cash=0.00
[SIGNAL] 2026-08-10T21:24:59+00:00 REDTRY BUY fill_at=2026-08-10T21:29:59+00:00 features={"close": 4.17, "bb_lower": 4.184137266303212, "bb_upper": 4.245386543220597, "rsi": 11.345621812953652, "mfi": 0.0, "atr": 0.0035714285714285587}
[BLOCKED] REDTRY reason=insufficient_cash order=0.00 cash=0.00
[SIGNAL] 2026-08-10T21:24:59+00:00 REZTRY BUY fill_at=2026-08-10T21:29:59+00:00 features={"close": 0.1365, "bb_lower": 0.13684679128127838, "bb_upper": 0.13860082776634067, "rsi": 29.805912093256495, "mfi": 53.763948089096615, "atr": 0.0002499999999999982}
[BLOCKED] REZTRY reason=insufficient_cash order=0.00 cash=0.00
[SIGNAL] 2026-08-10T21:24:59+00:00 RVNTRY BUY fill_at=2026-08-10T21:29:59+00:00 features={"close": 0.1713, "bb_lower": 0.17132066298501672, "bb_upper": 0.17356505130069752, "rsi": 32.1450445609496, "mfi": 34.09985196786825, "atr": 0.0003000000000000007}
[BLOCKED] RVNTRY reason=insufficient_cash order=0.00 cash=0.00
[SIGNAL] 2026-08-10T21:24:59+00:00 SHIBTRY BUY fill_at=2026-08-10T21:29:59+00:00 features={"close": 0.0002144, "bb_lower": 0.00021562959537570664, "bb_upper": 0.00022324659510048383, "rsi": 8.316262269316752, "mfi": 12.623725761770515, "atr": 7.357142857142842e-07}
[BLOCKED] SHIBTRY reason=insufficient_cash order=0.00 cash=0.00
[SIGNAL] 2026-08-10T21:24:59+00:00 SPELLTRY BUY fill_at=2026-08-10T21:29:59+00:00 features={"close": 0.00374, "bb_lower": 0.003740483407140504, "bb_upper": 0.0037718975452404485, "rsi": 37.33585023126852, "mfi": 11.635996754315116, "atr": 7.857142857142848e-06}
[BLOCKED] SPELLTRY reason=insufficient_cash order=0.00 cash=0.00
[SIGNAL] 2026-08-10T21:24:59+00:00 SPKTRY BUY fill_at=2026-08-10T21:29:59+00:00 features={"close": 0.6907, "bb_lower": 0.6914905354185137, "bb_upper": 0.7010618455338669, "rsi": 20.56852161108459, "mfi": 4.961365045681447, "atr": 0.0009642857142857191}
[BLOCKED] SPKTRY reason=insufficient_cash order=0.00 cash=0.00
[SIGNAL] 2026-08-10T21:24:59+00:00 STOTRY BUY fill_at=2026-08-10T21:29:59+00:00 features={"close": 1.892, "bb_lower": 1.8952881383791584, "bb_upper": 1.9111880520970324, "rsi": 28.33962284975391, "mfi": 20.84482967642728, "atr": 0.003071428571428519}
[BLOCKED] STOTRY reason=insufficient_cash order=0.00 cash=0.00
[SIGNAL] 2026-08-10T21:24:59+00:00 SUITRY BUY fill_at=2026-08-10T21:29:59+00:00 features={"close": 32.75, "bb_lower": 32.780026173254825, "bb_upper": 33.135211921983256, "rsi": 29.521260282919144, "mfi": 16.08495565786552, "atr": 0.042142857142857384}
[BLOCKED] SUITRY reason=insufficient_cash order=0.00 cash=0.00
[SIGNAL] 2026-08-10T21:24:59+00:00 SUNTRY BUY fill_at=2026-08-10T21:29:59+00:00 features={"close": 0.8662, "bb_lower": 0.8662120851785126, "bb_upper": 0.8669974386310112, "rsi": 44.94098879905497, "mfi": 0.0, "atr": 3.571428571428971e-05}
[BLOCKED] SUNTRY reason=insufficient_cash order=0.00 cash=0.00
[SIGNAL] 2026-08-10T21:24:59+00:00 SYRUPTRY BUY fill_at=2026-08-10T21:29:59+00:00 features={"close": 7.212, "bb_lower": 7.212021933626944, "bb_upper": 7.228644733039721, "rsi": 35.906645546977344, "mfi": 54.63136907488045, "atr": 0.0015714285714285253}
[BLOCKED] SYRUPTRY reason=insufficient_cash order=0.00 cash=0.00
[SIGNAL] 2026-08-10T21:24:59+00:00 TRBTRY BUY fill_at=2026-08-10T21:29:59+00:00 features={"close": 650.0, "bb_lower": 651.2829155841976, "bb_upper": 654.5266082253263, "rsi": 20.997492781869553, "mfi": 8.436960486403962, "atr": 0.2857142857142857}
[BLOCKED] TRBTRY reason=insufficient_cash order=0.00 cash=0.00
[SIGNAL] 2026-08-10T21:24:59+00:00 TREETRY BUY fill_at=2026-08-10T21:29:59+00:00 features={"close": 1.73, "bb_lower": 1.7438322124158065, "bb_upper": 1.7837868352032409, "rsi": 6.7522785751137775, "mfi": 0.0, "atr": 0.0028571428571428597}
[BLOCKED] TREETRY reason=insufficient_cash order=0.00 cash=0.00
[SIGNAL] 2026-08-10T21:24:59+00:00 TURTLETRY BUY fill_at=2026-08-10T21:29:59+00:00 features={"close": 2.1, "bb_lower": 2.1043812719754746, "bb_upper": 2.132761585167382, "rsi": 8.847891560330524, "mfi": 0.0, "atr": 0.0014285714285714299}
[BLOCKED] TURTLETRY reason=insufficient_cash order=0.00 cash=0.00
[SIGNAL] 2026-08-10T21:24:59+00:00 USTCTRY BUY fill_at=2026-08-10T21:29:59+00:00 features={"close": 0.2389, "bb_lower": 0.2390038158942685, "bb_upper": 0.24128189839144581, "rsi": 20.87520960877451, "mfi": 0.0, "atr": 0.00013571428571428662}
[BLOCKED] USTCTRY reason=insufficient_cash order=0.00 cash=0.00
[SIGNAL] 2026-08-10T21:24:59+00:00 VANATRY BUY fill_at=2026-08-10T21:29:59+00:00 features={"close": 41.5, "bb_lower": 41.552164558037056, "bb_upper": 42.39069258482011, "rsi": 17.424006695050707, "mfi": 30.949429868618864, "atr": 0.07142857142857194}
[BLOCKED] VANATRY reason=insufficient_cash order=0.00 cash=0.00
[SIGNAL] 2026-08-10T21:24:59+00:00 WLDTRY BUY fill_at=2026-08-10T21:29:59+00:00 features={"close": 15.92, "bb_lower": 15.926252788123438, "bb_upper": 16.191842449971798, "rsi": 34.393049634465, "mfi": 15.767834098659478, "atr": 0.04571428571428588}
[BLOCKED] WLDTRY reason=insufficient_cash order=0.00 cash=0.00
[SIGNAL] 2026-08-10T21:24:59+00:00 WTRY BUY fill_at=2026-08-10T21:29:59+00:00 features={"close": 0.394, "bb_lower": 0.39585884416664413, "bb_upper": 0.4004554415476416, "rsi": 22.10645996410949, "mfi": 46.03521092351349, "atr": 0.0006214285714285664}
[BLOCKED] WTRY reason=insufficient_cash order=0.00 cash=0.00
[SIGNAL] 2026-08-10T21:24:59+00:00 XPLTRY BUY fill_at=2026-08-10T21:29:59+00:00 features={"close": 3.71, "bb_lower": 3.7100621367883946, "bb_upper": 3.750033101306844, "rsi": 34.046718166769566, "mfi": 53.447118760884976, "atr": 0.006857142857142832}
[BLOCKED] XPLTRY reason=insufficient_cash order=0.00 cash=0.00
[SIGNAL] 2026-08-10T21:24:59+00:00 ZKTRY BUY fill_at=2026-08-10T21:29:59+00:00 features={"close": 0.373, "bb_lower": 0.37384090072631787, "bb_upper": 0.37930195641653935, "rsi": 20.790056002251063, "mfi": 12.010946847994262, "atr": 0.00042857142857142893}
[BLOCKED] ZKTRY reason=insufficient_cash order=0.00 cash=0.00
[SCAN] 2026-08-10T21:29:59+00:00 symbols=121 signals=45 entries=0 exits=0 blocked=45 open=8 cash=0.00 equity=9967.07
[SIGNAL] 2026-08-10T21:29:59+00:00 0GTRY BUY fill_at=2026-08-10T21:34:59+00:00 features={"close": 7.29, "bb_lower": 7.310217012136686, "bb_upper": 7.393592511672836, "rsi": 25.555838467457306, "mfi": 45.910225880234485, "atr": 0.010000000000000104}
[BLOCKED] 0GTRY reason=insufficient_cash order=0.00 cash=0.00
[SIGNAL] 2026-08-10T21:29:59+00:00 ARTRY BUY fill_at=2026-08-10T21:34:59+00:00 features={"close": 85.5, "bb_lower": 85.67117154019627, "bb_upper": 86.91359036456564, "rsi": 15.887412773130379, "mfi": 27.914278527522455, "atr": 0.11571428571428706}
[BLOCKED] ARTRY reason=insufficient_cash order=0.00 cash=0.00
[SIGNAL] 2026-08-10T21:29:59+00:00 BMTTRY BUY fill_at=2026-08-10T21:34:59+00:00 features={"close": 1.148, "bb_lower": 1.1541131194190544, "bb_upper": 1.1907440234380888, "rsi": 36.17781713747774, "mfi": 48.24449620793117, "atr": 0.012571428571428567}
[BLOCKED] BMTTRY reason=insufficient_cash order=0.00 cash=0.00
[SIGNAL] 2026-08-10T21:29:59+00:00 CETUSTRY BUY fill_at=2026-08-10T21:34:59+00:00 features={"close": 0.883, "bb_lower": 0.8840479059197623, "bb_upper": 0.8919520940802372, "rsi": 29.461763612961477, "mfi": 37.055128443558374, "atr": 0.0010000000000000009}
[BLOCKED] CETUSTRY reason=insufficient_cash order=0.00 cash=0.00
[SIGNAL] 2026-08-10T21:29:59+00:00 HAEDALTRY BUY fill_at=2026-08-10T21:34:59+00:00 features={"close": 0.791, "bb_lower": 0.7918413064152335, "bb_upper": 0.7987301221561954, "rsi": 24.466777387980457, "mfi": 9.605286282193248, "atr": 0.0006428571428571435}
[BLOCKED] HAEDALTRY reason=insufficient_cash order=0.00 cash=0.00
[SIGNAL] 2026-08-10T21:29:59+00:00 ICPTRY BUY fill_at=2026-08-10T21:34:59+00:00 features={"close": 109.1, "bb_lower": 109.1021896028902, "bb_upper": 111.91685801615739, "rsi": 35.86337949123339, "mfi": 36.08241665732025, "atr": 0.3357142857142839}
[BLOCKED] ICPTRY reason=insufficient_cash order=0.00 cash=0.00
[SIGNAL] 2026-08-10T21:29:59+00:00 JTOTRY BUY fill_at=2026-08-10T21:34:59+00:00 features={"close": 25.69, "bb_lower": 25.794319730301762, "bb_upper": 26.27425169826967, "rsi": 21.313039936608888, "mfi": 53.31599661705367, "atr": 0.0571428571428572}
[BLOCKED] JTOTRY reason=insufficient_cash order=0.00 cash=0.00
[SIGNAL] 2026-08-10T21:29:59+00:00 KITETRY BUY fill_at=2026-08-10T21:34:59+00:00 features={"close": 4.87, "bb_lower": 4.872923503099757, "bb_upper": 4.964981258805007, "rsi": 25.48362300987185, "mfi": 11.295750989413193, "atr": 0.015071428571428593}
[BLOCKED] KITETRY reason=insufficient_cash order=0.00 cash=0.00
[SIGNAL] 2026-08-10T21:29:59+00:00 LATRY BUY fill_at=2026-08-10T21:34:59+00:00 features={"close": 2.55, "bb_lower": 2.555311464006065, "bb_upper": 2.6046885359939345, "rsi": 30.18372044873219, "mfi": 17.95756843700302, "atr": 0.005714285714285656}
[BLOCKED] LATRY reason=insufficient_cash order=0.00 cash=0.00
[SIGNAL] 2026-08-10T21:29:59+00:00 PENGUTRY BUY fill_at=2026-08-10T21:34:59+00:00 features={"close": 0.3132, "bb_lower": 0.3137174101368749, "bb_upper": 0.3213492565297918, "rsi": 27.524015656350457, "mfi": 32.679506845951636, "atr": 0.0009714285714285715}
[BLOCKED] PENGUTRY reason=insufficient_cash order=0.00 cash=0.00
[SIGNAL] 2026-08-10T21:29:59+00:00 REZTRY BUY fill_at=2026-08-10T21:34:59+00:00 features={"close": 0.1365, "bb_lower": 0.13664624036297304, "bb_upper": 0.13868709297036028, "rsi": 29.805912093256495, "mfi": 53.68228282915871, "atr": 0.0002500000000000002}
[BLOCKED] REZTRY reason=insufficient_cash order=0.00 cash=0.00
[SIGNAL] 2026-08-10T21:29:59+00:00 SUNTRY BUY fill_at=2026-08-10T21:34:59+00:00 features={"close": 0.8658, "bb_lower": 0.866043753504429, "bb_upper": 0.8670800560193803, "rsi": 28.55155766827953, "mfi": 0.0, "atr": 6.428571428571514e-05}
[BLOCKED] SUNTRY reason=insufficient_cash order=0.00 cash=0.00
[SIGNAL] 2026-08-10T21:29:59+00:00 SYRUPTRY BUY fill_at=2026-08-10T21:34:59+00:00 features={"close": 7.196, "bb_lower": 7.2059106721762864, "bb_upper": 7.231994089728475, "rsi": 22.930217629096347, "mfi": 35.90418427370098, "atr": 0.0028571428571427964}
[BLOCKED] SYRUPTRY reason=insufficient_cash order=0.00 cash=0.00
[SIGNAL] 2026-08-10T21:29:59+00:00 TRBTRY BUY fill_at=2026-08-10T21:34:59+00:00 features={"close": 650.0, "bb_lower": 650.7982178969579, "bb_upper": 654.8208297220898, "rsi": 20.99749278186954, "mfi": 0.0, "atr": 0.2857142857142857}
[BLOCKED] TRBTRY reason=insufficient_cash order=0.00 cash=0.00
[SIGNAL] 2026-08-10T21:29:59+00:00 TREETRY BUY fill_at=2026-08-10T21:34:59+00:00 features={"close": 1.73, "bb_lower": 1.7375119076669223, "bb_upper": 1.7862976161426014, "rsi": 6.7522785751137775, "mfi": 0.0, "atr": 0.0028571428571428597}
[BLOCKED] TREETRY reason=insufficient_cash order=0.00 cash=0.00
[SIGNAL] 2026-08-10T21:29:59+00:00 TURTLETRY BUY fill_at=2026-08-10T21:34:59+00:00 features={"close": 2.1, "bb_lower": 2.101845353900753, "bb_upper": 2.132440360384961, "rsi": 8.847891560330524, "mfi": 0.0, "atr": 0.0014285714285714299}
[BLOCKED] TURTLETRY reason=insufficient_cash order=0.00 cash=0.00
[SIGNAL] 2026-08-10T21:29:59+00:00 WTRY BUY fill_at=2026-08-10T21:34:59+00:00 features={"close": 0.394, "bb_lower": 0.3951038873214557, "bb_upper": 0.40088658886902045, "rsi": 22.10645996410949, "mfi": 46.03521092351349, "atr": 0.0005357142857142823}
[BLOCKED] WTRY reason=insufficient_cash order=0.00 cash=0.00
[SIGNAL] 2026-08-10T21:29:59+00:00 XPLTRY BUY fill_at=2026-08-10T21:34:59+00:00 features={"close": 3.707, "bb_lower": 3.7089918229423935, "bb_upper": 3.746436748486178, "rsi": 32.6805975878418, "mfi": 51.4213217047287, "atr": 0.006785714285714268}
[BLOCKED] XPLTRY reason=insufficient_cash order=0.00 cash=0.00
[SCAN] 2026-08-10T21:34:59+00:00 symbols=121 signals=18 entries=0 exits=0 blocked=18 open=8 cash=0.00 equity=9979.67
[SIGNAL] 2026-08-10T21:34:59+00:00 0GTRY BUY fill_at=2026-08-10T21:39:59+00:00 features={"close": 7.29, "bb_lower": 7.3002482662268715, "bb_upper": 7.394989829011221, "rsi": 25.555838467457306, "mfi": 45.578179542860525, "atr": 0.009285714285714342}
[BLOCKED] 0GTRY reason=insufficient_cash order=0.00 cash=0.00
[SIGNAL] 2026-08-10T21:34:59+00:00 ALTTRY BUY fill_at=2026-08-10T21:39:59+00:00 features={"close": 0.29, "bb_lower": 0.290300409907939, "bb_upper": 0.29522339961587046, "rsi": 27.682218838082647, "mfi": 43.43803102652599, "atr": 0.0007142857142857149}
[BLOCKED] ALTTRY reason=insufficient_cash order=0.00 cash=0.00
[SIGNAL] 2026-08-10T21:34:59+00:00 ARTRY BUY fill_at=2026-08-10T21:39:59+00:00 features={"close": 85.5, "bb_lower": 85.5457971901405, "bb_upper": 86.95705995271665, "rsi": 15.887412773130379, "mfi": 27.914278527522455, "atr": 0.11285714285714375}
[BLOCKED] ARTRY reason=insufficient_cash order=0.00 cash=0.00
[SIGNAL] 2026-08-10T21:34:59+00:00 BMTTRY BUY fill_at=2026-08-10T21:39:59+00:00 features={"close": 1.142, "bb_lower": 1.1484812569057699, "bb_upper": 1.1932330288085158, "rsi": 33.87007337987754, "mfi": 42.06384145684072, "atr": 0.012142857142857138}
[BLOCKED] BMTTRY reason=insufficient_cash order=0.00 cash=0.00
[SIGNAL] 2026-08-10T21:34:59+00:00 CETUSTRY BUY fill_at=2026-08-10T21:39:59+00:00 features={"close": 0.883, "bb_lower": 0.8833662640834731, "bb_upper": 0.891871831154622, "rsi": 29.46176361296149, "mfi": 33.99058780024765, "atr": 0.0010000000000000009}
[BLOCKED] CETUSTRY reason=insufficient_cash order=0.00 cash=0.00
[SIGNAL] 2026-08-10T21:34:59+00:00 JTOTRY BUY fill_at=2026-08-10T21:39:59+00:00 features={"close": 25.74, "bb_lower": 25.748816341600584, "bb_upper": 26.28927889649466, "rsi": 27.680736912156092, "mfi": 56.759535796135715, "atr": 0.05571428571428554}
[BLOCKED] JTOTRY reason=insufficient_cash order=0.00 cash=0.00
[SIGNAL] 2026-08-10T21:34:59+00:00 SPELLTRY BUY fill_at=2026-08-10T21:39:59+00:00 features={"close": 0.00373, "bb_lower": 0.0037344771525016918, "bb_upper": 0.003772189514164974, "rsi": 32.12173269450126, "mfi": 5.631114065234598, "atr": 8.571428571428562e-06}
[BLOCKED] SPELLTRY reason=insufficient_cash order=0.00 cash=0.00
[SIGNAL] 2026-08-10T21:34:59+00:00 STXTRY BUY fill_at=2026-08-10T21:39:59+00:00 features={"close": 6.23, "bb_lower": 6.241050125421769, "bb_upper": 6.29894987457823, "rsi": 21.51200336514654, "mfi": 0.330980836510534, "atr": 0.005000000000000083}
[BLOCKED] STXTRY reason=insufficient_cash order=0.00 cash=0.00
[SIGNAL] 2026-08-10T21:34:59+00:00 SUNTRY BUY fill_at=2026-08-10T21:39:59+00:00 features={"close": 0.8655, "bb_lower": 0.8658216982446841, "bb_upper": 0.8671878255648396, "rsi": 22.025274012977675, "mfi": 0.0, "atr": 8.571428571428421e-05}
[BLOCKED] SUNTRY reason=insufficient_cash order=0.00 cash=0.00
[SIGNAL] 2026-08-10T21:34:59+00:00 TRBTRY BUY fill_at=2026-08-10T21:39:59+00:00 features={"close": 650.0, "bb_lower": 650.3931318843897, "bb_upper": 655.0354395441816, "rsi": 20.99749278186954, "mfi": 0.0, "atr": 0.21428571428571427}
[BLOCKED] TRBTRY reason=insufficient_cash order=0.00 cash=0.00
[SIGNAL] 2026-08-10T21:34:59+00:00 TREETRY BUY fill_at=2026-08-10T21:39:59+00:00 features={"close": 1.73, "bb_lower": 1.7323973776263055, "bb_upper": 1.787602622373694, "rsi": 6.7522785751137775, "mfi": 0.0, "atr": 0.0028571428571428597}
[BLOCKED] TREETRY reason=insufficient_cash order=0.00 cash=0.00
[SIGNAL] 2026-08-10T21:34:59+00:00 TURBOTRY BUY fill_at=2026-08-10T21:39:59+00:00 features={"close": 0.0404, "bb_lower": 0.04044835601522281, "bb_upper": 0.04097069160382479, "rsi": 29.32171534285405, "mfi": 46.20644395897649, "atr": 6.428571428571464e-05}
[BLOCKED] TURBOTRY reason=insufficient_cash order=0.00 cash=0.00
[SIGNAL] 2026-08-10T21:34:59+00:00 USTCTRY BUY fill_at=2026-08-10T21:39:59+00:00 features={"close": 0.2385, "bb_lower": 0.238604390460018, "bb_upper": 0.24129084763522016, "rsi": 16.587516947802243, "mfi": 0.0, "atr": 0.00015000000000000132}
[BLOCKED] USTCTRY reason=insufficient_cash order=0.00 cash=0.00
[SIGNAL] 2026-08-10T21:34:59+00:00 WTRY BUY fill_at=2026-08-10T21:39:59+00:00 features={"close": 0.394, "bb_lower": 0.39448252201248335, "bb_upper": 0.4011841446541833, "rsi": 22.10645996410949, "mfi": 46.03521092351349, "atr": 0.0005285714285714259}
[BLOCKED] WTRY reason=insufficient_cash order=0.00 cash=0.00
[SIGNAL] 2026-08-10T21:34:59+00:00 ZROTRY BUY fill_at=2026-08-10T21:39:59+00:00 features={"close": 40.6, "bb_lower": 40.63290087919002, "bb_upper": 41.05281340652428, "rsi": 13.94057077002627, "mfi": 0.0, "atr": 0.021428571428571224}
[BLOCKED] ZROTRY reason=insufficient_cash order=0.00 cash=0.00
[SCAN] 2026-08-10T21:39:59+00:00 symbols=121 signals=15 entries=0 exits=0 blocked=15 open=8 cash=0.00 equity=9975.96
[SIGNAL] 2026-08-10T21:39:59+00:00 ALPINETRY BUY fill_at=2026-08-10T21:44:59+00:00 features={"close": 15.63, "bb_lower": 15.635876255348341, "bb_upper": 15.760314220842142, "rsi": 25.89841620239433, "mfi": 33.497107263278025, "atr": 0.012142857142857011}
[BLOCKED] ALPINETRY reason=max_layers
[SIGNAL] 2026-08-10T21:39:59+00:00 AVNTTRY BUY fill_at=2026-08-10T21:44:59+00:00 features={"close": 4.36, "bb_lower": 4.360997758164947, "bb_upper": 4.440907003739815, "rsi": 30.415311059681343, "mfi": 29.965192226448465, "atr": 0.011428571428571439}
[BLOCKED] AVNTTRY reason=insufficient_cash order=0.00 cash=0.00
[SIGNAL] 2026-08-10T21:39:59+00:00 BMTTRY BUY fill_at=2026-08-10T21:44:59+00:00 features={"close": 1.129, "bb_lower": 1.1402863877743457, "bb_upper": 1.1975231360351781, "rsi": 29.459237174664437, "mfi": 40.655570060489964, "atr": 0.013428571428571425}
[BLOCKED] BMTTRY reason=insufficient_cash order=0.00 cash=0.00
[SIGNAL] 2026-08-10T21:39:59+00:00 ICPTRY BUY fill_at=2026-08-10T21:44:59+00:00 features={"close": 108.6, "bb_lower": 108.75238851097897, "bb_upper": 111.75237339378292, "rsi": 32.180210871549804, "mfi": 41.017074790614785, "atr": 0.30714285714285694}
[BLOCKED] ICPTRY reason=insufficient_cash order=0.00 cash=0.00
[SIGNAL] 2026-08-10T21:39:59+00:00 SPELLTRY BUY fill_at=2026-08-10T21:44:59+00:00 features={"close": 0.00373, "bb_lower": 0.0037308659790148803, "bb_upper": 0.0037729435447946416, "rsi": 32.12173269450126, "mfi": 5.631114065234598, "atr": 7.857142857142848e-06}
[BLOCKED] SPELLTRY reason=insufficient_cash order=0.00 cash=0.00
[SIGNAL] 2026-08-10T21:39:59+00:00 SUNTRY BUY fill_at=2026-08-10T21:44:59+00:00 features={"close": 0.8655, "bb_lower": 0.8656485265918703, "bb_upper": 0.8672467115033677, "rsi": 22.025274012977675, "mfi": 0.0, "atr": 8.571428571428421e-05}
[BLOCKED] SUNTRY reason=insufficient_cash order=0.00 cash=0.00
[SIGNAL] 2026-08-10T21:39:59+00:00 TURBOTRY BUY fill_at=2026-08-10T21:44:59+00:00 features={"close": 0.0404, "bb_lower": 0.0404016047449885, "bb_upper": 0.04097934763596386, "rsi": 29.32171534285405, "mfi": 46.20644395897649, "atr": 5.714285714285729e-05}
[BLOCKED] TURBOTRY reason=insufficient_cash order=0.00 cash=0.00
[SCAN] 2026-08-10T21:44:59+00:00 symbols=121 signals=7 entries=0 exits=0 blocked=7 open=8 cash=0.00 equity=9968.34
[OPEN-EXCLUDED] ALPINETRY restored=2011.81 reason=treated_as_never_opened
[OPEN-EXCLUDED] 1MBABYDOGETRY restored=2013.20 reason=treated_as_never_opened
[OPEN-EXCLUDED] ADATRY restored=1141.20 reason=treated_as_never_opened
[OPEN-EXCLUDED] ASTERTRY restored=1007.70 reason=treated_as_never_opened
[OPEN-EXCLUDED] CHIPTRY restored=1006.88 reason=treated_as_never_opened
[OPEN-EXCLUDED] FOGOTRY restored=1004.94 reason=treated_as_never_opened
[OPEN-EXCLUDED] ARTRY restored=1007.73 reason=treated_as_never_opened
[OPEN-EXCLUDED] 0GTRY restored=950.80 reason=treated_as_never_opened
[COMPLETE] result=/mnt/d/scalperagent_v4/backend/portfolio-replay-pine-v3-scan-121.json
RESULT_JSON={"initial_balance_try": 10000.0, "final_balance_try": 10144.257979, "net_pnl_try": 144.257979, "net_pnl_pct": 1.44258, "closed_trades": 21, "wins": 17, "losses": 4, "win_rate_pct": 80.9524, "profit_factor": 2.096771, "fees_closed_trades_try": 69.804097, "max_drawdown_pct": 1.261324, "active_symbols": ["0GTRY", "1MBABYDOGETRY", "ACTTRY", "ACXTRY", "ADATRY", "AEROTRY", "AEVOTRY", "AIGENSYNTRY", "AITRY", "AIXBTTRY", "ALGOTRY", "ALICETRY", "ALLOTRY", "ALPINETRY", "ALTTRY", "AMPTRY", "API3TRY", "APTTRY", "ARBTRY", "ARKMTRY", "ARKTRY", "ARPATRY", "ARTRY", "ASTERTRY", "ATMTRY", "ATOMTRY", "AVNTTRY", "BABYTRY", "BANANATRY", "BBTRY", "BIOTRY", "BLURTRY", "BMTTRY", "BOMETRY", "CATITRY", "CELOTRY", "CETUSTRY", "CHIPTRY", "CRVTRY", "CTRY", "CYBERTRY", "DODOTRY", "EDENTRY", "EDUTRY", "EIGENTRY", "ENATRY", "ETHFITRY", "FETTRY", "FFTRY", "FLOKITRY", "FOGOTRY", "FTRY", "GASTRY", "GENIUSTRY", "GUNTRY", "HAEDALTRY", "HBARTRY", "HOMETRY", "ICPTRY", "IDTRY", "JTOTRY", "KITETRY", "LATRY", "LDOTRY", "LISTATRY", "MAVTRY", "MEMETRY", "METRY", "MUBARAKTRY", "NEARTRY", "NEIROTRY", "NILTRY", "OPTRY", "ORDITRY", "PENGUTRY", "PEOPLETRY", "PHATRY", "PLUMETRY", "PNUTTRY", "PSGTRY", "PUMPTRY", "PYTHTRY", "RADTRY", "REDTRY", "RENDERTRY", "RETRY", "REZTRY", "RVNTRY", "SCRTRY", "SHIBTRY", "SPELLTRY", "SPKTRY", "STOTRY", "STXTRY", "SUITRY", "SUNTRY", "SXTTRY", "SYRUPTRY", "TAOTRY", "THETATRY", "THETRY", "TLMTRY", "TOWNSTRY", "TRBTRY", "TREETRY", "TRUMPTRY", "TRXTRY", "TSTTRY", "TURBOTRY", "TURTLETRY", "TWTTRY", "USDTTRY", "USTCTRY", "VANATRY", "VICTRY", "WLDTRY", "WLFITRY", "WTRY", "XPLTRY", "ZKTRY", "ZROTRY"], "open_positions_excluded": [{"symbol": "ALPINETRY", "entry_time": 1786328099, "layers": 2, "restored_try": 2011.81151}, {"symbol": "1MBABYDOGETRY", "entry_time": 1786328999, "layers": 2, "restored_try": 2013.196722}, {"symbol": "ADATRY", "entry_time": 1786350899, "layers": 2, "restored_try": 1141.204872}, {"symbol": "ASTERTRY", "entry_time": 1786356599, "layers": 1, "restored_try": 1007.696273}, {"symbol": "CHIPTRY", "entry_time": 1786368299, "layers": 1, "restored_try": 1006.877673}, {"symbol": "FOGOTRY", "entry_time": 1786379699, "layers": 1, "restored_try": 1004.936225}, {"symbol": "ARTRY", "entry_time": 1786385699, "layers": 1, "restored_try": 1007.732175}, {"symbol": "0GTRY", "entry_time": 1786388099, "layers": 1, "restored_try": 950.802529}], "reconciliation": {"expected": 10144.257981, "actual": 10144.257979, "difference": -1.78e-06}}
