[START] strategy=BB_MFI_MEAN_REVERSION pine_version=v3 initial=10000.00 TRY window=2026-08-10T18:40:12+00:00..2026-08-12T18:40:12+00:00
[CONFIG] universe=312 source=BinanceTR-exchangeInfo order_pct=0.1000 pyramiding=2 max_positions=500 commission=0.001500 spread=0.001000 slippage=0.000250
[DATA] 1000SATSTRY source=BinanceTR-public interval=5m candles=863
[DATA] 1MBABYDOGETRY source=BinanceTR-public interval=5m candles=863
[DATA] 2ZTRY source=BinanceTR-public interval=5m candles=863
[DATA] 0GTRY source=BinanceTR-public interval=5m candles=863
[DATA] 1000CATTRY source=BinanceTR-public interval=5m candles=863
[DATA] AAVETRY source=BinanceTR-public interval=5m candles=863
[DATA] ACETRY source=BinanceTR-public interval=5m candles=863
[DATA] ACMTRY source=BinanceTR-public interval=5m candles=863
[DATA] ACHTRY source=BinanceTR-public interval=5m candles=863
[DATA] ADATRY source=BinanceTR-public interval=5m candles=863
[DATA] AEROTRY source=BinanceTR-public interval=5m candles=863
[DATA] ACTTRY source=BinanceTR-public interval=5m candles=863
[DATA] ACXTRY source=BinanceTR-public interval=5m candles=863
[DATA] AEVOTRY source=BinanceTR-public interval=5m candles=863
[DATA] AIGENSYNTRY source=BinanceTR-public interval=5m candles=863
[DATA] ALGOTRY source=BinanceTR-public interval=5m candles=863
[DATA] AITRY source=BinanceTR-public interval=5m candles=863
[DATA] AIXBTTRY source=BinanceTR-public interval=5m candles=863
[DATA] ALLOTRY source=BinanceTR-public interval=5m candles=863
[DATA] ALICETRY source=BinanceTR-public interval=5m candles=863
[DATA] AMPTRY source=BinanceTR-public interval=5m candles=863
[DATA] ALPINETRY source=BinanceTR-public interval=5m candles=864
[DATA] ALTTRY source=BinanceTR-public interval=5m candles=864
[DATA] ANIMETRY source=BinanceTR-public interval=5m candles=864
[DATA] APTTRY source=BinanceTR-public interval=5m candles=863
[DATA] ANKRTRY source=BinanceTR-public interval=5m candles=864
[DATA] API3TRY source=BinanceTR-public interval=5m candles=864
[DATA] APETRY source=BinanceTR-public interval=5m candles=864
[DATA] ARBTRY source=BinanceTR-public interval=5m candles=863
[DATA] ARKMTRY source=BinanceTR-public interval=5m candles=863
[DATA] ARPATRY source=BinanceTR-public interval=5m candles=863
[DATA] ARTRY source=BinanceTR-public interval=5m candles=863
[DATA] ARKTRY source=BinanceTR-public interval=5m candles=863
[DATA] ASTERTRY source=BinanceTR-public interval=5m candles=863
[DATA] ASRTRY source=BinanceTR-public interval=5m candles=863
[DATA] ATOMTRY source=BinanceTR-public interval=5m candles=863
[DATA] ATMTRY source=BinanceTR-public interval=5m candles=863
[DATA] ATRY source=BinanceTR-public interval=5m candles=863
[DATA] ATTRY source=BinanceTR-public interval=5m candles=863
[DATA] AVAXTRY source=BinanceTR-public interval=5m candles=863
[DATA] AUCTIONTRY source=BinanceTR-public interval=5m candles=863
[DATA] AUDIOTRY source=BinanceTR-public interval=5m candles=863
[DATA] AVNTTRY source=BinanceTR-public interval=5m candles=863
[DATA] AXLTRY source=BinanceTR-public interval=5m candles=863
[DATA] BABYTRY source=BinanceTR-public interval=5m candles=863
[DATA] BANANATRY source=BinanceTR-public interval=5m candles=863
[DATA] AXSTRY source=BinanceTR-public interval=5m candles=863
[DATA] BANKTRY source=BinanceTR-public interval=5m candles=863
[DATA] BARTRY source=BinanceTR-public interval=5m candles=863
[DATA] BARDTRY source=BinanceTR-public interval=5m candles=863
[DATA] BELTRY source=BinanceTR-public interval=5m candles=863
[DATA] BBTRY source=BinanceTR-public interval=5m candles=863
[DATA] BCHTRY source=BinanceTR-public interval=5m candles=863
[DATA] BERATRY source=BinanceTR-public interval=5m candles=863
[DATA] BEAMXTRY source=BinanceTR-public interval=5m candles=863
[DATA] BLURTRY source=BinanceTR-public interval=5m candles=863
[DATA] BMTTRY source=BinanceTR-public interval=5m candles=863
[DATA] BIOTRY source=BinanceTR-public interval=5m candles=863
[DATA] BNBTRY source=BinanceTR-public interval=5m candles=863
[DATA] BOMETRY source=BinanceTR-public interval=5m candles=863
[DATA] BONKTRY source=BinanceTR-public interval=5m candles=863
[DATA] BREVTRY source=BinanceTR-public interval=5m candles=863
[DATA] BTCTRY source=BinanceTR-public interval=5m candles=863
[DATA] BTTCTRY source=BinanceTR-public interval=5m candles=863
[DATA] CAKETRY source=BinanceTR-public interval=5m candles=863
[DATA] CETUSTRY source=BinanceTR-public interval=5m candles=863
[DATA] CATITRY source=BinanceTR-public interval=5m candles=863
[DATA] CELOTRY source=BinanceTR-public interval=5m candles=863
[DATA] CFXTRY source=BinanceTR-public interval=5m candles=863
[DATA] CFGTRY source=BinanceTR-public interval=5m candles=863
[DATA] CHIPTRY source=BinanceTR-public interval=5m candles=863
[DATA] CITYTRY source=BinanceTR-public interval=5m candles=863
[DATA] CHZTRY source=BinanceTR-public interval=5m candles=863
[DATA] CKBTRY source=BinanceTR-public interval=5m candles=863
[DATA] COMPTRY source=BinanceTR-public interval=5m candles=863
[DATA] COTITRY source=BinanceTR-public interval=5m candles=863
[DATA] COWTRY source=BinanceTR-public interval=5m candles=863
[DATA] CRVTRY source=BinanceTR-public interval=5m candles=863
[DATA] CTRY source=BinanceTR-public interval=5m candles=863
[DATA] CYBERTRY source=BinanceTR-public interval=5m candles=863
[DATA] DASHTRY source=BinanceTR-public interval=5m candles=863
[DATA] DOGSTRY source=BinanceTR-public interval=5m candles=863
[DATA] DODOTRY source=BinanceTR-public interval=5m candles=863
[DATA] DOGETRY source=BinanceTR-public interval=5m candles=863
[DATA] DOTTRY source=BinanceTR-public interval=5m candles=863
[DATA] DOLOTRY source=BinanceTR-public interval=5m candles=863
[DATA] EDENTRY source=BinanceTR-public interval=5m candles=863
[DATA] DYDXTRY source=BinanceTR-public interval=5m candles=863
[DATA] DYMTRY source=BinanceTR-public interval=5m candles=863
[DATA] EDUTRY source=BinanceTR-public interval=5m candles=863
[DATA] EIGENTRY source=BinanceTR-public interval=5m candles=863
[DATA] EGLDTRY source=BinanceTR-public interval=5m candles=863
[DATA] ENATRY source=BinanceTR-public interval=5m candles=863
[DATA] ENSOTRY source=BinanceTR-public interval=5m candles=863
[DATA] ENJTRY source=BinanceTR-public interval=5m candles=863
[DATA] ENSTRY source=BinanceTR-public interval=5m candles=863
[DATA] ETHFITRY source=BinanceTR-public interval=5m candles=863
[DATA] ERATRY source=BinanceTR-public interval=5m candles=863
[DATA] ESPTRY source=BinanceTR-public interval=5m candles=863
[DATA] ETCTRY source=BinanceTR-public interval=5m candles=863
[DATA] FDUSDTRY source=BinanceTR-public interval=5m candles=863
[DATA] EULTRY source=BinanceTR-public interval=5m candles=863
[DATA] ETHTRY source=BinanceTR-public interval=5m candles=863
[DATA] FETTRY source=BinanceTR-public interval=5m candles=863
[DATA] FILTRY source=BinanceTR-public interval=5m candles=863
[DATA] FIDATRY source=BinanceTR-public interval=5m candles=863
[DATA] FFTRY source=BinanceTR-public interval=5m candles=863
[DATA] FORMTRY source=BinanceTR-public interval=5m candles=863
[DATA] FOGOTRY source=BinanceTR-public interval=5m candles=863
[DATA] FLOKITRY source=BinanceTR-public interval=5m candles=863
[DATA] FTRY source=BinanceTR-public interval=5m candles=863
[DATA] GALATRY source=BinanceTR-public interval=5m candles=863
[DATA] GENIUSTRY source=BinanceTR-public interval=5m candles=863
[DATA] GPSTRY source=BinanceTR-public interval=5m candles=863
[DATA] GIGGLETRY source=BinanceTR-public interval=5m candles=863
[DATA] GASTRY source=BinanceTR-public interval=5m candles=863
[DATA] GMTTRY source=BinanceTR-public interval=5m candles=863
[DATA] GRTTRY source=BinanceTR-public interval=5m candles=863
[DATA] GTRY source=BinanceTR-public interval=5m candles=863
[DATA] GRAMTRY source=BinanceTR-public interval=5m candles=863
[DATA] GUNTRY source=BinanceTR-public interval=5m candles=863
[DATA] HEITRY source=BinanceTR-public interval=5m candles=863
[DATA] HAEDALTRY source=BinanceTR-public interval=5m candles=863
[DATA] HBARTRY source=BinanceTR-public interval=5m candles=863
[DATA] HEMITRY source=BinanceTR-public interval=5m candles=863
[DATA] HMSTRTRY source=BinanceTR-public interval=5m candles=863
[DATA] HOLOTRY source=BinanceTR-public interval=5m candles=863
[DATA] HIVETRY source=BinanceTR-public interval=5m candles=863
[DATA] HOMETRY source=BinanceTR-public interval=5m candles=863
[DATA] HYPERTRY source=BinanceTR-public interval=5m candles=863
[DATA] HOTTRY source=BinanceTR-public interval=5m candles=863
[DATA] HUMATRY source=BinanceTR-public interval=5m candles=863
[DATA] INJTRY source=BinanceTR-public interval=5m candles=863
[DATA] ICPTRY source=BinanceTR-public interval=5m candles=863
[DATA] IOTATRY source=BinanceTR-public interval=5m candles=863
[DATA] IDTRY source=BinanceTR-public interval=5m candles=863
[DATA] INITTRY source=BinanceTR-public interval=5m candles=863
[DATA] JTOTRY source=BinanceTR-public interval=5m candles=863
[DATA] IOTRY source=BinanceTR-public interval=5m candles=863
[DATA] JUPTRY source=BinanceTR-public interval=5m candles=863
[DATA] JASMYTRY source=BinanceTR-public interval=5m candles=863
[DATA] JUVTRY source=BinanceTR-public interval=5m candles=863
[DATA] KAITOTRY source=BinanceTR-public interval=5m candles=863
[DATA] KITETRY source=BinanceTR-public interval=5m candles=863
[DATA] KATTRY source=BinanceTR-public interval=5m candles=863
[DATA] KERNELTRY source=BinanceTR-public interval=5m candles=863
[DATA] KSMTRY source=BinanceTR-public interval=5m candles=863
[DATA] LAYERTRY source=BinanceTR-public interval=5m candles=863
[DATA] LATRY source=BinanceTR-public interval=5m candles=863
[DATA] LINKTRY source=BinanceTR-public interval=5m candles=863
[DATA] LDOTRY source=BinanceTR-public interval=5m candles=863
[DATA] LINEATRY source=BinanceTR-public interval=5m candles=863
[DATA] LAZIOTRY source=BinanceTR-public interval=5m candles=863
[DATA] LTCTRY source=BinanceTR-public interval=5m candles=863
[DATA] LISTATRY source=BinanceTR-public interval=5m candles=863
[DATA] LUMIATRY source=BinanceTR-public interval=5m candles=863
[DATA] LUNCTRY source=BinanceTR-public interval=5m candles=863
[DATA] LPTTRY source=BinanceTR-public interval=5m candles=863
[DATA] LUNATRY source=BinanceTR-public interval=5m candles=863
[DATA] MAGICTRY source=BinanceTR-public interval=5m candles=863
[DATA] MANTRATRY source=BinanceTR-public interval=5m candles=863
[DATA] MANTATRY source=BinanceTR-public interval=5m candles=863
[DATA] MANATRY source=BinanceTR-public interval=5m candles=863
[DATA] MASKTRY source=BinanceTR-public interval=5m candles=863
[DATA] MEMETRY source=BinanceTR-public interval=5m candles=863
[DATA] MAVTRY source=BinanceTR-public interval=5m candles=863
[DATA] MEGATRY source=BinanceTR-public interval=5m candles=863
[DATA] METISTRY source=BinanceTR-public interval=5m candles=863
[DATA] METTRY source=BinanceTR-public interval=5m candles=863
[DATA] METRY source=BinanceTR-public interval=5m candles=863
[DATA] MIRATRY source=BinanceTR-public interval=5m candles=863
[DATA] MINATRY source=BinanceTR-public interval=5m candles=863
[DATA] MITOTRY source=BinanceTR-public interval=5m candles=863
[DATA] MORPHOTRY source=BinanceTR-public interval=5m candles=863
[DATA] MMTTRY source=BinanceTR-public interval=5m candles=863
[DATA] MUBARAKTRY source=BinanceTR-public interval=5m candles=863
[DATA] NEARTRY source=BinanceTR-public interval=5m candles=863
[DATA] MOVRTRY source=BinanceTR-public interval=5m candles=863
[DATA] NEOTRY source=BinanceTR-public interval=5m candles=863
[DATA] NEIROTRY source=BinanceTR-public interval=5m candles=863
[DATA] NEWTTRY source=BinanceTR-public interval=5m candles=863
[DATA] NMRTRY source=BinanceTR-public interval=5m candles=863
[DATA] NILTRY source=BinanceTR-public interval=5m candles=863
[DATA] NIGHTTRY source=BinanceTR-public interval=5m candles=863
[DATA] NXPCTRY source=BinanceTR-public interval=5m candles=863
[DATA] NOTTRY source=BinanceTR-public interval=5m candles=863
[DATA] NOMTRY source=BinanceTR-public interval=5m candles=863
[DATA] ONDOTRY source=BinanceTR-public interval=5m candles=863
[DATA] OGNTRY source=BinanceTR-public interval=5m candles=863
[DATA] OGTRY source=BinanceTR-public interval=5m candles=863
[DATA] ONETRY source=BinanceTR-public interval=5m candles=863
[DATA] ONTTRY source=BinanceTR-public interval=5m candles=863
[DATA] OPGTRY source=BinanceTR-public interval=5m candles=863
[DATA] OPNTRY source=BinanceTR-public interval=5m candles=863
[DATA] OPENTRY source=BinanceTR-public interval=5m candles=863
[DATA] OPTRY source=BinanceTR-public interval=5m candles=863
[DATA] PARTITRY source=BinanceTR-public interval=5m candles=863
[DATA] ORCATRY source=BinanceTR-public interval=5m candles=863
[DATA] ORDITRY source=BinanceTR-public interval=5m candles=863
[DATA] PEOPLETRY source=BinanceTR-public interval=5m candles=863
[DATA] PAXGTRY source=BinanceTR-public interval=5m candles=863
[DATA] PENDLETRY source=BinanceTR-public interval=5m candles=863
[DATA] PEPETRY source=BinanceTR-public interval=5m candles=863
[DATA] PENGUTRY source=BinanceTR-public interval=5m candles=863
[DATA] PHATRY source=BinanceTR-public interval=5m candles=863
[DATA] PLUMETRY source=BinanceTR-public interval=5m candles=863
[DATA] PIXELTRY source=BinanceTR-public interval=5m candles=863
[DATA] POLTRY source=BinanceTR-public interval=5m candles=863
[DATA] PORTALTRY source=BinanceTR-public interval=5m candles=863
[DATA] PNUTTRY source=BinanceTR-public interval=5m candles=863
[DATA] POLYXTRY source=BinanceTR-public interval=5m candles=863
[DATA] PORTOTRY source=BinanceTR-public interval=5m candles=863
[DATA] PSGTRY source=BinanceTR-public interval=5m candles=863
[DATA] PROVETRY source=BinanceTR-public interval=5m candles=863
[DATA] PUMPTRY source=BinanceTR-public interval=5m candles=863
[DATA] PYTHTRY source=BinanceTR-public interval=5m candles=863
[DATA] QTUMTRY source=BinanceTR-public interval=5m candles=863
[DATA] RADTRY source=BinanceTR-public interval=5m candles=863
[DATA] RARETRY source=BinanceTR-public interval=5m candles=863
[DATA] REDTRY source=BinanceTR-public interval=5m candles=863
[DATA] RAYTRY source=BinanceTR-public interval=5m candles=863
[DATA] RETRY source=BinanceTR-public interval=5m candles=863
[DATA] RENDERTRY source=BinanceTR-public interval=5m candles=863
[DATA] RESOLVTRY source=BinanceTR-public interval=5m candles=863
[DATA] REZTRY source=BinanceTR-public interval=5m candles=863
[DATA] ROBOTRY source=BinanceTR-public interval=5m candles=863
[DATA] RONINTRY source=BinanceTR-public interval=5m candles=863
[DATA] ROSETRY source=BinanceTR-public interval=5m candles=863
[DATA] RSRTRY source=BinanceTR-public interval=5m candles=863
[DATA] SAGATRY source=BinanceTR-public interval=5m candles=863
[DATA] RVNTRY source=BinanceTR-public interval=5m candles=863
[DATA] SAHARATRY source=BinanceTR-public interval=5m candles=863
[DATA] SANTOSTRY source=BinanceTR-public interval=5m candles=863
[DATA] SANDTRY source=BinanceTR-public interval=5m candles=863
[DATA] SAPIENTRY source=BinanceTR-public interval=5m candles=863
[DATA] SCRTRY source=BinanceTR-public interval=5m candles=863
[DATA] SENTTRY source=BinanceTR-public interval=5m candles=863
[DATA] SEITRY source=BinanceTR-public interval=5m candles=863
[DATA] SHELLTRY source=BinanceTR-public interval=5m candles=863
[DATA] SKLTRY source=BinanceTR-public interval=5m candles=863
[DATA] SHIBTRY source=BinanceTR-public interval=5m candles=863
[DATA] SIGNTRY source=BinanceTR-public interval=5m candles=863
[DATA] SNXTRY source=BinanceTR-public interval=5m candles=863
[DATA] SKYTRY source=BinanceTR-public interval=5m candles=863
[DATA] SOLTRY source=BinanceTR-public interval=5m candles=863
[DATA] SLPTRY source=BinanceTR-public interval=5m candles=863
[DATA] SOLVTRY source=BinanceTR-public interval=5m candles=863
[DATA] SOMITRY source=BinanceTR-public interval=5m candles=863
[DATA] STOTRY source=BinanceTR-public interval=5m candles=863
[DATA] STRAXTRY source=BinanceTR-public interval=5m candles=863
[DATA] SOPHTRY source=BinanceTR-public interval=5m candles=863
[DATA] SPELLTRY source=BinanceTR-public interval=5m candles=863
[DATA] SPKTRY source=BinanceTR-public interval=5m candles=863
[DATA] STRKTRY source=BinanceTR-public interval=5m candles=863
[DATA] STRY source=BinanceTR-public interval=5m candles=863
[DATA] STXTRY source=BinanceTR-public interval=5m candles=863
[DATA] SUITRY source=BinanceTR-public interval=5m candles=863
[DATA] SUNTRY source=BinanceTR-public interval=5m candles=863
[DATA] SUSHITRY source=BinanceTR-public interval=5m candles=863
[DATA] SXTTRY source=BinanceTR-public interval=5m candles=863
[DATA] SUPERTRY source=BinanceTR-public interval=5m candles=863
[DATA] TAOTRY source=BinanceTR-public interval=5m candles=863
[DATA] SYRUPTRY source=BinanceTR-public interval=5m candles=863
[DATA] THETATRY source=BinanceTR-public interval=5m candles=863
[DATA] THETRY source=BinanceTR-public interval=5m candles=863
[DATA] TLMTRY source=BinanceTR-public interval=5m candles=863
[DATA] TIATRY source=BinanceTR-public interval=5m candles=863
[DATA] TOWNSTRY source=BinanceTR-public interval=5m candles=863
[DATA] TNSRTRY source=BinanceTR-public interval=5m candles=863
[DATA] TREETRY source=BinanceTR-public interval=5m candles=863
[DATA] TRXTRY source=BinanceTR-public interval=5m candles=863
[DATA] TRBTRY source=BinanceTR-public interval=5m candles=863
[DATA] TRUMPTRY source=BinanceTR-public interval=5m candles=863
[DATA] UMATRY source=BinanceTR-public interval=5m candles=863
[DATA] TSTTRY source=BinanceTR-public interval=5m candles=863
[DATA] TURBOTRY source=BinanceTR-public interval=5m candles=863
[DATA] TURTLETRY source=BinanceTR-public interval=5m candles=863
[DATA] TWTTRY source=BinanceTR-public interval=5m candles=863
[DATA] UNITRY source=BinanceTR-public interval=5m candles=863
[DATA] USD1TRY source=BinanceTR-public interval=5m candles=863
[DATA] USDCTRY source=BinanceTR-public interval=5m candles=863
[DATA] USTCTRY source=BinanceTR-public interval=5m candles=863
[DATA] USDTTRY source=BinanceTR-public interval=5m candles=863
[DATA] USUALTRY source=BinanceTR-public interval=5m candles=863
[DATA] UTRY source=BinanceTR-public interval=5m candles=863
[DATA] VANATRY source=BinanceTR-public interval=5m candles=863
[DATA] VANRYTRY source=BinanceTR-public interval=5m candles=863
[DATA] VIRTUALTRY source=BinanceTR-public interval=5m candles=863
[DATA] VETTRY source=BinanceTR-public interval=5m candles=863
[DATA] VICTRY source=BinanceTR-public interval=5m candles=863
[DATA] WIFTRY source=BinanceTR-public interval=5m candles=863
[DATA] WALTRY source=BinanceTR-public interval=5m candles=863
[DATA] WCTTRY source=BinanceTR-public interval=5m candles=863
[DATA] WLDTRY source=BinanceTR-public interval=5m candles=863
[DATA] WTRY source=BinanceTR-public interval=5m candles=863
[DATA] WLFITRY source=BinanceTR-public interval=5m candles=863
[DATA] XAITRY source=BinanceTR-public interval=5m candles=863
[DATA] XAUTTRY source=BinanceTR-public interval=5m candles=863
[DATA] XECTRY source=BinanceTR-public interval=5m candles=863
[DATA] XLMTRY source=BinanceTR-public interval=5m candles=863
[DATA] XVGTRY source=BinanceTR-public interval=5m candles=863
[DATA] XPLTRY source=BinanceTR-public interval=5m candles=863
[DATA] XRPTRY source=BinanceTR-public interval=5m candles=863
[DATA] XTZTRY source=BinanceTR-public interval=5m candles=863
[DATA] YBTRY source=BinanceTR-public interval=5m candles=863
[DATA] ZBTTRY source=BinanceTR-public interval=5m candles=863
[DATA] ZAMATRY source=BinanceTR-public interval=5m candles=863
[DATA] ZKCTRY source=BinanceTR-public interval=5m candles=863
[DATA] ZILTRY source=BinanceTR-public interval=5m candles=863
[DATA] ZKTRY source=BinanceTR-public interval=5m candles=863
[DATA] ZKPTRY source=BinanceTR-public interval=5m candles=863
[DATA] ZROTRY source=BinanceTR-public interval=5m candles=863
[ACTIVITY] 0GTRY status=PASSIVE metrics={"status": "PASSIVE", "quote_volume": 37112501.65, "range_15m_pct": 0.1333, "atr_pct": 0.1997, "volume_ratio": 0.5639, "spread_pct": 0.2663, "checks": {"quote_volume": true, "range_15m": false, "atr": true, "volume_ratio": true, "spread": true}, "reason": "movement_or_liquidity_below_threshold"}
[ACTIVITY] 1000CATTRY status=PASSIVE metrics={"status": "PASSIVE", "quote_volume": 4641341.07, "range_15m_pct": 1.2658, "atr_pct": 0.5425, "volume_ratio": 0.0, "spread_pct": 1.2579, "checks": {"quote_volume": true, "range_15m": true, "atr": true, "volume_ratio": false, "spread": false}, "reason": "movement_or_liquidity_below_threshold"}
[ACTIVITY] 1000SATSTRY status=PASSIVE metrics={"status": "PASSIVE", "quote_volume": 5114117.83, "range_15m_pct": 0.0, "atr_pct": 0.1789, "volume_ratio": 0.0, "spread_pct": 0.2081, "checks": {"quote_volume": true, "range_15m": false, "atr": true, "volume_ratio": false, "spread": true}, "reason": "movement_or_liquidity_below_threshold"}
[ACTIVITY] 1MBABYDOGETRY status=PASSIVE metrics={"status": "PASSIVE", "quote_volume": 15084322.37, "range_15m_pct": 0.0, "atr_pct": 0.0485, "volume_ratio": 0.0306, "spread_pct": 0.1235, "checks": {"quote_volume": true, "range_15m": false, "atr": false, "volume_ratio": false, "spread": true}, "reason": "movement_or_liquidity_below_threshold"}
[ACTIVITY] 2ZTRY status=ACTIVE metrics={"status": "ACTIVE", "quote_volume": 88043902.23, "range_15m_pct": 1.0526, "atr_pct": 0.7429, "volume_ratio": 0.9614, "spread_pct": 0.0406, "checks": {"quote_volume": true, "range_15m": true, "atr": true, "volume_ratio": true, "spread": true}, "reason": "active"}
[ACTIVITY] AAVETRY status=PASSIVE metrics={"status": "PASSIVE", "quote_volume": 7093576.08, "range_15m_pct": 0.1428, "atr_pct": 0.1239, "volume_ratio": 0.4638, "spread_pct": 0.0713, "checks": {"quote_volume": true, "range_15m": false, "atr": false, "volume_ratio": false, "spread": true}, "reason": "movement_or_liquidity_below_threshold"}
[ACTIVITY] ACETRY status=ACTIVE metrics={"status": "ACTIVE", "quote_volume": 187000373.97, "range_15m_pct": 0.4464, "atr_pct": 0.3868, "volume_ratio": 0.7563, "spread_pct": 0.1164, "checks": {"quote_volume": true, "range_15m": true, "atr": true, "volume_ratio": true, "spread": true}, "reason": "active"}
[ACTIVITY] ACHTRY status=ACTIVE metrics={"status": "ACTIVE", "quote_volume": 15038973.71, "range_15m_pct": 0.2021, "atr_pct": 0.2413, "volume_ratio": 1.6059, "spread_pct": 0.2019, "checks": {"quote_volume": true, "range_15m": true, "atr": true, "volume_ratio": true, "spread": true}, "reason": "active"}
[ACTIVITY] ACMTRY status=PASSIVE metrics={"status": "PASSIVE", "quote_volume": 1686789.71, "range_15m_pct": 0.2368, "atr_pct": 0.1015, "volume_ratio": 3.0687, "spread_pct": 0.6294, "checks": {"quote_volume": true, "range_15m": true, "atr": false, "volume_ratio": true, "spread": false}, "reason": "movement_or_liquidity_below_threshold"}
[ACTIVITY] ACTTRY status=ACTIVE metrics={"status": "ACTIVE", "quote_volume": 22063413.38, "range_15m_pct": 0.8493, "atr_pct": 0.2496, "volume_ratio": 0.643, "spread_pct": 0.1475, "checks": {"quote_volume": true, "range_15m": true, "atr": true, "volume_ratio": true, "spread": true}, "reason": "active"}
[ACTIVITY] ACXTRY status=PASSIVE metrics={"status": "PASSIVE", "quote_volume": 31620052.67, "range_15m_pct": 2.0964, "atr_pct": 0.7945, "volume_ratio": 0.1339, "spread_pct": 0.4149, "checks": {"quote_volume": true, "range_15m": true, "atr": true, "volume_ratio": false, "spread": false}, "reason": "movement_or_liquidity_below_threshold"}
[ACTIVITY] ADATRY status=PASSIVE metrics={"status": "PASSIVE", "quote_volume": 18892507.6, "range_15m_pct": 0.464, "atr_pct": 0.2722, "volume_ratio": 0.0108, "spread_pct": 0.2312, "checks": {"quote_volume": true, "range_15m": true, "atr": true, "volume_ratio": false, "spread": true}, "reason": "movement_or_liquidity_below_threshold"}
[ACTIVITY] AEROTRY status=PASSIVE metrics={"status": "PASSIVE", "quote_volume": 1182259.55, "range_15m_pct": 0.611, "atr_pct": 0.0836, "volume_ratio": 0.0466, "spread_pct": 0.3057, "checks": {"quote_volume": true, "range_15m": true, "atr": false, "volume_ratio": false, "spread": false}, "reason": "movement_or_liquidity_below_threshold"}
[ACTIVITY] AEVOTRY status=PASSIVE metrics={"status": "PASSIVE", "quote_volume": 2957849.7, "range_15m_pct": 0.3293, "atr_pct": 0.1331, "volume_ratio": 0.0, "spread_pct": 0.2195, "checks": {"quote_volume": true, "range_15m": true, "atr": false, "volume_ratio": false, "spread": true}, "reason": "movement_or_liquidity_below_threshold"}
[ACTIVITY] AIGENSYNTRY status=PASSIVE metrics={"status": "PASSIVE", "quote_volume": 32071620.88, "range_15m_pct": 0.3049, "atr_pct": 0.3401, "volume_ratio": 0.498, "spread_pct": 0.1015, "checks": {"quote_volume": true, "range_15m": true, "atr": true, "volume_ratio": false, "spread": true}, "reason": "movement_or_liquidity_below_threshold"}
[ACTIVITY] AITRY status=PASSIVE metrics={"status": "PASSIVE", "quote_volume": 7366707.38, "range_15m_pct": 0.0, "atr_pct": 0.3484, "volume_ratio": 28.5504, "spread_pct": 1.227, "checks": {"quote_volume": true, "range_15m": false, "atr": true, "volume_ratio": true, "spread": false}, "reason": "movement_or_liquidity_below_threshold"}
[ACTIVITY] AIXBTTRY status=PASSIVE metrics={"status": "PASSIVE", "quote_volume": 28962796.34, "range_15m_pct": 2.5057, "atr_pct": 0.6654, "volume_ratio": 0.9766, "spread_pct": 0.3358, "checks": {"quote_volume": true, "range_15m": true, "atr": true, "volume_ratio": true, "spread": false}, "reason": "movement_or_liquidity_below_threshold"}
[ACTIVITY] ALGOTRY status=ACTIVE metrics={"status": "ACTIVE", "quote_volume": 1312381.79, "range_15m_pct": 2.3664, "atr_pct": 0.3606, "volume_ratio": 0.5818, "spread_pct": 0.1327, "checks": {"quote_volume": true, "range_15m": true, "atr": true, "volume_ratio": true, "spread": true}, "reason": "active"}
[ACTIVITY] ALICETRY status=ACTIVE metrics={"status": "ACTIVE", "quote_volume": 9980534.68, "range_15m_pct": 0.1808, "atr_pct": 0.3481, "volume_ratio": 0.8169, "spread_pct": 0.1807, "checks": {"quote_volume": true, "range_15m": true, "atr": true, "volume_ratio": true, "spread": true}, "reason": "active"}
[ACTIVITY] ALLOTRY status=PASSIVE metrics={"status": "PASSIVE", "quote_volume": 86910022.65, "range_15m_pct": 0.6401, "atr_pct": 0.5487, "volume_ratio": 0.2036, "spread_pct": 0.0709, "checks": {"quote_volume": true, "range_15m": true, "atr": true, "volume_ratio": false, "spread": true}, "reason": "movement_or_liquidity_below_threshold"}
[ACTIVITY] ALPINETRY status=PASSIVE metrics={"status": "PASSIVE", "quote_volume": 7232282.99, "range_15m_pct": 0.0, "atr_pct": 0.0711, "volume_ratio": 0.0, "spread_pct": 0.1994, "checks": {"quote_volume": true, "range_15m": false, "atr": false, "volume_ratio": false, "spread": true}, "reason": "movement_or_liquidity_below_threshold"}
[ACTIVITY] ALTTRY status=PASSIVE metrics={"status": "PASSIVE", "quote_volume": 4222617.1, "range_15m_pct": 0.0, "atr_pct": 0.0257, "volume_ratio": 0.0, "spread_pct": 0.3591, "checks": {"quote_volume": true, "range_15m": false, "atr": false, "volume_ratio": false, "spread": false}, "reason": "movement_or_liquidity_below_threshold"}
[ACTIVITY] AMPTRY status=PASSIVE metrics={"status": "PASSIVE", "quote_volume": 6373783.41, "range_15m_pct": 0.5495, "atr_pct": 0.1952, "volume_ratio": 0.0, "spread_pct": 0.5479, "checks": {"quote_volume": true, "range_15m": true, "atr": true, "volume_ratio": false, "spread": false}, "reason": "movement_or_liquidity_below_threshold"}
[ACTIVITY] ANIMETRY status=PASSIVE metrics={"status": "PASSIVE", "quote_volume": 684316.32, "range_15m_pct": 0.0, "atr_pct": 0.1242, "volume_ratio": 0.0, "spread_pct": 0.8734, "checks": {"quote_volume": false, "range_15m": false, "atr": false, "volume_ratio": false, "spread": false}, "reason": "movement_or_liquidity_below_threshold"}
[ACTIVITY] ANKRTRY status=PASSIVE metrics={"status": "PASSIVE", "quote_volume": 1048936.37, "range_15m_pct": 0.0, "atr_pct": 0.022, "volume_ratio": 0.0, "spread_pct": 0.2484, "checks": {"quote_volume": true, "range_15m": false, "atr": false, "volume_ratio": false, "spread": true}, "reason": "movement_or_liquidity_below_threshold"}
[ACTIVITY] APETRY status=PASSIVE metrics={"status": "PASSIVE", "quote_volume": 3929823.51, "range_15m_pct": 0.5042, "atr_pct": 0.2867, "volume_ratio": 0.0179, "spread_pct": 0.335, "checks": {"quote_volume": true, "range_15m": true, "atr": true, "volume_ratio": false, "spread": false}, "reason": "movement_or_liquidity_below_threshold"}
[ACTIVITY] API3TRY status=PASSIVE metrics={"status": "PASSIVE", "quote_volume": 4079684.37, "range_15m_pct": 0.0, "atr_pct": 0.0959, "volume_ratio": 0.0065, "spread_pct": 0.2235, "checks": {"quote_volume": true, "range_15m": false, "atr": false, "volume_ratio": false, "spread": true}, "reason": "movement_or_liquidity_below_threshold"}
[ACTIVITY] APTTRY status=PASSIVE metrics={"status": "PASSIVE", "quote_volume": 5457303.3, "range_15m_pct": 0.3745, "atr_pct": 0.2399, "volume_ratio": 0.0, "spread_pct": 0.3738, "checks": {"quote_volume": true, "range_15m": true, "atr": true, "volume_ratio": false, "spread": false}, "reason": "movement_or_liquidity_below_threshold"}
[ACTIVITY] ARBTRY status=PASSIVE metrics={"status": "PASSIVE", "quote_volume": 26397967.92, "range_15m_pct": 0.0, "atr_pct": 0.1377, "volume_ratio": 0.6154, "spread_pct": 0.2759, "checks": {"quote_volume": true, "range_15m": false, "atr": false, "volume_ratio": true, "spread": true}, "reason": "movement_or_liquidity_below_threshold"}
[ACTIVITY] ARKMTRY status=PASSIVE metrics={"status": "PASSIVE", "quote_volume": 5391884.45, "range_15m_pct": 0.0, "atr_pct": 0.1339, "volume_ratio": 0.0, "spread_pct": 0.18, "checks": {"quote_volume": true, "range_15m": false, "atr": false, "volume_ratio": false, "spread": true}, "reason": "movement_or_liquidity_below_threshold"}
[ACTIVITY] ARKTRY status=PASSIVE metrics={"status": "PASSIVE", "quote_volume": 5335372.5, "range_15m_pct": 0.4684, "atr_pct": 0.0836, "volume_ratio": 0.232, "spread_pct": 0.4673, "checks": {"quote_volume": true, "range_15m": true, "atr": false, "volume_ratio": false, "spread": false}, "reason": "movement_or_liquidity_below_threshold"}
[ACTIVITY] ARPATRY status=PASSIVE metrics={"status": "PASSIVE", "quote_volume": 3099619.38, "range_15m_pct": 0.0243, "atr_pct": 0.0661, "volume_ratio": 0.1983, "spread_pct": 0.073, "checks": {"quote_volume": true, "range_15m": false, "atr": false, "volume_ratio": false, "spread": true}, "reason": "movement_or_liquidity_below_threshold"}
[ACTIVITY] ARTRY status=PASSIVE metrics={"status": "PASSIVE", "quote_volume": 651820.21, "range_15m_pct": 0.0, "atr_pct": 0.1468, "volume_ratio": 0.0, "spread_pct": 0.179, "checks": {"quote_volume": false, "range_15m": false, "atr": false, "volume_ratio": false, "spread": true}, "reason": "movement_or_liquidity_below_threshold"}
[ACTIVITY] ASRTRY status=PASSIVE metrics={"status": "PASSIVE", "quote_volume": 3234446.22, "range_15m_pct": 0.1232, "atr_pct": 0.0808, "volume_ratio": 0.083, "spread_pct": 0.2951, "checks": {"quote_volume": true, "range_15m": false, "atr": false, "volume_ratio": false, "spread": true}, "reason": "movement_or_liquidity_below_threshold"}
[ACTIVITY] ASTERTRY status=PASSIVE metrics={"status": "PASSIVE", "quote_volume": 4004525.97, "range_15m_pct": 0.0697, "atr_pct": 0.0647, "volume_ratio": 0.0, "spread_pct": 0.0348, "checks": {"quote_volume": true, "range_15m": false, "atr": false, "volume_ratio": false, "spread": true}, "reason": "movement_or_liquidity_below_threshold"}
[ACTIVITY] ATMTRY status=PASSIVE metrics={"status": "PASSIVE", "quote_volume": 56643534.27, "range_15m_pct": 0.5714, "atr_pct": 0.9073, "volume_ratio": 0.0551, "spread_pct": 0.338, "checks": {"quote_volume": true, "range_15m": true, "atr": true, "volume_ratio": false, "spread": false}, "reason": "movement_or_liquidity_below_threshold"}
[ACTIVITY] ATOMTRY status=PASSIVE metrics={"status": "PASSIVE", "quote_volume": 1689957.61, "range_15m_pct": 0.0, "atr_pct": 0.0964, "volume_ratio": 0.0, "spread_pct": 0.1496, "checks": {"quote_volume": true, "range_15m": false, "atr": false, "volume_ratio": false, "spread": true}, "reason": "movement_or_liquidity_below_threshold"}
[ACTIVITY] ATRY status=PASSIVE metrics={"status": "PASSIVE", "quote_volume": 468210.25, "range_15m_pct": 0.0, "atr_pct": 0.0478, "volume_ratio": 0.0, "spread_pct": 0.6711, "checks": {"quote_volume": false, "range_15m": false, "atr": false, "volume_ratio": false, "spread": false}, "reason": "movement_or_liquidity_below_threshold"}
[ACTIVITY] ATTRY status=ACTIVE metrics={"status": "ACTIVE", "quote_volume": 54970541.39, "range_15m_pct": 0.7927, "atr_pct": 0.326, "volume_ratio": 2.9926, "spread_pct": 0.2552, "checks": {"quote_volume": true, "range_15m": true, "atr": true, "volume_ratio": true, "spread": true}, "reason": "active"}
[ACTIVITY] AUCTIONTRY status=PASSIVE metrics={"status": "PASSIVE", "quote_volume": 764405.59, "range_15m_pct": 0.0, "atr_pct": 0.0473, "volume_ratio": 0.0, "spread_pct": 0.3678, "checks": {"quote_volume": false, "range_15m": false, "atr": false, "volume_ratio": false, "spread": false}, "reason": "movement_or_liquidity_below_threshold"}
[ACTIVITY] AUDIOTRY status=ACTIVE metrics={"status": "ACTIVE", "quote_volume": 15320641.82, "range_15m_pct": 0.2621, "atr_pct": 0.2334, "volume_ratio": 4.4574, "spread_pct": 0.2269, "checks": {"quote_volume": true, "range_15m": true, "atr": true, "volume_ratio": true, "spread": true}, "reason": "active"}
[ACTIVITY] AVAXTRY status=ACTIVE metrics={"status": "ACTIVE", "quote_volume": 98904352.92, "range_15m_pct": 0.3633, "atr_pct": 0.2585, "volume_ratio": 0.7936, "spread_pct": 0.0658, "checks": {"quote_volume": true, "range_15m": true, "atr": true, "volume_ratio": true, "spread": true}, "reason": "active"}
[ACTIVITY] AVNTTRY status=PASSIVE metrics={"status": "PASSIVE", "quote_volume": 5101454.41, "range_15m_pct": 0.0, "atr_pct": 0.1174, "volume_ratio": 0.0, "spread_pct": 0.4684, "checks": {"quote_volume": true, "range_15m": false, "atr": false, "volume_ratio": false, "spread": false}, "reason": "movement_or_liquidity_below_threshold"}
[ACTIVITY] AXLTRY status=PASSIVE metrics={"status": "PASSIVE", "quote_volume": 384335.73, "range_15m_pct": 0.0, "atr_pct": 0.084, "volume_ratio": 0.1464, "spread_pct": 0.59, "checks": {"quote_volume": false, "range_15m": false, "atr": false, "volume_ratio": false, "spread": false}, "reason": "movement_or_liquidity_below_threshold"}
[ACTIVITY] AXSTRY status=PASSIVE metrics={"status": "PASSIVE", "quote_volume": 2017615.42, "range_15m_pct": 0.0, "atr_pct": 0.122, "volume_ratio": 0.0198, "spread_pct": 0.489, "checks": {"quote_volume": true, "range_15m": false, "atr": false, "volume_ratio": false, "spread": false}, "reason": "movement_or_liquidity_below_threshold"}
[ACTIVITY] BABYTRY status=PASSIVE metrics={"status": "PASSIVE", "quote_volume": 32717826.32, "range_15m_pct": 0.6073, "atr_pct": 0.432, "volume_ratio": 0.1184, "spread_pct": 0.4032, "checks": {"quote_volume": true, "range_15m": true, "atr": true, "volume_ratio": false, "spread": false}, "reason": "movement_or_liquidity_below_threshold"}
[ACTIVITY] BANANATRY status=PASSIVE metrics={"status": "PASSIVE", "quote_volume": 18733569.23, "range_15m_pct": 0.0, "atr_pct": 0.2421, "volume_ratio": 0.0, "spread_pct": 0.5634, "checks": {"quote_volume": true, "range_15m": false, "atr": true, "volume_ratio": false, "spread": false}, "reason": "movement_or_liquidity_below_threshold"}
[ACTIVITY] BANKTRY status=ACTIVE metrics={"status": "ACTIVE", "quote_volume": 344912184.49, "range_15m_pct": 2.1861, "atr_pct": 1.2826, "volume_ratio": 0.6269, "spread_pct": 0.1104, "checks": {"quote_volume": true, "range_15m": true, "atr": true, "volume_ratio": true, "spread": true}, "reason": "active"}
[ACTIVITY] BARDTRY status=PASSIVE metrics={"status": "PASSIVE", "quote_volume": 6436214.21, "range_15m_pct": 0.5587, "atr_pct": 0.4389, "volume_ratio": 0.265, "spread_pct": 0.3724, "checks": {"quote_volume": true, "range_15m": true, "atr": true, "volume_ratio": false, "spread": false}, "reason": "movement_or_liquidity_below_threshold"}
[ACTIVITY] BARTRY status=PASSIVE metrics={"status": "PASSIVE", "quote_volume": 5646146.55, "range_15m_pct": 0.16, "atr_pct": 0.0914, "volume_ratio": 0.0, "spread_pct": 0.1599, "checks": {"quote_volume": true, "range_15m": true, "atr": false, "volume_ratio": false, "spread": true}, "reason": "movement_or_liquidity_below_threshold"}
[ACTIVITY] BBTRY status=PASSIVE metrics={"status": "PASSIVE", "quote_volume": 31844950.22, "range_15m_pct": 0.6691, "atr_pct": 0.4027, "volume_ratio": 0.0051, "spread_pct": 0.4493, "checks": {"quote_volume": true, "range_15m": true, "atr": true, "volume_ratio": false, "spread": false}, "reason": "movement_or_liquidity_below_threshold"}
[ACTIVITY] BCHTRY status=PASSIVE metrics={"status": "PASSIVE", "quote_volume": 632053.5, "range_15m_pct": 0.0, "atr_pct": 0.0409, "volume_ratio": 0.0, "spread_pct": 0.217, "checks": {"quote_volume": false, "range_15m": false, "atr": false, "volume_ratio": false, "spread": true}, "reason": "movement_or_liquidity_below_threshold"}
[ACTIVITY] BEAMXTRY status=PASSIVE metrics={"status": "PASSIVE", "quote_volume": 1097807.2, "range_15m_pct": 0.1563, "atr_pct": 0.1116, "volume_ratio": 8.4142, "spread_pct": 0.313, "checks": {"quote_volume": true, "range_15m": true, "atr": false, "volume_ratio": true, "spread": false}, "reason": "movement_or_liquidity_below_threshold"}
[ACTIVITY] BELTRY status=PASSIVE metrics={"status": "PASSIVE", "quote_volume": 24096437.91, "range_15m_pct": 0.6061, "atr_pct": 0.2016, "volume_ratio": 0.0, "spread_pct": 0.2014, "checks": {"quote_volume": true, "range_15m": true, "atr": true, "volume_ratio": false, "spread": true}, "reason": "movement_or_liquidity_below_threshold"}
[ACTIVITY] BERATRY status=PASSIVE metrics={"status": "PASSIVE", "quote_volume": 12300327.4, "range_15m_pct": 0.4748, "atr_pct": 0.2711, "volume_ratio": 0.1999, "spread_pct": 0.1328, "checks": {"quote_volume": true, "range_15m": true, "atr": true, "volume_ratio": false, "spread": true}, "reason": "movement_or_liquidity_below_threshold"}
[ACTIVITY] BIOTRY status=PASSIVE metrics={"status": "PASSIVE", "quote_volume": 15979193.33, "range_15m_pct": 0.3521, "atr_pct": 0.2639, "volume_ratio": 0.0, "spread_pct": 0.0879, "checks": {"quote_volume": true, "range_15m": true, "atr": true, "volume_ratio": false, "spread": true}, "reason": "movement_or_liquidity_below_threshold"}
[ACTIVITY] BLURTRY status=PASSIVE metrics={"status": "PASSIVE", "quote_volume": 2933153.85, "range_15m_pct": 0.0, "atr_pct": 0.0908, "volume_ratio": 0.0, "spread_pct": 0.3185, "checks": {"quote_volume": true, "range_15m": false, "atr": false, "volume_ratio": false, "spread": false}, "reason": "movement_or_liquidity_below_threshold"}
[ACTIVITY] BMTTRY status=ACTIVE metrics={"status": "ACTIVE", "quote_volume": 259946815.99, "range_15m_pct": 1.2911, "atr_pct": 1.0396, "volume_ratio": 0.5198, "spread_pct": 0.2353, "checks": {"quote_volume": true, "range_15m": true, "atr": true, "volume_ratio": true, "spread": true}, "reason": "active"}
[ACTIVITY] BNBTRY status=PASSIVE metrics={"status": "PASSIVE", "quote_volume": 19739500.36, "range_15m_pct": 0.165, "atr_pct": 0.0797, "volume_ratio": 0.1605, "spread_pct": 0.0103, "checks": {"quote_volume": true, "range_15m": true, "atr": false, "volume_ratio": false, "spread": true}, "reason": "movement_or_liquidity_below_threshold"}
[ACTIVITY] BOMETRY status=PASSIVE metrics={"status": "PASSIVE", "quote_volume": 24835679.84, "range_15m_pct": 0.271, "atr_pct": 0.4949, "volume_ratio": 0.0859, "spread_pct": 0.1623, "checks": {"quote_volume": true, "range_15m": true, "atr": true, "volume_ratio": false, "spread": true}, "reason": "movement_or_liquidity_below_threshold"}
[ACTIVITY] BONKTRY status=PASSIVE metrics={"status": "PASSIVE", "quote_volume": 67714974.6, "range_15m_pct": 0.2801, "atr_pct": 0.2801, "volume_ratio": 0.1915, "spread_pct": 0.0934, "checks": {"quote_volume": true, "range_15m": true, "atr": true, "volume_ratio": false, "spread": true}, "reason": "movement_or_liquidity_below_threshold"}
[ACTIVITY] BREVTRY status=PASSIVE metrics={"status": "PASSIVE", "quote_volume": 363070.82, "range_15m_pct": 0.3058, "atr_pct": 0.0874, "volume_ratio": 0.0, "spread_pct": 0.3063, "checks": {"quote_volume": false, "range_15m": true, "atr": false, "volume_ratio": false, "spread": false}, "reason": "movement_or_liquidity_below_threshold"}
[ACTIVITY] BTCTRY status=PASSIVE metrics={"status": "PASSIVE", "quote_volume": 138031099.17, "range_15m_pct": 0.2153, "atr_pct": 0.0835, "volume_ratio": 0.1795, "spread_pct": 0.0278, "checks": {"quote_volume": true, "range_15m": true, "atr": false, "volume_ratio": false, "spread": true}, "reason": "movement_or_liquidity_below_threshold"}
[ACTIVITY] BTTCTRY status=PASSIVE metrics={"status": "PASSIVE", "quote_volume": 1417706.59, "range_15m_pct": 0.8807, "atr_pct": 0.0681, "volume_ratio": 176.5576, "spread_pct": 0.2399, "checks": {"quote_volume": true, "range_15m": true, "atr": false, "volume_ratio": true, "spread": true}, "reason": "movement_or_liquidity_below_threshold"}
[ACTIVITY] CAKETRY status=PASSIVE metrics={"status": "PASSIVE", "quote_volume": 1285358.67, "range_15m_pct": 0.116, "atr_pct": 0.03, "volume_ratio": 0.0, "spread_pct": 0.1305, "checks": {"quote_volume": true, "range_15m": false, "atr": false, "volume_ratio": false, "spread": true}, "reason": "movement_or_liquidity_below_threshold"}
[ACTIVITY] CATITRY status=PASSIVE metrics={"status": "PASSIVE", "quote_volume": 1430728.08, "range_15m_pct": 0.7878, "atr_pct": 0.0768, "volume_ratio": 0.0, "spread_pct": 0.4422, "checks": {"quote_volume": true, "range_15m": true, "atr": false, "volume_ratio": false, "spread": false}, "reason": "movement_or_liquidity_below_threshold"}
[ACTIVITY] CELOTRY status=PASSIVE metrics={"status": "PASSIVE", "quote_volume": 161361.16, "range_15m_pct": 0.2404, "atr_pct": 0.0955, "volume_ratio": 31.9206, "spread_pct": 0.1716, "checks": {"quote_volume": false, "range_15m": true, "atr": false, "volume_ratio": true, "spread": true}, "reason": "movement_or_liquidity_below_threshold"}
[ACTIVITY] CETUSTRY status=PASSIVE metrics={"status": "PASSIVE", "quote_volume": 4577478.14, "range_15m_pct": 0.4367, "atr_pct": 0.1324, "volume_ratio": 0.0, "spread_pct": 0.4357, "checks": {"quote_volume": true, "range_15m": true, "atr": false, "volume_ratio": false, "spread": false}, "reason": "movement_or_liquidity_below_threshold"}
[ACTIVITY] CFGTRY status=PASSIVE metrics={"status": "PASSIVE", "quote_volume": 3469847.13, "range_15m_pct": 0.2734, "atr_pct": 0.1636, "volume_ratio": 0.0, "spread_pct": 0.0818, "checks": {"quote_volume": true, "range_15m": true, "atr": true, "volume_ratio": false, "spread": true}, "reason": "movement_or_liquidity_below_threshold"}
[ACTIVITY] CFXTRY status=PASSIVE metrics={"status": "PASSIVE", "quote_volume": 2028856.54, "range_15m_pct": 0.1545, "atr_pct": 0.2167, "volume_ratio": 0.2505, "spread_pct": 0.1029, "checks": {"quote_volume": true, "range_15m": true, "atr": true, "volume_ratio": false, "spread": true}, "reason": "movement_or_liquidity_below_threshold"}
[ACTIVITY] CHIPTRY status=PASSIVE metrics={"status": "PASSIVE", "quote_volume": 43450605.68, "range_15m_pct": 1.1339, "atr_pct": 0.2838, "volume_ratio": 0.3511, "spread_pct": 0.1165, "checks": {"quote_volume": true, "range_15m": true, "atr": true, "volume_ratio": false, "spread": true}, "reason": "movement_or_liquidity_below_threshold"}
[ACTIVITY] CHZTRY status=ACTIVE metrics={"status": "ACTIVE", "quote_volume": 28194691.44, "range_15m_pct": 0.5102, "atr_pct": 0.2183, "volume_ratio": 0.7287, "spread_pct": 0.1699, "checks": {"quote_volume": true, "range_15m": true, "atr": true, "volume_ratio": true, "spread": true}, "reason": "active"}
[ACTIVITY] CITYTRY status=PASSIVE metrics={"status": "PASSIVE", "quote_volume": 2183592.42, "range_15m_pct": 0.0, "atr_pct": 0.0415, "volume_ratio": 0.0, "spread_pct": 0.5831, "checks": {"quote_volume": true, "range_15m": false, "atr": false, "volume_ratio": false, "spread": false}, "reason": "movement_or_liquidity_below_threshold"}
[ACTIVITY] CKBTRY status=PASSIVE metrics={"status": "PASSIVE", "quote_volume": 487357.01, "range_15m_pct": 0.5115, "atr_pct": 0.1091, "volume_ratio": 0.0, "spread_pct": 0.5102, "checks": {"quote_volume": false, "range_15m": true, "atr": false, "volume_ratio": false, "spread": false}, "reason": "movement_or_liquidity_below_threshold"}
[ACTIVITY] COMPTRY status=PASSIVE metrics={"status": "PASSIVE", "quote_volume": 132149.38, "range_15m_pct": 0.2611, "atr_pct": 0.0651, "volume_ratio": 0.0, "spread_pct": 0.3909, "checks": {"quote_volume": false, "range_15m": true, "atr": false, "volume_ratio": false, "spread": false}, "reason": "movement_or_liquidity_below_threshold"}
[ACTIVITY] COTITRY status=PASSIVE metrics={"status": "PASSIVE", "quote_volume": 277571262.01, "range_15m_pct": 6.6667, "atr_pct": 2.6467, "volume_ratio": 1.5373, "spread_pct": 0.9012, "checks": {"quote_volume": true, "range_15m": true, "atr": true, "volume_ratio": true, "spread": false}, "reason": "movement_or_liquidity_below_threshold"}
[ACTIVITY] COWTRY status=PASSIVE metrics={"status": "PASSIVE", "quote_volume": 480990.65, "range_15m_pct": 0.2066, "atr_pct": 0.1031, "volume_ratio": 0.0, "spread_pct": 0.4124, "checks": {"quote_volume": false, "range_15m": true, "atr": false, "volume_ratio": false, "spread": false}, "reason": "movement_or_liquidity_below_threshold"}
[ACTIVITY] CRVTRY status=PASSIVE metrics={"status": "PASSIVE", "quote_volume": 34783767.13, "range_15m_pct": 0.1577, "atr_pct": 0.2533, "volume_ratio": 0.494, "spread_pct": 0.2365, "checks": {"quote_volume": true, "range_15m": true, "atr": true, "volume_ratio": false, "spread": true}, "reason": "movement_or_liquidity_below_threshold"}
[ACTIVITY] CTRY status=PASSIVE metrics={"status": "PASSIVE", "quote_volume": 8674470.84, "range_15m_pct": 0.4089, "atr_pct": 0.1337, "volume_ratio": 0.0007, "spread_pct": 0.2046, "checks": {"quote_volume": true, "range_15m": true, "atr": false, "volume_ratio": false, "spread": true}, "reason": "movement_or_liquidity_below_threshold"}
[ACTIVITY] CYBERTRY status=PASSIVE metrics={"status": "PASSIVE", "quote_volume": 2529052.18, "range_15m_pct": 0.6993, "atr_pct": 0.1998, "volume_ratio": 5.7304, "spread_pct": 0.6969, "checks": {"quote_volume": true, "range_15m": true, "atr": true, "volume_ratio": true, "spread": false}, "reason": "movement_or_liquidity_below_threshold"}
[ACTIVITY] DASHTRY status=PASSIVE metrics={"status": "PASSIVE", "quote_volume": 5736492.39, "range_15m_pct": 0.0, "atr_pct": 0.1097, "volume_ratio": 0.0, "spread_pct": 0.139, "checks": {"quote_volume": true, "range_15m": false, "atr": false, "volume_ratio": false, "spread": true}, "reason": "movement_or_liquidity_below_threshold"}
[ACTIVITY] DODOTRY status=ACTIVE metrics={"status": "ACTIVE", "quote_volume": 312369357.34, "range_15m_pct": 2.0172, "atr_pct": 0.8126, "volume_ratio": 2.8542, "spread_pct": 0.2583, "checks": {"quote_volume": true, "range_15m": true, "atr": true, "volume_ratio": true, "spread": true}, "reason": "active"}
[ACTIVITY] DOGETRY status=PASSIVE metrics={"status": "PASSIVE", "quote_volume": 65655540.31, "range_15m_pct": 0.6035, "atr_pct": 0.2749, "volume_ratio": 0.0004, "spread_pct": 0.0602, "checks": {"quote_volume": true, "range_15m": true, "atr": true, "volume_ratio": false, "spread": true}, "reason": "movement_or_liquidity_below_threshold"}
[ACTIVITY] DOGSTRY status=PASSIVE metrics={"status": "PASSIVE", "quote_volume": 2486023.45, "range_15m_pct": 0.3641, "atr_pct": 0.1425, "volume_ratio": 0.0174, "spread_pct": 0.1815, "checks": {"quote_volume": true, "range_15m": true, "atr": false, "volume_ratio": false, "spread": true}, "reason": "movement_or_liquidity_below_threshold"}
[ACTIVITY] DOLOTRY status=PASSIVE metrics={"status": "PASSIVE", "quote_volume": 4643378.02, "range_15m_pct": 0.0, "atr_pct": 0.0533, "volume_ratio": 0.0, "spread_pct": 0.28, "checks": {"quote_volume": true, "range_15m": false, "atr": false, "volume_ratio": false, "spread": true}, "reason": "movement_or_liquidity_below_threshold"}
[ACTIVITY] DOTTRY status=PASSIVE metrics={"status": "PASSIVE", "quote_volume": 3040650.65, "range_15m_pct": 0.2703, "atr_pct": 0.154, "volume_ratio": 0.0042, "spread_pct": 0.2699, "checks": {"quote_volume": true, "range_15m": true, "atr": true, "volume_ratio": false, "spread": true}, "reason": "movement_or_liquidity_below_threshold"}
[ACTIVITY] DYDXTRY status=PASSIVE metrics={"status": "PASSIVE", "quote_volume": 1909523.27, "range_15m_pct": 0.1141, "atr_pct": 0.0597, "volume_ratio": 0.0147, "spread_pct": 0.133, "checks": {"quote_volume": true, "range_15m": false, "atr": false, "volume_ratio": false, "spread": true}, "reason": "movement_or_liquidity_below_threshold"}
[ACTIVITY] DYMTRY status=PASSIVE metrics={"status": "PASSIVE", "quote_volume": 6464741.16, "range_15m_pct": 0.5336, "atr_pct": 0.1464, "volume_ratio": 0.0, "spread_pct": 0.2069, "checks": {"quote_volume": true, "range_15m": true, "atr": false, "volume_ratio": false, "spread": true}, "reason": "movement_or_liquidity_below_threshold"}
[ACTIVITY] EDENTRY status=ACTIVE metrics={"status": "ACTIVE", "quote_volume": 26114134.49, "range_15m_pct": 1.4679, "atr_pct": 0.4456, "volume_ratio": 1.6726, "spread_pct": 0.1836, "checks": {"quote_volume": true, "range_15m": true, "atr": true, "volume_ratio": true, "spread": true}, "reason": "active"}
[ACTIVITY] EDUTRY status=PASSIVE metrics={"status": "PASSIVE", "quote_volume": 29633136.0, "range_15m_pct": 0.5319, "atr_pct": 0.19, "volume_ratio": 5.6285, "spread_pct": 0.5305, "checks": {"quote_volume": true, "range_15m": true, "atr": true, "volume_ratio": true, "spread": false}, "reason": "movement_or_liquidity_below_threshold"}
[ACTIVITY] EGLDTRY status=PASSIVE metrics={"status": "PASSIVE", "quote_volume": 1435089.9, "range_15m_pct": 0.1595, "atr_pct": 0.0796, "volume_ratio": 1.6604, "spread_pct": 0.1595, "checks": {"quote_volume": true, "range_15m": true, "atr": false, "volume_ratio": true, "spread": true}, "reason": "movement_or_liquidity_below_threshold"}
[ACTIVITY] EIGENTRY status=PASSIVE metrics={"status": "PASSIVE", "quote_volume": 28212446.43, "range_15m_pct": 0.5598, "atr_pct": 0.4022, "volume_ratio": 0.0857, "spread_pct": 0.0621, "checks": {"quote_volume": true, "range_15m": true, "atr": true, "volume_ratio": false, "spread": true}, "reason": "movement_or_liquidity_below_threshold"}
[ACTIVITY] ENATRY status=PASSIVE metrics={"status": "PASSIVE", "quote_volume": 57180065.69, "range_15m_pct": 0.4163, "atr_pct": 0.2508, "volume_ratio": 0.0104, "spread_pct": 0.0733, "checks": {"quote_volume": true, "range_15m": true, "atr": true, "volume_ratio": false, "spread": true}, "reason": "movement_or_liquidity_below_threshold"}
[ACTIVITY] ENJTRY status=PASSIVE metrics={"status": "PASSIVE", "quote_volume": 12269305.16, "range_15m_pct": 0.0, "atr_pct": 0.194, "volume_ratio": 0.0, "spread_pct": 0.4225, "checks": {"quote_volume": true, "range_15m": false, "atr": true, "volume_ratio": false, "spread": false}, "reason": "movement_or_liquidity_below_threshold"}
[ACTIVITY] ENSOTRY status=PASSIVE metrics={"status": "PASSIVE", "quote_volume": 8847973.26, "range_15m_pct": 0.4505, "atr_pct": 0.1931, "volume_ratio": 0.0224, "spread_pct": 0.225, "checks": {"quote_volume": true, "range_15m": true, "atr": true, "volume_ratio": false, "spread": true}, "reason": "movement_or_liquidity_below_threshold"}
[ACTIVITY] ENSTRY status=PASSIVE metrics={"status": "PASSIVE", "quote_volume": 3069913.94, "range_15m_pct": 0.2068, "atr_pct": 0.1622, "volume_ratio": 0.0086, "spread_pct": 0.2066, "checks": {"quote_volume": true, "range_15m": true, "atr": true, "volume_ratio": false, "spread": true}, "reason": "movement_or_liquidity_below_threshold"}
[ACTIVITY] ERATRY status=PASSIVE metrics={"status": "PASSIVE", "quote_volume": 5357516.45, "range_15m_pct": 0.33, "atr_pct": 0.1179, "volume_ratio": 11.0715, "spread_pct": 0.3295, "checks": {"quote_volume": true, "range_15m": true, "atr": false, "volume_ratio": true, "spread": false}, "reason": "movement_or_liquidity_below_threshold"}
[ACTIVITY] ESPTRY status=PASSIVE metrics={"status": "PASSIVE", "quote_volume": 33393159.17, "range_15m_pct": 0.3542, "atr_pct": 0.2403, "volume_ratio": 0.0006, "spread_pct": 0.059, "checks": {"quote_volume": true, "range_15m": true, "atr": true, "volume_ratio": false, "spread": true}, "reason": "movement_or_liquidity_below_threshold"}
[ACTIVITY] ETCTRY status=PASSIVE metrics={"status": "PASSIVE", "quote_volume": 258739.46, "range_15m_pct": 0.1005, "atr_pct": 0.1317, "volume_ratio": 0.0, "spread_pct": 0.1004, "checks": {"quote_volume": false, "range_15m": false, "atr": false, "volume_ratio": false, "spread": true}, "reason": "movement_or_liquidity_below_threshold"}
[ACTIVITY] ETHFITRY status=PASSIVE metrics={"status": "PASSIVE", "quote_volume": 26619347.62, "range_15m_pct": 0.1682, "atr_pct": 0.2238, "volume_ratio": 0.002, "spread_pct": 0.112, "checks": {"quote_volume": true, "range_15m": true, "atr": true, "volume_ratio": false, "spread": true}, "reason": "movement_or_liquidity_below_threshold"}
[ACTIVITY] ETHTRY status=PASSIVE metrics={"status": "PASSIVE", "quote_volume": 214862629.39, "range_15m_pct": 0.326, "atr_pct": 0.1395, "volume_ratio": 0.6603, "spread_pct": 0.0189, "checks": {"quote_volume": true, "range_15m": true, "atr": false, "volume_ratio": true, "spread": true}, "reason": "movement_or_liquidity_below_threshold"}
[ACTIVITY] EULTRY status=PASSIVE metrics={"status": "PASSIVE", "quote_volume": 34634608.22, "range_15m_pct": 1.4363, "atr_pct": 0.4352, "volume_ratio": 0.1335, "spread_pct": 0.3571, "checks": {"quote_volume": true, "range_15m": true, "atr": true, "volume_ratio": false, "spread": false}, "reason": "movement_or_liquidity_below_threshold"}
[ACTIVITY] FDUSDTRY status=PASSIVE metrics={"status": "PASSIVE", "quote_volume": 7320133.23, "range_15m_pct": 0.021, "atr_pct": 0.012, "volume_ratio": 0.0, "spread_pct": 0.021, "checks": {"quote_volume": true, "range_15m": false, "atr": false, "volume_ratio": false, "spread": true}, "reason": "movement_or_liquidity_below_threshold"}
[ACTIVITY] FETTRY status=PASSIVE metrics={"status": "PASSIVE", "quote_volume": 24264313.56, "range_15m_pct": 0.4732, "atr_pct": 0.1797, "volume_ratio": 0.4111, "spread_pct": 0.1571, "checks": {"quote_volume": true, "range_15m": true, "atr": true, "volume_ratio": false, "spread": true}, "reason": "movement_or_liquidity_below_threshold"}
[ACTIVITY] FFTRY status=PASSIVE metrics={"status": "PASSIVE", "quote_volume": 1745864.21, "range_15m_pct": 0.0, "atr_pct": 0.0116, "volume_ratio": 0.0, "spread_pct": 0.0979, "checks": {"quote_volume": true, "range_15m": false, "atr": false, "volume_ratio": false, "spread": true}, "reason": "movement_or_liquidity_below_threshold"}
[ACTIVITY] FIDATRY status=PASSIVE metrics={"status": "PASSIVE", "quote_volume": 7351437.29, "range_15m_pct": 0.2395, "atr_pct": 0.1027, "volume_ratio": 0.138, "spread_pct": 0.2395, "checks": {"quote_volume": true, "range_15m": true, "atr": false, "volume_ratio": false, "spread": true}, "reason": "movement_or_liquidity_below_threshold"}
[ACTIVITY] FILTRY status=ACTIVE metrics={"status": "ACTIVE", "quote_volume": 4919924.75, "range_15m_pct": 0.5283, "atr_pct": 0.5661, "volume_ratio": 4.401, "spread_pct": 0.1856, "checks": {"quote_volume": true, "range_15m": true, "atr": true, "volume_ratio": true, "spread": true}, "reason": "active"}
[ACTIVITY] FLOKITRY status=PASSIVE metrics={"status": "PASSIVE", "quote_volume": 13780164.24, "range_15m_pct": 0.1032, "atr_pct": 0.1473, "volume_ratio": 0.0, "spread_pct": 0.103, "checks": {"quote_volume": true, "range_15m": false, "atr": false, "volume_ratio": false, "spread": true}, "reason": "movement_or_liquidity_below_threshold"}
[ACTIVITY] FOGOTRY status=PASSIVE metrics={"status": "PASSIVE", "quote_volume": 3427183.04, "range_15m_pct": 0.2415, "atr_pct": 0.1208, "volume_ratio": 0.0695, "spread_pct": 0.2418, "checks": {"quote_volume": true, "range_15m": true, "atr": false, "volume_ratio": false, "spread": true}, "reason": "movement_or_liquidity_below_threshold"}
[ACTIVITY] FORMTRY status=ACTIVE metrics={"status": "ACTIVE", "quote_volume": 7748130.82, "range_15m_pct": 0.2893, "atr_pct": 0.22, "volume_ratio": 8.94, "spread_pct": 0.1923, "checks": {"quote_volume": true, "range_15m": true, "atr": true, "volume_ratio": true, "spread": true}, "reason": "active"}
[ACTIVITY] FTRY status=PASSIVE metrics={"status": "PASSIVE", "quote_volume": 3714500.11, "range_15m_pct": 0.4566, "atr_pct": 0.2056, "volume_ratio": 3.0829, "spread_pct": 0.3789, "checks": {"quote_volume": true, "range_15m": true, "atr": true, "volume_ratio": true, "spread": false}, "reason": "movement_or_liquidity_below_threshold"}
[ACTIVITY] GALATRY status=PASSIVE metrics={"status": "PASSIVE", "quote_volume": 13460662.69, "range_15m_pct": 0.0, "atr_pct": 0.3626, "volume_ratio": 0.0, "spread_pct": 0.2541, "checks": {"quote_volume": true, "range_15m": false, "atr": true, "volume_ratio": false, "spread": true}, "reason": "movement_or_liquidity_below_threshold"}
[ACTIVITY] GASTRY status=PASSIVE metrics={"status": "PASSIVE", "quote_volume": 362299.41, "range_15m_pct": 0.0, "atr_pct": 0.0817, "volume_ratio": 0.0, "spread_pct": 0.6857, "checks": {"quote_volume": false, "range_15m": false, "atr": false, "volume_ratio": false, "spread": false}, "reason": "movement_or_liquidity_below_threshold"}
[ACTIVITY] GENIUSTRY status=PASSIVE metrics={"status": "PASSIVE", "quote_volume": 16210001.24, "range_15m_pct": 1.3319, "atr_pct": 0.3245, "volume_ratio": 0.3143, "spread_pct": 0.1112, "checks": {"quote_volume": true, "range_15m": true, "atr": true, "volume_ratio": false, "spread": true}, "reason": "movement_or_liquidity_below_threshold"}
[ACTIVITY] GIGGLETRY status=PASSIVE metrics={"status": "PASSIVE", "quote_volume": 82896194.97, "range_15m_pct": 0.4802, "atr_pct": 0.3208, "volume_ratio": 0.092, "spread_pct": 0.1198, "checks": {"quote_volume": true, "range_15m": true, "atr": true, "volume_ratio": false, "spread": true}, "reason": "movement_or_liquidity_below_threshold"}
[ACTIVITY] GMTTRY status=PASSIVE metrics={"status": "PASSIVE", "quote_volume": 933514.33, "range_15m_pct": 0.3226, "atr_pct": 0.1148, "volume_ratio": 5.8142, "spread_pct": 0.3221, "checks": {"quote_volume": false, "range_15m": true, "atr": false, "volume_ratio": true, "spread": false}, "reason": "movement_or_liquidity_below_threshold"}
[ACTIVITY] GPSTRY status=PASSIVE metrics={"status": "PASSIVE", "quote_volume": 7283351.16, "range_15m_pct": 0.0, "atr_pct": 0.1416, "volume_ratio": 0.0, "spread_pct": 0.22, "checks": {"quote_volume": true, "range_15m": false, "atr": false, "volume_ratio": false, "spread": true}, "reason": "movement_or_liquidity_below_threshold"}
[ACTIVITY] GRAMTRY status=PASSIVE metrics={"status": "PASSIVE", "quote_volume": 19188122.77, "range_15m_pct": 0.6219, "atr_pct": 0.1953, "volume_ratio": 0.3593, "spread_pct": 0.0928, "checks": {"quote_volume": true, "range_15m": true, "atr": true, "volume_ratio": false, "spread": true}, "reason": "movement_or_liquidity_below_threshold"}
[ACTIVITY] GRTTRY status=PASSIVE metrics={"status": "PASSIVE", "quote_volume": 4151983.79, "range_15m_pct": 0.471, "atr_pct": 0.3125, "volume_ratio": 0.1259, "spread_pct": 0.1564, "checks": {"quote_volume": true, "range_15m": true, "atr": true, "volume_ratio": false, "spread": true}, "reason": "movement_or_liquidity_below_threshold"}
[ACTIVITY] GTRY status=PASSIVE metrics={"status": "PASSIVE", "quote_volume": 3053693.02, "range_15m_pct": 0.0, "atr_pct": 0.042, "volume_ratio": 0.0, "spread_pct": 0.59, "checks": {"quote_volume": true, "range_15m": false, "atr": false, "volume_ratio": false, "spread": false}, "reason": "movement_or_liquidity_below_threshold"}
[ACTIVITY] GUNTRY status=PASSIVE metrics={"status": "PASSIVE", "quote_volume": 29277482.9, "range_15m_pct": 0.6757, "atr_pct": 0.2413, "volume_ratio": 1.4973, "spread_pct": 0.6734, "checks": {"quote_volume": true, "range_15m": true, "atr": true, "volume_ratio": true, "spread": false}, "reason": "movement_or_liquidity_below_threshold"}
[ACTIVITY] HAEDALTRY status=PASSIVE metrics={"status": "PASSIVE", "quote_volume": 5058382.49, "range_15m_pct": 0.0, "atr_pct": 0.1465, "volume_ratio": 0.0, "spread_pct": 0.1281, "checks": {"quote_volume": true, "range_15m": false, "atr": false, "volume_ratio": false, "spread": true}, "reason": "movement_or_liquidity_below_threshold"}
[ACTIVITY] HBARTRY status=PASSIVE metrics={"status": "PASSIVE", "quote_volume": 2739748.66, "range_15m_pct": 0.0319, "atr_pct": 0.0798, "volume_ratio": 0.0, "spread_pct": 0.0318, "checks": {"quote_volume": true, "range_15m": false, "atr": false, "volume_ratio": false, "spread": true}, "reason": "movement_or_liquidity_below_threshold"}
[ACTIVITY] HEITRY status=PASSIVE metrics={"status": "PASSIVE", "quote_volume": 237869066.26, "range_15m_pct": 0.6627, "atr_pct": 0.5733, "volume_ratio": 0.3741, "spread_pct": 0.1417, "checks": {"quote_volume": true, "range_15m": true, "atr": true, "volume_ratio": false, "spread": true}, "reason": "movement_or_liquidity_below_threshold"}
[ACTIVITY] HEMITRY status=ACTIVE metrics={"status": "ACTIVE", "quote_volume": 22188276.69, "range_15m_pct": 0.4919, "atr_pct": 0.3218, "volume_ratio": 4.7311, "spread_pct": 0.0892, "checks": {"quote_volume": true, "range_15m": true, "atr": true, "volume_ratio": true, "spread": true}, "reason": "active"}
[ACTIVITY] HIVETRY status=PASSIVE metrics={"status": "PASSIVE", "quote_volume": 625139.08, "range_15m_pct": 0.0, "atr_pct": 0.0378, "volume_ratio": 0.0, "spread_pct": 0.5305, "checks": {"quote_volume": false, "range_15m": false, "atr": false, "volume_ratio": false, "spread": false}, "reason": "movement_or_liquidity_below_threshold"}
[ACTIVITY] HMSTRTRY status=PASSIVE metrics={"status": "PASSIVE", "quote_volume": 32282550.33, "range_15m_pct": 0.5924, "atr_pct": 0.3208, "volume_ratio": 0.0, "spread_pct": 0.2361, "checks": {"quote_volume": true, "range_15m": true, "atr": true, "volume_ratio": false, "spread": true}, "reason": "movement_or_liquidity_below_threshold"}
[ACTIVITY] HOLOTRY status=ACTIVE metrics={"status": "ACTIVE", "quote_volume": 484091432.82, "range_15m_pct": 1.2798, "atr_pct": 0.5527, "volume_ratio": 0.5014, "spread_pct": 0.1179, "checks": {"quote_volume": true, "range_15m": true, "atr": true, "volume_ratio": true, "spread": true}, "reason": "active"}
[ACTIVITY] HOMETRY status=ACTIVE metrics={"status": "ACTIVE", "quote_volume": 115625620.21, "range_15m_pct": 0.4673, "atr_pct": 0.3672, "volume_ratio": 1.2229, "spread_pct": 0.2334, "checks": {"quote_volume": true, "range_15m": true, "atr": true, "volume_ratio": true, "spread": true}, "reason": "active"}
[ACTIVITY] HOTTRY status=PASSIVE metrics={"status": "PASSIVE", "quote_volume": 5458631.77, "range_15m_pct": 0.0642, "atr_pct": 0.1192, "volume_ratio": 0.7684, "spread_pct": 0.0642, "checks": {"quote_volume": true, "range_15m": false, "atr": false, "volume_ratio": true, "spread": true}, "reason": "movement_or_liquidity_below_threshold"}
[ACTIVITY] HUMATRY status=PASSIVE metrics={"status": "PASSIVE", "quote_volume": 3027905.79, "range_15m_pct": 0.1055, "atr_pct": 0.1959, "volume_ratio": 0.0371, "spread_pct": 0.3166, "checks": {"quote_volume": true, "range_15m": false, "atr": true, "volume_ratio": false, "spread": false}, "reason": "movement_or_liquidity_below_threshold"}
[ACTIVITY] HYPERTRY status=PASSIVE metrics={"status": "PASSIVE", "quote_volume": 17405420.06, "range_15m_pct": 0.3311, "atr_pct": 0.0237, "volume_ratio": 27.4128, "spread_pct": 0.3306, "checks": {"quote_volume": true, "range_15m": true, "atr": false, "volume_ratio": true, "spread": false}, "reason": "movement_or_liquidity_below_threshold"}
[ACTIVITY] ICPTRY status=PASSIVE metrics={"status": "PASSIVE", "quote_volume": 3585569.18, "range_15m_pct": 0.291, "atr_pct": 0.1039, "volume_ratio": 0.0819, "spread_pct": 0.2911, "checks": {"quote_volume": true, "range_15m": true, "atr": false, "volume_ratio": false, "spread": true}, "reason": "movement_or_liquidity_below_threshold"}
[ACTIVITY] IDTRY status=PASSIVE metrics={"status": "PASSIVE", "quote_volume": 13713787.11, "range_15m_pct": 0.0, "atr_pct": 0.1172, "volume_ratio": 0.0, "spread_pct": 0.4478, "checks": {"quote_volume": true, "range_15m": false, "atr": false, "volume_ratio": false, "spread": false}, "reason": "movement_or_liquidity_below_threshold"}
[ACTIVITY] INITTRY status=PASSIVE metrics={"status": "PASSIVE", "quote_volume": 607550.13, "range_15m_pct": 0.0, "atr_pct": 0.0583, "volume_ratio": 0.0, "spread_pct": 0.4073, "checks": {"quote_volume": false, "range_15m": false, "atr": false, "volume_ratio": false, "spread": false}, "reason": "movement_or_liquidity_below_threshold"}
[ACTIVITY] INJTRY status=PASSIVE metrics={"status": "PASSIVE", "quote_volume": 22675042.1, "range_15m_pct": 0.1361, "atr_pct": 0.1456, "volume_ratio": 0.0, "spread_pct": 0.1358, "checks": {"quote_volume": true, "range_15m": false, "atr": false, "volume_ratio": false, "spread": true}, "reason": "movement_or_liquidity_below_threshold"}
[ACTIVITY] IOTATRY status=PASSIVE metrics={"status": "PASSIVE", "quote_volume": 3283961.87, "range_15m_pct": 0.0, "atr_pct": 0.0745, "volume_ratio": 0.0, "spread_pct": 0.6742, "checks": {"quote_volume": true, "range_15m": false, "atr": false, "volume_ratio": false, "spread": false}, "reason": "movement_or_liquidity_below_threshold"}
[ACTIVITY] IOTRY status=ACTIVE metrics={"status": "ACTIVE", "quote_volume": 5040353.12, "range_15m_pct": 1.0954, "atr_pct": 0.6038, "volume_ratio": 3.9735, "spread_pct": 0.2816, "checks": {"quote_volume": true, "range_15m": true, "atr": true, "volume_ratio": true, "spread": true}, "reason": "active"}
[ACTIVITY] JASMYTRY status=PASSIVE metrics={"status": "PASSIVE", "quote_volume": 2760965.01, "range_15m_pct": 0.5263, "atr_pct": 0.2618, "volume_ratio": 0.0, "spread_pct": 0.5249, "checks": {"quote_volume": true, "range_15m": true, "atr": true, "volume_ratio": false, "spread": false}, "reason": "movement_or_liquidity_below_threshold"}
[ACTIVITY] JTOTRY status=PASSIVE metrics={"status": "PASSIVE", "quote_volume": 10461046.44, "range_15m_pct": 0.3408, "atr_pct": 0.1833, "volume_ratio": 0.0026, "spread_pct": 0.0755, "checks": {"quote_volume": true, "range_15m": true, "atr": true, "volume_ratio": false, "spread": true}, "reason": "movement_or_liquidity_below_threshold"}
[ACTIVITY] JUPTRY status=PASSIVE metrics={"status": "PASSIVE", "quote_volume": 1259863.7, "range_15m_pct": 0.9913, "atr_pct": 0.1665, "volume_ratio": 0.0734, "spread_pct": 0.7389, "checks": {"quote_volume": true, "range_15m": true, "atr": true, "volume_ratio": false, "spread": false}, "reason": "movement_or_liquidity_below_threshold"}
[ACTIVITY] JUVTRY status=PASSIVE metrics={"status": "PASSIVE", "quote_volume": 5053875.72, "range_15m_pct": 0.0687, "atr_pct": 0.0687, "volume_ratio": 1.744, "spread_pct": 0.4819, "checks": {"quote_volume": true, "range_15m": false, "atr": false, "volume_ratio": true, "spread": false}, "reason": "movement_or_liquidity_below_threshold"}
[ACTIVITY] KAITOTRY status=ACTIVE metrics={"status": "ACTIVE", "quote_volume": 121241585.33, "range_15m_pct": 1.1305, "atr_pct": 0.755, "volume_ratio": 0.7644, "spread_pct": 0.1241, "checks": {"quote_volume": true, "range_15m": true, "atr": true, "volume_ratio": true, "spread": true}, "reason": "active"}
[ACTIVITY] KATTRY status=PASSIVE metrics={"status": "PASSIVE", "quote_volume": 5457345.8, "range_15m_pct": 0.0951, "atr_pct": 0.1494, "volume_ratio": 0.0, "spread_pct": 0.1426, "checks": {"quote_volume": true, "range_15m": false, "atr": false, "volume_ratio": false, "spread": true}, "reason": "movement_or_liquidity_below_threshold"}
[ACTIVITY] KERNELTRY status=PASSIVE metrics={"status": "PASSIVE", "quote_volume": 6871488.63, "range_15m_pct": 0.0, "atr_pct": 0.0, "volume_ratio": 0.0, "spread_pct": 0.5797, "checks": {"quote_volume": true, "range_15m": false, "atr": false, "volume_ratio": false, "spread": false}, "reason": "movement_or_liquidity_below_threshold"}
[ACTIVITY] KITETRY status=PASSIVE metrics={"status": "PASSIVE", "quote_volume": 5603622.04, "range_15m_pct": 0.0, "atr_pct": 0.1708, "volume_ratio": 0.0, "spread_pct": 0.0821, "checks": {"quote_volume": true, "range_15m": false, "atr": true, "volume_ratio": false, "spread": true}, "reason": "movement_or_liquidity_below_threshold"}
[ACTIVITY] KSMTRY status=PASSIVE metrics={"status": "PASSIVE", "quote_volume": 443258.6, "range_15m_pct": 0.0, "atr_pct": 0.2588, "volume_ratio": 0.0, "spread_pct": 0.7273, "checks": {"quote_volume": false, "range_15m": false, "atr": true, "volume_ratio": false, "spread": false}, "reason": "movement_or_liquidity_below_threshold"}
[ACTIVITY] LATRY status=PASSIVE metrics={"status": "PASSIVE", "quote_volume": 15489557.37, "range_15m_pct": 0.0, "atr_pct": 0.2155, "volume_ratio": 0.0, "spread_pct": 0.432, "checks": {"quote_volume": true, "range_15m": false, "atr": true, "volume_ratio": false, "spread": false}, "reason": "movement_or_liquidity_below_threshold"}
[ACTIVITY] LAYERTRY status=PASSIVE metrics={"status": "PASSIVE", "quote_volume": 10823143.11, "range_15m_pct": 0.7194, "atr_pct": 0.1786, "volume_ratio": 0.0109, "spread_pct": 0.7168, "checks": {"quote_volume": true, "range_15m": true, "atr": true, "volume_ratio": false, "spread": false}, "reason": "movement_or_liquidity_below_threshold"}
[ACTIVITY] LAZIOTRY status=PASSIVE metrics={"status": "PASSIVE", "quote_volume": 2488710.86, "range_15m_pct": 0.0, "atr_pct": 0.0997, "volume_ratio": 0.0, "spread_pct": 0.6661, "checks": {"quote_volume": true, "range_15m": false, "atr": false, "volume_ratio": false, "spread": false}, "reason": "movement_or_liquidity_below_threshold"}
[ACTIVITY] LDOTRY status=ACTIVE metrics={"status": "ACTIVE", "quote_volume": 11826743.21, "range_15m_pct": 0.2924, "atr_pct": 0.235, "volume_ratio": 2.267, "spread_pct": 0.0731, "checks": {"quote_volume": true, "range_15m": true, "atr": true, "volume_ratio": true, "spread": true}, "reason": "active"}
[ACTIVITY] LINEATRY status=PASSIVE metrics={"status": "PASSIVE", "quote_volume": 1666173.0, "range_15m_pct": 0.0984, "atr_pct": 0.1405, "volume_ratio": 0.0889, "spread_pct": 0.0983, "checks": {"quote_volume": true, "range_15m": false, "atr": false, "volume_ratio": false, "spread": true}, "reason": "movement_or_liquidity_below_threshold"}
[ACTIVITY] LINKTRY status=ACTIVE metrics={"status": "ACTIVE", "quote_volume": 14887298.56, "range_15m_pct": 0.2421, "atr_pct": 0.1882, "volume_ratio": 0.5831, "spread_pct": 0.0242, "checks": {"quote_volume": true, "range_15m": true, "atr": true, "volume_ratio": true, "spread": true}, "reason": "active"}
[ACTIVITY] LISTATRY status=PASSIVE metrics={"status": "PASSIVE", "quote_volume": 9776654.69, "range_15m_pct": 0.3155, "atr_pct": 0.3155, "volume_ratio": 0.5229, "spread_pct": 0.315, "checks": {"quote_volume": true, "range_15m": true, "atr": true, "volume_ratio": true, "spread": false}, "reason": "movement_or_liquidity_below_threshold"}
[ACTIVITY] LPTTRY status=PASSIVE metrics={"status": "PASSIVE", "quote_volume": 2124244.64, "range_15m_pct": 0.0, "atr_pct": 0.3407, "volume_ratio": 0.0, "spread_pct": 0.3527, "checks": {"quote_volume": true, "range_15m": false, "atr": true, "volume_ratio": false, "spread": false}, "reason": "movement_or_liquidity_below_threshold"}
[ACTIVITY] LTCTRY status=PASSIVE metrics={"status": "PASSIVE", "quote_volume": 2440866.15, "range_15m_pct": 0.0468, "atr_pct": 0.0301, "volume_ratio": 0.0, "spread_pct": 0.0935, "checks": {"quote_volume": true, "range_15m": false, "atr": false, "volume_ratio": false, "spread": true}, "reason": "movement_or_liquidity_below_threshold"}
[ACTIVITY] LUMIATRY status=PASSIVE metrics={"status": "PASSIVE", "quote_volume": 2558129.21, "range_15m_pct": 0.1979, "atr_pct": 0.1575, "volume_ratio": 0.0, "spread_pct": 0.3389, "checks": {"quote_volume": true, "range_15m": true, "atr": true, "volume_ratio": false, "spread": false}, "reason": "movement_or_liquidity_below_threshold"}
[ACTIVITY] LUNATRY status=PASSIVE metrics={"status": "PASSIVE", "quote_volume": 153321794.51, "range_15m_pct": 0.4878, "atr_pct": 0.3367, "volume_ratio": 0.0153, "spread_pct": 0.0972, "checks": {"quote_volume": true, "range_15m": true, "atr": true, "volume_ratio": false, "spread": true}, "reason": "movement_or_liquidity_below_threshold"}
[ACTIVITY] LUNCTRY status=PASSIVE metrics={"status": "PASSIVE", "quote_volume": 59681109.03, "range_15m_pct": 0.2127, "atr_pct": 0.191, "volume_ratio": 0.194, "spread_pct": 0.0849, "checks": {"quote_volume": true, "range_15m": true, "atr": true, "volume_ratio": false, "spread": true}, "reason": "movement_or_liquidity_below_threshold"}
[ACTIVITY] MAGICTRY status=PASSIVE metrics={"status": "PASSIVE", "quote_volume": 3167027.17, "range_15m_pct": 1.0695, "atr_pct": 0.189, "volume_ratio": 0.0, "spread_pct": 0.5305, "checks": {"quote_volume": true, "range_15m": true, "atr": true, "volume_ratio": false, "spread": false}, "reason": "movement_or_liquidity_below_threshold"}
[ACTIVITY] MANATRY status=PASSIVE metrics={"status": "PASSIVE", "quote_volume": 789643.53, "range_15m_pct": 0.9804, "atr_pct": 0.1623, "volume_ratio": 0.5371, "spread_pct": 0.3252, "checks": {"quote_volume": false, "range_15m": true, "atr": true, "volume_ratio": true, "spread": false}, "reason": "movement_or_liquidity_below_threshold"}
[ACTIVITY] MANTATRY status=PASSIVE metrics={"status": "PASSIVE", "quote_volume": 809050.66, "range_15m_pct": 0.0, "atr_pct": 0.1099, "volume_ratio": 0.0, "spread_pct": 0.1097, "checks": {"quote_volume": false, "range_15m": false, "atr": false, "volume_ratio": false, "spread": true}, "reason": "movement_or_liquidity_below_threshold"}
[ACTIVITY] MANTRATRY status=PASSIVE metrics={"status": "PASSIVE", "quote_volume": 6815880.92, "range_15m_pct": 0.5319, "atr_pct": 0.125, "volume_ratio": 0.533, "spread_pct": 0.0814, "checks": {"quote_volume": true, "range_15m": true, "atr": false, "volume_ratio": true, "spread": true}, "reason": "movement_or_liquidity_below_threshold"}
[ACTIVITY] MASKTRY status=PASSIVE metrics={"status": "PASSIVE", "quote_volume": 472304.53, "range_15m_pct": 0.0, "atr_pct": 0.0853, "volume_ratio": 0.0, "spread_pct": 0.2982, "checks": {"quote_volume": false, "range_15m": false, "atr": false, "volume_ratio": false, "spread": true}, "reason": "movement_or_liquidity_below_threshold"}
[ACTIVITY] MAVTRY status=PASSIVE metrics={"status": "PASSIVE", "quote_volume": 13441379.72, "range_15m_pct": 2.439, "atr_pct": 1.0453, "volume_ratio": 0.0317, "spread_pct": 2.4096, "checks": {"quote_volume": true, "range_15m": true, "atr": true, "volume_ratio": false, "spread": false}, "reason": "movement_or_liquidity_below_threshold"}
[ACTIVITY] MEGATRY status=ACTIVE metrics={"status": "ACTIVE", "quote_volume": 12320215.89, "range_15m_pct": 0.5089, "atr_pct": 0.1899, "volume_ratio": 0.7571, "spread_pct": 0.2538, "checks": {"quote_volume": true, "range_15m": true, "atr": true, "volume_ratio": true, "spread": true}, "reason": "active"}
[ACTIVITY] MEMETRY status=PASSIVE metrics={"status": "PASSIVE", "quote_volume": 4541978.92, "range_15m_pct": 0.0, "atr_pct": 0.2452, "volume_ratio": 0.0, "spread_pct": 0.4283, "checks": {"quote_volume": true, "range_15m": false, "atr": true, "volume_ratio": false, "spread": false}, "reason": "movement_or_liquidity_below_threshold"}
[ACTIVITY] METISTRY status=PASSIVE metrics={"status": "PASSIVE", "quote_volume": 967531.45, "range_15m_pct": 0.0, "atr_pct": 0.0616, "volume_ratio": 0.0, "spread_pct": 0.8658, "checks": {"quote_volume": false, "range_15m": false, "atr": false, "volume_ratio": false, "spread": false}, "reason": "movement_or_liquidity_below_threshold"}
[ACTIVITY] METRY status=ACTIVE metrics={"status": "ACTIVE", "quote_volume": 8012359.79, "range_15m_pct": 2.2007, "atr_pct": 0.5429, "volume_ratio": 11.9539, "spread_pct": 0.133, "checks": {"quote_volume": true, "range_15m": true, "atr": true, "volume_ratio": true, "spread": true}, "reason": "active"}
[ACTIVITY] METTRY status=PASSIVE metrics={"status": "PASSIVE", "quote_volume": 3134390.88, "range_15m_pct": 0.0, "atr_pct": 0.0855, "volume_ratio": 0.0, "spread_pct": 0.5305, "checks": {"quote_volume": true, "range_15m": false, "atr": false, "volume_ratio": false, "spread": false}, "reason": "movement_or_liquidity_below_threshold"}
[ACTIVITY] MINATRY status=PASSIVE metrics={"status": "PASSIVE", "quote_volume": 3160438.46, "range_15m_pct": 0.0, "atr_pct": 0.1579, "volume_ratio": 0.0, "spread_pct": 0.551, "checks": {"quote_volume": true, "range_15m": false, "atr": true, "volume_ratio": false, "spread": false}, "reason": "movement_or_liquidity_below_threshold"}
[ACTIVITY] MIRATRY status=PASSIVE metrics={"status": "PASSIVE", "quote_volume": 4314170.05, "range_15m_pct": 0.5236, "atr_pct": 0.1122, "volume_ratio": 0.0, "spread_pct": 0.5222, "checks": {"quote_volume": true, "range_15m": true, "atr": false, "volume_ratio": false, "spread": false}, "reason": "movement_or_liquidity_below_threshold"}
[ACTIVITY] MITOTRY status=PASSIVE metrics={"status": "PASSIVE", "quote_volume": 38541158.46, "range_15m_pct": 0.0, "atr_pct": 0.2558, "volume_ratio": 0.0, "spread_pct": 0.261, "checks": {"quote_volume": true, "range_15m": false, "atr": true, "volume_ratio": false, "spread": true}, "reason": "movement_or_liquidity_below_threshold"}
[ACTIVITY] MMTTRY status=PASSIVE metrics={"status": "PASSIVE", "quote_volume": 40576762.28, "range_15m_pct": 0.5612, "atr_pct": 0.7279, "volume_ratio": 0.2615, "spread_pct": 0.112, "checks": {"quote_volume": true, "range_15m": true, "atr": true, "volume_ratio": false, "spread": true}, "reason": "movement_or_liquidity_below_threshold"}
[ACTIVITY] MORPHOTRY status=PASSIVE metrics={"status": "PASSIVE", "quote_volume": 211045.42, "range_15m_pct": 0.0, "atr_pct": 0.0535, "volume_ratio": 0.0, "spread_pct": 0.5077, "checks": {"quote_volume": false, "range_15m": false, "atr": false, "volume_ratio": false, "spread": false}, "reason": "movement_or_liquidity_below_threshold"}
[ACTIVITY] MOVRTRY status=ACTIVE metrics={"status": "ACTIVE", "quote_volume": 128130613.99, "range_15m_pct": 1.2594, "atr_pct": 0.6607, "volume_ratio": 0.63, "spread_pct": 0.2503, "checks": {"quote_volume": true, "range_15m": true, "atr": true, "volume_ratio": true, "spread": true}, "reason": "active"}
[ACTIVITY] MUBARAKTRY status=ACTIVE metrics={"status": "ACTIVE", "quote_volume": 108278307.76, "range_15m_pct": 2.1493, "atr_pct": 0.5695, "volume_ratio": 8.0334, "spread_pct": 0.2208, "checks": {"quote_volume": true, "range_15m": true, "atr": true, "volume_ratio": true, "spread": true}, "reason": "active"}
[ACTIVITY] NEARTRY status=PASSIVE metrics={"status": "PASSIVE", "quote_volume": 27083295.61, "range_15m_pct": 0.2577, "atr_pct": 0.1377, "volume_ratio": 0.0, "spread_pct": 0.1288, "checks": {"quote_volume": true, "range_15m": true, "atr": false, "volume_ratio": false, "spread": true}, "reason": "movement_or_liquidity_below_threshold"}
[ACTIVITY] NEIROTRY status=PASSIVE metrics={"status": "PASSIVE", "quote_volume": 20628973.81, "range_15m_pct": 0.0, "atr_pct": 0.1374, "volume_ratio": 0.0, "spread_pct": 0.32, "checks": {"quote_volume": true, "range_15m": false, "atr": false, "volume_ratio": false, "spread": false}, "reason": "movement_or_liquidity_below_threshold"}
[ACTIVITY] NEOTRY status=ACTIVE metrics={"status": "ACTIVE", "quote_volume": 1531284.21, "range_15m_pct": 0.25, "atr_pct": 0.3206, "volume_ratio": 2.5563, "spread_pct": 0.2503, "checks": {"quote_volume": true, "range_15m": true, "atr": true, "volume_ratio": true, "spread": true}, "reason": "active"}
[ACTIVITY] NEWTTRY status=PASSIVE metrics={"status": "PASSIVE", "quote_volume": 2141324.89, "range_15m_pct": 0.0, "atr_pct": 0.1204, "volume_ratio": 0.0, "spread_pct": 0.5602, "checks": {"quote_volume": true, "range_15m": false, "atr": false, "volume_ratio": false, "spread": false}, "reason": "movement_or_liquidity_below_threshold"}
[ACTIVITY] NIGHTTRY status=PASSIVE metrics={"status": "PASSIVE", "quote_volume": 3118913.4, "range_15m_pct": 0.0, "atr_pct": 0.086, "volume_ratio": 0.0, "spread_pct": 0.1201, "checks": {"quote_volume": true, "range_15m": false, "atr": false, "volume_ratio": false, "spread": true}, "reason": "movement_or_liquidity_below_threshold"}
[ACTIVITY] NILTRY status=PASSIVE metrics={"status": "PASSIVE", "quote_volume": 198295260.41, "range_15m_pct": 1.069, "atr_pct": 0.8021, "volume_ratio": 0.1848, "spread_pct": 0.0969, "checks": {"quote_volume": true, "range_15m": true, "atr": true, "volume_ratio": false, "spread": true}, "reason": "movement_or_liquidity_below_threshold"}
[ACTIVITY] NMRTRY status=PASSIVE metrics={"status": "PASSIVE", "quote_volume": 216265.96, "range_15m_pct": 0.2515, "atr_pct": 0.095, "volume_ratio": 5.6987, "spread_pct": 0.3513, "checks": {"quote_volume": false, "range_15m": true, "atr": false, "volume_ratio": true, "spread": false}, "reason": "movement_or_liquidity_below_threshold"}
[ACTIVITY] NOMTRY status=PASSIVE metrics={"status": "PASSIVE", "quote_volume": 9793483.47, "range_15m_pct": 0.0, "atr_pct": 0.0952, "volume_ratio": 0.0, "spread_pct": 1.3245, "checks": {"quote_volume": true, "range_15m": false, "atr": false, "volume_ratio": false, "spread": false}, "reason": "movement_or_liquidity_below_threshold"}
[ACTIVITY] NOTTRY status=PASSIVE metrics={"status": "PASSIVE", "quote_volume": 8258098.28, "range_15m_pct": 0.0, "atr_pct": 0.084, "volume_ratio": 0.0, "spread_pct": 0.5865, "checks": {"quote_volume": true, "range_15m": false, "atr": false, "volume_ratio": false, "spread": false}, "reason": "movement_or_liquidity_below_threshold"}
[ACTIVITY] NXPCTRY status=PASSIVE metrics={"status": "PASSIVE", "quote_volume": 1358935.33, "range_15m_pct": 0.8801, "atr_pct": 0.2025, "volume_ratio": 0.0, "spread_pct": 0.2191, "checks": {"quote_volume": true, "range_15m": true, "atr": true, "volume_ratio": false, "spread": true}, "reason": "movement_or_liquidity_below_threshold"}
[ACTIVITY] OGNTRY status=PASSIVE metrics={"status": "PASSIVE", "quote_volume": 915332.68, "range_15m_pct": 0.0, "atr_pct": 0.0, "volume_ratio": 0.0, "spread_pct": 0.6447, "checks": {"quote_volume": false, "range_15m": false, "atr": false, "volume_ratio": false, "spread": false}, "reason": "movement_or_liquidity_below_threshold"}
[ACTIVITY] OGTRY status=PASSIVE metrics={"status": "PASSIVE", "quote_volume": 6371782.46, "range_15m_pct": 0.0851, "atr_pct": 0.0912, "volume_ratio": 0.0, "spread_pct": 0.1701, "checks": {"quote_volume": true, "range_15m": false, "atr": false, "volume_ratio": false, "spread": true}, "reason": "movement_or_liquidity_below_threshold"}
[ACTIVITY] ONDOTRY status=PASSIVE metrics={"status": "PASSIVE", "quote_volume": 20204290.62, "range_15m_pct": 0.3201, "atr_pct": 0.2872, "volume_ratio": 0.0594, "spread_pct": 0.1919, "checks": {"quote_volume": true, "range_15m": true, "atr": true, "volume_ratio": false, "spread": true}, "reason": "movement_or_liquidity_below_threshold"}
[ACTIVITY] ONETRY status=ACTIVE metrics={"status": "ACTIVE", "quote_volume": 416486626.24, "range_15m_pct": 3.5, "atr_pct": 1.3716, "volume_ratio": 2.2929, "spread_pct": 0.2484, "checks": {"quote_volume": true, "range_15m": true, "atr": true, "volume_ratio": true, "spread": true}, "reason": "active"}
[ACTIVITY] ONTTRY status=PASSIVE metrics={"status": "PASSIVE", "quote_volume": 872059.15, "range_15m_pct": 0.0, "atr_pct": 0.1487, "volume_ratio": 0.0, "spread_pct": 0.2384, "checks": {"quote_volume": false, "range_15m": false, "atr": false, "volume_ratio": false, "spread": true}, "reason": "movement_or_liquidity_below_threshold"}
[ACTIVITY] OPENTRY status=PASSIVE metrics={"status": "PASSIVE", "quote_volume": 101253045.12, "range_15m_pct": 0.0, "atr_pct": 0.1224, "volume_ratio": 0.0, "spread_pct": 0.5189, "checks": {"quote_volume": true, "range_15m": false, "atr": false, "volume_ratio": false, "spread": false}, "reason": "movement_or_liquidity_below_threshold"}
[ACTIVITY] OPGTRY status=PASSIVE metrics={"status": "PASSIVE", "quote_volume": 19019548.07, "range_15m_pct": 0.0, "atr_pct": 0.1782, "volume_ratio": 0.0, "spread_pct": 0.4535, "checks": {"quote_volume": true, "range_15m": false, "atr": true, "volume_ratio": false, "spread": false}, "reason": "movement_or_liquidity_below_threshold"}
[ACTIVITY] OPNTRY status=PASSIVE metrics={"status": "PASSIVE", "quote_volume": 7827606.39, "range_15m_pct": 0.0, "atr_pct": 0.2183, "volume_ratio": 0.0, "spread_pct": 0.4357, "checks": {"quote_volume": true, "range_15m": false, "atr": true, "volume_ratio": false, "spread": false}, "reason": "movement_or_liquidity_below_threshold"}
[ACTIVITY] OPTRY status=PASSIVE metrics={"status": "PASSIVE", "quote_volume": 4720238.45, "range_15m_pct": 1.9417, "atr_pct": 0.4454, "volume_ratio": 0.0726, "spread_pct": 0.2395, "checks": {"quote_volume": true, "range_15m": true, "atr": true, "volume_ratio": false, "spread": true}, "reason": "movement_or_liquidity_below_threshold"}
[ACTIVITY] ORCATRY status=PASSIVE metrics={"status": "PASSIVE", "quote_volume": 603803.07, "range_15m_pct": 0.0, "atr_pct": 0.1171, "volume_ratio": 0.0, "spread_pct": 0.409, "checks": {"quote_volume": false, "range_15m": false, "atr": false, "volume_ratio": false, "spread": false}, "reason": "movement_or_liquidity_below_threshold"}
[ACTIVITY] ORDITRY status=PASSIVE metrics={"status": "PASSIVE", "quote_volume": 5843559.79, "range_15m_pct": 0.0, "atr_pct": 0.1276, "volume_ratio": 0.0, "spread_pct": 0.1229, "checks": {"quote_volume": true, "range_15m": false, "atr": false, "volume_ratio": false, "spread": true}, "reason": "movement_or_liquidity_below_threshold"}
[ACTIVITY] PARTITRY status=PASSIVE metrics={"status": "PASSIVE", "quote_volume": 22910412.96, "range_15m_pct": 0.9259, "atr_pct": 0.4587, "volume_ratio": 2.3228, "spread_pct": 0.9217, "checks": {"quote_volume": true, "range_15m": true, "atr": true, "volume_ratio": true, "spread": false}, "reason": "movement_or_liquidity_below_threshold"}
[ACTIVITY] PAXGTRY status=PASSIVE metrics={"status": "PASSIVE", "quote_volume": 38106040.69, "range_15m_pct": 0.1473, "atr_pct": 0.0194, "volume_ratio": 0.0091, "spread_pct": 0.0648, "checks": {"quote_volume": true, "range_15m": false, "atr": false, "volume_ratio": false, "spread": true}, "reason": "movement_or_liquidity_below_threshold"}
[ACTIVITY] PENDLETRY status=PASSIVE metrics={"status": "PASSIVE", "quote_volume": 1663027.69, "range_15m_pct": 0.318, "atr_pct": 0.1587, "volume_ratio": 1.8345, "spread_pct": 0.3175, "checks": {"quote_volume": true, "range_15m": true, "atr": true, "volume_ratio": true, "spread": false}, "reason": "movement_or_liquidity_below_threshold"}
[ACTIVITY] PENGUTRY status=PASSIVE metrics={"status": "PASSIVE", "quote_volume": 17175287.04, "range_15m_pct": 0.1334, "atr_pct": 0.188, "volume_ratio": 0.0006, "spread_pct": 0.0666, "checks": {"quote_volume": true, "range_15m": false, "atr": true, "volume_ratio": false, "spread": true}, "reason": "movement_or_liquidity_below_threshold"}
[ACTIVITY] PEOPLETRY status=ACTIVE metrics={"status": "ACTIVE", "quote_volume": 9444891.28, "range_15m_pct": 0.5277, "atr_pct": 0.1885, "volume_ratio": 1.1858, "spread_pct": 0.2628, "checks": {"quote_volume": true, "range_15m": true, "atr": true, "volume_ratio": true, "spread": true}, "reason": "active"}
[ACTIVITY] PEPETRY status=PASSIVE metrics={"status": "PASSIVE", "quote_volume": 76169547.23, "range_15m_pct": 0.4039, "atr_pct": 0.2393, "volume_ratio": 0.0842, "spread_pct": 0.0228, "checks": {"quote_volume": true, "range_15m": true, "atr": true, "volume_ratio": false, "spread": true}, "reason": "movement_or_liquidity_below_threshold"}
[ACTIVITY] PHATRY status=PASSIVE metrics={"status": "PASSIVE", "quote_volume": 4179965.14, "range_15m_pct": 0.9615, "atr_pct": 0.0687, "volume_ratio": 0.0685, "spread_pct": 0.9569, "checks": {"quote_volume": true, "range_15m": true, "atr": false, "volume_ratio": false, "spread": false}, "reason": "movement_or_liquidity_below_threshold"}
[ACTIVITY] PIXELTRY status=PASSIVE metrics={"status": "PASSIVE", "quote_volume": 10503716.29, "range_15m_pct": 0.0, "atr_pct": 0.1045, "volume_ratio": 3.3806, "spread_pct": 0.4866, "checks": {"quote_volume": true, "range_15m": false, "atr": false, "volume_ratio": true, "spread": false}, "reason": "movement_or_liquidity_below_threshold"}
[ACTIVITY] PLUMETRY status=ACTIVE metrics={"status": "ACTIVE", "quote_volume": 12814502.04, "range_15m_pct": 0.5515, "atr_pct": 0.3656, "volume_ratio": 0.5866, "spread_pct": 0.183, "checks": {"quote_volume": true, "range_15m": true, "atr": true, "volume_ratio": true, "spread": true}, "reason": "active"}
[ACTIVITY] PNUTTRY status=PASSIVE metrics={"status": "PASSIVE", "quote_volume": 9882064.38, "range_15m_pct": 0.5263, "atr_pct": 0.2244, "volume_ratio": 0.0, "spread_pct": 0.5249, "checks": {"quote_volume": true, "range_15m": true, "atr": true, "volume_ratio": false, "spread": false}, "reason": "movement_or_liquidity_below_threshold"}
[ACTIVITY] POLTRY status=PASSIVE metrics={"status": "PASSIVE", "quote_volume": 1075902.56, "range_15m_pct": 0.1408, "atr_pct": 0.0562, "volume_ratio": 0.2834, "spread_pct": 0.0843, "checks": {"quote_volume": true, "range_15m": false, "atr": false, "volume_ratio": false, "spread": true}, "reason": "movement_or_liquidity_below_threshold"}
[ACTIVITY] POLYXTRY status=PASSIVE metrics={"status": "PASSIVE", "quote_volume": 449139.72, "range_15m_pct": 0.0, "atr_pct": 0.1006, "volume_ratio": 0.0, "spread_pct": 0.7067, "checks": {"quote_volume": false, "range_15m": false, "atr": false, "volume_ratio": false, "spread": false}, "reason": "movement_or_liquidity_below_threshold"}
[ACTIVITY] PORTALTRY status=PASSIVE metrics={"status": "PASSIVE", "quote_volume": 12564013.35, "range_15m_pct": 0.1782, "atr_pct": 0.1429, "volume_ratio": 0.0, "spread_pct": 0.1583, "checks": {"quote_volume": true, "range_15m": true, "atr": false, "volume_ratio": false, "spread": true}, "reason": "movement_or_liquidity_below_threshold"}
[ACTIVITY] PORTOTRY status=PASSIVE metrics={"status": "PASSIVE", "quote_volume": 1468975.27, "range_15m_pct": 0.0, "atr_pct": 0.0104, "volume_ratio": 0.0, "spread_pct": 0.5339, "checks": {"quote_volume": true, "range_15m": false, "atr": false, "volume_ratio": false, "spread": false}, "reason": "movement_or_liquidity_below_threshold"}
[ACTIVITY] PROVETRY status=PASSIVE metrics={"status": "PASSIVE", "quote_volume": 421187.03, "range_15m_pct": 0.2849, "atr_pct": 0.142, "volume_ratio": 0.0012, "spread_pct": 0.2845, "checks": {"quote_volume": false, "range_15m": true, "atr": false, "volume_ratio": false, "spread": true}, "reason": "movement_or_liquidity_below_threshold"}
[ACTIVITY] PSGTRY status=PASSIVE metrics={"status": "PASSIVE", "quote_volume": 14495012.59, "range_15m_pct": 0.2556, "atr_pct": 0.5039, "volume_ratio": 0.0, "spread_pct": 0.2554, "checks": {"quote_volume": true, "range_15m": true, "atr": true, "volume_ratio": false, "spread": true}, "reason": "movement_or_liquidity_below_threshold"}
[ACTIVITY] PUMPTRY status=ACTIVE metrics={"status": "ACTIVE", "quote_volume": 38916941.55, "range_15m_pct": 0.5499, "atr_pct": 0.3754, "volume_ratio": 0.7667, "spread_pct": 0.1567, "checks": {"quote_volume": true, "range_15m": true, "atr": true, "volume_ratio": true, "spread": true}, "reason": "active"}
[ACTIVITY] PYTHTRY status=PASSIVE metrics={"status": "PASSIVE", "quote_volume": 6560202.93, "range_15m_pct": 0.0, "atr_pct": 0.1648, "volume_ratio": 0.0, "spread_pct": 0.1569, "checks": {"quote_volume": true, "range_15m": false, "atr": true, "volume_ratio": false, "spread": true}, "reason": "movement_or_liquidity_below_threshold"}
[ACTIVITY] QTUMTRY status=PASSIVE metrics={"status": "PASSIVE", "quote_volume": 4531090.28, "range_15m_pct": 0.3205, "atr_pct": 0.0685, "volume_ratio": 0.0, "spread_pct": 0.641, "checks": {"quote_volume": true, "range_15m": true, "atr": false, "volume_ratio": false, "spread": false}, "reason": "movement_or_liquidity_below_threshold"}
[ACTIVITY] RADTRY status=ACTIVE metrics={"status": "ACTIVE", "quote_volume": 68542501.09, "range_15m_pct": 1.5004, "atr_pct": 0.4441, "volume_ratio": 1.9593, "spread_pct": 0.1753, "checks": {"quote_volume": true, "range_15m": true, "atr": true, "volume_ratio": true, "spread": true}, "reason": "active"}
[ACTIVITY] RARETRY status=ACTIVE metrics={"status": "ACTIVE", "quote_volume": 376393335.08, "range_15m_pct": 2.6431, "atr_pct": 1.3799, "volume_ratio": 1.592, "spread_pct": 0.1628, "checks": {"quote_volume": true, "range_15m": true, "atr": true, "volume_ratio": true, "spread": true}, "reason": "active"}
[ACTIVITY] RAYTRY status=PASSIVE metrics={"status": "PASSIVE", "quote_volume": 1611757.51, "range_15m_pct": 0.0, "atr_pct": 0.0826, "volume_ratio": 0.0, "spread_pct": 0.1318, "checks": {"quote_volume": true, "range_15m": false, "atr": false, "volume_ratio": false, "spread": true}, "reason": "movement_or_liquidity_below_threshold"}
[ACTIVITY] REDTRY status=PASSIVE metrics={"status": "PASSIVE", "quote_volume": 3028294.78, "range_15m_pct": 0.4963, "atr_pct": 0.1235, "volume_ratio": 0.0018, "spread_pct": 0.2466, "checks": {"quote_volume": true, "range_15m": true, "atr": false, "volume_ratio": false, "spread": true}, "reason": "movement_or_liquidity_below_threshold"}
[ACTIVITY] RENDERTRY status=PASSIVE metrics={"status": "PASSIVE", "quote_volume": 14483653.24, "range_15m_pct": 0.3367, "atr_pct": 0.1918, "volume_ratio": 0.0, "spread_pct": 0.1682, "checks": {"quote_volume": true, "range_15m": true, "atr": true, "volume_ratio": false, "spread": true}, "reason": "movement_or_liquidity_below_threshold"}
[ACTIVITY] RESOLVTRY status=ACTIVE metrics={"status": "ACTIVE", "quote_volume": 3938125.88, "range_15m_pct": 0.6989, "atr_pct": 0.2469, "volume_ratio": 0.9154, "spread_pct": 0.2244, "checks": {"quote_volume": true, "range_15m": true, "atr": true, "volume_ratio": true, "spread": true}, "reason": "active"}
[ACTIVITY] RETRY status=PASSIVE metrics={"status": "PASSIVE", "quote_volume": 69743759.91, "range_15m_pct": 0.2972, "atr_pct": 0.2754, "volume_ratio": 0.1676, "spread_pct": 0.0988, "checks": {"quote_volume": true, "range_15m": true, "atr": true, "volume_ratio": false, "spread": true}, "reason": "movement_or_liquidity_below_threshold"}
[ACTIVITY] REZTRY status=PASSIVE metrics={"status": "PASSIVE", "quote_volume": 6802106.47, "range_15m_pct": 0.2313, "atr_pct": 0.1705, "volume_ratio": 0.0632, "spread_pct": 0.1541, "checks": {"quote_volume": true, "range_15m": true, "atr": true, "volume_ratio": false, "spread": true}, "reason": "movement_or_liquidity_below_threshold"}
[ACTIVITY] ROBOTRY status=PASSIVE metrics={"status": "PASSIVE", "quote_volume": 47661216.47, "range_15m_pct": 0.6369, "atr_pct": 0.4762, "volume_ratio": 0.0, "spread_pct": 0.1594, "checks": {"quote_volume": true, "range_15m": true, "atr": true, "volume_ratio": false, "spread": true}, "reason": "movement_or_liquidity_below_threshold"}
[ACTIVITY] RONINTRY status=PASSIVE metrics={"status": "PASSIVE", "quote_volume": 372097.16, "range_15m_pct": 0.4292, "atr_pct": 0.1221, "volume_ratio": 0.0, "spread_pct": 0.4283, "checks": {"quote_volume": false, "range_15m": true, "atr": false, "volume_ratio": false, "spread": false}, "reason": "movement_or_liquidity_below_threshold"}
[ACTIVITY] ROSETRY status=PASSIVE metrics={"status": "PASSIVE", "quote_volume": 8617351.14, "range_15m_pct": 0.0, "atr_pct": 0.1408, "volume_ratio": 0.0, "spread_pct": 0.0791, "checks": {"quote_volume": true, "range_15m": false, "atr": false, "volume_ratio": false, "spread": true}, "reason": "movement_or_liquidity_below_threshold"}
[ACTIVITY] RSRTRY status=PASSIVE metrics={"status": "PASSIVE", "quote_volume": 275187.13, "range_15m_pct": 0.0, "atr_pct": 0.1001, "volume_ratio": 0.0, "spread_pct": 0.1753, "checks": {"quote_volume": false, "range_15m": false, "atr": false, "volume_ratio": false, "spread": true}, "reason": "movement_or_liquidity_below_threshold"}
[ACTIVITY] RVNTRY status=ACTIVE metrics={"status": "ACTIVE", "quote_volume": 34680811.24, "range_15m_pct": 0.319, "atr_pct": 0.2839, "volume_ratio": 1.1705, "spread_pct": 0.2389, "checks": {"quote_volume": true, "range_15m": true, "atr": true, "volume_ratio": true, "spread": true}, "reason": "active"}
[ACTIVITY] SAGATRY status=PASSIVE metrics={"status": "PASSIVE", "quote_volume": 57535513.75, "range_15m_pct": 0.4405, "atr_pct": 0.4399, "volume_ratio": 0.22, "spread_pct": 0.2937, "checks": {"quote_volume": true, "range_15m": true, "atr": true, "volume_ratio": false, "spread": true}, "reason": "movement_or_liquidity_below_threshold"}
[ACTIVITY] SAHARATRY status=PASSIVE metrics={"status": "PASSIVE", "quote_volume": 9715358.12, "range_15m_pct": 0.1359, "atr_pct": 0.1592, "volume_ratio": 0.7434, "spread_pct": 0.0816, "checks": {"quote_volume": true, "range_15m": false, "atr": true, "volume_ratio": true, "spread": true}, "reason": "movement_or_liquidity_below_threshold"}
[ACTIVITY] SANDTRY status=ACTIVE metrics={"status": "ACTIVE", "quote_volume": 3304135.38, "range_15m_pct": 0.6572, "atr_pct": 0.2021, "volume_ratio": 2.1703, "spread_pct": 0.272, "checks": {"quote_volume": true, "range_15m": true, "atr": true, "volume_ratio": true, "spread": true}, "reason": "active"}
[ACTIVITY] SANTOSTRY status=PASSIVE metrics={"status": "PASSIVE", "quote_volume": 8031710.4, "range_15m_pct": 0.5364, "atr_pct": 0.1149, "volume_ratio": 15.8049, "spread_pct": 0.2232, "checks": {"quote_volume": true, "range_15m": true, "atr": false, "volume_ratio": true, "spread": true}, "reason": "movement_or_liquidity_below_threshold"}
[ACTIVITY] SAPIENTRY status=PASSIVE metrics={"status": "PASSIVE", "quote_volume": 2896839.71, "range_15m_pct": 0.1623, "atr_pct": 0.1351, "volume_ratio": 2.5461, "spread_pct": 0.1352, "checks": {"quote_volume": true, "range_15m": true, "atr": false, "volume_ratio": true, "spread": true}, "reason": "movement_or_liquidity_below_threshold"}
[ACTIVITY] SCRTRY status=PASSIVE metrics={"status": "PASSIVE", "quote_volume": 1114501.45, "range_15m_pct": 0.7216, "atr_pct": 0.0957, "volume_ratio": 0.9845, "spread_pct": 0.4128, "checks": {"quote_volume": true, "range_15m": true, "atr": false, "volume_ratio": true, "spread": false}, "reason": "movement_or_liquidity_below_threshold"}
[ACTIVITY] SEITRY status=PASSIVE metrics={"status": "PASSIVE", "quote_volume": 2555782.18, "range_15m_pct": 0.0, "atr_pct": 0.1388, "volume_ratio": 0.0, "spread_pct": 0.4711, "checks": {"quote_volume": true, "range_15m": false, "atr": false, "volume_ratio": false, "spread": false}, "reason": "movement_or_liquidity_below_threshold"}
[ACTIVITY] SENTTRY status=PASSIVE metrics={"status": "PASSIVE", "quote_volume": 3528409.1, "range_15m_pct": 0.3817, "atr_pct": 0.1575, "volume_ratio": 0.0045, "spread_pct": 0.1111, "checks": {"quote_volume": true, "range_15m": true, "atr": true, "volume_ratio": false, "spread": true}, "reason": "movement_or_liquidity_below_threshold"}
[ACTIVITY] SHELLTRY status=PASSIVE metrics={"status": "PASSIVE", "quote_volume": 11756815.56, "range_15m_pct": 0.0, "atr_pct": 0.4511, "volume_ratio": 0.0, "spread_pct": 1.0582, "checks": {"quote_volume": true, "range_15m": false, "atr": true, "volume_ratio": false, "spread": false}, "reason": "movement_or_liquidity_below_threshold"}
[ACTIVITY] SHIBTRY status=PASSIVE metrics={"status": "PASSIVE", "quote_volume": 25460433.19, "range_15m_pct": 0.2385, "atr_pct": 0.2959, "volume_ratio": 0.0772, "spread_pct": 0.0952, "checks": {"quote_volume": true, "range_15m": true, "atr": true, "volume_ratio": false, "spread": true}, "reason": "movement_or_liquidity_below_threshold"}
[ACTIVITY] SIGNTRY status=PASSIVE metrics={"status": "PASSIVE", "quote_volume": 1113363.86, "range_15m_pct": 0.3195, "atr_pct": 0.1592, "volume_ratio": 0.0, "spread_pct": 0.639, "checks": {"quote_volume": true, "range_15m": true, "atr": true, "volume_ratio": false, "spread": false}, "reason": "movement_or_liquidity_below_threshold"}
[ACTIVITY] SKLTRY status=PASSIVE metrics={"status": "PASSIVE", "quote_volume": 4464910.07, "range_15m_pct": 0.5988, "atr_pct": 0.0855, "volume_ratio": 0.0, "spread_pct": 0.597, "checks": {"quote_volume": true, "range_15m": true, "atr": false, "volume_ratio": false, "spread": false}, "reason": "movement_or_liquidity_below_threshold"}
[ACTIVITY] SKYTRY status=PASSIVE metrics={"status": "PASSIVE", "quote_volume": 644856.22, "range_15m_pct": 0.1191, "atr_pct": 0.051, "volume_ratio": 0.0, "spread_pct": 0.5166, "checks": {"quote_volume": false, "range_15m": false, "atr": false, "volume_ratio": false, "spread": false}, "reason": "movement_or_liquidity_below_threshold"}
[ACTIVITY] SLPTRY status=PASSIVE metrics={"status": "PASSIVE", "quote_volume": 811557.51, "range_15m_pct": 0.0, "atr_pct": 0.0435, "volume_ratio": 0.0, "spread_pct": 0.3667, "checks": {"quote_volume": false, "range_15m": false, "atr": false, "volume_ratio": false, "spread": false}, "reason": "movement_or_liquidity_below_threshold"}
[ACTIVITY] SNXTRY status=PASSIVE metrics={"status": "PASSIVE", "quote_volume": 4295140.5, "range_15m_pct": 0.533, "atr_pct": 0.2665, "volume_ratio": 0.0, "spread_pct": 0.32, "checks": {"quote_volume": true, "range_15m": true, "atr": true, "volume_ratio": false, "spread": false}, "reason": "movement_or_liquidity_below_threshold"}
[ACTIVITY] SOLTRY status=PASSIVE metrics={"status": "PASSIVE", "quote_volume": 54199163.15, "range_15m_pct": 0.1276, "atr_pct": 0.1053, "volume_ratio": 0.2771, "spread_pct": 0.0277, "checks": {"quote_volume": true, "range_15m": false, "atr": false, "volume_ratio": false, "spread": true}, "reason": "movement_or_liquidity_below_threshold"}
[ACTIVITY] SOLVTRY status=PASSIVE metrics={"status": "PASSIVE", "quote_volume": 5908495.63, "range_15m_pct": 0.0, "atr_pct": 0.1931, "volume_ratio": 4.0062, "spread_pct": 0.905, "checks": {"quote_volume": true, "range_15m": false, "atr": true, "volume_ratio": true, "spread": false}, "reason": "movement_or_liquidity_below_threshold"}
[ACTIVITY] SOMITRY status=PASSIVE metrics={"status": "PASSIVE", "quote_volume": 16482559.71, "range_15m_pct": 0.4843, "atr_pct": 0.173, "volume_ratio": 0.0, "spread_pct": 0.4843, "checks": {"quote_volume": true, "range_15m": true, "atr": true, "volume_ratio": false, "spread": false}, "reason": "movement_or_liquidity_below_threshold"}
[ACTIVITY] SOPHTRY status=PASSIVE metrics={"status": "PASSIVE", "quote_volume": 40454874.17, "range_15m_pct": 0.5882, "atr_pct": 0.084, "volume_ratio": 0.0, "spread_pct": 1.1834, "checks": {"quote_volume": true, "range_15m": true, "atr": false, "volume_ratio": false, "spread": false}, "reason": "movement_or_liquidity_below_threshold"}
[ACTIVITY] SPELLTRY status=PASSIVE metrics={"status": "PASSIVE", "quote_volume": 7638732.79, "range_15m_pct": 0.2717, "atr_pct": 0.0776, "volume_ratio": 0.3585, "spread_pct": 0.542, "checks": {"quote_volume": true, "range_15m": true, "atr": false, "volume_ratio": false, "spread": false}, "reason": "movement_or_liquidity_below_threshold"}
[ACTIVITY] SPKTRY status=PASSIVE metrics={"status": "PASSIVE", "quote_volume": 3095214.52, "range_15m_pct": 0.1352, "atr_pct": 0.1061, "volume_ratio": 0.0, "spread_pct": 0.2103, "checks": {"quote_volume": true, "range_15m": false, "atr": false, "volume_ratio": false, "spread": true}, "reason": "movement_or_liquidity_below_threshold"}
[ACTIVITY] STOTRY status=PASSIVE metrics={"status": "PASSIVE", "quote_volume": 10584928.38, "range_15m_pct": 0.5473, "atr_pct": 0.2341, "volume_ratio": 0.421, "spread_pct": 0.1639, "checks": {"quote_volume": true, "range_15m": true, "atr": true, "volume_ratio": false, "spread": true}, "reason": "movement_or_liquidity_below_threshold"}
[ACTIVITY] STRAXTRY status=PASSIVE metrics={"status": "PASSIVE", "quote_volume": 33844114.84, "range_15m_pct": 0.2488, "atr_pct": 0.1066, "volume_ratio": 34.8208, "spread_pct": 0.4963, "checks": {"quote_volume": true, "range_15m": true, "atr": false, "volume_ratio": true, "spread": false}, "reason": "movement_or_liquidity_below_threshold"}
[ACTIVITY] STRKTRY status=ACTIVE metrics={"status": "ACTIVE", "quote_volume": 6486273.03, "range_15m_pct": 0.6487, "atr_pct": 0.3373, "volume_ratio": 1.2597, "spread_pct": 0.1852, "checks": {"quote_volume": true, "range_15m": true, "atr": true, "volume_ratio": true, "spread": true}, "reason": "active"}
[ACTIVITY] STRY status=PASSIVE metrics={"status": "PASSIVE", "quote_volume": 1900918.48, "range_15m_pct": 0.0934, "atr_pct": 0.0733, "volume_ratio": 0.4784, "spread_pct": 0.0933, "checks": {"quote_volume": true, "range_15m": false, "atr": false, "volume_ratio": false, "spread": true}, "reason": "movement_or_liquidity_below_threshold"}
[ACTIVITY] STXTRY status=PASSIVE metrics={"status": "PASSIVE", "quote_volume": 2197871.47, "range_15m_pct": 0.0, "atr_pct": 0.0982, "volume_ratio": 0.0, "spread_pct": 0.3425, "checks": {"quote_volume": true, "range_15m": false, "atr": false, "volume_ratio": false, "spread": false}, "reason": "movement_or_liquidity_below_threshold"}
[ACTIVITY] SUITRY status=PASSIVE metrics={"status": "PASSIVE", "quote_volume": 15337193.26, "range_15m_pct": 0.1846, "atr_pct": 0.1623, "volume_ratio": 0.0005, "spread_pct": 0.0614, "checks": {"quote_volume": true, "range_15m": true, "atr": true, "volume_ratio": false, "spread": true}, "reason": "movement_or_liquidity_below_threshold"}
[ACTIVITY] SUNTRY status=PASSIVE metrics={"status": "PASSIVE", "quote_volume": 1383104.97, "range_15m_pct": 0.0, "atr_pct": 0.0, "volume_ratio": 0.0, "spread_pct": 0.1151, "checks": {"quote_volume": true, "range_15m": false, "atr": false, "volume_ratio": false, "spread": true}, "reason": "movement_or_liquidity_below_threshold"}
[ACTIVITY] SUPERTRY status=PASSIVE metrics={"status": "PASSIVE", "quote_volume": 2089624.2, "range_15m_pct": 0.0, "atr_pct": 0.0176, "volume_ratio": 0.0, "spread_pct": 0.2466, "checks": {"quote_volume": true, "range_15m": false, "atr": false, "volume_ratio": false, "spread": true}, "reason": "movement_or_liquidity_below_threshold"}
[ACTIVITY] SUSHITRY status=PASSIVE metrics={"status": "PASSIVE", "quote_volume": 1221504.01, "range_15m_pct": 0.0, "atr_pct": 0.0746, "volume_ratio": 0.0, "spread_pct": 0.5236, "checks": {"quote_volume": true, "range_15m": false, "atr": false, "volume_ratio": false, "spread": false}, "reason": "movement_or_liquidity_below_threshold"}
[ACTIVITY] SXTTRY status=ACTIVE metrics={"status": "ACTIVE", "quote_volume": 3340450.32, "range_15m_pct": 0.4298, "atr_pct": 0.1508, "volume_ratio": 0.5186, "spread_pct": 0.1426, "checks": {"quote_volume": true, "range_15m": true, "atr": true, "volume_ratio": true, "spread": true}, "reason": "active"}
[ACTIVITY] SYRUPTRY status=PASSIVE metrics={"status": "PASSIVE", "quote_volume": 2183324.44, "range_15m_pct": 0.0, "atr_pct": 0.1336, "volume_ratio": 0.0, "spread_pct": 0.1262, "checks": {"quote_volume": true, "range_15m": false, "atr": false, "volume_ratio": false, "spread": true}, "reason": "movement_or_liquidity_below_threshold"}
[ACTIVITY] TAOTRY status=PASSIVE metrics={"status": "PASSIVE", "quote_volume": 22077906.06, "range_15m_pct": 0.2638, "atr_pct": 0.1308, "volume_ratio": 0.0, "spread_pct": 0.0945, "checks": {"quote_volume": true, "range_15m": true, "atr": false, "volume_ratio": false, "spread": true}, "reason": "movement_or_liquidity_below_threshold"}
[ACTIVITY] THETATRY status=PASSIVE metrics={"status": "PASSIVE", "quote_volume": 2384691.23, "range_15m_pct": 0.0, "atr_pct": 0.0156, "volume_ratio": 0.0, "spread_pct": 0.1725, "checks": {"quote_volume": true, "range_15m": false, "atr": false, "volume_ratio": false, "spread": true}, "reason": "movement_or_liquidity_below_threshold"}
[ACTIVITY] THETRY status=ACTIVE metrics={"status": "ACTIVE", "quote_volume": 23293641.5, "range_15m_pct": 0.6342, "atr_pct": 0.3242, "volume_ratio": 2.6325, "spread_pct": 0.1404, "checks": {"quote_volume": true, "range_15m": true, "atr": true, "volume_ratio": true, "spread": true}, "reason": "active"}
[ACTIVITY] TIATRY status=ACTIVE metrics={"status": "ACTIVE", "quote_volume": 23024133.68, "range_15m_pct": 0.2076, "atr_pct": 0.2812, "volume_ratio": 0.5967, "spread_pct": 0.0691, "checks": {"quote_volume": true, "range_15m": true, "atr": true, "volume_ratio": true, "spread": true}, "reason": "active"}
[ACTIVITY] TLMTRY status=PASSIVE metrics={"status": "PASSIVE", "quote_volume": 66620145.47, "range_15m_pct": 0.5398, "atr_pct": 1.1567, "volume_ratio": 0.0586, "spread_pct": 0.2692, "checks": {"quote_volume": true, "range_15m": true, "atr": true, "volume_ratio": false, "spread": true}, "reason": "movement_or_liquidity_below_threshold"}
[ACTIVITY] TNSRTRY status=PASSIVE metrics={"status": "PASSIVE", "quote_volume": 22153222.41, "range_15m_pct": 0.0, "atr_pct": 0.1419, "volume_ratio": 5.8313, "spread_pct": 0.6601, "checks": {"quote_volume": true, "range_15m": false, "atr": false, "volume_ratio": true, "spread": false}, "reason": "movement_or_liquidity_below_threshold"}
[ACTIVITY] TOWNSTRY status=PASSIVE metrics={"status": "PASSIVE", "quote_volume": 9988387.93, "range_15m_pct": 0.9524, "atr_pct": 0.2721, "volume_ratio": 0.0, "spread_pct": 0.9479, "checks": {"quote_volume": true, "range_15m": true, "atr": true, "volume_ratio": false, "spread": false}, "reason": "movement_or_liquidity_below_threshold"}
[ACTIVITY] TRBTRY status=PASSIVE metrics={"status": "PASSIVE", "quote_volume": 14923702.83, "range_15m_pct": 0.0, "atr_pct": 0.1331, "volume_ratio": 0.0, "spread_pct": 0.311, "checks": {"quote_volume": true, "range_15m": false, "atr": false, "volume_ratio": false, "spread": false}, "reason": "movement_or_liquidity_below_threshold"}
[ACTIVITY] TREETRY status=PASSIVE metrics={"status": "PASSIVE", "quote_volume": 1294273.38, "range_15m_pct": 0.6173, "atr_pct": 0.0441, "volume_ratio": 1.9207, "spread_pct": 0.6154, "checks": {"quote_volume": true, "range_15m": true, "atr": false, "volume_ratio": true, "spread": false}, "reason": "movement_or_liquidity_below_threshold"}
[ACTIVITY] TRUMPTRY status=PASSIVE metrics={"status": "PASSIVE", "quote_volume": 22420552.85, "range_15m_pct": 0.7508, "atr_pct": 0.5437, "volume_ratio": 0.2234, "spread_pct": 0.1494, "checks": {"quote_volume": true, "range_15m": true, "atr": true, "volume_ratio": false, "spread": true}, "reason": "movement_or_liquidity_below_threshold"}
[ACTIVITY] TRXTRY status=PASSIVE metrics={"status": "PASSIVE", "quote_volume": 35219372.45, "range_15m_pct": 0.0375, "atr_pct": 0.0281, "volume_ratio": 0.2683, "spread_pct": 0.0187, "checks": {"quote_volume": true, "range_15m": false, "atr": false, "volume_ratio": false, "spread": true}, "reason": "movement_or_liquidity_below_threshold"}
[ACTIVITY] TSTTRY status=PASSIVE metrics={"status": "PASSIVE", "quote_volume": 119340646.11, "range_15m_pct": 1.1887, "atr_pct": 0.6426, "volume_ratio": 0.3221, "spread_pct": 0.1478, "checks": {"quote_volume": true, "range_15m": true, "atr": true, "volume_ratio": false, "spread": true}, "reason": "movement_or_liquidity_below_threshold"}
[ACTIVITY] TURBOTRY status=PASSIVE metrics={"status": "PASSIVE", "quote_volume": 4838345.45, "range_15m_pct": 0.2646, "atr_pct": 0.1319, "volume_ratio": 18.3339, "spread_pct": 0.5277, "checks": {"quote_volume": true, "range_15m": true, "atr": false, "volume_ratio": true, "spread": false}, "reason": "movement_or_liquidity_below_threshold"}
[ACTIVITY] TURTLETRY status=PASSIVE metrics={"status": "PASSIVE", "quote_volume": 1698938.76, "range_15m_pct": 0.0, "atr_pct": 0.1035, "volume_ratio": 0.7006, "spread_pct": 0.4843, "checks": {"quote_volume": true, "range_15m": false, "atr": false, "volume_ratio": true, "spread": false}, "reason": "movement_or_liquidity_below_threshold"}
[ACTIVITY] TWTTRY status=PASSIVE metrics={"status": "PASSIVE", "quote_volume": 4558004.93, "range_15m_pct": 0.3625, "atr_pct": 0.3139, "volume_ratio": 0.0, "spread_pct": 0.2068, "checks": {"quote_volume": true, "range_15m": true, "atr": true, "volume_ratio": false, "spread": true}, "reason": "movement_or_liquidity_below_threshold"}
[ACTIVITY] UMATRY status=PASSIVE metrics={"status": "PASSIVE", "quote_volume": 3623062.06, "range_15m_pct": 0.4551, "atr_pct": 0.102, "volume_ratio": 5.463, "spread_pct": 0.2592, "checks": {"quote_volume": true, "range_15m": true, "atr": false, "volume_ratio": true, "spread": true}, "reason": "movement_or_liquidity_below_threshold"}
[ACTIVITY] UNITRY status=PASSIVE metrics={"status": "PASSIVE", "quote_volume": 19671919.12, "range_15m_pct": 0.2375, "atr_pct": 0.2158, "volume_ratio": 0.0848, "spread_pct": 0.1777, "checks": {"quote_volume": true, "range_15m": true, "atr": true, "volume_ratio": false, "spread": true}, "reason": "movement_or_liquidity_below_threshold"}
[ACTIVITY] USD1TRY status=PASSIVE metrics={"status": "PASSIVE", "quote_volume": 273434.77, "range_15m_pct": 0.0, "atr_pct": 0.0, "volume_ratio": 0.0, "spread_pct": 0.021, "checks": {"quote_volume": false, "range_15m": false, "atr": false, "volume_ratio": false, "spread": true}, "reason": "movement_or_liquidity_below_threshold"}
[ACTIVITY] USDCTRY status=PASSIVE metrics={"status": "PASSIVE", "quote_volume": 82360611.69, "range_15m_pct": 0.021, "atr_pct": 0.0209, "volume_ratio": 0.6417, "spread_pct": 0.0209, "checks": {"quote_volume": true, "range_15m": false, "atr": false, "volume_ratio": true, "spread": true}, "reason": "movement_or_liquidity_below_threshold"}
[ACTIVITY] USDTTRY status=PASSIVE metrics={"status": "PASSIVE", "quote_volume": 1081294067.12, "range_15m_pct": 0.021, "atr_pct": 0.021, "volume_ratio": 0.6442, "spread_pct": 0.021, "checks": {"quote_volume": true, "range_15m": false, "atr": false, "volume_ratio": true, "spread": true}, "reason": "movement_or_liquidity_below_threshold"}
[ACTIVITY] USTCTRY status=PASSIVE metrics={"status": "PASSIVE", "quote_volume": 8320150.02, "range_15m_pct": 0.084, "atr_pct": 0.09, "volume_ratio": 0.0, "spread_pct": 0.1677, "checks": {"quote_volume": true, "range_15m": false, "atr": false, "volume_ratio": false, "spread": true}, "reason": "movement_or_liquidity_below_threshold"}
[ACTIVITY] USUALTRY status=PASSIVE metrics={"status": "PASSIVE", "quote_volume": 4595741.49, "range_15m_pct": 0.2427, "atr_pct": 0.156, "volume_ratio": 0.0, "spread_pct": 0.4854, "checks": {"quote_volume": true, "range_15m": true, "atr": true, "volume_ratio": false, "spread": false}, "reason": "movement_or_liquidity_below_threshold"}
[ACTIVITY] UTRY status=PASSIVE metrics={"status": "PASSIVE", "quote_volume": 958273.62, "range_15m_pct": 0.0419, "atr_pct": 0.0045, "volume_ratio": 0.0, "spread_pct": 0.0419, "checks": {"quote_volume": false, "range_15m": false, "atr": false, "volume_ratio": false, "spread": true}, "reason": "movement_or_liquidity_below_threshold"}
[ACTIVITY] VANATRY status=PASSIVE metrics={"status": "PASSIVE", "quote_volume": 1335532.95, "range_15m_pct": 0.0, "atr_pct": 0.0178, "volume_ratio": 0.0, "spread_pct": 0.2497, "checks": {"quote_volume": true, "range_15m": false, "atr": false, "volume_ratio": false, "spread": true}, "reason": "movement_or_liquidity_below_threshold"}
[ACTIVITY] VANRYTRY status=ACTIVE metrics={"status": "ACTIVE", "quote_volume": 38147202.63, "range_15m_pct": 2.4178, "atr_pct": 0.8497, "volume_ratio": 0.9991, "spread_pct": 0.1923, "checks": {"quote_volume": true, "range_15m": true, "atr": true, "volume_ratio": true, "spread": true}, "reason": "active"}
[ACTIVITY] VETTRY status=PASSIVE metrics={"status": "PASSIVE", "quote_volume": 854019.83, "range_15m_pct": 0.0, "atr_pct": 0.096, "volume_ratio": 0.0, "spread_pct": 0.139, "checks": {"quote_volume": false, "range_15m": false, "atr": false, "volume_ratio": false, "spread": true}, "reason": "movement_or_liquidity_below_threshold"}
[ACTIVITY] VICTRY status=PASSIVE metrics={"status": "PASSIVE", "quote_volume": 71315305.08, "range_15m_pct": 1.6667, "atr_pct": 1.3577, "volume_ratio": 0.343, "spread_pct": 0.8299, "checks": {"quote_volume": true, "range_15m": true, "atr": true, "volume_ratio": false, "spread": false}, "reason": "movement_or_liquidity_below_threshold"}
[ACTIVITY] VIRTUALTRY status=ACTIVE metrics={"status": "ACTIVE", "quote_volume": 46307012.45, "range_15m_pct": 0.6454, "atr_pct": 0.4769, "volume_ratio": 0.5333, "spread_pct": 0.0714, "checks": {"quote_volume": true, "range_15m": true, "atr": true, "volume_ratio": true, "spread": true}, "reason": "active"}
[ACTIVITY] WALTRY status=PASSIVE metrics={"status": "PASSIVE", "quote_volume": 2640084.19, "range_15m_pct": 0.9901, "atr_pct": 0.1414, "volume_ratio": 0.0, "spread_pct": 0.995, "checks": {"quote_volume": true, "range_15m": true, "atr": false, "volume_ratio": false, "spread": false}, "reason": "movement_or_liquidity_below_threshold"}
[ACTIVITY] WCTTRY status=PASSIVE metrics={"status": "PASSIVE", "quote_volume": 510303.57, "range_15m_pct": 0.0, "atr_pct": 0.0766, "volume_ratio": 0.0, "spread_pct": 0.6557, "checks": {"quote_volume": false, "range_15m": false, "atr": false, "volume_ratio": false, "spread": false}, "reason": "movement_or_liquidity_below_threshold"}
[ACTIVITY] WIFTRY status=ACTIVE metrics={"status": "ACTIVE", "quote_volume": 6883842.57, "range_15m_pct": 0.9743, "atr_pct": 0.4904, "volume_ratio": 3.0853, "spread_pct": 0.1536, "checks": {"quote_volume": true, "range_15m": true, "atr": true, "volume_ratio": true, "spread": true}, "reason": "active"}
[ACTIVITY] WLDTRY status=ACTIVE metrics={"status": "ACTIVE", "quote_volume": 29971755.62, "range_15m_pct": 0.8264, "atr_pct": 0.2933, "volume_ratio": 5.5023, "spread_pct": 0.1264, "checks": {"quote_volume": true, "range_15m": true, "atr": true, "volume_ratio": true, "spread": true}, "reason": "active"}
[ACTIVITY] WLFITRY status=PASSIVE metrics={"status": "PASSIVE", "quote_volume": 6281269.2, "range_15m_pct": 0.0, "atr_pct": 0.03, "volume_ratio": 0.0, "spread_pct": 0.1526, "checks": {"quote_volume": true, "range_15m": false, "atr": false, "volume_ratio": false, "spread": true}, "reason": "movement_or_liquidity_below_threshold"}
[ACTIVITY] WTRY status=PASSIVE metrics={"status": "PASSIVE", "quote_volume": 5164013.62, "range_15m_pct": 0.1304, "atr_pct": 2.448, "volume_ratio": 0.0, "spread_pct": 0.2601, "checks": {"quote_volume": true, "range_15m": false, "atr": true, "volume_ratio": false, "spread": true}, "reason": "movement_or_liquidity_below_threshold"}
[ACTIVITY] XAITRY status=PASSIVE metrics={"status": "PASSIVE", "quote_volume": 12102998.91, "range_15m_pct": 0.7778, "atr_pct": 0.7359, "volume_ratio": 0.7944, "spread_pct": 0.3024, "checks": {"quote_volume": true, "range_15m": true, "atr": true, "volume_ratio": true, "spread": false}, "reason": "movement_or_liquidity_below_threshold"}
[ACTIVITY] XAUTTRY status=PASSIVE metrics={"status": "PASSIVE", "quote_volume": 25126944.62, "range_15m_pct": 0.2283, "atr_pct": 0.0362, "volume_ratio": 0.0006, "spread_pct": 0.0229, "checks": {"quote_volume": true, "range_15m": true, "atr": false, "volume_ratio": false, "spread": true}, "reason": "movement_or_liquidity_below_threshold"}
[ACTIVITY] XECTRY status=PASSIVE metrics={"status": "PASSIVE", "quote_volume": 1958547.98, "range_15m_pct": 0.1627, "atr_pct": 0.0858, "volume_ratio": 0.0, "spread_pct": 0.1951, "checks": {"quote_volume": true, "range_15m": true, "atr": false, "volume_ratio": false, "spread": true}, "reason": "movement_or_liquidity_below_threshold"}
[ACTIVITY] XLMTRY status=PASSIVE metrics={"status": "PASSIVE", "quote_volume": 12017559.1, "range_15m_pct": 0.1849, "atr_pct": 0.1396, "volume_ratio": 0.332, "spread_pct": 0.0264, "checks": {"quote_volume": true, "range_15m": true, "atr": false, "volume_ratio": false, "spread": true}, "reason": "movement_or_liquidity_below_threshold"}
[ACTIVITY] XPLTRY status=PASSIVE metrics={"status": "PASSIVE", "quote_volume": 6741255.0, "range_15m_pct": 0.1983, "atr_pct": 0.3211, "volume_ratio": 0.0022, "spread_pct": 0.1704, "checks": {"quote_volume": true, "range_15m": true, "atr": true, "volume_ratio": false, "spread": true}, "reason": "movement_or_liquidity_below_threshold"}
[ACTIVITY] XRPTRY status=PASSIVE metrics={"status": "PASSIVE", "quote_volume": 97963517.31, "range_15m_pct": 0.2086, "atr_pct": 0.1279, "volume_ratio": 0.4107, "spread_pct": 0.0208, "checks": {"quote_volume": true, "range_15m": true, "atr": false, "volume_ratio": false, "spread": true}, "reason": "movement_or_liquidity_below_threshold"}
[ACTIVITY] XTZTRY status=PASSIVE metrics={"status": "PASSIVE", "quote_volume": 256012.51, "range_15m_pct": 0.0, "atr_pct": 0.0, "volume_ratio": 0.0, "spread_pct": 0.6459, "checks": {"quote_volume": false, "range_15m": false, "atr": false, "volume_ratio": false, "spread": false}, "reason": "movement_or_liquidity_below_threshold"}
[ACTIVITY] XVGTRY status=PASSIVE metrics={"status": "PASSIVE", "quote_volume": 13490302.31, "range_15m_pct": 0.4955, "atr_pct": 0.2334, "volume_ratio": 0.0214, "spread_pct": 0.0991, "checks": {"quote_volume": true, "range_15m": true, "atr": true, "volume_ratio": false, "spread": true}, "reason": "movement_or_liquidity_below_threshold"}
[ACTIVITY] YBTRY status=PASSIVE metrics={"status": "PASSIVE", "quote_volume": 6249502.08, "range_15m_pct": 0.5348, "atr_pct": 0.0764, "volume_ratio": 0.0, "spread_pct": 0.5333, "checks": {"quote_volume": true, "range_15m": true, "atr": false, "volume_ratio": false, "spread": false}, "reason": "movement_or_liquidity_below_threshold"}
[ACTIVITY] ZAMATRY status=PASSIVE metrics={"status": "PASSIVE", "quote_volume": 148903.44, "range_15m_pct": 0.0, "atr_pct": 0.0, "volume_ratio": 0.0, "spread_pct": 0.2239, "checks": {"quote_volume": false, "range_15m": false, "atr": false, "volume_ratio": false, "spread": true}, "reason": "movement_or_liquidity_below_threshold"}
[ACTIVITY] ZBTTRY status=PASSIVE metrics={"status": "PASSIVE", "quote_volume": 40668039.82, "range_15m_pct": 0.4662, "atr_pct": 0.1492, "volume_ratio": 0.0, "spread_pct": 0.2323, "checks": {"quote_volume": true, "range_15m": true, "atr": false, "volume_ratio": false, "spread": true}, "reason": "movement_or_liquidity_below_threshold"}
[ACTIVITY] ZILTRY status=PASSIVE metrics={"status": "PASSIVE", "quote_volume": 12592404.16, "range_15m_pct": 0.0, "atr_pct": 0.1407, "volume_ratio": 0.0, "spread_pct": 0.1787, "checks": {"quote_volume": true, "range_15m": false, "atr": false, "volume_ratio": false, "spread": true}, "reason": "movement_or_liquidity_below_threshold"}
[ACTIVITY] ZKCTRY status=PASSIVE metrics={"status": "PASSIVE", "quote_volume": 897927.36, "range_15m_pct": 0.0, "atr_pct": 0.0798, "volume_ratio": 0.0, "spread_pct": 1.1236, "checks": {"quote_volume": false, "range_15m": false, "atr": false, "volume_ratio": false, "spread": false}, "reason": "movement_or_liquidity_below_threshold"}
[ACTIVITY] ZKPTRY status=PASSIVE metrics={"status": "PASSIVE", "quote_volume": 1567999.88, "range_15m_pct": 0.0, "atr_pct": 0.0249, "volume_ratio": 0.0, "spread_pct": 0.2498, "checks": {"quote_volume": true, "range_15m": false, "atr": false, "volume_ratio": false, "spread": true}, "reason": "movement_or_liquidity_below_threshold"}
[ACTIVITY] ZKTRY status=PASSIVE metrics={"status": "PASSIVE", "quote_volume": 11682247.78, "range_15m_pct": 0.0, "atr_pct": 0.307, "volume_ratio": 0.0588, "spread_pct": 0.2861, "checks": {"quote_volume": true, "range_15m": false, "atr": true, "volume_ratio": false, "spread": true}, "reason": "movement_or_liquidity_below_threshold"}
[ACTIVITY] ZROTRY status=PASSIVE metrics={"status": "PASSIVE", "quote_volume": 8088998.07, "range_15m_pct": 0.2564, "atr_pct": 0.0913, "volume_ratio": 0.0, "spread_pct": 0.2554, "checks": {"quote_volume": true, "range_15m": true, "atr": false, "volume_ratio": false, "spread": true}, "reason": "movement_or_liquidity_below_threshold"}
[DATA] BOMETRY source=BinanceTR-public interval=30m candles=143
[DATA] WLDTRY source=BinanceTR-public interval=30m candles=143
[DATA] MUBARAKTRY source=BinanceTR-public interval=30m candles=143
[DATA] CRVTRY source=BinanceTR-public interval=30m candles=143
[DATA] HOMETRY source=BinanceTR-public interval=30m candles=143
[DATA] THETRY source=BinanceTR-public interval=30m candles=143
[DATA] PHATRY source=BinanceTR-public interval=30m candles=143
[DATA] PARTITRY source=BinanceTR-public interval=30m candles=143
[DATA] PIXELTRY source=BinanceTR-public interval=30m candles=143
[DATA] TLMTRY source=BinanceTR-public interval=30m candles=143
[DATA] NIGHTTRY source=BinanceTR-public interval=30m candles=143
[DATA] ACHTRY source=BinanceTR-public interval=30m candles=143
[DATA] ACTTRY source=BinanceTR-public interval=30m candles=143
[DATA] NILTRY source=BinanceTR-public interval=30m candles=143
[DATA] TURBOTRY source=BinanceTR-public interval=30m candles=143
[DATA] BBTRY source=BinanceTR-public interval=30m candles=143
[DATA] AEVOTRY source=BinanceTR-public interval=30m candles=143
[DATA] ALICETRY source=BinanceTR-public interval=30m candles=143
[DATA] HEITRY source=BinanceTR-public interval=30m candles=143
[DATA] RETRY source=BinanceTR-public interval=30m candles=143
[SIGNAL] 2026-08-10T18:39:59+00:00 BBTRY BUY fill_at=2026-08-10T18:44:59+00:00 features={"close": 0.6507, "bb_lower": 0.6537180057646041, "bb_upper": 0.6630343751877767, "rsi": 26.488363165798162, "mfi": 41.160750637353736, "atr": 0.0019142857142857175}
[ENTRY] 2026-08-10T18:44:59+00:00 BBTRY layer=1 value=998.50 entry=0.65268915 cash=9000.00
[SCAN] 2026-08-10T18:44:59+00:00 symbols=20 signals=1 entries=1 exits=0 blocked=2 open=1 cash=9000.00 equity=9994.69
[SIGNAL] 2026-08-10T18:44:59+00:00 BBTRY BUY fill_at=2026-08-10T18:49:59+00:00 features={"close": 0.6502, "bb_lower": 0.6522684844577268, "bb_upper": 0.6638553250660827, "rsi": 25.710319652200553, "mfi": 37.86378777496153, "atr": 0.0018642857142857152}
[ENTRY] 2026-08-10T18:49:59+00:00 BBTRY layer=2 value=898.65 entry=0.65038743 cash=8100.00
[SCAN] 2026-08-10T18:49:59+00:00 symbols=20 signals=1 entries=1 exits=0 blocked=2 open=1 cash=8100.00 equity=9988.43
[SIGNAL] 2026-08-10T18:49:59+00:00 BBTRY BUY fill_at=2026-08-10T18:54:59+00:00 features={"close": 0.6486, "bb_lower": 0.6506076993453496, "bb_upper": 0.66471611017846, "rsi": 23.334272138334512, "mfi": 25.488646894940757, "atr": 0.0020785714285714296}
[BLOCKED] BBTRY reason=max_layers
[SCAN] 2026-08-10T18:54:59+00:00 symbols=20 signals=1 entries=0 exits=0 blocked=2 open=1 cash=8100.00 equity=9998.33
[SCAN] 2026-08-10T18:59:59+00:00 symbols=20 signals=0 entries=0 exits=0 blocked=1 open=1 cash=8100.00 equity=9999.78
[SCAN] 2026-08-10T19:04:59+00:00 symbols=20 signals=0 entries=0 exits=0 blocked=1 open=1 cash=8100.00 equity=9996.87
[SCAN] 2026-08-10T19:09:59+00:00 symbols=20 signals=0 entries=0 exits=0 blocked=0 open=1 cash=8100.00 equity=9987.26
[SCAN] 2026-08-10T19:14:59+00:00 symbols=20 signals=0 entries=0 exits=0 blocked=0 open=1 cash=8100.00 equity=9990.47
[SCAN] 2026-08-10T19:19:59+00:00 symbols=20 signals=0 entries=0 exits=0 blocked=1 open=1 cash=8100.00 equity=9994.54
[SCAN] 2026-08-10T19:24:59+00:00 symbols=20 signals=0 entries=0 exits=0 blocked=1 open=1 cash=8100.00 equity=9995.71
[SCAN] 2026-08-10T19:29:59+00:00 symbols=20 signals=0 entries=0 exits=0 blocked=1 open=1 cash=8100.00 equity=9996.58
[SCAN] 2026-08-10T19:34:59+00:00 symbols=20 signals=0 entries=0 exits=0 blocked=2 open=1 cash=8100.00 equity=9991.05
[SIGNAL] 2026-08-10T19:34:59+00:00 HOMETRY BUY fill_at=2026-08-10T19:39:59+00:00 features={"close": 0.472, "bb_lower": 0.47619055129957094, "bb_upper": 0.5063808772718577, "rsi": 28.909309769925983, "mfi": 36.7889070427775, "atr": 0.007000000000000006}
[ENTRY] 2026-08-10T19:39:59+00:00 HOMETRY layer=1 value=808.79 entry=0.47335475 cash=7290.00
[SCAN] 2026-08-10T19:39:59+00:00 symbols=20 signals=1 entries=1 exits=0 blocked=0 open=2 cash=7290.00 equity=9992.86
[SCAN] 2026-08-10T19:44:59+00:00 symbols=20 signals=0 entries=0 exits=0 blocked=0 open=2 cash=7290.00 equity=9992.43
[SIGNAL] 2026-08-10T19:44:59+00:00 HOMETRY BUY fill_at=2026-08-10T19:49:59+00:00 features={"close": 0.473, "bb_lower": 0.47313526650519244, "bb_upper": 0.5039123525424266, "rsi": 32.5183353236131, "mfi": 40.41884386686192, "atr": 0.006285714285714291}
[ENTRY] 2026-08-10T19:49:59+00:00 HOMETRY layer=2 value=727.91 entry=0.47335475 cash=6561.00
[SCAN] 2026-08-10T19:49:59+00:00 symbols=20 signals=1 entries=1 exits=0 blocked=1 open=2 cash=6561.00 equity=9987.51
[SCAN] 2026-08-10T19:54:59+00:00 symbols=20 signals=0 entries=0 exits=0 blocked=1 open=2 cash=6561.00 equity=9991.09
[SCAN] 2026-08-10T19:59:59+00:00 symbols=20 signals=0 entries=0 exits=0 blocked=0 open=2 cash=6561.00 equity=10004.12
[SCAN] 2026-08-10T20:04:59+00:00 symbols=20 signals=0 entries=0 exits=0 blocked=0 open=2 cash=6561.00 equity=9990.93
[SCAN] 2026-08-10T20:09:59+00:00 symbols=20 signals=0 entries=0 exits=0 blocked=0 open=2 cash=6561.00 equity=9994.17
[SCAN] 2026-08-10T20:14:59+00:00 symbols=20 signals=0 entries=0 exits=0 blocked=0 open=2 cash=6561.00 equity=9982.44
[SIGNAL] 2026-08-10T20:14:59+00:00 RETRY BUY fill_at=2026-08-10T20:19:59+00:00 features={"close": 19.33, "bb_lower": 19.35447211578146, "bb_upper": 19.87981359850426, "rsi": 25.020592708041733, "mfi": 32.13789886231872, "atr": 0.11285714285714274}
[ENTRY] 2026-08-10T20:19:59+00:00 RETRY layer=1 value=655.12 entry=19.33449000 cash=5904.90
[SCAN] 2026-08-10T20:19:59+00:00 symbols=20 signals=1 entries=1 exits=0 blocked=1 open=3 cash=5904.90 equity=9969.44
[SIGNAL] 2026-08-10T20:19:59+00:00 RETRY BUY fill_at=2026-08-10T20:24:59+00:00 features={"close": 19.32, "bb_lower": 19.327920404675005, "bb_upper": 19.852079595325, "rsi": 24.72871724073555, "mfi": 32.1070255560345, "atr": 0.11214285714285717}
[ENTRY] 2026-08-10T20:24:59+00:00 RETRY layer=2 value=589.61 entry=19.33449000 cash=5314.41
[SCAN] 2026-08-10T20:24:59+00:00 symbols=20 signals=1 entries=1 exits=0 blocked=0 open=3 cash=5314.41 equity=9961.78
[SCAN] 2026-08-10T20:29:59+00:00 symbols=20 signals=0 entries=0 exits=0 blocked=0 open=3 cash=5314.41 equity=9955.64
[SCAN] 2026-08-10T20:34:59+00:00 symbols=20 signals=0 entries=0 exits=0 blocked=0 open=3 cash=5314.41 equity=9947.20
[SIGNAL] 2026-08-10T20:34:59+00:00 NIGHTTRY BUY fill_at=2026-08-10T20:39:59+00:00 features={"close": 0.855, "bb_lower": 0.8559312990904768, "bb_upper": 0.864449653290476, "rsi": 25.689458379835372, "mfi": 31.200152005241264, "atr": 0.001285714285714287}
[ENTRY] 2026-08-10T20:39:59+00:00 NIGHTTRY layer=1 value=530.65 entry=0.85564125 cash=4782.97
[SIGNAL] 2026-08-10T20:34:59+00:00 ALICETRY BUY fill_at=2026-08-10T20:39:59+00:00 features={"close": 5.83, "bb_lower": 5.845483432083495, "bb_upper": 6.041183234583172, "rsi": 30.456110117095164, "mfi": 10.248521378352578, "atr": 0.025714285714285672}
[ENTRY] 2026-08-10T20:39:59+00:00 ALICETRY layer=1 value=477.58 entry=5.83437250 cash=4304.67
[SCAN] 2026-08-10T20:39:59+00:00 symbols=20 signals=2 entries=2 exits=0 blocked=0 open=5 cash=4304.67 equity=9956.76
[SIGNAL] 2026-08-10T20:39:59+00:00 NIGHTTRY BUY fill_at=2026-08-10T20:44:59+00:00 features={"close": 0.854, "bb_lower": 0.8549580531039517, "bb_upper": 0.8649467088008104, "rsi": 24.020363954598622, "mfi": 5.286009555050626, "atr": 0.0010000000000000009}
[ENTRY] 2026-08-10T20:44:59+00:00 NIGHTTRY layer=2 value=429.82 entry=0.85664200 cash=3874.20
[SCAN] 2026-08-10T20:44:59+00:00 symbols=20 signals=1 entries=1 exits=0 blocked=0 open=5 cash=3874.20 equity=9948.76
[SCAN] 2026-08-10T20:49:59+00:00 symbols=20 signals=0 entries=0 exits=0 blocked=0 open=5 cash=3874.20 equity=9930.45
[SIGNAL] 2026-08-10T20:49:59+00:00 HOMETRY BUY fill_at=2026-08-10T20:54:59+00:00 features={"close": 0.456, "bb_lower": 0.4565742602018015, "bb_upper": 0.49180669217915074, "rsi": 25.2008349735994, "mfi": 32.093656168177034, "atr": 0.005071428571428564}
[BLOCKED] HOMETRY reason=max_layers
[SCAN] 2026-08-10T20:54:59+00:00 symbols=20 signals=1 entries=0 exits=0 blocked=1 open=5 cash=3874.20 equity=9945.38
[SCAN] 2026-08-10T20:59:59+00:00 symbols=20 signals=0 entries=0 exits=0 blocked=0 open=5 cash=3874.20 equity=9936.48
[SCAN] 2026-08-10T21:04:59+00:00 symbols=20 signals=0 entries=0 exits=0 blocked=0 open=5 cash=3874.20 equity=9942.14
[SCAN] 2026-08-10T21:09:59+00:00 symbols=20 signals=0 entries=0 exits=0 blocked=1 open=5 cash=3874.20 equity=9936.74
[SCAN] 2026-08-10T21:14:59+00:00 symbols=20 signals=0 entries=0 exits=0 blocked=0 open=5 cash=3874.20 equity=9938.81
[SCAN] 2026-08-10T21:19:59+00:00 symbols=20 signals=0 entries=0 exits=0 blocked=1 open=5 cash=3874.20 equity=9948.37
[SCAN] 2026-08-10T21:24:59+00:00 symbols=20 signals=0 entries=0 exits=0 blocked=1 open=5 cash=3874.20 equity=9940.47
[SCAN] 2026-08-10T21:29:59+00:00 symbols=20 signals=0 entries=0 exits=0 blocked=3 open=5 cash=3874.20 equity=9932.26
[EXIT] 2026-08-10T21:34:59+00:00 BBTRY reason=fixed_take_profit pnl=+36.75 cash=5810.95
[SCAN] 2026-08-10T21:34:59+00:00 symbols=20 signals=0 entries=0 exits=1 blocked=0 open=4 cash=5810.95 equity=9963.32
[SIGNAL] 2026-08-10T21:34:59+00:00 TURBOTRY BUY fill_at=2026-08-10T21:39:59+00:00 features={"close": 0.0404, "bb_lower": 0.04044835601522281, "bb_upper": 0.04097069160382479, "rsi": 29.3217153271858, "mfi": 46.20644395897649, "atr": 6.428571428571464e-05}
[ENTRY] 2026-08-10T21:39:59+00:00 TURBOTRY layer=1 value=580.22 entry=0.04043030 cash=5229.86
[SCAN] 2026-08-10T21:39:59+00:00 symbols=20 signals=1 entries=1 exits=0 blocked=0 open=5 cash=5229.86 equity=9957.42
[SIGNAL] 2026-08-10T21:39:59+00:00 TURBOTRY BUY fill_at=2026-08-10T21:44:59+00:00 features={"close": 0.0404, "bb_lower": 0.0404016047449885, "bb_upper": 0.04097934763596386, "rsi": 29.321715349235063, "mfi": 46.20644395897649, "atr": 5.714285714285729e-05}
[ENTRY] 2026-08-10T21:44:59+00:00 TURBOTRY layer=2 value=522.20 entry=0.04043030 cash=4706.87
[SCAN] 2026-08-10T21:44:59+00:00 symbols=20 signals=1 entries=1 exits=0 blocked=0 open=5 cash=4706.87 equity=9954.89
[SCAN] 2026-08-10T21:49:59+00:00 symbols=20 signals=0 entries=0 exits=0 blocked=1 open=5 cash=4706.87 equity=9955.40
[SCAN] 2026-08-10T21:54:59+00:00 symbols=20 signals=0 entries=0 exits=0 blocked=0 open=5 cash=4706.87 equity=9966.99
[SIGNAL] 2026-08-10T21:54:59+00:00 CRVTRY BUY fill_at=2026-08-10T21:59:59+00:00 features={"close": 12.27, "bb_lower": 12.296866313456045, "bb_upper": 12.543133686543955, "rsi": 42.588748785049305, "mfi": 36.002523383466965, "atr": 0.07928571428571475}
[ENTRY] 2026-08-10T21:59:59+00:00 CRVTRY layer=1 value=469.98 entry=12.27920250 cash=4236.18
[SCAN] 2026-08-10T21:59:59+00:00 symbols=20 signals=1 entries=1 exits=0 blocked=1 open=6 cash=4236.18 equity=9947.12
[EXIT] 2026-08-10T22:04:59+00:00 RETRY reason=fixed_take_profit pnl=+24.11 cash=5506.88
[SCAN] 2026-08-10T22:04:59+00:00 symbols=20 signals=0 entries=0 exits=1 blocked=1 open=5 cash=5506.88 equity=9963.53
[SIGNAL] 2026-08-10T22:04:59+00:00 PIXELTRY BUY fill_at=2026-08-10T22:09:59+00:00 features={"close": 0.214, "bb_lower": 0.21401845252620327, "bb_upper": 0.21645773794998724, "rsi": 38.78459801801175, "mfi": 19.42420499553846, "atr": 0.0005000000000000004}
[ENTRY] 2026-08-10T22:09:59+00:00 PIXELTRY layer=1 value=549.86 entry=0.21315975 cash=4956.19
[SCAN] 2026-08-10T22:09:59+00:00 symbols=20 signals=1 entries=1 exits=0 blocked=1 open=6 cash=4956.19 equity=9975.68
[SIGNAL] 2026-08-10T22:09:59+00:00 ALICETRY BUY fill_at=2026-08-10T22:14:59+00:00 features={"close": 5.77, "bb_lower": 5.779123870573909, "bb_upper": 5.874209462759423, "rsi": 21.785351477974288, "mfi": 7.954856464420331, "atr": 0.010714285714285612}
[ENTRY] 2026-08-10T22:14:59+00:00 ALICETRY layer=2 value=494.88 entry=5.79434250 cash=4460.57
[SCAN] 2026-08-10T22:14:59+00:00 symbols=20 signals=1 entries=1 exits=0 blocked=1 open=6 cash=4460.57 equity=9976.50
[SCAN] 2026-08-10T22:19:59+00:00 symbols=20 signals=0 entries=0 exits=0 blocked=0 open=6 cash=4460.57 equity=9968.37
[EXIT] 2026-08-10T22:24:59+00:00 CRVTRY reason=fixed_take_profit pnl=+9.10 cash=4940.36
[SCAN] 2026-08-10T22:24:59+00:00 symbols=20 signals=0 entries=0 exits=1 blocked=0 open=5 cash=4940.36 equity=9953.16
[SIGNAL] 2026-08-10T22:24:59+00:00 HOMETRY BUY fill_at=2026-08-10T22:29:59+00:00 features={"close": 0.442, "bb_lower": 0.4426689282063743, "bb_upper": 0.4597120241745782, "rsi": 31.58006499690474, "mfi": 34.924415829768705, "atr": 0.004428571428571433}
[BLOCKED] HOMETRY reason=max_layers
[SCAN] 2026-08-10T22:29:59+00:00 symbols=20 signals=1 entries=0 exits=0 blocked=1 open=5 cash=4940.36 equity=9953.16
[SCAN] 2026-08-10T22:34:59+00:00 symbols=20 signals=0 entries=0 exits=0 blocked=1 open=5 cash=4940.36 equity=9950.91
[SCAN] 2026-08-10T22:39:59+00:00 symbols=20 signals=0 entries=0 exits=0 blocked=2 open=5 cash=4940.36 equity=9942.30
[SCAN] 2026-08-10T22:44:59+00:00 symbols=20 signals=0 entries=0 exits=0 blocked=2 open=5 cash=4940.36 equity=9938.90
[SCAN] 2026-08-10T22:49:59+00:00 symbols=20 signals=0 entries=0 exits=0 blocked=0 open=5 cash=4940.36 equity=9945.95
[SCAN] 2026-08-10T22:54:59+00:00 symbols=20 signals=0 entries=0 exits=0 blocked=1 open=5 cash=4940.36 equity=9942.70
[SCAN] 2026-08-10T22:59:59+00:00 symbols=20 signals=0 entries=0 exits=0 blocked=0 open=5 cash=4940.36 equity=9940.12
[SCAN] 2026-08-10T23:04:59+00:00 symbols=20 signals=0 entries=0 exits=0 blocked=2 open=5 cash=4940.36 equity=9922.22
[SIGNAL] 2026-08-10T23:04:59+00:00 MUBARAKTRY BUY fill_at=2026-08-10T23:09:59+00:00 features={"close": 1.084, "bb_lower": 1.0948203498164415, "bb_upper": 1.1283225073264158, "rsi": 35.73560387130087, "mfi": 54.59604956639678, "atr": 0.011071428571428574}
[ENTRY] 2026-08-10T23:09:59+00:00 MUBARAKTRY layer=1 value=493.30 entry=1.08281150 cash=4446.33
[SIGNAL] 2026-08-10T23:04:59+00:00 HOMETRY BUY fill_at=2026-08-10T23:09:59+00:00 features={"close": 0.434, "bb_lower": 0.4343249019165232, "bb_upper": 0.4555798599882387, "rsi": 26.25220559864296, "mfi": 42.04085224726714, "atr": 0.0038571428571428606}
[BLOCKED] HOMETRY reason=max_layers
[SCAN] 2026-08-10T23:09:59+00:00 symbols=20 signals=2 entries=1 exits=0 blocked=2 open=6 cash=4446.33 equity=9932.27
[SIGNAL] 2026-08-10T23:09:59+00:00 MUBARAKTRY BUY fill_at=2026-08-10T23:14:59+00:00 features={"close": 1.078, "bb_lower": 1.0883668782274365, "bb_upper": 1.1322045503439921, "rsi": 33.53149448593324, "mfi": 34.5405541047257, "atr": 0.011785714285714288}
[ENTRY] 2026-08-10T23:14:59+00:00 MUBARAKTRY layer=2 value=443.97 entry=1.08181075 cash=4001.70
[SCAN] 2026-08-10T23:14:59+00:00 symbols=20 signals=1 entries=1 exits=0 blocked=1 open=6 cash=4001.70 equity=9933.07
[SIGNAL] 2026-08-10T23:14:59+00:00 MUBARAKTRY BUY fill_at=2026-08-10T23:19:59+00:00 features={"close": 1.074, "bb_lower": 1.081658561623379, "bb_upper": 1.135103343138526, "rsi": 32.10151956890982, "mfi": 28.06076867461853, "atr": 0.01200000000000001}
[BLOCKED] MUBARAKTRY reason=max_layers
[SCAN] 2026-08-10T23:19:59+00:00 symbols=20 signals=1 entries=0 exits=0 blocked=2 open=6 cash=4001.70 equity=9914.83
[SIGNAL] 2026-08-10T23:19:59+00:00 MUBARAKTRY BUY fill_at=2026-08-10T23:24:59+00:00 features={"close": 1.066, "bb_lower": 1.0740150392607763, "bb_upper": 1.138080198834462, "rsi": 29.386256702836462, "mfi": 21.543976296905456, "atr": 0.012500000000000002}
[BLOCKED] MUBARAKTRY reason=max_layers
[SIGNAL] 2026-08-10T23:19:59+00:00 HEITRY BUY fill_at=2026-08-10T23:24:59+00:00 features={"close": 7.253, "bb_lower": 7.283538450803211, "bb_upper": 7.442271073006316, "rsi": 32.339404757083315, "mfi": 34.88069171773067, "atr": 0.03885714285714296}
[ENTRY] 2026-08-10T23:24:59+00:00 HEITRY layer=1 value=399.57 entry=7.26344350 cash=3601.53
[SCAN] 2026-08-10T23:24:59+00:00 symbols=20 signals=2 entries=1 exits=0 blocked=1 open=7 cash=3601.53 equity=9913.46
[SIGNAL] 2026-08-10T23:24:59+00:00 MUBARAKTRY BUY fill_at=2026-08-10T23:29:59+00:00 features={"close": 1.066, "bb_lower": 1.0677310815916905, "bb_upper": 1.1400784422178334, "rsi": 29.386256884191624, "mfi": 21.499468126175046, "atr": 0.012642857142857147}
[BLOCKED] MUBARAKTRY reason=max_layers
[SCAN] 2026-08-10T23:29:59+00:00 symbols=20 signals=1 entries=0 exits=0 blocked=2 open=7 cash=3601.53 equity=9888.77
[SIGNAL] 2026-08-10T23:29:59+00:00 MUBARAKTRY BUY fill_at=2026-08-10T23:34:59+00:00 features={"close": 1.045, "bb_lower": 1.057041229076654, "bb_upper": 1.1450540090185841, "rsi": 23.31170928859659, "mfi": 19.643358431806973, "atr": 0.01371428571428571}
[BLOCKED] MUBARAKTRY reason=max_layers
[EXIT] 2026-08-10T23:34:59+00:00 HOMETRY reason=fixed_stop_loss pnl=-141.94 cash=4998.58
[EXIT] 2026-08-10T23:34:59+00:00 MUBARAKTRY reason=fixed_stop_loss pnl=-86.57 cash=5850.68
[SCAN] 2026-08-10T23:34:59+00:00 symbols=20 signals=1 entries=0 exits=2 blocked=3 open=5 cash=5850.68 equity=9818.64
[SIGNAL] 2026-08-10T23:34:59+00:00 MUBARAKTRY BUY fill_at=2026-08-10T23:39:59+00:00 features={"close": 0.986, "bb_lower": 1.0296521275794364, "bb_upper": 1.1613002533729446, "rsi": 14.308993038088872, "mfi": 10.893769603874475, "atr": 0.019214285714285708}
[ENTRY] 2026-08-10T23:39:59+00:00 MUBARAKTRY layer=1 value=584.19 entry=0.98874100 cash=5265.61
[SCAN] 2026-08-10T23:39:59+00:00 symbols=20 signals=1 entries=1 exits=0 blocked=1 open=6 cash=5265.61 equity=9813.10
[SIGNAL] 2026-08-10T23:39:59+00:00 MUBARAKTRY BUY fill_at=2026-08-10T23:44:59+00:00 features={"close": 0.984, "bb_lower": 1.0087569633137956, "bb_upper": 1.170290655733823, "rsi": 14.10889968498661, "mfi": 10.609617691007912, "atr": 0.019571428571428573}
[ENTRY] 2026-08-10T23:44:59+00:00 MUBARAKTRY layer=2 value=525.77 entry=0.98874100 cash=4739.05
[SCAN] 2026-08-10T23:44:59+00:00 symbols=20 signals=1 entries=1 exits=0 blocked=1 open=6 cash=4739.05 equity=9806.20
[SIGNAL] 2026-08-10T23:44:59+00:00 MUBARAKTRY BUY fill_at=2026-08-10T23:49:59+00:00 features={"close": 0.982, "bb_lower": 0.9912684838633183, "bb_upper": 1.1753981828033482, "rsi": 13.89835274358505, "mfi": 8.96217453897421, "atr": 0.018928571428571437}
[BLOCKED] MUBARAKTRY reason=max_layers
[SCAN] 2026-08-10T23:49:59+00:00 symbols=20 signals=1 entries=0 exits=0 blocked=3 open=6 cash=4739.05 equity=9825.61
[EXIT] 2026-08-10T23:54:59+00:00 MUBARAKTRY reason=fixed_take_profit pnl=+21.50 cash=5872.18
[SCAN] 2026-08-10T23:54:59+00:00 symbols=20 signals=0 entries=0 exits=1 blocked=2 open=5 cash=5872.18 equity=9832.93
[SCAN] 2026-08-10T23:59:59+00:00 symbols=20 signals=0 entries=0 exits=0 blocked=1 open=5 cash=5872.18 equity=9827.80
[SCAN] 2026-08-11T00:04:59+00:00 symbols=20 signals=0 entries=0 exits=0 blocked=2 open=5 cash=5872.18 equity=9827.01
[SCAN] 2026-08-11T00:09:59+00:00 symbols=20 signals=0 entries=0 exits=0 blocked=3 open=5 cash=5872.18 equity=9822.66
[SCAN] 2026-08-11T00:14:59+00:00 symbols=20 signals=0 entries=0 exits=0 blocked=3 open=5 cash=5872.18 equity=9823.78
[SCAN] 2026-08-11T00:19:59+00:00 symbols=20 signals=0 entries=0 exits=0 blocked=2 open=5 cash=5872.18 equity=9836.36
[SIGNAL] 2026-08-11T00:19:59+00:00 BOMETRY BUY fill_at=2026-08-11T00:24:59+00:00 features={"close": 0.03877, "bb_lower": 0.03884711871219847, "bb_upper": 0.03958907176399201, "rsi": 33.32949906012638, "mfi": 38.818424926290696, "atr": 0.00020785714285714258}
[ENTRY] 2026-08-11T00:24:59+00:00 BOMETRY layer=1 value=586.34 entry=0.03885912 cash=5284.96
[SCAN] 2026-08-11T00:24:59+00:00 symbols=20 signals=1 entries=1 exits=0 blocked=0 open=6 cash=5284.96 equity=9839.70
[SCAN] 2026-08-11T00:29:59+00:00 symbols=20 signals=0 entries=0 exits=0 blocked=0 open=6 cash=5284.96 equity=9836.16
[SCAN] 2026-08-11T00:34:59+00:00 symbols=20 signals=0 entries=0 exits=0 blocked=0 open=6 cash=5284.96 equity=9829.27
[SIGNAL] 2026-08-11T00:34:59+00:00 BOMETRY BUY fill_at=2026-08-11T00:39:59+00:00 features={"close": 0.03841, "bb_lower": 0.03867950253146903, "bb_upper": 0.03969192603995953, "rsi": 30.691796447216362, "mfi": 24.59326558883015, "atr": 0.00024714285714285696}
[ENTRY] 2026-08-11T00:39:59+00:00 BOMETRY layer=2 value=527.70 entry=0.03844882 cash=4756.46
[SIGNAL] 2026-08-11T00:34:59+00:00 HEITRY BUY fill_at=2026-08-11T00:39:59+00:00 features={"close": 7.095, "bb_lower": 7.116247872468699, "bb_upper": 7.37251403229321, "rsi": 23.215539164721264, "mfi": 19.417214812342436, "atr": 0.03499999999999976}
[ENTRY] 2026-08-11T00:39:59+00:00 HEITRY layer=2 value=474.93 entry=7.09231525 cash=4280.82
[SCAN] 2026-08-11T00:39:59+00:00 symbols=20 signals=2 entries=2 exits=0 blocked=0 open=6 cash=4280.82 equity=9809.50
[SIGNAL] 2026-08-11T00:39:59+00:00 BOMETRY BUY fill_at=2026-08-11T00:44:59+00:00 features={"close": 0.03803, "bb_lower": 0.03842479160708516, "bb_upper": 0.039837113154819595, "rsi": 25.75399342073115, "mfi": 22.300509370742972, "atr": 0.00027499999999999996}
[BLOCKED] BOMETRY reason=max_layers
[SIGNAL] 2026-08-11T00:39:59+00:00 HEITRY BUY fill_at=2026-08-11T00:44:59+00:00 features={"close": 7.074, "bb_lower": 7.0920448977536195, "bb_upper": 7.371193197484479, "rsi": 21.666382141731575, "mfi": 20.497594873190124, "atr": 0.03907142857142836}
[BLOCKED] HEITRY reason=max_layers
[SCAN] 2026-08-11T00:44:59+00:00 symbols=20 signals=2 entries=0 exits=0 blocked=2 open=6 cash=4280.82 equity=9815.17
[SIGNAL] 2026-08-11T00:44:59+00:00 ACTTRY BUY fill_at=2026-08-11T00:49:59+00:00 features={"close": 0.518, "bb_lower": 0.5209491476395118, "bb_upper": 0.5398318047414408, "rsi": 30.42467393612293, "mfi": 13.810867556709411, "atr": 0.004092857142857136}
[ENTRY] 2026-08-11T00:49:59+00:00 ACTTRY layer=1 value=427.44 entry=0.51978955 cash=3852.74
[SCAN] 2026-08-11T00:49:59+00:00 symbols=20 signals=1 entries=1 exits=0 blocked=1 open=7 cash=3852.74 equity=9817.29
[SCAN] 2026-08-11T00:54:59+00:00 symbols=20 signals=0 entries=0 exits=0 blocked=1 open=7 cash=3852.74 equity=9826.19
[EXIT] 2026-08-11T00:59:59+00:00 ACTTRY reason=fixed_take_profit pnl=+8.28 cash=4289.10
[SCAN] 2026-08-11T00:59:59+00:00 symbols=20 signals=0 entries=0 exits=1 blocked=1 open=6 cash=4289.10 equity=9820.32
[SCAN] 2026-08-11T01:04:59+00:00 symbols=20 signals=0 entries=0 exits=0 blocked=1 open=6 cash=4289.10 equity=9817.55
[SCAN] 2026-08-11T01:09:59+00:00 symbols=20 signals=0 entries=0 exits=0 blocked=1 open=6 cash=4289.10 equity=9839.40
[EXIT] 2026-08-11T01:14:59+00:00 HEITRY reason=fixed_take_profit pnl=+16.94 cash=5181.85
[SCAN] 2026-08-11T01:14:59+00:00 symbols=20 signals=0 entries=0 exits=1 blocked=0 open=5 cash=5181.85 equity=9869.95
[SCAN] 2026-08-11T01:19:59+00:00 symbols=20 signals=0 entries=0 exits=0 blocked=0 open=5 cash=5181.85 equity=9869.46
[SCAN] 2026-08-11T01:24:59+00:00 symbols=20 signals=0 entries=0 exits=0 blocked=0 open=5 cash=5181.85 equity=9868.60
[SCAN] 2026-08-11T01:29:59+00:00 symbols=20 signals=0 entries=0 exits=0 blocked=0 open=5 cash=5181.85 equity=9861.61
[SIGNAL] 2026-08-11T01:29:59+00:00 MUBARAKTRY BUY fill_at=2026-08-11T01:34:59+00:00 features={"close": 0.975, "bb_lower": 0.9751330077347069, "bb_upper": 1.0375336589319601, "rsi": 34.01756626323291, "mfi": 58.88197643241153, "atr": 0.01435714285714283}
[ENTRY] 2026-08-11T01:34:59+00:00 MUBARAKTRY layer=1 value=517.41 entry=0.97573125 cash=4663.67
[SCAN] 2026-08-11T01:34:59+00:00 symbols=20 signals=1 entries=1 exits=0 blocked=0 open=6 cash=4663.67 equity=9853.05
[SIGNAL] 2026-08-11T01:34:59+00:00 MUBARAKTRY BUY fill_at=2026-08-11T01:39:59+00:00 features={"close": 0.967, "bb_lower": 0.9694737518490114, "bb_upper": 1.0401452957700368, "rsi": 31.946852739074544, "mfi": 54.070942977287025, "atr": 0.01435714285714283}
[ENTRY] 2026-08-11T01:39:59+00:00 MUBARAKTRY layer=2 value=465.67 entry=0.96572375 cash=4197.30
[SCAN] 2026-08-11T01:39:59+00:00 symbols=20 signals=1 entries=1 exits=0 blocked=0 open=6 cash=4197.30 equity=9833.73
[SIGNAL] 2026-08-11T01:39:59+00:00 MUBARAKTRY BUY fill_at=2026-08-11T01:44:59+00:00 features={"close": 0.952, "bb_lower": 0.9602752785395471, "bb_upper": 1.043724721460453, "rsi": 28.431420609695536, "mfi": 31.440682350391498, "atr": 0.014214285714285688}
[BLOCKED] MUBARAKTRY reason=max_layers
[SCAN] 2026-08-11T01:44:59+00:00 symbols=20 signals=1 entries=0 exits=0 blocked=3 open=6 cash=4197.30 equity=9828.40
[SIGNAL] 2026-08-11T01:44:59+00:00 MUBARAKTRY BUY fill_at=2026-08-11T01:49:59+00:00 features={"close": 0.945, "bb_lower": 0.950903716388225, "bb_upper": 1.0463343788498705, "rsi": 26.93309633178343, "mfi": 25.629046324842633, "atr": 0.01349999999999998}
[BLOCKED] MUBARAKTRY reason=max_layers
[SCAN] 2026-08-11T01:49:59+00:00 symbols=20 signals=1 entries=0 exits=0 blocked=4 open=6 cash=4197.30 equity=9826.55
[SCAN] 2026-08-11T01:54:59+00:00 symbols=20 signals=0 entries=0 exits=0 blocked=2 open=6 cash=4197.30 equity=9826.01
[SIGNAL] 2026-08-11T01:54:59+00:00 MUBARAKTRY BUY fill_at=2026-08-11T01:59:59+00:00 features={"close": 0.935, "bb_lower": 0.9360609965969875, "bb_upper": 1.0447009081649168, "rsi": 25.10405122091352, "mfi": 34.59115656412777, "atr": 0.013071428571428552}
[BLOCKED] MUBARAKTRY reason=max_layers
[SIGNAL] 2026-08-11T01:54:59+00:00 BBTRY BUY fill_at=2026-08-11T01:59:59+00:00 features={"close": 0.658, "bb_lower": 0.6580690114644834, "bb_upper": 0.6666928932974214, "rsi": 39.914563349931, "mfi": 37.901503128269425, "atr": 0.0023785714285714204}
[ENTRY] 2026-08-11T01:59:59+00:00 BBTRY layer=1 value=419.10 entry=0.65669215 cash=3777.57
[SCAN] 2026-08-11T01:59:59+00:00 symbols=20 signals=2 entries=1 exits=0 blocked=3 open=7 cash=3777.57 equity=9831.56
[EXIT] 2026-08-11T02:04:59+00:00 NIGHTTRY reason=bb_mfi_v3_signal_exit pnl=-2.58 cash=4736.90
[SIGNAL] 2026-08-11T01:59:59+00:00 THETRY BUY fill_at=2026-08-11T02:04:59+00:00 features={"close": 3.121, "bb_lower": 3.134008236554438, "bb_upper": 3.2047536682074655, "rsi": 38.143574261245874, "mfi": 46.58097815531031, "atr": 0.021142857142857192}
[ENTRY] 2026-08-11T02:04:59+00:00 THETRY layer=1 value=472.98 entry=3.13534975 cash=4263.21
[SCAN] 2026-08-11T02:04:59+00:00 symbols=20 signals=1 entries=1 exits=1 blocked=2 open=7 cash=4263.21 equity=9837.87
[SIGNAL] 2026-08-11T02:04:59+00:00 THETRY BUY fill_at=2026-08-11T02:09:59+00:00 features={"close": 3.118, "bb_lower": 3.125405436815031, "bb_upper": 3.2068802774706837, "rsi": 37.527080745397626, "mfi": 43.49396495750427, "atr": 0.02121428571428576}
[ENTRY] 2026-08-11T02:09:59+00:00 THETRY layer=2 value=425.68 entry=3.12033850 cash=3836.89
[SCAN] 2026-08-11T02:09:59+00:00 symbols=20 signals=1 entries=1 exits=0 blocked=1 open=7 cash=3836.89 equity=9822.60
[SIGNAL] 2026-08-11T02:09:59+00:00 THETRY BUY fill_at=2026-08-11T02:14:59+00:00 features={"close": 3.105, "bb_lower": 3.115181305115926, "bb_upper": 3.2118663139316945, "rsi": 34.8805630513113, "mfi": 36.80720386426346, "atr": 0.020714285714285716}
[BLOCKED] THETRY reason=max_layers
[SCAN] 2026-08-11T02:14:59+00:00 symbols=20 signals=1 entries=0 exits=0 blocked=2 open=7 cash=3836.89 equity=9784.38
[SIGNAL] 2026-08-11T02:14:59+00:00 BOMETRY BUY fill_at=2026-08-11T02:19:59+00:00 features={"close": 0.03721, "bb_lower": 0.037525718705127345, "bb_upper": 0.03916761462820598, "rsi": 26.834139490014806, "mfi": 43.693333640684536, "atr": 0.00033857142857142815}
[BLOCKED] BOMETRY reason=max_layers
[SIGNAL] 2026-08-11T02:14:59+00:00 THETRY BUY fill_at=2026-08-11T02:19:59+00:00 features={"close": 3.078, "bb_lower": 3.0987452817621857, "bb_upper": 3.2193499563330525, "rsi": 30.10379847295239, "mfi": 28.923889053329944, "atr": 0.021428571428571446}
[BLOCKED] THETRY reason=max_layers
[SCAN] 2026-08-11T02:19:59+00:00 symbols=20 signals=2 entries=0 exits=0 blocked=2 open=7 cash=3836.89 equity=9783.43
[SIGNAL] 2026-08-11T02:19:59+00:00 BOMETRY BUY fill_at=2026-08-11T02:24:59+00:00 features={"close": 0.03691, "bb_lower": 0.03725253171280412, "bb_upper": 0.03929794447767208, "rsi": 24.25412912427352, "mfi": 31.63213628916718, "atr": 0.00034071428571428545}
[BLOCKED] BOMETRY reason=max_layers
[SCAN] 2026-08-11T02:24:59+00:00 symbols=20 signals=1 entries=0 exits=0 blocked=3 open=7 cash=3836.89 equity=9797.38
[SIGNAL] 2026-08-11T02:24:59+00:00 BOMETRY BUY fill_at=2026-08-11T02:29:59+00:00 features={"close": 0.03676, "bb_lower": 0.037007630412376216, "bb_upper": 0.03942189339714759, "rsi": 23.053516058755008, "mfi": 27.8798599162223, "atr": 0.0003128571428571425}
[BLOCKED] BOMETRY reason=max_layers
[SCAN] 2026-08-11T02:29:59+00:00 symbols=20 signals=1 entries=0 exits=0 blocked=1 open=7 cash=3836.89 equity=9774.37
[SCAN] 2026-08-11T02:34:59+00:00 symbols=20 signals=0 entries=0 exits=0 blocked=1 open=7 cash=3836.89 equity=9762.53
[SIGNAL] 2026-08-11T02:34:59+00:00 PIXELTRY BUY fill_at=2026-08-11T02:39:59+00:00 features={"close": 0.213, "bb_lower": 0.2132620937382835, "bb_upper": 0.21626171578552608, "rsi": 20.833441609007906, "mfi": 0.00905862694719417, "atr": 0.00035714285714285747}
[ENTRY] 2026-08-11T02:39:59+00:00 PIXELTRY layer=2 value=383.11 entry=0.21315975 cash=3453.20
[SIGNAL] 2026-08-11T02:34:59+00:00 BBTRY BUY fill_at=2026-08-11T02:39:59+00:00 features={"close": 0.649, "bb_lower": 0.6521515756291564, "bb_upper": 0.668934138656558, "rsi": 27.20784385580835, "mfi": 23.376618377065185, "atr": 0.0021428571428571447}
[ENTRY] 2026-08-11T02:39:59+00:00 BBTRY layer=2 value=344.80 entry=0.65008720 cash=3107.88
[SCAN] 2026-08-11T02:39:59+00:00 symbols=20 signals=2 entries=2 exits=0 blocked=0 open=7 cash=3107.88 equity=9758.36
[SIGNAL] 2026-08-11T02:39:59+00:00 PIXELTRY BUY fill_at=2026-08-11T02:44:59+00:00 features={"close": 0.213, "bb_lower": 0.21304834071405046, "bb_upper": 0.21618975452404485, "rsi": 20.833441465713378, "mfi": 0.00905862694719417, "atr": 0.00035714285714285747}
[BLOCKED] PIXELTRY reason=max_layers
[SIGNAL] 2026-08-11T02:39:59+00:00 BBTRY BUY fill_at=2026-08-11T02:44:59+00:00 features={"close": 0.6494, "bb_lower": 0.6504614027527341, "bb_upper": 0.6690719305805993, "rsi": 28.505053646438157, "mfi": 18.9626276920512, "atr": 0.0020999999999999986}
[BLOCKED] BBTRY reason=max_layers
[SCAN] 2026-08-11T02:44:59+00:00 symbols=20 signals=2 entries=0 exits=0 blocked=2 open=7 cash=3107.88 equity=9753.48
[SCAN] 2026-08-11T02:49:59+00:00 symbols=20 signals=0 entries=0 exits=0 blocked=0 open=7 cash=3107.88 equity=9741.03
[SIGNAL] 2026-08-11T02:49:59+00:00 BBTRY BUY fill_at=2026-08-11T02:54:59+00:00 features={"close": 0.6464, "bb_lower": 0.6473203664625756, "bb_upper": 0.6687939192517104, "rsi": 24.640028652173356, "mfi": 11.92443469031545, "atr": 0.0020285714285714273}
[BLOCKED] BBTRY reason=max_layers
[SCAN] 2026-08-11T02:54:59+00:00 symbols=20 signals=1 entries=0 exits=0 blocked=1 open=7 cash=3107.88 equity=9739.54
[SCAN] 2026-08-11T02:59:59+00:00 symbols=20 signals=0 entries=0 exits=0 blocked=1 open=7 cash=3107.88 equity=9745.69
[SCAN] 2026-08-11T03:04:59+00:00 symbols=20 signals=0 entries=0 exits=0 blocked=1 open=7 cash=3107.88 equity=9738.81
[SIGNAL] 2026-08-11T03:04:59+00:00 PARTITRY BUY fill_at=2026-08-11T03:09:59+00:00 features={"close": 1.2, "bb_lower": 1.203496354280059, "bb_upper": 1.2269798361961315, "rsi": 26.788778470242647, "mfi": 39.533278257408476, "atr": 0.0021428571428571447}
[ENTRY] 2026-08-11T03:09:59+00:00 PARTITRY layer=1 value=310.32 entry=1.20090000 cash=2797.09
[SCAN] 2026-08-11T03:09:59+00:00 symbols=20 signals=1 entries=1 exits=0 blocked=0 open=8 cash=2797.09 equity=9739.30
[SCAN] 2026-08-11T03:14:59+00:00 symbols=20 signals=0 entries=0 exits=0 blocked=0 open=8 cash=2797.09 equity=9745.61
[SCAN] 2026-08-11T03:19:59+00:00 symbols=20 signals=0 entries=0 exits=0 blocked=1 open=8 cash=2797.09 equity=9750.25
[SIGNAL] 2026-08-11T03:19:59+00:00 TLMTRY BUY fill_at=2026-08-11T03:24:59+00:00 features={"close": 0.0765, "bb_lower": 0.0765549359882053, "bb_upper": 0.07736887353560422, "rsi": 42.79821293051127, "mfi": 39.08367918776806, "atr": 0.00021428571428571446}
[ENTRY] 2026-08-11T03:24:59+00:00 TLMTRY layer=1 value=279.29 entry=0.07655737 cash=2517.38
[SCAN] 2026-08-11T03:24:59+00:00 symbols=20 signals=1 entries=1 exits=0 blocked=0 open=9 cash=2517.38 equity=9732.77
[SIGNAL] 2026-08-11T03:24:59+00:00 TLMTRY BUY fill_at=2026-08-11T03:29:59+00:00 features={"close": 0.0765, "bb_lower": 0.07651325173777529, "bb_upper": 0.07739151016698662, "rsi": 42.79821296713084, "mfi": 51.74645937217349, "atr": 0.0001999999999999998}
[ENTRY] 2026-08-11T03:29:59+00:00 TLMTRY layer=2 value=251.36 entry=0.07705775 cash=2265.64
[SCAN] 2026-08-11T03:29:59+00:00 symbols=20 signals=1 entries=1 exits=0 blocked=2 open=9 cash=2265.64 equity=9729.37
[SCAN] 2026-08-11T03:34:59+00:00 symbols=20 signals=0 entries=0 exits=0 blocked=1 open=9 cash=2265.64 equity=9717.87
[SCAN] 2026-08-11T03:39:59+00:00 symbols=20 signals=0 entries=0 exits=0 blocked=2 open=9 cash=2265.64 equity=9732.81
[SIGNAL] 2026-08-11T03:39:59+00:00 TLMTRY BUY fill_at=2026-08-11T03:44:59+00:00 features={"close": 0.0764, "bb_lower": 0.07640040092146504, "bb_upper": 0.07736150384043973, "rsi": 43.21510934770853, "mfi": 32.74521051304923, "atr": 0.0002642857142857149}
[BLOCKED] TLMTRY reason=max_layers
[SCAN] 2026-08-11T03:44:59+00:00 symbols=20 signals=1 entries=0 exits=0 blocked=1 open=9 cash=2265.64 equity=9745.61
[EXIT] 2026-08-11T03:49:59+00:00 PARTITRY reason=fixed_take_profit pnl=+6.01 cash=2582.44
[SCAN] 2026-08-11T03:49:59+00:00 symbols=20 signals=0 entries=0 exits=1 blocked=1 open=8 cash=2582.44 equity=9759.73
[SCAN] 2026-08-11T03:54:59+00:00 symbols=20 signals=0 entries=0 exits=0 blocked=1 open=8 cash=2582.44 equity=9761.30
[SCAN] 2026-08-11T03:59:59+00:00 symbols=20 signals=0 entries=0 exits=0 blocked=1 open=8 cash=2582.44 equity=9761.49
[EXIT] 2026-08-11T04:04:59+00:00 ALICETRY reason=bb_mfi_v3_signal_exit pnl=-2.63 cash=3553.72
[SCAN] 2026-08-11T04:04:59+00:00 symbols=20 signals=0 entries=0 exits=1 blocked=0 open=7 cash=3553.72 equity=9738.30
[SIGNAL] 2026-08-11T04:04:59+00:00 PIXELTRY BUY fill_at=2026-08-11T04:09:59+00:00 features={"close": 0.212, "bb_lower": 0.21207637723550615, "bb_upper": 0.21401886085973199, "rsi": 31.342410061387255, "mfi": 26.076415874543713, "atr": 0.00042857142857142893}
[BLOCKED] PIXELTRY reason=max_layers
[SCAN] 2026-08-11T04:09:59+00:00 symbols=20 signals=1 entries=0 exits=0 blocked=1 open=7 cash=3553.72 equity=9742.76
[SIGNAL] 2026-08-11T04:09:59+00:00 CRVTRY BUY fill_at=2026-08-11T04:14:59+00:00 features={"close": 12.6, "bb_lower": 12.635347301157585, "bb_upper": 13.025605079794795, "rsi": 35.659820595435036, "mfi": 44.18516225939162, "atr": 0.09928571428571445}
[ENTRY] 2026-08-11T04:14:59+00:00 CRVTRY layer=1 value=354.84 entry=12.60945000 cash=3198.35
[SCAN] 2026-08-11T04:14:59+00:00 symbols=20 signals=1 entries=1 exits=0 blocked=0 open=8 cash=3198.35 equity=9752.93
[SIGNAL] 2026-08-11T04:14:59+00:00 CRVTRY BUY fill_at=2026-08-11T04:19:59+00:00 features={"close": 12.57, "bb_lower": 12.593297444990373, "bb_upper": 13.041940650247717, "rsi": 34.10898178310731, "mfi": 43.518632673453965, "atr": 0.0928571428571429}
[ENTRY] 2026-08-11T04:19:59+00:00 CRVTRY layer=2 value=319.36 entry=12.56942000 cash=2878.52
[SCAN] 2026-08-11T04:19:59+00:00 symbols=20 signals=1 entries=1 exits=0 blocked=0 open=8 cash=2878.52 equity=9755.32
[EXIT] 2026-08-11T04:24:59+00:00 CRVTRY reason=fixed_take_profit pnl=+13.06 cash=3566.78
[SCAN] 2026-08-11T04:24:59+00:00 symbols=20 signals=0 entries=0 exits=1 blocked=0 open=7 cash=3566.78 equity=9762.05
[SCAN] 2026-08-11T04:29:59+00:00 symbols=20 signals=0 entries=0 exits=0 blocked=0 open=7 cash=3566.78 equity=9729.63
[SCAN] 2026-08-11T04:34:59+00:00 symbols=20 signals=0 entries=0 exits=0 blocked=1 open=7 cash=3566.78 equity=9713.74
[SCAN] 2026-08-11T04:39:59+00:00 symbols=20 signals=0 entries=0 exits=0 blocked=3 open=7 cash=3566.78 equity=9727.06
[SCAN] 2026-08-11T04:44:59+00:00 symbols=20 signals=0 entries=0 exits=0 blocked=3 open=7 cash=3566.78 equity=9731.97
[SCAN] 2026-08-11T04:49:59+00:00 symbols=20 signals=0 entries=0 exits=0 blocked=2 open=7 cash=3566.78 equity=9724.51
[SCAN] 2026-08-11T04:54:59+00:00 symbols=20 signals=0 entries=0 exits=0 blocked=2 open=7 cash=3566.78 equity=9710.17
[SCAN] 2026-08-11T04:59:59+00:00 symbols=20 signals=0 entries=0 exits=0 blocked=1 open=7 cash=3566.78 equity=9687.14
[SIGNAL] 2026-08-11T04:59:59+00:00 HEITRY BUY fill_at=2026-08-11T05:04:59+00:00 features={"close": 7.249, "bb_lower": 7.278706016174997, "bb_upper": 7.800532079063098, "rsi": 35.555126718273485, "mfi": 35.188070269468156, "atr": 0.09892857142857135}
[ENTRY] 2026-08-11T05:04:59+00:00 HEITRY layer=1 value=356.14 entry=7.25243525 cash=3210.10
[EXIT] 2026-08-11T05:04:59+00:00 MUBARAKTRY reason=fixed_stop_loss pnl=-90.81 cash=4103.85
[SCAN] 2026-08-11T05:04:59+00:00 symbols=20 signals=1 entries=1 exits=1 blocked=3 open=7 cash=4103.85 equity=9684.33
[SCAN] 2026-08-11T05:09:59+00:00 symbols=20 signals=0 entries=0 exits=0 blocked=2 open=7 cash=4103.85 equity=9699.79
[SCAN] 2026-08-11T05:14:59+00:00 symbols=20 signals=0 entries=0 exits=0 blocked=0 open=7 cash=4103.85 equity=9713.03
[SCAN] 2026-08-11T05:19:59+00:00 symbols=20 signals=0 entries=0 exits=0 blocked=0 open=7 cash=4103.85 equity=9712.88
[SIGNAL] 2026-08-11T05:19:59+00:00 ACTTRY BUY fill_at=2026-08-11T05:24:59+00:00 features={"close": 0.5255, "bb_lower": 0.5288904339412852, "bb_upper": 0.5455286136777622, "rsi": 35.138517089712266, "mfi": 26.519646187676756, "atr": 0.0038071428571428423}
[ENTRY] 2026-08-11T05:24:59+00:00 ACTTRY layer=1 value=409.77 entry=0.52479330 cash=3693.47
[SCAN] 2026-08-11T05:24:59+00:00 symbols=20 signals=1 entries=1 exits=0 blocked=2 open=8 cash=3693.47 equity=9715.54
[SCAN] 2026-08-11T05:29:59+00:00 symbols=20 signals=0 entries=0 exits=0 blocked=2 open=8 cash=3693.47 equity=9707.75
[SIGNAL] 2026-08-11T05:29:59+00:00 ACTTRY BUY fill_at=2026-08-11T05:34:59+00:00 features={"close": 0.5266, "bb_lower": 0.5266614125964167, "bb_upper": 0.5465195397845356, "rsi": 38.496705966112486, "mfi": 40.6137455198534, "atr": 0.004185714285714269}
[ENTRY] 2026-08-11T05:34:59+00:00 ACTTRY layer=2 value=368.79 entry=0.52749533 cash=3324.12
[SCAN] 2026-08-11T05:34:59+00:00 symbols=20 signals=1 entries=1 exits=0 blocked=2 open=8 cash=3324.12 equity=9679.66
[SIGNAL] 2026-08-11T05:34:59+00:00 ACTTRY BUY fill_at=2026-08-11T05:39:59+00:00 features={"close": 0.5206, "bb_lower": 0.5237691623039684, "bb_upper": 0.5475451234103172, "rsi": 32.0195286637795, "mfi": 36.6466555981904, "atr": 0.00453571428571427}
[BLOCKED] ACTTRY reason=max_layers
[SCAN] 2026-08-11T05:39:59+00:00 symbols=20 signals=1 entries=0 exits=0 blocked=3 open=8 cash=3324.12 equity=9676.31
[SIGNAL] 2026-08-11T05:39:59+00:00 ACTTRY BUY fill_at=2026-08-11T05:44:59+00:00 features={"close": 0.5185, "bb_lower": 0.5209585564645984, "bb_upper": 0.5480985863925443, "rsi": 30.099317413434633, "mfi": 36.24059269282264, "atr": 0.004714285714285703}
[BLOCKED] ACTTRY reason=max_layers
[SCAN] 2026-08-11T05:44:59+00:00 symbols=20 signals=1 entries=0 exits=0 blocked=2 open=8 cash=3324.12 equity=9680.96
[SIGNAL] 2026-08-11T05:44:59+00:00 ACTTRY BUY fill_at=2026-08-11T05:49:59+00:00 features={"close": 0.5176, "bb_lower": 0.5184836937816114, "bb_upper": 0.5481924966945789, "rsi": 29.28395784080243, "mfi": 30.57681878940639, "atr": 0.004564285714285711}
[BLOCKED] ACTTRY reason=max_layers
[SCAN] 2026-08-11T05:49:59+00:00 symbols=20 signals=1 entries=0 exits=0 blocked=1 open=8 cash=3324.12 equity=9666.10
[SIGNAL] 2026-08-11T05:49:59+00:00 ACTTRY BUY fill_at=2026-08-11T05:54:59+00:00 features={"close": 0.514, "bb_lower": 0.5155794572717705, "bb_upper": 0.5484014951091818, "rsi": 26.20756822322761, "mfi": 34.977126674025996, "atr": 0.004935714285714281}
[BLOCKED] ACTTRY reason=max_layers
[SCAN] 2026-08-11T05:54:59+00:00 symbols=20 signals=1 entries=0 exits=0 blocked=1 open=8 cash=3324.12 equity=9664.97
[SCAN] 2026-08-11T05:59:59+00:00 symbols=20 signals=0 entries=0 exits=0 blocked=0 open=8 cash=3324.12 equity=9651.62
[SIGNAL] 2026-08-11T05:59:59+00:00 WLDTRY BUY fill_at=2026-08-11T06:04:59+00:00 features={"close": 15.86, "bb_lower": 15.865147186257614, "bb_upper": 16.034852813742386, "rsi": 33.2661197914133, "mfi": 40.376832912313176, "atr": 0.04071428571428586}
[ENTRY] 2026-08-11T06:04:59+00:00 WLDTRY layer=1 value=331.91 entry=15.88190250 cash=2991.71
[SIGNAL] 2026-08-11T05:59:59+00:00 CRVTRY BUY fill_at=2026-08-11T06:04:59+00:00 features={"close": 12.57, "bb_lower": 12.591552978658076, "bb_upper": 12.890351783246686, "rsi": 34.6062646975209, "mfi": 34.08426855393854, "atr": 0.06785714285714269}
[ENTRY] 2026-08-11T06:04:59+00:00 CRVTRY layer=1 value=298.72 entry=12.56942000 cash=2692.54
[SIGNAL] 2026-08-11T05:59:59+00:00 THETRY BUY fill_at=2026-08-11T06:04:59+00:00 features={"close": 3.045, "bb_lower": 3.053020313432897, "bb_upper": 3.1306939722813873, "rsi": 36.958235528800614, "mfi": 34.12884734292582, "atr": 0.0203571428571429}
[BLOCKED] THETRY reason=max_layers
[SCAN] 2026-08-11T06:04:59+00:00 symbols=20 signals=3 entries=2 exits=0 blocked=2 open=10 cash=2692.54 equity=9618.68
[SIGNAL] 2026-08-11T06:04:59+00:00 WLDTRY BUY fill_at=2026-08-11T06:09:59+00:00 features={"close": 15.84, "bb_lower": 15.848010327584582, "bb_upper": 16.0377039581297, "rsi": 31.038971169249535, "mfi": 36.016240059629475, "atr": 0.04142857142857143}
[ENTRY] 2026-08-11T06:09:59+00:00 WLDTRY layer=2 value=268.85 entry=15.85188000 cash=2423.28
[SIGNAL] 2026-08-11T06:04:59+00:00 THETRY BUY fill_at=2026-08-11T06:09:59+00:00 features={"close": 3.024, "bb_lower": 3.0411893165702693, "bb_upper": 3.133096397715445, "rsi": 33.318411705996155, "mfi": 34.32117604330931, "atr": 0.02185714285714289}
[BLOCKED] THETRY reason=max_layers
[SIGNAL] 2026-08-11T06:04:59+00:00 TLMTRY BUY fill_at=2026-08-11T06:09:59+00:00 features={"close": 0.0758, "bb_lower": 0.07588288156355057, "bb_upper": 0.07677426129359229, "rsi": 37.1029967412867, "mfi": 34.23410987618392, "atr": 0.0002499999999999982}
[BLOCKED] TLMTRY reason=max_layers
[SIGNAL] 2026-08-11T06:04:59+00:00 BBTRY BUY fill_at=2026-08-11T06:09:59+00:00 features={"close": 0.6286, "bb_lower": 0.6354969863857457, "bb_upper": 0.6488934898047306, "rsi": 22.062661097852626, "mfi": 14.05157493618934, "atr": 0.002514285714285723}
[BLOCKED] BBTRY reason=max_layers
[SCAN] 2026-08-11T06:09:59+00:00 symbols=20 signals=4 entries=1 exits=0 blocked=4 open=10 cash=2423.28 equity=9613.37
[SIGNAL] 2026-08-11T06:09:59+00:00 THETRY BUY fill_at=2026-08-11T06:14:59+00:00 features={"close": 3.019, "bb_lower": 3.030786823642685, "bb_upper": 3.1334988906430286, "rsi": 32.492997913366324, "mfi": 35.48770142496765, "atr": 0.021357142857142884}
[BLOCKED] THETRY reason=max_layers
[SIGNAL] 2026-08-11T06:09:59+00:00 ACTTRY BUY fill_at=2026-08-11T06:14:59+00:00 features={"close": 0.503, "bb_lower": 0.5051089604833426, "bb_upper": 0.5475767538023716, "rsi": 22.80358469845062, "mfi": 18.367907310201616, "atr": 0.005950000000000003}
[BLOCKED] ACTTRY reason=max_layers
[SIGNAL] 2026-08-11T06:09:59+00:00 BBTRY BUY fill_at=2026-08-11T06:14:59+00:00 features={"close": 0.6298, "bb_lower": 0.6331234104300258, "bb_upper": 0.6497146848080695, "rsi": 25.543108504152443, "mfi": 12.422715248197278, "atr": 0.002492857142857146}
[BLOCKED] BBTRY reason=max_layers
[SCAN] 2026-08-11T06:14:59+00:00 symbols=20 signals=3 entries=0 exits=0 blocked=4 open=10 cash=2423.28 equity=9628.72
[SIGNAL] 2026-08-11T06:14:59+00:00 THETRY BUY fill_at=2026-08-11T06:19:59+00:00 features={"close": 3.015, "bb_lower": 3.020133519303332, "bb_upper": 3.1376760045061913, "rsi": 31.810024845010503, "mfi": 30.27131168834775, "atr": 0.02235714285714287}
[BLOCKED] THETRY reason=max_layers
[SIGNAL] 2026-08-11T06:14:59+00:00 TLMTRY BUY fill_at=2026-08-11T06:19:59+00:00 features={"close": 0.0758, "bb_lower": 0.07582327814268, "bb_upper": 0.07680529328589145, "rsi": 38.047463512126996, "mfi": 31.82837604649805, "atr": 0.00024999999999999724}
[BLOCKED] TLMTRY reason=max_layers
[SCAN] 2026-08-11T06:19:59+00:00 symbols=20 signals=2 entries=0 exits=0 blocked=2 open=10 cash=2423.28 equity=9596.86
[SIGNAL] 2026-08-11T06:19:59+00:00 THETRY BUY fill_at=2026-08-11T06:24:59+00:00 features={"close": 2.978, "bb_lower": 3.0011116538544504, "bb_upper": 3.14641215566936, "rsi": 26.275623737159137, "mfi": 24.986381414801684, "atr": 0.023428571428571448}
[BLOCKED] THETRY reason=max_layers
[SIGNAL] 2026-08-11T06:19:59+00:00 TLMTRY BUY fill_at=2026-08-11T06:24:59+00:00 features={"close": 0.0756, "bb_lower": 0.07570907140940114, "bb_upper": 0.07686235716202747, "rsi": 34.66263521269238, "mfi": 28.05265539160264, "atr": 0.00024285714285714088}
[BLOCKED] TLMTRY reason=max_layers
[SCAN] 2026-08-11T06:24:59+00:00 symbols=20 signals=2 entries=0 exits=0 blocked=4 open=10 cash=2423.28 equity=9593.00
[SIGNAL] 2026-08-11T06:24:59+00:00 THETRY BUY fill_at=2026-08-11T06:29:59+00:00 features={"close": 2.962, "bb_lower": 2.9813059599952925, "bb_upper": 3.1542178495285174, "rsi": 24.295413566603045, "mfi": 18.12861870549216, "atr": 0.02385714285714286}
[BLOCKED] THETRY reason=max_layers
[SCAN] 2026-08-11T06:29:59+00:00 symbols=20 signals=1 entries=0 exits=0 blocked=4 open=10 cash=2423.28 equity=9586.01
[SCAN] 2026-08-11T06:34:59+00:00 symbols=20 signals=0 entries=0 exits=0 blocked=2 open=10 cash=2423.28 equity=9598.67
[SCAN] 2026-08-11T06:39:59+00:00 symbols=20 signals=0 entries=0 exits=0 blocked=1 open=10 cash=2423.28 equity=9601.89
[SCAN] 2026-08-11T06:44:59+00:00 symbols=20 signals=0 entries=0 exits=0 blocked=0 open=10 cash=2423.28 equity=9602.44
[SCAN] 2026-08-11T06:49:59+00:00 symbols=20 signals=0 entries=0 exits=0 blocked=0 open=10 cash=2423.28 equity=9586.25
[SCAN] 2026-08-11T06:54:59+00:00 symbols=20 signals=0 entries=0 exits=0 blocked=1 open=10 cash=2423.28 equity=9572.27
[EXIT] 2026-08-11T06:59:59+00:00 PIXELTRY reason=bb_mfi_v3_signal_exit pnl=+0.17 cash=3357.83
[SCAN] 2026-08-11T06:59:59+00:00 symbols=20 signals=0 entries=0 exits=1 blocked=0 open=9 cash=3357.83 equity=9572.81
[SCAN] 2026-08-11T07:04:59+00:00 symbols=20 signals=0 entries=0 exits=0 blocked=1 open=9 cash=3357.83 equity=9557.91
[SCAN] 2026-08-11T07:09:59+00:00 symbols=20 signals=0 entries=0 exits=0 blocked=0 open=9 cash=3357.83 equity=9554.97
[SCAN] 2026-08-11T07:14:59+00:00 symbols=20 signals=0 entries=0 exits=0 blocked=2 open=9 cash=3357.83 equity=9540.37
[SCAN] 2026-08-11T07:19:59+00:00 symbols=20 signals=0 entries=0 exits=0 blocked=2 open=9 cash=3357.83 equity=9531.11
[SIGNAL] 2026-08-11T07:19:59+00:00 CRVTRY BUY fill_at=2026-08-11T07:24:59+00:00 features={"close": 12.41, "bb_lower": 12.415720961427482, "bb_upper": 12.721421895715373, "rsi": 31.987533807554186, "mfi": 36.4558938786679, "atr": 0.06714285714285737}
[ENTRY] 2026-08-11T07:24:59+00:00 CRVTRY layer=2 value=335.28 entry=12.39929250 cash=3022.05
[SCAN] 2026-08-11T07:24:59+00:00 symbols=20 signals=1 entries=1 exits=0 blocked=2 open=9 cash=3022.05 equity=9520.15
[SIGNAL] 2026-08-11T07:24:59+00:00 CRVTRY BUY fill_at=2026-08-11T07:29:59+00:00 features={"close": 12.41, "bb_lower": 12.410265508854854, "bb_upper": 12.693544014954666, "rsi": 31.9875338310883, "mfi": 25.662328188707377, "atr": 0.07000000000000016}
[BLOCKED] CRVTRY reason=max_layers
[EXIT] 2026-08-11T07:29:59+00:00 THETRY reason=fixed_stop_loss pnl=-83.01 cash=3839.05
[SCAN] 2026-08-11T07:29:59+00:00 symbols=20 signals=1 entries=0 exits=1 blocked=2 open=8 cash=3839.05 equity=9504.19
[SCAN] 2026-08-11T07:34:59+00:00 symbols=20 signals=0 entries=0 exits=0 blocked=2 open=8 cash=3839.05 equity=9513.35
[SCAN] 2026-08-11T07:39:59+00:00 symbols=20 signals=0 entries=0 exits=0 blocked=0 open=8 cash=3839.05 equity=9534.98
[SCAN] 2026-08-11T07:44:59+00:00 symbols=20 signals=0 entries=0 exits=0 blocked=2 open=8 cash=3839.05 equity=9541.25
[SIGNAL] 2026-08-11T07:44:59+00:00 AEVOTRY BUY fill_at=2026-08-11T07:49:59+00:00 features={"close": 0.991, "bb_lower": 0.9947757023738999, "bb_upper": 1.0092242976261, "rsi": 32.38800039016628, "mfi": 10.878083850967556, "atr": 0.0024999999999999944}
[ENTRY] 2026-08-11T07:49:59+00:00 AEVOTRY layer=1 value=383.33 entry=0.99174325 cash=3455.14
[EXIT] 2026-08-11T07:49:59+00:00 HEITRY reason=fixed_take_profit pnl=+6.90 cash=3818.72
[SCAN] 2026-08-11T07:49:59+00:00 symbols=20 signals=1 entries=1 exits=1 blocked=1 open=8 cash=3818.72 equity=9546.28
[SIGNAL] 2026-08-11T07:49:59+00:00 AEVOTRY BUY fill_at=2026-08-11T07:54:59+00:00 features={"close": 0.991, "bb_lower": 0.9928630304021487, "bb_upper": 1.0098036362645175, "rsi": 32.38800040036534, "mfi": 0.9953152652642103, "atr": 0.0024285714285714227}
[ENTRY] 2026-08-11T07:54:59+00:00 AEVOTRY layer=2 value=381.30 entry=0.99074250 cash=3436.85
[SCAN] 2026-08-11T07:54:59+00:00 symbols=20 signals=1 entries=1 exits=0 blocked=1 open=8 cash=3436.85 equity=9541.11
[SIGNAL] 2026-08-11T07:54:59+00:00 AEVOTRY BUY fill_at=2026-08-11T07:59:59+00:00 features={"close": 0.991, "bb_lower": 0.9913510547613692, "bb_upper": 1.009887040476726, "rsi": 32.38800039764806, "mfi": 0.9840377849758681, "atr": 0.0025714285714285657}
[BLOCKED] AEVOTRY reason=max_layers
[SCAN] 2026-08-11T07:59:59+00:00 symbols=20 signals=1 entries=0 exits=0 blocked=1 open=8 cash=3436.85 equity=9535.65
[SCAN] 2026-08-11T08:04:59+00:00 symbols=20 signals=0 entries=0 exits=0 blocked=0 open=8 cash=3436.85 equity=9542.60
[SCAN] 2026-08-11T08:09:59+00:00 symbols=20 signals=0 entries=0 exits=0 blocked=0 open=8 cash=3436.85 equity=9547.72
[SCAN] 2026-08-11T08:14:59+00:00 symbols=20 signals=0 entries=0 exits=0 blocked=0 open=8 cash=3436.85 equity=9543.47
[SCAN] 2026-08-11T08:19:59+00:00 symbols=20 signals=0 entries=0 exits=0 blocked=0 open=8 cash=3436.85 equity=9539.13
[SCAN] 2026-08-11T08:24:59+00:00 symbols=20 signals=0 entries=0 exits=0 blocked=1 open=8 cash=3436.85 equity=9543.98
[SCAN] 2026-08-11T08:29:59+00:00 symbols=20 signals=0 entries=0 exits=0 blocked=2 open=8 cash=3436.85 equity=9535.81
[SIGNAL] 2026-08-11T08:29:59+00:00 NILTRY BUY fill_at=2026-08-11T08:34:59+00:00 features={"close": 1.799, "bb_lower": 1.8085837258306996, "bb_upper": 1.86094008369311, "rsi": 37.194956302856994, "mfi": 17.385205462793436, "atr": 0.01857142857142859}
[ENTRY] 2026-08-11T08:34:59+00:00 NILTRY layer=1 value=343.17 entry=1.79934850 cash=3093.16
[SCAN] 2026-08-11T08:34:59+00:00 symbols=20 signals=1 entries=1 exits=0 blocked=0 open=9 cash=3093.16 equity=9542.90
[SIGNAL] 2026-08-11T08:34:59+00:00 NILTRY BUY fill_at=2026-08-11T08:39:59+00:00 features={"close": 1.785, "bb_lower": 1.798740366562963, "bb_upper": 1.864878681056084, "rsi": 33.83231118225754, "mfi": 14.898662937590217, "atr": 0.018928571428571437}
[ENTRY] 2026-08-11T08:39:59+00:00 NILTRY layer=2 value=308.85 entry=1.78934100 cash=2783.85
[SCAN] 2026-08-11T08:39:59+00:00 symbols=20 signals=1 entries=1 exits=0 blocked=0 open=9 cash=2783.85 equity=9545.58
[SIGNAL] 2026-08-11T08:39:59+00:00 NILTRY BUY fill_at=2026-08-11T08:44:59+00:00 features={"close": 1.791, "bb_lower": 1.792374847876491, "bb_upper": 1.8666727711711277, "rsi": 36.497765900957205, "mfi": 21.974062099153002, "atr": 0.018642857142857152}
[BLOCKED] NILTRY reason=max_layers
[SCAN] 2026-08-11T08:44:59+00:00 symbols=20 signals=1 entries=0 exits=0 blocked=1 open=9 cash=2783.85 equity=9555.19
[SCAN] 2026-08-11T08:49:59+00:00 symbols=20 signals=0 entries=0 exits=0 blocked=0 open=9 cash=2783.85 equity=9557.79
[EXIT] 2026-08-11T08:54:59+00:00 TURBOTRY reason=bb_mfi_v3_signal_exit pnl=-18.56 cash=3869.37
[SCAN] 2026-08-11T08:54:59+00:00 symbols=20 signals=0 entries=0 exits=1 blocked=0 open=8 cash=3869.37 equity=9562.46
[SCAN] 2026-08-11T08:59:59+00:00 symbols=20 signals=0 entries=0 exits=0 blocked=1 open=8 cash=3869.37 equity=9567.07
[SCAN] 2026-08-11T09:04:59+00:00 symbols=20 signals=0 entries=0 exits=0 blocked=1 open=8 cash=3869.37 equity=9575.73
[SCAN] 2026-08-11T09:09:59+00:00 symbols=20 signals=0 entries=0 exits=0 blocked=0 open=8 cash=3869.37 equity=9566.45
[SCAN] 2026-08-11T09:14:59+00:00 symbols=20 signals=0 entries=0 exits=0 blocked=0 open=8 cash=3869.37 equity=9576.30
[SCAN] 2026-08-11T09:19:59+00:00 symbols=20 signals=0 entries=0 exits=0 blocked=0 open=8 cash=3869.37 equity=9576.18
[SCAN] 2026-08-11T09:24:59+00:00 symbols=20 signals=0 entries=0 exits=0 blocked=1 open=8 cash=3869.37 equity=9572.97
[SCAN] 2026-08-11T09:29:59+00:00 symbols=20 signals=0 entries=0 exits=0 blocked=0 open=8 cash=3869.37 equity=9573.44
[SCAN] 2026-08-11T09:34:59+00:00 symbols=20 signals=0 entries=0 exits=0 blocked=0 open=8 cash=3869.37 equity=9582.49
[SCAN] 2026-08-11T09:39:59+00:00 symbols=20 signals=0 entries=0 exits=0 blocked=0 open=8 cash=3869.37 equity=9583.66
[EXIT] 2026-08-11T09:44:59+00:00 CRVTRY reason=bb_mfi_v3_signal_exit pnl=+8.83 cash=4513.15
[SIGNAL] 2026-08-11T09:39:59+00:00 AEVOTRY BUY fill_at=2026-08-11T09:44:59+00:00 features={"close": 0.988, "bb_lower": 0.9888982978287575, "bb_upper": 1.0043397974093375, "rsi": 30.80207385853923, "mfi": 10.543922970239805, "atr": 0.0019285714285714381}
[BLOCKED] AEVOTRY reason=max_layers
[SCAN] 2026-08-11T09:44:59+00:00 symbols=20 signals=1 entries=0 exits=1 blocked=2 open=7 cash=4513.15 equity=9582.60
[SCAN] 2026-08-11T09:49:59+00:00 symbols=20 signals=0 entries=0 exits=0 blocked=2 open=7 cash=4513.15 equity=9581.33
[SIGNAL] 2026-08-11T09:49:59+00:00 RETRY BUY fill_at=2026-08-11T09:54:59+00:00 features={"close": 19.96, "bb_lower": 20.083489654847117, "bb_upper": 20.920319868962405, "rsi": 33.8254138195809, "mfi": 51.1946871831443, "atr": 0.20000000000000032}
[ENTRY] 2026-08-11T09:54:59+00:00 RETRY layer=1 value=450.64 entry=19.99498500 cash=4061.84
[SCAN] 2026-08-11T09:54:59+00:00 symbols=20 signals=1 entries=1 exits=0 blocked=0 open=8 cash=4061.84 equity=9573.74
[SIGNAL] 2026-08-11T09:54:59+00:00 RETRY BUY fill_at=2026-08-11T09:59:59+00:00 features={"close": 19.88, "bb_lower": 19.9903587750342, "bb_upper": 20.971545986870556, "rsi": 32.03562596929679, "mfi": 46.79580592553467, "atr": 0.20714285714285754}
[ENTRY] 2026-08-11T09:59:59+00:00 RETRY layer=2 value=405.58 entry=19.90491750 cash=3655.66
[SCAN] 2026-08-11T09:59:59+00:00 symbols=20 signals=1 entries=1 exits=0 blocked=0 open=8 cash=3655.66 equity=9574.69
[SCAN] 2026-08-11T10:04:59+00:00 symbols=20 signals=0 entries=0 exits=0 blocked=1 open=8 cash=3655.66 equity=9592.32
[EXIT] 2026-08-11T10:09:59+00:00 BOMETRY reason=bb_mfi_v3_signal_exit pnl=-50.28 cash=4721.09
[SIGNAL] 2026-08-11T10:04:59+00:00 HEITRY BUY fill_at=2026-08-11T10:09:59+00:00 features={"close": 7.849, "bb_lower": 7.889491493912286, "bb_upper": 8.827270410849616, "rsi": 40.434451598720955, "mfi": 34.05804500521779, "atr": 0.27207142857142846}
[ENTRY] 2026-08-11T10:09:59+00:00 HEITRY layer=1 value=471.40 entry=7.86789650 cash=4248.98
[SCAN] 2026-08-11T10:09:59+00:00 symbols=20 signals=1 entries=1 exits=1 blocked=2 open=8 cash=4248.98 equity=9588.66
[EXIT] 2026-08-11T10:14:59+00:00 NILTRY reason=fixed_take_profit pnl=+12.63 cash=4914.61
[EXIT] 2026-08-11T10:14:59+00:00 HEITRY reason=fixed_take_profit pnl=+9.13 cash=5395.85
[SCAN] 2026-08-11T10:14:59+00:00 symbols=20 signals=0 entries=0 exits=2 blocked=0 open=6 cash=5395.85 equity=9612.95
[SCAN] 2026-08-11T10:19:59+00:00 symbols=20 signals=0 entries=0 exits=0 blocked=3 open=6 cash=5395.85 equity=9612.21
[SCAN] 2026-08-11T10:24:59+00:00 symbols=20 signals=0 entries=0 exits=0 blocked=2 open=6 cash=5395.85 equity=9601.98
[SCAN] 2026-08-11T10:29:59+00:00 symbols=20 signals=0 entries=0 exits=0 blocked=4 open=6 cash=5395.85 equity=9608.79
[SIGNAL] 2026-08-11T10:29:59+00:00 TLMTRY BUY fill_at=2026-08-11T10:34:59+00:00 features={"close": 0.0748, "bb_lower": 0.07483996927892175, "bb_upper": 0.07590288786393537, "rsi": 32.34793163210168, "mfi": 56.13474304954331, "atr": 0.0001785714285714297}
[BLOCKED] TLMTRY reason=max_layers
[SCAN] 2026-08-11T10:34:59+00:00 symbols=20 signals=1 entries=0 exits=0 blocked=1 open=6 cash=5395.85 equity=9615.24
[SCAN] 2026-08-11T10:39:59+00:00 symbols=20 signals=0 entries=0 exits=0 blocked=0 open=6 cash=5395.85 equity=9623.78
[SCAN] 2026-08-11T10:44:59+00:00 symbols=20 signals=0 entries=0 exits=0 blocked=0 open=6 cash=5395.85 equity=9618.40
[SCAN] 2026-08-11T10:49:59+00:00 symbols=20 signals=0 entries=0 exits=0 blocked=1 open=6 cash=5395.85 equity=9617.62
[SCAN] 2026-08-11T10:54:59+00:00 symbols=20 signals=0 entries=0 exits=0 blocked=0 open=6 cash=5395.85 equity=9616.04
[SCAN] 2026-08-11T10:59:59+00:00 symbols=20 signals=0 entries=0 exits=0 blocked=0 open=6 cash=5395.85 equity=9605.86
[SCAN] 2026-08-11T11:04:59+00:00 symbols=20 signals=0 entries=0 exits=0 blocked=0 open=6 cash=5395.85 equity=9622.21
[SCAN] 2026-08-11T11:09:59+00:00 symbols=20 signals=0 entries=0 exits=0 blocked=1 open=6 cash=5395.85 equity=9621.56
[SCAN] 2026-08-11T11:14:59+00:00 symbols=20 signals=0 entries=0 exits=0 blocked=0 open=6 cash=5395.85 equity=9624.64
[EXIT] 2026-08-11T11:19:59+00:00 ACTTRY reason=bb_mfi_v3_signal_exit pnl=-16.46 cash=6159.12
[SCAN] 2026-08-11T11:19:59+00:00 symbols=20 signals=0 entries=0 exits=1 blocked=0 open=5 cash=6159.12 equity=9623.78
[SCAN] 2026-08-11T11:24:59+00:00 symbols=20 signals=0 entries=0 exits=0 blocked=0 open=5 cash=6159.12 equity=9631.92
[SCAN] 2026-08-11T11:29:59+00:00 symbols=20 signals=0 entries=0 exits=0 blocked=0 open=5 cash=6159.12 equity=9630.40
[SCAN] 2026-08-11T11:34:59+00:00 symbols=20 signals=0 entries=0 exits=0 blocked=0 open=5 cash=6159.12 equity=9624.99
[SCAN] 2026-08-11T11:39:59+00:00 symbols=20 signals=0 entries=0 exits=0 blocked=0 open=5 cash=6159.12 equity=9623.49
[SCAN] 2026-08-11T11:44:59+00:00 symbols=20 signals=0 entries=0 exits=0 blocked=0 open=5 cash=6159.12 equity=9634.07
[SCAN] 2026-08-11T11:49:59+00:00 symbols=20 signals=0 entries=0 exits=0 blocked=1 open=5 cash=6159.12 equity=9634.57
[SCAN] 2026-08-11T11:54:59+00:00 symbols=20 signals=0 entries=0 exits=0 blocked=2 open=5 cash=6159.12 equity=9637.08
[SCAN] 2026-08-11T11:59:59+00:00 symbols=20 signals=0 entries=0 exits=0 blocked=2 open=5 cash=6159.12 equity=9633.49
[SCAN] 2026-08-11T12:04:59+00:00 symbols=20 signals=0 entries=0 exits=0 blocked=0 open=5 cash=6159.12 equity=9633.45
[SCAN] 2026-08-11T12:09:59+00:00 symbols=20 signals=0 entries=0 exits=0 blocked=2 open=5 cash=6159.12 equity=9631.41
[SCAN] 2026-08-11T12:14:59+00:00 symbols=20 signals=0 entries=0 exits=0 blocked=0 open=5 cash=6159.12 equity=9635.72
[SCAN] 2026-08-11T12:19:59+00:00 symbols=20 signals=0 entries=0 exits=0 blocked=1 open=5 cash=6159.12 equity=9632.23
[SCAN] 2026-08-11T12:24:59+00:00 symbols=20 signals=0 entries=0 exits=0 blocked=0 open=5 cash=6159.12 equity=9632.17
[SCAN] 2026-08-11T12:29:59+00:00 symbols=20 signals=0 entries=0 exits=0 blocked=0 open=5 cash=6159.12 equity=9636.22
[SCAN] 2026-08-11T12:34:59+00:00 symbols=20 signals=0 entries=0 exits=0 blocked=2 open=5 cash=6159.12 equity=9637.32
[SCAN] 2026-08-11T12:39:59+00:00 symbols=20 signals=0 entries=0 exits=0 blocked=1 open=5 cash=6159.12 equity=9642.68
[SCAN] 2026-08-11T12:44:59+00:00 symbols=20 signals=0 entries=0 exits=0 blocked=0 open=5 cash=6159.12 equity=9643.16
[SCAN] 2026-08-11T12:49:59+00:00 symbols=20 signals=0 entries=0 exits=0 blocked=0 open=5 cash=6159.12 equity=9636.98
[SCAN] 2026-08-11T12:54:59+00:00 symbols=20 signals=0 entries=0 exits=0 blocked=1 open=5 cash=6159.12 equity=9642.50
[SCAN] 2026-08-11T12:59:59+00:00 symbols=20 signals=0 entries=0 exits=0 blocked=0 open=5 cash=6159.12 equity=9634.46
[SCAN] 2026-08-11T13:04:59+00:00 symbols=20 signals=0 entries=0 exits=0 blocked=1 open=5 cash=6159.12 equity=9639.83
[SCAN] 2026-08-11T13:09:59+00:00 symbols=20 signals=0 entries=0 exits=0 blocked=1 open=5 cash=6159.12 equity=9637.78
[SCAN] 2026-08-11T13:14:59+00:00 symbols=20 signals=0 entries=0 exits=0 blocked=0 open=5 cash=6159.12 equity=9635.74
[SCAN] 2026-08-11T13:19:59+00:00 symbols=20 signals=0 entries=0 exits=0 blocked=0 open=5 cash=6159.12 equity=9633.45
[SCAN] 2026-08-11T13:24:59+00:00 symbols=20 signals=0 entries=0 exits=0 blocked=0 open=5 cash=6159.12 equity=9629.82
[SCAN] 2026-08-11T13:29:59+00:00 symbols=20 signals=0 entries=0 exits=0 blocked=0 open=5 cash=6159.12 equity=9626.84
[SCAN] 2026-08-11T13:34:59+00:00 symbols=20 signals=0 entries=0 exits=0 blocked=1 open=5 cash=6159.12 equity=9635.87
[SCAN] 2026-08-11T13:39:59+00:00 symbols=20 signals=0 entries=0 exits=0 blocked=1 open=5 cash=6159.12 equity=9633.91
[SCAN] 2026-08-11T13:44:59+00:00 symbols=20 signals=0 entries=0 exits=0 blocked=2 open=5 cash=6159.12 equity=9639.66
[SCAN] 2026-08-11T13:49:59+00:00 symbols=20 signals=0 entries=0 exits=0 blocked=1 open=5 cash=6159.12 equity=9632.26
[SCAN] 2026-08-11T13:54:59+00:00 symbols=20 signals=0 entries=0 exits=0 blocked=1 open=5 cash=6159.12 equity=9630.98
[SCAN] 2026-08-11T13:59:59+00:00 symbols=20 signals=0 entries=0 exits=0 blocked=1 open=5 cash=6159.12 equity=9634.57
[EXIT] 2026-08-11T14:04:59+00:00 BBTRY reason=bb_mfi_v3_signal_exit pnl=-27.23 cash=6896.95
[SCAN] 2026-08-11T14:04:59+00:00 symbols=20 signals=0 entries=0 exits=1 blocked=1 open=4 cash=6896.95 equity=9634.11
[SCAN] 2026-08-11T14:09:59+00:00 symbols=20 signals=0 entries=0 exits=0 blocked=1 open=4 cash=6896.95 equity=9630.45
[SCAN] 2026-08-11T14:14:59+00:00 symbols=20 signals=0 entries=0 exits=0 blocked=1 open=4 cash=6896.95 equity=9626.79
[SIGNAL] 2026-08-11T14:14:59+00:00 PIXELTRY BUY fill_at=2026-08-11T14:19:59+00:00 features={"close": 0.217, "bb_lower": 0.21723018609775285, "bb_upper": 0.21953171866415183, "rsi": 38.18438734808785, "mfi": 46.93920371466822, "atr": 0.0006428571428571435}
[ENTRY] 2026-08-11T14:19:59+00:00 PIXELTRY layer=1 value=688.66 entry=0.21716275 cash=6207.25
[SCAN] 2026-08-11T14:19:59+00:00 symbols=20 signals=1 entries=1 exits=0 blocked=1 open=5 cash=6207.25 equity=9628.48
[SIGNAL] 2026-08-11T14:19:59+00:00 HOMETRY BUY fill_at=2026-08-11T14:24:59+00:00 features={"close": 0.421, "bb_lower": 0.42113901856067804, "bb_upper": 0.43000383858217905, "rsi": 41.7579815959805, "mfi": 28.184940388368048, "atr": 0.0030714285714285743}
[ENTRY] 2026-08-11T14:24:59+00:00 HOMETRY layer=1 value=619.80 entry=0.42131575 cash=5586.53
[SIGNAL] 2026-08-11T14:19:59+00:00 PIXELTRY BUY fill_at=2026-08-11T14:24:59+00:00 features={"close": 0.217, "bb_lower": 0.21702943752778353, "bb_upper": 0.21954199104364502, "rsi": 38.18438735792549, "mfi": 46.93920371466822, "atr": 0.0005000000000000004}
[ENTRY] 2026-08-11T14:24:59+00:00 PIXELTRY layer=2 value=557.82 entry=0.21716275 cash=5027.87
[SCAN] 2026-08-11T14:24:59+00:00 symbols=20 signals=2 entries=2 exits=0 blocked=2 open=6 cash=5027.87 equity=9624.70
[SCAN] 2026-08-11T14:29:59+00:00 symbols=20 signals=0 entries=0 exits=0 blocked=1 open=6 cash=5027.87 equity=9635.69
[SCAN] 2026-08-11T14:34:59+00:00 symbols=20 signals=0 entries=0 exits=0 blocked=0 open=6 cash=5027.87 equity=9638.25
[SCAN] 2026-08-11T14:39:59+00:00 symbols=20 signals=0 entries=0 exits=0 blocked=1 open=6 cash=5027.87 equity=9637.27
[SCAN] 2026-08-11T14:44:59+00:00 symbols=20 signals=0 entries=0 exits=0 blocked=1 open=6 cash=5027.87 equity=9633.60
[SIGNAL] 2026-08-11T14:44:59+00:00 RETRY BUY fill_at=2026-08-11T14:49:59+00:00 features={"close": 19.7, "bb_lower": 19.70711261631639, "bb_upper": 20.119554050350285, "rsi": 39.195390592033526, "mfi": 29.727854075515083, "atr": 0.09071428571428543}
[BLOCKED] RETRY reason=max_layers
[SCAN] 2026-08-11T14:49:59+00:00 symbols=20 signals=1 entries=0 exits=0 blocked=3 open=6 cash=5027.87 equity=9632.77
[SCAN] 2026-08-11T14:54:59+00:00 symbols=20 signals=0 entries=0 exits=0 blocked=2 open=6 cash=5027.87 equity=9607.98
[SCAN] 2026-08-11T14:59:59+00:00 symbols=20 signals=0 entries=0 exits=0 blocked=5 open=6 cash=5027.87 equity=9607.96
[SCAN] 2026-08-11T15:04:59+00:00 symbols=20 signals=0 entries=0 exits=0 blocked=7 open=6 cash=5027.87 equity=9606.27
[SIGNAL] 2026-08-11T15:04:59+00:00 TURBOTRY BUY fill_at=2026-08-11T15:09:59+00:00 features={"close": 0.0396, "bb_lower": 0.03973485162832989, "bb_upper": 0.040465148371670104, "rsi": 31.648520061174267, "mfi": 34.394740039563985, "atr": 0.00010714285714285773}
[ENTRY] 2026-08-11T15:09:59+00:00 TURBOTRY layer=1 value=502.03 entry=0.03962970 cash=4525.09
[SCAN] 2026-08-11T15:09:59+00:00 symbols=20 signals=1 entries=1 exits=0 blocked=2 open=7 cash=4525.09 equity=9609.98
[SIGNAL] 2026-08-11T15:09:59+00:00 TURBOTRY BUY fill_at=2026-08-11T15:14:59+00:00 features={"close": 0.0396, "bb_lower": 0.03966440691895792, "bb_upper": 0.040459402604851605, "rsi": 31.648520075412108, "mfi": 33.70545953153224, "atr": 9.285714285714303e-05}
[ENTRY] 2026-08-11T15:14:59+00:00 TURBOTRY layer=2 value=451.83 entry=0.03942955 cash=4072.58
[SCAN] 2026-08-11T15:14:59+00:00 symbols=20 signals=1 entries=1 exits=0 blocked=4 open=7 cash=4072.58 equity=9591.02
[SIGNAL] 2026-08-11T15:14:59+00:00 TURBOTRY BUY fill_at=2026-08-11T15:19:59+00:00 features={"close": 0.0394, "bb_lower": 0.039555360617022604, "bb_upper": 0.04047321081154883, "rsi": 27.06296724469398, "mfi": 32.28585117780504, "atr": 0.00010714285714285773}
[BLOCKED] TURBOTRY reason=max_layers
[SCAN] 2026-08-11T15:19:59+00:00 symbols=20 signals=1 entries=0 exits=0 blocked=6 open=7 cash=4072.58 equity=9610.20
[SIGNAL] 2026-08-11T15:19:59+00:00 TURBOTRY BUY fill_at=2026-08-11T15:24:59+00:00 features={"close": 0.0394, "bb_lower": 0.03945646614668029, "bb_upper": 0.04049591480570065, "rsi": 27.062967260194455, "mfi": 49.55877015371568, "atr": 0.00010714285714285773}
[BLOCKED] TURBOTRY reason=max_layers
[SCAN] 2026-08-11T15:24:59+00:00 symbols=20 signals=1 entries=0 exits=0 blocked=4 open=7 cash=4072.58 equity=9624.03
[SCAN] 2026-08-11T15:29:59+00:00 symbols=20 signals=0 entries=0 exits=0 blocked=0 open=7 cash=4072.58 equity=9612.00
[SCAN] 2026-08-11T15:34:59+00:00 symbols=20 signals=0 entries=0 exits=0 blocked=0 open=7 cash=4072.58 equity=9587.65
[SCAN] 2026-08-11T15:39:59+00:00 symbols=20 signals=0 entries=0 exits=0 blocked=1 open=7 cash=4072.58 equity=9534.59
[SIGNAL] 2026-08-11T15:39:59+00:00 PIXELTRY BUY fill_at=2026-08-11T15:44:59+00:00 features={"close": 0.213, "bb_lower": 0.21475873192044168, "bb_upper": 0.22047936331765358, "rsi": 27.104380639548495, "mfi": 41.30908513005756, "atr": 0.0010714285714285723}
[BLOCKED] PIXELTRY reason=max_layers
[SCAN] 2026-08-11T15:44:59+00:00 symbols=20 signals=1 entries=0 exits=0 blocked=9 open=7 cash=4072.58 equity=9538.33
[SIGNAL] 2026-08-11T15:44:59+00:00 PIXELTRY BUY fill_at=2026-08-11T15:49:59+00:00 features={"close": 0.211, "bb_lower": 0.21327891733943571, "bb_upper": 0.2212925112319929, "rsi": 22.452297334167028, "mfi": 23.592696637057614, "atr": 0.0013571428571428584}
[BLOCKED] PIXELTRY reason=max_layers
[SCAN] 2026-08-11T15:49:59+00:00 symbols=20 signals=1 entries=0 exits=0 blocked=6 open=7 cash=4072.58 equity=9527.44
[SIGNAL] 2026-08-11T15:49:59+00:00 PIXELTRY BUY fill_at=2026-08-11T15:54:59+00:00 features={"close": 0.21, "bb_lower": 0.2118562444644958, "bb_upper": 0.22195327934502806, "rsi": 20.54247537476256, "mfi": 21.299733699913077, "atr": 0.0014285714285714299}
[BLOCKED] PIXELTRY reason=max_layers
[SCAN] 2026-08-11T15:54:59+00:00 symbols=20 signals=1 entries=0 exits=0 blocked=5 open=7 cash=4072.58 equity=9535.77
[SIGNAL] 2026-08-11T15:54:59+00:00 PIXELTRY BUY fill_at=2026-08-11T15:59:59+00:00 features={"close": 0.21, "bb_lower": 0.21071350512660209, "bb_upper": 0.22233411392101704, "rsi": 20.5424753394191, "mfi": 18.588507950484512, "atr": 0.0013571428571428584}
[BLOCKED] PIXELTRY reason=max_layers
[SCAN] 2026-08-11T15:59:59+00:00 symbols=20 signals=1 entries=0 exits=0 blocked=3 open=7 cash=4072.58 equity=9552.36
[SCAN] 2026-08-11T16:04:59+00:00 symbols=20 signals=0 entries=0 exits=0 blocked=1 open=7 cash=4072.58 equity=9538.61
[SIGNAL] 2026-08-11T16:04:59+00:00 PIXELTRY BUY fill_at=2026-08-11T16:09:59+00:00 features={"close": 0.208, "bb_lower": 0.2084614217536241, "bb_upper": 0.2230623877701855, "rsi": 16.88937231493739, "mfi": 15.825282908724375, "atr": 0.0013571428571428584}
[BLOCKED] PIXELTRY reason=max_layers
[SCAN] 2026-08-11T16:09:59+00:00 symbols=20 signals=1 entries=0 exits=0 blocked=1 open=7 cash=4072.58 equity=9551.03
[SCAN] 2026-08-11T16:14:59+00:00 symbols=20 signals=0 entries=0 exits=0 blocked=1 open=7 cash=4072.58 equity=9552.66
[SCAN] 2026-08-11T16:19:59+00:00 symbols=20 signals=0 entries=0 exits=0 blocked=1 open=7 cash=4072.58 equity=9565.57
[SCAN] 2026-08-11T16:24:59+00:00 symbols=20 signals=0 entries=0 exits=0 blocked=0 open=7 cash=4072.58 equity=9559.79
[SCAN] 2026-08-11T16:29:59+00:00 symbols=20 signals=0 entries=0 exits=0 blocked=0 open=7 cash=4072.58 equity=9553.31
[SCAN] 2026-08-11T16:34:59+00:00 symbols=20 signals=0 entries=0 exits=0 blocked=0 open=7 cash=4072.58 equity=9553.61
[SCAN] 2026-08-11T16:39:59+00:00 symbols=20 signals=0 entries=0 exits=0 blocked=0 open=7 cash=4072.58 equity=9535.86
[SCAN] 2026-08-11T16:44:59+00:00 symbols=20 signals=0 entries=0 exits=0 blocked=1 open=7 cash=4072.58 equity=9540.43
[SCAN] 2026-08-11T16:49:59+00:00 symbols=20 signals=0 entries=0 exits=0 blocked=0 open=7 cash=4072.58 equity=9558.45
[SCAN] 2026-08-11T16:54:59+00:00 symbols=20 signals=0 entries=0 exits=0 blocked=1 open=7 cash=4072.58 equity=9553.71
[SCAN] 2026-08-11T16:59:59+00:00 symbols=20 signals=0 entries=0 exits=0 blocked=0 open=7 cash=4072.58 equity=9540.31
[SIGNAL] 2026-08-11T16:59:59+00:00 RETRY BUY fill_at=2026-08-11T17:04:59+00:00 features={"close": 19.86, "bb_lower": 19.877632669073904, "bb_upper": 20.29379590235466, "rsi": 40.24583354037127, "mfi": 27.743481686058118, "atr": 0.10499999999999966}
[BLOCKED] RETRY reason=max_layers
[SCAN] 2026-08-11T17:04:59+00:00 symbols=20 signals=1 entries=0 exits=0 blocked=1 open=7 cash=4072.58 equity=9536.03
[SIGNAL] 2026-08-11T17:04:59+00:00 HEITRY BUY fill_at=2026-08-11T17:09:59+00:00 features={"close": 7.119, "bb_lower": 7.166930827119, "bb_upper": 7.3823072681190975, "rsi": 32.43977041885802, "mfi": 36.02784440784837, "atr": 0.051214285714285754}
[ENTRY] 2026-08-11T17:09:59+00:00 HEITRY layer=1 value=406.65 entry=7.12433925 cash=3665.32
[SIGNAL] 2026-08-11T17:04:59+00:00 RETRY BUY fill_at=2026-08-11T17:09:59+00:00 features={"close": 19.77, "bb_lower": 19.82228896778259, "bb_upper": 20.312949127455504, "rsi": 36.59541500479926, "mfi": 31.67721137676537, "atr": 0.10928571428571386}
[BLOCKED] RETRY reason=max_layers
[SCAN] 2026-08-11T17:09:59+00:00 symbols=20 signals=2 entries=1 exits=0 blocked=1 open=8 cash=3665.32 equity=9530.87
[SIGNAL] 2026-08-11T17:09:59+00:00 RETRY BUY fill_at=2026-08-11T17:14:59+00:00 features={"close": 19.74, "bb_lower": 19.78261124313794, "bb_upper": 20.298341137814443, "rsi": 35.43478865064067, "mfi": 31.47726345123742, "atr": 0.10357142857142827}
[BLOCKED] RETRY reason=max_layers
[SCAN] 2026-08-11T17:14:59+00:00 symbols=20 signals=1 entries=0 exits=0 blocked=1 open=8 cash=3665.32 equity=9537.24
[SCAN] 2026-08-11T17:19:59+00:00 symbols=20 signals=0 entries=0 exits=0 blocked=0 open=8 cash=3665.32 equity=9530.46
[SIGNAL] 2026-08-11T17:19:59+00:00 HEITRY BUY fill_at=2026-08-11T17:24:59+00:00 features={"close": 7.108, "bb_lower": 7.1184754086733255, "bb_upper": 7.373715067517151, "rsi": 34.322609621226505, "mfi": 29.876156365501203, "atr": 0.0502142857142858}
[ENTRY] 2026-08-11T17:24:59+00:00 HEITRY layer=2 value=365.98 entry=7.11333100 cash=3298.79
[SCAN] 2026-08-11T17:24:59+00:00 symbols=20 signals=1 entries=1 exits=0 blocked=1 open=8 cash=3298.79 equity=9526.19
[SIGNAL] 2026-08-11T17:24:59+00:00 HEITRY BUY fill_at=2026-08-11T17:29:59+00:00 features={"close": 7.093, "bb_lower": 7.096008277584774, "bb_upper": 7.375420293843796, "rsi": 33.08257850207886, "mfi": 25.03838243076686, "atr": 0.04935714285714291}
[BLOCKED] HEITRY reason=max_layers
[SCAN] 2026-08-11T17:29:59+00:00 symbols=20 signals=1 entries=0 exits=0 blocked=2 open=8 cash=3298.79 equity=9511.78
[SCAN] 2026-08-11T17:34:59+00:00 symbols=20 signals=0 entries=0 exits=0 blocked=2 open=8 cash=3298.79 equity=9505.08
[SCAN] 2026-08-11T17:39:59+00:00 symbols=20 signals=0 entries=0 exits=0 blocked=4 open=8 cash=3298.79 equity=9526.61
[SCAN] 2026-08-11T17:44:59+00:00 symbols=20 signals=0 entries=0 exits=0 blocked=3 open=8 cash=3298.79 equity=9530.20
[SCAN] 2026-08-11T17:49:59+00:00 symbols=20 signals=0 entries=0 exits=0 blocked=1 open=8 cash=3298.79 equity=9518.25
[SCAN] 2026-08-11T17:54:59+00:00 symbols=20 signals=0 entries=0 exits=0 blocked=1 open=8 cash=3298.79 equity=9517.04
[SCAN] 2026-08-11T17:59:59+00:00 symbols=20 signals=0 entries=0 exits=0 blocked=0 open=8 cash=3298.79 equity=9518.59
[SCAN] 2026-08-11T18:04:59+00:00 symbols=20 signals=0 entries=0 exits=0 blocked=0 open=8 cash=3298.79 equity=9524.63
[SCAN] 2026-08-11T18:09:59+00:00 symbols=20 signals=0 entries=0 exits=0 blocked=1 open=8 cash=3298.79 equity=9515.62
[SCAN] 2026-08-11T18:14:59+00:00 symbols=20 signals=0 entries=0 exits=0 blocked=0 open=8 cash=3298.79 equity=9509.88
[SCAN] 2026-08-11T18:19:59+00:00 symbols=20 signals=0 entries=0 exits=0 blocked=1 open=8 cash=3298.79 equity=9505.23
[SCAN] 2026-08-11T18:24:59+00:00 symbols=20 signals=0 entries=0 exits=0 blocked=1 open=8 cash=3298.79 equity=9509.59
[SCAN] 2026-08-11T18:29:59+00:00 symbols=20 signals=0 entries=0 exits=0 blocked=1 open=8 cash=3298.79 equity=9512.49
[SCAN] 2026-08-11T18:34:59+00:00 symbols=20 signals=0 entries=0 exits=0 blocked=1 open=8 cash=3298.79 equity=9513.78
[SCAN] 2026-08-11T18:39:59+00:00 symbols=20 signals=0 entries=0 exits=0 blocked=1 open=8 cash=3298.79 equity=9499.47
[SIGNAL] 2026-08-11T18:39:59+00:00 THETRY BUY fill_at=2026-08-11T18:44:59+00:00 features={"close": 2.855, "bb_lower": 2.857369993394601, "bb_upper": 2.907868101843493, "rsi": 37.47076912709912, "mfi": 41.07335869962948, "atr": 0.013428571428571472}
[ENTRY] 2026-08-11T18:44:59+00:00 THETRY layer=1 value=329.38 entry=2.86014350 cash=2968.91
[SCAN] 2026-08-11T18:44:59+00:00 symbols=20 signals=1 entries=1 exits=0 blocked=1 open=9 cash=2968.91 equity=9491.82
[SCAN] 2026-08-11T18:49:59+00:00 symbols=20 signals=0 entries=0 exits=0 blocked=1 open=9 cash=2968.91 equity=9497.22
[SCAN] 2026-08-11T18:54:59+00:00 symbols=20 signals=0 entries=0 exits=0 blocked=0 open=9 cash=2968.91 equity=9482.00
[SCAN] 2026-08-11T18:59:59+00:00 symbols=20 signals=0 entries=0 exits=0 blocked=3 open=9 cash=2968.91 equity=9489.03
[SCAN] 2026-08-11T19:04:59+00:00 symbols=20 signals=0 entries=0 exits=0 blocked=1 open=9 cash=2968.91 equity=9492.52
[SCAN] 2026-08-11T19:09:59+00:00 symbols=20 signals=0 entries=0 exits=0 blocked=3 open=9 cash=2968.91 equity=9504.07
[SCAN] 2026-08-11T19:14:59+00:00 symbols=20 signals=0 entries=0 exits=0 blocked=0 open=9 cash=2968.91 equity=9521.21
[EXIT] 2026-08-11T19:19:59+00:00 HOMETRY reason=fixed_take_profit pnl=+12.00 cash=3601.64
[SCAN] 2026-08-11T19:19:59+00:00 symbols=20 signals=0 entries=0 exits=1 blocked=2 open=8 cash=3601.64 equity=9565.16
[SCAN] 2026-08-11T19:24:59+00:00 symbols=20 signals=0 entries=0 exits=0 blocked=0 open=8 cash=3601.64 equity=9577.11
[SCAN] 2026-08-11T19:29:59+00:00 symbols=20 signals=0 entries=0 exits=0 blocked=1 open=8 cash=3601.64 equity=9578.09
[SCAN] 2026-08-11T19:34:59+00:00 symbols=20 signals=0 entries=0 exits=0 blocked=2 open=8 cash=3601.64 equity=9574.30
[SCAN] 2026-08-11T19:39:59+00:00 symbols=20 signals=0 entries=0 exits=0 blocked=0 open=8 cash=3601.64 equity=9574.73
[SCAN] 2026-08-11T19:44:59+00:00 symbols=20 signals=0 entries=0 exits=0 blocked=1 open=8 cash=3601.64 equity=9574.60
[SCAN] 2026-08-11T19:49:59+00:00 symbols=20 signals=0 entries=0 exits=0 blocked=0 open=8 cash=3601.64 equity=9581.83
[SCAN] 2026-08-11T19:54:59+00:00 symbols=20 signals=0 entries=0 exits=0 blocked=0 open=8 cash=3601.64 equity=9584.67
[SCAN] 2026-08-11T19:59:59+00:00 symbols=20 signals=0 entries=0 exits=0 blocked=0 open=8 cash=3601.64 equity=9589.71
[SCAN] 2026-08-11T20:04:59+00:00 symbols=20 signals=0 entries=0 exits=0 blocked=0 open=8 cash=3601.64 equity=9584.29
[EXIT] 2026-08-11T20:09:59+00:00 WLDTRY reason=fixed_take_profit pnl=+11.64 cash=4214.94
[SCAN] 2026-08-11T20:09:59+00:00 symbols=20 signals=0 entries=0 exits=1 blocked=0 open=7 cash=4214.94 equity=9609.55
[SCAN] 2026-08-11T20:14:59+00:00 symbols=20 signals=0 entries=0 exits=0 blocked=0 open=7 cash=4214.94 equity=9598.25
[SCAN] 2026-08-11T20:19:59+00:00 symbols=20 signals=0 entries=0 exits=0 blocked=0 open=7 cash=4214.94 equity=9592.89
[SCAN] 2026-08-11T20:24:59+00:00 symbols=20 signals=0 entries=0 exits=0 blocked=0 open=7 cash=4214.94 equity=9590.10
[SCAN] 2026-08-11T20:29:59+00:00 symbols=20 signals=0 entries=0 exits=0 blocked=0 open=7 cash=4214.94 equity=9588.52
[SCAN] 2026-08-11T20:34:59+00:00 symbols=20 signals=0 entries=0 exits=0 blocked=0 open=7 cash=4214.94 equity=9579.36
[SCAN] 2026-08-11T20:39:59+00:00 symbols=20 signals=0 entries=0 exits=0 blocked=0 open=7 cash=4214.94 equity=9571.30
[SCAN] 2026-08-11T20:44:59+00:00 symbols=20 signals=0 entries=0 exits=0 blocked=1 open=7 cash=4214.94 equity=9569.92
[SCAN] 2026-08-11T20:49:59+00:00 symbols=20 signals=0 entries=0 exits=0 blocked=1 open=7 cash=4214.94 equity=9559.00
[SCAN] 2026-08-11T20:54:59+00:00 symbols=20 signals=0 entries=0 exits=0 blocked=1 open=7 cash=4214.94 equity=9560.65
[SCAN] 2026-08-11T20:59:59+00:00 symbols=20 signals=0 entries=0 exits=0 blocked=0 open=7 cash=4214.94 equity=9562.33
[SCAN] 2026-08-11T21:04:59+00:00 symbols=20 signals=0 entries=0 exits=0 blocked=0 open=7 cash=4214.94 equity=9562.36
[SCAN] 2026-08-11T21:09:59+00:00 symbols=20 signals=0 entries=0 exits=0 blocked=1 open=7 cash=4214.94 equity=9572.12
[SCAN] 2026-08-11T21:14:59+00:00 symbols=20 signals=0 entries=0 exits=0 blocked=1 open=7 cash=4214.94 equity=9566.65
[SCAN] 2026-08-11T21:19:59+00:00 symbols=20 signals=0 entries=0 exits=0 blocked=0 open=7 cash=4214.94 equity=9573.67
[SIGNAL] 2026-08-11T21:19:59+00:00 PHATRY BUY fill_at=2026-08-11T21:24:59+00:00 features={"close": 1.06, "bb_lower": 1.0607511340944742, "bb_upper": 1.0868679135245733, "rsi": 33.4303678074419, "mfi": 46.61136959083232, "atr": 0.0028571428571428597}
[ENTRY] 2026-08-11T21:24:59+00:00 PHATRY layer=1 value=420.86 entry=1.06079500 cash=3793.45
[SCAN] 2026-08-11T21:24:59+00:00 symbols=20 signals=1 entries=1 exits=0 blocked=0 open=8 cash=3793.45 equity=9582.20
[SCAN] 2026-08-11T21:29:59+00:00 symbols=20 signals=0 entries=0 exits=0 blocked=0 open=8 cash=3793.45 equity=9578.36
[SCAN] 2026-08-11T21:34:59+00:00 symbols=20 signals=0 entries=0 exits=0 blocked=0 open=8 cash=3793.45 equity=9586.57
[SCAN] 2026-08-11T21:39:59+00:00 symbols=20 signals=0 entries=0 exits=0 blocked=0 open=8 cash=3793.45 equity=9584.98
[SCAN] 2026-08-11T21:44:59+00:00 symbols=20 signals=0 entries=0 exits=0 blocked=0 open=8 cash=3793.45 equity=9588.19
[SCAN] 2026-08-11T21:49:59+00:00 symbols=20 signals=0 entries=0 exits=0 blocked=1 open=8 cash=3793.45 equity=9584.07
[SCAN] 2026-08-11T21:54:59+00:00 symbols=20 signals=0 entries=0 exits=0 blocked=2 open=8 cash=3793.45 equity=9584.93
[SCAN] 2026-08-11T21:59:59+00:00 symbols=20 signals=0 entries=0 exits=0 blocked=2 open=8 cash=3793.45 equity=9587.43
[SIGNAL] 2026-08-11T21:59:59+00:00 MUBARAKTRY BUY fill_at=2026-08-11T22:04:59+00:00 features={"close": 0.849, "bb_lower": 0.8500255614215894, "bb_upper": 0.894355390959363, "rsi": 29.898233519225812, "mfi": 30.218614401683155, "atr": 0.005214285714285719}
[ENTRY] 2026-08-11T22:04:59+00:00 MUBARAKTRY layer=1 value=378.78 entry=0.85063750 cash=3414.10
[SCAN] 2026-08-11T22:04:59+00:00 symbols=20 signals=1 entries=1 exits=0 blocked=1 open=9 cash=3414.10 equity=9589.21
[SCAN] 2026-08-11T22:09:59+00:00 symbols=20 signals=0 entries=0 exits=0 blocked=1 open=9 cash=3414.10 equity=9597.76
[EXIT] 2026-08-11T22:14:59+00:00 RETRY reason=bb_mfi_v3_signal_exit pnl=+3.55 cash=4275.15
[SCAN] 2026-08-11T22:14:59+00:00 symbols=20 signals=0 entries=0 exits=1 blocked=2 open=8 cash=4275.15 equity=9590.39
[SCAN] 2026-08-11T22:19:59+00:00 symbols=20 signals=0 entries=0 exits=0 blocked=2 open=8 cash=4275.15 equity=9591.57
[SCAN] 2026-08-11T22:24:59+00:00 symbols=20 signals=0 entries=0 exits=0 blocked=1 open=8 cash=4275.15 equity=9589.93
[SCAN] 2026-08-11T22:29:59+00:00 symbols=20 signals=0 entries=0 exits=0 blocked=0 open=8 cash=4275.15 equity=9593.79
[SCAN] 2026-08-11T22:34:59+00:00 symbols=20 signals=0 entries=0 exits=0 blocked=0 open=8 cash=4275.15 equity=9592.40
[SCAN] 2026-08-11T22:39:59+00:00 symbols=20 signals=0 entries=0 exits=0 blocked=1 open=8 cash=4275.15 equity=9581.74
[SCAN] 2026-08-11T22:44:59+00:00 symbols=20 signals=0 entries=0 exits=0 blocked=1 open=8 cash=4275.15 equity=9568.51
[SCAN] 2026-08-11T22:49:59+00:00 symbols=20 signals=0 entries=0 exits=0 blocked=0 open=8 cash=4275.15 equity=9567.90
[SCAN] 2026-08-11T22:54:59+00:00 symbols=20 signals=0 entries=0 exits=0 blocked=1 open=8 cash=4275.15 equity=9578.27
[SCAN] 2026-08-11T22:59:59+00:00 symbols=20 signals=0 entries=0 exits=0 blocked=0 open=8 cash=4275.15 equity=9579.28
[SCAN] 2026-08-11T23:04:59+00:00 symbols=20 signals=0 entries=0 exits=0 blocked=0 open=8 cash=4275.15 equity=9563.82
[SCAN] 2026-08-11T23:09:59+00:00 symbols=20 signals=0 entries=0 exits=0 blocked=2 open=8 cash=4275.15 equity=9558.68
[SCAN] 2026-08-11T23:14:59+00:00 symbols=20 signals=0 entries=0 exits=0 blocked=1 open=8 cash=4275.15 equity=9540.92
[SCAN] 2026-08-11T23:19:59+00:00 symbols=20 signals=0 entries=0 exits=0 blocked=2 open=8 cash=4275.15 equity=9538.79
[SCAN] 2026-08-11T23:24:59+00:00 symbols=20 signals=0 entries=0 exits=0 blocked=1 open=8 cash=4275.15 equity=9532.47
[SIGNAL] 2026-08-11T23:24:59+00:00 MUBARAKTRY BUY fill_at=2026-08-11T23:29:59+00:00 features={"close": 0.844, "bb_lower": 0.846878547381653, "bb_upper": 0.8655024049992993, "rsi": 30.73528682571734, "mfi": 53.62601872022445, "atr": 0.0053571428571428615}
[ENTRY] 2026-08-11T23:29:59+00:00 MUBARAKTRY layer=2 value=426.87 entry=0.84563375 cash=3847.63
[SCAN] 2026-08-11T23:29:59+00:00 symbols=20 signals=1 entries=1 exits=0 blocked=3 open=8 cash=3847.63 equity=9536.96
[SCAN] 2026-08-11T23:34:59+00:00 symbols=20 signals=0 entries=0 exits=0 blocked=1 open=8 cash=3847.63 equity=9524.42
[SCAN] 2026-08-11T23:39:59+00:00 symbols=20 signals=0 entries=0 exits=0 blocked=1 open=8 cash=3847.63 equity=9517.82
[SCAN] 2026-08-11T23:44:59+00:00 symbols=20 signals=0 entries=0 exits=0 blocked=1 open=8 cash=3847.63 equity=9525.88
[SCAN] 2026-08-11T23:49:59+00:00 symbols=20 signals=0 entries=0 exits=0 blocked=0 open=8 cash=3847.63 equity=9517.41
[SCAN] 2026-08-11T23:54:59+00:00 symbols=20 signals=0 entries=0 exits=0 blocked=1 open=8 cash=3847.63 equity=9519.20
[SCAN] 2026-08-11T23:59:59+00:00 symbols=20 signals=0 entries=0 exits=0 blocked=2 open=8 cash=3847.63 equity=9511.12
[SCAN] 2026-08-12T00:04:59+00:00 symbols=20 signals=0 entries=0 exits=0 blocked=2 open=8 cash=3847.63 equity=9503.14
[SCAN] 2026-08-12T00:09:59+00:00 symbols=20 signals=0 entries=0 exits=0 blocked=1 open=8 cash=3847.63 equity=9509.48
[EXIT] 2026-08-12T00:14:59+00:00 PHATRY reason=fixed_take_profit pnl=+8.15 cash=4277.28
[SCAN] 2026-08-12T00:14:59+00:00 symbols=20 signals=0 entries=0 exits=1 blocked=0 open=7 cash=4277.28 equity=9508.93
[EXIT] 2026-08-12T00:19:59+00:00 HEITRY reason=fixed_stop_loss pnl=-71.37 cash=4979.70
[SCAN] 2026-08-12T00:19:59+00:00 symbols=20 signals=0 entries=0 exits=1 blocked=1 open=6 cash=4979.70 equity=9503.31
[SCAN] 2026-08-12T00:24:59+00:00 symbols=20 signals=0 entries=0 exits=0 blocked=0 open=6 cash=4979.70 equity=9507.03
[SCAN] 2026-08-12T00:29:59+00:00 symbols=20 signals=0 entries=0 exits=0 blocked=0 open=6 cash=4979.70 equity=9506.42
[SCAN] 2026-08-12T00:34:59+00:00 symbols=20 signals=0 entries=0 exits=0 blocked=0 open=6 cash=4979.70 equity=9510.97
[SCAN] 2026-08-12T00:39:59+00:00 symbols=20 signals=0 entries=0 exits=0 blocked=0 open=6 cash=4979.70 equity=9509.85
[SCAN] 2026-08-12T00:44:59+00:00 symbols=20 signals=0 entries=0 exits=0 blocked=1 open=6 cash=4979.70 equity=9516.28
[SCAN] 2026-08-12T00:49:59+00:00 symbols=20 signals=0 entries=0 exits=0 blocked=1 open=6 cash=4979.70 equity=9507.67
[SCAN] 2026-08-12T00:54:59+00:00 symbols=20 signals=0 entries=0 exits=0 blocked=1 open=6 cash=4979.70 equity=9508.91
[SCAN] 2026-08-12T00:59:59+00:00 symbols=20 signals=0 entries=0 exits=0 blocked=0 open=6 cash=4979.70 equity=9508.67
[SCAN] 2026-08-12T01:04:59+00:00 symbols=20 signals=0 entries=0 exits=0 blocked=0 open=6 cash=4979.70 equity=9513.45
[SCAN] 2026-08-12T01:09:59+00:00 symbols=20 signals=0 entries=0 exits=0 blocked=0 open=6 cash=4979.70 equity=9515.18
[SCAN] 2026-08-12T01:14:59+00:00 symbols=20 signals=0 entries=0 exits=0 blocked=0 open=6 cash=4979.70 equity=9510.91
[SCAN] 2026-08-12T01:19:59+00:00 symbols=20 signals=0 entries=0 exits=0 blocked=0 open=6 cash=4979.70 equity=9497.08
[SIGNAL] 2026-08-12T01:19:59+00:00 MUBARAKTRY BUY fill_at=2026-08-12T01:24:59+00:00 features={"close": 0.846, "bb_lower": 0.8460219653252676, "bb_upper": 0.8629304156271131, "rsi": 38.97665782342808, "mfi": 27.11169921942364, "atr": 0.004071428571428575}
[BLOCKED] MUBARAKTRY reason=max_layers
[SCAN] 2026-08-12T01:24:59+00:00 symbols=20 signals=1 entries=0 exits=0 blocked=1 open=6 cash=4979.70 equity=9497.13
[SCAN] 2026-08-12T01:29:59+00:00 symbols=20 signals=0 entries=0 exits=0 blocked=1 open=6 cash=4979.70 equity=9489.80
[SCAN] 2026-08-12T01:34:59+00:00 symbols=20 signals=0 entries=0 exits=0 blocked=3 open=6 cash=4979.70 equity=9488.80
[SCAN] 2026-08-12T01:39:59+00:00 symbols=20 signals=0 entries=0 exits=0 blocked=3 open=6 cash=4979.70 equity=9476.07
[SCAN] 2026-08-12T01:44:59+00:00 symbols=20 signals=0 entries=0 exits=0 blocked=3 open=6 cash=4979.70 equity=9472.27
[SIGNAL] 2026-08-12T01:44:59+00:00 MUBARAKTRY BUY fill_at=2026-08-12T01:49:59+00:00 features={"close": 0.827, "bb_lower": 0.8344328119980593, "bb_upper": 0.8691862356209881, "rsi": 27.780296014556328, "mfi": 9.442289482476184, "atr": 0.005642857142857148}
[BLOCKED] MUBARAKTRY reason=max_layers
[SCAN] 2026-08-12T01:49:59+00:00 symbols=20 signals=1 entries=0 exits=0 blocked=3 open=6 cash=4979.70 equity=9470.55
[SIGNAL] 2026-08-12T01:49:59+00:00 MUBARAKTRY BUY fill_at=2026-08-12T01:54:59+00:00 features={"close": 0.827, "bb_lower": 0.8303729802624964, "bb_upper": 0.8710555911660751, "rsi": 27.780295928151432, "mfi": 8.394102539120354, "atr": 0.005500000000000005}
[BLOCKED] MUBARAKTRY reason=max_layers
[SCAN] 2026-08-12T01:54:59+00:00 symbols=20 signals=1 entries=0 exits=0 blocked=3 open=6 cash=4979.70 equity=9460.88
[SIGNAL] 2026-08-12T01:54:59+00:00 MUBARAKTRY BUY fill_at=2026-08-12T01:59:59+00:00 features={"close": 0.819, "bb_lower": 0.8247728926564647, "bb_upper": 0.8728461549625829, "rsi": 23.764152246489857, "mfi": 6.028105898214662, "atr": 0.0057142857142857195}
[BLOCKED] MUBARAKTRY reason=max_layers
[SCAN] 2026-08-12T01:59:59+00:00 symbols=20 signals=1 entries=0 exits=0 blocked=3 open=6 cash=4979.70 equity=9460.80
[SIGNAL] 2026-08-12T01:59:59+00:00 BOMETRY BUY fill_at=2026-08-12T02:04:59+00:00 features={"close": 0.0377, "bb_lower": 0.03775886481532323, "bb_upper": 0.03906399232753391, "rsi": 35.0777162881088, "mfi": 31.46590647233154, "atr": 0.00020000000000000028}
[ENTRY] 2026-08-12T02:04:59+00:00 BOMETRY layer=1 value=497.22 entry=0.03772827 cash=4481.73
[SCAN] 2026-08-12T02:04:59+00:00 symbols=20 signals=1 entries=1 exits=0 blocked=1 open=7 cash=4481.73 equity=9463.75
[SCAN] 2026-08-12T02:09:59+00:00 symbols=20 signals=0 entries=0 exits=0 blocked=0 open=7 cash=4481.73 equity=9466.30
[SCAN] 2026-08-12T02:14:59+00:00 symbols=20 signals=0 entries=0 exits=0 blocked=0 open=7 cash=4481.73 equity=9472.01
[SCAN] 2026-08-12T02:19:59+00:00 symbols=20 signals=0 entries=0 exits=0 blocked=1 open=7 cash=4481.73 equity=9470.56
[SCAN] 2026-08-12T02:24:59+00:00 symbols=20 signals=0 entries=0 exits=0 blocked=1 open=7 cash=4481.73 equity=9470.17
[SCAN] 2026-08-12T02:29:59+00:00 symbols=20 signals=0 entries=0 exits=0 blocked=1 open=7 cash=4481.73 equity=9460.85
[SCAN] 2026-08-12T02:34:59+00:00 symbols=20 signals=0 entries=0 exits=0 blocked=1 open=7 cash=4481.73 equity=9465.48
[SCAN] 2026-08-12T02:39:59+00:00 symbols=20 signals=0 entries=0 exits=0 blocked=0 open=7 cash=4481.73 equity=9466.91
[SCAN] 2026-08-12T02:44:59+00:00 symbols=20 signals=0 entries=0 exits=0 blocked=0 open=7 cash=4481.73 equity=9463.81
[SCAN] 2026-08-12T02:49:59+00:00 symbols=20 signals=0 entries=0 exits=0 blocked=0 open=7 cash=4481.73 equity=9467.45
[EXIT] 2026-08-12T02:54:59+00:00 PIXELTRY reason=bb_mfi_v3_signal_exit pnl=-57.15 cash=5672.93
[SCAN] 2026-08-12T02:54:59+00:00 symbols=20 signals=0 entries=0 exits=1 blocked=0 open=6 cash=5672.93 equity=9463.84
[SCAN] 2026-08-12T02:59:59+00:00 symbols=20 signals=0 entries=0 exits=0 blocked=0 open=6 cash=5672.93 equity=9466.50
[SCAN] 2026-08-12T03:04:59+00:00 symbols=20 signals=0 entries=0 exits=0 blocked=0 open=6 cash=5672.93 equity=9467.40
[SCAN] 2026-08-12T03:09:59+00:00 symbols=20 signals=0 entries=0 exits=0 blocked=1 open=6 cash=5672.93 equity=9467.98
[SCAN] 2026-08-12T03:14:59+00:00 symbols=20 signals=0 entries=0 exits=0 blocked=0 open=6 cash=5672.93 equity=9468.89
[SCAN] 2026-08-12T03:19:59+00:00 symbols=20 signals=0 entries=0 exits=0 blocked=0 open=6 cash=5672.93 equity=9464.55
[SCAN] 2026-08-12T03:24:59+00:00 symbols=20 signals=0 entries=0 exits=0 blocked=0 open=6 cash=5672.93 equity=9465.66
[SCAN] 2026-08-12T03:29:59+00:00 symbols=20 signals=0 entries=0 exits=0 blocked=0 open=6 cash=5672.93 equity=9467.45
[SCAN] 2026-08-12T03:34:59+00:00 symbols=20 signals=0 entries=0 exits=0 blocked=0 open=6 cash=5672.93 equity=9470.14
[SCAN] 2026-08-12T03:39:59+00:00 symbols=20 signals=0 entries=0 exits=0 blocked=1 open=6 cash=5672.93 equity=9481.20
[SCAN] 2026-08-12T03:44:59+00:00 symbols=20 signals=0 entries=0 exits=0 blocked=1 open=6 cash=5672.93 equity=9485.06
[SCAN] 2026-08-12T03:49:59+00:00 symbols=20 signals=0 entries=0 exits=0 blocked=0 open=6 cash=5672.93 equity=9486.01
[SIGNAL] 2026-08-12T03:49:59+00:00 CRVTRY BUY fill_at=2026-08-12T03:54:59+00:00 features={"close": 12.65, "bb_lower": 12.794737906574388, "bb_upper": 13.512881141044657, "rsi": 18.24099658445921, "mfi": 1.4764516886425838, "atr": 0.07785714285714285}
[ENTRY] 2026-08-12T03:54:59+00:00 CRVTRY layer=1 value=566.44 entry=12.62946500 cash=5105.64
[SCAN] 2026-08-12T03:54:59+00:00 symbols=20 signals=1 entries=1 exits=0 blocked=0 open=7 cash=5105.64 equity=9476.90
[SIGNAL] 2026-08-12T03:54:59+00:00 CRVTRY BUY fill_at=2026-08-12T03:59:59+00:00 features={"close": 12.65, "bb_lower": 12.711658603758218, "bb_upper": 13.548341396241783, "rsi": 18.24099659367475, "mfi": 1.3185312651739736, "atr": 0.07571428571428575}
[ENTRY] 2026-08-12T03:59:59+00:00 CRVTRY layer=2 value=509.80 entry=12.60945000 cash=4595.07
[SCAN] 2026-08-12T03:59:59+00:00 symbols=20 signals=1 entries=1 exits=0 blocked=1 open=7 cash=4595.07 equity=9459.75
[SCAN] 2026-08-12T04:04:59+00:00 symbols=20 signals=0 entries=0 exits=0 blocked=2 open=7 cash=4595.07 equity=9455.37
[SCAN] 2026-08-12T04:09:59+00:00 symbols=20 signals=0 entries=0 exits=0 blocked=2 open=7 cash=4595.07 equity=9463.59
[SCAN] 2026-08-12T04:14:59+00:00 symbols=20 signals=0 entries=0 exits=0 blocked=2 open=7 cash=4595.07 equity=9475.70
[SCAN] 2026-08-12T04:19:59+00:00 symbols=20 signals=0 entries=0 exits=0 blocked=2 open=7 cash=4595.07 equity=9464.80
[SCAN] 2026-08-12T04:24:59+00:00 symbols=20 signals=0 entries=0 exits=0 blocked=1 open=7 cash=4595.07 equity=9470.34
[SCAN] 2026-08-12T04:29:59+00:00 symbols=20 signals=0 entries=0 exits=0 blocked=1 open=7 cash=4595.07 equity=9463.49
[SIGNAL] 2026-08-12T04:29:59+00:00 HOMETRY BUY fill_at=2026-08-12T04:34:59+00:00 features={"close": 0.45, "bb_lower": 0.45030406329638517, "bb_upper": 0.46017212717980505, "rsi": 39.99876829050173, "mfi": 33.73923515984586, "atr": 0.004071428571428575}
[ENTRY] 2026-08-12T04:34:59+00:00 HOMETRY layer=1 value=458.82 entry=0.44933675 cash=4135.57
[SCAN] 2026-08-12T04:34:59+00:00 symbols=20 signals=1 entries=1 exits=0 blocked=1 open=8 cash=4135.57 equity=9449.71
[SIGNAL] 2026-08-12T04:34:59+00:00 HOMETRY BUY fill_at=2026-08-12T04:39:59+00:00 features={"close": 0.448, "bb_lower": 0.44930957671983796, "bb_upper": 0.46002375661349526, "rsi": 36.93114866767213, "mfi": 29.057260102002544, "atr": 0.0038571428571428606}
[ENTRY] 2026-08-12T04:39:59+00:00 HOMETRY layer=2 value=412.94 entry=0.44933675 cash=3722.01
[EXIT] 2026-08-12T04:39:59+00:00 HOMETRY reason=fixed_take_profit pnl=+16.89 cash=4611.96
[SCAN] 2026-08-12T04:39:59+00:00 symbols=20 signals=1 entries=1 exits=1 blocked=2 open=7 cash=4611.96 equity=9468.11
[SCAN] 2026-08-12T04:44:59+00:00 symbols=20 signals=0 entries=0 exits=0 blocked=4 open=7 cash=4611.96 equity=9463.51
[SCAN] 2026-08-12T04:49:59+00:00 symbols=20 signals=0 entries=0 exits=0 blocked=4 open=7 cash=4611.96 equity=9467.24
[SCAN] 2026-08-12T04:54:59+00:00 symbols=20 signals=0 entries=0 exits=0 blocked=5 open=7 cash=4611.96 equity=9483.64
[SCAN] 2026-08-12T04:59:59+00:00 symbols=20 signals=0 entries=0 exits=0 blocked=5 open=7 cash=4611.96 equity=9483.69
[SCAN] 2026-08-12T05:04:59+00:00 symbols=20 signals=0 entries=0 exits=0 blocked=2 open=7 cash=4611.96 equity=9482.02
[EXIT] 2026-08-12T05:09:59+00:00 CRVTRY reason=fixed_take_profit pnl=+20.85 cash=5710.66
[SCAN] 2026-08-12T05:09:59+00:00 symbols=20 signals=0 entries=0 exits=1 blocked=1 open=6 cash=5710.66 equity=9489.38
[SCAN] 2026-08-12T05:14:59+00:00 symbols=20 signals=0 entries=0 exits=0 blocked=2 open=6 cash=5710.66 equity=9490.05
[SCAN] 2026-08-12T05:19:59+00:00 symbols=20 signals=0 entries=0 exits=0 blocked=1 open=6 cash=5710.66 equity=9495.10
[SCAN] 2026-08-12T05:24:59+00:00 symbols=20 signals=0 entries=0 exits=0 blocked=0 open=6 cash=5710.66 equity=9512.62
[SCAN] 2026-08-12T05:29:59+00:00 symbols=20 signals=0 entries=0 exits=0 blocked=1 open=6 cash=5710.66 equity=9514.10
[SCAN] 2026-08-12T05:34:59+00:00 symbols=20 signals=0 entries=0 exits=0 blocked=1 open=6 cash=5710.66 equity=9515.62
[SCAN] 2026-08-12T05:39:59+00:00 symbols=20 signals=0 entries=0 exits=0 blocked=0 open=6 cash=5710.66 equity=9517.11
[SIGNAL] 2026-08-12T05:39:59+00:00 HOMETRY BUY fill_at=2026-08-12T05:44:59+00:00 features={"close": 0.447, "bb_lower": 0.4471335711421815, "bb_upper": 0.4627711907625806, "rsi": 37.82258589075623, "mfi": 49.966568318385754, "atr": 0.004285714285714289}
[ENTRY] 2026-08-12T05:44:59+00:00 HOMETRY layer=1 value=570.21 entry=0.44733525 cash=5139.59
[SCAN] 2026-08-12T05:44:59+00:00 symbols=20 signals=1 entries=1 exits=0 blocked=0 open=7 cash=5139.59 equity=9512.05
[SIGNAL] 2026-08-12T05:44:59+00:00 HOMETRY BUY fill_at=2026-08-12T05:49:59+00:00 features={"close": 0.444, "bb_lower": 0.4455303281628147, "bb_upper": 0.46361252898004257, "rsi": 34.69134747338998, "mfi": 50.01319934648903, "atr": 0.004357142857142861}
[ENTRY] 2026-08-12T05:49:59+00:00 HOMETRY layer=2 value=513.19 entry=0.44533375 cash=4625.64
[SCAN] 2026-08-12T05:49:59+00:00 symbols=20 signals=1 entries=1 exits=0 blocked=0 open=7 cash=4625.64 equity=9508.59
[EXIT] 2026-08-12T05:54:59+00:00 MUBARAKTRY reason=bb_mfi_v3_signal_exit pnl=+12.17 cash=5444.66
[SIGNAL] 2026-08-12T05:49:59+00:00 HOMETRY BUY fill_at=2026-08-12T05:54:59+00:00 features={"close": 0.441, "bb_lower": 0.44318042799218343, "bb_upper": 0.4646290958173404, "rsi": 31.836081119851087, "mfi": 47.288948846854176, "atr": 0.0040000000000000036}
[BLOCKED] HOMETRY reason=max_layers
[SCAN] 2026-08-12T05:54:59+00:00 symbols=20 signals=1 entries=0 exits=1 blocked=1 open=6 cash=5444.66 equity=9511.29
[SCAN] 2026-08-12T05:59:59+00:00 symbols=20 signals=0 entries=0 exits=0 blocked=0 open=6 cash=5444.66 equity=9510.80
[SIGNAL] 2026-08-12T05:59:59+00:00 PARTITRY BUY fill_at=2026-08-12T06:04:59+00:00 features={"close": 1.16, "bb_lower": 1.1602417035702521, "bb_upper": 1.175948772620224, "rsi": 37.23874163388266, "mfi": 26.697164569992935, "atr": 0.0021428571428571447}
[ENTRY] 2026-08-12T06:04:59+00:00 PARTITRY layer=1 value=543.65 entry=1.16087000 cash=4900.20
[SCAN] 2026-08-12T06:04:59+00:00 symbols=20 signals=1 entries=1 exits=0 blocked=0 open=7 cash=4900.20 equity=9506.87
[SIGNAL] 2026-08-12T06:04:59+00:00 PARTITRY BUY fill_at=2026-08-12T06:09:59+00:00 features={"close": 1.16, "bb_lower": 1.1602417035702521, "bb_upper": 1.175948772620224, "rsi": 37.23874162624235, "mfi": 26.697164569992935, "atr": 0.0028571428571428597}
[ENTRY] 2026-08-12T06:09:59+00:00 PARTITRY layer=2 value=489.29 entry=1.15086250 cash=4410.18
[SCAN] 2026-08-12T06:09:59+00:00 symbols=20 signals=1 entries=1 exits=0 blocked=0 open=7 cash=4410.18 equity=9515.39
[EXIT] 2026-08-12T06:14:59+00:00 TLMTRY reason=bb_mfi_v3_signal_exit pnl=-23.32 cash=4918.30
[SIGNAL] 2026-08-12T06:09:59+00:00 PARTITRY BUY fill_at=2026-08-12T06:14:59+00:00 features={"close": 1.16, "bb_lower": 1.1602417035702521, "bb_upper": 1.175948772620224, "rsi": 37.23874161796535, "mfi": 12.156669775577768, "atr": 0.003571428571428575}
[BLOCKED] PARTITRY reason=max_layers
[SCAN] 2026-08-12T06:14:59+00:00 symbols=20 signals=1 entries=0 exits=1 blocked=2 open=6 cash=4918.30 equity=9506.33
[SCAN] 2026-08-12T06:19:59+00:00 symbols=20 signals=0 entries=0 exits=0 blocked=2 open=6 cash=4918.30 equity=9505.80
[SIGNAL] 2026-08-12T06:19:59+00:00 RETRY BUY fill_at=2026-08-12T06:24:59+00:00 features={"close": 20.23, "bb_lower": 20.336304028252812, "bb_upper": 21.344648352699572, "rsi": 31.81978583427704, "mfi": 54.65396586091329, "atr": 0.20499999999999957}
[ENTRY] 2026-08-12T06:24:59+00:00 RETRY layer=1 value=491.09 entry=20.26518750 cash=4426.47
[SCAN] 2026-08-12T06:24:59+00:00 symbols=20 signals=1 entries=1 exits=0 blocked=1 open=7 cash=4426.47 equity=9509.18
[SIGNAL] 2026-08-12T06:24:59+00:00 RETRY BUY fill_at=2026-08-12T06:29:59+00:00 features={"close": 20.21, "bb_lower": 20.263623289794403, "bb_upper": 21.383995757824643, "rsi": 31.41719158963933, "mfi": 54.33354913866898, "atr": 0.2014285714285712}
[ENTRY] 2026-08-12T06:29:59+00:00 RETRY layer=2 value=441.98 entry=20.23516500 cash=3983.83
[SCAN] 2026-08-12T06:29:59+00:00 symbols=20 signals=1 entries=1 exits=0 blocked=2 open=7 cash=3983.83 equity=9510.50
[SCAN] 2026-08-12T06:34:59+00:00 symbols=20 signals=0 entries=0 exits=0 blocked=2 open=7 cash=3983.83 equity=9491.14
[SIGNAL] 2026-08-12T06:34:59+00:00 BBTRY BUY fill_at=2026-08-12T06:39:59+00:00 features={"close": 0.6042, "bb_lower": 0.604703067429033, "bb_upper": 0.6156112182852524, "rsi": 32.215043809912885, "mfi": 42.193863172931955, "atr": 0.001735714285714293}
[ENTRY] 2026-08-12T06:39:59+00:00 BBTRY layer=1 value=397.79 entry=0.60325210 cash=3585.44
[SIGNAL] 2026-08-12T06:34:59+00:00 RETRY BUY fill_at=2026-08-12T06:39:59+00:00 features={"close": 20.04, "bb_lower": 20.067060356982992, "bb_upper": 21.4634158334932, "rsi": 27.9103999409227, "mfi": 48.900208513840454, "atr": 0.20357142857142843}
[BLOCKED] RETRY reason=max_layers
[SCAN] 2026-08-12T06:39:59+00:00 symbols=20 signals=2 entries=1 exits=0 blocked=4 open=8 cash=3585.44 equity=9485.71
[SIGNAL] 2026-08-12T06:39:59+00:00 BBTRY BUY fill_at=2026-08-12T06:44:59+00:00 features={"close": 0.6027, "bb_lower": 0.603725825906407, "bb_upper": 0.6161503645697833, "rsi": 29.410002440031192, "mfi": 50.72986029450853, "atr": 0.0018500000000000025}
[ENTRY] 2026-08-12T06:44:59+00:00 BBTRY layer=2 value=358.01 entry=0.60325210 cash=3226.90
[SIGNAL] 2026-08-12T06:39:59+00:00 RETRY BUY fill_at=2026-08-12T06:44:59+00:00 features={"close": 19.88, "bb_lower": 19.93108165134041, "bb_upper": 21.518442158183394, "rsi": 25.04688715904001, "mfi": 47.34824825374677, "atr": 0.20928571428571427}
[BLOCKED] RETRY reason=max_layers
[SCAN] 2026-08-12T06:44:59+00:00 symbols=20 signals=2 entries=1 exits=0 blocked=3 open=8 cash=3226.90 equity=9498.25
[SCAN] 2026-08-12T06:49:59+00:00 symbols=20 signals=0 entries=0 exits=0 blocked=0 open=8 cash=3226.90 equity=9519.24
[SCAN] 2026-08-12T06:54:59+00:00 symbols=20 signals=0 entries=0 exits=0 blocked=0 open=8 cash=3226.90 equity=9519.78
[SCAN] 2026-08-12T06:59:59+00:00 symbols=20 signals=0 entries=0 exits=0 blocked=1 open=8 cash=3226.90 equity=9496.58
[SCAN] 2026-08-12T07:04:59+00:00 symbols=20 signals=0 entries=0 exits=0 blocked=1 open=8 cash=3226.90 equity=9510.46
[SCAN] 2026-08-12T07:09:59+00:00 symbols=20 signals=0 entries=0 exits=0 blocked=1 open=8 cash=3226.90 equity=9509.81
[SCAN] 2026-08-12T07:14:59+00:00 symbols=20 signals=0 entries=0 exits=0 blocked=0 open=8 cash=3226.90 equity=9493.45
[SCAN] 2026-08-12T07:19:59+00:00 symbols=20 signals=0 entries=0 exits=0 blocked=0 open=8 cash=3226.90 equity=9501.91
[SCAN] 2026-08-12T07:24:59+00:00 symbols=20 signals=0 entries=0 exits=0 blocked=1 open=8 cash=3226.90 equity=9498.20
[SCAN] 2026-08-12T07:29:59+00:00 symbols=20 signals=0 entries=0 exits=0 blocked=0 open=8 cash=3226.90 equity=9499.26
[SIGNAL] 2026-08-12T07:29:59+00:00 WLDTRY BUY fill_at=2026-08-12T07:34:59+00:00 features={"close": 16.02, "bb_lower": 16.05766450220208, "bb_upper": 16.182335497797915, "rsi": 31.744465729756328, "mfi": 29.760847142738015, "atr": 0.043571428571428025}
[ENTRY] 2026-08-12T07:34:59+00:00 WLDTRY layer=1 value=322.21 entry=16.06203750 cash=2904.21
[SCAN] 2026-08-12T07:34:59+00:00 symbols=20 signals=1 entries=1 exits=0 blocked=0 open=9 cash=2904.21 equity=9507.67
[SCAN] 2026-08-12T07:39:59+00:00 symbols=20 signals=0 entries=0 exits=0 blocked=0 open=9 cash=2904.21 equity=9493.15
[SIGNAL] 2026-08-12T07:39:59+00:00 WLDTRY BUY fill_at=2026-08-12T07:44:59+00:00 features={"close": 16.03, "bb_lower": 16.03614347852703, "bb_upper": 16.185761283377737, "rsi": 36.1158276764347, "mfi": 25.94707247387035, "atr": 0.03928571428571358}
[ENTRY] 2026-08-12T07:44:59+00:00 WLDTRY layer=2 value=289.99 entry=16.05203000 cash=2613.79
[SCAN] 2026-08-12T07:44:59+00:00 symbols=20 signals=1 entries=1 exits=0 blocked=0 open=9 cash=2613.79 equity=9479.12
[SCAN] 2026-08-12T07:49:59+00:00 symbols=20 signals=0 entries=0 exits=0 blocked=1 open=9 cash=2613.79 equity=9511.92
[SCAN] 2026-08-12T07:54:59+00:00 symbols=20 signals=0 entries=0 exits=0 blocked=0 open=9 cash=2613.79 equity=9512.80
[EXIT] 2026-08-12T07:59:59+00:00 HOMETRY reason=fixed_take_profit pnl=+20.98 cash=3719.80
[SCAN] 2026-08-12T07:59:59+00:00 symbols=20 signals=0 entries=0 exits=1 blocked=1 open=8 cash=3719.80 equity=9514.45
[SCAN] 2026-08-12T08:04:59+00:00 symbols=20 signals=0 entries=0 exits=0 blocked=0 open=8 cash=3719.80 equity=9520.30
[SCAN] 2026-08-12T08:09:59+00:00 symbols=20 signals=0 entries=0 exits=0 blocked=0 open=8 cash=3719.80 equity=9523.47
[SCAN] 2026-08-12T08:14:59+00:00 symbols=20 signals=0 entries=0 exits=0 blocked=0 open=8 cash=3719.80 equity=9520.15
[SCAN] 2026-08-12T08:19:59+00:00 symbols=20 signals=0 entries=0 exits=0 blocked=0 open=8 cash=3719.80 equity=9512.61
[SIGNAL] 2026-08-12T08:19:59+00:00 ACTTRY BUY fill_at=2026-08-12T08:24:59+00:00 features={"close": 0.4885, "bb_lower": 0.48877517335476206, "bb_upper": 0.4930343504547616, "rsi": 41.146963975142, "mfi": 8.089303049922464, "atr": 0.0011071428571428582}
[ENTRY] 2026-08-12T08:24:59+00:00 ACTTRY layer=1 value=371.42 entry=0.48876630 cash=3347.82
[SCAN] 2026-08-12T08:24:59+00:00 symbols=20 signals=1 entries=1 exits=0 blocked=1 open=9 cash=3347.82 equity=9508.41
[SIGNAL] 2026-08-12T08:24:59+00:00 ACTTRY BUY fill_at=2026-08-12T08:29:59+00:00 features={"close": 0.4869, "bb_lower": 0.48798575168312835, "bb_upper": 0.4934428197454431, "rsi": 36.39444813786715, "mfi": 4.950977428921632, "atr": 0.0012214285714285717}
[ENTRY] 2026-08-12T08:29:59+00:00 ACTTRY layer=2 value=334.28 entry=0.48786563 cash=3013.04
[SCAN] 2026-08-12T08:29:59+00:00 symbols=20 signals=1 entries=1 exits=0 blocked=3 open=9 cash=3013.04 equity=9509.58
[SCAN] 2026-08-12T08:34:59+00:00 symbols=20 signals=0 entries=0 exits=0 blocked=3 open=9 cash=3013.04 equity=9523.82
[SCAN] 2026-08-12T08:39:59+00:00 symbols=20 signals=0 entries=0 exits=0 blocked=1 open=9 cash=3013.04 equity=9519.62
[SCAN] 2026-08-12T08:44:59+00:00 symbols=20 signals=0 entries=0 exits=0 blocked=1 open=9 cash=3013.04 equity=9509.24
[SCAN] 2026-08-12T08:49:59+00:00 symbols=20 signals=0 entries=0 exits=0 blocked=1 open=9 cash=3013.04 equity=9510.26
[SCAN] 2026-08-12T08:54:59+00:00 symbols=20 signals=0 entries=0 exits=0 blocked=1 open=9 cash=3013.04 equity=9511.35
[SCAN] 2026-08-12T08:59:59+00:00 symbols=20 signals=0 entries=0 exits=0 blocked=2 open=9 cash=3013.04 equity=9517.14
[SCAN] 2026-08-12T09:04:59+00:00 symbols=20 signals=0 entries=0 exits=0 blocked=3 open=9 cash=3013.04 equity=9522.51
[SCAN] 2026-08-12T09:09:59+00:00 symbols=20 signals=0 entries=0 exits=0 blocked=1 open=9 cash=3013.04 equity=9514.12
[SCAN] 2026-08-12T09:14:59+00:00 symbols=20 signals=0 entries=0 exits=0 blocked=0 open=9 cash=3013.04 equity=9491.91
[SCAN] 2026-08-12T09:19:59+00:00 symbols=20 signals=0 entries=0 exits=0 blocked=1 open=9 cash=3013.04 equity=9511.40
[SIGNAL] 2026-08-12T09:19:59+00:00 BOMETRY BUY fill_at=2026-08-12T09:24:59+00:00 features={"close": 0.03682, "bb_lower": 0.03682108643306451, "bb_upper": 0.037539865947887864, "rsi": 36.80711859520491, "mfi": 51.042796727701685, "atr": 0.00018357142857142829}
[ENTRY] 2026-08-12T09:24:59+00:00 BOMETRY layer=2 value=300.85 entry=0.03672753 cash=2711.73
[SCAN] 2026-08-12T09:24:59+00:00 symbols=20 signals=1 entries=1 exits=0 blocked=1 open=9 cash=2711.73 equity=9496.93
[SIGNAL] 2026-08-12T09:24:59+00:00 BOMETRY BUY fill_at=2026-08-12T09:29:59+00:00 features={"close": 0.03676, "bb_lower": 0.03677525649916427, "bb_upper": 0.03756379111988334, "rsi": 35.451137030245434, "mfi": 45.16991214043114, "atr": 0.00017642857142857092}
[BLOCKED] BOMETRY reason=max_layers
[SCAN] 2026-08-12T09:29:59+00:00 symbols=20 signals=1 entries=0 exits=0 blocked=1 open=9 cash=2711.73 equity=9512.05
[SCAN] 2026-08-12T09:34:59+00:00 symbols=20 signals=0 entries=0 exits=0 blocked=1 open=9 cash=2711.73 equity=9517.39
[SCAN] 2026-08-12T09:39:59+00:00 symbols=20 signals=0 entries=0 exits=0 blocked=0 open=9 cash=2711.73 equity=9505.28
[SCAN] 2026-08-12T09:44:59+00:00 symbols=20 signals=0 entries=0 exits=0 blocked=0 open=9 cash=2711.73 equity=9499.75
[SCAN] 2026-08-12T09:49:59+00:00 symbols=20 signals=0 entries=0 exits=0 blocked=1 open=9 cash=2711.73 equity=9501.87
[SCAN] 2026-08-12T09:54:59+00:00 symbols=20 signals=0 entries=0 exits=0 blocked=2 open=9 cash=2711.73 equity=9488.41
[EXIT] 2026-08-12T09:59:59+00:00 ACTTRY reason=bb_mfi_v3_signal_exit pnl=+9.41 cash=3427.90
[SCAN] 2026-08-12T09:59:59+00:00 symbols=20 signals=0 entries=0 exits=1 blocked=3 open=8 cash=3427.90 equity=9479.04
[SIGNAL] 2026-08-12T09:59:59+00:00 TLMTRY BUY fill_at=2026-08-12T10:04:59+00:00 features={"close": 0.0709, "bb_lower": 0.0710658408307401, "bb_upper": 0.0743341591692599, "rsi": 27.315013261030685, "mfi": 2.4117757945810467, "atr": 0.0004428571428571427}
[ENTRY] 2026-08-12T10:04:59+00:00 TLMTRY layer=1 value=342.28 entry=0.07105325 cash=3085.11
[SIGNAL] 2026-08-12T09:59:59+00:00 RETRY BUY fill_at=2026-08-12T10:04:59+00:00 features={"close": 20.08, "bb_lower": 20.132642320477395, "bb_upper": 20.4273576795226, "rsi": 40.51719580168633, "mfi": 46.58361081792492, "atr": 0.10071428571428649}
[BLOCKED] RETRY reason=max_layers
[SCAN] 2026-08-12T10:04:59+00:00 symbols=20 signals=2 entries=1 exits=0 blocked=1 open=9 cash=3085.11 equity=9494.90
[SIGNAL] 2026-08-12T10:04:59+00:00 TLMTRY BUY fill_at=2026-08-12T10:09:59+00:00 features={"close": 0.0706, "bb_lower": 0.07073073329727705, "bb_upper": 0.07443117146462772, "rsi": 25.160129150432354, "mfi": 1.7495894386643585, "atr": 0.0004642857142857137}
[ENTRY] 2026-08-12T10:09:59+00:00 TLMTRY layer=2 value=308.05 entry=0.07055288 cash=2776.60
[SIGNAL] 2026-08-12T10:04:59+00:00 RETRY BUY fill_at=2026-08-12T10:09:59+00:00 features={"close": 20.08, "bb_lower": 20.107002500933664, "bb_upper": 20.441568927637764, "rsi": 40.51719578826014, "mfi": 44.79017595240255, "atr": 0.09571428571428646}
[BLOCKED] RETRY reason=max_layers
[SCAN] 2026-08-12T10:09:59+00:00 symbols=20 signals=2 entries=1 exits=0 blocked=1 open=9 cash=2776.60 equity=9498.84
[SCAN] 2026-08-12T10:14:59+00:00 symbols=20 signals=0 entries=0 exits=0 blocked=0 open=9 cash=2776.60 equity=9506.96
[SCAN] 2026-08-12T10:19:59+00:00 symbols=20 signals=0 entries=0 exits=0 blocked=0 open=9 cash=2776.60 equity=9504.11
[SIGNAL] 2026-08-12T10:19:59+00:00 WLDTRY BUY fill_at=2026-08-12T10:24:59+00:00 features={"close": 15.93, "bb_lower": 15.950034926327547, "bb_upper": 16.164250787958167, "rsi": 34.65755459122805, "mfi": 11.588478813092209, "atr": 0.042142857142857384}
[BLOCKED] WLDTRY reason=max_layers
[EXIT] 2026-08-12T10:24:59+00:00 TLMTRY reason=fixed_take_profit pnl=+12.60 cash=3440.50
[SCAN] 2026-08-12T10:24:59+00:00 symbols=20 signals=1 entries=0 exits=1 blocked=3 open=8 cash=3440.50 equity=9516.26
[SIGNAL] 2026-08-12T10:24:59+00:00 WLDTRY BUY fill_at=2026-08-12T10:29:59+00:00 features={"close": 15.93, "bb_lower": 15.931416957602424, "bb_upper": 16.165725899540433, "rsi": 34.657554697421176, "mfi": 11.711019757259152, "atr": 0.03928571428571459}
[BLOCKED] WLDTRY reason=max_layers
[SCAN] 2026-08-12T10:29:59+00:00 symbols=20 signals=1 entries=0 exits=0 blocked=2 open=8 cash=3440.50 equity=9510.25
[SCAN] 2026-08-12T10:34:59+00:00 symbols=20 signals=0 entries=0 exits=0 blocked=0 open=8 cash=3440.50 equity=9506.37
[SCAN] 2026-08-12T10:39:59+00:00 symbols=20 signals=0 entries=0 exits=0 blocked=0 open=8 cash=3440.50 equity=9506.11
[SCAN] 2026-08-12T10:44:59+00:00 symbols=20 signals=0 entries=0 exits=0 blocked=1 open=8 cash=3440.50 equity=9507.66
[SCAN] 2026-08-12T10:49:59+00:00 symbols=20 signals=0 entries=0 exits=0 blocked=0 open=8 cash=3440.50 equity=9500.52
[SCAN] 2026-08-12T10:54:59+00:00 symbols=20 signals=0 entries=0 exits=0 blocked=0 open=8 cash=3440.50 equity=9494.97
[SCAN] 2026-08-12T10:59:59+00:00 symbols=20 signals=0 entries=0 exits=0 blocked=0 open=8 cash=3440.50 equity=9490.59
[SCAN] 2026-08-12T11:04:59+00:00 symbols=20 signals=0 entries=0 exits=0 blocked=0 open=8 cash=3440.50 equity=9488.50
[SCAN] 2026-08-12T11:09:59+00:00 symbols=20 signals=0 entries=0 exits=0 blocked=0 open=8 cash=3440.50 equity=9488.63
[SIGNAL] 2026-08-12T11:09:59+00:00 ACTTRY BUY fill_at=2026-08-12T11:14:59+00:00 features={"close": 0.4874, "bb_lower": 0.4893821843924369, "bb_upper": 0.49897019655994396, "rsi": 30.993476428786465, "mfi": 35.568455767920625, "atr": 0.001778571428571423}
[ENTRY] 2026-08-12T11:14:59+00:00 ACTTRY layer=1 value=343.53 entry=0.48756540 cash=3096.45
[SCAN] 2026-08-12T11:14:59+00:00 symbols=20 signals=1 entries=1 exits=0 blocked=0 open=9 cash=3096.45 equity=9486.50
[SIGNAL] 2026-08-12T11:14:59+00:00 ACTTRY BUY fill_at=2026-08-12T11:19:59+00:00 features={"close": 0.486, "bb_lower": 0.48791880435698903, "bb_upper": 0.49975738611920145, "rsi": 28.33544835781953, "mfi": 27.15084351318356, "atr": 0.0017285714285714246}
[ENTRY] 2026-08-12T11:19:59+00:00 ACTTRY layer=2 value=309.18 entry=0.48716510 cash=2786.81
[SCAN] 2026-08-12T11:19:59+00:00 symbols=20 signals=1 entries=1 exits=0 blocked=0 open=9 cash=2786.81 equity=9493.41
[SIGNAL] 2026-08-12T11:19:59+00:00 CRVTRY BUY fill_at=2026-08-12T11:24:59+00:00 features={"close": 13.11, "bb_lower": 13.13865356090787, "bb_upper": 13.35944167718737, "rsi": 36.44033518509477, "mfi": 35.69981107938686, "atr": 0.051428571428571726}
[ENTRY] 2026-08-12T11:24:59+00:00 CRVTRY layer=1 value=278.26 entry=13.16987000 cash=2508.13
[SCAN] 2026-08-12T11:24:59+00:00 symbols=20 signals=1 entries=1 exits=0 blocked=0 open=10 cash=2508.13 equity=9492.51
[SCAN] 2026-08-12T11:29:59+00:00 symbols=20 signals=0 entries=0 exits=0 blocked=0 open=10 cash=2508.13 equity=9487.36
[SCAN] 2026-08-12T11:34:59+00:00 symbols=20 signals=0 entries=0 exits=0 blocked=1 open=10 cash=2508.13 equity=9477.64
[SCAN] 2026-08-12T11:39:59+00:00 symbols=20 signals=0 entries=0 exits=0 blocked=2 open=10 cash=2508.13 equity=9472.17
[SCAN] 2026-08-12T11:44:59+00:00 symbols=20 signals=0 entries=0 exits=0 blocked=2 open=10 cash=2508.13 equity=9482.71
[SCAN] 2026-08-12T11:49:59+00:00 symbols=20 signals=0 entries=0 exits=0 blocked=0 open=10 cash=2508.13 equity=9477.23
[SIGNAL] 2026-08-12T11:49:59+00:00 RETRY BUY fill_at=2026-08-12T11:54:59+00:00 features={"close": 19.85, "bb_lower": 19.86724098126047, "bb_upper": 20.294663780644296, "rsi": 32.787100396637584, "mfi": 25.32707481675922, "atr": 0.072142857142857}
[BLOCKED] RETRY reason=max_layers
[SCAN] 2026-08-12T11:54:59+00:00 symbols=20 signals=1 entries=0 exits=0 blocked=1 open=10 cash=2508.13 equity=9476.23
[SCAN] 2026-08-12T11:59:59+00:00 symbols=20 signals=0 entries=0 exits=0 blocked=1 open=10 cash=2508.13 equity=9468.80
[SIGNAL] 2026-08-12T11:59:59+00:00 MUBARAKTRY BUY fill_at=2026-08-12T12:04:59+00:00 features={"close": 0.841, "bb_lower": 0.8429606290533393, "bb_upper": 0.867420323327613, "rsi": 35.15847697837039, "mfi": 30.571293999842112, "atr": 0.005785714285714291}
[ENTRY] 2026-08-12T12:04:59+00:00 MUBARAKTRY layer=1 value=250.44 entry=0.84163075 cash=2257.31
[SCAN] 2026-08-12T12:04:59+00:00 symbols=20 signals=1 entries=1 exits=0 blocked=1 open=11 cash=2257.31 equity=9477.64
[SCAN] 2026-08-12T12:09:59+00:00 symbols=20 signals=0 entries=0 exits=0 blocked=2 open=11 cash=2257.31 equity=9493.28
[SCAN] 2026-08-12T12:14:59+00:00 symbols=20 signals=0 entries=0 exits=0 blocked=0 open=11 cash=2257.31 equity=9502.37
[SCAN] 2026-08-12T12:19:59+00:00 symbols=20 signals=0 entries=0 exits=0 blocked=1 open=11 cash=2257.31 equity=9489.33
[SCAN] 2026-08-12T12:24:59+00:00 symbols=20 signals=0 entries=0 exits=0 blocked=0 open=11 cash=2257.31 equity=9505.14
[EXIT] 2026-08-12T12:29:59+00:00 MUBARAKTRY reason=fixed_take_profit pnl=+4.85 cash=2512.98
[SCAN] 2026-08-12T12:29:59+00:00 symbols=20 signals=0 entries=0 exits=1 blocked=0 open=10 cash=2512.98 equity=9505.74
[SCAN] 2026-08-12T12:34:59+00:00 symbols=20 signals=0 entries=0 exits=0 blocked=0 open=10 cash=2512.98 equity=9519.44
[SCAN] 2026-08-12T12:39:59+00:00 symbols=20 signals=0 entries=0 exits=0 blocked=0 open=10 cash=2512.98 equity=9503.22
[SCAN] 2026-08-12T12:44:59+00:00 symbols=20 signals=0 entries=0 exits=0 blocked=0 open=10 cash=2512.98 equity=9499.24
[SCAN] 2026-08-12T12:49:59+00:00 symbols=20 signals=0 entries=0 exits=0 blocked=1 open=10 cash=2512.98 equity=9488.35
[SCAN] 2026-08-12T12:54:59+00:00 symbols=20 signals=0 entries=0 exits=0 blocked=3 open=10 cash=2512.98 equity=9502.56
[SCAN] 2026-08-12T12:59:59+00:00 symbols=20 signals=0 entries=0 exits=0 blocked=2 open=10 cash=2512.98 equity=9502.77
[SCAN] 2026-08-12T13:04:59+00:00 symbols=20 signals=0 entries=0 exits=0 blocked=3 open=10 cash=2512.98 equity=9504.69
[SCAN] 2026-08-12T13:09:59+00:00 symbols=20 signals=0 entries=0 exits=0 blocked=0 open=10 cash=2512.98 equity=9499.32
[SCAN] 2026-08-12T13:14:59+00:00 symbols=20 signals=0 entries=0 exits=0 blocked=0 open=10 cash=2512.98 equity=9506.04
[SCAN] 2026-08-12T13:19:59+00:00 symbols=20 signals=0 entries=0 exits=0 blocked=0 open=10 cash=2512.98 equity=9492.73
[SCAN] 2026-08-12T13:24:59+00:00 symbols=20 signals=0 entries=0 exits=0 blocked=1 open=10 cash=2512.98 equity=9500.79
[SCAN] 2026-08-12T13:29:59+00:00 symbols=20 signals=0 entries=0 exits=0 blocked=1 open=10 cash=2512.98 equity=9500.16
[EXIT] 2026-08-12T13:34:59+00:00 ACTTRY reason=bb_mfi_v3_signal_exit pnl=+8.68 cash=3175.35
[SCAN] 2026-08-12T13:34:59+00:00 symbols=20 signals=0 entries=0 exits=1 blocked=1 open=9 cash=3175.35 equity=9497.07
[SCAN] 2026-08-12T13:39:59+00:00 symbols=20 signals=0 entries=0 exits=0 blocked=1 open=9 cash=3175.35 equity=9503.40
[SIGNAL] 2026-08-12T13:39:59+00:00 PIXELTRY BUY fill_at=2026-08-12T13:44:59+00:00 features={"close": 0.208, "bb_lower": 0.20815543216532253, "bb_upper": 0.21174932973943936, "rsi": 35.34427639922248, "mfi": 11.485216862088478, "atr": 0.0007857142857142864}
[ENTRY] 2026-08-12T13:44:59+00:00 PIXELTRY layer=1 value=317.06 entry=0.20815600 cash=2857.81
[SCAN] 2026-08-12T13:44:59+00:00 symbols=20 signals=1 entries=1 exits=0 blocked=1 open=10 cash=2857.81 equity=9495.52
[SCAN] 2026-08-12T13:49:59+00:00 symbols=20 signals=0 entries=0 exits=0 blocked=0 open=10 cash=2857.81 equity=9498.13
[SCAN] 2026-08-12T13:54:59+00:00 symbols=20 signals=0 entries=0 exits=0 blocked=0 open=10 cash=2857.81 equity=9500.82
[SCAN] 2026-08-12T13:59:59+00:00 symbols=20 signals=0 entries=0 exits=0 blocked=1 open=10 cash=2857.81 equity=9501.43
[SCAN] 2026-08-12T14:04:59+00:00 symbols=20 signals=0 entries=0 exits=0 blocked=1 open=10 cash=2857.81 equity=9477.10
[SCAN] 2026-08-12T14:09:59+00:00 symbols=20 signals=0 entries=0 exits=0 blocked=2 open=10 cash=2857.81 equity=9469.71
[SCAN] 2026-08-12T14:14:59+00:00 symbols=20 signals=0 entries=0 exits=0 blocked=5 open=10 cash=2857.81 equity=9481.82
[SIGNAL] 2026-08-12T14:14:59+00:00 TLMTRY BUY fill_at=2026-08-12T14:19:59+00:00 features={"close": 0.0729, "bb_lower": 0.07292039503239237, "bb_upper": 0.07401293830094094, "rsi": 34.98940271492944, "mfi": 38.90187575310974, "atr": 0.00012857142857142828}
[ENTRY] 2026-08-12T14:19:59+00:00 TLMTRY layer=1 value=285.35 entry=0.07295468 cash=2572.03
[SCAN] 2026-08-12T14:19:59+00:00 symbols=20 signals=1 entries=1 exits=0 blocked=1 open=11 cash=2572.03 equity=9475.11
[SCAN] 2026-08-12T14:24:59+00:00 symbols=20 signals=0 entries=0 exits=0 blocked=2 open=11 cash=2572.03 equity=9478.84
[SCAN] 2026-08-12T14:29:59+00:00 symbols=20 signals=0 entries=0 exits=0 blocked=1 open=11 cash=2572.03 equity=9470.91
[SCAN] 2026-08-12T14:34:59+00:00 symbols=20 signals=0 entries=0 exits=0 blocked=2 open=11 cash=2572.03 equity=9479.86
[SCAN] 2026-08-12T14:39:59+00:00 symbols=20 signals=0 entries=0 exits=0 blocked=1 open=11 cash=2572.03 equity=9468.08
[SIGNAL] 2026-08-12T14:39:59+00:00 CRVTRY BUY fill_at=2026-08-12T14:44:59+00:00 features={"close": 12.84, "bb_lower": 12.98325562643526, "bb_upper": 13.260553897374264, "rsi": 22.304303927704467, "mfi": 49.42727704462757, "atr": 0.05785714285714327}
[ENTRY] 2026-08-12T14:44:59+00:00 CRVTRY layer=2 value=256.82 entry=12.84963000 cash=2314.83
[SCAN] 2026-08-12T14:44:59+00:00 symbols=20 signals=1 entries=1 exits=0 blocked=1 open=11 cash=2314.83 equity=9447.74
[SIGNAL] 2026-08-12T14:44:59+00:00 CRVTRY BUY fill_at=2026-08-12T14:49:59+00:00 features={"close": 12.81, "bb_lower": 12.916002101199016, "bb_upper": 13.300188374991457, "rsi": 21.042823437367176, "mfi": 31.553047384985447, "atr": 0.05928571428571467}
[BLOCKED] CRVTRY reason=max_layers
[SCAN] 2026-08-12T14:49:59+00:00 symbols=20 signals=1 entries=0 exits=0 blocked=6 open=11 cash=2314.83 equity=9459.38
[SCAN] 2026-08-12T14:54:59+00:00 symbols=20 signals=0 entries=0 exits=0 blocked=1 open=11 cash=2314.83 equity=9454.62
[SIGNAL] 2026-08-12T14:54:59+00:00 CRVTRY BUY fill_at=2026-08-12T14:59:59+00:00 features={"close": 12.83, "bb_lower": 12.852537132889474, "bb_upper": 13.316986676634333, "rsi": 31.993479388524634, "mfi": 48.44591645613018, "atr": 0.07428571428571436}
[BLOCKED] CRVTRY reason=max_layers
[SCAN] 2026-08-12T14:59:59+00:00 symbols=20 signals=1 entries=0 exits=0 blocked=2 open=11 cash=2314.83 equity=9446.54
[SCAN] 2026-08-12T15:04:59+00:00 symbols=20 signals=0 entries=0 exits=0 blocked=2 open=11 cash=2314.83 equity=9464.96
[SCAN] 2026-08-12T15:09:59+00:00 symbols=20 signals=0 entries=0 exits=0 blocked=0 open=11 cash=2314.83 equity=9445.60
[SCAN] 2026-08-12T15:14:59+00:00 symbols=20 signals=0 entries=0 exits=0 blocked=2 open=11 cash=2314.83 equity=9456.85
[SCAN] 2026-08-12T15:19:59+00:00 symbols=20 signals=0 entries=0 exits=0 blocked=1 open=11 cash=2314.83 equity=9455.52
[SCAN] 2026-08-12T15:24:59+00:00 symbols=20 signals=0 entries=0 exits=0 blocked=1 open=11 cash=2314.83 equity=9443.64
[SCAN] 2026-08-12T15:29:59+00:00 symbols=20 signals=0 entries=0 exits=0 blocked=2 open=11 cash=2314.83 equity=9430.18
[SCAN] 2026-08-12T15:34:59+00:00 symbols=20 signals=0 entries=0 exits=0 blocked=1 open=11 cash=2314.83 equity=9420.81
[SCAN] 2026-08-12T15:39:59+00:00 symbols=20 signals=0 entries=0 exits=0 blocked=3 open=11 cash=2314.83 equity=9432.89
[SCAN] 2026-08-12T15:44:59+00:00 symbols=20 signals=0 entries=0 exits=0 blocked=3 open=11 cash=2314.83 equity=9430.52
[SCAN] 2026-08-12T15:49:59+00:00 symbols=20 signals=0 entries=0 exits=0 blocked=0 open=11 cash=2314.83 equity=9440.73
[SCAN] 2026-08-12T15:54:59+00:00 symbols=20 signals=0 entries=0 exits=0 blocked=0 open=11 cash=2314.83 equity=9444.38
[SCAN] 2026-08-12T15:59:59+00:00 symbols=20 signals=0 entries=0 exits=0 blocked=0 open=11 cash=2314.83 equity=9437.10
[SCAN] 2026-08-12T16:04:59+00:00 symbols=20 signals=0 entries=0 exits=0 blocked=0 open=11 cash=2314.83 equity=9453.75
[SCAN] 2026-08-12T16:09:59+00:00 symbols=20 signals=0 entries=0 exits=0 blocked=0 open=11 cash=2314.83 equity=9453.33
[SCAN] 2026-08-12T16:14:59+00:00 symbols=20 signals=0 entries=0 exits=0 blocked=0 open=11 cash=2314.83 equity=9461.60
[SCAN] 2026-08-12T16:19:59+00:00 symbols=20 signals=0 entries=0 exits=0 blocked=0 open=11 cash=2314.83 equity=9467.95
[SCAN] 2026-08-12T16:24:59+00:00 symbols=20 signals=0 entries=0 exits=0 blocked=0 open=11 cash=2314.83 equity=9462.15
[SCAN] 2026-08-12T16:29:59+00:00 symbols=20 signals=0 entries=0 exits=0 blocked=0 open=11 cash=2314.83 equity=9460.35
[SCAN] 2026-08-12T16:34:59+00:00 symbols=20 signals=0 entries=0 exits=0 blocked=0 open=11 cash=2314.83 equity=9463.74
[SCAN] 2026-08-12T16:39:59+00:00 symbols=20 signals=0 entries=0 exits=0 blocked=0 open=11 cash=2314.83 equity=9453.17
[SCAN] 2026-08-12T16:44:59+00:00 symbols=20 signals=0 entries=0 exits=0 blocked=0 open=11 cash=2314.83 equity=9448.01
[SCAN] 2026-08-12T16:49:59+00:00 symbols=20 signals=0 entries=0 exits=0 blocked=1 open=11 cash=2314.83 equity=9430.79
[SCAN] 2026-08-12T16:54:59+00:00 symbols=20 signals=0 entries=0 exits=0 blocked=2 open=11 cash=2314.83 equity=9434.15
[SCAN] 2026-08-12T16:59:59+00:00 symbols=20 signals=0 entries=0 exits=0 blocked=2 open=11 cash=2314.83 equity=9436.72
[SIGNAL] 2026-08-12T16:59:59+00:00 NILTRY BUY fill_at=2026-08-12T17:04:59+00:00 features={"close": 2.046, "bb_lower": 2.0574342087053252, "bb_upper": 2.1382800770089605, "rsi": 39.1371905256579, "mfi": 46.293151094364035, "atr": 0.031142857142857267}
[ENTRY] 2026-08-12T17:04:59+00:00 NILTRY layer=1 value=231.14 entry=2.04953600 cash=2083.35
[SCAN] 2026-08-12T17:04:59+00:00 symbols=20 signals=1 entries=1 exits=0 blocked=1 open=12 cash=2083.35 equity=9428.76
[SIGNAL] 2026-08-12T17:04:59+00:00 MUBARAKTRY BUY fill_at=2026-08-12T17:09:59+00:00 features={"close": 0.873, "bb_lower": 0.8779506431466636, "bb_upper": 0.9040493568533362, "rsi": 38.70307759142107, "mfi": 52.32993411849635, "atr": 0.009285714285714295}
[ENTRY] 2026-08-12T17:09:59+00:00 MUBARAKTRY layer=1 value=208.02 entry=0.87265400 cash=1875.01
[SIGNAL] 2026-08-12T17:04:59+00:00 ACTTRY BUY fill_at=2026-08-12T17:09:59+00:00 features={"close": 0.4844, "bb_lower": 0.4844684122610438, "bb_upper": 0.49823634964371816, "rsi": 30.18968075583456, "mfi": 1.885949687368921, "atr": 0.0014499999999999988}
[ENTRY] 2026-08-12T17:09:59+00:00 ACTTRY layer=1 value=187.22 entry=0.48426293 cash=1687.51
[SCAN] 2026-08-12T17:09:59+00:00 symbols=20 signals=2 entries=2 exits=0 blocked=1 open=14 cash=1687.51 equity=9423.68
[SIGNAL] 2026-08-12T17:09:59+00:00 MUBARAKTRY BUY fill_at=2026-08-12T17:14:59+00:00 features={"close": 0.874, "bb_lower": 0.8754389964954183, "bb_upper": 0.9052276701712483, "rsi": 39.49981095271814, "mfi": 38.25353249061771, "atr": 0.009285714285714295}
[ENTRY] 2026-08-12T17:14:59+00:00 MUBARAKTRY layer=2 value=168.50 entry=0.87465550 cash=1518.76
[SIGNAL] 2026-08-12T17:09:59+00:00 CRVTRY BUY fill_at=2026-08-12T17:14:59+00:00 features={"close": 12.84, "bb_lower": 12.84110557137131, "bb_upper": 13.273180142914404, "rsi": 33.83034874712821, "mfi": 45.642468074967994, "atr": 0.06499999999999963}
[BLOCKED] CRVTRY reason=max_layers
[SIGNAL] 2026-08-12T17:09:59+00:00 ACTTRY BUY fill_at=2026-08-12T17:14:59+00:00 features={"close": 0.4804, "bb_lower": 0.48250569664085446, "bb_upper": 0.4989038271686694, "rsi": 24.28018900748684, "mfi": 1.2099822354583694, "atr": 0.0017071428571428595}
[ENTRY] 2026-08-12T17:14:59+00:00 ACTTRY layer=2 value=151.65 entry=0.48076030 cash=1366.88
[SIGNAL] 2026-08-12T17:09:59+00:00 NILTRY BUY fill_at=2026-08-12T17:14:59+00:00 features={"close": 2.044, "bb_lower": 2.047343482763169, "bb_upper": 2.140275564855879, "rsi": 40.89951410218211, "mfi": 47.53609261511532, "atr": 0.031142857142857267}
[ENTRY] 2026-08-12T17:14:59+00:00 NILTRY layer=2 value=136.48 entry=2.04553300 cash=1230.19
[SCAN] 2026-08-12T17:14:59+00:00 symbols=20 signals=4 entries=3 exits=0 blocked=2 open=14 cash=1230.19 equity=9421.81
[SIGNAL] 2026-08-12T17:14:59+00:00 NILTRY BUY fill_at=2026-08-12T17:19:59+00:00 features={"close": 2.014, "bb_lower": 2.0326988677149984, "bb_upper": 2.14787256085643, "rsi": 35.94985546368281, "mfi": 39.22235943208158, "atr": 0.031285714285714424}
[BLOCKED] NILTRY reason=max_layers
[SCAN] 2026-08-12T17:19:59+00:00 symbols=20 signals=1 entries=0 exits=0 blocked=1 open=14 cash=1230.19 equity=9407.13
[SIGNAL] 2026-08-12T17:19:59+00:00 MUBARAKTRY BUY fill_at=2026-08-12T17:24:59+00:00 features={"close": 0.86, "bb_lower": 0.867897708440275, "bb_upper": 0.909054672512106, "rsi": 32.91331325927408, "mfi": 43.969854107223135, "atr": 0.010285714285714296}
[BLOCKED] MUBARAKTRY reason=max_layers
[SIGNAL] 2026-08-12T17:19:59+00:00 NILTRY BUY fill_at=2026-08-12T17:24:59+00:00 features={"close": 1.938, "bb_lower": 1.9969850565947236, "bb_upper": 2.1704435148338477, "rsi": 26.98669389171728, "mfi": 37.17354879974722, "atr": 0.035571428571428684}
[BLOCKED] NILTRY reason=max_layers
[SCAN] 2026-08-12T17:24:59+00:00 symbols=20 signals=2 entries=0 exits=0 blocked=2 open=14 cash=1230.19 equity=9391.71
[SIGNAL] 2026-08-12T17:24:59+00:00 MUBARAKTRY BUY fill_at=2026-08-12T17:29:59+00:00 features={"close": 0.859, "bb_lower": 0.8631437982491335, "bb_upper": 0.9113323922270569, "rsi": 32.48143626633845, "mfi": 40.12803960079421, "atr": 0.009785714285714295}
[BLOCKED] MUBARAKTRY reason=max_layers
[SIGNAL] 2026-08-12T17:24:59+00:00 NILTRY BUY fill_at=2026-08-12T17:29:59+00:00 features={"close": 1.969, "bb_lower": 1.9786964700384218, "bb_upper": 2.177779720437769, "rsi": 34.23248361504052, "mfi": 41.15967398185137, "atr": 0.03764285714285726}
[BLOCKED] NILTRY reason=max_layers
[SCAN] 2026-08-12T17:29:59+00:00 symbols=20 signals=2 entries=0 exits=0 blocked=4 open=14 cash=1230.19 equity=9395.95
[SCAN] 2026-08-12T17:34:59+00:00 symbols=20 signals=0 entries=0 exits=0 blocked=2 open=14 cash=1230.19 equity=9405.80
[SCAN] 2026-08-12T17:39:59+00:00 symbols=20 signals=0 entries=0 exits=0 blocked=1 open=14 cash=1230.19 equity=9412.29
[SCAN] 2026-08-12T17:44:59+00:00 symbols=20 signals=0 entries=0 exits=0 blocked=1 open=14 cash=1230.19 equity=9409.84
[EXIT] 2026-08-12T17:49:59+00:00 TLMTRY reason=bb_mfi_v3_signal_exit pnl=+3.79 cash=1519.77
[SCAN] 2026-08-12T17:49:59+00:00 symbols=20 signals=0 entries=0 exits=1 blocked=0 open=13 cash=1519.77 equity=9420.09
[SCAN] 2026-08-12T17:54:59+00:00 symbols=20 signals=0 entries=0 exits=0 blocked=0 open=13 cash=1519.77 equity=9405.41
[SCAN] 2026-08-12T17:59:59+00:00 symbols=20 signals=0 entries=0 exits=0 blocked=1 open=13 cash=1519.77 equity=9406.65
[SCAN] 2026-08-12T18:04:59+00:00 symbols=20 signals=0 entries=0 exits=0 blocked=0 open=13 cash=1519.77 equity=9415.58
[SCAN] 2026-08-12T18:09:59+00:00 symbols=20 signals=0 entries=0 exits=0 blocked=0 open=13 cash=1519.77 equity=9412.14
[SCAN] 2026-08-12T18:14:59+00:00 symbols=20 signals=0 entries=0 exits=0 blocked=0 open=13 cash=1519.77 equity=9407.35
[SCAN] 2026-08-12T18:19:59+00:00 symbols=20 signals=0 entries=0 exits=0 blocked=0 open=13 cash=1519.77 equity=9388.39
[SIGNAL] 2026-08-12T18:19:59+00:00 RETRY BUY fill_at=2026-08-12T18:24:59+00:00 features={"close": 20.14, "bb_lower": 20.15470505885814, "bb_upper": 20.41005684590376, "rsi": 40.30473036668389, "mfi": 6.536082544209592, "atr": 0.07000000000000053}
[BLOCKED] RETRY reason=max_layers
[SCAN] 2026-08-12T18:24:59+00:00 symbols=20 signals=1 entries=0 exits=0 blocked=1 open=13 cash=1519.77 equity=9401.43
[SCAN] 2026-08-12T18:29:59+00:00 symbols=20 signals=0 entries=0 exits=0 blocked=0 open=13 cash=1519.77 equity=9409.39
[SCAN] 2026-08-12T18:34:59+00:00 symbols=20 signals=0 entries=0 exits=0 blocked=0 open=13 cash=1519.77 equity=9402.16
[SCAN] 2026-08-12T18:39:59+00:00 symbols=20 signals=0 entries=0 exits=0 blocked=0 open=13 cash=1519.77 equity=9417.91
[OPEN-MARKED] AEVOTRY value=714.54 unrealized=-52.31
[OPEN-MARKED] TURBOTRY value=928.21 unrealized=-28.48
[OPEN-MARKED] THETRY value=326.13 unrealized=-4.24
[OPEN-MARKED] BOMETRY value=774.53 unrealized=-25.91
[OPEN-MARKED] PARTITRY value=982.07 unrealized=-53.89
[OPEN-MARKED] RETRY value=931.41 unrealized=-4.46
[OPEN-MARKED] BBTRY value=702.71 unrealized=-55.28
[OPEN-MARKED] WLDTRY value=609.55 unrealized=-4.47
[OPEN-MARKED] CRVTRY value=525.88 unrealized=-10.79
[OPEN-MARKED] PIXELTRY value=316.58 unrealized=-1.43
[OPEN-MARKED] NILTRY value=363.03 unrealized=-5.69
[OPEN-MARKED] MUBARAKTRY value=379.88 unrealized=+2.22
[OPEN-MARKED] ACTTRY value=337.71 unrealized=-2.17
[COMPLETE] result=/mnt/d/scalperagent_v4/backend/portfolio-bb-mfi-v3-quality20-regime-matrix-m30-slope010-48h.json
RESULT_JSON={"initial_balance_try": 10000.0, "final_balance_try": 9400.149531, "net_pnl_try": -599.850469, "net_pnl_pct": -5.998505, "closed_trades": 39, "wins": 26, "losses": 13, "win_rate_pct": 66.6667, "profit_factor": 0.474694, "fees_total_including_open_liquidation_try": 118.217002, "max_drawdown_pct": 6.154683, "active_symbols": ["ACHTRY", "ACTTRY", "AEVOTRY", "ALICETRY", "BBTRY", "BOMETRY", "CRVTRY", "HEITRY", "HOMETRY", "MUBARAKTRY", "NIGHTTRY", "NILTRY", "PARTITRY", "PHATRY", "PIXELTRY", "RETRY", "THETRY", "TLMTRY", "TURBOTRY", "WLDTRY"], "open_positions_excluded": [], "open_positions_marked": [{"symbol": "AEVOTRY", "entry_time": 1786434599, "layers": 2, "mark_price": 0.927, "liquidation_fill": 0.92630475, "marked_value_try": 713.465242, "unrealized_pnl_try": -52.311838}, {"symbol": "TURBOTRY", "entry_time": 1786460999, "layers": 2, "mark_price": 0.0385, "liquidation_fill": 0.03847113, "marked_value_try": 926.813043, "unrealized_pnl_try": -28.482864}, {"symbol": "THETRY", "entry_time": 1786473899, "layers": 1, "mark_price": 2.834, "liquidation_fill": 2.8318745, "marked_value_try": 325.639927, "unrealized_pnl_try": -4.238833}, {"symbol": "BOMETRY", "entry_time": 1786500299, "layers": 2, "mark_price": 0.03627, "liquidation_fill": 0.0362428, "marked_value_try": 773.366969, "unrealized_pnl_try": -25.906776}, {"symbol": "PARTITRY", "entry_time": 1786514699, "layers": 2, "mark_price": 1.1, "liquidation_fill": 1.099175, "marked_value_try": 980.595845, "unrealized_pnl_try": -53.889868}, {"symbol": "RETRY", "entry_time": 1786515899, "layers": 2, "mark_price": 20.23, "liquidation_fill": 20.2148275, "marked_value_try": 930.016559, "unrealized_pnl_try": -4.46135}, {"symbol": "BBTRY", "entry_time": 1786516799, "layers": 2, "mark_price": 0.5613, "liquidation_fill": 0.56087903, "marked_value_try": 701.651617, "unrealized_pnl_try": -55.275489}, {"symbol": "WLDTRY", "entry_time": 1786520099, "layers": 2, "mark_price": 16.0, "liquidation_fill": 15.988, "marked_value_try": 608.636413, "unrealized_pnl_try": -4.474544}, {"symbol": "CRVTRY", "entry_time": 1786533899, "layers": 2, "mark_price": 12.8, "liquidation_fill": 12.7904, "marked_value_try": 525.090707, "unrealized_pnl_try": -10.79297}, {"symbol": "PIXELTRY", "entry_time": 1786542299, "layers": 1, "mark_price": 0.208, "liquidation_fill": 0.207844, "marked_value_try": 316.109018, "unrealized_pnl_try": -1.425697}, {"symbol": "NILTRY", "entry_time": 1786554299, "layers": 2, "mark_price": 2.024, "liquidation_fill": 2.022482, "marked_value_try": 362.486078, "unrealized_pnl_try": -5.685012}, {"symbol": "MUBARAKTRY", "entry_time": 1786554599, "layers": 2, "mark_price": 0.882, "liquidation_fill": 0.8813385, "marked_value_try": 379.308545, "unrealized_pnl_try": 2.223053}, {"symbol": "ACTTRY", "entry_time": 1786554599, "layers": 2, "mark_price": 0.4814, "liquidation_fill": 0.48103895, "marked_value_try": 337.203554, "unrealized_pnl_try": -2.173389}], "reconciliation": {"expected": 9400.149529, "actual": 9400.149531, "difference": 2.12e-06}}
